sample_id,split,source,is_pf_from_start_converged,valid_label,nr_iter,x_low,x_high,pq_low,pq_high,x_signed,pq_signed,max_abs_dtheta_start,max_abs_dv_start,max_abs_dp_injection,max_abs_dq_injection,max_abs_dp_start,max_abs_dq_start
0,train,nr_verified_start,1,1,-1,0.000000000000000,0.000000000000000,0.000000000000000,0.000000000000000,0.000000000000000,0.000000000000000,0.000001564451200,0.013172245651929,0.198868517232122,0.194052535612761,0.400113526436114,3.860887278657742
1,train,nr_verified_start,1,1,-1,0.000000000000000,0.000000000000000,0.000000000000000,0.000000000000000,0.000000000000000,0.000000000000000,0.005633226318302,0.020771849403199,0.198868517232122,0.194052535612761,1.938331528515292,2.868011070219854
2,train,nr_verified_start,1,1,-1,0.000000000000000,0.000000000000000,0.000000000000000,0.000000000000000,0.000000000000000,0.000000000000000,0.000134910532168,0.000522668293362,0.197790651567374,0.197280814208837,0.038119267173283,0.088182357648606
3,train,nr_verified_start,1,1,-1,0.000000000000000,0.000000000000000,0.000000000000000,0.000000000000000,0.000000000000000,0.000000000000000,0.000131825716774,0.000032354078994,0.197790651567374,0.197280814208837,0.030492734253166,0.007625337355819
4,train,nr_verified_start,1,1,-1,0.000000000000000,0.000000000000000,0.000000000000000,0.000000000000000,0.000000000000000,0.000000000000000,0.000002189473661,0.000007495914293,0.195634331367614,0.198131844183493,0.000388380859203,0.001232805298741
5,train,nr_verified_start,1,1,-1,0.000000000000000,0.000000000000000,0.000000000000000,0.000000000000000,0.000000000000000,0.000000000000000,0.002622165792451,0.000012618593565,0.195634331367614,0.198131844183493,0.846522421768597,0.107222482732244
6,train,nr_verified_start,1,1,-1,0.000000000000000,0.000000000000000,0.000000000000000,0.000000000000000,0.000000000000000,0.000000000000000,0.000070596756130,0.009150508854798,0.195707648401993,0.195832029979849,0.239866752328390,2.581887485847687
7,train,nr_verified_start,1,1,-1,0.000000000000000,0.000000000000000,0.000000000000000,0.000000000000000,0.000000000000000,0.000000000000000,0.039236299639300,0.039911041248978,0.195707648401993,0.195832029979849,8.898037997821028,7.363823305090250
8,train,nr_verified_start,1,1,-1,0.000000000000000,0.000000000000000,0.000000000000000,0.000000000000000,0.000000000000000,0.000000000000000,0.000066835668396,0.000001847444121,0.198562235362304,0.199421518977158,0.030357822119100,0.003079937529321
9,train,nr_verified_start,1,1,-1,0.000000000000000,0.000000000000000,0.000000000000000,0.000000000000000,0.000000000000000,0.000000000000000,0.000312885926666,0.002776663743896,0.198562235362304,0.199421518977158,0.110260106168703,0.463757303708206
10,train,nr_verified_start,1,1,-1,0.000000000000000,0.000000000000000,0.000000000000000,0.000000000000000,0.000000000000000,0.000000000000000,0.009297302006305,0.000006112645221,0.198961737203322,0.197647203206020,1.925492297187232,0.553733318345140
11,train,nr_verified_start,1,1,-1,0.000000000000000,0.000000000000000,0.000000000000000,0.000000000000000,0.000000000000000,0.000000000000000,0.001311126332107,0.000012406994942,0.198961737203322,0.197647203206020,0.243626902018631,0.066684186660611
12,train,nr_verified_start,1,1,-1,0.000000000000000,0.000000000000000,0.000000000000000,0.000000000000000,0.000000000000000,0.000000000000000,0.000348998063376,0.008096048266207,0.199970599197704,0.196259399661149,0.195442869642826,0.733607075618596
13,train,nr_verified_start,1,1,-1,0.000000000000000,0.000000000000000,0.000000000000000,0.000000000000000,0.000000000000000,0.000000000000000,0.002516863488371,0.075117804945515,0.199970599197704,0.196259399661149,2.804232368339882,14.932913945141252
14,train,nr_verified_start,1,1,-1,0.000000000000000,0.000000000000000,0.000000000000000,0.000000000000000,0.000000000000000,0.000000000000000,0.000001953790800,0.093080430247897,0.199025846694974,0.195773756151586,2.519685235315976,22.906928560325184
15,train,nr_verified_start,1,1,-1,0.000000000000000,0.000000000000000,0.000000000000000,0.000000000000000,0.000000000000000,0.000000000000000,0.000116708261082,0.000001701674384,0.199025846694974,0.195773756151586,0.062925003553346,0.004438024272986
16,train,nr_verified_start,1,1,-1,0.000000000000000,0.000000000000000,0.000000000000000,0.000000000000000,0.000000000000000,0.000000000000000,0.003635043058705,0.000383910385885,0.196747502352651,0.191823397552894,0.790856776172407,0.157588986361986
17,train,nr_verified_start,1,1,-1,0.000000000000000,0.000000000000000,0.000000000000000,0.000000000000000,0.000000000000000,0.000000000000000,0.001789756653417,0.000210682275219,0.196747502352651,0.191823397552894,0.509262679009286,0.074860569423309
18,train,nr_verified_start,1,1,-1,0.000000000000000,0.000000000000000,0.000000000000000,0.000000000000000,0.000000000000000,0.000000000000000,0.014288973050438,0.000339214187043,0.198832564403862,0.199270769636469,2.579735160347544,0.545168521800723
19,train,nr_verified_start,1,1,-1,0.000000000000000,0.000000000000000,0.000000000000000,0.000000000000000,0.000000000000000,0.000000000000000,0.000002070061461,0.002070828347075,0.198832564403862,0.199270769636469,0.041639823527326,0.231260013906677
20,train,nr_verified_start,1,1,-1,0.000000000000000,0.000000000000000,0.000000000000000,0.000000000000000,0.000000000000000,0.000000000000000,0.000002577511011,0.000006686215896,0.199568212398921,0.198163713640421,0.000766086142907,0.002032576783222
21,train,nr_verified_start,1,1,-1,0.000000000000000,0.000000000000000,0.000000000000000,0.000000000000000,0.000000000000000,0.000000000000000,0.000025940513073,0.000039113171791,0.199568212398921,0.198163713640421,0.013667175950960,0.007134043934030
22,train,nr_verified_start,1,1,-1,0.000000000000000,0.000000000000000,0.000000000000000,0.000000000000000,0.000000000000000,0.000000000000000,0.000320069827208,0.000596420460363,0.199558720032429,0.196954916726714,0.053156993368842,0.172775948062565
23,train,nr_verified_start,1,1,-1,0.000000000000000,0.000000000000000,0.000000000000000,0.000000000000000,0.000000000000000,0.000000000000000,0.000051486202626,0.000176823942556,0.199558720032429,0.196954916726714,0.011053401128084,0.035927597111169
24,train,nr_verified_start,1,1,-1,0.000000000000000,0.000000000000000,0.000000000000000,0.000000000000000,0.000000000000000,0.000000000000000,0.000021312349164,0.005334926202561,0.197501193501723,0.199435194399813,0.153420170590143,1.864549972433963
25,train,nr_verified_start,1,1,-1,0.000000000000000,0.000000000000000,0.000000000000000,0.000000000000000,0.000000000000000,0.000000000000000,0.000002155051352,0.002478073103770,0.197501193501723,0.199435194399813,0.072884206961270,0.897608056558397
26,train,nr_verified_start,1,1,-1,0.000000000000000,0.000000000000000,0.000000000000000,0.000000000000000,0.000000000000000,0.000000000000000,0.075710674461774,0.001714955942448,0.199850533302324,0.197041938495362,13.639042563526042,1.956315802784758
27,train,nr_verified_start,1,1,-1,0.000000000000000,0.000000000000000,0.000000000000000,0.000000000000000,0.000000000000000,0.000000000000000,0.004398932119953,0.002388231943878,0.199850533302324,0.197041938495362,0.693464324836656,0.282181847800246
28,train,nr_verified_start,1,1,-1,0.000000000000000,0.000000000000000,0.000000000000000,0.000000000000000,0.000000000000000,0.000000000000000,0.000020898572995,0.000004893522566,0.198292648956885,0.198508168178359,0.007013773053949,0.000956251658408
29,train,nr_verified_start,1,1,-1,0.000000000000000,0.000000000000000,0.000000000000000,0.000000000000000,0.000000000000000,0.000000000000000,0.000007634237130,0.000007917103065,0.198292648956885,0.198508168178359,0.001690574193919,0.000877249453993
30,train,nr_verified_start,1,1,-1,0.000000000000000,0.000000000000000,0.000000000000000,0.000000000000000,0.000000000000000,0.000000000000000,0.026579629378046,0.000009666051901,0.196931777671875,0.196202289856402,7.491665096578743,1.602045474818965
31,train,nr_verified_start,1,1,-1,0.000000000000000,0.000000000000000,0.000000000000000,0.000000000000000,0.000000000000000,0.000000000000000,0.000075220558167,0.000066021964277,0.196931777671875,0.196202289856402,0.034846181979802,0.024329600380781
32,train,nr_verified_start,1,1,-1,0.000000000000000,0.000000000000000,0.000000000000000,0.000000000000000,0.000000000000000,0.000000000000000,0.000009830454006,0.000002611394476,0.199571013817051,0.198277469873664,0.002058219870219,0.000461584116583
33,train,nr_verified_start,1,1,-1,0.000000000000000,0.000000000000000,0.000000000000000,0.000000000000000,0.000000000000000,0.000000000000000,0.000298314887576,0.001381434231823,0.199571013817051,0.198277469873664,0.052484438299446,0.447680065254815
34,train,nr_verified_start,1,1,-1,0.000000000000000,0.000000000000000,0.000000000000000,0.000000000000000,0.000000000000000,0.000000000000000,0.000040539079929,0.003541779856270,0.196569456767718,0.199304217014201,0.083026245480944,0.833726591669119
35,train,nr_verified_start,1,1,-1,0.000000000000000,0.000000000000000,0.000000000000000,0.000000000000000,0.000000000000000,0.000000000000000,0.000593791410766,0.041444346681644,0.196569456767718,0.199304217014201,1.625071289310277,12.973182441173435
36,train,nr_verified_start,1,1,-1,0.000000000000000,0.000000000000000,0.000000000000000,0.000000000000000,0.000000000000000,0.000000000000000,0.000223589843368,0.002036832432237,0.198256752384541,0.197542117498640,0.083888980850070,0.252225545598528
37,train,nr_verified_start,1,1,-1,0.000000000000000,0.000000000000000,0.000000000000000,0.000000000000000,0.000000000000000,0.000000000000000,0.000017148055572,0.000094877522062,0.198256752384541,0.197542117498640,0.009052245246131,0.015895107936046
38,train,nr_verified_start,1,1,-1,0.000000000000000,0.000000000000000,0.000000000000000,0.000000000000000,0.000000000000000,0.000000000000000,0.000012109892163,0.000258335444871,0.198600174664252,0.199834069647654,0.007669469653607,0.104550829612890
39,train,nr_verified_start,1,1,-1,0.000000000000000,0.000000000000000,0.000000000000000,0.000000000000000,0.000000000000000,0.000000000000000,0.000117909705218,0.072390645294988,0.198600174664252,0.199834069647654,2.755891206214223,17.222042800367774
40,test,heatmap_start,1,1,5,-2.000000000000000,-1.800000000000000,-2.000000000000000,-1.800000000000000,-1.914008883028590,-1.832192996174520,0.144910903459921,0.088864086306854,0.366384731290855,0.182681840300013,10.902078559809576,26.828469660943711
41,test,heatmap_start,1,1,5,-2.000000000000000,-1.800000000000000,-2.000000000000000,-1.800000000000000,-1.932849773122133,-1.817874939612861,0.146337359956363,0.089605571544404,0.181335464740127,0.363273347293322,16.923673931036070,19.265295365432110
42,test,heatmap_start,1,1,6,-2.000000000000000,-1.800000000000000,-1.800000000000000,-1.600000000000000,-1.869661902735957,-1.632786385416111,0.070466021730416,0.174028934324764,0.160884236823649,0.326286348262985,24.031678808009648,31.971894249214017
43,test,heatmap_start,1,1,5,-2.000000000000000,-1.800000000000000,-1.800000000000000,-1.600000000000000,-1.874826348919339,-1.652989857833220,0.141944367375388,0.086197904730989,0.161101563036899,0.330323690377110,28.943489006562842,29.837091825059076
44,test,heatmap_start,1,1,5,-2.000000000000000,-1.800000000000000,-1.600000000000000,-1.400000000000000,-1.848763792008287,-1.413092188920018,0.139971153613454,0.085455028629291,0.282576891739931,0.140654859895909,11.131921163080602,15.627288526488087
45,test,heatmap_start,1,1,6,-2.000000000000000,-1.800000000000000,-1.600000000000000,-1.400000000000000,-1.919483335894379,-1.560387070960893,0.145325377978699,0.088115332784665,0.312031537560400,0.153541992808226,26.242167649238333,16.183881843622657
46,test,heatmap_start,1,1,5,-2.000000000000000,-1.800000000000000,-1.400000000000000,-1.200000000000000,-1.991528739572386,-1.245997534971257,0.150779984083031,0.091704821762782,0.249162873667064,0.124143777169978,15.772853707747787,30.353959835626426
47,test,heatmap_start,1,1,6,-2.000000000000000,-1.800000000000000,-1.400000000000000,-1.200000000000000,-1.860787950164656,-1.275714382897829,0.068952925283259,0.173202943001428,0.127109928057220,0.254931196842519,17.404940761023639,28.525751477883489
48,test,heatmap_start,1,1,6,-2.000000000000000,-1.800000000000000,-1.200000000000000,-1.000000000000000,-1.908912353401633,-1.137466238127036,0.144525041764449,0.087235130083049,0.111616659827810,0.227304507451733,19.795191707872341,13.243403078527479
49,test,heatmap_start,1,1,5,-2.000000000000000,-1.800000000000000,-1.200000000000000,-1.000000000000000,-1.883257044772221,-1.129158140747609,0.142582661044591,0.082531275183958,0.112622412707074,0.225644266541373,28.918835436857492,9.717238878431317
50,test,heatmap_start,1,1,6,-2.000000000000000,-1.800000000000000,-1.000000000000000,-0.800000000000000,-1.875994521316005,-0.811459296243179,0.070710230976556,0.174618377186791,0.162268001694296,0.081076582042747,35.645799614371249,27.057278273309805
51,test,heatmap_start,1,1,5,-2.000000000000000,-1.800000000000000,-1.000000000000000,-0.800000000000000,-1.969358176175499,-0.958753068791148,0.149101435775056,0.090493155281983,0.191722425648803,0.093706130887898,15.877286336254386,10.918374191763078
52,test,heatmap_start,1,1,5,-2.000000000000000,-1.800000000000000,-0.800000000000000,-0.600000000000000,-1.857600504864451,-0.631359393007749,0.140640187103819,0.086245039807327,0.062106180123448,0.126167116915011,13.625054927073084,9.978141814218759
53,test,heatmap_start,1,1,5,-2.000000000000000,-1.800000000000000,-0.800000000000000,-0.600000000000000,-1.933679383411604,-0.712154735457907,0.072163350120979,0.179987708969440,0.070574019347514,0.142312779005402,22.074273230596056,19.135235465281653
54,test,heatmap_start,1,1,5,-2.000000000000000,-1.800000000000000,-0.600000000000000,-0.400000000000000,-1.949986492557858,-0.597138566447115,0.147634792542904,0.088757015827089,0.058033729964412,0.119328629876693,12.861944768234521,20.458964999124362
55,test,heatmap_start,1,1,5,-2.000000000000000,-1.800000000000000,-0.600000000000000,-0.400000000000000,-1.916307308712970,-0.432618488721367,0.072419253956104,0.178370708782192,0.043083469057264,0.086451913206009,8.289887008623378,20.866409200099724
56,test,heatmap_start,1,1,5,-2.000000000000000,-1.800000000000000,-0.400000000000000,-0.200000000000000,-1.809467437439881,-0.342150977056294,0.067138530147022,0.168426007596463,0.034198263535977,0.068373422179080,9.690671615697866,19.595513281897979
57,test,heatmap_start,1,1,6,-2.000000000000000,-1.800000000000000,-0.400000000000000,-0.200000000000000,-1.827524113795060,-0.380112113631915,0.068955840294168,0.170106730800450,0.076011247125280,0.035145894838803,19.408417883293964,52.381513881603496
58,test,heatmap_start,1,1,5,-2.000000000000000,-1.800000000000000,-0.200000000000000,0.000000000000000,-1.821672886304051,-0.081615536751099,0.137920082870806,0.084606951759086,0.016320707787960,0.007849241199139,18.306947581475363,22.864214847987057
59,test,heatmap_start,1,1,5,-2.000000000000000,-1.800000000000000,-0.200000000000000,0.000000000000000,-1.863935431404621,-0.138241895900038,0.141119808664841,0.086205238279946,0.013797405850968,0.027625440653512,35.867725873472509,29.930172960169386
60,test,heatmap_start,1,1,5,-2.000000000000000,-1.800000000000000,0.000000000000000,0.200000000000000,-1.964736566585588,0.043333344929339,0.072429244161613,0.182878524941562,0.008665394950761,0.004152814004412,16.735269107208929,38.248070523201818
61,test,heatmap_start,1,1,5,-2.000000000000000,-1.800000000000000,0.000000000000000,0.200000000000000,-1.811313057176499,0.070580652738324,0.068421670300830,0.168597798675622,0.007036252862547,0.014104419075087,12.247803651127546,19.850300835708083
62,test,heatmap_start,1,1,5,-2.000000000000000,-1.800000000000000,0.200000000000000,0.400000000000000,-1.827160302629711,0.294490528726208,0.138335538861874,0.085029832107873,0.058889447487429,0.028834289563580,12.263069200640089,33.290996502589053
63,test,heatmap_start,1,1,6,-2.000000000000000,-1.800000000000000,0.200000000000000,0.400000000000000,-1.993451409440657,0.294123598238446,0.150925550715525,0.092535698612676,0.029375730034364,0.058775915615400,28.065961554272974,28.565832341627811
64,test,heatmap_start,1,1,5,-2.000000000000000,-1.800000000000000,0.400000000000000,0.600000000000000,-1.816732435784643,0.591412044835050,0.137546038029836,0.075892064945145,0.057971971202298,0.118184275758029,13.514914855687113,23.335392336341670
65,test,heatmap_start,1,1,6,-2.000000000000000,-1.800000000000000,0.400000000000000,0.600000000000000,-1.834148886194303,0.410584087054842,0.069050742337400,0.170723367465666,0.039777976019668,0.082048689048736,17.811799807337678,21.608336608492380
66,test,heatmap_start,1,1,6,-2.000000000000000,-1.800000000000000,0.600000000000000,0.800000000000000,-1.947018122506482,0.603624574921136,0.147410055244262,0.090236837250729,0.120707167937439,0.057230820601610,26.880421841499754,15.546432303943902
67,test,heatmap_start,1,1,5,-2.000000000000000,-1.800000000000000,0.600000000000000,0.800000000000000,-1.965962716232429,0.675445884172068,0.148844363212658,0.089229365054358,0.067093287228594,0.134977099860862,34.585477782755518,34.470814460658346
68,test,heatmap_start,1,1,5,-2.000000000000000,-1.800000000000000,0.800000000000000,1.000000000000000,-1.932491763728625,0.834296179756921,0.146310254823717,0.089794681097985,0.166834706974347,0.081757955879921,16.895636088628066,32.419611438513073
69,test,heatmap_start,1,1,5,-2.000000000000000,-1.800000000000000,0.800000000000000,1.000000000000000,-1.957549499343790,0.945956236897784,0.148207392887626,0.089595749119386,0.189163435507255,0.092427662201942,12.542240979673224,35.555891450171885
70,test,heatmap_start,1,1,6,-2.000000000000000,-1.800000000000000,1.000000000000000,1.200000000000000,-1.837612509179575,1.161219106549582,0.067707677701296,0.171045762983352,0.115227792348591,0.232051139814416,21.067858717348898,8.553359574091530
71,test,heatmap_start,1,1,5,-2.000000000000000,-1.800000000000000,1.000000000000000,1.200000000000000,-1.851686694002747,1.059721122313680,0.140192448494840,0.084505706735128,0.211913067811530,0.105196458964019,20.719074907951580,32.831427175928866
72,test,heatmap_start,1,1,5,-2.000000000000000,-1.800000000000000,1.200000000000000,1.400000000000000,-1.865002689323226,1.339286352872168,0.141200611481683,0.086621683494529,0.267817894481155,0.133267315671979,14.046208398800658,8.125165669352242
73,test,heatmap_start,1,1,5,-2.000000000000000,-1.800000000000000,1.200000000000000,1.400000000000000,-1.919797941468995,1.372643176928552,0.145349196978942,0.087375300253109,0.274488278575043,0.136913590083439,19.805244251867101,17.901548175426683
74,test,heatmap_start,1,1,5,-2.000000000000000,-1.800000000000000,1.400000000000000,1.600000000000000,-1.823535613585305,1.407278524625890,0.138061111209608,0.080651256897754,0.140444754694607,0.281222194703738,21.067923168942329,13.092410715833450
75,test,heatmap_start,1,1,5,-2.000000000000000,-1.800000000000000,1.400000000000000,1.600000000000000,-1.842638000372848,1.490922963229078,0.139507365797122,0.083511135406519,0.298140758314535,0.148929487934968,39.085459361513934,10.679234044315990
76,test,heatmap_start,1,1,5,-2.000000000000000,-1.800000000000000,1.600000000000000,1.800000000000000,-1.905300990851762,1.616934816117322,0.144251623070073,0.088302198622451,0.323339424042610,0.155061673331735,16.991128393246246,10.839328894394782
77,test,heatmap_start,1,1,5,-2.000000000000000,-1.800000000000000,1.600000000000000,1.800000000000000,-1.838357106402147,1.688482699575788,0.139183256427301,0.084649831423611,0.165508011826849,0.337416369385887,21.726815206568826,32.209406396338238
78,test,heatmap_start,1,1,5,-2.000000000000000,-1.800000000000000,1.800000000000000,2.000000000000000,-1.804773753306151,1.959789670684864,0.067713223687124,0.167989117457848,0.391900314748323,0.194128005046271,23.572958682537596,37.654225940774324
79,test,heatmap_start,1,1,6,-2.000000000000000,-1.800000000000000,1.800000000000000,2.000000000000000,-1.942067255791335,1.958869645771746,0.147035221786088,0.088505199515356,0.391716336815170,0.193027504538065,25.813776538035512,25.307114006413713
80,test,heatmap_start,1,1,5,-1.800000000000000,-1.600000000000000,-2.000000000000000,-1.800000000000000,-1.709524924014776,-1.848103106238412,0.129429285006371,0.079285854631746,0.184481270318863,0.369313964848093,19.354187424262811,9.176365998241153
81,test,heatmap_start,1,1,5,-1.800000000000000,-1.600000000000000,-2.000000000000000,-1.800000000000000,-1.699987463942888,-1.935414853509768,0.128707197471676,0.079008287803178,0.193451361310974,0.386761826633375,12.519516224624564,12.543604864840120
82,test,heatmap_start,1,1,5,-1.800000000000000,-1.600000000000000,-1.800000000000000,-1.600000000000000,-1.600616665714681,-1.625501652203702,0.121183767316014,0.071775472815612,0.325052539388032,0.162017872803667,15.943837165778961,19.045301170499954
83,test,heatmap_start,1,1,5,-1.800000000000000,-1.600000000000000,-1.800000000000000,-1.600000000000000,-1.729685716136934,-1.677458147419966,0.130955672175623,0.079694890617526,0.167105542564964,0.335213288262546,17.901196288397109,19.197296389377186
84,test,heatmap_start,1,1,5,-1.800000000000000,-1.600000000000000,-1.600000000000000,-1.400000000000000,-1.674008976171965,-1.561581220988820,0.063323270642093,0.155817475740928,0.155988294090447,0.312057130475549,16.755776662892394,17.533803567254097
85,test,heatmap_start,1,1,5,-1.800000000000000,-1.600000000000000,-1.600000000000000,-1.400000000000000,-1.659488207520969,-1.531112190155454,0.062450004448913,0.154465876347363,0.306177422104295,0.146743610604097,10.961163136161668,12.865039322316534
86,test,heatmap_start,1,1,5,-1.800000000000000,-1.600000000000000,-1.400000000000000,-1.200000000000000,-1.719029574844071,-1.351973666950478,0.130148888531181,0.079109646874635,0.134669439167989,0.270170399923176,11.656932764580787,14.107399711535578
87,test,heatmap_start,1,1,5,-1.800000000000000,-1.600000000000000,-1.400000000000000,-1.200000000000000,-1.696980904789301,-1.263376082470728,0.128479568850349,0.078747831305966,0.124780996195228,0.252465584055636,19.076779651020132,19.270194152075703
88,test,heatmap_start,1,1,5,-1.800000000000000,-1.600000000000000,-1.200000000000000,-1.000000000000000,-1.747060245672759,-1.038231437131085,0.132271109525237,0.080488611882832,0.207615762588996,0.101563553680845,23.313452622595165,17.944858534045807
89,test,heatmap_start,1,1,5,-1.800000000000000,-1.600000000000000,-1.200000000000000,-1.000000000000000,-1.748583147429397,-1.142125793610926,0.132386409444371,0.080520446055681,0.228391579307530,0.113420906051037,40.649454381589507,28.704739881830960
90,test,heatmap_start,1,1,5,-1.800000000000000,-1.600000000000000,-1.000000000000000,-0.800000000000000,-1.626435109909346,-0.956614562064510,0.123138499139546,0.075406604819183,0.093861957598657,0.191164181021559,16.661195755418984,11.399497146318794
91,test,heatmap_start,1,1,5,-1.800000000000000,-1.600000000000000,-1.000000000000000,-0.800000000000000,-1.679594260748164,-0.893595428539342,0.127163214303368,0.076043948146150,0.178692813285341,0.085663680518570,10.194952851895611,24.568517691355453
92,test,heatmap_start,1,1,5,-1.800000000000000,-1.600000000000000,-0.800000000000000,-0.600000000000000,-1.615316118948967,-0.703960547269198,0.122296672834601,0.074355850149296,0.069681499216659,0.140675301032194,17.718227023119503,10.350158625600841
93,test,heatmap_start,1,1,5,-1.800000000000000,-1.600000000000000,-0.800000000000000,-0.600000000000000,-1.654183051128599,-0.771862238433823,0.125239314484181,0.075712783443988,0.076561991298389,0.154244372313579,17.227957892913608,12.304465340666155
94,test,heatmap_start,1,1,5,-1.800000000000000,-1.600000000000000,-0.600000000000000,-0.400000000000000,-1.794693890816595,-0.530800116313443,0.135877484926149,0.081813492990097,0.051936076552261,0.106071947412364,15.341126220059925,10.769610317981599
95,test,heatmap_start,1,1,5,-1.800000000000000,-1.600000000000000,-0.600000000000000,-0.400000000000000,-1.607885480785448,-0.493880800613613,0.060085383357161,0.149662672340856,0.048631767078880,0.098694210307460,13.771293810481572,12.664850677370680
96,test,heatmap_start,1,1,5,-1.800000000000000,-1.600000000000000,-0.400000000000000,-0.200000000000000,-1.750591877916490,-0.319673390853298,0.064227213996771,0.162945845184940,0.031772207185216,0.063881634652280,17.581842417019583,9.673137148535773
97,test,heatmap_start,1,1,5,-1.800000000000000,-1.600000000000000,-0.400000000000000,-0.200000000000000,-1.792770672959106,-0.323847862102977,0.067466494185243,0.166871865574845,0.032205824557490,0.064715836230730,24.061164090103734,9.956011738355727
98,test,heatmap_start,1,1,5,-1.800000000000000,-1.600000000000000,-0.200000000000000,0.000000000000000,-1.616733082224483,-0.140934104311489,0.060478018237600,0.150486210889463,0.014085011686237,0.028163435616712,9.382815901921980,14.095915770213651
99,test,heatmap_start,1,1,5,-1.800000000000000,-1.600000000000000,-0.200000000000000,0.000000000000000,-1.625910578191946,-0.049258251506594,0.123098786489445,0.074072613294984,0.004886242414694,0.009843476862290,26.942973162309436,29.076730508131106
100,test,heatmap_start,1,1,5,-1.800000000000000,-1.600000000000000,0.000000000000000,0.200000000000000,-1.653832249635193,0.061281597831520,0.125212755066513,0.076551969031471,0.012254517838162,0.006066981302368,19.320226270761019,10.084247279292761
101,test,heatmap_start,1,1,6,-1.800000000000000,-1.600000000000000,0.000000000000000,0.200000000000000,-1.766220330863661,0.060770926076630,0.066815112694115,0.164400548309372,0.006041316613951,0.012144101474150,16.515892842557694,26.629543932857075
102,test,heatmap_start,1,1,5,-1.800000000000000,-1.600000000000000,0.200000000000000,0.400000000000000,-1.613074748505012,0.218958256665191,0.122126977166570,0.074904374435729,0.021873662361386,0.043755319512361,13.640943282109781,16.116351259765167
103,test,heatmap_start,1,1,5,-1.800000000000000,-1.600000000000000,0.200000000000000,0.400000000000000,-1.622459833357106,0.387992518517923,0.122837528270603,0.074909384119977,0.077587096412255,0.038247372950824,13.268315538602053,14.546707269447381
104,test,heatmap_start,1,1,5,-1.800000000000000,-1.600000000000000,0.400000000000000,0.600000000000000,-1.616597689102911,0.554105147048466,0.060874950004219,0.150473608439455,0.110804738273814,0.054225633926757,31.385403257955314,13.874525479791544
105,test,heatmap_start,1,1,5,-1.800000000000000,-1.600000000000000,0.400000000000000,0.600000000000000,-1.612401728278339,0.547352388216507,0.122076022351283,0.075033361910376,0.109454385043949,0.054126247714752,22.347979577303196,12.639914327536900
106,test,heatmap_start,1,1,5,-1.800000000000000,-1.600000000000000,0.600000000000000,0.800000000000000,-1.722596645661444,0.646545667297893,0.130418953868617,0.079009148120423,0.064256051617730,0.129201851909196,21.355219358749174,35.644001572479169
107,test,heatmap_start,1,1,5,-1.800000000000000,-1.600000000000000,0.600000000000000,0.800000000000000,-1.604314324626522,0.630046840830116,0.121463719566159,0.074452796084962,0.061646258769465,0.125904824271730,23.960091728248727,14.181907119206954
108,test,heatmap_start,1,1,5,-1.800000000000000,-1.600000000000000,0.800000000000000,1.000000000000000,-1.610421546402776,0.913355107298273,0.121926101445927,0.074233625165603,0.182644168086719,0.091029562274888,13.750103591929852,14.612018678524066
109,test,heatmap_start,1,1,5,-1.800000000000000,-1.600000000000000,0.800000000000000,1.000000000000000,-1.737835567837157,0.871313964961606,0.131572702944611,0.080683391217440,0.174237175662700,0.084992310352711,28.507265596504613,24.755610520633411
110,test,heatmap_start,1,1,5,-1.800000000000000,-1.600000000000000,1.000000000000000,1.200000000000000,-1.692296878090180,1.053612209597770,0.063589552368076,0.157519721519807,0.210691464875283,0.104986935966144,11.359199067828442,33.404902900669526
111,test,heatmap_start,1,1,5,-1.800000000000000,-1.600000000000000,1.000000000000000,1.200000000000000,-1.701781636702125,1.183538043138163,0.064310922317755,0.158402566932204,0.236672811659617,0.116025868812844,8.619063881601653,9.144247501197810
112,test,heatmap_start,1,1,5,-1.800000000000000,-1.600000000000000,1.200000000000000,1.400000000000000,-1.793647891640307,1.366057300003925,0.135798291623026,0.081735851599092,0.133369774275479,0.272984789631671,22.776327432789252,13.934025876996561
113,test,heatmap_start,1,1,5,-1.800000000000000,-1.600000000000000,1.200000000000000,1.400000000000000,-1.667287494525358,1.311918398642359,0.126231460732196,0.076354438737701,0.128855299456022,0.262165992646336,16.924395197175652,15.139261320843502
114,test,heatmap_start,1,1,5,-1.800000000000000,-1.600000000000000,1.400000000000000,1.600000000000000,-1.650414254528434,1.499152466941035,0.061053170667701,0.153621268898768,0.299786417102915,0.143727720599728,9.516191613740959,16.520288930945185
115,test,heatmap_start,1,1,5,-1.800000000000000,-1.600000000000000,1.400000000000000,1.600000000000000,-1.648234436832612,1.546072603723955,0.124788940883719,0.075960669376935,0.153773407407701,0.308957980372903,14.906159418019548,20.993513195240780
116,test,heatmap_start,1,1,5,-1.800000000000000,-1.600000000000000,1.600000000000000,1.800000000000000,-1.665806724900152,1.635863513256411,0.062682257908750,0.155054006663546,0.162679591937863,0.326901263242138,13.100418074236709,11.794975860453491
117,test,heatmap_start,1,1,5,-1.800000000000000,-1.600000000000000,1.600000000000000,1.800000000000000,-1.600713914066174,1.696440668053833,0.121191130054296,0.074316184428289,0.168685841497779,0.339006642612983,11.532962389714026,24.401257562227897
118,test,heatmap_start,1,1,5,-1.800000000000000,-1.600000000000000,1.800000000000000,2.000000000000000,-1.780858256762562,1.992489549594629,0.134829979740312,0.080887623679440,0.196096303443631,0.398167295425916,14.112145454578773,23.903696817127695
119,test,heatmap_start,1,1,5,-1.800000000000000,-1.600000000000000,1.800000000000000,2.000000000000000,-1.648069998623998,1.982470878997910,0.124776491156037,0.075474085671061,0.396435889565211,0.193866485184258,10.557427283331361,13.714698559308943
120,test,heatmap_start,1,1,5,-1.600000000000000,-1.400000000000000,-2.000000000000000,-1.800000000000000,-1.507258745507346,-1.934364563237517,0.057048231171507,0.140296292526729,0.192795263922254,0.386551942853960,22.088485328207799,13.283904895738257
121,test,heatmap_start,1,1,5,-1.600000000000000,-1.400000000000000,-2.000000000000000,-1.800000000000000,-1.502601976177360,-1.961782582681854,0.113763009063982,0.069920164187993,0.392298838554510,0.195898688781779,10.262791364294898,7.877007814874578
122,test,heatmap_start,1,1,5,-1.600000000000000,-1.400000000000000,-1.800000000000000,-1.600000000000000,-1.457069128859808,-1.605725943237155,0.054890668727589,0.135624621415199,0.159432059159161,0.320878749975899,12.863149738486591,20.340582407763065
123,test,heatmap_start,1,1,5,-1.600000000000000,-1.400000000000000,-1.800000000000000,-1.600000000000000,-1.406149506620809,-1.765522622761536,0.053154716742833,0.130885001069133,0.175926533175926,0.352811570761438,7.742529019776439,10.675065972560162
124,test,heatmap_start,1,1,5,-1.600000000000000,-1.400000000000000,-1.600000000000000,-1.400000000000000,-1.553983078686493,-1.482794245303015,0.117653106989538,0.072070355498161,0.148102054984900,0.296312808489023,29.872825883661690,28.216385807935012
125,test,heatmap_start,1,1,5,-1.600000000000000,-1.400000000000000,-1.600000000000000,-1.400000000000000,-1.510265220067232,-1.521656773603746,0.114343198427449,0.067903286339682,0.304286616790786,0.146329905796116,19.323060462837553,12.348332730848171
126,test,heatmap_start,1,1,5,-1.600000000000000,-1.400000000000000,-1.400000000000000,-1.200000000000000,-1.406192393629035,-1.295760492928574,0.106463774544670,0.065033258439023,0.128421876277207,0.258937092590567,10.273836442870476,7.454501207831242
127,test,heatmap_start,1,1,5,-1.600000000000000,-1.400000000000000,-1.400000000000000,-1.200000000000000,-1.508780516095955,-1.309623682871033,0.114230790488408,0.070093741269849,0.123738009907431,0.261707430255067,9.176347435136140,5.945541917324143
128,test,heatmap_start,1,1,5,-1.600000000000000,-1.400000000000000,-1.200000000000000,-1.000000000000000,-1.487271323985667,-1.101870595774298,0.055698279786951,0.138435854731945,0.220341723275317,0.110058460790551,15.869425752609734,12.825724689773381
129,test,heatmap_start,1,1,5,-1.600000000000000,-1.400000000000000,-1.200000000000000,-1.000000000000000,-1.497327786603167,-1.078879759015344,0.113363696614080,0.069094568659586,0.107741178693037,0.215596932904517,9.439546679136578,14.059829891771471
130,test,heatmap_start,1,1,5,-1.600000000000000,-1.400000000000000,-1.000000000000000,-0.800000000000000,-1.588623948412983,-0.981939394957059,0.059426766749699,0.147869800620393,0.096839883555926,0.196224945441624,11.086713857861822,45.483456910721543
131,test,heatmap_start,1,1,5,-1.600000000000000,-1.400000000000000,-1.000000000000000,-0.800000000000000,-1.566992647056487,-0.853188073428277,0.118638070185287,0.071179179085264,0.170612530271787,0.083341686638495,54.695829217792571,21.642674929789450
132,test,heatmap_start,1,1,5,-1.600000000000000,-1.400000000000000,-0.800000000000000,-0.600000000000000,-1.429871170900556,-0.691788191561648,0.108256510742327,0.066215783761315,0.138337299184479,0.066032570384624,7.550658887837617,7.414991758577254
133,test,heatmap_start,1,1,5,-1.600000000000000,-1.400000000000000,-0.800000000000000,-0.600000000000000,-1.432005134412550,-0.721516019793264,0.053998364070436,0.133291654028317,0.071546462389567,0.144183482551265,8.880475848833736,8.622652803254823
134,test,heatmap_start,1,1,5,-1.600000000000000,-1.400000000000000,-0.600000000000000,-0.400000000000000,-1.403265134488705,-0.427895109441169,0.106242149780831,0.063662861563693,0.085566441428718,0.041741167398097,15.091340563741568,20.201959706714376
135,test,heatmap_start,1,1,5,-1.600000000000000,-1.400000000000000,-0.600000000000000,-0.400000000000000,-1.594369685840458,-0.588833178842856,0.060344386315782,0.148404616332234,0.117749323600695,0.055928349729268,9.698232926009698,29.692113554591629
136,test,heatmap_start,1,1,5,-1.600000000000000,-1.400000000000000,-0.400000000000000,-0.200000000000000,-1.517251684868120,-0.350117248467476,0.114872148389628,0.069652127404660,0.034311174569819,0.069965354615095,14.840989961960057,20.664060859427195
137,test,heatmap_start,1,1,5,-1.600000000000000,-1.400000000000000,-0.400000000000000,-0.200000000000000,-1.422152964759015,-0.278255678058042,0.053788940358831,0.132374609838091,0.055642954671430,0.027761885234802,12.097348513547033,25.023190164668108
138,test,heatmap_start,1,1,5,-1.600000000000000,-1.400000000000000,-0.200000000000000,0.000000000000000,-1.516395314871938,-0.145491595048743,0.114807312039628,0.070193561008847,0.029094041440127,0.013564572298297,13.500005339995141,22.991940835735818
139,test,heatmap_start,1,1,5,-1.600000000000000,-1.400000000000000,-0.200000000000000,0.000000000000000,-1.579820667295479,-0.175797792185818,0.119609288249590,0.072896540010796,0.017436717189759,0.035130388247565,28.911653770343570,12.468678472622912
140,test,heatmap_start,1,1,5,-1.600000000000000,-1.400000000000000,0.000000000000000,0.200000000000000,-1.408522596611105,0.029850981443097,0.106640195784075,0.063979698567677,0.005969318645816,0.002925587932069,25.264461495481584,17.138813782738055
141,test,heatmap_start,1,1,5,-1.600000000000000,-1.400000000000000,0.000000000000000,0.200000000000000,-1.580931759016264,0.030514060371236,0.059105097435667,0.147153808321798,0.006101914936391,0.002958887274620,10.069542967317238,17.906269084234509
142,test,heatmap_start,1,1,5,-1.600000000000000,-1.400000000000000,0.200000000000000,0.400000000000000,-1.403371635891651,0.269901499631702,0.106250213073880,0.065267204982418,0.025846670582415,0.053935515075408,10.459628667181677,8.183638551818461
143,test,heatmap_start,1,1,5,-1.600000000000000,-1.400000000000000,0.200000000000000,0.400000000000000,-1.531962545034120,0.241756474043446,0.115985917534709,0.070203370394486,0.024022498699037,0.048311180071769,11.357444034551710,16.802868365913810
144,test,heatmap_start,1,1,5,-1.600000000000000,-1.400000000000000,0.400000000000000,0.600000000000000,-1.516249835138802,0.565244380982534,0.114796297670912,0.068529960420613,0.113032257558213,0.055948529548264,13.257989002181406,12.594336762703207
145,test,heatmap_start,1,1,5,-1.600000000000000,-1.400000000000000,0.400000000000000,0.600000000000000,-1.491888656799288,0.560479802582562,0.056375252764897,0.138865638056835,0.112079481960646,0.055898071023328,18.894874271551600,18.480930667220548
146,test,heatmap_start,1,1,5,-1.600000000000000,-1.400000000000000,0.600000000000000,0.800000000000000,-1.543865451097900,0.689889326238377,0.116887094580852,0.070986283253590,0.068823982513712,0.137863391668693,10.374282670295045,11.681728466065067
147,test,heatmap_start,1,1,5,-1.600000000000000,-1.400000000000000,0.600000000000000,0.800000000000000,-1.485040205743714,0.671498325171955,0.112433395579708,0.068259432146235,0.134279922444890,0.065761147393622,35.875760188846726,30.149404237562749
148,test,heatmap_start,1,1,5,-1.600000000000000,-1.400000000000000,0.800000000000000,1.000000000000000,-1.409434773450793,0.938798625311008,0.106709257307837,0.064870662097848,0.187732123629423,0.092739524598789,14.611617590590393,4.690856829465847
149,test,heatmap_start,1,1,5,-1.600000000000000,-1.400000000000000,0.800000000000000,1.000000000000000,-1.513967879356872,0.929859379519441,0.056376856561042,0.140920781592034,0.092821506421621,0.185817584009412,21.205857154757165,21.038686329486552
150,test,heatmap_start,1,1,5,-1.600000000000000,-1.400000000000000,1.000000000000000,1.200000000000000,-1.472272669527073,1.063942580231858,0.111466756801531,0.067587001219085,0.212757235280916,0.098920342587625,17.507424717713128,24.784393730689089
151,test,heatmap_start,1,1,5,-1.600000000000000,-1.400000000000000,1.000000000000000,1.200000000000000,-1.582341239346325,1.133000695137449,0.119800122459589,0.072919022758263,0.112690561523222,0.226412139822938,11.746039290618025,19.886899630071071
152,test,heatmap_start,1,1,5,-1.600000000000000,-1.400000000000000,1.200000000000000,1.400000000000000,-1.587471631770606,1.242075705365352,0.120188547930285,0.073592381684244,0.124176462409208,0.248209043013639,10.226369889796782,23.073265930497769
153,test,heatmap_start,1,1,5,-1.600000000000000,-1.400000000000000,1.200000000000000,1.400000000000000,-1.418172665561431,1.325510123698927,0.107370809012907,0.065312600170766,0.265063053678697,0.131032989064484,8.456560607324104,17.453759972567752
154,test,heatmap_start,1,1,5,-1.600000000000000,-1.400000000000000,1.400000000000000,1.600000000000000,-1.482054280500940,1.417854049242474,0.112207329165685,0.064719443257339,0.283529123801908,0.140960174235144,12.244496242863420,23.166219462683557
155,test,heatmap_start,1,1,5,-1.600000000000000,-1.400000000000000,1.400000000000000,1.600000000000000,-1.569851452970380,1.459394476513919,0.118854512309183,0.071745659301887,0.141519087099323,0.291636737463084,12.628129447223376,18.294690599292210
156,test,heatmap_start,1,1,5,-1.600000000000000,-1.400000000000000,1.600000000000000,1.800000000000000,-1.461539168949402,1.680581632334918,0.110654116233459,0.066718389593402,0.336066916018669,0.166568447928941,16.723742362536193,27.985197645033566
157,test,heatmap_start,1,1,5,-1.600000000000000,-1.400000000000000,1.600000000000000,1.800000000000000,-1.428627258108834,1.619130825895555,0.108162333265894,0.065632439064181,0.323778561433808,0.160144675024125,6.457167539143376,22.424473868431335
158,test,heatmap_start,1,1,5,-1.600000000000000,-1.400000000000000,1.800000000000000,2.000000000000000,-1.405393014474087,1.924326490774010,0.106403253009698,0.065371055349819,0.384808721412094,0.179229951652770,8.818684848310994,18.692111952910579
159,test,heatmap_start,1,1,5,-1.600000000000000,-1.400000000000000,1.800000000000000,2.000000000000000,-1.471432932832918,1.811844261703235,0.055649265218316,0.136961610469013,0.362315582665717,0.180456788799580,16.657354712634231,14.273584203890380
160,test,heatmap_start,1,1,5,-1.400000000000000,-1.200000000000000,-2.000000000000000,-1.800000000000000,-1.379309355248690,-1.960291767446035,0.104428441577312,0.064162617553107,0.195469933970333,0.391733081585534,8.266180891523703,12.083049434956877
161,test,heatmap_start,1,1,5,-1.400000000000000,-1.200000000000000,-2.000000000000000,-1.800000000000000,-1.370307811208676,-1.986035740942415,0.103746928606846,0.062639990444613,0.197666591226501,0.396877604578217,10.520796937343182,8.427603409402622
162,test,heatmap_start,1,1,5,-1.400000000000000,-1.200000000000000,-1.800000000000000,-1.600000000000000,-1.351840628116392,-1.795451352912185,0.102348765719520,0.062470722777527,0.179066424257888,0.358792350706829,13.299602324834808,22.286458068969750
163,test,heatmap_start,1,1,5,-1.400000000000000,-1.200000000000000,-1.800000000000000,-1.600000000000000,-1.303229775520754,-1.663009856502845,0.047598969049144,0.121305188217342,0.332553077476562,0.158686058106700,10.157513982392878,12.811961986838867
164,test,heatmap_start,1,1,5,-1.400000000000000,-1.200000000000000,-1.600000000000000,-1.400000000000000,-1.313167579826778,-1.516973548970332,0.099420803150020,0.060037746809079,0.303350109554665,0.149735601704689,9.798485878207174,13.002701096241765
165,test,heatmap_start,1,1,5,-1.400000000000000,-1.200000000000000,-1.600000000000000,-1.400000000000000,-1.324003453181848,-1.584851747632372,0.100241194430115,0.060509201185439,0.316923753613574,0.156203179764478,9.982868162634416,13.445568383529178
166,test,heatmap_start,1,1,5,-1.400000000000000,-1.200000000000000,-1.400000000000000,-1.200000000000000,-1.322619937008385,-1.288229616239624,0.100136447487493,0.060849280410320,0.257608048263666,0.128503055117546,24.995244795572013,22.814274849589822
167,test,heatmap_start,1,1,5,-1.400000000000000,-1.200000000000000,-1.400000000000000,-1.200000000000000,-1.302608977287991,-1.276439712391333,0.098621404230435,0.059852442985695,0.125726741477150,0.255076142387041,13.844714826400168,13.477596117448655
168,test,heatmap_start,1,1,5,-1.400000000000000,-1.200000000000000,-1.200000000000000,-1.000000000000000,-1.226938124056586,-1.185365559997460,0.092892312895187,0.057010665189099,0.237038261301014,0.117945440203034,5.704985739135449,19.214046042528764
169,test,heatmap_start,1,1,5,-1.400000000000000,-1.200000000000000,-1.200000000000000,-1.000000000000000,-1.359601409046978,-1.131461077356340,0.102936339678125,0.061906352172733,0.111472815850547,0.226104471736037,13.968270612387961,9.349813276667220
170,test,heatmap_start,1,1,5,-1.400000000000000,-1.200000000000000,-1.000000000000000,-0.800000000000000,-1.239432729219796,-0.924398583940545,0.093838287879228,0.056415300587762,0.090079444655169,0.184726331005368,12.463978646132009,9.011274717210881
171,test,heatmap_start,1,1,5,-1.400000000000000,-1.200000000000000,-1.000000000000000,-0.800000000000000,-1.334816089214006,-0.823817275808834,0.101059826396819,0.061353271803991,0.164739234272913,0.080268296384308,15.274313949067492,18.186119258430551
172,test,heatmap_start,1,1,5,-1.400000000000000,-1.200000000000000,-0.800000000000000,-0.600000000000000,-1.243170047166470,-0.773486420792529,0.094121242741648,0.057547778008908,0.077239939486956,0.154568939284169,9.263651520762323,9.463130541543535
173,test,heatmap_start,1,1,4,-1.400000000000000,-1.200000000000000,-0.800000000000000,-0.600000000000000,-1.213785388321302,-0.733456575854704,0.091896510401652,0.055727390490800,0.073246356975546,0.146569612462879,9.292491863225642,15.170408365706407
174,test,heatmap_start,1,1,5,-1.400000000000000,-1.200000000000000,-0.600000000000000,-0.400000000000000,-1.399959309917950,-0.490042231497236,0.052908029688536,0.130308814896712,0.097994038664682,0.048381562624945,14.876013988644431,23.302772653179090
175,test,heatmap_start,1,1,5,-1.400000000000000,-1.200000000000000,-0.600000000000000,-0.400000000000000,-1.270515548567128,-0.509352236555076,0.096191589096188,0.057186486129552,0.050757450361083,0.101785930314935,26.710121842229150,7.858984503373051
176,test,heatmap_start,1,1,5,-1.400000000000000,-1.200000000000000,-0.400000000000000,-0.200000000000000,-1.285904905529537,-0.305714175956302,0.048591844071353,0.119692581864570,0.061133846949214,0.030111014168988,11.154317090238283,7.873982113746649
177,test,heatmap_start,1,1,5,-1.400000000000000,-1.200000000000000,-0.400000000000000,-0.200000000000000,-1.338700318444471,-0.223602943798403,0.101353904011622,0.062004217730595,0.021728338835339,0.044683486244431,23.201939154594797,18.286318989267329
178,test,heatmap_start,1,1,5,-1.400000000000000,-1.200000000000000,-0.200000000000000,0.000000000000000,-1.304884826780595,-0.064181399778812,0.049191766001853,0.121459241100690,0.006408568729034,0.012825630313483,12.434842771726368,12.251196005489589
179,test,heatmap_start,1,1,5,-1.400000000000000,-1.200000000000000,-0.200000000000000,0.000000000000000,-1.240862635302223,-0.114700395740417,0.093946547033145,0.057639685051675,0.011353075356897,0.022921046871004,6.327098832324753,10.340870638614859
180,test,heatmap_start,1,1,5,-1.400000000000000,-1.200000000000000,0.000000000000000,0.200000000000000,-1.284533973887251,0.163144463545407,0.097252933532066,0.058499268048874,0.016146237298605,0.032601822090762,18.394492071490216,6.777989352670147
181,test,heatmap_start,1,1,5,-1.400000000000000,-1.200000000000000,0.000000000000000,0.200000000000000,-1.279409870155706,0.146581615389327,0.048181131521868,0.119088021177499,0.029312013460771,0.014382018886142,11.028893106496810,20.237111153563774
182,test,heatmap_start,1,1,5,-1.400000000000000,-1.200000000000000,0.200000000000000,0.400000000000000,-1.307669619248009,0.328514179976372,0.048562720783287,0.121718450781708,0.032693133192711,0.065648325521640,9.432291426561694,25.509569763653644
183,test,heatmap_start,1,1,5,-1.400000000000000,-1.200000000000000,0.200000000000000,0.400000000000000,-1.383887824335514,0.260243585824442,0.104775080559878,0.063809597219502,0.025808948473561,0.052005534854997,44.165288391690126,13.274269505815539
184,test,heatmap_start,1,1,5,-1.400000000000000,-1.200000000000000,0.400000000000000,0.600000000000000,-1.243310358647283,0.471830039275474,0.046046598334145,0.115727863114556,0.094352135673393,0.046383800061529,14.918010456162021,12.325820301749729
185,test,heatmap_start,1,1,5,-1.400000000000000,-1.200000000000000,0.400000000000000,0.600000000000000,-1.289544544627482,0.481564600856070,0.097632287222247,0.059567308974303,0.047748690743454,0.096233013987317,9.580704678498648,21.477929284220409
186,test,heatmap_start,1,1,5,-1.400000000000000,-1.200000000000000,0.600000000000000,0.800000000000000,-1.278971414841468,0.787372217394467,0.096831788434976,0.058343495801979,0.157451294103996,0.078102845915504,14.039529882346795,18.654107798663347
187,test,heatmap_start,1,1,5,-1.400000000000000,-1.200000000000000,0.600000000000000,0.800000000000000,-1.275793365903951,0.627296720540795,0.047579824226202,0.118751395405752,0.061319208868698,0.125355256542294,12.850521698762737,9.921197536018383
188,test,heatmap_start,1,1,5,-1.400000000000000,-1.200000000000000,0.800000000000000,1.000000000000000,-1.372589096337960,0.930724083508508,0.103919646242623,0.063181431383543,0.186117452666930,0.087020430433224,10.875056732786810,15.681965217711195
189,test,heatmap_start,1,1,5,-1.400000000000000,-1.200000000000000,0.800000000000000,1.000000000000000,-1.206617036862853,0.813549490727935,0.045569093081760,0.112312432935637,0.162685979137852,0.080283555920928,7.015789744538849,14.460845185358892
190,test,heatmap_start,1,1,5,-1.400000000000000,-1.200000000000000,1.000000000000000,1.200000000000000,-1.298807344193476,1.195693173145472,0.048938635766054,0.120893546406657,0.118560179817540,0.238940232839577,19.661209359603799,22.024874228001465
191,test,heatmap_start,1,1,5,-1.400000000000000,-1.200000000000000,1.000000000000000,1.200000000000000,-1.206638283212736,1.086099992042387,0.045611114551372,0.112314410555025,0.108220400577486,0.217039781454115,8.654859600397920,10.360608150104781
192,test,heatmap_start,1,1,5,-1.400000000000000,-1.200000000000000,1.200000000000000,1.400000000000000,-1.221551329516019,1.267659635459359,0.045833117767701,0.113702523321241,0.253494656881551,0.125057526410046,10.885346818116037,10.841331843031469
193,test,heatmap_start,1,1,5,-1.400000000000000,-1.200000000000000,1.200000000000000,1.400000000000000,-1.264116552137819,1.315986766278444,0.047843948343597,0.117664512556476,0.130619715460882,0.262978991107878,20.223135759182842,19.515993413229978
194,test,heatmap_start,1,1,5,-1.400000000000000,-1.200000000000000,1.400000000000000,1.600000000000000,-1.302056169283814,1.521375581699421,0.098579550763591,0.060554212860828,0.304230386677189,0.147995426940479,12.642839997763666,19.359001604857724
195,test,heatmap_start,1,1,5,-1.400000000000000,-1.200000000000000,1.400000000000000,1.600000000000000,-1.298686103120409,1.556816022052406,0.098324400781379,0.058929987899213,0.155578933401521,0.311104881379404,13.295693501009978,8.539438274713007
196,test,heatmap_start,1,1,5,-1.400000000000000,-1.200000000000000,1.600000000000000,1.800000000000000,-1.375688510669326,1.730895391446741,0.051947166521942,0.128049678460189,0.346128188576149,0.169643130561204,16.830439909963520,7.341461291785436
197,test,heatmap_start,1,1,5,-1.400000000000000,-1.200000000000000,1.600000000000000,1.800000000000000,-1.204502863086372,1.750630004476254,0.091193724155407,0.052636235373471,0.350074530968596,0.174073363302731,8.074474875433973,12.675364149234440
198,test,heatmap_start,1,1,5,-1.400000000000000,-1.200000000000000,1.800000000000000,2.000000000000000,-1.388385534237317,1.864506187673735,0.052450177154527,0.129231522876766,0.372846419556944,0.180822664707925,21.665712881385716,29.152762558862662
199,test,heatmap_start,1,1,5,-1.400000000000000,-1.200000000000000,1.800000000000000,2.000000000000000,-1.291414397773448,1.996548502682856,0.048848113813160,0.120205407773081,0.198467967345001,0.398978412540046,16.830119248095386,21.950953981011537
200,test,heatmap_start,1,1,5,-1.200000000000000,-1.000000000000000,-2.000000000000000,-1.800000000000000,-1.040400223736266,-1.902644307447744,0.038992965900802,0.096840900455380,0.184863729277228,0.380213155049225,13.721080353771914,8.578693609026971
201,test,heatmap_start,1,1,5,-1.200000000000000,-1.000000000000000,-2.000000000000000,-1.800000000000000,-1.026686612116426,-1.863719183231636,0.077731135864208,0.046522992054341,0.372689041807086,0.185954645617413,10.817849411698262,2.779284033538801
202,test,heatmap_start,1,1,5,-1.200000000000000,-1.000000000000000,-1.800000000000000,-1.600000000000000,-1.006822562735849,-1.668742034873487,0.037434406688266,0.093715477322743,0.166244626416117,0.333471512020877,7.262483793312505,8.997808826717062
203,test,heatmap_start,1,1,5,-1.200000000000000,-1.000000000000000,-1.800000000000000,-1.600000000000000,-1.168869391479425,-1.703825003558528,0.044211587017470,0.108798865862502,0.340714906889629,0.149060447446928,19.538900112488815,7.055488587268286
204,test,heatmap_start,1,1,5,-1.200000000000000,-1.000000000000000,-1.600000000000000,-1.400000000000000,-1.026658438465770,-1.419587650193244,0.037014349343089,0.095561809170028,0.139029134164490,0.283681977359666,6.067294783268583,5.174409112436535
205,test,heatmap_start,1,1,5,-1.200000000000000,-1.000000000000000,-1.600000000000000,-1.400000000000000,-1.178075937209513,-1.546626924139455,0.043953896545265,0.109655815100156,0.309279912755469,0.143274844096760,9.046502703965910,7.452662236323318
206,test,heatmap_start,1,1,5,-1.200000000000000,-1.000000000000000,-1.400000000000000,-1.200000000000000,-1.153477191351893,-1.340788498737968,0.087330536133524,0.053620880658272,0.130088937666233,0.267935222239577,21.847450291308242,6.869072894009520
207,test,heatmap_start,1,1,5,-1.200000000000000,-1.000000000000000,-1.400000000000000,-1.200000000000000,-1.046242528908480,-1.247025863987111,0.079211727514253,0.048435063105132,0.249368509236537,0.123721528864061,9.770399418122359,14.248445677248071
208,test,heatmap_start,1,1,4,-1.200000000000000,-1.000000000000000,-1.200000000000000,-1.000000000000000,-1.077965961396494,-1.079495130902436,0.040768648813319,0.100337535479373,0.215867288157564,0.107168941723398,10.015630006608543,18.852379392925911
209,test,heatmap_start,1,1,5,-1.200000000000000,-1.000000000000000,-1.200000000000000,-1.000000000000000,-1.132747585253686,-1.060042073795850,0.085761083674502,0.052154674384938,0.211977248671733,0.105152838569273,12.098811300861840,14.698507628167363
210,test,heatmap_start,1,1,5,-1.200000000000000,-1.000000000000000,-1.000000000000000,-0.800000000000000,-1.169943196208024,-0.869472312723570,0.043985240628748,0.108898816068642,0.173868899361146,0.085929867837295,5.152100119144840,9.727212359127918
211,test,heatmap_start,1,1,5,-1.200000000000000,-1.000000000000000,-1.000000000000000,-0.800000000000000,-1.015845533889219,-0.910952527859837,0.038122409043262,0.094555339359813,0.089355915700808,0.182039350898049,11.562263047267777,12.519426335517323
212,test,heatmap_start,1,1,5,-1.200000000000000,-1.000000000000000,-0.800000000000000,-0.600000000000000,-1.087539453843117,-0.647153618425205,0.082338345554251,0.049331014230508,0.063502050714461,0.129323341257114,8.080773726150424,6.562593794163490
213,test,heatmap_start,1,1,5,-1.200000000000000,-1.000000000000000,-0.800000000000000,-0.600000000000000,-1.159925319106206,-0.734764998890821,0.087818728234819,0.053200992112114,0.073284938377533,0.146831079963007,9.411643500824106,10.952976661083795
214,test,heatmap_start,1,1,5,-1.200000000000000,-1.000000000000000,-0.600000000000000,-0.400000000000000,-1.185754133118981,-0.435752152378401,0.089774245164274,0.052258564332718,0.043537257883397,0.087078125967501,14.438204962222152,8.503204163223302
215,test,heatmap_start,1,1,5,-1.200000000000000,-1.000000000000000,-0.600000000000000,-0.400000000000000,-1.127357667461631,-0.519891599600478,0.085353009363172,0.052323115869361,0.050820560824508,0.103892054123792,7.220941183640164,14.243095810717193
216,test,heatmap_start,1,1,5,-1.200000000000000,-1.000000000000000,-0.400000000000000,-0.200000000000000,-1.013635839886948,-0.206342981527165,0.076743053096467,0.045885297817609,0.020506132957746,0.041234357741804,8.200695229274089,6.629235956122841
217,test,heatmap_start,1,1,5,-1.200000000000000,-1.000000000000000,-0.400000000000000,-0.200000000000000,-1.144333827026308,-0.203228388578131,0.086638285853584,0.052490133972407,0.020301310188733,0.040611955957503,10.369592216741708,15.316847817764938
218,test,heatmap_start,1,1,5,-1.200000000000000,-1.000000000000000,-0.200000000000000,0.000000000000000,-1.175122254731918,-0.155433520081776,0.088969298480794,0.054437600417400,0.031082134146161,0.015471153437834,14.447440631227909,10.603949272192949
219,test,heatmap_start,1,1,5,-1.200000000000000,-1.000000000000000,-0.200000000000000,0.000000000000000,-1.172417943803771,-0.173130432358000,0.088764553276469,0.052101293254215,0.034620996297987,0.016922474639118,15.264453098020322,10.725919261198044
220,test,heatmap_start,1,1,5,-1.200000000000000,-1.000000000000000,0.000000000000000,0.200000000000000,-1.174471461349191,0.024521147208841,0.088920026474852,0.054310536392247,0.004903508500367,0.002411445260864,13.221331574926438,9.401782562658838
221,test,heatmap_start,1,1,5,-1.200000000000000,-1.000000000000000,0.000000000000000,0.200000000000000,-1.177126148415920,0.027642998045722,0.089121014623159,0.054246432893105,0.005527786882824,0.002760130309684,32.141812896679440,10.320302576826180
222,test,heatmap_start,1,1,5,-1.200000000000000,-1.000000000000000,0.200000000000000,0.400000000000000,-1.036078184115012,0.324868478442145,0.039183931234364,0.096438603147885,0.032272366809273,0.064919790147335,16.187445141329029,18.490181485910114
223,test,heatmap_start,1,1,5,-1.200000000000000,-1.000000000000000,0.200000000000000,0.400000000000000,-1.189224021352693,0.327386589291104,0.044764522372294,0.110693483568643,0.032559277953990,0.065422994486107,5.389033276409886,17.581367376872890
224,test,heatmap_start,1,1,5,-1.200000000000000,-1.000000000000000,0.400000000000000,0.600000000000000,-1.091398264374120,0.492895128920088,0.082630498702174,0.050787412680495,0.048997846281626,0.098497239521606,18.180873400007926,10.084468418616495
225,test,heatmap_start,1,1,5,-1.200000000000000,-1.000000000000000,0.400000000000000,0.600000000000000,-1.170214430116062,0.476900013921244,0.088597723768987,0.054007016473987,0.047417775610035,0.095300870596905,8.498848644834144,16.980254774640969
226,test,heatmap_start,1,1,5,-1.200000000000000,-1.000000000000000,0.600000000000000,0.800000000000000,-1.161598202003856,0.644403004827911,0.087945383327296,0.053966205368875,0.064363251466775,0.128773674947938,19.218048454865247,15.672042044986142
227,test,heatmap_start,1,1,5,-1.200000000000000,-1.000000000000000,0.600000000000000,0.800000000000000,-1.012973013644752,0.761747504160152,0.076692870074620,0.046811249551396,0.152327104844261,0.074729834879455,12.663345754341581,10.724651417082185
228,test,heatmap_start,1,1,5,-1.200000000000000,-1.000000000000000,0.800000000000000,1.000000000000000,-1.058181156856590,0.824080924772014,0.039936379022688,0.098495957360429,0.080705933985721,0.164679444916194,26.089917455859634,9.502159071853896
229,test,heatmap_start,1,1,5,-1.200000000000000,-1.000000000000000,0.800000000000000,1.000000000000000,-1.059846620836694,0.988996040704593,0.039796825065225,0.098650979464259,0.098248777259130,0.197635103679416,8.640626301638605,9.770853295480267
230,test,heatmap_start,1,1,5,-1.200000000000000,-1.000000000000000,1.000000000000000,1.200000000000000,-1.013358478123142,1.092095125436627,0.076722053850260,0.046251083331757,0.107900192061396,0.218237813358366,10.532543441423165,16.313320338816368
231,test,heatmap_start,1,1,5,-1.200000000000000,-1.000000000000000,1.000000000000000,1.200000000000000,-1.051573505298985,1.196098438559902,0.079615339332318,0.048463902862799,0.118622608994321,0.239021218676630,22.120212781472972,5.800001297500643
232,test,heatmap_start,1,1,5,-1.200000000000000,-1.000000000000000,1.200000000000000,1.400000000000000,-1.026763489147784,1.334786564886589,0.077736956276103,0.047763981115463,0.133431557840045,0.266735831372300,6.630707697195867,13.846315540938576
233,test,heatmap_start,1,1,5,-1.200000000000000,-1.000000000000000,1.200000000000000,1.400000000000000,-1.087728002349174,1.387540415936847,0.082352620688814,0.050521997639568,0.277467288385923,0.137122982475732,16.637932180684498,8.438647266724104
234,test,heatmap_start,1,1,5,-1.200000000000000,-1.000000000000000,1.400000000000000,1.600000000000000,-1.120773878570388,1.553299045894378,0.042369198828653,0.104322114827936,0.154624084926662,0.310402069720892,11.876262684278700,12.321006117127297
235,test,heatmap_start,1,1,5,-1.200000000000000,-1.000000000000000,1.400000000000000,1.600000000000000,-1.137860487058247,1.472669672118555,0.086148184918582,0.051908838616781,0.294490636753834,0.144050632804961,7.620354233596558,11.816597453898339
236,test,heatmap_start,1,1,5,-1.200000000000000,-1.000000000000000,1.600000000000000,1.800000000000000,-1.186383755887083,1.720546516328938,0.089821914328703,0.055008417572052,0.170244898665215,0.343823812376106,9.500069634853707,12.393741285399756
237,test,heatmap_start,1,1,5,-1.200000000000000,-1.000000000000000,1.600000000000000,1.800000000000000,-1.019779087111308,1.792838574056083,0.077208162487209,0.046522661096580,0.178478861047877,0.358270228474924,7.710072325886959,5.956382288254474
238,test,heatmap_start,1,1,5,-1.200000000000000,-1.000000000000000,1.800000000000000,2.000000000000000,-1.110832760155160,1.829990860598824,0.041966806407642,0.103396791248701,0.182229493097525,0.365694521091476,14.303690428436568,5.796000261997222
239,test,heatmap_start,1,1,5,-1.200000000000000,-1.000000000000000,1.800000000000000,2.000000000000000,-1.080052653200229,1.974940850399973,0.081771514828017,0.049646462040961,0.195293930889736,0.394660467448826,18.809410987106741,10.481360399099742
240,test,heatmap_start,1,1,5,-1.000000000000000,-0.800000000000000,-2.000000000000000,-1.800000000000000,-0.849743131416807,-1.920352523638088,0.031839663819418,0.079094456272471,0.190767359117531,0.383751859956742,9.074079904749155,12.953158418246915
241,test,heatmap_start,1,1,5,-1.000000000000000,-0.800000000000000,-2.000000000000000,-1.800000000000000,-0.817732692683096,-1.946686075617763,0.061911093692479,0.036374862380392,0.193644589941424,0.389014200817119,9.578275119206033,3.710955587994835
242,test,heatmap_start,1,1,5,-1.000000000000000,-0.800000000000000,-1.800000000000000,-1.600000000000000,-0.864767256084367,-1.657577989175004,0.065472112210605,0.039298579142057,0.331466863712251,0.160068547789299,7.215954330669128,12.299452815122606
243,test,heatmap_start,1,1,5,-1.000000000000000,-0.800000000000000,-1.800000000000000,-1.600000000000000,-0.873767852833394,-1.797891499060478,0.066153553461032,0.040257364765403,0.359525440359582,0.178102551216886,4.703324866117352,11.273286435720308
244,test,heatmap_start,1,1,5,-1.000000000000000,-0.800000000000000,-1.600000000000000,-1.400000000000000,-0.891059179703640,-1.459110887765096,0.067462691480717,0.041446457199225,0.144231462471130,0.291580066769301,10.321098648564192,5.817813039822056
245,test,heatmap_start,1,1,5,-1.000000000000000,-0.800000000000000,-1.600000000000000,-1.400000000000000,-0.867105690289461,-1.583480277920255,0.065649156641457,0.040291249617063,0.154645883328328,0.316433308143603,9.088723841581466,10.021628743809515
246,test,heatmap_start,1,1,5,-1.000000000000000,-0.800000000000000,-1.400000000000000,-1.200000000000000,-0.955880344898892,-1.367641157309222,0.072370345617048,0.042981267499458,0.273488021714566,0.130841683547406,14.794524669374958,11.880549524358344
247,test,heatmap_start,1,1,5,-1.000000000000000,-0.800000000000000,-1.400000000000000,-1.200000000000000,-0.970923897637717,-1.205129874290275,0.073509303141206,0.044652659760548,0.119041724086281,0.240826007233392,9.991940924222423,6.227009059727351
248,test,heatmap_start,1,1,5,-1.000000000000000,-0.800000000000000,-1.200000000000000,-1.000000000000000,-0.845218298344453,-1.192246519953088,0.063992047435091,0.038622649543055,0.119179687259614,0.238251474105479,8.684684044163102,9.982404923720082
249,test,heatmap_start,1,1,5,-1.000000000000000,-0.800000000000000,-1.200000000000000,-1.000000000000000,-0.909124210844135,-1.083716052708876,0.068830407172537,0.041770739950791,0.107749501698756,0.216563389155306,4.263997545844187,7.981834048669100
250,test,heatmap_start,1,1,5,-1.000000000000000,-0.800000000000000,-1.000000000000000,-0.800000000000000,-0.904069674707848,-0.864067959632562,0.033179589459797,0.084151194295883,0.085274053803537,0.172670216825520,17.839675647998181,14.767741301833098
251,test,heatmap_start,1,1,5,-1.000000000000000,-0.800000000000000,-1.000000000000000,-0.800000000000000,-0.886683113971028,-0.905604591684837,0.033414962348167,0.082532845741968,0.181094292835409,0.089141272412220,7.117995066388128,11.751454552698533
252,test,heatmap_start,1,1,5,-1.000000000000000,-0.800000000000000,-0.800000000000000,-0.600000000000000,-0.856856435201392,-0.671701665002672,0.064873178626008,0.039547054995544,0.067008258112372,0.134228877306589,13.004825180450702,7.794668763151833
253,test,heatmap_start,1,1,5,-1.000000000000000,-0.800000000000000,-0.800000000000000,-0.600000000000000,-0.858429694413955,-0.693027093447525,0.064992291142095,0.039220748856843,0.138585043136945,0.066540187743258,12.260599754713787,6.380849456898630
254,test,heatmap_start,1,1,5,-1.000000000000000,-0.800000000000000,-0.600000000000000,-0.400000000000000,-0.965771207297293,-0.550760544031550,0.073119189480239,0.044376223304510,0.110135916004443,0.054013399504544,10.826174924607738,7.612919348231401
255,test,heatmap_start,1,1,5,-1.000000000000000,-0.800000000000000,-0.600000000000000,-0.400000000000000,-0.996320178559150,-0.448727364217545,0.075432072698588,0.046061150558664,0.089732279898989,0.044270535228003,25.343518953198590,6.850060170277828
256,test,heatmap_start,1,1,5,-1.000000000000000,-0.800000000000000,-0.400000000000000,-0.200000000000000,-0.998197465979136,-0.301495238285906,0.036860117321317,0.092912649605698,0.029467169643589,0.060249020446062,9.940640387579034,16.672951116308582
257,test,heatmap_start,1,1,5,-1.000000000000000,-0.800000000000000,-0.400000000000000,-0.200000000000000,-0.914013131094562,-0.206574944266895,0.069200550622087,0.042046721891702,0.020541881098463,0.041280711800091,7.438421877626599,10.200882020521021
258,test,heatmap_start,1,1,5,-1.000000000000000,-0.800000000000000,-0.200000000000000,0.000000000000000,-0.849640801476909,-0.133342147635738,0.064326878130059,0.039003772737844,0.013306563689226,0.026646304017608,4.461784409349098,3.013417415720384
259,test,heatmap_start,1,1,5,-1.000000000000000,-0.800000000000000,-0.200000000000000,0.000000000000000,-0.832797756449403,-0.120398736656798,0.063051679831036,0.038379327809499,0.024076207511906,0.011418514512003,12.487738134884694,9.984499139783964
260,test,heatmap_start,1,1,5,-1.000000000000000,-0.800000000000000,0.000000000000000,0.200000000000000,-0.874863927247143,0.161892060579704,0.033086562754229,0.081432710756529,0.032373652359474,0.016134709934892,6.765502695609214,12.390129972969959
261,test,heatmap_start,1,1,5,-1.000000000000000,-0.800000000000000,0.000000000000000,0.200000000000000,-0.898654645696035,0.109542180717789,0.033719003608737,0.083647161065658,0.010901527083866,0.021890259770915,5.331576624616567,9.897591742448753
262,test,heatmap_start,1,1,5,-1.000000000000000,-0.800000000000000,0.200000000000000,0.400000000000000,-0.981568380147587,0.287242030110198,0.074315204091324,0.045302057802125,0.057439960875901,0.028424815758411,7.042479604820755,15.538909635061316
263,test,heatmap_start,1,1,5,-1.000000000000000,-0.800000000000000,0.200000000000000,0.400000000000000,-0.869305815102533,0.291886160599168,0.065815729574955,0.039659503129112,0.058368650432533,0.029160740695206,6.475571912295874,5.282242600164935
264,test,heatmap_start,1,1,5,-1.000000000000000,-0.800000000000000,0.400000000000000,0.600000000000000,-0.989743258495113,0.537762674884170,0.074934129644659,0.045192383851690,0.107536724322748,0.051719998547450,8.471938355052036,14.998568463522133
265,test,heatmap_start,1,1,5,-1.000000000000000,-0.800000000000000,0.400000000000000,0.600000000000000,-0.920405605390025,0.417587025943118,0.034372888713106,0.085671749752279,0.083505127795032,0.040408204898921,6.093373137387076,31.544551648460811
266,test,heatmap_start,1,1,5,-1.000000000000000,-0.800000000000000,0.600000000000000,0.800000000000000,-0.922478840668577,0.740488765794926,0.034772050646618,0.085864727384012,0.148075982195180,0.073694045435627,3.898758432226089,9.519008048757257
267,test,heatmap_start,1,1,5,-1.000000000000000,-0.800000000000000,0.600000000000000,0.800000000000000,-0.914951760848381,0.701589709802004,0.069271614913818,0.042537748598795,0.068173076787392,0.140201526932651,6.496558530290900,7.679736640041540
268,test,heatmap_start,1,1,5,-1.000000000000000,-0.800000000000000,0.800000000000000,1.000000000000000,-0.878256578563686,0.800958616488956,0.066493397913546,0.040653515190423,0.079460552484529,0.160058819952343,5.512931362292612,16.477069121574971
269,test,heatmap_start,1,1,5,-1.000000000000000,-0.800000000000000,0.800000000000000,1.000000000000000,-0.926024763728964,0.981838090505895,0.070109959430224,0.042098920496448,0.097958120711904,0.196204701360875,6.903452840153452,14.294972085721099
270,test,heatmap_start,1,1,5,-1.000000000000000,-0.800000000000000,1.000000000000000,1.200000000000000,-0.802785391663818,1.010141803084052,0.060779423450927,0.036904857912181,0.100952984374067,0.201860747431505,5.654697445719576,7.162617191896970
271,test,heatmap_start,1,1,5,-1.000000000000000,-0.800000000000000,1.000000000000000,1.200000000000000,-0.824649157635835,1.060107416364489,0.062434743918943,0.038126373902341,0.103187606568840,0.211845579275776,27.115179859505702,12.922851416429580
272,test,heatmap_start,1,1,5,-1.000000000000000,-0.800000000000000,1.200000000000000,1.400000000000000,-0.884307207172982,1.216940601141733,0.066951495086474,0.040814717420515,0.120815184559314,0.243186192845615,8.635530835682484,10.813844905136136
273,test,heatmap_start,1,1,5,-1.000000000000000,-0.800000000000000,1.200000000000000,1.400000000000000,-0.913414002327445,1.397459001180607,0.034476288956243,0.085020968331092,0.139008692870300,0.279259919371667,5.154525073472699,9.559555813270777
274,test,heatmap_start,1,1,5,-1.000000000000000,-0.800000000000000,1.400000000000000,1.600000000000000,-0.905579280862605,1.557858645188377,0.068562018132716,0.040209093786317,0.311525926743643,0.155640388032473,7.810128590120248,8.039731256164316
275,test,heatmap_start,1,1,5,-1.000000000000000,-0.800000000000000,1.400000000000000,1.600000000000000,-0.871190045368330,1.400696438721350,0.065958385919219,0.039973476696641,0.139423971385296,0.279906869690663,5.341838293841271,6.112034910544935
276,test,heatmap_start,1,1,5,-1.000000000000000,-0.800000000000000,1.600000000000000,1.800000000000000,-0.928818326158623,1.625100010990526,0.035102808204471,0.086454809420976,0.162326588307509,0.324750348780684,7.056881006406499,7.380773716605916
277,test,heatmap_start,1,1,5,-1.000000000000000,-0.800000000000000,1.600000000000000,1.800000000000000,-0.901994024966634,1.643607514191446,0.034083781728985,0.083957991924926,0.164074758281718,0.328448778464341,9.735055644711849,11.935338777150037
278,test,heatmap_start,1,1,5,-1.000000000000000,-0.800000000000000,1.800000000000000,2.000000000000000,-0.903111925182235,1.866290030243139,0.068375212970018,0.041457229655628,0.186418175000675,0.372948331886330,6.417087668205314,14.414821956878768
279,test,heatmap_start,1,1,5,-1.000000000000000,-0.800000000000000,1.800000000000000,2.000000000000000,-0.931418294740576,1.992343279111234,0.035166268427828,0.086696815615215,0.398410079331392,0.194643085867761,19.240351895775301,12.229848628262744
280,test,heatmap_start,1,1,5,-0.800000000000000,-0.600000000000000,-2.000000000000000,-1.800000000000000,-0.711594168133095,-1.851688180416048,0.053875274412421,0.032992093856490,0.183586936618003,0.370030384810999,10.755839896629027,3.731164681658663
281,test,heatmap_start,1,1,5,-0.800000000000000,-0.600000000000000,-2.000000000000000,-1.800000000000000,-0.799439207617444,-1.870213200369568,0.029812513922088,0.074412145402069,0.180988297436205,0.373732314938614,7.973312008137412,9.607851151498892
282,test,heatmap_start,1,1,5,-0.800000000000000,-0.600000000000000,-1.800000000000000,-1.600000000000000,-0.729700386382330,-1.792045140215866,0.055246108408023,0.031549965151242,0.177199978420944,0.358111673361638,21.507399294020516,12.753732114928596
283,test,heatmap_start,1,1,5,-0.800000000000000,-0.600000000000000,-1.800000000000000,-1.600000000000000,-0.778716770530475,-1.611082071821144,0.028976185265692,0.072483292042229,0.322169047258753,0.155371460060319,4.642140361125581,9.059223963938734
284,test,heatmap_start,1,1,5,-0.800000000000000,-0.600000000000000,-1.600000000000000,-1.400000000000000,-0.654283583002326,-1.561351942460283,0.049536251358372,0.029755358809514,0.154131671376426,0.312011312814108,5.086884074004269,5.807048733252799
285,test,heatmap_start,1,1,5,-0.800000000000000,-0.600000000000000,-1.600000000000000,-1.400000000000000,-0.719696764267942,-1.522672209568511,0.054488727430682,0.033116112298657,0.304489674129107,0.148360795012314,7.469517387519886,7.917512509728908
286,test,heatmap_start,1,1,5,-0.800000000000000,-0.600000000000000,-1.400000000000000,-1.200000000000000,-0.747462199981569,-1.240420550134511,0.056590867295286,0.033473949963868,0.123829692510648,0.247878286607961,8.640834082379648,3.644909952253244
287,test,heatmap_start,1,1,5,-0.800000000000000,-0.600000000000000,-1.400000000000000,-1.200000000000000,-0.711640508092581,-1.340739172504835,0.053878782842009,0.032290515151951,0.268108415693626,0.133259414217999,4.788400589284080,4.800951251283209
288,test,heatmap_start,1,1,5,-0.800000000000000,-0.600000000000000,-1.200000000000000,-1.000000000000000,-0.680104220327063,-1.018044777062106,0.051491149225261,0.030153261030979,0.203579024079202,0.100895317383074,4.426238646936369,5.042598820730120
289,test,heatmap_start,1,1,5,-0.800000000000000,-0.600000000000000,-1.200000000000000,-1.000000000000000,-0.768263292649157,-1.138642604832930,0.058165732050691,0.034795401612500,0.112520537197365,0.227539585597970,4.651073780192971,13.022346738314411
290,test,heatmap_start,1,1,5,-0.800000000000000,-0.600000000000000,-1.000000000000000,-0.800000000000000,-0.634058120696141,-0.903532608288781,0.048004967965870,0.029442564792442,0.180679957074172,0.090001813855353,11.877738985801550,9.552472898553788
291,test,heatmap_start,1,1,5,-0.800000000000000,-0.600000000000000,-1.000000000000000,-0.800000000000000,-0.618888342402130,-0.937954314307427,0.046856453819794,0.028402342071169,0.093630025036494,0.187435227771628,6.792103594838409,8.176832858399393
292,test,heatmap_start,1,1,5,-0.800000000000000,-0.600000000000000,-0.800000000000000,-0.600000000000000,-0.757910801296392,-0.619728352038272,0.057381937948013,0.033662826125127,0.061572433306578,0.123842838663842,5.104764930887370,2.751569279048589
293,test,heatmap_start,1,1,5,-0.800000000000000,-0.600000000000000,-0.800000000000000,-0.600000000000000,-0.609274464327037,-0.739953493575667,0.046128580626536,0.027568231252719,0.147968943488760,0.073664176262711,17.684422920359449,7.817260819738181
294,test,heatmap_start,1,1,5,-0.800000000000000,-0.600000000000000,-0.600000000000000,-0.400000000000000,-0.650461356403144,-0.507573493299335,0.024010133285917,0.060545222913635,0.101499775591940,0.050657060902023,7.074607792360133,11.823388225858650
295,test,heatmap_start,1,1,5,-0.800000000000000,-0.600000000000000,-0.600000000000000,-0.400000000000000,-0.726688971031289,-0.539012001581788,0.055018112120711,0.033542622314477,0.053673690418501,0.107712961865017,7.156411214497599,12.622767486607529
296,test,heatmap_start,1,1,5,-0.800000000000000,-0.600000000000000,-0.400000000000000,-0.200000000000000,-0.731450513981822,-0.231902870732372,0.026871649458824,0.068083728546473,0.046373756016020,0.022542464846124,6.145388417607531,4.075116645762733
297,test,heatmap_start,1,1,5,-0.800000000000000,-0.600000000000000,-0.400000000000000,-0.200000000000000,-0.715093525799347,-0.245876117455414,0.054140213141516,0.032949807999330,0.024459933407999,0.049134425180280,6.288057520054074,11.316958821129163
298,test,heatmap_start,1,1,5,-0.800000000000000,-0.600000000000000,-0.200000000000000,0.000000000000000,-0.758665519597430,-0.028066780832249,0.057439078179613,0.034535616925343,0.002791691432369,0.005608699035617,9.826978444944700,11.255812323358725
299,test,heatmap_start,1,1,5,-0.800000000000000,-0.600000000000000,-0.200000000000000,0.000000000000000,-0.754383813133623,-0.145448919872305,0.057114907295391,0.034632297490663,0.014261360438296,0.029065649583938,6.405983977925596,9.941994775550654
300,test,heatmap_start,1,1,5,-0.800000000000000,-0.600000000000000,0.000000000000000,0.200000000000000,-0.681091318200607,0.027638094686014,0.051565883071026,0.031613141897322,0.005526806355045,0.002645464134539,3.736405142676733,7.055294553655074
301,test,heatmap_start,1,1,5,-0.800000000000000,-0.600000000000000,0.000000000000000,0.200000000000000,-0.619647042503780,0.168908067403975,0.046913895516205,0.027936078728540,0.033776647448099,0.016233203605379,5.273839190143809,4.083562922794925
302,test,heatmap_start,1,1,5,-0.800000000000000,-0.600000000000000,0.200000000000000,0.400000000000000,-0.766573632274664,0.301153176659807,0.028305621307630,0.071353003508819,0.060221781186954,0.028390579411268,17.574904429137217,10.843277459637022
303,test,heatmap_start,1,1,5,-0.800000000000000,-0.600000000000000,0.200000000000000,0.400000000000000,-0.701056389129378,0.243184105969665,0.025867195956363,0.065254630328199,0.048629671386112,0.022997953262026,5.488474067320801,9.753955559787983
304,test,heatmap_start,1,1,5,-0.800000000000000,-0.600000000000000,0.400000000000000,0.600000000000000,-0.774299282742126,0.583722219046010,0.028993929184376,0.072072110378275,0.116727281907644,0.058238507731884,6.413767619866235,12.129943559145204
305,test,heatmap_start,1,1,5,-0.800000000000000,-0.600000000000000,0.400000000000000,0.600000000000000,-0.661430772151830,0.568549682251752,0.023970572073147,0.061566260851091,0.113693220633547,0.050197640128968,3.554829815956414,2.975249589632199
306,test,heatmap_start,1,1,5,-0.800000000000000,-0.600000000000000,0.600000000000000,0.800000000000000,-0.788338396950082,0.621026439963633,0.059685631737204,0.035965714399332,0.061816372758943,0.124102240856727,4.393847901476260,4.479120267489853
307,test,heatmap_start,1,1,5,-0.800000000000000,-0.600000000000000,0.600000000000000,0.800000000000000,-0.700263115398834,0.663499503622088,0.053017392767549,0.032473994172121,0.132680393306688,0.064048619680562,7.632223033036148,8.902108347592446
308,test,heatmap_start,1,1,5,-0.800000000000000,-0.600000000000000,0.800000000000000,1.000000000000000,-0.655080858043435,0.951594701171378,0.024702757970934,0.060975208113844,0.190290962586600,0.093700072050133,13.914193035349253,7.593324010728395
309,test,heatmap_start,1,1,5,-0.800000000000000,-0.600000000000000,0.800000000000000,1.000000000000000,-0.760212363282321,0.917149242159745,0.057556190758283,0.034897043287968,0.089346118662873,0.183277665535044,10.477976744620815,10.800107931470620
310,test,heatmap_start,1,1,5,-0.800000000000000,-0.600000000000000,1.000000000000000,1.200000000000000,-0.728046938071990,1.023051962207389,0.026301474101180,0.067766922236405,0.204580313892998,0.098593145466417,6.513215770391113,13.374511223553043
311,test,heatmap_start,1,1,5,-0.800000000000000,-0.600000000000000,1.000000000000000,1.200000000000000,-0.719877250367891,1.077999243776964,0.054502392155040,0.032909793978525,0.105462222565181,0.215420975961044,4.477367515362279,10.569338358066830
312,test,heatmap_start,1,1,5,-0.800000000000000,-0.600000000000000,1.200000000000000,1.400000000000000,-0.610469180297434,1.273965983830966,0.046219033378445,0.028304650764033,0.127173850916975,0.254581807141620,4.506145982386668,3.453749368176091
313,test,heatmap_start,1,1,5,-0.800000000000000,-0.600000000000000,1.200000000000000,1.400000000000000,-0.681768660580630,1.231053849838854,0.025740123614371,0.063459320256377,0.121773743115637,0.246006500768710,5.437866009289690,9.764267253924913
314,test,heatmap_start,1,1,5,-0.800000000000000,-0.600000000000000,1.400000000000000,1.600000000000000,-0.759413521166627,1.522280785809230,0.026650338449154,0.070686537286260,0.148782133094681,0.304203564574687,6.811370178616727,6.482189899722414
315,test,heatmap_start,1,1,5,-0.800000000000000,-0.600000000000000,1.400000000000000,1.600000000000000,-0.665496431595627,1.481244127007152,0.025124077125179,0.061944694181361,0.296205275635700,0.147023301650593,12.210179611011554,10.294106599203587
316,test,heatmap_start,1,1,5,-0.800000000000000,-0.600000000000000,1.600000000000000,1.800000000000000,-0.798643925388439,1.661455935467287,0.030028994118984,0.074338120190025,0.163879997598802,0.332015501124678,11.766831112899791,7.359756707911430
317,test,heatmap_start,1,1,5,-0.800000000000000,-0.600000000000000,1.600000000000000,1.800000000000000,-0.746799605412906,1.621916870621197,0.056540701813598,0.034339475773873,0.161230406483034,0.324114248886422,6.466476267712636,5.064694573184124
318,test,heatmap_start,1,1,5,-0.800000000000000,-0.600000000000000,1.800000000000000,2.000000000000000,-0.643850273575852,1.898839803593589,0.048746338464825,0.029913444528160,0.379712133305060,0.187631577082070,7.532007599152770,11.461039135069313
319,test,heatmap_start,1,1,5,-0.800000000000000,-0.600000000000000,1.800000000000000,2.000000000000000,-0.720450821387678,1.807142598925426,0.054545817603800,0.033255789559133,0.361375388342813,0.180536917932696,17.652121053431994,8.301549068564725
320,test,heatmap_start,1,1,5,-0.600000000000000,-0.400000000000000,-2.000000000000000,-1.800000000000000,-0.507690708231578,-1.831899706189838,0.038437605938188,0.022693813126239,0.181222095620226,0.366075973474257,4.565180263606212,3.864921081149321
321,test,heatmap_start,1,1,5,-0.600000000000000,-0.400000000000000,-2.000000000000000,-1.800000000000000,-0.445166510764861,-1.817912258043306,0.033703856777802,0.020627972273891,0.178492394571556,0.363280804787150,6.091840012425500,3.054866809609450
322,test,heatmap_start,1,1,5,-0.600000000000000,-0.400000000000000,-1.800000000000000,-1.600000000000000,-0.533600168861613,-1.738376345156157,0.020085778449710,0.049667733297989,0.347624159371991,0.166506599366422,3.201225756972915,3.086704970209048
323,test,heatmap_start,1,1,5,-0.600000000000000,-0.400000000000000,-1.800000000000000,-1.600000000000000,-0.496073301457530,-1.672641798261100,0.018754740668236,0.046174716334161,0.165645822022894,0.334250817609286,2.787638568287154,4.568768259671401
324,test,heatmap_start,1,1,5,-0.600000000000000,-0.400000000000000,-1.600000000000000,-1.400000000000000,-0.460488832865019,-1.509580915861434,0.034863920118326,0.021356680812102,0.150205179763291,0.301665697879023,6.870095980172991,3.480137743938258
325,test,heatmap_start,1,1,5,-0.600000000000000,-0.400000000000000,-1.600000000000000,-1.400000000000000,-0.534991010003043,-1.583523797882869,0.040504530198316,0.024790583233266,0.157377718019556,0.316442004914843,8.022407638501182,4.761460727991448
326,test,heatmap_start,1,1,5,-0.600000000000000,-0.400000000000000,-1.400000000000000,-1.200000000000000,-0.473444757108022,-1.277919793284456,0.035844821881039,0.021584503978298,0.255546386789699,0.126410311425010,3.430185959865618,3.704839221112621
327,test,heatmap_start,1,1,5,-0.600000000000000,-0.400000000000000,-1.400000000000000,-1.200000000000000,-0.440573496338109,-1.378512675954829,0.033356116557740,0.020126866814499,0.275662005812317,0.132184351388481,2.491819112849066,5.537933846101168
328,test,heatmap_start,1,1,5,-0.600000000000000,-0.400000000000000,-1.200000000000000,-1.000000000000000,-0.504393607314084,-1.170787119563311,0.038187980203956,0.023403854689910,0.234123001832029,0.111346566385159,5.399967561143097,8.097233148104749
329,test,heatmap_start,1,1,5,-0.600000000000000,-0.400000000000000,-1.200000000000000,-1.000000000000000,-0.486672275006899,-1.159155962610568,0.036846286182618,0.022306357088479,0.115396092695833,0.231638853364814,2.798075260184109,4.486107338139902
330,test,heatmap_start,1,1,5,-0.600000000000000,-0.400000000000000,-1.000000000000000,-0.800000000000000,-0.589192301128663,-0.938330518291523,0.022139273974407,0.054842272887804,0.187638515988248,0.092749837823471,7.356108266023821,8.403374069902327
331,test,heatmap_start,1,1,5,-0.600000000000000,-0.400000000000000,-1.000000000000000,-0.800000000000000,-0.559906129073394,-0.810889586856756,0.042390870667428,0.025708546211492,0.080903320541924,0.162043366176491,5.638464528880601,4.134298375078401
332,test,heatmap_start,1,1,5,-0.600000000000000,-0.400000000000000,-0.800000000000000,-0.600000000000000,-0.575464653140071,-0.763822957201631,0.021731008281281,0.053564497506735,0.076113567633523,0.152637850027908,4.981981865189319,10.399954043540788
333,test,heatmap_start,1,1,5,-0.600000000000000,-0.400000000000000,-0.800000000000000,-0.600000000000000,-0.531380488482414,-0.601364586164969,0.040231175178830,0.024667245609316,0.120255236631688,0.059926957812451,5.555510352180729,6.792839766813529
334,test,heatmap_start,1,1,5,-0.600000000000000,-0.400000000000000,-0.600000000000000,-0.400000000000000,-0.403424447192583,-0.461946623607490,0.015090178307734,0.037550921117206,0.092375743120146,0.045901659461299,4.173160642190883,3.250959093261145
335,test,heatmap_start,1,1,5,-0.600000000000000,-0.400000000000000,-0.600000000000000,-0.400000000000000,-0.474415558160562,-0.547201397443722,0.035918321883495,0.021812003790869,0.109424191328642,0.054139048815690,4.087538986379549,6.107369534518512
336,test,heatmap_start,1,1,5,-0.600000000000000,-0.400000000000000,-0.400000000000000,-0.200000000000000,-0.505726741593102,-0.279141977196397,0.038288912699369,0.023416730514880,0.055820188441195,0.027181442492461,3.712439512605513,8.185623586417307
337,test,heatmap_start,1,1,5,-0.600000000000000,-0.400000000000000,-0.400000000000000,-0.200000000000000,-0.421770355683344,-0.247639533859488,0.015929429885459,0.039258566172814,0.024656043136521,0.049486815856789,3.520873749833076,3.428771729972425
338,test,heatmap_start,1,1,5,-0.600000000000000,-0.400000000000000,-0.200000000000000,0.000000000000000,-0.458573167231120,-0.156688958398467,0.017289814669498,0.042684187706013,0.031333184898606,0.015507540852597,10.393681920675807,4.382590035681005
339,test,heatmap_start,1,1,5,-0.600000000000000,-0.400000000000000,-0.200000000000000,0.000000000000000,-0.470414242159536,-0.026220491099496,0.035615379550323,0.021265773487909,0.005243327316424,0.002588000627517,5.991493965240675,6.864871803924473
340,test,heatmap_start,1,1,5,-0.600000000000000,-0.400000000000000,0.000000000000000,0.200000000000000,-0.446534254868205,0.060780322371469,0.033807409606357,0.020741444918730,0.005785157346078,0.012145979173987,2.556553884972416,4.101327933075140
341,test,heatmap_start,1,1,5,-0.600000000000000,-0.400000000000000,0.000000000000000,0.200000000000000,-0.543762078237534,0.046639647584916,0.041168593690099,0.025044929565135,0.004554783630383,0.009320190583826,3.682407215496984,3.722707704392832
342,test,heatmap_start,1,1,5,-0.600000000000000,-0.400000000000000,0.200000000000000,0.400000000000000,-0.443066361842325,0.304041841794610,0.033544853086407,0.020009038386434,0.060799429284842,0.030290227146682,3.782697939259657,2.119758277781827
343,test,heatmap_start,1,1,5,-0.600000000000000,-0.400000000000000,0.200000000000000,0.400000000000000,-0.597588123595408,0.219865228828337,0.045243799887754,0.027790233360347,0.043966581551543,0.021575450585601,11.446422701128441,5.373502908018679
344,test,heatmap_start,1,1,5,-0.600000000000000,-0.400000000000000,0.400000000000000,0.600000000000000,-0.430053918962774,0.406240465988855,0.032559672259601,0.019781619723163,0.081236149402146,0.039651727333459,5.753748961013169,7.514526618006357
345,test,heatmap_start,1,1,5,-0.600000000000000,-0.400000000000000,0.400000000000000,0.600000000000000,-0.586840657654802,0.576917460146502,0.044430101992636,0.027190740565068,0.115366530193114,0.057181385827235,4.527603053865958,6.090395638547704
346,test,heatmap_start,1,1,5,-0.600000000000000,-0.400000000000000,0.600000000000000,0.800000000000000,-0.401610713347737,0.749593044342458,0.014876888687734,0.037382097990572,0.074638232222930,0.149794228630528,8.191494459113859,4.227941385887448
347,test,heatmap_start,1,1,5,-0.600000000000000,-0.400000000000000,0.600000000000000,0.800000000000000,-0.452968269750178,0.680091006646452,0.017129829244638,0.042162481436992,0.067461993024953,0.135905353588930,3.970709111441455,3.790913128155722
348,test,heatmap_start,1,1,5,-0.600000000000000,-0.400000000000000,0.800000000000000,1.000000000000000,-0.461073000134832,0.821668825693308,0.017336050944329,0.042916873228239,0.082120584371179,0.164197425340903,5.124989154813694,3.105700034090802
349,test,heatmap_start,1,1,5,-0.600000000000000,-0.400000000000000,0.800000000000000,1.000000000000000,-0.529359588716464,0.987412397385903,0.040078171494531,0.024094407446827,0.098456959172486,0.197318637790172,4.267823043116781,3.375524330779513
350,test,heatmap_start,1,1,5,-0.600000000000000,-0.400000000000000,1.000000000000000,1.200000000000000,-0.424355147018153,1.033366390234487,0.032128214392069,0.019626050903929,0.102729631375624,0.206501811197664,2.250861934598294,5.252063341683879
351,test,heatmap_start,1,1,5,-0.600000000000000,-0.400000000000000,1.000000000000000,1.200000000000000,-0.461796738613096,1.067300082541611,0.034962942544645,0.021108739038310,0.106584124401031,0.213282919029567,7.714068269526273,7.841184250795038
352,test,heatmap_start,1,1,5,-0.600000000000000,-0.400000000000000,1.200000000000000,1.400000000000000,-0.479622387013827,1.279446949212641,0.036312534407783,0.022301744457125,0.126026676315805,0.255677090759438,6.001388001718592,2.751581482180508
353,test,heatmap_start,1,1,5,-0.600000000000000,-0.400000000000000,1.200000000000000,1.400000000000000,-0.504560181251460,1.341084437825565,0.038200591629103,0.022865753871722,0.268177458606694,0.133850949744995,6.431064342618907,6.698893470480300
354,test,heatmap_start,1,1,5,-0.600000000000000,-0.400000000000000,1.400000000000000,1.600000000000000,-0.475376133369562,1.446290350077027,0.017939207005686,0.044248215023620,0.289215547918760,0.143881019012338,2.792197482784833,3.129899890913748
355,test,heatmap_start,1,1,5,-0.600000000000000,-0.400000000000000,1.400000000000000,1.600000000000000,-0.549417873519119,1.467521140443684,0.020795496073499,0.051140052053044,0.293461081789821,0.145989495224307,7.582649233042790,5.471553524263754
356,test,heatmap_start,1,1,5,-0.600000000000000,-0.400000000000000,1.600000000000000,1.800000000000000,-0.453326344957999,1.774506972551359,0.034321643328061,0.020876864397157,0.354849222581599,0.175223043424977,4.156933900812973,6.406027329515211
357,test,heatmap_start,1,1,5,-0.600000000000000,-0.400000000000000,1.600000000000000,1.800000000000000,-0.447985647110800,1.690742082197433,0.033917295491953,0.020768369515723,0.166100283963193,0.337867871010062,3.376348972755428,6.000618302996600
358,test,heatmap_start,1,1,5,-0.600000000000000,-0.400000000000000,1.800000000000000,2.000000000000000,-0.412578666668826,1.863685223249955,0.031236609122036,0.019195493778721,0.372682250809200,0.173144894633790,3.429162756946130,2.966532623858825
359,test,heatmap_start,1,1,5,-0.600000000000000,-0.400000000000000,1.800000000000000,2.000000000000000,-0.464519522839690,1.830208768595927,0.035169086374854,0.021238304659968,0.365987944113019,0.179038204205639,4.350825862762441,6.066448320340953
360,test,heatmap_start,1,1,5,-0.400000000000000,-0.200000000000000,-2.000000000000000,-1.800000000000000,-0.379137150368502,-1.879329905354728,0.028704729367914,0.017299807151143,0.187628418869980,0.375554143197576,2.009881992569603,2.884871393129970
361,test,heatmap_start,1,1,5,-0.400000000000000,-0.200000000000000,-2.000000000000000,-1.800000000000000,-0.237891555599767,-1.918023218573485,0.008959499991040,0.022143048347568,0.383548252293248,0.189543007547719,1.466581689176736,3.368549903975406
362,test,heatmap_start,1,1,5,-0.400000000000000,-0.200000000000000,-1.800000000000000,-1.600000000000000,-0.394449656434698,-1.715587566998767,0.029864049529886,0.017941732083537,0.169977332016099,0.342832845350281,2.011453757261676,3.026306900394218
363,test,heatmap_start,1,1,5,-0.400000000000000,-0.200000000000000,-1.800000000000000,-1.600000000000000,-0.295422333910519,-1.682688165544629,0.011075589986672,0.027498037945229,0.336488160726845,0.167714194339132,2.047423523428058,4.985991048011954
364,test,heatmap_start,1,1,5,-0.400000000000000,-0.200000000000000,-1.600000000000000,-1.400000000000000,-0.251490609146367,-1.453059374755068,0.019040523639274,0.011575741865011,0.143195841673013,0.290370768296981,2.120388297443476,1.864411685918867
365,test,heatmap_start,1,1,4,-0.400000000000000,-0.200000000000000,-1.600000000000000,-1.400000000000000,-0.233186934515313,-1.448830890647963,0.017654740087828,0.010826993907238,0.144783402594806,0.289525773109418,2.091700125394311,2.221813110208473
366,test,heatmap_start,1,1,4,-0.400000000000000,-0.200000000000000,-1.400000000000000,-1.200000000000000,-0.233045230686774,-1.291498068651325,0.017644011595395,0.010578154769289,0.258261642650883,0.126958195599177,1.771268641653258,1.777424592250213
367,test,heatmap_start,1,1,5,-0.400000000000000,-0.200000000000000,-1.400000000000000,-1.200000000000000,-0.327906499362481,-1.215517129841654,0.024826022227133,0.014751420997263,0.243067688789509,0.120316364153502,3.808784712875884,5.993295924435984
368,test,heatmap_start,1,1,5,-0.400000000000000,-0.200000000000000,-1.200000000000000,-1.000000000000000,-0.206247210961125,-1.124958804635291,0.015615115447726,0.009259202281800,0.110819563026532,0.224805096116231,1.362467825025725,1.416857019749418
369,test,heatmap_start,1,1,5,-0.400000000000000,-0.200000000000000,-1.200000000000000,-1.000000000000000,-0.391632139285860,-1.166963960610296,0.029650733406240,0.018002137799008,0.233358482445367,0.116008167541654,3.486376346948616,3.330237142562339
370,test,heatmap_start,1,1,4,-0.400000000000000,-0.200000000000000,-1.000000000000000,-0.800000000000000,-0.213989743905115,-0.975696319689953,0.016201307838958,0.009521421063176,0.195110577683394,0.097045118341063,2.886467376715530,2.512055255407859
371,test,heatmap_start,1,1,5,-0.400000000000000,-0.200000000000000,-1.000000000000000,-0.800000000000000,-0.275536679337869,-0.910970555464123,0.010296288475602,0.025647072661846,0.182167327827626,0.090747516502084,4.064536914855431,5.381103453991784
372,test,heatmap_start,1,1,4,-0.400000000000000,-0.200000000000000,-0.800000000000000,-0.600000000000000,-0.229277698701932,-0.727484635294298,0.017358769207767,0.010613622393139,0.072018163369544,0.145376215276999,1.880530516403820,1.927427504802040
373,test,heatmap_start,1,1,5,-0.400000000000000,-0.200000000000000,-0.800000000000000,-0.600000000000000,-0.368911855145512,-0.662906366312098,0.027930565370011,0.016778389571307,0.132561783283403,0.061007323396602,4.683365024384948,3.824909440505735
374,test,heatmap_start,1,1,5,-0.400000000000000,-0.200000000000000,-0.600000000000000,-0.400000000000000,-0.382596109734499,-0.447717233327659,0.028966609514450,0.017651672029782,0.044269655410702,0.089469156787255,2.197845421781153,3.842403263389997
375,test,heatmap_start,1,1,5,-0.400000000000000,-0.200000000000000,-0.600000000000000,-0.400000000000000,-0.382655845437276,-0.451335168786812,0.028971132144796,0.017740894459240,0.090253764141296,0.044056534517550,2.520071203594316,6.883303561559444
376,test,heatmap_start,1,1,4,-0.400000000000000,-0.200000000000000,-0.400000000000000,-0.200000000000000,-0.232422952198977,-0.365949048204575,0.017596898471381,0.010537605101167,0.036265990355686,0.073129087586406,4.450022942238945,1.917198744143946
377,test,heatmap_start,1,1,5,-0.400000000000000,-0.200000000000000,-0.400000000000000,-0.200000000000000,-0.382717340372063,-0.374773488974246,0.014343290759297,0.035623494705162,0.037308086347728,0.074892511497774,3.541291172642360,2.220428750243248
378,test,heatmap_start,1,1,4,-0.400000000000000,-0.200000000000000,-0.200000000000000,0.000000000000000,-0.236146856399634,-0.169563076447130,0.008924370039205,0.021980650995366,0.033907629998939,0.016818734048378,4.233254156027588,1.764977245697054
379,test,heatmap_start,1,1,5,-0.400000000000000,-0.200000000000000,-0.200000000000000,0.000000000000000,-0.278981181061002,-0.088518459406814,0.010550869169267,0.025967688364224,0.008828379035943,0.017689003982204,1.211834613896829,3.531047889263448
380,test,heatmap_start,1,1,5,-0.400000000000000,-0.200000000000000,0.000000000000000,0.200000000000000,-0.290138814582824,0.180786675537254,0.021966605339605,0.013278848967592,0.018017963739795,0.036127337110680,1.809873286514431,2.524658919975820
381,test,heatmap_start,1,1,4,-0.400000000000000,-0.200000000000000,0.000000000000000,0.200000000000000,-0.292310285301140,0.087791748827586,0.022131008852263,0.013171189602360,0.017555768617667,0.008661315865878,2.902280749556492,2.003984002393850
382,test,heatmap_start,1,1,4,-0.400000000000000,-0.200000000000000,0.200000000000000,0.400000000000000,-0.260333894236416,0.386892854150355,0.019710054717899,0.011970528117844,0.037927879325993,0.077314373562462,2.701898196289598,2.664271736885610
383,test,heatmap_start,1,1,5,-0.400000000000000,-0.200000000000000,0.200000000000000,0.400000000000000,-0.360580375384070,0.319050980698316,0.027299783418007,0.016659758419449,0.063800815784857,0.029859513771631,3.434528911950299,2.748230687873900
384,test,heatmap_start,1,1,5,-0.400000000000000,-0.200000000000000,0.400000000000000,0.600000000000000,-0.334182344299096,0.560717047594667,0.012466618407079,0.031105836388611,0.112126923987873,0.056018627797728,2.332059967662852,3.715974966053068
385,test,heatmap_start,1,1,5,-0.400000000000000,-0.200000000000000,0.400000000000000,0.600000000000000,-0.322101261673124,0.522900714911446,0.012167003870851,0.029981324019925,0.104564769281750,0.052133356768016,1.940642293143327,1.756833530206805
386,test,heatmap_start,1,1,4,-0.400000000000000,-0.200000000000000,0.600000000000000,0.800000000000000,-0.235740384609749,0.692513014439085,0.008816449317812,0.021942816426280,0.138482242449592,0.065303894786377,1.615182774701489,3.460405247870881
387,test,heatmap_start,1,1,5,-0.400000000000000,-0.200000000000000,0.600000000000000,0.800000000000000,-0.354953249594236,0.663270558299195,0.026873749929178,0.015733757292585,0.132634610973286,0.065325257133666,3.897443786414307,4.407189334080272
388,test,heatmap_start,1,1,5,-0.400000000000000,-0.200000000000000,0.800000000000000,1.000000000000000,-0.334524690378331,0.953993421005263,0.012133721832007,0.031137702108959,0.190770636029090,0.094996671811347,4.240526550379009,4.201409937912047
389,test,heatmap_start,1,1,5,-0.400000000000000,-0.200000000000000,0.800000000000000,1.000000000000000,-0.330590413203171,0.811764247635265,0.025029223154209,0.015271844993861,0.162328983006897,0.081090319547198,6.075635564272524,2.400619762234555
390,test,heatmap_start,1,1,5,-0.400000000000000,-0.200000000000000,1.000000000000000,1.200000000000000,-0.399556669231107,1.097247062805544,0.014958936018487,0.037190906680448,0.219417152617145,0.105768125547811,2.165522288489520,2.490097636259094
391,test,heatmap_start,1,1,5,-0.400000000000000,-0.200000000000000,1.000000000000000,1.200000000000000,-0.286992417651800,1.050683859145679,0.010838359997973,0.026713377712914,0.104725119399919,0.209962431486184,1.182832965484749,3.818215757039184
392,test,heatmap_start,1,1,5,-0.400000000000000,-0.200000000000000,1.200000000000000,1.400000000000000,-0.331096249120041,1.313109141020127,0.025067520332642,0.015251634835861,0.129635132694099,0.262403943541588,2.547533408849404,4.290777945576849
393,test,heatmap_start,1,1,5,-0.400000000000000,-0.200000000000000,1.200000000000000,1.400000000000000,-0.270979861874202,1.366450260474309,0.020516068108054,0.012522291148487,0.273249877360906,0.136359656024732,2.266093919585824,1.511984298722894
394,test,heatmap_start,1,1,4,-0.400000000000000,-0.200000000000000,1.400000000000000,1.600000000000000,-0.220617580104839,1.416974097690014,0.008313890226454,0.020535179276408,0.283353159362698,0.141560640828194,2.012049303165199,1.654147937534105
395,test,heatmap_start,1,1,5,-0.400000000000000,-0.200000000000000,1.400000000000000,1.600000000000000,-0.280210033277184,1.514518246367566,0.010555947464930,0.026082070457218,0.302859121221978,0.149389769720840,3.790796277972603,1.700249264685673
396,test,heatmap_start,1,1,5,-0.400000000000000,-0.200000000000000,1.600000000000000,1.800000000000000,-0.249212593132841,1.752836830831526,0.018868053510455,0.011582023099724,0.171490975796852,0.350276517333361,1.457076971105941,1.556638989405542
397,test,heatmap_start,1,1,4,-0.400000000000000,-0.200000000000000,1.600000000000000,1.800000000000000,-0.294787540226938,1.738612023776017,0.022318563493509,0.013655479480588,0.171394607701368,0.347433916249506,3.155343613047275,1.515978090477592
398,test,heatmap_start,1,1,4,-0.400000000000000,-0.200000000000000,1.800000000000000,2.000000000000000,-0.234049706685986,1.887856722147316,0.017720061150776,0.010660437119624,0.187631604432039,0.377258091698379,2.349390670850035,1.976516798341436
399,test,heatmap_start,1,1,5,-0.400000000000000,-0.200000000000000,1.800000000000000,2.000000000000000,-0.291549149868270,1.856271813466166,0.010997755330385,0.027137520308147,0.185513545793637,0.370946350857175,5.683063186791451,3.859179222667478
400,test,heatmap_start,1,1,4,-0.200000000000000,0.000000000000000,-2.000000000000000,-1.800000000000000,-0.155122492442757,-1.886869311806635,0.005818914791239,0.014438868337698,0.377318386889732,0.183510400526830,0.954366733699894,1.677018577979254
401,test,heatmap_start,1,1,4,-0.200000000000000,0.000000000000000,-2.000000000000000,-1.800000000000000,-0.139310575487914,-1.975467375340607,0.010547297629848,0.006288922605375,0.195887973106231,0.394765685070484,0.997891904154809,1.741417984602322
402,test,heatmap_start,1,1,3,-0.200000000000000,0.000000000000000,-1.800000000000000,-1.600000000000000,-0.019000907167906,-1.795552492776621,0.000713567896250,0.001768612614289,0.179463743338574,0.358812561897542,0.369921611096970,0.238922307732309
403,test,heatmap_start,1,1,3,-0.200000000000000,0.000000000000000,-1.800000000000000,-1.600000000000000,-0.014927562294159,-1.657005039538537,0.001130175809361,0.000658891561574,0.164188425347072,0.331126060477658,0.295993424944882,0.233656253482593
404,test,heatmap_start,1,1,4,-0.200000000000000,0.000000000000000,-1.600000000000000,-1.400000000000000,-0.100454031989334,-1.584096607384884,0.007605442514317,0.004666128372210,0.158237547005438,0.316556471768764,1.015046155108987,0.539948919829303
405,test,heatmap_start,1,1,4,-0.200000000000000,0.000000000000000,-1.600000000000000,-1.400000000000000,-0.081310885147795,-1.488578238657935,0.003049607791314,0.007568452173394,0.148541181563435,0.297468647419952,0.652788677651515,0.699911605139221
406,test,heatmap_start,1,1,4,-0.200000000000000,0.000000000000000,-1.400000000000000,-1.200000000000000,-0.035056101999885,-1.354778899127357,0.002654121126412,0.001575792165625,0.270915948238903,0.134722607391573,0.508572258301928,0.396826970703614
407,test,heatmap_start,1,1,4,-0.200000000000000,0.000000000000000,-1.400000000000000,-1.200000000000000,-0.034024806025499,-1.341612543970523,0.001286526592149,0.003167043583955,0.268283064308941,0.133043705964240,0.151743431170928,0.186426390441426
408,test,heatmap_start,1,1,4,-0.200000000000000,0.000000000000000,-1.200000000000000,-1.000000000000000,-0.055776347500698,-1.078339410626519,0.004222864888292,0.002554901436633,0.104880986285363,0.215488952886950,0.615092802271914,0.255783584246767
409,test,heatmap_start,1,1,4,-0.200000000000000,0.000000000000000,-1.200000000000000,-1.000000000000000,-0.088581229966546,-1.185101000111039,0.006706544665421,0.003939999277327,0.114393264454642,0.236823555795694,1.585291806047902,0.464883946740599
410,test,heatmap_start,1,1,4,-0.200000000000000,0.000000000000000,-1.000000000000000,-0.800000000000000,-0.172048896610281,-0.946316606197083,0.006484735954900,0.016014385320161,0.092555501972598,0.189106298591520,0.982210505925745,1.769028897655346
411,test,heatmap_start,1,1,4,-0.200000000000000,0.000000000000000,-1.000000000000000,-0.800000000000000,-0.107359670932873,-0.826275465544500,0.004037254464335,0.009993084361704,0.081944176843552,0.165117988929768,0.729151190337312,1.234734851377198
412,test,heatmap_start,1,1,3,-0.200000000000000,0.000000000000000,-0.800000000000000,-0.600000000000000,-0.007446296641380,-0.603945071128948,0.000281477495380,0.000693104495133,0.120771257756156,0.059571726901288,0.122554228703095,0.104155257343052
413,test,heatmap_start,1,1,3,-0.200000000000000,0.000000000000000,-0.800000000000000,-0.600000000000000,-0.027673240810831,-0.610971369420126,0.002095159726331,0.001279750009695,0.060480678250435,0.122092895189424,0.187337917659207,0.481431864525348
414,test,heatmap_start,1,1,3,-0.200000000000000,0.000000000000000,-0.600000000000000,-0.400000000000000,-0.010621398218334,-0.412894311646802,0.000399275550877,0.000988644315997,0.040239993725133,0.082510350630747,0.089825062865180,0.090952419367028
415,test,heatmap_start,1,1,4,-0.200000000000000,0.000000000000000,-0.600000000000000,-0.400000000000000,-0.065133359401997,-0.425119471165588,0.004931290570286,0.003019748665432,0.042503842985903,0.084953354009478,0.804178793331499,0.556230967180795
416,test,heatmap_start,1,1,4,-0.200000000000000,0.000000000000000,-0.400000000000000,-0.200000000000000,-0.197848646763185,-0.308864011550227,0.014979254487790,0.009100190105193,0.061763721460305,0.030763052438685,1.996234873085318,3.654250155830482
417,test,heatmap_start,1,1,4,-0.200000000000000,0.000000000000000,-0.400000000000000,-0.200000000000000,-0.114722451189085,-0.241109257156302,0.008685714155434,0.005326584241012,0.048214762625659,0.023360652231878,2.236946744227538,1.161371762327633
418,test,heatmap_start,1,1,4,-0.200000000000000,0.000000000000000,-0.200000000000000,0.000000000000000,-0.144213274004083,-0.196324414464180,0.010918484241190,0.006668322850273,0.019509184528332,0.039232306713570,1.167316138661224,1.963926281386250
419,test,heatmap_start,1,1,4,-0.200000000000000,0.000000000000000,-0.200000000000000,0.000000000000000,-0.091953290524330,-0.156037980975782,0.006961845644576,0.004048964574679,0.015596660205710,0.031181704757994,0.708853300684086,0.745271080365171
420,test,heatmap_start,1,1,4,-0.200000000000000,0.000000000000000,0.000000000000000,0.200000000000000,-0.155572178885505,0.047731741697817,0.005850244211780,0.014480725345266,0.004641638492318,0.009538428194845,1.248543155385402,1.120091788520867
421,test,heatmap_start,1,1,4,-0.200000000000000,0.000000000000000,0.000000000000000,0.200000000000000,-0.066727924310181,0.102156786347668,0.005052016154958,0.002960910728006,0.010213984639246,0.020414406357980,0.876367420495157,0.391008053818780
422,test,heatmap_start,1,1,4,-0.200000000000000,0.000000000000000,0.200000000000000,0.400000000000000,-0.193571398612662,0.386704947881885,0.014655421145473,0.008933166360150,0.038476216350901,0.077276823488121,2.897705463652716,2.578497829302933
423,test,heatmap_start,1,1,3,-0.200000000000000,0.000000000000000,0.200000000000000,0.400000000000000,-0.015176865430159,0.298797243101497,0.001149050717933,0.000696533051845,0.029713615993021,0.059709869088472,0.106141470287746,0.079948903943887
424,test,heatmap_start,1,1,4,-0.200000000000000,0.000000000000000,0.400000000000000,0.600000000000000,-0.113107266717052,0.586441090180597,0.008563427449676,0.005075503770997,0.117270976197569,0.058347458681077,0.739624783188110,1.735116356282163
425,test,heatmap_start,1,1,4,-0.200000000000000,0.000000000000000,0.400000000000000,0.600000000000000,-0.174901018229019,0.590081621052649,0.013241874054170,0.007933278588615,0.117998975337451,0.054506021819303,1.191295187374465,2.524164677541478
426,test,heatmap_start,1,1,4,-0.200000000000000,0.000000000000000,0.600000000000000,0.800000000000000,-0.128603516592178,0.754823431917074,0.009736658979350,0.005939829558283,0.150942493968925,0.074841067137782,1.188604622318490,0.956486905721308
427,test,heatmap_start,1,1,3,-0.200000000000000,0.000000000000000,0.600000000000000,0.800000000000000,-0.037617322880537,0.727831357559916,0.002848032886732,0.001680251253561,0.072476435540764,0.145445502198375,0.251834584868419,0.247394132391463
428,test,heatmap_start,1,1,4,-0.200000000000000,0.000000000000000,0.800000000000000,1.000000000000000,-0.161017641433719,0.848622528574679,0.005968994072933,0.014987591342152,0.169699555531749,0.084605002471493,1.053056162113236,1.353086323735823
429,test,heatmap_start,1,1,4,-0.200000000000000,0.000000000000000,0.800000000000000,1.000000000000000,-0.176427062362997,0.851823838020372,0.013357411884812,0.008007657137418,0.170339723299822,0.084037538905291,1.770618894139545,0.973775432085091
430,test,heatmap_start,1,1,4,-0.200000000000000,0.000000000000000,1.000000000000000,1.200000000000000,-0.149630938867583,1.137888148880600,0.011328659302013,0.006920663356269,0.227544174951620,0.111995499777801,1.582655812311046,1.427366464649566
431,test,heatmap_start,1,1,4,-0.200000000000000,0.000000000000000,1.000000000000000,1.200000000000000,-0.150711193686274,1.085029840579138,0.005627407228223,0.014028262751492,0.216974067367999,0.106781665222778,1.261965236367092,2.607999254706954
432,test,heatmap_start,1,1,4,-0.200000000000000,0.000000000000000,1.200000000000000,1.400000000000000,-0.158070643938511,1.232234845267199,0.005900734174137,0.014713283547359,0.246410740360372,0.123028024780685,1.720581593153611,1.745504562059529
433,test,heatmap_start,1,1,4,-0.200000000000000,0.000000000000000,1.200000000000000,1.400000000000000,-0.152687551606388,1.371505001879131,0.011560077514037,0.006840358411238,0.274260677028418,0.133085015983845,0.863503549217214,2.898262864954177
434,test,heatmap_start,1,1,4,-0.200000000000000,0.000000000000000,1.400000000000000,1.600000000000000,-0.192576827052637,1.584091526470749,0.007221039684286,0.017925133917834,0.316771731732361,0.152856882773311,1.333219347729688,1.065796120344997
435,test,heatmap_start,1,1,4,-0.200000000000000,0.000000000000000,1.400000000000000,1.600000000000000,-0.133797231963548,1.560487258590606,0.010129878673079,0.005943992817961,0.155238575414788,0.311838519517472,0.951345436072124,1.635099956460238
436,test,heatmap_start,1,1,4,-0.200000000000000,0.000000000000000,1.600000000000000,1.800000000000000,-0.050576920717937,1.650292239829067,0.003829212779755,0.002277118412977,0.330009928049940,0.164167496743531,0.984633712220102,0.596369388202163
437,test,heatmap_start,1,1,3,-0.200000000000000,0.000000000000000,1.600000000000000,1.800000000000000,-0.033288012604250,1.789691384205323,0.002520257885760,0.001547821703116,0.357885658478507,0.170659109389087,0.173402552219658,0.371332389115423
438,test,heatmap_start,1,1,3,-0.200000000000000,0.000000000000000,1.800000000000000,2.000000000000000,-0.015912060156184,1.805070496741469,0.000601730859728,0.001481101405468,0.177067339853445,0.360714583364761,0.107614221316915,0.099306697709187
439,test,heatmap_start,1,1,4,-0.200000000000000,0.000000000000000,1.800000000000000,2.000000000000000,-0.100215732177931,1.813771524063813,0.007587400674872,0.004659960478900,0.362700978474774,0.181207783943006,2.017099682121074,1.375889417902840
440,test,heatmap_start,1,1,4,0.000000000000000,0.200000000000000,-2.000000000000000,-1.800000000000000,0.189334383859321,-1.935910197194857,0.014334633900794,0.008793525075552,0.193325984288923,0.386860813177841,2.092162766548370,2.740817894803456
441,test,heatmap_start,1,1,4,0.000000000000000,0.200000000000000,-2.000000000000000,-1.800000000000000,0.088657075382467,-1.896397752120164,0.006712286973015,0.004121642476325,0.186321910724136,0.378964880476836,0.847815885570792,1.149688695322027
442,test,heatmap_start,1,1,4,0.000000000000000,0.200000000000000,-1.800000000000000,-1.600000000000000,0.134340880586640,-1.685631024467341,0.005052751274191,0.012504506964886,0.167563639087845,0.336846507543653,0.935097102062237,1.570410495379690
443,test,heatmap_start,1,1,3,0.000000000000000,0.200000000000000,-1.800000000000000,-1.600000000000000,0.026657007387009,-1.770850354935709,0.002018220008403,0.001131649233894,0.175568793641228,0.353876233163796,0.459688868762736,0.302654205849876
444,test,heatmap_start,1,1,4,0.000000000000000,0.200000000000000,-1.600000000000000,-1.400000000000000,0.095310354340738,-1.448339994700434,0.003547115077954,0.008871528789115,0.289625416582245,0.140978793338625,0.806614367528852,0.643215652638119
445,test,heatmap_start,1,1,3,0.000000000000000,0.200000000000000,-1.600000000000000,-1.400000000000000,0.001520844620067,-1.568574319600052,0.000115144171937,0.000069778370912,0.154902616536697,0.313454589830479,0.015857620678126,0.026772934495625
446,test,heatmap_start,1,1,4,0.000000000000000,0.200000000000000,-1.400000000000000,-1.200000000000000,0.034955377575882,-1.299474281025318,0.001320476517623,0.003253661584241,0.259856650618638,0.128177248482175,0.275347010538944,0.313002008950264
447,test,heatmap_start,1,1,4,0.000000000000000,0.200000000000000,-1.400000000000000,-1.200000000000000,0.025908273420621,-1.254446706831998,0.001961532854815,0.001182664736631,0.124074874998052,0.250681190582336,0.111093005247219,0.114041147812173
448,test,heatmap_start,1,1,4,0.000000000000000,0.200000000000000,-1.200000000000000,-1.000000000000000,0.114655516530966,-1.056844575720117,0.004311242740232,0.010672184808997,0.105251279946353,0.211193552551200,0.628350805009259,0.798031034633311
449,test,heatmap_start,1,1,3,0.000000000000000,0.200000000000000,-1.200000000000000,-1.000000000000000,0.034705316456833,-1.103923455337265,0.001288662709684,0.003230385787691,0.220752234832193,0.109597781162198,0.230461184452047,0.217875090421543
450,test,heatmap_start,1,1,4,0.000000000000000,0.200000000000000,-1.000000000000000,-0.800000000000000,0.042513330000339,-0.852370373975908,0.003218712887942,0.001965066050649,0.084702315157355,0.170332640678699,1.296290684243750,0.324003665478955
451,test,heatmap_start,1,1,4,0.000000000000000,0.200000000000000,-1.000000000000000,-0.800000000000000,0.062266364702994,-0.819458034569828,0.002329334150807,0.005795780016527,0.079650904596114,0.163755633953557,0.775734773950244,1.060417542650725
452,test,heatmap_start,1,1,4,0.000000000000000,0.200000000000000,-0.800000000000000,-0.600000000000000,0.037546061523838,-0.773405670064285,0.001410735681724,0.003494803560753,0.154658395265657,0.077019242883501,0.238692170169568,0.280425504254993
453,test,heatmap_start,1,1,4,0.000000000000000,0.200000000000000,-0.800000000000000,-0.600000000000000,0.161312214231645,-0.776638155733285,0.012213056538400,0.007425287000375,0.155304797361785,0.075819753047249,1.140288954915720,2.265114304878523
454,test,heatmap_start,1,1,4,0.000000000000000,0.200000000000000,-0.600000000000000,-0.400000000000000,0.068493537639899,-0.561915331350777,0.002583935598776,0.006375407952722,0.055213574901099,0.112289827461236,0.571942196065310,0.925645990539977
455,test,heatmap_start,1,1,4,0.000000000000000,0.200000000000000,-0.600000000000000,-0.400000000000000,0.060564953902293,-0.570864313217744,0.004585413508689,0.002744379851809,0.114156078774738,0.056581357292585,0.722883296166032,0.352462729122863
456,test,heatmap_start,1,1,4,0.000000000000000,0.200000000000000,-0.400000000000000,-0.200000000000000,0.114593734091251,-0.203963445865763,0.008675968897142,0.005202540235070,0.020363253645688,0.040758845446714,0.834547061241977,1.660770469301042
457,test,heatmap_start,1,1,4,0.000000000000000,0.200000000000000,-0.400000000000000,-0.200000000000000,0.108866006165031,-0.277547863902788,0.008242318752714,0.004983534730979,0.055501412650683,0.027575796487374,0.557618956116925,0.971683179687233
458,test,heatmap_start,1,1,4,0.000000000000000,0.200000000000000,-0.200000000000000,0.000000000000000,0.173648317855546,-0.120514119169972,0.013147031263996,0.007811923309759,0.024099280622203,0.011616197057521,1.582367131343695,1.519977808351570
459,test,heatmap_start,1,1,4,0.000000000000000,0.200000000000000,-0.200000000000000,0.000000000000000,0.149060311163130,-0.015513212931707,0.011285456693642,0.006879320465620,0.003102186485435,0.001512761783146,2.080571136551953,1.279531632336577
460,test,heatmap_start,1,1,4,0.000000000000000,0.200000000000000,0.000000000000000,0.200000000000000,0.140006859025753,0.029239721026192,0.010600013726114,0.006418811594574,0.005847084533981,0.002770796821409,1.186472010902721,0.907895739678713
461,test,heatmap_start,1,1,4,0.000000000000000,0.200000000000000,0.000000000000000,0.200000000000000,0.069277545660902,0.121527947096204,0.005245049707043,0.003197356315119,0.024302016400095,0.012132468128004,0.553184089729847,0.784554657702813
462,test,heatmap_start,1,1,4,0.000000000000000,0.200000000000000,0.200000000000000,0.400000000000000,0.048440891441543,0.365949556607151,0.001828775921922,0.004508899016970,0.073179152110866,0.036251879934535,1.002356285806954,0.236313753621999
463,test,heatmap_start,1,1,4,0.000000000000000,0.200000000000000,0.200000000000000,0.400000000000000,0.044116671664149,0.372330454366102,0.001664101771051,0.004106398779604,0.074455144059143,0.036558062093876,0.344745902572598,0.358859270628642
464,test,heatmap_start,1,1,3,0.000000000000000,0.200000000000000,0.400000000000000,0.600000000000000,0.025240851340351,0.402977375889243,0.000947783524643,0.002349429302583,0.039172337813701,0.080528608999880,0.479896897836973,0.381361673085507
465,test,heatmap_start,1,1,4,0.000000000000000,0.200000000000000,0.400000000000000,0.600000000000000,0.151490149811293,0.419811925992140,0.011469421416528,0.007001001742458,0.041310489199924,0.083892725657629,1.321324810452573,1.631387502936661
466,test,heatmap_start,1,1,4,0.000000000000000,0.200000000000000,0.600000000000000,0.800000000000000,0.148009563833453,0.794249315320408,0.011205903904624,0.006784127436960,0.078756183867810,0.158718072995340,1.198642067708960,1.030229093928853
467,test,heatmap_start,1,1,4,0.000000000000000,0.200000000000000,0.600000000000000,0.800000000000000,0.124896721892093,0.727504453591695,0.004720813352883,0.011625440610268,0.145479501503729,0.072001805648696,1.078108622293090,1.899921818769997
468,test,heatmap_start,1,1,4,0.000000000000000,0.200000000000000,0.800000000000000,1.000000000000000,0.176589978460713,0.964946425949695,0.013369746372451,0.008162052178924,0.095110374580031,0.192829171289486,1.601263919954910,3.436282608993679
469,test,heatmap_start,1,1,4,0.000000000000000,0.200000000000000,0.800000000000000,1.000000000000000,0.054306912328868,0.905030803931471,0.004111612960355,0.002527351019626,0.090183415654029,0.180855988706114,0.501300066828291,0.735471929834375
470,test,heatmap_start,1,1,4,0.000000000000000,0.200000000000000,1.000000000000000,1.200000000000000,0.045799201958090,1.035716654311134,0.001726786191507,0.004263009423269,0.207112879961639,0.102418228469403,0.657482681975662,0.324393258304967
471,test,heatmap_start,1,1,4,0.000000000000000,0.200000000000000,1.000000000000000,1.200000000000000,0.169595362252919,1.191779932321090,0.006418472754265,0.015786009286550,0.118922754878335,0.238158234000129,1.216345583160768,0.956127737023394
472,test,heatmap_start,1,1,4,0.000000000000000,0.200000000000000,1.200000000000000,1.400000000000000,0.151980647918764,1.274729229753394,0.011506557359067,0.006715002582453,0.254908367888614,0.126676653253344,0.688390899955266,2.409484395046320
473,test,heatmap_start,1,1,3,0.000000000000000,0.200000000000000,1.200000000000000,1.400000000000000,0.028919794502321,1.344110792236285,0.002189537147067,0.001343260191547,0.268782640511591,0.133160004122707,0.303238105385930,0.194238264480674
474,test,heatmap_start,1,1,4,0.000000000000000,0.200000000000000,1.400000000000000,1.600000000000000,0.173710734668447,1.433800135668273,0.013151756882998,0.008015156145629,0.286717872259334,0.141276229443756,1.986432432321770,1.733383152566205
475,test,heatmap_start,1,1,4,0.000000000000000,0.200000000000000,1.400000000000000,1.600000000000000,0.171427340443168,1.591555328785302,0.012978879566140,0.007577473794333,0.318264272753496,0.158787621983161,2.544125209502386,1.477398224610454
476,test,heatmap_start,1,1,4,0.000000000000000,0.200000000000000,1.600000000000000,1.800000000000000,0.175780652599918,1.632713522440924,0.013308471765671,0.008065108203205,0.326494701400706,0.158153861957301,1.372126900436200,1.818903270970623
477,test,heatmap_start,1,1,4,0.000000000000000,0.200000000000000,1.600000000000000,1.800000000000000,0.181741080548141,1.782020369748847,0.013759739785711,0.008444278163951,0.356351681121191,0.177301335635547,2.903758987632887,2.287830316058034
478,test,heatmap_start,1,1,4,0.000000000000000,0.200000000000000,1.800000000000000,2.000000000000000,0.049443773935960,1.850609315521775,0.003743421472627,0.002283227284901,0.184676077124712,0.369814790848576,0.472205251542825,0.653522407453067
479,test,heatmap_start,1,1,4,0.000000000000000,0.200000000000000,1.800000000000000,2.000000000000000,0.135866610646336,1.852094295047735,0.005124266189588,0.012646522575284,0.370364405951345,0.181923090392574,1.270987679738298,1.035246767057733
480,test,heatmap_start,1,1,5,0.200000000000000,0.400000000000000,-2.000000000000000,-1.800000000000000,0.365857422071113,-1.873793210477855,0.027699312181850,0.016948523992743,0.185625445830603,0.374447722927933,4.786630489277780,5.194791019497018
481,test,heatmap_start,1,1,5,0.200000000000000,0.400000000000000,-2.000000000000000,-1.800000000000000,0.334724243203051,-1.809002808890608,0.025342198211610,0.015432952491684,0.179290979015982,0.361500393304648,3.184015746946805,1.400611082534652
482,test,heatmap_start,1,1,5,0.200000000000000,0.400000000000000,-1.800000000000000,-1.600000000000000,0.308618094506835,-1.758211410831445,0.023365684086220,0.014211720321703,0.173058897365087,0.351350541527391,2.109807894907888,4.680997890253138
483,test,heatmap_start,1,1,5,0.200000000000000,0.400000000000000,-1.800000000000000,-1.600000000000000,0.332395682474558,-1.614310444095512,0.025165901308330,0.015052509637615,0.322814626796891,0.156393230303369,3.595115748602410,1.607088414327016
484,test,heatmap_start,1,1,4,0.200000000000000,0.400000000000000,-1.600000000000000,-1.400000000000000,0.214092604050011,-1.486692812321096,0.016209095449904,0.009603388211364,0.297294852502769,0.148148235065696,4.338367568832041,2.494356226858713
485,test,heatmap_start,1,1,5,0.200000000000000,0.400000000000000,-1.600000000000000,-1.400000000000000,0.370403771524701,-1.578616843498326,0.028043519365320,0.017002347821134,0.315676956097948,0.155112881845731,3.248407189819327,6.877917492107144
486,test,heatmap_start,1,1,4,0.200000000000000,0.400000000000000,-1.400000000000000,-1.200000000000000,0.282830663459186,-1.340670666994903,0.021413300288966,0.013117877420400,0.133985092978455,0.267911675442827,2.699573852723336,1.525641968299396
487,test,heatmap_start,1,1,5,0.200000000000000,0.400000000000000,-1.400000000000000,-1.200000000000000,0.289418239893470,-1.225056131389344,0.021912050143874,0.013259455794095,0.121811136714146,0.244807952282344,5.367100712593103,4.845888793320796
488,test,heatmap_start,1,1,5,0.200000000000000,0.400000000000000,-1.200000000000000,-1.000000000000000,0.396907906419388,-1.158217331080972,0.014808462738487,0.036944358698309,0.115163234511618,0.231451282806355,3.105706137848813,2.725068055469379
489,test,heatmap_start,1,1,5,0.200000000000000,0.400000000000000,-1.200000000000000,-1.000000000000000,0.270295454830279,-1.068081791838067,0.010183855981018,0.025159217229653,0.213584955906016,0.104223882115226,3.987302289439111,5.585790316270391
490,test,heatmap_start,1,1,5,0.200000000000000,0.400000000000000,-1.000000000000000,-0.800000000000000,0.306226766019381,-0.951330146762703,0.023184634993575,0.014161423155091,0.190238059482977,0.092361911638606,1.878296113636773,4.416243195344236
491,test,heatmap_start,1,1,5,0.200000000000000,0.400000000000000,-1.000000000000000,-0.800000000000000,0.358708181730757,-0.827218491550965,0.027158038373792,0.016239056069871,0.081587612328653,0.165306437654423,2.351587722531761,4.045062195534058
492,test,heatmap_start,1,1,5,0.200000000000000,0.400000000000000,-0.800000000000000,-0.600000000000000,0.354065574099369,-0.625084306051791,0.026806543418758,0.016454592662161,0.124998483230258,0.059847227490851,2.702233299668533,1.795789760599404
493,test,heatmap_start,1,1,4,0.200000000000000,0.400000000000000,-0.800000000000000,-0.600000000000000,0.233115911752259,-0.750602829119413,0.017649362906535,0.010843695959328,0.075045482379426,0.149996018031975,2.108636777270042,1.475461395456875
494,test,heatmap_start,1,1,5,0.200000000000000,0.400000000000000,-0.600000000000000,-0.400000000000000,0.309212391355258,-0.498546618119172,0.023410678701444,0.013902411415337,0.048577445044043,0.099626599607829,2.880364135396915,5.153020396484635
495,test,heatmap_start,1,1,5,0.200000000000000,0.400000000000000,-0.600000000000000,-0.400000000000000,0.316361318625967,-0.574581142381634,0.011714906889613,0.029447047651497,0.057249602082869,0.114820888024920,2.527331178851691,2.788058233752224
496,test,heatmap_start,1,1,5,0.200000000000000,0.400000000000000,-0.400000000000000,-0.200000000000000,0.386507849674989,-0.279205890101099,0.014579903905818,0.035976316941937,0.027902638649878,0.055794849288498,5.307387841327401,2.289770094283710
497,test,heatmap_start,1,1,5,0.200000000000000,0.400000000000000,-0.400000000000000,-0.200000000000000,0.377882328886524,-0.385652553239114,0.028609725987185,0.017542704114130,0.038518002010739,0.077066519183781,2.665425368921291,2.740655929436544
498,test,heatmap_start,1,1,5,0.200000000000000,0.400000000000000,-0.200000000000000,0.000000000000000,0.352290048705101,-0.163372786619864,0.026672117193634,0.016356981623745,0.032669754032973,0.016035575735449,7.211559701458324,2.263443394732846
499,test,heatmap_start,1,1,5,0.200000000000000,0.400000000000000,-0.200000000000000,0.000000000000000,0.327516884976800,-0.035584444295270,0.024796524259213,0.015201834013742,0.007115842647842,0.003343859735072,6.037328735398628,1.559957879704712
500,test,heatmap_start,1,1,5,0.200000000000000,0.400000000000000,0.000000000000000,0.200000000000000,0.352642506095224,0.146713021986886,0.026698801980360,0.016283630203377,0.029338290916824,0.014195610305668,5.090167812136826,4.979319745333953
501,test,heatmap_start,1,1,5,0.200000000000000,0.400000000000000,0.000000000000000,0.200000000000000,0.319013947308987,0.010465669903338,0.024152761113476,0.014719220252687,0.001046390630999,0.002091397408373,3.581793727714363,2.364903387319089
502,test,heatmap_start,1,1,5,0.200000000000000,0.400000000000000,0.200000000000000,0.400000000000000,0.346744522091887,0.255538328024561,0.026252261633502,0.015972224642801,0.051100152573051,0.025411519701996,5.107979138600879,3.054284812371748
503,test,heatmap_start,1,1,5,0.200000000000000,0.400000000000000,0.200000000000000,0.400000000000000,0.318753936751937,0.310270814919078,0.011965588873974,0.029669753576081,0.031009206121613,0.062002679638173,4.716833456036394,1.931563940397126
504,test,heatmap_start,1,1,4,0.200000000000000,0.400000000000000,0.400000000000000,0.600000000000000,0.247285239918243,0.483990768605933,0.009028555490774,0.023017416525544,0.048193816429964,0.096717844962420,2.823160285388695,1.822404430479907
505,test,heatmap_start,1,1,5,0.200000000000000,0.400000000000000,0.400000000000000,0.600000000000000,0.251717605945942,0.485044336480429,0.019057709720070,0.011361040322323,0.048135725732013,0.096928383718430,2.629250311958607,1.791965657156680
506,test,heatmap_start,1,1,5,0.200000000000000,0.400000000000000,0.600000000000000,0.800000000000000,0.326804026809414,0.769739841066697,0.024742553286564,0.014953584689059,0.076595609897866,0.153820245010297,4.712844600575117,3.414298312041979
507,test,heatmap_start,1,1,5,0.200000000000000,0.400000000000000,0.600000000000000,0.800000000000000,0.332037814406519,0.780197449422522,0.025138806875531,0.014915069130147,0.156016551453542,0.077213856127732,5.213697805839018,2.492263202654470
508,test,heatmap_start,1,1,5,0.200000000000000,0.400000000000000,0.800000000000000,1.000000000000000,0.370242401675966,0.826434579693923,0.028031301945234,0.017152839951862,0.082549235680456,0.165149785357785,7.128550770627196,5.912944343564845
509,test,heatmap_start,1,1,4,0.200000000000000,0.400000000000000,0.800000000000000,1.000000000000000,0.274169884415843,0.979994487918975,0.020757586866230,0.012441557299464,0.096803178453934,0.195836286753118,1.494581078065728,4.757268180881340
510,test,heatmap_start,1,1,4,0.200000000000000,0.400000000000000,1.000000000000000,1.200000000000000,0.262348969427441,1.128190473716825,0.009840758970496,0.024419554949399,0.225604925038295,0.108576034209806,4.724554751762408,4.832655133827132
511,test,heatmap_start,1,1,5,0.200000000000000,0.400000000000000,1.000000000000000,1.200000000000000,0.322103171332116,1.090105600862597,0.012182251647601,0.029981501771805,0.108531178089151,0.217840238566074,2.599205667044743,4.216631239574042
512,test,heatmap_start,1,1,4,0.200000000000000,0.400000000000000,1.200000000000000,1.400000000000000,0.202974308337959,1.286329436004580,0.007665338726934,0.018892935949366,0.257228068083480,0.126702331172703,2.312732408633586,2.010091832497181
513,test,heatmap_start,1,1,4,0.200000000000000,0.400000000000000,1.200000000000000,1.400000000000000,0.266690454048438,1.288187177899174,0.020191314148524,0.011977411762793,0.128602888385449,0.257423686227519,3.886201563930399,4.118348995050496
514,test,heatmap_start,1,1,4,0.200000000000000,0.400000000000000,1.400000000000000,1.600000000000000,0.243876071223095,1.586570135317295,0.009204055267492,0.022700089636612,0.157999182017278,0.317050766921884,2.445220679017417,4.009886788923609
515,test,heatmap_start,1,1,5,0.200000000000000,0.400000000000000,1.400000000000000,1.600000000000000,0.332449128211444,1.497388785873870,0.025169947721117,0.015163329288318,0.299433732743120,0.148658809156230,2.379030888798944,2.438155469385322
516,test,heatmap_start,1,1,5,0.200000000000000,0.400000000000000,1.600000000000000,1.800000000000000,0.376699685819837,1.778039554226773,0.014032347127078,0.035063368830358,0.173872211401281,0.355312880115637,3.790834564597738,4.437362669461095
517,test,heatmap_start,1,1,4,0.200000000000000,0.400000000000000,1.600000000000000,1.800000000000000,0.212669472538100,1.779140967390435,0.008022728622473,0.019795366004440,0.355775885306248,0.173473726085211,2.451748758239146,2.540150051231706
518,test,heatmap_start,1,1,5,0.200000000000000,0.400000000000000,1.800000000000000,2.000000000000000,0.289449705620019,1.861256161211435,0.021914432435254,0.013343555577585,0.185433159716464,0.371942393351651,2.855790763232736,4.020831127140582
519,test,heatmap_start,1,1,5,0.200000000000000,0.400000000000000,1.800000000000000,2.000000000000000,0.321060742338861,1.833451209701768,0.024307725345673,0.014844701215844,0.366636337003818,0.182148510557518,2.321269475951297,2.227773789377512
520,test,heatmap_start,1,1,5,0.400000000000000,0.600000000000000,-2.000000000000000,-1.800000000000000,0.538225416701119,-1.867583916249972,0.040749409310911,0.024883528948773,0.185630714550133,0.373206894392736,5.632709883499697,6.706711991548502
521,test,heatmap_start,1,1,5,0.400000000000000,0.600000000000000,-2.000000000000000,-1.800000000000000,0.467629856862405,-1.861280298883948,0.017428888945233,0.043527188273515,0.184659897959592,0.371947216880981,6.584188909785556,5.228173407910958
522,test,heatmap_start,1,1,5,0.400000000000000,0.600000000000000,-1.800000000000000,-1.600000000000000,0.428042147468138,-1.688263305720981,0.016123194960496,0.039842347250568,0.168586714769575,0.337372527019025,3.171591242791258,6.375784282016809
523,test,heatmap_start,1,1,5,0.400000000000000,0.600000000000000,-1.800000000000000,-1.600000000000000,0.504428480048710,-1.643160272050590,0.038190620442215,0.023455018291326,0.328583744179819,0.162081309439843,3.886670224353936,6.777845119653932
524,test,heatmap_start,1,1,5,0.400000000000000,0.600000000000000,-1.600000000000000,-1.400000000000000,0.551883446471156,-1.563607728397895,0.041783467956619,0.025468321980229,0.312675574357888,0.152177439089904,5.529485575880721,2.305416932080167
525,test,heatmap_start,1,1,5,0.400000000000000,0.600000000000000,-1.600000000000000,-1.400000000000000,0.524521286291772,-1.566793111415753,0.019847069977960,0.048822667002218,0.313312557308643,0.154298454158020,5.024579920802697,3.399952440732903
526,test,heatmap_start,1,1,5,0.400000000000000,0.600000000000000,-1.400000000000000,-1.200000000000000,0.489887733623207,-1.371259497426538,0.037089730723163,0.022156336140507,0.132800454185386,0.274024365913742,4.780256896718328,7.929283931658915
527,test,heatmap_start,1,1,5,0.400000000000000,0.600000000000000,-1.400000000000000,-1.200000000000000,0.511851257993937,-1.254828163647622,0.019376058723724,0.047643335317003,0.125118959942363,0.250757418650197,3.376499716844814,18.779937659572283
528,test,heatmap_start,1,1,5,0.400000000000000,0.600000000000000,-1.200000000000000,-1.000000000000000,0.504038371030045,-1.156081582930704,0.018643916013644,0.046916108436926,0.114280005069405,0.231024487561745,4.013192544208060,2.588561252984277
529,test,heatmap_start,1,1,5,0.400000000000000,0.600000000000000,-1.200000000000000,-1.000000000000000,0.405614297150868,-1.180555866090225,0.030709332008631,0.018719758362500,0.236076463928427,0.115295371698278,3.266189946453223,4.343101206180137
530,test,heatmap_start,1,1,5,0.400000000000000,0.600000000000000,-1.000000000000000,-0.800000000000000,0.513126366141142,-0.856897540180859,0.019315336198342,0.047762022931957,0.085442895011915,0.171237322725405,3.704956743485774,3.585609225238187
531,test,heatmap_start,1,1,5,0.400000000000000,0.600000000000000,-1.000000000000000,-0.800000000000000,0.540426540289393,-0.878898465917246,0.040916057862353,0.024731281720677,0.175753852863414,0.086221277910157,3.412780819571999,3.725270603950776
532,test,heatmap_start,1,1,5,0.400000000000000,0.600000000000000,-0.800000000000000,-0.600000000000000,0.448664298773054,-0.732285607056904,0.016887214826528,0.041761865966667,0.073135519511001,0.146335613002584,3.162669628271452,4.699202453098337
533,test,heatmap_start,1,1,5,0.400000000000000,0.600000000000000,-0.800000000000000,-0.600000000000000,0.442080499861876,-0.643973555729001,0.033470212810941,0.020158184213576,0.128775777806604,0.062677033175591,3.807787349175378,2.244955935360395
534,test,heatmap_start,1,1,5,0.400000000000000,0.600000000000000,-0.600000000000000,-0.400000000000000,0.499160689119011,-0.481427524829741,0.037791792438004,0.023201862514188,0.096271350610471,0.047429337574029,4.782533556528355,9.266036190702891
535,test,heatmap_start,1,1,5,0.400000000000000,0.600000000000000,-0.600000000000000,-0.400000000000000,0.422974858681548,-0.546138996471887,0.032023711831153,0.018455045164290,0.054199991566156,0.109137178258263,2.064285387306076,3.074054247785966
536,test,heatmap_start,1,1,5,0.400000000000000,0.600000000000000,-0.400000000000000,-0.200000000000000,0.411383793136228,-0.219361439865215,0.031146144440987,0.018971738187571,0.021857343420682,0.043835889252035,5.700354987120207,2.817185164783268
537,test,heatmap_start,1,1,5,0.400000000000000,0.600000000000000,-0.400000000000000,-0.200000000000000,0.593947226169203,-0.269887150389310,0.022385796812599,0.055284863356374,0.026676206200303,0.053932647607904,7.850329791922796,7.953205872409740
538,test,heatmap_start,1,1,5,0.400000000000000,0.600000000000000,-0.200000000000000,0.000000000000000,0.462277085205751,-0.133114232020751,0.017329566482408,0.043028949984695,0.026618932738932,0.013289053123094,3.377371463864471,4.301754489328516
539,test,heatmap_start,1,1,5,0.400000000000000,0.600000000000000,-0.200000000000000,0.000000000000000,0.537271529240625,-0.049591802881917,0.020282906815235,0.050009465101663,0.009916902537591,0.004719721853255,5.979207691547749,8.692870509013062
540,test,heatmap_start,1,1,5,0.400000000000000,0.600000000000000,0.000000000000000,0.200000000000000,0.517702912090733,0.181038902068960,0.039195636645214,0.023808257621938,0.018023722771485,0.036177740564983,3.501825027276563,8.713281716649760
541,test,heatmap_start,1,1,5,0.400000000000000,0.600000000000000,0.000000000000000,0.200000000000000,0.474787384308164,0.133890295670744,0.035946473091912,0.021964301893069,0.026774122652036,0.013264603474486,7.278678361374606,4.783381216139730
542,test,heatmap_start,1,1,5,0.400000000000000,0.600000000000000,0.200000000000000,0.400000000000000,0.590504934079858,0.250385962009312,0.044707526832191,0.027395520223243,0.024755345782007,0.050035645770964,5.076104100211580,8.912177716210465
543,test,heatmap_start,1,1,5,0.400000000000000,0.600000000000000,0.200000000000000,0.400000000000000,0.496759991643423,0.344525771283092,0.018708053893006,0.046238633752111,0.068895024922531,0.032515565861335,5.420245090368212,5.480848544634174
544,test,heatmap_start,1,1,5,0.400000000000000,0.600000000000000,0.400000000000000,0.600000000000000,0.516727736198453,0.572918954391071,0.019492861497199,0.048097240006374,0.057074403965841,0.114488726234246,5.015512624708844,1.786859806955003
545,test,heatmap_start,1,1,5,0.400000000000000,0.600000000000000,0.400000000000000,0.600000000000000,0.470330832633883,0.467884797250871,0.017412603396941,0.043778596260413,0.046325803142863,0.093499323160909,7.270774883798271,6.104389790793306
546,test,heatmap_start,1,1,5,0.400000000000000,0.600000000000000,0.600000000000000,0.800000000000000,0.403803361035276,0.771848127397356,0.015261406205040,0.037586190580710,0.076247933527608,0.154241552447735,2.339541435349987,6.416319349969456
547,test,heatmap_start,1,1,5,0.400000000000000,0.600000000000000,0.600000000000000,0.800000000000000,0.430579640283910,0.645277090384105,0.032599474975403,0.019611700468967,0.063974192871501,0.128948347021853,3.242846194285453,3.984725068925599
548,test,heatmap_start,1,1,5,0.400000000000000,0.600000000000000,0.800000000000000,1.000000000000000,0.422986894834566,0.907021330522638,0.032024623096416,0.019393742585935,0.181377598949711,0.087655228066856,2.524648731784253,6.404659609709086
549,test,heatmap_start,1,1,5,0.400000000000000,0.600000000000000,0.800000000000000,1.000000000000000,0.543307540834228,0.855608636937853,0.041134180356727,0.025095724994457,0.084515217487047,0.170979755944973,3.105935034019113,3.365597251741207
550,test,heatmap_start,1,1,5,0.400000000000000,0.600000000000000,1.000000000000000,1.200000000000000,0.405707330212133,1.119651052632252,0.030716375604446,0.018658247039153,0.223897291887211,0.109359134044372,3.954221170758986,5.659095947792025
551,test,heatmap_start,1,1,5,0.400000000000000,0.600000000000000,1.000000000000000,1.200000000000000,0.430978534651301,1.085860076187749,0.032629675536997,0.019990348807300,0.106802302874481,0.216991838092510,4.644485777989694,3.107224014196792
552,test,heatmap_start,1,1,5,0.400000000000000,0.600000000000000,1.200000000000000,1.400000000000000,0.434209623096892,1.358161277224720,0.016145629044462,0.040416418535636,0.130450932792447,0.271406895265672,5.480905085276458,3.725184839897581
553,test,heatmap_start,1,1,5,0.400000000000000,0.600000000000000,1.200000000000000,1.400000000000000,0.568186595731495,1.290947005631024,0.043017790382971,0.025905844297144,0.126490161929199,0.257975193834701,9.945862277986045,7.364110344215476
554,test,heatmap_start,1,1,5,0.400000000000000,0.600000000000000,1.400000000000000,1.600000000000000,0.460611608368703,1.577316741275042,0.034873215534517,0.020922242903352,0.315416973877340,0.157446563358980,8.310711805173099,2.731030565384629
555,test,heatmap_start,1,1,5,0.400000000000000,0.600000000000000,1.400000000000000,1.600000000000000,0.443152518757491,1.485089361364645,0.033551376084563,0.020527198145590,0.296974209454224,0.145836399697991,3.993676165031013,2.237761477557598
556,test,heatmap_start,1,1,5,0.400000000000000,0.600000000000000,1.600000000000000,1.800000000000000,0.584816807172774,1.651902459453555,0.044276874907632,0.026445103029437,0.330331924633088,0.164166936305914,4.966083958094693,3.590139470523184
557,test,heatmap_start,1,1,5,0.400000000000000,0.600000000000000,1.600000000000000,1.800000000000000,0.569203188346983,1.695627325366066,0.043094757295542,0.026450647404829,0.167695032115065,0.338844109033668,11.490831445759753,3.626937178360407
558,test,heatmap_start,1,1,5,0.400000000000000,0.600000000000000,1.800000000000000,2.000000000000000,0.572731069171102,1.949758613657135,0.021656562076981,0.053310054334784,0.389894398263902,0.190294636965432,12.840680025664142,4.729826698947306
559,test,heatmap_start,1,1,5,0.400000000000000,0.600000000000000,1.800000000000000,2.000000000000000,0.531766504099212,1.866649873306795,0.019971206248495,0.049497054992975,0.184230240653310,0.373020240790175,4.953545027183679,5.211935924330817
560,test,heatmap_start,1,1,5,0.600000000000000,0.800000000000000,-2.000000000000000,-1.800000000000000,0.624149677321404,-1.887439448659462,0.047254793035102,0.027940965400184,0.184771371304523,0.377174706239145,3.308085695950375,10.457984066412564
561,test,heatmap_start,1,1,5,0.600000000000000,0.800000000000000,-2.000000000000000,-1.800000000000000,0.690372128344654,-1.932071896026492,0.052268539466584,0.030644561034676,0.192427781404365,0.386093789834833,7.603606656141654,3.578884936599874
562,test,heatmap_start,1,1,5,0.600000000000000,0.800000000000000,-1.800000000000000,-1.600000000000000,0.776525600615303,-1.634261161577561,0.058791276959418,0.035773978993967,0.163152109587385,0.326581058785147,9.476745672493841,5.731983811056210
563,test,heatmap_start,1,1,5,0.600000000000000,0.800000000000000,-1.800000000000000,-1.600000000000000,0.608602663144638,-1.764622687690883,0.022767917856507,0.056648997735519,0.176125239892848,0.352631733073851,5.400086301280375,4.908954127669745
564,test,heatmap_start,1,1,5,0.600000000000000,0.800000000000000,-1.600000000000000,-1.400000000000000,0.673122115606946,-1.498715354120674,0.050962529367738,0.031156938811021,0.148773621602325,0.299494388457359,4.555110157367466,8.703691155841909
565,test,heatmap_start,1,1,5,0.600000000000000,0.800000000000000,-1.600000000000000,-1.400000000000000,0.687125025226681,-1.567926440281530,0.052022699099475,0.031103789868510,0.156000086367876,0.313325121469618,5.634959908420259,4.853579909902436
566,test,heatmap_start,1,1,5,0.600000000000000,0.800000000000000,-1.400000000000000,-1.200000000000000,0.709446920176110,-1.366087621012223,0.026850654947879,0.066035624568038,0.273177360130380,0.135272875083658,5.107347082595879,9.045486737732404
567,test,heatmap_start,1,1,5,0.600000000000000,0.800000000000000,-1.400000000000000,-1.200000000000000,0.624804225426664,-1.285644045660398,0.047304349313619,0.028427489251847,0.257091010165670,0.126326710393778,8.118693877409843,5.081265339245078
568,test,heatmap_start,1,1,5,0.600000000000000,0.800000000000000,-1.200000000000000,-1.000000000000000,0.699207900486576,-1.039482045677792,0.052937501734839,0.032173782898981,0.207865847529443,0.099762642182623,4.791613372417309,7.540330746122834
569,test,heatmap_start,1,1,5,0.600000000000000,0.800000000000000,-1.200000000000000,-1.000000000000000,0.679321333668772,-1.099958572308482,0.051431876348334,0.030960584875348,0.105489111679126,0.219809197948227,10.747364238168736,4.114781604224845
570,test,heatmap_start,1,1,5,0.600000000000000,0.800000000000000,-1.000000000000000,-0.800000000000000,0.682179446830330,-0.951191493760951,0.051648266023484,0.030201602142050,0.190210332959136,0.094679424257345,10.219328741253218,3.943629563298572
571,test,heatmap_start,1,1,5,0.600000000000000,0.800000000000000,-1.000000000000000,-0.800000000000000,0.754089668273470,-0.996125430098178,0.057092637389640,0.034242064092297,0.199195799132803,0.099467144169063,5.426565092979970,6.747169510821038
572,test,heatmap_start,1,1,5,0.600000000000000,0.800000000000000,-0.800000000000000,-0.600000000000000,0.621123382016250,-0.687390094197040,0.047025670176428,0.028136544311770,0.068516325414245,0.137363959958879,8.498087407087361,9.894213898491159
573,test,heatmap_start,1,1,5,0.600000000000000,0.800000000000000,-0.800000000000000,-0.600000000000000,0.775231868784578,-0.631724004738926,0.058693327649942,0.035811207393381,0.126326227755216,0.060088086967117,17.141375882053627,12.718118771702734
574,test,heatmap_start,1,1,5,0.600000000000000,0.800000000000000,-0.600000000000000,-0.400000000000000,0.653381726070228,-0.445600676369814,0.049467971161775,0.028635540366946,0.043988446312988,0.089046196596727,5.868687484224172,5.834916346641648
575,test,heatmap_start,1,1,5,0.600000000000000,0.800000000000000,-0.600000000000000,-0.400000000000000,0.774227832117584,-0.453325591601906,0.058617311356699,0.033677142666271,0.044945985040196,0.090589897845239,5.033554651517647,10.692031775537714
576,test,heatmap_start,1,1,5,0.600000000000000,0.800000000000000,-0.400000000000000,-0.200000000000000,0.668127179518201,-0.284440660232538,0.050584359387566,0.030751176762629,0.028299824330643,0.056840934707534,10.615833693746968,11.794044569280913
577,test,heatmap_start,1,1,5,0.600000000000000,0.800000000000000,-0.400000000000000,-0.200000000000000,0.617313782992592,-0.343931395690646,0.046737242864918,0.028268165924295,0.034020879560023,0.068729210480459,2.928683265710980,4.975430177272306
578,test,heatmap_start,1,1,5,0.600000000000000,0.800000000000000,-0.200000000000000,0.000000000000000,0.774392519749210,-0.043975131456677,0.029311798034046,0.072080788919009,0.004382467922714,0.008787729482278,7.447462502332280,12.419045946720701
579,test,heatmap_start,1,1,5,0.600000000000000,0.800000000000000,-0.200000000000000,0.000000000000000,0.750031411824147,-0.097486423823342,0.056785384056722,0.034804200496254,0.009688046572391,0.019481108808014,8.088957765192879,4.822453933205978
580,test,heatmap_start,1,1,5,0.600000000000000,0.800000000000000,0.000000000000000,0.200000000000000,0.682393539149926,0.176839037120991,0.051664475097398,0.031698439187804,0.017615542736609,0.035338464460460,4.661475134172747,5.241082764638151
581,test,heatmap_start,1,1,5,0.600000000000000,0.800000000000000,0.000000000000000,0.200000000000000,0.605873828562020,0.045897803069431,0.045871116199168,0.027917581406431,0.004563154283686,0.009171944775251,6.341934350206857,2.002369743466396
582,test,heatmap_start,1,1,5,0.600000000000000,0.800000000000000,0.200000000000000,0.400000000000000,0.788374968930028,0.340394542147685,0.029556995476083,0.073382281304679,0.033901535188697,0.068022426643222,10.804283031055089,12.093317365546909
583,test,heatmap_start,1,1,5,0.600000000000000,0.800000000000000,0.200000000000000,0.400000000000000,0.714989095005842,0.282273526510997,0.026959540402744,0.066551492585698,0.056446406234053,0.027525357447811,5.164132404902668,5.152826299887806
584,test,heatmap_start,1,1,5,0.600000000000000,0.800000000000000,0.400000000000000,0.600000000000000,0.735146768743792,0.401089691948429,0.055658457689986,0.033712039887999,0.039895586717079,0.080151385435778,6.414501449094246,4.390238466079020
585,test,heatmap_start,1,1,5,0.600000000000000,0.800000000000000,0.400000000000000,0.600000000000000,0.629056645124785,0.550857756922765,0.023482842937656,0.058552863178513,0.054984268744844,0.110080147362854,11.946617853966906,3.657809406220707
586,test,heatmap_start,1,1,5,0.600000000000000,0.800000000000000,0.600000000000000,0.800000000000000,0.621575352877449,0.613950954105143,0.047059889195167,0.028854222122708,0.122772140170408,0.061081903770859,5.237744526926064,4.328450423633456
587,test,heatmap_start,1,1,5,0.600000000000000,0.800000000000000,0.600000000000000,0.800000000000000,0.765879169520763,0.772410292262564,0.057985228480640,0.035282911120168,0.077011185431403,0.154353892140562,14.418159342499461,7.443501068908063
588,test,heatmap_start,1,1,5,0.600000000000000,0.800000000000000,0.800000000000000,1.000000000000000,0.748434849987349,0.834253719031683,0.056664507283239,0.034158965169092,0.082812841888056,0.166712315792792,4.564176494908153,9.705718792089442
589,test,heatmap_start,1,1,5,0.600000000000000,0.800000000000000,0.800000000000000,1.000000000000000,0.617844229008319,0.929848442413351,0.023159684771587,0.057509206662274,0.091088805701173,0.185815398402992,6.472094397107952,6.552272289769746
590,test,heatmap_start,1,1,5,0.600000000000000,0.800000000000000,1.000000000000000,1.200000000000000,0.609687503168230,1.065693473363095,0.046159852075781,0.028232395158692,0.106429719829070,0.212961863779091,5.917436284651947,10.393269889385579
591,test,heatmap_start,1,1,5,0.600000000000000,0.800000000000000,1.000000000000000,1.200000000000000,0.780627115785650,1.171559979596858,0.059101805439281,0.035131443688924,0.234277551116033,0.115912461890260,7.526714360928075,11.804987771249444
592,test,heatmap_start,1,1,5,0.600000000000000,0.800000000000000,1.200000000000000,1.400000000000000,0.661458764971619,1.330521454128982,0.024944442618531,0.061568866434801,0.132608077613083,0.265883516932109,8.658537059608403,8.935078328422946
593,test,heatmap_start,1,1,5,0.600000000000000,0.800000000000000,1.200000000000000,1.400000000000000,0.664321136941209,1.297674392072177,0.024983040801176,0.061835297249260,0.128512600118292,0.259319554845329,12.476613427190529,4.305893894130179
594,test,heatmap_start,1,1,5,0.600000000000000,0.800000000000000,1.400000000000000,1.600000000000000,0.654615259828295,1.435085486473134,0.024594514248529,0.060931870031656,0.142899321648420,0.286778973054210,4.339493795752163,4.456814593135221
595,test,heatmap_start,1,1,5,0.600000000000000,0.800000000000000,1.400000000000000,1.600000000000000,0.697449926787220,1.461126336682740,0.052804404360375,0.032346845049406,0.144421278465663,0.291982822128680,6.323757159878092,11.860309923433590
596,test,heatmap_start,1,1,5,0.600000000000000,0.800000000000000,1.600000000000000,1.800000000000000,0.707238375415746,1.680536166264960,0.026716299604967,0.065830052271521,0.336057824141416,0.166678444934365,6.322419934441314,3.858733479446604
597,test,heatmap_start,1,1,5,0.600000000000000,0.800000000000000,1.600000000000000,1.800000000000000,0.619229289021910,1.724033885722811,0.023314120301771,0.057638128644259,0.171210130896842,0.344520707594448,5.684077193440267,9.155176649210205
598,test,heatmap_start,1,1,5,0.600000000000000,0.800000000000000,1.800000000000000,2.000000000000000,0.685021391312100,1.947239994201988,0.051863431556982,0.031567821020383,0.193667845471949,0.389124892622058,5.037559010466531,5.872666630067044
599,test,heatmap_start,1,1,5,0.600000000000000,0.800000000000000,1.800000000000000,2.000000000000000,0.602341333970230,1.810381289700285,0.022400865440358,0.056066190522041,0.179876315449454,0.361775860734777,8.186372212137247,4.336515518309540
600,test,heatmap_start,1,1,5,0.800000000000000,1.000000000000000,-2.000000000000000,-1.800000000000000,0.914294973314570,-1.956401141156179,0.034102624358443,0.085102969489609,0.391222708468073,0.194280060863967,11.992345251153392,9.159577855145585
601,test,heatmap_start,1,1,5,0.800000000000000,1.000000000000000,-2.000000000000000,-1.800000000000000,0.827091647339840,-1.880251064394814,0.062619666461799,0.037672334857389,0.375994931989152,0.187715205134559,5.600536640668727,6.267523981318675
602,test,heatmap_start,1,1,5,0.800000000000000,1.000000000000000,-1.800000000000000,-1.600000000000000,0.995531380199754,-1.700438984693608,0.075372352242784,0.045730496704474,0.169064492207641,0.339805642498849,11.072890807271841,5.245363379112545
603,test,heatmap_start,1,1,5,0.800000000000000,1.000000000000000,-1.800000000000000,-1.600000000000000,0.971253806213229,-1.611918648428918,0.073534280741968,0.044256899229933,0.160637495219773,0.322116263456497,9.741198400258558,7.394948698300425
604,test,heatmap_start,1,1,5,0.800000000000000,1.000000000000000,-1.600000000000000,-1.400000000000000,0.906850427642796,-1.588738794118105,0.068658257512784,0.041016110905974,0.158608991387723,0.317484138835727,5.168723158054084,6.459574350428881
605,test,heatmap_start,1,1,5,0.800000000000000,1.000000000000000,-1.600000000000000,-1.400000000000000,0.851741067887914,-1.586038698223864,0.064485890716585,0.039399100836891,0.317161108834572,0.157635617119526,16.703051951182182,7.062806141507849
606,test,heatmap_start,1,1,5,0.800000000000000,1.000000000000000,-1.400000000000000,-1.200000000000000,0.983773875154729,-1.244480661756326,0.037027356778358,0.091570095566043,0.123543936671796,0.248689635236572,16.240329353956472,15.907134309975390
607,test,heatmap_start,1,1,5,0.800000000000000,1.000000000000000,-1.400000000000000,-1.200000000000000,0.844633675292894,-1.266535990886612,0.063947785229552,0.038954484155388,0.126124245570295,0.253097041414096,13.476429366506260,7.784890226898369
608,test,heatmap_start,1,1,5,0.800000000000000,1.000000000000000,-1.200000000000000,-1.000000000000000,0.837501499668041,-1.058929868789768,0.063407803402614,0.037032383472711,0.211754840370236,0.105704486456357,4.620281720165494,3.807777340045959
609,test,heatmap_start,1,1,5,0.800000000000000,1.000000000000000,-1.200000000000000,-1.000000000000000,0.981043018178233,-1.039637447918585,0.036933313349182,0.091315906223725,0.099702388582451,0.207754982175672,5.316183545537779,8.023318851729471
610,test,heatmap_start,1,1,5,0.800000000000000,1.000000000000000,-1.000000000000000,-0.800000000000000,0.944728151610839,-0.941948493201948,0.071526005541481,0.043485862705555,0.188362004598968,0.090487556061738,8.143621999636284,8.439940738231513
611,test,heatmap_start,1,1,5,0.800000000000000,1.000000000000000,-1.000000000000000,-0.800000000000000,0.986218637289990,-0.911069921905185,0.037100450044843,0.091797655077447,0.090305711437374,0.182062810227884,10.847039912630986,12.661737768953458
612,test,heatmap_start,1,1,5,0.800000000000000,1.000000000000000,-0.800000000000000,-0.600000000000000,0.819475259176954,-0.763017916012257,0.062043024577024,0.037232477093684,0.152581149863554,0.075644292964966,8.234610224793393,5.478316652726018
613,test,heatmap_start,1,1,5,0.800000000000000,1.000000000000000,-0.800000000000000,-0.600000000000000,0.921538459051080,-0.790214035835091,0.069770298277221,0.042866445226126,0.078887588788693,0.157911686673624,6.369653847187994,7.928923286952170
614,test,heatmap_start,1,1,5,0.800000000000000,1.000000000000000,-0.600000000000000,-0.400000000000000,0.816118238264591,-0.482989221977469,0.061788862259567,0.037115187259563,0.048095423501862,0.096517701823712,9.489667316745322,7.368303576942452
615,test,heatmap_start,1,1,5,0.800000000000000,1.000000000000000,-0.600000000000000,-0.400000000000000,0.860441330072179,-0.435969749006509,0.065144593434550,0.039981889625802,0.043553776979097,0.087121609187237,8.149769945228206,7.134443578049655
616,test,heatmap_start,1,1,5,0.800000000000000,1.000000000000000,-0.400000000000000,-0.200000000000000,0.873868766376294,-0.393912949352533,0.066161193693427,0.040668057530309,0.038999696325672,0.078717227756027,8.581554197266207,7.215270615281383
617,test,heatmap_start,1,1,5,0.800000000000000,1.000000000000000,-0.400000000000000,-0.200000000000000,0.935596965629692,-0.340167363258854,0.070834677292213,0.043419572622206,0.068023471458376,0.032506519793872,8.016981141006873,7.200946583119531
618,test,heatmap_start,1,1,5,0.800000000000000,1.000000000000000,-0.200000000000000,0.000000000000000,0.825479073652337,-0.129956104395892,0.031124822321235,0.076835947336195,0.025987400065446,0.012840646665077,3.329276035847427,8.870764314385838
619,test,heatmap_start,1,1,5,0.800000000000000,1.000000000000000,-0.200000000000000,0.000000000000000,0.972414449031477,-0.158421329929627,0.073622153792547,0.043173657177482,0.015707612359763,0.031657979078831,12.386232644820012,6.693680130714483
620,test,heatmap_start,1,1,5,0.800000000000000,1.000000000000000,0.000000000000000,0.200000000000000,0.814625412619763,0.065409031414283,0.061675839423143,0.037687546059167,0.013079883204856,0.006409583092002,7.255250046538951,12.052621424018298
621,test,heatmap_start,1,1,5,0.800000000000000,1.000000000000000,0.000000000000000,0.200000000000000,0.966897129305710,0.051506944652134,0.036434321462182,0.089999200801232,0.005042990747039,0.010292842364952,4.654023195742971,13.115774436081495
622,test,heatmap_start,1,1,5,0.800000000000000,1.000000000000000,0.200000000000000,0.400000000000000,0.845851459775314,0.259399771271681,0.064039984514065,0.038014361671918,0.025829095234193,0.051836911958891,7.837538991146013,5.820290839125079
623,test,heatmap_start,1,1,5,0.800000000000000,1.000000000000000,0.200000000000000,0.400000000000000,0.836162893875303,0.388105973277420,0.063306456655208,0.037952605153296,0.077609784028494,0.038150616065124,4.914065232819164,8.653094266194842
624,test,heatmap_start,1,1,5,0.800000000000000,1.000000000000000,0.400000000000000,0.600000000000000,0.803876885303900,0.541601744485319,0.029556436666111,0.074825206350426,0.053777528217053,0.108230480728770,9.344843046003266,3.788316308231032
625,test,heatmap_start,1,1,5,0.800000000000000,1.000000000000000,0.400000000000000,0.600000000000000,0.964918707855136,0.472818082242176,0.073054646172495,0.044742395929851,0.047028484322268,0.094485161577453,11.611729307581076,4.684017643028312
626,test,heatmap_start,1,1,5,0.800000000000000,1.000000000000000,0.600000000000000,0.800000000000000,0.845006213021180,0.783318854698611,0.031987400744369,0.078653541870157,0.156640740736940,0.077998876324134,5.536297769344385,11.176470371661651
627,test,heatmap_start,1,1,5,0.800000000000000,1.000000000000000,0.600000000000000,0.800000000000000,0.806776113093908,0.713801943424593,0.061081563661988,0.037099171322357,0.071240710044416,0.142641947276941,16.636266570568608,15.560780277241008
628,test,heatmap_start,1,1,5,0.800000000000000,1.000000000000000,0.800000000000000,1.000000000000000,0.922692208188843,0.921786623371200,0.069857649402601,0.042086133190904,0.092141608832178,0.184204372295036,5.395828364400558,16.045890168882579
629,test,heatmap_start,1,1,5,0.800000000000000,1.000000000000000,0.800000000000000,1.000000000000000,0.903220202520500,0.836456054183582,0.068383410720327,0.040508504019460,0.082493975291887,0.167152417388924,8.184645272055995,6.677117140711999
630,test,heatmap_start,1,1,5,0.800000000000000,1.000000000000000,1.000000000000000,1.200000000000000,0.920529159138903,1.188156927513140,0.034830263119320,0.085683250188384,0.116588350095868,0.237434234205004,12.241428098510180,7.918294096665591
631,test,heatmap_start,1,1,5,0.800000000000000,1.000000000000000,1.000000000000000,1.200000000000000,0.975444553426430,1.197171455414525,0.073851565039979,0.044180940914065,0.239399093281630,0.117960145217586,5.835663061901053,15.240207850838374
632,test,heatmap_start,1,1,5,0.800000000000000,1.000000000000000,1.200000000000000,1.400000000000000,0.848210037687845,1.251340756564913,0.064218554038593,0.039021542062544,0.250231360890794,0.124735434500328,7.768029811877032,5.109204701541586
633,test,heatmap_start,1,1,5,0.800000000000000,1.000000000000000,1.200000000000000,1.400000000000000,0.885129577304386,1.350493586645156,0.067013757283780,0.040147161608990,0.270059011734088,0.132386826942657,17.308143770341459,13.208119107329139
634,test,heatmap_start,1,1,5,0.800000000000000,1.000000000000000,1.400000000000000,1.600000000000000,0.925834206485021,1.583553942652440,0.070095532212762,0.042805173705299,0.157766486118192,0.316448028866825,5.456181014484665,7.614311359951870
635,test,heatmap_start,1,1,5,0.800000000000000,1.000000000000000,1.400000000000000,1.600000000000000,0.893289976075482,1.505485574183610,0.033633250553187,0.083147815309239,0.301052852352996,0.146693025382160,2.908205404490011,7.597452823757862
636,test,heatmap_start,1,1,5,0.800000000000000,1.000000000000000,1.600000000000000,1.800000000000000,0.869112246852739,1.707638214460012,0.065801074392208,0.040387173949664,0.170637604001077,0.341244293881398,8.041472035556154,6.999155387315739
637,test,heatmap_start,1,1,5,0.800000000000000,1.000000000000000,1.600000000000000,1.800000000000000,0.919122058971872,1.780283565629651,0.069587350997455,0.042272227934953,0.356004371360786,0.175630476491705,6.322042702801403,8.385590190922073
638,test,heatmap_start,1,1,5,0.800000000000000,1.000000000000000,1.800000000000000,2.000000000000000,0.818625788903058,1.954277959516067,0.029187475212205,0.076198040643121,0.193915378020746,0.390531317872809,5.754395386254814,6.434452847417703
639,test,heatmap_start,1,1,5,0.800000000000000,1.000000000000000,1.800000000000000,2.000000000000000,0.911144149274166,1.994471592407167,0.034244489330032,0.084809689432293,0.198902335160030,0.398563375107362,11.003190420502346,3.807127675723564
640,test,heatmap_start,1,1,5,1.000000000000000,1.200000000000000,-2.000000000000000,-1.800000000000000,1.103493812171315,-1.901805386371649,0.083546260783884,0.051328329403759,0.380305162670160,0.182712330325112,6.946915148845395,8.904237830391480
641,test,heatmap_start,1,1,4,1.000000000000000,1.200000000000000,-2.000000000000000,-1.800000000000000,1.113199060436897,-1.960558891255637,0.042083993543554,0.103617047497021,0.392054136246776,0.189272612714834,19.919068567092925,6.442840450788225
642,test,heatmap_start,1,1,5,1.000000000000000,1.200000000000000,-1.800000000000000,-1.600000000000000,1.189105461373644,-1.631036873684392,0.090027976486777,0.055099901849299,0.161390221169414,0.325936736213739,8.601599276387613,8.945837198083526
643,test,heatmap_start,1,1,4,1.000000000000000,1.200000000000000,-1.800000000000000,-1.600000000000000,1.130797170280722,-1.676761573842362,0.042443406148124,0.105255087132834,0.164478796308573,0.335074089129725,7.183302494371013,5.903349617157961
644,test,heatmap_start,1,1,5,1.000000000000000,1.200000000000000,-1.600000000000000,-1.400000000000000,1.135454135735696,-1.460861553997538,0.085965998436960,0.052817119217490,0.145397377924629,0.291929909527124,7.975181189563060,15.034386332695419
645,test,heatmap_start,1,1,5,1.000000000000000,1.200000000000000,-1.600000000000000,-1.400000000000000,1.156659611246425,-1.559843761008061,0.043780325738091,0.107662374265182,0.152022012964050,0.311709926776744,6.740916814351233,10.506922283136134
646,test,heatmap_start,1,1,5,1.000000000000000,1.200000000000000,-1.400000000000000,-1.200000000000000,1.098687053778776,-1.323400659328938,0.083182337864010,0.050535205496238,0.131813833685611,0.264460539528091,7.287421535707306,16.016426872635691
647,test,heatmap_start,1,1,5,1.000000000000000,1.200000000000000,-1.400000000000000,-1.200000000000000,1.008068103115151,-1.293499976804418,0.076321515990249,0.045946366213771,0.128344737935076,0.258485364453973,8.967013275312860,16.301759562111272
648,test,heatmap_start,1,1,5,1.000000000000000,1.200000000000000,-1.200000000000000,-1.000000000000000,1.147707788139829,-1.178620395649987,0.043057308810892,0.106829134718917,0.117327925291807,0.235528510232465,12.165822051733251,14.699961873380119
649,test,heatmap_start,1,1,5,1.000000000000000,1.200000000000000,-1.200000000000000,-1.000000000000000,1.038815326376169,-1.054173245099040,0.039322042444037,0.096693377527203,0.104771461367616,0.210659729681815,13.517032819396665,11.958999184852795
650,test,heatmap_start,1,1,5,1.000000000000000,1.200000000000000,-1.000000000000000,-0.800000000000000,1.039726817786953,-0.861167088876023,0.078718418630644,0.046727167406205,0.172208098771881,0.085744038903047,8.209346911847980,9.054676704291893
651,test,heatmap_start,1,1,5,1.000000000000000,1.200000000000000,-1.000000000000000,-0.800000000000000,1.159419991218287,-0.942657176567875,0.087780469519600,0.052956482336438,0.188503720436294,0.093774485097193,15.277056977863941,6.938043493324585
652,test,heatmap_start,1,1,5,1.000000000000000,1.200000000000000,-0.800000000000000,-0.600000000000000,1.085546676274806,-0.606724154181665,0.082187471020502,0.050256457852246,0.060255218953245,0.121244156883653,7.653006097334708,18.317641856893999
653,test,heatmap_start,1,1,5,1.000000000000000,1.200000000000000,-0.800000000000000,-0.600000000000000,1.197255342963657,-0.791632168345730,0.045115784142027,0.111441042439650,0.078276019233635,0.158195077864524,8.867640763292403,7.482175730516701
654,test,heatmap_start,1,1,5,1.000000000000000,1.200000000000000,-0.600000000000000,-0.400000000000000,1.059929331077067,-0.547336090703064,0.080247964537661,0.049059972110088,0.054314661173709,0.109376398470231,8.138113084266241,6.482552645489079
655,test,heatmap_start,1,1,5,1.000000000000000,1.200000000000000,-0.600000000000000,-0.400000000000000,1.138581162190207,-0.571772740192047,0.086202747718891,0.051193790167427,0.057141834167016,0.114259673586168,9.761004838911408,9.174441648786484
656,test,heatmap_start,1,1,5,1.000000000000000,1.200000000000000,-0.400000000000000,-0.200000000000000,1.018721757702353,-0.372216738754280,0.038315319101840,0.094823059509829,0.037141630657959,0.074381585696245,6.075510996891697,14.440138303151855
657,test,heatmap_start,1,1,5,1.000000000000000,1.200000000000000,-0.400000000000000,-0.200000000000000,1.174170811542826,-0.334256369827547,0.088897264075235,0.054398767129162,0.033179348004809,0.066795810688290,17.186592382624315,7.003221457695076
658,test,heatmap_start,1,1,5,1.000000000000000,1.200000000000000,-0.200000000000000,0.000000000000000,1.111763748362103,-0.161013339495741,0.041963550913426,0.103483448031559,0.032197933977787,0.015652884266146,8.108808217745256,11.561470324934305
659,test,heatmap_start,1,1,5,1.000000000000000,1.200000000000000,-0.200000000000000,0.000000000000000,1.177518045912957,-0.117524417096798,0.089150685446980,0.052938834920785,0.023501428107208,0.011253364428161,12.626040239196371,7.290904681162772
660,test,heatmap_start,1,1,5,1.000000000000000,1.200000000000000,0.000000000000000,0.200000000000000,1.188189755066182,0.147322828564121,0.089958647744630,0.054945497026592,0.014350241308129,0.029440120383972,14.137386007822002,10.364970492104618
661,test,heatmap_start,1,1,5,1.000000000000000,1.200000000000000,0.000000000000000,0.200000000000000,1.138760190065772,0.183689697090304,0.042940619228711,0.105996288440499,0.036732538793593,0.018061003904589,7.190710904346725,15.515240948346559
662,test,heatmap_start,1,1,5,1.000000000000000,1.200000000000000,0.200000000000000,0.400000000000000,1.100384012467071,0.244158271731069,0.083310815750835,0.050695003825278,0.024350923624400,0.048791141078157,6.796793614600444,10.456641215426544
663,test,heatmap_start,1,1,5,1.000000000000000,1.200000000000000,0.200000000000000,0.400000000000000,1.109993671764002,0.264324980940041,0.084038369537553,0.050056735722809,0.026387536784049,0.052821136650787,26.408697161158880,16.890410983737922
664,test,heatmap_start,1,1,5,1.000000000000000,1.200000000000000,0.400000000000000,0.600000000000000,1.115440586918150,0.437336380224205,0.084450759157610,0.051190112706032,0.087454418004389,0.042657455667258,8.909150424123681,10.195189373654017
665,test,heatmap_start,1,1,5,1.000000000000000,1.200000000000000,0.400000000000000,0.600000000000000,1.019598049806310,0.544281266031077,0.037812743533888,0.094904625155888,0.053945579635210,0.108765940423968,10.454299898261691,10.593151819191995
666,test,heatmap_start,1,1,5,1.000000000000000,1.200000000000000,0.600000000000000,0.800000000000000,1.179541030600481,0.655251015520731,0.089303846982098,0.054564960129391,0.131030938198585,0.064034996304694,17.812481730070512,10.634810291976407
667,test,heatmap_start,1,1,5,1.000000000000000,1.200000000000000,0.600000000000000,0.800000000000000,1.003860989689932,0.768918073498620,0.076002992595288,0.045952219831750,0.153761007891463,0.076823860650844,5.181163249674287,11.317552809819546
668,test,heatmap_start,1,1,5,1.000000000000000,1.200000000000000,0.800000000000000,1.000000000000000,1.022714690141064,0.822862667096595,0.077430418972544,0.047535213760903,0.164548340596727,0.080723753499608,6.943292510157661,15.809353807715581
669,test,heatmap_start,1,1,5,1.000000000000000,1.200000000000000,0.800000000000000,1.000000000000000,1.072720898171101,0.955532127365201,0.081216422709774,0.049086173853344,0.191078332061876,0.093084982913490,8.164753606869162,7.728794146323082
670,test,heatmap_start,1,1,5,1.000000000000000,1.200000000000000,1.000000000000000,1.200000000000000,1.079128292053062,1.127610791208131,0.081701530822119,0.049477446898320,0.112034542402096,0.225335053385732,6.607683807286430,11.486937088020937
671,test,heatmap_start,1,1,5,1.000000000000000,1.200000000000000,1.000000000000000,1.200000000000000,1.146246574387427,1.034841780094399,0.086783101246370,0.052621232973153,0.102750215868908,0.206796644357687,8.124051840657092,15.617182567921589
672,test,heatmap_start,1,1,5,1.000000000000000,1.200000000000000,1.200000000000000,1.400000000000000,1.081330522276738,1.361772313470393,0.081868263157674,0.050245226913967,0.272314425495518,0.135218276579830,12.721685982872820,24.217530565146660
673,test,heatmap_start,1,1,5,1.000000000000000,1.200000000000000,1.200000000000000,1.400000000000000,1.016902551557713,1.299322944670598,0.076990378040333,0.047013507355809,0.259826387797105,0.126478259881542,10.325006139729028,7.777671506544495
674,test,heatmap_start,1,1,5,1.000000000000000,1.200000000000000,1.400000000000000,1.600000000000000,1.012952327721569,1.410744613442285,0.038275612590387,0.094286038484932,0.140937650820163,0.281914837337679,8.058954958461293,6.989093078839204
675,test,heatmap_start,1,1,5,1.000000000000000,1.200000000000000,1.400000000000000,1.600000000000000,1.105013550375393,1.458679331871628,0.083661321188320,0.051333574648263,0.145457451275889,0.291493827198828,6.195157016210490,18.834530050850958
676,test,heatmap_start,1,1,5,1.000000000000000,1.200000000000000,1.600000000000000,1.800000000000000,1.171252755467027,1.723814984119056,0.088676336081619,0.054071449889906,0.344712315280268,0.170261476678629,14.655267775674426,11.581567421090710
677,test,heatmap_start,1,1,5,1.000000000000000,1.200000000000000,1.600000000000000,1.800000000000000,1.106455813620059,1.793436121007058,0.083770515911325,0.049748781723285,0.358634495740587,0.178487547601100,12.491943737217710,7.990210121853437
678,test,heatmap_start,1,1,5,1.000000000000000,1.200000000000000,1.800000000000000,2.000000000000000,1.118943590414298,1.925626816891349,0.042064357680898,0.104151750818889,0.190892383574576,0.384805843442056,5.366277709933299,15.918169516801186
679,test,heatmap_start,1,1,5,1.000000000000000,1.200000000000000,1.800000000000000,2.000000000000000,1.042485775139184,1.834323942618264,0.078927301152592,0.047893836501348,0.182363841314363,0.366560418505538,19.170576019195519,7.254570843390271
680,test,heatmap_start,1,1,5,1.200000000000000,1.400000000000000,-2.000000000000000,-1.800000000000000,1.385965734386416,-1.858355560300754,0.051778515969348,0.129006286865530,0.183173754234865,0.371362754467246,22.813449559477185,11.578433573800538
681,test,heatmap_start,1,1,5,1.200000000000000,1.400000000000000,-2.000000000000000,-1.800000000000000,1.360489646581488,-1.858464967585984,0.050533992805255,0.126634961651614,0.371638353156111,0.185515343440381,7.460591610018514,24.486473373502150
682,test,heatmap_start,1,1,5,1.200000000000000,1.400000000000000,-1.800000000000000,-1.600000000000000,1.387072665186435,-1.728092512877116,0.105016207008755,0.062946087186373,0.172741350170443,0.345331759575875,14.424999733909374,13.791098954837537
683,test,heatmap_start,1,1,5,1.200000000000000,1.400000000000000,-1.800000000000000,-1.600000000000000,1.289669804244887,-1.739606499544106,0.097641770712364,0.059317656654136,0.347870154082055,0.169052858806419,7.868649096187172,19.275121922493668
684,test,heatmap_start,1,1,5,1.200000000000000,1.400000000000000,-1.600000000000000,-1.400000000000000,1.292678315589008,-1.564192376790787,0.097869547135353,0.059973982023541,0.155721743519008,0.312578928365940,6.759365348169428,10.494009479338818
685,test,heatmap_start,1,1,5,1.200000000000000,1.400000000000000,-1.600000000000000,-1.400000000000000,1.303192197558859,-1.402201786914834,0.098665560230502,0.059904133952486,0.138547620514479,0.280207689546404,17.660805288638915,21.909360704233904
686,test,heatmap_start,1,1,5,1.200000000000000,1.400000000000000,-1.400000000000000,-1.200000000000000,1.211641080086722,-1.313460623486763,0.091734163378958,0.055424620518677,0.130696917234752,0.262474181713305,15.279489827379553,6.556398617782122
687,test,heatmap_start,1,1,5,1.200000000000000,1.400000000000000,-1.400000000000000,-1.200000000000000,1.373375913465384,-1.227670704560664,0.103979216698019,0.062063831360149,0.245498046408463,0.120196473979942,15.686192155691344,9.696877802613329
688,test,heatmap_start,1,1,5,1.200000000000000,1.400000000000000,-1.200000000000000,-1.000000000000000,1.308543191721594,-1.053374801818370,0.099070687607604,0.060827969133084,0.210643990299382,0.104194095197940,24.484208992326238,20.380460814276205
689,test,heatmap_start,1,1,5,1.200000000000000,1.400000000000000,-1.200000000000000,-1.000000000000000,1.267489935253833,-1.030165375383774,0.095962517871578,0.058433269198709,0.102973267817111,0.205862139373043,19.345425467021251,16.817948191604444
690,test,heatmap_start,1,1,5,1.200000000000000,1.400000000000000,-1.000000000000000,-0.800000000000000,1.234349432268253,-0.845171925499390,0.093453428038537,0.055969013331957,0.169009536367190,0.084197705291405,7.525457633179029,9.537663204196406
691,test,heatmap_start,1,1,5,1.200000000000000,1.400000000000000,-1.000000000000000,-0.800000000000000,1.282634222351903,-0.851031344989937,0.097109102062015,0.057454938488829,0.170181247993666,0.082958647750461,17.856275584068271,15.418690352959231
692,test,heatmap_start,1,1,5,1.200000000000000,1.400000000000000,-0.800000000000000,-0.600000000000000,1.265831712212595,-0.713243815207892,0.095836972686717,0.057902537386293,0.070960806833851,0.142530414244012,17.429654782753708,10.913976023122302
693,test,heatmap_start,1,1,5,1.200000000000000,1.400000000000000,-0.800000000000000,-0.600000000000000,1.394100843996323,-0.626442680847733,0.105548315166689,0.063786614379850,0.062586440093232,0.125184590314789,10.582752978326281,16.371897141262707
694,test,heatmap_start,1,1,5,1.200000000000000,1.400000000000000,-0.600000000000000,-0.400000000000000,1.330816172262953,-0.422935305107591,0.100756989986664,0.061686308079090,0.041146041604604,0.084516883217322,9.066313857953173,22.933311932776917
695,test,heatmap_start,1,1,5,1.200000000000000,1.400000000000000,-0.600000000000000,-0.400000000000000,1.249885055948867,-0.519727304406235,0.046127478890978,0.116339838768137,0.103930180481522,0.051881450790824,5.055979986897346,6.699825836938397
696,test,heatmap_start,1,1,5,1.200000000000000,1.400000000000000,-0.400000000000000,-0.200000000000000,1.274057005862489,-0.338668391760583,0.096459715216597,0.059250935053334,0.067723721229687,0.033771758315790,9.747129483548347,19.653613765839907
697,test,heatmap_start,1,1,5,1.200000000000000,1.400000000000000,-0.400000000000000,-0.200000000000000,1.254374668336376,-0.338541670545790,0.094969552167511,0.057917222258704,0.067698380712433,0.033438096179849,11.188831388657592,22.114437696877019
698,test,heatmap_start,1,1,5,1.200000000000000,1.400000000000000,-0.200000000000000,0.000000000000000,1.212652796553091,-0.133433605519575,0.045206386454913,0.112874244044477,0.026682798048859,0.013097486259415,14.773609305940191,9.461626896780103
699,test,heatmap_start,1,1,5,1.200000000000000,1.400000000000000,-0.200000000000000,0.000000000000000,1.241772954279877,-0.071502337605498,0.046428931924513,0.115584760854573,0.007102148788655,0.014288603113027,12.708048739626463,9.811449238187436
700,test,heatmap_start,1,1,5,1.200000000000000,1.400000000000000,0.000000000000000,0.200000000000000,1.315486693376083,0.068158454932922,0.099596384800992,0.060553621566771,0.013629687073326,0.006807952748237,22.343981291820622,21.652797868525454
701,test,heatmap_start,1,1,5,1.200000000000000,1.400000000000000,0.000000000000000,0.200000000000000,1.209800250622950,0.035670750637804,0.091594792938686,0.055627044834093,0.003554705044645,0.007128231267339,14.521773753121927,5.383205410806680
702,test,heatmap_start,1,1,5,1.200000000000000,1.400000000000000,0.200000000000000,0.400000000000000,1.232307382120654,0.348982485612812,0.093298823044577,0.054852331904493,0.069786236757498,0.034602164842083,15.849850394633531,18.245498708048672
703,test,heatmap_start,1,1,5,1.200000000000000,1.400000000000000,0.200000000000000,0.400000000000000,1.239344629999643,0.368748090938359,0.093831617827850,0.055027094833177,0.036807354067471,0.073688431687016,10.466711234200680,6.155439158901601
704,test,heatmap_start,1,1,5,1.200000000000000,1.400000000000000,0.400000000000000,0.600000000000000,1.377387955939991,0.549326712694084,0.104282971139740,0.063983154901543,0.053318516936935,0.109774192563827,11.947704074755364,10.133337090502550
705,test,heatmap_start,1,1,5,1.200000000000000,1.400000000000000,0.400000000000000,0.600000000000000,1.388614815938386,0.444127291417584,0.051370465975097,0.129252864516149,0.088812400584828,0.044374083307701,11.313796120171176,14.144340715348092
706,test,heatmap_start,1,1,5,1.200000000000000,1.400000000000000,0.600000000000000,0.800000000000000,1.300741821602947,0.670017666369228,0.098480040614195,0.059768949116498,0.065649268953927,0.133892357006387,19.252612129929709,11.707021419924786
707,test,heatmap_start,1,1,5,1.200000000000000,1.400000000000000,0.600000000000000,0.800000000000000,1.301658526442423,0.639249439873343,0.098549444955874,0.060331074871460,0.127831093528269,0.062076146181209,11.651711022610531,6.044577977986677
708,test,heatmap_start,1,1,5,1.200000000000000,1.400000000000000,0.800000000000000,1.000000000000000,1.315276145059657,0.995606572231076,0.099580444045948,0.061139821539828,0.097571451046653,0.198956113096887,13.548224641834459,19.581323035157880
709,test,heatmap_start,1,1,5,1.200000000000000,1.400000000000000,0.800000000000000,1.000000000000000,1.321013831847440,0.996633082355383,0.049355337516272,0.122960535831783,0.098041318163644,0.199161244792562,7.034418075173910,12.606354991986763
710,test,heatmap_start,1,1,5,1.200000000000000,1.400000000000000,1.000000000000000,1.200000000000000,1.375320427522223,1.197224072841193,0.104126437168762,0.063444646702607,0.119672773932292,0.239246158755995,15.159517491537535,18.636870678437333
711,test,heatmap_start,1,1,5,1.200000000000000,1.400000000000000,1.000000000000000,1.200000000000000,1.369164918267966,1.003760986635859,0.103660399411467,0.063570536314250,0.100351439219638,0.200585642912988,8.939520974685379,12.829510433841790
712,test,heatmap_start,1,1,5,1.200000000000000,1.400000000000000,1.200000000000000,1.400000000000000,1.382604022105990,1.359832737854111,0.104677883027206,0.063796457993207,0.135694129620662,0.271740910045499,12.826362509433995,21.309981052481135
713,test,heatmap_start,1,1,5,1.200000000000000,1.400000000000000,1.200000000000000,1.400000000000000,1.204700239179988,1.305912271990694,0.091208667632577,0.056040761277425,0.129121701701963,0.260965763914715,10.323834807144291,11.889516661211701
714,test,heatmap_start,1,1,5,1.200000000000000,1.400000000000000,1.400000000000000,1.600000000000000,1.241862303796484,1.582979727448113,0.045683217464398,0.115593077546021,0.316549404615617,0.158069643287615,10.977133158899640,14.132542848201924
715,test,heatmap_start,1,1,5,1.200000000000000,1.400000000000000,1.400000000000000,1.600000000000000,1.256442867928345,1.428535690624012,0.095126136953540,0.057834342528484,0.285665138029390,0.135698473182760,9.747141768057057,23.528244548601208
716,test,heatmap_start,1,1,5,1.200000000000000,1.400000000000000,1.600000000000000,1.800000000000000,1.305178769253250,1.772783596117223,0.098815964913351,0.060530334070832,0.354504597963421,0.174867976842909,27.633926961525177,11.121117953628243
717,test,heatmap_start,1,1,5,1.200000000000000,1.400000000000000,1.600000000000000,1.800000000000000,1.259014056948518,1.643448222073175,0.047125210196332,0.117189570108918,0.328641325718374,0.157016592701497,24.841481055633274,12.218368721840989
718,test,heatmap_start,1,1,5,1.200000000000000,1.400000000000000,1.800000000000000,2.000000000000000,1.229521556506231,1.983354425896014,0.093087906308377,0.056528999791996,0.396612572967844,0.198024685861979,6.166169383822034,11.230125616419400
719,test,heatmap_start,1,1,5,1.200000000000000,1.400000000000000,1.800000000000000,2.000000000000000,1.364207399881240,1.918024408791623,0.051279615657836,0.126981011728310,0.188454958282194,0.383286623292366,24.491762750758596,24.149590030616764
720,test,heatmap_start,1,1,5,1.400000000000000,1.600000000000000,-2.000000000000000,-1.800000000000000,1.540993230333077,-1.958625501989831,0.057725355646244,0.143436312888499,0.194135983868764,0.391400104978308,7.884348769969759,25.761435684306264
721,test,heatmap_start,1,1,5,1.400000000000000,1.600000000000000,-2.000000000000000,-1.800000000000000,1.569380820614097,-1.823628929240355,0.118818880416065,0.072579952307551,0.364672169694461,0.179564810386076,24.921801538130747,9.809262699602471
722,test,heatmap_start,1,1,5,1.400000000000000,1.600000000000000,-1.800000000000000,-1.600000000000000,1.412707567005826,-1.683012433298699,0.106957042715262,0.065692841032000,0.167016086236840,0.336323223813680,11.721623863754012,12.365758098827996
723,test,heatmap_start,1,1,5,1.400000000000000,1.600000000000000,-1.800000000000000,-1.600000000000000,1.458431760977823,-1.611660519354027,0.054426031265362,0.135751455799014,0.322284719758508,0.151488133476203,5.540174688230483,15.084934748963406
724,test,heatmap_start,1,1,5,1.400000000000000,1.600000000000000,-1.600000000000000,-1.400000000000000,1.500604223236924,-1.524796015638843,0.056282428901423,0.139676886730704,0.304914372901571,0.142857224501897,15.465846963433957,11.864184126837870
725,test,heatmap_start,1,1,5,1.400000000000000,1.600000000000000,-1.600000000000000,-1.400000000000000,1.419854941655162,-1.549607249706662,0.107498175270595,0.065165421918151,0.309875890244947,0.150068557357259,11.750135609293221,10.139449843618701
726,test,heatmap_start,1,1,5,1.400000000000000,1.600000000000000,-1.400000000000000,-1.200000000000000,1.497887437151006,-1.347094571211360,0.056502133206407,0.139424007112935,0.269379308581110,0.131993843601419,11.347075173805170,25.666876189007155
727,test,heatmap_start,1,1,5,1.400000000000000,1.600000000000000,-1.400000000000000,-1.200000000000000,1.514557210516799,-1.325457761609884,0.057316065669966,0.140975636789958,0.265052582800376,0.131650615710948,27.895308242659770,9.818917967445493
728,test,heatmap_start,1,1,5,1.400000000000000,1.600000000000000,-1.200000000000000,-1.000000000000000,1.467455936250307,-1.051809483956392,0.111102078676444,0.068261368390725,0.105097166814832,0.210187369673005,32.844423208824189,13.471367840805669
729,test,heatmap_start,1,1,5,1.400000000000000,1.600000000000000,-1.200000000000000,-1.000000000000000,1.447357704097268,-1.069712292432230,0.053578664040783,0.134720677819982,0.213911008086823,0.106794599630947,22.289976678166635,17.036941706117680
730,test,heatmap_start,1,1,5,1.400000000000000,1.600000000000000,-1.000000000000000,-0.800000000000000,1.585854204705643,-0.942256184183926,0.059932742952027,0.147611991684438,0.188423533749002,0.086600305372413,14.812388283678899,17.826719818638878
731,test,heatmap_start,1,1,5,1.400000000000000,1.600000000000000,-1.000000000000000,-0.800000000000000,1.414046148537071,-0.997925564971318,0.107058387625815,0.065653811598213,0.098833255790748,0.199419526853653,15.056249092652784,17.477760338662563
732,test,heatmap_start,1,1,5,1.400000000000000,1.600000000000000,-0.800000000000000,-0.600000000000000,1.433862521820074,-0.748725176053550,0.108558698612457,0.066250899677807,0.074179824501561,0.149620798978437,10.053390109851000,10.459858532376757
733,test,heatmap_start,1,1,5,1.400000000000000,1.600000000000000,-0.800000000000000,-0.600000000000000,1.466263809322137,-0.749664575721651,0.111011821942668,0.067695089210395,0.149910874404351,0.067570986102624,28.834622307712156,12.085976284224728
734,test,heatmap_start,1,1,5,1.400000000000000,1.600000000000000,-0.600000000000000,-0.400000000000000,1.596033742132018,-0.485460840034011,0.120836791080564,0.072257353865741,0.048409695968589,0.097011615318565,9.664091430801463,9.244999164188016
735,test,heatmap_start,1,1,5,1.400000000000000,1.600000000000000,-0.600000000000000,-0.400000000000000,1.539225712493835,-0.404141134207566,0.116535816841812,0.069584212627186,0.040244637331907,0.080761167560717,14.816560548295451,22.580465946431218
736,test,heatmap_start,1,1,6,1.400000000000000,1.600000000000000,-0.400000000000000,-0.200000000000000,1.594363994077554,-0.205875718850576,0.120710373329179,0.073932135922354,0.020466796066910,0.041140982739547,14.186957052248307,32.976270354673829
737,test,heatmap_start,1,1,5,1.400000000000000,1.600000000000000,-0.400000000000000,-0.200000000000000,1.435702668564576,-0.311023440030344,0.108698017363592,0.066446089385471,0.031055675762413,0.062153079777077,8.852155990232538,16.804100752103921
738,test,heatmap_start,1,1,5,1.400000000000000,1.600000000000000,-0.200000000000000,0.000000000000000,1.541543409045734,-0.037335961755794,0.116711291210954,0.068513052104807,0.003724461813697,0.007460997181870,13.397946156769336,11.514388479216265
739,test,heatmap_start,1,1,5,1.400000000000000,1.600000000000000,-0.200000000000000,0.000000000000000,1.564086494190216,-0.137894249006489,0.118418043391692,0.072104063303413,0.013774678609288,0.027555968959974,12.191248676795688,21.874319705906089
740,test,heatmap_start,1,1,5,1.400000000000000,1.600000000000000,0.000000000000000,0.200000000000000,1.436458675769409,0.161051474604933,0.108755255178968,0.064808786327790,0.032205559878422,0.015544458874173,12.070356076452576,6.492419406876991
741,test,heatmap_start,1,1,5,1.400000000000000,1.600000000000000,0.000000000000000,0.200000000000000,1.599399515709059,0.114320956889194,0.121091616068167,0.072902035735758,0.011411610500218,0.022845222061182,11.809681825554712,15.623298188048484
742,test,heatmap_start,1,1,5,1.400000000000000,1.600000000000000,0.200000000000000,0.400000000000000,1.510502660963775,0.244079499787773,0.114361175237871,0.067963732672947,0.023880618758428,0.048775399760154,6.817769091584094,12.098563528107690
743,test,heatmap_start,1,1,5,1.400000000000000,1.600000000000000,0.200000000000000,0.400000000000000,1.431858222374496,0.242161622124128,0.108406951749609,0.065088964335339,0.048425204678850,0.024089906047233,49.564122552402139,8.084133092443153
744,test,heatmap_start,1,1,5,1.400000000000000,1.600000000000000,0.400000000000000,0.600000000000000,1.512276702080776,0.407375565233214,0.114495489087362,0.069284833614668,0.081463135878189,0.039957246243242,11.931295388307541,10.184071477571820
745,test,heatmap_start,1,1,5,1.400000000000000,1.600000000000000,0.400000000000000,0.600000000000000,1.581825658403880,0.527269195771127,0.119761087478697,0.072571819138498,0.105438337016844,0.051754182339320,12.855570225338770,7.783530061717983
746,test,heatmap_start,1,1,5,1.400000000000000,1.600000000000000,0.600000000000000,0.800000000000000,1.409372588803675,0.691015812863230,0.052568358000019,0.131185006945438,0.138182846153349,0.069019662691957,8.637449924909983,15.218077388611363
747,test,heatmap_start,1,1,5,1.400000000000000,1.600000000000000,0.600000000000000,0.800000000000000,1.427226419380703,0.696689183702110,0.053163857692288,0.132846849177121,0.139317353519470,0.068837751486637,26.643118876681967,22.218656138373603
748,test,heatmap_start,1,1,5,1.400000000000000,1.600000000000000,0.800000000000000,1.000000000000000,1.513459023711681,0.834776661247135,0.057061969339568,0.140873417089645,0.166930789145848,0.080556321380426,28.601389218268388,21.410158821520781
749,test,heatmap_start,1,1,5,1.400000000000000,1.600000000000000,0.800000000000000,1.000000000000000,1.508074544700754,0.956531188108331,0.114177340917926,0.068815984970985,0.191278114837315,0.094610642385626,12.869362178870055,19.097763919788974
750,test,heatmap_start,1,1,5,1.400000000000000,1.600000000000000,1.000000000000000,1.200000000000000,1.455776683945130,1.162923523228526,0.110217834607210,0.065058140167747,0.232550513761113,0.113960374419438,12.265375064894634,19.398486224696114
751,test,heatmap_start,1,1,5,1.400000000000000,1.600000000000000,1.000000000000000,1.200000000000000,1.504867216936142,1.171236329476895,0.055748048714556,0.140073688018371,0.234212830607614,0.115168915947072,10.545018860801108,18.469312408306166
752,test,heatmap_start,1,1,5,1.400000000000000,1.600000000000000,1.200000000000000,1.400000000000000,1.553643046337998,1.276328650563212,0.117627362911095,0.070016772171376,0.126579715580464,0.255053948449945,9.459601912977298,13.375416885079289
753,test,heatmap_start,1,1,5,1.400000000000000,1.600000000000000,1.200000000000000,1.400000000000000,1.447278237913404,1.370008559631597,0.109574411526271,0.067024644931911,0.133768106745203,0.273774385923303,23.114486769005190,7.457549379976754
754,test,heatmap_start,1,1,5,1.400000000000000,1.600000000000000,1.400000000000000,1.600000000000000,1.559103070627212,1.538497738538848,0.057875609993293,0.145121984614798,0.307654314639926,0.151750848215173,11.647016554972677,21.690482697987818
755,test,heatmap_start,1,1,5,1.400000000000000,1.600000000000000,1.400000000000000,1.600000000000000,1.497204693717980,1.551267630084318,0.113354377168722,0.065844095349064,0.310207917503963,0.154609929565963,12.640306755535981,9.027381921933094
756,test,heatmap_start,1,1,5,1.400000000000000,1.600000000000000,1.600000000000000,1.800000000000000,1.499763582692137,1.712014589621883,0.056536584323686,0.139598639547111,0.342352583321899,0.166556600049524,13.894505374494095,20.174525065881426
757,test,heatmap_start,1,1,5,1.400000000000000,1.600000000000000,1.600000000000000,1.800000000000000,1.482025493199088,1.624903503621104,0.112205149659646,0.068491002456781,0.161571569290641,0.324711079913337,11.743365900582996,9.917242507665321
758,test,heatmap_start,1,1,5,1.400000000000000,1.600000000000000,1.800000000000000,2.000000000000000,1.587776019633307,1.951647129332467,0.120211593340668,0.073695701502733,0.194479049423800,0.390005588370669,11.385089715121062,24.057703748527786
759,test,heatmap_start,1,1,5,1.400000000000000,1.600000000000000,1.800000000000000,2.000000000000000,1.579415706947847,1.955449214350647,0.059355154197225,0.147012693542992,0.391032351094378,0.193672254137130,18.338234194576273,14.172659980506182
760,test,heatmap_start,1,1,5,1.600000000000000,1.800000000000000,-2.000000000000000,-1.800000000000000,1.672588403314005,-1.902450339804296,0.126632796111844,0.076291391522905,0.189489764183445,0.380174393705655,12.968999833515845,13.002942306446641
761,test,heatmap_start,1,1,5,1.600000000000000,1.800000000000000,-2.000000000000000,-1.800000000000000,1.765230964977027,-1.984586774812397,0.133646826939218,0.081770711954296,0.194583539401868,0.396588051779674,14.377086809887647,12.733769369124515
762,test,heatmap_start,1,1,5,1.600000000000000,1.800000000000000,-1.800000000000000,-1.600000000000000,1.776040442467953,-1.612598472796239,0.134465219770636,0.081799123008188,0.322472282870366,0.160339086850665,12.542154180124818,8.537239446390341
763,test,heatmap_start,1,1,5,1.600000000000000,1.800000000000000,-1.800000000000000,-1.600000000000000,1.622245034197511,-1.753503755534461,0.061189298763102,0.150999265750618,0.174746115881395,0.350409791610897,16.206035091318249,18.356869082699223
764,test,heatmap_start,1,1,5,1.600000000000000,1.800000000000000,-1.600000000000000,-1.400000000000000,1.760678469543437,-1.437638537039546,0.133302154439457,0.081176486986332,0.141335820807114,0.287289159538912,18.097184399804899,15.501006933816143
765,test,heatmap_start,1,1,5,1.600000000000000,1.800000000000000,-1.600000000000000,-1.400000000000000,1.733093144219581,-1.599598212754501,0.131213650853940,0.079099798707194,0.319872613080094,0.156422042822083,34.116817735352875,10.685391488236917
766,test,heatmap_start,1,1,5,1.600000000000000,1.800000000000000,-1.400000000000000,-1.200000000000000,1.647593024501435,-1.389925995839294,0.124740379123517,0.075269367739428,0.137886627691378,0.277754568257635,24.756504358943694,12.023571139349713
767,test,heatmap_start,1,1,6,1.600000000000000,1.800000000000000,-1.400000000000000,-1.200000000000000,1.787609233429238,-1.308337261192797,0.135341100737022,0.080967558879615,0.130149174694250,0.261450359375823,12.525156661802233,32.460021072184475
768,test,heatmap_start,1,1,5,1.600000000000000,1.800000000000000,-1.200000000000000,-1.000000000000000,1.719524956269163,-1.139063473202063,0.064926636511396,0.160054122751530,0.227779205260434,0.113317779164718,19.566194446857168,9.116466163132202
769,test,heatmap_start,1,1,5,1.600000000000000,1.800000000000000,-1.200000000000000,-1.000000000000000,1.753409280820480,-1.112314077811302,0.066190098301880,0.163208090259426,0.222430112635968,0.111009864922769,33.250108924183294,12.161381580969561
770,test,heatmap_start,1,1,5,1.600000000000000,1.800000000000000,-1.000000000000000,-0.800000000000000,1.759659123237719,-0.928244415402232,0.133224979043141,0.081784329016785,0.091765021634487,0.185494859157536,13.554557531425544,21.548052028781740
771,test,heatmap_start,1,1,5,1.600000000000000,1.800000000000000,-1.000000000000000,-0.800000000000000,1.691363499416635,-0.881927070577174,0.063697138006601,0.157432842231289,0.087729241975809,0.176239075645871,12.165862234747490,13.592972937534284
772,test,heatmap_start,1,1,5,1.600000000000000,1.800000000000000,-0.800000000000000,-0.600000000000000,1.769261396083866,-0.679274639787743,0.066481187508656,0.164683611968481,0.066314851024664,0.135742215677229,30.693040709575289,11.902066253141413
773,test,heatmap_start,1,1,5,1.600000000000000,1.800000000000000,-0.800000000000000,-0.600000000000000,1.706931202147471,-0.744533117784213,0.129232912574431,0.079131194788887,0.148884733685844,0.067822912897954,14.783312167828621,27.459086887368187
774,test,heatmap_start,1,1,5,1.600000000000000,1.800000000000000,-0.600000000000000,-0.400000000000000,1.729633210078540,-0.478567867381819,0.130951696906529,0.079304791340391,0.047395240353224,0.095634164541508,18.487224939819782,15.780997045132608
775,test,heatmap_start,1,1,5,1.600000000000000,1.800000000000000,-0.600000000000000,-0.400000000000000,1.770213599005462,-0.421755543852507,0.066970890929105,0.164772243426106,0.084338708819139,0.042056018152578,29.408522845743875,19.125228119474627
776,test,heatmap_start,1,1,5,1.600000000000000,1.800000000000000,-0.400000000000000,-0.200000000000000,1.699175005623768,-0.231167460040613,0.128645685704364,0.077533486118331,0.046226695499333,0.022503329333558,17.429758589442912,12.632405599255037
777,test,heatmap_start,1,1,5,1.600000000000000,1.800000000000000,-0.400000000000000,-0.200000000000000,1.613346915661024,-0.263671658225747,0.122147583125518,0.074592661295181,0.025826803430212,0.052690580513996,19.500586786374924,15.413193261438494
778,test,heatmap_start,1,1,5,1.600000000000000,1.800000000000000,-0.200000000000000,0.000000000000000,1.749181283449156,-0.162084047875419,0.132431694725847,0.081304222580457,0.015883149438778,0.032389914911910,13.175961232369357,18.787688209312364
779,test,heatmap_start,1,1,5,1.600000000000000,1.800000000000000,-0.200000000000000,0.000000000000000,1.792959296857860,-0.036813557132788,0.065745565797335,0.166889422768496,0.007361629078442,0.003651012159446,9.515059475544231,18.964073412186082
780,test,heatmap_start,1,1,5,1.600000000000000,1.800000000000000,0.000000000000000,0.200000000000000,1.723316865650896,0.052750694291378,0.130473482209779,0.079908488716277,0.010548587945542,0.005268375097586,19.340083615480356,16.572506945109325
781,test,heatmap_start,1,1,5,1.600000000000000,1.800000000000000,0.000000000000000,0.200000000000000,1.633073282719712,0.124997414429931,0.123641079680212,0.074125137733920,0.024995807861717,0.012384181856413,22.448469646412327,8.400843331211320
782,test,heatmap_start,1,1,5,1.600000000000000,1.800000000000000,0.200000000000000,0.400000000000000,1.786097534474387,0.281139914140658,0.135226648989567,0.082996852850991,0.028083612091622,0.056181333183120,11.719192388848160,33.826746387836295
783,test,heatmap_start,1,1,5,1.600000000000000,1.800000000000000,0.200000000000000,0.400000000000000,1.673647734588424,0.230312050955159,0.062413954748161,0.155783851218908,0.046055638831955,0.022696385681543,29.291112637388274,28.457857038678355
784,test,heatmap_start,1,1,5,1.600000000000000,1.800000000000000,0.400000000000000,0.600000000000000,1.702180708753331,0.438333992249744,0.128873249515535,0.077773716915314,0.043531407946106,0.087594065536170,38.349353090794381,15.577426019096208
785,test,heatmap_start,1,1,5,1.600000000000000,1.800000000000000,0.400000000000000,0.600000000000000,1.796022971223914,0.486006986237598,0.066927286309228,0.167174590896628,0.097187108252203,0.048040696740202,29.246539696808092,28.037220104288735
786,test,heatmap_start,1,1,5,1.600000000000000,1.800000000000000,0.600000000000000,0.800000000000000,1.769910355635539,0.641490925588455,0.134001106762044,0.079840694704443,0.128279324769813,0.064052213695385,31.185945921487644,25.474404540526450
787,test,heatmap_start,1,1,5,1.600000000000000,1.800000000000000,0.600000000000000,0.800000000000000,1.689825092360722,0.798062128113327,0.063537815143768,0.157289646640628,0.159588961955817,0.078447617900446,16.899746590620143,21.540854937756535
788,test,heatmap_start,1,1,5,1.600000000000000,1.800000000000000,0.800000000000000,1.000000000000000,1.634485221179100,0.912320864665789,0.123747978493271,0.075304684215373,0.089503350275507,0.182312791210631,10.104448292816009,17.441563978221723
789,test,heatmap_start,1,1,5,1.600000000000000,1.800000000000000,0.800000000000000,1.000000000000000,1.648509069782864,0.812356988663990,0.062055496763738,0.153443933482949,0.162447513785581,0.080818914719124,11.139289273184321,9.511953273584624
790,test,heatmap_start,1,1,5,1.600000000000000,1.800000000000000,1.000000000000000,1.200000000000000,1.798319575501898,1.016308244560589,0.136151987959059,0.083011143742676,0.203231768634348,0.100566079333917,11.483743668914123,20.288453452565477
791,test,heatmap_start,1,1,5,1.600000000000000,1.800000000000000,1.000000000000000,1.200000000000000,1.713500331954474,1.049911441718882,0.064627042238868,0.159493348128236,0.209951420105050,0.104170317687586,8.728276979220444,26.381478304106622
792,test,heatmap_start,1,1,5,1.600000000000000,1.800000000000000,1.200000000000000,1.400000000000000,1.660014885802701,1.338638940832587,0.125680846620707,0.076973249904285,0.133276822783124,0.267505667335401,13.232031805381377,14.152368410982234
793,test,heatmap_start,1,1,5,1.600000000000000,1.800000000000000,1.200000000000000,1.400000000000000,1.600246689892101,1.220177619363143,0.121155756196952,0.072621711172098,0.243999649671676,0.111235219575008,20.367202715976767,19.141826049532654
794,test,heatmap_start,1,1,5,1.600000000000000,1.800000000000000,1.400000000000000,1.600000000000000,1.691663772865356,1.484253204694524,0.128077005206185,0.078318242728159,0.296807002703876,0.147431646903821,9.638475789428654,16.235907940506991
795,test,heatmap_start,1,1,5,1.600000000000000,1.800000000000000,1.400000000000000,1.600000000000000,1.611596311918713,1.400538706513482,0.122015043735473,0.072775574397997,0.280066564341078,0.132185719364562,25.949798458871520,23.213497116969165
796,test,heatmap_start,1,1,6,1.600000000000000,1.800000000000000,1.600000000000000,1.800000000000000,1.779106339490346,1.646814650498135,0.134697340902031,0.080593070592320,0.164499186491667,0.329089673564422,25.510286792442407,18.328438137788567
797,test,heatmap_start,1,1,5,1.600000000000000,1.800000000000000,1.600000000000000,1.800000000000000,1.791677535197993,1.723163039996429,0.135649114607848,0.081839863890772,0.344581945623423,0.169430316765128,10.240000061058103,28.487557159447704
798,test,heatmap_start,1,1,6,1.600000000000000,1.800000000000000,1.800000000000000,2.000000000000000,1.775497615225414,1.829349114033870,0.134424121953987,0.079355925153760,0.182735054064886,0.365566278263719,36.747059839917149,28.439562610657049
799,test,heatmap_start,1,1,5,1.600000000000000,1.800000000000000,1.800000000000000,2.000000000000000,1.754170085082830,1.861176732281268,0.132809400262288,0.080574616412327,0.372180626367110,0.182159281095196,13.600909758621896,25.058735505654568
800,test,heatmap_start,1,1,5,1.800000000000000,2.000000000000000,-2.000000000000000,-1.800000000000000,1.852432521786476,-1.981889971898344,0.140248915619378,0.084704601044626,0.197522281379769,0.396049138678321,23.591348251410473,15.750507126107493
801,test,heatmap_start,1,1,5,1.800000000000000,2.000000000000000,-2.000000000000000,-1.800000000000000,1.992864719216088,-1.942712615943302,0.074948169549021,0.185496705490488,0.194119979637777,0.388220168199790,16.844685855103002,12.502075351947180
802,test,heatmap_start,1,1,5,1.800000000000000,2.000000000000000,-1.800000000000000,-1.600000000000000,1.884421274668634,-1.737767696956231,0.142670805675278,0.087289709465717,0.172845255058092,0.347265190984995,10.622265709011621,24.203241904284198
803,test,heatmap_start,1,1,5,1.800000000000000,2.000000000000000,-1.800000000000000,-1.600000000000000,1.858979773249310,-1.689026809022296,0.140744612443500,0.084828164613759,0.167603092200734,0.337525100990917,30.463291063455721,23.544528918400601
804,test,heatmap_start,1,1,5,1.800000000000000,2.000000000000000,-1.600000000000000,-1.400000000000000,1.823854284378221,-1.447552244205464,0.068389652790202,0.169765141499395,0.138707958597570,0.289270255987173,28.659926092023106,34.308427344472591
805,test,heatmap_start,1,1,6,1.800000000000000,2.000000000000000,-1.600000000000000,-1.400000000000000,1.957893322877486,-1.576680585049255,0.148233423999258,0.091027775704629,0.157549454616618,0.315074497844837,20.971120055414985,35.489294109557420
806,test,heatmap_start,1,1,5,1.800000000000000,2.000000000000000,-1.400000000000000,-1.200000000000000,1.961196406717297,-1.259211638094513,0.148483502704574,0.088837684658227,0.251805305786482,0.124852173990229,18.697144301176504,13.861704643841747
807,test,heatmap_start,1,1,6,1.800000000000000,2.000000000000000,-1.400000000000000,-1.200000000000000,1.942853840437221,-1.285427207369586,0.147094774640149,0.088842520519451,0.128213018153389,0.256872150084484,9.111848955940800,35.927787744332250
808,test,heatmap_start,1,1,6,1.800000000000000,2.000000000000000,-1.200000000000000,-1.000000000000000,1.838973974105643,-1.127371147679768,0.069576943537576,0.171172488724438,0.225441083919726,0.111538483209239,11.534802118801238,14.556788971988198
809,test,heatmap_start,1,1,5,1.800000000000000,2.000000000000000,-1.200000000000000,-1.000000000000000,1.861793153497184,-1.184989774007644,0.140957615359584,0.084185853957673,0.236963115151460,0.115683488828659,30.605465574485265,15.522704278564959
810,test,heatmap_start,1,1,6,1.800000000000000,2.000000000000000,-1.000000000000000,-0.800000000000000,1.967744576689033,-0.817975128327625,0.148979269069624,0.091059300869559,0.081246984514831,0.163459298764271,14.369828753086393,22.199069928755364
811,test,heatmap_start,1,1,5,1.800000000000000,2.000000000000000,-1.000000000000000,-0.800000000000000,1.819227273182485,-0.923795028429453,0.068384957758235,0.169334457306534,0.091410746976815,0.184605720051328,13.643995244948655,13.760232640491092
812,test,heatmap_start,1,1,5,1.800000000000000,2.000000000000000,-0.800000000000000,-0.600000000000000,1.831367825634938,-0.758335298769027,0.068353824908182,0.170464505152255,0.075755135473424,0.151541228910484,26.756780383520990,83.026237729598222
813,test,heatmap_start,1,1,5,1.800000000000000,2.000000000000000,-0.800000000000000,-0.600000000000000,1.926836234154698,-0.764453233487606,0.072264322486584,0.179350745692357,0.076271431106127,0.152763800703137,15.934099932080667,23.372862721290346
814,test,heatmap_start,1,1,5,1.800000000000000,2.000000000000000,-0.600000000000000,-0.400000000000000,1.929584596832810,-0.424192247526905,0.146090151257262,0.087118903469176,0.084825977912976,0.041683394096477,19.587639144312288,16.945454576096353
815,test,heatmap_start,1,1,6,1.800000000000000,2.000000000000000,-0.600000000000000,-0.400000000000000,1.963661542765470,-0.522970000303337,0.148670139817421,0.091024130492881,0.104578624323082,0.052131454341191,14.425220196376083,21.917605824862193
816,test,heatmap_start,1,1,5,1.800000000000000,2.000000000000000,-0.400000000000000,-0.200000000000000,1.810462069521912,-0.314484490160038,0.068528643270030,0.168518588378597,0.031129117581369,0.062844715509748,19.356855226142233,19.105410628660422
817,test,heatmap_start,1,1,5,1.800000000000000,2.000000000000000,-0.400000000000000,-0.200000000000000,1.988289169722550,-0.351683677092099,0.150534714064734,0.092428666637466,0.034970528306328,0.070278380421966,22.276464328495031,18.781402932656817
818,test,heatmap_start,1,1,5,1.800000000000000,2.000000000000000,-0.200000000000000,0.000000000000000,1.948039572627670,-0.060052954052573,0.072889322329235,0.181324361560113,0.012008825205485,0.005802208486738,9.678780582510903,33.495713429073760
819,test,heatmap_start,1,1,5,1.800000000000000,2.000000000000000,-0.200000000000000,0.000000000000000,1.959233099515234,-0.100772239318809,0.073914107870118,0.182366259858798,0.009883270695670,0.020137726690585,12.319762484822181,15.298682947284931
820,test,heatmap_start,1,1,5,1.800000000000000,2.000000000000000,0.000000000000000,0.200000000000000,1.886834612738408,0.031918100456117,0.142853521128244,0.086723538323870,0.006382681673462,0.003094421097785,9.727549555493166,17.708786424771120
821,test,heatmap_start,1,1,5,1.800000000000000,2.000000000000000,0.000000000000000,0.200000000000000,1.867037300022802,0.057492078691980,0.141354653230015,0.086441573129756,0.005601578856470,0.011488876057522,35.162988390800152,13.332511452904109
822,test,heatmap_start,1,1,5,1.800000000000000,2.000000000000000,0.200000000000000,0.400000000000000,1.817319109599294,0.216389876043285,0.068047729987628,0.169156844619227,0.043271613172693,0.021436949476757,36.837287064721579,20.917874109487002
823,test,heatmap_start,1,1,5,1.800000000000000,2.000000000000000,0.200000000000000,0.400000000000000,1.964335763584088,0.284352265678247,0.074085285839994,0.182841218025738,0.027989458445372,0.056823270464015,22.492039281946134,29.015445016121419
824,test,heatmap_start,1,1,5,1.800000000000000,2.000000000000000,0.400000000000000,0.600000000000000,1.884907538655121,0.534569008873265,0.142707621049661,0.086400783742742,0.106898085016910,0.052762472847518,26.065715426985033,16.423996668371274
825,test,heatmap_start,1,1,5,1.800000000000000,2.000000000000000,0.400000000000000,0.600000000000000,1.998573996944662,0.582338840148718,0.151313385270443,0.089580427091783,0.116450646800635,0.057425143357663,34.700099772675259,15.573243677945669
826,test,heatmap_start,1,1,6,1.800000000000000,2.000000000000000,0.600000000000000,0.800000000000000,1.818962793961564,0.628474694008368,0.068194326878159,0.169309839466859,0.062832433194026,0.125590655774256,20.263537640468517,20.495518021182658
827,test,heatmap_start,1,1,5,1.800000000000000,2.000000000000000,0.600000000000000,0.800000000000000,1.990049251585709,0.693458462618428,0.150667971049702,0.091272632240738,0.138671304288526,0.069158237266145,36.064292651140818,15.271025969271307
828,test,heatmap_start,1,1,5,1.800000000000000,2.000000000000000,0.800000000000000,1.000000000000000,1.912301704130500,0.906786323884754,0.071893178500539,0.177997865384253,0.090614399907098,0.181206801402726,7.319947922052338,31.082287975210249
829,test,heatmap_start,1,1,6,1.800000000000000,2.000000000000000,0.800000000000000,1.000000000000000,1.995477324892037,0.822144258453288,0.075369985308214,0.185739887950873,0.081587496181131,0.164292433004173,16.683701879430288,18.539045850325806
830,test,heatmap_start,1,1,5,1.800000000000000,2.000000000000000,1.000000000000000,1.200000000000000,1.989257000745043,1.166677607848520,0.150607989204212,0.091596445603260,0.116164326341034,0.233141934343160,17.418709024902341,16.601267547112798
831,test,heatmap_start,1,1,5,1.800000000000000,2.000000000000000,1.000000000000000,1.200000000000000,1.862018513482768,1.155471355251514,0.140974677516090,0.086471972580956,0.114494328734969,0.230902543281200,17.506560863022742,29.813378090288666
832,test,heatmap_start,1,1,5,1.800000000000000,2.000000000000000,1.200000000000000,1.400000000000000,1.983130005819058,1.347586699609946,0.150144110285942,0.090912624131677,0.269477719791857,0.132271994304267,16.098197806550196,11.531921063797839
833,test,heatmap_start,1,1,5,1.800000000000000,2.000000000000000,1.200000000000000,1.400000000000000,1.991881887712390,1.350364082459226,0.150806721166896,0.089915635279295,0.270033114704429,0.129861533948966,23.838999304185570,9.446922931589882
834,test,heatmap_start,1,1,5,1.800000000000000,2.000000000000000,1.400000000000000,1.600000000000000,1.843442421721273,1.506614818236276,0.139568269079963,0.085629275210538,0.301278667962848,0.150511528569266,23.604328415402030,16.872832764255747
835,test,heatmap_start,1,1,5,1.800000000000000,2.000000000000000,1.400000000000000,1.600000000000000,1.870589693437761,1.487361572263171,0.141623607331415,0.086204403703896,0.297428584829105,0.146811185862882,22.160186788535608,27.342533031133598
836,test,heatmap_start,1,1,5,1.800000000000000,2.000000000000000,1.600000000000000,1.800000000000000,1.858713708043268,1.765488887625199,0.070281868103881,0.173009871652331,0.353045870735299,0.173194434409342,12.433936836845723,23.385828314543573
837,test,heatmap_start,1,1,5,1.800000000000000,2.000000000000000,1.600000000000000,1.800000000000000,1.922459825225821,1.681225847064953,0.145550729993510,0.087631366304113,0.167381679399221,0.335966203015814,12.612819755341139,8.977484225591184
838,test,heatmap_start,1,1,6,1.800000000000000,2.000000000000000,1.800000000000000,2.000000000000000,1.865782298063774,1.811218344959958,0.070593475836630,0.173667819052686,0.175925463025268,0.361943132893837,19.289502468175563,16.040051871123723
839,test,heatmap_start,1,1,5,1.800000000000000,2.000000000000000,1.800000000000000,2.000000000000000,1.949191581719915,1.893544010715924,0.073762956257031,0.181431591062068,0.189306356982067,0.378394605718304,13.115076141775564,18.264617663045385
840,test,ill-conditioned,1,1,6,-2.500000000000000,2.500000000000000,-2.500000000000000,2.500000000000000,2.469575179638975,-2.207973813264018,0.186973202484523,0.114241810073766,0.441529846451245,0.216049841947960,26.458519948731727,39.267259669607711
841,test,ill-conditioned,1,1,6,-2.500000000000000,2.500000000000000,-2.500000000000000,2.500000000000000,2.129343390104365,-2.270459268951790,0.078581178753852,0.198200198896429,0.221417852779463,0.453715115683874,18.831848557583850,18.480021775048243
