
Config -> Max_epochs:2000, lr:0.001, batch:512, UNROLL_STEPS:4, shrink_ratio:0.5, gamma_1:1, gamma_2:0.2, gamma_3:3.0, gamma_4:0.35, near_alpha:3.0, near_tau:0.02, train_blocks:(1, 2, 3), train_block_probs:(0.1, 0.6, 0.3), curriculum_warmup:5, curriculum_transition:40, block_probs_warmup:(0.75, 0.25, 0.0), block_probs_target:(0.1, 0.6, 0.3), block_stage_weights:(1.0, 1.0, 0.75), contract_boost_first_two:1.5, e3_boost_first_two:1.5, e3_target_ratio:0.9, e3_focus_limit:0.02, e3_focus_smooth:0.005, e3_fine_weight:1.0, e3_huber_beta:2.0, score_weights:(conv1=1.0, conv2=2.0, conv3=1.0, conv5=0.2, excess2=0.3, tail2=0.02), seed:42, grad_clip_norm:5.0, val_score_eps:1e-05, truncate_between_blocks:True, val_max_blocks:2, val_diag_max_blocks:5, inference_max_blocks:20, tol_mismatch:0.0001
Model:./ckpt/IEEE_118_static_Jaco.pt
     25 total:9.52783 | blocks:2 | L1_step:2.31626 (24.3%) | L2_step:0.22749 (2.4%) L2_final:2.52948 (26.5%) | L3_e3:4.45460 (46.8%) | final_max_PQ:3.130e+00
     50 total:8.73908 | blocks:1 | L1_step:2.68313 (30.7%) | L2_step:0.19766 (2.3%) L2_final:1.70880 (19.6%) | L3_e3:4.14948 (47.5%) | final_max_PQ:3.121e+00
🟩 Epoch 1 | Train loss = 19.3080 | Val conv@1=0.0000, conv@2=0.0000, conv@3=0.0000, conv@5=0.0000, residual@1=4.099138e-01, residual@2=2.486196e-01, residual@3=1.975475e-01, excess@2=2485.1957, tail@2=1.951254e+00, score=-745.756297 | LR: 1.0000e-03
     25 total:6.98421 | blocks:1 | L1_step:1.47150 (21.1%) | L2_step:0.18400 (2.6%) L2_final:1.34531 (19.3%) | L3_e3:3.98340 (57.0%) | final_max_PQ:2.542e+00
     50 total:6.03265 | blocks:2 | L1_step:0.94586 (15.7%) | L2_step:0.11608 (1.9%) L2_final:0.95982 (15.9%) | L3_e3:4.01089 (66.5%) | final_max_PQ:1.379e+00
🟩 Epoch 2 | Train loss = 6.6545 | Val conv@1=0.0000, conv@2=0.0000, conv@3=0.0000, conv@5=0.0000, residual@1=3.261837e-01, residual@2=1.815059e-01, residual@3=1.332404e-01, excess@2=1814.0589, tail@2=1.572067e+00, score=-544.410927 | LR: 1.0000e-03
     25 total:6.62340 | blocks:1 | L1_step:1.05031 (15.9%) | L2_step:0.17671 (2.7%) L2_final:1.13237 (17.1%) | L3_e3:4.26401 (64.4%) | final_max_PQ:2.435e+00
     50 total:6.77364 | blocks:1 | L1_step:0.94787 (14.0%) | L2_step:0.19271 (2.8%) L2_final:1.16586 (17.2%) | L3_e3:4.46720 (65.9%) | final_max_PQ:3.881e+00
🟩 Epoch 3 | Train loss = 6.6206 | Val conv@1=0.0000, conv@2=0.0000, conv@3=0.0000, conv@5=0.0000, residual@1=2.918886e-01, residual@2=1.617539e-01, residual@3=1.191169e-01, excess@2=1616.5394, tail@2=1.293746e+00, score=-485.151184 | LR: 1.0000e-03
     25 total:7.71645 | blocks:1 | L1_step:0.89308 (11.6%) | L2_step:0.16593 (2.2%) L2_final:0.93655 (12.1%) | L3_e3:5.72089 (74.1%) | final_max_PQ:2.407e+00
     50 total:9.23342 | blocks:1 | L1_step:0.94455 (10.2%) | L2_step:0.21707 (2.4%) L2_final:1.20368 (13.0%) | L3_e3:6.86813 (74.4%) | final_max_PQ:3.452e+00
🔘 Epoch 4 No Improvement (1/40) | Val conv@1=0.0000, conv@2=0.0000, conv@3=0.0000, conv@5=0.0000, residual@1=2.982195e-01, residual@2=1.619744e-01
     25 total:10.01990 | blocks:2 | L1_step:0.91594 (9.1%) | L2_step:0.12550 (1.3%) L2_final:0.87575 (8.7%) | L3_e3:8.10271 (80.9%) | final_max_PQ:1.165e+00
     50 total:10.48708 | blocks:1 | L1_step:0.92993 (8.9%) | L2_step:0.17897 (1.7%) L2_final:1.02312 (9.8%) | L3_e3:8.35505 (79.7%) | final_max_PQ:3.019e+00
🔘 Epoch 5 No Improvement (2/40) | Val conv@1=0.0000, conv@2=0.0000, conv@3=0.0000, conv@5=0.0000, residual@1=3.121276e-01, residual@2=1.661076e-01
     25 total:17.07019 | blocks:2 | L1_step:0.87742 (5.1%) | L2_step:0.12961 (0.8%) L2_final:0.87605 (5.1%) | L3_e3:15.18711 (89.0%) | final_max_PQ:1.208e+00
     50 total:24.51369 | blocks:2 | L1_step:0.87872 (3.6%) | L2_step:0.11668 (0.5%) L2_final:0.79135 (3.2%) | L3_e3:22.72694 (92.7%) | final_max_PQ:1.222e+00
🟩 Epoch 6 | Train loss = 17.2809 | Val conv@1=0.0000, conv@2=0.0000, conv@3=0.0000, conv@5=0.0000, residual@1=3.128516e-01, residual@2=1.581188e-01, residual@3=1.110169e-01, excess@2=1580.1884, tail@2=1.359286e+00, score=-474.246877 | LR: 1.0000e-03
     25 total:27.65705 | blocks:2 | L1_step:0.83447 (3.0%) | L2_step:0.12247 (0.4%) L2_final:0.78865 (2.9%) | L3_e3:25.91146 (93.7%) | final_max_PQ:1.211e+00
     50 total:28.89684 | blocks:2 | L1_step:0.88180 (3.1%) | L2_step:0.12707 (0.4%) L2_final:0.83008 (2.9%) | L3_e3:27.05788 (93.6%) | final_max_PQ:1.178e+00
🔘 Epoch 7 No Improvement (1/40) | Val conv@1=0.0000, conv@2=0.0000, conv@3=0.0000, conv@5=0.0000, residual@1=3.411863e-01, residual@2=1.647507e-01
     25 total:21.66387 | blocks:1 | L1_step:0.75340 (3.5%) | L2_step:0.20551 (0.9%) L2_final:1.18356 (5.5%) | L3_e3:19.52139 (90.1%) | final_max_PQ:4.479e+00
     50 total:27.08256 | blocks:2 | L1_step:0.85799 (3.2%) | L2_step:0.12460 (0.5%) L2_final:0.83046 (3.1%) | L3_e3:25.26951 (93.3%) | final_max_PQ:1.105e+00
🔘 Epoch 8 No Improvement (2/40) | Val conv@1=0.0000, conv@2=0.0000, conv@3=0.0000, conv@5=0.0000, residual@1=3.336488e-01, residual@2=1.598433e-01
     25 total:23.30419 | blocks:1 | L1_step:0.75930 (3.3%) | L2_step:0.22125 (0.9%) L2_final:1.23663 (5.3%) | L3_e3:21.08701 (90.5%) | final_max_PQ:4.428e+00
     50 total:27.62305 | blocks:1 | L1_step:0.69510 (2.5%) | L2_step:0.20901 (0.8%) L2_final:1.08266 (3.9%) | L3_e3:25.63627 (92.8%) | final_max_PQ:4.281e+00
🔘 Epoch 9 No Improvement (3/40) | Val conv@1=0.0000, conv@2=0.0000, conv@3=0.0000, conv@5=0.0000, residual@1=3.265115e-01, residual@2=1.584549e-01
     25 total:20.59646 | blocks:1 | L1_step:0.79009 (3.8%) | L2_step:0.20954 (1.0%) L2_final:1.21170 (5.9%) | L3_e3:18.38513 (89.3%) | final_max_PQ:3.966e+00
     50 total:26.93493 | blocks:1 | L1_step:0.81000 (3.0%) | L2_step:0.24539 (0.9%) L2_final:1.35955 (5.0%) | L3_e3:24.51998 (91.0%) | final_max_PQ:5.029e+00
🔘 Epoch 10 No Improvement (4/40) | Val conv@1=0.0000, conv@2=0.0000, conv@3=0.0000, conv@5=0.0000, residual@1=3.721986e-01, residual@2=1.595361e-01
     25 total:26.31320 | blocks:1 | L1_step:0.76174 (2.9%) | L2_step:0.21485 (0.8%) L2_final:1.24946 (4.7%) | L3_e3:24.08716 (91.5%) | final_max_PQ:6.299e+00
     50 total:27.89177 | blocks:1 | L1_step:0.78417 (2.8%) | L2_step:0.21839 (0.8%) L2_final:1.23118 (4.4%) | L3_e3:25.65803 (92.0%) | final_max_PQ:4.007e+00
🔘 Epoch 11 No Improvement (5/40) | Val conv@1=0.0000, conv@2=0.0000, conv@3=0.0000, conv@5=0.0000, residual@1=3.442824e-01, residual@2=1.597414e-01
     25 total:25.15303 | blocks:1 | L1_step:0.68262 (2.7%) | L2_step:0.20448 (0.8%) L2_final:1.14442 (4.5%) | L3_e3:23.12151 (91.9%) | final_max_PQ:3.762e+00
     50 total:28.14686 | blocks:2 | L1_step:0.86763 (3.1%) | L2_step:0.14257 (0.5%) L2_final:0.89893 (3.2%) | L3_e3:26.23773 (93.2%) | final_max_PQ:1.395e+00
🔘 Epoch 12 No Improvement (6/40) | Val conv@1=0.0000, conv@2=0.0000, conv@3=0.0000, conv@5=0.0000, residual@1=3.480772e-01, residual@2=1.585645e-01
     25 total:26.26725 | blocks:1 | L1_step:0.69275 (2.6%) | L2_step:0.24267 (0.9%) L2_final:1.29373 (4.9%) | L3_e3:24.03810 (91.5%) | final_max_PQ:4.211e+00
     50 total:27.39969 | blocks:1 | L1_step:0.68658 (2.5%) | L2_step:0.20211 (0.7%) L2_final:1.12128 (4.1%) | L3_e3:25.38972 (92.7%) | final_max_PQ:5.295e+00
🟩 Epoch 13 | Train loss = 27.1494 | Val conv@1=0.0000, conv@2=0.0000, conv@3=0.0000, conv@5=0.0000, residual@1=3.637965e-01, residual@2=1.571687e-01, residual@3=1.096270e-01, excess@2=1570.6869, tail@2=1.333948e+00, score=-471.396027 | LR: 1.0000e-03
     25 total:27.73553 | blocks:1 | L1_step:0.66768 (2.4%) | L2_step:0.24525 (0.9%) L2_final:1.36901 (4.9%) | L3_e3:25.45359 (91.8%) | final_max_PQ:7.072e+00
     50 total:28.17303 | blocks:2 | L1_step:0.80286 (2.8%) | L2_step:0.12691 (0.5%) L2_final:0.85414 (3.0%) | L3_e3:26.38911 (93.7%) | final_max_PQ:1.042e+00
🟩 Epoch 14 | Train loss = 27.4734 | Val conv@1=0.0000, conv@2=0.0000, conv@3=0.0000, conv@5=0.0000, residual@1=3.863342e-01, residual@2=1.528857e-01, residual@3=1.057465e-01, excess@2=1527.8575, tail@2=1.318916e+00, score=-458.546979 | LR: 1.0000e-03
     25 total:27.86272 | blocks:1 | L1_step:0.67461 (2.4%) | L2_step:0.19436 (0.7%) L2_final:1.10353 (4.0%) | L3_e3:25.89023 (92.9%) | final_max_PQ:8.717e+00
     50 total:29.93998 | blocks:1 | L1_step:0.72179 (2.4%) | L2_step:0.24272 (0.8%) L2_final:1.38891 (4.6%) | L3_e3:27.58656 (92.1%) | final_max_PQ:6.598e+00
🔘 Epoch 15 No Improvement (1/40) | Val conv@1=0.0000, conv@2=0.0000, conv@3=0.0000, conv@5=0.0000, residual@1=3.659266e-01, residual@2=1.545038e-01
     25 total:22.01717 | blocks:1 | L1_step:0.77959 (3.5%) | L2_step:0.21248 (1.0%) L2_final:1.11904 (5.1%) | L3_e3:19.90607 (90.4%) | final_max_PQ:5.913e+00
     50 total:26.24500 | blocks:1 | L1_step:0.67798 (2.6%) | L2_step:0.24785 (0.9%) L2_final:1.29012 (4.9%) | L3_e3:24.02905 (91.6%) | final_max_PQ:4.124e+00
🔘 Epoch 16 No Improvement (2/40) | Val conv@1=0.0000, conv@2=0.0000, conv@3=0.0000, conv@5=0.0000, residual@1=3.368740e-01, residual@2=1.537209e-01
     25 total:20.00503 | blocks:1 | L1_step:0.62504 (3.1%) | L2_step:0.26896 (1.3%) L2_final:1.45481 (7.3%) | L3_e3:17.65621 (88.3%) | final_max_PQ:4.750e+00
     50 total:23.08249 | blocks:1 | L1_step:0.64519 (2.8%) | L2_step:0.22129 (1.0%) L2_final:1.18673 (5.1%) | L3_e3:21.02929 (91.1%) | final_max_PQ:4.815e+00
🟩 Epoch 17 | Train loss = 26.4726 | Val conv@1=0.0000, conv@2=0.0000, conv@3=0.0000, conv@5=0.0000, residual@1=3.437198e-01, residual@2=1.481555e-01, residual@3=1.010768e-01, excess@2=1480.5548, tail@2=1.303415e+00, score=-444.355936 | LR: 1.0000e-03
     25 total:29.95538 | blocks:2 | L1_step:0.86490 (2.9%) | L2_step:0.13604 (0.5%) L2_final:0.86560 (2.9%) | L3_e3:28.08884 (93.8%) | final_max_PQ:1.151e+00
     50 total:28.84452 | blocks:2 | L1_step:0.81258 (2.8%) | L2_step:0.12904 (0.4%) L2_final:0.81696 (2.8%) | L3_e3:27.08593 (93.9%) | final_max_PQ:1.175e+00
🔘 Epoch 18 No Improvement (1/40) | Val conv@1=0.0000, conv@2=0.0000, conv@3=0.0000, conv@5=0.0000, residual@1=3.305167e-01, residual@2=1.516568e-01
     25 total:28.92718 | blocks:2 | L1_step:0.78828 (2.7%) | L2_step:0.12763 (0.4%) L2_final:0.80398 (2.8%) | L3_e3:27.20728 (94.1%) | final_max_PQ:1.054e+00
     50 total:28.17621 | blocks:1 | L1_step:0.64690 (2.3%) | L2_step:0.21017 (0.7%) L2_final:1.10590 (3.9%) | L3_e3:26.21324 (93.0%) | final_max_PQ:4.150e+00
🔘 Epoch 19 No Improvement (2/40) | Val conv@1=0.0000, conv@2=0.0000, conv@3=0.0000, conv@5=0.0000, residual@1=3.382984e-01, residual@2=1.498903e-01
     25 total:28.39298 | blocks:1 | L1_step:0.59518 (2.1%) | L2_step:0.22346 (0.8%) L2_final:1.12638 (4.0%) | L3_e3:26.44795 (93.1%) | final_max_PQ:4.576e+00
     50 total:27.89563 | blocks:1 | L1_step:0.63381 (2.3%) | L2_step:0.24200 (0.9%) L2_final:1.33817 (4.8%) | L3_e3:25.68164 (92.1%) | final_max_PQ:6.052e+00
🟩 Epoch 20 | Train loss = 27.7340 | Val conv@1=0.0000, conv@2=0.0000, conv@3=0.0000, conv@5=0.0000, residual@1=3.415047e-01, residual@2=1.480410e-01, residual@3=1.020306e-01, excess@2=1479.4104, tail@2=1.276903e+00, score=-444.012217 | LR: 1.0000e-03
     25 total:29.67091 | blocks:2 | L1_step:0.83261 (2.8%) | L2_step:0.15824 (0.5%) L2_final:0.94127 (3.2%) | L3_e3:27.73878 (93.5%) | final_max_PQ:9.976e-01
     50 total:28.19321 | blocks:1 | L1_step:0.63341 (2.2%) | L2_step:0.21550 (0.8%) L2_final:1.14024 (4.0%) | L3_e3:26.20407 (92.9%) | final_max_PQ:9.521e+00
🟩 Epoch 21 | Train loss = 28.5134 | Val conv@1=0.0000, conv@2=0.0000, conv@3=0.0000, conv@5=0.0000, residual@1=3.508352e-01, residual@2=1.470240e-01, residual@3=1.004977e-01, excess@2=1469.2397, tail@2=1.264732e+00, score=-440.960801 | LR: 1.0000e-03
     25 total:31.19727 | blocks:2 | L1_step:0.82170 (2.6%) | L2_step:0.13397 (0.4%) L2_final:0.81722 (2.6%) | L3_e3:29.42438 (94.3%) | final_max_PQ:9.229e-01
     50 total:29.25700 | blocks:2 | L1_step:0.83958 (2.9%) | L2_step:0.14518 (0.5%) L2_final:0.88563 (3.0%) | L3_e3:27.38662 (93.6%) | final_max_PQ:1.145e+00
🟩 Epoch 22 | Train loss = 28.9404 | Val conv@1=0.0000, conv@2=0.0000, conv@3=0.0000, conv@5=0.0000, residual@1=3.637823e-01, residual@2=1.420309e-01, residual@3=9.587001e-02, excess@2=1419.3094, tail@2=1.443515e+00, score=-425.984366 | LR: 1.0000e-03
     25 total:28.19436 | blocks:1 | L1_step:0.68429 (2.4%) | L2_step:0.25331 (0.9%) L2_final:1.37418 (4.9%) | L3_e3:25.88258 (91.8%) | final_max_PQ:6.742e+00
     50 total:28.82663 | blocks:2 | L1_step:0.76659 (2.7%) | L2_step:0.14010 (0.5%) L2_final:0.82759 (2.9%) | L3_e3:27.09234 (94.0%) | final_max_PQ:1.839e+00
🔘 Epoch 23 No Improvement (1/40) | Val conv@1=0.0000, conv@2=0.0000, conv@3=0.0000, conv@5=0.0000, residual@1=3.567838e-01, residual@2=1.423414e-01
     25 total:29.69703 | blocks:1 | L1_step:0.71989 (2.4%) | L2_step:0.26183 (0.9%) L2_final:1.40132 (4.7%) | L3_e3:27.31400 (92.0%) | final_max_PQ:7.137e+00
     50 total:29.69112 | blocks:1 | L1_step:0.66035 (2.2%) | L2_step:0.28379 (1.0%) L2_final:1.44988 (4.9%) | L3_e3:27.29709 (91.9%) | final_max_PQ:8.513e+00
🔘 Epoch 24 No Improvement (2/40) | Val conv@1=0.0000, conv@2=0.0000, conv@3=0.0000, conv@5=0.0000, residual@1=3.698609e-01, residual@2=1.444356e-01
     25 total:30.19446 | blocks:2 | L1_step:0.81406 (2.7%) | L2_step:0.14679 (0.5%) L2_final:0.91121 (3.0%) | L3_e3:28.32240 (93.8%) | final_max_PQ:1.585e+00
     50 total:27.52704 | blocks:1 | L1_step:0.64474 (2.3%) | L2_step:0.26560 (1.0%) L2_final:1.28446 (4.7%) | L3_e3:25.33223 (92.0%) | final_max_PQ:6.465e+00
🟩 Epoch 25 | Train loss = 28.0323 | Val conv@1=0.0000, conv@2=0.0000, conv@3=0.0000, conv@5=0.0000, residual@1=3.498623e-01, residual@2=1.381558e-01, residual@3=9.196970e-02, excess@2=1380.5576, tail@2=1.426090e+00, score=-414.358574 | LR: 1.0000e-03
     25 total:30.36299 | blocks:2 | L1_step:0.80027 (2.6%) | L2_step:0.16273 (0.5%) L2_final:0.92183 (3.0%) | L3_e3:28.47815 (93.8%) | final_max_PQ:1.400e+00
     50 total:30.05672 | blocks:3 | L1_step:0.76093 (2.5%) | L2_step:0.10174 (0.3%) L2_final:0.59052 (2.0%) | L3_e3:28.60353 (95.2%) | final_max_PQ:6.754e-01
🔘 Epoch 26 No Improvement (1/40) | Val conv@1=0.0000, conv@2=0.0000, conv@3=0.0000, conv@5=0.0000, residual@1=3.499421e-01, residual@2=1.403559e-01
     25 total:32.15794 | blocks:2 | L1_step:0.78856 (2.5%) | L2_step:0.14437 (0.4%) L2_final:0.76776 (2.4%) | L3_e3:30.45726 (94.7%) | final_max_PQ:1.092e+00
     50 total:26.04952 | blocks:2 | L1_step:0.73521 (2.8%) | L2_step:0.14711 (0.6%) L2_final:0.78784 (3.0%) | L3_e3:24.37937 (93.6%) | final_max_PQ:8.953e-01
🔘 Epoch 27 No Improvement (2/40) | Val conv@1=0.0000, conv@2=0.0000, conv@3=0.0000, conv@5=0.0000, residual@1=3.417864e-01, residual@2=1.385529e-01
     25 total:30.61893 | blocks:2 | L1_step:0.84729 (2.8%) | L2_step:0.13335 (0.4%) L2_final:0.77495 (2.5%) | L3_e3:28.86334 (94.3%) | final_max_PQ:1.167e+00
     50 total:27.31454 | blocks:2 | L1_step:0.78274 (2.9%) | L2_step:0.17087 (0.6%) L2_final:1.00100 (3.7%) | L3_e3:25.35992 (92.8%) | final_max_PQ:2.173e+00
🔘 Epoch 28 No Improvement (3/40) | Val conv@1=0.0000, conv@2=0.0000, conv@3=0.0000, conv@5=0.0000, residual@1=3.967169e-01, residual@2=1.432570e-01
     25 total:28.47809 | blocks:3 | L1_step:0.75591 (2.7%) | L2_step:0.12934 (0.5%) L2_final:0.70088 (2.5%) | L3_e3:26.89196 (94.4%) | final_max_PQ:6.800e-01
     50 total:29.95775 | blocks:1 | L1_step:0.60082 (2.0%) | L2_step:0.26282 (0.9%) L2_final:1.18407 (4.0%) | L3_e3:27.91004 (93.2%) | final_max_PQ:4.376e+00
🔘 Epoch 29 No Improvement (4/40) | Val conv@1=0.0000, conv@2=0.0000, conv@3=0.0000, conv@5=0.0000, residual@1=3.651788e-01, residual@2=1.393168e-01
     25 total:28.66791 | blocks:2 | L1_step:0.77351 (2.7%) | L2_step:0.15678 (0.5%) L2_final:0.87365 (3.0%) | L3_e3:26.86397 (93.7%) | final_max_PQ:1.550e+00
     50 total:29.73959 | blocks:2 | L1_step:0.72865 (2.5%) | L2_step:0.13877 (0.5%) L2_final:0.78877 (2.7%) | L3_e3:28.08340 (94.4%) | final_max_PQ:1.455e+00
🟩 Epoch 30 | Train loss = 28.8442 | Val conv@1=0.0000, conv@2=0.0000, conv@3=0.0000, conv@5=0.0000, residual@1=3.826260e-01, residual@2=1.369914e-01, residual@3=8.754653e-02, excess@2=1368.9140, tail@2=1.788170e+00, score=-410.870017 | LR: 1.0000e-03
     25 total:30.19759 | blocks:1 | L1_step:0.67551 (2.2%) | L2_step:0.27321 (0.9%) L2_final:1.32895 (4.4%) | L3_e3:27.91992 (92.5%) | final_max_PQ:4.381e+00
     50 total:29.81242 | blocks:2 | L1_step:0.74805 (2.5%) | L2_step:0.16513 (0.6%) L2_final:0.83621 (2.8%) | L3_e3:28.06303 (94.1%) | final_max_PQ:2.079e+00
🟩 Epoch 31 | Train loss = 29.3902 | Val conv@1=0.0000, conv@2=0.0000, conv@3=0.0000, conv@5=0.0000, residual@1=3.835362e-01, residual@2=1.362994e-01, residual@3=8.652369e-02, excess@2=1361.9943, tail@2=1.729324e+00, score=-408.793450 | LR: 1.0000e-03
     25 total:29.54568 | blocks:1 | L1_step:0.53125 (1.8%) | L2_step:0.26895 (0.9%) L2_final:1.25149 (4.2%) | L3_e3:27.49398 (93.1%) | final_max_PQ:6.437e+00
     50 total:26.18540 | blocks:2 | L1_step:0.75896 (2.9%) | L2_step:0.14611 (0.6%) L2_final:0.73175 (2.8%) | L3_e3:24.54858 (93.7%) | final_max_PQ:1.216e+00
🟩 Epoch 32 | Train loss = 28.4765 | Val conv@1=0.0000, conv@2=0.0000, conv@3=0.0000, conv@5=0.0000, residual@1=3.451920e-01, residual@2=1.321865e-01, residual@3=8.354952e-02, excess@2=1320.8646, tail@2=1.566475e+00, score=-396.452571 | LR: 1.0000e-03
     25 total:26.85884 | blocks:3 | L1_step:0.73065 (2.7%) | L2_step:0.13831 (0.5%) L2_final:0.71346 (2.7%) | L3_e3:25.27642 (94.1%) | final_max_PQ:8.367e-01
     50 total:25.85509 | blocks:2 | L1_step:0.87892 (3.4%) | L2_step:0.16443 (0.6%) L2_final:0.84043 (3.3%) | L3_e3:23.97132 (92.7%) | final_max_PQ:1.826e+00
🟩 Epoch 33 | Train loss = 27.4951 | Val conv@1=0.0000, conv@2=0.0000, conv@3=0.0000, conv@5=0.0000, residual@1=3.453178e-01, residual@2=1.296390e-01, residual@3=8.139021e-02, excess@2=1295.3898, tail@2=1.589937e+00, score=-388.810424 | LR: 1.0000e-03
     25 total:30.43830 | blocks:1 | L1_step:0.55100 (1.8%) | L2_step:0.28383 (0.9%) L2_final:1.06478 (3.5%) | L3_e3:28.53868 (93.8%) | final_max_PQ:4.017e+00
     50 total:30.51533 | blocks:2 | L1_step:0.83396 (2.7%) | L2_step:0.15147 (0.5%) L2_final:0.76327 (2.5%) | L3_e3:28.76663 (94.3%) | final_max_PQ:1.043e+00
🔘 Epoch 34 No Improvement (1/40) | Val conv@1=0.0000, conv@2=0.0000, conv@3=0.0000, conv@5=0.0000, residual@1=4.029726e-01, residual@2=1.351410e-01
     25 total:29.69293 | blocks:3 | L1_step:0.71207 (2.4%) | L2_step:0.12339 (0.4%) L2_final:0.64372 (2.2%) | L3_e3:28.21375 (95.0%) | final_max_PQ:7.707e-01
     50 total:28.67723 | blocks:2 | L1_step:0.72436 (2.5%) | L2_step:0.19339 (0.7%) L2_final:0.95119 (3.3%) | L3_e3:26.80829 (93.5%) | final_max_PQ:2.092e+00
🟩 Epoch 35 | Train loss = 29.0470 | Val conv@1=0.0000, conv@2=0.0000, conv@3=0.0000, conv@5=0.0000, residual@1=3.500784e-01, residual@2=1.285006e-01, residual@3=7.946810e-02, excess@2=1284.0064, tail@2=1.776253e+00, score=-385.397609 | LR: 1.0000e-03
     25 total:30.50024 | blocks:1 | L1_step:0.63955 (2.1%) | L2_step:0.27219 (0.9%) L2_final:1.18707 (3.9%) | L3_e3:28.40144 (93.1%) | final_max_PQ:5.598e+00
     50 total:30.57749 | blocks:2 | L1_step:0.69922 (2.3%) | L2_step:0.17133 (0.6%) L2_final:0.85510 (2.8%) | L3_e3:28.85185 (94.4%) | final_max_PQ:1.672e+00
🔘 Epoch 36 No Improvement (1/40) | Val conv@1=0.0000, conv@2=0.0000, conv@3=0.0000, conv@5=0.0000, residual@1=3.415673e-01, residual@2=1.291954e-01
     25 total:25.27558 | blocks:1 | L1_step:0.54259 (2.1%) | L2_step:0.24045 (1.0%) L2_final:0.97538 (3.9%) | L3_e3:23.51716 (93.0%) | final_max_PQ:3.454e+00
     50 total:26.40156 | blocks:1 | L1_step:0.55212 (2.1%) | L2_step:0.28696 (1.1%) L2_final:1.15591 (4.4%) | L3_e3:24.40657 (92.4%) | final_max_PQ:4.318e+00
🔘 Epoch 37 No Improvement (2/40) | Val conv@1=0.0000, conv@2=0.0000, conv@3=0.0000, conv@5=0.0000, residual@1=3.720796e-01, residual@2=1.333512e-01
     25 total:31.82984 | blocks:2 | L1_step:0.71350 (2.2%) | L2_step:0.22020 (0.7%) L2_final:0.93536 (2.9%) | L3_e3:29.96078 (94.1%) | final_max_PQ:1.853e+00
     50 total:30.95162 | blocks:2 | L1_step:0.73954 (2.4%) | L2_step:0.18625 (0.6%) L2_final:0.89791 (2.9%) | L3_e3:29.12791 (94.1%) | final_max_PQ:1.886e+00
🔘 Epoch 38 No Improvement (3/40) | Val conv@1=0.0000, conv@2=0.0000, conv@3=0.0000, conv@5=0.0000, residual@1=3.587466e-01, residual@2=1.286298e-01
     25 total:23.55527 | blocks:2 | L1_step:0.65884 (2.8%) | L2_step:0.16373 (0.7%) L2_final:0.74473 (3.2%) | L3_e3:21.98797 (93.3%) | final_max_PQ:1.417e+00
     50 total:31.45520 | blocks:2 | L1_step:0.71155 (2.3%) | L2_step:0.17226 (0.5%) L2_final:0.84384 (2.7%) | L3_e3:29.72755 (94.5%) | final_max_PQ:2.508e+00
🔘 Epoch 39 No Improvement (4/40) | Val conv@1=0.0000, conv@2=0.0000, conv@3=0.0000, conv@5=0.0000, residual@1=3.811505e-01, residual@2=1.309399e-01
     25 total:31.33877 | blocks:2 | L1_step:0.73404 (2.3%) | L2_step:0.17447 (0.6%) L2_final:0.73880 (2.4%) | L3_e3:29.69146 (94.7%) | final_max_PQ:1.945e+00
     50 total:32.48639 | blocks:2 | L1_step:0.76593 (2.4%) | L2_step:0.17704 (0.5%) L2_final:0.77859 (2.4%) | L3_e3:30.76482 (94.7%) | final_max_PQ:2.497e+00
🔘 Epoch 40 No Improvement (5/40) | Val conv@1=0.0000, conv@2=0.0000, conv@3=0.0000, conv@5=0.0000, residual@1=3.764122e-01, residual@2=1.297296e-01
     25 total:29.16562 | blocks:2 | L1_step:0.69161 (2.4%) | L2_step:0.18180 (0.6%) L2_final:0.81103 (2.8%) | L3_e3:27.48118 (94.2%) | final_max_PQ:2.967e+00
     50 total:26.15145 | blocks:3 | L1_step:0.69695 (2.7%) | L2_step:0.16462 (0.6%) L2_final:0.81959 (3.1%) | L3_e3:24.47029 (93.6%) | final_max_PQ:2.818e+00
🔘 Epoch 41 No Improvement (6/40) | Val conv@1=0.0000, conv@2=0.0000, conv@3=0.0000, conv@5=0.0000, residual@1=3.682381e-01, residual@2=1.329643e-01
     25 total:24.66511 | blocks:3 | L1_step:0.74532 (3.0%) | L2_step:0.12943 (0.5%) L2_final:0.61459 (2.5%) | L3_e3:23.17577 (94.0%) | final_max_PQ:1.306e+00
     50 total:29.88266 | blocks:2 | L1_step:0.74536 (2.5%) | L2_step:0.19363 (0.6%) L2_final:0.86157 (2.9%) | L3_e3:28.08209 (94.0%) | final_max_PQ:2.500e+00
🔘 Epoch 42 No Improvement (7/40) | Val conv@1=0.0000, conv@2=0.0000, conv@3=0.0000, conv@5=0.0000, residual@1=3.759199e-01, residual@2=1.311881e-01
     25 total:27.16613 | blocks:2 | L1_step:0.70119 (2.6%) | L2_step:0.21828 (0.8%) L2_final:0.93544 (3.4%) | L3_e3:25.31122 (93.2%) | final_max_PQ:2.763e+00
     50 total:29.22571 | blocks:2 | L1_step:0.76132 (2.6%) | L2_step:0.16948 (0.6%) L2_final:0.73054 (2.5%) | L3_e3:27.56437 (94.3%) | final_max_PQ:1.520e+00
🟩 Epoch 43 | Train loss = 27.7035 | Val conv@1=0.0000, conv@2=0.0000, conv@3=0.0000, conv@5=0.0000, residual@1=3.692287e-01, residual@2=1.272746e-01, residual@3=7.561702e-02, excess@2=1271.7464, tail@2=2.477615e+00, score=-381.726279 | LR: 1.0000e-03
     25 total:26.65265 | blocks:3 | L1_step:0.68071 (2.6%) | L2_step:0.15352 (0.6%) L2_final:0.70617 (2.6%) | L3_e3:25.11224 (94.2%) | final_max_PQ:9.120e-01
     50 total:30.37662 | blocks:3 | L1_step:0.67944 (2.2%) | L2_step:0.16280 (0.5%) L2_final:0.73731 (2.4%) | L3_e3:28.79708 (94.8%) | final_max_PQ:1.888e+00
🟩 Epoch 44 | Train loss = 29.6615 | Val conv@1=0.0000, conv@2=0.0000, conv@3=0.0000, conv@5=0.0000, residual@1=3.683924e-01, residual@2=1.254118e-01, residual@3=7.415111e-02, excess@2=1253.1176, tail@2=2.445015e+00, score=-376.137382 | LR: 1.0000e-03
     25 total:28.04917 | blocks:3 | L1_step:0.64465 (2.3%) | L2_step:0.13031 (0.5%) L2_final:0.64483 (2.3%) | L3_e3:26.62938 (94.9%) | final_max_PQ:7.120e-01
     50 total:24.81151 | blocks:3 | L1_step:0.68721 (2.8%) | L2_step:0.14893 (0.6%) L2_final:0.71206 (2.9%) | L3_e3:23.26331 (93.8%) | final_max_PQ:7.205e-01
🟩 Epoch 45 | Train loss = 29.2118 | Val conv@1=0.0000, conv@2=0.0000, conv@3=0.0000, conv@5=0.0000, residual@1=3.647686e-01, residual@2=1.248810e-01, residual@3=7.347797e-02, excess@2=1247.8097, tail@2=2.552948e+00, score=-374.545853 | LR: 1.0000e-03
     25 total:29.27078 | blocks:2 | L1_step:0.75205 (2.6%) | L2_step:0.18787 (0.6%) L2_final:0.78575 (2.7%) | L3_e3:27.54512 (94.1%) | final_max_PQ:1.707e+00
     50 total:26.11675 | blocks:3 | L1_step:0.68096 (2.6%) | L2_step:0.13497 (0.5%) L2_final:0.64364 (2.5%) | L3_e3:24.65718 (94.4%) | final_max_PQ:5.388e-01
🔘 Epoch 46 No Improvement (1/40) | Val conv@1=0.0000, conv@2=0.0000, conv@3=0.0000, conv@5=0.0000, residual@1=3.913806e-01, residual@2=1.264770e-01
     25 total:29.59057 | blocks:2 | L1_step:0.78293 (2.6%) | L2_step:0.21253 (0.7%) L2_final:0.91264 (3.1%) | L3_e3:27.68247 (93.6%) | final_max_PQ:2.567e+00
     50 total:32.10727 | blocks:3 | L1_step:0.70193 (2.2%) | L2_step:0.15910 (0.5%) L2_final:0.67004 (2.1%) | L3_e3:30.57620 (95.2%) | final_max_PQ:1.765e+00
🔘 Epoch 47 No Improvement (2/40) | Val conv@1=0.0000, conv@2=0.0000, conv@3=0.0000, conv@5=0.0000, residual@1=3.801044e-01, residual@2=1.306932e-01
     25 total:33.87619 | blocks:2 | L1_step:0.71814 (2.1%) | L2_step:0.18212 (0.5%) L2_final:0.82553 (2.4%) | L3_e3:32.15039 (94.9%) | final_max_PQ:2.556e+00
     50 total:35.22944 | blocks:2 | L1_step:0.70040 (2.0%) | L2_step:0.17884 (0.5%) L2_final:0.74953 (2.1%) | L3_e3:33.60067 (95.4%) | final_max_PQ:2.929e+00
🔘 Epoch 48 No Improvement (3/40) | Val conv@1=0.0000, conv@2=0.0000, conv@3=0.0000, conv@5=0.0000, residual@1=3.984355e-01, residual@2=1.362316e-01
     25 total:28.54690 | blocks:2 | L1_step:0.72818 (2.6%) | L2_step:0.22010 (0.8%) L2_final:0.91534 (3.2%) | L3_e3:26.68327 (93.5%) | final_max_PQ:2.543e+00
     50 total:27.32744 | blocks:2 | L1_step:0.77847 (2.8%) | L2_step:0.20434 (0.7%) L2_final:0.85305 (3.1%) | L3_e3:25.49158 (93.3%) | final_max_PQ:1.718e+00
🔘 Epoch 49 No Improvement (4/40) | Val conv@1=0.0000, conv@2=0.0000, conv@3=0.0000, conv@5=0.0000, residual@1=3.750488e-01, residual@2=1.288630e-01
     25 total:33.89324 | blocks:2 | L1_step:0.68713 (2.0%) | L2_step:0.20537 (0.6%) L2_final:0.81027 (2.4%) | L3_e3:32.19047 (95.0%) | final_max_PQ:2.184e+00
     50 total:24.69035 | blocks:2 | L1_step:0.70022 (2.8%) | L2_step:0.25253 (1.0%) L2_final:0.88282 (3.6%) | L3_e3:22.85478 (92.6%) | final_max_PQ:2.191e+00
🔘 Epoch 50 No Improvement (5/40) | Val conv@1=0.0000, conv@2=0.0000, conv@3=0.0000, conv@5=0.0000, residual@1=3.752617e-01, residual@2=1.291283e-01
     25 total:26.32526 | blocks:3 | L1_step:0.69901 (2.7%) | L2_step:0.15550 (0.6%) L2_final:0.62834 (2.4%) | L3_e3:24.84241 (94.4%) | final_max_PQ:1.433e+00
     50 total:29.39634 | blocks:3 | L1_step:0.71189 (2.4%) | L2_step:0.14837 (0.5%) L2_final:0.68818 (2.3%) | L3_e3:27.84789 (94.7%) | final_max_PQ:4.045e+00
🔘 Epoch 51 No Improvement (6/40) | Val conv@1=0.0000, conv@2=0.0000, conv@3=0.0000, conv@5=0.0000, residual@1=3.796522e-01, residual@2=1.291051e-01
     25 total:29.72589 | blocks:3 | L1_step:0.68954 (2.3%) | L2_step:0.14103 (0.5%) L2_final:0.61408 (2.1%) | L3_e3:28.28123 (95.1%) | final_max_PQ:2.291e+00
     50 total:34.70970 | blocks:2 | L1_step:0.68551 (2.0%) | L2_step:0.20988 (0.6%) L2_final:0.81714 (2.4%) | L3_e3:32.99717 (95.1%) | final_max_PQ:2.758e+00
🔘 Epoch 52 No Improvement (7/40) | Val conv@1=0.0000, conv@2=0.0000, conv@3=0.0000, conv@5=0.0000, residual@1=3.818272e-01, residual@2=1.281132e-01
     25 total:26.85502 | blocks:2 | L1_step:0.67712 (2.5%) | L2_step:0.19310 (0.7%) L2_final:0.80969 (3.0%) | L3_e3:25.17512 (93.7%) | final_max_PQ:3.362e+00
     50 total:33.07029 | blocks:2 | L1_step:0.69379 (2.1%) | L2_step:0.22352 (0.7%) L2_final:0.86454 (2.6%) | L3_e3:31.28845 (94.6%) | final_max_PQ:1.438e+00
🔘 Epoch 53 No Improvement (8/40) | Val conv@1=0.0000, conv@2=0.0000, conv@3=0.0000, conv@5=0.0000, residual@1=3.675066e-01, residual@2=1.288417e-01
     25 total:32.89352 | blocks:2 | L1_step:0.73502 (2.2%) | L2_step:0.20723 (0.6%) L2_final:0.86638 (2.6%) | L3_e3:31.08489 (94.5%) | final_max_PQ:1.727e+00
     50 total:23.47168 | blocks:2 | L1_step:0.67836 (2.9%) | L2_step:0.20216 (0.9%) L2_final:0.89868 (3.8%) | L3_e3:21.69248 (92.4%) | final_max_PQ:1.176e+00
🔘 Epoch 54 No Improvement (9/40) | Val conv@1=0.0000, conv@2=0.0000, conv@3=0.0000, conv@5=0.0000, residual@1=3.536475e-01, residual@2=1.253758e-01
     25 total:32.52620 | blocks:2 | L1_step:0.70226 (2.2%) | L2_step:0.19331 (0.6%) L2_final:0.79388 (2.4%) | L3_e3:30.83675 (94.8%) | final_max_PQ:3.096e+00
     50 total:27.22705 | blocks:2 | L1_step:0.70855 (2.6%) | L2_step:0.19002 (0.7%) L2_final:0.78999 (2.9%) | L3_e3:25.53850 (93.8%) | final_max_PQ:2.100e+00
🔘 Epoch 55 No Improvement (10/40) | Val conv@1=0.0000, conv@2=0.0000, conv@3=0.0000, conv@5=0.0000, residual@1=3.679420e-01, residual@2=1.368022e-01
     25 total:29.75813 | blocks:2 | L1_step:0.64671 (2.2%) | L2_step:0.18537 (0.6%) L2_final:0.77142 (2.6%) | L3_e3:28.15462 (94.6%) | final_max_PQ:2.184e+00
     50 total:21.17809 | blocks:1 | L1_step:0.42655 (2.0%) | L2_step:0.37312 (1.8%) L2_final:1.23041 (5.8%) | L3_e3:19.14800 (90.4%) | final_max_PQ:5.746e+00
🔘 Epoch 56 No Improvement (11/40) | Val conv@1=0.0000, conv@2=0.0000, conv@3=0.0000, conv@5=0.0000, residual@1=3.566230e-01, residual@2=1.291923e-01
     25 total:35.77496 | blocks:2 | L1_step:0.71069 (2.0%) | L2_step:0.19708 (0.6%) L2_final:0.84470 (2.4%) | L3_e3:34.02249 (95.1%) | final_max_PQ:1.939e+00
     50 total:29.00301 | blocks:2 | L1_step:0.67293 (2.3%) | L2_step:0.21207 (0.7%) L2_final:0.84452 (2.9%) | L3_e3:27.27349 (94.0%) | final_max_PQ:4.730e+00
🔘 Epoch 57 No Improvement (12/40) | Val conv@1=0.0000, conv@2=0.0000, conv@3=0.0000, conv@5=0.0000, residual@1=3.827022e-01, residual@2=1.334077e-01
     25 total:30.23052 | blocks:1 | L1_step:0.51504 (1.7%) | L2_step:0.40907 (1.4%) L2_final:1.29494 (4.3%) | L3_e3:28.01147 (92.7%) | final_max_PQ:5.518e+00
     50 total:27.57325 | blocks:2 | L1_step:0.71923 (2.6%) | L2_step:0.20418 (0.7%) L2_final:0.78418 (2.8%) | L3_e3:25.86565 (93.8%) | final_max_PQ:2.778e+00
🔘 Epoch 58 No Improvement (13/40) | Val conv@1=0.0000, conv@2=0.0000, conv@3=0.0000, conv@5=0.0000, residual@1=3.658809e-01, residual@2=1.295898e-01
     25 total:24.76646 | blocks:1 | L1_step:0.47164 (1.9%) | L2_step:0.45250 (1.8%) L2_final:1.38963 (5.6%) | L3_e3:22.45268 (90.7%) | final_max_PQ:5.544e+00
     50 total:30.01182 | blocks:2 | L1_step:0.74536 (2.5%) | L2_step:0.20717 (0.7%) L2_final:0.75769 (2.5%) | L3_e3:28.30159 (94.3%) | final_max_PQ:3.547e+00
🔘 Epoch 59 No Improvement (14/40) | Val conv@1=0.0000, conv@2=0.0000, conv@3=0.0000, conv@5=0.0000, residual@1=3.868451e-01, residual@2=1.297306e-01
     25 total:26.54603 | blocks:2 | L1_step:0.64041 (2.4%) | L2_step:0.24064 (0.9%) L2_final:0.87850 (3.3%) | L3_e3:24.78649 (93.4%) | final_max_PQ:3.366e+00
     50 total:32.51808 | blocks:2 | L1_step:0.69565 (2.1%) | L2_step:0.23513 (0.7%) L2_final:0.87265 (2.7%) | L3_e3:30.71465 (94.5%) | final_max_PQ:4.251e+00
🔘 Epoch 60 No Improvement (15/40) | Val conv@1=0.0000, conv@2=0.0000, conv@3=0.0000, conv@5=0.0000, residual@1=3.979261e-01, residual@2=1.285907e-01
     25 total:24.82524 | blocks:1 | L1_step:0.44736 (1.8%) | L2_step:0.38958 (1.6%) L2_final:1.17739 (4.7%) | L3_e3:22.81091 (91.9%) | final_max_PQ:7.557e+00
     50 total:25.38518 | blocks:2 | L1_step:0.62489 (2.5%) | L2_step:0.21245 (0.8%) L2_final:0.80872 (3.2%) | L3_e3:23.73912 (93.5%) | final_max_PQ:2.730e+00
🔘 Epoch 61 No Improvement (16/40) | Val conv@1=0.0000, conv@2=0.0000, conv@3=0.0000, conv@5=0.0000, residual@1=3.774176e-01, residual@2=1.316953e-01
     25 total:22.46376 | blocks:1 | L1_step:0.40514 (1.8%) | L2_step:0.41066 (1.8%) L2_final:1.26496 (5.6%) | L3_e3:20.38300 (90.7%) | final_max_PQ:6.048e+00
     50 total:32.12852 | blocks:3 | L1_step:0.59711 (1.9%) | L2_step:0.14525 (0.5%) L2_final:0.69632 (2.2%) | L3_e3:30.68984 (95.5%) | final_max_PQ:1.540e+00
🔘 Epoch 62 No Improvement (17/40) | Val conv@1=0.0000, conv@2=0.0000, conv@3=0.0000, conv@5=0.0000, residual@1=3.829916e-01, residual@2=1.313326e-01
     25 total:27.02082 | blocks:2 | L1_step:0.67207 (2.5%) | L2_step:0.21636 (0.8%) L2_final:0.82203 (3.0%) | L3_e3:25.31037 (93.7%) | final_max_PQ:2.192e+00
     50 total:25.48437 | blocks:1 | L1_step:0.38647 (1.5%) | L2_step:0.38422 (1.5%) L2_final:1.09854 (4.3%) | L3_e3:23.61514 (92.7%) | final_max_PQ:4.117e+00
🔘 Epoch 63 No Improvement (18/40) | Val conv@1=0.0000, conv@2=0.0000, conv@3=0.0000, conv@5=0.0000, residual@1=3.787057e-01, residual@2=1.396810e-01
     25 total:34.65258 | blocks:1 | L1_step:0.43314 (1.2%) | L2_step:0.40092 (1.2%) L2_final:1.19387 (3.4%) | L3_e3:32.62465 (94.1%) | final_max_PQ:4.888e+00
     50 total:36.16975 | blocks:2 | L1_step:0.91168 (2.5%) | L2_step:0.21615 (0.6%) L2_final:0.83847 (2.3%) | L3_e3:34.20345 (94.6%) | final_max_PQ:1.985e+00
🔘 Epoch 64 No Improvement (19/40) | Val conv@1=0.0000, conv@2=0.0000, conv@3=0.0000, conv@5=0.0000, residual@1=3.637334e-01, residual@2=1.299856e-01
     25 total:31.86535 | blocks:2 | L1_step:0.61737 (1.9%) | L2_step:0.22589 (0.7%) L2_final:0.87377 (2.7%) | L3_e3:30.14832 (94.6%) | final_max_PQ:2.763e+00
     50 total:22.85302 | blocks:3 | L1_step:0.67577 (3.0%) | L2_step:0.16355 (0.7%) L2_final:0.60822 (2.7%) | L3_e3:21.40549 (93.7%) | final_max_PQ:1.848e+00
🔘 Epoch 65 No Improvement (20/40) | Val conv@1=0.0000, conv@2=0.0000, conv@3=0.0000, conv@5=0.0000, residual@1=3.770541e-01, residual@2=1.329123e-01
     25 total:32.31267 | blocks:2 | L1_step:0.73574 (2.3%) | L2_step:0.23014 (0.7%) L2_final:0.96205 (3.0%) | L3_e3:30.38473 (94.0%) | final_max_PQ:3.045e+00
     50 total:26.81863 | blocks:2 | L1_step:0.74266 (2.8%) | L2_step:0.21624 (0.8%) L2_final:0.88304 (3.3%) | L3_e3:24.97668 (93.1%) | final_max_PQ:8.146e+00
🔻 LR reduced: 1.00e-03 -> 5.00e-04
🔘 Epoch 66 No Improvement (21/40) | Val conv@1=0.0000, conv@2=0.0000, conv@3=0.0000, conv@5=0.0000, residual@1=3.820429e-01, residual@2=1.353672e-01
     25 total:19.36513 | blocks:1 | L1_step:0.37938 (2.0%) | L2_step:0.40821 (2.1%) L2_final:1.19179 (6.2%) | L3_e3:17.38575 (89.8%) | final_max_PQ:9.019e+00
     50 total:17.29788 | blocks:3 | L1_step:0.45296 (2.6%) | L2_step:0.15495 (0.9%) L2_final:0.62184 (3.6%) | L3_e3:16.06813 (92.9%) | final_max_PQ:1.887e+00
🔘 Epoch 67 No Improvement (22/40) | Val conv@1=0.0000, conv@2=0.0000, conv@3=0.0000, conv@5=0.0000, residual@1=3.567697e-01, residual@2=1.284965e-01
     25 total:20.72061 | blocks:3 | L1_step:0.61172 (3.0%) | L2_step:0.13876 (0.7%) L2_final:0.57998 (2.8%) | L3_e3:19.39015 (93.6%) | final_max_PQ:1.693e+00
     50 total:18.34123 | blocks:3 | L1_step:0.44134 (2.4%) | L2_step:0.17283 (0.9%) L2_final:0.67456 (3.7%) | L3_e3:17.05251 (93.0%) | final_max_PQ:2.020e+00
🟩 Epoch 68 | Train loss = 20.5995 | Val conv@1=0.0000, conv@2=0.0000, conv@3=0.0000, conv@5=0.0000, residual@1=3.603163e-01, residual@2=1.221098e-01, residual@3=6.806197e-02, excess@2=1220.0985, tail@2=3.831773e+00, score=-366.240616 | LR: 5.0000e-04
     25 total:22.58870 | blocks:2 | L1_step:0.45339 (2.0%) | L2_step:0.20510 (0.9%) L2_final:0.79882 (3.5%) | L3_e3:21.13138 (93.5%) | final_max_PQ:2.139e+00
     50 total:21.43521 | blocks:2 | L1_step:0.61023 (2.8%) | L2_step:0.22096 (1.0%) L2_final:0.85022 (4.0%) | L3_e3:19.75380 (92.2%) | final_max_PQ:4.132e+00
🔘 Epoch 69 No Improvement (1/40) | Val conv@1=0.0000, conv@2=0.0000, conv@3=0.0000, conv@5=0.0000, residual@1=3.577355e-01, residual@2=1.222238e-01
     25 total:21.19737 | blocks:3 | L1_step:0.57817 (2.7%) | L2_step:0.14636 (0.7%) L2_final:0.61488 (2.9%) | L3_e3:19.85797 (93.7%) | final_max_PQ:1.830e+00
     50 total:31.70302 | blocks:2 | L1_step:0.58684 (1.9%) | L2_step:0.23139 (0.7%) L2_final:0.84566 (2.7%) | L3_e3:30.03913 (94.8%) | final_max_PQ:2.515e+00
🔘 Epoch 70 No Improvement (2/40) | Val conv@1=0.0000, conv@2=0.0000, conv@3=0.0000, conv@5=0.0000, residual@1=3.619322e-01, residual@2=1.224890e-01
     25 total:20.28237 | blocks:2 | L1_step:0.42542 (2.1%) | L2_step:0.21773 (1.1%) L2_final:0.77596 (3.8%) | L3_e3:18.86325 (93.0%) | final_max_PQ:2.647e+00
     50 total:19.04449 | blocks:2 | L1_step:0.42909 (2.3%) | L2_step:0.22190 (1.2%) L2_final:0.83313 (4.4%) | L3_e3:17.56037 (92.2%) | final_max_PQ:3.824e+00
🟩 Epoch 71 | Train loss = 19.6311 | Val conv@1=0.0000, conv@2=0.0000, conv@3=0.0000, conv@5=0.0000, residual@1=3.570093e-01, residual@2=1.215079e-01, residual@3=6.983421e-02, excess@2=1214.0792, tail@2=3.969673e+00, score=-364.435541 | LR: 5.0000e-04
     25 total:19.11166 | blocks:2 | L1_step:0.41055 (2.1%) | L2_step:0.19937 (1.0%) L2_final:0.74402 (3.9%) | L3_e3:17.75772 (92.9%) | final_max_PQ:4.428e+00
     50 total:20.04616 | blocks:2 | L1_step:0.40870 (2.0%) | L2_step:0.20928 (1.0%) L2_final:0.76145 (3.8%) | L3_e3:18.66673 (93.1%) | final_max_PQ:1.940e+00
🔘 Epoch 72 No Improvement (1/40) | Val conv@1=0.0000, conv@2=0.0000, conv@3=0.0000, conv@5=0.0000, residual@1=3.553187e-01, residual@2=1.223766e-01
     25 total:18.83053 | blocks:2 | L1_step:0.42898 (2.3%) | L2_step:0.21416 (1.1%) L2_final:0.77335 (4.1%) | L3_e3:17.41404 (92.5%) | final_max_PQ:2.621e+00
     50 total:18.40012 | blocks:2 | L1_step:0.42110 (2.3%) | L2_step:0.23841 (1.3%) L2_final:0.83418 (4.5%) | L3_e3:16.90642 (91.9%) | final_max_PQ:2.197e+00
🔘 Epoch 73 No Improvement (2/40) | Val conv@1=0.0000, conv@2=0.0000, conv@3=0.0000, conv@5=0.0000, residual@1=3.542825e-01, residual@2=1.221964e-01
     25 total:17.11135 | blocks:3 | L1_step:0.53287 (3.1%) | L2_step:0.15140 (0.9%) L2_final:0.56544 (3.3%) | L3_e3:15.86163 (92.7%) | final_max_PQ:1.938e+00
     50 total:19.02732 | blocks:2 | L1_step:0.39492 (2.1%) | L2_step:0.18175 (1.0%) L2_final:0.63038 (3.3%) | L3_e3:17.82027 (93.7%) | final_max_PQ:2.382e+00
🟩 Epoch 74 | Train loss = 18.9274 | Val conv@1=0.0000, conv@2=0.0000, conv@3=0.0000, conv@5=0.0000, residual@1=3.494617e-01, residual@2=1.174557e-01, residual@3=7.011711e-02, excess@2=1173.5575, tail@2=3.805824e+00, score=-352.278173 | LR: 5.0000e-04
     25 total:21.56675 | blocks:2 | L1_step:0.49515 (2.3%) | L2_step:0.20944 (1.0%) L2_final:0.75400 (3.5%) | L3_e3:20.10816 (93.2%) | final_max_PQ:2.796e+00
     50 total:21.76641 | blocks:2 | L1_step:0.62176 (2.9%) | L2_step:0.23637 (1.1%) L2_final:0.82234 (3.8%) | L3_e3:20.08594 (92.3%) | final_max_PQ:3.830e+00
🔘 Epoch 75 No Improvement (1/40) | Val conv@1=0.0000, conv@2=0.0000, conv@3=0.0000, conv@5=0.0000, residual@1=3.514323e-01, residual@2=1.190437e-01
     25 total:22.77173 | blocks:2 | L1_step:0.70398 (3.1%) | L2_step:0.20680 (0.9%) L2_final:0.75928 (3.3%) | L3_e3:21.10166 (92.7%) | final_max_PQ:5.329e+00
     50 total:20.07109 | blocks:3 | L1_step:0.52571 (2.6%) | L2_step:0.16230 (0.8%) L2_final:0.59935 (3.0%) | L3_e3:18.78373 (93.6%) | final_max_PQ:2.188e+00
🔘 Epoch 76 No Improvement (2/40) | Val conv@1=0.0000, conv@2=0.0000, conv@3=0.0000, conv@5=0.0000, residual@1=3.491325e-01, residual@2=1.190094e-01
     25 total:24.29966 | blocks:2 | L1_step:0.73356 (3.0%) | L2_step:0.19705 (0.8%) L2_final:0.68668 (2.8%) | L3_e3:22.68237 (93.3%) | final_max_PQ:2.773e+00
     50 total:24.91696 | blocks:3 | L1_step:0.62073 (2.5%) | L2_step:0.14345 (0.6%) L2_final:0.59119 (2.4%) | L3_e3:23.56160 (94.6%) | final_max_PQ:2.528e+00
🔘 Epoch 77 No Improvement (3/40) | Val conv@1=0.0000, conv@2=0.0000, conv@3=0.0000, conv@5=0.0000, residual@1=3.527899e-01, residual@2=1.271936e-01
     25 total:23.04285 | blocks:2 | L1_step:0.68492 (3.0%) | L2_step:0.20860 (0.9%) L2_final:0.72054 (3.1%) | L3_e3:21.42880 (93.0%) | final_max_PQ:2.133e+00
     50 total:20.02112 | blocks:3 | L1_step:0.53648 (2.7%) | L2_step:0.15910 (0.8%) L2_final:0.62096 (3.1%) | L3_e3:18.70458 (93.4%) | final_max_PQ:2.611e+00
🟩 Epoch 78 | Train loss = 21.4687 | Val conv@1=0.0000, conv@2=0.0000, conv@3=0.0000, conv@5=0.0000, residual@1=3.478422e-01, residual@2=1.152373e-01, residual@3=7.075919e-02, excess@2=1151.3730, tail@2=3.858368e+00, score=-345.623119 | LR: 5.0000e-04
     25 total:25.35742 | blocks:2 | L1_step:0.64715 (2.6%) | L2_step:0.19382 (0.8%) L2_final:0.67907 (2.7%) | L3_e3:23.83737 (94.0%) | final_max_PQ:2.595e+00
     50 total:19.66767 | blocks:2 | L1_step:0.47712 (2.4%) | L2_step:0.20039 (1.0%) L2_final:0.71698 (3.6%) | L3_e3:18.27319 (92.9%) | final_max_PQ:5.186e+00
🟩 Epoch 79 | Train loss = 22.2370 | Val conv@1=0.0000, conv@2=0.0000, conv@3=0.0000, conv@5=0.0000, residual@1=3.358031e-01, residual@2=1.119133e-01, residual@3=6.921357e-02, excess@2=1118.1328, tail@2=3.653473e+00, score=-335.649950 | LR: 5.0000e-04
     25 total:20.17159 | blocks:3 | L1_step:0.55034 (2.7%) | L2_step:0.15582 (0.8%) L2_final:0.58393 (2.9%) | L3_e3:18.88151 (93.6%) | final_max_PQ:2.638e+00
     50 total:18.31198 | blocks:3 | L1_step:0.68000 (3.7%) | L2_step:0.20244 (1.1%) L2_final:0.73053 (4.0%) | L3_e3:16.69902 (91.2%) | final_max_PQ:2.257e+00
🟩 Epoch 80 | Train loss = 21.5707 | Val conv@1=0.0000, conv@2=0.0000, conv@3=0.0000, conv@5=0.0000, residual@1=3.354481e-01, residual@2=1.085025e-01, residual@3=6.502388e-02, excess@2=1084.0249, tail@2=3.854744e+00, score=-325.418665 | LR: 5.0000e-04
     25 total:17.17920 | blocks:3 | L1_step:0.53928 (3.1%) | L2_step:0.17206 (1.0%) L2_final:0.59910 (3.5%) | L3_e3:15.86877 (92.4%) | final_max_PQ:2.276e+00
     50 total:25.01166 | blocks:3 | L1_step:0.65682 (2.6%) | L2_step:0.14416 (0.6%) L2_final:0.55374 (2.2%) | L3_e3:23.65695 (94.6%) | final_max_PQ:3.310e+00
🟩 Epoch 81 | Train loss = 21.3420 | Val conv@1=0.0000, conv@2=0.0000, conv@3=0.0000, conv@5=0.0000, residual@1=3.344433e-01, residual@2=1.081740e-01, residual@3=6.729940e-02, excess@2=1080.7402, tail@2=3.750840e+00, score=-324.432714 | LR: 5.0000e-04
     25 total:20.32281 | blocks:2 | L1_step:0.52554 (2.6%) | L2_step:0.23060 (1.1%) L2_final:0.80473 (4.0%) | L3_e3:18.76193 (92.3%) | final_max_PQ:3.421e+00
     50 total:25.84769 | blocks:3 | L1_step:0.60323 (2.3%) | L2_step:0.14861 (0.6%) L2_final:0.57576 (2.2%) | L3_e3:24.52009 (94.9%) | final_max_PQ:2.370e+00
🔘 Epoch 82 No Improvement (1/40) | Val conv@1=0.0000, conv@2=0.0000, conv@3=0.0000, conv@5=0.0000, residual@1=3.392602e-01, residual@2=1.153838e-01
     25 total:18.54202 | blocks:3 | L1_step:0.50805 (2.7%) | L2_step:0.16031 (0.9%) L2_final:0.57712 (3.1%) | L3_e3:17.29654 (93.3%) | final_max_PQ:2.667e+00
     50 total:24.04183 | blocks:2 | L1_step:0.67825 (2.8%) | L2_step:0.17246 (0.7%) L2_final:0.62547 (2.6%) | L3_e3:22.56564 (93.9%) | final_max_PQ:2.392e+00
🔘 Epoch 83 No Improvement (2/40) | Val conv@1=0.0000, conv@2=0.0000, conv@3=0.0000, conv@5=0.0000, residual@1=3.328774e-01, residual@2=1.086285e-01
     25 total:19.50591 | blocks:2 | L1_step:0.56175 (2.9%) | L2_step:0.21384 (1.1%) L2_final:0.64573 (3.3%) | L3_e3:18.08459 (92.7%) | final_max_PQ:3.538e+00
     50 total:19.49012 | blocks:2 | L1_step:0.67010 (3.4%) | L2_step:0.20031 (1.0%) L2_final:0.66545 (3.4%) | L3_e3:17.95425 (92.1%) | final_max_PQ:1.807e+00
🟩 Epoch 84 | Train loss = 20.2646 | Val conv@1=0.0000, conv@2=0.0000, conv@3=0.0000, conv@5=0.0000, residual@1=3.228528e-01, residual@2=1.021802e-01, residual@3=6.179554e-02, excess@2=1020.8019, tail@2=3.550194e+00, score=-306.450109 | LR: 5.0000e-04
     25 total:20.75705 | blocks:2 | L1_step:0.63673 (3.1%) | L2_step:0.21242 (1.0%) L2_final:0.73937 (3.6%) | L3_e3:19.16853 (92.3%) | final_max_PQ:3.503e+00
     50 total:18.65626 | blocks:3 | L1_step:0.42106 (2.3%) | L2_step:0.16923 (0.9%) L2_final:0.57408 (3.1%) | L3_e3:17.49189 (93.8%) | final_max_PQ:2.776e+00
🔘 Epoch 85 No Improvement (1/40) | Val conv@1=0.0000, conv@2=0.0000, conv@3=0.0000, conv@5=0.0000, residual@1=3.192141e-01, residual@2=1.025719e-01
     25 total:19.30041 | blocks:2 | L1_step:0.43899 (2.3%) | L2_step:0.18310 (0.9%) L2_final:0.70361 (3.6%) | L3_e3:17.97470 (93.1%) | final_max_PQ:3.276e+00
     50 total:18.22865 | blocks:3 | L1_step:0.60462 (3.3%) | L2_step:0.15709 (0.9%) L2_final:0.55512 (3.0%) | L3_e3:16.91182 (92.8%) | final_max_PQ:2.470e+00
🔘 Epoch 86 No Improvement (2/40) | Val conv@1=0.0000, conv@2=0.0000, conv@3=0.0000, conv@5=0.0000, residual@1=3.193943e-01, residual@2=1.047481e-01
     25 total:23.28321 | blocks:2 | L1_step:0.59723 (2.6%) | L2_step:0.21208 (0.9%) L2_final:0.68318 (2.9%) | L3_e3:21.79072 (93.6%) | final_max_PQ:2.714e+00
     50 total:19.14041 | blocks:3 | L1_step:0.65453 (3.4%) | L2_step:0.13325 (0.7%) L2_final:0.49013 (2.6%) | L3_e3:17.86250 (93.3%) | final_max_PQ:1.697e+00
🔘 Epoch 87 No Improvement (3/40) | Val conv@1=0.0000, conv@2=0.0000, conv@3=0.0000, conv@5=0.0000, residual@1=3.162424e-01, residual@2=1.067076e-01
     25 total:18.84616 | blocks:3 | L1_step:0.62049 (3.3%) | L2_step:0.14926 (0.8%) L2_final:0.52321 (2.8%) | L3_e3:17.55320 (93.1%) | final_max_PQ:2.589e+00
     50 total:35.90798 | blocks:2 | L1_step:0.64508 (1.8%) | L2_step:0.19792 (0.6%) L2_final:0.65131 (1.8%) | L3_e3:34.41368 (95.8%) | final_max_PQ:4.350e+00
🟩 Epoch 88 | Train loss = 23.4777 | Val conv@1=0.0000, conv@2=0.0000, conv@3=0.0000, conv@5=0.0000, residual@1=3.197382e-01, residual@2=9.532587e-02, residual@3=4.841198e-02, excess@2=952.2587, tail@2=3.562751e+00, score=-285.887228 | LR: 5.0000e-04
     25 total:18.78777 | blocks:2 | L1_step:0.52123 (2.8%) | L2_step:0.22268 (1.2%) L2_final:0.75902 (4.0%) | L3_e3:17.28483 (92.0%) | final_max_PQ:5.557e+00
     50 total:22.37096 | blocks:2 | L1_step:0.63818 (2.9%) | L2_step:0.20806 (0.9%) L2_final:0.66083 (3.0%) | L3_e3:20.86389 (93.3%) | final_max_PQ:2.678e+00
🔘 Epoch 89 No Improvement (1/40) | Val conv@1=0.0000, conv@2=0.0000, conv@3=0.0000, conv@5=0.0000, residual@1=3.152086e-01, residual@2=9.966207e-02
     25 total:23.84613 | blocks:2 | L1_step:0.63522 (2.7%) | L2_step:0.20394 (0.9%) L2_final:0.67971 (2.9%) | L3_e3:22.32725 (93.6%) | final_max_PQ:2.036e+00
     50 total:26.96434 | blocks:3 | L1_step:0.63004 (2.3%) | L2_step:0.17911 (0.7%) L2_final:0.60146 (2.2%) | L3_e3:25.55374 (94.8%) | final_max_PQ:3.085e+00
🔘 Epoch 90 No Improvement (2/40) | Val conv@1=0.0000, conv@2=0.0000, conv@3=0.0000, conv@5=0.0000, residual@1=3.208646e-01, residual@2=9.926559e-02
     25 total:18.90111 | blocks:3 | L1_step:0.64590 (3.4%) | L2_step:0.14519 (0.8%) L2_final:0.47031 (2.5%) | L3_e3:17.63971 (93.3%) | final_max_PQ:1.709e+00
     50 total:21.87966 | blocks:2 | L1_step:0.62956 (2.9%) | L2_step:0.20178 (0.9%) L2_final:0.62350 (2.8%) | L3_e3:20.42481 (93.4%) | final_max_PQ:2.138e+00
🟩 Epoch 91 | Train loss = 21.1009 | Val conv@1=0.0000, conv@2=0.0000, conv@3=0.0000, conv@5=0.0000, residual@1=3.153496e-01, residual@2=9.418793e-02, residual@3=5.844056e-02, excess@2=940.8792, tail@2=3.294052e+00, score=-282.471822 | LR: 5.0000e-04
     25 total:19.41395 | blocks:3 | L1_step:0.55795 (2.9%) | L2_step:0.17023 (0.9%) L2_final:0.57430 (3.0%) | L3_e3:18.11147 (93.3%) | final_max_PQ:1.997e+00
     50 total:16.53825 | blocks:3 | L1_step:0.58225 (3.5%) | L2_step:0.16507 (1.0%) L2_final:0.58651 (3.5%) | L3_e3:15.20441 (91.9%) | final_max_PQ:2.381e+00
🔘 Epoch 92 No Improvement (1/40) | Val conv@1=0.0000, conv@2=0.0000, conv@3=0.0000, conv@5=0.0000, residual@1=3.085803e-01, residual@2=9.756186e-02
     25 total:19.43526 | blocks:2 | L1_step:0.58128 (3.0%) | L2_step:0.20174 (1.0%) L2_final:0.62754 (3.2%) | L3_e3:18.02471 (92.7%) | final_max_PQ:3.285e+00
     50 total:21.38794 | blocks:3 | L1_step:0.62006 (2.9%) | L2_step:0.17219 (0.8%) L2_final:0.55208 (2.6%) | L3_e3:20.04361 (93.7%) | final_max_PQ:2.170e+00
🔘 Epoch 93 No Improvement (2/40) | Val conv@1=0.0000, conv@2=0.0000, conv@3=0.0000, conv@5=0.0000, residual@1=3.084821e-01, residual@2=9.592924e-02
     25 total:25.45315 | blocks:2 | L1_step:0.71075 (2.8%) | L2_step:0.21958 (0.9%) L2_final:0.72539 (2.8%) | L3_e3:23.79743 (93.5%) | final_max_PQ:3.655e+00
     50 total:19.73491 | blocks:2 | L1_step:0.51249 (2.6%) | L2_step:0.20777 (1.1%) L2_final:0.61729 (3.1%) | L3_e3:18.39737 (93.2%) | final_max_PQ:1.936e+00
🟩 Epoch 94 | Train loss = 21.6179 | Val conv@1=0.0000, conv@2=0.0000, conv@3=0.0000, conv@5=0.0000, residual@1=2.922574e-01, residual@2=9.068615e-02, residual@3=6.167024e-02, excess@2=905.8615, tail@2=3.079583e+00, score=-271.965157 | LR: 5.0000e-04
     25 total:29.13095 | blocks:3 | L1_step:0.59635 (2.0%) | L2_step:0.16014 (0.5%) L2_final:0.53208 (1.8%) | L3_e3:27.84237 (95.6%) | final_max_PQ:3.162e+00
     50 total:19.51281 | blocks:2 | L1_step:0.50264 (2.6%) | L2_step:0.18857 (1.0%) L2_final:0.64047 (3.3%) | L3_e3:18.18114 (93.2%) | final_max_PQ:3.770e+00
🟩 Epoch 95 | Train loss = 21.2067 | Val conv@1=0.0000, conv@2=0.0000, conv@3=0.0000, conv@5=0.0000, residual@1=2.920709e-01, residual@2=8.480510e-02, residual@3=5.086283e-02, excess@2=847.0510, tail@2=3.135690e+00, score=-254.322364 | LR: 5.0000e-04
     25 total:20.31015 | blocks:2 | L1_step:0.52553 (2.6%) | L2_step:0.21971 (1.1%) L2_final:0.64703 (3.2%) | L3_e3:18.91788 (93.1%) | final_max_PQ:3.847e+00
     50 total:27.57110 | blocks:2 | L1_step:0.60458 (2.2%) | L2_step:0.18422 (0.7%) L2_final:0.54810 (2.0%) | L3_e3:26.23420 (95.2%) | final_max_PQ:1.743e+00
🔘 Epoch 96 No Improvement (1/40) | Val conv@1=0.0000, conv@2=0.0000, conv@3=0.0000, conv@5=0.0000, residual@1=3.086159e-01, residual@2=1.107036e-01
     25 total:23.65791 | blocks:1 | L1_step:0.33288 (1.4%) | L2_step:0.38915 (1.6%) L2_final:1.02489 (4.3%) | L3_e3:21.91100 (92.6%) | final_max_PQ:7.437e+00
     50 total:23.38453 | blocks:2 | L1_step:0.60089 (2.6%) | L2_step:0.20005 (0.9%) L2_final:0.67687 (2.9%) | L3_e3:21.90672 (93.7%) | final_max_PQ:3.334e+00
🟩 Epoch 97 | Train loss = 23.0643 | Val conv@1=0.0000, conv@2=0.0000, conv@3=0.0000, conv@5=0.0000, residual@1=3.038501e-01, residual@2=8.050852e-02, residual@3=3.967895e-02, excess@2=804.0852, tail@2=5.147842e+00, score=-241.442535 | LR: 5.0000e-04
     25 total:21.82876 | blocks:2 | L1_step:0.57361 (2.6%) | L2_step:0.21879 (1.0%) L2_final:0.70074 (3.2%) | L3_e3:20.33562 (93.2%) | final_max_PQ:2.931e+00
     50 total:20.54376 | blocks:3 | L1_step:0.51526 (2.5%) | L2_step:0.16156 (0.8%) L2_final:0.54227 (2.6%) | L3_e3:19.32467 (94.1%) | final_max_PQ:2.444e+00
🟩 Epoch 98 | Train loss = 22.6998 | Val conv@1=0.0000, conv@2=0.0000, conv@3=0.0000, conv@5=0.0000, residual@1=2.908011e-01, residual@2=7.995299e-02, residual@3=4.549955e-02, excess@2=798.5299, tail@2=3.219460e+00, score=-239.766556 | LR: 5.0000e-04
     25 total:25.25154 | blocks:3 | L1_step:0.61624 (2.4%) | L2_step:0.15136 (0.6%) L2_final:0.46344 (1.8%) | L3_e3:24.02049 (95.1%) | final_max_PQ:1.768e+00
     50 total:19.59806 | blocks:1 | L1_step:0.30751 (1.6%) | L2_step:0.35953 (1.8%) L2_final:0.85171 (4.3%) | L3_e3:18.07932 (92.3%) | final_max_PQ:4.547e+00
🔘 Epoch 99 No Improvement (1/40) | Val conv@1=0.0000, conv@2=0.0000, conv@3=0.0000, conv@5=0.0000, residual@1=2.846973e-01, residual@2=8.047844e-02
     25 total:17.69649 | blocks:3 | L1_step:0.45016 (2.5%) | L2_step:0.14892 (0.8%) L2_final:0.45208 (2.6%) | L3_e3:16.64533 (94.1%) | final_max_PQ:2.350e+00
     50 total:28.17058 | blocks:2 | L1_step:0.49634 (1.8%) | L2_step:0.21899 (0.8%) L2_final:0.68415 (2.4%) | L3_e3:26.77110 (95.0%) | final_max_PQ:2.153e+00
🟩 Epoch 100 | Train loss = 22.1325 | Val conv@1=0.0000, conv@2=0.0000, conv@3=0.0000, conv@5=0.0000, residual@1=2.881566e-01, residual@2=7.742546e-02, residual@3=4.433152e-02, excess@2=773.2546, tail@2=3.373329e+00, score=-232.184898 | LR: 5.0000e-04
     25 total:22.35973 | blocks:2 | L1_step:0.64294 (2.9%) | L2_step:0.18327 (0.8%) L2_final:0.53734 (2.4%) | L3_e3:20.99618 (93.9%) | final_max_PQ:2.142e+00
     50 total:20.50476 | blocks:2 | L1_step:0.55192 (2.7%) | L2_step:0.18286 (0.9%) L2_final:0.50802 (2.5%) | L3_e3:19.26196 (93.9%) | final_max_PQ:1.376e+00
🔘 Epoch 101 No Improvement (1/40) | Val conv@1=0.0000, conv@2=0.0000, conv@3=0.0000, conv@5=0.0000, residual@1=2.912923e-01, residual@2=8.140557e-02
     25 total:28.08655 | blocks:2 | L1_step:0.46393 (1.7%) | L2_step:0.19654 (0.7%) L2_final:0.60585 (2.2%) | L3_e3:26.82023 (95.5%) | final_max_PQ:1.783e+00
     50 total:17.18600 | blocks:3 | L1_step:0.43589 (2.5%) | L2_step:0.15018 (0.9%) L2_final:0.48305 (2.8%) | L3_e3:16.11688 (93.8%) | final_max_PQ:1.744e+00
🟩 Epoch 102 | Train loss = 23.3807 | Val conv@1=0.0000, conv@2=0.0000, conv@3=0.0000, conv@5=0.0000, residual@1=2.909376e-01, residual@2=7.512809e-02, residual@3=4.140322e-02, excess@2=750.2809, tail@2=3.240974e+00, score=-225.291980 | LR: 5.0000e-04
     25 total:20.73036 | blocks:2 | L1_step:0.41477 (2.0%) | L2_step:0.18498 (0.9%) L2_final:0.52638 (2.5%) | L3_e3:19.60423 (94.6%) | final_max_PQ:1.734e+00
     50 total:23.57796 | blocks:3 | L1_step:0.44749 (1.9%) | L2_step:0.14676 (0.6%) L2_final:0.42718 (1.8%) | L3_e3:22.55652 (95.7%) | final_max_PQ:1.758e+00
🔘 Epoch 103 No Improvement (1/40) | Val conv@1=0.0000, conv@2=0.0000, conv@3=0.0000, conv@5=0.0000, residual@1=2.863440e-01, residual@2=7.836196e-02
     25 total:19.33722 | blocks:2 | L1_step:0.42126 (2.2%) | L2_step:0.24666 (1.3%) L2_final:0.70096 (3.6%) | L3_e3:17.96834 (92.9%) | final_max_PQ:4.720e+00
     50 total:18.87619 | blocks:3 | L1_step:0.45432 (2.4%) | L2_step:0.16596 (0.9%) L2_final:0.51354 (2.7%) | L3_e3:17.74237 (94.0%) | final_max_PQ:1.333e+00
🟩 Epoch 104 | Train loss = 21.7336 | Val conv@1=0.0000, conv@2=0.0000, conv@3=0.0000, conv@5=0.0000, residual@1=2.796250e-01, residual@2=7.474831e-02, residual@3=4.193207e-02, excess@2=746.4831, tail@2=3.014221e+00, score=-224.151192 | LR: 5.0000e-04
     25 total:24.28985 | blocks:2 | L1_step:0.49245 (2.0%) | L2_step:0.21694 (0.9%) L2_final:0.60772 (2.5%) | L3_e3:22.97275 (94.6%) | final_max_PQ:1.997e+00
     50 total:21.20930 | blocks:2 | L1_step:0.45448 (2.1%) | L2_step:0.19911 (0.9%) L2_final:0.57722 (2.7%) | L3_e3:19.97849 (94.2%) | final_max_PQ:1.948e+00
🟩 Epoch 105 | Train loss = 21.6080 | Val conv@1=0.0000, conv@2=0.0000, conv@3=0.0000, conv@5=0.0000, residual@1=2.800627e-01, residual@2=7.389408e-02, residual@3=4.098052e-02, excess@2=737.9408, tail@2=2.982781e+00, score=-221.588294 | LR: 5.0000e-04
     25 total:23.34058 | blocks:3 | L1_step:0.75278 (3.2%) | L2_step:0.14895 (0.6%) L2_final:0.45026 (1.9%) | L3_e3:21.98859 (94.2%) | final_max_PQ:1.994e+00
     50 total:21.55110 | blocks:2 | L1_step:0.65932 (3.1%) | L2_step:0.17301 (0.8%) L2_final:0.50280 (2.3%) | L3_e3:20.21596 (93.8%) | final_max_PQ:2.240e+00
🔘 Epoch 106 No Improvement (1/40) | Val conv@1=0.0000, conv@2=0.0000, conv@3=0.0000, conv@5=0.0000, residual@1=2.881717e-01, residual@2=7.531355e-02
     25 total:21.09171 | blocks:2 | L1_step:0.59697 (2.8%) | L2_step:0.16434 (0.8%) L2_final:0.43596 (2.1%) | L3_e3:19.89444 (94.3%) | final_max_PQ:1.897e+00
     50 total:18.13162 | blocks:3 | L1_step:0.67817 (3.7%) | L2_step:0.13915 (0.8%) L2_final:0.40424 (2.2%) | L3_e3:16.91006 (93.3%) | final_max_PQ:1.609e+00
🟩 Epoch 107 | Train loss = 20.5772 | Val conv@1=0.0000, conv@2=0.0000, conv@3=0.0000, conv@5=0.0000, residual@1=2.726082e-01, residual@2=7.275587e-02, residual@3=4.163007e-02, excess@2=726.5587, tail@2=3.022888e+00, score=-218.173947 | LR: 5.0000e-04
     25 total:19.34672 | blocks:2 | L1_step:0.59662 (3.1%) | L2_step:0.16571 (0.9%) L2_final:0.41443 (2.1%) | L3_e3:18.16997 (93.9%) | final_max_PQ:2.832e+00
     50 total:19.36599 | blocks:2 | L1_step:0.47284 (2.4%) | L2_step:0.20717 (1.1%) L2_final:0.58741 (3.0%) | L3_e3:18.09857 (93.5%) | final_max_PQ:1.454e+00
🔘 Epoch 108 No Improvement (1/40) | Val conv@1=0.0000, conv@2=0.0000, conv@3=0.0000, conv@5=0.0000, residual@1=2.669943e-01, residual@2=7.355058e-02
     25 total:23.74789 | blocks:2 | L1_step:0.54888 (2.3%) | L2_step:0.20266 (0.9%) L2_final:0.58469 (2.5%) | L3_e3:22.41166 (94.4%) | final_max_PQ:4.752e+00
     50 total:19.80822 | blocks:2 | L1_step:0.56846 (2.9%) | L2_step:0.19477 (1.0%) L2_final:0.54567 (2.8%) | L3_e3:18.49932 (93.4%) | final_max_PQ:1.563e+00
🟩 Epoch 109 | Train loss = 21.5652 | Val conv@1=0.0000, conv@2=0.0000, conv@3=0.0000, conv@5=0.0000, residual@1=2.650286e-01, residual@2=7.115543e-02, residual@3=4.361690e-02, excess@2=710.5543, tail@2=2.860489e+00, score=-213.371518 | LR: 5.0000e-04
     25 total:24.61772 | blocks:3 | L1_step:0.75100 (3.1%) | L2_step:0.15959 (0.6%) L2_final:0.44105 (1.8%) | L3_e3:23.26607 (94.5%) | final_max_PQ:2.561e+00
     50 total:27.79490 | blocks:2 | L1_step:0.58176 (2.1%) | L2_step:0.21082 (0.8%) L2_final:0.60244 (2.2%) | L3_e3:26.39988 (95.0%) | final_max_PQ:3.227e+00
🟩 Epoch 110 | Train loss = 22.8383 | Val conv@1=0.0000, conv@2=0.0000, conv@3=0.0000, conv@5=0.0000, residual@1=2.751522e-01, residual@2=6.804412e-02, residual@3=3.629920e-02, excess@2=679.4412, tail@2=3.132972e+00, score=-204.039405 | LR: 5.0000e-04
     25 total:19.32494 | blocks:3 | L1_step:0.76624 (4.0%) | L2_step:0.13208 (0.7%) L2_final:0.38517 (2.0%) | L3_e3:18.04146 (93.4%) | final_max_PQ:1.571e+00
     50 total:19.26054 | blocks:1 | L1_step:0.28673 (1.5%) | L2_step:0.38712 (2.0%) L2_final:0.91921 (4.8%) | L3_e3:17.66748 (91.7%) | final_max_PQ:7.271e+00
🔘 Epoch 111 No Improvement (1/40) | Val conv@1=0.0000, conv@2=0.0000, conv@3=0.0000, conv@5=0.0000, residual@1=2.664697e-01, residual@2=7.009117e-02
     25 total:20.56371 | blocks:2 | L1_step:0.61458 (3.0%) | L2_step:0.18342 (0.9%) L2_final:0.51092 (2.5%) | L3_e3:19.25480 (93.6%) | final_max_PQ:1.342e+00
     50 total:17.72625 | blocks:2 | L1_step:0.64241 (3.6%) | L2_step:0.18751 (1.1%) L2_final:0.51670 (2.9%) | L3_e3:16.37963 (92.4%) | final_max_PQ:2.284e+00
🔘 Epoch 112 No Improvement (2/40) | Val conv@1=0.0000, conv@2=0.0000, conv@3=0.0000, conv@5=0.0000, residual@1=2.558376e-01, residual@2=6.812237e-02
     25 total:18.96349 | blocks:3 | L1_step:0.55559 (2.9%) | L2_step:0.14883 (0.8%) L2_final:0.43263 (2.3%) | L3_e3:17.82644 (94.0%) | final_max_PQ:2.875e+00
     50 total:19.33950 | blocks:3 | L1_step:0.58418 (3.0%) | L2_step:0.14231 (0.7%) L2_final:0.43337 (2.2%) | L3_e3:18.17964 (94.0%) | final_max_PQ:2.504e+00
🔘 Epoch 113 No Improvement (3/40) | Val conv@1=0.0000, conv@2=0.0000, conv@3=0.0000, conv@5=0.0000, residual@1=2.654699e-01, residual@2=7.023143e-02
     25 total:22.38195 | blocks:3 | L1_step:0.55349 (2.5%) | L2_step:0.17362 (0.8%) L2_final:0.51806 (2.3%) | L3_e3:21.13677 (94.4%) | final_max_PQ:2.604e+00
     50 total:28.87238 | blocks:3 | L1_step:0.66360 (2.3%) | L2_step:0.14777 (0.5%) L2_final:0.39040 (1.4%) | L3_e3:27.67060 (95.8%) | final_max_PQ:1.384e+00
🔘 Epoch 114 No Improvement (4/40) | Val conv@1=0.0000, conv@2=0.0000, conv@3=0.0000, conv@5=0.0000, residual@1=2.696865e-01, residual@2=6.892899e-02
     25 total:26.34000 | blocks:2 | L1_step:0.63698 (2.4%) | L2_step:0.20013 (0.8%) L2_final:0.62641 (2.4%) | L3_e3:24.87647 (94.4%) | final_max_PQ:2.568e+00
     50 total:20.03383 | blocks:3 | L1_step:0.50899 (2.5%) | L2_step:0.13347 (0.7%) L2_final:0.38018 (1.9%) | L3_e3:19.01119 (94.9%) | final_max_PQ:1.967e+00
🟩 Epoch 115 | Train loss = 23.8978 | Val conv@1=0.0000, conv@2=0.0000, conv@3=0.0000, conv@5=0.0000, residual@1=2.613125e-01, residual@2=6.610737e-02, residual@3=3.869982e-02, excess@2=660.0737, tail@2=2.884902e+00, score=-198.227503 | LR: 5.0000e-04
     25 total:21.01684 | blocks:2 | L1_step:0.65901 (3.1%) | L2_step:0.20040 (1.0%) L2_final:0.57353 (2.7%) | L3_e3:19.58389 (93.2%) | final_max_PQ:1.509e+00
     50 total:26.04677 | blocks:2 | L1_step:0.53075 (2.0%) | L2_step:0.19908 (0.8%) L2_final:0.53430 (2.1%) | L3_e3:24.78264 (95.1%) | final_max_PQ:1.782e+00
🟩 Epoch 116 | Train loss = 21.4754 | Val conv@1=0.0000, conv@2=0.0000, conv@3=0.0000, conv@5=0.0000, residual@1=2.564802e-01, residual@2=6.492795e-02, residual@3=4.065630e-02, excess@2=648.2795, tail@2=2.910393e+00, score=-194.689411 | LR: 5.0000e-04
     25 total:18.53474 | blocks:1 | L1_step:0.34544 (1.9%) | L2_step:0.38083 (2.1%) L2_final:0.91373 (4.9%) | L3_e3:16.89474 (91.2%) | final_max_PQ:8.247e+00
     50 total:16.45813 | blocks:3 | L1_step:0.53795 (3.3%) | L2_step:0.17795 (1.1%) L2_final:0.47242 (2.9%) | L3_e3:15.26981 (92.8%) | final_max_PQ:2.375e+00
🟩 Epoch 117 | Train loss = 19.9576 | Val conv@1=0.0000, conv@2=0.0000, conv@3=0.0000, conv@5=0.0000, residual@1=2.519687e-01, residual@2=6.263516e-02, residual@3=3.857566e-02, excess@2=625.3516, tail@2=2.949592e+00, score=-187.811305 | LR: 5.0000e-04
     25 total:21.35878 | blocks:2 | L1_step:0.63581 (3.0%) | L2_step:0.20719 (1.0%) L2_final:0.55435 (2.6%) | L3_e3:19.96143 (93.5%) | final_max_PQ:4.886e+00
     50 total:22.73933 | blocks:2 | L1_step:0.68723 (3.0%) | L2_step:0.17845 (0.8%) L2_final:0.43226 (1.9%) | L3_e3:21.44139 (94.3%) | final_max_PQ:1.411e+00
🔘 Epoch 118 No Improvement (1/40) | Val conv@1=0.0000, conv@2=0.0000, conv@3=0.0000, conv@5=0.0000, residual@1=2.480493e-01, residual@2=6.448490e-02
     25 total:20.41992 | blocks:2 | L1_step:0.63818 (3.1%) | L2_step:0.16328 (0.8%) L2_final:0.42357 (2.1%) | L3_e3:19.19489 (94.0%) | final_max_PQ:1.697e+00
     50 total:23.32339 | blocks:3 | L1_step:0.70773 (3.0%) | L2_step:0.15900 (0.7%) L2_final:0.43065 (1.8%) | L3_e3:22.02601 (94.4%) | final_max_PQ:3.286e+00
🟩 Epoch 119 | Train loss = 20.2141 | Val conv@1=0.0000, conv@2=0.0000, conv@3=0.0000, conv@5=0.0000, residual@1=2.439733e-01, residual@2=6.145114e-02, residual@3=4.084211e-02, excess@2=613.5114, tail@2=2.876049e+00, score=-184.258765 | LR: 5.0000e-04
     25 total:21.45220 | blocks:2 | L1_step:0.52411 (2.4%) | L2_step:0.22071 (1.0%) L2_final:0.57192 (2.7%) | L3_e3:20.13547 (93.9%) | final_max_PQ:2.389e+00
     50 total:21.74603 | blocks:2 | L1_step:0.37380 (1.7%) | L2_step:0.18023 (0.8%) L2_final:0.46356 (2.1%) | L3_e3:20.72845 (95.3%) | final_max_PQ:1.466e+00
🟩 Epoch 120 | Train loss = 21.6853 | Val conv@1=0.0000, conv@2=0.0000, conv@3=0.0000, conv@5=0.0000, residual@1=2.442054e-01, residual@2=5.901980e-02, residual@3=3.641730e-02, excess@2=589.1979, tail@2=2.750816e+00, score=-176.963827 | LR: 5.0000e-04
     25 total:22.05541 | blocks:2 | L1_step:0.44844 (2.0%) | L2_step:0.18933 (0.9%) L2_final:0.47658 (2.2%) | L3_e3:20.94105 (94.9%) | final_max_PQ:2.034e+00
     50 total:21.31852 | blocks:3 | L1_step:0.56973 (2.7%) | L2_step:0.12031 (0.6%) L2_final:0.32413 (1.5%) | L3_e3:20.30435 (95.2%) | final_max_PQ:1.721e+00
🔘 Epoch 121 No Improvement (1/40) | Val conv@1=0.0000, conv@2=0.0000, conv@3=0.0000, conv@5=0.0000, residual@1=2.424674e-01, residual@2=6.086926e-02
     25 total:19.28586 | blocks:3 | L1_step:0.44527 (2.3%) | L2_step:0.15298 (0.8%) L2_final:0.44124 (2.3%) | L3_e3:18.24636 (94.6%) | final_max_PQ:2.430e+00
     50 total:24.89000 | blocks:2 | L1_step:0.38701 (1.6%) | L2_step:0.17586 (0.7%) L2_final:0.45461 (1.8%) | L3_e3:23.87252 (95.9%) | final_max_PQ:1.925e+00
🔘 Epoch 122 No Improvement (2/40) | Val conv@1=0.0000, conv@2=0.0000, conv@3=0.0000, conv@5=0.0000, residual@1=2.405105e-01, residual@2=6.235170e-02
     25 total:27.78595 | blocks:2 | L1_step:0.46666 (1.7%) | L2_step:0.15915 (0.6%) L2_final:0.37782 (1.4%) | L3_e3:26.78232 (96.4%) | final_max_PQ:2.577e+00
     50 total:22.82911 | blocks:2 | L1_step:0.54277 (2.4%) | L2_step:0.18791 (0.8%) L2_final:0.51934 (2.3%) | L3_e3:21.57909 (94.5%) | final_max_PQ:1.689e+00
🟩 Epoch 123 | Train loss = 22.6728 | Val conv@1=0.0000, conv@2=0.0000, conv@3=0.0000, conv@5=0.0000, residual@1=2.381061e-01, residual@2=5.827897e-02, residual@3=3.556771e-02, excess@2=581.7897, tail@2=2.928057e+00, score=-174.742602 | LR: 5.0000e-04
     25 total:23.57483 | blocks:1 | L1_step:0.34953 (1.5%) | L2_step:0.34264 (1.5%) L2_final:0.72338 (3.1%) | L3_e3:22.15927 (94.0%) | final_max_PQ:4.521e+00
     50 total:25.87522 | blocks:3 | L1_step:0.61941 (2.4%) | L2_step:0.13605 (0.5%) L2_final:0.38546 (1.5%) | L3_e3:24.73430 (95.6%) | final_max_PQ:1.658e+00
🔘 Epoch 124 No Improvement (1/40) | Val conv@1=0.0000, conv@2=0.0000, conv@3=0.0000, conv@5=0.0000, residual@1=2.443277e-01, residual@2=6.148505e-02
     25 total:21.04250 | blocks:2 | L1_step:0.58413 (2.8%) | L2_step:0.20200 (1.0%) L2_final:0.55360 (2.6%) | L3_e3:19.70278 (93.6%) | final_max_PQ:1.592e+00
     50 total:19.90614 | blocks:2 | L1_step:0.38510 (1.9%) | L2_step:0.18148 (0.9%) L2_final:0.48734 (2.4%) | L3_e3:18.85221 (94.7%) | final_max_PQ:1.694e+00
🟩 Epoch 125 | Train loss = 21.4031 | Val conv@1=0.0000, conv@2=0.0000, conv@3=0.0000, conv@5=0.0000, residual@1=2.353463e-01, residual@2=5.494642e-02, residual@3=3.363099e-02, excess@2=548.4643, tail@2=2.642151e+00, score=-164.742917 | LR: 5.0000e-04
     25 total:19.26629 | blocks:2 | L1_step:0.58696 (3.0%) | L2_step:0.16922 (0.9%) L2_final:0.41045 (2.1%) | L3_e3:18.09966 (93.9%) | final_max_PQ:1.453e+00
     50 total:19.53354 | blocks:2 | L1_step:0.58306 (3.0%) | L2_step:0.19146 (1.0%) L2_final:0.47306 (2.4%) | L3_e3:18.28596 (93.6%) | final_max_PQ:1.997e+00
🟩 Epoch 126 | Train loss = 19.4558 | Val conv@1=0.0000, conv@2=0.0000, conv@3=0.0000, conv@5=0.0000, residual@1=2.301324e-01, residual@2=5.248451e-02, residual@3=3.284234e-02, excess@2=523.8451, tail@2=2.510964e+00, score=-157.356147 | LR: 5.0000e-04
     25 total:19.63788 | blocks:3 | L1_step:0.83007 (4.2%) | L2_step:0.12325 (0.6%) L2_final:0.33568 (1.7%) | L3_e3:18.34889 (93.4%) | final_max_PQ:1.658e+00
     50 total:20.88507 | blocks:2 | L1_step:0.74006 (3.5%) | L2_step:0.17323 (0.8%) L2_final:0.43060 (2.1%) | L3_e3:19.54118 (93.6%) | final_max_PQ:2.459e+00
🟩 Epoch 127 | Train loss = 20.3763 | Val conv@1=0.0000, conv@2=0.0000, conv@3=0.0000, conv@5=0.0000, residual@1=2.228461e-01, residual@2=5.165333e-02, residual@3=3.342718e-02, excess@2=515.5333, tail@2=2.390579e+00, score=-154.861622 | LR: 5.0000e-04
     25 total:24.01483 | blocks:2 | L1_step:0.75265 (3.1%) | L2_step:0.16896 (0.7%) L2_final:0.45866 (1.9%) | L3_e3:22.63455 (94.3%) | final_max_PQ:1.542e+00
     50 total:20.98189 | blocks:2 | L1_step:0.53949 (2.6%) | L2_step:0.18407 (0.9%) L2_final:0.47995 (2.3%) | L3_e3:19.77839 (94.3%) | final_max_PQ:2.294e+00
🔘 Epoch 128 No Improvement (1/40) | Val conv@1=0.0000, conv@2=0.0000, conv@3=0.0000, conv@5=0.0000, residual@1=2.248454e-01, residual@2=5.559710e-02
     25 total:24.87509 | blocks:2 | L1_step:0.49705 (2.0%) | L2_step:0.20964 (0.8%) L2_final:0.55319 (2.2%) | L3_e3:23.61521 (94.9%) | final_max_PQ:1.831e+00
     50 total:22.65293 | blocks:2 | L1_step:0.45085 (2.0%) | L2_step:0.16179 (0.7%) L2_final:0.39164 (1.7%) | L3_e3:21.64864 (95.6%) | final_max_PQ:2.215e+00
🔘 Epoch 129 No Improvement (2/40) | Val conv@1=0.0000, conv@2=0.0000, conv@3=0.0000, conv@5=0.0000, residual@1=2.280388e-01, residual@2=6.250586e-02
     25 total:20.53086 | blocks:3 | L1_step:0.53711 (2.6%) | L2_step:0.13547 (0.7%) L2_final:0.33031 (1.6%) | L3_e3:19.52797 (95.1%) | final_max_PQ:1.722e+00
     50 total:18.22050 | blocks:3 | L1_step:0.65787 (3.6%) | L2_step:0.11877 (0.7%) L2_final:0.29309 (1.6%) | L3_e3:17.15077 (94.1%) | final_max_PQ:1.938e+00
🟩 Epoch 130 | Train loss = 21.4629 | Val conv@1=0.0000, conv@2=0.0000, conv@3=0.0000, conv@5=0.0000, residual@1=2.177853e-01, residual@2=5.001501e-02, residual@3=3.334025e-02, excess@2=499.1501, tail@2=2.625305e+00, score=-149.948532 | LR: 5.0000e-04
     25 total:28.64333 | blocks:2 | L1_step:0.73963 (2.6%) | L2_step:0.19479 (0.7%) L2_final:0.47030 (1.6%) | L3_e3:27.23860 (95.1%) | final_max_PQ:4.320e+00
     50 total:18.85754 | blocks:2 | L1_step:0.52738 (2.8%) | L2_step:0.17818 (0.9%) L2_final:0.41786 (2.2%) | L3_e3:17.73411 (94.0%) | final_max_PQ:2.374e+00
🔘 Epoch 131 No Improvement (1/40) | Val conv@1=0.0000, conv@2=0.0000, conv@3=0.0000, conv@5=0.0000, residual@1=2.207072e-01, residual@2=5.656968e-02
     25 total:21.11896 | blocks:3 | L1_step:0.56928 (2.7%) | L2_step:0.13599 (0.6%) L2_final:0.38676 (1.8%) | L3_e3:20.02693 (94.8%) | final_max_PQ:2.012e+00
     50 total:19.85527 | blocks:2 | L1_step:0.59550 (3.0%) | L2_step:0.19188 (1.0%) L2_final:0.46403 (2.3%) | L3_e3:18.60387 (93.7%) | final_max_PQ:1.783e+00
🔘 Epoch 132 No Improvement (2/40) | Val conv@1=0.0000, conv@2=0.0000, conv@3=0.0000, conv@5=0.0000, residual@1=2.173292e-01, residual@2=5.388346e-02
     25 total:21.84033 | blocks:3 | L1_step:0.62907 (2.9%) | L2_step:0.13910 (0.6%) L2_final:0.34742 (1.6%) | L3_e3:20.72474 (94.9%) | final_max_PQ:1.690e+00
     50 total:18.84531 | blocks:2 | L1_step:0.40678 (2.2%) | L2_step:0.18151 (1.0%) L2_final:0.44701 (2.4%) | L3_e3:17.81001 (94.5%) | final_max_PQ:2.360e+00
🔘 Epoch 133 No Improvement (3/40) | Val conv@1=0.0000, conv@2=0.0000, conv@3=0.0000, conv@5=0.0000, residual@1=2.216913e-01, residual@2=5.521963e-02
     25 total:18.84081 | blocks:3 | L1_step:0.58012 (3.1%) | L2_step:0.14702 (0.8%) L2_final:0.38390 (2.0%) | L3_e3:17.72977 (94.1%) | final_max_PQ:2.109e+00
     50 total:20.70049 | blocks:2 | L1_step:0.58828 (2.8%) | L2_step:0.18564 (0.9%) L2_final:0.42382 (2.0%) | L3_e3:19.50275 (94.2%) | final_max_PQ:2.442e+00
🔘 Epoch 134 No Improvement (4/40) | Val conv@1=0.0000, conv@2=0.0000, conv@3=0.0000, conv@5=0.0000, residual@1=2.165094e-01, residual@2=5.318350e-02
     25 total:20.94736 | blocks:3 | L1_step:0.56604 (2.7%) | L2_step:0.13399 (0.6%) L2_final:0.33239 (1.6%) | L3_e3:19.91494 (95.1%) | final_max_PQ:1.569e+00
     50 total:30.06993 | blocks:2 | L1_step:0.60135 (2.0%) | L2_step:0.18205 (0.6%) L2_final:0.45809 (1.5%) | L3_e3:28.82844 (95.9%) | final_max_PQ:2.193e+00
🔘 Epoch 135 No Improvement (5/40) | Val conv@1=0.0000, conv@2=0.0000, conv@3=0.0000, conv@5=0.0000, residual@1=2.204133e-01, residual@2=5.725363e-02
     25 total:30.57338 | blocks:2 | L1_step:0.52065 (1.7%) | L2_step:0.15397 (0.5%) L2_final:0.36123 (1.2%) | L3_e3:29.53753 (96.6%) | final_max_PQ:1.614e+00
     50 total:18.92685 | blocks:2 | L1_step:0.50179 (2.7%) | L2_step:0.16881 (0.9%) L2_final:0.38430 (2.0%) | L3_e3:17.87195 (94.4%) | final_max_PQ:1.557e+00
🔘 Epoch 136 No Improvement (6/40) | Val conv@1=0.0000, conv@2=0.0000, conv@3=0.0000, conv@5=0.0000, residual@1=2.082443e-01, residual@2=5.210470e-02
     25 total:25.19579 | blocks:2 | L1_step:0.65097 (2.6%) | L2_step:0.15933 (0.6%) L2_final:0.40501 (1.6%) | L3_e3:23.98048 (95.2%) | final_max_PQ:1.498e+00
     50 total:18.56225 | blocks:2 | L1_step:0.36215 (2.0%) | L2_step:0.13965 (0.8%) L2_final:0.32615 (1.8%) | L3_e3:17.73431 (95.5%) | final_max_PQ:1.777e+00
🔘 Epoch 137 No Improvement (7/40) | Val conv@1=0.0000, conv@2=0.0000, conv@3=0.0000, conv@5=0.0000, residual@1=2.292260e-01, residual@2=7.328349e-02
     25 total:20.25058 | blocks:2 | L1_step:0.54548 (2.7%) | L2_step:0.17933 (0.9%) L2_final:0.43481 (2.1%) | L3_e3:19.09097 (94.3%) | final_max_PQ:1.947e+00
     50 total:24.26683 | blocks:2 | L1_step:0.65328 (2.7%) | L2_step:0.14971 (0.6%) L2_final:0.37943 (1.6%) | L3_e3:23.08441 (95.1%) | final_max_PQ:1.364e+00
🔘 Epoch 138 No Improvement (8/40) | Val conv@1=0.0000, conv@2=0.0000, conv@3=0.0000, conv@5=0.0000, residual@1=2.129314e-01, residual@2=5.613960e-02
     25 total:22.79523 | blocks:3 | L1_step:0.42966 (1.9%) | L2_step:0.15250 (0.7%) L2_final:0.37824 (1.7%) | L3_e3:21.83482 (95.8%) | final_max_PQ:1.660e+00
     50 total:19.37751 | blocks:1 | L1_step:0.23624 (1.2%) | L2_step:0.31581 (1.6%) L2_final:0.60736 (3.1%) | L3_e3:18.21810 (94.0%) | final_max_PQ:6.439e+00
🟩 Epoch 139 | Train loss = 18.7709 | Val conv@1=0.0000, conv@2=0.0000, conv@3=0.0000, conv@5=0.0000, residual@1=2.016561e-01, residual@2=4.836962e-02, residual@3=3.299357e-02, excess@2=482.6962, tail@2=2.427368e+00, score=-145.010800 | LR: 5.0000e-04
     25 total:22.08243 | blocks:2 | L1_step:0.58475 (2.6%) | L2_step:0.18532 (0.8%) L2_final:0.43915 (2.0%) | L3_e3:20.87321 (94.5%) | final_max_PQ:1.717e+00
     50 total:21.98986 | blocks:3 | L1_step:0.38134 (1.7%) | L2_step:0.15805 (0.7%) L2_final:0.41411 (1.9%) | L3_e3:21.03635 (95.7%) | final_max_PQ:2.128e+00
🟩 Epoch 140 | Train loss = 20.4590 | Val conv@1=0.0000, conv@2=0.0000, conv@3=0.0000, conv@5=0.0000, residual@1=1.951189e-01, residual@2=4.638635e-02, residual@3=3.202839e-02, excess@2=462.8635, tail@2=2.603775e+00, score=-139.062404 | LR: 5.0000e-04
     25 total:21.20493 | blocks:2 | L1_step:0.76093 (3.6%) | L2_step:0.16412 (0.8%) L2_final:0.36707 (1.7%) | L3_e3:19.91280 (93.9%) | final_max_PQ:2.129e+00
     50 total:19.37583 | blocks:2 | L1_step:0.52486 (2.7%) | L2_step:0.19492 (1.0%) L2_final:0.49466 (2.6%) | L3_e3:18.16140 (93.7%) | final_max_PQ:2.064e+00
🔘 Epoch 141 No Improvement (1/40) | Val conv@1=0.0000, conv@2=0.0000, conv@3=0.0000, conv@5=0.0000, residual@1=1.954432e-01, residual@2=4.815117e-02
     25 total:21.51214 | blocks:2 | L1_step:0.56927 (2.6%) | L2_step:0.14964 (0.7%) L2_final:0.33159 (1.5%) | L3_e3:20.46165 (95.1%) | final_max_PQ:1.842e+00
     50 total:22.27053 | blocks:2 | L1_step:0.66429 (3.0%) | L2_step:0.15275 (0.7%) L2_final:0.37180 (1.7%) | L3_e3:21.08169 (94.7%) | final_max_PQ:1.629e+00
🔘 Epoch 142 No Improvement (2/40) | Val conv@1=0.0000, conv@2=0.0000, conv@3=0.0000, conv@5=0.0000, residual@1=1.956403e-01, residual@2=5.055869e-02
     25 total:25.65473 | blocks:1 | L1_step:0.27002 (1.1%) | L2_step:0.32475 (1.3%) L2_final:0.69054 (2.7%) | L3_e3:24.36942 (95.0%) | final_max_PQ:3.831e+00
     50 total:18.26323 | blocks:2 | L1_step:0.36241 (2.0%) | L2_step:0.16972 (0.9%) L2_final:0.36764 (2.0%) | L3_e3:17.36346 (95.1%) | final_max_PQ:2.398e+00
🟩 Epoch 143 | Train loss = 22.3798 | Val conv@1=0.0000, conv@2=0.0000, conv@3=0.0000, conv@5=0.0000, residual@1=1.958957e-01, residual@2=4.571643e-02, residual@3=3.034215e-02, excess@2=456.1643, tail@2=2.701538e+00, score=-137.053362 | LR: 5.0000e-04
     25 total:17.44362 | blocks:3 | L1_step:0.39341 (2.3%) | L2_step:0.10024 (0.6%) L2_final:0.21517 (1.2%) | L3_e3:16.73480 (95.9%) | final_max_PQ:1.622e+00
     50 total:21.90570 | blocks:2 | L1_step:0.67523 (3.1%) | L2_step:0.16990 (0.8%) L2_final:0.38189 (1.7%) | L3_e3:20.67867 (94.4%) | final_max_PQ:1.741e+00
🔘 Epoch 144 No Improvement (1/40) | Val conv@1=0.0000, conv@2=0.0000, conv@3=0.0000, conv@5=0.0000, residual@1=1.942322e-01, residual@2=4.862246e-02
     25 total:22.54493 | blocks:2 | L1_step:0.78325 (3.5%) | L2_step:0.18294 (0.8%) L2_final:0.40125 (1.8%) | L3_e3:21.17749 (93.9%) | final_max_PQ:1.794e+00
     50 total:22.60494 | blocks:2 | L1_step:0.42421 (1.9%) | L2_step:0.14438 (0.6%) L2_final:0.33370 (1.5%) | L3_e3:21.70265 (96.0%) | final_max_PQ:1.850e+00
🔘 Epoch 145 No Improvement (2/40) | Val conv@1=0.0000, conv@2=0.0000, conv@3=0.0000, conv@5=0.0000, residual@1=1.936935e-01, residual@2=4.596576e-02
     25 total:20.75403 | blocks:2 | L1_step:0.46952 (2.3%) | L2_step:0.14452 (0.7%) L2_final:0.30366 (1.5%) | L3_e3:19.83634 (95.6%) | final_max_PQ:1.804e+00
     50 total:31.42872 | blocks:2 | L1_step:0.55805 (1.8%) | L2_step:0.19930 (0.6%) L2_final:0.44304 (1.4%) | L3_e3:30.22832 (96.2%) | final_max_PQ:1.336e+00
🟩 Epoch 146 | Train loss = 26.7489 | Val conv@1=0.0000, conv@2=0.0000, conv@3=0.0000, conv@5=0.0000, residual@1=1.998167e-01, residual@2=4.190997e-02, residual@3=2.728769e-02, excess@2=418.0997, tail@2=2.189453e+00, score=-125.629776 | LR: 5.0000e-04
     25 total:20.92394 | blocks:3 | L1_step:0.46466 (2.2%) | L2_step:0.13338 (0.6%) L2_final:0.33325 (1.6%) | L3_e3:19.99265 (95.5%) | final_max_PQ:1.980e+00
     50 total:17.80775 | blocks:2 | L1_step:0.40604 (2.3%) | L2_step:0.17157 (1.0%) L2_final:0.35019 (2.0%) | L3_e3:16.87996 (94.8%) | final_max_PQ:1.583e+00
🔘 Epoch 147 No Improvement (1/40) | Val conv@1=0.0000, conv@2=0.0000, conv@3=0.0000, conv@5=0.0000, residual@1=1.860362e-01, residual@2=4.721023e-02
     25 total:18.40831 | blocks:2 | L1_step:0.54751 (3.0%) | L2_step:0.13151 (0.7%) L2_final:0.28955 (1.6%) | L3_e3:17.43975 (94.7%) | final_max_PQ:1.581e+00
     50 total:27.90667 | blocks:2 | L1_step:0.66398 (2.4%) | L2_step:0.17147 (0.6%) L2_final:0.37016 (1.3%) | L3_e3:26.70105 (95.7%) | final_max_PQ:1.849e+00
🔘 Epoch 148 No Improvement (2/40) | Val conv@1=0.0000, conv@2=0.0000, conv@3=0.0000, conv@5=0.0000, residual@1=1.882243e-01, residual@2=4.829517e-02
     25 total:17.11623 | blocks:2 | L1_step:0.55573 (3.2%) | L2_step:0.17851 (1.0%) L2_final:0.46745 (2.7%) | L3_e3:15.91454 (93.0%) | final_max_PQ:2.608e+00
     50 total:18.33050 | blocks:2 | L1_step:0.35984 (2.0%) | L2_step:0.15386 (0.8%) L2_final:0.33718 (1.8%) | L3_e3:17.47962 (95.4%) | final_max_PQ:1.978e+00
🔘 Epoch 149 No Improvement (3/40) | Val conv@1=0.0000, conv@2=0.0000, conv@3=0.0000, conv@5=0.0000, residual@1=1.893059e-01, residual@2=5.088625e-02
     25 total:24.06706 | blocks:2 | L1_step:0.37850 (1.6%) | L2_step:0.14307 (0.6%) L2_final:0.34771 (1.4%) | L3_e3:23.19777 (96.4%) | final_max_PQ:2.037e+00
     50 total:18.57343 | blocks:3 | L1_step:0.38540 (2.1%) | L2_step:0.09919 (0.5%) L2_final:0.22985 (1.2%) | L3_e3:17.85899 (96.2%) | final_max_PQ:1.932e+00
🔘 Epoch 150 No Improvement (4/40) | Val conv@1=0.0000, conv@2=0.0000, conv@3=0.0000, conv@5=0.0000, residual@1=1.815437e-01, residual@2=4.560248e-02
     25 total:18.10580 | blocks:2 | L1_step:0.50336 (2.8%) | L2_step:0.15428 (0.9%) L2_final:0.31813 (1.8%) | L3_e3:17.13004 (94.6%) | final_max_PQ:1.723e+00
     50 total:21.23658 | blocks:2 | L1_step:0.44386 (2.1%) | L2_step:0.14002 (0.7%) L2_final:0.33937 (1.6%) | L3_e3:20.31332 (95.7%) | final_max_PQ:1.565e+00
🔘 Epoch 151 No Improvement (5/40) | Val conv@1=0.0000, conv@2=0.0000, conv@3=0.0000, conv@5=0.0000, residual@1=1.820449e-01, residual@2=4.685005e-02
     25 total:18.70148 | blocks:3 | L1_step:0.47167 (2.5%) | L2_step:0.11462 (0.6%) L2_final:0.26758 (1.4%) | L3_e3:17.84761 (95.4%) | final_max_PQ:2.126e+00
     50 total:21.09072 | blocks:1 | L1_step:0.40449 (1.9%) | L2_step:0.30305 (1.4%) L2_final:0.61678 (2.9%) | L3_e3:19.76639 (93.7%) | final_max_PQ:4.703e+00
🟩 Epoch 152 | Train loss = 20.8643 | Val conv@1=0.0000, conv@2=0.0000, conv@3=0.0000, conv@5=0.0000, residual@1=1.764410e-01, residual@2=3.526930e-02, residual@3=1.889769e-02, excess@2=351.6930, tail@2=2.945217e+00, score=-105.713722 | LR: 5.0000e-04
     25 total:15.54379 | blocks:3 | L1_step:0.60602 (3.9%) | L2_step:0.11145 (0.7%) L2_final:0.26881 (1.7%) | L3_e3:14.55752 (93.7%) | final_max_PQ:1.768e+00
     50 total:17.30858 | blocks:2 | L1_step:0.69075 (4.0%) | L2_step:0.18128 (1.0%) L2_final:0.39946 (2.3%) | L3_e3:16.03709 (92.7%) | final_max_PQ:2.054e+00
🔘 Epoch 153 No Improvement (1/40) | Val conv@1=0.0000, conv@2=0.0000, conv@3=0.0000, conv@5=0.0000, residual@1=1.756921e-01, residual@2=4.590255e-02
     25 total:17.12129 | blocks:2 | L1_step:0.36396 (2.1%) | L2_step:0.15463 (0.9%) L2_final:0.30116 (1.8%) | L3_e3:16.30154 (95.2%) | final_max_PQ:2.463e+00
     50 total:21.60614 | blocks:2 | L1_step:0.59021 (2.7%) | L2_step:0.15822 (0.7%) L2_final:0.31122 (1.4%) | L3_e3:20.54649 (95.1%) | final_max_PQ:2.116e+00
🔘 Epoch 154 No Improvement (2/40) | Val conv@1=0.0000, conv@2=0.0000, conv@3=0.0000, conv@5=0.0000, residual@1=1.698413e-01, residual@2=4.526531e-02
     25 total:18.89903 | blocks:3 | L1_step:0.61706 (3.3%) | L2_step:0.12602 (0.7%) L2_final:0.28444 (1.5%) | L3_e3:17.87150 (94.6%) | final_max_PQ:1.777e+00
     50 total:22.80183 | blocks:3 | L1_step:0.41607 (1.8%) | L2_step:0.10524 (0.5%) L2_final:0.25155 (1.1%) | L3_e3:22.02897 (96.6%) | final_max_PQ:2.024e+00
🔘 Epoch 155 No Improvement (3/40) | Val conv@1=0.0000, conv@2=0.0000, conv@3=0.0000, conv@5=0.0000, residual@1=1.791666e-01, residual@2=4.372444e-02
     25 total:18.34974 | blocks:3 | L1_step:0.47567 (2.6%) | L2_step:0.13188 (0.7%) L2_final:0.30449 (1.7%) | L3_e3:17.43769 (95.0%) | final_max_PQ:2.748e+00
     50 total:18.54544 | blocks:2 | L1_step:0.47724 (2.6%) | L2_step:0.12981 (0.7%) L2_final:0.29355 (1.6%) | L3_e3:17.64484 (95.1%) | final_max_PQ:2.306e+00
🔘 Epoch 156 No Improvement (4/40) | Val conv@1=0.0000, conv@2=0.0000, conv@3=0.0000, conv@5=0.0000, residual@1=1.746825e-01, residual@2=4.032237e-02
     25 total:20.69096 | blocks:2 | L1_step:0.48666 (2.4%) | L2_step:0.17823 (0.9%) L2_final:0.36063 (1.7%) | L3_e3:19.66545 (95.0%) | final_max_PQ:1.720e+00
     50 total:37.45804 | blocks:3 | L1_step:0.50916 (1.4%) | L2_step:0.13089 (0.3%) L2_final:0.28835 (0.8%) | L3_e3:36.52964 (97.5%) | final_max_PQ:2.068e+00
🟩 Epoch 157 | Train loss = 25.3457 | Val conv@1=0.0000, conv@2=0.0000, conv@3=0.0000, conv@5=0.0000, residual@1=1.827789e-01, residual@2=3.325015e-02, residual@3=1.485039e-02, excess@2=331.5015, tail@2=1.886604e+00, score=-99.647362 | LR: 5.0000e-04
     25 total:23.70998 | blocks:2 | L1_step:0.76947 (3.2%) | L2_step:0.14693 (0.6%) L2_final:0.31824 (1.3%) | L3_e3:22.47534 (94.8%) | final_max_PQ:1.501e+00
     50 total:20.72035 | blocks:2 | L1_step:0.41473 (2.0%) | L2_step:0.14983 (0.7%) L2_final:0.31595 (1.5%) | L3_e3:19.83984 (95.8%) | final_max_PQ:2.299e+00
🔘 Epoch 158 No Improvement (1/40) | Val conv@1=0.0000, conv@2=0.0000, conv@3=0.0000, conv@5=0.0000, residual@1=1.700795e-01, residual@2=3.860714e-02
     25 total:23.75067 | blocks:2 | L1_step:0.40090 (1.7%) | L2_step:0.14836 (0.6%) L2_final:0.30724 (1.3%) | L3_e3:22.89417 (96.4%) | final_max_PQ:1.688e+00
     50 total:17.20597 | blocks:3 | L1_step:0.50013 (2.9%) | L2_step:0.13364 (0.8%) L2_final:0.30254 (1.8%) | L3_e3:16.26967 (94.6%) | final_max_PQ:1.919e+00
🔘 Epoch 159 No Improvement (2/40) | Val conv@1=0.0000, conv@2=0.0000, conv@3=0.0000, conv@5=0.0000, residual@1=1.775405e-01, residual@2=4.409626e-02
     25 total:18.44466 | blocks:3 | L1_step:0.61319 (3.3%) | L2_step:0.12421 (0.7%) L2_final:0.27414 (1.5%) | L3_e3:17.43312 (94.5%) | final_max_PQ:1.706e+00
     50 total:19.51752 | blocks:2 | L1_step:0.65120 (3.3%) | L2_step:0.17560 (0.9%) L2_final:0.36266 (1.9%) | L3_e3:18.32806 (93.9%) | final_max_PQ:1.642e+00
🔘 Epoch 160 No Improvement (3/40) | Val conv@1=0.0000, conv@2=0.0000, conv@3=0.0000, conv@5=0.0000, residual@1=1.627924e-01, residual@2=3.996780e-02
     25 total:16.87906 | blocks:3 | L1_step:0.61688 (3.7%) | L2_step:0.09650 (0.6%) L2_final:0.21210 (1.3%) | L3_e3:15.95358 (94.5%) | final_max_PQ:1.612e+00
     50 total:21.80829 | blocks:1 | L1_step:0.54723 (2.5%) | L2_step:0.30141 (1.4%) L2_final:0.59993 (2.8%) | L3_e3:20.35972 (93.4%) | final_max_PQ:4.727e+00
🔘 Epoch 161 No Improvement (4/40) | Val conv@1=0.0000, conv@2=0.0000, conv@3=0.0000, conv@5=0.0000, residual@1=1.704999e-01, residual@2=4.196697e-02
     25 total:17.22349 | blocks:2 | L1_step:0.40683 (2.4%) | L2_step:0.15405 (0.9%) L2_final:0.33536 (1.9%) | L3_e3:16.32726 (94.8%) | final_max_PQ:2.111e+00
     50 total:20.98577 | blocks:2 | L1_step:0.40499 (1.9%) | L2_step:0.17764 (0.8%) L2_final:0.34889 (1.7%) | L3_e3:20.05424 (95.6%) | final_max_PQ:1.538e+00
🔘 Epoch 162 No Improvement (5/40) | Val conv@1=0.0000, conv@2=0.0000, conv@3=0.0000, conv@5=0.0000, residual@1=1.607243e-01, residual@2=3.724312e-02
     25 total:20.77744 | blocks:2 | L1_step:0.46311 (2.2%) | L2_step:0.16728 (0.8%) L2_final:0.28146 (1.4%) | L3_e3:19.86560 (95.6%) | final_max_PQ:1.517e+00
     50 total:22.45584 | blocks:2 | L1_step:0.40921 (1.8%) | L2_step:0.14329 (0.6%) L2_final:0.31143 (1.4%) | L3_e3:21.59191 (96.2%) | final_max_PQ:1.878e+00
🔘 Epoch 163 No Improvement (6/40) | Val conv@1=0.0000, conv@2=0.0000, conv@3=0.0000, conv@5=0.0000, residual@1=1.598005e-01, residual@2=3.518058e-02
     25 total:19.61941 | blocks:2 | L1_step:0.46627 (2.4%) | L2_step:0.17763 (0.9%) L2_final:0.36594 (1.9%) | L3_e3:18.60957 (94.9%) | final_max_PQ:2.027e+00
     50 total:24.69289 | blocks:1 | L1_step:0.43664 (1.8%) | L2_step:0.28387 (1.1%) L2_final:0.50324 (2.0%) | L3_e3:23.46914 (95.0%) | final_max_PQ:4.755e+00
🔘 Epoch 164 No Improvement (7/40) | Val conv@1=0.0000, conv@2=0.0000, conv@3=0.0000, conv@5=0.0000, residual@1=1.623572e-01, residual@2=3.976624e-02
     25 total:17.58585 | blocks:3 | L1_step:0.44009 (2.5%) | L2_step:0.11756 (0.7%) L2_final:0.24060 (1.4%) | L3_e3:16.78761 (95.5%) | final_max_PQ:1.469e+00
     50 total:30.85650 | blocks:3 | L1_step:0.44357 (1.4%) | L2_step:0.10846 (0.4%) L2_final:0.23942 (0.8%) | L3_e3:30.06505 (97.4%) | final_max_PQ:1.693e+00
🔘 Epoch 165 No Improvement (8/40) | Val conv@1=0.0000, conv@2=0.0000, conv@3=0.0000, conv@5=0.0000, residual@1=1.557922e-01, residual@2=3.328755e-02
     25 total:23.53900 | blocks:2 | L1_step:0.55567 (2.4%) | L2_step:0.14290 (0.6%) L2_final:0.27905 (1.2%) | L3_e3:22.56138 (95.8%) | final_max_PQ:1.139e+00
     50 total:20.15771 | blocks:3 | L1_step:0.62570 (3.1%) | L2_step:0.11425 (0.6%) L2_final:0.26545 (1.3%) | L3_e3:19.15232 (95.0%) | final_max_PQ:1.965e+00
🔘 Epoch 166 No Improvement (9/40) | Val conv@1=0.0000, conv@2=0.0000, conv@3=0.0000, conv@5=0.0000, residual@1=1.525806e-01, residual@2=3.458192e-02
     25 total:19.69509 | blocks:2 | L1_step:0.46628 (2.4%) | L2_step:0.15839 (0.8%) L2_final:0.33171 (1.7%) | L3_e3:18.73871 (95.1%) | final_max_PQ:2.041e+00
     50 total:21.02993 | blocks:2 | L1_step:0.64349 (3.1%) | L2_step:0.15554 (0.7%) L2_final:0.28570 (1.4%) | L3_e3:19.94520 (94.8%) | final_max_PQ:1.774e+00
🔘 Epoch 167 No Improvement (10/40) | Val conv@1=0.0000, conv@2=0.0000, conv@3=0.0000, conv@5=0.0000, residual@1=1.582607e-01, residual@2=3.367124e-02
     25 total:17.30095 | blocks:3 | L1_step:0.45384 (2.6%) | L2_step:0.12468 (0.7%) L2_final:0.25271 (1.5%) | L3_e3:16.46973 (95.2%) | final_max_PQ:1.546e+00
     50 total:20.85704 | blocks:2 | L1_step:0.65284 (3.1%) | L2_step:0.14373 (0.7%) L2_final:0.26277 (1.3%) | L3_e3:19.79771 (94.9%) | final_max_PQ:1.520e+00
🔘 Epoch 168 No Improvement (11/40) | Val conv@1=0.0000, conv@2=0.0000, conv@3=0.0000, conv@5=0.0000, residual@1=1.514529e-01, residual@2=3.491092e-02
     25 total:17.17142 | blocks:3 | L1_step:0.38129 (2.2%) | L2_step:0.09504 (0.6%) L2_final:0.18776 (1.1%) | L3_e3:16.50733 (96.1%) | final_max_PQ:1.427e+00
     50 total:26.61460 | blocks:3 | L1_step:0.50567 (1.9%) | L2_step:0.11806 (0.4%) L2_final:0.26906 (1.0%) | L3_e3:25.72181 (96.6%) | final_max_PQ:1.802e+00
🟩 Epoch 169 | Train loss = 22.1449 | Val conv@1=0.0000, conv@2=0.0000, conv@3=0.0000, conv@5=0.0000, residual@1=1.597594e-01, residual@2=2.539056e-02, residual@3=1.059255e-02, excess@2=252.9056, tail@2=2.018208e+00, score=-76.069935 | LR: 5.0000e-04
     25 total:22.16599 | blocks:2 | L1_step:0.69741 (3.1%) | L2_step:0.19170 (0.9%) L2_final:0.40459 (1.8%) | L3_e3:20.87228 (94.2%) | final_max_PQ:1.368e+00
     50 total:16.63222 | blocks:3 | L1_step:0.52254 (3.1%) | L2_step:0.10988 (0.7%) L2_final:0.24275 (1.5%) | L3_e3:15.75705 (94.7%) | final_max_PQ:1.573e+00
🔘 Epoch 170 No Improvement (1/40) | Val conv@1=0.0000, conv@2=0.0000, conv@3=0.0000, conv@5=0.0000, residual@1=1.484708e-01, residual@2=3.426906e-02
     25 total:19.38034 | blocks:2 | L1_step:0.44422 (2.3%) | L2_step:0.16060 (0.8%) L2_final:0.30053 (1.6%) | L3_e3:18.47499 (95.3%) | final_max_PQ:1.496e+00
     50 total:14.15568 | blocks:3 | L1_step:0.38170 (2.7%) | L2_step:0.12637 (0.9%) L2_final:0.27192 (1.9%) | L3_e3:13.37569 (94.5%) | final_max_PQ:1.608e+00
🔘 Epoch 171 No Improvement (2/40) | Val conv@1=0.0000, conv@2=0.0000, conv@3=0.0000, conv@5=0.0000, residual@1=1.456884e-01, residual@2=3.145172e-02
     25 total:20.00281 | blocks:3 | L1_step:0.69642 (3.5%) | L2_step:0.12369 (0.6%) L2_final:0.24691 (1.2%) | L3_e3:18.93579 (94.7%) | final_max_PQ:2.120e+00
     50 total:21.50389 | blocks:2 | L1_step:0.71567 (3.3%) | L2_step:0.18136 (0.8%) L2_final:0.36791 (1.7%) | L3_e3:20.23895 (94.1%) | final_max_PQ:1.793e+00
🔘 Epoch 172 No Improvement (3/40) | Val conv@1=0.0000, conv@2=0.0000, conv@3=0.0000, conv@5=0.0000, residual@1=1.470083e-01, residual@2=3.567126e-02
     25 total:16.69875 | blocks:3 | L1_step:0.43944 (2.6%) | L2_step:0.09854 (0.6%) L2_final:0.22469 (1.3%) | L3_e3:15.93608 (95.4%) | final_max_PQ:1.932e+00
     50 total:20.84890 | blocks:2 | L1_step:0.62621 (3.0%) | L2_step:0.13823 (0.7%) L2_final:0.25950 (1.2%) | L3_e3:19.82497 (95.1%) | final_max_PQ:1.655e+00
🔘 Epoch 173 No Improvement (4/40) | Val conv@1=0.0000, conv@2=0.0000, conv@3=0.0000, conv@5=0.0000, residual@1=1.424580e-01, residual@2=3.155040e-02
     25 total:18.12240 | blocks:2 | L1_step:0.58900 (3.3%) | L2_step:0.14536 (0.8%) L2_final:0.28565 (1.6%) | L3_e3:17.10239 (94.4%) | final_max_PQ:1.769e+00
     50 total:18.82036 | blocks:3 | L1_step:0.48233 (2.6%) | L2_step:0.12104 (0.6%) L2_final:0.25625 (1.4%) | L3_e3:17.96075 (95.4%) | final_max_PQ:1.535e+00
🔘 Epoch 174 No Improvement (5/40) | Val conv@1=0.0000, conv@2=0.0000, conv@3=0.0000, conv@5=0.0000, residual@1=1.472648e-01, residual@2=3.391067e-02
     25 total:19.08964 | blocks:3 | L1_step:0.67237 (3.5%) | L2_step:0.10874 (0.6%) L2_final:0.20895 (1.1%) | L3_e3:18.09958 (94.8%) | final_max_PQ:1.938e+00
     50 total:16.96604 | blocks:3 | L1_step:0.56329 (3.3%) | L2_step:0.09383 (0.6%) L2_final:0.17987 (1.1%) | L3_e3:16.12904 (95.1%) | final_max_PQ:1.815e+00
🔘 Epoch 175 No Improvement (6/40) | Val conv@1=0.0000, conv@2=0.0000, conv@3=0.0000, conv@5=0.0000, residual@1=1.529334e-01, residual@2=4.059680e-02
     25 total:18.29460 | blocks:2 | L1_step:0.50988 (2.8%) | L2_step:0.14027 (0.8%) L2_final:0.26521 (1.4%) | L3_e3:17.37925 (95.0%) | final_max_PQ:1.801e+00
     50 total:20.37204 | blocks:2 | L1_step:0.38456 (1.9%) | L2_step:0.16301 (0.8%) L2_final:0.30457 (1.5%) | L3_e3:19.51991 (95.8%) | final_max_PQ:2.432e+00
🔘 Epoch 176 No Improvement (7/40) | Val conv@1=0.0000, conv@2=0.0000, conv@3=0.0000, conv@5=0.0000, residual@1=1.374526e-01, residual@2=3.312879e-02
     25 total:34.26118 | blocks:2 | L1_step:0.57873 (1.7%) | L2_step:0.14349 (0.4%) L2_final:0.28081 (0.8%) | L3_e3:33.25816 (97.1%) | final_max_PQ:1.647e+00
     50 total:21.75244 | blocks:2 | L1_step:0.50861 (2.3%) | L2_step:0.15064 (0.7%) L2_final:0.27563 (1.3%) | L3_e3:20.81756 (95.7%) | final_max_PQ:1.418e+00
🔘 Epoch 177 No Improvement (8/40) | Val conv@1=0.0000, conv@2=0.0000, conv@3=0.0000, conv@5=0.0000, residual@1=1.481715e-01, residual@2=3.197167e-02
     25 total:20.49941 | blocks:2 | L1_step:0.57667 (2.8%) | L2_step:0.14956 (0.7%) L2_final:0.27088 (1.3%) | L3_e3:19.50230 (95.1%) | final_max_PQ:1.848e+00
     50 total:18.09736 | blocks:3 | L1_step:0.41696 (2.3%) | L2_step:0.10340 (0.6%) L2_final:0.21357 (1.2%) | L3_e3:17.36344 (95.9%) | final_max_PQ:2.105e+00
🔘 Epoch 178 No Improvement (9/40) | Val conv@1=0.0000, conv@2=0.0000, conv@3=0.0000, conv@5=0.0000, residual@1=1.399253e-01, residual@2=3.414168e-02
     25 total:16.97154 | blocks:2 | L1_step:0.54056 (3.2%) | L2_step:0.16653 (1.0%) L2_final:0.31739 (1.9%) | L3_e3:15.94706 (94.0%) | final_max_PQ:2.128e+00
     50 total:21.94047 | blocks:1 | L1_step:0.23152 (1.1%) | L2_step:0.26293 (1.2%) L2_final:0.43823 (2.0%) | L3_e3:21.00779 (95.7%) | final_max_PQ:4.763e+00
🔘 Epoch 179 No Improvement (10/40) | Val conv@1=0.0000, conv@2=0.0000, conv@3=0.0000, conv@5=0.0000, residual@1=1.353353e-01, residual@2=2.970804e-02
     25 total:19.07106 | blocks:2 | L1_step:0.42784 (2.2%) | L2_step:0.18590 (1.0%) L2_final:0.38547 (2.0%) | L3_e3:18.07185 (94.8%) | final_max_PQ:2.181e+00
     50 total:15.82314 | blocks:3 | L1_step:0.35911 (2.3%) | L2_step:0.10688 (0.7%) L2_final:0.20028 (1.3%) | L3_e3:15.15687 (95.8%) | final_max_PQ:1.556e+00
🔘 Epoch 180 No Improvement (11/40) | Val conv@1=0.0000, conv@2=0.0000, conv@3=0.0000, conv@5=0.0000, residual@1=1.412825e-01, residual@2=2.932937e-02
     25 total:18.87797 | blocks:3 | L1_step:0.61759 (3.3%) | L2_step:0.10014 (0.5%) L2_final:0.19895 (1.1%) | L3_e3:17.96130 (95.1%) | final_max_PQ:1.488e+00
     50 total:19.53440 | blocks:2 | L1_step:0.65917 (3.4%) | L2_step:0.15770 (0.8%) L2_final:0.29969 (1.5%) | L3_e3:18.41784 (94.3%) | final_max_PQ:2.061e+00
🔘 Epoch 181 No Improvement (12/40) | Val conv@1=0.0000, conv@2=0.0000, conv@3=0.0000, conv@5=0.0000, residual@1=1.331474e-01, residual@2=3.093989e-02
     25 total:19.99672 | blocks:2 | L1_step:0.62862 (3.1%) | L2_step:0.16261 (0.8%) L2_final:0.28487 (1.4%) | L3_e3:18.92062 (94.6%) | final_max_PQ:2.268e+00
     50 total:19.65582 | blocks:3 | L1_step:0.63022 (3.2%) | L2_step:0.11471 (0.6%) L2_final:0.23807 (1.2%) | L3_e3:18.67282 (95.0%) | final_max_PQ:1.976e+00
🔘 Epoch 182 No Improvement (13/40) | Val conv@1=0.0000, conv@2=0.0000, conv@3=0.0000, conv@5=0.0000, residual@1=1.349874e-01, residual@2=3.388884e-02
     25 total:24.95178 | blocks:2 | L1_step:0.35652 (1.4%) | L2_step:0.16146 (0.6%) L2_final:0.30970 (1.2%) | L3_e3:24.12410 (96.7%) | final_max_PQ:2.849e+00
     50 total:18.36728 | blocks:2 | L1_step:0.59903 (3.3%) | L2_step:0.14088 (0.8%) L2_final:0.26586 (1.4%) | L3_e3:17.36152 (94.5%) | final_max_PQ:1.858e+00
🔘 Epoch 183 No Improvement (14/40) | Val conv@1=0.0000, conv@2=0.0000, conv@3=0.0000, conv@5=0.0000, residual@1=1.332839e-01, residual@2=3.205343e-02
     25 total:23.24880 | blocks:2 | L1_step:0.63289 (2.7%) | L2_step:0.13072 (0.6%) L2_final:0.24916 (1.1%) | L3_e3:22.23603 (95.6%) | final_max_PQ:1.947e+00
     50 total:18.04341 | blocks:3 | L1_step:0.35636 (2.0%) | L2_step:0.09836 (0.5%) L2_final:0.18366 (1.0%) | L3_e3:17.40503 (96.5%) | final_max_PQ:1.633e+00
🔘 Epoch 184 No Improvement (15/40) | Val conv@1=0.0000, conv@2=0.0000, conv@3=0.0000, conv@5=0.0000, residual@1=1.289281e-01, residual@2=2.823364e-02
     25 total:20.72400 | blocks:2 | L1_step:0.52288 (2.5%) | L2_step:0.16405 (0.8%) L2_final:0.30690 (1.5%) | L3_e3:19.73017 (95.2%) | final_max_PQ:2.017e+00
     50 total:18.79255 | blocks:2 | L1_step:0.39604 (2.1%) | L2_step:0.10826 (0.6%) L2_final:0.19207 (1.0%) | L3_e3:18.09618 (96.3%) | final_max_PQ:1.684e+00
🔘 Epoch 185 No Improvement (16/40) | Val conv@1=0.0000, conv@2=0.0000, conv@3=0.0000, conv@5=0.0000, residual@1=1.333421e-01, residual@2=2.891855e-02
     25 total:17.45210 | blocks:3 | L1_step:0.74702 (4.3%) | L2_step:0.07878 (0.5%) L2_final:0.13916 (0.8%) | L3_e3:16.48714 (94.5%) | final_max_PQ:1.250e+00
     50 total:25.89694 | blocks:2 | L1_step:0.54172 (2.1%) | L2_step:0.13559 (0.5%) L2_final:0.24116 (0.9%) | L3_e3:24.97848 (96.5%) | final_max_PQ:1.268e+00
🔘 Epoch 186 No Improvement (17/40) | Val conv@1=0.0000, conv@2=0.0000, conv@3=0.0000, conv@5=0.0000, residual@1=1.296538e-01, residual@2=2.556182e-02
     25 total:17.27651 | blocks:2 | L1_step:0.40079 (2.3%) | L2_step:0.14610 (0.8%) L2_final:0.26980 (1.6%) | L3_e3:16.45982 (95.3%) | final_max_PQ:1.792e+00
     50 total:22.48576 | blocks:1 | L1_step:0.36813 (1.6%) | L2_step:0.25776 (1.1%) L2_final:0.42101 (1.9%) | L3_e3:21.43886 (95.3%) | final_max_PQ:7.402e+00
🟩 Epoch 187 | Train loss = 21.6787 | Val conv@1=0.0000, conv@2=0.0000, conv@3=0.0000, conv@5=0.0000, residual@1=1.415720e-01, residual@2=2.350332e-02, residual@3=1.221280e-02, excess@2=234.0332, tail@2=1.255982e+00, score=-70.398717 | LR: 5.0000e-04
     25 total:18.35201 | blocks:2 | L1_step:0.50564 (2.8%) | L2_step:0.14017 (0.8%) L2_final:0.30968 (1.7%) | L3_e3:17.39652 (94.8%) | final_max_PQ:1.368e+00
     50 total:22.26864 | blocks:2 | L1_step:0.41971 (1.9%) | L2_step:0.14077 (0.6%) L2_final:0.29190 (1.3%) | L3_e3:21.41627 (96.2%) | final_max_PQ:1.735e+00
🔘 Epoch 188 No Improvement (1/40) | Val conv@1=0.0000, conv@2=0.0000, conv@3=0.0000, conv@5=0.0000, residual@1=1.408467e-01, residual@2=2.959646e-02
     25 total:19.50415 | blocks:3 | L1_step:0.46235 (2.4%) | L2_step:0.13676 (0.7%) L2_final:0.26766 (1.4%) | L3_e3:18.63737 (95.6%) | final_max_PQ:1.807e+00
     50 total:24.85429 | blocks:1 | L1_step:0.21991 (0.9%) | L2_step:0.23512 (0.9%) L2_final:0.38619 (1.6%) | L3_e3:24.01307 (96.6%) | final_max_PQ:4.200e+00
🔘 Epoch 189 No Improvement (2/40) | Val conv@1=0.0000, conv@2=0.0000, conv@3=0.0000, conv@5=0.0000, residual@1=1.275774e-01, residual@2=2.799626e-02
     25 total:23.20119 | blocks:2 | L1_step:0.65139 (2.8%) | L2_step:0.13604 (0.6%) L2_final:0.22119 (1.0%) | L3_e3:22.19256 (95.7%) | final_max_PQ:1.521e+00
     50 total:22.42023 | blocks:3 | L1_step:0.44655 (2.0%) | L2_step:0.10684 (0.5%) L2_final:0.23928 (1.1%) | L3_e3:21.62757 (96.5%) | final_max_PQ:1.956e+00
🔘 Epoch 190 No Improvement (3/40) | Val conv@1=0.0000, conv@2=0.0000, conv@3=0.0000, conv@5=0.0000, residual@1=1.294200e-01, residual@2=3.053215e-02
     25 total:17.00027 | blocks:2 | L1_step:0.59381 (3.5%) | L2_step:0.14483 (0.9%) L2_final:0.23757 (1.4%) | L3_e3:16.02407 (94.3%) | final_max_PQ:1.791e+00
     50 total:16.53948 | blocks:2 | L1_step:0.34646 (2.1%) | L2_step:0.13302 (0.8%) L2_final:0.25580 (1.5%) | L3_e3:15.80421 (95.6%) | final_max_PQ:1.802e+00
🔘 Epoch 191 No Improvement (4/40) | Val conv@1=0.0000, conv@2=0.0000, conv@3=0.0000, conv@5=0.0000, residual@1=1.197307e-01, residual@2=2.610147e-02
     25 total:17.88239 | blocks:2 | L1_step:0.47629 (2.7%) | L2_step:0.12309 (0.7%) L2_final:0.20803 (1.2%) | L3_e3:17.07499 (95.5%) | final_max_PQ:1.254e+00
     50 total:19.34996 | blocks:2 | L1_step:0.57451 (3.0%) | L2_step:0.12409 (0.6%) L2_final:0.21832 (1.1%) | L3_e3:18.43305 (95.3%) | final_max_PQ:1.649e+00
🔘 Epoch 192 No Improvement (5/40) | Val conv@1=0.0000, conv@2=0.0000, conv@3=0.0000, conv@5=0.0000, residual@1=1.277043e-01, residual@2=2.856020e-02
     25 total:15.09985 | blocks:3 | L1_step:0.39063 (2.6%) | L2_step:0.07913 (0.5%) L2_final:0.14781 (1.0%) | L3_e3:14.48228 (95.9%) | final_max_PQ:1.774e+00
     50 total:19.39715 | blocks:3 | L1_step:0.34962 (1.8%) | L2_step:0.10460 (0.5%) L2_final:0.19919 (1.0%) | L3_e3:18.74374 (96.6%) | final_max_PQ:1.921e+00
🟩 Epoch 193 | Train loss = 18.7306 | Val conv@1=0.0000, conv@2=0.0000, conv@3=0.0000, conv@5=0.0000, residual@1=1.210629e-01, residual@2=2.166985e-02, residual@3=1.134893e-02, excess@2=215.6986, tail@2=2.138458e+00, score=-64.908974 | LR: 5.0000e-04
     25 total:15.39658 | blocks:3 | L1_step:0.39013 (2.5%) | L2_step:0.11586 (0.8%) L2_final:0.18256 (1.2%) | L3_e3:14.70802 (95.5%) | final_max_PQ:1.587e+00
     50 total:20.81116 | blocks:2 | L1_step:0.38960 (1.9%) | L2_step:0.13000 (0.6%) L2_final:0.21377 (1.0%) | L3_e3:20.07779 (96.5%) | final_max_PQ:1.361e+00
🔘 Epoch 194 No Improvement (1/40) | Val conv@1=0.0000, conv@2=0.0000, conv@3=0.0000, conv@5=0.0000, residual@1=1.198447e-01, residual@2=2.248614e-02
     25 total:16.58382 | blocks:2 | L1_step:0.43808 (2.6%) | L2_step:0.11918 (0.7%) L2_final:0.20607 (1.2%) | L3_e3:15.82049 (95.4%) | final_max_PQ:1.756e+00
     50 total:17.02155 | blocks:2 | L1_step:0.60466 (3.6%) | L2_step:0.14389 (0.8%) L2_final:0.24118 (1.4%) | L3_e3:16.03183 (94.2%) | final_max_PQ:1.816e+00
🔘 Epoch 195 No Improvement (2/40) | Val conv@1=0.0000, conv@2=0.0000, conv@3=0.0000, conv@5=0.0000, residual@1=1.189986e-01, residual@2=2.849469e-02
     25 total:22.10145 | blocks:1 | L1_step:0.31135 (1.4%) | L2_step:0.37200 (1.7%) L2_final:0.62699 (2.8%) | L3_e3:20.79111 (94.1%) | final_max_PQ:4.165e+00
     50 total:18.33529 | blocks:3 | L1_step:0.44644 (2.4%) | L2_step:0.10538 (0.6%) L2_final:0.16985 (0.9%) | L3_e3:17.61362 (96.1%) | final_max_PQ:1.544e+00
🔘 Epoch 196 No Improvement (3/40) | Val conv@1=0.0000, conv@2=0.0000, conv@3=0.0000, conv@5=0.0000, residual@1=1.172475e-01, residual@2=2.195406e-02
     25 total:20.76476 | blocks:2 | L1_step:0.41893 (2.0%) | L2_step:0.14159 (0.7%) L2_final:0.26419 (1.3%) | L3_e3:19.94006 (96.0%) | final_max_PQ:2.140e+00
     50 total:16.46599 | blocks:2 | L1_step:0.42973 (2.6%) | L2_step:0.14857 (0.9%) L2_final:0.23399 (1.4%) | L3_e3:15.65370 (95.1%) | final_max_PQ:2.021e+00
🔘 Epoch 197 No Improvement (4/40) | Val conv@1=0.0000, conv@2=0.0000, conv@3=0.0000, conv@5=0.0000, residual@1=1.140520e-01, residual@2=2.786994e-02
     25 total:30.16221 | blocks:3 | L1_step:0.68578 (2.3%) | L2_step:0.08864 (0.3%) L2_final:0.15551 (0.5%) | L3_e3:29.23227 (96.9%) | final_max_PQ:1.670e+00
     50 total:19.84138 | blocks:2 | L1_step:0.60478 (3.0%) | L2_step:0.14914 (0.8%) L2_final:0.25395 (1.3%) | L3_e3:18.83351 (94.9%) | final_max_PQ:1.909e+00
🔘 Epoch 198 No Improvement (5/40) | Val conv@1=0.0000, conv@2=0.0000, conv@3=0.0000, conv@5=0.0000, residual@1=1.152558e-01, residual@2=2.255951e-02
     25 total:20.29816 | blocks:2 | L1_step:0.65338 (3.2%) | L2_step:0.11731 (0.6%) L2_final:0.23066 (1.1%) | L3_e3:19.29680 (95.1%) | final_max_PQ:2.829e+00
     50 total:19.85557 | blocks:2 | L1_step:0.35126 (1.8%) | L2_step:0.14198 (0.7%) L2_final:0.25376 (1.3%) | L3_e3:19.10857 (96.2%) | final_max_PQ:1.866e+00
🔘 Epoch 199 No Improvement (6/40) | Val conv@1=0.0000, conv@2=0.0000, conv@3=0.0000, conv@5=0.0000, residual@1=1.204312e-01, residual@2=2.524675e-02
     25 total:18.42574 | blocks:2 | L1_step:0.68815 (3.7%) | L2_step:0.13326 (0.7%) L2_final:0.21475 (1.2%) | L3_e3:17.38958 (94.4%) | final_max_PQ:1.762e+00
     50 total:19.14532 | blocks:3 | L1_step:0.57889 (3.0%) | L2_step:0.10164 (0.5%) L2_final:0.17384 (0.9%) | L3_e3:18.29095 (95.5%) | final_max_PQ:1.447e+00
🔘 Epoch 200 No Improvement (7/40) | Val conv@1=0.0000, conv@2=0.0000, conv@3=0.0000, conv@5=0.0000, residual@1=1.145029e-01, residual@2=2.534235e-02
     25 total:18.54880 | blocks:2 | L1_step:0.36219 (2.0%) | L2_step:0.12658 (0.7%) L2_final:0.19703 (1.1%) | L3_e3:17.86299 (96.3%) | final_max_PQ:2.320e+00
     50 total:18.67686 | blocks:3 | L1_step:0.58504 (3.1%) | L2_step:0.09425 (0.5%) L2_final:0.16548 (0.9%) | L3_e3:17.83209 (95.5%) | final_max_PQ:1.525e+00
🔘 Epoch 201 No Improvement (8/40) | Val conv@1=0.0000, conv@2=0.0000, conv@3=0.0000, conv@5=0.0000, residual@1=1.260835e-01, residual@2=3.017827e-02
     25 total:21.56177 | blocks:2 | L1_step:0.60621 (2.8%) | L2_step:0.12520 (0.6%) L2_final:0.19859 (0.9%) | L3_e3:20.63177 (95.7%) | final_max_PQ:1.413e+00
     50 total:23.47651 | blocks:2 | L1_step:0.44451 (1.9%) | L2_step:0.12203 (0.5%) L2_final:0.24029 (1.0%) | L3_e3:22.66968 (96.6%) | final_max_PQ:2.043e+00
🔘 Epoch 202 No Improvement (9/40) | Val conv@1=0.0000, conv@2=0.0000, conv@3=0.0000, conv@5=0.0000, residual@1=1.183977e-01, residual@2=2.235348e-02
     25 total:16.90530 | blocks:2 | L1_step:0.37244 (2.2%) | L2_step:0.12974 (0.8%) L2_final:0.22787 (1.3%) | L3_e3:16.17526 (95.7%) | final_max_PQ:5.154e-01
     50 total:21.50528 | blocks:3 | L1_step:0.70526 (3.3%) | L2_step:0.09612 (0.4%) L2_final:0.17781 (0.8%) | L3_e3:20.52609 (95.4%) | final_max_PQ:1.839e+00
🔘 Epoch 203 No Improvement (10/40) | Val conv@1=0.0000, conv@2=0.0000, conv@3=0.0000, conv@5=0.0000, residual@1=1.157341e-01, residual@2=2.193244e-02
     25 total:20.84027 | blocks:3 | L1_step:0.53887 (2.6%) | L2_step:0.09056 (0.4%) L2_final:0.17123 (0.8%) | L3_e3:20.03961 (96.2%) | final_max_PQ:1.519e+00
     50 total:14.81631 | blocks:3 | L1_step:0.47321 (3.2%) | L2_step:0.11895 (0.8%) L2_final:0.19574 (1.3%) | L3_e3:14.02840 (94.7%) | final_max_PQ:1.415e+00
🔘 Epoch 204 No Improvement (11/40) | Val conv@1=0.0000, conv@2=0.0000, conv@3=0.0000, conv@5=0.0000, residual@1=1.135165e-01, residual@2=2.356114e-02
     25 total:24.26148 | blocks:2 | L1_step:0.63434 (2.6%) | L2_step:0.13603 (0.6%) L2_final:0.23081 (1.0%) | L3_e3:23.26031 (95.9%) | final_max_PQ:1.553e+00
     50 total:15.50971 | blocks:2 | L1_step:0.34171 (2.2%) | L2_step:0.11220 (0.7%) L2_final:0.18164 (1.2%) | L3_e3:14.87416 (95.9%) | final_max_PQ:1.500e+00
🔘 Epoch 205 No Improvement (12/40) | Val conv@1=0.0000, conv@2=0.0000, conv@3=0.0000, conv@5=0.0000, residual@1=1.155179e-01, residual@2=2.235265e-02
     25 total:16.82119 | blocks:2 | L1_step:0.42081 (2.5%) | L2_step:0.13685 (0.8%) L2_final:0.23408 (1.4%) | L3_e3:16.02944 (95.3%) | final_max_PQ:1.927e+00
     50 total:18.44060 | blocks:3 | L1_step:0.50356 (2.7%) | L2_step:0.08988 (0.5%) L2_final:0.16298 (0.9%) | L3_e3:17.68418 (95.9%) | final_max_PQ:1.503e+00
🔘 Epoch 206 No Improvement (13/40) | Val conv@1=0.0000, conv@2=0.0000, conv@3=0.0000, conv@5=0.0000, residual@1=1.159681e-01, residual@2=2.861117e-02
     25 total:17.06768 | blocks:2 | L1_step:0.62588 (3.7%) | L2_step:0.12371 (0.7%) L2_final:0.20091 (1.2%) | L3_e3:16.11717 (94.4%) | final_max_PQ:2.199e+00
     50 total:16.49366 | blocks:2 | L1_step:0.43239 (2.6%) | L2_step:0.11545 (0.7%) L2_final:0.19804 (1.2%) | L3_e3:15.74778 (95.5%) | final_max_PQ:1.830e+00
🟩 Epoch 207 | Train loss = 17.6782 | Val conv@1=0.0000, conv@2=0.0000, conv@3=0.0000, conv@5=0.0000, residual@1=1.045614e-01, residual@2=1.983947e-02, residual@3=9.851205e-03, excess@2=197.3947, tail@2=1.883133e+00, score=-59.415274 | LR: 5.0000e-04
     25 total:21.01463 | blocks:3 | L1_step:0.37774 (1.8%) | L2_step:0.08715 (0.4%) L2_final:0.13923 (0.7%) | L3_e3:20.41050 (97.1%) | final_max_PQ:6.966e-01
     50 total:18.22174 | blocks:3 | L1_step:0.37232 (2.0%) | L2_step:0.09511 (0.5%) L2_final:0.18296 (1.0%) | L3_e3:17.57134 (96.4%) | final_max_PQ:2.227e+00
🔘 Epoch 208 No Improvement (1/40) | Val conv@1=0.0000, conv@2=0.0000, conv@3=0.0000, conv@5=0.0000, residual@1=1.129657e-01, residual@2=2.523244e-02
     25 total:16.24757 | blocks:3 | L1_step:0.36267 (2.2%) | L2_step:0.10309 (0.6%) L2_final:0.19122 (1.2%) | L3_e3:15.59058 (96.0%) | final_max_PQ:1.357e+00
     50 total:15.03131 | blocks:3 | L1_step:0.36633 (2.4%) | L2_step:0.07607 (0.5%) L2_final:0.11443 (0.8%) | L3_e3:14.47448 (96.3%) | final_max_PQ:6.317e-01
🔘 Epoch 209 No Improvement (2/40) | Val conv@1=0.0000, conv@2=0.0000, conv@3=0.0000, conv@5=0.0000, residual@1=1.085167e-01, residual@2=2.570516e-02
     25 total:19.67521 | blocks:2 | L1_step:0.34246 (1.7%) | L2_step:0.10660 (0.5%) L2_final:0.19185 (1.0%) | L3_e3:19.03430 (96.7%) | final_max_PQ:2.485e+00
     50 total:19.58580 | blocks:3 | L1_step:0.69188 (3.5%) | L2_step:0.10040 (0.5%) L2_final:0.17582 (0.9%) | L3_e3:18.61770 (95.1%) | final_max_PQ:1.549e+00
🔘 Epoch 210 No Improvement (3/40) | Val conv@1=0.0000, conv@2=0.0000, conv@3=0.0000, conv@5=0.0000, residual@1=1.108910e-01, residual@2=2.081600e-02
     25 total:15.37214 | blocks:3 | L1_step:0.58953 (3.8%) | L2_step:0.09195 (0.6%) L2_final:0.16006 (1.0%) | L3_e3:14.53060 (94.5%) | final_max_PQ:9.519e-01
     50 total:30.83111 | blocks:2 | L1_step:0.55491 (1.8%) | L2_step:0.13675 (0.4%) L2_final:0.21505 (0.7%) | L3_e3:29.92441 (97.1%) | final_max_PQ:1.100e+00
🔘 Epoch 211 No Improvement (4/40) | Val conv@1=0.0000, conv@2=0.0000, conv@3=0.0000, conv@5=0.0000, residual@1=1.129966e-01, residual@2=2.237503e-02
     25 total:19.50682 | blocks:2 | L1_step:0.62924 (3.2%) | L2_step:0.10318 (0.5%) L2_final:0.17206 (0.9%) | L3_e3:18.60234 (95.4%) | final_max_PQ:1.866e+00
     50 total:17.19627 | blocks:2 | L1_step:0.33746 (2.0%) | L2_step:0.13544 (0.8%) L2_final:0.22025 (1.3%) | L3_e3:16.50312 (96.0%) | final_max_PQ:1.667e+00
🔘 Epoch 212 No Improvement (5/40) | Val conv@1=0.0000, conv@2=0.0000, conv@3=0.0000, conv@5=0.0000, residual@1=1.042847e-01, residual@2=2.539525e-02
     25 total:19.90304 | blocks:3 | L1_step:0.64395 (3.2%) | L2_step:0.07890 (0.4%) L2_final:0.12712 (0.6%) | L3_e3:19.05307 (95.7%) | final_max_PQ:1.660e+00
     50 total:15.99532 | blocks:2 | L1_step:0.34907 (2.2%) | L2_step:0.13147 (0.8%) L2_final:0.19376 (1.2%) | L3_e3:15.32101 (95.8%) | final_max_PQ:1.727e+00
🔘 Epoch 213 No Improvement (6/40) | Val conv@1=0.0000, conv@2=0.0000, conv@3=0.0000, conv@5=0.0000, residual@1=1.024454e-01, residual@2=2.380236e-02
     25 total:21.83823 | blocks:2 | L1_step:0.49555 (2.3%) | L2_step:0.12762 (0.6%) L2_final:0.18861 (0.9%) | L3_e3:21.02645 (96.3%) | final_max_PQ:9.049e-01
     50 total:21.20172 | blocks:2 | L1_step:0.34561 (1.6%) | L2_step:0.13491 (0.6%) L2_final:0.20219 (1.0%) | L3_e3:20.51901 (96.8%) | final_max_PQ:1.967e+00
🟩 Epoch 214 | Train loss = 20.1242 | Val conv@1=0.0000, conv@2=0.0000, conv@3=0.0000, conv@5=0.0000, residual@1=1.018876e-01, residual@2=1.856316e-02, residual@3=9.673347e-03, excess@2=184.6316, tail@2=1.596630e+00, score=-55.583048 | LR: 5.0000e-04
     25 total:22.33032 | blocks:3 | L1_step:0.63301 (2.8%) | L2_step:0.08632 (0.4%) L2_final:0.11970 (0.5%) | L3_e3:21.49130 (96.2%) | final_max_PQ:1.435e-01
     50 total:26.80292 | blocks:2 | L1_step:0.58350 (2.2%) | L2_step:0.10790 (0.4%) L2_final:0.19568 (0.7%) | L3_e3:25.91584 (96.7%) | final_max_PQ:1.606e+00
🔘 Epoch 215 No Improvement (1/40) | Val conv@1=0.0000, conv@2=0.0000, conv@3=0.0000, conv@5=0.0000, residual@1=1.133165e-01, residual@2=2.664140e-02
     25 total:19.96656 | blocks:2 | L1_step:0.55466 (2.8%) | L2_step:0.11377 (0.6%) L2_final:0.17883 (0.9%) | L3_e3:19.11930 (95.8%) | final_max_PQ:1.623e+00
     50 total:16.51179 | blocks:3 | L1_step:0.67987 (4.1%) | L2_step:0.09545 (0.6%) L2_final:0.15435 (0.9%) | L3_e3:15.58211 (94.4%) | final_max_PQ:1.444e+00
🔘 Epoch 216 No Improvement (2/40) | Val conv@1=0.0000, conv@2=0.0000, conv@3=0.0000, conv@5=0.0000, residual@1=1.222002e-01, residual@2=2.108809e-02
     25 total:29.04989 | blocks:2 | L1_step:0.52564 (1.8%) | L2_step:0.12134 (0.4%) L2_final:0.18403 (0.6%) | L3_e3:28.21888 (97.1%) | final_max_PQ:1.088e+00
     50 total:28.47353 | blocks:2 | L1_step:0.65899 (2.3%) | L2_step:0.10022 (0.4%) L2_final:0.16819 (0.6%) | L3_e3:27.54613 (96.7%) | final_max_PQ:9.747e-01
🔘 Epoch 217 No Improvement (3/40) | Val conv@1=0.0000, conv@2=0.0000, conv@3=0.0000, conv@5=0.0000, residual@1=1.124805e-01, residual@2=2.387531e-02
     25 total:18.38465 | blocks:2 | L1_step:0.40358 (2.2%) | L2_step:0.11333 (0.6%) L2_final:0.19058 (1.0%) | L3_e3:17.67715 (96.2%) | final_max_PQ:1.273e+00
     50 total:18.37761 | blocks:2 | L1_step:0.59995 (3.3%) | L2_step:0.12933 (0.7%) L2_final:0.22105 (1.2%) | L3_e3:17.42728 (94.8%) | final_max_PQ:1.305e+00
🔘 Epoch 218 No Improvement (4/40) | Val conv@1=0.0000, conv@2=0.0000, conv@3=0.0000, conv@5=0.0000, residual@1=1.115885e-01, residual@2=1.929286e-02
     25 total:19.75232 | blocks:2 | L1_step:0.33017 (1.7%) | L2_step:0.10809 (0.5%) L2_final:0.18354 (0.9%) | L3_e3:19.13052 (96.9%) | final_max_PQ:1.759e+00
     50 total:16.14166 | blocks:2 | L1_step:0.42138 (2.6%) | L2_step:0.13758 (0.9%) L2_final:0.22791 (1.4%) | L3_e3:15.35478 (95.1%) | final_max_PQ:1.506e+00
🔘 Epoch 219 No Improvement (5/40) | Val conv@1=0.0000, conv@2=0.0000, conv@3=0.0000, conv@5=0.0000, residual@1=1.026731e-01, residual@2=1.988416e-02
     25 total:16.48576 | blocks:2 | L1_step:0.42500 (2.6%) | L2_step:0.08772 (0.5%) L2_final:0.14771 (0.9%) | L3_e3:15.82533 (96.0%) | final_max_PQ:1.283e+00
     50 total:19.14517 | blocks:2 | L1_step:0.76308 (4.0%) | L2_step:0.12825 (0.7%) L2_final:0.20164 (1.1%) | L3_e3:18.05221 (94.3%) | final_max_PQ:1.290e+00
🔘 Epoch 220 No Improvement (6/40) | Val conv@1=0.0000, conv@2=0.0000, conv@3=0.0000, conv@5=0.0000, residual@1=1.041070e-01, residual@2=1.943830e-02
     25 total:15.03613 | blocks:3 | L1_step:0.41937 (2.8%) | L2_step:0.08994 (0.6%) L2_final:0.14983 (1.0%) | L3_e3:14.37700 (95.6%) | final_max_PQ:1.667e+00
     50 total:17.69189 | blocks:2 | L1_step:0.87031 (4.9%) | L2_step:0.10289 (0.6%) L2_final:0.15980 (0.9%) | L3_e3:16.55888 (93.6%) | final_max_PQ:1.649e+00
🟩 Epoch 221 | Train loss = 17.6156 | Val conv@1=0.0000, conv@2=0.0000, conv@3=0.0000, conv@5=0.0000, residual@1=1.058271e-01, residual@2=1.764231e-02, residual@3=9.001237e-03, excess@2=175.4231, tail@2=1.671478e+00, score=-52.821413 | LR: 5.0000e-04
     25 total:20.05901 | blocks:3 | L1_step:0.71431 (3.6%) | L2_step:0.10368 (0.5%) L2_final:0.17451 (0.9%) | L3_e3:19.06651 (95.1%) | final_max_PQ:1.596e+00
     50 total:15.93318 | blocks:2 | L1_step:0.32957 (2.1%) | L2_step:0.09360 (0.6%) L2_final:0.14608 (0.9%) | L3_e3:15.36394 (96.4%) | final_max_PQ:5.237e-01
🟩 Epoch 222 | Train loss = 18.5017 | Val conv@1=0.0000, conv@2=0.0000, conv@3=0.0000, conv@5=0.0000, residual@1=9.728500e-02, residual@2=1.728331e-02, residual@3=7.885210e-03, excess@2=171.8331, tail@2=1.502167e+00, score=-51.742267 | LR: 5.0000e-04
     25 total:16.52499 | blocks:3 | L1_step:0.34481 (2.1%) | L2_step:0.10378 (0.6%) L2_final:0.16663 (1.0%) | L3_e3:15.90977 (96.3%) | final_max_PQ:1.446e+00
     50 total:16.19608 | blocks:2 | L1_step:0.66841 (4.1%) | L2_step:0.13163 (0.8%) L2_final:0.20734 (1.3%) | L3_e3:15.18870 (93.8%) | final_max_PQ:1.527e+00
🔘 Epoch 223 No Improvement (1/40) | Val conv@1=0.0000, conv@2=0.0000, conv@3=0.0000, conv@5=0.0000, residual@1=9.792556e-02, residual@2=2.042889e-02
     25 total:18.53070 | blocks:3 | L1_step:0.36850 (2.0%) | L2_step:0.10246 (0.6%) L2_final:0.16139 (0.9%) | L3_e3:17.89836 (96.6%) | final_max_PQ:9.682e-01
     50 total:21.18514 | blocks:3 | L1_step:0.41986 (2.0%) | L2_step:0.09482 (0.4%) L2_final:0.18708 (0.9%) | L3_e3:20.48338 (96.7%) | final_max_PQ:1.738e+00
🔘 Epoch 224 No Improvement (2/40) | Val conv@1=0.0000, conv@2=0.0000, conv@3=0.0000, conv@5=0.0000, residual@1=9.832019e-02, residual@2=2.169413e-02
     25 total:31.67862 | blocks:1 | L1_step:0.32654 (1.0%) | L2_step:0.25554 (0.8%) L2_final:0.38204 (1.2%) | L3_e3:30.71449 (97.0%) | final_max_PQ:6.132e+00
     50 total:20.34377 | blocks:2 | L1_step:0.45921 (2.3%) | L2_step:0.12392 (0.6%) L2_final:0.19477 (1.0%) | L3_e3:19.56586 (96.2%) | final_max_PQ:1.401e+00
🟩 Epoch 225 | Train loss = 21.5597 | Val conv@1=0.0000, conv@2=0.0000, conv@3=0.0000, conv@5=0.0000, residual@1=9.762717e-02, residual@2=1.671864e-02, residual@3=7.157699e-03, excess@2=166.1864, tail@2=1.779175e+00, score=-50.051645 | LR: 5.0000e-04
     25 total:15.75069 | blocks:2 | L1_step:0.35506 (2.3%) | L2_step:0.12611 (0.8%) L2_final:0.19837 (1.3%) | L3_e3:15.07115 (95.7%) | final_max_PQ:1.276e+00
     50 total:17.48767 | blocks:2 | L1_step:0.33306 (1.9%) | L2_step:0.10473 (0.6%) L2_final:0.14967 (0.9%) | L3_e3:16.90021 (96.6%) | final_max_PQ:1.267e+00
🔘 Epoch 226 No Improvement (1/40) | Val conv@1=0.0000, conv@2=0.0000, conv@3=0.0000, conv@5=0.0000, residual@1=9.754021e-02, residual@2=1.832683e-02
     25 total:13.46187 | blocks:3 | L1_step:0.65099 (4.8%) | L2_step:0.07650 (0.6%) L2_final:0.11398 (0.8%) | L3_e3:12.62041 (93.7%) | final_max_PQ:9.593e-01
     50 total:17.54582 | blocks:3 | L1_step:0.39931 (2.3%) | L2_step:0.09566 (0.5%) L2_final:0.16469 (0.9%) | L3_e3:16.88616 (96.2%) | final_max_PQ:1.182e+00
🔘 Epoch 227 No Improvement (2/40) | Val conv@1=0.0000, conv@2=0.0000, conv@3=0.0000, conv@5=0.0000, residual@1=9.247646e-02, residual@2=1.960283e-02
     25 total:17.58793 | blocks:2 | L1_step:0.57510 (3.3%) | L2_step:0.13156 (0.7%) L2_final:0.23118 (1.3%) | L3_e3:16.65009 (94.7%) | final_max_PQ:2.152e+00
     50 total:16.65777 | blocks:2 | L1_step:0.59387 (3.6%) | L2_step:0.12495 (0.8%) L2_final:0.17752 (1.1%) | L3_e3:15.76143 (94.6%) | final_max_PQ:1.222e+00
🟩 Epoch 228 | Train loss = 16.6911 | Val conv@1=0.0000, conv@2=0.0000, conv@3=0.0000, conv@5=0.0000, residual@1=9.476655e-02, residual@2=1.610911e-02, residual@3=7.418810e-03, excess@2=160.0911, tail@2=1.716782e+00, score=-48.222334 | LR: 5.0000e-04
     25 total:16.35172 | blocks:2 | L1_step:0.38513 (2.4%) | L2_step:0.12819 (0.8%) L2_final:0.19866 (1.2%) | L3_e3:15.63974 (95.6%) | final_max_PQ:1.679e+00
     50 total:15.37970 | blocks:2 | L1_step:0.32620 (2.1%) | L2_step:0.11634 (0.8%) L2_final:0.18139 (1.2%) | L3_e3:14.75578 (95.9%) | final_max_PQ:1.048e+00
🔘 Epoch 229 No Improvement (1/40) | Val conv@1=0.0000, conv@2=0.0000, conv@3=0.0000, conv@5=0.0000, residual@1=9.773674e-02, residual@2=1.798523e-02
     25 total:19.78111 | blocks:2 | L1_step:0.41101 (2.1%) | L2_step:0.13272 (0.7%) L2_final:0.21054 (1.1%) | L3_e3:19.02684 (96.2%) | final_max_PQ:1.343e+00
     50 total:17.86133 | blocks:3 | L1_step:0.52371 (2.9%) | L2_step:0.07581 (0.4%) L2_final:0.12389 (0.7%) | L3_e3:17.13793 (95.9%) | final_max_PQ:6.082e-01
🔘 Epoch 230 No Improvement (2/40) | Val conv@1=0.0000, conv@2=0.0000, conv@3=0.0000, conv@5=0.0000, residual@1=9.914942e-02, residual@2=1.753288e-02
     25 total:17.79327 | blocks:3 | L1_step:0.57295 (3.2%) | L2_step:0.08185 (0.5%) L2_final:0.12454 (0.7%) | L3_e3:17.01394 (95.6%) | final_max_PQ:1.207e+00
     50 total:17.42321 | blocks:3 | L1_step:0.60603 (3.5%) | L2_step:0.09789 (0.6%) L2_final:0.15792 (0.9%) | L3_e3:16.56137 (95.1%) | final_max_PQ:7.563e-01
🔘 Epoch 231 No Improvement (3/40) | Val conv@1=0.0000, conv@2=0.0000, conv@3=0.0000, conv@5=0.0000, residual@1=9.882125e-02, residual@2=2.433691e-02
     25 total:19.14595 | blocks:3 | L1_step:0.45444 (2.4%) | L2_step:0.09933 (0.5%) L2_final:0.17047 (0.9%) | L3_e3:18.42170 (96.2%) | final_max_PQ:1.396e+00
     50 total:15.56378 | blocks:3 | L1_step:0.51692 (3.3%) | L2_step:0.06989 (0.4%) L2_final:0.11258 (0.7%) | L3_e3:14.86439 (95.5%) | final_max_PQ:1.871e-01
🔘 Epoch 232 No Improvement (4/40) | Val conv@1=0.0000, conv@2=0.0000, conv@3=0.0000, conv@5=0.0000, residual@1=8.965880e-02, residual@2=1.709903e-02
     25 total:17.81701 | blocks:2 | L1_step:0.56401 (3.2%) | L2_step:0.13029 (0.7%) L2_final:0.19573 (1.1%) | L3_e3:16.92699 (95.0%) | final_max_PQ:1.381e+00
     50 total:15.98871 | blocks:3 | L1_step:0.45663 (2.9%) | L2_step:0.08704 (0.5%) L2_final:0.13804 (0.9%) | L3_e3:15.30700 (95.7%) | final_max_PQ:6.559e-01
🔘 Epoch 233 No Improvement (5/40) | Val conv@1=0.0000, conv@2=0.0000, conv@3=0.0000, conv@5=0.0000, residual@1=9.267804e-02, residual@2=1.735586e-02
     25 total:18.77822 | blocks:2 | L1_step:0.35356 (1.9%) | L2_step:0.12623 (0.7%) L2_final:0.19627 (1.0%) | L3_e3:18.10217 (96.4%) | final_max_PQ:9.082e-01
     50 total:17.45555 | blocks:3 | L1_step:0.39322 (2.3%) | L2_step:0.09760 (0.6%) L2_final:0.14323 (0.8%) | L3_e3:16.82150 (96.4%) | final_max_PQ:6.109e-01
🔘 Epoch 234 No Improvement (6/40) | Val conv@1=0.0000, conv@2=0.0000, conv@3=0.0000, conv@5=0.0000, residual@1=9.595346e-02, residual@2=1.716394e-02
     25 total:24.80706 | blocks:2 | L1_step:0.37847 (1.5%) | L2_step:0.10082 (0.4%) L2_final:0.16046 (0.6%) | L3_e3:24.16731 (97.4%) | final_max_PQ:1.448e+00
     50 total:16.22434 | blocks:2 | L1_step:0.32836 (2.0%) | L2_step:0.10733 (0.7%) L2_final:0.17871 (1.1%) | L3_e3:15.60993 (96.2%) | final_max_PQ:6.602e-01
🟩 Epoch 235 | Train loss = 19.2047 | Val conv@1=0.0000, conv@2=0.0000, conv@3=0.0000, conv@5=0.0000, residual@1=9.082721e-02, residual@2=1.521615e-02, residual@3=7.026045e-03, excess@2=151.1615, tail@2=1.173004e+00, score=-45.535837 | LR: 5.0000e-04
     25 total:18.34584 | blocks:1 | L1_step:0.20632 (1.1%) | L2_step:0.24836 (1.4%) L2_final:0.33725 (1.8%) | L3_e3:17.55391 (95.7%) | final_max_PQ:2.168e+00
     50 total:14.56028 | blocks:3 | L1_step:0.46538 (3.2%) | L2_step:0.07545 (0.5%) L2_final:0.12973 (0.9%) | L3_e3:13.88972 (95.4%) | final_max_PQ:9.393e-01
🟩 Epoch 236 | Train loss = 16.9271 | Val conv@1=0.0000, conv@2=0.0000, conv@3=0.0000, conv@5=0.0000, residual@1=8.434642e-02, residual@2=1.442014e-02, residual@3=6.642801e-03, excess@2=143.2014, tail@2=1.523407e+00, score=-43.153060 | LR: 5.0000e-04
     25 total:12.83910 | blocks:3 | L1_step:0.34712 (2.7%) | L2_step:0.08197 (0.6%) L2_final:0.14610 (1.1%) | L3_e3:12.26391 (95.5%) | final_max_PQ:1.105e+00
     50 total:24.50763 | blocks:1 | L1_step:0.30821 (1.3%) | L2_step:0.21084 (0.9%) L2_final:0.29282 (1.2%) | L3_e3:23.69576 (96.7%) | final_max_PQ:2.656e+00
🔘 Epoch 237 No Improvement (1/40) | Val conv@1=0.0000, conv@2=0.0000, conv@3=0.0000, conv@5=0.0000, residual@1=8.542513e-02, residual@2=1.609877e-02
     25 total:14.05872 | blocks:3 | L1_step:0.36760 (2.6%) | L2_step:0.07502 (0.5%) L2_final:0.10689 (0.8%) | L3_e3:13.50921 (96.1%) | final_max_PQ:1.467e-01
     50 total:15.10059 | blocks:3 | L1_step:0.65459 (4.3%) | L2_step:0.10309 (0.7%) L2_final:0.15440 (1.0%) | L3_e3:14.18851 (94.0%) | final_max_PQ:8.250e-01
🔘 Epoch 238 No Improvement (2/40) | Val conv@1=0.0000, conv@2=0.0000, conv@3=0.0000, conv@5=0.0000, residual@1=8.555109e-02, residual@2=1.510505e-02
     25 total:15.86037 | blocks:3 | L1_step:0.62701 (4.0%) | L2_step:0.07467 (0.5%) L2_final:0.11938 (0.8%) | L3_e3:15.03930 (94.8%) | final_max_PQ:7.277e-01
     50 total:19.90641 | blocks:2 | L1_step:0.34997 (1.8%) | L2_step:0.09106 (0.5%) L2_final:0.14808 (0.7%) | L3_e3:19.31730 (97.0%) | final_max_PQ:9.625e-01
🔘 Epoch 239 No Improvement (3/40) | Val conv@1=0.0000, conv@2=0.0000, conv@3=0.0000, conv@5=0.0000, residual@1=9.182249e-02, residual@2=1.687552e-02
     25 total:22.91904 | blocks:2 | L1_step:0.44707 (2.0%) | L2_step:0.09803 (0.4%) L2_final:0.14572 (0.6%) | L3_e3:22.22824 (97.0%) | final_max_PQ:9.401e-01
     50 total:17.28115 | blocks:1 | L1_step:0.38890 (2.3%) | L2_step:0.18509 (1.1%) L2_final:0.25422 (1.5%) | L3_e3:16.45293 (95.2%) | final_max_PQ:2.358e+00
🔘 Epoch 240 No Improvement (4/40) | Val conv@1=0.0000, conv@2=0.0000, conv@3=0.0000, conv@5=0.0000, residual@1=8.334221e-02, residual@2=1.512348e-02
     25 total:19.26194 | blocks:3 | L1_step:0.60190 (3.1%) | L2_step:0.07878 (0.4%) L2_final:0.12147 (0.6%) | L3_e3:18.45979 (95.8%) | final_max_PQ:5.658e-01
     50 total:23.25246 | blocks:3 | L1_step:0.41922 (1.8%) | L2_step:0.06850 (0.3%) L2_final:0.10212 (0.4%) | L3_e3:22.66262 (97.5%) | final_max_PQ:2.792e-01
🔘 Epoch 241 No Improvement (5/40) | Val conv@1=0.0000, conv@2=0.0000, conv@3=0.0000, conv@5=0.0000, residual@1=8.995572e-02, residual@2=1.515919e-02
     25 total:18.91421 | blocks:2 | L1_step:0.43142 (2.3%) | L2_step:0.13515 (0.7%) L2_final:0.23084 (1.2%) | L3_e3:18.11680 (95.8%) | final_max_PQ:1.535e+00
     50 total:18.21556 | blocks:1 | L1_step:0.42285 (2.3%) | L2_step:0.21824 (1.2%) L2_final:0.29887 (1.6%) | L3_e3:17.27560 (94.8%) | final_max_PQ:2.030e+00
🟩 Epoch 242 | Train loss = 17.9952 | Val conv@1=0.0000, conv@2=0.0000, conv@3=0.0000, conv@5=0.0000, residual@1=8.250472e-02, residual@2=1.360679e-02, residual@3=6.053282e-03, excess@2=135.0679, tail@2=1.676483e+00, score=-40.714909 | LR: 5.0000e-04
     25 total:16.03063 | blocks:2 | L1_step:0.40311 (2.5%) | L2_step:0.11129 (0.7%) L2_final:0.16543 (1.0%) | L3_e3:15.35081 (95.8%) | final_max_PQ:7.223e-01
     50 total:19.30510 | blocks:2 | L1_step:0.38073 (2.0%) | L2_step:0.10998 (0.6%) L2_final:0.14107 (0.7%) | L3_e3:18.67332 (96.7%) | final_max_PQ:1.123e+00
🔘 Epoch 243 No Improvement (1/40) | Val conv@1=0.0000, conv@2=0.0000, conv@3=0.0000, conv@5=0.0000, residual@1=8.510891e-02, residual@2=1.496161e-02
     25 total:16.36777 | blocks:2 | L1_step:0.34842 (2.1%) | L2_step:0.11578 (0.7%) L2_final:0.17174 (1.0%) | L3_e3:15.73184 (96.1%) | final_max_PQ:3.107e-01
     50 total:15.27484 | blocks:3 | L1_step:0.33957 (2.2%) | L2_step:0.08002 (0.5%) L2_final:0.12783 (0.8%) | L3_e3:14.72743 (96.4%) | final_max_PQ:6.578e-01
🟩 Epoch 244 | Train loss = 16.8423 | Val conv@1=0.0000, conv@2=0.0000, conv@3=0.0000, conv@5=0.0000, residual@1=8.309388e-02, residual@2=1.283221e-02, residual@3=5.513056e-03, excess@2=127.3221, tail@2=1.415405e+00, score=-38.387779 | LR: 5.0000e-04
     25 total:15.94438 | blocks:2 | L1_step:0.67786 (4.3%) | L2_step:0.10693 (0.7%) L2_final:0.17046 (1.1%) | L3_e3:14.98914 (94.0%) | final_max_PQ:1.477e+00
     50 total:14.91480 | blocks:2 | L1_step:0.33226 (2.2%) | L2_step:0.08914 (0.6%) L2_final:0.14506 (1.0%) | L3_e3:14.34834 (96.2%) | final_max_PQ:1.050e+00
🔘 Epoch 245 No Improvement (1/40) | Val conv@1=0.0000, conv@2=0.0000, conv@3=0.0000, conv@5=0.0000, residual@1=9.183271e-02, residual@2=1.747788e-02
     25 total:17.40060 | blocks:3 | L1_step:0.73650 (4.2%) | L2_step:0.07540 (0.4%) L2_final:0.10858 (0.6%) | L3_e3:16.48013 (94.7%) | final_max_PQ:7.595e-01
     50 total:15.51115 | blocks:2 | L1_step:0.63920 (4.1%) | L2_step:0.14017 (0.9%) L2_final:0.20680 (1.3%) | L3_e3:14.52499 (93.6%) | final_max_PQ:1.156e+00
🔘 Epoch 246 No Improvement (2/40) | Val conv@1=0.0000, conv@2=0.0000, conv@3=0.0000, conv@5=0.0000, residual@1=8.367889e-02, residual@2=1.342828e-02
     25 total:14.60052 | blocks:3 | L1_step:0.66744 (4.6%) | L2_step:0.07434 (0.5%) L2_final:0.09830 (0.7%) | L3_e3:13.76044 (94.2%) | final_max_PQ:2.894e-01
     50 total:17.83429 | blocks:2 | L1_step:0.71678 (4.0%) | L2_step:0.10588 (0.6%) L2_final:0.14057 (0.8%) | L3_e3:16.87106 (94.6%) | final_max_PQ:1.246e+00
🟩 Epoch 247 | Train loss = 16.2568 | Val conv@1=0.0000, conv@2=0.0000, conv@3=0.0000, conv@5=0.0000, residual@1=7.826814e-02, residual@2=1.182963e-02, residual@3=5.075764e-03, excess@2=117.2963, tail@2=1.377975e+00, score=-35.379503 | LR: 5.0000e-04
     25 total:20.91860 | blocks:3 | L1_step:0.55894 (2.7%) | L2_step:0.06949 (0.3%) L2_final:0.10318 (0.5%) | L3_e3:20.18698 (96.5%) | final_max_PQ:2.982e-01
     50 total:18.18859 | blocks:2 | L1_step:0.67570 (3.7%) | L2_step:0.08279 (0.5%) L2_final:0.11553 (0.6%) | L3_e3:17.31457 (95.2%) | final_max_PQ:3.857e-01
🔘 Epoch 248 No Improvement (1/40) | Val conv@1=0.0000, conv@2=0.0000, conv@3=0.0000, conv@5=0.0000, residual@1=7.875927e-02, residual@2=1.186765e-02
     25 total:18.94956 | blocks:2 | L1_step:0.59467 (3.1%) | L2_step:0.11131 (0.6%) L2_final:0.15481 (0.8%) | L3_e3:18.08876 (95.5%) | final_max_PQ:8.821e-01
     50 total:16.63271 | blocks:2 | L1_step:0.35187 (2.1%) | L2_step:0.13510 (0.8%) L2_final:0.17512 (1.1%) | L3_e3:15.97062 (96.0%) | final_max_PQ:7.326e-01
🔘 Epoch 249 No Improvement (2/40) | Val conv@1=0.0000, conv@2=0.0000, conv@3=0.0000, conv@5=0.0000, residual@1=8.301816e-02, residual@2=1.193933e-02
     25 total:14.27105 | blocks:3 | L1_step:0.63541 (4.5%) | L2_step:0.07819 (0.5%) L2_final:0.12022 (0.8%) | L3_e3:13.43723 (94.2%) | final_max_PQ:6.694e-01
     50 total:19.31787 | blocks:1 | L1_step:0.44106 (2.3%) | L2_step:0.18832 (1.0%) L2_final:0.23294 (1.2%) | L3_e3:18.45555 (95.5%) | final_max_PQ:2.521e+00
🔘 Epoch 250 No Improvement (3/40) | Val conv@1=0.0000, conv@2=0.0000, conv@3=0.0000, conv@5=0.0000, residual@1=8.459686e-02, residual@2=1.407716e-02
     25 total:17.86809 | blocks:2 | L1_step:0.37361 (2.1%) | L2_step:0.13188 (0.7%) L2_final:0.19665 (1.1%) | L3_e3:17.16595 (96.1%) | final_max_PQ:1.126e+00
     50 total:16.80717 | blocks:3 | L1_step:0.78002 (4.6%) | L2_step:0.08075 (0.5%) L2_final:0.11352 (0.7%) | L3_e3:15.83287 (94.2%) | final_max_PQ:5.417e-01
🔘 Epoch 251 No Improvement (4/40) | Val conv@1=0.0000, conv@2=0.0000, conv@3=0.0000, conv@5=0.0000, residual@1=8.119909e-02, residual@2=1.341171e-02
     25 total:21.96144 | blocks:2 | L1_step:0.56600 (2.6%) | L2_step:0.10374 (0.5%) L2_final:0.15300 (0.7%) | L3_e3:21.13870 (96.3%) | final_max_PQ:8.262e-01
     50 total:24.22873 | blocks:2 | L1_step:0.60372 (2.5%) | L2_step:0.13825 (0.6%) L2_final:0.19663 (0.8%) | L3_e3:23.29013 (96.1%) | final_max_PQ:1.116e+00
🔘 Epoch 252 No Improvement (5/40) | Val conv@1=0.0000, conv@2=0.0000, conv@3=0.0000, conv@5=0.0000, residual@1=8.355376e-02, residual@2=1.199016e-02
     25 total:18.09898 | blocks:2 | L1_step:0.34661 (1.9%) | L2_step:0.12393 (0.7%) L2_final:0.17781 (1.0%) | L3_e3:17.45061 (96.4%) | final_max_PQ:1.390e+00
     50 total:16.59089 | blocks:3 | L1_step:0.60629 (3.7%) | L2_step:0.08898 (0.5%) L2_final:0.13771 (0.8%) | L3_e3:15.75791 (95.0%) | final_max_PQ:6.111e-01
🟩 Epoch 253 | Train loss = 16.1821 | Val conv@1=0.0000, conv@2=0.0000, conv@3=0.0000, conv@5=0.0000, residual@1=7.869004e-02, residual@2=1.143538e-02, residual@3=4.393504e-03, excess@2=113.3538, tail@2=1.509918e+00, score=-34.198592 | LR: 5.0000e-04
     25 total:18.14351 | blocks:1 | L1_step:0.43206 (2.4%) | L2_step:0.24367 (1.3%) L2_final:0.32075 (1.8%) | L3_e3:17.14703 (94.5%) | final_max_PQ:2.931e+00
     50 total:17.07938 | blocks:3 | L1_step:0.51676 (3.0%) | L2_step:0.08118 (0.5%) L2_final:0.12346 (0.7%) | L3_e3:16.35798 (95.8%) | final_max_PQ:8.726e-01
🔘 Epoch 254 No Improvement (1/40) | Val conv@1=0.0000, conv@2=0.0000, conv@3=0.0000, conv@5=0.0000, residual@1=7.722077e-02, residual@2=1.194244e-02
     25 total:15.91267 | blocks:2 | L1_step:0.35195 (2.2%) | L2_step:0.09018 (0.6%) L2_final:0.13321 (0.8%) | L3_e3:15.33733 (96.4%) | final_max_PQ:1.612e+00
     50 total:16.97175 | blocks:3 | L1_step:0.60219 (3.5%) | L2_step:0.08459 (0.5%) L2_final:0.10542 (0.6%) | L3_e3:16.17954 (95.3%) | final_max_PQ:6.750e-01
🟩 Epoch 255 | Train loss = 16.9775 | Val conv@1=0.0000, conv@2=0.0000, conv@3=0.0000, conv@5=0.0000, residual@1=7.519568e-02, residual@2=1.056697e-02, residual@3=4.488498e-03, excess@2=104.6697, tail@2=1.173813e+00, score=-31.588319 | LR: 5.0000e-04
     25 total:15.23746 | blocks:2 | L1_step:0.32209 (2.1%) | L2_step:0.11498 (0.8%) L2_final:0.15623 (1.0%) | L3_e3:14.64417 (96.1%) | final_max_PQ:5.157e-01
     50 total:21.51031 | blocks:1 | L1_step:0.36801 (1.7%) | L2_step:0.21308 (1.0%) L2_final:0.27118 (1.3%) | L3_e3:20.65804 (96.0%) | final_max_PQ:2.536e+00
🔘 Epoch 256 No Improvement (1/40) | Val conv@1=0.0000, conv@2=0.0000, conv@3=0.0000, conv@5=0.0000, residual@1=7.684139e-02, residual@2=1.110856e-02
     25 total:15.74636 | blocks:2 | L1_step:0.36066 (2.3%) | L2_step:0.09830 (0.6%) L2_final:0.13366 (0.8%) | L3_e3:15.15374 (96.2%) | final_max_PQ:4.798e-01
     50 total:21.42341 | blocks:2 | L1_step:0.63709 (3.0%) | L2_step:0.08381 (0.4%) L2_final:0.11576 (0.5%) | L3_e3:20.58674 (96.1%) | final_max_PQ:3.975e-01
🔘 Epoch 257 No Improvement (2/40) | Val conv@1=0.0000, conv@2=0.0000, conv@3=0.0000, conv@5=0.0000, residual@1=7.705218e-02, residual@2=1.288713e-02
     25 total:16.39792 | blocks:1 | L1_step:0.36324 (2.2%) | L2_step:0.19971 (1.2%) L2_final:0.27740 (1.7%) | L3_e3:15.55757 (94.9%) | final_max_PQ:1.859e+00
     50 total:15.65295 | blocks:2 | L1_step:0.55076 (3.5%) | L2_step:0.08301 (0.5%) L2_final:0.10535 (0.7%) | L3_e3:14.91384 (95.3%) | final_max_PQ:2.833e-01
🔘 Epoch 258 No Improvement (3/40) | Val conv@1=0.0000, conv@2=0.0000, conv@3=0.0000, conv@5=0.0000, residual@1=8.501925e-02, residual@2=1.665229e-02
     25 total:13.94253 | blocks:3 | L1_step:0.64765 (4.6%) | L2_step:0.07104 (0.5%) L2_final:0.11564 (0.8%) | L3_e3:13.10820 (94.0%) | final_max_PQ:9.900e-01
     50 total:20.04836 | blocks:1 | L1_step:0.18675 (0.9%) | L2_step:0.18100 (0.9%) L2_final:0.24597 (1.2%) | L3_e3:19.43464 (96.9%) | final_max_PQ:1.621e+00
🔘 Epoch 259 No Improvement (4/40) | Val conv@1=0.0000, conv@2=0.0000, conv@3=0.0000, conv@5=0.0000, residual@1=8.245903e-02, residual@2=1.260118e-02
     25 total:22.15907 | blocks:3 | L1_step:0.70456 (3.2%) | L2_step:0.08535 (0.4%) L2_final:0.12079 (0.5%) | L3_e3:21.24837 (95.9%) | final_max_PQ:7.127e-01
     50 total:17.67687 | blocks:2 | L1_step:0.40681 (2.3%) | L2_step:0.12821 (0.7%) L2_final:0.18944 (1.1%) | L3_e3:16.95242 (95.9%) | final_max_PQ:9.716e-01
🔘 Epoch 260 No Improvement (5/40) | Val conv@1=0.0000, conv@2=0.0000, conv@3=0.0000, conv@5=0.0000, residual@1=7.626084e-02, residual@2=1.341803e-02
     25 total:20.24818 | blocks:3 | L1_step:0.37214 (1.8%) | L2_step:0.08321 (0.4%) L2_final:0.11824 (0.6%) | L3_e3:19.67459 (97.2%) | final_max_PQ:6.869e-01
     50 total:18.75870 | blocks:3 | L1_step:0.51568 (2.7%) | L2_step:0.07826 (0.4%) L2_final:0.11811 (0.6%) | L3_e3:18.04665 (96.2%) | final_max_PQ:7.878e-01
🔘 Epoch 261 No Improvement (6/40) | Val conv@1=0.0000, conv@2=0.0000, conv@3=0.0000, conv@5=0.0000, residual@1=8.138708e-02, residual@2=1.272423e-02
     25 total:14.84324 | blocks:3 | L1_step:0.63395 (4.3%) | L2_step:0.06084 (0.4%) L2_final:0.08513 (0.6%) | L3_e3:14.06331 (94.7%) | final_max_PQ:4.133e-02
     50 total:19.96764 | blocks:2 | L1_step:0.33802 (1.7%) | L2_step:0.11349 (0.6%) L2_final:0.16113 (0.8%) | L3_e3:19.35499 (96.9%) | final_max_PQ:1.229e+00
🔘 Epoch 262 No Improvement (7/40) | Val conv@1=0.0000, conv@2=0.0000, conv@3=0.0000, conv@5=0.0000, residual@1=7.344414e-02, residual@2=1.082775e-02
     25 total:19.95036 | blocks:3 | L1_step:0.33450 (1.7%) | L2_step:0.06762 (0.3%) L2_final:0.10093 (0.5%) | L3_e3:19.44731 (97.5%) | final_max_PQ:5.518e-01
     50 total:16.56691 | blocks:2 | L1_step:0.33645 (2.0%) | L2_step:0.12361 (0.7%) L2_final:0.18796 (1.1%) | L3_e3:15.91888 (96.1%) | final_max_PQ:8.349e-01
🔘 Epoch 263 No Improvement (8/40) | Val conv@1=0.0000, conv@2=0.0000, conv@3=0.0000, conv@5=0.0000, residual@1=7.536674e-02, residual@2=1.150791e-02
     25 total:15.04013 | blocks:2 | L1_step:0.36985 (2.5%) | L2_step:0.10110 (0.7%) L2_final:0.14701 (1.0%) | L3_e3:14.42217 (95.9%) | final_max_PQ:5.322e-01
     50 total:18.20176 | blocks:3 | L1_step:0.52022 (2.9%) | L2_step:0.06285 (0.3%) L2_final:0.08235 (0.5%) | L3_e3:17.53634 (96.3%) | final_max_PQ:5.667e-01
🟩 Epoch 264 | Train loss = 19.4972 | Val conv@1=0.0000, conv@2=0.0000, conv@3=0.0000, conv@5=0.0000, residual@1=7.979509e-02, residual@2=1.030150e-02, residual@3=5.178330e-03, excess@2=102.0150, tail@2=1.155869e+00, score=-30.791599 | LR: 5.0000e-04
     25 total:23.60073 | blocks:3 | L1_step:0.57472 (2.4%) | L2_step:0.07904 (0.3%) L2_final:0.13435 (0.6%) | L3_e3:22.81262 (96.7%) | final_max_PQ:4.635e-01
     50 total:23.09423 | blocks:2 | L1_step:0.37703 (1.6%) | L2_step:0.09842 (0.4%) L2_final:0.14415 (0.6%) | L3_e3:22.47463 (97.3%) | final_max_PQ:5.731e-01
🟩 Epoch 265 | Train loss = 21.7696 | Val conv@1=0.0000, conv@2=0.0000, conv@3=0.0000, conv@5=0.0000, residual@1=7.762797e-02, residual@2=1.015886e-02, residual@3=4.660005e-03, excess@2=100.5886, tail@2=9.723044e-01, score=-30.360233 | LR: 5.0000e-04
     25 total:19.65784 | blocks:3 | L1_step:0.39870 (2.0%) | L2_step:0.08008 (0.4%) L2_final:0.12285 (0.6%) | L3_e3:19.05621 (96.9%) | final_max_PQ:7.466e-01
     50 total:15.78964 | blocks:2 | L1_step:0.34618 (2.2%) | L2_step:0.09347 (0.6%) L2_final:0.12582 (0.8%) | L3_e3:15.22416 (96.4%) | final_max_PQ:2.545e-01
🟩 Epoch 266 | Train loss = 17.3540 | Val conv@1=0.0000, conv@2=0.0000, conv@3=0.0000, conv@5=0.0000, residual@1=7.474784e-02, residual@2=1.014322e-02, residual@3=4.059869e-03, excess@2=100.4322, tail@2=1.328674e+00, score=-30.319542 | LR: 5.0000e-04
     25 total:15.27680 | blocks:2 | L1_step:0.36409 (2.4%) | L2_step:0.11028 (0.7%) L2_final:0.14764 (1.0%) | L3_e3:14.65478 (95.9%) | final_max_PQ:1.009e+00
     50 total:18.58233 | blocks:1 | L1_step:0.22840 (1.2%) | L2_step:0.21511 (1.2%) L2_final:0.27376 (1.5%) | L3_e3:17.86507 (96.1%) | final_max_PQ:1.890e+00
🔘 Epoch 267 No Improvement (1/40) | Val conv@1=0.0000, conv@2=0.0000, conv@3=0.0000, conv@5=0.0000, residual@1=7.199490e-02, residual@2=1.110979e-02
     25 total:17.45095 | blocks:2 | L1_step:0.49782 (2.9%) | L2_step:0.09792 (0.6%) L2_final:0.12937 (0.7%) | L3_e3:16.72584 (95.8%) | final_max_PQ:1.428e+00
     50 total:16.29974 | blocks:3 | L1_step:0.65763 (4.0%) | L2_step:0.08853 (0.5%) L2_final:0.11648 (0.7%) | L3_e3:15.43710 (94.7%) | final_max_PQ:3.067e-01
🔘 Epoch 268 No Improvement (2/40) | Val conv@1=0.0000, conv@2=0.0000, conv@3=0.0000, conv@5=0.0000, residual@1=7.672247e-02, residual@2=1.076867e-02
     25 total:15.98866 | blocks:2 | L1_step:0.63385 (4.0%) | L2_step:0.08982 (0.6%) L2_final:0.13794 (0.9%) | L3_e3:15.12705 (94.6%) | final_max_PQ:7.445e-01
     50 total:19.46516 | blocks:2 | L1_step:0.46280 (2.4%) | L2_step:0.10426 (0.5%) L2_final:0.15082 (0.8%) | L3_e3:18.74728 (96.3%) | final_max_PQ:5.401e-01
🔘 Epoch 269 No Improvement (3/40) | Val conv@1=0.0000, conv@2=0.0000, conv@3=0.0000, conv@5=0.0000, residual@1=7.713596e-02, residual@2=1.020105e-02
     25 total:21.28987 | blocks:2 | L1_step:0.65172 (3.1%) | L2_step:0.10556 (0.5%) L2_final:0.14480 (0.7%) | L3_e3:20.38779 (95.8%) | final_max_PQ:5.320e-01
     50 total:18.91735 | blocks:1 | L1_step:0.20100 (1.1%) | L2_step:0.19168 (1.0%) L2_final:0.22032 (1.2%) | L3_e3:18.30435 (96.8%) | final_max_PQ:2.661e+00
🟩 Epoch 270 | Train loss = 19.5281 | Val conv@1=0.0000, conv@2=0.0000, conv@3=0.0000, conv@5=0.0000, residual@1=7.034870e-02, residual@2=9.968645e-03, residual@3=4.266910e-03, excess@2=98.6864, tail@2=1.233398e+00, score=-29.794336 | LR: 5.0000e-04
     25 total:17.69010 | blocks:2 | L1_step:0.33547 (1.9%) | L2_step:0.10088 (0.6%) L2_final:0.13477 (0.8%) | L3_e3:17.11898 (96.8%) | final_max_PQ:1.079e+00
     50 total:18.41632 | blocks:2 | L1_step:0.46584 (2.5%) | L2_step:0.07601 (0.4%) L2_final:0.10089 (0.5%) | L3_e3:17.77358 (96.5%) | final_max_PQ:7.309e-01
🔘 Epoch 271 No Improvement (1/40) | Val conv@1=0.0000, conv@2=0.0000, conv@3=0.0000, conv@5=0.0000, residual@1=8.971362e-02, residual@2=1.371016e-02
     25 total:34.27414 | blocks:3 | L1_step:0.69960 (2.0%) | L2_step:0.06654 (0.2%) L2_final:0.10937 (0.3%) | L3_e3:33.39863 (97.4%) | final_max_PQ:6.688e-01
     50 total:17.75329 | blocks:2 | L1_step:0.37675 (2.1%) | L2_step:0.09772 (0.6%) L2_final:0.14245 (0.8%) | L3_e3:17.13638 (96.5%) | final_max_PQ:4.966e-01
🟩 Epoch 272 | Train loss = 21.2718 | Val conv@1=0.0000, conv@2=0.0000, conv@3=0.0000, conv@5=0.0000, residual@1=7.399225e-02, residual@2=9.848843e-03, residual@3=3.749975e-03, excess@2=97.4884, tail@2=1.078064e+00, score=-29.432239 | LR: 5.0000e-04
     25 total:19.10806 | blocks:2 | L1_step:0.72578 (3.8%) | L2_step:0.10659 (0.6%) L2_final:0.13098 (0.7%) | L3_e3:18.14472 (95.0%) | final_max_PQ:3.506e-01
     50 total:18.05158 | blocks:2 | L1_step:0.34412 (1.9%) | L2_step:0.12761 (0.7%) L2_final:0.22792 (1.3%) | L3_e3:17.35193 (96.1%) | final_max_PQ:1.891e+00
🟩 Epoch 273 | Train loss = 18.1685 | Val conv@1=0.0000, conv@2=0.0000, conv@3=0.0000, conv@5=0.0000, residual@1=7.540917e-02, residual@2=9.615709e-03, residual@3=3.508332e-03, excess@2=95.1571, tail@2=9.986341e-01, score=-28.731307 | LR: 5.0000e-04
     25 total:15.84357 | blocks:3 | L1_step:0.68522 (4.3%) | L2_step:0.05181 (0.3%) L2_final:0.07421 (0.5%) | L3_e3:15.03233 (94.9%) | final_max_PQ:1.101e-01
     50 total:15.38433 | blocks:2 | L1_step:0.44792 (2.9%) | L2_step:0.08817 (0.6%) L2_final:0.11426 (0.7%) | L3_e3:14.73398 (95.8%) | final_max_PQ:1.049e+00
🔘 Epoch 274 No Improvement (1/40) | Val conv@1=0.0000, conv@2=0.0000, conv@3=0.0000, conv@5=0.0000, residual@1=7.153960e-02, residual@2=1.115742e-02
     25 total:19.69027 | blocks:2 | L1_step:0.64155 (3.3%) | L2_step:0.10140 (0.5%) L2_final:0.13055 (0.7%) | L3_e3:18.81677 (95.6%) | final_max_PQ:9.892e-01
     50 total:24.91881 | blocks:1 | L1_step:0.21452 (0.9%) | L2_step:0.20977 (0.8%) L2_final:0.30679 (1.2%) | L3_e3:24.18773 (97.1%) | final_max_PQ:2.160e+00
🔘 Epoch 275 No Improvement (2/40) | Val conv@1=0.0000, conv@2=0.0000, conv@3=0.0000, conv@5=0.0000, residual@1=7.430877e-02, residual@2=1.015861e-02
     25 total:16.64802 | blocks:2 | L1_step:0.51038 (3.1%) | L2_step:0.08090 (0.5%) L2_final:0.11734 (0.7%) | L3_e3:15.93939 (95.7%) | final_max_PQ:5.106e-01
     50 total:17.42020 | blocks:2 | L1_step:0.40697 (2.3%) | L2_step:0.10959 (0.6%) L2_final:0.12969 (0.7%) | L3_e3:16.77394 (96.3%) | final_max_PQ:4.163e-01
🔘 Epoch 276 No Improvement (3/40) | Val conv@1=0.0000, conv@2=0.0000, conv@3=0.0000, conv@5=0.0000, residual@1=7.350884e-02, residual@2=1.029503e-02
     25 total:17.52235 | blocks:3 | L1_step:0.56036 (3.2%) | L2_step:0.06019 (0.3%) L2_final:0.08797 (0.5%) | L3_e3:16.81383 (96.0%) | final_max_PQ:9.906e-02
     50 total:17.72139 | blocks:2 | L1_step:0.42641 (2.4%) | L2_step:0.10072 (0.6%) L2_final:0.12958 (0.7%) | L3_e3:17.06468 (96.3%) | final_max_PQ:2.358e-01
🟩 Epoch 277 | Train loss = 17.1734 | Val conv@1=0.0000, conv@2=0.0000, conv@3=0.0000, conv@5=0.0000, residual@1=7.574610e-02, residual@2=9.298023e-03, residual@3=3.627084e-03, excess@2=91.9802, tail@2=1.109437e+00, score=-27.780354 | LR: 5.0000e-04
     25 total:12.93032 | blocks:3 | L1_step:0.34869 (2.7%) | L2_step:0.08281 (0.6%) L2_final:0.10477 (0.8%) | L3_e3:12.39405 (95.9%) | final_max_PQ:3.134e-02
     50 total:17.84476 | blocks:3 | L1_step:0.63332 (3.5%) | L2_step:0.08142 (0.5%) L2_final:0.11877 (0.7%) | L3_e3:17.01125 (95.3%) | final_max_PQ:5.543e-01
🔘 Epoch 278 No Improvement (1/40) | Val conv@1=0.0000, conv@2=0.0000, conv@3=0.0000, conv@5=0.0000, residual@1=7.583886e-02, residual@2=1.052695e-02
     25 total:18.93419 | blocks:2 | L1_step:0.34126 (1.8%) | L2_step:0.08930 (0.5%) L2_final:0.11274 (0.6%) | L3_e3:18.39090 (97.1%) | final_max_PQ:9.962e-01
     50 total:19.36601 | blocks:2 | L1_step:0.52321 (2.7%) | L2_step:0.09554 (0.5%) L2_final:0.12424 (0.6%) | L3_e3:18.62303 (96.2%) | final_max_PQ:5.974e-01
🔘 Epoch 279 No Improvement (2/40) | Val conv@1=0.0000, conv@2=0.0000, conv@3=0.0000, conv@5=0.0000, residual@1=7.259775e-02, residual@2=9.932153e-03
     25 total:15.67752 | blocks:2 | L1_step:0.65845 (4.2%) | L2_step:0.07977 (0.5%) L2_final:0.11593 (0.7%) | L3_e3:14.82337 (94.6%) | final_max_PQ:5.093e-01
     50 total:18.75108 | blocks:2 | L1_step:0.60024 (3.2%) | L2_step:0.09715 (0.5%) L2_final:0.12900 (0.7%) | L3_e3:17.92469 (95.6%) | final_max_PQ:1.282e+00
🟩 Epoch 280 | Train loss = 17.9262 | Val conv@1=0.0000, conv@2=0.0000, conv@3=0.0000, conv@5=0.0000, residual@1=7.014350e-02, residual@2=7.980438e-03, residual@3=3.131060e-03, excess@2=78.8044, tail@2=9.259223e-01, score=-23.823982 | LR: 5.0000e-04
     25 total:15.90900 | blocks:2 | L1_step:0.48797 (3.1%) | L2_step:0.08545 (0.5%) L2_final:0.11963 (0.8%) | L3_e3:15.21595 (95.6%) | final_max_PQ:8.978e-01
     50 total:19.53721 | blocks:2 | L1_step:0.35985 (1.8%) | L2_step:0.10814 (0.6%) L2_final:0.17773 (0.9%) | L3_e3:18.89148 (96.7%) | final_max_PQ:5.357e-01
🔘 Epoch 281 No Improvement (1/40) | Val conv@1=0.0000, conv@2=0.0000, conv@3=0.0000, conv@5=0.0000, residual@1=7.136700e-02, residual@2=9.885697e-03
     25 total:20.76118 | blocks:2 | L1_step:0.32974 (1.6%) | L2_step:0.09641 (0.5%) L2_final:0.12593 (0.6%) | L3_e3:20.20910 (97.3%) | final_max_PQ:4.527e-01
     50 total:13.88338 | blocks:3 | L1_step:0.41268 (3.0%) | L2_step:0.07967 (0.6%) L2_final:0.10680 (0.8%) | L3_e3:13.28422 (95.7%) | final_max_PQ:4.052e-01
🔘 Epoch 282 No Improvement (2/40) | Val conv@1=0.0000, conv@2=0.0000, conv@3=0.0000, conv@5=0.0000, residual@1=7.518058e-02, residual@2=9.621337e-03
     25 total:19.82290 | blocks:2 | L1_step:0.38654 (1.9%) | L2_step:0.09357 (0.5%) L2_final:0.12918 (0.7%) | L3_e3:19.21361 (96.9%) | final_max_PQ:3.714e-01
     50 total:13.71702 | blocks:3 | L1_step:0.53217 (3.9%) | L2_step:0.06604 (0.5%) L2_final:0.09086 (0.7%) | L3_e3:13.02794 (95.0%) | final_max_PQ:3.694e-02
🔘 Epoch 283 No Improvement (3/40) | Val conv@1=0.0000, conv@2=0.0000, conv@3=0.0000, conv@5=0.0000, residual@1=7.336304e-02, residual@2=8.335048e-03
     25 total:25.06767 | blocks:2 | L1_step:0.63641 (2.5%) | L2_step:0.07364 (0.3%) L2_final:0.11274 (0.4%) | L3_e3:24.24489 (96.7%) | final_max_PQ:4.453e-01
     50 total:17.90409 | blocks:1 | L1_step:0.20038 (1.1%) | L2_step:0.19360 (1.1%) L2_final:0.32552 (1.8%) | L3_e3:17.18459 (96.0%) | final_max_PQ:2.591e+00
🔘 Epoch 284 No Improvement (4/40) | Val conv@1=0.0000, conv@2=0.0000, conv@3=0.0000, conv@5=0.0000, residual@1=7.136999e-02, residual@2=9.698996e-03
     25 total:17.81085 | blocks:2 | L1_step:0.34758 (2.0%) | L2_step:0.08901 (0.5%) L2_final:0.12904 (0.7%) | L3_e3:17.24522 (96.8%) | final_max_PQ:2.988e-01
     50 total:17.85776 | blocks:3 | L1_step:0.47737 (2.7%) | L2_step:0.08817 (0.5%) L2_final:0.12255 (0.7%) | L3_e3:17.16966 (96.1%) | final_max_PQ:6.180e-01
🔘 Epoch 285 No Improvement (5/40) | Val conv@1=0.0000, conv@2=0.0000, conv@3=0.0000, conv@5=0.0000, residual@1=6.719033e-02, residual@2=8.220253e-03
     25 total:15.49224 | blocks:2 | L1_step:0.40125 (2.6%) | L2_step:0.10552 (0.7%) L2_final:0.15208 (1.0%) | L3_e3:14.83340 (95.7%) | final_max_PQ:3.724e-01
     50 total:16.14263 | blocks:2 | L1_step:0.36271 (2.2%) | L2_step:0.08519 (0.5%) L2_final:0.12449 (0.8%) | L3_e3:15.57024 (96.5%) | final_max_PQ:3.388e-01
🟩 Epoch 286 | Train loss = 16.1725 | Val conv@1=0.0000, conv@2=0.0000, conv@3=0.0000, conv@5=0.0000, residual@1=6.866859e-02, residual@2=7.694819e-03, residual@3=3.097341e-03, excess@2=75.9482, tail@2=1.121708e+00, score=-22.970961 | LR: 5.0000e-04
     25 total:13.74400 | blocks:3 | L1_step:0.58960 (4.3%) | L2_step:0.07357 (0.5%) L2_final:0.10990 (0.8%) | L3_e3:12.97093 (94.4%) | final_max_PQ:2.257e-01
     50 total:16.51575 | blocks:2 | L1_step:0.33473 (2.0%) | L2_step:0.10259 (0.6%) L2_final:0.13477 (0.8%) | L3_e3:15.94365 (96.5%) | final_max_PQ:7.974e-01
🔘 Epoch 287 No Improvement (1/40) | Val conv@1=0.0000, conv@2=0.0000, conv@3=0.0000, conv@5=0.0000, residual@1=6.967466e-02, residual@2=8.540873e-03
     25 total:17.73643 | blocks:2 | L1_step:0.47651 (2.7%) | L2_step:0.09949 (0.6%) L2_final:0.17233 (1.0%) | L3_e3:16.98811 (95.8%) | final_max_PQ:1.057e+00
     50 total:17.85365 | blocks:3 | L1_step:0.56107 (3.1%) | L2_step:0.10049 (0.6%) L2_final:0.17576 (1.0%) | L3_e3:17.01632 (95.3%) | final_max_PQ:3.721e-01
🔘 Epoch 288 No Improvement (2/40) | Val conv@1=0.0000, conv@2=0.0000, conv@3=0.0000, conv@5=0.0000, residual@1=1.155285e-01, residual@2=1.618619e-02
     25 total:17.71063 | blocks:2 | L1_step:0.64607 (3.6%) | L2_step:0.10024 (0.6%) L2_final:0.14593 (0.8%) | L3_e3:16.81840 (95.0%) | final_max_PQ:8.540e-01
     50 total:18.10556 | blocks:2 | L1_step:0.61815 (3.4%) | L2_step:0.10005 (0.6%) L2_final:0.15390 (0.9%) | L3_e3:17.23345 (95.2%) | final_max_PQ:7.913e-01
🔘 Epoch 289 No Improvement (3/40) | Val conv@1=0.0000, conv@2=0.0000, conv@3=0.0000, conv@5=0.0000, residual@1=7.373424e-02, residual@2=8.936651e-03
     25 total:17.72228 | blocks:2 | L1_step:0.32376 (1.8%) | L2_step:0.08171 (0.5%) L2_final:0.11011 (0.6%) | L3_e3:17.20671 (97.1%) | final_max_PQ:2.574e-01
     50 total:17.39884 | blocks:1 | L1_step:0.16743 (1.0%) | L2_step:0.15971 (0.9%) L2_final:0.19885 (1.1%) | L3_e3:16.87285 (97.0%) | final_max_PQ:1.395e+00
🔘 Epoch 290 No Improvement (4/40) | Val conv@1=0.0000, conv@2=0.0000, conv@3=0.0000, conv@5=0.0000, residual@1=7.182350e-02, residual@2=9.729557e-03
     25 total:17.48825 | blocks:3 | L1_step:0.53040 (3.0%) | L2_step:0.07449 (0.4%) L2_final:0.11502 (0.7%) | L3_e3:16.76834 (95.9%) | final_max_PQ:1.386e-01
     50 total:18.65800 | blocks:1 | L1_step:0.36616 (2.0%) | L2_step:0.20590 (1.1%) L2_final:0.22753 (1.2%) | L3_e3:17.85841 (95.7%) | final_max_PQ:1.363e+00
🔘 Epoch 291 No Improvement (5/40) | Val conv@1=0.0000, conv@2=0.0000, conv@3=0.0000, conv@5=0.0000, residual@1=7.156540e-02, residual@2=8.518736e-03
     25 total:16.04033 | blocks:2 | L1_step:0.50219 (3.1%) | L2_step:0.10973 (0.7%) L2_final:0.14356 (0.9%) | L3_e3:15.28485 (95.3%) | final_max_PQ:2.650e-01
     50 total:13.13637 | blocks:3 | L1_step:0.43527 (3.3%) | L2_step:0.07451 (0.6%) L2_final:0.10970 (0.8%) | L3_e3:12.51689 (95.3%) | final_max_PQ:2.583e-01
🟩 Epoch 292 | Train loss = 15.9300 | Val conv@1=0.0000, conv@2=0.0000, conv@3=0.0000, conv@5=0.0000, residual@1=6.627768e-02, residual@2=7.330324e-03, residual@3=2.704087e-03, excess@2=72.3032, tail@2=1.203979e+00, score=-21.878892 | LR: 5.0000e-04
     25 total:20.33635 | blocks:2 | L1_step:0.50782 (2.5%) | L2_step:0.07804 (0.4%) L2_final:0.12823 (0.6%) | L3_e3:19.62226 (96.5%) | final_max_PQ:6.433e-01
     50 total:18.87814 | blocks:2 | L1_step:0.46008 (2.4%) | L2_step:0.10505 (0.6%) L2_final:0.13427 (0.7%) | L3_e3:18.17873 (96.3%) | final_max_PQ:4.293e-01
🔘 Epoch 293 No Improvement (1/40) | Val conv@1=0.0000, conv@2=0.0000, conv@3=0.0000, conv@5=0.0000, residual@1=6.958134e-02, residual@2=8.690678e-03
     25 total:21.62875 | blocks:1 | L1_step:0.43812 (2.0%) | L2_step:0.19176 (0.9%) L2_final:0.23698 (1.1%) | L3_e3:20.76188 (96.0%) | final_max_PQ:1.578e+00
     50 total:17.29446 | blocks:2 | L1_step:0.62390 (3.6%) | L2_step:0.09132 (0.5%) L2_final:0.12255 (0.7%) | L3_e3:16.45669 (95.2%) | final_max_PQ:3.947e-01
🔘 Epoch 294 No Improvement (2/40) | Val conv@1=0.0000, conv@2=0.0000, conv@3=0.0000, conv@5=0.0000, residual@1=6.746512e-02, residual@2=8.692145e-03
     25 total:16.70033 | blocks:2 | L1_step:0.51066 (3.1%) | L2_step:0.09834 (0.6%) L2_final:0.12584 (0.8%) | L3_e3:15.96550 (95.6%) | final_max_PQ:3.003e-01
     50 total:16.47712 | blocks:2 | L1_step:0.54319 (3.3%) | L2_step:0.08147 (0.5%) L2_final:0.12122 (0.7%) | L3_e3:15.73124 (95.5%) | final_max_PQ:2.482e-01
🔘 Epoch 295 No Improvement (3/40) | Val conv@1=0.0000, conv@2=0.0000, conv@3=0.0000, conv@5=0.0000, residual@1=6.472629e-02, residual@2=8.252566e-03
     25 total:18.97064 | blocks:2 | L1_step:0.62546 (3.3%) | L2_step:0.07425 (0.4%) L2_final:0.09849 (0.5%) | L3_e3:18.17245 (95.8%) | final_max_PQ:2.074e-01
     50 total:16.48333 | blocks:2 | L1_step:0.35509 (2.2%) | L2_step:0.09625 (0.6%) L2_final:0.11785 (0.7%) | L3_e3:15.91414 (96.5%) | final_max_PQ:5.166e-01
🔘 Epoch 296 No Improvement (4/40) | Val conv@1=0.0000, conv@2=0.0000, conv@3=0.0000, conv@5=0.0000, residual@1=6.439404e-02, residual@2=7.768240e-03
     25 total:16.56605 | blocks:2 | L1_step:0.37766 (2.3%) | L2_step:0.10502 (0.6%) L2_final:0.12568 (0.8%) | L3_e3:15.95769 (96.3%) | final_max_PQ:2.599e-01
     50 total:15.36228 | blocks:2 | L1_step:0.33946 (2.2%) | L2_step:0.05668 (0.4%) L2_final:0.07983 (0.5%) | L3_e3:14.88631 (96.9%) | final_max_PQ:6.421e-01
🔘 Epoch 297 No Improvement (5/40) | Val conv@1=0.0000, conv@2=0.0000, conv@3=0.0000, conv@5=0.0000, residual@1=6.922504e-02, residual@2=8.722580e-03
     25 total:22.36861 | blocks:2 | L1_step:0.33440 (1.5%) | L2_step:0.08424 (0.4%) L2_final:0.11379 (0.5%) | L3_e3:21.83617 (97.6%) | final_max_PQ:1.116e+00
     50 total:17.84973 | blocks:2 | L1_step:0.40305 (2.3%) | L2_step:0.09062 (0.5%) L2_final:0.12872 (0.7%) | L3_e3:17.22734 (96.5%) | final_max_PQ:3.961e-01
🟩 Epoch 298 | Train loss = 18.3726 | Val conv@1=0.0000, conv@2=0.0000, conv@3=0.0000, conv@5=0.0000, residual@1=6.587678e-02, residual@2=7.291270e-03, residual@3=3.024632e-03, excess@2=71.9127, tail@2=1.076259e+00, score=-21.759488 | LR: 5.0000e-04
     25 total:24.84112 | blocks:2 | L1_step:0.31272 (1.3%) | L2_step:0.09531 (0.4%) L2_final:0.12619 (0.5%) | L3_e3:24.30689 (97.8%) | final_max_PQ:4.617e-01
     50 total:23.95382 | blocks:2 | L1_step:0.52747 (2.2%) | L2_step:0.07920 (0.3%) L2_final:0.10437 (0.4%) | L3_e3:23.24278 (97.0%) | final_max_PQ:1.644e-01
🔘 Epoch 299 No Improvement (1/40) | Val conv@1=0.0000, conv@2=0.0000, conv@3=0.0000, conv@5=0.0000, residual@1=6.884206e-02, residual@2=8.989362e-03
     25 total:16.87341 | blocks:2 | L1_step:0.78949 (4.7%) | L2_step:0.09771 (0.6%) L2_final:0.15836 (0.9%) | L3_e3:15.82785 (93.8%) | final_max_PQ:3.470e-01
     50 total:18.40832 | blocks:1 | L1_step:0.18835 (1.0%) | L2_step:0.18284 (1.0%) L2_final:0.23901 (1.3%) | L3_e3:17.79811 (96.7%) | final_max_PQ:1.861e+00
🟩 Epoch 300 | Train loss = 17.5767 | Val conv@1=0.0000, conv@2=0.0000, conv@3=0.0000, conv@5=0.0000, residual@1=6.957210e-02, residual@2=7.066208e-03, residual@3=2.771133e-03, excess@2=69.6621, tail@2=9.010010e-01, score=-21.080744 | LR: 5.0000e-04
     25 total:14.49676 | blocks:2 | L1_step:0.33082 (2.3%) | L2_step:0.06618 (0.5%) L2_final:0.08832 (0.6%) | L3_e3:14.01144 (96.7%) | final_max_PQ:4.330e-01
     50 total:15.42952 | blocks:2 | L1_step:0.33089 (2.1%) | L2_step:0.08457 (0.5%) L2_final:0.11709 (0.8%) | L3_e3:14.89698 (96.5%) | final_max_PQ:2.879e-01
🔘 Epoch 301 No Improvement (1/40) | Val conv@1=0.0000, conv@2=0.0000, conv@3=0.0000, conv@5=0.0000, residual@1=6.432227e-02, residual@2=8.388681e-03
     25 total:12.81771 | blocks:3 | L1_step:0.50930 (4.0%) | L2_step:0.07706 (0.6%) L2_final:0.10781 (0.8%) | L3_e3:12.12355 (94.6%) | final_max_PQ:1.851e-01
     50 total:16.67568 | blocks:2 | L1_step:0.34476 (2.1%) | L2_step:0.09262 (0.6%) L2_final:0.12520 (0.8%) | L3_e3:16.11309 (96.6%) | final_max_PQ:8.629e-01
🟩 Epoch 302 | Train loss = 17.5245 | Val conv@1=0.0000, conv@2=0.0000, conv@3=0.0000, conv@5=0.0000, residual@1=6.331571e-02, residual@2=6.488699e-03, residual@3=2.575711e-03, excess@2=63.8870, tail@2=1.189957e+00, score=-19.353783 | LR: 5.0000e-04
     25 total:13.89018 | blocks:2 | L1_step:0.31903 (2.3%) | L2_step:0.09459 (0.7%) L2_final:0.12113 (0.9%) | L3_e3:13.35542 (96.2%) | final_max_PQ:2.633e-01
     50 total:17.54909 | blocks:3 | L1_step:0.55727 (3.2%) | L2_step:0.06545 (0.4%) L2_final:0.08951 (0.5%) | L3_e3:16.83687 (95.9%) | final_max_PQ:5.133e-01
🔘 Epoch 303 No Improvement (1/40) | Val conv@1=0.0000, conv@2=0.0000, conv@3=0.0000, conv@5=0.0000, residual@1=6.279900e-02, residual@2=8.145367e-03
     25 total:34.85925 | blocks:2 | L1_step:0.43707 (1.3%) | L2_step:0.08098 (0.2%) L2_final:0.11629 (0.3%) | L3_e3:34.22491 (98.2%) | final_max_PQ:2.405e-01
     50 total:20.02574 | blocks:2 | L1_step:0.61679 (3.1%) | L2_step:0.07651 (0.4%) L2_final:0.10985 (0.5%) | L3_e3:19.22259 (96.0%) | final_max_PQ:4.321e-01
🔘 Epoch 304 No Improvement (2/40) | Val conv@1=0.0000, conv@2=0.0000, conv@3=0.0000, conv@5=0.0000, residual@1=7.389388e-02, residual@2=7.407869e-03
     25 total:23.78102 | blocks:1 | L1_step:0.53041 (2.2%) | L2_step:0.18076 (0.8%) L2_final:0.20154 (0.8%) | L3_e3:22.86832 (96.2%) | final_max_PQ:1.276e+00
     50 total:15.32174 | blocks:2 | L1_step:0.57461 (3.8%) | L2_step:0.08247 (0.5%) L2_final:0.09339 (0.6%) | L3_e3:14.57128 (95.1%) | final_max_PQ:1.379e-01
🔘 Epoch 305 No Improvement (3/40) | Val conv@1=0.0000, conv@2=0.0000, conv@3=0.0000, conv@5=0.0000, residual@1=6.454923e-02, residual@2=6.501751e-03
     25 total:14.10388 | blocks:3 | L1_step:0.48496 (3.4%) | L2_step:0.05398 (0.4%) L2_final:0.08657 (0.6%) | L3_e3:13.47838 (95.6%) | final_max_PQ:2.223e-01
     50 total:19.00409 | blocks:2 | L1_step:0.43020 (2.3%) | L2_step:0.07409 (0.4%) L2_final:0.10663 (0.6%) | L3_e3:18.39317 (96.8%) | final_max_PQ:6.504e-01
🔘 Epoch 306 No Improvement (4/40) | Val conv@1=0.0000, conv@2=0.0000, conv@3=0.0000, conv@5=0.0000, residual@1=6.747311e-02, residual@2=7.774474e-03
     25 total:15.92904 | blocks:1 | L1_step:0.17862 (1.1%) | L2_step:0.15345 (1.0%) L2_final:0.18429 (1.2%) | L3_e3:15.41268 (96.8%) | final_max_PQ:1.514e+00
     50 total:18.61824 | blocks:2 | L1_step:0.68491 (3.7%) | L2_step:0.07812 (0.4%) L2_final:0.09662 (0.5%) | L3_e3:17.75859 (95.4%) | final_max_PQ:2.079e-01
🔘 Epoch 307 No Improvement (5/40) | Val conv@1=0.0000, conv@2=0.0000, conv@3=0.0000, conv@5=0.0000, residual@1=6.189046e-02, residual@2=6.731656e-03
     25 total:15.90940 | blocks:2 | L1_step:0.32371 (2.0%) | L2_step:0.08556 (0.5%) L2_final:0.10408 (0.7%) | L3_e3:15.39606 (96.8%) | final_max_PQ:1.669e-01
     50 total:16.28008 | blocks:2 | L1_step:0.32095 (2.0%) | L2_step:0.07798 (0.5%) L2_final:0.09470 (0.6%) | L3_e3:15.78645 (97.0%) | final_max_PQ:2.198e-01
🔘 Epoch 308 No Improvement (6/40) | Val conv@1=0.0000, conv@2=0.0000, conv@3=0.0000, conv@5=0.0000, residual@1=6.306941e-02, residual@2=6.494320e-03
     25 total:15.68891 | blocks:3 | L1_step:0.33244 (2.1%) | L2_step:0.07758 (0.5%) L2_final:0.10595 (0.7%) | L3_e3:15.17294 (96.7%) | final_max_PQ:4.596e-01
     50 total:15.13919 | blocks:2 | L1_step:0.61570 (4.1%) | L2_step:0.06568 (0.4%) L2_final:0.08085 (0.5%) | L3_e3:14.37696 (95.0%) | final_max_PQ:2.232e-01
🟩 Epoch 309 | Train loss = 16.1948 | Val conv@1=0.0000, conv@2=0.0000, conv@3=0.0000, conv@5=0.0000, residual@1=5.896565e-02, residual@2=6.233582e-03, residual@3=2.277764e-03, excess@2=61.3358, tail@2=1.037720e+00, score=-18.585694 | LR: 5.0000e-04
     25 total:12.71206 | blocks:3 | L1_step:0.40292 (3.2%) | L2_step:0.07430 (0.6%) L2_final:0.09373 (0.7%) | L3_e3:12.14111 (95.5%) | final_max_PQ:2.441e-02
     50 total:14.79774 | blocks:3 | L1_step:0.66273 (4.5%) | L2_step:0.06949 (0.5%) L2_final:0.09102 (0.6%) | L3_e3:13.97449 (94.4%) | final_max_PQ:3.582e-01
🔘 Epoch 310 No Improvement (1/40) | Val conv@1=0.0000, conv@2=0.0000, conv@3=0.0000, conv@5=0.0000, residual@1=5.991144e-02, residual@2=7.285845e-03
     25 total:16.91071 | blocks:2 | L1_step:0.34618 (2.0%) | L2_step:0.08390 (0.5%) L2_final:0.09898 (0.6%) | L3_e3:16.38164 (96.9%) | final_max_PQ:6.840e-01
     50 total:17.06680 | blocks:3 | L1_step:0.52732 (3.1%) | L2_step:0.06507 (0.4%) L2_final:0.08394 (0.5%) | L3_e3:16.39047 (96.0%) | final_max_PQ:7.237e-02
🟩 Epoch 311 | Train loss = 16.7706 | Val conv@1=0.0000, conv@2=0.0000, conv@3=0.0000, conv@5=0.0000, residual@1=5.926337e-02, residual@2=6.061457e-03, residual@3=2.340986e-03, excess@2=59.6146, tail@2=8.682556e-01, score=-18.065752 | LR: 5.0000e-04
     25 total:16.42918 | blocks:3 | L1_step:0.55634 (3.4%) | L2_step:0.06735 (0.4%) L2_final:0.08453 (0.5%) | L3_e3:15.72095 (95.7%) | final_max_PQ:3.493e-01
     50 total:15.65607 | blocks:2 | L1_step:0.33720 (2.2%) | L2_step:0.07822 (0.5%) L2_final:0.10013 (0.6%) | L3_e3:15.14052 (96.7%) | final_max_PQ:4.747e-01
🔘 Epoch 312 No Improvement (1/40) | Val conv@1=0.0000, conv@2=0.0000, conv@3=0.0000, conv@5=0.0000, residual@1=5.996583e-02, residual@2=7.580214e-03
     25 total:13.61925 | blocks:3 | L1_step:0.43208 (3.2%) | L2_step:0.04638 (0.3%) L2_final:0.06442 (0.5%) | L3_e3:13.07637 (96.0%) | final_max_PQ:1.351e-02
     50 total:20.62712 | blocks:3 | L1_step:0.41988 (2.0%) | L2_step:0.06163 (0.3%) L2_final:0.09095 (0.4%) | L3_e3:20.05465 (97.2%) | final_max_PQ:9.856e-02
🔘 Epoch 313 No Improvement (2/40) | Val conv@1=0.0000, conv@2=0.0000, conv@3=0.0000, conv@5=0.0000, residual@1=6.937459e-02, residual@2=9.008672e-03
     25 total:15.12460 | blocks:3 | L1_step:0.35991 (2.4%) | L2_step:0.06074 (0.4%) L2_final:0.08879 (0.6%) | L3_e3:14.61517 (96.6%) | final_max_PQ:7.448e-02
     50 total:16.11981 | blocks:2 | L1_step:0.31768 (2.0%) | L2_step:0.09984 (0.6%) L2_final:0.11898 (0.7%) | L3_e3:15.58331 (96.7%) | final_max_PQ:3.286e-01
🔘 Epoch 314 No Improvement (3/40) | Val conv@1=0.0000, conv@2=0.0000, conv@3=0.0000, conv@5=0.0000, residual@1=6.202472e-02, residual@2=6.233721e-03
     25 total:18.74513 | blocks:2 | L1_step:0.32833 (1.8%) | L2_step:0.08412 (0.4%) L2_final:0.10989 (0.6%) | L3_e3:18.22279 (97.2%) | final_max_PQ:5.318e-01
     50 total:15.57149 | blocks:1 | L1_step:0.25501 (1.6%) | L2_step:0.15830 (1.0%) L2_final:0.21307 (1.4%) | L3_e3:14.94511 (96.0%) | final_max_PQ:1.838e+00
🔘 Epoch 315 No Improvement (4/40) | Val conv@1=0.0000, conv@2=0.0000, conv@3=0.0000, conv@5=0.0000, residual@1=6.156038e-02, residual@2=6.724125e-03
     25 total:14.72647 | blocks:3 | L1_step:0.54710 (3.7%) | L2_step:0.07055 (0.5%) L2_final:0.08898 (0.6%) | L3_e3:14.01985 (95.2%) | final_max_PQ:1.418e-01
     50 total:14.32575 | blocks:2 | L1_step:0.35053 (2.4%) | L2_step:0.08297 (0.6%) L2_final:0.11053 (0.8%) | L3_e3:13.78171 (96.2%) | final_max_PQ:4.905e-01
🔘 Epoch 316 No Improvement (5/40) | Val conv@1=0.0000, conv@2=0.0000, conv@3=0.0000, conv@5=0.0000, residual@1=5.823875e-02, residual@2=6.442831e-03
     25 total:19.66715 | blocks:2 | L1_step:0.35329 (1.8%) | L2_step:0.07499 (0.4%) L2_final:0.10248 (0.5%) | L3_e3:19.13639 (97.3%) | final_max_PQ:3.085e-01
     50 total:15.06346 | blocks:2 | L1_step:0.34084 (2.3%) | L2_step:0.07752 (0.5%) L2_final:0.10308 (0.7%) | L3_e3:14.54203 (96.5%) | final_max_PQ:2.388e-01
🔘 Epoch 317 No Improvement (6/40) | Val conv@1=0.0000, conv@2=0.0000, conv@3=0.0000, conv@5=0.0000, residual@1=6.803169e-02, residual@2=8.936487e-03
     25 total:16.86180 | blocks:2 | L1_step:0.45092 (2.7%) | L2_step:0.09628 (0.6%) L2_final:0.13183 (0.8%) | L3_e3:16.18277 (96.0%) | final_max_PQ:9.366e-01
     50 total:14.95708 | blocks:2 | L1_step:0.43381 (2.9%) | L2_step:0.09274 (0.6%) L2_final:0.11564 (0.8%) | L3_e3:14.31489 (95.7%) | final_max_PQ:7.244e-01
🔘 Epoch 318 No Improvement (7/40) | Val conv@1=0.0000, conv@2=0.0000, conv@3=0.0000, conv@5=0.0000, residual@1=5.779262e-02, residual@2=6.844201e-03
     25 total:21.04334 | blocks:1 | L1_step:0.49561 (2.4%) | L2_step:0.16828 (0.8%) L2_final:0.23790 (1.1%) | L3_e3:20.14154 (95.7%) | final_max_PQ:1.629e+00
     50 total:16.52746 | blocks:2 | L1_step:0.68038 (4.1%) | L2_step:0.08418 (0.5%) L2_final:0.09662 (0.6%) | L3_e3:15.66628 (94.8%) | final_max_PQ:2.617e-01
🔘 Epoch 319 No Improvement (8/40) | Val conv@1=0.0000, conv@2=0.0000, conv@3=0.0000, conv@5=0.0000, residual@1=6.333605e-02, residual@2=7.551055e-03
     25 total:15.41273 | blocks:3 | L1_step:0.56634 (3.7%) | L2_step:0.06248 (0.4%) L2_final:0.07579 (0.5%) | L3_e3:14.70813 (95.4%) | final_max_PQ:2.035e-02
     50 total:17.81706 | blocks:3 | L1_step:0.71905 (4.0%) | L2_step:0.05795 (0.3%) L2_final:0.07437 (0.4%) | L3_e3:16.96569 (95.2%) | final_max_PQ:4.121e-02
🔘 Epoch 320 No Improvement (9/40) | Val conv@1=0.0000, conv@2=0.0000, conv@3=0.0000, conv@5=0.0000, residual@1=6.068416e-02, residual@2=6.442562e-03
     25 total:17.10588 | blocks:3 | L1_step:0.73882 (4.3%) | L2_step:0.05017 (0.3%) L2_final:0.06935 (0.4%) | L3_e3:16.24753 (95.0%) | final_max_PQ:1.079e-01
     50 total:13.87835 | blocks:3 | L1_step:0.62795 (4.5%) | L2_step:0.05678 (0.4%) L2_final:0.07131 (0.5%) | L3_e3:13.12232 (94.6%) | final_max_PQ:4.619e-02
🔘 Epoch 321 No Improvement (10/40) | Val conv@1=0.0000, conv@2=0.0000, conv@3=0.0000, conv@5=0.0000, residual@1=6.020762e-02, residual@2=6.651595e-03
     25 total:16.85088 | blocks:2 | L1_step:0.39408 (2.3%) | L2_step:0.08004 (0.5%) L2_final:0.10120 (0.6%) | L3_e3:16.27556 (96.6%) | final_max_PQ:3.065e-01
     50 total:26.19194 | blocks:3 | L1_step:0.64275 (2.5%) | L2_step:0.05274 (0.2%) L2_final:0.08144 (0.3%) | L3_e3:25.41501 (97.0%) | final_max_PQ:1.616e-01
🔘 Epoch 322 No Improvement (11/40) | Val conv@1=0.0000, conv@2=0.0000, conv@3=0.0000, conv@5=0.0000, residual@1=5.593105e-02, residual@2=6.388225e-03
     25 total:21.47049 | blocks:1 | L1_step:0.25638 (1.2%) | L2_step:0.16551 (0.8%) L2_final:0.20152 (0.9%) | L3_e3:20.84708 (97.1%) | final_max_PQ:1.137e+00
     50 total:20.21695 | blocks:2 | L1_step:0.56520 (2.8%) | L2_step:0.09041 (0.4%) L2_final:0.12532 (0.6%) | L3_e3:19.43601 (96.1%) | final_max_PQ:2.365e-01
🔘 Epoch 323 No Improvement (12/40) | Val conv@1=0.0000, conv@2=0.0000, conv@3=0.0000, conv@5=0.0000, residual@1=5.984416e-02, residual@2=6.450106e-03
     25 total:18.52828 | blocks:1 | L1_step:0.43573 (2.4%) | L2_step:0.16511 (0.9%) L2_final:0.20193 (1.1%) | L3_e3:17.72551 (95.7%) | final_max_PQ:1.858e+00
     50 total:23.61579 | blocks:2 | L1_step:0.85146 (3.6%) | L2_step:0.07382 (0.3%) L2_final:0.10724 (0.5%) | L3_e3:22.58327 (95.6%) | final_max_PQ:3.532e-01
🟩 Epoch 324 | Train loss = 21.5454 | Val conv@1=0.0000, conv@2=0.0000, conv@3=0.0000, conv@5=0.0000, residual@1=5.938570e-02, residual@2=5.646551e-03, residual@3=2.898179e-03, excess@2=55.4655, tail@2=3.769684e-01, score=-16.804348 | LR: 5.0000e-04
     25 total:22.40188 | blocks:2 | L1_step:0.35357 (1.6%) | L2_step:0.08197 (0.4%) L2_final:0.10981 (0.5%) | L3_e3:21.85652 (97.6%) | final_max_PQ:1.438e-01
     50 total:17.26134 | blocks:2 | L1_step:0.35666 (2.1%) | L2_step:0.08906 (0.5%) L2_final:0.11022 (0.6%) | L3_e3:16.70539 (96.8%) | final_max_PQ:4.538e-01
🟩 Epoch 325 | Train loss = 17.4126 | Val conv@1=0.0000, conv@2=0.0000, conv@3=0.0000, conv@5=0.0000, residual@1=5.759829e-02, residual@2=5.563004e-03, residual@3=2.076564e-03, excess@2=54.6300, tail@2=6.908111e-01, score=-16.565820 | LR: 5.0000e-04
     25 total:16.07131 | blocks:2 | L1_step:0.36942 (2.3%) | L2_step:0.08174 (0.5%) L2_final:0.10066 (0.6%) | L3_e3:15.51949 (96.6%) | final_max_PQ:1.744e-01
     50 total:15.60689 | blocks:2 | L1_step:0.64808 (4.2%) | L2_step:0.07264 (0.5%) L2_final:0.08413 (0.5%) | L3_e3:14.80205 (94.8%) | final_max_PQ:2.612e-01
🔘 Epoch 326 No Improvement (1/40) | Val conv@1=0.0000, conv@2=0.0000, conv@3=0.0000, conv@5=0.0000, residual@1=5.897942e-02, residual@2=6.548683e-03
     25 total:18.67949 | blocks:2 | L1_step:0.66923 (3.6%) | L2_step:0.07908 (0.4%) L2_final:0.11565 (0.6%) | L3_e3:17.81553 (95.4%) | final_max_PQ:2.600e-01
     50 total:16.48943 | blocks:2 | L1_step:0.45264 (2.7%) | L2_step:0.10347 (0.6%) L2_final:0.14296 (0.9%) | L3_e3:15.79036 (95.8%) | final_max_PQ:2.372e-01
🔘 Epoch 327 No Improvement (2/40) | Val conv@1=0.0000, conv@2=0.0000, conv@3=0.0000, conv@5=0.0000, residual@1=6.251991e-02, residual@2=6.563895e-03
     25 total:13.10340 | blocks:3 | L1_step:0.60364 (4.6%) | L2_step:0.07025 (0.5%) L2_final:0.09522 (0.7%) | L3_e3:12.33428 (94.1%) | final_max_PQ:4.450e-02
     50 total:16.51089 | blocks:2 | L1_step:0.46009 (2.8%) | L2_step:0.07928 (0.5%) L2_final:0.09861 (0.6%) | L3_e3:15.87290 (96.1%) | final_max_PQ:5.630e-01
🔘 Epoch 328 No Improvement (3/40) | Val conv@1=0.0000, conv@2=0.0000, conv@3=0.0000, conv@5=0.0000, residual@1=5.544959e-02, residual@2=5.567679e-03
     25 total:16.80338 | blocks:2 | L1_step:0.39764 (2.4%) | L2_step:0.07404 (0.4%) L2_final:0.09443 (0.6%) | L3_e3:16.23727 (96.6%) | final_max_PQ:9.085e-02
     50 total:13.86328 | blocks:3 | L1_step:0.57726 (4.2%) | L2_step:0.06244 (0.5%) L2_final:0.07729 (0.6%) | L3_e3:13.14629 (94.8%) | final_max_PQ:1.070e-01
🔘 Epoch 329 No Improvement (4/40) | Val conv@1=0.0000, conv@2=0.0000, conv@3=0.0000, conv@5=0.0000, residual@1=5.822081e-02, residual@2=5.946195e-03
     25 total:14.77743 | blocks:2 | L1_step:0.64228 (4.3%) | L2_step:0.07266 (0.5%) L2_final:0.08760 (0.6%) | L3_e3:13.97488 (94.6%) | final_max_PQ:2.018e-01
     50 total:12.48858 | blocks:3 | L1_step:0.58927 (4.7%) | L2_step:0.06178 (0.5%) L2_final:0.08375 (0.7%) | L3_e3:11.75378 (94.1%) | final_max_PQ:2.608e-01
🔘 Epoch 330 No Improvement (5/40) | Val conv@1=0.0000, conv@2=0.0000, conv@3=0.0000, conv@5=0.0000, residual@1=6.109830e-02, residual@2=6.460496e-03
     25 total:13.84321 | blocks:2 | L1_step:0.33358 (2.4%) | L2_step:0.08106 (0.6%) L2_final:0.10601 (0.8%) | L3_e3:13.32256 (96.2%) | final_max_PQ:2.334e-01
     50 total:15.91091 | blocks:3 | L1_step:0.70993 (4.5%) | L2_step:0.05108 (0.3%) L2_final:0.06001 (0.4%) | L3_e3:15.08989 (94.8%) | final_max_PQ:1.509e-01
🟩 Epoch 331 | Train loss = 15.0876 | Val conv@1=0.0000, conv@2=0.0000, conv@3=0.0000, conv@5=0.0000, residual@1=5.634388e-02, residual@2=5.179309e-03, residual@3=1.850708e-03, excess@2=50.7931, tail@2=7.365949e-01, score=-15.416018 | LR: 5.0000e-04
     25 total:22.35884 | blocks:2 | L1_step:0.35010 (1.6%) | L2_step:0.08193 (0.4%) L2_final:0.11646 (0.5%) | L3_e3:21.81035 (97.5%) | final_max_PQ:3.026e-01
     50 total:21.14215 | blocks:2 | L1_step:0.38947 (1.8%) | L2_step:0.08310 (0.4%) L2_final:0.09891 (0.5%) | L3_e3:20.57067 (97.3%) | final_max_PQ:1.467e-01
🔘 Epoch 332 No Improvement (1/40) | Val conv@1=0.0000, conv@2=0.0000, conv@3=0.0000, conv@5=0.0000, residual@1=5.491269e-02, residual@2=5.315097e-03
     25 total:17.13574 | blocks:3 | L1_step:0.51913 (3.0%) | L2_step:0.05010 (0.3%) L2_final:0.07414 (0.4%) | L3_e3:16.49237 (96.2%) | final_max_PQ:2.318e-02
     50 total:19.33534 | blocks:3 | L1_step:0.34562 (1.8%) | L2_step:0.06321 (0.3%) L2_final:0.07169 (0.4%) | L3_e3:18.85482 (97.5%) | final_max_PQ:1.163e-02
🔘 Epoch 333 No Improvement (2/40) | Val conv@1=0.0000, conv@2=0.0000, conv@3=0.0000, conv@5=0.0000, residual@1=5.448405e-02, residual@2=5.415349e-03
     25 total:14.16697 | blocks:3 | L1_step:0.65744 (4.6%) | L2_step:0.05166 (0.4%) L2_final:0.08126 (0.6%) | L3_e3:13.37661 (94.4%) | final_max_PQ:4.780e-02
     50 total:16.43762 | blocks:2 | L1_step:0.78325 (4.8%) | L2_step:0.06832 (0.4%) L2_final:0.08430 (0.5%) | L3_e3:15.50175 (94.3%) | final_max_PQ:1.756e-01
🔘 Epoch 334 No Improvement (3/40) | Val conv@1=0.0000, conv@2=0.0000, conv@3=0.0000, conv@5=0.0000, residual@1=5.584975e-02, residual@2=5.905445e-03
     25 total:16.23181 | blocks:2 | L1_step:0.33566 (2.1%) | L2_step:0.06971 (0.4%) L2_final:0.08675 (0.5%) | L3_e3:15.73969 (97.0%) | final_max_PQ:3.182e-01
     50 total:17.77894 | blocks:2 | L1_step:0.46213 (2.6%) | L2_step:0.06149 (0.3%) L2_final:0.07625 (0.4%) | L3_e3:17.17907 (96.6%) | final_max_PQ:2.489e-01
🔘 Epoch 335 No Improvement (4/40) | Val conv@1=0.0000, conv@2=0.0000, conv@3=0.0000, conv@5=0.0000, residual@1=5.569408e-02, residual@2=5.356014e-03
     25 total:18.60332 | blocks:2 | L1_step:0.37401 (2.0%) | L2_step:0.06449 (0.3%) L2_final:0.07167 (0.4%) | L3_e3:18.09314 (97.3%) | final_max_PQ:3.895e-01
     50 total:17.12194 | blocks:1 | L1_step:0.45235 (2.6%) | L2_step:0.14747 (0.9%) L2_final:0.19890 (1.2%) | L3_e3:16.32323 (95.3%) | final_max_PQ:2.300e+00
🔘 Epoch 336 No Improvement (5/40) | Val conv@1=0.0000, conv@2=0.0000, conv@3=0.0000, conv@5=0.0000, residual@1=5.328193e-02, residual@2=5.647539e-03
     25 total:15.63599 | blocks:2 | L1_step:0.48369 (3.1%) | L2_step:0.07107 (0.5%) L2_final:0.08828 (0.6%) | L3_e3:14.99294 (95.9%) | final_max_PQ:1.724e-01
     50 total:19.92873 | blocks:2 | L1_step:0.36946 (1.9%) | L2_step:0.08407 (0.4%) L2_final:0.10774 (0.5%) | L3_e3:19.36747 (97.2%) | final_max_PQ:3.666e-01
🔘 Epoch 337 No Improvement (6/40) | Val conv@1=0.0000, conv@2=0.0000, conv@3=0.0000, conv@5=0.0000, residual@1=5.462119e-02, residual@2=5.512957e-03
     25 total:17.28964 | blocks:2 | L1_step:0.35902 (2.1%) | L2_step:0.07687 (0.4%) L2_final:0.11868 (0.7%) | L3_e3:16.73506 (96.8%) | final_max_PQ:2.266e-01
     50 total:17.03274 | blocks:2 | L1_step:0.64959 (3.8%) | L2_step:0.09491 (0.6%) L2_final:0.11599 (0.7%) | L3_e3:16.17225 (94.9%) | final_max_PQ:1.471e-01
🔘 Epoch 338 No Improvement (7/40) | Val conv@1=0.0000, conv@2=0.0000, conv@3=0.0000, conv@5=0.0000, residual@1=5.985719e-02, residual@2=5.842494e-03
     25 total:14.29837 | blocks:3 | L1_step:0.69301 (4.8%) | L2_step:0.05333 (0.4%) L2_final:0.06989 (0.5%) | L3_e3:13.48214 (94.3%) | final_max_PQ:1.869e-01
     50 total:16.64234 | blocks:2 | L1_step:0.32798 (2.0%) | L2_step:0.08367 (0.5%) L2_final:0.11065 (0.7%) | L3_e3:16.12004 (96.9%) | final_max_PQ:3.532e-01
🔘 Epoch 339 No Improvement (8/40) | Val conv@1=0.0000, conv@2=0.0000, conv@3=0.0000, conv@5=0.0000, residual@1=5.486106e-02, residual@2=6.232166e-03
     25 total:19.99012 | blocks:1 | L1_step:0.30694 (1.5%) | L2_step:0.17016 (0.9%) L2_final:0.22090 (1.1%) | L3_e3:19.29212 (96.5%) | final_max_PQ:1.564e+00
     50 total:14.54315 | blocks:3 | L1_step:0.65119 (4.5%) | L2_step:0.04377 (0.3%) L2_final:0.05938 (0.4%) | L3_e3:13.78881 (94.8%) | final_max_PQ:1.438e-01
🟩 Epoch 340 | Train loss = 16.0678 | Val conv@1=0.0000, conv@2=0.0000, conv@3=0.0000, conv@5=0.0000, residual@1=5.443725e-02, residual@2=4.497099e-03, residual@3=1.766658e-03, excess@2=43.9710, tail@2=4.891586e-01, score=-13.361203 | LR: 5.0000e-04
     25 total:12.38031 | blocks:3 | L1_step:0.32927 (2.7%) | L2_step:0.05247 (0.4%) L2_final:0.07156 (0.6%) | L3_e3:11.92702 (96.3%) | final_max_PQ:1.823e-02
     50 total:16.56566 | blocks:2 | L1_step:0.35202 (2.1%) | L2_step:0.06170 (0.4%) L2_final:0.07325 (0.4%) | L3_e3:16.07869 (97.1%) | final_max_PQ:5.193e-01
🔘 Epoch 341 No Improvement (1/40) | Val conv@1=0.0000, conv@2=0.0000, conv@3=0.0000, conv@5=0.0000, residual@1=5.370674e-02, residual@2=5.229907e-03
     25 total:13.33131 | blocks:3 | L1_step:0.37502 (2.8%) | L2_step:0.04785 (0.4%) L2_final:0.07024 (0.5%) | L3_e3:12.83819 (96.3%) | final_max_PQ:8.333e-02
     50 total:21.10486 | blocks:1 | L1_step:0.18587 (0.9%) | L2_step:0.14937 (0.7%) L2_final:0.16675 (0.8%) | L3_e3:20.60287 (97.6%) | final_max_PQ:1.235e+00
🔘 Epoch 342 No Improvement (2/40) | Val conv@1=0.0000, conv@2=0.0000, conv@3=0.0000, conv@5=0.0000, residual@1=5.349961e-02, residual@2=4.954516e-03
     25 total:17.96296 | blocks:2 | L1_step:0.43946 (2.4%) | L2_step:0.07301 (0.4%) L2_final:0.07700 (0.4%) | L3_e3:17.37349 (96.7%) | final_max_PQ:1.247e-01
     50 total:12.65404 | blocks:3 | L1_step:0.64257 (5.1%) | L2_step:0.04262 (0.3%) L2_final:0.05192 (0.4%) | L3_e3:11.91694 (94.2%) | final_max_PQ:1.127e-02
🔘 Epoch 343 No Improvement (3/40) | Val conv@1=0.0000, conv@2=0.0000, conv@3=0.0000, conv@5=0.0000, residual@1=5.192392e-02, residual@2=5.061003e-03
     25 total:16.42976 | blocks:2 | L1_step:0.33317 (2.0%) | L2_step:0.07243 (0.4%) L2_final:0.09809 (0.6%) | L3_e3:15.92608 (96.9%) | final_max_PQ:1.745e-01
     50 total:14.90308 | blocks:2 | L1_step:0.29788 (2.0%) | L2_step:0.06503 (0.4%) L2_final:0.06906 (0.5%) | L3_e3:14.47111 (97.1%) | final_max_PQ:1.859e-01
🔘 Epoch 344 No Improvement (4/40) | Val conv@1=0.0000, conv@2=0.0000, conv@3=0.0000, conv@5=0.0000, residual@1=5.141296e-02, residual@2=5.909754e-03
     25 total:16.81110 | blocks:1 | L1_step:0.40409 (2.4%) | L2_step:0.12409 (0.7%) L2_final:0.17023 (1.0%) | L3_e3:16.11270 (95.8%) | final_max_PQ:1.491e+00
     50 total:14.53395 | blocks:2 | L1_step:0.49339 (3.4%) | L2_step:0.06991 (0.5%) L2_final:0.08522 (0.6%) | L3_e3:13.88543 (95.5%) | final_max_PQ:2.758e-01
🔘 Epoch 345 No Improvement (5/40) | Val conv@1=0.0000, conv@2=0.0000, conv@3=0.0000, conv@5=0.0000, residual@1=5.176097e-02, residual@2=5.394538e-03
     25 total:15.09396 | blocks:3 | L1_step:0.57980 (3.8%) | L2_step:0.05605 (0.4%) L2_final:0.07407 (0.5%) | L3_e3:14.38404 (95.3%) | final_max_PQ:9.891e-02
     50 total:14.61218 | blocks:3 | L1_step:0.52742 (3.6%) | L2_step:0.05588 (0.4%) L2_final:0.07055 (0.5%) | L3_e3:13.95833 (95.5%) | final_max_PQ:1.817e-02
🔘 Epoch 346 No Improvement (6/40) | Val conv@1=0.0000, conv@2=0.0000, conv@3=0.0000, conv@5=0.0000, residual@1=4.995933e-02, residual@2=4.669540e-03
     25 total:16.53457 | blocks:2 | L1_step:0.68502 (4.1%) | L2_step:0.07169 (0.4%) L2_final:0.09052 (0.5%) | L3_e3:15.68734 (94.9%) | final_max_PQ:1.932e-01
     50 total:15.86015 | blocks:2 | L1_step:0.44331 (2.8%) | L2_step:0.09357 (0.6%) L2_final:0.12083 (0.8%) | L3_e3:15.20243 (95.9%) | final_max_PQ:2.903e-01
🔘 Epoch 347 No Improvement (7/40) | Val conv@1=0.0000, conv@2=0.0000, conv@3=0.0000, conv@5=0.0000, residual@1=5.389931e-02, residual@2=5.920682e-03
     25 total:14.46735 | blocks:2 | L1_step:0.52940 (3.7%) | L2_step:0.07022 (0.5%) L2_final:0.09200 (0.6%) | L3_e3:13.77573 (95.2%) | final_max_PQ:1.795e-01
     50 total:14.28992 | blocks:3 | L1_step:0.33095 (2.3%) | L2_step:0.05224 (0.4%) L2_final:0.07746 (0.5%) | L3_e3:13.82926 (96.8%) | final_max_PQ:1.051e-01
🟩 Epoch 348 | Train loss = 15.2222 | Val conv@1=0.0000, conv@2=0.0000, conv@3=0.0000, conv@5=0.0000, residual@1=5.022081e-02, residual@2=4.239325e-03, residual@3=1.592773e-03, excess@2=41.3933, tail@2=6.678695e-01, score=-12.594110 | LR: 5.0000e-04
     25 total:15.73278 | blocks:2 | L1_step:0.66907 (4.3%) | L2_step:0.07882 (0.5%) L2_final:0.12603 (0.8%) | L3_e3:14.85886 (94.4%) | final_max_PQ:5.095e-01
     50 total:15.06770 | blocks:3 | L1_step:0.58906 (3.9%) | L2_step:0.04464 (0.3%) L2_final:0.06315 (0.4%) | L3_e3:14.37084 (95.4%) | final_max_PQ:1.547e-02
🔘 Epoch 349 No Improvement (1/40) | Val conv@1=0.0000, conv@2=0.0000, conv@3=0.0000, conv@5=0.0000, residual@1=5.110885e-02, residual@2=6.494205e-03
     25 total:18.76186 | blocks:3 | L1_step:0.46007 (2.5%) | L2_step:0.06324 (0.3%) L2_final:0.07884 (0.4%) | L3_e3:18.15971 (96.8%) | final_max_PQ:4.547e-02
     50 total:18.32858 | blocks:2 | L1_step:0.77696 (4.2%) | L2_step:0.06137 (0.3%) L2_final:0.06787 (0.4%) | L3_e3:17.42238 (95.1%) | final_max_PQ:1.519e-01
🟩 Epoch 350 | Train loss = 17.9704 | Val conv@1=0.0000, conv@2=0.0000, conv@3=0.0000, conv@5=0.0000, residual@1=4.843833e-02, residual@2=4.174338e-03, residual@3=1.791519e-03, excess@2=40.7434, tail@2=5.253291e-01, score=-12.394346 | LR: 5.0000e-04
     25 total:13.99578 | blocks:3 | L1_step:0.32553 (2.3%) | L2_step:0.05462 (0.4%) L2_final:0.07238 (0.5%) | L3_e3:13.54325 (96.8%) | final_max_PQ:1.025e-01
     50 total:14.82607 | blocks:2 | L1_step:0.31949 (2.2%) | L2_step:0.06072 (0.4%) L2_final:0.07712 (0.5%) | L3_e3:14.36873 (96.9%) | final_max_PQ:1.198e-01
🔘 Epoch 351 No Improvement (1/40) | Val conv@1=0.0000, conv@2=0.0000, conv@3=0.0000, conv@5=0.0000, residual@1=5.093426e-02, residual@2=4.955340e-03
     25 total:15.40410 | blocks:2 | L1_step:0.32567 (2.1%) | L2_step:0.07362 (0.5%) L2_final:0.10736 (0.7%) | L3_e3:14.89745 (96.7%) | final_max_PQ:2.505e-01
     50 total:22.01189 | blocks:2 | L1_step:0.62033 (2.8%) | L2_step:0.09254 (0.4%) L2_final:0.10771 (0.5%) | L3_e3:21.19130 (96.3%) | final_max_PQ:2.638e-01
🔘 Epoch 352 No Improvement (2/40) | Val conv@1=0.0000, conv@2=0.0000, conv@3=0.0000, conv@5=0.0000, residual@1=5.740741e-02, residual@2=5.651199e-03
     25 total:17.55590 | blocks:3 | L1_step:0.54199 (3.1%) | L2_step:0.04975 (0.3%) L2_final:0.06647 (0.4%) | L3_e3:16.89768 (96.3%) | final_max_PQ:1.861e-02
     50 total:17.13586 | blocks:2 | L1_step:0.41491 (2.4%) | L2_step:0.07269 (0.4%) L2_final:0.08723 (0.5%) | L3_e3:16.56103 (96.6%) | final_max_PQ:2.107e-01
🔘 Epoch 353 No Improvement (3/40) | Val conv@1=0.0000, conv@2=0.0000, conv@3=0.0000, conv@5=0.0000, residual@1=5.295213e-02, residual@2=4.703812e-03
     25 total:12.29508 | blocks:3 | L1_step:0.33698 (2.7%) | L2_step:0.05521 (0.4%) L2_final:0.07639 (0.6%) | L3_e3:11.82650 (96.2%) | final_max_PQ:1.625e-01
     50 total:14.57152 | blocks:2 | L1_step:0.30202 (2.1%) | L2_step:0.06339 (0.4%) L2_final:0.07991 (0.5%) | L3_e3:14.12620 (96.9%) | final_max_PQ:3.336e-01
🔘 Epoch 354 No Improvement (4/40) | Val conv@1=0.0000, conv@2=0.0000, conv@3=0.0000, conv@5=0.0000, residual@1=4.905876e-02, residual@2=4.447581e-03
     25 total:12.03973 | blocks:3 | L1_step:0.34614 (2.9%) | L2_step:0.05691 (0.5%) L2_final:0.08461 (0.7%) | L3_e3:11.55207 (95.9%) | final_max_PQ:2.608e-02
     50 total:12.94163 | blocks:3 | L1_step:0.33492 (2.6%) | L2_step:0.04845 (0.4%) L2_final:0.06630 (0.5%) | L3_e3:12.49197 (96.5%) | final_max_PQ:2.178e-01
🔘 Epoch 355 No Improvement (5/40) | Val conv@1=0.0000, conv@2=0.0000, conv@3=0.0000, conv@5=0.0000, residual@1=4.802588e-02, residual@2=5.312974e-03
     25 total:18.78487 | blocks:2 | L1_step:0.38105 (2.0%) | L2_step:0.06777 (0.4%) L2_final:0.10804 (0.6%) | L3_e3:18.22801 (97.0%) | final_max_PQ:4.429e-01
     50 total:15.97868 | blocks:1 | L1_step:0.19104 (1.2%) | L2_step:0.12421 (0.8%) L2_final:0.16790 (1.1%) | L3_e3:15.49553 (97.0%) | final_max_PQ:1.115e+00
🔘 Epoch 356 No Improvement (6/40) | Val conv@1=0.0000, conv@2=0.0000, conv@3=0.0000, conv@5=0.0000, residual@1=5.173451e-02, residual@2=4.683662e-03
     25 total:14.98523 | blocks:3 | L1_step:0.66132 (4.4%) | L2_step:0.05646 (0.4%) L2_final:0.07634 (0.5%) | L3_e3:14.19111 (94.7%) | final_max_PQ:3.258e-02
     50 total:17.08861 | blocks:2 | L1_step:0.39471 (2.3%) | L2_step:0.06852 (0.4%) L2_final:0.10672 (0.6%) | L3_e3:16.51865 (96.7%) | final_max_PQ:2.686e-01
🔘 Epoch 357 No Improvement (7/40) | Val conv@1=0.0000, conv@2=0.0000, conv@3=0.0000, conv@5=0.0000, residual@1=5.401435e-02, residual@2=5.368877e-03
     25 total:19.17426 | blocks:2 | L1_step:0.32843 (1.7%) | L2_step:0.06585 (0.3%) L2_final:0.08075 (0.4%) | L3_e3:18.69924 (97.5%) | final_max_PQ:2.022e-01
     50 total:16.23784 | blocks:2 | L1_step:0.57949 (3.6%) | L2_step:0.08850 (0.5%) L2_final:0.12562 (0.8%) | L3_e3:15.44423 (95.1%) | final_max_PQ:4.630e-01
🔘 Epoch 358 No Improvement (8/40) | Val conv@1=0.0000, conv@2=0.0000, conv@3=0.0000, conv@5=0.0000, residual@1=5.246172e-02, residual@2=4.580346e-03
     25 total:16.95199 | blocks:2 | L1_step:0.64313 (3.8%) | L2_step:0.08503 (0.5%) L2_final:0.10499 (0.6%) | L3_e3:16.11884 (95.1%) | final_max_PQ:2.462e-01
     50 total:13.84097 | blocks:2 | L1_step:0.36128 (2.6%) | L2_step:0.06866 (0.5%) L2_final:0.08774 (0.6%) | L3_e3:13.32330 (96.3%) | final_max_PQ:1.776e-01
🔘 Epoch 359 No Improvement (9/40) | Val conv@1=0.0000, conv@2=0.0000, conv@3=0.0000, conv@5=0.0000, residual@1=5.186016e-02, residual@2=4.191181e-03
     25 total:14.29201 | blocks:3 | L1_step:0.68874 (4.8%) | L2_step:0.06243 (0.4%) L2_final:0.07931 (0.6%) | L3_e3:13.46153 (94.2%) | final_max_PQ:1.668e-01
     50 total:13.56844 | blocks:3 | L1_step:0.77045 (5.7%) | L2_step:0.04691 (0.3%) L2_final:0.05285 (0.4%) | L3_e3:12.69822 (93.6%) | final_max_PQ:7.536e-02
🔘 Epoch 360 No Improvement (10/40) | Val conv@1=0.0000, conv@2=0.0000, conv@3=0.0000, conv@5=0.0000, residual@1=5.148894e-02, residual@2=5.352852e-03
     25 total:14.44075 | blocks:2 | L1_step:0.32541 (2.3%) | L2_step:0.06696 (0.5%) L2_final:0.08892 (0.6%) | L3_e3:13.95947 (96.7%) | final_max_PQ:1.721e-01
     50 total:18.45000 | blocks:3 | L1_step:0.33168 (1.8%) | L2_step:0.05796 (0.3%) L2_final:0.06825 (0.4%) | L3_e3:17.99211 (97.5%) | final_max_PQ:1.045e-01
🔘 Epoch 361 No Improvement (11/40) | Val conv@1=0.0000, conv@2=0.0000, conv@3=0.0000, conv@5=0.0000, residual@1=4.983264e-02, residual@2=4.359542e-03
     25 total:18.85823 | blocks:2 | L1_step:0.34472 (1.8%) | L2_step:0.06125 (0.3%) L2_final:0.08392 (0.4%) | L3_e3:18.36834 (97.4%) | final_max_PQ:3.310e-01
     50 total:21.23089 | blocks:3 | L1_step:0.67451 (3.2%) | L2_step:0.04238 (0.2%) L2_final:0.05766 (0.3%) | L3_e3:20.45634 (96.4%) | final_max_PQ:1.341e-02
🔘 Epoch 362 No Improvement (12/40) | Val conv@1=0.0000, conv@2=0.0000, conv@3=0.0000, conv@5=0.0000, residual@1=5.113385e-02, residual@2=6.904645e-03
     25 total:19.97708 | blocks:3 | L1_step:0.62364 (3.1%) | L2_step:0.04833 (0.2%) L2_final:0.06639 (0.3%) | L3_e3:19.23873 (96.3%) | final_max_PQ:6.586e-02
     50 total:19.31894 | blocks:2 | L1_step:0.64285 (3.3%) | L2_step:0.06062 (0.3%) L2_final:0.08331 (0.4%) | L3_e3:18.53217 (95.9%) | final_max_PQ:1.267e-01
🔘 Epoch 363 No Improvement (13/40) | Val conv@1=0.0000, conv@2=0.0000, conv@3=0.0000, conv@5=0.0000, residual@1=5.240274e-02, residual@2=5.253895e-03
     25 total:14.32186 | blocks:3 | L1_step:0.47425 (3.3%) | L2_step:0.05441 (0.4%) L2_final:0.07915 (0.6%) | L3_e3:13.71406 (95.8%) | final_max_PQ:5.112e-02
     50 total:20.83712 | blocks:1 | L1_step:0.33119 (1.6%) | L2_step:0.14612 (0.7%) L2_final:0.18939 (0.9%) | L3_e3:20.17043 (96.8%) | final_max_PQ:1.849e+00
🔘 Epoch 364 No Improvement (14/40) | Val conv@1=0.0000, conv@2=0.0000, conv@3=0.0000, conv@5=0.0000, residual@1=5.296044e-02, residual@2=4.774711e-03
     25 total:13.99729 | blocks:3 | L1_step:0.34574 (2.5%) | L2_step:0.06080 (0.4%) L2_final:0.09113 (0.7%) | L3_e3:13.49963 (96.4%) | final_max_PQ:9.231e-02
     50 total:12.55665 | blocks:3 | L1_step:0.33736 (2.7%) | L2_step:0.04407 (0.4%) L2_final:0.06327 (0.5%) | L3_e3:12.11196 (96.5%) | final_max_PQ:1.343e-02
🔘 Epoch 365 No Improvement (15/40) | Val conv@1=0.0000, conv@2=0.0000, conv@3=0.0000, conv@5=0.0000, residual@1=4.974542e-02, residual@2=4.403320e-03
     25 total:18.11432 | blocks:1 | L1_step:0.58123 (3.2%) | L2_step:0.12301 (0.7%) L2_final:0.16855 (0.9%) | L3_e3:17.24153 (95.2%) | final_max_PQ:1.856e+00
     50 total:15.43622 | blocks:3 | L1_step:0.41256 (2.7%) | L2_step:0.04584 (0.3%) L2_final:0.06352 (0.4%) | L3_e3:14.91429 (96.6%) | final_max_PQ:4.882e-02
🔘 Epoch 366 No Improvement (16/40) | Val conv@1=0.0000, conv@2=0.0000, conv@3=0.0000, conv@5=0.0000, residual@1=4.988992e-02, residual@2=4.476860e-03
     25 total:13.49523 | blocks:3 | L1_step:0.34459 (2.6%) | L2_step:0.04640 (0.3%) L2_final:0.06151 (0.5%) | L3_e3:13.04273 (96.6%) | final_max_PQ:1.289e-01
     50 total:16.02411 | blocks:2 | L1_step:0.33493 (2.1%) | L2_step:0.07195 (0.4%) L2_final:0.08446 (0.5%) | L3_e3:15.53276 (96.9%) | final_max_PQ:2.845e-01
🔘 Epoch 367 No Improvement (17/40) | Val conv@1=0.0000, conv@2=0.0000, conv@3=0.0000, conv@5=0.0000, residual@1=4.935844e-02, residual@2=4.860997e-03
     25 total:18.33344 | blocks:2 | L1_step:0.77616 (4.2%) | L2_step:0.05967 (0.3%) L2_final:0.08704 (0.5%) | L3_e3:17.41056 (95.0%) | final_max_PQ:2.759e-01
     50 total:16.72424 | blocks:2 | L1_step:0.63172 (3.8%) | L2_step:0.06831 (0.4%) L2_final:0.09314 (0.6%) | L3_e3:15.93108 (95.3%) | final_max_PQ:2.010e-01
🔘 Epoch 368 No Improvement (18/40) | Val conv@1=0.0000, conv@2=0.0000, conv@3=0.0000, conv@5=0.0000, residual@1=5.367582e-02, residual@2=4.676807e-03
     25 total:12.68775 | blocks:3 | L1_step:0.63424 (5.0%) | L2_step:0.04509 (0.4%) L2_final:0.06534 (0.5%) | L3_e3:11.94307 (94.1%) | final_max_PQ:3.117e-02
     50 total:12.52164 | blocks:3 | L1_step:0.38285 (3.1%) | L2_step:0.04192 (0.3%) L2_final:0.05769 (0.5%) | L3_e3:12.03918 (96.1%) | final_max_PQ:6.352e-02
🔘 Epoch 369 No Improvement (19/40) | Val conv@1=0.0000, conv@2=0.0000, conv@3=0.0000, conv@5=0.0000, residual@1=4.827154e-02, residual@2=4.879721e-03
     25 total:15.54353 | blocks:2 | L1_step:0.31309 (2.0%) | L2_step:0.07515 (0.5%) L2_final:0.09071 (0.6%) | L3_e3:15.06458 (96.9%) | final_max_PQ:2.832e-01
     50 total:13.60155 | blocks:3 | L1_step:0.42718 (3.1%) | L2_step:0.04728 (0.3%) L2_final:0.06834 (0.5%) | L3_e3:13.05875 (96.0%) | final_max_PQ:3.988e-02
🔘 Epoch 370 No Improvement (20/40) | Val conv@1=0.0000, conv@2=0.0000, conv@3=0.0000, conv@5=0.0000, residual@1=4.842980e-02, residual@2=4.441394e-03
     25 total:15.25124 | blocks:2 | L1_step:0.32514 (2.1%) | L2_step:0.05960 (0.4%) L2_final:0.07746 (0.5%) | L3_e3:14.78903 (97.0%) | final_max_PQ:2.516e-01
     50 total:13.21066 | blocks:3 | L1_step:0.64996 (4.9%) | L2_step:0.04744 (0.4%) L2_final:0.05665 (0.4%) | L3_e3:12.45661 (94.3%) | final_max_PQ:2.744e-02
🔻 LR reduced: 5.00e-04 -> 2.50e-04
🔘 Epoch 371 No Improvement (21/40) | Val conv@1=0.0000, conv@2=0.0000, conv@3=0.0000, conv@5=0.0000, residual@1=4.683832e-02, residual@2=4.801402e-03
     25 total:13.65527 | blocks:2 | L1_step:0.32788 (2.4%) | L2_step:0.06156 (0.5%) L2_final:0.08074 (0.6%) | L3_e3:13.18509 (96.6%) | final_max_PQ:1.418e-01
     50 total:11.32732 | blocks:3 | L1_step:0.34729 (3.1%) | L2_step:0.05782 (0.5%) L2_final:0.07413 (0.7%) | L3_e3:10.84809 (95.8%) | final_max_PQ:7.257e-02
🟩 Epoch 372 | Train loss = 13.5078 | Val conv@1=0.0000, conv@2=0.0000, conv@3=0.0000, conv@5=0.0000, residual@1=4.641445e-02, residual@2=3.537343e-03, residual@3=1.289280e-03, excess@2=34.3734, tail@2=5.063743e-01, score=-10.482626 | LR: 2.5000e-04
     25 total:10.56876 | blocks:3 | L1_step:0.39249 (3.7%) | L2_step:0.04949 (0.5%) L2_final:0.05905 (0.6%) | L3_e3:10.06773 (95.3%) | final_max_PQ:3.007e-02
     50 total:10.68585 | blocks:3 | L1_step:0.37469 (3.5%) | L2_step:0.05009 (0.5%) L2_final:0.06943 (0.6%) | L3_e3:10.19165 (95.4%) | final_max_PQ:1.871e-02
🟩 Epoch 373 | Train loss = 12.3910 | Val conv@1=0.0000, conv@2=0.0000, conv@3=0.0000, conv@5=0.0000, residual@1=4.544463e-02, residual@2=3.023211e-03, residual@3=9.826898e-04, excess@2=29.2321, tail@2=5.196228e-01, score=-8.940748 | LR: 2.5000e-04
     25 total:15.42440 | blocks:2 | L1_step:0.67123 (4.4%) | L2_step:0.06020 (0.4%) L2_final:0.07001 (0.5%) | L3_e3:14.62297 (94.8%) | final_max_PQ:3.400e-01
     50 total:13.31175 | blocks:3 | L1_step:0.33472 (2.5%) | L2_step:0.03865 (0.3%) L2_final:0.06020 (0.5%) | L3_e3:12.87818 (96.7%) | final_max_PQ:1.190e-02
🔘 Epoch 374 No Improvement (1/40) | Val conv@1=0.0000, conv@2=0.0000, conv@3=0.0000, conv@5=0.0000, residual@1=4.526161e-02, residual@2=3.909406e-03
     25 total:13.28108 | blocks:2 | L1_step:0.32241 (2.4%) | L2_step:0.07714 (0.6%) L2_final:0.08949 (0.7%) | L3_e3:12.79205 (96.3%) | final_max_PQ:1.507e-01
     50 total:11.46833 | blocks:3 | L1_step:0.34026 (3.0%) | L2_step:0.05306 (0.5%) L2_final:0.06408 (0.6%) | L3_e3:11.01093 (96.0%) | final_max_PQ:1.720e-02
🔘 Epoch 375 No Improvement (2/40) | Val conv@1=0.0000, conv@2=0.0000, conv@3=0.0000, conv@5=0.0000, residual@1=4.364486e-02, residual@2=3.185126e-03
     25 total:13.85474 | blocks:1 | L1_step:0.18094 (1.3%) | L2_step:0.11427 (0.8%) L2_final:0.14762 (1.1%) | L3_e3:13.41191 (96.8%) | final_max_PQ:9.706e-01
     50 total:13.29438 | blocks:2 | L1_step:0.56670 (4.3%) | L2_step:0.05806 (0.4%) L2_final:0.06255 (0.5%) | L3_e3:12.60707 (94.8%) | final_max_PQ:3.195e-01
🔘 Epoch 376 No Improvement (3/40) | Val conv@1=0.0000, conv@2=0.0000, conv@3=0.0000, conv@5=0.0000, residual@1=4.386157e-02, residual@2=3.399342e-03
     25 total:13.44882 | blocks:2 | L1_step:0.31023 (2.3%) | L2_step:0.07250 (0.5%) L2_final:0.08055 (0.6%) | L3_e3:12.98555 (96.6%) | final_max_PQ:1.654e-01
     50 total:11.50354 | blocks:3 | L1_step:0.39998 (3.5%) | L2_step:0.04895 (0.4%) L2_final:0.06134 (0.5%) | L3_e3:10.99327 (95.6%) | final_max_PQ:1.441e-02
🔘 Epoch 377 No Improvement (4/40) | Val conv@1=0.0000, conv@2=0.0000, conv@3=0.0000, conv@5=0.0000, residual@1=4.403228e-02, residual@2=3.224743e-03
     25 total:15.80505 | blocks:1 | L1_step:0.19363 (1.2%) | L2_step:0.12766 (0.8%) L2_final:0.13293 (0.8%) | L3_e3:15.35082 (97.1%) | final_max_PQ:1.035e+00
     50 total:13.12179 | blocks:2 | L1_step:0.35561 (2.7%) | L2_step:0.07633 (0.6%) L2_final:0.09302 (0.7%) | L3_e3:12.59683 (96.0%) | final_max_PQ:6.071e-02
🟩 Epoch 378 | Train loss = 13.0502 | Val conv@1=0.0000, conv@2=0.0000, conv@3=0.0000, conv@5=0.0000, residual@1=4.312389e-02, residual@2=2.965798e-03, residual@3=1.073087e-03, excess@2=28.6580, tail@2=3.889775e-01, score=-8.762717 | LR: 2.5000e-04
     25 total:15.01050 | blocks:1 | L1_step:0.18073 (1.2%) | L2_step:0.13208 (0.9%) L2_final:0.13607 (0.9%) | L3_e3:14.56162 (97.0%) | final_max_PQ:1.393e+00
     50 total:14.20048 | blocks:2 | L1_step:0.31918 (2.2%) | L2_step:0.07670 (0.5%) L2_final:0.09814 (0.7%) | L3_e3:13.70646 (96.5%) | final_max_PQ:1.986e-01
🟩 Epoch 379 | Train loss = 12.5996 | Val conv@1=0.0000, conv@2=0.0000, conv@3=0.0000, conv@5=0.0000, residual@1=4.233995e-02, residual@2=2.893797e-03, residual@3=1.123102e-03, excess@2=27.9380, tail@2=4.512482e-01, score=-8.549682 | LR: 2.5000e-04
     25 total:12.15115 | blocks:3 | L1_step:0.32579 (2.7%) | L2_step:0.03989 (0.3%) L2_final:0.04378 (0.4%) | L3_e3:11.74169 (96.6%) | final_max_PQ:2.136e-02
     50 total:10.99124 | blocks:3 | L1_step:0.37017 (3.4%) | L2_step:0.04607 (0.4%) L2_final:0.04938 (0.4%) | L3_e3:10.52562 (95.8%) | final_max_PQ:1.324e-01
🟩 Epoch 380 | Train loss = 13.1183 | Val conv@1=0.0000, conv@2=0.0000, conv@3=0.0000, conv@5=0.0000, residual@1=4.085326e-02, residual@2=2.790244e-03, residual@3=1.096763e-03, excess@2=26.9024, tail@2=5.083466e-01, score=-8.241407 | LR: 2.5000e-04
     25 total:12.86944 | blocks:2 | L1_step:0.35965 (2.8%) | L2_step:0.06933 (0.5%) L2_final:0.07685 (0.6%) | L3_e3:12.36361 (96.1%) | final_max_PQ:2.188e-01
     50 total:10.52253 | blocks:3 | L1_step:0.36344 (3.5%) | L2_step:0.04373 (0.4%) L2_final:0.05097 (0.5%) | L3_e3:10.06438 (95.6%) | final_max_PQ:2.041e-02
🔘 Epoch 381 No Improvement (1/40) | Val conv@1=0.0000, conv@2=0.0000, conv@3=0.0000, conv@5=0.0000, residual@1=4.279469e-02, residual@2=3.267461e-03
     25 total:10.42678 | blocks:3 | L1_step:0.32757 (3.1%) | L2_step:0.04526 (0.4%) L2_final:0.05218 (0.5%) | L3_e3:10.00176 (95.9%) | final_max_PQ:1.122e-01
     50 total:14.38436 | blocks:2 | L1_step:0.30720 (2.1%) | L2_step:0.04668 (0.3%) L2_final:0.05939 (0.4%) | L3_e3:13.97109 (97.1%) | final_max_PQ:1.675e-01
🔘 Epoch 382 No Improvement (2/40) | Val conv@1=0.0000, conv@2=0.0000, conv@3=0.0000, conv@5=0.0000, residual@1=4.362086e-02, residual@2=3.359201e-03
     25 total:13.17109 | blocks:2 | L1_step:0.37106 (2.8%) | L2_step:0.06715 (0.5%) L2_final:0.08152 (0.6%) | L3_e3:12.65136 (96.1%) | final_max_PQ:2.492e-01
     50 total:13.13462 | blocks:2 | L1_step:0.31437 (2.4%) | L2_step:0.06239 (0.5%) L2_final:0.07697 (0.6%) | L3_e3:12.68090 (96.5%) | final_max_PQ:8.658e-02
🔘 Epoch 383 No Improvement (3/40) | Val conv@1=0.0000, conv@2=0.0000, conv@3=0.0000, conv@5=0.0000, residual@1=4.352592e-02, residual@2=3.279750e-03
     25 total:13.25076 | blocks:2 | L1_step:0.46036 (3.5%) | L2_step:0.06273 (0.5%) L2_final:0.07387 (0.6%) | L3_e3:12.65380 (95.5%) | final_max_PQ:7.087e-02
     50 total:12.56440 | blocks:2 | L1_step:0.31908 (2.5%) | L2_step:0.06906 (0.5%) L2_final:0.08874 (0.7%) | L3_e3:12.08752 (96.2%) | final_max_PQ:1.228e-01
🟩 Epoch 384 | Train loss = 12.6506 | Val conv@1=0.0000, conv@2=0.0000, conv@3=0.0000, conv@5=0.0000, residual@1=4.137446e-02, residual@2=2.539627e-03, residual@3=9.439752e-04, excess@2=24.3963, tail@2=4.155731e-01, score=-7.485527 | LR: 2.5000e-04
     25 total:11.56480 | blocks:3 | L1_step:0.39579 (3.4%) | L2_step:0.05208 (0.5%) L2_final:0.05638 (0.5%) | L3_e3:11.06054 (95.6%) | final_max_PQ:2.062e-02
     50 total:13.35091 | blocks:2 | L1_step:0.38319 (2.9%) | L2_step:0.05509 (0.4%) L2_final:0.07157 (0.5%) | L3_e3:12.84106 (96.2%) | final_max_PQ:8.172e-02
🔘 Epoch 385 No Improvement (1/40) | Val conv@1=0.0000, conv@2=0.0000, conv@3=0.0000, conv@5=0.0000, residual@1=4.144028e-02, residual@2=2.762718e-03
     25 total:13.32789 | blocks:2 | L1_step:0.36264 (2.7%) | L2_step:0.05070 (0.4%) L2_final:0.05314 (0.4%) | L3_e3:12.86141 (96.5%) | final_max_PQ:5.320e-02
     50 total:12.19549 | blocks:2 | L1_step:0.41351 (3.4%) | L2_step:0.05205 (0.4%) L2_final:0.06499 (0.5%) | L3_e3:11.66494 (95.6%) | final_max_PQ:1.667e-01
🔘 Epoch 386 No Improvement (2/40) | Val conv@1=0.0000, conv@2=0.0000, conv@3=0.0000, conv@5=0.0000, residual@1=4.238658e-02, residual@2=3.060718e-03
     25 total:13.89922 | blocks:2 | L1_step:0.34586 (2.5%) | L2_step:0.08010 (0.6%) L2_final:0.09693 (0.7%) | L3_e3:13.37633 (96.2%) | final_max_PQ:1.167e-01
     50 total:12.08420 | blocks:2 | L1_step:0.35052 (2.9%) | L2_step:0.04788 (0.4%) L2_final:0.05193 (0.4%) | L3_e3:11.63387 (96.3%) | final_max_PQ:7.973e-02
🔘 Epoch 387 No Improvement (3/40) | Val conv@1=0.0000, conv@2=0.0000, conv@3=0.0000, conv@5=0.0000, residual@1=4.110784e-02, residual@2=2.928850e-03
     25 total:12.57056 | blocks:2 | L1_step:0.30546 (2.4%) | L2_step:0.07722 (0.6%) L2_final:0.07964 (0.6%) | L3_e3:12.10824 (96.3%) | final_max_PQ:2.051e-01
     50 total:13.32365 | blocks:2 | L1_step:0.31606 (2.4%) | L2_step:0.06602 (0.5%) L2_final:0.08331 (0.6%) | L3_e3:12.85826 (96.5%) | final_max_PQ:1.920e-01
🔘 Epoch 388 No Improvement (4/40) | Val conv@1=0.0000, conv@2=0.0000, conv@3=0.0000, conv@5=0.0000, residual@1=4.146081e-02, residual@2=2.793565e-03
     25 total:15.46906 | blocks:1 | L1_step:0.17960 (1.2%) | L2_step:0.09347 (0.6%) L2_final:0.11237 (0.7%) | L3_e3:15.08362 (97.5%) | final_max_PQ:1.253e+00
     50 total:13.92175 | blocks:2 | L1_step:0.55689 (4.0%) | L2_step:0.06226 (0.4%) L2_final:0.06966 (0.5%) | L3_e3:13.23294 (95.1%) | final_max_PQ:4.319e-01
🔘 Epoch 389 No Improvement (5/40) | Val conv@1=0.0000, conv@2=0.0000, conv@3=0.0000, conv@5=0.0000, residual@1=4.025196e-02, residual@2=3.041803e-03
     25 total:13.76756 | blocks:2 | L1_step:0.31190 (2.3%) | L2_step:0.06562 (0.5%) L2_final:0.06856 (0.5%) | L3_e3:13.32148 (96.8%) | final_max_PQ:1.832e-01
     50 total:11.55030 | blocks:3 | L1_step:0.43773 (3.8%) | L2_step:0.04467 (0.4%) L2_final:0.06693 (0.6%) | L3_e3:11.00098 (95.2%) | final_max_PQ:1.911e-02
🔘 Epoch 390 No Improvement (6/40) | Val conv@1=0.0000, conv@2=0.0000, conv@3=0.0000, conv@5=0.0000, residual@1=4.357606e-02, residual@2=2.961408e-03
     25 total:13.77334 | blocks:2 | L1_step:0.60429 (4.4%) | L2_step:0.06841 (0.5%) L2_final:0.08061 (0.6%) | L3_e3:13.02003 (94.5%) | final_max_PQ:2.542e-01
     50 total:13.03091 | blocks:3 | L1_step:0.40105 (3.1%) | L2_step:0.03997 (0.3%) L2_final:0.04457 (0.3%) | L3_e3:12.54533 (96.3%) | final_max_PQ:1.413e-02
🔘 Epoch 391 No Improvement (7/40) | Val conv@1=0.0000, conv@2=0.0000, conv@3=0.0000, conv@5=0.0000, residual@1=3.956561e-02, residual@2=2.896730e-03
     25 total:13.08050 | blocks:2 | L1_step:0.31667 (2.4%) | L2_step:0.07494 (0.6%) L2_final:0.08582 (0.7%) | L3_e3:12.60306 (96.3%) | final_max_PQ:2.386e-01
     50 total:12.68589 | blocks:2 | L1_step:0.42100 (3.3%) | L2_step:0.07502 (0.6%) L2_final:0.09560 (0.8%) | L3_e3:12.09428 (95.3%) | final_max_PQ:5.159e-01
🔘 Epoch 392 No Improvement (8/40) | Val conv@1=0.0000, conv@2=0.0000, conv@3=0.0000, conv@5=0.0000, residual@1=4.037410e-02, residual@2=2.658737e-03
     25 total:12.60473 | blocks:2 | L1_step:0.31887 (2.5%) | L2_step:0.05131 (0.4%) L2_final:0.05611 (0.4%) | L3_e3:12.17843 (96.6%) | final_max_PQ:5.760e-02
     50 total:14.79747 | blocks:2 | L1_step:0.32052 (2.2%) | L2_step:0.05026 (0.3%) L2_final:0.05612 (0.4%) | L3_e3:14.37058 (97.1%) | final_max_PQ:4.953e-02
🔘 Epoch 393 No Improvement (9/40) | Val conv@1=0.0000, conv@2=0.0000, conv@3=0.0000, conv@5=0.0000, residual@1=3.970547e-02, residual@2=3.945166e-03
     25 total:16.57249 | blocks:1 | L1_step:0.17382 (1.0%) | L2_step:0.12427 (0.7%) L2_final:0.11751 (0.7%) | L3_e3:16.15689 (97.5%) | final_max_PQ:9.773e-01
     50 total:10.96465 | blocks:3 | L1_step:0.34308 (3.1%) | L2_step:0.04572 (0.4%) L2_final:0.04749 (0.4%) | L3_e3:10.52836 (96.0%) | final_max_PQ:1.920e-02
🟩 Epoch 394 | Train loss = 13.2454 | Val conv@1=0.0000, conv@2=0.0000, conv@3=0.0000, conv@5=0.0000, residual@1=3.917767e-02, residual@2=2.435977e-03, residual@3=9.672497e-04, excess@2=23.3598, tail@2=3.010159e-01, score=-7.168125 | LR: 2.5000e-04
     25 total:12.52310 | blocks:2 | L1_step:0.31472 (2.5%) | L2_step:0.05486 (0.4%) L2_final:0.06229 (0.5%) | L3_e3:12.09123 (96.6%) | final_max_PQ:8.592e-02
     50 total:14.48462 | blocks:2 | L1_step:0.35643 (2.5%) | L2_step:0.08004 (0.6%) L2_final:0.09345 (0.6%) | L3_e3:13.95470 (96.3%) | final_max_PQ:1.045e-01
🟩 Epoch 395 | Train loss = 13.4137 | Val conv@1=0.0000, conv@2=0.0000, conv@3=0.0000, conv@5=0.0000, residual@1=3.973791e-02, residual@2=2.399903e-03, residual@3=9.303858e-04, excess@2=22.9990, tail@2=3.063946e-01, score=-7.060258 | LR: 2.5000e-04
     25 total:10.97116 | blocks:3 | L1_step:0.44807 (4.1%) | L2_step:0.05415 (0.5%) L2_final:0.05927 (0.5%) | L3_e3:10.40967 (94.9%) | final_max_PQ:3.139e-02
     50 total:11.91782 | blocks:2 | L1_step:0.31298 (2.6%) | L2_step:0.06063 (0.5%) L2_final:0.06170 (0.5%) | L3_e3:11.48252 (96.3%) | final_max_PQ:1.840e-01
🔘 Epoch 396 No Improvement (1/40) | Val conv@1=0.0000, conv@2=0.0000, conv@3=0.0000, conv@5=0.0000, residual@1=4.089922e-02, residual@2=2.588742e-03
     25 total:13.61259 | blocks:2 | L1_step:0.31973 (2.3%) | L2_step:0.05601 (0.4%) L2_final:0.06206 (0.5%) | L3_e3:13.17479 (96.8%) | final_max_PQ:7.415e-02
     50 total:14.90309 | blocks:1 | L1_step:0.18227 (1.2%) | L2_step:0.11834 (0.8%) L2_final:0.13383 (0.9%) | L3_e3:14.46866 (97.1%) | final_max_PQ:2.395e+00
🔘 Epoch 397 No Improvement (2/40) | Val conv@1=0.0000, conv@2=0.0000, conv@3=0.0000, conv@5=0.0000, residual@1=4.154969e-02, residual@2=2.681985e-03
     25 total:13.69630 | blocks:2 | L1_step:0.31550 (2.3%) | L2_step:0.06771 (0.5%) L2_final:0.06995 (0.5%) | L3_e3:13.24314 (96.7%) | final_max_PQ:1.129e-01
     50 total:13.07270 | blocks:2 | L1_step:0.30321 (2.3%) | L2_step:0.05154 (0.4%) L2_final:0.05695 (0.4%) | L3_e3:12.66099 (96.9%) | final_max_PQ:2.259e-01
🔘 Epoch 398 No Improvement (3/40) | Val conv@1=0.0000, conv@2=0.0000, conv@3=0.0000, conv@5=0.0000, residual@1=3.900601e-02, residual@2=2.557523e-03
     25 total:13.10403 | blocks:2 | L1_step:0.32103 (2.4%) | L2_step:0.05844 (0.4%) L2_final:0.07157 (0.5%) | L3_e3:12.65298 (96.6%) | final_max_PQ:8.781e-02
     50 total:10.50963 | blocks:3 | L1_step:0.32084 (3.1%) | L2_step:0.03898 (0.4%) L2_final:0.04728 (0.4%) | L3_e3:10.10252 (96.1%) | final_max_PQ:2.078e-02
🔘 Epoch 399 No Improvement (4/40) | Val conv@1=0.0000, conv@2=0.0000, conv@3=0.0000, conv@5=0.0000, residual@1=3.840278e-02, residual@2=2.847278e-03
     25 total:15.02021 | blocks:1 | L1_step:0.19058 (1.3%) | L2_step:0.11047 (0.7%) L2_final:0.12120 (0.8%) | L3_e3:14.59795 (97.2%) | final_max_PQ:1.071e+00
     50 total:13.99403 | blocks:2 | L1_step:0.40145 (2.9%) | L2_step:0.07279 (0.5%) L2_final:0.07836 (0.6%) | L3_e3:13.44144 (96.1%) | final_max_PQ:5.022e-01
🟩 Epoch 400 | Train loss = 12.8852 | Val conv@1=0.0000, conv@2=0.0000, conv@3=0.0000, conv@5=0.0000, residual@1=3.951069e-02, residual@2=2.384803e-03, residual@3=1.009302e-03, excess@2=22.8480, tail@2=2.111236e-01, score=-7.007510 | LR: 2.5000e-04
     25 total:12.78911 | blocks:2 | L1_step:0.31409 (2.5%) | L2_step:0.05836 (0.5%) L2_final:0.07299 (0.6%) | L3_e3:12.34367 (96.5%) | final_max_PQ:1.078e-01
     50 total:13.71430 | blocks:2 | L1_step:0.30527 (2.2%) | L2_step:0.05875 (0.4%) L2_final:0.05812 (0.4%) | L3_e3:13.29217 (96.9%) | final_max_PQ:1.491e-01
🔘 Epoch 401 No Improvement (1/40) | Val conv@1=0.0000, conv@2=0.0000, conv@3=0.0000, conv@5=0.0000, residual@1=3.848237e-02, residual@2=2.684814e-03
     25 total:13.22756 | blocks:2 | L1_step:0.39829 (3.0%) | L2_step:0.06657 (0.5%) L2_final:0.07657 (0.6%) | L3_e3:12.68612 (95.9%) | final_max_PQ:1.779e-01
     50 total:12.83401 | blocks:2 | L1_step:0.32207 (2.5%) | L2_step:0.05196 (0.4%) L2_final:0.07115 (0.6%) | L3_e3:12.38883 (96.5%) | final_max_PQ:1.848e-01
🟩 Epoch 402 | Train loss = 12.8073 | Val conv@1=0.0000, conv@2=0.0000, conv@3=0.0000, conv@5=0.0000, residual@1=3.844126e-02, residual@2=2.302188e-03, residual@3=9.026332e-04, excess@2=22.0219, tail@2=2.106958e-01, score=-6.759623 | LR: 2.5000e-04
     25 total:11.58119 | blocks:3 | L1_step:0.37093 (3.2%) | L2_step:0.04603 (0.4%) L2_final:0.05518 (0.5%) | L3_e3:11.10905 (95.9%) | final_max_PQ:1.999e-02
     50 total:13.04697 | blocks:2 | L1_step:0.31435 (2.4%) | L2_step:0.07604 (0.6%) L2_final:0.08825 (0.7%) | L3_e3:12.56833 (96.3%) | final_max_PQ:3.261e-01
🔘 Epoch 403 No Improvement (1/40) | Val conv@1=0.0000, conv@2=0.0000, conv@3=0.0000, conv@5=0.0000, residual@1=3.938471e-02, residual@2=2.751969e-03
     25 total:14.43294 | blocks:1 | L1_step:0.17842 (1.2%) | L2_step:0.14564 (1.0%) L2_final:0.15839 (1.1%) | L3_e3:13.95049 (96.7%) | final_max_PQ:1.113e+00
     50 total:12.26090 | blocks:3 | L1_step:0.45512 (3.7%) | L2_step:0.05398 (0.4%) L2_final:0.06113 (0.5%) | L3_e3:11.69067 (95.3%) | final_max_PQ:1.485e-02
🔘 Epoch 404 No Improvement (2/40) | Val conv@1=0.0000, conv@2=0.0000, conv@3=0.0000, conv@5=0.0000, residual@1=3.849710e-02, residual@2=2.494393e-03
     25 total:13.49995 | blocks:2 | L1_step:0.36694 (2.7%) | L2_step:0.07627 (0.6%) L2_final:0.08514 (0.6%) | L3_e3:12.97159 (96.1%) | final_max_PQ:7.941e-02
     50 total:10.54490 | blocks:3 | L1_step:0.33511 (3.2%) | L2_step:0.04135 (0.4%) L2_final:0.04382 (0.4%) | L3_e3:10.12462 (96.0%) | final_max_PQ:1.160e-02
🔘 Epoch 405 No Improvement (3/40) | Val conv@1=0.0000, conv@2=0.0000, conv@3=0.0000, conv@5=0.0000, residual@1=3.772727e-02, residual@2=2.528515e-03
     25 total:12.49000 | blocks:2 | L1_step:0.31202 (2.5%) | L2_step:0.06520 (0.5%) L2_final:0.07149 (0.6%) | L3_e3:12.04129 (96.4%) | final_max_PQ:7.756e-02
     50 total:10.99289 | blocks:3 | L1_step:0.37616 (3.4%) | L2_step:0.03680 (0.3%) L2_final:0.04614 (0.4%) | L3_e3:10.53379 (95.8%) | final_max_PQ:4.228e-02
🔘 Epoch 406 No Improvement (4/40) | Val conv@1=0.0000, conv@2=0.0000, conv@3=0.0000, conv@5=0.0000, residual@1=3.840424e-02, residual@2=2.609039e-03
     25 total:14.21708 | blocks:1 | L1_step:0.17786 (1.3%) | L2_step:0.11316 (0.8%) L2_final:0.12490 (0.9%) | L3_e3:13.80116 (97.1%) | final_max_PQ:1.069e+00
     50 total:13.20416 | blocks:2 | L1_step:0.40230 (3.0%) | L2_step:0.05125 (0.4%) L2_final:0.06863 (0.5%) | L3_e3:12.68199 (96.0%) | final_max_PQ:1.001e-01
🔘 Epoch 407 No Improvement (5/40) | Val conv@1=0.0000, conv@2=0.0000, conv@3=0.0000, conv@5=0.0000, residual@1=3.853261e-02, residual@2=3.237502e-03
     25 total:11.56116 | blocks:3 | L1_step:0.33472 (2.9%) | L2_step:0.04387 (0.4%) L2_final:0.04963 (0.4%) | L3_e3:11.13294 (96.3%) | final_max_PQ:1.863e-02
     50 total:13.29076 | blocks:2 | L1_step:0.31369 (2.4%) | L2_step:0.05966 (0.4%) L2_final:0.08086 (0.6%) | L3_e3:12.83656 (96.6%) | final_max_PQ:2.116e-01
🔘 Epoch 408 No Improvement (6/40) | Val conv@1=0.0000, conv@2=0.0000, conv@3=0.0000, conv@5=0.0000, residual@1=3.684539e-02, residual@2=3.013702e-03
     25 total:12.86586 | blocks:2 | L1_step:0.31144 (2.4%) | L2_step:0.05783 (0.4%) L2_final:0.05383 (0.4%) | L3_e3:12.44276 (96.7%) | final_max_PQ:3.103e-02
     50 total:11.74896 | blocks:2 | L1_step:0.32822 (2.8%) | L2_step:0.06339 (0.5%) L2_final:0.07563 (0.6%) | L3_e3:11.28173 (96.0%) | final_max_PQ:9.571e-02
🔘 Epoch 409 No Improvement (7/40) | Val conv@1=0.0000, conv@2=0.0000, conv@3=0.0000, conv@5=0.0000, residual@1=3.715476e-02, residual@2=2.587436e-03
     25 total:10.89756 | blocks:3 | L1_step:0.34794 (3.2%) | L2_step:0.05333 (0.5%) L2_final:0.05491 (0.5%) | L3_e3:10.44137 (95.8%) | final_max_PQ:1.013e-02
     50 total:14.12831 | blocks:2 | L1_step:0.60763 (4.3%) | L2_step:0.05226 (0.4%) L2_final:0.05587 (0.4%) | L3_e3:13.41255 (94.9%) | final_max_PQ:1.035e-01
🔘 Epoch 410 No Improvement (8/40) | Val conv@1=0.0000, conv@2=0.0000, conv@3=0.0000, conv@5=0.0000, residual@1=3.822178e-02, residual@2=2.812960e-03
     25 total:13.04903 | blocks:2 | L1_step:0.33046 (2.5%) | L2_step:0.07622 (0.6%) L2_final:0.09349 (0.7%) | L3_e3:12.54887 (96.2%) | final_max_PQ:8.381e-02
     50 total:15.36030 | blocks:1 | L1_step:0.17710 (1.2%) | L2_step:0.11208 (0.7%) L2_final:0.12401 (0.8%) | L3_e3:14.94712 (97.3%) | final_max_PQ:1.130e+00
🔘 Epoch 411 No Improvement (9/40) | Val conv@1=0.0000, conv@2=0.0000, conv@3=0.0000, conv@5=0.0000, residual@1=3.705166e-02, residual@2=2.336659e-03
     25 total:14.83785 | blocks:2 | L1_step:0.32598 (2.2%) | L2_step:0.06514 (0.4%) L2_final:0.08182 (0.6%) | L3_e3:14.36491 (96.8%) | final_max_PQ:7.159e-02
     50 total:12.42248 | blocks:2 | L1_step:0.38253 (3.1%) | L2_step:0.04992 (0.4%) L2_final:0.04810 (0.4%) | L3_e3:11.94193 (96.1%) | final_max_PQ:4.380e-02
🔘 Epoch 412 No Improvement (10/40) | Val conv@1=0.0000, conv@2=0.0000, conv@3=0.0000, conv@5=0.0000, residual@1=3.880963e-02, residual@2=2.313440e-03
     25 total:12.42666 | blocks:2 | L1_step:0.47986 (3.9%) | L2_step:0.05179 (0.4%) L2_final:0.05536 (0.4%) | L3_e3:11.83965 (95.3%) | final_max_PQ:1.823e-01
     50 total:15.20080 | blocks:2 | L1_step:0.75346 (5.0%) | L2_step:0.04984 (0.3%) L2_final:0.05797 (0.4%) | L3_e3:14.33954 (94.3%) | final_max_PQ:5.369e-02
🔘 Epoch 413 No Improvement (11/40) | Val conv@1=0.0000, conv@2=0.0000, conv@3=0.0000, conv@5=0.0000, residual@1=3.646777e-02, residual@2=2.866283e-03
     25 total:10.97572 | blocks:3 | L1_step:0.33845 (3.1%) | L2_step:0.05323 (0.5%) L2_final:0.05321 (0.5%) | L3_e3:10.53083 (95.9%) | final_max_PQ:1.588e-02
     50 total:12.73492 | blocks:2 | L1_step:0.34901 (2.7%) | L2_step:0.05632 (0.4%) L2_final:0.05830 (0.5%) | L3_e3:12.27129 (96.4%) | final_max_PQ:8.582e-02
🔘 Epoch 414 No Improvement (12/40) | Val conv@1=0.0000, conv@2=0.0000, conv@3=0.0000, conv@5=0.0000, residual@1=3.777790e-02, residual@2=2.661036e-03
     25 total:10.83695 | blocks:3 | L1_step:0.36323 (3.4%) | L2_step:0.04515 (0.4%) L2_final:0.05375 (0.5%) | L3_e3:10.37482 (95.7%) | final_max_PQ:1.612e-02
     50 total:11.92745 | blocks:2 | L1_step:0.32279 (2.7%) | L2_step:0.05174 (0.4%) L2_final:0.05490 (0.5%) | L3_e3:11.49802 (96.4%) | final_max_PQ:1.794e-01
🟩 Epoch 415 | Train loss = 12.1425 | Val conv@1=0.0000, conv@2=0.0000, conv@3=0.0000, conv@5=0.0000, residual@1=3.762718e-02, residual@2=2.262276e-03, residual@3=9.228200e-04, excess@2=21.6228, tail@2=2.319018e-01, score=-6.641806 | LR: 2.5000e-04
     25 total:12.67975 | blocks:2 | L1_step:0.30783 (2.4%) | L2_step:0.06151 (0.5%) L2_final:0.06551 (0.5%) | L3_e3:12.24488 (96.6%) | final_max_PQ:1.511e-01
     50 total:13.35719 | blocks:2 | L1_step:0.33805 (2.5%) | L2_step:0.05584 (0.4%) L2_final:0.06584 (0.5%) | L3_e3:12.89746 (96.6%) | final_max_PQ:7.708e-02
🔘 Epoch 416 No Improvement (1/40) | Val conv@1=0.0000, conv@2=0.0000, conv@3=0.0000, conv@5=0.0000, residual@1=3.749496e-02, residual@2=2.819568e-03
     25 total:14.15683 | blocks:2 | L1_step:0.32374 (2.3%) | L2_step:0.05265 (0.4%) L2_final:0.06269 (0.4%) | L3_e3:13.71775 (96.9%) | final_max_PQ:2.229e-01
     50 total:14.63505 | blocks:2 | L1_step:0.32324 (2.2%) | L2_step:0.06742 (0.5%) L2_final:0.07359 (0.5%) | L3_e3:14.17081 (96.8%) | final_max_PQ:6.548e-02
🔘 Epoch 417 No Improvement (2/40) | Val conv@1=0.0000, conv@2=0.0000, conv@3=0.0000, conv@5=0.0000, residual@1=3.610974e-02, residual@2=2.489382e-03
     25 total:10.96812 | blocks:3 | L1_step:0.41793 (3.8%) | L2_step:0.04857 (0.4%) L2_final:0.05534 (0.5%) | L3_e3:10.44628 (95.2%) | final_max_PQ:1.272e-02
     50 total:12.98851 | blocks:2 | L1_step:0.31181 (2.4%) | L2_step:0.07278 (0.6%) L2_final:0.07187 (0.6%) | L3_e3:12.53204 (96.5%) | final_max_PQ:7.379e-02
🔘 Epoch 418 No Improvement (3/40) | Val conv@1=0.0000, conv@2=0.0000, conv@3=0.0000, conv@5=0.0000, residual@1=3.682231e-02, residual@2=2.568062e-03
     25 total:11.65683 | blocks:3 | L1_step:0.72013 (6.2%) | L2_step:0.04058 (0.3%) L2_final:0.04499 (0.4%) | L3_e3:10.85114 (93.1%) | final_max_PQ:2.354e-02
     50 total:12.24784 | blocks:2 | L1_step:0.32164 (2.6%) | L2_step:0.05625 (0.5%) L2_final:0.06729 (0.5%) | L3_e3:11.80266 (96.4%) | final_max_PQ:4.577e-02
🔘 Epoch 419 No Improvement (4/40) | Val conv@1=0.0000, conv@2=0.0000, conv@3=0.0000, conv@5=0.0000, residual@1=3.696866e-02, residual@2=2.389955e-03
     25 total:13.26682 | blocks:2 | L1_step:0.37037 (2.8%) | L2_step:0.05425 (0.4%) L2_final:0.05508 (0.4%) | L3_e3:12.78712 (96.4%) | final_max_PQ:2.809e-01
     50 total:12.11039 | blocks:2 | L1_step:0.31804 (2.6%) | L2_step:0.06488 (0.5%) L2_final:0.06920 (0.6%) | L3_e3:11.65827 (96.3%) | final_max_PQ:4.577e-02
🔘 Epoch 420 No Improvement (5/40) | Val conv@1=0.0000, conv@2=0.0000, conv@3=0.0000, conv@5=0.0000, residual@1=3.652234e-02, residual@2=2.812858e-03
     25 total:11.44045 | blocks:3 | L1_step:0.32573 (2.8%) | L2_step:0.03791 (0.3%) L2_final:0.04106 (0.4%) | L3_e3:11.03575 (96.5%) | final_max_PQ:1.878e-02
     50 total:10.47491 | blocks:3 | L1_step:0.34551 (3.3%) | L2_step:0.03483 (0.3%) L2_final:0.03992 (0.4%) | L3_e3:10.05464 (96.0%) | final_max_PQ:9.104e-03
🟩 Epoch 421 | Train loss = 12.4619 | Val conv@1=0.0000, conv@2=0.0000, conv@3=0.0000, conv@5=0.0000, residual@1=3.692749e-02, residual@2=2.155405e-03, residual@3=8.936559e-04, excess@2=20.5540, tail@2=1.936974e-01, score=-6.317592 | LR: 2.5000e-04
     25 total:12.67243 | blocks:2 | L1_step:0.46692 (3.7%) | L2_step:0.06439 (0.5%) L2_final:0.07209 (0.6%) | L3_e3:12.06903 (95.2%) | final_max_PQ:3.278e-01
     50 total:13.13603 | blocks:2 | L1_step:0.32380 (2.5%) | L2_step:0.05262 (0.4%) L2_final:0.06650 (0.5%) | L3_e3:12.69312 (96.6%) | final_max_PQ:2.882e-01
🟩 Epoch 422 | Train loss = 13.9137 | Val conv@1=0.0000, conv@2=0.0000, conv@3=0.0000, conv@5=0.0000, residual@1=3.574026e-02, residual@2=2.097986e-03, residual@3=9.861914e-04, excess@2=19.9799, tail@2=1.963637e-01, score=-6.145608 | LR: 2.5000e-04
     25 total:14.57606 | blocks:1 | L1_step:0.18791 (1.3%) | L2_step:0.14942 (1.0%) L2_final:0.14100 (1.0%) | L3_e3:14.09772 (96.7%) | final_max_PQ:1.308e+00
     50 total:10.85843 | blocks:3 | L1_step:0.35960 (3.3%) | L2_step:0.03970 (0.4%) L2_final:0.04533 (0.4%) | L3_e3:10.41380 (95.9%) | final_max_PQ:2.400e-02
🔘 Epoch 423 No Improvement (1/40) | Val conv@1=0.0000, conv@2=0.0000, conv@3=0.0000, conv@5=0.0000, residual@1=3.876724e-02, residual@2=2.440585e-03
     25 total:15.98930 | blocks:1 | L1_step:0.17830 (1.1%) | L2_step:0.12940 (0.8%) L2_final:0.14881 (0.9%) | L3_e3:15.53278 (97.1%) | final_max_PQ:1.186e+00
     50 total:11.88302 | blocks:3 | L1_step:0.54595 (4.6%) | L2_step:0.04615 (0.4%) L2_final:0.06485 (0.5%) | L3_e3:11.22607 (94.5%) | final_max_PQ:2.489e-02
🔘 Epoch 424 No Improvement (2/40) | Val conv@1=0.0000, conv@2=0.0000, conv@3=0.0000, conv@5=0.0000, residual@1=3.725456e-02, residual@2=3.448075e-03
     25 total:14.03055 | blocks:2 | L1_step:0.34793 (2.5%) | L2_step:0.06536 (0.5%) L2_final:0.06769 (0.5%) | L3_e3:13.54957 (96.6%) | final_max_PQ:5.734e-02
     50 total:13.47098 | blocks:2 | L1_step:0.59909 (4.4%) | L2_step:0.06811 (0.5%) L2_final:0.07548 (0.6%) | L3_e3:12.72830 (94.5%) | final_max_PQ:1.812e-01
🔘 Epoch 425 No Improvement (3/40) | Val conv@1=0.0000, conv@2=0.0000, conv@3=0.0000, conv@5=0.0000, residual@1=3.620833e-02, residual@2=2.165446e-03
     25 total:14.16603 | blocks:2 | L1_step:0.32817 (2.3%) | L2_step:0.06126 (0.4%) L2_final:0.05967 (0.4%) | L3_e3:13.71693 (96.8%) | final_max_PQ:2.346e-01
     50 total:11.24686 | blocks:3 | L1_step:0.34358 (3.1%) | L2_step:0.04294 (0.4%) L2_final:0.04227 (0.4%) | L3_e3:10.81807 (96.2%) | final_max_PQ:2.221e-02
🔘 Epoch 426 No Improvement (4/40) | Val conv@1=0.0000, conv@2=0.0000, conv@3=0.0000, conv@5=0.0000, residual@1=3.628456e-02, residual@2=2.522715e-03
     25 total:14.69579 | blocks:2 | L1_step:0.30972 (2.1%) | L2_step:0.05738 (0.4%) L2_final:0.06629 (0.5%) | L3_e3:14.26240 (97.1%) | final_max_PQ:6.765e-02
     50 total:11.72201 | blocks:3 | L1_step:0.63114 (5.4%) | L2_step:0.04630 (0.4%) L2_final:0.05614 (0.5%) | L3_e3:10.98843 (93.7%) | final_max_PQ:2.147e-02
🔘 Epoch 427 No Improvement (5/40) | Val conv@1=0.0000, conv@2=0.0000, conv@3=0.0000, conv@5=0.0000, residual@1=3.764159e-02, residual@2=2.730428e-03
     25 total:12.82924 | blocks:2 | L1_step:0.32069 (2.5%) | L2_step:0.04870 (0.4%) L2_final:0.05109 (0.4%) | L3_e3:12.40876 (96.7%) | final_max_PQ:4.091e-02
     50 total:12.86945 | blocks:2 | L1_step:0.31779 (2.5%) | L2_step:0.06428 (0.5%) L2_final:0.07519 (0.6%) | L3_e3:12.41219 (96.4%) | final_max_PQ:1.094e-01
🟩 Epoch 428 | Train loss = 12.6597 | Val conv@1=0.0000, conv@2=0.0000, conv@3=0.0000, conv@5=0.0000, residual@1=3.655124e-02, residual@2=2.045093e-03, residual@3=8.871945e-04, excess@2=19.4509, tail@2=1.874092e-01, score=-5.985995 | LR: 2.5000e-04
     25 total:14.73486 | blocks:1 | L1_step:0.17150 (1.2%) | L2_step:0.12928 (0.9%) L2_final:0.15208 (1.0%) | L3_e3:14.28201 (96.9%) | final_max_PQ:1.168e+00
     50 total:10.92711 | blocks:3 | L1_step:0.36036 (3.3%) | L2_step:0.04404 (0.4%) L2_final:0.05891 (0.5%) | L3_e3:10.46379 (95.8%) | final_max_PQ:1.252e-01
🔘 Epoch 429 No Improvement (1/40) | Val conv@1=0.0000, conv@2=0.0000, conv@3=0.0000, conv@5=0.0000, residual@1=3.584757e-02, residual@2=2.270688e-03
     25 total:12.82680 | blocks:3 | L1_step:0.35201 (2.7%) | L2_step:0.04108 (0.3%) L2_final:0.04248 (0.3%) | L3_e3:12.39124 (96.6%) | final_max_PQ:1.577e-02
     50 total:9.94147 | blocks:3 | L1_step:0.32894 (3.3%) | L2_step:0.04390 (0.4%) L2_final:0.04563 (0.5%) | L3_e3:9.52301 (95.8%) | final_max_PQ:1.973e-02
🔘 Epoch 430 No Improvement (2/40) | Val conv@1=0.0000, conv@2=0.0000, conv@3=0.0000, conv@5=0.0000, residual@1=3.659693e-02, residual@2=2.249384e-03
     25 total:10.71902 | blocks:3 | L1_step:0.35579 (3.3%) | L2_step:0.03642 (0.3%) L2_final:0.03812 (0.4%) | L3_e3:10.28869 (96.0%) | final_max_PQ:2.910e-02
     50 total:11.30413 | blocks:3 | L1_step:0.33930 (3.0%) | L2_step:0.04790 (0.4%) L2_final:0.04837 (0.4%) | L3_e3:10.86856 (96.1%) | final_max_PQ:1.200e-02
🔘 Epoch 431 No Improvement (3/40) | Val conv@1=0.0000, conv@2=0.0000, conv@3=0.0000, conv@5=0.0000, residual@1=3.655291e-02, residual@2=2.501244e-03
     25 total:9.97865 | blocks:3 | L1_step:0.42771 (4.3%) | L2_step:0.03185 (0.3%) L2_final:0.03322 (0.3%) | L3_e3:9.48587 (95.1%) | final_max_PQ:1.188e-02
     50 total:13.12564 | blocks:2 | L1_step:0.33662 (2.6%) | L2_step:0.05187 (0.4%) L2_final:0.05722 (0.4%) | L3_e3:12.67993 (96.6%) | final_max_PQ:5.476e-02
🔘 Epoch 432 No Improvement (4/40) | Val conv@1=0.0000, conv@2=0.0000, conv@3=0.0000, conv@5=0.0000, residual@1=3.757203e-02, residual@2=2.110244e-03
     25 total:12.45030 | blocks:2 | L1_step:0.30958 (2.5%) | L2_step:0.05006 (0.4%) L2_final:0.06089 (0.5%) | L3_e3:12.02978 (96.6%) | final_max_PQ:1.734e-01
     50 total:12.90758 | blocks:2 | L1_step:0.34492 (2.7%) | L2_step:0.06097 (0.5%) L2_final:0.07173 (0.6%) | L3_e3:12.42995 (96.3%) | final_max_PQ:5.741e-02
🔘 Epoch 433 No Improvement (5/40) | Val conv@1=0.0000, conv@2=0.0000, conv@3=0.0000, conv@5=0.0000, residual@1=3.592445e-02, residual@2=2.446899e-03
     25 total:15.54066 | blocks:2 | L1_step:0.31401 (2.0%) | L2_step:0.06441 (0.4%) L2_final:0.07113 (0.5%) | L3_e3:15.09112 (97.1%) | final_max_PQ:1.170e-01
     50 total:11.80840 | blocks:2 | L1_step:0.30727 (2.6%) | L2_step:0.06065 (0.5%) L2_final:0.05683 (0.5%) | L3_e3:11.38366 (96.4%) | final_max_PQ:5.626e-02
🔘 Epoch 434 No Improvement (6/40) | Val conv@1=0.0000, conv@2=0.0000, conv@3=0.0000, conv@5=0.0000, residual@1=3.487979e-02, residual@2=2.232082e-03
     25 total:14.08740 | blocks:2 | L1_step:0.32634 (2.3%) | L2_step:0.04787 (0.3%) L2_final:0.05298 (0.4%) | L3_e3:13.66020 (97.0%) | final_max_PQ:2.429e-01
     50 total:12.12451 | blocks:2 | L1_step:0.33817 (2.8%) | L2_step:0.06151 (0.5%) L2_final:0.05481 (0.5%) | L3_e3:11.67002 (96.3%) | final_max_PQ:3.421e-02
🔘 Epoch 435 No Improvement (7/40) | Val conv@1=0.0000, conv@2=0.0000, conv@3=0.0000, conv@5=0.0000, residual@1=3.507656e-02, residual@2=2.129117e-03
     25 total:12.26018 | blocks:2 | L1_step:0.30949 (2.5%) | L2_step:0.05949 (0.5%) L2_final:0.06244 (0.5%) | L3_e3:11.82875 (96.5%) | final_max_PQ:5.152e-02
     50 total:13.01052 | blocks:2 | L1_step:0.30965 (2.4%) | L2_step:0.04963 (0.4%) L2_final:0.05771 (0.4%) | L3_e3:12.59352 (96.8%) | final_max_PQ:9.507e-02
🔘 Epoch 436 No Improvement (8/40) | Val conv@1=0.0000, conv@2=0.0000, conv@3=0.0000, conv@5=0.0000, residual@1=3.573417e-02, residual@2=2.636810e-03
     25 total:12.95580 | blocks:2 | L1_step:0.35079 (2.7%) | L2_step:0.06109 (0.5%) L2_final:0.06633 (0.5%) | L3_e3:12.47758 (96.3%) | final_max_PQ:8.564e-02
     50 total:10.99861 | blocks:3 | L1_step:0.33098 (3.0%) | L2_step:0.05391 (0.5%) L2_final:0.06793 (0.6%) | L3_e3:10.54578 (95.9%) | final_max_PQ:1.657e-02
🔘 Epoch 437 No Improvement (9/40) | Val conv@1=0.0000, conv@2=0.0000, conv@3=0.0000, conv@5=0.0000, residual@1=3.481336e-02, residual@2=2.100723e-03
     25 total:16.23917 | blocks:2 | L1_step:0.31157 (1.9%) | L2_step:0.07127 (0.4%) L2_final:0.08515 (0.5%) | L3_e3:15.77117 (97.1%) | final_max_PQ:1.078e-01
     50 total:13.96062 | blocks:2 | L1_step:0.30631 (2.2%) | L2_step:0.05127 (0.4%) L2_final:0.05038 (0.4%) | L3_e3:13.55266 (97.1%) | final_max_PQ:5.965e-02
🔘 Epoch 438 No Improvement (10/40) | Val conv@1=0.0000, conv@2=0.0000, conv@3=0.0000, conv@5=0.0000, residual@1=3.358678e-02, residual@2=2.234584e-03
     25 total:14.01867 | blocks:1 | L1_step:0.39589 (2.8%) | L2_step:0.08365 (0.6%) L2_final:0.10270 (0.7%) | L3_e3:13.43644 (95.8%) | final_max_PQ:1.211e+00
     50 total:12.02423 | blocks:2 | L1_step:0.32001 (2.7%) | L2_step:0.06570 (0.5%) L2_final:0.07109 (0.6%) | L3_e3:11.56743 (96.2%) | final_max_PQ:4.571e-01
🔘 Epoch 439 No Improvement (11/40) | Val conv@1=0.0000, conv@2=0.0000, conv@3=0.0000, conv@5=0.0000, residual@1=3.437550e-02, residual@2=2.762665e-03
     25 total:12.97432 | blocks:2 | L1_step:0.35919 (2.8%) | L2_step:0.05530 (0.4%) L2_final:0.05938 (0.5%) | L3_e3:12.50045 (96.3%) | final_max_PQ:1.682e-01
     50 total:11.45737 | blocks:3 | L1_step:0.42946 (3.7%) | L2_step:0.04363 (0.4%) L2_final:0.05018 (0.4%) | L3_e3:10.93409 (95.4%) | final_max_PQ:1.604e-02
🔘 Epoch 440 No Improvement (12/40) | Val conv@1=0.0000, conv@2=0.0000, conv@3=0.0000, conv@5=0.0000, residual@1=3.582378e-02, residual@2=3.138345e-03
     25 total:12.63348 | blocks:2 | L1_step:0.32509 (2.6%) | L2_step:0.04724 (0.4%) L2_final:0.05493 (0.4%) | L3_e3:12.20622 (96.6%) | final_max_PQ:2.822e-01
     50 total:12.57640 | blocks:2 | L1_step:0.38144 (3.0%) | L2_step:0.05110 (0.4%) L2_final:0.05489 (0.4%) | L3_e3:12.08897 (96.1%) | final_max_PQ:4.311e-02
🔘 Epoch 441 No Improvement (13/40) | Val conv@1=0.0000, conv@2=0.0000, conv@3=0.0000, conv@5=0.0000, residual@1=3.402126e-02, residual@2=2.252964e-03
     25 total:11.85855 | blocks:2 | L1_step:0.31550 (2.7%) | L2_step:0.06033 (0.5%) L2_final:0.06276 (0.5%) | L3_e3:11.41996 (96.3%) | final_max_PQ:6.927e-02
     50 total:11.14446 | blocks:3 | L1_step:0.33665 (3.0%) | L2_step:0.04130 (0.4%) L2_final:0.05067 (0.5%) | L3_e3:10.71584 (96.2%) | final_max_PQ:9.907e-03
🔘 Epoch 442 No Improvement (14/40) | Val conv@1=0.0000, conv@2=0.0000, conv@3=0.0000, conv@5=0.0000, residual@1=3.393392e-02, residual@2=2.179397e-03
     25 total:10.21446 | blocks:3 | L1_step:0.34593 (3.4%) | L2_step:0.03893 (0.4%) L2_final:0.04585 (0.4%) | L3_e3:9.78374 (95.8%) | final_max_PQ:2.104e-02
     50 total:13.02013 | blocks:2 | L1_step:0.38722 (3.0%) | L2_step:0.04532 (0.3%) L2_final:0.05343 (0.4%) | L3_e3:12.53416 (96.3%) | final_max_PQ:2.092e-01
🔘 Epoch 443 No Improvement (15/40) | Val conv@1=0.0000, conv@2=0.0000, conv@3=0.0000, conv@5=0.0000, residual@1=3.526457e-02, residual@2=2.362298e-03
     25 total:12.37069 | blocks:2 | L1_step:0.35137 (2.8%) | L2_step:0.05333 (0.4%) L2_final:0.05469 (0.4%) | L3_e3:11.91130 (96.3%) | final_max_PQ:5.078e-02
     50 total:12.60077 | blocks:2 | L1_step:0.32790 (2.6%) | L2_step:0.06352 (0.5%) L2_final:0.06589 (0.5%) | L3_e3:12.14347 (96.4%) | final_max_PQ:1.012e-01
🔘 Epoch 444 No Improvement (16/40) | Val conv@1=0.0000, conv@2=0.0000, conv@3=0.0000, conv@5=0.0000, residual@1=3.440186e-02, residual@2=2.232470e-03
     25 total:12.76357 | blocks:2 | L1_step:0.32949 (2.6%) | L2_step:0.05354 (0.4%) L2_final:0.05376 (0.4%) | L3_e3:12.32678 (96.6%) | final_max_PQ:6.264e-02
     50 total:13.25590 | blocks:2 | L1_step:0.42286 (3.2%) | L2_step:0.05046 (0.4%) L2_final:0.05261 (0.4%) | L3_e3:12.72997 (96.0%) | final_max_PQ:7.104e-02
🟩 Epoch 445 | Train loss = 12.1385 | Val conv@1=0.0000, conv@2=0.0000, conv@3=0.0000, conv@5=0.0000, residual@1=3.418958e-02, residual@2=2.003252e-03, residual@3=9.892596e-04, excess@2=19.0325, tail@2=1.714779e-01, score=-5.858697 | LR: 2.5000e-04
     25 total:13.44856 | blocks:2 | L1_step:0.49140 (3.7%) | L2_step:0.05583 (0.4%) L2_final:0.04695 (0.3%) | L3_e3:12.85438 (95.6%) | final_max_PQ:3.852e-02
     50 total:11.65455 | blocks:3 | L1_step:0.59101 (5.1%) | L2_step:0.04975 (0.4%) L2_final:0.05821 (0.5%) | L3_e3:10.95559 (94.0%) | final_max_PQ:1.557e-02
🔘 Epoch 446 No Improvement (1/40) | Val conv@1=0.0000, conv@2=0.0000, conv@3=0.0000, conv@5=0.0000, residual@1=3.356993e-02, residual@2=2.246671e-03
     25 total:13.55875 | blocks:2 | L1_step:0.31426 (2.3%) | L2_step:0.04848 (0.4%) L2_final:0.05065 (0.4%) | L3_e3:13.14536 (97.0%) | final_max_PQ:1.735e-01
     50 total:10.54628 | blocks:3 | L1_step:0.32904 (3.1%) | L2_step:0.03399 (0.3%) L2_final:0.04345 (0.4%) | L3_e3:10.13980 (96.1%) | final_max_PQ:1.329e-02
🔘 Epoch 447 No Improvement (2/40) | Val conv@1=0.0000, conv@2=0.0000, conv@3=0.0000, conv@5=0.0000, residual@1=3.476094e-02, residual@2=2.502863e-03
     25 total:11.76797 | blocks:2 | L1_step:0.35818 (3.0%) | L2_step:0.06456 (0.5%) L2_final:0.06204 (0.5%) | L3_e3:11.28319 (95.9%) | final_max_PQ:1.691e-01
     50 total:10.53801 | blocks:3 | L1_step:0.62946 (6.0%) | L2_step:0.03533 (0.3%) L2_final:0.04256 (0.4%) | L3_e3:9.83066 (93.3%) | final_max_PQ:1.654e-02
🔘 Epoch 448 No Improvement (3/40) | Val conv@1=0.0000, conv@2=0.0000, conv@3=0.0000, conv@5=0.0000, residual@1=3.457452e-02, residual@2=2.095768e-03
     25 total:10.75530 | blocks:3 | L1_step:0.33843 (3.1%) | L2_step:0.04615 (0.4%) L2_final:0.04626 (0.4%) | L3_e3:10.32445 (96.0%) | final_max_PQ:1.601e-02
     50 total:14.74580 | blocks:1 | L1_step:0.19477 (1.3%) | L2_step:0.11061 (0.8%) L2_final:0.12358 (0.8%) | L3_e3:14.31684 (97.1%) | final_max_PQ:1.120e+00
🔘 Epoch 449 No Improvement (4/40) | Val conv@1=0.0000, conv@2=0.0000, conv@3=0.0000, conv@5=0.0000, residual@1=3.378271e-02, residual@2=2.067015e-03
     25 total:12.91366 | blocks:2 | L1_step:0.32076 (2.5%) | L2_step:0.07705 (0.6%) L2_final:0.07587 (0.6%) | L3_e3:12.43997 (96.3%) | final_max_PQ:4.298e-02
     50 total:13.05047 | blocks:2 | L1_step:0.31396 (2.4%) | L2_step:0.04460 (0.3%) L2_final:0.05327 (0.4%) | L3_e3:12.63864 (96.8%) | final_max_PQ:1.620e-01
🔘 Epoch 450 No Improvement (5/40) | Val conv@1=0.0000, conv@2=0.0000, conv@3=0.0000, conv@5=0.0000, residual@1=3.577390e-02, residual@2=2.576581e-03
     25 total:14.49716 | blocks:2 | L1_step:0.67089 (4.6%) | L2_step:0.05777 (0.4%) L2_final:0.06449 (0.4%) | L3_e3:13.70401 (94.5%) | final_max_PQ:1.392e-01
     50 total:11.75193 | blocks:2 | L1_step:0.32624 (2.8%) | L2_step:0.05413 (0.5%) L2_final:0.06757 (0.6%) | L3_e3:11.30398 (96.2%) | final_max_PQ:1.892e-01
🔘 Epoch 451 No Improvement (6/40) | Val conv@1=0.0000, conv@2=0.0000, conv@3=0.0000, conv@5=0.0000, residual@1=3.440220e-02, residual@2=2.593383e-03
     25 total:13.32458 | blocks:3 | L1_step:0.32879 (2.5%) | L2_step:0.04314 (0.3%) L2_final:0.05048 (0.4%) | L3_e3:12.90217 (96.8%) | final_max_PQ:2.491e-02
     50 total:11.99788 | blocks:2 | L1_step:0.30687 (2.6%) | L2_step:0.05247 (0.4%) L2_final:0.05292 (0.4%) | L3_e3:11.58562 (96.6%) | final_max_PQ:4.944e-02
🔘 Epoch 452 No Improvement (7/40) | Val conv@1=0.0000, conv@2=0.0000, conv@3=0.0000, conv@5=0.0000, residual@1=3.269010e-02, residual@2=2.080205e-03
     25 total:11.77102 | blocks:2 | L1_step:0.34410 (2.9%) | L2_step:0.05654 (0.5%) L2_final:0.07374 (0.6%) | L3_e3:11.29665 (96.0%) | final_max_PQ:1.714e-01
     50 total:10.05729 | blocks:3 | L1_step:0.35418 (3.5%) | L2_step:0.04333 (0.4%) L2_final:0.04534 (0.5%) | L3_e3:9.61444 (95.6%) | final_max_PQ:1.102e-02
🟩 Epoch 453 | Train loss = 11.8546 | Val conv@1=0.0000, conv@2=0.0000, conv@3=0.0000, conv@5=0.0000, residual@1=3.412998e-02, residual@2=1.927926e-03, residual@3=9.420034e-04, excess@2=18.2793, tail@2=1.552278e-01, score=-5.630727 | LR: 2.5000e-04
     25 total:11.81544 | blocks:2 | L1_step:0.36267 (3.1%) | L2_step:0.05859 (0.5%) L2_final:0.05622 (0.5%) | L3_e3:11.33796 (96.0%) | final_max_PQ:8.793e-02
     50 total:11.11092 | blocks:3 | L1_step:0.34745 (3.1%) | L2_step:0.04716 (0.4%) L2_final:0.05287 (0.5%) | L3_e3:10.66343 (96.0%) | final_max_PQ:3.827e-02
🔘 Epoch 454 No Improvement (1/40) | Val conv@1=0.0000, conv@2=0.0000, conv@3=0.0000, conv@5=0.0000, residual@1=3.296499e-02, residual@2=2.192302e-03
     25 total:12.44481 | blocks:2 | L1_step:0.31353 (2.5%) | L2_step:0.04057 (0.3%) L2_final:0.04818 (0.4%) | L3_e3:12.04253 (96.8%) | final_max_PQ:9.506e-02
     50 total:13.26284 | blocks:2 | L1_step:0.30762 (2.3%) | L2_step:0.06253 (0.5%) L2_final:0.06018 (0.5%) | L3_e3:12.83251 (96.8%) | final_max_PQ:4.938e-02
🔘 Epoch 455 No Improvement (2/40) | Val conv@1=0.0000, conv@2=0.0000, conv@3=0.0000, conv@5=0.0000, residual@1=3.283789e-02, residual@2=2.563106e-03
     25 total:12.06746 | blocks:2 | L1_step:0.32627 (2.7%) | L2_step:0.04904 (0.4%) L2_final:0.04986 (0.4%) | L3_e3:11.64230 (96.5%) | final_max_PQ:8.492e-02
     50 total:12.53093 | blocks:2 | L1_step:0.39834 (3.2%) | L2_step:0.03718 (0.3%) L2_final:0.03892 (0.3%) | L3_e3:12.05650 (96.2%) | final_max_PQ:5.657e-02
🔘 Epoch 456 No Improvement (3/40) | Val conv@1=0.0000, conv@2=0.0000, conv@3=0.0000, conv@5=0.0000, residual@1=3.209114e-02, residual@2=2.180703e-03
     25 total:12.54021 | blocks:2 | L1_step:0.37831 (3.0%) | L2_step:0.05605 (0.4%) L2_final:0.05595 (0.4%) | L3_e3:12.04990 (96.1%) | final_max_PQ:1.676e-01
     50 total:12.75052 | blocks:2 | L1_step:0.34272 (2.7%) | L2_step:0.05261 (0.4%) L2_final:0.06066 (0.5%) | L3_e3:12.29452 (96.4%) | final_max_PQ:6.147e-02
🔘 Epoch 457 No Improvement (4/40) | Val conv@1=0.0000, conv@2=0.0000, conv@3=0.0000, conv@5=0.0000, residual@1=3.422376e-02, residual@2=2.711242e-03
     25 total:14.79339 | blocks:2 | L1_step:0.34354 (2.3%) | L2_step:0.05170 (0.3%) L2_final:0.04771 (0.3%) | L3_e3:14.35044 (97.0%) | final_max_PQ:6.004e-02
     50 total:14.48928 | blocks:2 | L1_step:0.33070 (2.3%) | L2_step:0.06573 (0.5%) L2_final:0.07251 (0.5%) | L3_e3:14.02034 (96.8%) | final_max_PQ:7.784e-02
🔘 Epoch 458 No Improvement (5/40) | Val conv@1=0.0000, conv@2=0.0000, conv@3=0.0000, conv@5=0.0000, residual@1=3.342285e-02, residual@2=2.164239e-03
     25 total:12.41653 | blocks:3 | L1_step:0.54559 (4.4%) | L2_step:0.04048 (0.3%) L2_final:0.04757 (0.4%) | L3_e3:11.78290 (94.9%) | final_max_PQ:1.130e-02
     50 total:12.49272 | blocks:2 | L1_step:0.30218 (2.4%) | L2_step:0.05397 (0.4%) L2_final:0.05559 (0.4%) | L3_e3:12.08098 (96.7%) | final_max_PQ:1.351e-01
🔘 Epoch 459 No Improvement (6/40) | Val conv@1=0.0000, conv@2=0.0000, conv@3=0.0000, conv@5=0.0000, residual@1=3.248888e-02, residual@2=1.956946e-03
     25 total:14.45171 | blocks:2 | L1_step:0.46604 (3.2%) | L2_step:0.06374 (0.4%) L2_final:0.06724 (0.5%) | L3_e3:13.85468 (95.9%) | final_max_PQ:6.477e-02
     50 total:13.65661 | blocks:2 | L1_step:0.41953 (3.1%) | L2_step:0.05323 (0.4%) L2_final:0.05782 (0.4%) | L3_e3:13.12604 (96.1%) | final_max_PQ:1.314e-01
🔘 Epoch 460 No Improvement (7/40) | Val conv@1=0.0000, conv@2=0.0000, conv@3=0.0000, conv@5=0.0000, residual@1=3.285017e-02, residual@2=2.312019e-03
     25 total:12.87755 | blocks:2 | L1_step:0.31849 (2.5%) | L2_step:0.05688 (0.4%) L2_final:0.06211 (0.5%) | L3_e3:12.44008 (96.6%) | final_max_PQ:2.839e-01
     50 total:12.20728 | blocks:2 | L1_step:0.33721 (2.8%) | L2_step:0.05616 (0.5%) L2_final:0.06784 (0.6%) | L3_e3:11.74606 (96.2%) | final_max_PQ:2.062e-01
🟩 Epoch 461 | Train loss = 12.3379 | Val conv@1=0.0000, conv@2=0.0000, conv@3=0.0000, conv@5=0.0000, residual@1=3.376453e-02, residual@2=1.870721e-03, residual@3=9.564579e-04, excess@2=17.7072, tail@2=1.364228e-01, score=-5.456531 | LR: 2.5000e-04
     25 total:13.83655 | blocks:2 | L1_step:0.32933 (2.4%) | L2_step:0.05667 (0.4%) L2_final:0.06072 (0.4%) | L3_e3:13.38983 (96.8%) | final_max_PQ:9.557e-02
     50 total:11.13764 | blocks:3 | L1_step:0.32909 (3.0%) | L2_step:0.04944 (0.4%) L2_final:0.06793 (0.6%) | L3_e3:10.69118 (96.0%) | final_max_PQ:1.756e-02
🔘 Epoch 462 No Improvement (1/40) | Val conv@1=0.0000, conv@2=0.0000, conv@3=0.0000, conv@5=0.0000, residual@1=3.263498e-02, residual@2=2.131518e-03
     25 total:12.21486 | blocks:2 | L1_step:0.59749 (4.9%) | L2_step:0.05828 (0.5%) L2_final:0.06864 (0.6%) | L3_e3:11.49044 (94.1%) | final_max_PQ:2.840e-01
     50 total:12.65359 | blocks:2 | L1_step:0.30911 (2.4%) | L2_step:0.06514 (0.5%) L2_final:0.06908 (0.5%) | L3_e3:12.21026 (96.5%) | final_max_PQ:4.666e-02
🟩 Epoch 463 | Train loss = 12.3263 | Val conv@1=0.0000, conv@2=0.0000, conv@3=0.0000, conv@5=0.0000, residual@1=3.158493e-02, residual@2=1.765897e-03, residual@3=8.481330e-04, excess@2=16.6590, tail@2=1.553324e-01, score=-5.144655 | LR: 2.5000e-04
     25 total:13.77855 | blocks:2 | L1_step:0.34081 (2.5%) | L2_step:0.06282 (0.5%) L2_final:0.07602 (0.6%) | L3_e3:13.29890 (96.5%) | final_max_PQ:1.488e-01
     50 total:14.29922 | blocks:1 | L1_step:0.17847 (1.2%) | L2_step:0.13277 (0.9%) L2_final:0.14837 (1.0%) | L3_e3:13.83962 (96.8%) | final_max_PQ:1.610e+00
🔘 Epoch 464 No Improvement (1/40) | Val conv@1=0.0000, conv@2=0.0000, conv@3=0.0000, conv@5=0.0000, residual@1=3.433443e-02, residual@2=2.636512e-03
     25 total:13.42360 | blocks:2 | L1_step:0.32068 (2.4%) | L2_step:0.04790 (0.4%) L2_final:0.05025 (0.4%) | L3_e3:13.00477 (96.9%) | final_max_PQ:6.479e-02
     50 total:15.28683 | blocks:1 | L1_step:0.18412 (1.2%) | L2_step:0.10884 (0.7%) L2_final:0.12224 (0.8%) | L3_e3:14.87164 (97.3%) | final_max_PQ:2.023e+00
🔘 Epoch 465 No Improvement (2/40) | Val conv@1=0.0000, conv@2=0.0000, conv@3=0.0000, conv@5=0.0000, residual@1=3.242091e-02, residual@2=1.978341e-03
     25 total:11.27182 | blocks:3 | L1_step:0.37784 (3.4%) | L2_step:0.03824 (0.3%) L2_final:0.04390 (0.4%) | L3_e3:10.81184 (95.9%) | final_max_PQ:9.167e-03
     50 total:11.89191 | blocks:3 | L1_step:0.37020 (3.1%) | L2_step:0.03759 (0.3%) L2_final:0.04450 (0.4%) | L3_e3:11.43962 (96.2%) | final_max_PQ:9.523e-03
🔘 Epoch 466 No Improvement (3/40) | Val conv@1=0.0000, conv@2=0.0000, conv@3=0.0000, conv@5=0.0000, residual@1=3.422872e-02, residual@2=2.211749e-03
     25 total:14.87442 | blocks:1 | L1_step:0.27940 (1.9%) | L2_step:0.11020 (0.7%) L2_final:0.10021 (0.7%) | L3_e3:14.38461 (96.7%) | final_max_PQ:1.270e+00
     50 total:13.50106 | blocks:2 | L1_step:0.33503 (2.5%) | L2_step:0.04900 (0.4%) L2_final:0.05444 (0.4%) | L3_e3:13.06260 (96.8%) | final_max_PQ:4.764e-02
🔘 Epoch 467 No Improvement (4/40) | Val conv@1=0.0000, conv@2=0.0000, conv@3=0.0000, conv@5=0.0000, residual@1=3.275252e-02, residual@2=1.803729e-03
     25 total:11.20855 | blocks:2 | L1_step:0.31121 (2.8%) | L2_step:0.06429 (0.6%) L2_final:0.08013 (0.7%) | L3_e3:10.75292 (95.9%) | final_max_PQ:1.668e-01
     50 total:11.12212 | blocks:2 | L1_step:0.31213 (2.8%) | L2_step:0.04579 (0.4%) L2_final:0.05025 (0.5%) | L3_e3:10.71394 (96.3%) | final_max_PQ:6.321e-02
🔘 Epoch 468 No Improvement (5/40) | Val conv@1=0.0000, conv@2=0.0000, conv@3=0.0000, conv@5=0.0000, residual@1=3.441586e-02, residual@2=2.384983e-03
     25 total:10.17068 | blocks:3 | L1_step:0.56673 (5.6%) | L2_step:0.03204 (0.3%) L2_final:0.03003 (0.3%) | L3_e3:9.54188 (93.8%) | final_max_PQ:1.116e-02
     50 total:11.20932 | blocks:2 | L1_step:0.31730 (2.8%) | L2_step:0.04920 (0.4%) L2_final:0.05525 (0.5%) | L3_e3:10.78756 (96.2%) | final_max_PQ:4.463e-02
🔘 Epoch 469 No Improvement (6/40) | Val conv@1=0.0000, conv@2=0.0000, conv@3=0.0000, conv@5=0.0000, residual@1=3.303055e-02, residual@2=2.253888e-03
     25 total:11.52939 | blocks:3 | L1_step:0.34417 (3.0%) | L2_step:0.04323 (0.4%) L2_final:0.04235 (0.4%) | L3_e3:11.09965 (96.3%) | final_max_PQ:1.032e-02
     50 total:10.90992 | blocks:2 | L1_step:0.32744 (3.0%) | L2_step:0.04163 (0.4%) L2_final:0.04954 (0.5%) | L3_e3:10.49130 (96.2%) | final_max_PQ:7.992e-02
🔘 Epoch 470 No Improvement (7/40) | Val conv@1=0.0000, conv@2=0.0000, conv@3=0.0000, conv@5=0.0000, residual@1=3.260179e-02, residual@2=1.988650e-03
     25 total:13.71685 | blocks:2 | L1_step:0.33274 (2.4%) | L2_step:0.05878 (0.4%) L2_final:0.06405 (0.5%) | L3_e3:13.26127 (96.7%) | final_max_PQ:7.181e-02
     50 total:13.28228 | blocks:2 | L1_step:0.65410 (4.9%) | L2_step:0.04702 (0.4%) L2_final:0.05653 (0.4%) | L3_e3:12.52463 (94.3%) | final_max_PQ:6.129e-02
🟩 Epoch 471 | Train loss = 12.4021 | Val conv@1=0.0000, conv@2=0.0000, conv@3=0.0000, conv@5=0.0000, residual@1=3.168319e-02, residual@2=1.695498e-03, residual@3=8.329972e-04, excess@2=15.9550, tail@2=1.292130e-01, score=-4.929775 | LR: 2.5000e-04
     25 total:11.75072 | blocks:2 | L1_step:0.38686 (3.3%) | L2_step:0.04855 (0.4%) L2_final:0.05850 (0.5%) | L3_e3:11.25681 (95.8%) | final_max_PQ:4.870e-02
     50 total:13.99018 | blocks:2 | L1_step:0.32001 (2.3%) | L2_step:0.07117 (0.5%) L2_final:0.07159 (0.5%) | L3_e3:13.52741 (96.7%) | final_max_PQ:1.018e-01
🔘 Epoch 472 No Improvement (1/40) | Val conv@1=0.0000, conv@2=0.0000, conv@3=0.0000, conv@5=0.0000, residual@1=3.171606e-02, residual@2=1.923147e-03
     25 total:12.48411 | blocks:2 | L1_step:0.31434 (2.5%) | L2_step:0.04126 (0.3%) L2_final:0.04691 (0.4%) | L3_e3:12.08160 (96.8%) | final_max_PQ:1.292e-01
     50 total:10.09023 | blocks:3 | L1_step:0.33109 (3.3%) | L2_step:0.04725 (0.5%) L2_final:0.05290 (0.5%) | L3_e3:9.65899 (95.7%) | final_max_PQ:4.973e-02
🔘 Epoch 473 No Improvement (2/40) | Val conv@1=0.0000, conv@2=0.0000, conv@3=0.0000, conv@5=0.0000, residual@1=3.133643e-02, residual@2=2.104259e-03
     25 total:10.92871 | blocks:3 | L1_step:0.33499 (3.1%) | L2_step:0.03587 (0.3%) L2_final:0.03681 (0.3%) | L3_e3:10.52103 (96.3%) | final_max_PQ:1.173e-02
     50 total:10.38190 | blocks:3 | L1_step:0.32376 (3.1%) | L2_step:0.03866 (0.4%) L2_final:0.03946 (0.4%) | L3_e3:9.98002 (96.1%) | final_max_PQ:9.810e-03
🔘 Epoch 474 No Improvement (3/40) | Val conv@1=0.0000, conv@2=0.0000, conv@3=0.0000, conv@5=0.0000, residual@1=3.214874e-02, residual@2=2.007212e-03
     25 total:15.89507 | blocks:1 | L1_step:0.19607 (1.2%) | L2_step:0.12056 (0.8%) L2_final:0.12100 (0.8%) | L3_e3:15.45744 (97.2%) | final_max_PQ:1.099e+00
     50 total:12.65442 | blocks:2 | L1_step:0.31305 (2.5%) | L2_step:0.05096 (0.4%) L2_final:0.06579 (0.5%) | L3_e3:12.22463 (96.6%) | final_max_PQ:5.866e-02
🔘 Epoch 475 No Improvement (4/40) | Val conv@1=0.0000, conv@2=0.0000, conv@3=0.0000, conv@5=0.0000, residual@1=3.272090e-02, residual@2=2.741868e-03
     25 total:14.28116 | blocks:2 | L1_step:0.41603 (2.9%) | L2_step:0.05514 (0.4%) L2_final:0.05674 (0.4%) | L3_e3:13.75324 (96.3%) | final_max_PQ:2.413e-01
     50 total:9.85606 | blocks:3 | L1_step:0.32551 (3.3%) | L2_step:0.03470 (0.4%) L2_final:0.03218 (0.3%) | L3_e3:9.46366 (96.0%) | final_max_PQ:1.056e-02
🔘 Epoch 476 No Improvement (5/40) | Val conv@1=0.0000, conv@2=0.0000, conv@3=0.0000, conv@5=0.0000, residual@1=3.124006e-02, residual@2=2.188495e-03
     25 total:13.91697 | blocks:2 | L1_step:0.41843 (3.0%) | L2_step:0.04972 (0.4%) L2_final:0.06026 (0.4%) | L3_e3:13.38855 (96.2%) | final_max_PQ:1.402e-01
     50 total:16.30054 | blocks:2 | L1_step:0.31472 (1.9%) | L2_step:0.05671 (0.3%) L2_final:0.06641 (0.4%) | L3_e3:15.86270 (97.3%) | final_max_PQ:8.136e-02
🔘 Epoch 477 No Improvement (6/40) | Val conv@1=0.0000, conv@2=0.0000, conv@3=0.0000, conv@5=0.0000, residual@1=3.151234e-02, residual@2=2.443245e-03
     25 total:12.37529 | blocks:3 | L1_step:0.34469 (2.8%) | L2_step:0.03421 (0.3%) L2_final:0.04027 (0.3%) | L3_e3:11.95613 (96.6%) | final_max_PQ:1.254e-02
     50 total:14.47026 | blocks:1 | L1_step:0.17106 (1.2%) | L2_step:0.08646 (0.6%) L2_final:0.08385 (0.6%) | L3_e3:14.12889 (97.6%) | final_max_PQ:8.547e-01
🔘 Epoch 478 No Improvement (7/40) | Val conv@1=0.0000, conv@2=0.0000, conv@3=0.0000, conv@5=0.0000, residual@1=3.288909e-02, residual@2=2.103182e-03
     25 total:15.49496 | blocks:2 | L1_step:0.31395 (2.0%) | L2_step:0.06577 (0.4%) L2_final:0.07770 (0.5%) | L3_e3:15.03754 (97.0%) | final_max_PQ:7.985e-02
     50 total:13.07149 | blocks:2 | L1_step:0.32726 (2.5%) | L2_step:0.04327 (0.3%) L2_final:0.04697 (0.4%) | L3_e3:12.65398 (96.8%) | final_max_PQ:4.769e-02
🔘 Epoch 479 No Improvement (8/40) | Val conv@1=0.0000, conv@2=0.0000, conv@3=0.0000, conv@5=0.0000, residual@1=3.139509e-02, residual@2=1.800418e-03
     25 total:11.59832 | blocks:2 | L1_step:0.38452 (3.3%) | L2_step:0.04565 (0.4%) L2_final:0.04938 (0.4%) | L3_e3:11.11877 (95.9%) | final_max_PQ:1.723e-01
     50 total:10.63761 | blocks:3 | L1_step:0.47459 (4.5%) | L2_step:0.03748 (0.4%) L2_final:0.04472 (0.4%) | L3_e3:10.08082 (94.8%) | final_max_PQ:1.016e-02
🔘 Epoch 480 No Improvement (9/40) | Val conv@1=0.0000, conv@2=0.0000, conv@3=0.0000, conv@5=0.0000, residual@1=3.075345e-02, residual@2=1.792700e-03
     25 total:12.54982 | blocks:2 | L1_step:0.33282 (2.7%) | L2_step:0.04044 (0.3%) L2_final:0.04628 (0.4%) | L3_e3:12.13028 (96.7%) | final_max_PQ:1.270e-01
     50 total:12.38743 | blocks:2 | L1_step:0.31025 (2.5%) | L2_step:0.05739 (0.5%) L2_final:0.06088 (0.5%) | L3_e3:11.95890 (96.5%) | final_max_PQ:1.184e-01
🔘 Epoch 481 No Improvement (10/40) | Val conv@1=0.0000, conv@2=0.0000, conv@3=0.0000, conv@5=0.0000, residual@1=3.202310e-02, residual@2=1.872429e-03
     25 total:12.27962 | blocks:2 | L1_step:0.62228 (5.1%) | L2_step:0.04008 (0.3%) L2_final:0.03987 (0.3%) | L3_e3:11.57740 (94.3%) | final_max_PQ:3.762e-02
     50 total:11.28459 | blocks:2 | L1_step:0.30667 (2.7%) | L2_step:0.04694 (0.4%) L2_final:0.04525 (0.4%) | L3_e3:10.88574 (96.5%) | final_max_PQ:5.925e-02
🟩 Epoch 482 | Train loss = 12.3250 | Val conv@1=0.0000, conv@2=0.0000, conv@3=0.0000, conv@5=0.0000, residual@1=3.087058e-02, residual@2=1.680013e-03, residual@3=8.503204e-04, excess@2=15.8001, tail@2=1.322338e-01, score=-4.883781 | LR: 2.5000e-04
     25 total:9.14207 | blocks:3 | L1_step:0.34653 (3.8%) | L2_step:0.02699 (0.3%) L2_final:0.02975 (0.3%) | L3_e3:8.73881 (95.6%) | final_max_PQ:9.508e-03
     50 total:12.12739 | blocks:2 | L1_step:0.34275 (2.8%) | L2_step:0.06602 (0.5%) L2_final:0.07257 (0.6%) | L3_e3:11.64605 (96.0%) | final_max_PQ:5.409e-02
🔘 Epoch 483 No Improvement (1/40) | Val conv@1=0.0000, conv@2=0.0000, conv@3=0.0000, conv@5=0.0000, residual@1=3.160417e-02, residual@2=2.003469e-03
     25 total:12.85177 | blocks:2 | L1_step:0.33658 (2.6%) | L2_step:0.04463 (0.3%) L2_final:0.04229 (0.3%) | L3_e3:12.42827 (96.7%) | final_max_PQ:1.067e-01
     50 total:12.26237 | blocks:2 | L1_step:0.32970 (2.7%) | L2_step:0.05575 (0.5%) L2_final:0.06154 (0.5%) | L3_e3:11.81537 (96.4%) | final_max_PQ:9.398e-02
🔘 Epoch 484 No Improvement (2/40) | Val conv@1=0.0000, conv@2=0.0000, conv@3=0.0000, conv@5=0.0000, residual@1=3.036113e-02, residual@2=2.042019e-03
     25 total:14.20650 | blocks:1 | L1_step:0.17398 (1.2%) | L2_step:0.08548 (0.6%) L2_final:0.08381 (0.6%) | L3_e3:13.86323 (97.6%) | final_max_PQ:6.773e-01
     50 total:11.62637 | blocks:2 | L1_step:0.32128 (2.8%) | L2_step:0.05523 (0.5%) L2_final:0.06033 (0.5%) | L3_e3:11.18954 (96.2%) | final_max_PQ:5.519e-02
🔘 Epoch 485 No Improvement (3/40) | Val conv@1=0.0000, conv@2=0.0000, conv@3=0.0000, conv@5=0.0000, residual@1=2.977760e-02, residual@2=2.240822e-03
     25 total:12.20125 | blocks:2 | L1_step:0.40310 (3.3%) | L2_step:0.04306 (0.4%) L2_final:0.04993 (0.4%) | L3_e3:11.70515 (95.9%) | final_max_PQ:3.900e-02
     50 total:13.95013 | blocks:2 | L1_step:0.32095 (2.3%) | L2_step:0.04795 (0.3%) L2_final:0.04978 (0.4%) | L3_e3:13.53144 (97.0%) | final_max_PQ:1.352e-01
🟩 Epoch 486 | Train loss = 12.9867 | Val conv@1=0.0000, conv@2=0.0000, conv@3=0.0000, conv@5=0.0000, residual@1=2.949749e-02, residual@2=1.614902e-03, residual@3=8.670192e-04, excess@2=15.1490, tail@2=1.199195e-01, score=-4.686494 | LR: 2.5000e-04
     25 total:13.18422 | blocks:2 | L1_step:0.31794 (2.4%) | L2_step:0.04461 (0.3%) L2_final:0.04726 (0.4%) | L3_e3:12.77441 (96.9%) | final_max_PQ:6.603e-02
     50 total:11.96692 | blocks:2 | L1_step:0.31232 (2.6%) | L2_step:0.04945 (0.4%) L2_final:0.05050 (0.4%) | L3_e3:11.55464 (96.6%) | final_max_PQ:3.698e-02
🔘 Epoch 487 No Improvement (1/40) | Val conv@1=0.0000, conv@2=0.0000, conv@3=0.0000, conv@5=0.0000, residual@1=2.930985e-02, residual@2=1.942356e-03
     25 total:13.21698 | blocks:2 | L1_step:0.32681 (2.5%) | L2_step:0.03635 (0.3%) L2_final:0.04012 (0.3%) | L3_e3:12.81370 (96.9%) | final_max_PQ:3.777e-02
     50 total:12.01008 | blocks:2 | L1_step:0.37347 (3.1%) | L2_step:0.04556 (0.4%) L2_final:0.04779 (0.4%) | L3_e3:11.54326 (96.1%) | final_max_PQ:1.841e-01
🔘 Epoch 488 No Improvement (2/40) | Val conv@1=0.0000, conv@2=0.0000, conv@3=0.0000, conv@5=0.0000, residual@1=2.916997e-02, residual@2=1.791908e-03
     25 total:12.23345 | blocks:2 | L1_step:0.30895 (2.5%) | L2_step:0.04649 (0.4%) L2_final:0.04299 (0.4%) | L3_e3:11.83503 (96.7%) | final_max_PQ:4.280e-02
     50 total:11.89789 | blocks:2 | L1_step:0.31307 (2.6%) | L2_step:0.04335 (0.4%) L2_final:0.04819 (0.4%) | L3_e3:11.49328 (96.6%) | final_max_PQ:7.051e-02
🔘 Epoch 489 No Improvement (3/40) | Val conv@1=0.0000, conv@2=0.0000, conv@3=0.0000, conv@5=0.0000, residual@1=3.063464e-02, residual@2=2.109938e-03
     25 total:12.59738 | blocks:2 | L1_step:0.38264 (3.0%) | L2_step:0.04824 (0.4%) L2_final:0.05777 (0.5%) | L3_e3:12.10874 (96.1%) | final_max_PQ:6.418e-02
     50 total:12.02558 | blocks:2 | L1_step:0.31264 (2.6%) | L2_step:0.04417 (0.4%) L2_final:0.05448 (0.5%) | L3_e3:11.61429 (96.6%) | final_max_PQ:1.651e-01
🔘 Epoch 490 No Improvement (4/40) | Val conv@1=0.0000, conv@2=0.0000, conv@3=0.0000, conv@5=0.0000, residual@1=3.007222e-02, residual@2=1.829142e-03
     25 total:13.37377 | blocks:2 | L1_step:0.32104 (2.4%) | L2_step:0.05406 (0.4%) L2_final:0.06143 (0.5%) | L3_e3:12.93723 (96.7%) | final_max_PQ:2.921e-02
     50 total:13.01832 | blocks:2 | L1_step:0.38577 (3.0%) | L2_step:0.04315 (0.3%) L2_final:0.04720 (0.4%) | L3_e3:12.54220 (96.3%) | final_max_PQ:5.394e-02
🔘 Epoch 491 No Improvement (5/40) | Val conv@1=0.0000, conv@2=0.0000, conv@3=0.0000, conv@5=0.0000, residual@1=2.965859e-02, residual@2=2.374412e-03
     25 total:14.06911 | blocks:3 | L1_step:0.33637 (2.4%) | L2_step:0.03372 (0.2%) L2_final:0.04146 (0.3%) | L3_e3:13.65755 (97.1%) | final_max_PQ:4.391e-02
     50 total:9.44623 | blocks:3 | L1_step:0.37221 (3.9%) | L2_step:0.03399 (0.4%) L2_final:0.03645 (0.4%) | L3_e3:9.00358 (95.3%) | final_max_PQ:1.039e-02
🔘 Epoch 492 No Improvement (6/40) | Val conv@1=0.0000, conv@2=0.0000, conv@3=0.0000, conv@5=0.0000, residual@1=2.959860e-02, residual@2=2.442138e-03
     25 total:11.86482 | blocks:3 | L1_step:0.53451 (4.5%) | L2_step:0.03015 (0.3%) L2_final:0.03574 (0.3%) | L3_e3:11.26442 (94.9%) | final_max_PQ:1.896e-02
     50 total:11.11355 | blocks:3 | L1_step:0.32698 (2.9%) | L2_step:0.03762 (0.3%) L2_final:0.04421 (0.4%) | L3_e3:10.70474 (96.3%) | final_max_PQ:1.194e-02
🔘 Epoch 493 No Improvement (7/40) | Val conv@1=0.0000, conv@2=0.0000, conv@3=0.0000, conv@5=0.0000, residual@1=2.998524e-02, residual@2=2.290230e-03
     25 total:12.22444 | blocks:2 | L1_step:0.31260 (2.6%) | L2_step:0.05018 (0.4%) L2_final:0.05994 (0.5%) | L3_e3:11.80172 (96.5%) | final_max_PQ:9.769e-02
     50 total:11.03868 | blocks:3 | L1_step:0.35136 (3.2%) | L2_step:0.03798 (0.3%) L2_final:0.03837 (0.3%) | L3_e3:10.61097 (96.1%) | final_max_PQ:1.285e-02
🔘 Epoch 494 No Improvement (8/40) | Val conv@1=0.0000, conv@2=0.0000, conv@3=0.0000, conv@5=0.0000, residual@1=2.882140e-02, residual@2=1.843602e-03
     25 total:10.87035 | blocks:3 | L1_step:0.32953 (3.0%) | L2_step:0.04939 (0.5%) L2_final:0.05559 (0.5%) | L3_e3:10.43583 (96.0%) | final_max_PQ:1.475e-02
     50 total:12.55423 | blocks:2 | L1_step:0.31277 (2.5%) | L2_step:0.04482 (0.4%) L2_final:0.04638 (0.4%) | L3_e3:12.15026 (96.8%) | final_max_PQ:7.037e-02
🔘 Epoch 495 No Improvement (9/40) | Val conv@1=0.0000, conv@2=0.0000, conv@3=0.0000, conv@5=0.0000, residual@1=3.004333e-02, residual@2=2.144582e-03
     25 total:14.70558 | blocks:2 | L1_step:0.33572 (2.3%) | L2_step:0.04634 (0.3%) L2_final:0.06180 (0.4%) | L3_e3:14.26173 (97.0%) | final_max_PQ:9.494e-02
     50 total:11.60491 | blocks:2 | L1_step:0.31717 (2.7%) | L2_step:0.04962 (0.4%) L2_final:0.05932 (0.5%) | L3_e3:11.17880 (96.3%) | final_max_PQ:7.922e-02
🔘 Epoch 496 No Improvement (10/40) | Val conv@1=0.0000, conv@2=0.0000, conv@3=0.0000, conv@5=0.0000, residual@1=2.904864e-02, residual@2=2.526490e-03
     25 total:12.78378 | blocks:2 | L1_step:0.33982 (2.7%) | L2_step:0.03371 (0.3%) L2_final:0.04035 (0.3%) | L3_e3:12.36989 (96.8%) | final_max_PQ:5.603e-02
     50 total:12.24728 | blocks:2 | L1_step:0.50952 (4.2%) | L2_step:0.04990 (0.4%) L2_final:0.05321 (0.4%) | L3_e3:11.63465 (95.0%) | final_max_PQ:1.050e-01
🔘 Epoch 497 No Improvement (11/40) | Val conv@1=0.0000, conv@2=0.0000, conv@3=0.0000, conv@5=0.0000, residual@1=3.646301e-02, residual@2=2.528555e-03
     25 total:12.43661 | blocks:2 | L1_step:0.44396 (3.6%) | L2_step:0.05901 (0.5%) L2_final:0.06862 (0.6%) | L3_e3:11.86501 (95.4%) | final_max_PQ:5.676e-02
     50 total:13.92256 | blocks:1 | L1_step:0.50184 (3.6%) | L2_step:0.10846 (0.8%) L2_final:0.11951 (0.9%) | L3_e3:13.19274 (94.8%) | final_max_PQ:9.781e-01
🔘 Epoch 498 No Improvement (12/40) | Val conv@1=0.0000, conv@2=0.0000, conv@3=0.0000, conv@5=0.0000, residual@1=3.139584e-02, residual@2=2.124128e-03
     25 total:10.55687 | blocks:3 | L1_step:0.37685 (3.6%) | L2_step:0.04444 (0.4%) L2_final:0.04403 (0.4%) | L3_e3:10.09154 (95.6%) | final_max_PQ:1.104e-02
     50 total:11.61222 | blocks:2 | L1_step:0.30937 (2.7%) | L2_step:0.04782 (0.4%) L2_final:0.05219 (0.4%) | L3_e3:11.20283 (96.5%) | final_max_PQ:1.337e-01
🔘 Epoch 499 No Improvement (13/40) | Val conv@1=0.0000, conv@2=0.0000, conv@3=0.0000, conv@5=0.0000, residual@1=3.086928e-02, residual@2=2.043902e-03
     25 total:12.36543 | blocks:2 | L1_step:0.32174 (2.6%) | L2_step:0.04696 (0.4%) L2_final:0.04278 (0.3%) | L3_e3:11.95394 (96.7%) | final_max_PQ:4.411e-02
     50 total:13.05301 | blocks:2 | L1_step:0.50869 (3.9%) | L2_step:0.05791 (0.4%) L2_final:0.07072 (0.5%) | L3_e3:12.41569 (95.1%) | final_max_PQ:6.037e-02
🔘 Epoch 500 No Improvement (14/40) | Val conv@1=0.0000, conv@2=0.0000, conv@3=0.0000, conv@5=0.0000, residual@1=2.904818e-02, residual@2=2.024046e-03
     25 total:14.62729 | blocks:1 | L1_step:0.16862 (1.2%) | L2_step:0.11138 (0.8%) L2_final:0.10767 (0.7%) | L3_e3:14.23962 (97.3%) | final_max_PQ:1.237e+00
     50 total:13.84228 | blocks:1 | L1_step:0.21070 (1.5%) | L2_step:0.08498 (0.6%) L2_final:0.08236 (0.6%) | L3_e3:13.46423 (97.3%) | final_max_PQ:7.296e-01
🔘 Epoch 501 No Improvement (15/40) | Val conv@1=0.0000, conv@2=0.0000, conv@3=0.0000, conv@5=0.0000, residual@1=2.984445e-02, residual@2=2.106274e-03
     25 total:13.57817 | blocks:2 | L1_step:0.33424 (2.5%) | L2_step:0.06442 (0.5%) L2_final:0.07294 (0.5%) | L3_e3:13.10656 (96.5%) | final_max_PQ:6.351e-02
     50 total:12.83825 | blocks:2 | L1_step:0.31046 (2.4%) | L2_step:0.04872 (0.4%) L2_final:0.05571 (0.4%) | L3_e3:12.42336 (96.8%) | final_max_PQ:7.580e-02
🔘 Epoch 502 No Improvement (16/40) | Val conv@1=0.0000, conv@2=0.0000, conv@3=0.0000, conv@5=0.0000, residual@1=2.848005e-02, residual@2=1.627836e-03
     25 total:10.54437 | blocks:3 | L1_step:0.36780 (3.5%) | L2_step:0.03828 (0.4%) L2_final:0.03723 (0.4%) | L3_e3:10.10106 (95.8%) | final_max_PQ:1.160e-02
     50 total:11.23103 | blocks:2 | L1_step:0.32914 (2.9%) | L2_step:0.04614 (0.4%) L2_final:0.04978 (0.4%) | L3_e3:10.80596 (96.2%) | final_max_PQ:1.777e-01
🔘 Epoch 503 No Improvement (17/40) | Val conv@1=0.0000, conv@2=0.0000, conv@3=0.0000, conv@5=0.0000, residual@1=2.872575e-02, residual@2=1.993044e-03
     25 total:14.20835 | blocks:2 | L1_step:0.41262 (2.9%) | L2_step:0.05564 (0.4%) L2_final:0.06171 (0.4%) | L3_e3:13.67838 (96.3%) | final_max_PQ:4.424e-02
     50 total:9.51866 | blocks:3 | L1_step:0.33570 (3.5%) | L2_step:0.03009 (0.3%) L2_final:0.03234 (0.3%) | L3_e3:9.12052 (95.8%) | final_max_PQ:1.087e-02
🔘 Epoch 504 No Improvement (18/40) | Val conv@1=0.0000, conv@2=0.0000, conv@3=0.0000, conv@5=0.0000, residual@1=2.739397e-02, residual@2=1.661020e-03
     25 total:11.46696 | blocks:3 | L1_step:0.33963 (3.0%) | L2_step:0.03175 (0.3%) L2_final:0.03781 (0.3%) | L3_e3:11.05777 (96.4%) | final_max_PQ:7.929e-03
     50 total:13.72055 | blocks:2 | L1_step:0.58073 (4.2%) | L2_step:0.04157 (0.3%) L2_final:0.04537 (0.3%) | L3_e3:13.05287 (95.1%) | final_max_PQ:3.917e-02
🔘 Epoch 505 No Improvement (19/40) | Val conv@1=0.0000, conv@2=0.0000, conv@3=0.0000, conv@5=0.0000, residual@1=2.967248e-02, residual@2=1.770032e-03
     25 total:10.73727 | blocks:3 | L1_step:0.34737 (3.2%) | L2_step:0.03282 (0.3%) L2_final:0.03733 (0.3%) | L3_e3:10.31976 (96.1%) | final_max_PQ:1.188e-02
     50 total:10.97310 | blocks:2 | L1_step:0.31372 (2.9%) | L2_step:0.03911 (0.4%) L2_final:0.03931 (0.4%) | L3_e3:10.58096 (96.4%) | final_max_PQ:4.415e-02
🔘 Epoch 506 No Improvement (20/40) | Val conv@1=0.0000, conv@2=0.0000, conv@3=0.0000, conv@5=0.0000, residual@1=3.150619e-02, residual@2=2.305291e-03
     25 total:13.18099 | blocks:2 | L1_step:0.42364 (3.2%) | L2_step:0.04524 (0.3%) L2_final:0.04543 (0.3%) | L3_e3:12.66667 (96.1%) | final_max_PQ:4.021e-02
     50 total:12.33256 | blocks:2 | L1_step:0.30646 (2.5%) | L2_step:0.05353 (0.4%) L2_final:0.05748 (0.5%) | L3_e3:11.91509 (96.6%) | final_max_PQ:4.362e-02
🔻 LR reduced: 2.50e-04 -> 1.25e-04
🔘 Epoch 507 No Improvement (21/40) | Val conv@1=0.0000, conv@2=0.0000, conv@3=0.0000, conv@5=0.0000, residual@1=2.853103e-02, residual@2=2.215409e-03
     25 total:11.86357 | blocks:2 | L1_step:0.30484 (2.6%) | L2_step:0.05915 (0.5%) L2_final:0.06304 (0.5%) | L3_e3:11.43654 (96.4%) | final_max_PQ:8.330e-02
     50 total:11.93780 | blocks:2 | L1_step:0.37796 (3.2%) | L2_step:0.04043 (0.3%) L2_final:0.04085 (0.3%) | L3_e3:11.47856 (96.2%) | final_max_PQ:9.237e-02
🔘 Epoch 508 No Improvement (22/40) | Val conv@1=0.0000, conv@2=0.0000, conv@3=0.0000, conv@5=0.0000, residual@1=2.891042e-02, residual@2=1.860473e-03
     25 total:9.16406 | blocks:3 | L1_step:0.33016 (3.6%) | L2_step:0.03417 (0.4%) L2_final:0.03596 (0.4%) | L3_e3:8.76377 (95.6%) | final_max_PQ:1.449e-02
     50 total:9.49721 | blocks:3 | L1_step:0.32745 (3.4%) | L2_step:0.03351 (0.4%) L2_final:0.03165 (0.3%) | L3_e3:9.10460 (95.9%) | final_max_PQ:8.928e-03
🔘 Epoch 509 No Improvement (23/40) | Val conv@1=0.0000, conv@2=0.0000, conv@3=0.0000, conv@5=0.0000, residual@1=2.965198e-02, residual@2=1.676809e-03
     25 total:11.11284 | blocks:3 | L1_step:0.33127 (3.0%) | L2_step:0.03492 (0.3%) L2_final:0.03544 (0.3%) | L3_e3:10.71120 (96.4%) | final_max_PQ:6.758e-03
     50 total:10.93956 | blocks:2 | L1_step:0.30543 (2.8%) | L2_step:0.04436 (0.4%) L2_final:0.05326 (0.5%) | L3_e3:10.53651 (96.3%) | final_max_PQ:5.491e-02
🟩 Epoch 510 | Train loss = 11.1220 | Val conv@1=0.0000, conv@2=0.0000, conv@3=0.0000, conv@5=0.0000, residual@1=2.746329e-02, residual@2=1.326589e-03, residual@3=6.458633e-04, excess@2=12.2659, tail@2=9.004626e-02, score=-3.815826 | LR: 1.2500e-04
     25 total:8.81773 | blocks:3 | L1_step:0.33285 (3.8%) | L2_step:0.03849 (0.4%) L2_final:0.03628 (0.4%) | L3_e3:8.41010 (95.4%) | final_max_PQ:7.815e-03
     50 total:11.24181 | blocks:2 | L1_step:0.31264 (2.8%) | L2_step:0.04958 (0.4%) L2_final:0.04810 (0.4%) | L3_e3:10.83149 (96.4%) | final_max_PQ:3.080e-02
🔘 Epoch 511 No Improvement (1/40) | Val conv@1=0.0000, conv@2=0.0000, conv@3=0.0000, conv@5=0.0000, residual@1=2.724300e-02, residual@2=1.459719e-03
     25 total:11.36235 | blocks:2 | L1_step:0.30277 (2.7%) | L2_step:0.04281 (0.4%) L2_final:0.03865 (0.3%) | L3_e3:10.97812 (96.6%) | final_max_PQ:3.210e-02
     50 total:9.23801 | blocks:3 | L1_step:0.33113 (3.6%) | L2_step:0.02929 (0.3%) L2_final:0.03216 (0.3%) | L3_e3:8.84543 (95.8%) | final_max_PQ:9.583e-03
🔘 Epoch 512 No Improvement (2/40) | Val conv@1=0.0000, conv@2=0.0000, conv@3=0.0000, conv@5=0.0000, residual@1=2.741879e-02, residual@2=1.502240e-03
     25 total:9.35168 | blocks:3 | L1_step:0.39652 (4.2%) | L2_step:0.03601 (0.4%) L2_final:0.03503 (0.4%) | L3_e3:8.88412 (95.0%) | final_max_PQ:1.548e-02
     50 total:13.95745 | blocks:2 | L1_step:0.30932 (2.2%) | L2_step:0.05599 (0.4%) L2_final:0.06673 (0.5%) | L3_e3:13.52540 (96.9%) | final_max_PQ:6.143e-02
🔘 Epoch 513 No Improvement (3/40) | Val conv@1=0.0000, conv@2=0.0000, conv@3=0.0000, conv@5=0.0000, residual@1=2.780539e-02, residual@2=1.628255e-03
     25 total:12.51250 | blocks:2 | L1_step:0.31279 (2.5%) | L2_step:0.04812 (0.4%) L2_final:0.04960 (0.4%) | L3_e3:12.10200 (96.7%) | final_max_PQ:7.207e-02
     50 total:9.83436 | blocks:3 | L1_step:0.32217 (3.3%) | L2_step:0.03285 (0.3%) L2_final:0.03186 (0.3%) | L3_e3:9.44748 (96.1%) | final_max_PQ:1.488e-02
🔘 Epoch 514 No Improvement (4/40) | Val conv@1=0.0000, conv@2=0.0000, conv@3=0.0000, conv@5=0.0000, residual@1=2.770893e-02, residual@2=1.361776e-03
     25 total:8.99379 | blocks:3 | L1_step:0.33254 (3.7%) | L2_step:0.03251 (0.4%) L2_final:0.03219 (0.4%) | L3_e3:8.59655 (95.6%) | final_max_PQ:1.155e-02
     50 total:9.71466 | blocks:3 | L1_step:0.37449 (3.9%) | L2_step:0.03191 (0.3%) L2_final:0.03358 (0.3%) | L3_e3:9.27469 (95.5%) | final_max_PQ:9.948e-03
🟩 Epoch 515 | Train loss = 10.5581 | Val conv@1=0.0000, conv@2=0.0000, conv@3=0.0000, conv@5=0.0000, residual@1=2.708990e-02, residual@2=1.321658e-03, residual@3=6.257311e-04, excess@2=12.2166, tail@2=9.471396e-02, score=-3.802042 | LR: 1.2500e-04
     25 total:11.28556 | blocks:2 | L1_step:0.30940 (2.7%) | L2_step:0.05069 (0.4%) L2_final:0.05473 (0.5%) | L3_e3:10.87075 (96.3%) | final_max_PQ:4.341e-02
     50 total:10.78971 | blocks:2 | L1_step:0.31339 (2.9%) | L2_step:0.05437 (0.5%) L2_final:0.04824 (0.4%) | L3_e3:10.37371 (96.1%) | final_max_PQ:5.217e-02
🔘 Epoch 516 No Improvement (1/40) | Val conv@1=0.0000, conv@2=0.0000, conv@3=0.0000, conv@5=0.0000, residual@1=2.673781e-02, residual@2=1.382591e-03
     25 total:11.84007 | blocks:2 | L1_step:0.31487 (2.7%) | L2_step:0.04211 (0.4%) L2_final:0.03720 (0.3%) | L3_e3:11.44589 (96.7%) | final_max_PQ:3.731e-02
     50 total:9.55536 | blocks:3 | L1_step:0.33413 (3.5%) | L2_step:0.03039 (0.3%) L2_final:0.02949 (0.3%) | L3_e3:9.16134 (95.9%) | final_max_PQ:8.236e-03
🔘 Epoch 517 No Improvement (2/40) | Val conv@1=0.0000, conv@2=0.0000, conv@3=0.0000, conv@5=0.0000, residual@1=2.673325e-02, residual@2=1.451026e-03
     25 total:11.11305 | blocks:2 | L1_step:0.29790 (2.7%) | L2_step:0.04194 (0.4%) L2_final:0.04218 (0.4%) | L3_e3:10.73102 (96.6%) | final_max_PQ:5.102e-02
     50 total:9.69088 | blocks:3 | L1_step:0.32102 (3.3%) | L2_step:0.02754 (0.3%) L2_final:0.02760 (0.3%) | L3_e3:9.31472 (96.1%) | final_max_PQ:1.212e-02
🔘 Epoch 518 No Improvement (3/40) | Val conv@1=0.0000, conv@2=0.0000, conv@3=0.0000, conv@5=0.0000, residual@1=2.726358e-02, residual@2=1.678852e-03
     25 total:10.98370 | blocks:2 | L1_step:0.32199 (2.9%) | L2_step:0.03629 (0.3%) L2_final:0.03894 (0.4%) | L3_e3:10.58648 (96.4%) | final_max_PQ:2.304e-02
     50 total:11.57563 | blocks:2 | L1_step:0.31274 (2.7%) | L2_step:0.05298 (0.5%) L2_final:0.06508 (0.6%) | L3_e3:11.14484 (96.3%) | final_max_PQ:1.878e-01
🔘 Epoch 519 No Improvement (4/40) | Val conv@1=0.0000, conv@2=0.0000, conv@3=0.0000, conv@5=0.0000, residual@1=2.645545e-02, residual@2=1.520349e-03
     25 total:10.62001 | blocks:2 | L1_step:0.31026 (2.9%) | L2_step:0.04509 (0.4%) L2_final:0.04770 (0.4%) | L3_e3:10.21696 (96.2%) | final_max_PQ:4.342e-02
     50 total:10.32506 | blocks:2 | L1_step:0.30530 (3.0%) | L2_step:0.04474 (0.4%) L2_final:0.04304 (0.4%) | L3_e3:9.93198 (96.2%) | final_max_PQ:3.527e-02
🔘 Epoch 520 No Improvement (5/40) | Val conv@1=0.0000, conv@2=0.0000, conv@3=0.0000, conv@5=0.0000, residual@1=2.647021e-02, residual@2=1.454746e-03
     25 total:10.77182 | blocks:2 | L1_step:0.30973 (2.9%) | L2_step:0.05025 (0.5%) L2_final:0.05156 (0.5%) | L3_e3:10.36028 (96.2%) | final_max_PQ:5.282e-02
     50 total:9.37775 | blocks:3 | L1_step:0.32523 (3.5%) | L2_step:0.02536 (0.3%) L2_final:0.02561 (0.3%) | L3_e3:9.00156 (96.0%) | final_max_PQ:1.424e-02
🔘 Epoch 521 No Improvement (6/40) | Val conv@1=0.0000, conv@2=0.0000, conv@3=0.0000, conv@5=0.0000, residual@1=2.764753e-02, residual@2=1.886221e-03
     25 total:11.76651 | blocks:2 | L1_step:0.30156 (2.6%) | L2_step:0.05699 (0.5%) L2_final:0.05733 (0.5%) | L3_e3:11.35063 (96.5%) | final_max_PQ:6.607e-02
     50 total:9.08796 | blocks:3 | L1_step:0.32095 (3.5%) | L2_step:0.03675 (0.4%) L2_final:0.04016 (0.4%) | L3_e3:8.69009 (95.6%) | final_max_PQ:1.162e-02
🔘 Epoch 522 No Improvement (7/40) | Val conv@1=0.0000, conv@2=0.0000, conv@3=0.0000, conv@5=0.0000, residual@1=2.664294e-02, residual@2=1.688938e-03
     25 total:10.75774 | blocks:2 | L1_step:0.30549 (2.8%) | L2_step:0.04899 (0.5%) L2_final:0.04947 (0.5%) | L3_e3:10.35379 (96.2%) | final_max_PQ:1.281e-01
     50 total:12.95000 | blocks:2 | L1_step:0.31495 (2.4%) | L2_step:0.05000 (0.4%) L2_final:0.05524 (0.4%) | L3_e3:12.52981 (96.8%) | final_max_PQ:3.882e-02
🔘 Epoch 523 No Improvement (8/40) | Val conv@1=0.0000, conv@2=0.0000, conv@3=0.0000, conv@5=0.0000, residual@1=2.593150e-02, residual@2=1.361354e-03
     25 total:10.61961 | blocks:2 | L1_step:0.31485 (3.0%) | L2_step:0.04693 (0.4%) L2_final:0.04126 (0.4%) | L3_e3:10.21657 (96.2%) | final_max_PQ:7.553e-02
     50 total:9.29766 | blocks:3 | L1_step:0.33378 (3.6%) | L2_step:0.04361 (0.5%) L2_final:0.04532 (0.5%) | L3_e3:8.87495 (95.5%) | final_max_PQ:1.288e-02
🔘 Epoch 524 No Improvement (9/40) | Val conv@1=0.0000, conv@2=0.0000, conv@3=0.0000, conv@5=0.0000, residual@1=2.658976e-02, residual@2=1.407974e-03
     25 total:13.36664 | blocks:1 | L1_step:0.16362 (1.2%) | L2_step:0.09306 (0.7%) L2_final:0.09202 (0.7%) | L3_e3:13.01795 (97.4%) | final_max_PQ:7.426e-01
     50 total:9.02083 | blocks:3 | L1_step:0.32185 (3.6%) | L2_step:0.03420 (0.4%) L2_final:0.03380 (0.4%) | L3_e3:8.63098 (95.7%) | final_max_PQ:7.815e-03
🔘 Epoch 525 No Improvement (10/40) | Val conv@1=0.0000, conv@2=0.0000, conv@3=0.0000, conv@5=0.0000, residual@1=2.593712e-02, residual@2=1.454331e-03
     25 total:12.02954 | blocks:1 | L1_step:0.16200 (1.3%) | L2_step:0.09274 (0.8%) L2_final:0.09962 (0.8%) | L3_e3:11.67516 (97.1%) | final_max_PQ:8.831e-01
     50 total:10.56717 | blocks:2 | L1_step:0.30097 (2.8%) | L2_step:0.05312 (0.5%) L2_final:0.05906 (0.6%) | L3_e3:10.15402 (96.1%) | final_max_PQ:3.015e-02
🔘 Epoch 526 No Improvement (11/40) | Val conv@1=0.0000, conv@2=0.0000, conv@3=0.0000, conv@5=0.0000, residual@1=2.528171e-02, residual@2=1.429361e-03
     25 total:10.49269 | blocks:3 | L1_step:0.50525 (4.8%) | L2_step:0.03440 (0.3%) L2_final:0.03874 (0.4%) | L3_e3:9.91429 (94.5%) | final_max_PQ:1.191e-02
     50 total:8.82294 | blocks:3 | L1_step:0.33181 (3.8%) | L2_step:0.02442 (0.3%) L2_final:0.02414 (0.3%) | L3_e3:8.44257 (95.7%) | final_max_PQ:6.094e-03
🔘 Epoch 527 No Improvement (12/40) | Val conv@1=0.0000, conv@2=0.0000, conv@3=0.0000, conv@5=0.0000, residual@1=2.547886e-02, residual@2=1.410449e-03
     25 total:10.39746 | blocks:3 | L1_step:0.32382 (3.1%) | L2_step:0.03500 (0.3%) L2_final:0.04158 (0.4%) | L3_e3:9.99705 (96.1%) | final_max_PQ:1.355e-02
     50 total:10.05495 | blocks:2 | L1_step:0.30903 (3.1%) | L2_step:0.04174 (0.4%) L2_final:0.04114 (0.4%) | L3_e3:9.66303 (96.1%) | final_max_PQ:3.922e-02
🔘 Epoch 528 No Improvement (13/40) | Val conv@1=0.0000, conv@2=0.0000, conv@3=0.0000, conv@5=0.0000, residual@1=2.604206e-02, residual@2=1.378446e-03
     25 total:14.13311 | blocks:3 | L1_step:0.33147 (2.3%) | L2_step:0.03150 (0.2%) L2_final:0.03461 (0.2%) | L3_e3:13.73553 (97.2%) | final_max_PQ:8.614e-03
     50 total:10.38813 | blocks:3 | L1_step:0.33310 (3.2%) | L2_step:0.03261 (0.3%) L2_final:0.03273 (0.3%) | L3_e3:9.98970 (96.2%) | final_max_PQ:7.509e-03
🔘 Epoch 529 No Improvement (14/40) | Val conv@1=0.0000, conv@2=0.0000, conv@3=0.0000, conv@5=0.0000, residual@1=2.629367e-02, residual@2=1.790956e-03
     25 total:11.36771 | blocks:2 | L1_step:0.35159 (3.1%) | L2_step:0.04635 (0.4%) L2_final:0.04415 (0.4%) | L3_e3:10.92563 (96.1%) | final_max_PQ:4.309e-02
     50 total:9.05453 | blocks:3 | L1_step:0.33217 (3.7%) | L2_step:0.02598 (0.3%) L2_final:0.02668 (0.3%) | L3_e3:8.66971 (95.7%) | final_max_PQ:7.824e-03
🔘 Epoch 530 No Improvement (15/40) | Val conv@1=0.0000, conv@2=0.0000, conv@3=0.0000, conv@5=0.0000, residual@1=2.494979e-02, residual@2=1.617011e-03
     25 total:8.95194 | blocks:3 | L1_step:0.33719 (3.8%) | L2_step:0.03829 (0.4%) L2_final:0.03220 (0.4%) | L3_e3:8.54427 (95.4%) | final_max_PQ:1.239e-02
     50 total:10.62616 | blocks:2 | L1_step:0.34620 (3.3%) | L2_step:0.04011 (0.4%) L2_final:0.03908 (0.4%) | L3_e3:10.20078 (96.0%) | final_max_PQ:6.673e-02
🔘 Epoch 531 No Improvement (16/40) | Val conv@1=0.0000, conv@2=0.0000, conv@3=0.0000, conv@5=0.0000, residual@1=2.579265e-02, residual@2=1.564952e-03
     25 total:12.26427 | blocks:2 | L1_step:0.32868 (2.7%) | L2_step:0.05543 (0.5%) L2_final:0.05787 (0.5%) | L3_e3:11.82228 (96.4%) | final_max_PQ:1.223e-01
     50 total:11.47977 | blocks:2 | L1_step:0.31804 (2.8%) | L2_step:0.04449 (0.4%) L2_final:0.04678 (0.4%) | L3_e3:11.07046 (96.4%) | final_max_PQ:3.626e-02
🔘 Epoch 532 No Improvement (17/40) | Val conv@1=0.0000, conv@2=0.0000, conv@3=0.0000, conv@5=0.0000, residual@1=2.659341e-02, residual@2=1.440719e-03
     25 total:13.03257 | blocks:1 | L1_step:0.17484 (1.3%) | L2_step:0.09113 (0.7%) L2_final:0.09029 (0.7%) | L3_e3:12.67632 (97.3%) | final_max_PQ:1.192e+00
     50 total:13.53801 | blocks:1 | L1_step:0.16450 (1.2%) | L2_step:0.10002 (0.7%) L2_final:0.10149 (0.7%) | L3_e3:13.17200 (97.3%) | final_max_PQ:7.184e-01
🔘 Epoch 533 No Improvement (18/40) | Val conv@1=0.0000, conv@2=0.0000, conv@3=0.0000, conv@5=0.0000, residual@1=2.632508e-02, residual@2=1.625390e-03
     25 total:12.40811 | blocks:2 | L1_step:0.30757 (2.5%) | L2_step:0.03869 (0.3%) L2_final:0.04555 (0.4%) | L3_e3:12.01629 (96.8%) | final_max_PQ:1.017e-01
     50 total:9.52015 | blocks:3 | L1_step:0.33575 (3.5%) | L2_step:0.03375 (0.4%) L2_final:0.03414 (0.4%) | L3_e3:9.11651 (95.8%) | final_max_PQ:1.060e-02
🔘 Epoch 534 No Improvement (19/40) | Val conv@1=0.0000, conv@2=0.0000, conv@3=0.0000, conv@5=0.0000, residual@1=2.590208e-02, residual@2=1.526053e-03
     25 total:10.66411 | blocks:2 | L1_step:0.30813 (2.9%) | L2_step:0.04103 (0.4%) L2_final:0.04353 (0.4%) | L3_e3:10.27142 (96.3%) | final_max_PQ:4.169e-02
     50 total:9.42058 | blocks:3 | L1_step:0.32635 (3.5%) | L2_step:0.02627 (0.3%) L2_final:0.02724 (0.3%) | L3_e3:9.04073 (96.0%) | final_max_PQ:7.016e-03
🔘 Epoch 535 No Improvement (20/40) | Val conv@1=0.0000, conv@2=0.0000, conv@3=0.0000, conv@5=0.0000, residual@1=2.647180e-02, residual@2=1.470686e-03
     25 total:10.73807 | blocks:2 | L1_step:0.30885 (2.9%) | L2_step:0.05402 (0.5%) L2_final:0.05221 (0.5%) | L3_e3:10.32299 (96.1%) | final_max_PQ:1.853e-01
     50 total:10.92655 | blocks:2 | L1_step:0.32348 (3.0%) | L2_step:0.04481 (0.4%) L2_final:0.04375 (0.4%) | L3_e3:10.51451 (96.2%) | final_max_PQ:8.583e-02
🔻 LR reduced: 1.25e-04 -> 6.25e-05
🔘 Epoch 536 No Improvement (21/40) | Val conv@1=0.0000, conv@2=0.0000, conv@3=0.0000, conv@5=0.0000, residual@1=2.590018e-02, residual@2=1.413245e-03
     25 total:10.45904 | blocks:2 | L1_step:0.30816 (2.9%) | L2_step:0.04945 (0.5%) L2_final:0.05552 (0.5%) | L3_e3:10.04591 (96.1%) | final_max_PQ:3.739e-02
     50 total:8.91416 | blocks:3 | L1_step:0.32262 (3.6%) | L2_step:0.03109 (0.3%) L2_final:0.03475 (0.4%) | L3_e3:8.52570 (95.6%) | final_max_PQ:9.326e-03
🔘 Epoch 537 No Improvement (22/40) | Val conv@1=0.0000, conv@2=0.0000, conv@3=0.0000, conv@5=0.0000, residual@1=2.440051e-02, residual@2=1.329370e-03
     25 total:11.03497 | blocks:2 | L1_step:0.30991 (2.8%) | L2_step:0.04174 (0.4%) L2_final:0.04416 (0.4%) | L3_e3:10.63916 (96.4%) | final_max_PQ:6.380e-02
     50 total:10.79160 | blocks:2 | L1_step:0.30765 (2.9%) | L2_step:0.04178 (0.4%) L2_final:0.04149 (0.4%) | L3_e3:10.40068 (96.4%) | final_max_PQ:9.791e-02
🟩 Epoch 538 | Train loss = 10.2612 | Val conv@1=0.0000, conv@2=0.0000, conv@3=0.0000, conv@5=0.0000, residual@1=2.524457e-02, residual@2=1.297497e-03, residual@3=6.541510e-04, excess@2=11.9750, tail@2=8.691026e-02, score=-3.727840 | LR: 6.2500e-05
     25 total:10.67333 | blocks:2 | L1_step:0.30037 (2.8%) | L2_step:0.04704 (0.4%) L2_final:0.05326 (0.5%) | L3_e3:10.27265 (96.2%) | final_max_PQ:5.353e-02
     50 total:11.20635 | blocks:2 | L1_step:0.31548 (2.8%) | L2_step:0.05025 (0.4%) L2_final:0.04658 (0.4%) | L3_e3:10.79404 (96.3%) | final_max_PQ:4.726e-02
🔘 Epoch 539 No Improvement (1/40) | Val conv@1=0.0000, conv@2=0.0000, conv@3=0.0000, conv@5=0.0000, residual@1=2.570677e-02, residual@2=1.467363e-03
     25 total:10.31452 | blocks:2 | L1_step:0.30706 (3.0%) | L2_step:0.04779 (0.5%) L2_final:0.04487 (0.4%) | L3_e3:9.91479 (96.1%) | final_max_PQ:6.147e-02
     50 total:8.94769 | blocks:3 | L1_step:0.33292 (3.7%) | L2_step:0.03366 (0.4%) L2_final:0.04033 (0.5%) | L3_e3:8.54078 (95.5%) | final_max_PQ:9.602e-03
🔘 Epoch 540 No Improvement (2/40) | Val conv@1=0.0000, conv@2=0.0000, conv@3=0.0000, conv@5=0.0000, residual@1=2.544802e-02, residual@2=1.310746e-03
     25 total:10.55899 | blocks:2 | L1_step:0.30408 (2.9%) | L2_step:0.04630 (0.4%) L2_final:0.04740 (0.4%) | L3_e3:10.16120 (96.2%) | final_max_PQ:4.665e-02
     50 total:9.32316 | blocks:3 | L1_step:0.33852 (3.6%) | L2_step:0.03648 (0.4%) L2_final:0.03608 (0.4%) | L3_e3:8.91208 (95.6%) | final_max_PQ:1.570e-02
🔘 Epoch 541 No Improvement (3/40) | Val conv@1=0.0000, conv@2=0.0000, conv@3=0.0000, conv@5=0.0000, residual@1=2.463532e-02, residual@2=1.349846e-03
     25 total:10.49635 | blocks:2 | L1_step:0.31238 (3.0%) | L2_step:0.03615 (0.3%) L2_final:0.03946 (0.4%) | L3_e3:10.10835 (96.3%) | final_max_PQ:2.534e-02
     50 total:8.67705 | blocks:3 | L1_step:0.31703 (3.7%) | L2_step:0.03691 (0.4%) L2_final:0.03482 (0.4%) | L3_e3:8.28829 (95.5%) | final_max_PQ:1.589e-02
🔘 Epoch 542 No Improvement (4/40) | Val conv@1=0.0000, conv@2=0.0000, conv@3=0.0000, conv@5=0.0000, residual@1=2.483539e-02, residual@2=1.447341e-03
     25 total:10.84285 | blocks:2 | L1_step:0.30601 (2.8%) | L2_step:0.04278 (0.4%) L2_final:0.04728 (0.4%) | L3_e3:10.44677 (96.3%) | final_max_PQ:3.359e-02
     50 total:8.72015 | blocks:3 | L1_step:0.33008 (3.8%) | L2_step:0.02897 (0.3%) L2_final:0.02931 (0.3%) | L3_e3:8.33179 (95.5%) | final_max_PQ:7.940e-03
🔘 Epoch 543 No Improvement (5/40) | Val conv@1=0.0000, conv@2=0.0000, conv@3=0.0000, conv@5=0.0000, residual@1=2.478793e-02, residual@2=1.436907e-03
     25 total:9.93544 | blocks:2 | L1_step:0.31065 (3.1%) | L2_step:0.03884 (0.4%) L2_final:0.03639 (0.4%) | L3_e3:9.54956 (96.1%) | final_max_PQ:3.400e-02
     50 total:10.27578 | blocks:2 | L1_step:0.31075 (3.0%) | L2_step:0.04261 (0.4%) L2_final:0.04290 (0.4%) | L3_e3:9.87952 (96.1%) | final_max_PQ:6.576e-02
🟩 Epoch 544 | Train loss = 10.3696 | Val conv@1=0.0000, conv@2=0.0000, conv@3=0.0000, conv@5=0.0000, residual@1=2.484343e-02, residual@2=1.282599e-03, residual@3=6.575350e-04, excess@2=11.8260, tail@2=5.796069e-02, score=-3.675044 | LR: 6.2500e-05
     25 total:8.91044 | blocks:3 | L1_step:0.32553 (3.7%) | L2_step:0.03592 (0.4%) L2_final:0.03407 (0.4%) | L3_e3:8.51492 (95.6%) | final_max_PQ:7.687e-03
     50 total:11.20126 | blocks:2 | L1_step:0.31069 (2.8%) | L2_step:0.04528 (0.4%) L2_final:0.04443 (0.4%) | L3_e3:10.80086 (96.4%) | final_max_PQ:2.604e-02
🔘 Epoch 545 No Improvement (1/40) | Val conv@1=0.0000, conv@2=0.0000, conv@3=0.0000, conv@5=0.0000, residual@1=2.452780e-02, residual@2=1.337682e-03
     25 total:10.36147 | blocks:2 | L1_step:0.30513 (2.9%) | L2_step:0.04134 (0.4%) L2_final:0.03761 (0.4%) | L3_e3:9.97740 (96.3%) | final_max_PQ:3.341e-02
     50 total:10.71496 | blocks:2 | L1_step:0.34999 (3.3%) | L2_step:0.04309 (0.4%) L2_final:0.04610 (0.4%) | L3_e3:10.27578 (95.9%) | final_max_PQ:3.373e-02
🔘 Epoch 546 No Improvement (2/40) | Val conv@1=0.0000, conv@2=0.0000, conv@3=0.0000, conv@5=0.0000, residual@1=2.445050e-02, residual@2=1.363102e-03
     25 total:10.87007 | blocks:2 | L1_step:0.30842 (2.8%) | L2_step:0.05167 (0.5%) L2_final:0.04977 (0.5%) | L3_e3:10.46021 (96.2%) | final_max_PQ:4.420e-02
     50 total:8.63563 | blocks:3 | L1_step:0.33736 (3.9%) | L2_step:0.03337 (0.4%) L2_final:0.03399 (0.4%) | L3_e3:8.23091 (95.3%) | final_max_PQ:1.050e-02
🔘 Epoch 547 No Improvement (3/40) | Val conv@1=0.0000, conv@2=0.0000, conv@3=0.0000, conv@5=0.0000, residual@1=2.451295e-02, residual@2=1.329110e-03
     25 total:10.51100 | blocks:2 | L1_step:0.31332 (3.0%) | L2_step:0.04306 (0.4%) L2_final:0.04388 (0.4%) | L3_e3:10.11075 (96.2%) | final_max_PQ:3.614e-02
     50 total:10.46947 | blocks:2 | L1_step:0.31138 (3.0%) | L2_step:0.05102 (0.5%) L2_final:0.04842 (0.5%) | L3_e3:10.05865 (96.1%) | final_max_PQ:3.436e-02
🟩 Epoch 548 | Train loss = 9.9878 | Val conv@1=0.0000, conv@2=0.0000, conv@3=0.0000, conv@5=0.0000, residual@1=2.421285e-02, residual@2=1.263289e-03, residual@3=6.753273e-04, excess@2=11.6329, tail@2=5.890736e-02, score=-3.617438 | LR: 6.2500e-05
     25 total:11.02380 | blocks:2 | L1_step:0.30176 (2.7%) | L2_step:0.04367 (0.4%) L2_final:0.04617 (0.4%) | L3_e3:10.63220 (96.4%) | final_max_PQ:3.469e-02
     50 total:8.75817 | blocks:3 | L1_step:0.33682 (3.8%) | L2_step:0.03318 (0.4%) L2_final:0.03621 (0.4%) | L3_e3:8.35197 (95.4%) | final_max_PQ:1.259e-02
🟩 Epoch 549 | Train loss = 10.4685 | Val conv@1=0.0000, conv@2=0.0000, conv@3=0.0000, conv@5=0.0000, residual@1=2.435847e-02, residual@2=1.260854e-03, residual@3=6.500168e-04, excess@2=11.6085, tail@2=6.703350e-02, score=-3.612719 | LR: 6.2500e-05
     25 total:10.79623 | blocks:2 | L1_step:0.30126 (2.8%) | L2_step:0.04164 (0.4%) L2_final:0.04709 (0.4%) | L3_e3:10.40624 (96.4%) | final_max_PQ:1.302e-01
     50 total:9.16429 | blocks:3 | L1_step:0.33494 (3.7%) | L2_step:0.03180 (0.3%) L2_final:0.03909 (0.4%) | L3_e3:8.75846 (95.6%) | final_max_PQ:1.428e-02
🔘 Epoch 550 No Improvement (1/40) | Val conv@1=0.0000, conv@2=0.0000, conv@3=0.0000, conv@5=0.0000, residual@1=2.458750e-02, residual@2=1.356373e-03
     25 total:8.68735 | blocks:3 | L1_step:0.33339 (3.8%) | L2_step:0.03779 (0.4%) L2_final:0.03607 (0.4%) | L3_e3:8.28010 (95.3%) | final_max_PQ:7.761e-03
     50 total:10.79089 | blocks:2 | L1_step:0.30690 (2.8%) | L2_step:0.04534 (0.4%) L2_final:0.04804 (0.4%) | L3_e3:10.39061 (96.3%) | final_max_PQ:1.676e-01
🔘 Epoch 551 No Improvement (2/40) | Val conv@1=0.0000, conv@2=0.0000, conv@3=0.0000, conv@5=0.0000, residual@1=2.471254e-02, residual@2=1.751400e-03
     25 total:10.20854 | blocks:2 | L1_step:0.31001 (3.0%) | L2_step:0.03917 (0.4%) L2_final:0.03200 (0.3%) | L3_e3:9.82736 (96.3%) | final_max_PQ:4.688e-02
     50 total:10.67535 | blocks:2 | L1_step:0.30397 (2.8%) | L2_step:0.04241 (0.4%) L2_final:0.04272 (0.4%) | L3_e3:10.28624 (96.4%) | final_max_PQ:3.287e-02
🔘 Epoch 552 No Improvement (3/40) | Val conv@1=0.0000, conv@2=0.0000, conv@3=0.0000, conv@5=0.0000, residual@1=2.495400e-02, residual@2=1.334615e-03
     25 total:10.27877 | blocks:2 | L1_step:0.31133 (3.0%) | L2_step:0.04018 (0.4%) L2_final:0.04588 (0.4%) | L3_e3:9.88139 (96.1%) | final_max_PQ:3.907e-02
     50 total:11.07489 | blocks:2 | L1_step:0.30836 (2.8%) | L2_step:0.05321 (0.5%) L2_final:0.05728 (0.5%) | L3_e3:10.65604 (96.2%) | final_max_PQ:9.159e-02
🔘 Epoch 553 No Improvement (4/40) | Val conv@1=0.0000, conv@2=0.0000, conv@3=0.0000, conv@5=0.0000, residual@1=2.398048e-02, residual@2=1.338581e-03
     25 total:10.52536 | blocks:2 | L1_step:0.30973 (2.9%) | L2_step:0.04353 (0.4%) L2_final:0.04604 (0.4%) | L3_e3:10.12607 (96.2%) | final_max_PQ:2.838e-02
     50 total:9.97085 | blocks:2 | L1_step:0.30116 (3.0%) | L2_step:0.03560 (0.4%) L2_final:0.03370 (0.3%) | L3_e3:9.60039 (96.3%) | final_max_PQ:7.600e-02
🔘 Epoch 554 No Improvement (5/40) | Val conv@1=0.0000, conv@2=0.0000, conv@3=0.0000, conv@5=0.0000, residual@1=2.450438e-02, residual@2=1.403611e-03
     25 total:10.47716 | blocks:2 | L1_step:0.31395 (3.0%) | L2_step:0.04303 (0.4%) L2_final:0.04757 (0.5%) | L3_e3:10.07261 (96.1%) | final_max_PQ:3.385e-02
     50 total:10.46617 | blocks:2 | L1_step:0.29855 (2.9%) | L2_step:0.04694 (0.4%) L2_final:0.04276 (0.4%) | L3_e3:10.07792 (96.3%) | final_max_PQ:4.019e-02
🔘 Epoch 555 No Improvement (6/40) | Val conv@1=0.0000, conv@2=0.0000, conv@3=0.0000, conv@5=0.0000, residual@1=2.405465e-02, residual@2=1.297108e-03
     25 total:11.18181 | blocks:2 | L1_step:0.31292 (2.8%) | L2_step:0.04466 (0.4%) L2_final:0.03831 (0.3%) | L3_e3:10.78592 (96.5%) | final_max_PQ:2.636e-02
     50 total:10.02716 | blocks:2 | L1_step:0.31000 (3.1%) | L2_step:0.04489 (0.4%) L2_final:0.04026 (0.4%) | L3_e3:9.63201 (96.1%) | final_max_PQ:3.020e-02
🟩 Epoch 556 | Train loss = 10.0173 | Val conv@1=0.0000, conv@2=0.0000, conv@3=0.0000, conv@5=0.0000, residual@1=2.393317e-02, residual@2=1.230037e-03, residual@3=6.517465e-04, excess@2=11.3004, tail@2=5.486172e-02, score=-3.516260 | LR: 6.2500e-05
     25 total:11.50657 | blocks:2 | L1_step:0.31897 (2.8%) | L2_step:0.04930 (0.4%) L2_final:0.04531 (0.4%) | L3_e3:11.09299 (96.4%) | final_max_PQ:3.085e-02
     50 total:9.22500 | blocks:3 | L1_step:0.32785 (3.6%) | L2_step:0.03187 (0.3%) L2_final:0.03354 (0.4%) | L3_e3:8.83174 (95.7%) | final_max_PQ:9.132e-03
🔘 Epoch 557 No Improvement (1/40) | Val conv@1=0.0000, conv@2=0.0000, conv@3=0.0000, conv@5=0.0000, residual@1=2.390698e-02, residual@2=1.320390e-03
     25 total:10.77411 | blocks:2 | L1_step:0.32909 (3.1%) | L2_step:0.03975 (0.4%) L2_final:0.04205 (0.4%) | L3_e3:10.36321 (96.2%) | final_max_PQ:2.020e-01
     50 total:10.70836 | blocks:2 | L1_step:0.31076 (2.9%) | L2_step:0.06236 (0.6%) L2_final:0.06297 (0.6%) | L3_e3:10.27227 (95.9%) | final_max_PQ:6.057e-02
🟩 Epoch 558 | Train loss = 10.0919 | Val conv@1=0.0000, conv@2=0.0000, conv@3=0.0000, conv@5=0.0000, residual@1=2.368667e-02, residual@2=1.186847e-03, residual@3=5.905419e-04, excess@2=10.8685, tail@2=5.483025e-02, score=-3.386678 | LR: 6.2500e-05
     25 total:8.68433 | blocks:3 | L1_step:0.32628 (3.8%) | L2_step:0.03670 (0.4%) L2_final:0.03120 (0.4%) | L3_e3:8.29014 (95.5%) | final_max_PQ:9.021e-03
     50 total:11.00975 | blocks:2 | L1_step:0.31007 (2.8%) | L2_step:0.04240 (0.4%) L2_final:0.04451 (0.4%) | L3_e3:10.61276 (96.4%) | final_max_PQ:2.835e-02
🔘 Epoch 559 No Improvement (1/40) | Val conv@1=0.0000, conv@2=0.0000, conv@3=0.0000, conv@5=0.0000, residual@1=2.376790e-02, residual@2=1.196858e-03
     25 total:9.35597 | blocks:3 | L1_step:0.33008 (3.5%) | L2_step:0.03292 (0.4%) L2_final:0.03309 (0.4%) | L3_e3:8.95988 (95.8%) | final_max_PQ:9.729e-03
     50 total:8.90210 | blocks:3 | L1_step:0.33122 (3.7%) | L2_step:0.03023 (0.3%) L2_final:0.03212 (0.4%) | L3_e3:8.50854 (95.6%) | final_max_PQ:1.420e-02
🔘 Epoch 560 No Improvement (2/40) | Val conv@1=0.0000, conv@2=0.0000, conv@3=0.0000, conv@5=0.0000, residual@1=2.381904e-02, residual@2=1.500740e-03
     25 total:11.67581 | blocks:2 | L1_step:0.31837 (2.7%) | L2_step:0.05634 (0.5%) L2_final:0.05844 (0.5%) | L3_e3:11.24266 (96.3%) | final_max_PQ:2.773e-02
     50 total:10.47871 | blocks:2 | L1_step:0.31246 (3.0%) | L2_step:0.04369 (0.4%) L2_final:0.04720 (0.5%) | L3_e3:10.07536 (96.2%) | final_max_PQ:4.880e-02
🔘 Epoch 561 No Improvement (3/40) | Val conv@1=0.0000, conv@2=0.0000, conv@3=0.0000, conv@5=0.0000, residual@1=2.441681e-02, residual@2=1.309208e-03
     25 total:10.36376 | blocks:2 | L1_step:0.30264 (2.9%) | L2_step:0.05053 (0.5%) L2_final:0.05044 (0.5%) | L3_e3:9.96015 (96.1%) | final_max_PQ:3.268e-02
     50 total:10.72593 | blocks:2 | L1_step:0.30614 (2.9%) | L2_step:0.04880 (0.5%) L2_final:0.05481 (0.5%) | L3_e3:10.31618 (96.2%) | final_max_PQ:1.460e-01
🟩 Epoch 562 | Train loss = 9.9276 | Val conv@1=0.0000, conv@2=0.0000, conv@3=0.0000, conv@5=0.0000, residual@1=2.328771e-02, residual@2=1.165311e-03, residual@3=5.798745e-04, excess@2=10.6531, tail@2=4.902684e-02, score=-3.319831 | LR: 6.2500e-05
     25 total:8.65139 | blocks:3 | L1_step:0.33627 (3.9%) | L2_step:0.02957 (0.3%) L2_final:0.03111 (0.4%) | L3_e3:8.25444 (95.4%) | final_max_PQ:1.001e-02
     50 total:10.69825 | blocks:2 | L1_step:0.32533 (3.0%) | L2_step:0.03683 (0.3%) L2_final:0.03132 (0.3%) | L3_e3:10.30477 (96.3%) | final_max_PQ:2.612e-02
🔘 Epoch 563 No Improvement (1/40) | Val conv@1=0.0000, conv@2=0.0000, conv@3=0.0000, conv@5=0.0000, residual@1=2.366352e-02, residual@2=1.540412e-03
     25 total:9.80484 | blocks:2 | L1_step:0.31799 (3.2%) | L2_step:0.03867 (0.4%) L2_final:0.03379 (0.3%) | L3_e3:9.41438 (96.0%) | final_max_PQ:7.763e-02
     50 total:9.12191 | blocks:3 | L1_step:0.32883 (3.6%) | L2_step:0.03045 (0.3%) L2_final:0.03482 (0.4%) | L3_e3:8.72780 (95.7%) | final_max_PQ:1.039e-02
🔘 Epoch 564 No Improvement (2/40) | Val conv@1=0.0000, conv@2=0.0000, conv@3=0.0000, conv@5=0.0000, residual@1=2.358434e-02, residual@2=1.211052e-03
     25 total:10.98329 | blocks:2 | L1_step:0.30482 (2.8%) | L2_step:0.03685 (0.3%) L2_final:0.03670 (0.3%) | L3_e3:10.60491 (96.6%) | final_max_PQ:2.198e-02
     50 total:10.32957 | blocks:2 | L1_step:0.31248 (3.0%) | L2_step:0.05335 (0.5%) L2_final:0.04966 (0.5%) | L3_e3:9.91408 (96.0%) | final_max_PQ:4.094e-02
🔘 Epoch 565 No Improvement (3/40) | Val conv@1=0.0000, conv@2=0.0000, conv@3=0.0000, conv@5=0.0000, residual@1=2.369625e-02, residual@2=1.169487e-03
     25 total:10.54844 | blocks:2 | L1_step:0.31763 (3.0%) | L2_step:0.03506 (0.3%) L2_final:0.03749 (0.4%) | L3_e3:10.15826 (96.3%) | final_max_PQ:2.981e-02
     50 total:12.77323 | blocks:1 | L1_step:0.16144 (1.3%) | L2_step:0.09636 (0.8%) L2_final:0.08700 (0.7%) | L3_e3:12.42842 (97.3%) | final_max_PQ:1.238e+00
🔘 Epoch 566 No Improvement (4/40) | Val conv@1=0.0000, conv@2=0.0000, conv@3=0.0000, conv@5=0.0000, residual@1=2.362070e-02, residual@2=1.502227e-03
     25 total:12.88524 | blocks:1 | L1_step:0.17769 (1.4%) | L2_step:0.08691 (0.7%) L2_final:0.08601 (0.7%) | L3_e3:12.53462 (97.3%) | final_max_PQ:7.136e-01
     50 total:8.66881 | blocks:3 | L1_step:0.33644 (3.9%) | L2_step:0.03633 (0.4%) L2_final:0.03048 (0.4%) | L3_e3:8.26556 (95.3%) | final_max_PQ:9.324e-03
🔘 Epoch 567 No Improvement (5/40) | Val conv@1=0.0000, conv@2=0.0000, conv@3=0.0000, conv@5=0.0000, residual@1=2.331074e-02, residual@2=1.420191e-03
     25 total:10.12663 | blocks:2 | L1_step:0.30840 (3.0%) | L2_step:0.03236 (0.3%) L2_final:0.03147 (0.3%) | L3_e3:9.75439 (96.3%) | final_max_PQ:1.987e-02
     50 total:10.51583 | blocks:2 | L1_step:0.30641 (2.9%) | L2_step:0.04352 (0.4%) L2_final:0.04763 (0.5%) | L3_e3:10.11827 (96.2%) | final_max_PQ:5.433e-02
🔘 Epoch 568 No Improvement (6/40) | Val conv@1=0.0000, conv@2=0.0000, conv@3=0.0000, conv@5=0.0000, residual@1=2.363331e-02, residual@2=1.463213e-03
     25 total:9.35622 | blocks:3 | L1_step:0.32566 (3.5%) | L2_step:0.02854 (0.3%) L2_final:0.02627 (0.3%) | L3_e3:8.97575 (95.9%) | final_max_PQ:7.306e-03
     50 total:10.15743 | blocks:2 | L1_step:0.30392 (3.0%) | L2_step:0.04072 (0.4%) L2_final:0.03640 (0.4%) | L3_e3:9.77638 (96.2%) | final_max_PQ:5.716e-02
🔘 Epoch 569 No Improvement (7/40) | Val conv@1=0.0000, conv@2=0.0000, conv@3=0.0000, conv@5=0.0000, residual@1=2.400258e-02, residual@2=1.537376e-03
     25 total:12.45070 | blocks:1 | L1_step:0.16855 (1.4%) | L2_step:0.09302 (0.7%) L2_final:0.07758 (0.6%) | L3_e3:12.11155 (97.3%) | final_max_PQ:8.711e-01
     50 total:8.57398 | blocks:3 | L1_step:0.33159 (3.9%) | L2_step:0.03045 (0.4%) L2_final:0.03033 (0.4%) | L3_e3:8.18161 (95.4%) | final_max_PQ:1.178e-02
🔘 Epoch 570 No Improvement (8/40) | Val conv@1=0.0000, conv@2=0.0000, conv@3=0.0000, conv@5=0.0000, residual@1=2.272693e-02, residual@2=1.202916e-03
     25 total:8.89797 | blocks:3 | L1_step:0.33092 (3.7%) | L2_step:0.03992 (0.4%) L2_final:0.03917 (0.4%) | L3_e3:8.48796 (95.4%) | final_max_PQ:8.277e-03
     50 total:8.78664 | blocks:3 | L1_step:0.32534 (3.7%) | L2_step:0.03420 (0.4%) L2_final:0.03381 (0.4%) | L3_e3:8.39329 (95.5%) | final_max_PQ:7.856e-03
🔘 Epoch 571 No Improvement (9/40) | Val conv@1=0.0000, conv@2=0.0000, conv@3=0.0000, conv@5=0.0000, residual@1=2.294157e-02, residual@2=1.255595e-03
     25 total:11.01897 | blocks:2 | L1_step:0.29962 (2.7%) | L2_step:0.04226 (0.4%) L2_final:0.03944 (0.4%) | L3_e3:10.63765 (96.5%) | final_max_PQ:2.564e-02
     50 total:8.71948 | blocks:3 | L1_step:0.32911 (3.8%) | L2_step:0.03652 (0.4%) L2_final:0.03356 (0.4%) | L3_e3:8.32029 (95.4%) | final_max_PQ:1.509e-02
🔘 Epoch 572 No Improvement (10/40) | Val conv@1=0.0000, conv@2=0.0000, conv@3=0.0000, conv@5=0.0000, residual@1=2.328629e-02, residual@2=1.312619e-03
     25 total:10.43398 | blocks:2 | L1_step:0.30756 (2.9%) | L2_step:0.03204 (0.3%) L2_final:0.02798 (0.3%) | L3_e3:10.06640 (96.5%) | final_max_PQ:2.475e-02
     50 total:10.14023 | blocks:2 | L1_step:0.30763 (3.0%) | L2_step:0.03335 (0.3%) L2_final:0.02664 (0.3%) | L3_e3:9.77261 (96.4%) | final_max_PQ:2.277e-02
🔘 Epoch 573 No Improvement (11/40) | Val conv@1=0.0000, conv@2=0.0000, conv@3=0.0000, conv@5=0.0000, residual@1=2.325715e-02, residual@2=1.295183e-03
     25 total:12.27003 | blocks:1 | L1_step:0.16081 (1.3%) | L2_step:0.07456 (0.6%) L2_final:0.07551 (0.6%) | L3_e3:11.95915 (97.5%) | final_max_PQ:7.412e-01
     50 total:10.91308 | blocks:2 | L1_step:0.30614 (2.8%) | L2_step:0.04875 (0.4%) L2_final:0.04403 (0.4%) | L3_e3:10.51416 (96.3%) | final_max_PQ:3.789e-02
🔘 Epoch 574 No Improvement (12/40) | Val conv@1=0.0000, conv@2=0.0000, conv@3=0.0000, conv@5=0.0000, residual@1=2.321881e-02, residual@2=1.282869e-03
     25 total:9.82550 | blocks:3 | L1_step:0.34249 (3.5%) | L2_step:0.02962 (0.3%) L2_final:0.02842 (0.3%) | L3_e3:9.42497 (95.9%) | final_max_PQ:8.812e-03
     50 total:10.05169 | blocks:2 | L1_step:0.31033 (3.1%) | L2_step:0.04234 (0.4%) L2_final:0.04575 (0.5%) | L3_e3:9.65327 (96.0%) | final_max_PQ:3.149e-02
🔘 Epoch 575 No Improvement (13/40) | Val conv@1=0.0000, conv@2=0.0000, conv@3=0.0000, conv@5=0.0000, residual@1=2.328739e-02, residual@2=1.291695e-03
     25 total:10.80832 | blocks:2 | L1_step:0.31172 (2.9%) | L2_step:0.04853 (0.4%) L2_final:0.04941 (0.5%) | L3_e3:10.39867 (96.2%) | final_max_PQ:3.412e-02
     50 total:10.47281 | blocks:2 | L1_step:0.30768 (2.9%) | L2_step:0.04353 (0.4%) L2_final:0.04245 (0.4%) | L3_e3:10.07914 (96.2%) | final_max_PQ:2.920e-02
🔘 Epoch 576 No Improvement (14/40) | Val conv@1=0.0000, conv@2=0.0000, conv@3=0.0000, conv@5=0.0000, residual@1=2.345142e-02, residual@2=1.395921e-03
     25 total:11.06828 | blocks:2 | L1_step:0.31417 (2.8%) | L2_step:0.05052 (0.5%) L2_final:0.04837 (0.4%) | L3_e3:10.65523 (96.3%) | final_max_PQ:2.849e-02
     50 total:10.22251 | blocks:2 | L1_step:0.31817 (3.1%) | L2_step:0.04061 (0.4%) L2_final:0.03663 (0.4%) | L3_e3:9.82709 (96.1%) | final_max_PQ:4.042e-02
🔘 Epoch 577 No Improvement (15/40) | Val conv@1=0.0000, conv@2=0.0000, conv@3=0.0000, conv@5=0.0000, residual@1=2.298434e-02, residual@2=1.203758e-03
     25 total:8.77605 | blocks:3 | L1_step:0.32516 (3.7%) | L2_step:0.03509 (0.4%) L2_final:0.03501 (0.4%) | L3_e3:8.38080 (95.5%) | final_max_PQ:1.558e-02
     50 total:10.80417 | blocks:2 | L1_step:0.31718 (2.9%) | L2_step:0.04620 (0.4%) L2_final:0.04058 (0.4%) | L3_e3:10.40021 (96.3%) | final_max_PQ:2.291e-02
🔘 Epoch 578 No Improvement (16/40) | Val conv@1=0.0000, conv@2=0.0000, conv@3=0.0000, conv@5=0.0000, residual@1=2.281031e-02, residual@2=1.179330e-03
     25 total:11.54439 | blocks:2 | L1_step:0.31274 (2.7%) | L2_step:0.05064 (0.4%) L2_final:0.05199 (0.5%) | L3_e3:11.12902 (96.4%) | final_max_PQ:4.330e-02
     50 total:10.58129 | blocks:2 | L1_step:0.31160 (2.9%) | L2_step:0.03913 (0.4%) L2_final:0.03416 (0.3%) | L3_e3:10.19640 (96.4%) | final_max_PQ:2.319e-02
🔘 Epoch 579 No Improvement (17/40) | Val conv@1=0.0000, conv@2=0.0000, conv@3=0.0000, conv@5=0.0000, residual@1=2.500279e-02, residual@2=1.427083e-03
     25 total:11.16618 | blocks:2 | L1_step:0.31462 (2.8%) | L2_step:0.04059 (0.4%) L2_final:0.03942 (0.4%) | L3_e3:10.77155 (96.5%) | final_max_PQ:2.039e-02
     50 total:10.53499 | blocks:2 | L1_step:0.31567 (3.0%) | L2_step:0.04378 (0.4%) L2_final:0.03503 (0.3%) | L3_e3:10.14052 (96.3%) | final_max_PQ:2.284e-02
🔘 Epoch 580 No Improvement (18/40) | Val conv@1=0.0000, conv@2=0.0000, conv@3=0.0000, conv@5=0.0000, residual@1=2.395119e-02, residual@2=1.550834e-03
     25 total:10.86319 | blocks:2 | L1_step:0.32326 (3.0%) | L2_step:0.04521 (0.4%) L2_final:0.04026 (0.4%) | L3_e3:10.45446 (96.2%) | final_max_PQ:4.216e-02
     50 total:12.56300 | blocks:1 | L1_step:0.17657 (1.4%) | L2_step:0.10375 (0.8%) L2_final:0.09349 (0.7%) | L3_e3:12.18919 (97.0%) | final_max_PQ:1.117e+00
🔘 Epoch 581 No Improvement (19/40) | Val conv@1=0.0000, conv@2=0.0000, conv@3=0.0000, conv@5=0.0000, residual@1=2.305023e-02, residual@2=1.253200e-03
     25 total:8.62658 | blocks:3 | L1_step:0.32656 (3.8%) | L2_step:0.02713 (0.3%) L2_final:0.02445 (0.3%) | L3_e3:8.24844 (95.6%) | final_max_PQ:9.832e-03
     50 total:11.06708 | blocks:2 | L1_step:0.32000 (2.9%) | L2_step:0.04836 (0.4%) L2_final:0.05051 (0.5%) | L3_e3:10.64820 (96.2%) | final_max_PQ:3.062e-02
🔘 Epoch 582 No Improvement (20/40) | Val conv@1=0.0000, conv@2=0.0000, conv@3=0.0000, conv@5=0.0000, residual@1=2.338722e-02, residual@2=1.695468e-03
     25 total:12.11328 | blocks:2 | L1_step:0.31387 (2.6%) | L2_step:0.04420 (0.4%) L2_final:0.04453 (0.4%) | L3_e3:11.71068 (96.7%) | final_max_PQ:3.752e-02
     50 total:12.50112 | blocks:1 | L1_step:0.16341 (1.3%) | L2_step:0.09796 (0.8%) L2_final:0.09534 (0.8%) | L3_e3:12.14441 (97.1%) | final_max_PQ:9.508e-01
🔻 LR reduced: 6.25e-05 -> 3.13e-05
🔘 Epoch 583 No Improvement (21/40) | Val conv@1=0.0000, conv@2=0.0000, conv@3=0.0000, conv@5=0.0000, residual@1=2.324656e-02, residual@2=1.190962e-03
     25 total:12.01770 | blocks:1 | L1_step:0.16215 (1.3%) | L2_step:0.07886 (0.7%) L2_final:0.07618 (0.6%) | L3_e3:11.70051 (97.4%) | final_max_PQ:7.291e-01
     50 total:10.06615 | blocks:2 | L1_step:0.31923 (3.2%) | L2_step:0.04116 (0.4%) L2_final:0.03950 (0.4%) | L3_e3:9.66627 (96.0%) | final_max_PQ:4.298e-02
🔘 Epoch 584 No Improvement (22/40) | Val conv@1=0.0000, conv@2=0.0000, conv@3=0.0000, conv@5=0.0000, residual@1=2.309977e-02, residual@2=1.171854e-03
     25 total:10.78522 | blocks:2 | L1_step:0.31188 (2.9%) | L2_step:0.06355 (0.6%) L2_final:0.05358 (0.5%) | L3_e3:10.35620 (96.0%) | final_max_PQ:4.587e-02
     50 total:10.14713 | blocks:2 | L1_step:0.31204 (3.1%) | L2_step:0.04244 (0.4%) L2_final:0.03841 (0.4%) | L3_e3:9.75424 (96.1%) | final_max_PQ:2.313e-02
🔘 Epoch 585 No Improvement (23/40) | Val conv@1=0.0000, conv@2=0.0000, conv@3=0.0000, conv@5=0.0000, residual@1=2.318789e-02, residual@2=1.203078e-03
     25 total:10.11300 | blocks:2 | L1_step:0.31903 (3.2%) | L2_step:0.03373 (0.3%) L2_final:0.03363 (0.3%) | L3_e3:9.72661 (96.2%) | final_max_PQ:7.143e-02
     50 total:9.97134 | blocks:2 | L1_step:0.33547 (3.4%) | L2_step:0.04680 (0.5%) L2_final:0.04562 (0.5%) | L3_e3:9.54346 (95.7%) | final_max_PQ:3.444e-02
🔘 Epoch 586 No Improvement (24/40) | Val conv@1=0.0000, conv@2=0.0000, conv@3=0.0000, conv@5=0.0000, residual@1=2.264671e-02, residual@2=1.184347e-03
     25 total:11.02326 | blocks:2 | L1_step:0.30542 (2.8%) | L2_step:0.05016 (0.5%) L2_final:0.04291 (0.4%) | L3_e3:10.62478 (96.4%) | final_max_PQ:2.991e-02
     50 total:10.37558 | blocks:2 | L1_step:0.30788 (3.0%) | L2_step:0.04465 (0.4%) L2_final:0.04540 (0.4%) | L3_e3:9.97765 (96.2%) | final_max_PQ:4.403e-02
🟩 Epoch 587 | Train loss = 10.0835 | Val conv@1=0.0000, conv@2=0.0000, conv@3=0.0000, conv@5=0.0000, residual@1=2.237877e-02, residual@2=1.134460e-03, residual@3=5.816963e-04, excess@2=10.3446, tail@2=4.912901e-02, score=-3.227321 | LR: 3.1250e-05
     25 total:9.65424 | blocks:2 | L1_step:0.31400 (3.3%) | L2_step:0.03729 (0.4%) L2_final:0.03342 (0.3%) | L3_e3:9.26953 (96.0%) | final_max_PQ:6.127e-02
     50 total:10.23782 | blocks:2 | L1_step:0.30948 (3.0%) | L2_step:0.03528 (0.3%) L2_final:0.03281 (0.3%) | L3_e3:9.86025 (96.3%) | final_max_PQ:4.349e-02
🟩 Epoch 588 | Train loss = 9.7249 | Val conv@1=0.0000, conv@2=0.0000, conv@3=0.0000, conv@5=0.0000, residual@1=2.276891e-02, residual@2=1.120724e-03, residual@3=5.529826e-04, excess@2=10.2072, tail@2=5.098736e-02, score=-3.186854 | LR: 3.1250e-05
     25 total:10.47998 | blocks:2 | L1_step:0.31037 (3.0%) | L2_step:0.04743 (0.5%) L2_final:0.05088 (0.5%) | L3_e3:10.07129 (96.1%) | final_max_PQ:3.215e-02
     50 total:10.62824 | blocks:2 | L1_step:0.31023 (2.9%) | L2_step:0.04504 (0.4%) L2_final:0.04543 (0.4%) | L3_e3:10.22754 (96.2%) | final_max_PQ:4.143e-02
🟩 Epoch 589 | Train loss = 9.7271 | Val conv@1=0.0000, conv@2=0.0000, conv@3=0.0000, conv@5=0.0000, residual@1=2.251540e-02, residual@2=1.117299e-03, residual@3=5.572554e-04, excess@2=10.1730, tail@2=5.091035e-02, score=-3.176551 | LR: 3.1250e-05
     25 total:10.13634 | blocks:2 | L1_step:0.30368 (3.0%) | L2_step:0.03937 (0.4%) L2_final:0.03535 (0.3%) | L3_e3:9.75794 (96.3%) | final_max_PQ:3.604e-02
     50 total:8.32209 | blocks:3 | L1_step:0.32521 (3.9%) | L2_step:0.03699 (0.4%) L2_final:0.03240 (0.4%) | L3_e3:7.92750 (95.3%) | final_max_PQ:9.110e-03
🔘 Epoch 590 No Improvement (1/40) | Val conv@1=0.0000, conv@2=0.0000, conv@3=0.0000, conv@5=0.0000, residual@1=2.278887e-02, residual@2=1.134125e-03
     25 total:10.15310 | blocks:2 | L1_step:0.33596 (3.3%) | L2_step:0.04449 (0.4%) L2_final:0.04497 (0.4%) | L3_e3:9.72768 (95.8%) | final_max_PQ:3.596e-02
     50 total:10.46566 | blocks:2 | L1_step:0.30897 (3.0%) | L2_step:0.03686 (0.4%) L2_final:0.03553 (0.3%) | L3_e3:10.08430 (96.4%) | final_max_PQ:3.168e-02
🔘 Epoch 591 No Improvement (2/40) | Val conv@1=0.0000, conv@2=0.0000, conv@3=0.0000, conv@5=0.0000, residual@1=2.291633e-02, residual@2=1.162553e-03
     25 total:10.30153 | blocks:2 | L1_step:0.29976 (2.9%) | L2_step:0.04064 (0.4%) L2_final:0.03502 (0.3%) | L3_e3:9.92612 (96.4%) | final_max_PQ:4.342e-02
     50 total:11.00945 | blocks:1 | L1_step:0.16837 (1.5%) | L2_step:0.08116 (0.7%) L2_final:0.07433 (0.7%) | L3_e3:10.68558 (97.1%) | final_max_PQ:1.014e+00
🔘 Epoch 592 No Improvement (3/40) | Val conv@1=0.0000, conv@2=0.0000, conv@3=0.0000, conv@5=0.0000, residual@1=2.279916e-02, residual@2=1.145983e-03
     25 total:10.17320 | blocks:2 | L1_step:0.31585 (3.1%) | L2_step:0.04172 (0.4%) L2_final:0.03667 (0.4%) | L3_e3:9.77895 (96.1%) | final_max_PQ:2.895e-02
     50 total:8.13186 | blocks:3 | L1_step:0.33826 (4.2%) | L2_step:0.03533 (0.4%) L2_final:0.02939 (0.4%) | L3_e3:7.72888 (95.0%) | final_max_PQ:1.003e-02
🔘 Epoch 593 No Improvement (4/40) | Val conv@1=0.0000, conv@2=0.0000, conv@3=0.0000, conv@5=0.0000, residual@1=2.289976e-02, residual@2=1.221318e-03
     25 total:10.15530 | blocks:2 | L1_step:0.31424 (3.1%) | L2_step:0.03921 (0.4%) L2_final:0.03612 (0.4%) | L3_e3:9.76574 (96.2%) | final_max_PQ:2.729e-02
     50 total:9.66121 | blocks:3 | L1_step:0.33094 (3.4%) | L2_step:0.04018 (0.4%) L2_final:0.04015 (0.4%) | L3_e3:9.24994 (95.7%) | final_max_PQ:6.931e-03
🔘 Epoch 594 No Improvement (5/40) | Val conv@1=0.0000, conv@2=0.0000, conv@3=0.0000, conv@5=0.0000, residual@1=2.295160e-02, residual@2=1.260333e-03
     25 total:8.60780 | blocks:3 | L1_step:0.32931 (3.8%) | L2_step:0.03547 (0.4%) L2_final:0.03486 (0.4%) | L3_e3:8.20817 (95.4%) | final_max_PQ:1.054e-02
     50 total:8.66004 | blocks:3 | L1_step:0.33006 (3.8%) | L2_step:0.02940 (0.3%) L2_final:0.03021 (0.3%) | L3_e3:8.27037 (95.5%) | final_max_PQ:1.379e-02
🔘 Epoch 595 No Improvement (6/40) | Val conv@1=0.0000, conv@2=0.0000, conv@3=0.0000, conv@5=0.0000, residual@1=2.256091e-02, residual@2=1.153397e-03
     25 total:10.02919 | blocks:2 | L1_step:0.30608 (3.1%) | L2_step:0.03789 (0.4%) L2_final:0.03712 (0.4%) | L3_e3:9.64811 (96.2%) | final_max_PQ:3.492e-02
     50 total:8.14748 | blocks:3 | L1_step:0.32099 (3.9%) | L2_step:0.02669 (0.3%) L2_final:0.02591 (0.3%) | L3_e3:7.77388 (95.4%) | final_max_PQ:1.144e-02
🔘 Epoch 596 No Improvement (7/40) | Val conv@1=0.0000, conv@2=0.0000, conv@3=0.0000, conv@5=0.0000, residual@1=2.245560e-02, residual@2=1.238824e-03
     25 total:10.23386 | blocks:2 | L1_step:0.31356 (3.1%) | L2_step:0.04783 (0.5%) L2_final:0.04698 (0.5%) | L3_e3:9.82550 (96.0%) | final_max_PQ:3.629e-02
     50 total:10.59258 | blocks:2 | L1_step:0.30821 (2.9%) | L2_step:0.04231 (0.4%) L2_final:0.04594 (0.4%) | L3_e3:10.19611 (96.3%) | final_max_PQ:4.904e-02
🔘 Epoch 597 No Improvement (8/40) | Val conv@1=0.0000, conv@2=0.0000, conv@3=0.0000, conv@5=0.0000, residual@1=2.291072e-02, residual@2=1.333429e-03
     25 total:8.24250 | blocks:3 | L1_step:0.33539 (4.1%) | L2_step:0.02562 (0.3%) L2_final:0.02397 (0.3%) | L3_e3:7.85752 (95.3%) | final_max_PQ:8.145e-03
     50 total:9.70924 | blocks:2 | L1_step:0.30919 (3.2%) | L2_step:0.04764 (0.5%) L2_final:0.04307 (0.4%) | L3_e3:9.30934 (95.9%) | final_max_PQ:3.659e-02
🔘 Epoch 598 No Improvement (9/40) | Val conv@1=0.0000, conv@2=0.0000, conv@3=0.0000, conv@5=0.0000, residual@1=2.233692e-02, residual@2=1.226810e-03
     25 total:10.24991 | blocks:2 | L1_step:0.30568 (3.0%) | L2_step:0.04708 (0.5%) L2_final:0.04088 (0.4%) | L3_e3:9.85626 (96.2%) | final_max_PQ:3.527e-02
     50 total:10.51659 | blocks:2 | L1_step:0.30040 (2.9%) | L2_step:0.04783 (0.5%) L2_final:0.05179 (0.5%) | L3_e3:10.11658 (96.2%) | final_max_PQ:5.794e-02
🔘 Epoch 599 No Improvement (10/40) | Val conv@1=0.0000, conv@2=0.0000, conv@3=0.0000, conv@5=0.0000, residual@1=2.268675e-02, residual@2=1.281855e-03
     25 total:9.83882 | blocks:2 | L1_step:0.31392 (3.2%) | L2_step:0.03816 (0.4%) L2_final:0.04135 (0.4%) | L3_e3:9.44538 (96.0%) | final_max_PQ:3.182e-02
     50 total:8.45713 | blocks:3 | L1_step:0.33269 (3.9%) | L2_step:0.03245 (0.4%) L2_final:0.03061 (0.4%) | L3_e3:8.06138 (95.3%) | final_max_PQ:1.054e-02
🔘 Epoch 600 No Improvement (11/40) | Val conv@1=0.0000, conv@2=0.0000, conv@3=0.0000, conv@5=0.0000, residual@1=2.265464e-02, residual@2=1.249581e-03
     25 total:9.98109 | blocks:2 | L1_step:0.30890 (3.1%) | L2_step:0.04628 (0.5%) L2_final:0.04751 (0.5%) | L3_e3:9.57840 (96.0%) | final_max_PQ:3.718e-02
     50 total:11.06068 | blocks:1 | L1_step:0.16175 (1.5%) | L2_step:0.09342 (0.8%) L2_final:0.07994 (0.7%) | L3_e3:10.72558 (97.0%) | final_max_PQ:7.142e-01
🔘 Epoch 601 No Improvement (12/40) | Val conv@1=0.0000, conv@2=0.0000, conv@3=0.0000, conv@5=0.0000, residual@1=2.243064e-02, residual@2=1.120889e-03
     25 total:10.06081 | blocks:2 | L1_step:0.30941 (3.1%) | L2_step:0.04039 (0.4%) L2_final:0.03773 (0.4%) | L3_e3:9.67327 (96.1%) | final_max_PQ:3.345e-02
     50 total:10.24156 | blocks:2 | L1_step:0.31112 (3.0%) | L2_step:0.03945 (0.4%) L2_final:0.03312 (0.3%) | L3_e3:9.85786 (96.3%) | final_max_PQ:3.180e-02
🔘 Epoch 602 No Improvement (13/40) | Val conv@1=0.0000, conv@2=0.0000, conv@3=0.0000, conv@5=0.0000, residual@1=2.248448e-02, residual@2=1.262139e-03
     25 total:10.09700 | blocks:2 | L1_step:0.30843 (3.1%) | L2_step:0.04057 (0.4%) L2_final:0.03796 (0.4%) | L3_e3:9.71004 (96.2%) | final_max_PQ:2.634e-02
     50 total:10.15046 | blocks:2 | L1_step:0.31459 (3.1%) | L2_step:0.04017 (0.4%) L2_final:0.04091 (0.4%) | L3_e3:9.75479 (96.1%) | final_max_PQ:4.810e-02
🔘 Epoch 603 No Improvement (14/40) | Val conv@1=0.0000, conv@2=0.0000, conv@3=0.0000, conv@5=0.0000, residual@1=2.239057e-02, residual@2=1.185896e-03
     25 total:8.89004 | blocks:3 | L1_step:0.32243 (3.6%) | L2_step:0.03288 (0.4%) L2_final:0.03460 (0.4%) | L3_e3:8.50013 (95.6%) | final_max_PQ:9.520e-03
     50 total:9.90380 | blocks:2 | L1_step:0.32313 (3.3%) | L2_step:0.03359 (0.3%) L2_final:0.03134 (0.3%) | L3_e3:9.51575 (96.1%) | final_max_PQ:2.832e-02
🔘 Epoch 604 No Improvement (15/40) | Val conv@1=0.0000, conv@2=0.0000, conv@3=0.0000, conv@5=0.0000, residual@1=2.249019e-02, residual@2=1.200455e-03
     25 total:10.41487 | blocks:2 | L1_step:0.31007 (3.0%) | L2_step:0.05004 (0.5%) L2_final:0.05354 (0.5%) | L3_e3:10.00121 (96.0%) | final_max_PQ:2.993e-02
     50 total:10.55384 | blocks:2 | L1_step:0.30941 (2.9%) | L2_step:0.04260 (0.4%) L2_final:0.04046 (0.4%) | L3_e3:10.16138 (96.3%) | final_max_PQ:2.710e-02
🔘 Epoch 605 No Improvement (16/40) | Val conv@1=0.0000, conv@2=0.0000, conv@3=0.0000, conv@5=0.0000, residual@1=2.220300e-02, residual@2=1.197840e-03
     25 total:12.90733 | blocks:1 | L1_step:0.17061 (1.3%) | L2_step:0.09036 (0.7%) L2_final:0.10261 (0.8%) | L3_e3:12.54376 (97.2%) | final_max_PQ:1.341e+00
     50 total:8.61061 | blocks:3 | L1_step:0.33312 (3.9%) | L2_step:0.03050 (0.4%) L2_final:0.02367 (0.3%) | L3_e3:8.22333 (95.5%) | final_max_PQ:1.126e-02
🔘 Epoch 606 No Improvement (17/40) | Val conv@1=0.0000, conv@2=0.0000, conv@3=0.0000, conv@5=0.0000, residual@1=2.264572e-02, residual@2=1.221636e-03
     25 total:10.45680 | blocks:2 | L1_step:0.29956 (2.9%) | L2_step:0.05182 (0.5%) L2_final:0.05514 (0.5%) | L3_e3:10.05028 (96.1%) | final_max_PQ:4.965e-02
     50 total:9.76192 | blocks:2 | L1_step:0.30898 (3.2%) | L2_step:0.04600 (0.5%) L2_final:0.03738 (0.4%) | L3_e3:9.36956 (96.0%) | final_max_PQ:9.204e-02
🔘 Epoch 607 No Improvement (18/40) | Val conv@1=0.0000, conv@2=0.0000, conv@3=0.0000, conv@5=0.0000, residual@1=2.237297e-02, residual@2=1.269958e-03
     25 total:11.04901 | blocks:1 | L1_step:0.17679 (1.6%) | L2_step:0.08794 (0.8%) L2_final:0.08022 (0.7%) | L3_e3:10.70407 (96.9%) | final_max_PQ:8.516e-01
     50 total:11.17633 | blocks:2 | L1_step:0.31278 (2.8%) | L2_step:0.04797 (0.4%) L2_final:0.05033 (0.5%) | L3_e3:10.76525 (96.3%) | final_max_PQ:7.577e-02
🔘 Epoch 608 No Improvement (19/40) | Val conv@1=0.0000, conv@2=0.0000, conv@3=0.0000, conv@5=0.0000, residual@1=2.211909e-02, residual@2=1.150796e-03
     25 total:10.62417 | blocks:2 | L1_step:0.31216 (2.9%) | L2_step:0.04939 (0.5%) L2_final:0.04360 (0.4%) | L3_e3:10.21902 (96.2%) | final_max_PQ:4.194e-02
     50 total:9.13155 | blocks:3 | L1_step:0.32692 (3.6%) | L2_step:0.03528 (0.4%) L2_final:0.03390 (0.4%) | L3_e3:8.73545 (95.7%) | final_max_PQ:1.016e-02
🔘 Epoch 609 No Improvement (20/40) | Val conv@1=0.0000, conv@2=0.0000, conv@3=0.0000, conv@5=0.0000, residual@1=2.222625e-02, residual@2=1.254631e-03
     25 total:10.58016 | blocks:2 | L1_step:0.31302 (3.0%) | L2_step:0.04692 (0.4%) L2_final:0.03978 (0.4%) | L3_e3:10.18044 (96.2%) | final_max_PQ:3.902e-02
     50 total:8.50110 | blocks:3 | L1_step:0.32845 (3.9%) | L2_step:0.03318 (0.4%) L2_final:0.03225 (0.4%) | L3_e3:8.10722 (95.4%) | final_max_PQ:1.299e-02
🔻 LR reduced: 3.13e-05 -> 1.56e-05
🔘 Epoch 610 No Improvement (21/40) | Val conv@1=0.0000, conv@2=0.0000, conv@3=0.0000, conv@5=0.0000, residual@1=2.266781e-02, residual@2=1.384149e-03
     25 total:9.89600 | blocks:2 | L1_step:0.30399 (3.1%) | L2_step:0.04391 (0.4%) L2_final:0.04959 (0.5%) | L3_e3:9.49851 (96.0%) | final_max_PQ:3.784e-02
     50 total:9.54867 | blocks:2 | L1_step:0.30625 (3.2%) | L2_step:0.03934 (0.4%) L2_final:0.03791 (0.4%) | L3_e3:9.16518 (96.0%) | final_max_PQ:2.646e-02
🔘 Epoch 611 No Improvement (22/40) | Val conv@1=0.0000, conv@2=0.0000, conv@3=0.0000, conv@5=0.0000, residual@1=2.214237e-02, residual@2=1.118031e-03
     25 total:9.54590 | blocks:2 | L1_step:0.30164 (3.2%) | L2_step:0.04289 (0.4%) L2_final:0.03837 (0.4%) | L3_e3:9.16301 (96.0%) | final_max_PQ:5.247e-02
     50 total:8.09665 | blocks:3 | L1_step:0.33271 (4.1%) | L2_step:0.02945 (0.4%) L2_final:0.02543 (0.3%) | L3_e3:7.70905 (95.2%) | final_max_PQ:1.005e-02
🔘 Epoch 612 No Improvement (23/40) | Val conv@1=0.0000, conv@2=0.0000, conv@3=0.0000, conv@5=0.0000, residual@1=2.254027e-02, residual@2=1.120385e-03
     25 total:8.40386 | blocks:3 | L1_step:0.33020 (3.9%) | L2_step:0.03302 (0.4%) L2_final:0.02982 (0.4%) | L3_e3:8.01083 (95.3%) | final_max_PQ:1.071e-02
     50 total:8.22511 | blocks:3 | L1_step:0.32543 (4.0%) | L2_step:0.03394 (0.4%) L2_final:0.03317 (0.4%) | L3_e3:7.83257 (95.2%) | final_max_PQ:1.026e-02
🟩 Epoch 613 | Train loss = 9.6450 | Val conv@1=0.0000, conv@2=0.0000, conv@3=0.0000, conv@5=0.0000, residual@1=2.216319e-02, residual@2=1.107112e-03, residual@3=5.598747e-04, excess@2=10.0711, tail@2=4.763710e-02, score=-3.144659 | LR: 1.5625e-05
     25 total:11.73231 | blocks:1 | L1_step:0.17009 (1.4%) | L2_step:0.07603 (0.6%) L2_final:0.06590 (0.6%) | L3_e3:11.42030 (97.3%) | final_max_PQ:6.662e-01
     50 total:12.50126 | blocks:1 | L1_step:0.15289 (1.2%) | L2_step:0.08228 (0.7%) L2_final:0.07842 (0.6%) | L3_e3:12.18767 (97.5%) | final_max_PQ:8.604e-01
🔘 Epoch 614 No Improvement (1/40) | Val conv@1=0.0000, conv@2=0.0000, conv@3=0.0000, conv@5=0.0000, residual@1=2.200498e-02, residual@2=1.144995e-03
     25 total:10.01696 | blocks:2 | L1_step:0.30713 (3.1%) | L2_step:0.04326 (0.4%) L2_final:0.04738 (0.5%) | L3_e3:9.61919 (96.0%) | final_max_PQ:3.005e-02
     50 total:9.53424 | blocks:2 | L1_step:0.29795 (3.1%) | L2_step:0.03430 (0.4%) L2_final:0.03486 (0.4%) | L3_e3:9.16713 (96.1%) | final_max_PQ:2.491e-02
🔘 Epoch 615 No Improvement (2/40) | Val conv@1=0.0000, conv@2=0.0000, conv@3=0.0000, conv@5=0.0000, residual@1=2.192502e-02, residual@2=1.263219e-03
     25 total:8.21095 | blocks:3 | L1_step:0.32661 (4.0%) | L2_step:0.03043 (0.4%) L2_final:0.02990 (0.4%) | L3_e3:7.82402 (95.3%) | final_max_PQ:6.104e-03
     50 total:10.01067 | blocks:2 | L1_step:0.30366 (3.0%) | L2_step:0.04282 (0.4%) L2_final:0.03481 (0.3%) | L3_e3:9.62938 (96.2%) | final_max_PQ:2.199e-02
🔘 Epoch 616 No Improvement (3/40) | Val conv@1=0.0000, conv@2=0.0000, conv@3=0.0000, conv@5=0.0000, residual@1=2.197893e-02, residual@2=1.110400e-03
     25 total:8.22583 | blocks:3 | L1_step:0.32879 (4.0%) | L2_step:0.02576 (0.3%) L2_final:0.02510 (0.3%) | L3_e3:7.84618 (95.4%) | final_max_PQ:7.267e-03
     50 total:12.55565 | blocks:1 | L1_step:0.15835 (1.3%) | L2_step:0.08290 (0.7%) L2_final:0.06397 (0.5%) | L3_e3:12.25043 (97.6%) | final_max_PQ:6.014e-01
🟩 Epoch 617 | Train loss = 9.7183 | Val conv@1=0.0000, conv@2=0.0003, conv@3=0.0000, conv@5=0.0003, residual@1=2.178494e-02, residual@2=1.086855e-03, residual@3=5.419404e-04, excess@2=9.8686, tail@2=4.636204e-02, score=-3.082798 | LR: 1.5625e-05
     25 total:10.23256 | blocks:2 | L1_step:0.31699 (3.1%) | L2_step:0.04241 (0.4%) L2_final:0.03596 (0.4%) | L3_e3:9.83719 (96.1%) | final_max_PQ:3.297e-02
     50 total:9.69050 | blocks:2 | L1_step:0.31371 (3.2%) | L2_step:0.04211 (0.4%) L2_final:0.04301 (0.4%) | L3_e3:9.29168 (95.9%) | final_max_PQ:3.894e-02
🔘 Epoch 618 No Improvement (1/40) | Val conv@1=0.0000, conv@2=0.0000, conv@3=0.0000, conv@5=0.0000, residual@1=2.198876e-02, residual@2=1.152794e-03
     25 total:12.65571 | blocks:1 | L1_step:0.16803 (1.3%) | L2_step:0.07721 (0.6%) L2_final:0.07858 (0.6%) | L3_e3:12.33190 (97.4%) | final_max_PQ:1.075e+00
     50 total:10.98876 | blocks:1 | L1_step:0.16331 (1.5%) | L2_step:0.11444 (1.0%) L2_final:0.10622 (1.0%) | L3_e3:10.60479 (96.5%) | final_max_PQ:1.249e+00
🔘 Epoch 619 No Improvement (2/40) | Val conv@1=0.0000, conv@2=0.0000, conv@3=0.0000, conv@5=0.0000, residual@1=2.202134e-02, residual@2=1.142256e-03
     25 total:9.25891 | blocks:2 | L1_step:0.30593 (3.3%) | L2_step:0.03515 (0.4%) L2_final:0.03275 (0.4%) | L3_e3:8.88508 (96.0%) | final_max_PQ:2.714e-02
     50 total:9.89821 | blocks:2 | L1_step:0.31284 (3.2%) | L2_step:0.04124 (0.4%) L2_final:0.04172 (0.4%) | L3_e3:9.50241 (96.0%) | final_max_PQ:2.719e-02
🔘 Epoch 620 No Improvement (3/40) | Val conv@1=0.0000, conv@2=0.0000, conv@3=0.0000, conv@5=0.0000, residual@1=2.183701e-02, residual@2=1.090154e-03
     25 total:10.51258 | blocks:2 | L1_step:0.30940 (2.9%) | L2_step:0.04864 (0.5%) L2_final:0.04094 (0.4%) | L3_e3:10.11361 (96.2%) | final_max_PQ:2.788e-02
     50 total:8.31678 | blocks:3 | L1_step:0.33164 (4.0%) | L2_step:0.03093 (0.4%) L2_final:0.03053 (0.4%) | L3_e3:7.92367 (95.3%) | final_max_PQ:8.597e-03
🔘 Epoch 621 No Improvement (4/40) | Val conv@1=0.0000, conv@2=0.0000, conv@3=0.0000, conv@5=0.0000, residual@1=2.185396e-02, residual@2=1.091526e-03
     25 total:10.11854 | blocks:2 | L1_step:0.31494 (3.1%) | L2_step:0.04201 (0.4%) L2_final:0.03731 (0.4%) | L3_e3:9.72428 (96.1%) | final_max_PQ:3.373e-02
     50 total:8.87668 | blocks:2 | L1_step:0.30738 (3.5%) | L2_step:0.03760 (0.4%) L2_final:0.02891 (0.3%) | L3_e3:8.50279 (95.8%) | final_max_PQ:2.951e-02
🔘 Epoch 622 No Improvement (5/40) | Val conv@1=0.0000, conv@2=0.0000, conv@3=0.0000, conv@5=0.0000, residual@1=2.211433e-02, residual@2=1.160280e-03
     25 total:10.03050 | blocks:2 | L1_step:0.32380 (3.2%) | L2_step:0.03858 (0.4%) L2_final:0.03958 (0.4%) | L3_e3:9.62853 (96.0%) | final_max_PQ:9.163e-02
     50 total:8.32173 | blocks:3 | L1_step:0.32652 (3.9%) | L2_step:0.02896 (0.3%) L2_final:0.03427 (0.4%) | L3_e3:7.93198 (95.3%) | final_max_PQ:7.885e-03
🔘 Epoch 623 No Improvement (6/40) | Val conv@1=0.0000, conv@2=0.0000, conv@3=0.0000, conv@5=0.0000, residual@1=2.204943e-02, residual@2=1.117848e-03
     25 total:8.09718 | blocks:3 | L1_step:0.32990 (4.1%) | L2_step:0.02926 (0.4%) L2_final:0.02651 (0.3%) | L3_e3:7.71151 (95.2%) | final_max_PQ:6.501e-03
     50 total:10.06892 | blocks:2 | L1_step:0.30478 (3.0%) | L2_step:0.04073 (0.4%) L2_final:0.04398 (0.4%) | L3_e3:9.67943 (96.1%) | final_max_PQ:3.725e-02
🔘 Epoch 624 No Improvement (7/40) | Val conv@1=0.0000, conv@2=0.0000, conv@3=0.0000, conv@5=0.0000, residual@1=2.201832e-02, residual@2=1.128454e-03
     25 total:12.22848 | blocks:1 | L1_step:0.17018 (1.4%) | L2_step:0.09430 (0.8%) L2_final:0.08698 (0.7%) | L3_e3:11.87702 (97.1%) | final_max_PQ:6.832e-01
     50 total:9.58106 | blocks:2 | L1_step:0.30125 (3.1%) | L2_step:0.03655 (0.4%) L2_final:0.03528 (0.4%) | L3_e3:9.20798 (96.1%) | final_max_PQ:8.234e-02
🔘 Epoch 625 No Improvement (8/40) | Val conv@1=0.0000, conv@2=0.0000, conv@3=0.0000, conv@5=0.0000, residual@1=2.224090e-02, residual@2=1.110517e-03
     25 total:10.65404 | blocks:2 | L1_step:0.30650 (2.9%) | L2_step:0.04427 (0.4%) L2_final:0.03728 (0.3%) | L3_e3:10.26599 (96.4%) | final_max_PQ:2.140e-02
     50 total:9.79331 | blocks:2 | L1_step:0.31776 (3.2%) | L2_step:0.03284 (0.3%) L2_final:0.03224 (0.3%) | L3_e3:9.41047 (96.1%) | final_max_PQ:7.405e-02
🔘 Epoch 626 No Improvement (9/40) | Val conv@1=0.0000, conv@2=0.0000, conv@3=0.0000, conv@5=0.0000, residual@1=2.193793e-02, residual@2=1.101708e-03
     25 total:8.46121 | blocks:3 | L1_step:0.32691 (3.9%) | L2_step:0.02735 (0.3%) L2_final:0.02546 (0.3%) | L3_e3:8.08149 (95.5%) | final_max_PQ:7.266e-03
     50 total:12.63554 | blocks:1 | L1_step:0.15822 (1.3%) | L2_step:0.09372 (0.7%) L2_final:0.07828 (0.6%) | L3_e3:12.30532 (97.4%) | final_max_PQ:1.046e+00
🔘 Epoch 627 No Improvement (10/40) | Val conv@1=0.0000, conv@2=0.0000, conv@3=0.0000, conv@5=0.0000, residual@1=2.206044e-02, residual@2=1.107938e-03
     25 total:8.45583 | blocks:3 | L1_step:0.32972 (3.9%) | L2_step:0.02926 (0.3%) L2_final:0.02596 (0.3%) | L3_e3:8.07088 (95.4%) | final_max_PQ:6.792e-03
     50 total:9.25383 | blocks:3 | L1_step:0.33043 (3.6%) | L2_step:0.03764 (0.4%) L2_final:0.03393 (0.4%) | L3_e3:8.85183 (95.7%) | final_max_PQ:1.261e-02
🔘 Epoch 628 No Improvement (11/40) | Val conv@1=0.0000, conv@2=0.0000, conv@3=0.0000, conv@5=0.0000, residual@1=2.182319e-02, residual@2=1.181780e-03
     25 total:10.44545 | blocks:2 | L1_step:0.31325 (3.0%) | L2_step:0.04564 (0.4%) L2_final:0.04415 (0.4%) | L3_e3:10.04241 (96.1%) | final_max_PQ:4.390e-02
     50 total:8.44109 | blocks:3 | L1_step:0.32758 (3.9%) | L2_step:0.02787 (0.3%) L2_final:0.02850 (0.3%) | L3_e3:8.05714 (95.5%) | final_max_PQ:7.352e-03
🔘 Epoch 629 No Improvement (12/40) | Val conv@1=0.0000, conv@2=0.0000, conv@3=0.0000, conv@5=0.0000, residual@1=2.204717e-02, residual@2=1.116056e-03
     25 total:10.50542 | blocks:2 | L1_step:0.31043 (3.0%) | L2_step:0.05423 (0.5%) L2_final:0.04719 (0.4%) | L3_e3:10.09357 (96.1%) | final_max_PQ:1.633e-01
     50 total:8.30889 | blocks:3 | L1_step:0.32974 (4.0%) | L2_step:0.04050 (0.5%) L2_final:0.03932 (0.5%) | L3_e3:7.89933 (95.1%) | final_max_PQ:1.173e-02
🔘 Epoch 630 No Improvement (13/40) | Val conv@1=0.0000, conv@2=0.0000, conv@3=0.0000, conv@5=0.0000, residual@1=2.215009e-02, residual@2=1.129819e-03
     25 total:7.99149 | blocks:3 | L1_step:0.32954 (4.1%) | L2_step:0.02566 (0.3%) L2_final:0.02417 (0.3%) | L3_e3:7.61212 (95.3%) | final_max_PQ:1.034e-02
     50 total:8.48665 | blocks:3 | L1_step:0.33176 (3.9%) | L2_step:0.03780 (0.4%) L2_final:0.03860 (0.5%) | L3_e3:8.07849 (95.2%) | final_max_PQ:8.226e-03
🔘 Epoch 631 No Improvement (14/40) | Val conv@1=0.0000, conv@2=0.0000, conv@3=0.0000, conv@5=0.0000, residual@1=2.205396e-02, residual@2=1.119815e-03
     25 total:8.44977 | blocks:3 | L1_step:0.33155 (3.9%) | L2_step:0.03455 (0.4%) L2_final:0.03337 (0.4%) | L3_e3:8.05030 (95.3%) | final_max_PQ:9.833e-03
     50 total:10.06613 | blocks:2 | L1_step:0.31012 (3.1%) | L2_step:0.04116 (0.4%) L2_final:0.04145 (0.4%) | L3_e3:9.67340 (96.1%) | final_max_PQ:4.650e-02
🔘 Epoch 632 No Improvement (15/40) | Val conv@1=0.0000, conv@2=0.0000, conv@3=0.0000, conv@5=0.0000, residual@1=2.210919e-02, residual@2=1.086576e-03
     25 total:9.44873 | blocks:2 | L1_step:0.30321 (3.2%) | L2_step:0.04219 (0.4%) L2_final:0.03806 (0.4%) | L3_e3:9.06527 (95.9%) | final_max_PQ:4.519e-02
     50 total:10.18588 | blocks:2 | L1_step:0.30562 (3.0%) | L2_step:0.04266 (0.4%) L2_final:0.03921 (0.4%) | L3_e3:9.79839 (96.2%) | final_max_PQ:1.969e-02
🔘 Epoch 633 No Improvement (16/40) | Val conv@1=0.0000, conv@2=0.0000, conv@3=0.0000, conv@5=0.0000, residual@1=2.200797e-02, residual@2=1.096908e-03
     25 total:10.57447 | blocks:2 | L1_step:0.31524 (3.0%) | L2_step:0.04497 (0.4%) L2_final:0.04431 (0.4%) | L3_e3:10.16994 (96.2%) | final_max_PQ:2.801e-02
     50 total:9.54048 | blocks:2 | L1_step:0.30093 (3.2%) | L2_step:0.04204 (0.4%) L2_final:0.04636 (0.5%) | L3_e3:9.15115 (95.9%) | final_max_PQ:4.931e-02
🔘 Epoch 634 No Improvement (17/40) | Val conv@1=0.0000, conv@2=0.0000, conv@3=0.0000, conv@5=0.0000, residual@1=2.184666e-02, residual@2=1.124453e-03
     25 total:10.16576 | blocks:2 | L1_step:0.30467 (3.0%) | L2_step:0.04663 (0.5%) L2_final:0.05003 (0.5%) | L3_e3:9.76444 (96.1%) | final_max_PQ:6.538e-02
     50 total:7.44922 | blocks:3 | L1_step:0.32637 (4.4%) | L2_step:0.02190 (0.3%) L2_final:0.02177 (0.3%) | L3_e3:7.07918 (95.0%) | final_max_PQ:1.067e-02
🟩 Epoch 635 | Train loss = 9.9033 | Val conv@1=0.0000, conv@2=0.0000, conv@3=0.0000, conv@5=0.0000, residual@1=2.195180e-02, residual@2=1.077987e-03, residual@3=5.362658e-04, excess@2=9.7799, tail@2=4.672647e-02, score=-3.056898 | LR: 1.5625e-05
     25 total:10.29786 | blocks:2 | L1_step:0.30822 (3.0%) | L2_step:0.04833 (0.5%) L2_final:0.03875 (0.4%) | L3_e3:9.90255 (96.2%) | final_max_PQ:2.233e-02
     50 total:12.75806 | blocks:1 | L1_step:0.15694 (1.2%) | L2_step:0.07601 (0.6%) L2_final:0.07137 (0.6%) | L3_e3:12.45374 (97.6%) | final_max_PQ:7.364e-01
🔘 Epoch 636 No Improvement (1/40) | Val conv@1=0.0000, conv@2=0.0000, conv@3=0.0000, conv@5=0.0000, residual@1=2.210217e-02, residual@2=1.098625e-03
     25 total:11.99725 | blocks:1 | L1_step:0.16441 (1.4%) | L2_step:0.09964 (0.8%) L2_final:0.09106 (0.8%) | L3_e3:11.64214 (97.0%) | final_max_PQ:7.765e-01
     50 total:10.37605 | blocks:2 | L1_step:0.29710 (2.9%) | L2_step:0.04432 (0.4%) L2_final:0.03879 (0.4%) | L3_e3:9.99584 (96.3%) | final_max_PQ:4.279e-02
🔘 Epoch 637 No Improvement (2/40) | Val conv@1=0.0000, conv@2=0.0000, conv@3=0.0000, conv@5=0.0000, residual@1=2.227070e-02, residual@2=1.123342e-03
     25 total:10.20141 | blocks:2 | L1_step:0.30273 (3.0%) | L2_step:0.04564 (0.4%) L2_final:0.04171 (0.4%) | L3_e3:9.81133 (96.2%) | final_max_PQ:7.611e-02
     50 total:8.44864 | blocks:3 | L1_step:0.32579 (3.9%) | L2_step:0.02741 (0.3%) L2_final:0.02414 (0.3%) | L3_e3:8.07130 (95.5%) | final_max_PQ:6.569e-03
🔘 Epoch 638 No Improvement (3/40) | Val conv@1=0.0000, conv@2=0.0000, conv@3=0.0000, conv@5=0.0000, residual@1=2.163868e-02, residual@2=1.104269e-03
     25 total:11.58681 | blocks:1 | L1_step:0.15930 (1.4%) | L2_step:0.09126 (0.8%) L2_final:0.09121 (0.8%) | L3_e3:11.24504 (97.1%) | final_max_PQ:9.165e-01
     50 total:10.47222 | blocks:2 | L1_step:0.30200 (2.9%) | L2_step:0.03765 (0.4%) L2_final:0.03068 (0.3%) | L3_e3:10.10189 (96.5%) | final_max_PQ:3.324e-02
🔘 Epoch 639 No Improvement (4/40) | Val conv@1=0.0000, conv@2=0.0000, conv@3=0.0000, conv@5=0.0000, residual@1=2.188980e-02, residual@2=1.120276e-03
     25 total:8.66076 | blocks:3 | L1_step:0.32609 (3.8%) | L2_step:0.02765 (0.3%) L2_final:0.02917 (0.3%) | L3_e3:8.27786 (95.6%) | final_max_PQ:6.754e-03
     50 total:9.32325 | blocks:2 | L1_step:0.30867 (3.3%) | L2_step:0.03323 (0.4%) L2_final:0.03340 (0.4%) | L3_e3:8.94795 (96.0%) | final_max_PQ:4.539e-02
🔘 Epoch 640 No Improvement (5/40) | Val conv@1=0.0000, conv@2=0.0000, conv@3=0.0000, conv@5=0.0000, residual@1=2.192085e-02, residual@2=1.215972e-03
     25 total:9.62535 | blocks:2 | L1_step:0.30568 (3.2%) | L2_step:0.04710 (0.5%) L2_final:0.04652 (0.5%) | L3_e3:9.22605 (95.9%) | final_max_PQ:3.112e-02
     50 total:11.92923 | blocks:1 | L1_step:0.16199 (1.4%) | L2_step:0.07595 (0.6%) L2_final:0.07236 (0.6%) | L3_e3:11.61893 (97.4%) | final_max_PQ:6.422e-01
🔘 Epoch 641 No Improvement (6/40) | Val conv@1=0.0000, conv@2=0.0000, conv@3=0.0000, conv@5=0.0000, residual@1=2.156055e-02, residual@2=1.079895e-03
     25 total:9.78221 | blocks:2 | L1_step:0.30388 (3.1%) | L2_step:0.03512 (0.4%) L2_final:0.02985 (0.3%) | L3_e3:9.41335 (96.2%) | final_max_PQ:3.203e-02
     50 total:10.05566 | blocks:2 | L1_step:0.30951 (3.1%) | L2_step:0.04085 (0.4%) L2_final:0.03762 (0.4%) | L3_e3:9.66768 (96.1%) | final_max_PQ:2.792e-02
🔘 Epoch 642 No Improvement (7/40) | Val conv@1=0.0000, conv@2=0.0000, conv@3=0.0000, conv@5=0.0000, residual@1=2.195946e-02, residual@2=1.084465e-03
     25 total:12.03828 | blocks:1 | L1_step:0.15663 (1.3%) | L2_step:0.11050 (0.9%) L2_final:0.10263 (0.9%) | L3_e3:11.66851 (96.9%) | final_max_PQ:1.284e+00
     50 total:10.31168 | blocks:2 | L1_step:0.31605 (3.1%) | L2_step:0.04148 (0.4%) L2_final:0.03542 (0.3%) | L3_e3:9.91873 (96.2%) | final_max_PQ:6.776e-02
🔘 Epoch 643 No Improvement (8/40) | Val conv@1=0.0000, conv@2=0.0000, conv@3=0.0000, conv@5=0.0000, residual@1=2.190402e-02, residual@2=1.110508e-03
     25 total:12.88104 | blocks:1 | L1_step:0.15461 (1.2%) | L2_step:0.07522 (0.6%) L2_final:0.06070 (0.5%) | L3_e3:12.59051 (97.7%) | final_max_PQ:5.727e-01
     50 total:8.58814 | blocks:3 | L1_step:0.32691 (3.8%) | L2_step:0.02897 (0.3%) L2_final:0.03173 (0.4%) | L3_e3:8.20053 (95.5%) | final_max_PQ:1.480e-02
🟩 Epoch 644 | Train loss = 9.7178 | Val conv@1=0.0000, conv@2=0.0000, conv@3=0.0000, conv@5=0.0000, residual@1=2.168257e-02, residual@2=1.070260e-03, residual@3=5.349255e-04, excess@2=9.7026, tail@2=4.652292e-02, score=-3.033632 | LR: 1.5625e-05
     25 total:10.27862 | blocks:2 | L1_step:0.30867 (3.0%) | L2_step:0.04219 (0.4%) L2_final:0.04061 (0.4%) | L3_e3:9.88716 (96.2%) | final_max_PQ:2.840e-02
     50 total:9.49100 | blocks:2 | L1_step:0.31461 (3.3%) | L2_step:0.03937 (0.4%) L2_final:0.03259 (0.3%) | L3_e3:9.10442 (95.9%) | final_max_PQ:2.338e-02
🔘 Epoch 645 No Improvement (1/40) | Val conv@1=0.0000, conv@2=0.0000, conv@3=0.0000, conv@5=0.0000, residual@1=2.189669e-02, residual@2=1.150776e-03
     25 total:9.52370 | blocks:2 | L1_step:0.31670 (3.3%) | L2_step:0.03493 (0.4%) L2_final:0.03639 (0.4%) | L3_e3:9.13568 (95.9%) | final_max_PQ:3.086e-02
     50 total:9.92742 | blocks:2 | L1_step:0.31237 (3.1%) | L2_step:0.04153 (0.4%) L2_final:0.03868 (0.4%) | L3_e3:9.53484 (96.0%) | final_max_PQ:9.390e-02
🔘 Epoch 646 No Improvement (2/40) | Val conv@1=0.0000, conv@2=0.0000, conv@3=0.0000, conv@5=0.0000, residual@1=2.164210e-02, residual@2=1.075839e-03
     25 total:10.19110 | blocks:2 | L1_step:0.31000 (3.0%) | L2_step:0.05381 (0.5%) L2_final:0.05270 (0.5%) | L3_e3:9.77459 (95.9%) | final_max_PQ:3.817e-02
     50 total:10.03083 | blocks:2 | L1_step:0.30695 (3.1%) | L2_step:0.04232 (0.4%) L2_final:0.04023 (0.4%) | L3_e3:9.64133 (96.1%) | final_max_PQ:3.159e-02
🔘 Epoch 647 No Improvement (3/40) | Val conv@1=0.0000, conv@2=0.0000, conv@3=0.0000, conv@5=0.0000, residual@1=2.199134e-02, residual@2=1.099579e-03
     25 total:12.50956 | blocks:1 | L1_step:0.16600 (1.3%) | L2_step:0.09681 (0.8%) L2_final:0.07387 (0.6%) | L3_e3:12.17287 (97.3%) | final_max_PQ:8.416e-01
     50 total:7.70527 | blocks:3 | L1_step:0.32476 (4.2%) | L2_step:0.02643 (0.3%) L2_final:0.03035 (0.4%) | L3_e3:7.32373 (95.0%) | final_max_PQ:9.705e-03
🔘 Epoch 648 No Improvement (4/40) | Val conv@1=0.0000, conv@2=0.0000, conv@3=0.0000, conv@5=0.0000, residual@1=2.181063e-02, residual@2=1.085224e-03
     25 total:7.82812 | blocks:3 | L1_step:0.33227 (4.2%) | L2_step:0.02389 (0.3%) L2_final:0.02385 (0.3%) | L3_e3:7.44813 (95.1%) | final_max_PQ:1.146e-02
     50 total:8.01552 | blocks:3 | L1_step:0.32952 (4.1%) | L2_step:0.02925 (0.4%) L2_final:0.02976 (0.4%) | L3_e3:7.62699 (95.2%) | final_max_PQ:1.005e-02
🔘 Epoch 649 No Improvement (5/40) | Val conv@1=0.0000, conv@2=0.0000, conv@3=0.0000, conv@5=0.0000, residual@1=2.194413e-02, residual@2=1.190206e-03
     25 total:9.49915 | blocks:2 | L1_step:0.30957 (3.3%) | L2_step:0.03753 (0.4%) L2_final:0.04044 (0.4%) | L3_e3:9.11161 (95.9%) | final_max_PQ:2.576e-02
     50 total:10.52022 | blocks:2 | L1_step:0.30946 (2.9%) | L2_step:0.05014 (0.5%) L2_final:0.05494 (0.5%) | L3_e3:10.10567 (96.1%) | final_max_PQ:7.483e-02
🔘 Epoch 650 No Improvement (6/40) | Val conv@1=0.0000, conv@2=0.0000, conv@3=0.0000, conv@5=0.0000, residual@1=2.180117e-02, residual@2=1.093261e-03
     25 total:10.35608 | blocks:2 | L1_step:0.31277 (3.0%) | L2_step:0.04529 (0.4%) L2_final:0.04484 (0.4%) | L3_e3:9.95318 (96.1%) | final_max_PQ:5.331e-02
     50 total:10.61388 | blocks:2 | L1_step:0.31095 (2.9%) | L2_step:0.04899 (0.5%) L2_final:0.04867 (0.5%) | L3_e3:10.20528 (96.2%) | final_max_PQ:4.202e-02
🔘 Epoch 651 No Improvement (7/40) | Val conv@1=0.0000, conv@2=0.0000, conv@3=0.0000, conv@5=0.0000, residual@1=2.162609e-02, residual@2=1.143049e-03
     25 total:8.41332 | blocks:3 | L1_step:0.33698 (4.0%) | L2_step:0.02870 (0.3%) L2_final:0.03170 (0.4%) | L3_e3:8.01595 (95.3%) | final_max_PQ:8.865e-03
     50 total:10.32691 | blocks:2 | L1_step:0.31628 (3.1%) | L2_step:0.05549 (0.5%) L2_final:0.05377 (0.5%) | L3_e3:9.90136 (95.9%) | final_max_PQ:6.976e-02
🔘 Epoch 652 No Improvement (8/40) | Val conv@1=0.0000, conv@2=0.0000, conv@3=0.0000, conv@5=0.0000, residual@1=2.177099e-02, residual@2=1.081215e-03
     25 total:9.97677 | blocks:2 | L1_step:0.30984 (3.1%) | L2_step:0.04198 (0.4%) L2_final:0.03547 (0.4%) | L3_e3:9.58948 (96.1%) | final_max_PQ:2.536e-02
     50 total:8.17718 | blocks:3 | L1_step:0.32748 (4.0%) | L2_step:0.03190 (0.4%) L2_final:0.03158 (0.4%) | L3_e3:7.78622 (95.2%) | final_max_PQ:9.908e-03
🔘 Epoch 653 No Improvement (9/40) | Val conv@1=0.0000, conv@2=0.0000, conv@3=0.0000, conv@5=0.0000, residual@1=2.156780e-02, residual@2=1.076737e-03
     25 total:9.02031 | blocks:3 | L1_step:0.32602 (3.6%) | L2_step:0.03324 (0.4%) L2_final:0.03006 (0.3%) | L3_e3:8.63099 (95.7%) | final_max_PQ:1.084e-02
     50 total:7.88884 | blocks:3 | L1_step:0.33403 (4.2%) | L2_step:0.02143 (0.3%) L2_final:0.02161 (0.3%) | L3_e3:7.51177 (95.2%) | final_max_PQ:7.829e-03
🔘 Epoch 654 No Improvement (10/40) | Val conv@1=0.0000, conv@2=0.0000, conv@3=0.0000, conv@5=0.0000, residual@1=2.173497e-02, residual@2=1.078750e-03
     25 total:8.06009 | blocks:3 | L1_step:0.33331 (4.1%) | L2_step:0.03277 (0.4%) L2_final:0.03349 (0.4%) | L3_e3:7.66052 (95.0%) | final_max_PQ:7.940e-03
     50 total:10.06920 | blocks:2 | L1_step:0.31873 (3.2%) | L2_step:0.03356 (0.3%) L2_final:0.02966 (0.3%) | L3_e3:9.68725 (96.2%) | final_max_PQ:3.196e-02
🔘 Epoch 655 No Improvement (11/40) | Val conv@1=0.0000, conv@2=0.0000, conv@3=0.0000, conv@5=0.0000, residual@1=2.179401e-02, residual@2=1.103784e-03
     25 total:9.93618 | blocks:2 | L1_step:0.30457 (3.1%) | L2_step:0.03676 (0.4%) L2_final:0.03204 (0.3%) | L3_e3:9.56280 (96.2%) | final_max_PQ:4.481e-02
     50 total:10.71676 | blocks:2 | L1_step:0.31095 (2.9%) | L2_step:0.04257 (0.4%) L2_final:0.04358 (0.4%) | L3_e3:10.31966 (96.3%) | final_max_PQ:7.588e-02
🔘 Epoch 656 No Improvement (12/40) | Val conv@1=0.0000, conv@2=0.0000, conv@3=0.0000, conv@5=0.0000, residual@1=2.174238e-02, residual@2=1.092894e-03
     25 total:10.48945 | blocks:2 | L1_step:0.30602 (2.9%) | L2_step:0.04305 (0.4%) L2_final:0.04264 (0.4%) | L3_e3:10.09774 (96.3%) | final_max_PQ:1.899e-02
     50 total:9.70795 | blocks:2 | L1_step:0.30983 (3.2%) | L2_step:0.04294 (0.4%) L2_final:0.04223 (0.4%) | L3_e3:9.31295 (95.9%) | final_max_PQ:4.733e-02
🔘 Epoch 657 No Improvement (13/40) | Val conv@1=0.0000, conv@2=0.0000, conv@3=0.0000, conv@5=0.0000, residual@1=2.176078e-02, residual@2=1.070492e-03
     25 total:8.89963 | blocks:3 | L1_step:0.33071 (3.7%) | L2_step:0.04570 (0.5%) L2_final:0.04245 (0.5%) | L3_e3:8.48077 (95.3%) | final_max_PQ:9.159e-03
     50 total:9.71423 | blocks:2 | L1_step:0.31041 (3.2%) | L2_step:0.03987 (0.4%) L2_final:0.03956 (0.4%) | L3_e3:9.32439 (96.0%) | final_max_PQ:5.045e-02
🔘 Epoch 658 No Improvement (14/40) | Val conv@1=0.0000, conv@2=0.0000, conv@3=0.0000, conv@5=0.0000, residual@1=2.195985e-02, residual@2=1.191339e-03
     25 total:10.09405 | blocks:2 | L1_step:0.30678 (3.0%) | L2_step:0.04317 (0.4%) L2_final:0.03795 (0.4%) | L3_e3:9.70615 (96.2%) | final_max_PQ:2.432e-02
     50 total:10.47710 | blocks:2 | L1_step:0.31519 (3.0%) | L2_step:0.04322 (0.4%) L2_final:0.03859 (0.4%) | L3_e3:10.08010 (96.2%) | final_max_PQ:5.683e-02
🔘 Epoch 659 No Improvement (15/40) | Val conv@1=0.0000, conv@2=0.0000, conv@3=0.0000, conv@5=0.0000, residual@1=2.163026e-02, residual@2=1.079069e-03
     25 total:8.41199 | blocks:3 | L1_step:0.33602 (4.0%) | L2_step:0.02640 (0.3%) L2_final:0.03082 (0.4%) | L3_e3:8.01875 (95.3%) | final_max_PQ:1.402e-02
     50 total:12.28600 | blocks:1 | L1_step:0.16201 (1.3%) | L2_step:0.07972 (0.6%) L2_final:0.07061 (0.6%) | L3_e3:11.97366 (97.5%) | final_max_PQ:7.165e-01
🔘 Epoch 660 No Improvement (16/40) | Val conv@1=0.0000, conv@2=0.0000, conv@3=0.0000, conv@5=0.0000, residual@1=2.176014e-02, residual@2=1.163687e-03
     25 total:8.88520 | blocks:3 | L1_step:0.32221 (3.6%) | L2_step:0.03689 (0.4%) L2_final:0.03833 (0.4%) | L3_e3:8.48778 (95.5%) | final_max_PQ:1.034e-02
     50 total:9.62309 | blocks:2 | L1_step:0.30859 (3.2%) | L2_step:0.03553 (0.4%) L2_final:0.03766 (0.4%) | L3_e3:9.24131 (96.0%) | final_max_PQ:3.405e-02
🔘 Epoch 661 No Improvement (17/40) | Val conv@1=0.0000, conv@2=0.0000, conv@3=0.0000, conv@5=0.0000, residual@1=2.165622e-02, residual@2=1.077264e-03
     25 total:10.20909 | blocks:2 | L1_step:0.30365 (3.0%) | L2_step:0.03800 (0.4%) L2_final:0.03375 (0.3%) | L3_e3:9.83369 (96.3%) | final_max_PQ:5.659e-02
     50 total:12.13320 | blocks:1 | L1_step:0.17122 (1.4%) | L2_step:0.08519 (0.7%) L2_final:0.07957 (0.7%) | L3_e3:11.79723 (97.2%) | final_max_PQ:6.444e-01
🔘 Epoch 662 No Improvement (18/40) | Val conv@1=0.0000, conv@2=0.0000, conv@3=0.0000, conv@5=0.0000, residual@1=2.158389e-02, residual@2=1.075780e-03
     25 total:9.79616 | blocks:2 | L1_step:0.30388 (3.1%) | L2_step:0.04791 (0.5%) L2_final:0.04005 (0.4%) | L3_e3:9.40432 (96.0%) | final_max_PQ:2.575e-02
     50 total:9.74043 | blocks:2 | L1_step:0.30882 (3.2%) | L2_step:0.04582 (0.5%) L2_final:0.04322 (0.4%) | L3_e3:9.34257 (95.9%) | final_max_PQ:3.930e-02
🔘 Epoch 663 No Improvement (19/40) | Val conv@1=0.0000, conv@2=0.0000, conv@3=0.0000, conv@5=0.0000, residual@1=2.166351e-02, residual@2=1.112419e-03
     25 total:8.30542 | blocks:3 | L1_step:0.33611 (4.0%) | L2_step:0.03860 (0.5%) L2_final:0.03698 (0.4%) | L3_e3:7.89374 (95.0%) | final_max_PQ:9.423e-03
     50 total:10.25278 | blocks:2 | L1_step:0.30718 (3.0%) | L2_step:0.04772 (0.5%) L2_final:0.04622 (0.5%) | L3_e3:9.85166 (96.1%) | final_max_PQ:5.109e-02
🔘 Epoch 664 No Improvement (20/40) | Val conv@1=0.0000, conv@2=0.0000, conv@3=0.0000, conv@5=0.0000, residual@1=2.145470e-02, residual@2=1.083563e-03
     25 total:9.89100 | blocks:2 | L1_step:0.30636 (3.1%) | L2_step:0.04332 (0.4%) L2_final:0.03743 (0.4%) | L3_e3:9.50390 (96.1%) | final_max_PQ:2.544e-02
     50 total:11.30431 | blocks:2 | L1_step:0.31048 (2.7%) | L2_step:0.04301 (0.4%) L2_final:0.04474 (0.4%) | L3_e3:10.90608 (96.5%) | final_max_PQ:4.160e-02
🔻 LR reduced: 1.56e-05 -> 7.81e-06
🔘 Epoch 665 No Improvement (21/40) | Val conv@1=0.0000, conv@2=0.0000, conv@3=0.0003, conv@5=0.0000, residual@1=2.160217e-02, residual@2=1.078581e-03
     25 total:10.13470 | blocks:2 | L1_step:0.31080 (3.1%) | L2_step:0.04585 (0.5%) L2_final:0.04854 (0.5%) | L3_e3:9.72952 (96.0%) | final_max_PQ:3.363e-02
     50 total:9.99978 | blocks:2 | L1_step:0.30823 (3.1%) | L2_step:0.04301 (0.4%) L2_final:0.04176 (0.4%) | L3_e3:9.60678 (96.1%) | final_max_PQ:2.815e-02
🟩 Epoch 666 | Train loss = 9.5684 | Val conv@1=0.0000, conv@2=0.0000, conv@3=0.0000, conv@5=0.0000, residual@1=2.151767e-02, residual@2=1.067492e-03, residual@3=5.352138e-04, excess@2=9.6749, tail@2=4.589045e-02, score=-3.025053 | LR: 7.8125e-06
     25 total:10.24047 | blocks:2 | L1_step:0.30249 (3.0%) | L2_step:0.04957 (0.5%) L2_final:0.04561 (0.4%) | L3_e3:9.84280 (96.1%) | final_max_PQ:4.991e-02
     50 total:9.58267 | blocks:2 | L1_step:0.30534 (3.2%) | L2_step:0.03933 (0.4%) L2_final:0.03697 (0.4%) | L3_e3:9.20103 (96.0%) | final_max_PQ:6.189e-02
🔘 Epoch 667 No Improvement (1/40) | Val conv@1=0.0000, conv@2=0.0000, conv@3=0.0000, conv@5=0.0003, residual@1=2.155893e-02, residual@2=1.084706e-03
     25 total:9.77416 | blocks:2 | L1_step:0.31298 (3.2%) | L2_step:0.04629 (0.5%) L2_final:0.04821 (0.5%) | L3_e3:9.36667 (95.8%) | final_max_PQ:3.447e-02
     50 total:8.07270 | blocks:3 | L1_step:0.33197 (4.1%) | L2_step:0.03088 (0.4%) L2_final:0.02763 (0.3%) | L3_e3:7.68223 (95.2%) | final_max_PQ:6.804e-03
🟩 Epoch 668 | Train loss = 9.3866 | Val conv@1=0.0000, conv@2=0.0000, conv@3=0.0000, conv@5=0.0000, residual@1=2.145990e-02, residual@2=1.059822e-03, residual@3=5.272410e-04, excess@2=9.5982, tail@2=4.554260e-02, score=-3.001892 | LR: 7.8125e-06
     25 total:9.58752 | blocks:2 | L1_step:0.30878 (3.2%) | L2_step:0.04319 (0.5%) L2_final:0.03886 (0.4%) | L3_e3:9.19669 (95.9%) | final_max_PQ:4.106e-02
     50 total:10.16322 | blocks:2 | L1_step:0.30416 (3.0%) | L2_step:0.03678 (0.4%) L2_final:0.03737 (0.4%) | L3_e3:9.78491 (96.3%) | final_max_PQ:7.134e-02
🔘 Epoch 669 No Improvement (1/40) | Val conv@1=0.0000, conv@2=0.0008, conv@3=0.0010, conv@5=0.0005, residual@1=2.148399e-02, residual@2=1.061798e-03
     25 total:9.99539 | blocks:2 | L1_step:0.31445 (3.1%) | L2_step:0.03866 (0.4%) L2_final:0.03498 (0.4%) | L3_e3:9.60729 (96.1%) | final_max_PQ:2.849e-02
     50 total:9.43994 | blocks:2 | L1_step:0.31352 (3.3%) | L2_step:0.04118 (0.4%) L2_final:0.03493 (0.4%) | L3_e3:9.05032 (95.9%) | final_max_PQ:4.186e-02
🔘 Epoch 670 No Improvement (2/40) | Val conv@1=0.0000, conv@2=0.0000, conv@3=0.0000, conv@5=0.0000, residual@1=2.146137e-02, residual@2=1.090654e-03
     25 total:9.95646 | blocks:2 | L1_step:0.30477 (3.1%) | L2_step:0.04384 (0.4%) L2_final:0.04202 (0.4%) | L3_e3:9.56582 (96.1%) | final_max_PQ:4.964e-02
     50 total:9.79981 | blocks:2 | L1_step:0.31369 (3.2%) | L2_step:0.03354 (0.3%) L2_final:0.03437 (0.4%) | L3_e3:9.41821 (96.1%) | final_max_PQ:2.848e-02
🔘 Epoch 671 No Improvement (3/40) | Val conv@1=0.0000, conv@2=0.0000, conv@3=0.0000, conv@5=0.0000, residual@1=2.172572e-02, residual@2=1.080117e-03
     25 total:10.41791 | blocks:2 | L1_step:0.30719 (2.9%) | L2_step:0.04577 (0.4%) L2_final:0.04278 (0.4%) | L3_e3:10.02216 (96.2%) | final_max_PQ:3.280e-02
     50 total:8.21700 | blocks:3 | L1_step:0.32717 (4.0%) | L2_step:0.02948 (0.4%) L2_final:0.02875 (0.3%) | L3_e3:7.83160 (95.3%) | final_max_PQ:9.436e-03
🔘 Epoch 672 No Improvement (4/40) | Val conv@1=0.0000, conv@2=0.0005, conv@3=0.0005, conv@5=0.0005, residual@1=2.156273e-02, residual@2=1.060373e-03
     25 total:8.73752 | blocks:3 | L1_step:0.32835 (3.8%) | L2_step:0.03390 (0.4%) L2_final:0.02703 (0.3%) | L3_e3:8.34824 (95.5%) | final_max_PQ:9.583e-03
     50 total:10.05801 | blocks:2 | L1_step:0.30791 (3.1%) | L2_step:0.04594 (0.5%) L2_final:0.04116 (0.4%) | L3_e3:9.66300 (96.1%) | final_max_PQ:3.285e-02
🔘 Epoch 673 No Improvement (5/40) | Val conv@1=0.0000, conv@2=0.0000, conv@3=0.0000, conv@5=0.0000, residual@1=2.143002e-02, residual@2=1.093480e-03
     25 total:9.77787 | blocks:2 | L1_step:0.30442 (3.1%) | L2_step:0.03946 (0.4%) L2_final:0.03384 (0.3%) | L3_e3:9.40015 (96.1%) | final_max_PQ:8.524e-02
     50 total:9.99576 | blocks:2 | L1_step:0.31467 (3.1%) | L2_step:0.04092 (0.4%) L2_final:0.03509 (0.4%) | L3_e3:9.60509 (96.1%) | final_max_PQ:6.643e-02
🔘 Epoch 674 No Improvement (6/40) | Val conv@1=0.0003, conv@2=0.0008, conv@3=0.0008, conv@5=0.0003, residual@1=2.151092e-02, residual@2=1.072138e-03
     25 total:10.02232 | blocks:2 | L1_step:0.30589 (3.1%) | L2_step:0.04388 (0.4%) L2_final:0.04134 (0.4%) | L3_e3:9.63122 (96.1%) | final_max_PQ:4.402e-02
     50 total:10.19417 | blocks:2 | L1_step:0.29917 (2.9%) | L2_step:0.03636 (0.4%) L2_final:0.03680 (0.4%) | L3_e3:9.82184 (96.3%) | final_max_PQ:2.244e-02
🔘 Epoch 675 No Improvement (7/40) | Val conv@1=0.0000, conv@2=0.0000, conv@3=0.0000, conv@5=0.0000, residual@1=2.146060e-02, residual@2=1.066376e-03
     25 total:11.30754 | blocks:1 | L1_step:0.16840 (1.5%) | L2_step:0.06887 (0.6%) L2_final:0.06307 (0.6%) | L3_e3:11.00719 (97.3%) | final_max_PQ:8.609e-01
     50 total:8.51571 | blocks:3 | L1_step:0.31722 (3.7%) | L2_step:0.02863 (0.3%) L2_final:0.02156 (0.3%) | L3_e3:8.14829 (95.7%) | final_max_PQ:9.403e-03
🔘 Epoch 676 No Improvement (8/40) | Val conv@1=0.0000, conv@2=0.0000, conv@3=0.0000, conv@5=0.0000, residual@1=2.152991e-02, residual@2=1.064969e-03
     25 total:8.31256 | blocks:3 | L1_step:0.32854 (4.0%) | L2_step:0.03071 (0.4%) L2_final:0.03088 (0.4%) | L3_e3:7.92244 (95.3%) | final_max_PQ:1.196e-02
     50 total:10.28992 | blocks:2 | L1_step:0.31064 (3.0%) | L2_step:0.04784 (0.5%) L2_final:0.05001 (0.5%) | L3_e3:9.88144 (96.0%) | final_max_PQ:3.386e-02
🔘 Epoch 677 No Improvement (9/40) | Val conv@1=0.0000, conv@2=0.0005, conv@3=0.0003, conv@5=0.0005, residual@1=2.148618e-02, residual@2=1.063670e-03
     25 total:9.40801 | blocks:2 | L1_step:0.30775 (3.3%) | L2_step:0.03539 (0.4%) L2_final:0.02855 (0.3%) | L3_e3:9.03632 (96.0%) | final_max_PQ:2.360e-02
     50 total:9.76735 | blocks:2 | L1_step:0.31439 (3.2%) | L2_step:0.04343 (0.4%) L2_final:0.04001 (0.4%) | L3_e3:9.36952 (95.9%) | final_max_PQ:8.382e-02
🟩 Epoch 678 | Train loss = 9.7553 | Val conv@1=0.0000, conv@2=0.0003, conv@3=0.0005, conv@5=0.0010, residual@1=2.133857e-02, residual@2=1.055343e-03, residual@3=5.253958e-04, excess@2=9.5535, tail@2=4.380536e-02, score=-2.986483 | LR: 7.8125e-06
     25 total:8.38015 | blocks:3 | L1_step:0.32944 (3.9%) | L2_step:0.03460 (0.4%) L2_final:0.03406 (0.4%) | L3_e3:7.98205 (95.2%) | final_max_PQ:1.456e-02
     50 total:9.22921 | blocks:2 | L1_step:0.31214 (3.4%) | L2_step:0.04123 (0.4%) L2_final:0.03295 (0.4%) | L3_e3:8.84289 (95.8%) | final_max_PQ:3.015e-02
🔘 Epoch 679 No Improvement (1/40) | Val conv@1=0.0000, conv@2=0.0003, conv@3=0.0003, conv@5=0.0003, residual@1=2.160194e-02, residual@2=1.075009e-03
     25 total:12.05783 | blocks:1 | L1_step:0.16626 (1.4%) | L2_step:0.09982 (0.8%) L2_final:0.09030 (0.7%) | L3_e3:11.70145 (97.0%) | final_max_PQ:8.286e-01
     50 total:9.96907 | blocks:2 | L1_step:0.31061 (3.1%) | L2_step:0.04003 (0.4%) L2_final:0.03762 (0.4%) | L3_e3:9.58081 (96.1%) | final_max_PQ:3.588e-02
🔘 Epoch 680 No Improvement (2/40) | Val conv@1=0.0000, conv@2=0.0000, conv@3=0.0000, conv@5=0.0000, residual@1=2.162453e-02, residual@2=1.076674e-03
     25 total:9.72118 | blocks:2 | L1_step:0.30781 (3.2%) | L2_step:0.04282 (0.4%) L2_final:0.04743 (0.5%) | L3_e3:9.32312 (95.9%) | final_max_PQ:3.045e-02
     50 total:9.83844 | blocks:2 | L1_step:0.31177 (3.2%) | L2_step:0.04274 (0.4%) L2_final:0.04287 (0.4%) | L3_e3:9.44106 (96.0%) | final_max_PQ:3.429e-02
🔘 Epoch 681 No Improvement (3/40) | Val conv@1=0.0000, conv@2=0.0000, conv@3=0.0000, conv@5=0.0000, residual@1=2.154025e-02, residual@2=1.079370e-03
     25 total:8.40534 | blocks:3 | L1_step:0.32458 (3.9%) | L2_step:0.03101 (0.4%) L2_final:0.03517 (0.4%) | L3_e3:8.01457 (95.4%) | final_max_PQ:1.140e-02
     50 total:9.99467 | blocks:2 | L1_step:0.31183 (3.1%) | L2_step:0.04904 (0.5%) L2_final:0.04571 (0.5%) | L3_e3:9.58809 (95.9%) | final_max_PQ:3.330e-02
🔘 Epoch 682 No Improvement (4/40) | Val conv@1=0.0000, conv@2=0.0005, conv@3=0.0005, conv@5=0.0000, residual@1=2.157669e-02, residual@2=1.065665e-03
     25 total:9.13150 | blocks:2 | L1_step:0.30419 (3.3%) | L2_step:0.03261 (0.4%) L2_final:0.03039 (0.3%) | L3_e3:8.76430 (96.0%) | final_max_PQ:4.484e-02
     50 total:10.60120 | blocks:2 | L1_step:0.30333 (2.9%) | L2_step:0.04279 (0.4%) L2_final:0.03800 (0.4%) | L3_e3:10.21708 (96.4%) | final_max_PQ:2.821e-02
🔘 Epoch 683 No Improvement (5/40) | Val conv@1=0.0003, conv@2=0.0003, conv@3=0.0000, conv@5=0.0000, residual@1=2.150134e-02, residual@2=1.059377e-03
     25 total:9.69550 | blocks:2 | L1_step:0.29894 (3.1%) | L2_step:0.04656 (0.5%) L2_final:0.04395 (0.5%) | L3_e3:9.30605 (96.0%) | final_max_PQ:2.875e-02
     50 total:8.91495 | blocks:2 | L1_step:0.31489 (3.5%) | L2_step:0.04851 (0.5%) L2_final:0.04313 (0.5%) | L3_e3:8.50842 (95.4%) | final_max_PQ:8.879e-02
🔘 Epoch 684 No Improvement (6/40) | Val conv@1=0.0000, conv@2=0.0000, conv@3=0.0000, conv@5=0.0000, residual@1=2.153854e-02, residual@2=1.064237e-03
     25 total:9.65551 | blocks:2 | L1_step:0.30752 (3.2%) | L2_step:0.04574 (0.5%) L2_final:0.03629 (0.4%) | L3_e3:9.26596 (96.0%) | final_max_PQ:1.659e-02
     50 total:12.54761 | blocks:1 | L1_step:0.17044 (1.4%) | L2_step:0.08733 (0.7%) L2_final:0.07814 (0.6%) | L3_e3:12.21170 (97.3%) | final_max_PQ:7.818e-01
🔘 Epoch 685 No Improvement (7/40) | Val conv@1=0.0000, conv@2=0.0000, conv@3=0.0000, conv@5=0.0000, residual@1=2.147916e-02, residual@2=1.062366e-03
     25 total:10.00134 | blocks:2 | L1_step:0.30604 (3.1%) | L2_step:0.04312 (0.4%) L2_final:0.04216 (0.4%) | L3_e3:9.61002 (96.1%) | final_max_PQ:2.703e-02
     50 total:8.66414 | blocks:2 | L1_step:0.30284 (3.5%) | L2_step:0.02555 (0.3%) L2_final:0.03103 (0.4%) | L3_e3:8.30472 (95.9%) | final_max_PQ:6.780e-02
🔘 Epoch 686 No Improvement (8/40) | Val conv@1=0.0000, conv@2=0.0000, conv@3=0.0000, conv@5=0.0000, residual@1=2.139565e-02, residual@2=1.058107e-03
     25 total:9.70083 | blocks:2 | L1_step:0.31843 (3.3%) | L2_step:0.04257 (0.4%) L2_final:0.04428 (0.5%) | L3_e3:9.29555 (95.8%) | final_max_PQ:3.240e-02
     50 total:9.59247 | blocks:2 | L1_step:0.29893 (3.1%) | L2_step:0.03508 (0.4%) L2_final:0.03515 (0.4%) | L3_e3:9.22331 (96.2%) | final_max_PQ:3.184e-02
🔘 Epoch 687 No Improvement (9/40) | Val conv@1=0.0005, conv@2=0.0000, conv@3=0.0003, conv@5=0.0000, residual@1=2.139913e-02, residual@2=1.056210e-03
     25 total:7.99054 | blocks:3 | L1_step:0.33189 (4.2%) | L2_step:0.02690 (0.3%) L2_final:0.02594 (0.3%) | L3_e3:7.60581 (95.2%) | final_max_PQ:8.361e-03
     50 total:10.11194 | blocks:2 | L1_step:0.30919 (3.1%) | L2_step:0.04575 (0.5%) L2_final:0.04046 (0.4%) | L3_e3:9.71654 (96.1%) | final_max_PQ:4.113e-02
🔘 Epoch 688 No Improvement (10/40) | Val conv@1=0.0003, conv@2=0.0000, conv@3=0.0000, conv@5=0.0000, residual@1=2.149105e-02, residual@2=1.071685e-03
     25 total:9.46878 | blocks:2 | L1_step:0.30591 (3.2%) | L2_step:0.03779 (0.4%) L2_final:0.03701 (0.4%) | L3_e3:9.08807 (96.0%) | final_max_PQ:1.839e-02
     50 total:8.32067 | blocks:3 | L1_step:0.32980 (4.0%) | L2_step:0.02544 (0.3%) L2_final:0.02412 (0.3%) | L3_e3:7.94131 (95.4%) | final_max_PQ:1.384e-02
🔘 Epoch 689 No Improvement (11/40) | Val conv@1=0.0003, conv@2=0.0005, conv@3=0.0008, conv@5=0.0005, residual@1=2.149858e-02, residual@2=1.062625e-03
     25 total:9.92632 | blocks:2 | L1_step:0.31570 (3.2%) | L2_step:0.03925 (0.4%) L2_final:0.03578 (0.4%) | L3_e3:9.53559 (96.1%) | final_max_PQ:2.346e-02
     50 total:10.49635 | blocks:2 | L1_step:0.30218 (2.9%) | L2_step:0.03983 (0.4%) L2_final:0.03446 (0.3%) | L3_e3:10.11988 (96.4%) | final_max_PQ:2.938e-02
🔘 Epoch 690 No Improvement (12/40) | Val conv@1=0.0000, conv@2=0.0000, conv@3=0.0000, conv@5=0.0000, residual@1=2.143002e-02, residual@2=1.082325e-03
     25 total:8.04465 | blocks:3 | L1_step:0.33003 (4.1%) | L2_step:0.02937 (0.4%) L2_final:0.02816 (0.3%) | L3_e3:7.65710 (95.2%) | final_max_PQ:1.212e-02
     50 total:12.56293 | blocks:1 | L1_step:0.15571 (1.2%) | L2_step:0.06339 (0.5%) L2_final:0.05446 (0.4%) | L3_e3:12.28936 (97.8%) | final_max_PQ:8.678e-01
🔘 Epoch 691 No Improvement (13/40) | Val conv@1=0.0000, conv@2=0.0000, conv@3=0.0000, conv@5=0.0000, residual@1=2.132049e-02, residual@2=1.067698e-03
     25 total:9.68438 | blocks:2 | L1_step:0.30492 (3.1%) | L2_step:0.04353 (0.4%) L2_final:0.03930 (0.4%) | L3_e3:9.29663 (96.0%) | final_max_PQ:3.004e-02
     50 total:9.64416 | blocks:2 | L1_step:0.30698 (3.2%) | L2_step:0.03703 (0.4%) L2_final:0.04173 (0.4%) | L3_e3:9.25843 (96.0%) | final_max_PQ:2.538e-02
🔘 Epoch 692 No Improvement (14/40) | Val conv@1=0.0000, conv@2=0.0000, conv@3=0.0000, conv@5=0.0000, residual@1=2.125387e-02, residual@2=1.073152e-03
     25 total:9.50104 | blocks:2 | L1_step:0.31356 (3.3%) | L2_step:0.04295 (0.5%) L2_final:0.03686 (0.4%) | L3_e3:9.10767 (95.9%) | final_max_PQ:2.957e-02
     50 total:10.06870 | blocks:2 | L1_step:0.30859 (3.1%) | L2_step:0.04289 (0.4%) L2_final:0.04503 (0.4%) | L3_e3:9.67219 (96.1%) | final_max_PQ:5.337e-02
🔘 Epoch 693 No Improvement (15/40) | Val conv@1=0.0000, conv@2=0.0000, conv@3=0.0005, conv@5=0.0003, residual@1=2.141362e-02, residual@2=1.062374e-03
     25 total:9.84012 | blocks:2 | L1_step:0.31291 (3.2%) | L2_step:0.03601 (0.4%) L2_final:0.03272 (0.3%) | L3_e3:9.45849 (96.1%) | final_max_PQ:2.590e-02
     50 total:8.13190 | blocks:3 | L1_step:0.33431 (4.1%) | L2_step:0.02565 (0.3%) L2_final:0.02127 (0.3%) | L3_e3:7.75066 (95.3%) | final_max_PQ:6.006e-03
🔘 Epoch 694 No Improvement (16/40) | Val conv@1=0.0000, conv@2=0.0000, conv@3=0.0000, conv@5=0.0000, residual@1=2.130379e-02, residual@2=1.062281e-03
     25 total:10.04431 | blocks:2 | L1_step:0.30213 (3.0%) | L2_step:0.03203 (0.3%) L2_final:0.03197 (0.3%) | L3_e3:9.67818 (96.4%) | final_max_PQ:2.504e-02
     50 total:12.19555 | blocks:1 | L1_step:0.16952 (1.4%) | L2_step:0.07216 (0.6%) L2_final:0.06557 (0.5%) | L3_e3:11.88830 (97.5%) | final_max_PQ:7.756e-01
🔘 Epoch 695 No Improvement (17/40) | Val conv@1=0.0000, conv@2=0.0000, conv@3=0.0000, conv@5=0.0000, residual@1=2.143711e-02, residual@2=1.064692e-03
     25 total:10.32852 | blocks:2 | L1_step:0.30463 (2.9%) | L2_step:0.04668 (0.5%) L2_final:0.03879 (0.4%) | L3_e3:9.93842 (96.2%) | final_max_PQ:2.802e-02
     50 total:10.25382 | blocks:2 | L1_step:0.32018 (3.1%) | L2_step:0.04297 (0.4%) L2_final:0.04512 (0.4%) | L3_e3:9.84555 (96.0%) | final_max_PQ:7.784e-02
🔘 Epoch 696 No Improvement (18/40) | Val conv@1=0.0000, conv@2=0.0000, conv@3=0.0000, conv@5=0.0000, residual@1=2.138245e-02, residual@2=1.075147e-03
     25 total:10.19396 | blocks:2 | L1_step:0.30904 (3.0%) | L2_step:0.04719 (0.5%) L2_final:0.04236 (0.4%) | L3_e3:9.79537 (96.1%) | final_max_PQ:3.489e-02
     50 total:9.83375 | blocks:2 | L1_step:0.30853 (3.1%) | L2_step:0.04969 (0.5%) L2_final:0.04475 (0.5%) | L3_e3:9.43079 (95.9%) | final_max_PQ:4.096e-02
🔘 Epoch 697 No Improvement (19/40) | Val conv@1=0.0000, conv@2=0.0003, conv@3=0.0003, conv@5=0.0005, residual@1=2.127545e-02, residual@2=1.055699e-03
     25 total:8.16978 | blocks:3 | L1_step:0.32651 (4.0%) | L2_step:0.02442 (0.3%) L2_final:0.02271 (0.3%) | L3_e3:7.79614 (95.4%) | final_max_PQ:6.699e-03
     50 total:10.17712 | blocks:2 | L1_step:0.31306 (3.1%) | L2_step:0.04562 (0.4%) L2_final:0.04050 (0.4%) | L3_e3:9.77794 (96.1%) | final_max_PQ:4.518e-02
🔘 Epoch 698 No Improvement (20/40) | Val conv@1=0.0000, conv@2=0.0000, conv@3=0.0000, conv@5=0.0000, residual@1=2.130095e-02, residual@2=1.087100e-03
     25 total:9.43334 | blocks:2 | L1_step:0.31474 (3.3%) | L2_step:0.04373 (0.5%) L2_final:0.03801 (0.4%) | L3_e3:9.03686 (95.8%) | final_max_PQ:2.377e-02
     50 total:12.05587 | blocks:1 | L1_step:0.16467 (1.4%) | L2_step:0.08765 (0.7%) L2_final:0.07954 (0.7%) | L3_e3:11.72400 (97.2%) | final_max_PQ:7.013e-01
🔻 LR reduced: 7.81e-06 -> 3.91e-06
🔘 Epoch 699 No Improvement (21/40) | Val conv@1=0.0003, conv@2=0.0003, conv@3=0.0003, conv@5=0.0003, residual@1=2.133149e-02, residual@2=1.062331e-03
     25 total:7.89223 | blocks:3 | L1_step:0.32827 (4.2%) | L2_step:0.02732 (0.3%) L2_final:0.03029 (0.4%) | L3_e3:7.50635 (95.1%) | final_max_PQ:8.638e-03
     50 total:8.42940 | blocks:3 | L1_step:0.33934 (4.0%) | L2_step:0.03174 (0.4%) L2_final:0.03259 (0.4%) | L3_e3:8.02574 (95.2%) | final_max_PQ:8.935e-03
🔘 Epoch 700 No Improvement (22/40) | Val conv@1=0.0000, conv@2=0.0000, conv@3=0.0000, conv@5=0.0000, residual@1=2.137716e-02, residual@2=1.063696e-03
     25 total:8.48589 | blocks:3 | L1_step:0.32901 (3.9%) | L2_step:0.03175 (0.4%) L2_final:0.03014 (0.4%) | L3_e3:8.09499 (95.4%) | final_max_PQ:7.958e-03
     50 total:12.31453 | blocks:1 | L1_step:0.16547 (1.3%) | L2_step:0.06537 (0.5%) L2_final:0.06647 (0.5%) | L3_e3:12.01723 (97.6%) | final_max_PQ:6.025e-01
🔘 Epoch 701 No Improvement (23/40) | Val conv@1=0.0000, conv@2=0.0000, conv@3=0.0003, conv@5=0.0000, residual@1=2.143503e-02, residual@2=1.056696e-03
     25 total:9.70599 | blocks:2 | L1_step:0.30473 (3.1%) | L2_step:0.04699 (0.5%) L2_final:0.04575 (0.5%) | L3_e3:9.30852 (95.9%) | final_max_PQ:5.500e-02
     50 total:9.75145 | blocks:2 | L1_step:0.30574 (3.1%) | L2_step:0.04191 (0.4%) L2_final:0.03843 (0.4%) | L3_e3:9.36537 (96.0%) | final_max_PQ:4.766e-02
🟩 Epoch 702 | Train loss = 9.5504 | Val conv@1=0.0000, conv@2=0.0000, conv@3=0.0000, conv@5=0.0005, residual@1=2.128940e-02, residual@2=1.046447e-03, residual@3=5.215806e-04, excess@2=9.4645, tail@2=4.434329e-02, score=-2.961133 | LR: 3.9063e-06
     25 total:8.58158 | blocks:3 | L1_step:0.32220 (3.8%) | L2_step:0.03015 (0.4%) L2_final:0.03275 (0.4%) | L3_e3:8.19648 (95.5%) | final_max_PQ:1.081e-02
     50 total:8.19193 | blocks:3 | L1_step:0.32233 (3.9%) | L2_step:0.02806 (0.3%) L2_final:0.02702 (0.3%) | L3_e3:7.81451 (95.4%) | final_max_PQ:6.570e-03
🔘 Epoch 703 No Improvement (1/40) | Val conv@1=0.0000, conv@2=0.0000, conv@3=0.0000, conv@5=0.0000, residual@1=2.134757e-02, residual@2=1.058880e-03
     25 total:9.71656 | blocks:2 | L1_step:0.31222 (3.2%) | L2_step:0.03438 (0.4%) L2_final:0.03873 (0.4%) | L3_e3:9.33123 (96.0%) | final_max_PQ:4.215e-02
     50 total:9.36454 | blocks:2 | L1_step:0.31361 (3.3%) | L2_step:0.04630 (0.5%) L2_final:0.03943 (0.4%) | L3_e3:8.96519 (95.7%) | final_max_PQ:2.747e-02
🔘 Epoch 704 No Improvement (2/40) | Val conv@1=0.0000, conv@2=0.0000, conv@3=0.0000, conv@5=0.0000, residual@1=2.124967e-02, residual@2=1.058964e-03
     25 total:10.24912 | blocks:2 | L1_step:0.30905 (3.0%) | L2_step:0.04468 (0.4%) L2_final:0.03996 (0.4%) | L3_e3:9.85543 (96.2%) | final_max_PQ:2.097e-02
     50 total:8.63982 | blocks:3 | L1_step:0.32761 (3.8%) | L2_step:0.03192 (0.4%) L2_final:0.03164 (0.4%) | L3_e3:8.24865 (95.5%) | final_max_PQ:9.100e-03
🔘 Epoch 705 No Improvement (3/40) | Val conv@1=0.0000, conv@2=0.0003, conv@3=0.0003, conv@5=0.0008, residual@1=2.132714e-02, residual@2=1.053415e-03
     25 total:8.40497 | blocks:3 | L1_step:0.32907 (3.9%) | L2_step:0.02988 (0.4%) L2_final:0.02831 (0.3%) | L3_e3:8.01772 (95.4%) | final_max_PQ:1.348e-02
     50 total:12.81175 | blocks:1 | L1_step:0.16362 (1.3%) | L2_step:0.08791 (0.7%) L2_final:0.08634 (0.7%) | L3_e3:12.47387 (97.4%) | final_max_PQ:6.653e-01
🔘 Epoch 706 No Improvement (4/40) | Val conv@1=0.0000, conv@2=0.0003, conv@3=0.0003, conv@5=0.0000, residual@1=2.120792e-02, residual@2=1.047605e-03
     25 total:10.24202 | blocks:2 | L1_step:0.30817 (3.0%) | L2_step:0.03750 (0.4%) L2_final:0.03468 (0.3%) | L3_e3:9.86166 (96.3%) | final_max_PQ:2.504e-02
     50 total:8.43306 | blocks:3 | L1_step:0.33712 (4.0%) | L2_step:0.03095 (0.4%) L2_final:0.02922 (0.3%) | L3_e3:8.03576 (95.3%) | final_max_PQ:7.504e-03
🔘 Epoch 707 No Improvement (5/40) | Val conv@1=0.0003, conv@2=0.0008, conv@3=0.0015, conv@5=0.0015, residual@1=2.128164e-02, residual@2=1.053188e-03
     25 total:9.85803 | blocks:2 | L1_step:0.30257 (3.1%) | L2_step:0.04050 (0.4%) L2_final:0.03399 (0.3%) | L3_e3:9.48097 (96.2%) | final_max_PQ:2.238e-02
     50 total:8.30399 | blocks:3 | L1_step:0.33444 (4.0%) | L2_step:0.02738 (0.3%) L2_final:0.02438 (0.3%) | L3_e3:7.91779 (95.3%) | final_max_PQ:8.566e-03
🔘 Epoch 708 No Improvement (6/40) | Val conv@1=0.0000, conv@2=0.0003, conv@3=0.0003, conv@5=0.0003, residual@1=2.135614e-02, residual@2=1.057275e-03
     25 total:9.39654 | blocks:2 | L1_step:0.30907 (3.3%) | L2_step:0.04953 (0.5%) L2_final:0.04351 (0.5%) | L3_e3:8.99443 (95.7%) | final_max_PQ:2.622e-02
     50 total:11.77142 | blocks:1 | L1_step:0.16122 (1.4%) | L2_step:0.06594 (0.6%) L2_final:0.06430 (0.5%) | L3_e3:11.47996 (97.5%) | final_max_PQ:7.514e-01
🔘 Epoch 709 No Improvement (7/40) | Val conv@1=0.0000, conv@2=0.0008, conv@3=0.0008, conv@5=0.0008, residual@1=2.134842e-02, residual@2=1.048514e-03
     25 total:8.05478 | blocks:3 | L1_step:0.32856 (4.1%) | L2_step:0.03332 (0.4%) L2_final:0.03411 (0.4%) | L3_e3:7.65880 (95.1%) | final_max_PQ:1.139e-02
     50 total:9.29604 | blocks:2 | L1_step:0.31137 (3.3%) | L2_step:0.03629 (0.4%) L2_final:0.03994 (0.4%) | L3_e3:8.90844 (95.8%) | final_max_PQ:4.322e-02
🔘 Epoch 710 No Improvement (8/40) | Val conv@1=0.0000, conv@2=0.0003, conv@3=0.0000, conv@5=0.0000, residual@1=2.137731e-02, residual@2=1.051569e-03
     25 total:11.72677 | blocks:1 | L1_step:0.16709 (1.4%) | L2_step:0.08200 (0.7%) L2_final:0.05630 (0.5%) | L3_e3:11.42139 (97.4%) | final_max_PQ:9.618e-01
     50 total:10.05633 | blocks:2 | L1_step:0.31015 (3.1%) | L2_step:0.03520 (0.4%) L2_final:0.03235 (0.3%) | L3_e3:9.67864 (96.2%) | final_max_PQ:3.253e-02
🔘 Epoch 711 No Improvement (9/40) | Val conv@1=0.0003, conv@2=0.0003, conv@3=0.0003, conv@5=0.0005, residual@1=2.131812e-02, residual@2=1.061767e-03
     25 total:8.50977 | blocks:3 | L1_step:0.33182 (3.9%) | L2_step:0.03602 (0.4%) L2_final:0.03652 (0.4%) | L3_e3:8.10540 (95.2%) | final_max_PQ:6.485e-03
     50 total:9.58879 | blocks:2 | L1_step:0.30067 (3.1%) | L2_step:0.03968 (0.4%) L2_final:0.03652 (0.4%) | L3_e3:9.21192 (96.1%) | final_max_PQ:3.281e-02
🔘 Epoch 712 No Improvement (10/40) | Val conv@1=0.0000, conv@2=0.0008, conv@3=0.0010, conv@5=0.0005, residual@1=2.136470e-02, residual@2=1.057649e-03
     25 total:7.56136 | blocks:3 | L1_step:0.33058 (4.4%) | L2_step:0.02662 (0.4%) L2_final:0.02559 (0.3%) | L3_e3:7.17857 (94.9%) | final_max_PQ:1.042e-02
     50 total:8.09911 | blocks:3 | L1_step:0.33584 (4.1%) | L2_step:0.02971 (0.4%) L2_final:0.02758 (0.3%) | L3_e3:7.70598 (95.1%) | final_max_PQ:1.040e-02
🔘 Epoch 713 No Improvement (11/40) | Val conv@1=0.0000, conv@2=0.0000, conv@3=0.0000, conv@5=0.0000, residual@1=2.130475e-02, residual@2=1.060959e-03
     25 total:9.86594 | blocks:2 | L1_step:0.30731 (3.1%) | L2_step:0.04462 (0.5%) L2_final:0.04086 (0.4%) | L3_e3:9.47315 (96.0%) | final_max_PQ:3.219e-02
     50 total:9.65816 | blocks:2 | L1_step:0.31821 (3.3%) | L2_step:0.03558 (0.4%) L2_final:0.04388 (0.5%) | L3_e3:9.26049 (95.9%) | final_max_PQ:5.816e-02
🔘 Epoch 714 No Improvement (12/40) | Val conv@1=0.0000, conv@2=0.0000, conv@3=0.0000, conv@5=0.0000, residual@1=2.127277e-02, residual@2=1.054028e-03
     25 total:9.83829 | blocks:2 | L1_step:0.30694 (3.1%) | L2_step:0.03705 (0.4%) L2_final:0.03536 (0.4%) | L3_e3:9.45893 (96.1%) | final_max_PQ:3.416e-02
     50 total:9.35329 | blocks:2 | L1_step:0.30126 (3.2%) | L2_step:0.03964 (0.4%) L2_final:0.03523 (0.4%) | L3_e3:8.97716 (96.0%) | final_max_PQ:4.403e-02
🔘 Epoch 715 No Improvement (13/40) | Val conv@1=0.0003, conv@2=0.0003, conv@3=0.0003, conv@5=0.0003, residual@1=2.135394e-02, residual@2=1.053948e-03
     25 total:9.51241 | blocks:2 | L1_step:0.30520 (3.2%) | L2_step:0.04639 (0.5%) L2_final:0.04088 (0.4%) | L3_e3:9.11993 (95.9%) | final_max_PQ:2.974e-02
     50 total:9.83861 | blocks:2 | L1_step:0.30355 (3.1%) | L2_step:0.03618 (0.4%) L2_final:0.03497 (0.4%) | L3_e3:9.46391 (96.2%) | final_max_PQ:2.281e-02
🔘 Epoch 716 No Improvement (14/40) | Val conv@1=0.0000, conv@2=0.0000, conv@3=0.0003, conv@5=0.0000, residual@1=2.135097e-02, residual@2=1.058639e-03
     25 total:9.71975 | blocks:2 | L1_step:0.30796 (3.2%) | L2_step:0.04275 (0.4%) L2_final:0.04240 (0.4%) | L3_e3:9.32664 (96.0%) | final_max_PQ:3.321e-02
     50 total:8.30815 | blocks:3 | L1_step:0.32093 (3.9%) | L2_step:0.03037 (0.4%) L2_final:0.02650 (0.3%) | L3_e3:7.93034 (95.5%) | final_max_PQ:9.529e-03
🔘 Epoch 717 No Improvement (15/40) | Val conv@1=0.0003, conv@2=0.0000, conv@3=0.0000, conv@5=0.0005, residual@1=2.128843e-02, residual@2=1.056930e-03
     25 total:9.64076 | blocks:2 | L1_step:0.30534 (3.2%) | L2_step:0.03531 (0.4%) L2_final:0.03969 (0.4%) | L3_e3:9.26043 (96.1%) | final_max_PQ:3.883e-02
     50 total:8.37748 | blocks:3 | L1_step:0.33028 (3.9%) | L2_step:0.02846 (0.3%) L2_final:0.02566 (0.3%) | L3_e3:7.99308 (95.4%) | final_max_PQ:8.169e-03
🔘 Epoch 718 No Improvement (16/40) | Val conv@1=0.0000, conv@2=0.0000, conv@3=0.0003, conv@5=0.0000, residual@1=2.134452e-02, residual@2=1.054086e-03
     25 total:10.55197 | blocks:2 | L1_step:0.30019 (2.8%) | L2_step:0.04207 (0.4%) L2_final:0.03907 (0.4%) | L3_e3:10.17064 (96.4%) | final_max_PQ:2.470e-02
     50 total:9.58576 | blocks:2 | L1_step:0.30400 (3.2%) | L2_step:0.04313 (0.4%) L2_final:0.03836 (0.4%) | L3_e3:9.20027 (96.0%) | final_max_PQ:3.816e-02
🔘 Epoch 719 No Improvement (17/40) | Val conv@1=0.0000, conv@2=0.0000, conv@3=0.0000, conv@5=0.0000, residual@1=2.130469e-02, residual@2=1.054164e-03
     25 total:8.36793 | blocks:3 | L1_step:0.32326 (3.9%) | L2_step:0.03330 (0.4%) L2_final:0.03077 (0.4%) | L3_e3:7.98060 (95.4%) | final_max_PQ:1.224e-02
     50 total:8.29732 | blocks:3 | L1_step:0.33282 (4.0%) | L2_step:0.03890 (0.5%) L2_final:0.03337 (0.4%) | L3_e3:7.89223 (95.1%) | final_max_PQ:1.058e-02
🔘 Epoch 720 No Improvement (18/40) | Val conv@1=0.0003, conv@2=0.0003, conv@3=0.0008, conv@5=0.0005, residual@1=2.129378e-02, residual@2=1.055879e-03
     25 total:7.85861 | blocks:3 | L1_step:0.32931 (4.2%) | L2_step:0.02862 (0.4%) L2_final:0.02718 (0.3%) | L3_e3:7.47350 (95.1%) | final_max_PQ:8.219e-03
     50 total:10.33348 | blocks:2 | L1_step:0.30804 (3.0%) | L2_step:0.04447 (0.4%) L2_final:0.03636 (0.4%) | L3_e3:9.94460 (96.2%) | final_max_PQ:4.211e-02
🔘 Epoch 721 No Improvement (19/40) | Val conv@1=0.0000, conv@2=0.0000, conv@3=0.0003, conv@5=0.0003, residual@1=2.132072e-02, residual@2=1.050416e-03
     25 total:7.99890 | blocks:3 | L1_step:0.32597 (4.1%) | L2_step:0.03217 (0.4%) L2_final:0.02752 (0.3%) | L3_e3:7.61324 (95.2%) | final_max_PQ:7.027e-03
     50 total:9.19224 | blocks:2 | L1_step:0.31688 (3.4%) | L2_step:0.02973 (0.3%) L2_final:0.02724 (0.3%) | L3_e3:8.81839 (95.9%) | final_max_PQ:3.338e-02
🔘 Epoch 722 No Improvement (20/40) | Val conv@1=0.0003, conv@2=0.0008, conv@3=0.0005, conv@5=0.0008, residual@1=2.140670e-02, residual@2=1.052618e-03
     25 total:10.05975 | blocks:2 | L1_step:0.30555 (3.0%) | L2_step:0.04069 (0.4%) L2_final:0.03841 (0.4%) | L3_e3:9.67510 (96.2%) | final_max_PQ:1.792e-02
     50 total:9.65555 | blocks:2 | L1_step:0.30959 (3.2%) | L2_step:0.04435 (0.5%) L2_final:0.04152 (0.4%) | L3_e3:9.26009 (95.9%) | final_max_PQ:2.398e-02
🔻 LR reduced: 3.91e-06 -> 1.95e-06
🔘 Epoch 723 No Improvement (21/40) | Val conv@1=0.0000, conv@2=0.0000, conv@3=0.0000, conv@5=0.0000, residual@1=2.122956e-02, residual@2=1.055454e-03
     25 total:11.45799 | blocks:1 | L1_step:0.16824 (1.5%) | L2_step:0.07692 (0.7%) L2_final:0.08774 (0.8%) | L3_e3:11.12509 (97.1%) | final_max_PQ:8.976e-01
     50 total:10.03696 | blocks:2 | L1_step:0.30807 (3.1%) | L2_step:0.04761 (0.5%) L2_final:0.04061 (0.4%) | L3_e3:9.64066 (96.1%) | final_max_PQ:4.020e-02
🟩 Epoch 724 | Train loss = 9.5327 | Val conv@1=0.0008, conv@2=0.0010, conv@3=0.0008, conv@5=0.0005, residual@1=2.123359e-02, residual@2=1.046202e-03, residual@3=5.188747e-04, excess@2=9.4620, tail@2=4.455388e-02, score=-2.956998 | LR: 1.9531e-06
     25 total:10.16572 | blocks:2 | L1_step:0.29954 (2.9%) | L2_step:0.03714 (0.4%) L2_final:0.03060 (0.3%) | L3_e3:9.79844 (96.4%) | final_max_PQ:5.121e-02
     50 total:8.21118 | blocks:3 | L1_step:0.32680 (4.0%) | L2_step:0.03058 (0.4%) L2_final:0.03201 (0.4%) | L3_e3:7.82179 (95.3%) | final_max_PQ:1.076e-02
🔘 Epoch 725 No Improvement (1/40) | Val conv@1=0.0003, conv@2=0.0008, conv@3=0.0013, conv@5=0.0013, residual@1=2.132392e-02, residual@2=1.050224e-03
     25 total:9.56442 | blocks:2 | L1_step:0.31484 (3.3%) | L2_step:0.03921 (0.4%) L2_final:0.04005 (0.4%) | L3_e3:9.17032 (95.9%) | final_max_PQ:3.082e-02
     50 total:9.81875 | blocks:2 | L1_step:0.31170 (3.2%) | L2_step:0.04058 (0.4%) L2_final:0.03436 (0.3%) | L3_e3:9.43211 (96.1%) | final_max_PQ:2.691e-02
🔘 Epoch 726 No Improvement (2/40) | Val conv@1=0.0003, conv@2=0.0010, conv@3=0.0005, conv@5=0.0010, residual@1=2.127753e-02, residual@2=1.046058e-03
     25 total:8.02086 | blocks:3 | L1_step:0.33348 (4.2%) | L2_step:0.03075 (0.4%) L2_final:0.03217 (0.4%) | L3_e3:7.62447 (95.1%) | final_max_PQ:9.091e-03
     50 total:12.00063 | blocks:1 | L1_step:0.15960 (1.3%) | L2_step:0.08116 (0.7%) L2_final:0.07699 (0.6%) | L3_e3:11.68289 (97.4%) | final_max_PQ:8.756e-01
🔘 Epoch 727 No Improvement (3/40) | Val conv@1=0.0003, conv@2=0.0010, conv@3=0.0013, conv@5=0.0020, residual@1=2.131331e-02, residual@2=1.048455e-03
     25 total:10.02544 | blocks:2 | L1_step:0.30639 (3.1%) | L2_step:0.04553 (0.5%) L2_final:0.05188 (0.5%) | L3_e3:9.62163 (96.0%) | final_max_PQ:3.948e-02
     50 total:8.21764 | blocks:3 | L1_step:0.33087 (4.0%) | L2_step:0.02859 (0.3%) L2_final:0.02701 (0.3%) | L3_e3:7.83116 (95.3%) | final_max_PQ:8.922e-03
🔘 Epoch 728 No Improvement (4/40) | Val conv@1=0.0000, conv@2=0.0010, conv@3=0.0008, conv@5=0.0005, residual@1=2.139616e-02, residual@2=1.054965e-03
     25 total:10.07843 | blocks:2 | L1_step:0.30879 (3.1%) | L2_step:0.04781 (0.5%) L2_final:0.05171 (0.5%) | L3_e3:9.67012 (95.9%) | final_max_PQ:2.519e-02
     50 total:10.38894 | blocks:2 | L1_step:0.31753 (3.1%) | L2_step:0.03945 (0.4%) L2_final:0.03494 (0.3%) | L3_e3:9.99701 (96.2%) | final_max_PQ:2.967e-02
🔘 Epoch 729 No Improvement (5/40) | Val conv@1=0.0003, conv@2=0.0005, conv@3=0.0008, conv@5=0.0005, residual@1=2.131889e-02, residual@2=1.049243e-03
     25 total:10.27300 | blocks:2 | L1_step:0.30415 (3.0%) | L2_step:0.04994 (0.5%) L2_final:0.04727 (0.5%) | L3_e3:9.87164 (96.1%) | final_max_PQ:1.845e-02
     50 total:9.70592 | blocks:2 | L1_step:0.30870 (3.2%) | L2_step:0.04833 (0.5%) L2_final:0.04255 (0.4%) | L3_e3:9.30633 (95.9%) | final_max_PQ:3.230e-02
🔘 Epoch 730 No Improvement (6/40) | Val conv@1=0.0003, conv@2=0.0003, conv@3=0.0010, conv@5=0.0013, residual@1=2.131606e-02, residual@2=1.049176e-03
     25 total:9.62170 | blocks:2 | L1_step:0.30558 (3.2%) | L2_step:0.03762 (0.4%) L2_final:0.03397 (0.4%) | L3_e3:9.24454 (96.1%) | final_max_PQ:3.197e-02
     50 total:11.48459 | blocks:1 | L1_step:0.17403 (1.5%) | L2_step:0.08259 (0.7%) L2_final:0.07844 (0.7%) | L3_e3:11.14953 (97.1%) | final_max_PQ:8.694e-01
🔘 Epoch 731 No Improvement (7/40) | Val conv@1=0.0000, conv@2=0.0000, conv@3=0.0000, conv@5=0.0005, residual@1=2.134898e-02, residual@2=1.054487e-03
     25 total:10.29697 | blocks:2 | L1_step:0.30790 (3.0%) | L2_step:0.04697 (0.5%) L2_final:0.04736 (0.5%) | L3_e3:9.89474 (96.1%) | final_max_PQ:3.753e-02
     50 total:10.06264 | blocks:2 | L1_step:0.31296 (3.1%) | L2_step:0.05497 (0.5%) L2_final:0.04946 (0.5%) | L3_e3:9.64524 (95.9%) | final_max_PQ:2.967e-02
🔘 Epoch 732 No Improvement (8/40) | Val conv@1=0.0005, conv@2=0.0020, conv@3=0.0020, conv@5=0.0025, residual@1=2.133184e-02, residual@2=1.052604e-03
     25 total:9.34296 | blocks:2 | L1_step:0.30377 (3.3%) | L2_step:0.03702 (0.4%) L2_final:0.03026 (0.3%) | L3_e3:8.97191 (96.0%) | final_max_PQ:2.674e-02
     50 total:9.87059 | blocks:2 | L1_step:0.30594 (3.1%) | L2_step:0.03628 (0.4%) L2_final:0.03793 (0.4%) | L3_e3:9.49044 (96.1%) | final_max_PQ:2.812e-02
🔘 Epoch 733 No Improvement (9/40) | Val conv@1=0.0003, conv@2=0.0005, conv@3=0.0010, conv@5=0.0010, residual@1=2.130769e-02, residual@2=1.049691e-03
     25 total:8.88010 | blocks:3 | L1_step:0.33314 (3.8%) | L2_step:0.03942 (0.4%) L2_final:0.04125 (0.5%) | L3_e3:8.46629 (95.3%) | final_max_PQ:1.209e-02
     50 total:9.65332 | blocks:2 | L1_step:0.30076 (3.1%) | L2_step:0.03454 (0.4%) L2_final:0.03220 (0.3%) | L3_e3:9.28582 (96.2%) | final_max_PQ:2.192e-02
🔘 Epoch 734 No Improvement (10/40) | Val conv@1=0.0000, conv@2=0.0008, conv@3=0.0010, conv@5=0.0008, residual@1=2.130761e-02, residual@2=1.048771e-03
     25 total:8.03193 | blocks:3 | L1_step:0.33293 (4.1%) | L2_step:0.02619 (0.3%) L2_final:0.02494 (0.3%) | L3_e3:7.64787 (95.2%) | final_max_PQ:5.522e-03
     50 total:9.87459 | blocks:2 | L1_step:0.30488 (3.1%) | L2_step:0.04342 (0.4%) L2_final:0.03826 (0.4%) | L3_e3:9.48803 (96.1%) | final_max_PQ:2.982e-02
🔘 Epoch 735 No Improvement (11/40) | Val conv@1=0.0000, conv@2=0.0008, conv@3=0.0008, conv@5=0.0013, residual@1=2.138232e-02, residual@2=1.049059e-03
     25 total:9.85434 | blocks:2 | L1_step:0.30862 (3.1%) | L2_step:0.04321 (0.4%) L2_final:0.03714 (0.4%) | L3_e3:9.46537 (96.1%) | final_max_PQ:5.943e-02
     50 total:9.83953 | blocks:2 | L1_step:0.30606 (3.1%) | L2_step:0.03642 (0.4%) L2_final:0.03243 (0.3%) | L3_e3:9.46462 (96.2%) | final_max_PQ:2.444e-02
🔘 Epoch 736 No Improvement (12/40) | Val conv@1=0.0005, conv@2=0.0015, conv@3=0.0010, conv@5=0.0013, residual@1=2.133265e-02, residual@2=1.047158e-03
     25 total:8.09836 | blocks:3 | L1_step:0.33373 (4.1%) | L2_step:0.03213 (0.4%) L2_final:0.02865 (0.4%) | L3_e3:7.70385 (95.1%) | final_max_PQ:7.770e-03
     50 total:12.97714 | blocks:1 | L1_step:0.16082 (1.2%) | L2_step:0.07252 (0.6%) L2_final:0.05920 (0.5%) | L3_e3:12.68460 (97.7%) | final_max_PQ:7.265e-01
🔘 Epoch 737 No Improvement (13/40) | Val conv@1=0.0005, conv@2=0.0015, conv@3=0.0025, conv@5=0.0025, residual@1=2.136171e-02, residual@2=1.049917e-03
     25 total:10.03415 | blocks:2 | L1_step:0.31008 (3.1%) | L2_step:0.04665 (0.5%) L2_final:0.04328 (0.4%) | L3_e3:9.63413 (96.0%) | final_max_PQ:6.449e-02
     50 total:7.99042 | blocks:3 | L1_step:0.32276 (4.0%) | L2_step:0.02825 (0.4%) L2_final:0.02122 (0.3%) | L3_e3:7.61820 (95.3%) | final_max_PQ:1.313e-02
🔘 Epoch 738 No Improvement (14/40) | Val conv@1=0.0005, conv@2=0.0013, conv@3=0.0018, conv@5=0.0025, residual@1=2.136016e-02, residual@2=1.051214e-03
     25 total:10.53401 | blocks:2 | L1_step:0.31337 (3.0%) | L2_step:0.04637 (0.4%) L2_final:0.04832 (0.5%) | L3_e3:10.12595 (96.1%) | final_max_PQ:5.726e-02
     50 total:11.37860 | blocks:1 | L1_step:0.15709 (1.4%) | L2_step:0.09127 (0.8%) L2_final:0.08804 (0.8%) | L3_e3:11.04219 (97.0%) | final_max_PQ:1.081e+00
🔘 Epoch 739 No Improvement (15/40) | Val conv@1=0.0005, conv@2=0.0008, conv@3=0.0013, conv@5=0.0015, residual@1=2.134355e-02, residual@2=1.051940e-03
     25 total:7.92496 | blocks:3 | L1_step:0.32935 (4.2%) | L2_step:0.03219 (0.4%) L2_final:0.03069 (0.4%) | L3_e3:7.53273 (95.1%) | final_max_PQ:1.012e-02
     50 total:9.43976 | blocks:2 | L1_step:0.30074 (3.2%) | L2_step:0.02346 (0.2%) L2_final:0.01973 (0.2%) | L3_e3:9.09582 (96.4%) | final_max_PQ:1.485e-02
🟩 Epoch 740 | Train loss = 9.5609 | Val conv@1=0.0003, conv@2=0.0010, conv@3=0.0010, conv@5=0.0010, residual@1=2.129669e-02, residual@2=1.044354e-03, residual@3=5.191591e-04, excess@2=9.4436, tail@2=4.429817e-02, score=-2.951491 | LR: 1.9531e-06
     25 total:8.09273 | blocks:3 | L1_step:0.32591 (4.0%) | L2_step:0.02823 (0.3%) L2_final:0.02809 (0.3%) | L3_e3:7.71050 (95.3%) | final_max_PQ:1.231e-02
     50 total:9.55711 | blocks:2 | L1_step:0.31639 (3.3%) | L2_step:0.03265 (0.3%) L2_final:0.02982 (0.3%) | L3_e3:9.17826 (96.0%) | final_max_PQ:2.065e-02
🟩 Epoch 741 | Train loss = 9.3974 | Val conv@1=0.0000, conv@2=0.0003, conv@3=0.0003, conv@5=0.0010, residual@1=2.122462e-02, residual@2=1.041322e-03, residual@3=5.180077e-04, excess@2=9.4132, tail@2=4.420567e-02, score=-2.944845 | LR: 1.9531e-06
     25 total:7.93300 | blocks:3 | L1_step:0.32571 (4.1%) | L2_step:0.02504 (0.3%) L2_final:0.02480 (0.3%) | L3_e3:7.55745 (95.3%) | final_max_PQ:8.866e-03
     50 total:9.86536 | blocks:2 | L1_step:0.31971 (3.2%) | L2_step:0.04917 (0.5%) L2_final:0.05268 (0.5%) | L3_e3:9.44379 (95.7%) | final_max_PQ:6.380e-02
🔘 Epoch 742 No Improvement (1/40) | Val conv@1=0.0003, conv@2=0.0003, conv@3=0.0003, conv@5=0.0003, residual@1=2.131015e-02, residual@2=1.052709e-03
     25 total:8.40301 | blocks:3 | L1_step:0.32264 (3.8%) | L2_step:0.03186 (0.4%) L2_final:0.03183 (0.4%) | L3_e3:8.01667 (95.4%) | final_max_PQ:1.134e-02
     50 total:9.85466 | blocks:2 | L1_step:0.30213 (3.1%) | L2_step:0.04160 (0.4%) L2_final:0.03999 (0.4%) | L3_e3:9.47094 (96.1%) | final_max_PQ:2.865e-02
🔘 Epoch 743 No Improvement (2/40) | Val conv@1=0.0000, conv@2=0.0000, conv@3=0.0000, conv@5=0.0000, residual@1=2.134821e-02, residual@2=1.050257e-03
     25 total:9.95853 | blocks:2 | L1_step:0.31621 (3.2%) | L2_step:0.04383 (0.4%) L2_final:0.04213 (0.4%) | L3_e3:9.55636 (96.0%) | final_max_PQ:2.961e-02
     50 total:9.55932 | blocks:2 | L1_step:0.29926 (3.1%) | L2_step:0.05001 (0.5%) L2_final:0.04729 (0.5%) | L3_e3:9.16278 (95.9%) | final_max_PQ:4.819e-02
🔘 Epoch 744 No Improvement (3/40) | Val conv@1=0.0003, conv@2=0.0003, conv@3=0.0000, conv@5=0.0000, residual@1=2.138197e-02, residual@2=1.052838e-03
     25 total:10.66470 | blocks:1 | L1_step:0.15520 (1.5%) | L2_step:0.07502 (0.7%) L2_final:0.08060 (0.8%) | L3_e3:10.35388 (97.1%) | final_max_PQ:1.037e+00
     50 total:12.20960 | blocks:1 | L1_step:0.16422 (1.3%) | L2_step:0.08648 (0.7%) L2_final:0.07997 (0.7%) | L3_e3:11.87892 (97.3%) | final_max_PQ:7.881e-01
🔘 Epoch 745 No Improvement (4/40) | Val conv@1=0.0000, conv@2=0.0008, conv@3=0.0010, conv@5=0.0015, residual@1=2.136429e-02, residual@2=1.050768e-03
     25 total:11.99643 | blocks:1 | L1_step:0.16731 (1.4%) | L2_step:0.07871 (0.7%) L2_final:0.06804 (0.6%) | L3_e3:11.68237 (97.4%) | final_max_PQ:6.184e-01
     50 total:9.34786 | blocks:2 | L1_step:0.30944 (3.3%) | L2_step:0.03853 (0.4%) L2_final:0.03439 (0.4%) | L3_e3:8.96549 (95.9%) | final_max_PQ:2.700e-02
🔘 Epoch 746 No Improvement (5/40) | Val conv@1=0.0008, conv@2=0.0010, conv@3=0.0013, conv@5=0.0015, residual@1=2.135576e-02, residual@2=1.050509e-03
     25 total:9.62457 | blocks:2 | L1_step:0.31120 (3.2%) | L2_step:0.03286 (0.3%) L2_final:0.03070 (0.3%) | L3_e3:9.24982 (96.1%) | final_max_PQ:2.197e-02
     50 total:8.31570 | blocks:3 | L1_step:0.32203 (3.9%) | L2_step:0.03103 (0.4%) L2_final:0.02959 (0.4%) | L3_e3:7.93305 (95.4%) | final_max_PQ:7.298e-03
🔘 Epoch 747 No Improvement (6/40) | Val conv@1=0.0005, conv@2=0.0013, conv@3=0.0015, conv@5=0.0018, residual@1=2.130538e-02, residual@2=1.048497e-03
     25 total:9.64506 | blocks:2 | L1_step:0.30943 (3.2%) | L2_step:0.04341 (0.5%) L2_final:0.03569 (0.4%) | L3_e3:9.25654 (96.0%) | final_max_PQ:3.399e-02
     50 total:8.12509 | blocks:3 | L1_step:0.32580 (4.0%) | L2_step:0.03621 (0.4%) L2_final:0.03235 (0.4%) | L3_e3:7.73073 (95.1%) | final_max_PQ:1.173e-02
🔘 Epoch 748 No Improvement (7/40) | Val conv@1=0.0003, conv@2=0.0013, conv@3=0.0015, conv@5=0.0018, residual@1=2.136047e-02, residual@2=1.048644e-03
     25 total:7.80504 | blocks:3 | L1_step:0.33066 (4.2%) | L2_step:0.02931 (0.4%) L2_final:0.02752 (0.4%) | L3_e3:7.41756 (95.0%) | final_max_PQ:7.154e-03
     50 total:8.46853 | blocks:3 | L1_step:0.31739 (3.7%) | L2_step:0.02860 (0.3%) L2_final:0.02491 (0.3%) | L3_e3:8.09764 (95.6%) | final_max_PQ:8.893e-03
🔘 Epoch 749 No Improvement (8/40) | Val conv@1=0.0005, conv@2=0.0005, conv@3=0.0020, conv@5=0.0018, residual@1=2.139089e-02, residual@2=1.051448e-03
     25 total:9.95742 | blocks:2 | L1_step:0.32028 (3.2%) | L2_step:0.04133 (0.4%) L2_final:0.04211 (0.4%) | L3_e3:9.55371 (95.9%) | final_max_PQ:2.879e-02
     50 total:8.25426 | blocks:3 | L1_step:0.32262 (3.9%) | L2_step:0.03155 (0.4%) L2_final:0.03114 (0.4%) | L3_e3:7.86895 (95.3%) | final_max_PQ:8.799e-03
🔘 Epoch 750 No Improvement (9/40) | Val conv@1=0.0003, conv@2=0.0000, conv@3=0.0003, conv@5=0.0005, residual@1=2.134562e-02, residual@2=1.049617e-03
     25 total:8.19783 | blocks:3 | L1_step:0.33410 (4.1%) | L2_step:0.02569 (0.3%) L2_final:0.02748 (0.3%) | L3_e3:7.81057 (95.3%) | final_max_PQ:1.160e-02
     50 total:7.61412 | blocks:3 | L1_step:0.32963 (4.3%) | L2_step:0.02596 (0.3%) L2_final:0.02644 (0.3%) | L3_e3:7.23209 (95.0%) | final_max_PQ:7.710e-03
🔘 Epoch 751 No Improvement (10/40) | Val conv@1=0.0005, conv@2=0.0010, conv@3=0.0015, conv@5=0.0018, residual@1=2.142290e-02, residual@2=1.051607e-03
     25 total:9.92064 | blocks:2 | L1_step:0.30226 (3.0%) | L2_step:0.04041 (0.4%) L2_final:0.03695 (0.4%) | L3_e3:9.54102 (96.2%) | final_max_PQ:3.083e-02
     50 total:8.02212 | blocks:3 | L1_step:0.32934 (4.1%) | L2_step:0.02962 (0.4%) L2_final:0.02949 (0.4%) | L3_e3:7.63367 (95.2%) | final_max_PQ:1.019e-02
🔘 Epoch 752 No Improvement (11/40) | Val conv@1=0.0000, conv@2=0.0000, conv@3=0.0000, conv@5=0.0000, residual@1=2.139547e-02, residual@2=1.048072e-03
     25 total:10.35979 | blocks:2 | L1_step:0.30481 (2.9%) | L2_step:0.04131 (0.4%) L2_final:0.03756 (0.4%) | L3_e3:9.97611 (96.3%) | final_max_PQ:2.091e-02
     50 total:9.72237 | blocks:2 | L1_step:0.30592 (3.1%) | L2_step:0.03569 (0.4%) L2_final:0.03212 (0.3%) | L3_e3:9.34864 (96.2%) | final_max_PQ:3.512e-02
🔘 Epoch 753 No Improvement (12/40) | Val conv@1=0.0003, conv@2=0.0008, conv@3=0.0008, conv@5=0.0015, residual@1=2.136119e-02, residual@2=1.048012e-03
     25 total:8.24455 | blocks:3 | L1_step:0.32899 (4.0%) | L2_step:0.03114 (0.4%) L2_final:0.03247 (0.4%) | L3_e3:7.85196 (95.2%) | final_max_PQ:7.352e-03
     50 total:8.24313 | blocks:3 | L1_step:0.33308 (4.0%) | L2_step:0.03097 (0.4%) L2_final:0.03027 (0.4%) | L3_e3:7.84881 (95.2%) | final_max_PQ:9.045e-03
🔘 Epoch 754 No Improvement (13/40) | Val conv@1=0.0000, conv@2=0.0008, conv@3=0.0008, conv@5=0.0010, residual@1=2.137863e-02, residual@2=1.050236e-03
     25 total:8.62589 | blocks:3 | L1_step:0.32680 (3.8%) | L2_step:0.03304 (0.4%) L2_final:0.02825 (0.3%) | L3_e3:8.23779 (95.5%) | final_max_PQ:1.039e-02
     50 total:7.60420 | blocks:3 | L1_step:0.32604 (4.3%) | L2_step:0.02825 (0.4%) L2_final:0.02911 (0.4%) | L3_e3:7.22080 (95.0%) | final_max_PQ:8.860e-03
🔘 Epoch 755 No Improvement (14/40) | Val conv@1=0.0003, conv@2=0.0005, conv@3=0.0013, conv@5=0.0018, residual@1=2.137717e-02, residual@2=1.051820e-03
     25 total:9.25642 | blocks:2 | L1_step:0.30908 (3.3%) | L2_step:0.03245 (0.4%) L2_final:0.02810 (0.3%) | L3_e3:8.88680 (96.0%) | final_max_PQ:2.073e-02
     50 total:9.88629 | blocks:2 | L1_step:0.30657 (3.1%) | L2_step:0.03528 (0.4%) L2_final:0.03510 (0.4%) | L3_e3:9.50934 (96.2%) | final_max_PQ:2.244e-02
🔘 Epoch 756 No Improvement (15/40) | Val conv@1=0.0005, conv@2=0.0005, conv@3=0.0015, conv@5=0.0015, residual@1=2.133472e-02, residual@2=1.045718e-03
     25 total:8.09535 | blocks:3 | L1_step:0.32529 (4.0%) | L2_step:0.02647 (0.3%) L2_final:0.02597 (0.3%) | L3_e3:7.71762 (95.3%) | final_max_PQ:1.016e-02
     50 total:10.47846 | blocks:2 | L1_step:0.30652 (2.9%) | L2_step:0.03956 (0.4%) L2_final:0.04096 (0.4%) | L3_e3:10.09142 (96.3%) | final_max_PQ:2.609e-02
🔘 Epoch 757 No Improvement (16/40) | Val conv@1=0.0000, conv@2=0.0005, conv@3=0.0010, conv@5=0.0015, residual@1=2.131645e-02, residual@2=1.046869e-03
     25 total:9.52594 | blocks:2 | L1_step:0.30136 (3.2%) | L2_step:0.04038 (0.4%) L2_final:0.04174 (0.4%) | L3_e3:9.14246 (96.0%) | final_max_PQ:2.525e-02
     50 total:8.17275 | blocks:3 | L1_step:0.33025 (4.0%) | L2_step:0.02431 (0.3%) L2_final:0.02400 (0.3%) | L3_e3:7.79419 (95.4%) | final_max_PQ:1.071e-02
🔘 Epoch 758 No Improvement (17/40) | Val conv@1=0.0000, conv@2=0.0003, conv@3=0.0005, conv@5=0.0008, residual@1=2.133134e-02, residual@2=1.050877e-03
     25 total:10.05896 | blocks:2 | L1_step:0.30910 (3.1%) | L2_step:0.04120 (0.4%) L2_final:0.03792 (0.4%) | L3_e3:9.67074 (96.1%) | final_max_PQ:2.071e-02
     50 total:7.99920 | blocks:3 | L1_step:0.32926 (4.1%) | L2_step:0.02717 (0.3%) L2_final:0.02522 (0.3%) | L3_e3:7.61756 (95.2%) | final_max_PQ:9.821e-03
🔘 Epoch 759 No Improvement (18/40) | Val conv@1=0.0000, conv@2=0.0003, conv@3=0.0003, conv@5=0.0005, residual@1=2.135548e-02, residual@2=1.047743e-03
     25 total:8.33108 | blocks:3 | L1_step:0.32288 (3.9%) | L2_step:0.03315 (0.4%) L2_final:0.02643 (0.3%) | L3_e3:7.94862 (95.4%) | final_max_PQ:7.965e-03
     50 total:9.97752 | blocks:2 | L1_step:0.30090 (3.0%) | L2_step:0.04356 (0.4%) L2_final:0.04220 (0.4%) | L3_e3:9.59086 (96.1%) | final_max_PQ:5.235e-02
🔘 Epoch 760 No Improvement (19/40) | Val conv@1=0.0003, conv@2=0.0008, conv@3=0.0013, conv@5=0.0010, residual@1=2.137834e-02, residual@2=1.051419e-03
     25 total:8.84548 | blocks:2 | L1_step:0.31519 (3.6%) | L2_step:0.02896 (0.3%) L2_final:0.02437 (0.3%) | L3_e3:8.47696 (95.8%) | final_max_PQ:2.763e-02
     50 total:10.18165 | blocks:2 | L1_step:0.31017 (3.0%) | L2_step:0.04426 (0.4%) L2_final:0.04471 (0.4%) | L3_e3:9.78251 (96.1%) | final_max_PQ:3.651e-02
🔘 Epoch 761 No Improvement (20/40) | Val conv@1=0.0000, conv@2=0.0000, conv@3=0.0003, conv@5=0.0008, residual@1=2.127997e-02, residual@2=1.044410e-03
     25 total:8.09492 | blocks:3 | L1_step:0.32762 (4.0%) | L2_step:0.03010 (0.4%) L2_final:0.03098 (0.4%) | L3_e3:7.70622 (95.2%) | final_max_PQ:1.544e-02
     50 total:8.05166 | blocks:3 | L1_step:0.33216 (4.1%) | L2_step:0.03053 (0.4%) L2_final:0.02852 (0.4%) | L3_e3:7.66045 (95.1%) | final_max_PQ:1.135e-02
🔻 LR reduced: 1.95e-06 -> 1.00e-06
🔘 Epoch 762 No Improvement (21/40) | Val conv@1=0.0003, conv@2=0.0008, conv@3=0.0005, conv@5=0.0008, residual@1=2.122306e-02, residual@2=1.043432e-03
     25 total:10.51657 | blocks:2 | L1_step:0.30613 (2.9%) | L2_step:0.04601 (0.4%) L2_final:0.03697 (0.4%) | L3_e3:10.12746 (96.3%) | final_max_PQ:7.792e-02
     50 total:9.39505 | blocks:2 | L1_step:0.31614 (3.4%) | L2_step:0.03706 (0.4%) L2_final:0.03226 (0.3%) | L3_e3:9.00959 (95.9%) | final_max_PQ:2.785e-02
🔘 Epoch 763 No Improvement (22/40) | Val conv@1=0.0005, conv@2=0.0005, conv@3=0.0000, conv@5=0.0005, residual@1=2.126563e-02, residual@2=1.043912e-03
     25 total:12.02544 | blocks:1 | L1_step:0.16688 (1.4%) | L2_step:0.08126 (0.7%) L2_final:0.06729 (0.6%) | L3_e3:11.71000 (97.4%) | final_max_PQ:5.958e-01
     50 total:8.86424 | blocks:3 | L1_step:0.32535 (3.7%) | L2_step:0.03633 (0.4%) L2_final:0.03198 (0.4%) | L3_e3:8.47058 (95.6%) | final_max_PQ:9.759e-03
🔘 Epoch 764 No Improvement (23/40) | Val conv@1=0.0005, conv@2=0.0013, conv@3=0.0018, conv@5=0.0025, residual@1=2.130935e-02, residual@2=1.046363e-03
     25 total:7.78683 | blocks:3 | L1_step:0.32747 (4.2%) | L2_step:0.02945 (0.4%) L2_final:0.02817 (0.4%) | L3_e3:7.40174 (95.1%) | final_max_PQ:9.523e-03
     50 total:9.73173 | blocks:2 | L1_step:0.30893 (3.2%) | L2_step:0.04276 (0.4%) L2_final:0.04590 (0.5%) | L3_e3:9.33415 (95.9%) | final_max_PQ:4.057e-02
🔘 Epoch 765 No Improvement (24/40) | Val conv@1=0.0003, conv@2=0.0013, conv@3=0.0013, conv@5=0.0013, residual@1=2.130304e-02, residual@2=1.045486e-03
     25 total:10.25624 | blocks:2 | L1_step:0.30095 (2.9%) | L2_step:0.03918 (0.4%) L2_final:0.03665 (0.4%) | L3_e3:9.87946 (96.3%) | final_max_PQ:4.167e-02
     50 total:9.89580 | blocks:2 | L1_step:0.29583 (3.0%) | L2_step:0.04087 (0.4%) L2_final:0.03963 (0.4%) | L3_e3:9.51947 (96.2%) | final_max_PQ:3.630e-02
🔘 Epoch 766 No Improvement (25/40) | Val conv@1=0.0000, conv@2=0.0000, conv@3=0.0005, conv@5=0.0003, residual@1=2.125817e-02, residual@2=1.043582e-03
     25 total:9.81723 | blocks:2 | L1_step:0.30718 (3.1%) | L2_step:0.04085 (0.4%) L2_final:0.04378 (0.4%) | L3_e3:9.42542 (96.0%) | final_max_PQ:4.769e-02
     50 total:10.06115 | blocks:2 | L1_step:0.29850 (3.0%) | L2_step:0.04329 (0.4%) L2_final:0.04259 (0.4%) | L3_e3:9.67677 (96.2%) | final_max_PQ:3.747e-02
🔘 Epoch 767 No Improvement (26/40) | Val conv@1=0.0000, conv@2=0.0003, conv@3=0.0013, conv@5=0.0008, residual@1=2.122143e-02, residual@2=1.045832e-03
     25 total:9.49900 | blocks:2 | L1_step:0.29908 (3.1%) | L2_step:0.04342 (0.5%) L2_final:0.03816 (0.4%) | L3_e3:9.11834 (96.0%) | final_max_PQ:2.499e-02
     50 total:8.86184 | blocks:2 | L1_step:0.29496 (3.3%) | L2_step:0.04385 (0.5%) L2_final:0.03788 (0.4%) | L3_e3:8.48515 (95.7%) | final_max_PQ:4.175e-02
🔘 Epoch 768 No Improvement (27/40) | Val conv@1=0.0010, conv@2=0.0015, conv@3=0.0025, conv@5=0.0018, residual@1=2.124183e-02, residual@2=1.044811e-03
     25 total:8.31978 | blocks:3 | L1_step:0.33056 (4.0%) | L2_step:0.02727 (0.3%) L2_final:0.02721 (0.3%) | L3_e3:7.93474 (95.4%) | final_max_PQ:1.181e-02
     50 total:10.27519 | blocks:2 | L1_step:0.30020 (2.9%) | L2_step:0.03264 (0.3%) L2_final:0.03077 (0.3%) | L3_e3:9.91158 (96.5%) | final_max_PQ:2.528e-02
🔘 Epoch 769 No Improvement (28/40) | Val conv@1=0.0003, conv@2=0.0018, conv@3=0.0022, conv@5=0.0025, residual@1=2.126427e-02, residual@2=1.044525e-03
     25 total:8.06995 | blocks:3 | L1_step:0.33518 (4.2%) | L2_step:0.03096 (0.4%) L2_final:0.03228 (0.4%) | L3_e3:7.67154 (95.1%) | final_max_PQ:1.150e-02
     50 total:8.34698 | blocks:3 | L1_step:0.32905 (3.9%) | L2_step:0.03283 (0.4%) L2_final:0.03199 (0.4%) | L3_e3:7.95311 (95.3%) | final_max_PQ:1.040e-02
🟩 Epoch 770 | Train loss = 9.4513 | Val conv@1=0.0003, conv@2=0.0018, conv@3=0.0027, conv@5=0.0040, residual@1=2.127331e-02, residual@2=1.042903e-03, residual@3=5.175675e-04, excess@2=9.4291, tail@2=4.449356e-02, score=-2.943386 | LR: 1.0000e-06
     25 total:7.96556 | blocks:3 | L1_step:0.33230 (4.2%) | L2_step:0.03059 (0.4%) L2_final:0.02876 (0.4%) | L3_e3:7.57391 (95.1%) | final_max_PQ:9.701e-03
     50 total:10.10501 | blocks:2 | L1_step:0.31111 (3.1%) | L2_step:0.04597 (0.5%) L2_final:0.04663 (0.5%) | L3_e3:9.70130 (96.0%) | final_max_PQ:5.701e-02
🔘 Epoch 771 No Improvement (1/40) | Val conv@1=0.0000, conv@2=0.0000, conv@3=0.0005, conv@5=0.0005, residual@1=2.123501e-02, residual@2=1.045046e-03
     25 total:7.91454 | blocks:3 | L1_step:0.32752 (4.1%) | L2_step:0.03433 (0.4%) L2_final:0.03177 (0.4%) | L3_e3:7.52092 (95.0%) | final_max_PQ:1.368e-02
     50 total:9.69365 | blocks:2 | L1_step:0.30766 (3.2%) | L2_step:0.04228 (0.4%) L2_final:0.03772 (0.4%) | L3_e3:9.30599 (96.0%) | final_max_PQ:4.071e-02
🔘 Epoch 772 No Improvement (2/40) | Val conv@1=0.0000, conv@2=0.0003, conv@3=0.0003, conv@5=0.0005, residual@1=2.124258e-02, residual@2=1.044886e-03
     25 total:7.94382 | blocks:3 | L1_step:0.33244 (4.2%) | L2_step:0.02979 (0.4%) L2_final:0.02925 (0.4%) | L3_e3:7.55233 (95.1%) | final_max_PQ:7.149e-03
     50 total:10.57601 | blocks:2 | L1_step:0.30582 (2.9%) | L2_step:0.04837 (0.5%) L2_final:0.05534 (0.5%) | L3_e3:10.16649 (96.1%) | final_max_PQ:4.799e-02
🔘 Epoch 773 No Improvement (3/40) | Val conv@1=0.0000, conv@2=0.0005, conv@3=0.0005, conv@5=0.0005, residual@1=2.127214e-02, residual@2=1.044393e-03
     25 total:9.60434 | blocks:2 | L1_step:0.31303 (3.3%) | L2_step:0.03836 (0.4%) L2_final:0.04283 (0.4%) | L3_e3:9.21012 (95.9%) | final_max_PQ:3.878e-02
     50 total:7.78862 | blocks:3 | L1_step:0.32006 (4.1%) | L2_step:0.02870 (0.4%) L2_final:0.02589 (0.3%) | L3_e3:7.41397 (95.2%) | final_max_PQ:8.562e-03
🔘 Epoch 774 No Improvement (4/40) | Val conv@1=0.0008, conv@2=0.0013, conv@3=0.0013, conv@5=0.0018, residual@1=2.130593e-02, residual@2=1.044596e-03
     25 total:10.07172 | blocks:2 | L1_step:0.30693 (3.0%) | L2_step:0.04261 (0.4%) L2_final:0.04198 (0.4%) | L3_e3:9.68019 (96.1%) | final_max_PQ:4.562e-02
     50 total:9.64042 | blocks:2 | L1_step:0.31124 (3.2%) | L2_step:0.03899 (0.4%) L2_final:0.03913 (0.4%) | L3_e3:9.25105 (96.0%) | final_max_PQ:3.620e-02
🔘 Epoch 775 No Improvement (5/40) | Val conv@1=0.0008, conv@2=0.0008, conv@3=0.0015, conv@5=0.0022, residual@1=2.131686e-02, residual@2=1.046295e-03
     25 total:10.85951 | blocks:2 | L1_step:0.29774 (2.7%) | L2_step:0.04170 (0.4%) L2_final:0.04174 (0.4%) | L3_e3:10.47832 (96.5%) | final_max_PQ:3.837e-02
     50 total:7.80831 | blocks:3 | L1_step:0.31965 (4.1%) | L2_step:0.02763 (0.4%) L2_final:0.02663 (0.3%) | L3_e3:7.43439 (95.2%) | final_max_PQ:8.316e-03
🔘 Epoch 776 No Improvement (6/40) | Val conv@1=0.0003, conv@2=0.0013, conv@3=0.0020, conv@5=0.0022, residual@1=2.128392e-02, residual@2=1.045277e-03
     25 total:9.35595 | blocks:2 | L1_step:0.30277 (3.2%) | L2_step:0.03909 (0.4%) L2_final:0.04085 (0.4%) | L3_e3:8.97324 (95.9%) | final_max_PQ:3.614e-02
     50 total:8.24135 | blocks:3 | L1_step:0.32621 (4.0%) | L2_step:0.02626 (0.3%) L2_final:0.02392 (0.3%) | L3_e3:7.86496 (95.4%) | final_max_PQ:1.022e-02
🔘 Epoch 777 No Improvement (7/40) | Val conv@1=0.0005, conv@2=0.0015, conv@3=0.0020, conv@5=0.0027, residual@1=2.130168e-02, residual@2=1.046041e-03
     25 total:7.64340 | blocks:3 | L1_step:0.33170 (4.3%) | L2_step:0.03001 (0.4%) L2_final:0.03050 (0.4%) | L3_e3:7.25119 (94.9%) | final_max_PQ:7.909e-03
     50 total:8.05188 | blocks:3 | L1_step:0.33165 (4.1%) | L2_step:0.02944 (0.4%) L2_final:0.03042 (0.4%) | L3_e3:7.66037 (95.1%) | final_max_PQ:1.009e-02
🔘 Epoch 778 No Improvement (8/40) | Val conv@1=0.0000, conv@2=0.0015, conv@3=0.0010, conv@5=0.0010, residual@1=2.126556e-02, residual@2=1.043798e-03
     25 total:9.44883 | blocks:2 | L1_step:0.31187 (3.3%) | L2_step:0.03416 (0.4%) L2_final:0.03235 (0.3%) | L3_e3:9.07045 (96.0%) | final_max_PQ:2.881e-02
     50 total:8.60285 | blocks:3 | L1_step:0.33245 (3.9%) | L2_step:0.03256 (0.4%) L2_final:0.03293 (0.4%) | L3_e3:8.20491 (95.4%) | final_max_PQ:1.076e-02
🔘 Epoch 779 No Improvement (9/40) | Val conv@1=0.0010, conv@2=0.0005, conv@3=0.0013, conv@5=0.0013, residual@1=2.129354e-02, residual@2=1.046211e-03
     25 total:10.00173 | blocks:2 | L1_step:0.30815 (3.1%) | L2_step:0.03300 (0.3%) L2_final:0.02739 (0.3%) | L3_e3:9.63319 (96.3%) | final_max_PQ:4.319e-02
     50 total:8.38858 | blocks:3 | L1_step:0.32524 (3.9%) | L2_step:0.03107 (0.4%) L2_final:0.02732 (0.3%) | L3_e3:8.00495 (95.4%) | final_max_PQ:9.892e-03
🔘 Epoch 780 No Improvement (10/40) | Val conv@1=0.0000, conv@2=0.0003, conv@3=0.0008, conv@5=0.0013, residual@1=2.128737e-02, residual@2=1.046174e-03
     25 total:9.60609 | blocks:2 | L1_step:0.30698 (3.2%) | L2_step:0.03410 (0.4%) L2_final:0.03047 (0.3%) | L3_e3:9.23453 (96.1%) | final_max_PQ:5.780e-02
     50 total:9.87423 | blocks:2 | L1_step:0.30700 (3.1%) | L2_step:0.03778 (0.4%) L2_final:0.03668 (0.4%) | L3_e3:9.49277 (96.1%) | final_max_PQ:3.338e-02
🔘 Epoch 781 No Improvement (11/40) | Val conv@1=0.0000, conv@2=0.0005, conv@3=0.0000, conv@5=0.0008, residual@1=2.128558e-02, residual@2=1.046658e-03
     25 total:8.41870 | blocks:3 | L1_step:0.32185 (3.8%) | L2_step:0.02689 (0.3%) L2_final:0.02629 (0.3%) | L3_e3:8.04367 (95.5%) | final_max_PQ:1.264e-02
     50 total:9.85940 | blocks:2 | L1_step:0.30057 (3.0%) | L2_step:0.03858 (0.4%) L2_final:0.04224 (0.4%) | L3_e3:9.47802 (96.1%) | final_max_PQ:1.985e-02
🔘 Epoch 782 No Improvement (12/40) | Val conv@1=0.0005, conv@2=0.0013, conv@3=0.0018, conv@5=0.0013, residual@1=2.128657e-02, residual@2=1.046523e-03
     25 total:10.28632 | blocks:2 | L1_step:0.30813 (3.0%) | L2_step:0.04644 (0.5%) L2_final:0.04423 (0.4%) | L3_e3:9.88753 (96.1%) | final_max_PQ:2.901e-02
     50 total:11.43236 | blocks:1 | L1_step:0.16015 (1.4%) | L2_step:0.07050 (0.6%) L2_final:0.05835 (0.5%) | L3_e3:11.14336 (97.5%) | final_max_PQ:6.010e-01
🔘 Epoch 783 No Improvement (13/40) | Val conv@1=0.0003, conv@2=0.0015, conv@3=0.0018, conv@5=0.0008, residual@1=2.128603e-02, residual@2=1.044225e-03
     25 total:10.34842 | blocks:2 | L1_step:0.31513 (3.0%) | L2_step:0.04509 (0.4%) L2_final:0.04108 (0.4%) | L3_e3:9.94711 (96.1%) | final_max_PQ:5.194e-02
     50 total:9.41835 | blocks:2 | L1_step:0.30696 (3.3%) | L2_step:0.03180 (0.3%) L2_final:0.02735 (0.3%) | L3_e3:9.05224 (96.1%) | final_max_PQ:2.055e-02
🔘 Epoch 784 No Improvement (14/40) | Val conv@1=0.0000, conv@2=0.0000, conv@3=0.0000, conv@5=0.0005, residual@1=2.129692e-02, residual@2=1.045352e-03
     25 total:10.16779 | blocks:2 | L1_step:0.30563 (3.0%) | L2_step:0.04727 (0.5%) L2_final:0.04823 (0.5%) | L3_e3:9.76666 (96.1%) | final_max_PQ:4.103e-02
     50 total:9.88631 | blocks:2 | L1_step:0.30924 (3.1%) | L2_step:0.03906 (0.4%) L2_final:0.03716 (0.4%) | L3_e3:9.50085 (96.1%) | final_max_PQ:4.382e-02
🔘 Epoch 785 No Improvement (15/40) | Val conv@1=0.0003, conv@2=0.0010, conv@3=0.0013, conv@5=0.0022, residual@1=2.130017e-02, residual@2=1.047332e-03
     25 total:9.96128 | blocks:2 | L1_step:0.30186 (3.0%) | L2_step:0.04364 (0.4%) L2_final:0.04306 (0.4%) | L3_e3:9.57272 (96.1%) | final_max_PQ:1.419e-01
     50 total:8.58539 | blocks:3 | L1_step:0.33769 (3.9%) | L2_step:0.03222 (0.4%) L2_final:0.02954 (0.3%) | L3_e3:8.18595 (95.3%) | final_max_PQ:6.382e-03
🔘 Epoch 786 No Improvement (16/40) | Val conv@1=0.0008, conv@2=0.0005, conv@3=0.0008, conv@5=0.0018, residual@1=2.129129e-02, residual@2=1.048743e-03
     25 total:9.77444 | blocks:2 | L1_step:0.31017 (3.2%) | L2_step:0.04302 (0.4%) L2_final:0.04081 (0.4%) | L3_e3:9.38044 (96.0%) | final_max_PQ:1.371e-01
     50 total:9.66792 | blocks:2 | L1_step:0.30924 (3.2%) | L2_step:0.03707 (0.4%) L2_final:0.03369 (0.3%) | L3_e3:9.28791 (96.1%) | final_max_PQ:3.980e-02
🔘 Epoch 787 No Improvement (17/40) | Val conv@1=0.0005, conv@2=0.0010, conv@3=0.0013, conv@5=0.0018, residual@1=2.128321e-02, residual@2=1.045688e-03
     25 total:11.95163 | blocks:1 | L1_step:0.16557 (1.4%) | L2_step:0.08267 (0.7%) L2_final:0.07869 (0.7%) | L3_e3:11.62471 (97.3%) | final_max_PQ:8.101e-01
     50 total:10.00841 | blocks:2 | L1_step:0.30631 (3.1%) | L2_step:0.04375 (0.4%) L2_final:0.03932 (0.4%) | L3_e3:9.61903 (96.1%) | final_max_PQ:3.270e-02
🔘 Epoch 788 No Improvement (18/40) | Val conv@1=0.0003, conv@2=0.0008, conv@3=0.0018, conv@5=0.0022, residual@1=2.127252e-02, residual@2=1.043445e-03
     25 total:9.46963 | blocks:2 | L1_step:0.30341 (3.2%) | L2_step:0.04716 (0.5%) L2_final:0.04704 (0.5%) | L3_e3:9.07201 (95.8%) | final_max_PQ:3.095e-02
     50 total:8.26080 | blocks:3 | L1_step:0.32140 (3.9%) | L2_step:0.03274 (0.4%) L2_final:0.03122 (0.4%) | L3_e3:7.87544 (95.3%) | final_max_PQ:8.958e-03
🔘 Epoch 789 No Improvement (19/40) | Val conv@1=0.0010, conv@2=0.0013, conv@3=0.0020, conv@5=0.0030, residual@1=2.132226e-02, residual@2=1.045854e-03
     25 total:9.59412 | blocks:2 | L1_step:0.31165 (3.2%) | L2_step:0.03739 (0.4%) L2_final:0.03387 (0.4%) | L3_e3:9.21121 (96.0%) | final_max_PQ:5.702e-02
     50 total:9.87134 | blocks:2 | L1_step:0.29745 (3.0%) | L2_step:0.04014 (0.4%) L2_final:0.03819 (0.4%) | L3_e3:9.49555 (96.2%) | final_max_PQ:6.809e-02
🔘 Epoch 790 No Improvement (20/40) | Val conv@1=0.0000, conv@2=0.0005, conv@3=0.0005, conv@5=0.0008, residual@1=2.133893e-02, residual@2=1.047607e-03
     25 total:9.80774 | blocks:2 | L1_step:0.30602 (3.1%) | L2_step:0.03998 (0.4%) L2_final:0.03774 (0.4%) | L3_e3:9.42400 (96.1%) | final_max_PQ:2.812e-02
     50 total:9.57657 | blocks:2 | L1_step:0.30809 (3.2%) | L2_step:0.04507 (0.5%) L2_final:0.04135 (0.4%) | L3_e3:9.18206 (95.9%) | final_max_PQ:4.217e-02
🔘 Epoch 791 No Improvement (21/40) | Val conv@1=0.0008, conv@2=0.0015, conv@3=0.0015, conv@5=0.0015, residual@1=2.131796e-02, residual@2=1.043321e-03
     25 total:9.82295 | blocks:2 | L1_step:0.30482 (3.1%) | L2_step:0.04480 (0.5%) L2_final:0.04559 (0.5%) | L3_e3:9.42774 (96.0%) | final_max_PQ:2.396e-02
     50 total:7.81686 | blocks:3 | L1_step:0.32879 (4.2%) | L2_step:0.02847 (0.4%) L2_final:0.02790 (0.4%) | L3_e3:7.43169 (95.1%) | final_max_PQ:1.072e-02
🔘 Epoch 792 No Improvement (22/40) | Val conv@1=0.0000, conv@2=0.0013, conv@3=0.0010, conv@5=0.0020, residual@1=2.131104e-02, residual@2=1.044327e-03
     25 total:8.26529 | blocks:3 | L1_step:0.32681 (4.0%) | L2_step:0.03315 (0.4%) L2_final:0.02754 (0.3%) | L3_e3:7.87779 (95.3%) | final_max_PQ:8.747e-03
     50 total:9.84717 | blocks:2 | L1_step:0.29952 (3.0%) | L2_step:0.03999 (0.4%) L2_final:0.03775 (0.4%) | L3_e3:9.46991 (96.2%) | final_max_PQ:2.158e-02
🔘 Epoch 793 No Improvement (23/40) | Val conv@1=0.0008, conv@2=0.0018, conv@3=0.0018, conv@5=0.0013, residual@1=2.134852e-02, residual@2=1.045613e-03
     25 total:7.79278 | blocks:3 | L1_step:0.32356 (4.2%) | L2_step:0.02950 (0.4%) L2_final:0.02671 (0.3%) | L3_e3:7.41301 (95.1%) | final_max_PQ:8.186e-03
     50 total:12.29982 | blocks:1 | L1_step:0.16221 (1.3%) | L2_step:0.09339 (0.8%) L2_final:0.09315 (0.8%) | L3_e3:11.95106 (97.2%) | final_max_PQ:7.693e-01
🔘 Epoch 794 No Improvement (24/40) | Val conv@1=0.0005, conv@2=0.0013, conv@3=0.0013, conv@5=0.0013, residual@1=2.133902e-02, residual@2=1.045522e-03
     25 total:9.62314 | blocks:2 | L1_step:0.30648 (3.2%) | L2_step:0.03247 (0.3%) L2_final:0.03662 (0.4%) | L3_e3:9.24757 (96.1%) | final_max_PQ:2.148e-02
     50 total:9.70320 | blocks:2 | L1_step:0.31484 (3.2%) | L2_step:0.03851 (0.4%) L2_final:0.03709 (0.4%) | L3_e3:9.31275 (96.0%) | final_max_PQ:3.242e-02
🔘 Epoch 795 No Improvement (25/40) | Val conv@1=0.0010, conv@2=0.0020, conv@3=0.0010, conv@5=0.0018, residual@1=2.131916e-02, residual@2=1.046724e-03
     25 total:8.11983 | blocks:3 | L1_step:0.32262 (4.0%) | L2_step:0.03256 (0.4%) L2_final:0.03016 (0.4%) | L3_e3:7.73449 (95.3%) | final_max_PQ:1.005e-02
     50 total:10.57056 | blocks:2 | L1_step:0.31206 (3.0%) | L2_step:0.05026 (0.5%) L2_final:0.04694 (0.4%) | L3_e3:10.16130 (96.1%) | final_max_PQ:3.548e-02
🔘 Epoch 796 No Improvement (26/40) | Val conv@1=0.0005, conv@2=0.0003, conv@3=0.0008, conv@5=0.0010, residual@1=2.132598e-02, residual@2=1.047494e-03
     25 total:10.64867 | blocks:2 | L1_step:0.30738 (2.9%) | L2_step:0.05694 (0.5%) L2_final:0.05039 (0.5%) | L3_e3:10.23397 (96.1%) | final_max_PQ:3.810e-02
     50 total:10.67304 | blocks:2 | L1_step:0.31318 (2.9%) | L2_step:0.05062 (0.5%) L2_final:0.04387 (0.4%) | L3_e3:10.26537 (96.2%) | final_max_PQ:2.441e-02
🔘 Epoch 797 No Improvement (27/40) | Val conv@1=0.0005, conv@2=0.0010, conv@3=0.0010, conv@5=0.0015, residual@1=2.131941e-02, residual@2=1.045109e-03
     25 total:9.59845 | blocks:2 | L1_step:0.30714 (3.2%) | L2_step:0.03668 (0.4%) L2_final:0.03142 (0.3%) | L3_e3:9.22321 (96.1%) | final_max_PQ:3.531e-02
     50 total:10.07200 | blocks:2 | L1_step:0.30667 (3.0%) | L2_step:0.04023 (0.4%) L2_final:0.03856 (0.4%) | L3_e3:9.68653 (96.2%) | final_max_PQ:3.007e-02
🔘 Epoch 798 No Improvement (28/40) | Val conv@1=0.0000, conv@2=0.0008, conv@3=0.0018, conv@5=0.0027, residual@1=2.129033e-02, residual@2=1.043574e-03
     25 total:9.98270 | blocks:2 | L1_step:0.31157 (3.1%) | L2_step:0.04574 (0.5%) L2_final:0.04078 (0.4%) | L3_e3:9.58461 (96.0%) | final_max_PQ:4.630e-02
     50 total:10.18740 | blocks:2 | L1_step:0.30306 (3.0%) | L2_step:0.04839 (0.5%) L2_final:0.04151 (0.4%) | L3_e3:9.79444 (96.1%) | final_max_PQ:2.745e-02
🔘 Epoch 799 No Improvement (29/40) | Val conv@1=0.0003, conv@2=0.0005, conv@3=0.0003, conv@5=0.0010, residual@1=2.131758e-02, residual@2=1.044162e-03
     25 total:8.10115 | blocks:3 | L1_step:0.32282 (4.0%) | L2_step:0.02939 (0.4%) L2_final:0.02697 (0.3%) | L3_e3:7.72198 (95.3%) | final_max_PQ:1.221e-02
     50 total:10.09777 | blocks:2 | L1_step:0.30560 (3.0%) | L2_step:0.04254 (0.4%) L2_final:0.03776 (0.4%) | L3_e3:9.71187 (96.2%) | final_max_PQ:5.481e-02
🔘 Epoch 800 No Improvement (30/40) | Val conv@1=0.0008, conv@2=0.0018, conv@3=0.0025, conv@5=0.0018, residual@1=2.130571e-02, residual@2=1.045148e-03
     25 total:8.23575 | blocks:3 | L1_step:0.33249 (4.0%) | L2_step:0.03583 (0.4%) L2_final:0.03054 (0.4%) | L3_e3:7.83689 (95.2%) | final_max_PQ:1.215e-02
     50 total:10.06334 | blocks:2 | L1_step:0.30446 (3.0%) | L2_step:0.03906 (0.4%) L2_final:0.03661 (0.4%) | L3_e3:9.68322 (96.2%) | final_max_PQ:2.259e-02
🔘 Epoch 801 No Improvement (31/40) | Val conv@1=0.0005, conv@2=0.0013, conv@3=0.0015, conv@5=0.0020, residual@1=2.132182e-02, residual@2=1.045838e-03
     25 total:8.15599 | blocks:3 | L1_step:0.33267 (4.1%) | L2_step:0.03040 (0.4%) L2_final:0.02840 (0.3%) | L3_e3:7.76451 (95.2%) | final_max_PQ:7.158e-03
     50 total:9.52372 | blocks:2 | L1_step:0.31156 (3.3%) | L2_step:0.03688 (0.4%) L2_final:0.03945 (0.4%) | L3_e3:9.13583 (95.9%) | final_max_PQ:1.153e-01
🔘 Epoch 802 No Improvement (32/40) | Val conv@1=0.0003, conv@2=0.0003, conv@3=0.0005, conv@5=0.0005, residual@1=2.131524e-02, residual@2=1.046865e-03
     25 total:9.27749 | blocks:2 | L1_step:0.30979 (3.3%) | L2_step:0.03047 (0.3%) L2_final:0.02759 (0.3%) | L3_e3:8.90964 (96.0%) | final_max_PQ:1.573e-02
     50 total:13.55778 | blocks:1 | L1_step:0.15811 (1.2%) | L2_step:0.08574 (0.6%) L2_final:0.08148 (0.6%) | L3_e3:13.23245 (97.6%) | final_max_PQ:8.167e-01
🔘 Epoch 803 No Improvement (33/40) | Val conv@1=0.0000, conv@2=0.0013, conv@3=0.0013, conv@5=0.0018, residual@1=2.132902e-02, residual@2=1.049641e-03
     25 total:9.42273 | blocks:2 | L1_step:0.30937 (3.3%) | L2_step:0.04580 (0.5%) L2_final:0.05421 (0.6%) | L3_e3:9.01336 (95.7%) | final_max_PQ:4.846e-02
     50 total:7.69725 | blocks:3 | L1_step:0.33049 (4.3%) | L2_step:0.02863 (0.4%) L2_final:0.02756 (0.4%) | L3_e3:7.31058 (95.0%) | final_max_PQ:1.220e-02
🔘 Epoch 804 No Improvement (34/40) | Val conv@1=0.0003, conv@2=0.0020, conv@3=0.0018, conv@5=0.0030, residual@1=2.130036e-02, residual@2=1.046287e-03
     25 total:9.62121 | blocks:2 | L1_step:0.29120 (3.0%) | L2_step:0.03557 (0.4%) L2_final:0.02971 (0.3%) | L3_e3:9.26473 (96.3%) | final_max_PQ:4.080e-02
     50 total:9.89982 | blocks:2 | L1_step:0.29806 (3.0%) | L2_step:0.03986 (0.4%) L2_final:0.04191 (0.4%) | L3_e3:9.51999 (96.2%) | final_max_PQ:4.569e-02
🔘 Epoch 805 No Improvement (35/40) | Val conv@1=0.0008, conv@2=0.0020, conv@3=0.0022, conv@5=0.0027, residual@1=2.128209e-02, residual@2=1.046315e-03
     25 total:9.26458 | blocks:2 | L1_step:0.31146 (3.4%) | L2_step:0.03955 (0.4%) L2_final:0.03795 (0.4%) | L3_e3:8.87562 (95.8%) | final_max_PQ:4.664e-02
     50 total:8.96880 | blocks:2 | L1_step:0.30148 (3.4%) | L2_step:0.04267 (0.5%) L2_final:0.03737 (0.4%) | L3_e3:8.58728 (95.7%) | final_max_PQ:3.401e-02
🔘 Epoch 806 No Improvement (36/40) | Val conv@1=0.0000, conv@2=0.0000, conv@3=0.0000, conv@5=0.0003, residual@1=2.127588e-02, residual@2=1.048498e-03
     25 total:10.24035 | blocks:2 | L1_step:0.30520 (3.0%) | L2_step:0.04551 (0.4%) L2_final:0.03899 (0.4%) | L3_e3:9.85065 (96.2%) | final_max_PQ:3.227e-02
     50 total:11.68329 | blocks:1 | L1_step:0.16312 (1.4%) | L2_step:0.08779 (0.8%) L2_final:0.08146 (0.7%) | L3_e3:11.35091 (97.2%) | final_max_PQ:8.276e-01
🔘 Epoch 807 No Improvement (37/40) | Val conv@1=0.0003, conv@2=0.0015, conv@3=0.0020, conv@5=0.0025, residual@1=2.125776e-02, residual@2=1.045507e-03
     25 total:8.24507 | blocks:3 | L1_step:0.33229 (4.0%) | L2_step:0.03225 (0.4%) L2_final:0.03188 (0.4%) | L3_e3:7.84866 (95.2%) | final_max_PQ:8.953e-03
     50 total:8.55218 | blocks:3 | L1_step:0.32441 (3.8%) | L2_step:0.03624 (0.4%) L2_final:0.04077 (0.5%) | L3_e3:8.15075 (95.3%) | final_max_PQ:1.012e-02
🔘 Epoch 808 No Improvement (38/40) | Val conv@1=0.0005, conv@2=0.0015, conv@3=0.0013, conv@5=0.0013, residual@1=2.125611e-02, residual@2=1.044691e-03
     25 total:7.93589 | blocks:3 | L1_step:0.34266 (4.3%) | L2_step:0.03043 (0.4%) L2_final:0.02969 (0.4%) | L3_e3:7.53312 (94.9%) | final_max_PQ:1.180e-02
     50 total:10.26449 | blocks:2 | L1_step:0.30851 (3.0%) | L2_step:0.03731 (0.4%) L2_final:0.03780 (0.4%) | L3_e3:9.88088 (96.3%) | final_max_PQ:3.876e-02
🔘 Epoch 809 No Improvement (39/40) | Val conv@1=0.0003, conv@2=0.0003, conv@3=0.0000, conv@5=0.0015, residual@1=2.125498e-02, residual@2=1.044195e-03
     25 total:9.59488 | blocks:2 | L1_step:0.31234 (3.3%) | L2_step:0.04179 (0.4%) L2_final:0.03455 (0.4%) | L3_e3:9.20620 (95.9%) | final_max_PQ:2.900e-02
     50 total:9.70833 | blocks:2 | L1_step:0.30854 (3.2%) | L2_step:0.03558 (0.4%) L2_final:0.02818 (0.3%) | L3_e3:9.33603 (96.2%) | final_max_PQ:2.645e-02
🔘 Epoch 810 No Improvement (40/40) | Val conv@1=0.0003, conv@2=0.0008, conv@3=0.0015, conv@5=0.0013, residual@1=2.125201e-02, residual@2=1.043249e-03
🔘 Early stopping at epoch 810

Testing model
[sample 001] iter 00: max_mismatchPQ=1.611e+01, NN_max_dAng=0.000e+00, NN_max_dV=0.000e+00  True_errAng=1.998e-01, True_errV=9.284e-02
[sample 001] iter 01: max_mismatchPQ=1.247e+00, NN_max_dAng=1.309e-01, NN_max_dV=9.499e-02  True_errAng=6.892e-02, True_errV=1.462e-02
[sample 001] iter 02: max_mismatchPQ=2.530e-02, NN_max_dAng=5.457e-02, NN_max_dV=1.457e-02  True_errAng=1.777e-02, True_errV=6.923e-04
[sample 001] iter 03: max_mismatchPQ=6.112e-03, NN_max_dAng=6.231e-03, NN_max_dV=6.004e-04  True_errAng=1.415e-02, True_errV=2.748e-04
[sample 001] iter 04: max_mismatchPQ=4.466e-03, NN_max_dAng=2.867e-03, NN_max_dV=6.940e-05  True_errAng=1.128e-02, True_errV=2.137e-04
[sample 001] iter 05: max_mismatchPQ=3.509e-03, NN_max_dAng=2.379e-03, NN_max_dV=4.974e-05  True_errAng=8.906e-03, True_errV=1.700e-04
[sample 001] iter 06: max_mismatchPQ=2.740e-03, NN_max_dAng=1.918e-03, NN_max_dV=3.630e-05  True_errAng=6.987e-03, True_errV=1.337e-04
[sample 001] iter 07: max_mismatchPQ=2.128e-03, NN_max_dAng=1.517e-03, NN_max_dV=2.921e-05  True_errAng=5.470e-03, True_errV=1.045e-04
[sample 001] iter 08: max_mismatchPQ=1.657e-03, NN_max_dAng=1.185e-03, NN_max_dV=2.292e-05  True_errAng=4.285e-03, True_errV=8.160e-05
[sample 001] iter 09: max_mismatchPQ=1.294e-03, NN_max_dAng=9.196e-04, NN_max_dV=1.776e-05  True_errAng=3.592e-03, True_errV=6.539e-05
[sample 001] iter 10: max_mismatchPQ=1.019e-03, NN_max_dAng=7.108e-04, NN_max_dV=1.385e-05  True_errAng=3.315e-03, True_errV=6.133e-05
[sample 001] iter 11: max_mismatchPQ=8.452e-04, NN_max_dAng=5.488e-04, NN_max_dV=1.060e-05  True_errAng=3.045e-03, True_errV=5.710e-05
[sample 001] iter 12: max_mismatchPQ=7.896e-04, NN_max_dAng=4.237e-04, NN_max_dV=8.026e-06  True_errAng=2.789e-03, True_errV=5.263e-05
[sample 001] iter 13: max_mismatchPQ=7.327e-04, NN_max_dAng=3.280e-04, NN_max_dV=6.206e-06  True_errAng=2.548e-03, True_errV=4.846e-05
[sample 001] iter 14: max_mismatchPQ=6.787e-04, NN_max_dAng=2.545e-04, NN_max_dV=4.655e-06  True_errAng=2.325e-03, True_errV=4.441e-05
[sample 001] iter 15: max_mismatchPQ=6.218e-04, NN_max_dAng=2.054e-04, NN_max_dV=3.815e-06  True_errAng=2.120e-03, True_errV=4.053e-05
[sample 001] iter 16: max_mismatchPQ=5.663e-04, NN_max_dAng=1.883e-04, NN_max_dV=3.593e-06  True_errAng=1.932e-03, True_errV=3.707e-05
[sample 001] iter 17: max_mismatchPQ=5.227e-04, NN_max_dAng=1.719e-04, NN_max_dV=3.404e-06  True_errAng=1.760e-03, True_errV=3.362e-05
[sample 001] iter 18: max_mismatchPQ=4.786e-04, NN_max_dAng=1.564e-04, NN_max_dV=3.057e-06  True_errAng=1.603e-03, True_errV=3.058e-05
[sample 001] iter 19: max_mismatchPQ=4.380e-04, NN_max_dAng=1.421e-04, NN_max_dV=2.838e-06  True_errAng=1.461e-03, True_errV=2.772e-05
[sample 001] iter 20: max_mismatchPQ=3.984e-04, NN_max_dAng=1.288e-04, NN_max_dV=2.512e-06  True_errAng=1.333e-03, True_errV=2.515e-05
[sample 001] >>> stop_reason=max_blocks, used_iter=20, max_PQ_mismatch=3.984e-04
[1;32m===== Test Sample Heatmap Cell: X=(-2.00,-1.80), PQ=(-2.00,-1.80), x_signed=-1.999067, pq_signed=-1.997738, valid_label=1 =====[0m
---- Error Metrics (Best State) ----
Angel_MAX   : 1.332611e-03
Voltage_MAX : 2.515316e-05
P_MAX       : 3.984272e-04
Q_MAX       : 2.493262e-04
P_MAE       : 1.255610e-04
Q_MAE       : 5.200677e-05
P_MSE       : 2.472574e-08
Q_MSE       : 4.933190e-09
P_RMSE      : 1.572442e-04
Q_RMSE      : 7.023667e-05

[sample 002] iter 00: max_mismatchPQ=5.483e+01, NN_max_dAng=0.000e+00, NN_max_dV=0.000e+00  True_errAng=1.888e-01, True_errV=9.348e-02
[sample 002] iter 01: max_mismatchPQ=1.434e+00, NN_max_dAng=1.352e-01, NN_max_dV=9.214e-02  True_errAng=5.363e-02, True_errV=1.913e-02
[sample 002] iter 02: max_mismatchPQ=3.329e-02, NN_max_dAng=4.855e-02, NN_max_dV=1.881e-02  True_errAng=1.804e-02, True_errV=1.375e-03
[sample 002] iter 03: max_mismatchPQ=5.855e-03, NN_max_dAng=5.346e-03, NN_max_dV=1.339e-03  True_errAng=1.575e-02, True_errV=3.327e-04
[sample 002] iter 04: max_mismatchPQ=4.814e-03, NN_max_dAng=1.834e-03, NN_max_dV=8.404e-05  True_errAng=1.391e-02, True_errV=2.486e-04
[sample 002] iter 05: max_mismatchPQ=4.107e-03, NN_max_dAng=1.522e-03, NN_max_dV=3.159e-05  True_errAng=1.239e-02, True_errV=2.187e-04
[sample 002] iter 06: max_mismatchPQ=3.578e-03, NN_max_dAng=1.303e-03, NN_max_dV=2.308e-05  True_errAng=1.109e-02, True_errV=1.961e-04
[sample 002] iter 07: max_mismatchPQ=3.156e-03, NN_max_dAng=1.138e-03, NN_max_dV=2.026e-05  True_errAng=9.951e-03, True_errV=1.758e-04
[sample 002] iter 08: max_mismatchPQ=2.805e-03, NN_max_dAng=1.007e-03, NN_max_dV=1.798e-05  True_errAng=8.944e-03, True_errV=1.578e-04
[sample 002] iter 09: max_mismatchPQ=2.501e-03, NN_max_dAng=8.962e-04, NN_max_dV=1.625e-05  True_errAng=8.048e-03, True_errV=1.416e-04
[sample 002] iter 10: max_mismatchPQ=2.240e-03, NN_max_dAng=8.010e-04, NN_max_dV=1.428e-05  True_errAng=7.247e-03, True_errV=1.279e-04
[sample 002] iter 11: max_mismatchPQ=2.004e-03, NN_max_dAng=7.174e-04, NN_max_dV=1.294e-05  True_errAng=6.529e-03, True_errV=1.155e-04
[sample 002] iter 12: max_mismatchPQ=1.803e-03, NN_max_dAng=6.433e-04, NN_max_dV=1.164e-05  True_errAng=5.886e-03, True_errV=1.045e-04
[sample 002] iter 13: max_mismatchPQ=1.619e-03, NN_max_dAng=5.775e-04, NN_max_dV=1.037e-05  True_errAng=5.308e-03, True_errV=9.459e-05
[sample 002] iter 14: max_mismatchPQ=1.452e-03, NN_max_dAng=5.188e-04, NN_max_dV=9.369e-06  True_errAng=4.790e-03, True_errV=8.571e-05
[sample 002] iter 15: max_mismatchPQ=1.307e-03, NN_max_dAng=4.660e-04, NN_max_dV=8.219e-06  True_errAng=4.324e-03, True_errV=7.772e-05
[sample 002] iter 16: max_mismatchPQ=1.179e-03, NN_max_dAng=4.191e-04, NN_max_dV=7.316e-06  True_errAng=3.904e-03, True_errV=7.075e-05
[sample 002] iter 17: max_mismatchPQ=1.058e-03, NN_max_dAng=3.766e-04, NN_max_dV=6.661e-06  True_errAng=3.528e-03, True_errV=6.425e-05
[sample 002] iter 18: max_mismatchPQ=9.553e-04, NN_max_dAng=3.386e-04, NN_max_dV=6.091e-06  True_errAng=3.189e-03, True_errV=5.865e-05
[sample 002] iter 19: max_mismatchPQ=8.628e-04, NN_max_dAng=3.045e-04, NN_max_dV=5.376e-06  True_errAng=2.885e-03, True_errV=5.335e-05
[sample 002] iter 20: max_mismatchPQ=7.782e-04, NN_max_dAng=2.737e-04, NN_max_dV=4.869e-06  True_errAng=2.611e-03, True_errV=4.864e-05
[sample 002] >>> stop_reason=max_blocks, used_iter=20, max_PQ_mismatch=7.782e-04
[1;32m===== Test Sample Heatmap Cell: X=(-2.00,-1.80), PQ=(-2.00,-1.80), x_signed=-1.888889, pq_signed=-1.912511, valid_label=1 =====[0m
---- Error Metrics (Best State) ----
Angel_MAX   : 2.611145e-03
Voltage_MAX : 4.863739e-05
P_MAX       : 7.781982e-04
Q_MAX       : 6.256280e-04
P_MAE       : 2.143707e-04
Q_MAE       : 7.131594e-05
P_MSE       : 8.532685e-08
Q_MSE       : 1.214692e-08
P_RMSE      : 2.921076e-04
Q_RMSE      : 1.102130e-04

[sample 003] iter 00: max_mismatchPQ=1.525e+01, NN_max_dAng=0.000e+00, NN_max_dV=0.000e+00  True_errAng=8.865e-02, True_errV=1.819e-01
[sample 003] iter 01: max_mismatchPQ=5.371e-01, NN_max_dAng=9.006e-02, NN_max_dV=1.697e-01  True_errAng=3.744e-02, True_errV=1.415e-02
[sample 003] iter 02: max_mismatchPQ=1.173e-02, NN_max_dAng=2.997e-02, NN_max_dV=1.403e-02  True_errAng=1.467e-02, True_errV=3.951e-04
[sample 003] iter 03: max_mismatchPQ=4.925e-03, NN_max_dAng=7.525e-03, NN_max_dV=2.198e-04  True_errAng=1.010e-02, True_errV=1.983e-04
[sample 003] iter 04: max_mismatchPQ=3.151e-03, NN_max_dAng=3.246e-03, NN_max_dV=6.671e-05  True_errAng=8.378e-03, True_errV=1.315e-04
[sample 003] iter 05: max_mismatchPQ=2.446e-03, NN_max_dAng=1.517e-03, NN_max_dV=3.164e-05  True_errAng=7.262e-03, True_errV=1.146e-04
[sample 003] iter 06: max_mismatchPQ=2.062e-03, NN_max_dAng=8.635e-04, NN_max_dV=1.534e-05  True_errAng=6.405e-03, True_errV=1.040e-04
[sample 003] iter 07: max_mismatchPQ=1.792e-03, NN_max_dAng=7.202e-04, NN_max_dV=1.141e-05  True_errAng=5.685e-03, True_errV=9.257e-05
[sample 003] iter 08: max_mismatchPQ=1.576e-03, NN_max_dAng=6.278e-04, NN_max_dV=1.046e-05  True_errAng=5.057e-03, True_errV=8.208e-05
[sample 003] iter 09: max_mismatchPQ=1.388e-03, NN_max_dAng=5.540e-04, NN_max_dV=9.511e-06  True_errAng=4.503e-03, True_errV=7.260e-05
[sample 003] iter 10: max_mismatchPQ=1.228e-03, NN_max_dAng=4.911e-04, NN_max_dV=8.122e-06  True_errAng=4.012e-03, True_errV=6.443e-05
[sample 003] iter 11: max_mismatchPQ=1.101e-03, NN_max_dAng=4.362e-04, NN_max_dV=7.496e-06  True_errAng=3.576e-03, True_errV=5.996e-05
[sample 003] iter 12: max_mismatchPQ=9.906e-04, NN_max_dAng=3.879e-04, NN_max_dV=6.521e-06  True_errAng=3.188e-03, True_errV=5.728e-05
[sample 003] iter 13: max_mismatchPQ=8.914e-04, NN_max_dAng=3.454e-04, NN_max_dV=5.883e-06  True_errAng=2.843e-03, True_errV=5.490e-05
[sample 003] iter 14: max_mismatchPQ=8.096e-04, NN_max_dAng=3.077e-04, NN_max_dV=4.922e-06  True_errAng=2.535e-03, True_errV=5.281e-05
[sample 003] iter 15: max_mismatchPQ=7.312e-04, NN_max_dAng=2.746e-04, NN_max_dV=4.562e-06  True_errAng=2.261e-03, True_errV=5.096e-05
[sample 003] iter 16: max_mismatchPQ=6.615e-04, NN_max_dAng=2.451e-04, NN_max_dV=4.179e-06  True_errAng=2.015e-03, True_errV=4.941e-05
[sample 003] iter 17: max_mismatchPQ=6.003e-04, NN_max_dAng=2.190e-04, NN_max_dV=3.752e-06  True_errAng=1.796e-03, True_errV=4.792e-05
[sample 003] iter 18: max_mismatchPQ=5.473e-04, NN_max_dAng=1.958e-04, NN_max_dV=3.114e-06  True_errAng=1.601e-03, True_errV=4.667e-05
[sample 003] iter 19: max_mismatchPQ=4.985e-04, NN_max_dAng=1.752e-04, NN_max_dV=3.133e-06  True_errAng=1.426e-03, True_errV=4.542e-05
[sample 003] iter 20: max_mismatchPQ=4.567e-04, NN_max_dAng=1.568e-04, NN_max_dV=2.598e-06  True_errAng=1.269e-03, True_errV=4.452e-05
[sample 003] >>> stop_reason=max_blocks, used_iter=20, max_PQ_mismatch=4.567e-04
[1;32m===== Test Sample Heatmap Cell: X=(-2.00,-1.80), PQ=(-2.00,-1.80), x_signed=-1.830727, pq_signed=-1.896773, valid_label=1 =====[0m
---- Error Metrics (Best State) ----
Angel_MAX   : 1.268744e-03
Voltage_MAX : 4.452467e-05
P_MAX       : 4.566908e-04
Q_MAX       : 2.288669e-04
P_MAE       : 1.124001e-04
Q_MAE       : 4.850380e-05
P_MSE       : 2.414523e-08
Q_MSE       : 4.242967e-09
P_RMSE      : 1.553874e-04
Q_RMSE      : 6.513806e-05

[sample 004] iter 00: max_mismatchPQ=1.678e+01, NN_max_dAng=0.000e+00, NN_max_dV=0.000e+00  True_errAng=1.818e-01, True_errV=8.808e-02
[sample 004] iter 01: max_mismatchPQ=1.196e+00, NN_max_dAng=1.000e-01, NN_max_dV=8.580e-02  True_errAng=9.136e-02, True_errV=1.178e-02
[sample 004] iter 02: max_mismatchPQ=1.723e-01, NN_max_dAng=6.981e-02, NN_max_dV=1.152e-02  True_errAng=2.154e-02, True_errV=1.368e-03
[sample 004] iter 03: max_mismatchPQ=5.286e-03, NN_max_dAng=1.890e-02, NN_max_dV=1.452e-03  True_errAng=6.141e-03, True_errV=8.440e-05
[sample 004] iter 04: max_mismatchPQ=2.030e-03, NN_max_dAng=1.649e-03, NN_max_dV=7.176e-05  True_errAng=4.696e-03, True_errV=9.674e-05
[sample 004] iter 05: max_mismatchPQ=1.426e-03, NN_max_dAng=1.191e-03, NN_max_dV=2.657e-05  True_errAng=3.505e-03, True_errV=7.278e-05
[sample 004] iter 06: max_mismatchPQ=1.048e-03, NN_max_dAng=8.871e-04, NN_max_dV=1.956e-05  True_errAng=2.618e-03, True_errV=5.323e-05
[sample 004] iter 07: max_mismatchPQ=7.787e-04, NN_max_dAng=6.504e-04, NN_max_dV=1.388e-05  True_errAng=1.968e-03, True_errV=3.940e-05
[sample 004] iter 08: max_mismatchPQ=5.884e-04, NN_max_dAng=4.787e-04, NN_max_dV=9.738e-06  True_errAng=1.489e-03, True_errV=2.992e-05
[sample 004] iter 09: max_mismatchPQ=4.449e-04, NN_max_dAng=3.542e-04, NN_max_dV=7.245e-06  True_errAng=1.135e-03, True_errV=2.271e-05
[sample 004] iter 10: max_mismatchPQ=3.390e-04, NN_max_dAng=2.634e-04, NN_max_dV=5.280e-06  True_errAng=8.715e-04, True_errV=1.758e-05
[sample 004] iter 11: max_mismatchPQ=2.937e-04, NN_max_dAng=1.970e-04, NN_max_dV=3.842e-06  True_errAng=6.745e-04, True_errV=1.395e-05
[sample 004] iter 12: max_mismatchPQ=2.937e-04, NN_max_dAng=1.481e-04, NN_max_dV=2.865e-06  True_errAng=5.263e-04, True_errV=1.156e-05
[sample 004] iter 13: max_mismatchPQ=2.937e-04, NN_max_dAng=1.116e-04, NN_max_dV=2.026e-06  True_errAng=4.147e-04, True_errV=1.115e-05
[sample 004] iter 14: max_mismatchPQ=2.842e-04, NN_max_dAng=8.439e-05, NN_max_dV=1.741e-06  True_errAng=3.354e-04, True_errV=1.103e-05
[sample 004] iter 15: max_mismatchPQ=2.842e-04, NN_max_dAng=6.389e-05, NN_max_dV=1.182e-06  True_errAng=3.232e-04, True_errV=1.085e-05
[sample 004] iter 16: max_mismatchPQ=2.937e-04, NN_max_dAng=4.866e-05, NN_max_dV=1.069e-06  True_errAng=3.110e-04, True_errV=1.067e-05
[sample 004] iter 17: max_mismatchPQ=2.937e-04, NN_max_dAng=3.693e-05, NN_max_dV=7.254e-07  True_errAng=2.994e-04, True_errV=1.061e-05
[sample 004] iter 18: max_mismatchPQ=2.880e-04, NN_max_dAng=2.846e-05, NN_max_dV=7.944e-07  True_errAng=2.882e-04, True_errV=1.037e-05
[sample 004] iter 19: max_mismatchPQ=2.985e-04, NN_max_dAng=2.180e-05, NN_max_dV=3.407e-07  True_errAng=2.777e-04, True_errV=1.025e-05
[sample 004] iter 20: max_mismatchPQ=2.861e-04, NN_max_dAng=1.668e-05, NN_max_dV=2.830e-07  True_errAng=2.677e-04, True_errV=1.007e-05
[sample 004] >>> stop_reason=max_blocks, used_iter=14, max_PQ_mismatch=2.842e-04
[1;32m===== Test Sample Heatmap Cell: X=(-2.00,-1.80), PQ=(-2.00,-1.80), x_signed=-1.818575, pq_signed=-1.985956, valid_label=1 =====[0m
---- Error Metrics (Best State) ----
Angel_MAX   : 3.354400e-04
Voltage_MAX : 1.102686e-05
P_MAX       : 1.728493e-04
Q_MAX       : 2.841949e-04
P_MAE       : 5.976495e-05
Q_MAE       : 5.799283e-05
P_MSE       : 5.061459e-09
Q_MSE       : 6.002931e-09
P_RMSE      : 7.114393e-05
Q_RMSE      : 7.747859e-05

[sample 005] iter 00: max_mismatchPQ=3.134e+01, NN_max_dAng=0.000e+00, NN_max_dV=0.000e+00  True_errAng=1.991e-01, True_errV=9.664e-02
[sample 005] iter 01: max_mismatchPQ=1.219e+00, NN_max_dAng=1.098e-01, NN_max_dV=9.575e-02  True_errAng=8.931e-02, True_errV=2.544e-02
[sample 005] iter 02: max_mismatchPQ=1.604e-01, NN_max_dAng=7.365e-02, NN_max_dV=2.550e-02  True_errAng=1.566e-02, True_errV=1.710e-03
[sample 005] iter 03: max_mismatchPQ=8.189e-03, NN_max_dAng=1.893e-02, NN_max_dV=1.603e-03  True_errAng=6.545e-03, True_errV=2.462e-04
[sample 005] iter 04: max_mismatchPQ=3.295e-03, NN_max_dAng=2.992e-03, NN_max_dV=1.204e-04  True_errAng=4.023e-03, True_errV=1.534e-04
[sample 005] iter 05: max_mismatchPQ=1.967e-03, NN_max_dAng=1.754e-03, NN_max_dV=6.369e-05  True_errAng=3.266e-03, True_errV=8.970e-05
[sample 005] iter 06: max_mismatchPQ=1.527e-03, NN_max_dAng=9.643e-04, NN_max_dV=3.955e-05  True_errAng=2.692e-03, True_errV=5.591e-05
[sample 005] iter 07: max_mismatchPQ=1.213e-03, NN_max_dAng=5.244e-04, NN_max_dV=2.205e-05  True_errAng=2.261e-03, True_errV=4.798e-05
[sample 005] iter 08: max_mismatchPQ=9.925e-04, NN_max_dAng=4.114e-04, NN_max_dV=1.223e-05  True_errAng=1.933e-03, True_errV=4.238e-05
[sample 005] iter 09: max_mismatchPQ=8.387e-04, NN_max_dAng=3.286e-04, NN_max_dV=6.908e-06  True_errAng=1.678e-03, True_errV=3.797e-05
[sample 005] iter 10: max_mismatchPQ=7.180e-04, NN_max_dAng=2.573e-04, NN_max_dV=3.900e-06  True_errAng=1.472e-03, True_errV=3.481e-05
[sample 005] iter 11: max_mismatchPQ=6.255e-04, NN_max_dAng=1.986e-04, NN_max_dV=2.858e-06  True_errAng=1.303e-03, True_errV=3.195e-05
[sample 005] iter 12: max_mismatchPQ=5.605e-04, NN_max_dAng=1.518e-04, NN_max_dV=2.314e-06  True_errAng=1.161e-03, True_errV=2.962e-05
[sample 005] iter 13: max_mismatchPQ=5.032e-04, NN_max_dAng=1.214e-04, NN_max_dV=1.789e-06  True_errAng=1.040e-03, True_errV=2.784e-05
[sample 005] iter 14: max_mismatchPQ=4.536e-04, NN_max_dAng=1.047e-04, NN_max_dV=1.707e-06  True_errAng=9.348e-04, True_errV=2.611e-05
[sample 005] iter 15: max_mismatchPQ=4.210e-04, NN_max_dAng=9.111e-05, NN_max_dV=1.430e-06  True_errAng=8.437e-04, True_errV=2.468e-05
[sample 005] iter 16: max_mismatchPQ=3.819e-04, NN_max_dAng=7.982e-05, NN_max_dV=1.307e-06  True_errAng=7.639e-04, True_errV=2.331e-05
[sample 005] iter 17: max_mismatchPQ=3.616e-04, NN_max_dAng=7.030e-05, NN_max_dV=1.075e-06  True_errAng=6.936e-04, True_errV=2.223e-05
[sample 005] iter 18: max_mismatchPQ=3.387e-04, NN_max_dAng=6.207e-05, NN_max_dV=9.601e-07  True_errAng=6.315e-04, True_errV=2.128e-05
[sample 005] iter 19: max_mismatchPQ=3.103e-04, NN_max_dAng=5.495e-05, NN_max_dV=7.386e-07  True_errAng=5.766e-04, True_errV=2.050e-05
[sample 005] iter 20: max_mismatchPQ=2.965e-04, NN_max_dAng=4.894e-05, NN_max_dV=7.044e-07  True_errAng=5.276e-04, True_errV=1.979e-05
[sample 005] >>> stop_reason=max_blocks, used_iter=20, max_PQ_mismatch=2.965e-04
[1;32m===== Test Sample Heatmap Cell: X=(-2.00,-1.80), PQ=(-2.00,-1.80), x_signed=-1.992087, pq_signed=-1.918192, valid_label=1 =====[0m
---- Error Metrics (Best State) ----
Angel_MAX   : 5.276203e-04
Voltage_MAX : 1.978874e-05
P_MAX       : 2.965245e-04
Q_MAX       : 1.618266e-04
P_MAE       : 5.691742e-05
Q_MAE       : 4.607531e-05
P_MSE       : 5.429691e-09
Q_MSE       : 3.740599e-09
P_RMSE      : 7.368644e-05
Q_RMSE      : 6.116044e-05

[sample 006] iter 00: max_mismatchPQ=1.793e+01, NN_max_dAng=0.000e+00, NN_max_dV=0.000e+00  True_errAng=9.025e-02, True_errV=1.796e-01
[sample 006] iter 01: max_mismatchPQ=4.221e-01, NN_max_dAng=8.385e-02, NN_max_dV=1.758e-01  True_errAng=5.859e-02, True_errV=1.843e-02
[sample 006] iter 02: max_mismatchPQ=2.520e-02, NN_max_dAng=3.962e-02, NN_max_dV=1.853e-02  True_errAng=1.897e-02, True_errV=3.206e-04
[sample 006] iter 03: max_mismatchPQ=6.482e-03, NN_max_dAng=5.858e-03, NN_max_dV=2.800e-04  True_errAng=1.318e-02, True_errV=1.419e-04
[sample 006] iter 04: max_mismatchPQ=4.432e-03, NN_max_dAng=3.979e-03, NN_max_dV=4.300e-05  True_errAng=1.033e-02, True_errV=9.888e-05
[sample 006] iter 05: max_mismatchPQ=3.194e-03, NN_max_dAng=2.485e-03, NN_max_dV=2.944e-05  True_errAng=8.100e-03, True_errV=6.938e-05
[sample 006] iter 06: max_mismatchPQ=2.417e-03, NN_max_dAng=1.909e-03, NN_max_dV=1.851e-05  True_errAng=6.191e-03, True_errV=5.084e-05
[sample 006] iter 07: max_mismatchPQ=1.840e-03, NN_max_dAng=1.506e-03, NN_max_dV=1.270e-05  True_errAng=4.685e-03, True_errV=4.131e-05
[sample 006] iter 08: max_mismatchPQ=1.394e-03, NN_max_dAng=1.156e-03, NN_max_dV=9.480e-06  True_errAng=3.529e-03, True_errV=3.421e-05
[sample 006] iter 09: max_mismatchPQ=1.058e-03, NN_max_dAng=8.781e-04, NN_max_dV=6.819e-06  True_errAng=2.651e-03, True_errV=2.849e-05
[sample 006] iter 10: max_mismatchPQ=8.008e-04, NN_max_dAng=6.645e-04, NN_max_dV=5.310e-06  True_errAng=1.986e-03, True_errV=2.390e-05
[sample 006] iter 11: max_mismatchPQ=6.097e-04, NN_max_dAng=5.019e-04, NN_max_dV=4.202e-06  True_errAng=1.485e-03, True_errV=2.021e-05
[sample 006] iter 12: max_mismatchPQ=4.820e-04, NN_max_dAng=3.785e-04, NN_max_dV=3.623e-06  True_errAng=1.106e-03, True_errV=1.723e-05
[sample 006] iter 13: max_mismatchPQ=3.902e-04, NN_max_dAng=2.847e-04, NN_max_dV=2.721e-06  True_errAng=8.529e-04, True_errV=1.460e-05
[sample 006] iter 14: max_mismatchPQ=3.437e-04, NN_max_dAng=2.138e-04, NN_max_dV=2.389e-06  True_errAng=7.366e-04, True_errV=1.246e-05
[sample 006] iter 15: max_mismatchPQ=3.166e-04, NN_max_dAng=1.603e-04, NN_max_dV=2.026e-06  True_errAng=6.368e-04, True_errV=1.073e-05
[sample 006] iter 16: max_mismatchPQ=2.846e-04, NN_max_dAng=1.199e-04, NN_max_dV=1.713e-06  True_errAng=5.505e-04, True_errV=1.043e-05
[sample 006] iter 17: max_mismatchPQ=2.655e-04, NN_max_dAng=8.923e-05, NN_max_dV=1.348e-06  True_errAng=4.758e-04, True_errV=1.025e-05
[sample 006] iter 18: max_mismatchPQ=2.484e-04, NN_max_dAng=6.612e-05, NN_max_dV=1.158e-06  True_errAng=4.107e-04, True_errV=1.019e-05
[sample 006] iter 19: max_mismatchPQ=2.269e-04, NN_max_dAng=5.693e-05, NN_max_dV=1.135e-06  True_errAng=3.537e-04, True_errV=1.007e-05
[sample 006] iter 20: max_mismatchPQ=2.133e-04, NN_max_dAng=4.991e-05, NN_max_dV=9.477e-07  True_errAng=3.038e-04, True_errV=9.954e-06
[sample 006] >>> stop_reason=max_blocks, used_iter=20, max_PQ_mismatch=2.133e-04
[1;32m===== Test Sample Heatmap Cell: X=(-2.00,-1.80), PQ=(-2.00,-1.80), x_signed=-1.807342, pq_signed=-1.840335, valid_label=1 =====[0m
---- Error Metrics (Best State) ----
Angel_MAX   : 3.038049e-04
Voltage_MAX : 9.953976e-06
P_MAX       : 2.133253e-04
Q_MAX       : 1.911595e-04
P_MAE       : 4.541135e-05
Q_MAE       : 5.344176e-05
P_MSE       : 3.546780e-09
Q_MSE       : 4.712291e-09
P_RMSE      : 5.955485e-05
Q_RMSE      : 6.864613e-05

[sample 007] iter 00: max_mismatchPQ=3.848e+01, NN_max_dAng=0.000e+00, NN_max_dV=0.000e+00  True_errAng=1.915e-01, True_errV=9.468e-02
[sample 007] iter 01: max_mismatchPQ=1.130e+00, NN_max_dAng=1.260e-01, NN_max_dV=9.157e-02  True_errAng=8.052e-02, True_errV=2.402e-02
[sample 007] iter 02: max_mismatchPQ=6.058e-02, NN_max_dAng=6.112e-02, NN_max_dV=2.399e-02  True_errAng=3.487e-02, True_errV=5.799e-04
[sample 007] iter 03: max_mismatchPQ=1.480e-02, NN_max_dAng=1.747e-02, NN_max_dV=5.154e-04  True_errAng=1.740e-02, True_errV=2.182e-04
[sample 007] iter 04: max_mismatchPQ=5.659e-03, NN_max_dAng=7.169e-03, NN_max_dV=1.470e-04  True_errAng=1.047e-02, True_errV=1.619e-04
[sample 007] iter 05: max_mismatchPQ=3.322e-03, NN_max_dAng=2.563e-03, NN_max_dV=4.248e-05  True_errAng=7.916e-03, True_errV=1.346e-04
[sample 007] iter 06: max_mismatchPQ=2.501e-03, NN_max_dAng=1.267e-03, NN_max_dV=1.884e-05  True_errAng=7.360e-03, True_errV=1.157e-04
[sample 007] iter 07: max_mismatchPQ=2.106e-03, NN_max_dAng=8.026e-04, NN_max_dV=1.275e-05  True_errAng=6.769e-03, True_errV=1.029e-04
[sample 007] iter 08: max_mismatchPQ=1.854e-03, NN_max_dAng=6.389e-04, NN_max_dV=1.008e-05  True_errAng=6.159e-03, True_errV=9.286e-05
[sample 007] iter 09: max_mismatchPQ=1.680e-03, NN_max_dAng=5.788e-04, NN_max_dV=8.475e-06  True_errAng=5.580e-03, True_errV=8.446e-05
[sample 007] iter 10: max_mismatchPQ=1.529e-03, NN_max_dAng=5.338e-04, NN_max_dV=7.658e-06  True_errAng=5.047e-03, True_errV=7.677e-05
[sample 007] iter 11: max_mismatchPQ=1.392e-03, NN_max_dAng=4.873e-04, NN_max_dV=6.956e-06  True_errAng=4.559e-03, True_errV=6.980e-05
[sample 007] iter 12: max_mismatchPQ=1.271e-03, NN_max_dAng=4.427e-04, NN_max_dV=5.970e-06  True_errAng=4.117e-03, True_errV=6.384e-05
[sample 007] iter 13: max_mismatchPQ=1.157e-03, NN_max_dAng=4.011e-04, NN_max_dV=5.811e-06  True_errAng=3.716e-03, True_errV=5.800e-05
[sample 007] iter 14: max_mismatchPQ=1.056e-03, NN_max_dAng=3.630e-04, NN_max_dV=5.267e-06  True_errAng=3.352e-03, True_errV=5.275e-05
[sample 007] iter 15: max_mismatchPQ=9.634e-04, NN_max_dAng=3.282e-04, NN_max_dV=4.723e-06  True_errAng=3.024e-03, True_errV=4.804e-05
[sample 007] iter 16: max_mismatchPQ=8.778e-04, NN_max_dAng=2.963e-04, NN_max_dV=4.114e-06  True_errAng=2.728e-03, True_errV=4.393e-05
[sample 007] iter 17: max_mismatchPQ=8.055e-04, NN_max_dAng=2.672e-04, NN_max_dV=4.108e-06  True_errAng=2.461e-03, True_errV=3.988e-05
[sample 007] iter 18: max_mismatchPQ=7.328e-04, NN_max_dAng=2.410e-04, NN_max_dV=3.376e-06  True_errAng=2.220e-03, True_errV=3.648e-05
[sample 007] iter 19: max_mismatchPQ=6.731e-04, NN_max_dAng=2.172e-04, NN_max_dV=3.109e-06  True_errAng=2.003e-03, True_errV=3.338e-05
[sample 007] iter 20: max_mismatchPQ=6.149e-04, NN_max_dAng=1.956e-04, NN_max_dV=2.907e-06  True_errAng=1.807e-03, True_errV=3.046e-05
[sample 007] >>> stop_reason=max_blocks, used_iter=20, max_PQ_mismatch=6.149e-04
[1;32m===== Test Sample Heatmap Cell: X=(-2.00,-1.80), PQ=(-2.00,-1.80), x_signed=-1.915674, pq_signed=-1.907213, valid_label=1 =====[0m
---- Error Metrics (Best State) ----
Angel_MAX   : 1.806974e-03
Voltage_MAX : 3.045797e-05
P_MAX       : 6.148519e-04
Q_MAX       : 3.474057e-04
P_MAE       : 1.633392e-04
Q_MAE       : 6.666235e-05
P_MSE       : 4.450466e-08
Q_MSE       : 9.021763e-09
P_RMSE      : 2.109613e-04
Q_RMSE      : 9.498296e-05

[sample 008] iter 00: max_mismatchPQ=3.651e+01, NN_max_dAng=0.000e+00, NN_max_dV=0.000e+00  True_errAng=1.826e-01, True_errV=9.004e-02
[sample 008] iter 01: max_mismatchPQ=7.777e-01, NN_max_dAng=1.142e-01, NN_max_dV=8.736e-02  True_errAng=6.846e-02, True_errV=3.117e-02
[sample 008] iter 02: max_mismatchPQ=7.199e-02, NN_max_dAng=5.352e-02, NN_max_dV=3.202e-02  True_errAng=1.825e-02, True_errV=8.488e-04
[sample 008] iter 03: max_mismatchPQ=8.225e-03, NN_max_dAng=1.443e-02, NN_max_dV=6.333e-04  True_errAng=7.173e-03, True_errV=2.922e-04
[sample 008] iter 04: max_mismatchPQ=2.841e-03, NN_max_dAng=3.888e-03, NN_max_dV=2.441e-04  True_errAng=5.029e-03, True_errV=8.893e-05
[sample 008] iter 05: max_mismatchPQ=1.429e-03, NN_max_dAng=1.407e-03, NN_max_dV=7.703e-05  True_errAng=3.622e-03, True_errV=4.101e-05
[sample 008] iter 06: max_mismatchPQ=1.035e-03, NN_max_dAng=9.616e-04, NN_max_dV=2.089e-05  True_errAng=2.661e-03, True_errV=2.635e-05
[sample 008] iter 07: max_mismatchPQ=7.731e-04, NN_max_dAng=6.786e-04, NN_max_dV=1.108e-05  True_errAng=1.982e-03, True_errV=2.056e-05
[sample 008] iter 08: max_mismatchPQ=5.871e-04, NN_max_dAng=4.907e-04, NN_max_dV=6.038e-06  True_errAng=1.491e-03, True_errV=2.182e-05
[sample 008] iter 09: max_mismatchPQ=4.531e-04, NN_max_dAng=3.612e-04, NN_max_dV=3.457e-06  True_errAng=1.130e-03, True_errV=2.259e-05
[sample 008] iter 10: max_mismatchPQ=3.539e-04, NN_max_dAng=2.694e-04, NN_max_dV=2.723e-06  True_errAng=8.608e-04, True_errV=2.307e-05
[sample 008] iter 11: max_mismatchPQ=2.961e-04, NN_max_dAng=2.030e-04, NN_max_dV=1.875e-06  True_errAng=6.874e-04, True_errV=2.366e-05
[sample 008] iter 12: max_mismatchPQ=2.959e-04, NN_max_dAng=1.546e-04, NN_max_dV=1.437e-06  True_errAng=6.094e-04, True_errV=2.408e-05
[sample 008] iter 13: max_mismatchPQ=2.961e-04, NN_max_dAng=1.182e-04, NN_max_dV=1.185e-06  True_errAng=5.384e-04, True_errV=2.462e-05
[sample 008] iter 14: max_mismatchPQ=2.961e-04, NN_max_dAng=9.120e-05, NN_max_dV=9.930e-07  True_errAng=4.734e-04, True_errV=2.509e-05
[sample 008] iter 15: max_mismatchPQ=2.961e-04, NN_max_dAng=7.066e-05, NN_max_dV=9.156e-07  True_errAng=4.140e-04, True_errV=2.557e-05
[sample 008] iter 16: max_mismatchPQ=2.885e-04, NN_max_dAng=5.516e-05, NN_max_dV=6.767e-07  True_errAng=3.596e-04, True_errV=2.599e-05
[sample 008] iter 17: max_mismatchPQ=2.885e-04, NN_max_dAng=4.966e-05, NN_max_dV=8.519e-07  True_errAng=3.099e-04, True_errV=2.640e-05
[sample 008] iter 18: max_mismatchPQ=2.885e-04, NN_max_dAng=4.534e-05, NN_max_dV=6.055e-07  True_errAng=2.646e-04, True_errV=2.676e-05
[sample 008] iter 19: max_mismatchPQ=2.808e-04, NN_max_dAng=4.127e-05, NN_max_dV=8.773e-07  True_errAng=2.233e-04, True_errV=2.712e-05
[sample 008] iter 20: max_mismatchPQ=2.808e-04, NN_max_dAng=3.751e-05, NN_max_dV=7.110e-07  True_errAng=1.858e-04, True_errV=2.748e-05
[sample 008] >>> stop_reason=max_blocks, used_iter=19, max_PQ_mismatch=2.808e-04
[1;32m===== Test Sample Heatmap Cell: X=(-2.00,-1.80), PQ=(-2.00,-1.80), x_signed=-1.827102, pq_signed=-1.975292, valid_label=1 =====[0m
---- Error Metrics (Best State) ----
Angel_MAX   : 2.233386e-04
Voltage_MAX : 2.712011e-05
P_MAX       : 1.669526e-04
Q_MAX       : 2.808496e-04
P_MAE       : 4.079809e-05
Q_MAE       : 5.154996e-05
P_MSE       : 2.870510e-09
Q_MSE       : 6.382198e-09
P_RMSE      : 5.357714e-05
Q_RMSE      : 7.988866e-05

[sample 009] iter 00: max_mismatchPQ=5.559e+01, NN_max_dAng=0.000e+00, NN_max_dV=0.000e+00  True_errAng=1.938e-01, True_errV=9.620e-02
[sample 009] iter 01: max_mismatchPQ=1.922e+00, NN_max_dAng=1.407e-01, NN_max_dV=9.530e-02  True_errAng=5.309e-02, True_errV=2.320e-02
[sample 009] iter 02: max_mismatchPQ=2.658e-02, NN_max_dAng=4.529e-02, NN_max_dV=2.188e-02  True_errAng=9.388e-03, True_errV=1.322e-03
[sample 009] iter 03: max_mismatchPQ=2.564e-03, NN_max_dAng=4.574e-03, NN_max_dV=9.575e-04  True_errAng=6.942e-03, True_errV=3.643e-04
[sample 009] iter 04: max_mismatchPQ=1.942e-03, NN_max_dAng=1.138e-03, NN_max_dV=2.552e-04  True_errAng=6.497e-03, True_errV=1.091e-04
[sample 009] iter 05: max_mismatchPQ=1.732e-03, NN_max_dAng=6.462e-04, NN_max_dV=7.049e-05  True_errAng=6.023e-03, True_errV=9.072e-05
[sample 009] iter 06: max_mismatchPQ=1.574e-03, NN_max_dAng=5.402e-04, NN_max_dV=1.883e-05  True_errAng=5.509e-03, True_errV=8.261e-05
[sample 009] iter 07: max_mismatchPQ=1.449e-03, NN_max_dAng=5.094e-04, NN_max_dV=6.921e-06  True_errAng=5.000e-03, True_errV=7.570e-05
[sample 009] iter 08: max_mismatchPQ=1.336e-03, NN_max_dAng=4.794e-04, NN_max_dV=6.408e-06  True_errAng=4.521e-03, True_errV=6.926e-05
[sample 009] iter 09: max_mismatchPQ=1.218e-03, NN_max_dAng=4.417e-04, NN_max_dV=5.909e-06  True_errAng=4.079e-03, True_errV=6.336e-05
[sample 009] iter 10: max_mismatchPQ=1.109e-03, NN_max_dAng=4.026e-04, NN_max_dV=5.336e-06  True_errAng=3.676e-03, True_errV=5.800e-05
[sample 009] iter 11: max_mismatchPQ=1.004e-03, NN_max_dAng=3.650e-04, NN_max_dV=4.838e-06  True_errAng=3.311e-03, True_errV=5.317e-05
[sample 009] iter 12: max_mismatchPQ=9.123e-04, NN_max_dAng=3.298e-04, NN_max_dV=4.506e-06  True_errAng=2.982e-03, True_errV=4.870e-05
[sample 009] iter 13: max_mismatchPQ=8.267e-04, NN_max_dAng=2.972e-04, NN_max_dV=3.857e-06  True_errAng=2.684e-03, True_errV=4.482e-05
[sample 009] iter 14: max_mismatchPQ=7.492e-04, NN_max_dAng=2.675e-04, NN_max_dV=3.788e-06  True_errAng=2.417e-03, True_errV=4.101e-05
[sample 009] iter 15: max_mismatchPQ=6.813e-04, NN_max_dAng=2.405e-04, NN_max_dV=3.061e-06  True_errAng=2.176e-03, True_errV=3.791e-05
[sample 009] iter 16: max_mismatchPQ=6.191e-04, NN_max_dAng=2.161e-04, NN_max_dV=2.838e-06  True_errAng=1.960e-03, True_errV=3.511e-05
[sample 009] iter 17: max_mismatchPQ=5.635e-04, NN_max_dAng=1.940e-04, NN_max_dV=2.837e-06  True_errAng=1.766e-03, True_errV=3.463e-05
[sample 009] iter 18: max_mismatchPQ=5.113e-04, NN_max_dAng=1.741e-04, NN_max_dV=2.279e-06  True_errAng=1.592e-03, True_errV=3.600e-05
[sample 009] iter 19: max_mismatchPQ=4.646e-04, NN_max_dAng=1.562e-04, NN_max_dV=2.071e-06  True_errAng=1.441e-03, True_errV=3.725e-05
[sample 009] iter 20: max_mismatchPQ=4.240e-04, NN_max_dAng=1.401e-04, NN_max_dV=1.996e-06  True_errAng=1.305e-03, True_errV=3.827e-05
[sample 009] >>> stop_reason=max_blocks, used_iter=20, max_PQ_mismatch=4.240e-04
[1;32m===== Test Sample Heatmap Cell: X=(-2.00,-1.80), PQ=(-2.00,-1.80), x_signed=-1.938814, pq_signed=-1.887146, valid_label=1 =====[0m
---- Error Metrics (Best State) ----
Angel_MAX   : 1.305223e-03
Voltage_MAX : 3.826618e-05
P_MAX       : 4.240277e-04
Q_MAX       : 2.446109e-04
P_MAE       : 1.189882e-04
Q_MAE       : 5.263240e-05
P_MSE       : 2.349808e-08
Q_MSE       : 5.635473e-09
P_RMSE      : 1.532908e-04
Q_RMSE      : 7.506979e-05

[sample 010] iter 00: max_mismatchPQ=2.465e+01, NN_max_dAng=0.000e+00, NN_max_dV=0.000e+00  True_errAng=1.899e-01, True_errV=9.397e-02
[sample 010] iter 01: max_mismatchPQ=6.182e-01, NN_max_dAng=1.448e-01, NN_max_dV=9.397e-02  True_errAng=5.222e-02, True_errV=1.366e-02
[sample 010] iter 02: max_mismatchPQ=2.854e-02, NN_max_dAng=3.723e-02, NN_max_dV=1.342e-02  True_errAng=1.709e-02, True_errV=7.486e-04
[sample 010] iter 03: max_mismatchPQ=8.466e-03, NN_max_dAng=8.815e-03, NN_max_dV=4.520e-04  True_errAng=8.326e-03, True_errV=2.966e-04
[sample 010] iter 04: max_mismatchPQ=4.755e-03, NN_max_dAng=4.019e-03, NN_max_dV=1.340e-04  True_errAng=4.307e-03, True_errV=1.698e-04
[sample 010] iter 05: max_mismatchPQ=2.567e-03, NN_max_dAng=2.146e-03, NN_max_dV=7.331e-05  True_errAng=2.323e-03, True_errV=9.644e-05
[sample 010] iter 06: max_mismatchPQ=1.368e-03, NN_max_dAng=1.155e-03, NN_max_dV=4.440e-05  True_errAng=1.808e-03, True_errV=5.203e-05
[sample 010] iter 07: max_mismatchPQ=7.167e-04, NN_max_dAng=6.125e-04, NN_max_dV=2.571e-05  True_errAng=1.464e-03, True_errV=3.493e-05
[sample 010] iter 08: max_mismatchPQ=5.262e-04, NN_max_dAng=3.171e-04, NN_max_dV=1.422e-05  True_errAng=1.223e-03, True_errV=2.992e-05
[sample 010] iter 09: max_mismatchPQ=4.336e-04, NN_max_dAng=1.791e-04, NN_max_dV=7.594e-06  True_errAng=1.044e-03, True_errV=2.617e-05
[sample 010] iter 10: max_mismatchPQ=3.729e-04, NN_max_dAng=1.406e-04, NN_max_dV=4.187e-06  True_errAng=9.034e-04, True_errV=2.319e-05
[sample 010] iter 11: max_mismatchPQ=3.306e-04, NN_max_dAng=1.156e-04, NN_max_dV=2.656e-06  True_errAng=7.878e-04, True_errV=2.080e-05
[sample 010] iter 12: max_mismatchPQ=2.998e-04, NN_max_dAng=9.836e-05, NN_max_dV=2.278e-06  True_errAng=6.895e-04, True_errV=1.854e-05
[sample 010] iter 13: max_mismatchPQ=2.762e-04, NN_max_dAng=8.565e-05, NN_max_dV=1.799e-06  True_errAng=6.038e-04, True_errV=1.675e-05
[sample 010] iter 14: max_mismatchPQ=2.564e-04, NN_max_dAng=7.576e-05, NN_max_dV=1.700e-06  True_errAng=5.280e-04, True_errV=1.591e-05
[sample 010] iter 15: max_mismatchPQ=2.499e-04, NN_max_dAng=6.767e-05, NN_max_dV=1.492e-06  True_errAng=4.604e-04, True_errV=1.681e-05
[sample 010] iter 16: max_mismatchPQ=2.441e-04, NN_max_dAng=6.077e-05, NN_max_dV=1.491e-06  True_errAng=3.996e-04, True_errV=1.752e-05
[sample 010] iter 17: max_mismatchPQ=2.441e-04, NN_max_dAng=5.475e-05, NN_max_dV=1.265e-06  True_errAng=3.448e-04, True_errV=1.812e-05
[sample 010] iter 18: max_mismatchPQ=2.441e-04, NN_max_dAng=4.950e-05, NN_max_dV=1.046e-06  True_errAng=2.953e-04, True_errV=1.884e-05
[sample 010] iter 19: max_mismatchPQ=2.365e-04, NN_max_dAng=4.475e-05, NN_max_dV=1.102e-06  True_errAng=2.506e-04, True_errV=1.949e-05
[sample 010] iter 20: max_mismatchPQ=2.289e-04, NN_max_dAng=4.046e-05, NN_max_dV=8.213e-07  True_errAng=2.101e-04, True_errV=1.991e-05
[sample 010] >>> stop_reason=max_blocks, used_iter=20, max_PQ_mismatch=2.289e-04
[1;32m===== Test Sample Heatmap Cell: X=(-2.00,-1.80), PQ=(-2.00,-1.80), x_signed=-1.900265, pq_signed=-1.917149, valid_label=1 =====[0m
---- Error Metrics (Best State) ----
Angel_MAX   : 2.100989e-04
Voltage_MAX : 1.990795e-05
P_MAX       : 2.288818e-04
Q_MAX       : 2.015680e-04
P_MAE       : 4.297065e-05
Q_MAE       : 5.767861e-05
P_MSE       : 3.395318e-09
Q_MSE       : 5.508000e-09
P_RMSE      : 5.826936e-05
Q_RMSE      : 7.421590e-05

[sample 011] iter 00: max_mismatchPQ=5.490e+01, NN_max_dAng=0.000e+00, NN_max_dV=0.000e+00  True_errAng=1.828e-01, True_errV=9.007e-02
[sample 011] iter 01: max_mismatchPQ=2.026e+00, NN_max_dAng=1.281e-01, NN_max_dV=8.139e-02  True_errAng=5.463e-02, True_errV=1.630e-02
[sample 011] iter 02: max_mismatchPQ=4.525e-02, NN_max_dAng=4.011e-02, NN_max_dV=1.596e-02  True_errAng=1.874e-02, True_errV=3.420e-04
[sample 011] iter 03: max_mismatchPQ=1.012e-02, NN_max_dAng=9.081e-03, NN_max_dV=2.708e-04  True_errAng=1.283e-02, True_errV=2.732e-04
[sample 011] iter 04: max_mismatchPQ=6.025e-03, NN_max_dAng=4.860e-03, NN_max_dV=8.690e-05  True_errAng=7.996e-03, True_errV=1.933e-04
[sample 011] iter 05: max_mismatchPQ=3.480e-03, NN_max_dAng=2.919e-03, NN_max_dV=7.069e-05  True_errAng=5.076e-03, True_errV=1.229e-04
[sample 011] iter 06: max_mismatchPQ=2.054e-03, NN_max_dAng=1.698e-03, NN_max_dV=4.893e-05  True_errAng=3.698e-03, True_errV=7.397e-05
[sample 011] iter 07: max_mismatchPQ=1.261e-03, NN_max_dAng=9.980e-04, NN_max_dV=2.996e-05  True_errAng=3.322e-03, True_errV=5.400e-05
[sample 011] iter 08: max_mismatchPQ=9.461e-04, NN_max_dAng=6.040e-04, NN_max_dV=1.734e-05  True_errAng=3.149e-03, True_errV=5.370e-05
[sample 011] iter 09: max_mismatchPQ=8.090e-04, NN_max_dAng=4.672e-04, NN_max_dV=1.010e-05  True_errAng=2.935e-03, True_errV=5.186e-05
[sample 011] iter 10: max_mismatchPQ=7.594e-04, NN_max_dAng=3.787e-04, NN_max_dV=5.715e-06  True_errAng=2.707e-03, True_errV=4.935e-05
[sample 011] iter 11: max_mismatchPQ=7.069e-04, NN_max_dAng=3.030e-04, NN_max_dV=3.607e-06  True_errAng=2.481e-03, True_errV=4.673e-05
[sample 011] iter 12: max_mismatchPQ=6.557e-04, NN_max_dAng=2.411e-04, NN_max_dV=2.748e-06  True_errAng=2.266e-03, True_errV=4.399e-05
[sample 011] iter 13: max_mismatchPQ=6.063e-04, NN_max_dAng=2.019e-04, NN_max_dV=2.620e-06  True_errAng=2.064e-03, True_errV=4.137e-05
[sample 011] iter 14: max_mismatchPQ=5.593e-04, NN_max_dAng=1.867e-04, NN_max_dV=2.548e-06  True_errAng=1.877e-03, True_errV=3.874e-05
[sample 011] iter 15: max_mismatchPQ=5.093e-04, NN_max_dAng=1.712e-04, NN_max_dV=2.268e-06  True_errAng=1.706e-03, True_errV=3.648e-05
[sample 011] iter 16: max_mismatchPQ=4.711e-04, NN_max_dAng=1.563e-04, NN_max_dV=1.993e-06  True_errAng=1.549e-03, True_errV=3.451e-05
[sample 011] iter 17: max_mismatchPQ=4.597e-04, NN_max_dAng=1.421e-04, NN_max_dV=2.020e-06  True_errAng=1.407e-03, True_errV=3.302e-05
[sample 011] iter 18: max_mismatchPQ=4.444e-04, NN_max_dAng=1.288e-04, NN_max_dV=1.687e-06  True_errAng=1.279e-03, True_errV=3.213e-05
[sample 011] iter 19: max_mismatchPQ=4.158e-04, NN_max_dAng=1.165e-04, NN_max_dV=1.743e-06  True_errAng=1.162e-03, True_errV=3.117e-05
[sample 011] iter 20: max_mismatchPQ=4.254e-04, NN_max_dAng=1.054e-04, NN_max_dV=1.654e-06  True_errAng=1.057e-03, True_errV=3.040e-05
[sample 011] >>> stop_reason=max_blocks, used_iter=19, max_PQ_mismatch=4.158e-04
[1;32m===== Test Sample Heatmap Cell: X=(-2.00,-1.80), PQ=(-1.80,-1.60), x_signed=-1.828590, pq_signed=-1.611046, valid_label=1 =====[0m
---- Error Metrics (Best State) ----
Angel_MAX   : 1.162052e-03
Voltage_MAX : 3.117323e-05
P_MAX       : 4.158239e-04
Q_MAX       : 3.204141e-04
P_MAE       : 1.112329e-04
Q_MAE       : 5.681143e-05
P_MSE       : 2.018315e-08
Q_MSE       : 6.269013e-09
P_RMSE      : 1.420674e-04
Q_RMSE      : 7.917710e-05

[sample 012] iter 00: max_mismatchPQ=3.925e+01, NN_max_dAng=0.000e+00, NN_max_dV=0.000e+00  True_errAng=1.953e-01, True_errV=9.449e-02
[sample 012] iter 01: max_mismatchPQ=2.452e+00, NN_max_dAng=1.059e-01, NN_max_dV=9.160e-02  True_errAng=8.938e-02, True_errV=3.081e-02
[sample 012] iter 02: max_mismatchPQ=2.348e-01, NN_max_dAng=5.847e-02, NN_max_dV=3.071e-02  True_errAng=3.091e-02, True_errV=3.354e-03
[sample 012] iter 03: max_mismatchPQ=1.295e-02, NN_max_dAng=1.545e-02, NN_max_dV=3.154e-03  True_errAng=1.598e-02, True_errV=2.339e-04
[sample 012] iter 04: max_mismatchPQ=5.312e-03, NN_max_dAng=6.258e-03, NN_max_dV=1.981e-04  True_errAng=1.059e-02, True_errV=1.838e-04
[sample 012] iter 05: max_mismatchPQ=3.019e-03, NN_max_dAng=2.404e-03, NN_max_dV=4.821e-05  True_errAng=8.182e-03, True_errV=1.504e-04
[sample 012] iter 06: max_mismatchPQ=2.326e-03, NN_max_dAng=1.802e-03, NN_max_dV=3.295e-05  True_errAng=7.224e-03, True_errV=1.296e-04
[sample 012] iter 07: max_mismatchPQ=1.957e-03, NN_max_dAng=1.362e-03, NN_max_dV=2.439e-05  True_errAng=6.655e-03, True_errV=1.162e-04
[sample 012] iter 08: max_mismatchPQ=1.892e-03, NN_max_dAng=1.037e-03, NN_max_dV=1.803e-05  True_errAng=6.085e-03, True_errV=1.060e-04
[sample 012] iter 09: max_mismatchPQ=1.953e-03, NN_max_dAng=7.941e-04, NN_max_dV=1.331e-05  True_errAng=5.550e-03, True_errV=9.722e-05
[sample 012] iter 10: max_mismatchPQ=1.999e-03, NN_max_dAng=6.124e-04, NN_max_dV=1.023e-05  True_errAng=5.056e-03, True_errV=8.953e-05
[sample 012] iter 11: max_mismatchPQ=2.045e-03, NN_max_dAng=4.755e-04, NN_max_dV=7.570e-06  True_errAng=4.603e-03, True_errV=8.243e-05
[sample 012] iter 12: max_mismatchPQ=2.068e-03, NN_max_dAng=4.143e-04, NN_max_dV=6.544e-06  True_errAng=4.189e-03, True_errV=7.594e-05
[sample 012] iter 13: max_mismatchPQ=2.076e-03, NN_max_dAng=3.783e-04, NN_max_dV=6.152e-06  True_errAng=3.811e-03, True_errV=6.980e-05
[sample 012] iter 14: max_mismatchPQ=2.106e-03, NN_max_dAng=3.449e-04, NN_max_dV=5.528e-06  True_errAng=3.466e-03, True_errV=6.431e-05
[sample 012] iter 15: max_mismatchPQ=2.106e-03, NN_max_dAng=3.139e-04, NN_max_dV=5.185e-06  True_errAng=3.152e-03, True_errV=5.919e-05
[sample 012] iter 16: max_mismatchPQ=2.121e-03, NN_max_dAng=2.854e-04, NN_max_dV=4.655e-06  True_errAng=2.866e-03, True_errV=5.609e-05
[sample 012] iter 17: max_mismatchPQ=2.129e-03, NN_max_dAng=2.590e-04, NN_max_dV=4.310e-06  True_errAng=2.607e-03, True_errV=5.370e-05
[sample 012] iter 18: max_mismatchPQ=2.144e-03, NN_max_dAng=2.348e-04, NN_max_dV=4.088e-06  True_errAng=2.373e-03, True_errV=5.162e-05
[sample 012] iter 19: max_mismatchPQ=2.144e-03, NN_max_dAng=2.127e-04, NN_max_dV=3.542e-06  True_errAng=2.160e-03, True_errV=4.965e-05
[sample 012] iter 20: max_mismatchPQ=2.152e-03, NN_max_dAng=1.925e-04, NN_max_dV=3.206e-06  True_errAng=1.967e-03, True_errV=4.792e-05
[sample 012] >>> stop_reason=max_blocks, used_iter=8, max_PQ_mismatch=1.892e-03
[1;32m===== Test Sample Heatmap Cell: X=(-2.00,-1.80), PQ=(-1.80,-1.60), x_signed=-1.954072, pq_signed=-1.794095, valid_label=1 =====[0m
---- Error Metrics (Best State) ----
Angel_MAX   : 6.085321e-03
Voltage_MAX : 1.060367e-04
P_MAX       : 1.778006e-03
Q_MAX       : 1.892386e-03
P_MAE       : 7.006584e-04
Q_MAE       : 1.741361e-04
P_MSE       : 6.429814e-07
Q_MSE       : 8.917325e-08
P_RMSE      : 8.018612e-04
Q_RMSE      : 2.986189e-04

[sample 013] iter 00: max_mismatchPQ=2.564e+01, NN_max_dAng=0.000e+00, NN_max_dV=0.000e+00  True_errAng=1.976e-01, True_errV=9.359e-02
[sample 013] iter 01: max_mismatchPQ=1.108e+00, NN_max_dAng=9.952e-02, NN_max_dV=9.311e-02  True_errAng=1.303e-01, True_errV=2.085e-02
[sample 013] iter 02: max_mismatchPQ=3.200e-01, NN_max_dAng=8.190e-02, NN_max_dV=2.065e-02  True_errAng=4.836e-02, True_errV=5.203e-04
[sample 013] iter 03: max_mismatchPQ=1.155e-02, NN_max_dAng=4.288e-02, NN_max_dV=2.659e-04  True_errAng=1.382e-02, True_errV=3.555e-04
[sample 013] iter 04: max_mismatchPQ=6.403e-03, NN_max_dAng=5.410e-03, NN_max_dV=1.405e-04  True_errAng=8.450e-03, True_errV=2.236e-04
[sample 013] iter 05: max_mismatchPQ=3.759e-03, NN_max_dAng=3.120e-03, NN_max_dV=8.188e-05  True_errAng=5.331e-03, True_errV=1.424e-04
[sample 013] iter 06: max_mismatchPQ=2.208e-03, NN_max_dAng=1.829e-03, NN_max_dV=5.466e-05  True_errAng=3.656e-03, True_errV=8.774e-05
[sample 013] iter 07: max_mismatchPQ=1.330e-03, NN_max_dAng=1.075e-03, NN_max_dV=3.464e-05  True_errAng=3.579e-03, True_errV=5.502e-05
[sample 013] iter 08: max_mismatchPQ=1.047e-03, NN_max_dAng=6.418e-04, NN_max_dV=2.046e-05  True_errAng=3.393e-03, True_errV=5.263e-05
[sample 013] iter 09: max_mismatchPQ=9.793e-04, NN_max_dAng=3.955e-04, NN_max_dV=1.177e-05  True_errAng=3.154e-03, True_errV=4.929e-05
[sample 013] iter 10: max_mismatchPQ=9.068e-04, NN_max_dAng=2.551e-04, NN_max_dV=6.647e-06  True_errAng=2.901e-03, True_errV=4.560e-05
[sample 013] iter 11: max_mismatchPQ=8.353e-04, NN_max_dAng=2.472e-04, NN_max_dV=3.939e-06  True_errAng=2.654e-03, True_errV=4.184e-05
[sample 013] iter 12: max_mismatchPQ=7.685e-04, NN_max_dAng=2.333e-04, NN_max_dV=3.454e-06  True_errAng=2.421e-03, True_errV=3.839e-05
[sample 013] iter 13: max_mismatchPQ=7.037e-04, NN_max_dAng=2.160e-04, NN_max_dV=3.738e-06  True_errAng=2.205e-03, True_errV=3.469e-05
[sample 013] iter 14: max_mismatchPQ=6.407e-04, NN_max_dAng=1.976e-04, NN_max_dV=3.190e-06  True_errAng=2.007e-03, True_errV=3.147e-05
[sample 013] iter 15: max_mismatchPQ=5.902e-04, NN_max_dAng=1.798e-04, NN_max_dV=2.671e-06  True_errAng=1.828e-03, True_errV=2.879e-05
[sample 013] iter 16: max_mismatchPQ=5.406e-04, NN_max_dAng=1.629e-04, NN_max_dV=2.701e-06  True_errAng=1.665e-03, True_errV=2.611e-05
[sample 013] iter 17: max_mismatchPQ=4.929e-04, NN_max_dAng=1.472e-04, NN_max_dV=2.235e-06  True_errAng=1.517e-03, True_errV=2.384e-05
[sample 013] iter 18: max_mismatchPQ=4.586e-04, NN_max_dAng=1.330e-04, NN_max_dV=2.189e-06  True_errAng=1.384e-03, True_errV=2.164e-05
[sample 013] iter 19: max_mismatchPQ=4.214e-04, NN_max_dAng=1.198e-04, NN_max_dV=2.087e-06  True_errAng=1.265e-03, True_errV=1.961e-05
[sample 013] iter 20: max_mismatchPQ=3.852e-04, NN_max_dAng=1.079e-04, NN_max_dV=1.789e-06  True_errAng=1.158e-03, True_errV=1.782e-05
[sample 013] >>> stop_reason=max_blocks, used_iter=20, max_PQ_mismatch=3.852e-04
[1;32m===== Test Sample Heatmap Cell: X=(-2.00,-1.80), PQ=(-1.80,-1.60), x_signed=-1.976682, pq_signed=-1.665535, valid_label=1 =====[0m
---- Error Metrics (Best State) ----
Angel_MAX   : 1.157880e-03
Voltage_MAX : 1.782179e-05
P_MAX       : 3.851652e-04
Q_MAX       : 1.561642e-04
P_MAE       : 1.033135e-04
Q_MAE       : 3.985506e-05
P_MSE       : 1.911368e-08
Q_MSE       : 3.099194e-09
P_RMSE      : 1.382522e-04
Q_RMSE      : 5.567040e-05

[sample 014] iter 00: max_mismatchPQ=3.387e+01, NN_max_dAng=0.000e+00, NN_max_dV=0.000e+00  True_errAng=1.921e-01, True_errV=9.497e-02
[sample 014] iter 01: max_mismatchPQ=7.724e-01, NN_max_dAng=1.351e-01, NN_max_dV=9.439e-02  True_errAng=5.691e-02, True_errV=2.521e-02
[sample 014] iter 02: max_mismatchPQ=3.097e-02, NN_max_dAng=3.799e-02, NN_max_dV=2.551e-02  True_errAng=4.297e-02, True_errV=1.272e-03
[sample 014] iter 03: max_mismatchPQ=1.827e-02, NN_max_dAng=5.842e-03, NN_max_dV=6.087e-04  True_errAng=3.713e-02, True_errV=6.638e-04
[sample 014] iter 04: max_mismatchPQ=1.380e-02, NN_max_dAng=4.659e-03, NN_max_dV=1.780e-04  True_errAng=3.247e-02, True_errV=4.857e-04
[sample 014] iter 05: max_mismatchPQ=1.116e-02, NN_max_dAng=3.774e-03, NN_max_dV=6.605e-05  True_errAng=2.870e-02, True_errV=4.196e-04
[sample 014] iter 06: max_mismatchPQ=9.346e-03, NN_max_dAng=3.182e-03, NN_max_dV=4.658e-05  True_errAng=2.551e-02, True_errV=3.731e-04
[sample 014] iter 07: max_mismatchPQ=7.980e-03, NN_max_dAng=2.755e-03, NN_max_dV=4.036e-05  True_errAng=2.276e-02, True_errV=3.327e-04
[sample 014] iter 08: max_mismatchPQ=6.914e-03, NN_max_dAng=2.419e-03, NN_max_dV=3.586e-05  True_errAng=2.034e-02, True_errV=2.968e-04
[sample 014] iter 09: max_mismatchPQ=6.072e-03, NN_max_dAng=2.141e-03, NN_max_dV=3.148e-05  True_errAng=1.820e-02, True_errV=2.653e-04
[sample 014] iter 10: max_mismatchPQ=5.353e-03, NN_max_dAng=1.903e-03, NN_max_dV=2.792e-05  True_errAng=1.630e-02, True_errV=2.374e-04
[sample 014] iter 11: max_mismatchPQ=4.738e-03, NN_max_dAng=1.696e-03, NN_max_dV=2.457e-05  True_errAng=1.460e-02, True_errV=2.129e-04
[sample 014] iter 12: max_mismatchPQ=4.200e-03, NN_max_dAng=1.514e-03, NN_max_dV=2.192e-05  True_errAng=1.309e-02, True_errV=1.910e-04
[sample 014] iter 13: max_mismatchPQ=3.727e-03, NN_max_dAng=1.352e-03, NN_max_dV=1.928e-05  True_errAng=1.173e-02, True_errV=1.717e-04
[sample 014] iter 14: max_mismatchPQ=3.317e-03, NN_max_dAng=1.209e-03, NN_max_dV=1.730e-05  True_errAng=1.052e-02, True_errV=1.544e-04
[sample 014] iter 15: max_mismatchPQ=2.961e-03, NN_max_dAng=1.082e-03, NN_max_dV=1.525e-05  True_errAng=9.443e-03, True_errV=1.391e-04
[sample 014] iter 16: max_mismatchPQ=2.638e-03, NN_max_dAng=9.684e-04, NN_max_dV=1.362e-05  True_errAng=8.474e-03, True_errV=1.255e-04
[sample 014] iter 17: max_mismatchPQ=2.361e-03, NN_max_dAng=8.668e-04, NN_max_dV=1.227e-05  True_errAng=7.608e-03, True_errV=1.133e-04
[sample 014] iter 18: max_mismatchPQ=2.111e-03, NN_max_dAng=7.760e-04, NN_max_dV=1.082e-05  True_errAng=6.832e-03, True_errV=1.025e-04
[sample 014] iter 19: max_mismatchPQ=1.893e-03, NN_max_dAng=6.949e-04, NN_max_dV=9.705e-06  True_errAng=6.137e-03, True_errV=9.280e-05
[sample 014] iter 20: max_mismatchPQ=1.691e-03, NN_max_dAng=6.224e-04, NN_max_dV=8.624e-06  True_errAng=5.514e-03, True_errV=8.416e-05
[sample 014] >>> stop_reason=max_blocks, used_iter=20, max_PQ_mismatch=1.691e-03
[1;32m===== Test Sample Heatmap Cell: X=(-2.00,-1.80), PQ=(-1.80,-1.60), x_signed=-1.921419, pq_signed=-1.629775, valid_label=1 =====[0m
---- Error Metrics (Best State) ----
Angel_MAX   : 5.514324e-03
Voltage_MAX : 8.416176e-05
P_MAX       : 1.691401e-03
Q_MAX       : 3.790855e-04
P_MAE       : 4.407361e-04
Q_MAE       : 9.435210e-05
P_MSE       : 3.776487e-07
Q_MSE       : 1.727519e-08
P_RMSE      : 6.145313e-04
Q_RMSE      : 1.314351e-04

[sample 015] iter 00: max_mismatchPQ=2.451e+01, NN_max_dAng=0.000e+00, NN_max_dV=0.000e+00  True_errAng=9.306e-02, True_errV=1.856e-01
[sample 015] iter 01: max_mismatchPQ=6.844e-01, NN_max_dAng=1.043e-01, NN_max_dV=1.718e-01  True_errAng=5.973e-02, True_errV=2.746e-02
[sample 015] iter 02: max_mismatchPQ=1.530e-02, NN_max_dAng=4.211e-02, NN_max_dV=2.740e-02  True_errAng=1.762e-02, True_errV=5.450e-04
[sample 015] iter 03: max_mismatchPQ=6.520e-03, NN_max_dAng=6.869e-03, NN_max_dV=3.240e-04  True_errAng=1.075e-02, True_errV=2.325e-04
[sample 015] iter 04: max_mismatchPQ=3.917e-03, NN_max_dAng=3.191e-03, NN_max_dV=8.162e-05  True_errAng=8.644e-03, True_errV=1.508e-04
[sample 015] iter 05: max_mismatchPQ=2.799e-03, NN_max_dAng=1.905e-03, NN_max_dV=5.554e-05  True_errAng=7.008e-03, True_errV=9.531e-05
[sample 015] iter 06: max_mismatchPQ=2.221e-03, NN_max_dAng=1.487e-03, NN_max_dV=3.637e-05  True_errAng=5.521e-03, True_errV=6.813e-05
[sample 015] iter 07: max_mismatchPQ=1.752e-03, NN_max_dAng=1.229e-03, NN_max_dV=2.247e-05  True_errAng=4.291e-03, True_errV=5.347e-05
[sample 015] iter 08: max_mismatchPQ=1.385e-03, NN_max_dAng=9.787e-04, NN_max_dV=1.320e-05  True_errAng=3.312e-03, True_errV=4.160e-05
[sample 015] iter 09: max_mismatchPQ=1.090e-03, NN_max_dAng=7.653e-04, NN_max_dV=9.095e-06  True_errAng=2.547e-03, True_errV=3.248e-05
[sample 015] iter 10: max_mismatchPQ=8.661e-04, NN_max_dAng=5.925e-04, NN_max_dV=7.203e-06  True_errAng=1.955e-03, True_errV=2.521e-05
[sample 015] iter 11: max_mismatchPQ=6.906e-04, NN_max_dAng=4.557e-04, NN_max_dV=5.565e-06  True_errAng=1.499e-03, True_errV=1.961e-05
[sample 015] iter 12: max_mismatchPQ=5.578e-04, NN_max_dAng=3.491e-04, NN_max_dV=4.246e-06  True_errAng=1.150e-03, True_errV=1.538e-05
[sample 015] iter 13: max_mismatchPQ=4.596e-04, NN_max_dAng=2.663e-04, NN_max_dV=3.323e-06  True_errAng=8.836e-04, True_errV=1.204e-05
[sample 015] iter 14: max_mismatchPQ=3.816e-04, NN_max_dAng=2.033e-04, NN_max_dV=2.517e-06  True_errAng=6.803e-04, True_errV=9.477e-06
[sample 015] iter 15: max_mismatchPQ=3.201e-04, NN_max_dAng=1.543e-04, NN_max_dV=1.977e-06  True_errAng=5.260e-04, True_errV=1.013e-05
[sample 015] iter 16: max_mismatchPQ=2.738e-04, NN_max_dAng=1.174e-04, NN_max_dV=1.603e-06  True_errAng=4.086e-04, True_errV=1.055e-05
[sample 015] iter 17: max_mismatchPQ=2.424e-04, NN_max_dAng=8.928e-05, NN_max_dV=9.778e-07  True_errAng=3.193e-04, True_errV=1.103e-05
[sample 015] iter 18: max_mismatchPQ=2.521e-04, NN_max_dAng=6.774e-05, NN_max_dV=7.820e-07  True_errAng=2.515e-04, True_errV=1.127e-05
[sample 015] iter 19: max_mismatchPQ=2.521e-04, NN_max_dAng=5.148e-05, NN_max_dV=6.799e-07  True_errAng=2.000e-04, True_errV=1.150e-05
[sample 015] iter 20: max_mismatchPQ=2.445e-04, NN_max_dAng=3.904e-05, NN_max_dV=5.690e-07  True_errAng=1.610e-04, True_errV=1.174e-05
[sample 015] >>> stop_reason=max_blocks, used_iter=17, max_PQ_mismatch=2.424e-04
[1;32m===== Test Sample Heatmap Cell: X=(-2.00,-1.80), PQ=(-1.80,-1.60), x_signed=-1.867541, pq_signed=-1.600936, valid_label=1 =====[0m
---- Error Metrics (Best State) ----
Angel_MAX   : 3.192723e-04
Voltage_MAX : 1.102686e-05
P_MAX       : 2.423525e-04
Q_MAX       : 2.406836e-04
P_MAE       : 5.141407e-05
Q_MAE       : 4.349170e-05
P_MSE       : 4.378497e-09
Q_MSE       : 3.601736e-09
P_RMSE      : 6.617021e-05
Q_RMSE      : 6.001447e-05

[sample 016] iter 00: max_mismatchPQ=3.002e+01, NN_max_dAng=0.000e+00, NN_max_dV=0.000e+00  True_errAng=1.866e-01, True_errV=9.042e-02
[sample 016] iter 01: max_mismatchPQ=1.201e+00, NN_max_dAng=1.584e-01, NN_max_dV=9.049e-02  True_errAng=3.727e-02, True_errV=1.030e-02
[sample 016] iter 02: max_mismatchPQ=2.293e-02, NN_max_dAng=3.467e-02, NN_max_dV=1.036e-02  True_errAng=1.365e-02, True_errV=4.046e-04
[sample 016] iter 03: max_mismatchPQ=3.526e-03, NN_max_dAng=6.842e-03, NN_max_dV=4.359e-04  True_errAng=6.991e-03, True_errV=8.142e-05
[sample 016] iter 04: max_mismatchPQ=2.582e-03, NN_max_dAng=2.414e-03, NN_max_dV=8.019e-05  True_errAng=6.004e-03, True_errV=9.400e-05
[sample 016] iter 05: max_mismatchPQ=2.136e-03, NN_max_dAng=1.084e-03, NN_max_dV=2.603e-05  True_errAng=5.184e-03, True_errV=8.917e-05
[sample 016] iter 06: max_mismatchPQ=1.761e-03, NN_max_dAng=6.857e-04, NN_max_dV=1.989e-05  True_errAng=4.499e-03, True_errV=7.612e-05
[sample 016] iter 07: max_mismatchPQ=1.473e-03, NN_max_dAng=5.688e-04, NN_max_dV=1.144e-05  True_errAng=3.930e-03, True_errV=6.551e-05
[sample 016] iter 08: max_mismatchPQ=1.259e-03, NN_max_dAng=4.762e-04, NN_max_dV=8.576e-06  True_errAng=3.454e-03, True_errV=5.692e-05
[sample 016] iter 09: max_mismatchPQ=1.087e-03, NN_max_dAng=4.047e-04, NN_max_dV=7.351e-06  True_errAng=3.049e-03, True_errV=4.959e-05
[sample 016] iter 10: max_mismatchPQ=9.592e-04, NN_max_dAng=3.486e-04, NN_max_dV=5.877e-06  True_errAng=2.700e-03, True_errV=4.369e-05
[sample 016] iter 11: max_mismatchPQ=8.468e-04, NN_max_dAng=3.036e-04, NN_max_dV=5.180e-06  True_errAng=2.397e-03, True_errV=3.844e-05
[sample 016] iter 12: max_mismatchPQ=7.468e-04, NN_max_dAng=2.664e-04, NN_max_dV=4.370e-06  True_errAng=2.130e-03, True_errV=3.403e-05
[sample 016] iter 13: max_mismatchPQ=6.680e-04, NN_max_dAng=2.353e-04, NN_max_dV=4.109e-06  True_errAng=1.895e-03, True_errV=2.992e-05
[sample 016] iter 14: max_mismatchPQ=5.969e-04, NN_max_dAng=2.087e-04, NN_max_dV=3.310e-06  True_errAng=1.686e-03, True_errV=2.658e-05
[sample 016] iter 15: max_mismatchPQ=5.326e-04, NN_max_dAng=1.857e-04, NN_max_dV=3.188e-06  True_errAng=1.501e-03, True_errV=2.337e-05
[sample 016] iter 16: max_mismatchPQ=4.810e-04, NN_max_dAng=1.656e-04, NN_max_dV=2.654e-06  True_errAng=1.335e-03, True_errV=2.068e-05
[sample 016] iter 17: max_mismatchPQ=4.336e-04, NN_max_dAng=1.480e-04, NN_max_dV=2.490e-06  True_errAng=1.187e-03, True_errV=1.824e-05
[sample 016] iter 18: max_mismatchPQ=3.928e-04, NN_max_dAng=1.326e-04, NN_max_dV=2.204e-06  True_errAng=1.054e-03, True_errV=1.609e-05
[sample 016] iter 19: max_mismatchPQ=3.531e-04, NN_max_dAng=1.186e-04, NN_max_dV=1.866e-06  True_errAng=9.358e-04, True_errV=1.419e-05
[sample 016] iter 20: max_mismatchPQ=3.231e-04, NN_max_dAng=1.064e-04, NN_max_dV=1.766e-06  True_errAng=8.295e-04, True_errV=1.246e-05
[sample 016] >>> stop_reason=max_blocks, used_iter=20, max_PQ_mismatch=3.231e-04
[1;32m===== Test Sample Heatmap Cell: X=(-2.00,-1.80), PQ=(-1.80,-1.60), x_signed=-1.866745, pq_signed=-1.685294, valid_label=1 =====[0m
---- Error Metrics (Best State) ----
Angel_MAX   : 8.294582e-04
Voltage_MAX : 1.245737e-05
P_MAX       : 3.231170e-04
Q_MAX       : 1.811562e-04
P_MAE       : 7.306436e-05
Q_MAE       : 4.908224e-05
P_MSE       : 1.001048e-08
Q_MSE       : 4.258391e-09
P_RMSE      : 1.000524e-04
Q_RMSE      : 6.525635e-05

[sample 017] iter 00: max_mismatchPQ=2.699e+01, NN_max_dAng=0.000e+00, NN_max_dV=0.000e+00  True_errAng=1.815e-01, True_errV=9.023e-02
[sample 017] iter 01: max_mismatchPQ=1.079e+00, NN_max_dAng=1.041e-01, NN_max_dV=8.958e-02  True_errAng=8.532e-02, True_errV=2.356e-02
[sample 017] iter 02: max_mismatchPQ=5.873e-02, NN_max_dAng=6.485e-02, NN_max_dV=2.343e-02  True_errAng=2.242e-02, True_errV=8.703e-04
[sample 017] iter 03: max_mismatchPQ=7.914e-03, NN_max_dAng=8.229e-03, NN_max_dV=7.645e-04  True_errAng=1.678e-02, True_errV=2.086e-04
[sample 017] iter 04: max_mismatchPQ=5.675e-03, NN_max_dAng=4.492e-03, NN_max_dV=1.291e-04  True_errAng=1.377e-02, True_errV=1.534e-04
[sample 017] iter 05: max_mismatchPQ=4.225e-03, NN_max_dAng=3.010e-03, NN_max_dV=4.129e-05  True_errAng=1.079e-02, True_errV=1.121e-04
[sample 017] iter 06: max_mismatchPQ=3.181e-03, NN_max_dAng=2.480e-03, NN_max_dV=2.801e-05  True_errAng=8.314e-03, True_errV=8.404e-05
[sample 017] iter 07: max_mismatchPQ=2.402e-03, NN_max_dAng=1.948e-03, NN_max_dV=2.028e-05  True_errAng=6.366e-03, True_errV=6.372e-05
[sample 017] iter 08: max_mismatchPQ=1.814e-03, NN_max_dAng=1.499e-03, NN_max_dV=1.512e-05  True_errAng=4.866e-03, True_errV=4.858e-05
[sample 017] iter 09: max_mismatchPQ=1.371e-03, NN_max_dAng=1.145e-03, NN_max_dV=1.105e-05  True_errAng=3.721e-03, True_errV=3.755e-05
[sample 017] iter 10: max_mismatchPQ=1.053e-03, NN_max_dAng=8.720e-04, NN_max_dV=8.421e-06  True_errAng=2.849e-03, True_errV=2.915e-05
[sample 017] iter 11: max_mismatchPQ=8.069e-04, NN_max_dAng=6.638e-04, NN_max_dV=6.312e-06  True_errAng=2.185e-03, True_errV=2.289e-05
[sample 017] iter 12: max_mismatchPQ=6.227e-04, NN_max_dAng=5.051e-04, NN_max_dV=4.869e-06  True_errAng=1.680e-03, True_errV=1.800e-05
[sample 017] iter 13: max_mismatchPQ=4.814e-04, NN_max_dAng=3.848e-04, NN_max_dV=3.652e-06  True_errAng=1.296e-03, True_errV=1.431e-05
[sample 017] iter 14: max_mismatchPQ=3.833e-04, NN_max_dAng=2.932e-04, NN_max_dV=2.796e-06  True_errAng=1.002e-03, True_errV=1.150e-05
[sample 017] iter 15: max_mismatchPQ=3.776e-04, NN_max_dAng=2.235e-04, NN_max_dV=2.167e-06  True_errAng=7.788e-04, True_errV=9.358e-06
[sample 017] iter 16: max_mismatchPQ=3.891e-04, NN_max_dAng=1.705e-04, NN_max_dV=1.661e-06  True_errAng=6.083e-04, True_errV=8.583e-06
[sample 017] iter 17: max_mismatchPQ=3.814e-04, NN_max_dAng=1.303e-04, NN_max_dV=1.119e-06  True_errAng=4.780e-04, True_errV=8.583e-06
[sample 017] iter 18: max_mismatchPQ=3.967e-04, NN_max_dAng=9.962e-05, NN_max_dV=1.006e-06  True_errAng=3.784e-04, True_errV=8.583e-06
[sample 017] iter 19: max_mismatchPQ=4.043e-04, NN_max_dAng=7.613e-05, NN_max_dV=6.401e-07  True_errAng=3.022e-04, True_errV=8.583e-06
[sample 017] iter 20: max_mismatchPQ=3.853e-04, NN_max_dAng=5.837e-05, NN_max_dV=6.075e-07  True_errAng=2.439e-04, True_errV=8.583e-06
[sample 017] >>> stop_reason=max_blocks, used_iter=15, max_PQ_mismatch=3.776e-04
[1;32m===== Test Sample Heatmap Cell: X=(-2.00,-1.80), PQ=(-1.80,-1.60), x_signed=-1.816133, pq_signed=-1.642270, valid_label=1 =====[0m
---- Error Metrics (Best State) ----
Angel_MAX   : 7.788241e-04
Voltage_MAX : 9.357929e-06
P_MAX       : 3.113449e-04
Q_MAX       : 3.776336e-04
P_MAE       : 9.272592e-05
Q_MAE       : 5.451735e-05
P_MSE       : 1.452509e-08
Q_MSE       : 6.718423e-09
P_RMSE      : 1.205201e-04
Q_RMSE      : 8.196599e-05

[sample 018] iter 00: max_mismatchPQ=1.564e+01, NN_max_dAng=0.000e+00, NN_max_dV=0.000e+00  True_errAng=1.900e-01, True_errV=9.354e-02
[sample 018] iter 01: max_mismatchPQ=1.562e+00, NN_max_dAng=1.122e-01, NN_max_dV=9.389e-02  True_errAng=7.777e-02, True_errV=1.874e-02
[sample 018] iter 02: max_mismatchPQ=4.092e-02, NN_max_dAng=6.581e-02, NN_max_dV=1.885e-02  True_errAng=1.650e-02, True_errV=6.180e-04
[sample 018] iter 03: max_mismatchPQ=4.658e-03, NN_max_dAng=1.044e-02, NN_max_dV=6.037e-04  True_errAng=1.009e-02, True_errV=1.319e-04
[sample 018] iter 04: max_mismatchPQ=3.298e-03, NN_max_dAng=2.254e-03, NN_max_dV=8.969e-05  True_errAng=7.838e-03, True_errV=9.513e-05
[sample 018] iter 05: max_mismatchPQ=2.456e-03, NN_max_dAng=1.865e-03, NN_max_dV=2.482e-05  True_errAng=5.972e-03, True_errV=7.027e-05
[sample 018] iter 06: max_mismatchPQ=1.854e-03, NN_max_dAng=1.448e-03, NN_max_dV=1.775e-05  True_errAng=4.524e-03, True_errV=5.251e-05
[sample 018] iter 07: max_mismatchPQ=1.410e-03, NN_max_dAng=1.099e-03, NN_max_dV=1.309e-05  True_errAng=3.425e-03, True_errV=3.940e-05
[sample 018] iter 08: max_mismatchPQ=1.076e-03, NN_max_dAng=8.287e-04, NN_max_dV=9.459e-06  True_errAng=2.596e-03, True_errV=2.992e-05
[sample 018] iter 09: max_mismatchPQ=8.252e-04, NN_max_dAng=6.240e-04, NN_max_dV=6.945e-06  True_errAng=1.972e-03, True_errV=2.295e-05
[sample 018] iter 10: max_mismatchPQ=6.416e-04, NN_max_dAng=4.698e-04, NN_max_dV=5.370e-06  True_errAng=1.502e-03, True_errV=1.758e-05
[sample 018] iter 11: max_mismatchPQ=5.033e-04, NN_max_dAng=3.539e-04, NN_max_dV=3.939e-06  True_errAng=1.148e-03, True_errV=1.365e-05
[sample 018] iter 12: max_mismatchPQ=3.974e-04, NN_max_dAng=2.667e-04, NN_max_dV=3.149e-06  True_errAng=8.818e-04, True_errV=1.055e-05
[sample 018] iter 13: max_mismatchPQ=3.185e-04, NN_max_dAng=2.013e-04, NN_max_dV=2.234e-06  True_errAng=6.805e-04, True_errV=8.345e-06
[sample 018] iter 14: max_mismatchPQ=2.575e-04, NN_max_dAng=1.515e-04, NN_max_dV=1.665e-06  True_errAng=5.289e-04, True_errV=7.093e-06
[sample 018] iter 15: max_mismatchPQ=2.148e-04, NN_max_dAng=1.143e-04, NN_max_dV=1.342e-06  True_errAng=4.146e-04, True_errV=6.497e-06
[sample 018] iter 16: max_mismatchPQ=1.819e-04, NN_max_dAng=8.629e-05, NN_max_dV=8.714e-07  True_errAng=3.284e-04, True_errV=6.378e-06
[sample 018] iter 17: max_mismatchPQ=1.593e-04, NN_max_dAng=6.490e-05, NN_max_dV=8.400e-07  True_errAng=2.635e-04, True_errV=6.318e-06
[sample 018] iter 18: max_mismatchPQ=1.488e-04, NN_max_dAng=4.879e-05, NN_max_dV=6.588e-07  True_errAng=2.146e-04, True_errV=6.378e-06
[sample 018] iter 19: max_mismatchPQ=1.488e-04, NN_max_dAng=3.652e-05, NN_max_dV=4.772e-07  True_errAng=1.781e-04, True_errV=6.318e-06
[sample 018] iter 20: max_mismatchPQ=1.469e-04, NN_max_dAng=2.764e-05, NN_max_dV=4.594e-07  True_errAng=1.505e-04, True_errV=6.318e-06
[sample 018] >>> stop_reason=max_blocks, used_iter=20, max_PQ_mismatch=1.469e-04
[1;32m===== Test Sample Heatmap Cell: X=(-2.00,-1.80), PQ=(-1.80,-1.60), x_signed=-1.901087, pq_signed=-1.696582, valid_label=1 =====[0m
---- Error Metrics (Best State) ----
Angel_MAX   : 1.505017e-04
Voltage_MAX : 6.318092e-06
P_MAX       : 1.283884e-04
Q_MAX       : 1.469022e-04
P_MAE       : 3.477693e-05
Q_MAE       : 4.489704e-05
P_MSE       : 1.871211e-09
Q_MSE       : 3.229570e-09
P_RMSE      : 4.325750e-05
Q_RMSE      : 5.682931e-05

[sample 019] iter 00: max_mismatchPQ=3.687e+01, NN_max_dAng=0.000e+00, NN_max_dV=0.000e+00  True_errAng=1.917e-01, True_errV=9.216e-02
[sample 019] iter 01: max_mismatchPQ=1.968e+00, NN_max_dAng=1.328e-01, NN_max_dV=8.530e-02  True_errAng=5.893e-02, True_errV=2.080e-02
[sample 019] iter 02: max_mismatchPQ=4.708e-02, NN_max_dAng=4.561e-02, NN_max_dV=2.048e-02  True_errAng=1.724e-02, True_errV=8.417e-04
[sample 019] iter 03: max_mismatchPQ=9.928e-03, NN_max_dAng=8.586e-03, NN_max_dV=7.906e-04  True_errAng=1.174e-02, True_errV=2.765e-04
[sample 019] iter 04: max_mismatchPQ=5.636e-03, NN_max_dAng=4.847e-03, NN_max_dV=1.050e-04  True_errAng=6.914e-03, True_errV=1.844e-04
[sample 019] iter 05: max_mismatchPQ=3.212e-03, NN_max_dAng=2.771e-03, NN_max_dV=7.074e-05  True_errAng=4.143e-03, True_errV=1.138e-04
[sample 019] iter 06: max_mismatchPQ=1.852e-03, NN_max_dAng=1.572e-03, NN_max_dV=4.763e-05  True_errAng=2.571e-03, True_errV=6.616e-05
[sample 019] iter 07: max_mismatchPQ=1.102e-03, NN_max_dAng=8.974e-04, NN_max_dV=2.900e-05  True_errAng=1.902e-03, True_errV=3.719e-05
[sample 019] iter 08: max_mismatchPQ=6.841e-04, NN_max_dAng=5.219e-04, NN_max_dV=1.657e-05  True_errAng=1.564e-03, True_errV=2.062e-05
[sample 019] iter 09: max_mismatchPQ=5.331e-04, NN_max_dAng=3.128e-04, NN_max_dV=9.290e-06  True_errAng=1.299e-03, True_errV=1.615e-05
[sample 019] iter 10: max_mismatchPQ=4.702e-04, NN_max_dAng=2.411e-04, NN_max_dV=5.485e-06  True_errAng=1.228e-03, True_errV=1.544e-05
[sample 019] iter 11: max_mismatchPQ=4.378e-04, NN_max_dAng=1.948e-04, NN_max_dV=3.110e-06  True_errAng=1.145e-03, True_errV=1.466e-05
[sample 019] iter 12: max_mismatchPQ=4.053e-04, NN_max_dAng=1.555e-04, NN_max_dV=1.719e-06  True_errAng=1.059e-03, True_errV=1.365e-05
[sample 019] iter 13: max_mismatchPQ=3.958e-04, NN_max_dAng=1.232e-04, NN_max_dV=1.292e-06  True_errAng=9.751e-04, True_errV=1.281e-05
[sample 019] iter 14: max_mismatchPQ=3.767e-04, NN_max_dAng=9.760e-05, NN_max_dV=1.325e-06  True_errAng=8.947e-04, True_errV=1.168e-05
[sample 019] iter 15: max_mismatchPQ=3.748e-04, NN_max_dAng=7.695e-05, NN_max_dV=9.024e-07  True_errAng=8.196e-04, True_errV=1.132e-05
[sample 019] iter 16: max_mismatchPQ=3.634e-04, NN_max_dAng=6.938e-05, NN_max_dV=1.184e-06  True_errAng=7.502e-04, True_errV=1.109e-05
[sample 019] iter 17: max_mismatchPQ=3.748e-04, NN_max_dAng=6.366e-05, NN_max_dV=7.979e-07  True_errAng=6.865e-04, True_errV=1.150e-05
[sample 019] iter 18: max_mismatchPQ=3.748e-04, NN_max_dAng=5.809e-05, NN_max_dV=8.260e-07  True_errAng=6.285e-04, True_errV=1.138e-05
[sample 019] iter 19: max_mismatchPQ=3.672e-04, NN_max_dAng=5.267e-05, NN_max_dV=8.718e-07  True_errAng=5.758e-04, True_errV=1.127e-05
[sample 019] iter 20: max_mismatchPQ=3.748e-04, NN_max_dAng=4.786e-05, NN_max_dV=8.021e-07  True_errAng=5.279e-04, True_errV=1.132e-05
[sample 019] >>> stop_reason=max_blocks, used_iter=16, max_PQ_mismatch=3.634e-04
[1;32m===== Test Sample Heatmap Cell: X=(-2.00,-1.80), PQ=(-1.80,-1.60), x_signed=-1.918099, pq_signed=-1.753415, valid_label=1 =====[0m
---- Error Metrics (Best State) ----
Angel_MAX   : 7.501841e-04
Voltage_MAX : 1.108646e-05
P_MAX       : 3.633623e-04
Q_MAX       : 3.595352e-04
P_MAE       : 8.437766e-05
Q_MAE       : 5.064919e-05
P_MSE       : 1.099491e-08
Q_MSE       : 5.661029e-09
P_RMSE      : 1.048566e-04
Q_RMSE      : 7.523981e-05

[sample 020] iter 00: max_mismatchPQ=1.691e+01, NN_max_dAng=0.000e+00, NN_max_dV=0.000e+00  True_errAng=1.876e-01, True_errV=8.862e-02
[sample 020] iter 01: max_mismatchPQ=1.346e+00, NN_max_dAng=1.275e-01, NN_max_dV=9.022e-02  True_errAng=6.014e-02, True_errV=3.819e-02
[sample 020] iter 02: max_mismatchPQ=5.005e-02, NN_max_dAng=4.623e-02, NN_max_dV=3.506e-02  True_errAng=1.639e-02, True_errV=3.123e-03
[sample 020] iter 03: max_mismatchPQ=8.201e-03, NN_max_dAng=9.116e-03, NN_max_dV=2.060e-03  True_errAng=8.670e-03, True_errV=1.063e-03
[sample 020] iter 04: max_mismatchPQ=5.091e-03, NN_max_dAng=3.626e-03, NN_max_dV=5.960e-04  True_errAng=5.525e-03, True_errV=4.670e-04
[sample 020] iter 05: max_mismatchPQ=2.965e-03, NN_max_dAng=2.317e-03, NN_max_dV=2.087e-04  True_errAng=4.425e-03, True_errV=2.584e-04
[sample 020] iter 06: max_mismatchPQ=1.790e-03, NN_max_dAng=1.332e-03, NN_max_dV=8.831e-05  True_errAng=3.476e-03, True_errV=1.701e-04
[sample 020] iter 07: max_mismatchPQ=1.318e-03, NN_max_dAng=7.877e-04, NN_max_dV=4.439e-05  True_errAng=2.689e-03, True_errV=1.256e-04
[sample 020] iter 08: max_mismatchPQ=1.011e-03, NN_max_dAng=6.357e-04, NN_max_dV=2.542e-05  True_errAng=2.065e-03, True_errV=1.001e-04
[sample 020] iter 09: max_mismatchPQ=7.946e-04, NN_max_dAng=5.021e-04, NN_max_dV=1.581e-05  True_errAng=1.737e-03, True_errV=8.434e-05
[sample 020] iter 10: max_mismatchPQ=6.461e-04, NN_max_dAng=3.903e-04, NN_max_dV=1.047e-05  True_errAng=1.479e-03, True_errV=7.391e-05
[sample 020] iter 11: max_mismatchPQ=5.354e-04, NN_max_dAng=2.997e-04, NN_max_dV=7.037e-06  True_errAng=1.268e-03, True_errV=6.682e-05
[sample 020] iter 12: max_mismatchPQ=4.786e-04, NN_max_dAng=2.279e-04, NN_max_dV=4.943e-06  True_errAng=1.094e-03, True_errV=6.193e-05
[sample 020] iter 13: max_mismatchPQ=4.376e-04, NN_max_dAng=1.718e-04, NN_max_dV=3.638e-06  True_errAng=9.462e-04, True_errV=5.829e-05
[sample 020] iter 14: max_mismatchPQ=4.062e-04, NN_max_dAng=1.285e-04, NN_max_dV=3.159e-06  True_errAng=8.197e-04, True_errV=5.543e-05
[sample 020] iter 15: max_mismatchPQ=3.813e-04, NN_max_dAng=1.094e-04, NN_max_dV=2.581e-06  True_errAng=7.103e-04, True_errV=5.323e-05
[sample 020] iter 16: max_mismatchPQ=3.611e-04, NN_max_dAng=9.532e-05, NN_max_dV=2.268e-06  True_errAng=6.149e-04, True_errV=5.150e-05
[sample 020] iter 17: max_mismatchPQ=3.445e-04, NN_max_dAng=8.355e-05, NN_max_dV=1.986e-06  True_errAng=5.314e-04, True_errV=5.007e-05
[sample 020] iter 18: max_mismatchPQ=3.307e-04, NN_max_dAng=7.354e-05, NN_max_dV=1.771e-06  True_errAng=4.578e-04, True_errV=4.894e-05
[sample 020] iter 19: max_mismatchPQ=3.190e-04, NN_max_dAng=6.501e-05, NN_max_dV=1.371e-06  True_errAng=3.928e-04, True_errV=4.792e-05
[sample 020] iter 20: max_mismatchPQ=3.091e-04, NN_max_dAng=5.762e-05, NN_max_dV=1.198e-06  True_errAng=3.351e-04, True_errV=4.703e-05
[sample 020] >>> stop_reason=max_blocks, used_iter=20, max_PQ_mismatch=3.091e-04
[1;32m===== Test Sample Heatmap Cell: X=(-2.00,-1.80), PQ=(-1.80,-1.60), x_signed=-1.876984, pq_signed=-1.704683, valid_label=1 =====[0m
---- Error Metrics (Best State) ----
Angel_MAX   : 3.351495e-04
Voltage_MAX : 4.702806e-05
P_MAX       : 3.090799e-04
Q_MAX       : 2.422184e-04
P_MAE       : 4.859015e-05
Q_MAE       : 4.453065e-05
P_MSE       : 4.565101e-09
Q_MSE       : 4.645089e-09
P_RMSE      : 6.756553e-05
Q_RMSE      : 6.815489e-05

[sample 021] iter 00: max_mismatchPQ=3.605e+01, NN_max_dAng=0.000e+00, NN_max_dV=0.000e+00  True_errAng=1.845e-01, True_errV=9.012e-02
[sample 021] iter 01: max_mismatchPQ=1.307e+00, NN_max_dAng=1.241e-01, NN_max_dV=8.859e-02  True_errAng=6.036e-02, True_errV=2.280e-02
[sample 021] iter 02: max_mismatchPQ=6.306e-02, NN_max_dAng=5.091e-02, NN_max_dV=2.196e-02  True_errAng=1.301e-02, True_errV=8.440e-04
[sample 021] iter 03: max_mismatchPQ=4.119e-03, NN_max_dAng=7.098e-03, NN_max_dV=8.194e-04  True_errAng=6.991e-03, True_errV=1.112e-04
[sample 021] iter 04: max_mismatchPQ=2.113e-03, NN_max_dAng=1.831e-03, NN_max_dV=8.695e-05  True_errAng=5.160e-03, True_errV=9.900e-05
[sample 021] iter 05: max_mismatchPQ=1.390e-03, NN_max_dAng=9.601e-04, NN_max_dV=2.431e-05  True_errAng=4.513e-03, True_errV=9.084e-05
[sample 021] iter 06: max_mismatchPQ=1.226e-03, NN_max_dAng=6.200e-04, NN_max_dV=1.606e-05  True_errAng=4.327e-03, True_errV=8.261e-05
[sample 021] iter 07: max_mismatchPQ=1.120e-03, NN_max_dAng=4.122e-04, NN_max_dV=9.942e-06  True_errAng=4.052e-03, True_errV=7.570e-05
[sample 021] iter 08: max_mismatchPQ=1.038e-03, NN_max_dAng=3.180e-04, NN_max_dV=6.234e-06  True_errAng=3.749e-03, True_errV=6.950e-05
[sample 021] iter 09: max_mismatchPQ=9.683e-04, NN_max_dAng=3.024e-04, NN_max_dV=5.631e-06  True_errAng=3.446e-03, True_errV=6.378e-05
[sample 021] iter 10: max_mismatchPQ=9.095e-04, NN_max_dAng=2.884e-04, NN_max_dV=5.266e-06  True_errAng=3.158e-03, True_errV=5.865e-05
[sample 021] iter 11: max_mismatchPQ=8.364e-04, NN_max_dAng=2.694e-04, NN_max_dV=5.164e-06  True_errAng=2.888e-03, True_errV=5.370e-05
[sample 021] iter 12: max_mismatchPQ=7.713e-04, NN_max_dAng=2.485e-04, NN_max_dV=4.523e-06  True_errAng=2.640e-03, True_errV=4.935e-05
[sample 021] iter 13: max_mismatchPQ=7.052e-04, NN_max_dAng=2.279e-04, NN_max_dV=4.244e-06  True_errAng=2.412e-03, True_errV=4.512e-05
[sample 021] iter 14: max_mismatchPQ=6.537e-04, NN_max_dAng=2.079e-04, NN_max_dV=3.975e-06  True_errAng=2.204e-03, True_errV=4.143e-05
[sample 021] iter 15: max_mismatchPQ=6.032e-04, NN_max_dAng=1.893e-04, NN_max_dV=3.397e-06  True_errAng=2.015e-03, True_errV=3.803e-05
[sample 021] iter 16: max_mismatchPQ=5.584e-04, NN_max_dAng=1.721e-04, NN_max_dV=3.395e-06  True_errAng=1.843e-03, True_errV=3.499e-05
[sample 021] iter 17: max_mismatchPQ=5.212e-04, NN_max_dAng=1.561e-04, NN_max_dV=3.011e-06  True_errAng=1.687e-03, True_errV=3.201e-05
[sample 021] iter 18: max_mismatchPQ=4.840e-04, NN_max_dAng=1.415e-04, NN_max_dV=2.756e-06  True_errAng=1.546e-03, True_errV=2.956e-05
[sample 021] iter 19: max_mismatchPQ=4.487e-04, NN_max_dAng=1.282e-04, NN_max_dV=2.268e-06  True_errAng=1.419e-03, True_errV=2.724e-05
[sample 021] iter 20: max_mismatchPQ=4.177e-04, NN_max_dAng=1.160e-04, NN_max_dV=2.191e-06  True_errAng=1.305e-03, True_errV=2.503e-05
[sample 021] >>> stop_reason=max_blocks, used_iter=20, max_PQ_mismatch=4.177e-04
[1;32m===== Test Sample Heatmap Cell: X=(-2.00,-1.80), PQ=(-1.60,-1.40), x_signed=-1.845875, pq_signed=-1.567589, valid_label=1 =====[0m
---- Error Metrics (Best State) ----
Angel_MAX   : 1.304597e-03
Voltage_MAX : 2.503395e-05
P_MAX       : 4.177094e-04
Q_MAX       : 2.550930e-04
P_MAE       : 1.112878e-04
Q_MAE       : 5.751209e-05
P_MSE       : 2.213527e-08
Q_MSE       : 6.490861e-09
P_RMSE      : 1.487793e-04
Q_RMSE      : 8.056588e-05

[sample 022] iter 00: max_mismatchPQ=2.486e+01, NN_max_dAng=0.000e+00, NN_max_dV=0.000e+00  True_errAng=1.920e-01, True_errV=9.000e-02
[sample 022] iter 01: max_mismatchPQ=8.780e-01, NN_max_dAng=1.335e-01, NN_max_dV=8.579e-02  True_errAng=6.188e-02, True_errV=1.940e-02
[sample 022] iter 02: max_mismatchPQ=3.177e-02, NN_max_dAng=3.258e-02, NN_max_dV=1.935e-02  True_errAng=3.152e-02, True_errV=1.097e-03
[sample 022] iter 03: max_mismatchPQ=1.112e-02, NN_max_dAng=1.087e-02, NN_max_dV=5.361e-04  True_errAng=2.261e-02, True_errV=5.608e-04
[sample 022] iter 04: max_mismatchPQ=7.936e-03, NN_max_dAng=5.944e-03, NN_max_dV=1.803e-04  True_errAng=1.783e-02, True_errV=3.805e-04
[sample 022] iter 05: max_mismatchPQ=5.751e-03, NN_max_dAng=4.233e-03, NN_max_dV=1.092e-04  True_errAng=1.360e-02, True_errV=2.718e-04
[sample 022] iter 06: max_mismatchPQ=4.232e-03, NN_max_dAng=3.366e-03, NN_max_dV=7.354e-05  True_errAng=1.023e-02, True_errV=1.982e-04
[sample 022] iter 07: max_mismatchPQ=3.137e-03, NN_max_dAng=2.566e-03, NN_max_dV=5.275e-05  True_errAng=7.667e-03, True_errV=1.459e-04
[sample 022] iter 08: max_mismatchPQ=2.334e-03, NN_max_dAng=1.926e-03, NN_max_dV=3.810e-05  True_errAng=5.741e-03, True_errV=1.084e-04
[sample 022] iter 09: max_mismatchPQ=1.736e-03, NN_max_dAng=1.438e-03, NN_max_dV=2.799e-05  True_errAng=4.303e-03, True_errV=8.094e-05
[sample 022] iter 10: max_mismatchPQ=1.297e-03, NN_max_dAng=1.074e-03, NN_max_dV=2.065e-05  True_errAng=3.229e-03, True_errV=6.044e-05
[sample 022] iter 11: max_mismatchPQ=9.756e-04, NN_max_dAng=8.020e-04, NN_max_dV=1.502e-05  True_errAng=2.427e-03, True_errV=4.554e-05
[sample 022] iter 12: max_mismatchPQ=7.315e-04, NN_max_dAng=6.000e-04, NN_max_dV=1.136e-05  True_errAng=1.827e-03, True_errV=3.415e-05
[sample 022] iter 13: max_mismatchPQ=5.798e-04, NN_max_dAng=4.491e-04, NN_max_dV=8.584e-06  True_errAng=1.378e-03, True_errV=2.593e-05
[sample 022] iter 14: max_mismatchPQ=5.875e-04, NN_max_dAng=3.366e-04, NN_max_dV=6.182e-06  True_errAng=1.041e-03, True_errV=1.973e-05
[sample 022] iter 15: max_mismatchPQ=5.989e-04, NN_max_dAng=2.523e-04, NN_max_dV=4.702e-06  True_errAng=7.888e-04, True_errV=1.502e-05
[sample 022] iter 16: max_mismatchPQ=5.913e-04, NN_max_dAng=1.892e-04, NN_max_dV=3.610e-06  True_errAng=5.996e-04, True_errV=1.144e-05
[sample 022] iter 17: max_mismatchPQ=5.837e-04, NN_max_dAng=1.420e-04, NN_max_dV=2.600e-06  True_errAng=4.575e-04, True_errV=8.881e-06
[sample 022] iter 18: max_mismatchPQ=5.798e-04, NN_max_dAng=1.067e-04, NN_max_dV=1.915e-06  True_errAng=3.508e-04, True_errV=7.093e-06
[sample 022] iter 19: max_mismatchPQ=5.913e-04, NN_max_dAng=8.018e-05, NN_max_dV=1.593e-06  True_errAng=2.706e-04, True_errV=6.914e-06
[sample 022] iter 20: max_mismatchPQ=5.913e-04, NN_max_dAng=6.013e-05, NN_max_dV=1.059e-06  True_errAng=2.105e-04, True_errV=7.391e-06
[sample 022] >>> stop_reason=max_blocks, used_iter=18, max_PQ_mismatch=5.798e-04
[1;32m===== Test Sample Heatmap Cell: X=(-2.00,-1.80), PQ=(-1.60,-1.40), x_signed=-1.920869, pq_signed=-1.478046, valid_label=1 =====[0m
---- Error Metrics (Best State) ----
Angel_MAX   : 3.507733e-04
Voltage_MAX : 7.092953e-06
P_MAX       : 2.567768e-04
Q_MAX       : 5.798396e-04
P_MAE       : 5.723646e-05
Q_MAE       : 6.017741e-05
P_MSE       : 5.434647e-09
Q_MSE       : 1.048751e-08
P_RMSE      : 7.372006e-05
Q_RMSE      : 1.024086e-04

[sample 023] iter 00: max_mismatchPQ=3.709e+01, NN_max_dAng=0.000e+00, NN_max_dV=0.000e+00  True_errAng=9.291e-02, True_errV=1.857e-01
[sample 023] iter 01: max_mismatchPQ=5.881e-01, NN_max_dAng=1.085e-01, NN_max_dV=1.877e-01  True_errAng=3.899e-02, True_errV=2.935e-02
[sample 023] iter 02: max_mismatchPQ=3.825e-02, NN_max_dAng=3.466e-02, NN_max_dV=2.881e-02  True_errAng=1.717e-02, True_errV=5.465e-04
[sample 023] iter 03: max_mismatchPQ=7.986e-03, NN_max_dAng=6.884e-03, NN_max_dV=5.441e-04  True_errAng=1.122e-02, True_errV=3.050e-04
[sample 023] iter 04: max_mismatchPQ=4.322e-03, NN_max_dAng=3.950e-03, NN_max_dV=1.157e-04  True_errAng=7.293e-03, True_errV=1.893e-04
[sample 023] iter 05: max_mismatchPQ=2.652e-03, NN_max_dAng=2.276e-03, NN_max_dV=7.729e-05  True_errAng=6.738e-03, True_errV=1.120e-04
[sample 023] iter 06: max_mismatchPQ=1.804e-03, NN_max_dAng=1.364e-03, NN_max_dV=4.553e-05  True_errAng=6.429e-03, True_errV=9.739e-05
[sample 023] iter 07: max_mismatchPQ=1.595e-03, NN_max_dAng=8.481e-04, NN_max_dV=2.633e-05  True_errAng=5.994e-03, True_errV=9.120e-05
[sample 023] iter 08: max_mismatchPQ=1.585e-03, NN_max_dAng=5.531e-04, NN_max_dV=1.508e-05  True_errAng=5.517e-03, True_errV=8.422e-05
[sample 023] iter 09: max_mismatchPQ=1.518e-03, NN_max_dAng=4.788e-04, NN_max_dV=8.767e-06  True_errAng=5.038e-03, True_errV=7.731e-05
[sample 023] iter 10: max_mismatchPQ=1.420e-03, NN_max_dAng=4.595e-04, NN_max_dV=6.639e-06  True_errAng=4.578e-03, True_errV=7.081e-05
[sample 023] iter 11: max_mismatchPQ=1.313e-03, NN_max_dAng=4.305e-04, NN_max_dV=6.279e-06  True_errAng=4.148e-03, True_errV=6.455e-05
[sample 023] iter 12: max_mismatchPQ=1.208e-03, NN_max_dAng=3.980e-04, NN_max_dV=5.601e-06  True_errAng=3.750e-03, True_errV=5.889e-05
[sample 023] iter 13: max_mismatchPQ=1.109e-03, NN_max_dAng=3.650e-04, NN_max_dV=5.282e-06  True_errAng=3.385e-03, True_errV=5.358e-05
[sample 023] iter 14: max_mismatchPQ=1.021e-03, NN_max_dAng=3.329e-04, NN_max_dV=4.760e-06  True_errAng=3.052e-03, True_errV=4.882e-05
[sample 023] iter 15: max_mismatchPQ=9.346e-04, NN_max_dAng=3.027e-04, NN_max_dV=4.550e-06  True_errAng=2.749e-03, True_errV=4.429e-05
[sample 023] iter 16: max_mismatchPQ=8.570e-04, NN_max_dAng=2.745e-04, NN_max_dV=3.919e-06  True_errAng=2.475e-03, True_errV=4.035e-05
[sample 023] iter 17: max_mismatchPQ=7.864e-04, NN_max_dAng=2.487e-04, NN_max_dV=3.759e-06  True_errAng=2.226e-03, True_errV=3.660e-05
[sample 023] iter 18: max_mismatchPQ=7.194e-04, NN_max_dAng=2.251e-04, NN_max_dV=3.287e-06  True_errAng=2.001e-03, True_errV=3.332e-05
[sample 023] iter 19: max_mismatchPQ=6.646e-04, NN_max_dAng=2.035e-04, NN_max_dV=3.010e-06  True_errAng=1.798e-03, True_errV=3.028e-05
[sample 023] iter 20: max_mismatchPQ=6.113e-04, NN_max_dAng=1.839e-04, NN_max_dV=2.666e-06  True_errAng=1.614e-03, True_errV=2.760e-05
[sample 023] >>> stop_reason=max_blocks, used_iter=20, max_PQ_mismatch=6.113e-04
[1;32m===== Test Sample Heatmap Cell: X=(-2.00,-1.80), PQ=(-1.60,-1.40), x_signed=-1.868570, pq_signed=-1.532819, valid_label=1 =====[0m
---- Error Metrics (Best State) ----
Angel_MAX   : 1.613647e-03
Voltage_MAX : 2.759695e-05
P_MAX       : 6.113054e-04
Q_MAX       : 3.066063e-04
P_MAE       : 1.314008e-04
Q_MAE       : 5.570054e-05
P_MSE       : 3.380736e-08
Q_MSE       : 6.674677e-09
P_RMSE      : 1.838678e-04
Q_RMSE      : 8.169869e-05

[sample 024] iter 00: max_mismatchPQ=4.001e+01, NN_max_dAng=0.000e+00, NN_max_dV=0.000e+00  True_errAng=1.813e-01, True_errV=8.869e-02
[sample 024] iter 01: max_mismatchPQ=1.260e+00, NN_max_dAng=1.144e-01, NN_max_dV=9.373e-02  True_errAng=6.689e-02, True_errV=1.804e-02
[sample 024] iter 02: max_mismatchPQ=6.002e-02, NN_max_dAng=5.711e-02, NN_max_dV=1.805e-02  True_errAng=1.136e-02, True_errV=7.600e-04
[sample 024] iter 03: max_mismatchPQ=2.795e-03, NN_max_dAng=4.549e-03, NN_max_dV=6.924e-04  True_errAng=6.852e-03, True_errV=1.214e-04
[sample 024] iter 04: max_mismatchPQ=1.998e-03, NN_max_dAng=1.597e-03, NN_max_dV=1.077e-04  True_errAng=5.309e-03, True_errV=1.121e-04
[sample 024] iter 05: max_mismatchPQ=1.654e-03, NN_max_dAng=7.724e-04, NN_max_dV=1.526e-05  True_errAng=5.047e-03, True_errV=9.829e-05
[sample 024] iter 06: max_mismatchPQ=1.448e-03, NN_max_dAng=5.149e-04, NN_max_dV=1.146e-05  True_errAng=4.665e-03, True_errV=8.678e-05
[sample 024] iter 07: max_mismatchPQ=1.353e-03, NN_max_dAng=4.095e-04, NN_max_dV=9.495e-06  True_errAng=4.258e-03, True_errV=7.725e-05
[sample 024] iter 08: max_mismatchPQ=1.252e-03, NN_max_dAng=3.915e-04, NN_max_dV=8.290e-06  True_errAng=3.866e-03, True_errV=6.896e-05
[sample 024] iter 09: max_mismatchPQ=1.146e-03, NN_max_dAng=3.633e-04, NN_max_dV=6.968e-06  True_errAng=3.503e-03, True_errV=6.193e-05
[sample 024] iter 10: max_mismatchPQ=1.040e-03, NN_max_dAng=3.317e-04, NN_max_dV=6.314e-06  True_errAng=3.171e-03, True_errV=5.567e-05
[sample 024] iter 11: max_mismatchPQ=9.456e-04, NN_max_dAng=3.008e-04, NN_max_dV=5.583e-06  True_errAng=2.871e-03, True_errV=5.043e-05
[sample 024] iter 12: max_mismatchPQ=8.555e-04, NN_max_dAng=2.717e-04, NN_max_dV=5.029e-06  True_errAng=2.599e-03, True_errV=4.566e-05
[sample 024] iter 13: max_mismatchPQ=7.818e-04, NN_max_dAng=2.449e-04, NN_max_dV=4.411e-06  True_errAng=2.354e-03, True_errV=4.208e-05
[sample 024] iter 14: max_mismatchPQ=7.329e-04, NN_max_dAng=2.207e-04, NN_max_dV=4.088e-06  True_errAng=2.133e-03, True_errV=3.994e-05
[sample 024] iter 15: max_mismatchPQ=6.566e-04, NN_max_dAng=1.988e-04, NN_max_dV=3.589e-06  True_errAng=1.934e-03, True_errV=3.773e-05
[sample 024] iter 16: max_mismatchPQ=7.177e-04, NN_max_dAng=1.791e-04, NN_max_dV=3.186e-06  True_errAng=1.755e-03, True_errV=3.612e-05
[sample 024] iter 17: max_mismatchPQ=6.566e-04, NN_max_dAng=1.613e-04, NN_max_dV=2.888e-06  True_errAng=1.594e-03, True_errV=3.457e-05
[sample 024] iter 18: max_mismatchPQ=6.871e-04, NN_max_dAng=1.453e-04, NN_max_dV=2.591e-06  True_errAng=1.449e-03, True_errV=3.314e-05
[sample 024] iter 19: max_mismatchPQ=7.177e-04, NN_max_dAng=1.310e-04, NN_max_dV=2.385e-06  True_errAng=1.318e-03, True_errV=3.195e-05
[sample 024] iter 20: max_mismatchPQ=6.719e-04, NN_max_dAng=1.181e-04, NN_max_dV=2.003e-06  True_errAng=1.200e-03, True_errV=3.064e-05
[sample 024] >>> stop_reason=max_blocks, used_iter=17, max_PQ_mismatch=6.566e-04
[1;32m===== Test Sample Heatmap Cell: X=(-2.00,-1.80), PQ=(-1.60,-1.40), x_signed=-1.813565, pq_signed=-1.522680, valid_label=1 =====[0m
---- Error Metrics (Best State) ----
Angel_MAX   : 1.594022e-03
Voltage_MAX : 3.457069e-05
P_MAX       : 5.488244e-04
Q_MAX       : 6.566150e-04
P_MAE       : 1.372015e-04
Q_MAE       : 5.970024e-05
P_MSE       : 3.531724e-08
Q_MSE       : 1.144941e-08
P_RMSE      : 1.879288e-04
Q_RMSE      : 1.070019e-04

[sample 025] iter 00: max_mismatchPQ=2.600e+01, NN_max_dAng=0.000e+00, NN_max_dV=0.000e+00  True_errAng=9.509e-02, True_errV=1.903e-01
[sample 025] iter 01: max_mismatchPQ=6.424e-01, NN_max_dAng=9.190e-02, NN_max_dV=1.730e-01  True_errAng=7.377e-02, True_errV=3.366e-02
[sample 025] iter 02: max_mismatchPQ=2.874e-02, NN_max_dAng=6.013e-02, NN_max_dV=3.339e-02  True_errAng=1.506e-02, True_errV=7.026e-04
[sample 025] iter 03: max_mismatchPQ=9.758e-03, NN_max_dAng=1.180e-02, NN_max_dV=6.686e-04  True_errAng=8.712e-03, True_errV=1.565e-04
[sample 025] iter 04: max_mismatchPQ=4.274e-03, NN_max_dAng=3.041e-03, NN_max_dV=1.884e-04  True_errAng=5.748e-03, True_errV=6.604e-05
[sample 025] iter 05: max_mismatchPQ=2.371e-03, NN_max_dAng=1.404e-03, NN_max_dV=3.527e-05  True_errAng=4.344e-03, True_errV=7.701e-05
[sample 025] iter 06: max_mismatchPQ=1.619e-03, NN_max_dAng=7.645e-04, NN_max_dV=9.048e-06  True_errAng=3.580e-03, True_errV=7.236e-05
[sample 025] iter 07: max_mismatchPQ=1.256e-03, NN_max_dAng=5.007e-04, NN_max_dV=7.357e-06  True_errAng=3.079e-03, True_errV=6.503e-05
[sample 025] iter 08: max_mismatchPQ=1.038e-03, NN_max_dAng=3.778e-04, NN_max_dV=7.174e-06  True_errAng=2.701e-03, True_errV=5.788e-05
[sample 025] iter 09: max_mismatchPQ=8.937e-04, NN_max_dAng=3.091e-04, NN_max_dV=6.463e-06  True_errAng=2.392e-03, True_errV=5.144e-05
[sample 025] iter 10: max_mismatchPQ=7.819e-04, NN_max_dAng=2.641e-04, NN_max_dV=5.665e-06  True_errAng=2.128e-03, True_errV=4.578e-05
[sample 025] iter 11: max_mismatchPQ=6.889e-04, NN_max_dAng=2.302e-04, NN_max_dV=5.192e-06  True_errAng=1.898e-03, True_errV=4.065e-05
[sample 025] iter 12: max_mismatchPQ=6.098e-04, NN_max_dAng=2.031e-04, NN_max_dV=4.374e-06  True_errAng=1.695e-03, True_errV=3.624e-05
[sample 025] iter 13: max_mismatchPQ=5.451e-04, NN_max_dAng=1.805e-04, NN_max_dV=3.833e-06  True_errAng=1.514e-03, True_errV=3.237e-05
[sample 025] iter 14: max_mismatchPQ=4.896e-04, NN_max_dAng=1.608e-04, NN_max_dV=3.506e-06  True_errAng=1.353e-03, True_errV=2.879e-05
[sample 025] iter 15: max_mismatchPQ=4.383e-04, NN_max_dAng=1.438e-04, NN_max_dV=3.056e-06  True_errAng=1.209e-03, True_errV=2.581e-05
[sample 025] iter 16: max_mismatchPQ=3.916e-04, NN_max_dAng=1.290e-04, NN_max_dV=2.788e-06  True_errAng=1.080e-03, True_errV=2.366e-05
[sample 025] iter 17: max_mismatchPQ=3.511e-04, NN_max_dAng=1.158e-04, NN_max_dV=2.481e-06  True_errAng=9.647e-04, True_errV=2.342e-05
[sample 025] iter 18: max_mismatchPQ=3.129e-04, NN_max_dAng=1.040e-04, NN_max_dV=2.185e-06  True_errAng=8.607e-04, True_errV=2.319e-05
[sample 025] iter 19: max_mismatchPQ=2.831e-04, NN_max_dAng=9.354e-05, NN_max_dV=2.024e-06  True_errAng=7.672e-04, True_errV=2.301e-05
[sample 025] iter 20: max_mismatchPQ=2.545e-04, NN_max_dAng=8.406e-05, NN_max_dV=1.769e-06  True_errAng=6.831e-04, True_errV=2.283e-05
[sample 025] >>> stop_reason=max_blocks, used_iter=20, max_PQ_mismatch=2.545e-04
[1;32m===== Test Sample Heatmap Cell: X=(-2.00,-1.80), PQ=(-1.60,-1.40), x_signed=-1.915421, pq_signed=-1.491605, valid_label=1 =====[0m
---- Error Metrics (Best State) ----
Angel_MAX   : 6.830990e-04
Voltage_MAX : 2.282858e-05
P_MAX       : 2.545118e-04
Q_MAX       : 1.863837e-04
P_MAE       : 6.568652e-05
Q_MAE       : 4.807621e-05
P_MSE       : 7.566188e-09
Q_MSE       : 4.113758e-09
P_RMSE      : 8.698383e-05
Q_RMSE      : 6.413859e-05

[sample 026] iter 00: max_mismatchPQ=2.726e+01, NN_max_dAng=0.000e+00, NN_max_dV=0.000e+00  True_errAng=1.943e-01, True_errV=9.614e-02
[sample 026] iter 01: max_mismatchPQ=9.289e-01, NN_max_dAng=9.705e-02, NN_max_dV=9.423e-02  True_errAng=1.193e-01, True_errV=2.316e-02
[sample 026] iter 02: max_mismatchPQ=2.292e-01, NN_max_dAng=6.960e-02, NN_max_dV=2.215e-02  True_errAng=4.968e-02, True_errV=2.744e-03
[sample 026] iter 03: max_mismatchPQ=2.256e-02, NN_max_dAng=3.243e-02, NN_max_dV=2.379e-03  True_errAng=1.725e-02, True_errV=5.815e-04
[sample 026] iter 04: max_mismatchPQ=7.953e-03, NN_max_dAng=7.798e-03, NN_max_dV=3.144e-04  True_errAng=9.914e-03, True_errV=2.887e-04
[sample 026] iter 05: max_mismatchPQ=4.511e-03, NN_max_dAng=4.008e-03, NN_max_dV=1.125e-04  True_errAng=8.006e-03, True_errV=1.782e-04
[sample 026] iter 06: max_mismatchPQ=2.564e-03, NN_max_dAng=2.238e-03, NN_max_dV=6.801e-05  True_errAng=6.344e-03, True_errV=1.102e-04
[sample 026] iter 07: max_mismatchPQ=1.858e-03, NN_max_dAng=1.383e-03, NN_max_dV=4.246e-05  True_errAng=4.961e-03, True_errV=8.082e-05
[sample 026] iter 08: max_mismatchPQ=1.440e-03, NN_max_dAng=1.116e-03, NN_max_dV=2.527e-05  True_errAng=3.845e-03, True_errV=6.294e-05
[sample 026] iter 09: max_mismatchPQ=1.127e-03, NN_max_dAng=8.815e-04, NN_max_dV=1.465e-05  True_errAng=2.963e-03, True_errV=4.846e-05
[sample 026] iter 10: max_mismatchPQ=8.782e-04, NN_max_dAng=6.865e-04, NN_max_dV=1.192e-05  True_errAng=2.277e-03, True_errV=3.731e-05
[sample 026] iter 11: max_mismatchPQ=6.834e-04, NN_max_dAng=5.293e-04, NN_max_dV=9.077e-06  True_errAng=1.747e-03, True_errV=2.873e-05
[sample 026] iter 12: max_mismatchPQ=5.339e-04, NN_max_dAng=4.053e-04, NN_max_dV=7.085e-06  True_errAng=1.342e-03, True_errV=2.635e-05
[sample 026] iter 13: max_mismatchPQ=4.186e-04, NN_max_dAng=3.088e-04, NN_max_dV=5.257e-06  True_errAng=1.033e-03, True_errV=2.545e-05
[sample 026] iter 14: max_mismatchPQ=3.304e-04, NN_max_dAng=2.344e-04, NN_max_dV=4.104e-06  True_errAng=7.989e-04, True_errV=2.480e-05
[sample 026] iter 15: max_mismatchPQ=2.646e-04, NN_max_dAng=1.776e-04, NN_max_dV=3.093e-06  True_errAng=6.213e-04, True_errV=2.438e-05
[sample 026] iter 16: max_mismatchPQ=2.136e-04, NN_max_dAng=1.344e-04, NN_max_dV=2.505e-06  True_errAng=4.869e-04, True_errV=2.396e-05
[sample 026] iter 17: max_mismatchPQ=2.054e-04, NN_max_dAng=1.014e-04, NN_max_dV=1.682e-06  True_errAng=3.855e-04, True_errV=2.366e-05
[sample 026] iter 18: max_mismatchPQ=2.051e-04, NN_max_dAng=7.647e-05, NN_max_dV=1.530e-06  True_errAng=3.090e-04, True_errV=2.354e-05
[sample 026] iter 19: max_mismatchPQ=2.049e-04, NN_max_dAng=5.784e-05, NN_max_dV=8.089e-07  True_errAng=2.511e-04, True_errV=2.342e-05
[sample 026] iter 20: max_mismatchPQ=2.044e-04, NN_max_dAng=4.344e-05, NN_max_dV=9.647e-07  True_errAng=2.077e-04, True_errV=2.342e-05
[sample 026] >>> stop_reason=max_blocks, used_iter=20, max_PQ_mismatch=2.044e-04
[1;32m===== Test Sample Heatmap Cell: X=(-2.00,-1.80), PQ=(-1.60,-1.40), x_signed=-1.943646, pq_signed=-1.443806, valid_label=1 =====[0m
---- Error Metrics (Best State) ----
Angel_MAX   : 2.077222e-04
Voltage_MAX : 2.342463e-05
P_MAX       : 2.044141e-04
Q_MAX       : 1.287516e-04
P_MAE       : 3.966880e-05
Q_MAE       : 4.308086e-05
P_MSE       : 2.688457e-09
Q_MSE       : 2.848461e-09
P_RMSE      : 5.185034e-05
Q_RMSE      : 5.337098e-05

[sample 027] iter 00: max_mismatchPQ=4.486e+01, NN_max_dAng=0.000e+00, NN_max_dV=0.000e+00  True_errAng=1.932e-01, True_errV=9.488e-02
[sample 027] iter 01: max_mismatchPQ=1.339e+00, NN_max_dAng=1.017e-01, NN_max_dV=9.204e-02  True_errAng=9.144e-02, True_errV=2.692e-02
[sample 027] iter 02: max_mismatchPQ=1.987e-01, NN_max_dAng=7.260e-02, NN_max_dV=2.429e-02  True_errAng=3.009e-02, True_errV=5.531e-03
[sample 027] iter 03: max_mismatchPQ=1.197e-02, NN_max_dAng=1.634e-02, NN_max_dV=5.519e-03  True_errAng=2.457e-02, True_errV=4.268e-04
[sample 027] iter 04: max_mismatchPQ=8.273e-03, NN_max_dAng=3.559e-03, NN_max_dV=7.923e-05  True_errAng=2.101e-02, True_errV=3.715e-04
[sample 027] iter 05: max_mismatchPQ=6.564e-03, NN_max_dAng=2.574e-03, NN_max_dV=3.391e-05  True_errAng=1.844e-02, True_errV=3.376e-04
[sample 027] iter 06: max_mismatchPQ=5.545e-03, NN_max_dAng=2.058e-03, NN_max_dV=3.284e-05  True_errAng=1.638e-02, True_errV=3.047e-04
[sample 027] iter 07: max_mismatchPQ=4.820e-03, NN_max_dAng=1.746e-03, NN_max_dV=3.067e-05  True_errAng=1.463e-02, True_errV=2.740e-04
[sample 027] iter 08: max_mismatchPQ=4.250e-03, NN_max_dAng=1.525e-03, NN_max_dV=2.775e-05  True_errAng=1.311e-02, True_errV=2.462e-04
[sample 027] iter 09: max_mismatchPQ=3.775e-03, NN_max_dAng=1.350e-03, NN_max_dV=2.503e-05  True_errAng=1.176e-02, True_errV=2.213e-04
[sample 027] iter 10: max_mismatchPQ=3.364e-03, NN_max_dAng=1.203e-03, NN_max_dV=2.238e-05  True_errAng=1.056e-02, True_errV=1.989e-04
[sample 027] iter 11: max_mismatchPQ=3.008e-03, NN_max_dAng=1.076e-03, NN_max_dV=2.004e-05  True_errAng=9.479e-03, True_errV=1.789e-04
[sample 027] iter 12: max_mismatchPQ=2.692e-03, NN_max_dAng=9.639e-04, NN_max_dV=1.792e-05  True_errAng=8.516e-03, True_errV=1.609e-04
[sample 027] iter 13: max_mismatchPQ=2.411e-03, NN_max_dAng=8.646e-04, NN_max_dV=1.605e-05  True_errAng=7.651e-03, True_errV=1.448e-04
[sample 027] iter 14: max_mismatchPQ=2.166e-03, NN_max_dAng=7.763e-04, NN_max_dV=1.440e-05  True_errAng=6.875e-03, True_errV=1.304e-04
[sample 027] iter 15: max_mismatchPQ=1.941e-03, NN_max_dAng=6.974e-04, NN_max_dV=1.280e-05  True_errAng=6.177e-03, True_errV=1.176e-04
[sample 027] iter 16: max_mismatchPQ=1.743e-03, NN_max_dAng=6.269e-04, NN_max_dV=1.167e-05  True_errAng=5.550e-03, True_errV=1.059e-04
[sample 027] iter 17: max_mismatchPQ=1.566e-03, NN_max_dAng=5.639e-04, NN_max_dV=1.040e-05  True_errAng=4.987e-03, True_errV=9.549e-05
[sample 027] iter 18: max_mismatchPQ=1.407e-03, NN_max_dAng=5.072e-04, NN_max_dV=9.346e-06  True_errAng=4.479e-03, True_errV=8.607e-05
[sample 027] iter 19: max_mismatchPQ=1.260e-03, NN_max_dAng=4.565e-04, NN_max_dV=8.390e-06  True_errAng=4.023e-03, True_errV=7.766e-05
[sample 027] iter 20: max_mismatchPQ=1.132e-03, NN_max_dAng=4.108e-04, NN_max_dV=7.694e-06  True_errAng=3.612e-03, True_errV=6.998e-05
[sample 027] >>> stop_reason=max_blocks, used_iter=20, max_PQ_mismatch=1.132e-03
[1;32m===== Test Sample Heatmap Cell: X=(-2.00,-1.80), PQ=(-1.60,-1.40), x_signed=-1.932469, pq_signed=-1.532128, valid_label=1 =====[0m
---- Error Metrics (Best State) ----
Angel_MAX   : 3.611982e-03
Voltage_MAX : 6.997585e-05
P_MAX       : 1.132250e-03
Q_MAX       : 4.063398e-04
P_MAE       : 2.818423e-04
Q_MAE       : 8.704836e-05
P_MSE       : 1.585861e-07
Q_MSE       : 1.370466e-08
P_RMSE      : 3.982286e-04
Q_RMSE      : 1.170669e-04

[sample 028] iter 00: max_mismatchPQ=3.258e+01, NN_max_dAng=0.000e+00, NN_max_dV=0.000e+00  True_errAng=9.579e-02, True_errV=1.913e-01
[sample 028] iter 01: max_mismatchPQ=7.594e-01, NN_max_dAng=8.684e-02, NN_max_dV=1.898e-01  True_errAng=4.584e-02, True_errV=1.956e-02
[sample 028] iter 02: max_mismatchPQ=1.237e-02, NN_max_dAng=2.730e-02, NN_max_dV=1.938e-02  True_errAng=2.177e-02, True_errV=3.807e-04
[sample 028] iter 03: max_mismatchPQ=5.164e-03, NN_max_dAng=7.659e-03, NN_max_dV=2.486e-04  True_errAng=1.413e-02, True_errV=2.391e-04
[sample 028] iter 04: max_mismatchPQ=3.716e-03, NN_max_dAng=4.053e-03, NN_max_dV=9.594e-05  True_errAng=1.008e-02, True_errV=1.457e-04
[sample 028] iter 05: max_mismatchPQ=2.928e-03, NN_max_dAng=2.601e-03, NN_max_dV=5.855e-05  True_errAng=7.477e-03, True_errV=1.199e-04
[sample 028] iter 06: max_mismatchPQ=2.242e-03, NN_max_dAng=1.878e-03, NN_max_dV=3.285e-05  True_errAng=5.600e-03, True_errV=9.370e-05
[sample 028] iter 07: max_mismatchPQ=1.693e-03, NN_max_dAng=1.413e-03, NN_max_dV=2.246e-05  True_errAng=4.186e-03, True_errV=7.123e-05
[sample 028] iter 08: max_mismatchPQ=1.263e-03, NN_max_dAng=1.074e-03, NN_max_dV=1.775e-05  True_errAng=3.112e-03, True_errV=5.347e-05
[sample 028] iter 09: max_mismatchPQ=9.488e-04, NN_max_dAng=8.151e-04, NN_max_dV=1.379e-05  True_errAng=2.297e-03, True_errV=4.035e-05
[sample 028] iter 10: max_mismatchPQ=7.398e-04, NN_max_dAng=6.161e-04, NN_max_dV=1.058e-05  True_errAng=1.845e-03, True_errV=3.505e-05
[sample 028] iter 11: max_mismatchPQ=6.309e-04, NN_max_dAng=4.636e-04, NN_max_dV=8.045e-06  True_errAng=1.615e-03, True_errV=3.070e-05
[sample 028] iter 12: max_mismatchPQ=5.400e-04, NN_max_dAng=3.477e-04, NN_max_dV=6.084e-06  True_errAng=1.423e-03, True_errV=2.712e-05
[sample 028] iter 13: max_mismatchPQ=4.699e-04, NN_max_dAng=2.596e-04, NN_max_dV=4.762e-06  True_errAng=1.261e-03, True_errV=2.420e-05
[sample 028] iter 14: max_mismatchPQ=4.108e-04, NN_max_dAng=1.929e-04, NN_max_dV=3.381e-06  True_errAng=1.123e-03, True_errV=2.176e-05
[sample 028] iter 15: max_mismatchPQ=3.645e-04, NN_max_dAng=1.429e-04, NN_max_dV=2.404e-06  True_errAng=1.004e-03, True_errV=1.955e-05
[sample 028] iter 16: max_mismatchPQ=3.195e-04, NN_max_dAng=1.053e-04, NN_max_dV=2.098e-06  True_errAng=9.031e-04, True_errV=1.889e-05
[sample 028] iter 17: max_mismatchPQ=2.899e-04, NN_max_dAng=9.016e-05, NN_max_dV=1.420e-06  True_errAng=8.149e-04, True_errV=1.931e-05
[sample 028] iter 18: max_mismatchPQ=2.623e-04, NN_max_dAng=7.904e-05, NN_max_dV=1.480e-06  True_errAng=7.377e-04, True_errV=1.955e-05
[sample 028] iter 19: max_mismatchPQ=2.370e-04, NN_max_dAng=6.950e-05, NN_max_dV=1.063e-06  True_errAng=6.697e-04, True_errV=1.979e-05
[sample 028] iter 20: max_mismatchPQ=2.165e-04, NN_max_dAng=6.138e-05, NN_max_dV=1.245e-06  True_errAng=6.097e-04, True_errV=2.009e-05
[sample 028] >>> stop_reason=max_blocks, used_iter=20, max_PQ_mismatch=2.165e-04
[1;32m===== Test Sample Heatmap Cell: X=(-2.00,-1.80), PQ=(-1.60,-1.40), x_signed=-1.925221, pq_signed=-1.468563, valid_label=1 =====[0m
---- Error Metrics (Best State) ----
Angel_MAX   : 6.096512e-04
Voltage_MAX : 2.008677e-05
P_MAX       : 2.164841e-04
Q_MAX       : 2.088845e-04
P_MAE       : 5.951296e-05
Q_MAE       : 4.730272e-05
P_MSE       : 5.946253e-09
Q_MSE       : 4.009129e-09
P_RMSE      : 7.711195e-05
Q_RMSE      : 6.331768e-05

[sample 029] iter 00: max_mismatchPQ=2.810e+01, NN_max_dAng=0.000e+00, NN_max_dV=0.000e+00  True_errAng=1.838e-01, True_errV=8.933e-02
[sample 029] iter 01: max_mismatchPQ=1.300e+00, NN_max_dAng=1.400e-01, NN_max_dV=9.095e-02  True_errAng=4.389e-02, True_errV=2.488e-02
[sample 029] iter 02: max_mismatchPQ=3.013e-02, NN_max_dAng=3.253e-02, NN_max_dV=2.538e-02  True_errAng=1.701e-02, True_errV=4.971e-04
[sample 029] iter 03: max_mismatchPQ=9.291e-03, NN_max_dAng=7.124e-03, NN_max_dV=4.182e-04  True_errAng=1.234e-02, True_errV=2.335e-04
[sample 029] iter 04: max_mismatchPQ=5.568e-03, NN_max_dAng=3.572e-03, NN_max_dV=8.298e-05  True_errAng=9.447e-03, True_errV=1.675e-04
[sample 029] iter 05: max_mismatchPQ=3.733e-03, NN_max_dAng=1.989e-03, NN_max_dV=6.748e-05  True_errAng=7.615e-03, True_errV=9.996e-05
[sample 029] iter 06: max_mismatchPQ=2.752e-03, NN_max_dAng=1.252e-03, NN_max_dV=4.215e-05  True_errAng=6.363e-03, True_errV=7.135e-05
[sample 029] iter 07: max_mismatchPQ=2.190e-03, NN_max_dAng=9.210e-04, NN_max_dV=2.423e-05  True_errAng=5.442e-03, True_errV=6.598e-05
[sample 029] iter 08: max_mismatchPQ=1.830e-03, NN_max_dAng=7.175e-04, NN_max_dV=1.333e-05  True_errAng=4.724e-03, True_errV=5.996e-05
[sample 029] iter 09: max_mismatchPQ=1.575e-03, NN_max_dAng=5.826e-04, NN_max_dV=9.643e-06  True_errAng=4.142e-03, True_errV=5.412e-05
[sample 029] iter 10: max_mismatchPQ=1.384e-03, NN_max_dAng=4.869e-04, NN_max_dV=7.628e-06  True_errAng=3.655e-03, True_errV=4.870e-05
[sample 029] iter 11: max_mismatchPQ=1.224e-03, NN_max_dAng=4.148e-04, NN_max_dV=5.699e-06  True_errAng=3.240e-03, True_errV=4.387e-05
[sample 029] iter 12: max_mismatchPQ=1.090e-03, NN_max_dAng=3.583e-04, NN_max_dV=4.388e-06  True_errAng=2.882e-03, True_errV=3.970e-05
[sample 029] iter 13: max_mismatchPQ=9.809e-04, NN_max_dAng=3.123e-04, NN_max_dV=3.771e-06  True_errAng=2.569e-03, True_errV=3.594e-05
[sample 029] iter 14: max_mismatchPQ=8.814e-04, NN_max_dAng=2.740e-04, NN_max_dV=3.433e-06  True_errAng=2.295e-03, True_errV=3.248e-05
[sample 029] iter 15: max_mismatchPQ=8.042e-04, NN_max_dAng=2.416e-04, NN_max_dV=2.793e-06  True_errAng=2.054e-03, True_errV=2.968e-05
[sample 029] iter 16: max_mismatchPQ=7.306e-04, NN_max_dAng=2.136e-04, NN_max_dV=2.593e-06  True_errAng=1.840e-03, True_errV=2.706e-05
[sample 029] iter 17: max_mismatchPQ=6.689e-04, NN_max_dAng=1.893e-04, NN_max_dV=2.150e-06  True_errAng=1.651e-03, True_errV=2.486e-05
[sample 029] iter 18: max_mismatchPQ=6.157e-04, NN_max_dAng=1.681e-04, NN_max_dV=2.187e-06  True_errAng=1.483e-03, True_errV=2.265e-05
[sample 029] iter 19: max_mismatchPQ=5.621e-04, NN_max_dAng=1.495e-04, NN_max_dV=1.673e-06  True_errAng=1.333e-03, True_errV=2.098e-05
[sample 029] iter 20: max_mismatchPQ=5.203e-04, NN_max_dAng=1.332e-04, NN_max_dV=1.734e-06  True_errAng=1.200e-03, True_errV=1.925e-05
[sample 029] >>> stop_reason=max_blocks, used_iter=20, max_PQ_mismatch=5.203e-04
[1;32m===== Test Sample Heatmap Cell: X=(-2.00,-1.80), PQ=(-1.60,-1.40), x_signed=-1.839311, pq_signed=-1.595194, valid_label=1 =====[0m
---- Error Metrics (Best State) ----
Angel_MAX   : 1.200140e-03
Voltage_MAX : 1.925230e-05
P_MAX       : 5.203187e-04
Q_MAX       : 2.293587e-04
P_MAE       : 1.123166e-04
Q_MAE       : 6.563388e-05
P_MSE       : 2.484170e-08
Q_MSE       : 7.688517e-09
P_RMSE      : 1.576125e-04
Q_RMSE      : 8.768419e-05

[sample 030] iter 00: max_mismatchPQ=2.485e+01, NN_max_dAng=0.000e+00, NN_max_dV=0.000e+00  True_errAng=9.436e-02, True_errV=1.898e-01
[sample 030] iter 01: max_mismatchPQ=7.375e-01, NN_max_dAng=9.968e-02, NN_max_dV=1.487e-01  True_errAng=4.314e-02, True_errV=4.103e-02
[sample 030] iter 02: max_mismatchPQ=1.807e-02, NN_max_dAng=3.555e-02, NN_max_dV=4.136e-02  True_errAng=1.158e-02, True_errV=4.393e-04
[sample 030] iter 03: max_mismatchPQ=3.785e-03, NN_max_dAng=6.640e-03, NN_max_dV=3.708e-04  True_errAng=4.941e-03, True_errV=1.169e-04
[sample 030] iter 04: max_mismatchPQ=2.019e-03, NN_max_dAng=2.385e-03, NN_max_dV=7.562e-05  True_errAng=2.556e-03, True_errV=8.613e-05
[sample 030] iter 05: max_mismatchPQ=1.210e-03, NN_max_dAng=9.669e-04, NN_max_dV=3.519e-05  True_errAng=1.694e-03, True_errV=5.090e-05
[sample 030] iter 06: max_mismatchPQ=7.420e-04, NN_max_dAng=5.346e-04, NN_max_dV=2.146e-05  True_errAng=1.261e-03, True_errV=2.944e-05
[sample 030] iter 07: max_mismatchPQ=4.874e-04, NN_max_dAng=3.013e-04, NN_max_dV=1.177e-05  True_errAng=9.701e-04, True_errV=1.818e-05
[sample 030] iter 08: max_mismatchPQ=3.995e-04, NN_max_dAng=2.212e-04, NN_max_dV=6.561e-06  True_errAng=7.492e-04, True_errV=1.204e-05
[sample 030] iter 09: max_mismatchPQ=3.499e-04, NN_max_dAng=1.739e-04, NN_max_dV=3.755e-06  True_errAng=5.756e-04, True_errV=9.537e-06
[sample 030] iter 10: max_mismatchPQ=3.308e-04, NN_max_dAng=1.373e-04, NN_max_dV=2.171e-06  True_errAng=4.386e-04, True_errV=9.596e-06
[sample 030] iter 11: max_mismatchPQ=3.136e-04, NN_max_dAng=1.078e-04, NN_max_dV=1.103e-06  True_errAng=3.310e-04, True_errV=9.596e-06
[sample 030] iter 12: max_mismatchPQ=3.011e-04, NN_max_dAng=8.418e-05, NN_max_dV=7.723e-07  True_errAng=2.470e-04, True_errV=9.537e-06
[sample 030] iter 13: max_mismatchPQ=3.088e-04, NN_max_dAng=6.559e-05, NN_max_dV=4.870e-07  True_errAng=1.815e-04, True_errV=9.835e-06
[sample 030] iter 14: max_mismatchPQ=3.011e-04, NN_max_dAng=5.085e-05, NN_max_dV=5.326e-07  True_errAng=1.307e-04, True_errV=9.656e-06
[sample 030] iter 15: max_mismatchPQ=3.011e-04, NN_max_dAng=3.938e-05, NN_max_dV=3.553e-07  True_errAng=9.203e-05, True_errV=9.894e-06
[sample 030] iter 16: max_mismatchPQ=3.088e-04, NN_max_dAng=3.064e-05, NN_max_dV=2.301e-07  True_errAng=6.685e-05, True_errV=9.775e-06
[sample 030] iter 17: max_mismatchPQ=3.088e-04, NN_max_dAng=2.381e-05, NN_max_dV=1.736e-07  True_errAng=4.733e-05, True_errV=9.835e-06
[sample 030] iter 18: max_mismatchPQ=3.011e-04, NN_max_dAng=1.859e-05, NN_max_dV=2.251e-07  True_errAng=3.210e-05, True_errV=9.596e-06
[sample 030] iter 19: max_mismatchPQ=3.088e-04, NN_max_dAng=1.436e-05, NN_max_dV=2.445e-07  True_errAng=2.071e-05, True_errV=9.835e-06
[sample 030] iter 20: max_mismatchPQ=3.088e-04, NN_max_dAng=1.121e-05, NN_max_dV=2.422e-07  True_errAng=1.736e-05, True_errV=9.835e-06
[sample 030] >>> stop_reason=max_blocks, used_iter=12, max_PQ_mismatch=3.011e-04
[1;32m===== Test Sample Heatmap Cell: X=(-2.00,-1.80), PQ=(-1.60,-1.40), x_signed=-1.909673, pq_signed=-1.566352, valid_label=1 =====[0m
---- Error Metrics (Best State) ----
Angel_MAX   : 2.469569e-04
Voltage_MAX : 9.536743e-06
P_MAX       : 2.926607e-04
Q_MAX       : 3.011227e-04
P_MAE       : 4.752892e-05
Q_MAE       : 4.851763e-05
P_MSE       : 4.609899e-09
Q_MSE       : 5.156630e-09
P_RMSE      : 6.789624e-05
Q_RMSE      : 7.180968e-05

[sample 031] iter 00: max_mismatchPQ=3.130e+01, NN_max_dAng=0.000e+00, NN_max_dV=0.000e+00  True_errAng=1.902e-01, True_errV=9.393e-02
[sample 031] iter 01: max_mismatchPQ=7.288e-01, NN_max_dAng=9.395e-02, NN_max_dV=8.707e-02  True_errAng=1.019e-01, True_errV=1.552e-02
[sample 031] iter 02: max_mismatchPQ=1.627e-01, NN_max_dAng=6.498e-02, NN_max_dV=1.552e-02  True_errAng=3.688e-02, True_errV=6.630e-04
[sample 031] iter 03: max_mismatchPQ=1.052e-02, NN_max_dAng=3.278e-02, NN_max_dV=4.578e-04  True_errAng=6.687e-03, True_errV=2.052e-04
[sample 031] iter 04: max_mismatchPQ=3.179e-03, NN_max_dAng=3.395e-03, NN_max_dV=1.806e-04  True_errAng=4.097e-03, True_errV=1.161e-04
[sample 031] iter 05: max_mismatchPQ=1.826e-03, NN_max_dAng=1.542e-03, NN_max_dV=4.594e-05  True_errAng=2.556e-03, True_errV=7.010e-05
[sample 031] iter 06: max_mismatchPQ=1.077e-03, NN_max_dAng=8.865e-04, NN_max_dV=2.964e-05  True_errAng=1.669e-03, True_errV=4.047e-05
[sample 031] iter 07: max_mismatchPQ=6.654e-04, NN_max_dAng=5.128e-04, NN_max_dV=1.697e-05  True_errAng=1.447e-03, True_errV=2.706e-05
[sample 031] iter 08: max_mismatchPQ=4.463e-04, NN_max_dAng=3.050e-04, NN_max_dV=9.698e-06  True_errAng=1.394e-03, True_errV=2.688e-05
[sample 031] iter 09: max_mismatchPQ=3.548e-04, NN_max_dAng=1.885e-04, NN_max_dV=5.352e-06  True_errAng=1.317e-03, True_errV=2.670e-05
[sample 031] iter 10: max_mismatchPQ=3.244e-04, NN_max_dAng=1.472e-04, NN_max_dV=3.179e-06  True_errAng=1.231e-03, True_errV=2.575e-05
[sample 031] iter 11: max_mismatchPQ=3.072e-04, NN_max_dAng=1.201e-04, NN_max_dV=1.762e-06  True_errAng=1.143e-03, True_errV=2.444e-05
[sample 031] iter 12: max_mismatchPQ=2.834e-04, NN_max_dAng=9.707e-05, NN_max_dV=1.474e-06  True_errAng=1.057e-03, True_errV=2.313e-05
[sample 031] iter 13: max_mismatchPQ=2.643e-04, NN_max_dAng=8.159e-05, NN_max_dV=1.443e-06  True_errAng=9.762e-04, True_errV=2.170e-05
[sample 031] iter 14: max_mismatchPQ=2.462e-04, NN_max_dAng=7.609e-05, NN_max_dV=1.466e-06  True_errAng=9.007e-04, True_errV=2.056e-05
[sample 031] iter 15: max_mismatchPQ=2.460e-04, NN_max_dAng=7.036e-05, NN_max_dV=1.262e-06  True_errAng=8.308e-04, True_errV=1.931e-05
[sample 031] iter 16: max_mismatchPQ=2.460e-04, NN_max_dAng=6.467e-05, NN_max_dV=1.239e-06  True_errAng=7.667e-04, True_errV=1.806e-05
[sample 031] iter 17: max_mismatchPQ=2.479e-04, NN_max_dAng=5.914e-05, NN_max_dV=1.082e-06  True_errAng=7.081e-04, True_errV=1.705e-05
[sample 031] iter 18: max_mismatchPQ=2.498e-04, NN_max_dAng=5.396e-05, NN_max_dV=1.020e-06  True_errAng=6.546e-04, True_errV=1.621e-05
[sample 031] iter 19: max_mismatchPQ=2.517e-04, NN_max_dAng=4.910e-05, NN_max_dV=1.036e-06  True_errAng=6.060e-04, True_errV=1.526e-05
[sample 031] iter 20: max_mismatchPQ=2.555e-04, NN_max_dAng=4.460e-05, NN_max_dV=9.582e-07  True_errAng=5.618e-04, True_errV=1.436e-05
[sample 031] >>> stop_reason=max_blocks, used_iter=15, max_PQ_mismatch=2.460e-04
[1;32m===== Test Sample Heatmap Cell: X=(-2.00,-1.80), PQ=(-1.40,-1.20), x_signed=-1.902412, pq_signed=-1.245696, valid_label=1 =====[0m
---- Error Metrics (Best State) ----
Angel_MAX   : 8.307844e-04
Voltage_MAX : 1.931190e-05
P_MAX       : 2.288818e-04
Q_MAX       : 2.460182e-04
P_MAE       : 8.479067e-05
Q_MAE       : 4.627010e-05
P_MSE       : 1.047818e-08
Q_MSE       : 3.951813e-09
P_RMSE      : 1.023630e-04
Q_RMSE      : 6.286344e-05

[sample 032] iter 00: max_mismatchPQ=4.040e+01, NN_max_dAng=0.000e+00, NN_max_dV=0.000e+00  True_errAng=9.943e-02, True_errV=1.983e-01
[sample 032] iter 01: max_mismatchPQ=4.624e-01, NN_max_dAng=8.868e-02, NN_max_dV=1.656e-01  True_errAng=5.151e-02, True_errV=3.272e-02
[sample 032] iter 02: max_mismatchPQ=1.622e-02, NN_max_dAng=5.230e-02, NN_max_dV=3.259e-02  True_errAng=7.553e-03, True_errV=2.485e-04
[sample 032] iter 03: max_mismatchPQ=3.590e-03, NN_max_dAng=6.159e-03, NN_max_dV=2.505e-04  True_errAng=3.314e-03, True_errV=8.494e-05
[sample 032] iter 04: max_mismatchPQ=1.593e-03, NN_max_dAng=1.665e-03, NN_max_dV=4.640e-05  True_errAng=1.928e-03, True_errV=6.622e-05
[sample 032] iter 05: max_mismatchPQ=1.009e-03, NN_max_dAng=7.522e-04, NN_max_dV=2.818e-05  True_errAng=1.176e-03, True_errV=3.803e-05
[sample 032] iter 06: max_mismatchPQ=7.247e-04, NN_max_dAng=4.127e-04, NN_max_dV=1.564e-05  True_errAng=9.862e-04, True_errV=2.241e-05
[sample 032] iter 07: max_mismatchPQ=5.720e-04, NN_max_dAng=2.347e-04, NN_max_dV=8.243e-06  True_errAng=8.991e-04, True_errV=1.597e-05
[sample 032] iter 08: max_mismatchPQ=4.859e-04, NN_max_dAng=1.402e-04, NN_max_dV=4.326e-06  True_errAng=8.182e-04, True_errV=1.568e-05
[sample 032] iter 09: max_mismatchPQ=4.305e-04, NN_max_dAng=8.872e-05, NN_max_dV=2.502e-06  True_errAng=7.394e-04, True_errV=1.460e-05
[sample 032] iter 10: max_mismatchPQ=3.998e-04, NN_max_dAng=7.586e-05, NN_max_dV=1.470e-06  True_errAng=6.635e-04, True_errV=1.347e-05
[sample 032] iter 11: max_mismatchPQ=3.808e-04, NN_max_dAng=7.171e-05, NN_max_dV=1.331e-06  True_errAng=5.918e-04, True_errV=1.234e-05
[sample 032] iter 12: max_mismatchPQ=3.674e-04, NN_max_dAng=6.674e-05, NN_max_dV=1.131e-06  True_errAng=5.250e-04, True_errV=1.138e-05
[sample 032] iter 13: max_mismatchPQ=3.576e-04, NN_max_dAng=6.148e-05, NN_max_dV=1.208e-06  True_errAng=4.636e-04, True_errV=1.019e-05
[sample 032] iter 14: max_mismatchPQ=3.521e-04, NN_max_dAng=5.632e-05, NN_max_dV=9.268e-07  True_errAng=4.072e-04, True_errV=9.477e-06
[sample 032] iter 15: max_mismatchPQ=3.426e-04, NN_max_dAng=5.129e-05, NN_max_dV=8.886e-07  True_errAng=3.560e-04, True_errV=8.643e-06
[sample 032] iter 16: max_mismatchPQ=3.422e-04, NN_max_dAng=4.645e-05, NN_max_dV=1.147e-06  True_errAng=3.095e-04, True_errV=8.643e-06
[sample 032] iter 17: max_mismatchPQ=3.421e-04, NN_max_dAng=4.224e-05, NN_max_dV=6.767e-07  True_errAng=2.673e-04, True_errV=8.941e-06
[sample 032] iter 18: max_mismatchPQ=3.364e-04, NN_max_dAng=3.821e-05, NN_max_dV=9.131e-07  True_errAng=2.291e-04, True_errV=9.477e-06
[sample 032] iter 19: max_mismatchPQ=3.383e-04, NN_max_dAng=3.455e-05, NN_max_dV=7.124e-07  True_errAng=1.947e-04, True_errV=9.716e-06
[sample 032] iter 20: max_mismatchPQ=3.365e-04, NN_max_dAng=3.114e-05, NN_max_dV=6.046e-07  True_errAng=1.638e-04, True_errV=9.954e-06
[sample 032] >>> stop_reason=max_blocks, used_iter=18, max_PQ_mismatch=3.364e-04
[1;32m===== Test Sample Heatmap Cell: X=(-2.00,-1.80), PQ=(-1.40,-1.20), x_signed=-1.995363, pq_signed=-1.383579, valid_label=1 =====[0m
---- Error Metrics (Best State) ----
Angel_MAX   : 2.290606e-04
Voltage_MAX : 9.477139e-06
P_MAX       : 3.364086e-04
Q_MAX       : 2.136426e-04
P_MAE       : 3.895612e-05
Q_MAE       : 4.374680e-05
P_MSE       : 3.528349e-09
Q_MSE       : 3.152587e-09
P_RMSE      : 5.939991e-05
Q_RMSE      : 5.614790e-05

[sample 033] iter 00: max_mismatchPQ=2.070e+01, NN_max_dAng=0.000e+00, NN_max_dV=0.000e+00  True_errAng=1.853e-01, True_errV=9.158e-02
[sample 033] iter 01: max_mismatchPQ=1.066e+00, NN_max_dAng=1.249e-01, NN_max_dV=9.143e-02  True_errAng=6.040e-02, True_errV=1.940e-02
[sample 033] iter 02: max_mismatchPQ=6.433e-02, NN_max_dAng=5.054e-02, NN_max_dV=1.922e-02  True_errAng=9.851e-03, True_errV=8.085e-04
[sample 033] iter 03: max_mismatchPQ=6.111e-03, NN_max_dAng=7.221e-03, NN_max_dV=7.731e-04  True_errAng=4.755e-03, True_errV=1.031e-04
[sample 033] iter 04: max_mismatchPQ=2.582e-03, NN_max_dAng=1.985e-03, NN_max_dV=4.219e-05  True_errAng=3.770e-03, True_errV=8.541e-05
[sample 033] iter 05: max_mismatchPQ=1.431e-03, NN_max_dAng=1.132e-03, NN_max_dV=2.733e-05  True_errAng=3.160e-03, True_errV=5.811e-05
[sample 033] iter 06: max_mismatchPQ=9.928e-04, NN_max_dAng=6.950e-04, NN_max_dV=2.128e-05  True_errAng=2.545e-03, True_errV=3.684e-05
[sample 033] iter 07: max_mismatchPQ=7.973e-04, NN_max_dAng=5.285e-04, NN_max_dV=1.322e-05  True_errAng=2.017e-03, True_errV=2.366e-05
[sample 033] iter 08: max_mismatchPQ=6.404e-04, NN_max_dAng=4.299e-04, NN_max_dV=8.043e-06  True_errAng=1.587e-03, True_errV=1.562e-05
[sample 033] iter 09: max_mismatchPQ=5.169e-04, NN_max_dAng=3.415e-04, NN_max_dV=4.889e-06  True_errAng=1.245e-03, True_errV=1.383e-05
[sample 033] iter 10: max_mismatchPQ=4.177e-04, NN_max_dAng=2.671e-04, NN_max_dV=2.817e-06  True_errAng=9.783e-04, True_errV=1.413e-05
[sample 033] iter 11: max_mismatchPQ=3.390e-04, NN_max_dAng=2.075e-04, NN_max_dV=1.835e-06  True_errAng=7.708e-04, True_errV=1.442e-05
[sample 033] iter 12: max_mismatchPQ=2.813e-04, NN_max_dAng=1.605e-04, NN_max_dV=1.473e-06  True_errAng=6.103e-04, True_errV=1.431e-05
[sample 033] iter 13: max_mismatchPQ=2.356e-04, NN_max_dAng=1.236e-04, NN_max_dV=1.063e-06  True_errAng=4.868e-04, True_errV=1.425e-05
[sample 033] iter 14: max_mismatchPQ=2.070e-04, NN_max_dAng=9.528e-05, NN_max_dV=7.716e-07  True_errAng=3.915e-04, True_errV=1.401e-05
[sample 033] iter 15: max_mismatchPQ=2.038e-04, NN_max_dAng=7.330e-05, NN_max_dV=6.737e-07  True_errAng=3.614e-04, True_errV=1.383e-05
[sample 033] iter 16: max_mismatchPQ=1.979e-04, NN_max_dAng=5.642e-05, NN_max_dV=4.346e-07  True_errAng=3.431e-04, True_errV=1.365e-05
[sample 033] iter 17: max_mismatchPQ=1.982e-04, NN_max_dAng=4.366e-05, NN_max_dV=5.931e-07  True_errAng=3.252e-04, True_errV=1.335e-05
[sample 033] iter 18: max_mismatchPQ=1.977e-04, NN_max_dAng=3.379e-05, NN_max_dV=4.666e-07  True_errAng=3.083e-04, True_errV=1.311e-05
[sample 033] iter 19: max_mismatchPQ=1.943e-04, NN_max_dAng=2.612e-05, NN_max_dV=2.809e-07  True_errAng=2.925e-04, True_errV=1.287e-05
[sample 033] iter 20: max_mismatchPQ=1.883e-04, NN_max_dAng=2.042e-05, NN_max_dV=3.040e-07  True_errAng=2.776e-04, True_errV=1.270e-05
[sample 033] >>> stop_reason=max_blocks, used_iter=20, max_PQ_mismatch=1.883e-04
[1;32m===== Test Sample Heatmap Cell: X=(-2.00,-1.80), PQ=(-1.40,-1.20), x_signed=-1.853692, pq_signed=-1.317359, valid_label=1 =====[0m
---- Error Metrics (Best State) ----
Angel_MAX   : 2.775639e-04
Voltage_MAX : 1.269579e-05
P_MAX       : 1.883141e-04
Q_MAX       : 1.691878e-04
P_MAE       : 3.992345e-05
Q_MAE       : 3.583367e-05
P_MSE       : 2.684521e-09
Q_MSE       : 2.476119e-09
P_RMSE      : 5.181237e-05
Q_RMSE      : 4.976062e-05

[sample 034] iter 00: max_mismatchPQ=7.824e+01, NN_max_dAng=0.000e+00, NN_max_dV=0.000e+00  True_errAng=1.899e-01, True_errV=9.187e-02
[sample 034] iter 01: max_mismatchPQ=3.970e+00, NN_max_dAng=1.488e-01, NN_max_dV=8.877e-02  True_errAng=4.276e-02, True_errV=1.103e-02
[sample 034] iter 02: max_mismatchPQ=1.814e+00, NN_max_dAng=2.907e-02, NN_max_dV=1.065e-02  True_errAng=1.914e-02, True_errV=4.455e-03
[sample 034] iter 03: max_mismatchPQ=2.386e+00, NN_max_dAng=7.385e-03, NN_max_dV=1.534e-03  True_errAng=1.366e-02, True_errV=5.989e-03
[sample 034] iter 04: max_mismatchPQ=2.588e+00, NN_max_dAng=4.057e-03, NN_max_dV=5.408e-04  True_errAng=9.600e-03, True_errV=6.529e-03
[sample 034] iter 05: max_mismatchPQ=2.644e+00, NN_max_dAng=2.755e-03, NN_max_dV=1.521e-04  True_errAng=6.845e-03, True_errV=6.681e-03
[sample 034] iter 06: max_mismatchPQ=2.671e+00, NN_max_dAng=1.797e-03, NN_max_dV=7.768e-05  True_errAng=5.584e-03, True_errV=6.759e-03
[sample 034] iter 07: max_mismatchPQ=2.693e+00, NN_max_dAng=1.191e-03, NN_max_dV=5.801e-05  True_errAng=4.641e-03, True_errV=6.817e-03
[sample 034] iter 08: max_mismatchPQ=2.709e+00, NN_max_dAng=8.406e-04, NN_max_dV=4.443e-05  True_errAng=4.430e-03, True_errV=6.861e-03
[sample 034] iter 09: max_mismatchPQ=2.722e+00, NN_max_dAng=7.090e-04, NN_max_dV=3.237e-05  True_errAng=4.159e-03, True_errV=6.894e-03
[sample 034] iter 10: max_mismatchPQ=2.731e+00, NN_max_dAng=5.908e-04, NN_max_dV=2.247e-05  True_errAng=3.861e-03, True_errV=6.916e-03
[sample 034] iter 11: max_mismatchPQ=2.737e+00, NN_max_dAng=4.879e-04, NN_max_dV=1.542e-05  True_errAng=3.555e-03, True_errV=6.932e-03
[sample 034] iter 12: max_mismatchPQ=2.741e+00, NN_max_dAng=4.003e-04, NN_max_dV=9.935e-06  True_errAng=3.253e-03, True_errV=6.942e-03
[sample 034] iter 13: max_mismatchPQ=2.743e+00, NN_max_dAng=3.272e-04, NN_max_dV=6.553e-06  True_errAng=2.963e-03, True_errV=6.948e-03
[sample 034] iter 14: max_mismatchPQ=2.745e+00, NN_max_dAng=2.748e-04, NN_max_dV=4.062e-06  True_errAng=2.689e-03, True_errV=6.952e-03
[sample 034] iter 15: max_mismatchPQ=2.746e+00, NN_max_dAng=2.575e-04, NN_max_dV=3.645e-06  True_errAng=2.431e-03, True_errV=6.954e-03
[sample 034] iter 16: max_mismatchPQ=2.746e+00, NN_max_dAng=2.394e-04, NN_max_dV=3.589e-06  True_errAng=2.192e-03, True_errV=6.956e-03
[sample 034] iter 17: max_mismatchPQ=2.747e+00, NN_max_dAng=2.214e-04, NN_max_dV=3.408e-06  True_errAng=1.970e-03, True_errV=6.956e-03
[sample 034] iter 18: max_mismatchPQ=2.747e+00, NN_max_dAng=2.039e-04, NN_max_dV=3.036e-06  True_errAng=1.766e-03, True_errV=6.956e-03
[sample 034] iter 19: max_mismatchPQ=2.747e+00, NN_max_dAng=1.871e-04, NN_max_dV=2.842e-06  True_errAng=1.579e-03, True_errV=6.956e-03
[sample 034] iter 20: max_mismatchPQ=2.747e+00, NN_max_dAng=1.713e-04, NN_max_dV=2.684e-06  True_errAng=1.408e-03, True_errV=6.956e-03
[sample 034] >>> stop_reason=max_blocks, used_iter=2, max_PQ_mismatch=1.814e+00
[1;32m===== Test Sample Heatmap Cell: X=(-2.00,-1.80), PQ=(-1.40,-1.20), x_signed=-1.899817, pq_signed=-1.335977, valid_label=1 =====[0m
---- Error Metrics (Best State) ----
Angel_MAX   : 1.913643e-02
Voltage_MAX : 4.454732e-03
P_MAX       : 1.317415e+00
Q_MAX       : 1.813568e+00
P_MAE       : 2.618007e-02
Q_MAE       : 3.356595e-02
P_MSE       : 1.976301e-02
Q_MSE       : 5.191883e-02
P_RMSE      : 1.405810e-01
Q_RMSE      : 2.278571e-01

[sample 035] iter 00: max_mismatchPQ=5.964e+01, NN_max_dAng=0.000e+00, NN_max_dV=0.000e+00  True_errAng=9.896e-02, True_errV=1.974e-01
[sample 035] iter 01: max_mismatchPQ=1.129e+00, NN_max_dAng=1.002e-01, NN_max_dV=1.972e-01  True_errAng=7.310e-02, True_errV=1.714e-02
[sample 035] iter 02: max_mismatchPQ=1.097e-01, NN_max_dAng=5.563e-02, NN_max_dV=1.706e-02  True_errAng=1.748e-02, True_errV=7.512e-04
[sample 035] iter 03: max_mismatchPQ=5.125e-03, NN_max_dAng=2.422e-02, NN_max_dV=6.980e-04  True_errAng=8.499e-03, True_errV=1.377e-04
[sample 035] iter 04: max_mismatchPQ=2.999e-03, NN_max_dAng=2.286e-03, NN_max_dV=1.601e-04  True_errAng=6.829e-03, True_errV=1.160e-04
[sample 035] iter 05: max_mismatchPQ=2.207e-03, NN_max_dAng=1.674e-03, NN_max_dV=2.945e-05  True_errAng=5.155e-03, True_errV=8.655e-05
[sample 035] iter 06: max_mismatchPQ=1.647e-03, NN_max_dAng=1.316e-03, NN_max_dV=2.186e-05  True_errAng=3.838e-03, True_errV=6.467e-05
[sample 035] iter 07: max_mismatchPQ=1.230e-03, NN_max_dAng=9.979e-04, NN_max_dV=1.607e-05  True_errAng=2.840e-03, True_errV=4.864e-05
[sample 035] iter 08: max_mismatchPQ=9.390e-04, NN_max_dAng=7.475e-04, NN_max_dV=1.191e-05  True_errAng=2.198e-03, True_errV=3.678e-05
[sample 035] iter 09: max_mismatchPQ=8.178e-04, NN_max_dAng=5.567e-04, NN_max_dV=8.860e-06  True_errAng=1.905e-03, True_errV=2.789e-05
[sample 035] iter 10: max_mismatchPQ=7.114e-04, NN_max_dAng=4.128e-04, NN_max_dV=6.679e-06  True_errAng=1.655e-03, True_errV=2.122e-05
[sample 035] iter 11: max_mismatchPQ=6.317e-04, NN_max_dAng=3.052e-04, NN_max_dV=5.046e-06  True_errAng=1.441e-03, True_errV=1.740e-05
[sample 035] iter 12: max_mismatchPQ=5.570e-04, NN_max_dAng=2.250e-04, NN_max_dV=3.566e-06  True_errAng=1.256e-03, True_errV=1.502e-05
[sample 035] iter 13: max_mismatchPQ=4.994e-04, NN_max_dAng=1.647e-04, NN_max_dV=2.925e-06  True_errAng=1.095e-03, True_errV=1.293e-05
[sample 035] iter 14: max_mismatchPQ=4.557e-04, NN_max_dAng=1.404e-04, NN_max_dV=2.259e-06  True_errAng=9.547e-04, True_errV=1.121e-05
[sample 035] iter 15: max_mismatchPQ=4.715e-04, NN_max_dAng=1.231e-04, NN_max_dV=1.864e-06  True_errAng=8.316e-04, True_errV=9.656e-06
[sample 035] iter 16: max_mismatchPQ=4.654e-04, NN_max_dAng=1.081e-04, NN_max_dV=1.638e-06  True_errAng=7.235e-04, True_errV=8.345e-06
[sample 035] iter 17: max_mismatchPQ=4.797e-04, NN_max_dAng=9.533e-05, NN_max_dV=1.459e-06  True_errAng=6.282e-04, True_errV=7.987e-06
[sample 035] iter 18: max_mismatchPQ=4.816e-04, NN_max_dAng=8.428e-05, NN_max_dV=1.233e-06  True_errAng=5.439e-04, True_errV=7.987e-06
[sample 035] iter 19: max_mismatchPQ=4.862e-04, NN_max_dAng=7.457e-05, NN_max_dV=1.171e-06  True_errAng=4.693e-04, True_errV=8.106e-06
[sample 035] iter 20: max_mismatchPQ=4.864e-04, NN_max_dAng=6.628e-05, NN_max_dV=9.563e-07  True_errAng=4.030e-04, True_errV=8.047e-06
[sample 035] >>> stop_reason=max_blocks, used_iter=14, max_PQ_mismatch=4.557e-04
[1;32m===== Test Sample Heatmap Cell: X=(-2.00,-1.80), PQ=(-1.40,-1.20), x_signed=-1.986085, pq_signed=-1.251876, valid_label=1 =====[0m
---- Error Metrics (Best State) ----
Angel_MAX   : 9.547174e-04
Voltage_MAX : 1.120567e-05
P_MAX       : 4.556745e-04
Q_MAX       : 2.599657e-04
P_MAE       : 1.128133e-04
Q_MAE       : 5.119240e-05
P_MSE       : 2.220845e-08
Q_MSE       : 4.493893e-09
P_RMSE      : 1.490250e-04
Q_RMSE      : 6.703650e-05

[sample 036] iter 00: max_mismatchPQ=2.537e+01, NN_max_dAng=0.000e+00, NN_max_dV=0.000e+00  True_errAng=1.843e-01, True_errV=9.093e-02
[sample 036] iter 01: max_mismatchPQ=1.858e+00, NN_max_dAng=1.239e-01, NN_max_dV=9.059e-02  True_errAng=6.040e-02, True_errV=4.086e-02
[sample 036] iter 02: max_mismatchPQ=1.400e-02, NN_max_dAng=4.796e-02, NN_max_dV=4.064e-02  True_errAng=1.639e-02, True_errV=4.987e-04
[sample 036] iter 03: max_mismatchPQ=3.856e-03, NN_max_dAng=6.123e-03, NN_max_dV=3.236e-04  True_errAng=1.031e-02, True_errV=1.982e-04
[sample 036] iter 04: max_mismatchPQ=2.669e-03, NN_max_dAng=3.007e-03, NN_max_dV=5.585e-05  True_errAng=9.226e-03, True_errV=1.423e-04
[sample 036] iter 05: max_mismatchPQ=2.351e-03, NN_max_dAng=1.684e-03, NN_max_dV=1.728e-05  True_errAng=8.353e-03, True_errV=1.252e-04
[sample 036] iter 06: max_mismatchPQ=2.139e-03, NN_max_dAng=1.131e-03, NN_max_dV=1.036e-05  True_errAng=7.590e-03, True_errV=1.149e-04
[sample 036] iter 07: max_mismatchPQ=1.961e-03, NN_max_dAng=8.388e-04, NN_max_dV=9.394e-06  True_errAng=6.900e-03, True_errV=1.054e-04
[sample 036] iter 08: max_mismatchPQ=1.791e-03, NN_max_dAng=6.501e-04, NN_max_dV=8.950e-06  True_errAng=6.269e-03, True_errV=9.650e-05
[sample 036] iter 09: max_mismatchPQ=1.640e-03, NN_max_dAng=5.783e-04, NN_max_dV=8.387e-06  True_errAng=5.690e-03, True_errV=8.810e-05
[sample 036] iter 10: max_mismatchPQ=1.496e-03, NN_max_dAng=5.289e-04, NN_max_dV=7.917e-06  True_errAng=5.161e-03, True_errV=8.023e-05
[sample 036] iter 11: max_mismatchPQ=1.357e-03, NN_max_dAng=4.827e-04, NN_max_dV=7.121e-06  True_errAng=4.679e-03, True_errV=7.308e-05
[sample 036] iter 12: max_mismatchPQ=1.235e-03, NN_max_dAng=4.394e-04, NN_max_dV=6.633e-06  True_errAng=4.239e-03, True_errV=6.646e-05
[sample 036] iter 13: max_mismatchPQ=1.121e-03, NN_max_dAng=3.994e-04, NN_max_dV=6.018e-06  True_errAng=3.840e-03, True_errV=6.044e-05
[sample 036] iter 14: max_mismatchPQ=1.019e-03, NN_max_dAng=3.623e-04, NN_max_dV=5.669e-06  True_errAng=3.478e-03, True_errV=5.478e-05
[sample 036] iter 15: max_mismatchPQ=9.301e-04, NN_max_dAng=3.283e-04, NN_max_dV=5.133e-06  True_errAng=3.149e-03, True_errV=4.959e-05
[sample 036] iter 16: max_mismatchPQ=8.495e-04, NN_max_dAng=2.971e-04, NN_max_dV=4.479e-06  True_errAng=2.852e-03, True_errV=4.512e-05
[sample 036] iter 17: max_mismatchPQ=7.697e-04, NN_max_dAng=2.687e-04, NN_max_dV=4.114e-06  True_errAng=2.584e-03, True_errV=4.101e-05
[sample 036] iter 18: max_mismatchPQ=7.027e-04, NN_max_dAng=2.427e-04, NN_max_dV=3.771e-06  True_errAng=2.341e-03, True_errV=3.719e-05
[sample 036] iter 19: max_mismatchPQ=6.377e-04, NN_max_dAng=2.192e-04, NN_max_dV=3.529e-06  True_errAng=2.122e-03, True_errV=3.409e-05
[sample 036] iter 20: max_mismatchPQ=5.793e-04, NN_max_dAng=1.978e-04, NN_max_dV=2.902e-06  True_errAng=1.924e-03, True_errV=3.237e-05
[sample 036] >>> stop_reason=max_blocks, used_iter=20, max_PQ_mismatch=5.793e-04
[1;32m===== Test Sample Heatmap Cell: X=(-2.00,-1.80), PQ=(-1.40,-1.20), x_signed=-1.843777, pq_signed=-1.378675, valid_label=1 =====[0m
---- Error Metrics (Best State) ----
Angel_MAX   : 1.923949e-03
Voltage_MAX : 3.236532e-05
P_MAX       : 5.793273e-04
Q_MAX       : 4.698485e-04
P_MAE       : 1.653925e-04
Q_MAE       : 5.544127e-05
P_MSE       : 4.641690e-08
Q_MSE       : 7.828267e-09
P_RMSE      : 2.154458e-04
Q_RMSE      : 8.847749e-05

[sample 037] iter 00: max_mismatchPQ=3.663e+01, NN_max_dAng=0.000e+00, NN_max_dV=0.000e+00  True_errAng=9.698e-02, True_errV=1.932e-01
[sample 037] iter 01: max_mismatchPQ=5.412e-01, NN_max_dAng=1.048e-01, NN_max_dV=1.701e-01  True_errAng=3.967e-02, True_errV=2.308e-02
[sample 037] iter 02: max_mismatchPQ=1.574e-02, NN_max_dAng=4.223e-02, NN_max_dV=2.213e-02  True_errAng=2.035e-02, True_errV=1.172e-03
[sample 037] iter 03: max_mismatchPQ=6.393e-03, NN_max_dAng=5.358e-03, NN_max_dV=9.557e-04  True_errAng=1.736e-02, True_errV=3.140e-04
[sample 037] iter 04: max_mismatchPQ=5.297e-03, NN_max_dAng=2.383e-03, NN_max_dV=2.053e-04  True_errAng=1.572e-02, True_errV=2.633e-04
[sample 037] iter 05: max_mismatchPQ=4.675e-03, NN_max_dAng=1.642e-03, NN_max_dV=4.121e-05  True_errAng=1.409e-02, True_errV=2.263e-04
[sample 037] iter 06: max_mismatchPQ=4.098e-03, NN_max_dAng=1.484e-03, NN_max_dV=2.725e-05  True_errAng=1.261e-02, True_errV=1.990e-04
[sample 037] iter 07: max_mismatchPQ=3.607e-03, NN_max_dAng=1.320e-03, NN_max_dV=2.219e-05  True_errAng=1.129e-02, True_errV=1.768e-04
[sample 037] iter 08: max_mismatchPQ=3.186e-03, NN_max_dAng=1.171e-03, NN_max_dV=1.917e-05  True_errAng=1.012e-02, True_errV=1.577e-04
[sample 037] iter 09: max_mismatchPQ=2.839e-03, NN_max_dAng=1.041e-03, NN_max_dV=1.672e-05  True_errAng=9.078e-03, True_errV=1.409e-04
[sample 037] iter 10: max_mismatchPQ=2.536e-03, NN_max_dAng=9.281e-04, NN_max_dV=1.481e-05  True_errAng=8.150e-03, True_errV=1.261e-04
[sample 037] iter 11: max_mismatchPQ=2.264e-03, NN_max_dAng=8.297e-04, NN_max_dV=1.289e-05  True_errAng=7.320e-03, True_errV=1.131e-04
[sample 037] iter 12: max_mismatchPQ=2.027e-03, NN_max_dAng=7.429e-04, NN_max_dV=1.195e-05  True_errAng=6.577e-03, True_errV=1.012e-04
[sample 037] iter 13: max_mismatchPQ=1.817e-03, NN_max_dAng=6.659e-04, NN_max_dV=1.038e-05  True_errAng=5.911e-03, True_errV=9.084e-05
[sample 037] iter 14: max_mismatchPQ=1.629e-03, NN_max_dAng=5.972e-04, NN_max_dV=9.384e-06  True_errAng=5.314e-03, True_errV=8.148e-05
[sample 037] iter 15: max_mismatchPQ=1.457e-03, NN_max_dAng=5.357e-04, NN_max_dV=8.639e-06  True_errAng=4.779e-03, True_errV=7.451e-05
[sample 037] iter 16: max_mismatchPQ=1.308e-03, NN_max_dAng=4.807e-04, NN_max_dV=7.297e-06  True_errAng=4.298e-03, True_errV=7.081e-05
[sample 037] iter 17: max_mismatchPQ=1.172e-03, NN_max_dAng=4.315e-04, NN_max_dV=6.841e-06  True_errAng=3.866e-03, True_errV=6.759e-05
[sample 037] iter 18: max_mismatchPQ=1.065e-03, NN_max_dAng=3.873e-04, NN_max_dV=5.998e-06  True_errAng=3.479e-03, True_errV=6.443e-05
[sample 037] iter 19: max_mismatchPQ=9.663e-04, NN_max_dAng=3.476e-04, NN_max_dV=5.423e-06  True_errAng=3.131e-03, True_errV=6.187e-05
[sample 037] iter 20: max_mismatchPQ=8.748e-04, NN_max_dAng=3.120e-04, NN_max_dV=4.794e-06  True_errAng=2.819e-03, True_errV=5.949e-05
[sample 037] >>> stop_reason=max_blocks, used_iter=20, max_PQ_mismatch=8.748e-04
[1;32m===== Test Sample Heatmap Cell: X=(-2.00,-1.80), PQ=(-1.40,-1.20), x_signed=-1.944443, pq_signed=-1.236362, valid_label=1 =====[0m
---- Error Metrics (Best State) ----
Angel_MAX   : 2.819389e-03
Voltage_MAX : 5.948544e-05
P_MAX       : 8.747578e-04
Q_MAX       : 2.510697e-04
P_MAE       : 2.322797e-04
Q_MAE       : 6.221664e-05
P_MSE       : 9.998863e-08
Q_MSE       : 6.748133e-09
P_RMSE      : 3.162098e-04
Q_RMSE      : 8.214702e-05

[sample 038] iter 00: max_mismatchPQ=2.988e+01, NN_max_dAng=0.000e+00, NN_max_dV=0.000e+00  True_errAng=9.407e-02, True_errV=1.902e-01
[sample 038] iter 01: max_mismatchPQ=5.485e-01, NN_max_dAng=9.303e-02, NN_max_dV=1.807e-01  True_errAng=3.000e-02, True_errV=1.683e-02
[sample 038] iter 02: max_mismatchPQ=1.515e-02, NN_max_dAng=3.257e-02, NN_max_dV=1.681e-02  True_errAng=9.779e-03, True_errV=3.965e-04
[sample 038] iter 03: max_mismatchPQ=4.137e-03, NN_max_dAng=3.642e-03, NN_max_dV=3.218e-04  True_errAng=6.141e-03, True_errV=1.732e-04
[sample 038] iter 04: max_mismatchPQ=2.336e-03, NN_max_dAng=2.050e-03, NN_max_dV=4.202e-05  True_errAng=5.803e-03, True_errV=1.400e-04
[sample 038] iter 05: max_mismatchPQ=1.572e-03, NN_max_dAng=1.183e-03, NN_max_dV=3.893e-05  True_errAng=5.463e-03, True_errV=1.218e-04
[sample 038] iter 06: max_mismatchPQ=1.501e-03, NN_max_dAng=7.550e-04, NN_max_dV=2.287e-05  True_errAng=5.020e-03, True_errV=1.074e-04
[sample 038] iter 07: max_mismatchPQ=1.435e-03, NN_max_dAng=5.189e-04, NN_max_dV=1.231e-05  True_errAng=4.556e-03, True_errV=9.513e-05
[sample 038] iter 08: max_mismatchPQ=1.325e-03, NN_max_dAng=4.484e-04, NN_max_dV=1.064e-05  True_errAng=4.107e-03, True_errV=8.452e-05
[sample 038] iter 09: max_mismatchPQ=1.203e-03, NN_max_dAng=4.173e-04, NN_max_dV=9.305e-06  True_errAng=3.690e-03, True_errV=7.528e-05
[sample 038] iter 10: max_mismatchPQ=1.085e-03, NN_max_dAng=3.813e-04, NN_max_dV=8.108e-06  True_errAng=3.309e-03, True_errV=6.717e-05
[sample 038] iter 11: max_mismatchPQ=9.713e-04, NN_max_dAng=3.450e-04, NN_max_dV=7.198e-06  True_errAng=2.964e-03, True_errV=5.996e-05
[sample 038] iter 12: max_mismatchPQ=8.712e-04, NN_max_dAng=3.106e-04, NN_max_dV=6.465e-06  True_errAng=2.653e-03, True_errV=5.352e-05
[sample 038] iter 13: max_mismatchPQ=7.782e-04, NN_max_dAng=2.790e-04, NN_max_dV=5.533e-06  True_errAng=2.374e-03, True_errV=4.798e-05
[sample 038] iter 14: max_mismatchPQ=6.955e-04, NN_max_dAng=2.503e-04, NN_max_dV=5.018e-06  True_errAng=2.124e-03, True_errV=4.292e-05
[sample 038] iter 15: max_mismatchPQ=6.218e-04, NN_max_dAng=2.245e-04, NN_max_dV=4.390e-06  True_errAng=1.899e-03, True_errV=4.059e-05
[sample 038] iter 16: max_mismatchPQ=5.536e-04, NN_max_dAng=2.015e-04, NN_max_dV=3.911e-06  True_errAng=1.698e-03, True_errV=3.988e-05
[sample 038] iter 17: max_mismatchPQ=4.950e-04, NN_max_dAng=1.808e-04, NN_max_dV=3.560e-06  True_errAng=1.517e-03, True_errV=3.916e-05
[sample 038] iter 18: max_mismatchPQ=4.401e-04, NN_max_dAng=1.623e-04, NN_max_dV=3.179e-06  True_errAng=1.355e-03, True_errV=3.856e-05
[sample 038] iter 19: max_mismatchPQ=3.943e-04, NN_max_dAng=1.458e-04, NN_max_dV=2.862e-06  True_errAng=1.209e-03, True_errV=3.791e-05
[sample 038] iter 20: max_mismatchPQ=3.597e-04, NN_max_dAng=1.311e-04, NN_max_dV=2.464e-06  True_errAng=1.078e-03, True_errV=3.749e-05
[sample 038] >>> stop_reason=max_blocks, used_iter=20, max_PQ_mismatch=3.597e-04
[1;32m===== Test Sample Heatmap Cell: X=(-2.00,-1.80), PQ=(-1.40,-1.20), x_signed=-1.914333, pq_signed=-1.388154, valid_label=1 =====[0m
---- Error Metrics (Best State) ----
Angel_MAX   : 1.077816e-03
Voltage_MAX : 3.749132e-05
P_MAX       : 3.596544e-04
Q_MAX       : 2.122968e-04
P_MAE       : 9.377010e-05
Q_MAE       : 4.875622e-05
P_MSE       : 1.667887e-08
Q_MSE       : 4.130384e-09
P_RMSE      : 1.291467e-04
Q_RMSE      : 6.426807e-05

[sample 039] iter 00: max_mismatchPQ=1.854e+01, NN_max_dAng=0.000e+00, NN_max_dV=0.000e+00  True_errAng=1.822e-01, True_errV=8.822e-02
[sample 039] iter 01: max_mismatchPQ=9.847e-01, NN_max_dAng=1.055e-01, NN_max_dV=8.241e-02  True_errAng=7.675e-02, True_errV=1.331e-02
[sample 039] iter 02: max_mismatchPQ=1.216e-01, NN_max_dAng=6.570e-02, NN_max_dV=1.319e-02  True_errAng=1.105e-02, True_errV=3.319e-03
[sample 039] iter 03: max_mismatchPQ=8.191e-03, NN_max_dAng=8.637e-03, NN_max_dV=2.631e-03  True_errAng=6.036e-03, True_errV=6.876e-04
[sample 039] iter 04: max_mismatchPQ=2.053e-03, NN_max_dAng=1.234e-03, NN_max_dV=4.859e-04  True_errAng=4.816e-03, True_errV=2.017e-04
[sample 039] iter 05: max_mismatchPQ=1.466e-03, NN_max_dAng=7.094e-04, NN_max_dV=1.113e-04  True_errAng=4.107e-03, True_errV=9.036e-05
[sample 039] iter 06: max_mismatchPQ=1.190e-03, NN_max_dAng=4.943e-04, NN_max_dV=2.275e-05  True_errAng=3.612e-03, True_errV=7.457e-05
[sample 039] iter 07: max_mismatchPQ=1.009e-03, NN_max_dAng=3.902e-04, NN_max_dV=6.556e-06  True_errAng=3.222e-03, True_errV=6.855e-05
[sample 039] iter 08: max_mismatchPQ=8.802e-04, NN_max_dAng=3.283e-04, NN_max_dV=5.333e-06  True_errAng=2.894e-03, True_errV=6.324e-05
[sample 039] iter 09: max_mismatchPQ=7.819e-04, NN_max_dAng=2.850e-04, NN_max_dV=4.831e-06  True_errAng=2.609e-03, True_errV=5.841e-05
[sample 039] iter 10: max_mismatchPQ=6.937e-04, NN_max_dAng=2.511e-04, NN_max_dV=3.917e-06  True_errAng=2.358e-03, True_errV=5.448e-05
[sample 039] iter 11: max_mismatchPQ=6.227e-04, NN_max_dAng=2.231e-04, NN_max_dV=3.628e-06  True_errAng=2.134e-03, True_errV=5.174e-05
[sample 039] iter 12: max_mismatchPQ=5.546e-04, NN_max_dAng=1.991e-04, NN_max_dV=3.116e-06  True_errAng=1.935e-03, True_errV=5.013e-05
[sample 039] iter 13: max_mismatchPQ=4.996e-04, NN_max_dAng=1.781e-04, NN_max_dV=2.876e-06  True_errAng=1.757e-03, True_errV=4.876e-05
[sample 039] iter 14: max_mismatchPQ=4.517e-04, NN_max_dAng=1.597e-04, NN_max_dV=2.602e-06  True_errAng=1.597e-03, True_errV=4.750e-05
[sample 039] iter 15: max_mismatchPQ=4.107e-04, NN_max_dAng=1.432e-04, NN_max_dV=2.238e-06  True_errAng=1.454e-03, True_errV=4.637e-05
[sample 039] iter 16: max_mismatchPQ=3.731e-04, NN_max_dAng=1.285e-04, NN_max_dV=1.939e-06  True_errAng=1.326e-03, True_errV=4.536e-05
[sample 039] iter 17: max_mismatchPQ=3.411e-04, NN_max_dAng=1.155e-04, NN_max_dV=1.986e-06  True_errAng=1.210e-03, True_errV=4.441e-05
[sample 039] iter 18: max_mismatchPQ=3.173e-04, NN_max_dAng=1.037e-04, NN_max_dV=1.640e-06  True_errAng=1.107e-03, True_errV=4.357e-05
[sample 039] iter 19: max_mismatchPQ=3.041e-04, NN_max_dAng=9.322e-05, NN_max_dV=1.378e-06  True_errAng=1.014e-03, True_errV=4.292e-05
[sample 039] iter 20: max_mismatchPQ=3.060e-04, NN_max_dAng=8.381e-05, NN_max_dV=1.345e-06  True_errAng=9.308e-04, True_errV=4.202e-05
[sample 039] >>> stop_reason=max_blocks, used_iter=19, max_PQ_mismatch=3.041e-04
[1;32m===== Test Sample Heatmap Cell: X=(-2.00,-1.80), PQ=(-1.40,-1.20), x_signed=-1.823050, pq_signed=-1.336950, valid_label=1 =====[0m
---- Error Metrics (Best State) ----
Angel_MAX   : 1.013607e-03
Voltage_MAX : 4.291534e-05
P_MAX       : 2.953983e-04
Q_MAX       : 3.041103e-04
P_MAE       : 9.153245e-05
Q_MAE       : 5.002663e-05
P_MSE       : 1.390908e-08
Q_MSE       : 5.434004e-09
P_RMSE      : 1.179368e-04
Q_RMSE      : 7.371570e-05

[sample 040] iter 00: max_mismatchPQ=1.913e+01, NN_max_dAng=0.000e+00, NN_max_dV=0.000e+00  True_errAng=1.807e-01, True_errV=8.813e-02
[sample 040] iter 01: max_mismatchPQ=7.782e-01, NN_max_dAng=1.161e-01, NN_max_dV=9.355e-02  True_errAng=6.777e-02, True_errV=2.425e-02
[sample 040] iter 02: max_mismatchPQ=4.140e-02, NN_max_dAng=4.340e-02, NN_max_dV=2.309e-02  True_errAng=2.438e-02, True_errV=1.159e-03
[sample 040] iter 03: max_mismatchPQ=8.889e-03, NN_max_dAng=1.215e-02, NN_max_dV=1.182e-03  True_errAng=1.323e-02, True_errV=2.283e-04
[sample 040] iter 04: max_mismatchPQ=3.670e-03, NN_max_dAng=3.527e-03, NN_max_dV=1.209e-04  True_errAng=1.034e-02, True_errV=2.672e-04
[sample 040] iter 05: max_mismatchPQ=2.921e-03, NN_max_dAng=1.532e-03, NN_max_dV=2.331e-05  True_errAng=9.473e-03, True_errV=2.449e-04
[sample 040] iter 06: max_mismatchPQ=2.675e-03, NN_max_dAng=9.568e-04, NN_max_dV=2.522e-05  True_errAng=8.597e-03, True_errV=2.196e-04
[sample 040] iter 07: max_mismatchPQ=2.404e-03, NN_max_dAng=8.113e-04, NN_max_dV=2.168e-05  True_errAng=7.786e-03, True_errV=1.980e-04
[sample 040] iter 08: max_mismatchPQ=2.155e-03, NN_max_dAng=7.322e-04, NN_max_dV=1.878e-05  True_errAng=7.054e-03, True_errV=1.792e-04
[sample 040] iter 09: max_mismatchPQ=1.940e-03, NN_max_dAng=6.578e-04, NN_max_dV=1.674e-05  True_errAng=6.396e-03, True_errV=1.625e-04
[sample 040] iter 10: max_mismatchPQ=1.750e-03, NN_max_dAng=5.917e-04, NN_max_dV=1.486e-05  True_errAng=5.804e-03, True_errV=1.476e-04
[sample 040] iter 11: max_mismatchPQ=1.584e-03, NN_max_dAng=5.334e-04, NN_max_dV=1.337e-05  True_errAng=5.271e-03, True_errV=1.342e-04
[sample 040] iter 12: max_mismatchPQ=1.432e-03, NN_max_dAng=4.820e-04, NN_max_dV=1.209e-05  True_errAng=4.789e-03, True_errV=1.222e-04
[sample 040] iter 13: max_mismatchPQ=1.311e-03, NN_max_dAng=4.358e-04, NN_max_dV=1.107e-05  True_errAng=4.353e-03, True_errV=1.110e-04
[sample 040] iter 14: max_mismatchPQ=1.191e-03, NN_max_dAng=3.947e-04, NN_max_dV=9.921e-06  True_errAng=3.958e-03, True_errV=1.011e-04
[sample 040] iter 15: max_mismatchPQ=1.087e-03, NN_max_dAng=3.576e-04, NN_max_dV=8.991e-06  True_errAng=3.601e-03, True_errV=9.209e-05
[sample 040] iter 16: max_mismatchPQ=9.906e-04, NN_max_dAng=3.240e-04, NN_max_dV=8.385e-06  True_errAng=3.277e-03, True_errV=8.374e-05
[sample 040] iter 17: max_mismatchPQ=9.166e-04, NN_max_dAng=2.935e-04, NN_max_dV=7.370e-06  True_errAng=2.983e-03, True_errV=7.641e-05
[sample 040] iter 18: max_mismatchPQ=8.299e-04, NN_max_dAng=2.660e-04, NN_max_dV=6.731e-06  True_errAng=2.717e-03, True_errV=6.974e-05
[sample 040] iter 19: max_mismatchPQ=7.695e-04, NN_max_dAng=2.409e-04, NN_max_dV=6.153e-06  True_errAng=2.476e-03, True_errV=6.366e-05
[sample 040] iter 20: max_mismatchPQ=7.010e-04, NN_max_dAng=2.183e-04, NN_max_dV=5.523e-06  True_errAng=2.258e-03, True_errV=5.817e-05
[sample 040] >>> stop_reason=max_blocks, used_iter=20, max_PQ_mismatch=7.010e-04
[1;32m===== Test Sample Heatmap Cell: X=(-2.00,-1.80), PQ=(-1.40,-1.20), x_signed=-1.807703, pq_signed=-1.398734, valid_label=1 =====[0m
---- Error Metrics (Best State) ----
Angel_MAX   : 2.258018e-03
Voltage_MAX : 5.817413e-05
P_MAX       : 7.009506e-04
Q_MAX       : 3.812276e-04
P_MAE       : 1.851293e-04
Q_MAE       : 6.938571e-05
P_MSE       : 6.431994e-08
Q_MSE       : 9.475304e-09
P_RMSE      : 2.536138e-04
Q_RMSE      : 9.734117e-05

[sample 041] iter 00: max_mismatchPQ=3.608e+01, NN_max_dAng=0.000e+00, NN_max_dV=0.000e+00  True_errAng=9.600e-02, True_errV=1.911e-01
[sample 041] iter 01: max_mismatchPQ=5.152e-01, NN_max_dAng=8.978e-02, NN_max_dV=1.591e-01  True_errAng=3.299e-02, True_errV=3.199e-02
[sample 041] iter 02: max_mismatchPQ=2.062e-02, NN_max_dAng=2.874e-02, NN_max_dV=3.196e-02  True_errAng=1.403e-02, True_errV=9.102e-04
[sample 041] iter 03: max_mismatchPQ=5.504e-03, NN_max_dAng=7.431e-03, NN_max_dV=7.768e-04  True_errAng=6.653e-03, True_errV=2.204e-04
[sample 041] iter 04: max_mismatchPQ=2.801e-03, NN_max_dAng=2.767e-03, NN_max_dV=1.751e-04  True_errAng=4.156e-03, True_errV=1.084e-04
[sample 041] iter 05: max_mismatchPQ=1.563e-03, NN_max_dAng=1.366e-03, NN_max_dV=5.061e-05  True_errAng=3.981e-03, True_errV=7.457e-05
[sample 041] iter 06: max_mismatchPQ=1.104e-03, NN_max_dAng=8.091e-04, NN_max_dV=2.548e-05  True_errAng=3.709e-03, True_errV=6.527e-05
[sample 041] iter 07: max_mismatchPQ=1.021e-03, NN_max_dAng=5.471e-04, NN_max_dV=1.379e-05  True_errAng=3.399e-03, True_errV=5.692e-05
[sample 041] iter 08: max_mismatchPQ=9.597e-04, NN_max_dAng=3.762e-04, NN_max_dV=7.576e-06  True_errAng=3.087e-03, True_errV=5.108e-05
[sample 041] iter 09: max_mismatchPQ=8.894e-04, NN_max_dAng=2.977e-04, NN_max_dV=5.900e-06  True_errAng=2.789e-03, True_errV=4.596e-05
[sample 041] iter 10: max_mismatchPQ=8.135e-04, NN_max_dAng=2.752e-04, NN_max_dV=4.993e-06  True_errAng=2.514e-03, True_errV=4.119e-05
[sample 041] iter 11: max_mismatchPQ=7.356e-04, NN_max_dAng=2.502e-04, NN_max_dV=4.272e-06  True_errAng=2.264e-03, True_errV=3.690e-05
[sample 041] iter 12: max_mismatchPQ=6.641e-04, NN_max_dAng=2.257e-04, NN_max_dV=3.805e-06  True_errAng=2.038e-03, True_errV=3.326e-05
[sample 041] iter 13: max_mismatchPQ=5.983e-04, NN_max_dAng=2.024e-04, NN_max_dV=3.459e-06  True_errAng=1.836e-03, True_errV=2.986e-05
[sample 041] iter 14: max_mismatchPQ=5.396e-04, NN_max_dAng=1.810e-04, NN_max_dV=3.024e-06  True_errAng=1.655e-03, True_errV=2.682e-05
[sample 041] iter 15: max_mismatchPQ=4.871e-04, NN_max_dAng=1.621e-04, NN_max_dV=2.508e-06  True_errAng=1.492e-03, True_errV=2.438e-05
[sample 041] iter 16: max_mismatchPQ=4.428e-04, NN_max_dAng=1.450e-04, NN_max_dV=2.394e-06  True_errAng=1.347e-03, True_errV=2.199e-05
[sample 041] iter 17: max_mismatchPQ=4.013e-04, NN_max_dAng=1.297e-04, NN_max_dV=2.170e-06  True_errAng=1.218e-03, True_errV=1.985e-05
[sample 041] iter 18: max_mismatchPQ=3.627e-04, NN_max_dAng=1.160e-04, NN_max_dV=1.952e-06  True_errAng=1.102e-03, True_errV=1.788e-05
[sample 041] iter 19: max_mismatchPQ=3.293e-04, NN_max_dAng=1.038e-04, NN_max_dV=1.625e-06  True_errAng=9.979e-04, True_errV=1.621e-05
[sample 041] iter 20: max_mismatchPQ=3.107e-04, NN_max_dAng=9.302e-05, NN_max_dV=1.416e-06  True_errAng=9.049e-04, True_errV=1.484e-05
[sample 041] >>> stop_reason=max_blocks, used_iter=20, max_PQ_mismatch=3.107e-04
[1;32m===== Test Sample Heatmap Cell: X=(-2.00,-1.80), PQ=(-1.20,-1.00), x_signed=-1.923290, pq_signed=-1.134414, valid_label=1 =====[0m
---- Error Metrics (Best State) ----
Angel_MAX   : 9.049177e-04
Voltage_MAX : 1.484156e-05
P_MAX       : 3.106517e-04
Q_MAX       : 1.220787e-04
P_MAE       : 8.097073e-05
Q_MAE       : 3.686655e-05
P_MSE       : 1.229643e-08
Q_MSE       : 2.141757e-09
P_RMSE      : 1.108893e-04
Q_RMSE      : 4.627912e-05

[sample 042] iter 00: max_mismatchPQ=2.131e+01, NN_max_dAng=0.000e+00, NN_max_dV=0.000e+00  True_errAng=1.970e-01, True_errV=9.374e-02
[sample 042] iter 01: max_mismatchPQ=2.529e+00, NN_max_dAng=1.295e-01, NN_max_dV=9.132e-02  True_errAng=7.180e-02, True_errV=1.417e-02
[sample 042] iter 02: max_mismatchPQ=1.273e-01, NN_max_dAng=4.919e-02, NN_max_dV=1.406e-02  True_errAng=2.711e-02, True_errV=1.599e-03
[sample 042] iter 03: max_mismatchPQ=4.998e-02, NN_max_dAng=2.027e-02, NN_max_dV=1.255e-03  True_errAng=1.176e-02, True_errV=5.879e-04
[sample 042] iter 04: max_mismatchPQ=1.125e-02, NN_max_dAng=6.509e-03, NN_max_dV=4.106e-04  True_errAng=7.415e-03, True_errV=2.103e-04
[sample 042] iter 05: max_mismatchPQ=5.924e-03, NN_max_dAng=2.969e-03, NN_max_dV=9.217e-05  True_errAng=6.032e-03, True_errV=1.182e-04
[sample 042] iter 06: max_mismatchPQ=3.423e-03, NN_max_dAng=1.475e-03, NN_max_dV=5.513e-05  True_errAng=4.982e-03, True_errV=7.880e-05
[sample 042] iter 07: max_mismatchPQ=2.179e-03, NN_max_dAng=8.750e-04, NN_max_dV=3.109e-05  True_errAng=4.194e-03, True_errV=6.580e-05
[sample 042] iter 08: max_mismatchPQ=1.663e-03, NN_max_dAng=7.013e-04, NN_max_dV=1.696e-05  True_errAng=3.585e-03, True_errV=5.639e-05
[sample 042] iter 09: max_mismatchPQ=1.606e-03, NN_max_dAng=5.482e-04, NN_max_dV=8.962e-06  True_errAng=3.099e-03, True_errV=4.876e-05
[sample 042] iter 10: max_mismatchPQ=1.576e-03, NN_max_dAng=4.209e-04, NN_max_dV=6.002e-06  True_errAng=2.699e-03, True_errV=4.280e-05
[sample 042] iter 11: max_mismatchPQ=1.552e-03, NN_max_dAng=3.360e-04, NN_max_dV=5.258e-06  True_errAng=2.363e-03, True_errV=3.755e-05
[sample 042] iter 12: max_mismatchPQ=1.544e-03, NN_max_dAng=2.873e-04, NN_max_dV=4.410e-06  True_errAng=2.076e-03, True_errV=3.308e-05
[sample 042] iter 13: max_mismatchPQ=1.534e-03, NN_max_dAng=2.485e-04, NN_max_dV=3.844e-06  True_errAng=1.827e-03, True_errV=2.921e-05
[sample 042] iter 14: max_mismatchPQ=1.529e-03, NN_max_dAng=2.167e-04, NN_max_dV=3.406e-06  True_errAng=1.611e-03, True_errV=2.581e-05
[sample 042] iter 15: max_mismatchPQ=1.525e-03, NN_max_dAng=1.900e-04, NN_max_dV=2.796e-06  True_errAng=1.421e-03, True_errV=2.301e-05
[sample 042] iter 16: max_mismatchPQ=1.521e-03, NN_max_dAng=1.675e-04, NN_max_dV=2.687e-06  True_errAng=1.253e-03, True_errV=2.038e-05
[sample 042] iter 17: max_mismatchPQ=1.517e-03, NN_max_dAng=1.480e-04, NN_max_dV=2.299e-06  True_errAng=1.105e-03, True_errV=1.806e-05
[sample 042] iter 18: max_mismatchPQ=1.516e-03, NN_max_dAng=1.312e-04, NN_max_dV=1.848e-06  True_errAng=9.740e-04, True_errV=1.776e-05
[sample 042] iter 19: max_mismatchPQ=1.513e-03, NN_max_dAng=1.165e-04, NN_max_dV=1.781e-06  True_errAng=8.575e-04, True_errV=1.752e-05
[sample 042] iter 20: max_mismatchPQ=1.512e-03, NN_max_dAng=1.037e-04, NN_max_dV=1.604e-06  True_errAng=7.538e-04, True_errV=1.746e-05
[sample 042] >>> stop_reason=max_blocks, used_iter=20, max_PQ_mismatch=1.512e-03
[1;32m===== Test Sample Heatmap Cell: X=(-2.00,-1.80), PQ=(-1.20,-1.00), x_signed=-1.971227, pq_signed=-1.049407, valid_label=1 =====[0m
---- Error Metrics (Best State) ----
Angel_MAX   : 7.538199e-04
Voltage_MAX : 1.746416e-05
P_MAX       : 1.511748e-03
Q_MAX       : 1.468507e-03
P_MAE       : 1.051207e-04
Q_MAE       : 6.415721e-05
P_MSE       : 4.666236e-08
Q_MSE       : 3.709302e-08
P_RMSE      : 2.160147e-04
Q_RMSE      : 1.925955e-04

[sample 043] iter 00: max_mismatchPQ=4.051e+01, NN_max_dAng=0.000e+00, NN_max_dV=0.000e+00  True_errAng=1.877e-01, True_errV=9.263e-02
[sample 043] iter 01: max_mismatchPQ=2.402e+00, NN_max_dAng=1.228e-01, NN_max_dV=9.313e-02  True_errAng=6.498e-02, True_errV=2.457e-02
[sample 043] iter 02: max_mismatchPQ=1.674e-01, NN_max_dAng=4.785e-02, NN_max_dV=2.379e-02  True_errAng=2.249e-02, True_errV=7.791e-04
[sample 043] iter 03: max_mismatchPQ=1.573e-02, NN_max_dAng=1.028e-02, NN_max_dV=7.795e-04  True_errAng=1.624e-02, True_errV=3.670e-04
[sample 043] iter 04: max_mismatchPQ=7.594e-03, NN_max_dAng=5.636e-03, NN_max_dV=1.198e-04  True_errAng=1.064e-02, True_errV=2.472e-04
[sample 043] iter 05: max_mismatchPQ=4.812e-03, NN_max_dAng=3.648e-03, NN_max_dV=8.193e-05  True_errAng=6.996e-03, True_errV=1.669e-04
[sample 043] iter 06: max_mismatchPQ=3.231e-03, NN_max_dAng=2.186e-03, NN_max_dV=5.901e-05  True_errAng=5.528e-03, True_errV=1.171e-04
[sample 043] iter 07: max_mismatchPQ=2.670e-03, NN_max_dAng=1.321e-03, NN_max_dV=3.824e-05  True_errAng=5.296e-03, True_errV=8.595e-05
[sample 043] iter 08: max_mismatchPQ=2.785e-03, NN_max_dAng=8.239e-04, NN_max_dV=2.293e-05  True_errAng=4.965e-03, True_errV=6.914e-05
[sample 043] iter 09: max_mismatchPQ=2.876e-03, NN_max_dAng=6.719e-04, NN_max_dV=1.362e-05  True_errAng=4.592e-03, True_errV=6.390e-05
[sample 043] iter 10: max_mismatchPQ=2.945e-03, NN_max_dAng=5.465e-04, NN_max_dV=9.012e-06  True_errAng=4.211e-03, True_errV=5.877e-05
[sample 043] iter 11: max_mismatchPQ=2.983e-03, NN_max_dAng=4.400e-04, NN_max_dV=6.640e-06  True_errAng=3.840e-03, True_errV=5.364e-05
[sample 043] iter 12: max_mismatchPQ=3.021e-03, NN_max_dAng=3.526e-04, NN_max_dV=5.037e-06  True_errAng=3.490e-03, True_errV=4.876e-05
[sample 043] iter 13: max_mismatchPQ=3.044e-03, NN_max_dAng=3.263e-04, NN_max_dV=4.189e-06  True_errAng=3.163e-03, True_errV=4.452e-05
[sample 043] iter 14: max_mismatchPQ=3.059e-03, NN_max_dAng=3.003e-04, NN_max_dV=4.070e-06  True_errAng=2.863e-03, True_errV=4.095e-05
[sample 043] iter 15: max_mismatchPQ=3.082e-03, NN_max_dAng=2.747e-04, NN_max_dV=3.633e-06  True_errAng=2.588e-03, True_errV=4.160e-05
[sample 043] iter 16: max_mismatchPQ=3.098e-03, NN_max_dAng=2.501e-04, NN_max_dV=3.421e-06  True_errAng=2.338e-03, True_errV=4.196e-05
[sample 043] iter 17: max_mismatchPQ=3.113e-03, NN_max_dAng=2.270e-04, NN_max_dV=3.144e-06  True_errAng=2.111e-03, True_errV=4.232e-05
[sample 043] iter 18: max_mismatchPQ=3.113e-03, NN_max_dAng=2.054e-04, NN_max_dV=2.717e-06  True_errAng=1.906e-03, True_errV=4.250e-05
[sample 043] iter 19: max_mismatchPQ=3.113e-03, NN_max_dAng=1.856e-04, NN_max_dV=2.572e-06  True_errAng=1.720e-03, True_errV=4.268e-05
[sample 043] iter 20: max_mismatchPQ=3.128e-03, NN_max_dAng=1.675e-04, NN_max_dV=2.414e-06  True_errAng=1.553e-03, True_errV=4.280e-05
[sample 043] >>> stop_reason=max_blocks, used_iter=7, max_PQ_mismatch=2.670e-03
[1;32m===== Test Sample Heatmap Cell: X=(-2.00,-1.80), PQ=(-1.20,-1.00), x_signed=-1.878241, pq_signed=-1.172598, valid_label=1 =====[0m
---- Error Metrics (Best State) ----
Angel_MAX   : 5.295888e-03
Voltage_MAX : 8.594990e-05
P_MAX       : 2.227784e-03
Q_MAX       : 2.670318e-03
P_MAE       : 8.733572e-04
Q_MAE       : 2.043523e-04
P_MSE       : 9.184253e-07
Q_MSE       : 1.500029e-07
P_RMSE      : 9.583451e-04
Q_RMSE      : 3.873021e-04

[sample 044] iter 00: max_mismatchPQ=2.046e+01, NN_max_dAng=0.000e+00, NN_max_dV=0.000e+00  True_errAng=1.970e-01, True_errV=9.644e-02
[sample 044] iter 01: max_mismatchPQ=1.388e+00, NN_max_dAng=9.850e-02, NN_max_dV=9.437e-02  True_errAng=1.006e-01, True_errV=2.697e-02
[sample 044] iter 02: max_mismatchPQ=2.412e-01, NN_max_dAng=7.893e-02, NN_max_dV=2.712e-02  True_errAng=2.172e-02, True_errV=9.739e-03
[sample 044] iter 03: max_mismatchPQ=8.071e-03, NN_max_dAng=1.866e-02, NN_max_dV=9.558e-03  True_errAng=7.486e-03, True_errV=3.045e-04
[sample 044] iter 04: max_mismatchPQ=4.025e-03, NN_max_dAng=3.609e-03, NN_max_dV=1.741e-04  True_errAng=5.330e-03, True_errV=1.756e-04
[sample 044] iter 05: max_mismatchPQ=2.161e-03, NN_max_dAng=2.017e-03, NN_max_dV=7.003e-05  True_errAng=4.482e-03, True_errV=1.184e-04
[sample 044] iter 06: max_mismatchPQ=1.686e-03, NN_max_dAng=1.094e-03, NN_max_dV=4.370e-05  True_errAng=3.766e-03, True_errV=9.036e-05
[sample 044] iter 07: max_mismatchPQ=1.319e-03, NN_max_dAng=5.853e-04, NN_max_dV=2.528e-05  True_errAng=3.197e-03, True_errV=7.343e-05
[sample 044] iter 08: max_mismatchPQ=1.053e-03, NN_max_dAng=4.511e-04, NN_max_dV=1.423e-05  True_errAng=2.746e-03, True_errV=6.145e-05
[sample 044] iter 09: max_mismatchPQ=8.561e-04, NN_max_dAng=3.653e-04, NN_max_dV=8.712e-06  True_errAng=2.381e-03, True_errV=5.275e-05
[sample 044] iter 10: max_mismatchPQ=7.192e-04, NN_max_dAng=3.025e-04, NN_max_dV=7.207e-06  True_errAng=2.078e-03, True_errV=4.572e-05
[sample 044] iter 11: max_mismatchPQ=6.308e-04, NN_max_dAng=2.559e-04, NN_max_dV=5.832e-06  True_errAng=1.822e-03, True_errV=4.011e-05
[sample 044] iter 12: max_mismatchPQ=5.615e-04, NN_max_dAng=2.200e-04, NN_max_dV=5.175e-06  True_errAng=1.602e-03, True_errV=3.529e-05
[sample 044] iter 13: max_mismatchPQ=5.018e-04, NN_max_dAng=1.913e-04, NN_max_dV=4.156e-06  True_errAng=1.411e-03, True_errV=3.123e-05
[sample 044] iter 14: max_mismatchPQ=4.553e-04, NN_max_dAng=1.681e-04, NN_max_dV=3.961e-06  True_errAng=1.243e-03, True_errV=2.778e-05
[sample 044] iter 15: max_mismatchPQ=4.134e-04, NN_max_dAng=1.484e-04, NN_max_dV=3.330e-06  True_errAng=1.094e-03, True_errV=2.480e-05
[sample 044] iter 16: max_mismatchPQ=3.789e-04, NN_max_dAng=1.318e-04, NN_max_dV=3.051e-06  True_errAng=9.625e-04, True_errV=2.217e-05
[sample 044] iter 17: max_mismatchPQ=3.459e-04, NN_max_dAng=1.174e-04, NN_max_dV=2.555e-06  True_errAng=8.452e-04, True_errV=1.967e-05
[sample 044] iter 18: max_mismatchPQ=3.181e-04, NN_max_dAng=1.050e-04, NN_max_dV=2.291e-06  True_errAng=7.402e-04, True_errV=1.764e-05
[sample 044] iter 19: max_mismatchPQ=2.938e-04, NN_max_dAng=9.383e-05, NN_max_dV=2.035e-06  True_errAng=6.463e-04, True_errV=1.574e-05
[sample 044] iter 20: max_mismatchPQ=2.698e-04, NN_max_dAng=8.410e-05, NN_max_dV=1.786e-06  True_errAng=5.622e-04, True_errV=1.419e-05
[sample 044] >>> stop_reason=max_blocks, used_iter=20, max_PQ_mismatch=2.698e-04
[1;32m===== Test Sample Heatmap Cell: X=(-2.00,-1.80), PQ=(-1.20,-1.00), x_signed=-1.970472, pq_signed=-1.128042, valid_label=1 =====[0m
---- Error Metrics (Best State) ----
Angel_MAX   : 5.622469e-04
Voltage_MAX : 1.418591e-05
P_MAX       : 2.697706e-04
Q_MAX       : 2.213418e-04
P_MAE       : 5.775291e-05
Q_MAE       : 5.397032e-05
P_MSE       : 6.282760e-09
Q_MSE       : 5.178164e-09
P_RMSE      : 7.926386e-05
Q_RMSE      : 7.195946e-05

[sample 045] iter 00: max_mismatchPQ=3.871e+01, NN_max_dAng=0.000e+00, NN_max_dV=0.000e+00  True_errAng=1.911e-01, True_errV=9.482e-02
[sample 045] iter 01: max_mismatchPQ=1.456e+00, NN_max_dAng=9.756e-02, NN_max_dV=9.329e-02  True_errAng=9.590e-02, True_errV=1.448e-02
[sample 045] iter 02: max_mismatchPQ=1.478e-01, NN_max_dAng=7.552e-02, NN_max_dV=1.447e-02  True_errAng=2.038e-02, True_errV=1.044e-03
[sample 045] iter 03: max_mismatchPQ=7.483e-03, NN_max_dAng=1.669e-02, NN_max_dV=1.060e-03  True_errAng=9.758e-03, True_errV=1.338e-04
[sample 045] iter 04: max_mismatchPQ=3.236e-03, NN_max_dAng=3.130e-03, NN_max_dV=2.501e-04  True_errAng=7.589e-03, True_errV=1.171e-04
[sample 045] iter 05: max_mismatchPQ=2.553e-03, NN_max_dAng=1.517e-03, NN_max_dV=4.224e-05  True_errAng=6.583e-03, True_errV=1.242e-04
[sample 045] iter 06: max_mismatchPQ=2.106e-03, NN_max_dAng=8.436e-04, NN_max_dV=3.502e-05  True_errAng=5.739e-03, True_errV=1.055e-04
[sample 045] iter 07: max_mismatchPQ=1.761e-03, NN_max_dAng=7.012e-04, NN_max_dV=2.047e-05  True_errAng=5.038e-03, True_errV=9.036e-05
[sample 045] iter 08: max_mismatchPQ=1.501e-03, NN_max_dAng=5.882e-04, NN_max_dV=1.181e-05  True_errAng=4.450e-03, True_errV=7.850e-05
[sample 045] iter 09: max_mismatchPQ=1.300e-03, NN_max_dAng=5.018e-04, NN_max_dV=9.584e-06  True_errAng=3.948e-03, True_errV=6.890e-05
[sample 045] iter 10: max_mismatchPQ=1.142e-03, NN_max_dAng=4.350e-04, NN_max_dV=7.778e-06  True_errAng=3.513e-03, True_errV=6.115e-05
[sample 045] iter 11: max_mismatchPQ=1.007e-03, NN_max_dAng=3.817e-04, NN_max_dV=6.990e-06  True_errAng=3.131e-03, True_errV=5.412e-05
[sample 045] iter 12: max_mismatchPQ=8.959e-04, NN_max_dAng=3.379e-04, NN_max_dV=5.832e-06  True_errAng=2.794e-03, True_errV=4.828e-05
[sample 045] iter 13: max_mismatchPQ=7.960e-04, NN_max_dAng=3.008e-04, NN_max_dV=5.327e-06  True_errAng=2.493e-03, True_errV=4.297e-05
[sample 045] iter 14: max_mismatchPQ=7.092e-04, NN_max_dAng=2.688e-04, NN_max_dV=4.578e-06  True_errAng=2.224e-03, True_errV=3.833e-05
[sample 045] iter 15: max_mismatchPQ=6.340e-04, NN_max_dAng=2.408e-04, NN_max_dV=4.177e-06  True_errAng=1.983e-03, True_errV=3.415e-05
[sample 045] iter 16: max_mismatchPQ=5.658e-04, NN_max_dAng=2.159e-04, NN_max_dV=3.925e-06  True_errAng=1.767e-03, True_errV=3.022e-05
[sample 045] iter 17: max_mismatchPQ=5.021e-04, NN_max_dAng=1.940e-04, NN_max_dV=3.278e-06  True_errAng=1.573e-03, True_errV=2.700e-05
[sample 045] iter 18: max_mismatchPQ=4.594e-04, NN_max_dAng=1.743e-04, NN_max_dV=3.042e-06  True_errAng=1.399e-03, True_errV=2.402e-05
[sample 045] iter 19: max_mismatchPQ=4.460e-04, NN_max_dAng=1.569e-04, NN_max_dV=2.817e-06  True_errAng=1.242e-03, True_errV=2.116e-05
[sample 045] iter 20: max_mismatchPQ=4.458e-04, NN_max_dAng=1.411e-04, NN_max_dV=2.373e-06  True_errAng=1.101e-03, True_errV=1.884e-05
[sample 045] >>> stop_reason=max_blocks, used_iter=20, max_PQ_mismatch=4.458e-04
[1;32m===== Test Sample Heatmap Cell: X=(-2.00,-1.80), PQ=(-1.20,-1.00), x_signed=-1.911818, pq_signed=-1.099705, valid_label=1 =====[0m
---- Error Metrics (Best State) ----
Angel_MAX   : 1.100779e-03
Voltage_MAX : 1.883507e-05
P_MAX       : 4.458427e-04
Q_MAX       : 1.821565e-04
P_MAE       : 9.724597e-05
Q_MAE       : 5.273243e-05
P_MSE       : 1.809318e-08
Q_MSE       : 4.569700e-09
P_RMSE      : 1.345109e-04
Q_RMSE      : 6.759955e-05

[sample 046] iter 00: max_mismatchPQ=1.997e+01, NN_max_dAng=0.000e+00, NN_max_dV=0.000e+00  True_errAng=1.953e-01, True_errV=9.419e-02
[sample 046] iter 01: max_mismatchPQ=1.211e+00, NN_max_dAng=1.217e-01, NN_max_dV=9.263e-02  True_errAng=7.366e-02, True_errV=1.447e-02
[sample 046] iter 02: max_mismatchPQ=5.523e-02, NN_max_dAng=4.248e-02, NN_max_dV=1.454e-02  True_errAng=3.118e-02, True_errV=4.236e-04
[sample 046] iter 03: max_mismatchPQ=1.439e-02, NN_max_dAng=8.158e-03, NN_max_dV=2.838e-04  True_errAng=2.405e-02, True_errV=1.979e-04
[sample 046] iter 04: max_mismatchPQ=8.773e-03, NN_max_dAng=4.164e-03, NN_max_dV=1.152e-04  True_errAng=1.989e-02, True_errV=2.541e-04
[sample 046] iter 05: max_mismatchPQ=6.502e-03, NN_max_dAng=2.641e-03, NN_max_dV=2.678e-05  True_errAng=1.725e-02, True_errV=2.573e-04
[sample 046] iter 06: max_mismatchPQ=5.344e-03, NN_max_dAng=1.958e-03, NN_max_dV=1.967e-05  True_errAng=1.529e-02, True_errV=2.401e-04
[sample 046] iter 07: max_mismatchPQ=4.615e-03, NN_max_dAng=1.612e-03, NN_max_dV=2.158e-05  True_errAng=1.368e-02, True_errV=2.185e-04
[sample 046] iter 08: max_mismatchPQ=4.071e-03, NN_max_dAng=1.396e-03, NN_max_dV=2.141e-05  True_errAng=1.228e-02, True_errV=1.971e-04
[sample 046] iter 09: max_mismatchPQ=3.622e-03, NN_max_dAng=1.236e-03, NN_max_dV=1.943e-05  True_errAng=1.104e-02, True_errV=1.776e-04
[sample 046] iter 10: max_mismatchPQ=3.237e-03, NN_max_dAng=1.104e-03, NN_max_dV=1.786e-05  True_errAng=9.939e-03, True_errV=1.597e-04
[sample 046] iter 11: max_mismatchPQ=2.902e-03, NN_max_dAng=9.901e-04, NN_max_dV=1.613e-05  True_errAng=8.949e-03, True_errV=1.436e-04
[sample 046] iter 12: max_mismatchPQ=2.604e-03, NN_max_dAng=8.893e-04, NN_max_dV=1.437e-05  True_errAng=8.060e-03, True_errV=1.292e-04
[sample 046] iter 13: max_mismatchPQ=2.342e-03, NN_max_dAng=7.992e-04, NN_max_dV=1.283e-05  True_errAng=7.261e-03, True_errV=1.163e-04
[sample 046] iter 14: max_mismatchPQ=2.101e-03, NN_max_dAng=7.186e-04, NN_max_dV=1.158e-05  True_errAng=6.542e-03, True_errV=1.048e-04
[sample 046] iter 15: max_mismatchPQ=1.888e-03, NN_max_dAng=6.461e-04, NN_max_dV=1.029e-05  True_errAng=5.896e-03, True_errV=9.447e-05
[sample 046] iter 16: max_mismatchPQ=1.697e-03, NN_max_dAng=5.813e-04, NN_max_dV=9.331e-06  True_errAng=5.315e-03, True_errV=8.512e-05
[sample 046] iter 17: max_mismatchPQ=1.527e-03, NN_max_dAng=5.227e-04, NN_max_dV=8.347e-06  True_errAng=4.792e-03, True_errV=7.677e-05
[sample 046] iter 18: max_mismatchPQ=1.372e-03, NN_max_dAng=4.703e-04, NN_max_dV=7.560e-06  True_errAng=4.322e-03, True_errV=6.920e-05
[sample 046] iter 19: max_mismatchPQ=1.239e-03, NN_max_dAng=4.231e-04, NN_max_dV=6.795e-06  True_errAng=3.898e-03, True_errV=6.247e-05
[sample 046] iter 20: max_mismatchPQ=1.111e-03, NN_max_dAng=3.806e-04, NN_max_dV=5.983e-06  True_errAng=3.518e-03, True_errV=5.645e-05
[sample 046] >>> stop_reason=max_blocks, used_iter=20, max_PQ_mismatch=1.111e-03
[1;32m===== Test Sample Heatmap Cell: X=(-2.00,-1.80), PQ=(-1.20,-1.00), x_signed=-1.954255, pq_signed=-1.067499, valid_label=1 =====[0m
---- Error Metrics (Best State) ----
Angel_MAX   : 3.517851e-03
Voltage_MAX : 5.644560e-05
P_MAX       : 1.111269e-03
Q_MAX       : 3.548590e-04
P_MAE       : 2.870781e-04
Q_MAE       : 6.177845e-05
P_MSE       : 1.519955e-07
Q_MSE       : 8.122456e-09
P_RMSE      : 3.898659e-04
Q_RMSE      : 9.012467e-05

[sample 047] iter 00: max_mismatchPQ=4.163e+01, NN_max_dAng=0.000e+00, NN_max_dV=0.000e+00  True_errAng=9.494e-02, True_errV=1.914e-01
[sample 047] iter 01: max_mismatchPQ=7.034e-01, NN_max_dAng=9.496e-02, NN_max_dV=1.782e-01  True_errAng=4.195e-02, True_errV=2.112e-02
[sample 047] iter 02: max_mismatchPQ=1.526e-02, NN_max_dAng=3.763e-02, NN_max_dV=2.115e-02  True_errAng=1.440e-02, True_errV=4.558e-04
[sample 047] iter 03: max_mismatchPQ=7.067e-03, NN_max_dAng=5.069e-03, NN_max_dV=3.374e-04  True_errAng=1.046e-02, True_errV=1.184e-04
[sample 047] iter 04: max_mismatchPQ=3.976e-03, NN_max_dAng=2.272e-03, NN_max_dV=4.871e-05  True_errAng=8.188e-03, True_errV=1.094e-04
[sample 047] iter 05: max_mismatchPQ=2.780e-03, NN_max_dAng=1.370e-03, NN_max_dV=1.504e-05  True_errAng=6.819e-03, True_errV=1.028e-04
[sample 047] iter 06: max_mismatchPQ=2.206e-03, NN_max_dAng=9.571e-04, NN_max_dV=1.158e-05  True_errAng=5.861e-03, True_errV=9.143e-05
[sample 047] iter 07: max_mismatchPQ=1.841e-03, NN_max_dAng=7.432e-04, NN_max_dV=1.128e-05  True_errAng=5.118e-03, True_errV=8.017e-05
[sample 047] iter 08: max_mismatchPQ=1.580e-03, NN_max_dAng=6.127e-04, NN_max_dV=1.002e-05  True_errAng=4.506e-03, True_errV=7.015e-05
[sample 047] iter 09: max_mismatchPQ=1.370e-03, NN_max_dAng=5.214e-04, NN_max_dV=8.991e-06  True_errAng=3.984e-03, True_errV=6.121e-05
[sample 047] iter 10: max_mismatchPQ=1.204e-03, NN_max_dAng=4.514e-04, NN_max_dV=7.389e-06  True_errAng=3.533e-03, True_errV=5.382e-05
[sample 047] iter 11: max_mismatchPQ=1.060e-03, NN_max_dAng=3.949e-04, NN_max_dV=6.591e-06  True_errAng=3.138e-03, True_errV=4.721e-05
[sample 047] iter 12: max_mismatchPQ=9.446e-04, NN_max_dAng=3.475e-04, NN_max_dV=5.675e-06  True_errAng=2.790e-03, True_errV=4.148e-05
[sample 047] iter 13: max_mismatchPQ=8.387e-04, NN_max_dAng=3.074e-04, NN_max_dV=4.987e-06  True_errAng=2.483e-03, True_errV=3.648e-05
[sample 047] iter 14: max_mismatchPQ=7.490e-04, NN_max_dAng=2.726e-04, NN_max_dV=4.398e-06  True_errAng=2.210e-03, True_errV=3.225e-05
[sample 047] iter 15: max_mismatchPQ=6.682e-04, NN_max_dAng=2.423e-04, NN_max_dV=3.817e-06  True_errAng=1.968e-03, True_errV=2.873e-05
[sample 047] iter 16: max_mismatchPQ=6.007e-04, NN_max_dAng=2.158e-04, NN_max_dV=3.443e-06  True_errAng=1.752e-03, True_errV=2.557e-05
[sample 047] iter 17: max_mismatchPQ=5.371e-04, NN_max_dAng=1.927e-04, NN_max_dV=3.095e-06  True_errAng=1.560e-03, True_errV=2.289e-05
[sample 047] iter 18: max_mismatchPQ=4.811e-04, NN_max_dAng=1.722e-04, NN_max_dV=2.630e-06  True_errAng=1.387e-03, True_errV=2.044e-05
[sample 047] iter 19: max_mismatchPQ=4.356e-04, NN_max_dAng=1.540e-04, NN_max_dV=2.607e-06  True_errAng=1.233e-03, True_errV=1.830e-05
[sample 047] iter 20: max_mismatchPQ=3.875e-04, NN_max_dAng=1.378e-04, NN_max_dV=2.084e-06  True_errAng=1.096e-03, True_errV=1.627e-05
[sample 047] >>> stop_reason=max_blocks, used_iter=20, max_PQ_mismatch=3.875e-04
[1;32m===== Test Sample Heatmap Cell: X=(-2.00,-1.80), PQ=(-1.20,-1.00), x_signed=-1.926130, pq_signed=-1.104762, valid_label=1 =====[0m
---- Error Metrics (Best State) ----
Angel_MAX   : 1.095623e-03
Voltage_MAX : 1.627207e-05
P_MAX       : 3.875196e-04
Q_MAX       : 3.096387e-04
P_MAE       : 9.239014e-05
Q_MAE       : 5.687536e-05
P_MSE       : 1.657748e-08
Q_MSE       : 5.981589e-09
P_RMSE      : 1.287536e-04
Q_RMSE      : 7.734074e-05

[sample 048] iter 00: max_mismatchPQ=1.348e+01, NN_max_dAng=0.000e+00, NN_max_dV=0.000e+00  True_errAng=1.886e-01, True_errV=9.147e-02
[sample 048] iter 01: max_mismatchPQ=1.198e+00, NN_max_dAng=1.276e-01, NN_max_dV=8.992e-02  True_errAng=6.103e-02, True_errV=2.269e-02
[sample 048] iter 02: max_mismatchPQ=2.963e-02, NN_max_dAng=5.236e-02, NN_max_dV=2.228e-02  True_errAng=9.655e-03, True_errV=7.570e-04
[sample 048] iter 03: max_mismatchPQ=5.571e-03, NN_max_dAng=6.744e-03, NN_max_dV=7.666e-04  True_errAng=3.245e-03, True_errV=1.155e-04
[sample 048] iter 04: max_mismatchPQ=2.057e-03, NN_max_dAng=1.806e-03, NN_max_dV=9.641e-05  True_errAng=2.276e-03, True_errV=6.711e-05
[sample 048] iter 05: max_mismatchPQ=7.963e-04, NN_max_dAng=6.583e-04, NN_max_dV=1.822e-05  True_errAng=1.698e-03, True_errV=5.543e-05
[sample 048] iter 06: max_mismatchPQ=5.331e-04, NN_max_dAng=4.511e-04, NN_max_dV=1.320e-05  True_errAng=1.247e-03, True_errV=4.840e-05
[sample 048] iter 07: max_mismatchPQ=3.979e-04, NN_max_dAng=3.258e-04, NN_max_dV=8.117e-06  True_errAng=9.208e-04, True_errV=4.506e-05
[sample 048] iter 08: max_mismatchPQ=3.072e-04, NN_max_dAng=2.327e-04, NN_max_dV=4.674e-06  True_errAng=6.881e-04, True_errV=4.363e-05
[sample 048] iter 09: max_mismatchPQ=2.995e-04, NN_max_dAng=1.673e-04, NN_max_dV=2.553e-06  True_errAng=5.208e-04, True_errV=4.274e-05
[sample 048] iter 10: max_mismatchPQ=2.964e-04, NN_max_dAng=1.215e-04, NN_max_dV=1.677e-06  True_errAng=3.994e-04, True_errV=4.256e-05
[sample 048] iter 11: max_mismatchPQ=2.945e-04, NN_max_dAng=8.912e-05, NN_max_dV=8.727e-07  True_errAng=3.103e-04, True_errV=4.250e-05
[sample 048] iter 12: max_mismatchPQ=2.933e-04, NN_max_dAng=6.578e-05, NN_max_dV=8.450e-07  True_errAng=2.445e-04, True_errV=4.244e-05
[sample 048] iter 13: max_mismatchPQ=2.924e-04, NN_max_dAng=4.896e-05, NN_max_dV=4.644e-07  True_errAng=1.955e-04, True_errV=4.250e-05
[sample 048] iter 14: max_mismatchPQ=2.921e-04, NN_max_dAng=3.644e-05, NN_max_dV=3.588e-07  True_errAng=1.607e-04, True_errV=4.250e-05
[sample 048] iter 15: max_mismatchPQ=2.917e-04, NN_max_dAng=2.730e-05, NN_max_dV=3.848e-07  True_errAng=1.666e-04, True_errV=4.256e-05
[sample 048] iter 16: max_mismatchPQ=2.924e-04, NN_max_dAng=2.062e-05, NN_max_dV=3.850e-07  True_errAng=1.716e-04, True_errV=4.274e-05
[sample 048] iter 17: max_mismatchPQ=2.912e-04, NN_max_dAng=1.529e-05, NN_max_dV=2.950e-07  True_errAng=1.758e-04, True_errV=4.280e-05
[sample 048] iter 18: max_mismatchPQ=2.921e-04, NN_max_dAng=1.153e-05, NN_max_dV=2.965e-07  True_errAng=1.793e-04, True_errV=4.286e-05
[sample 048] iter 19: max_mismatchPQ=2.919e-04, NN_max_dAng=8.591e-06, NN_max_dV=1.973e-07  True_errAng=1.822e-04, True_errV=4.292e-05
[sample 048] iter 20: max_mismatchPQ=2.914e-04, NN_max_dAng=6.550e-06, NN_max_dV=1.499e-07  True_errAng=1.847e-04, True_errV=4.286e-05
[sample 048] >>> stop_reason=max_blocks, used_iter=17, max_PQ_mismatch=2.912e-04
[1;32m===== Test Sample Heatmap Cell: X=(-2.00,-1.80), PQ=(-1.20,-1.00), x_signed=-1.886913, pq_signed=-1.147048, valid_label=1 =====[0m
---- Error Metrics (Best State) ----
Angel_MAX   : 1.758039e-04
Voltage_MAX : 4.279613e-05
P_MAX       : 1.407266e-04
Q_MAX       : 2.911836e-04
P_MAE       : 3.182625e-05
Q_MAE       : 4.859007e-05
P_MSE       : 1.738615e-09
Q_MSE       : 5.045751e-09
P_RMSE      : 4.169671e-05
Q_RMSE      : 7.103345e-05

[sample 049] iter 00: max_mismatchPQ=5.413e+01, NN_max_dAng=0.000e+00, NN_max_dV=0.000e+00  True_errAng=8.964e-02, True_errV=1.798e-01
[sample 049] iter 01: max_mismatchPQ=7.385e-01, NN_max_dAng=9.039e-02, NN_max_dV=1.669e-01  True_errAng=3.860e-02, True_errV=1.453e-02
[sample 049] iter 02: max_mismatchPQ=3.608e-02, NN_max_dAng=2.816e-02, NN_max_dV=1.431e-02  True_errAng=2.199e-02, True_errV=6.706e-04
[sample 049] iter 03: max_mismatchPQ=8.997e-03, NN_max_dAng=8.954e-03, NN_max_dV=3.684e-04  True_errAng=1.303e-02, True_errV=3.022e-04
[sample 049] iter 04: max_mismatchPQ=5.294e-03, NN_max_dAng=4.559e-03, NN_max_dV=1.270e-04  True_errAng=8.504e-03, True_errV=1.808e-04
[sample 049] iter 05: max_mismatchPQ=3.229e-03, NN_max_dAng=2.598e-03, NN_max_dV=6.796e-05  True_errAng=7.448e-03, True_errV=1.253e-04
[sample 049] iter 06: max_mismatchPQ=2.037e-03, NN_max_dAng=1.571e-03, NN_max_dV=4.300e-05  True_errAng=7.143e-03, True_errV=1.136e-04
[sample 049] iter 07: max_mismatchPQ=1.793e-03, NN_max_dAng=9.852e-04, NN_max_dV=2.611e-05  True_errAng=6.697e-03, True_errV=1.032e-04
[sample 049] iter 08: max_mismatchPQ=1.691e-03, NN_max_dAng=7.067e-04, NN_max_dV=1.568e-05  True_errAng=6.197e-03, True_errV=9.662e-05
[sample 049] iter 09: max_mismatchPQ=1.573e-03, NN_max_dAng=5.798e-04, NN_max_dV=9.371e-06  True_errAng=5.690e-03, True_errV=8.929e-05
[sample 049] iter 10: max_mismatchPQ=1.476e-03, NN_max_dAng=4.909e-04, NN_max_dV=7.632e-06  True_errAng=5.199e-03, True_errV=8.190e-05
[sample 049] iter 11: max_mismatchPQ=1.372e-03, NN_max_dAng=4.630e-04, NN_max_dV=7.197e-06  True_errAng=4.736e-03, True_errV=7.468e-05
[sample 049] iter 12: max_mismatchPQ=1.266e-03, NN_max_dAng=4.301e-04, NN_max_dV=6.447e-06  True_errAng=4.306e-03, True_errV=6.825e-05
[sample 049] iter 13: max_mismatchPQ=1.160e-03, NN_max_dAng=3.957e-04, NN_max_dV=6.262e-06  True_errAng=3.910e-03, True_errV=6.205e-05
[sample 049] iter 14: max_mismatchPQ=1.061e-03, NN_max_dAng=3.622e-04, NN_max_dV=5.736e-06  True_errAng=3.548e-03, True_errV=5.633e-05
[sample 049] iter 15: max_mismatchPQ=9.663e-04, NN_max_dAng=3.299e-04, NN_max_dV=5.241e-06  True_errAng=3.218e-03, True_errV=5.108e-05
[sample 049] iter 16: max_mismatchPQ=8.786e-04, NN_max_dAng=2.996e-04, NN_max_dV=4.823e-06  True_errAng=2.918e-03, True_errV=4.625e-05
[sample 049] iter 17: max_mismatchPQ=8.020e-04, NN_max_dAng=2.718e-04, NN_max_dV=4.155e-06  True_errAng=2.647e-03, True_errV=4.208e-05
[sample 049] iter 18: max_mismatchPQ=7.296e-04, NN_max_dAng=2.462e-04, NN_max_dV=4.066e-06  True_errAng=2.400e-03, True_errV=3.803e-05
[sample 049] iter 19: max_mismatchPQ=6.609e-04, NN_max_dAng=2.226e-04, NN_max_dV=3.449e-06  True_errAng=2.178e-03, True_errV=3.457e-05
[sample 049] iter 20: max_mismatchPQ=6.025e-04, NN_max_dAng=2.010e-04, NN_max_dV=3.407e-06  True_errAng=1.977e-03, True_errV=3.117e-05
[sample 049] >>> stop_reason=max_blocks, used_iter=20, max_PQ_mismatch=6.025e-04
[1;32m===== Test Sample Heatmap Cell: X=(-2.00,-1.80), PQ=(-1.20,-1.00), x_signed=-1.809691, pq_signed=-1.104848, valid_label=1 =====[0m
---- Error Metrics (Best State) ----
Angel_MAX   : 1.976699e-03
Voltage_MAX : 3.117323e-05
P_MAX       : 6.024835e-04
Q_MAX       : 1.865923e-04
P_MAE       : 1.750607e-04
Q_MAE       : 5.399426e-05
P_MSE       : 5.089884e-08
Q_MSE       : 4.703733e-09
P_RMSE      : 2.256077e-04
Q_RMSE      : 6.858377e-05

[sample 050] iter 00: max_mismatchPQ=2.187e+01, NN_max_dAng=0.000e+00, NN_max_dV=0.000e+00  True_errAng=1.833e-01, True_errV=8.885e-02
[sample 050] iter 01: max_mismatchPQ=1.311e+00, NN_max_dAng=1.555e-01, NN_max_dV=8.951e-02  True_errAng=3.267e-02, True_errV=1.459e-02
[sample 050] iter 02: max_mismatchPQ=1.034e-02, NN_max_dAng=2.695e-02, NN_max_dV=1.441e-02  True_errAng=8.239e-03, True_errV=4.516e-04
[sample 050] iter 03: max_mismatchPQ=3.385e-03, NN_max_dAng=3.442e-03, NN_max_dV=2.745e-04  True_errAng=6.266e-03, True_errV=1.771e-04
[sample 050] iter 04: max_mismatchPQ=2.317e-03, NN_max_dAng=1.304e-03, NN_max_dV=7.485e-05  True_errAng=5.143e-03, True_errV=1.023e-04
[sample 050] iter 05: max_mismatchPQ=1.745e-03, NN_max_dAng=7.696e-04, NN_max_dV=3.006e-05  True_errAng=4.374e-03, True_errV=8.255e-05
[sample 050] iter 06: max_mismatchPQ=1.410e-03, NN_max_dAng=5.690e-04, NN_max_dV=1.480e-05  True_errAng=3.805e-03, True_errV=7.117e-05
[sample 050] iter 07: max_mismatchPQ=1.186e-03, NN_max_dAng=4.488e-04, NN_max_dV=8.693e-06  True_errAng=3.356e-03, True_errV=6.253e-05
[sample 050] iter 08: max_mismatchPQ=1.026e-03, NN_max_dAng=3.706e-04, NN_max_dV=7.180e-06  True_errAng=2.985e-03, True_errV=5.537e-05
[sample 050] iter 09: max_mismatchPQ=8.993e-04, NN_max_dAng=3.151e-04, NN_max_dV=6.025e-06  True_errAng=2.670e-03, True_errV=4.935e-05
[sample 050] iter 10: max_mismatchPQ=7.975e-04, NN_max_dAng=2.730e-04, NN_max_dV=5.100e-06  True_errAng=2.397e-03, True_errV=4.423e-05
[sample 050] iter 11: max_mismatchPQ=7.190e-04, NN_max_dAng=2.392e-04, NN_max_dV=4.274e-06  True_errAng=2.158e-03, True_errV=3.999e-05
[sample 050] iter 12: max_mismatchPQ=6.451e-04, NN_max_dAng=2.114e-04, NN_max_dV=3.855e-06  True_errAng=1.947e-03, True_errV=3.612e-05
[sample 050] iter 13: max_mismatchPQ=5.856e-04, NN_max_dAng=1.878e-04, NN_max_dV=3.395e-06  True_errAng=1.759e-03, True_errV=3.272e-05
[sample 050] iter 14: max_mismatchPQ=5.314e-04, NN_max_dAng=1.674e-04, NN_max_dV=3.009e-06  True_errAng=1.591e-03, True_errV=2.980e-05
[sample 050] iter 15: max_mismatchPQ=4.812e-04, NN_max_dAng=1.495e-04, NN_max_dV=2.850e-06  True_errAng=1.442e-03, True_errV=2.700e-05
[sample 050] iter 16: max_mismatchPQ=4.400e-04, NN_max_dAng=1.338e-04, NN_max_dV=2.450e-06  True_errAng=1.309e-03, True_errV=2.480e-05
[sample 050] iter 17: max_mismatchPQ=4.017e-04, NN_max_dAng=1.197e-04, NN_max_dV=2.231e-06  True_errAng=1.192e-03, True_errV=2.259e-05
[sample 050] iter 18: max_mismatchPQ=3.691e-04, NN_max_dAng=1.075e-04, NN_max_dV=1.892e-06  True_errAng=1.086e-03, True_errV=2.068e-05
[sample 050] iter 19: max_mismatchPQ=3.402e-04, NN_max_dAng=9.637e-05, NN_max_dV=1.764e-06  True_errAng=9.918e-04, True_errV=1.895e-05
[sample 050] iter 20: max_mismatchPQ=3.476e-04, NN_max_dAng=8.659e-05, NN_max_dV=1.607e-06  True_errAng=9.069e-04, True_errV=1.740e-05
[sample 050] >>> stop_reason=max_blocks, used_iter=19, max_PQ_mismatch=3.402e-04
[1;32m===== Test Sample Heatmap Cell: X=(-2.00,-1.80), PQ=(-1.20,-1.00), x_signed=-1.833979, pq_signed=-1.113961, valid_label=1 =====[0m
---- Error Metrics (Best State) ----
Angel_MAX   : 9.917766e-04
Voltage_MAX : 1.895428e-05
P_MAX       : 3.402370e-04
Q_MAX       : 3.011227e-04
P_MAE       : 8.605883e-05
Q_MAE       : 4.621077e-05
P_MSE       : 1.365587e-08
Q_MSE       : 4.861340e-09
P_RMSE      : 1.168583e-04
Q_RMSE      : 6.972331e-05


===== Batch Full-Test Summary By Heatmap Cell =====
X=[-2.0,-1.8], PQ=[-2.0,-1.8]: count:10, ill:0, avg_iter:19.30, Ang_MAX:2.611145e-03, Vol_MAX:4.863739e-05, Ang_mean±std:9.925000e-04±7.680538e-04, Vol_mean±std:2.748370e-05±1.250307e-05, P_MAX:7.782e-04, Q_MAX:6.256e-04, P_mean±std:3.750729e-04±1.917081e-04, Q_mean±std:2.815437e-04±1.252253e-04, P_RMSE:1.285e-04, Q_RMSE:7.770e-05, Success rate (<0.1):1.000000, Success rate (<0.01):1.000000, Success rate (<0.001):1.000000
X=[-2.0,-1.8], PQ=[-1.8,-1.6]: count:10, ill:0, avg_iter:17.50, Ang_MAX:6.085321e-03, Vol_MAX:1.060367e-04, Ang_mean±std:1.708297e-03±2.074643e-03, Vol_mean±std:3.364682e-05±3.321760e-05, P_MAX:1.778e-03, Q_MAX:1.892e-03, P_mean±std:5.948041e-04±5.752918e-04, Q_mean±std:4.296178e-04±4.948773e-04, P_RMSE:2.199e-04, Q_RMSE:9.724e-05, Success rate (<0.1):1.000000, Success rate (<0.01):1.000000, Success rate (<0.001):0.800000
X=[-2.0,-1.8], PQ=[-1.6,-1.4]: count:10, ill:0, avg_iter:18.70, Ang_MAX:3.611982e-03, Vol_MAX:6.997585e-05, Ang_mean±std:1.142259e-03±9.670266e-04, Vol_mean±std:2.593994e-05±1.654232e-05, P_MAX:1.132e-03, Q_MAX:6.566e-04, P_mean±std:4.455255e-04±2.687352e-04, Q_mean±std:3.258995e-04±1.636072e-04, P_RMSE:1.434e-04, Q_RMSE:8.291e-05, Success rate (<0.1):1.000000, Success rate (<0.01):1.000000, Success rate (<0.001):0.900000
X=[-2.0,-1.8], PQ=[-1.4,-1.2]: count:10, ill:0, avg_iter:16.80, Ang_MAX:1.913643e-02, Vol_MAX:4.454732e-03, Ang_mean±std:3.052133e-03±5.419568e-03, Vol_mean±std:4.737854e-04±1.327097e-03, P_MAX:1.317e+00, Q_MAX:1.814e+00, P_mean±std:1.321434e-01±3.950906e-01, Q_mean±std:1.816075e-01±5.439869e-01, P_RMSE:1.420e-02, Q_RMSE:2.285e-02, Success rate (<0.1):0.900000, Success rate (<0.01):0.900000, Success rate (<0.001):0.900000
X=[-2.0,-1.8], PQ=[-1.2,-1.0]: count:10, ill:0, avg_iter:18.30, Ang_MAX:5.295888e-03, Vol_MAX:8.594990e-05, Ang_mean±std:1.637540e-03±1.504777e-03, Vol_mean±std:3.169179e-05±2.244635e-05, P_MAX:2.228e-03, Q_MAX:2.670e-03, P_mean±std:7.348033e-04±6.403704e-04, Q_mean±std:6.107798e-04±7.801120e-04, P_RMSE:2.402e-04, Q_RMSE:1.143e-04, Success rate (<0.1):1.000000, Success rate (<0.01):1.000000, Success rate (<0.001):0.700000
X=[-2.0,-1.8], PQ=[-1.0,-0.8]: count:10, ill:0, avg_iter:17.30, Ang_MAX:3.910348e-03, Vol_MAX:5.185604e-05, Ang_mean±std:1.719463e-03±1.009702e-03, Vol_mean±std:3.073215e-05±1.595502e-05, P_MAX:1.272e-03, Q_MAX:1.320e-03, P_mean±std:5.755425e-04±2.909426e-04, Q_mean±std:4.181633e-04±3.393210e-04, P_RMSE:2.029e-04, Q_RMSE:8.826e-05, Success rate (<0.1):1.000000, Success rate (<0.01):1.000000, Success rate (<0.001):0.900000
X=[-2.0,-1.8], PQ=[-0.8,-0.6]: count:10, ill:0, avg_iter:17.90, Ang_MAX:2.677634e-03, Vol_MAX:7.045269e-05, Ang_mean±std:1.315150e-03±8.061223e-04, Vol_mean±std:2.942681e-05±1.863259e-05, P_MAX:9.150e-04, Q_MAX:4.483e-04, P_mean±std:4.450804e-04±2.595060e-04, Q_mean±std:2.579774e-04±1.064737e-04, P_RMSE:1.599e-04, Q_RMSE:6.465e-05, Success rate (<0.1):1.000000, Success rate (<0.01):1.000000, Success rate (<0.001):1.000000
X=[-2.0,-1.8], PQ=[-0.6,-0.4]: count:10, ill:0, avg_iter:18.00, Ang_MAX:9.638608e-03, Vol_MAX:3.629327e-03, Ang_mean±std:2.435608e-03±2.576704e-03, Vol_mean±std:3.888726e-04±1.080262e-03, P_MAX:1.431e+00, Q_MAX:1.501e+00, P_mean±std:1.436129e-01±4.291715e-01, Q_mean±std:1.502973e-01±4.501031e-01, P_RMSE:1.578e-02, Q_RMSE:1.890e-02, Success rate (<0.1):0.900000, Success rate (<0.01):0.900000, Success rate (<0.001):0.900000
X=[-2.0,-1.8], PQ=[-0.4,-0.2]: count:10, ill:0, avg_iter:16.90, Ang_MAX:4.529834e-03, Vol_MAX:5.215406e-05, Ang_mean±std:1.171593e-03±1.238727e-03, Vol_mean±std:2.291799e-05±1.572115e-05, P_MAX:1.884e-03, Q_MAX:2.266e-03, P_mean±std:4.608035e-04±4.924642e-04, Q_mean±std:4.312414e-04±6.154255e-04, P_RMSE:1.732e-04, Q_RMSE:8.677e-05, Success rate (<0.1):1.000000, Success rate (<0.01):1.000000, Success rate (<0.001):0.900000
X=[-2.0,-1.8], PQ=[-0.2,0.0]: count:10, ill:0, avg_iter:18.50, Ang_MAX:2.076119e-03, Vol_MAX:4.982948e-05, Ang_mean±std:1.006120e-03±5.335441e-04, Vol_mean±std:2.704859e-05±1.214028e-05, P_MAX:6.600e-04, Q_MAX:5.531e-04, P_mean±std:3.899304e-04±1.712014e-04, Q_mean±std:3.453994e-04±1.539171e-04, P_RMSE:1.266e-04, Q_RMSE:7.340e-05, Success rate (<0.1):1.000000, Success rate (<0.01):1.000000, Success rate (<0.001):1.000000
X=[-2.0,-1.8], PQ=[0.0,0.2]: count:10, ill:0, avg_iter:19.80, Ang_MAX:2.591148e-03, Vol_MAX:4.303455e-05, Ang_mean±std:1.228295e-03±8.275598e-04, Vol_mean±std:2.325177e-05±1.491090e-05, P_MAX:7.949e-04, Q_MAX:2.316e-03, P_mean±std:4.283079e-04±2.346158e-04, Q_mean±std:4.425873e-04±6.326093e-04, P_RMSE:1.435e-04, Q_RMSE:9.044e-05, Success rate (<0.1):1.000000, Success rate (<0.01):1.000000, Success rate (<0.001):0.900000
X=[-2.0,-1.8], PQ=[0.2,0.4]: count:10, ill:0, avg_iter:19.80, Ang_MAX:2.437770e-03, Vol_MAX:3.963709e-05, Ang_mean±std:1.211123e-03±6.562451e-04, Vol_mean±std:2.619624e-05±1.028802e-05, P_MAX:7.830e-04, Q_MAX:4.539e-04, P_mean±std:4.302958e-04±1.851896e-04, Q_mean±std:2.528428e-04±9.174198e-05, P_RMSE:1.434e-04, Q_RMSE:6.680e-05, Success rate (<0.1):1.000000, Success rate (<0.01):1.000000, Success rate (<0.001):1.000000
X=[-2.0,-1.8], PQ=[0.4,0.6]: count:10, ill:0, avg_iter:17.60, Ang_MAX:3.612310e-03, Vol_MAX:5.817413e-05, Ang_mean±std:1.659080e-03±9.524758e-04, Vol_mean±std:3.049970e-05±1.335413e-05, P_MAX:1.276e-03, Q_MAX:1.846e-03, P_mean±std:5.758714e-04±3.150162e-04, Q_mean±std:3.824187e-04±4.926063e-04, P_RMSE:2.109e-04, Q_RMSE:8.412e-05, Success rate (<0.1):1.000000, Success rate (<0.01):1.000000, Success rate (<0.001):0.900000
X=[-2.0,-1.8], PQ=[0.6,0.8]: count:10, ill:0, avg_iter:17.10, Ang_MAX:7.727563e-03, Vol_MAX:1.511574e-04, Ang_mean±std:2.559099e-03±2.314386e-03, Vol_mean±std:4.636049e-05±4.365319e-05, P_MAX:4.604e-03, Q_MAX:4.513e-03, P_mean±std:1.134775e-03±1.308578e-03, Q_mean±std:9.990677e-04±1.398794e-03, P_RMSE:3.956e-04, Q_RMSE:1.738e-04, Success rate (<0.1):1.000000, Success rate (<0.01):1.000000, Success rate (<0.001):0.700000
X=[-2.0,-1.8], PQ=[0.8,1.0]: count:10, ill:0, avg_iter:18.20, Ang_MAX:2.315968e-03, Vol_MAX:4.500151e-05, Ang_mean±std:9.768397e-04±7.002470e-04, Vol_mean±std:2.576113e-05±1.379264e-05, P_MAX:6.918e-04, Q_MAX:9.613e-04, P_mean±std:3.826425e-04±1.694527e-04, Q_mean±std:3.551114e-04±3.166654e-04, P_RMSE:1.265e-04, Q_RMSE:7.475e-05, Success rate (<0.1):1.000000, Success rate (<0.01):1.000000, Success rate (<0.001):1.000000
X=[-2.0,-1.8], PQ=[1.0,1.2]: count:10, ill:0, avg_iter:18.80, Ang_MAX:2.942994e-03, Vol_MAX:4.845858e-05, Ang_mean±std:8.920059e-04±8.945297e-04, Vol_mean±std:2.012253e-05±1.242905e-05, P_MAX:9.436e-04, Q_MAX:2.784e-04, P_mean±std:3.991243e-04±2.425449e-04, Q_mean±std:2.250716e-04±5.132508e-05, P_RMSE:1.197e-04, Q_RMSE:6.720e-05, Success rate (<0.1):1.000000, Success rate (<0.01):1.000000, Success rate (<0.001):1.000000
X=[-2.0,-1.8], PQ=[1.2,1.4]: count:10, ill:0, avg_iter:18.00, Ang_MAX:2.395183e-02, Vol_MAX:5.024076e-04, Ang_mean±std:4.076150e-03±6.745797e-03, Vol_mean±std:8.528829e-05±1.403017e-04, P_MAX:8.870e-02, Q_MAX:9.928e-03, P_mean±std:9.463612e-03±2.641497e-02, Q_mean±std:1.686913e-03±3.077902e-03, P_RMSE:1.465e-03, Q_RMSE:3.660e-04, Success rate (<0.1):1.000000, Success rate (<0.01):0.900000, Success rate (<0.001):0.600000
X=[-2.0,-1.8], PQ=[1.4,1.6]: count:10, ill:0, avg_iter:19.10, Ang_MAX:2.810903e-03, Vol_MAX:6.645918e-05, Ang_mean±std:1.120883e-03±7.753930e-04, Vol_mean±std:3.120899e-05±1.800491e-05, P_MAX:8.776e-04, Q_MAX:3.738e-04, P_mean±std:4.233989e-04±1.997031e-04, Q_mean±std:2.466091e-04±6.716231e-05, P_RMSE:1.422e-04, Q_RMSE:7.085e-05, Success rate (<0.1):1.000000, Success rate (<0.01):1.000000, Success rate (<0.001):1.000000
X=[-2.0,-1.8], PQ=[1.6,1.8]: count:10, ill:0, avg_iter:19.10, Ang_MAX:2.763353e-03, Vol_MAX:6.431341e-05, Ang_mean±std:1.441876e-03±7.472544e-04, Vol_mean±std:2.728105e-05±1.477063e-05, P_MAX:8.789e-04, Q_MAX:8.544e-04, P_mean±std:5.061480e-04±2.249557e-04, Q_mean±std:2.985981e-04±1.904489e-04, P_RMSE:1.739e-04, Q_RMSE:7.752e-05, Success rate (<0.1):1.000000, Success rate (<0.01):1.000000, Success rate (<0.001):1.000000
X=[-2.0,-1.8], PQ=[1.8,2.0]: count:10, ill:0, avg_iter:17.60, Ang_MAX:2.416715e-03, Vol_MAX:3.689528e-05, Ang_mean±std:7.925861e-04±6.425941e-04, Vol_mean±std:1.649261e-05±7.987380e-06, P_MAX:7.408e-04, Q_MAX:5.417e-04, P_mean±std:3.326192e-04±1.600358e-04, Q_mean±std:2.471299e-04±1.147103e-04, P_RMSE:1.150e-04, Q_RMSE:7.104e-05, Success rate (<0.1):1.000000, Success rate (<0.01):1.000000, Success rate (<0.001):1.000000
X=[-1.8,-1.6], PQ=[-2.0,-1.8]: count:10, ill:0, avg_iter:19.90, Ang_MAX:1.849949e-03, Vol_MAX:6.705523e-05, Ang_mean±std:9.920381e-04±5.891961e-04, Vol_mean±std:2.533197e-05±1.715465e-05, P_MAX:5.968e-04, Q_MAX:5.439e-04, P_mean±std:3.553680e-04±1.530718e-04, Q_mean±std:2.655158e-04±1.026381e-04, P_RMSE:1.238e-04, Q_RMSE:7.290e-05, Success rate (<0.1):1.000000, Success rate (<0.01):1.000000, Success rate (<0.001):1.000000
X=[-1.8,-1.6], PQ=[-1.8,-1.6]: count:10, ill:0, avg_iter:19.70, Ang_MAX:2.487779e-03, Vol_MAX:4.523993e-05, Ang_mean±std:1.406088e-03±7.026602e-04, Vol_mean±std:2.542734e-05±1.062483e-05, P_MAX:7.750e-04, Q_MAX:5.875e-04, P_mean±std:4.973332e-04±1.924623e-04, Q_mean±std:2.458908e-04±1.281227e-04, P_RMSE:1.702e-04, Q_RMSE:7.074e-05, Success rate (<0.1):1.000000, Success rate (<0.01):1.000000, Success rate (<0.001):1.000000
X=[-1.8,-1.6], PQ=[-1.6,-1.4]: count:10, ill:0, avg_iter:19.10, Ang_MAX:3.037825e-03, Vol_MAX:5.102158e-05, Ang_mean±std:1.462273e-03±8.826492e-04, Vol_mean±std:2.927184e-05±1.196895e-05, P_MAX:8.907e-04, Q_MAX:6.409e-04, P_mean±std:4.906636e-04±2.123457e-04, Q_mean±std:2.752873e-04±1.470754e-04, P_RMSE:1.733e-04, Q_RMSE:7.177e-05, Success rate (<0.1):1.000000, Success rate (<0.01):1.000000, Success rate (<0.001):1.000000
X=[-1.8,-1.6], PQ=[-1.4,-1.2]: count:10, ill:0, avg_iter:18.10, Ang_MAX:1.752801e-03, Vol_MAX:3.391504e-05, Ang_mean±std:8.594625e-04±4.875993e-04, Vol_mean±std:1.971722e-05±8.107976e-06, P_MAX:5.521e-04, Q_MAX:4.578e-04, P_mean±std:3.407624e-04±1.244891e-04, Q_mean±std:2.449598e-04±1.063252e-04, P_RMSE:1.153e-04, Q_RMSE:6.198e-05, Success rate (<0.1):1.000000, Success rate (<0.01):1.000000, Success rate (<0.001):1.000000
X=[-1.8,-1.6], PQ=[-1.2,-1.0]: count:10, ill:0, avg_iter:18.60, Ang_MAX:1.928039e-03, Vol_MAX:3.892183e-05, Ang_mean±std:1.079670e-03±6.599614e-04, Vol_mean±std:2.171397e-05±1.055087e-05, P_MAX:6.026e-04, Q_MAX:7.477e-04, P_mean±std:4.007246e-04±1.494239e-04, Q_mean±std:3.172155e-04±2.005835e-04, P_RMSE:1.364e-04, Q_RMSE:6.950e-05, Success rate (<0.1):1.000000, Success rate (<0.01):1.000000, Success rate (<0.001):1.000000
X=[-1.8,-1.6], PQ=[-1.0,-0.8]: count:10, ill:0, avg_iter:19.60, Ang_MAX:1.591831e-03, Vol_MAX:3.242493e-05, Ang_mean±std:9.739250e-04±4.653544e-04, Vol_mean±std:1.879930e-05±7.985919e-06, P_MAX:5.434e-04, Q_MAX:6.332e-04, P_mean±std:3.653868e-04±1.284960e-04, Q_mean±std:2.585471e-04±1.560980e-04, P_RMSE:1.193e-04, Q_RMSE:6.365e-05, Success rate (<0.1):1.000000, Success rate (<0.01):1.000000, Success rate (<0.001):1.000000
X=[-1.8,-1.6], PQ=[-0.8,-0.6]: count:10, ill:0, avg_iter:18.90, Ang_MAX:2.561957e-03, Vol_MAX:4.291534e-05, Ang_mean±std:1.279567e-03±7.614044e-04, Vol_mean±std:2.455115e-05±1.198968e-05, P_MAX:8.138e-04, Q_MAX:3.743e-04, P_mean±std:4.310754e-04±2.235307e-04, Q_mean±std:2.034711e-04±6.273612e-05, P_RMSE:1.504e-04, Q_RMSE:5.769e-05, Success rate (<0.1):1.000000, Success rate (<0.01):1.000000, Success rate (<0.001):1.000000
X=[-1.8,-1.6], PQ=[-0.6,-0.4]: count:10, ill:0, avg_iter:17.80, Ang_MAX:2.087906e-03, Vol_MAX:4.124641e-05, Ang_mean±std:1.170342e-03±6.192705e-04, Vol_mean±std:2.548695e-05±1.070889e-05, P_MAX:6.701e-04, Q_MAX:5.178e-04, P_mean±std:4.009114e-04±1.730181e-04, Q_mean±std:2.460911e-04±1.007172e-04, P_RMSE:1.458e-04, Q_RMSE:6.350e-05, Success rate (<0.1):1.000000, Success rate (<0.01):1.000000, Success rate (<0.001):1.000000
X=[-1.8,-1.6], PQ=[-0.4,-0.2]: count:10, ill:0, avg_iter:19.40, Ang_MAX:2.151936e-03, Vol_MAX:4.392862e-05, Ang_mean±std:1.237518e-03±6.854863e-04, Vol_mean±std:2.356768e-05±1.193773e-05, P_MAX:6.931e-04, Q_MAX:2.642e-04, P_mean±std:4.374222e-04±1.862863e-04, Q_mean±std:2.153268e-04±4.516320e-05, P_RMSE:1.475e-04, Q_RMSE:6.067e-05, Success rate (<0.1):1.000000, Success rate (<0.01):1.000000, Success rate (<0.001):1.000000
X=[-1.8,-1.6], PQ=[-0.2,0.0]: count:10, ill:0, avg_iter:19.60, Ang_MAX:2.346873e-03, Vol_MAX:4.976988e-05, Ang_mean±std:1.133005e-03±7.700293e-04, Vol_mean±std:2.567172e-05±1.122142e-05, P_MAX:7.133e-04, Q_MAX:4.110e-04, P_mean±std:4.060307e-04±2.257688e-04, Q_mean±std:2.229542e-04±8.752515e-05, P_RMSE:1.336e-04, Q_RMSE:5.795e-05, Success rate (<0.1):1.000000, Success rate (<0.01):1.000000, Success rate (<0.001):1.000000
X=[-1.8,-1.6], PQ=[0.0,0.2]: count:10, ill:0, avg_iter:19.60, Ang_MAX:1.410112e-03, Vol_MAX:3.278255e-05, Ang_mean±std:7.671520e-04±4.582146e-04, Vol_mean±std:1.779199e-05±8.491989e-06, P_MAX:5.109e-04, Q_MAX:2.699e-04, P_mean±std:3.043880e-04±1.264943e-04, Q_mean±std:1.827036e-04±4.614734e-05, P_RMSE:9.613e-05, Q_RMSE:5.351e-05, Success rate (<0.1):1.000000, Success rate (<0.01):1.000000, Success rate (<0.001):1.000000
X=[-1.8,-1.6], PQ=[0.2,0.4]: count:10, ill:0, avg_iter:18.50, Ang_MAX:1.418233e-03, Vol_MAX:3.921986e-05, Ang_mean±std:7.562011e-04±4.133307e-04, Vol_mean±std:1.975894e-05±1.059221e-05, P_MAX:4.587e-04, Q_MAX:3.531e-04, P_mean±std:3.015303e-04±9.724032e-05, Q_mean±std:2.172956e-04±6.191674e-05, P_RMSE:9.762e-05, Q_RMSE:5.462e-05, Success rate (<0.1):1.000000, Success rate (<0.01):1.000000, Success rate (<0.001):1.000000
X=[-1.8,-1.6], PQ=[0.4,0.6]: count:10, ill:0, avg_iter:16.70, Ang_MAX:1.789129e-02, Vol_MAX:3.310919e-03, Ang_mean±std:2.944407e-03±5.062683e-03, Vol_mean±std:3.577471e-04±9.845933e-04, P_MAX:1.024e+00, Q_MAX:1.360e+00, P_mean±std:1.028028e-01±3.069791e-01, Q_mean±std:1.362061e-01±4.078298e-01, P_RMSE:1.169e-02, Q_RMSE:1.715e-02, Success rate (<0.1):0.900000, Success rate (<0.01):0.900000, Success rate (<0.001):0.900000
X=[-1.8,-1.6], PQ=[0.6,0.8]: count:10, ill:0, avg_iter:17.10, Ang_MAX:2.116174e-03, Vol_MAX:5.173683e-05, Ang_mean±std:9.729728e-04±6.061796e-04, Vol_mean±std:2.104640e-05±1.300686e-05, P_MAX:7.531e-04, Q_MAX:7.630e-04, P_mean±std:3.615561e-04±1.779404e-04, Q_mean±std:3.046093e-04±1.679952e-04, P_RMSE:1.239e-04, Q_RMSE:7.119e-05, Success rate (<0.1):1.000000, Success rate (<0.01):1.000000, Success rate (<0.001):1.000000
X=[-1.8,-1.6], PQ=[0.8,1.0]: count:10, ill:0, avg_iter:18.80, Ang_MAX:2.955735e-03, Vol_MAX:4.887581e-05, Ang_mean±std:1.485926e-03±8.265155e-04, Vol_mean±std:2.373457e-05±1.290362e-05, P_MAX:9.222e-04, Q_MAX:7.177e-04, P_mean±std:4.979506e-04±2.522213e-04, Q_mean±std:2.527902e-04±1.707967e-04, P_RMSE:1.734e-04, Q_RMSE:6.818e-05, Success rate (<0.1):1.000000, Success rate (<0.01):1.000000, Success rate (<0.001):1.000000
X=[-1.8,-1.6], PQ=[1.0,1.2]: count:10, ill:0, avg_iter:18.20, Ang_MAX:2.560794e-03, Vol_MAX:4.667044e-05, Ang_mean±std:1.238830e-03±7.507412e-04, Vol_mean±std:2.241731e-05±1.142487e-05, P_MAX:7.784e-04, Q_MAX:8.088e-04, P_mean±std:4.130863e-04±2.159318e-04, Q_mean±std:2.414985e-04±1.916091e-04, P_RMSE:1.511e-04, Q_RMSE:6.564e-05, Success rate (<0.1):1.000000, Success rate (<0.01):1.000000, Success rate (<0.001):1.000000
X=[-1.8,-1.6], PQ=[1.2,1.4]: count:10, ill:0, avg_iter:17.70, Ang_MAX:2.783880e-03, Vol_MAX:4.458427e-05, Ang_mean±std:1.106656e-03±1.000230e-03, Vol_mean±std:2.222657e-05±1.552596e-05, P_MAX:9.792e-04, Q_MAX:5.378e-04, P_mean±std:4.373539e-04±2.882243e-04, Q_mean±std:2.491444e-04±1.037885e-04, P_RMSE:1.402e-04, Q_RMSE:6.552e-05, Success rate (<0.1):1.000000, Success rate (<0.01):1.000000, Success rate (<0.001):1.000000
X=[-1.8,-1.6], PQ=[1.4,1.6]: count:10, ill:0, avg_iter:20.00, Ang_MAX:2.017215e-03, Vol_MAX:3.331900e-05, Ang_mean±std:1.011167e-03±5.655138e-04, Vol_mean±std:2.157092e-05±8.019403e-06, P_MAX:6.466e-04, Q_MAX:2.728e-04, P_mean±std:3.608086e-04±1.424516e-04, Q_mean±std:2.084882e-04±4.279944e-05, P_RMSE:1.253e-04, Q_RMSE:6.363e-05, Success rate (<0.1):1.000000, Success rate (<0.01):1.000000, Success rate (<0.001):1.000000
X=[-1.8,-1.6], PQ=[1.6,1.8]: count:10, ill:0, avg_iter:16.70, Ang_MAX:4.038930e-03, Vol_MAX:7.510185e-05, Ang_mean±std:1.809103e-03±9.235598e-04, Vol_mean±std:3.247261e-05±1.622396e-05, P_MAX:2.777e-03, Q_MAX:1.640e-03, P_mean±std:8.126321e-04±7.204062e-04, Q_mean±std:5.524795e-04±5.260067e-04, P_RMSE:2.378e-04, Q_RMSE:1.073e-04, Success rate (<0.1):1.000000, Success rate (<0.01):1.000000, Success rate (<0.001):0.800000
X=[-1.8,-1.6], PQ=[1.8,2.0]: count:10, ill:0, avg_iter:20.00, Ang_MAX:2.530366e-03, Vol_MAX:5.292892e-05, Ang_mean±std:1.361176e-03±4.535621e-04, Vol_mean±std:2.485514e-05±1.059421e-05, P_MAX:8.245e-04, Q_MAX:2.794e-04, P_mean±std:4.823121e-04±1.416452e-04, Q_mean±std:2.004541e-04±3.622642e-05, P_RMSE:1.599e-04, Q_RMSE:6.884e-05, Success rate (<0.1):1.000000, Success rate (<0.01):1.000000, Success rate (<0.001):1.000000
X=[-1.6,-1.4], PQ=[-2.0,-1.8]: count:10, ill:0, avg_iter:18.20, Ang_MAX:2.070263e-03, Vol_MAX:3.623962e-05, Ang_mean±std:1.055346e-03±6.311529e-04, Vol_mean±std:2.022982e-05±1.092058e-05, P_MAX:6.250e-04, Q_MAX:3.235e-04, P_mean±std:3.790504e-04±1.860177e-04, Q_mean±std:2.044804e-04±5.512491e-05, P_RMSE:1.341e-04, Q_RMSE:6.703e-05, Success rate (<0.1):1.000000, Success rate (<0.01):1.000000, Success rate (<0.001):1.000000
X=[-1.6,-1.4], PQ=[-1.8,-1.6]: count:10, ill:0, avg_iter:19.10, Ang_MAX:2.468169e-03, Vol_MAX:4.535913e-05, Ang_mean±std:1.169297e-03±8.624773e-04, Vol_mean±std:2.220869e-05±1.434275e-05, P_MAX:7.705e-04, Q_MAX:2.985e-04, P_mean±std:4.385774e-04±2.173870e-04, Q_mean±std:2.048017e-04±4.459397e-05, P_RMSE:1.439e-04, Q_RMSE:6.118e-05, Success rate (<0.1):1.000000, Success rate (<0.01):1.000000, Success rate (<0.001):1.000000
X=[-1.6,-1.4], PQ=[-1.6,-1.4]: count:10, ill:0, avg_iter:17.10, Ang_MAX:1.072362e-03, Vol_MAX:2.062321e-05, Ang_mean±std:4.965320e-04±2.565710e-04, Vol_mean±std:1.131892e-05±5.002989e-06, P_MAX:3.767e-04, Q_MAX:4.267e-04, P_mean±std:2.333194e-04±6.355230e-05, Q_mean±std:2.069900e-04±8.696422e-05, P_RMSE:7.575e-05, Q_RMSE:6.232e-05, Success rate (<0.1):1.000000, Success rate (<0.01):1.000000, Success rate (<0.001):1.000000
X=[-1.6,-1.4], PQ=[-1.4,-1.2]: count:10, ill:0, avg_iter:17.50, Ang_MAX:1.306072e-03, Vol_MAX:2.056360e-05, Ang_mean±std:8.785322e-04±3.340101e-04, Vol_mean±std:1.547337e-05±4.416073e-06, P_MAX:4.806e-04, Q_MAX:5.646e-04, P_mean±std:3.286451e-04±1.098606e-04, Q_mean±std:2.322610e-04±1.286670e-04, P_RMSE:1.195e-04, Q_RMSE:6.321e-05, Success rate (<0.1):1.000000, Success rate (<0.01):1.000000, Success rate (<0.001):1.000000
X=[-1.6,-1.4], PQ=[-1.2,-1.0]: count:10, ill:0, avg_iter:19.50, Ang_MAX:2.815947e-03, Vol_MAX:4.947186e-05, Ang_mean±std:1.386492e-03±9.331077e-04, Vol_mean±std:2.816319e-05±1.448227e-05, P_MAX:9.048e-04, Q_MAX:2.491e-04, P_mean±std:4.579762e-04±2.603593e-04, Q_mean±std:1.839479e-04±4.255751e-05, P_RMSE:1.617e-04, Q_RMSE:5.981e-05, Success rate (<0.1):1.000000, Success rate (<0.01):1.000000, Success rate (<0.001):1.000000
X=[-1.6,-1.4], PQ=[-1.0,-0.8]: count:10, ill:0, avg_iter:19.50, Ang_MAX:1.271516e-03, Vol_MAX:5.853176e-05, Ang_mean±std:8.029491e-04±3.344336e-04, Vol_mean±std:2.127886e-05±1.395482e-05, P_MAX:4.550e-04, Q_MAX:4.888e-04, P_mean±std:2.892931e-04±9.970599e-05, Q_mean±std:2.225175e-04±1.098267e-04, P_RMSE:9.961e-05, Q_RMSE:5.730e-05, Success rate (<0.1):1.000000, Success rate (<0.01):1.000000, Success rate (<0.001):1.000000
X=[-1.6,-1.4], PQ=[-0.8,-0.6]: count:10, ill:0, avg_iter:18.50, Ang_MAX:2.438754e-03, Vol_MAX:3.063679e-05, Ang_mean±std:8.151427e-04±6.988132e-04, Vol_mean±std:1.763105e-05±9.372565e-06, P_MAX:7.894e-04, Q_MAX:3.204e-04, P_mean±std:3.171391e-04±2.092964e-04, Q_mean±std:2.086410e-04±6.416727e-05, P_RMSE:1.046e-04, Q_RMSE:5.526e-05, Success rate (<0.1):1.000000, Success rate (<0.01):1.000000, Success rate (<0.001):1.000000
X=[-1.6,-1.4], PQ=[-0.6,-0.4]: count:10, ill:0, avg_iter:19.70, Ang_MAX:1.594633e-03, Vol_MAX:3.081560e-05, Ang_mean±std:1.010835e-03±4.278293e-04, Vol_mean±std:2.067089e-05±6.291315e-06, P_MAX:6.056e-04, Q_MAX:3.356e-04, P_mean±std:3.356674e-04±1.377267e-04, Q_mean±std:1.842740e-04±6.069221e-05, P_RMSE:1.180e-04, Q_RMSE:5.275e-05, Success rate (<0.1):1.000000, Success rate (<0.01):1.000000, Success rate (<0.001):1.000000
X=[-1.6,-1.4], PQ=[-0.4,-0.2]: count:10, ill:0, avg_iter:19.80, Ang_MAX:2.444386e-03, Vol_MAX:3.677607e-05, Ang_mean±std:8.405641e-04±6.164567e-04, Vol_mean±std:1.519918e-05±9.291636e-06, P_MAX:7.992e-04, Q_MAX:2.177e-04, P_mean±std:3.217089e-04±1.752534e-04, Q_mean±std:1.796946e-04±2.576107e-05, P_RMSE:1.014e-04, Q_RMSE:5.050e-05, Success rate (<0.1):1.000000, Success rate (<0.01):1.000000, Success rate (<0.001):1.000000
X=[-1.6,-1.4], PQ=[-0.2,0.0]: count:10, ill:0, avg_iter:19.10, Ang_MAX:2.312914e-03, Vol_MAX:4.142523e-05, Ang_mean±std:9.348497e-04±7.681238e-04, Vol_mean±std:2.096891e-05±1.238334e-05, P_MAX:7.153e-04, Q_MAX:1.877e-04, P_mean±std:3.430992e-04±2.321704e-04, Q_mean±std:1.535544e-04±2.498115e-05, P_RMSE:1.123e-04, Q_RMSE:4.835e-05, Success rate (<0.1):1.000000, Success rate (<0.01):1.000000, Success rate (<0.001):1.000000
X=[-1.6,-1.4], PQ=[0.0,0.2]: count:10, ill:0, avg_iter:19.10, Ang_MAX:2.050683e-03, Vol_MAX:3.665686e-05, Ang_mean±std:9.818524e-04±6.087996e-04, Vol_mean±std:2.022386e-05±1.022785e-05, P_MAX:6.251e-04, Q_MAX:3.967e-04, P_mean±std:3.342109e-04±1.586566e-04, Q_mean±std:1.771767e-04±7.989762e-05, P_RMSE:1.160e-04, Q_RMSE:5.010e-05, Success rate (<0.1):1.000000, Success rate (<0.01):1.000000, Success rate (<0.001):1.000000
X=[-1.6,-1.4], PQ=[0.2,0.4]: count:10, ill:0, avg_iter:16.90, Ang_MAX:3.490448e-03, Vol_MAX:3.749132e-05, Ang_mean±std:1.111425e-03±1.006125e-03, Vol_mean±std:1.732111e-05±1.076092e-05, P_MAX:1.213e-03, Q_MAX:1.389e-03, P_mean±std:4.012376e-04±3.149161e-04, Q_mean±std:3.179967e-04±3.616504e-04, P_RMSE:1.494e-04, Q_RMSE:6.825e-05, Success rate (<0.1):1.000000, Success rate (<0.01):1.000000, Success rate (<0.001):0.900000
X=[-1.6,-1.4], PQ=[0.4,0.6]: count:10, ill:0, avg_iter:18.50, Ang_MAX:2.585888e-03, Vol_MAX:4.476309e-05, Ang_mean±std:1.161142e-03±7.813989e-04, Vol_mean±std:2.159476e-05±1.223072e-05, P_MAX:9.293e-04, Q_MAX:7.018e-04, P_mean±std:4.240252e-04±2.486149e-04, Q_mean±std:2.332082e-04±1.593669e-04, P_RMSE:1.466e-04, Q_RMSE:6.013e-05, Success rate (<0.1):1.000000, Success rate (<0.01):1.000000, Success rate (<0.001):1.000000
X=[-1.6,-1.4], PQ=[0.6,0.8]: count:10, ill:0, avg_iter:19.80, Ang_MAX:1.697004e-03, Vol_MAX:2.598763e-05, Ang_mean±std:9.072036e-04±4.029393e-04, Vol_mean±std:1.638532e-05±5.371728e-06, P_MAX:5.510e-04, Q_MAX:3.199e-04, P_mean±std:3.062364e-04±1.079011e-04, Q_mean±std:1.712350e-04±6.031511e-05, P_RMSE:1.078e-04, Q_RMSE:5.241e-05, Success rate (<0.1):1.000000, Success rate (<0.01):1.000000, Success rate (<0.001):1.000000
X=[-1.6,-1.4], PQ=[0.8,1.0]: count:10, ill:0, avg_iter:18.40, Ang_MAX:3.333002e-03, Vol_MAX:6.639957e-05, Ang_mean±std:1.008448e-03±8.943856e-04, Vol_mean±std:2.189875e-05±1.605181e-05, P_MAX:1.037e-03, Q_MAX:2.584e-04, P_mean±std:3.516926e-04±2.620629e-04, Q_mean±std:2.037233e-04±3.526874e-05, P_RMSE:1.229e-04, Q_RMSE:5.754e-05, Success rate (<0.1):1.000000, Success rate (<0.01):1.000000, Success rate (<0.001):0.900000
X=[-1.6,-1.4], PQ=[1.0,1.2]: count:10, ill:0, avg_iter:19.00, Ang_MAX:2.318591e-03, Vol_MAX:3.081560e-05, Ang_mean±std:9.505957e-04±6.348159e-04, Vol_mean±std:1.881123e-05±8.504319e-06, P_MAX:7.031e-04, Q_MAX:3.357e-04, P_mean±std:3.368594e-04±1.611749e-04, Q_mean±std:1.994247e-04±6.706640e-05, P_RMSE:1.181e-04, Q_RMSE:5.864e-05, Success rate (<0.1):1.000000, Success rate (<0.01):1.000000, Success rate (<0.001):1.000000
X=[-1.6,-1.4], PQ=[1.2,1.4]: count:10, ill:0, avg_iter:18.70, Ang_MAX:1.640126e-03, Vol_MAX:2.902746e-05, Ang_mean±std:7.704586e-04±3.915939e-04, Vol_mean±std:1.772642e-05±5.882782e-06, P_MAX:4.982e-04, Q_MAX:2.599e-04, P_mean±std:2.915174e-04±9.631664e-05, Q_mean±std:1.868094e-04±4.527519e-05, P_RMSE:1.002e-04, Q_RMSE:5.962e-05, Success rate (<0.1):1.000000, Success rate (<0.01):1.000000, Success rate (<0.001):1.000000
X=[-1.6,-1.4], PQ=[1.4,1.6]: count:10, ill:0, avg_iter:18.00, Ang_MAX:1.685888e-03, Vol_MAX:2.861023e-05, Ang_mean±std:9.381793e-04±4.383805e-04, Vol_mean±std:1.672506e-05±6.468804e-06, P_MAX:5.312e-04, Q_MAX:6.257e-04, P_mean±std:3.479302e-04±1.275284e-04, Q_mean±std:2.757853e-04±1.376306e-04, P_RMSE:1.163e-04, Q_RMSE:6.564e-05, Success rate (<0.1):1.000000, Success rate (<0.01):1.000000, Success rate (<0.001):1.000000
X=[-1.6,-1.4], PQ=[1.6,1.8]: count:10, ill:0, avg_iter:17.30, Ang_MAX:1.126155e-03, Vol_MAX:3.671646e-05, Ang_mean±std:6.058298e-04±2.880177e-04, Vol_mean±std:1.711249e-05±9.640025e-06, P_MAX:4.151e-04, Q_MAX:7.019e-04, P_mean±std:2.450099e-04±9.099335e-05, Q_mean±std:2.761018e-04±1.941564e-04, P_RMSE:8.649e-05, Q_RMSE:6.921e-05, Success rate (<0.1):1.000000, Success rate (<0.01):1.000000, Success rate (<0.001):1.000000
X=[-1.6,-1.4], PQ=[1.8,2.0]: count:10, ill:0, avg_iter:18.40, Ang_MAX:1.335740e-03, Vol_MAX:2.771616e-05, Ang_mean±std:7.213198e-04±3.968455e-04, Vol_mean±std:1.668334e-05±6.577040e-06, P_MAX:4.933e-04, Q_MAX:5.879e-04, P_mean±std:2.997014e-04±9.848047e-05, Q_mean±std:2.487308e-04±1.224761e-04, P_RMSE:9.837e-05, Q_RMSE:6.796e-05, Success rate (<0.1):1.000000, Success rate (<0.01):1.000000, Success rate (<0.001):1.000000
X=[-1.4,-1.2], PQ=[-2.0,-1.8]: count:10, ill:0, avg_iter:17.80, Ang_MAX:1.175523e-03, Vol_MAX:2.300739e-05, Ang_mean±std:5.908921e-04±3.147895e-04, Vol_mean±std:1.302958e-05±6.117493e-06, P_MAX:3.985e-04, Q_MAX:3.667e-04, P_mean±std:2.737487e-04±7.046475e-05, Q_mean±std:2.164484e-04±7.341092e-05, P_RMSE:8.654e-05, Q_RMSE:6.415e-05, Success rate (<0.1):1.000000, Success rate (<0.01):1.000000, Success rate (<0.001):1.000000
X=[-1.4,-1.2], PQ=[-1.8,-1.6]: count:10, ill:0, avg_iter:18.20, Ang_MAX:2.751153e-03, Vol_MAX:5.924702e-05, Ang_mean±std:7.258113e-04±7.371486e-04, Vol_mean±std:1.503229e-05±1.502748e-05, P_MAX:8.712e-04, Q_MAX:9.146e-04, P_mean±std:2.715289e-04±2.114748e-04, Q_mean±std:2.332270e-04±2.299151e-04, P_RMSE:9.825e-05, Q_RMSE:6.289e-05, Success rate (<0.1):1.000000, Success rate (<0.01):1.000000, Success rate (<0.001):1.000000
X=[-1.4,-1.2], PQ=[-1.6,-1.4]: count:10, ill:0, avg_iter:18.80, Ang_MAX:2.432719e-03, Vol_MAX:4.917383e-05, Ang_mean±std:7.044159e-04±6.597066e-04, Vol_mean±std:1.567602e-05±1.187234e-05, P_MAX:7.211e-04, Q_MAX:3.204e-04, P_mean±std:2.687369e-04±1.744584e-04, Q_mean±std:1.800274e-04±5.650557e-05, P_RMSE:9.524e-05, Q_RMSE:5.595e-05, Success rate (<0.1):1.000000, Success rate (<0.01):1.000000, Success rate (<0.001):1.000000
X=[-1.4,-1.2], PQ=[-1.4,-1.2]: count:10, ill:0, avg_iter:19.40, Ang_MAX:2.046674e-03, Vol_MAX:3.284216e-05, Ang_mean±std:8.375220e-04±5.075247e-04, Vol_mean±std:1.778603e-05±7.432305e-06, P_MAX:6.645e-04, Q_MAX:2.517e-04, P_mean±std:3.106024e-04±1.513260e-04, Q_mean±std:1.729850e-04±4.450977e-05, P_RMSE:1.050e-04, Q_RMSE:5.638e-05, Success rate (<0.1):1.000000, Success rate (<0.01):1.000000, Success rate (<0.001):1.000000
X=[-1.4,-1.2], PQ=[-1.2,-1.0]: count:10, ill:0, avg_iter:19.60, Ang_MAX:2.267540e-03, Vol_MAX:4.237890e-05, Ang_mean±std:1.101775e-03±5.641039e-04, Vol_mean±std:2.191067e-05±9.357671e-06, P_MAX:1.468e-03, Q_MAX:1.198e-03, P_mean±std:4.545055e-04±3.515506e-04, Q_mean±std:3.083629e-04±3.072456e-04, P_RMSE:1.338e-04, Q_RMSE:6.727e-05, Success rate (<0.1):1.000000, Success rate (<0.01):1.000000, Success rate (<0.001):0.900000
X=[-1.4,-1.2], PQ=[-1.0,-0.8]: count:10, ill:0, avg_iter:19.00, Ang_MAX:2.627730e-03, Vol_MAX:4.035234e-05, Ang_mean±std:9.779528e-04±6.925981e-04, Vol_mean±std:1.898408e-05±8.933631e-06, P_MAX:7.987e-04, Q_MAX:2.379e-04, P_mean±std:3.349602e-04±1.914099e-04, Q_mean±std:1.639185e-04±4.247600e-05, P_RMSE:1.171e-04, Q_RMSE:5.265e-05, Success rate (<0.1):1.000000, Success rate (<0.01):1.000000, Success rate (<0.001):1.000000
X=[-1.4,-1.2], PQ=[-0.8,-0.6]: count:10, ill:0, avg_iter:19.10, Ang_MAX:2.116904e-03, Vol_MAX:3.480911e-05, Ang_mean±std:7.495776e-04±5.511061e-04, Vol_mean±std:1.418591e-05±8.347375e-06, P_MAX:6.644e-04, Q_MAX:2.635e-04, P_mean±std:2.981182e-04±1.453179e-04, Q_mean±std:1.648420e-04±5.056873e-05, P_RMSE:9.530e-05, Q_RMSE:5.077e-05, Success rate (<0.1):1.000000, Success rate (<0.01):1.000000, Success rate (<0.001):1.000000
X=[-1.4,-1.2], PQ=[-0.6,-0.4]: count:10, ill:0, avg_iter:18.80, Ang_MAX:1.947448e-03, Vol_MAX:3.480911e-05, Ang_mean±std:7.646382e-04±6.079966e-04, Vol_mean±std:1.496077e-05±9.433139e-06, P_MAX:6.218e-04, Q_MAX:4.349e-04, P_mean±std:3.059950e-04±1.738946e-04, Q_mean±std:1.903744e-04±8.994254e-05, P_RMSE:9.620e-05, Q_RMSE:5.209e-05, Success rate (<0.1):1.000000, Success rate (<0.01):1.000000, Success rate (<0.001):1.000000
X=[-1.4,-1.2], PQ=[-0.4,-0.2]: count:10, ill:0, avg_iter:19.10, Ang_MAX:1.447007e-03, Vol_MAX:3.421307e-05, Ang_mean±std:4.783675e-04±3.909793e-04, Vol_mean±std:1.248717e-05±8.038952e-06, P_MAX:4.536e-04, Q_MAX:1.990e-04, P_mean±std:2.042454e-04±1.071805e-04, Q_mean±std:1.260418e-04±2.684845e-05, P_RMSE:6.391e-05, Q_RMSE:4.336e-05, Success rate (<0.1):1.000000, Success rate (<0.01):1.000000, Success rate (<0.001):1.000000
X=[-1.4,-1.2], PQ=[-0.2,0.0]: count:10, ill:0, avg_iter:19.20, Ang_MAX:1.259252e-03, Vol_MAX:1.990795e-05, Ang_mean±std:4.704341e-04±4.363621e-04, Vol_mean±std:1.124740e-05±5.546119e-06, P_MAX:4.989e-04, Q_MAX:3.204e-04, P_mean±std:2.453745e-04±1.423770e-04, Q_mean±std:1.632163e-04±6.098903e-05, P_RMSE:6.575e-05, Q_RMSE:4.555e-05, Success rate (<0.1):1.000000, Success rate (<0.01):1.000000, Success rate (<0.001):1.000000
X=[-1.4,-1.2], PQ=[0.0,0.2]: count:10, ill:0, avg_iter:19.50, Ang_MAX:2.063677e-03, Vol_MAX:3.588200e-05, Ang_mean±std:1.046069e-03±4.781794e-04, Vol_mean±std:2.002716e-05±8.474556e-06, P_MAX:6.495e-04, Q_MAX:2.404e-04, P_mean±std:3.548369e-04±1.315540e-04, Q_mean±std:1.580678e-04±4.249330e-05, P_RMSE:1.202e-04, Q_RMSE:4.507e-05, Success rate (<0.1):1.000000, Success rate (<0.01):1.000000, Success rate (<0.001):1.000000
X=[-1.4,-1.2], PQ=[0.2,0.4]: count:10, ill:0, avg_iter:17.20, Ang_MAX:1.915738e-03, Vol_MAX:3.075600e-05, Ang_mean±std:8.729234e-04±5.029770e-04, Vol_mean±std:1.757741e-05±5.547233e-06, P_MAX:5.652e-04, Q_MAX:5.503e-04, P_mean±std:3.117290e-04±1.418796e-04, Q_mean±std:2.256102e-04±1.415702e-04, P_RMSE:1.065e-04, Q_RMSE:5.255e-05, Success rate (<0.1):1.000000, Success rate (<0.01):1.000000, Success rate (<0.001):1.000000
X=[-1.4,-1.2], PQ=[0.4,0.6]: count:10, ill:0, avg_iter:18.80, Ang_MAX:1.615614e-03, Vol_MAX:2.813339e-05, Ang_mean±std:8.958310e-04±4.294649e-04, Vol_mean±std:1.842380e-05±6.587295e-06, P_MAX:4.965e-04, Q_MAX:3.815e-04, P_mean±std:2.978335e-04±1.197393e-04, Q_mean±std:1.743400e-04±7.916418e-05, P_RMSE:1.048e-04, Q_RMSE:4.844e-05, Success rate (<0.1):1.000000, Success rate (<0.01):1.000000, Success rate (<0.001):1.000000
X=[-1.4,-1.2], PQ=[0.6,0.8]: count:10, ill:0, avg_iter:20.00, Ang_MAX:2.206862e-03, Vol_MAX:3.737211e-05, Ang_mean±std:9.923369e-04±6.334444e-04, Vol_mean±std:1.750588e-05±1.054972e-05, P_MAX:6.689e-04, Q_MAX:2.737e-04, P_mean±std:3.357581e-04±1.742915e-04, Q_mean±std:1.665774e-04±4.852248e-05, P_RMSE:1.165e-04, Q_RMSE:4.949e-05, Success rate (<0.1):1.000000, Success rate (<0.01):1.000000, Success rate (<0.001):1.000000
X=[-1.4,-1.2], PQ=[0.8,1.0]: count:10, ill:0, avg_iter:18.20, Ang_MAX:1.887083e-03, Vol_MAX:4.416704e-05, Ang_mean±std:6.830983e-04±5.506121e-04, Vol_mean±std:1.920462e-05±1.354943e-05, P_MAX:6.044e-04, Q_MAX:2.340e-04, P_mean±std:2.788105e-04±1.496284e-04, Q_mean±std:1.731905e-04±2.956195e-05, P_RMSE:8.977e-05, Q_RMSE:5.028e-05, Success rate (<0.1):1.000000, Success rate (<0.01):1.000000, Success rate (<0.001):1.000000
X=[-1.4,-1.2], PQ=[1.0,1.2]: count:10, ill:0, avg_iter:19.90, Ang_MAX:1.161441e-03, Vol_MAX:2.521276e-05, Ang_mean±std:6.306127e-04±3.272187e-04, Vol_mean±std:1.465678e-05±6.541509e-06, P_MAX:4.072e-04, Q_MAX:2.363e-04, P_mean±std:2.498880e-04±9.456947e-05, Q_mean±std:1.545732e-04±3.860338e-05, P_RMSE:8.067e-05, Q_RMSE:4.933e-05, Success rate (<0.1):1.000000, Success rate (<0.01):1.000000, Success rate (<0.001):1.000000
X=[-1.4,-1.2], PQ=[1.2,1.4]: count:10, ill:0, avg_iter:19.40, Ang_MAX:1.132697e-03, Vol_MAX:2.586842e-05, Ang_mean±std:5.291335e-04±3.297446e-04, Vol_mean±std:1.292825e-05±6.286098e-06, P_MAX:3.474e-04, Q_MAX:2.443e-04, P_mean±std:2.243365e-04±7.454856e-05, Q_mean±std:1.690102e-04±3.316482e-05, P_RMSE:7.330e-05, Q_RMSE:5.111e-05, Success rate (<0.1):1.000000, Success rate (<0.01):1.000000, Success rate (<0.001):1.000000
X=[-1.4,-1.2], PQ=[1.4,1.6]: count:10, ill:0, avg_iter:19.70, Ang_MAX:2.480745e-03, Vol_MAX:3.880262e-05, Ang_mean±std:1.208746e-03±6.206522e-04, Vol_mean±std:2.143979e-05±9.542853e-06, P_MAX:8.638e-04, Q_MAX:4.425e-04, P_mean±std:4.131283e-04±1.914868e-04, Q_mean±std:2.319787e-04±7.747157e-05, P_RMSE:1.471e-04, Q_RMSE:6.585e-05, Success rate (<0.1):1.000000, Success rate (<0.01):1.000000, Success rate (<0.001):1.000000
X=[-1.4,-1.2], PQ=[1.6,1.8]: count:10, ill:0, avg_iter:19.70, Ang_MAX:3.078043e-03, Vol_MAX:5.447865e-05, Ang_mean±std:1.189454e-03±9.982431e-04, Vol_mean±std:2.700686e-05±1.668064e-05, P_MAX:1.049e-03, Q_MAX:3.008e-04, P_mean±std:4.304635e-04±3.113863e-04, Q_mean±std:2.005430e-04±4.589835e-05, P_RMSE:1.444e-04, Q_RMSE:6.574e-05, Success rate (<0.1):1.000000, Success rate (<0.01):1.000000, Success rate (<0.001):0.900000
X=[-1.4,-1.2], PQ=[1.8,2.0]: count:10, ill:0, avg_iter:18.60, Ang_MAX:1.421839e-03, Vol_MAX:3.612041e-05, Ang_mean±std:6.417483e-04±4.180987e-04, Vol_mean±std:1.688600e-05±8.475313e-06, P_MAX:4.309e-04, Q_MAX:2.708e-04, P_mean±std:2.662629e-04±8.974320e-05, Q_mean±std:1.851350e-04±4.459894e-05, P_RMSE:9.065e-05, Q_RMSE:5.996e-05, Success rate (<0.1):1.000000, Success rate (<0.01):1.000000, Success rate (<0.001):1.000000
X=[-1.2,-1.0], PQ=[-2.0,-1.8]: count:10, ill:0, avg_iter:19.20, Ang_MAX:1.374930e-03, Vol_MAX:2.557039e-05, Ang_mean±std:6.203860e-04±4.124232e-04, Vol_mean±std:1.329184e-05±6.792942e-06, P_MAX:5.073e-04, Q_MAX:2.250e-04, P_mean±std:2.805165e-04±1.146474e-04, Q_mean±std:1.808483e-04±3.580964e-05, P_RMSE:8.693e-05, Q_RMSE:5.832e-05, Success rate (<0.1):1.000000, Success rate (<0.01):1.000000, Success rate (<0.001):1.000000
X=[-1.2,-1.0], PQ=[-1.8,-1.6]: count:10, ill:0, avg_iter:19.10, Ang_MAX:1.721099e-03, Vol_MAX:2.592802e-05, Ang_mean±std:7.791661e-04±4.058098e-04, Vol_mean±std:1.578927e-05±5.962577e-06, P_MAX:5.731e-04, Q_MAX:3.515e-04, P_mean±std:3.107814e-04±1.210644e-04, Q_mean±std:1.893087e-04±6.174788e-05, P_RMSE:1.022e-04, Q_RMSE:5.990e-05, Success rate (<0.1):1.000000, Success rate (<0.01):1.000000, Success rate (<0.001):1.000000
X=[-1.2,-1.0], PQ=[-1.6,-1.4]: count:10, ill:0, avg_iter:17.70, Ang_MAX:1.800641e-03, Vol_MAX:2.729893e-05, Ang_mean±std:6.333664e-04±4.917096e-04, Vol_mean±std:1.383424e-05±6.676489e-06, P_MAX:5.504e-04, Q_MAX:2.122e-04, P_mean±std:2.518265e-04±1.304031e-04, Q_mean±std:1.603294e-04±2.435416e-05, P_RMSE:8.348e-05, Q_RMSE:5.330e-05, Success rate (<0.1):1.000000, Success rate (<0.01):1.000000, Success rate (<0.001):1.000000
X=[-1.2,-1.0], PQ=[-1.4,-1.2]: count:10, ill:0, avg_iter:19.50, Ang_MAX:1.309931e-03, Vol_MAX:2.425909e-05, Ang_mean±std:5.560040e-04±3.976236e-04, Vol_mean±std:1.155138e-05±6.887770e-06, P_MAX:4.374e-04, Q_MAX:1.984e-04, P_mean±std:2.180970e-04±1.006682e-04, Q_mean±std:1.362818e-04±2.713405e-05, P_RMSE:7.354e-05, Q_RMSE:4.961e-05, Success rate (<0.1):1.000000, Success rate (<0.01):1.000000, Success rate (<0.001):1.000000
X=[-1.2,-1.0], PQ=[-1.2,-1.0]: count:10, ill:0, avg_iter:18.60, Ang_MAX:1.804635e-03, Vol_MAX:3.015995e-05, Ang_mean±std:4.876673e-04±5.094911e-04, Vol_mean±std:1.023412e-05±7.346526e-06, P_MAX:5.543e-04, Q_MAX:1.912e-04, P_mean±std:2.278242e-04±1.233428e-04, Q_mean±std:1.440682e-04±2.580006e-05, P_RMSE:7.131e-05, Q_RMSE:4.664e-05, Success rate (<0.1):1.000000, Success rate (<0.01):1.000000, Success rate (<0.001):1.000000
X=[-1.2,-1.0], PQ=[-1.0,-0.8]: count:10, ill:0, avg_iter:19.60, Ang_MAX:1.473114e-03, Vol_MAX:2.282858e-05, Ang_mean±std:5.730614e-04±4.193982e-04, Vol_mean±std:1.251101e-05±6.687283e-06, P_MAX:4.320e-04, Q_MAX:1.716e-04, P_mean±std:2.402127e-04±9.210587e-05, Q_mean±std:1.333390e-04±2.003648e-05, P_RMSE:7.584e-05, Q_RMSE:4.640e-05, Success rate (<0.1):1.000000, Success rate (<0.01):1.000000, Success rate (<0.001):1.000000
X=[-1.2,-1.0], PQ=[-0.8,-0.6]: count:10, ill:0, avg_iter:19.60, Ang_MAX:1.058578e-03, Vol_MAX:2.282858e-05, Ang_mean±std:6.293952e-04±3.092167e-04, Vol_mean±std:1.266599e-05±5.438887e-06, P_MAX:4.193e-04, Q_MAX:2.151e-04, P_mean±std:2.355152e-04±8.753349e-05, Q_mean±std:1.499423e-04±3.284270e-05, P_RMSE:7.802e-05, Q_RMSE:4.483e-05, Success rate (<0.1):1.000000, Success rate (<0.01):1.000000, Success rate (<0.001):1.000000
X=[-1.2,-1.0], PQ=[-0.6,-0.4]: count:10, ill:0, avg_iter:19.40, Ang_MAX:1.663238e-03, Vol_MAX:2.890825e-05, Ang_mean±std:6.568149e-04±4.508121e-04, Vol_mean±std:1.328588e-05±6.338609e-06, P_MAX:5.068e-04, Q_MAX:3.286e-04, P_mean±std:2.350901e-04±1.141530e-04, Q_mean±std:1.797644e-04±7.165452e-05, P_RMSE:8.061e-05, Q_RMSE:4.572e-05, Success rate (<0.1):1.000000, Success rate (<0.01):1.000000, Success rate (<0.001):1.000000
X=[-1.2,-1.0], PQ=[-0.4,-0.2]: count:10, ill:0, avg_iter:20.00, Ang_MAX:1.764283e-03, Vol_MAX:2.712011e-05, Ang_mean±std:7.518172e-04±3.808746e-04, Vol_mean±std:1.253486e-05±5.356004e-06, P_MAX:5.435e-04, Q_MAX:1.944e-04, P_mean±std:2.740226e-04±1.119730e-04, Q_mean±std:1.496558e-04±3.327330e-05, P_RMSE:8.825e-05, Q_RMSE:4.386e-05, Success rate (<0.1):1.000000, Success rate (<0.01):1.000000, Success rate (<0.001):1.000000
X=[-1.2,-1.0], PQ=[-0.2,0.0]: count:10, ill:0, avg_iter:19.90, Ang_MAX:1.716942e-03, Vol_MAX:2.706051e-05, Ang_mean±std:7.048443e-04±4.822350e-04, Vol_mean±std:1.266599e-05±6.917850e-06, P_MAX:5.731e-04, Q_MAX:1.879e-04, P_mean±std:2.693007e-04±1.386016e-04, Q_mean±std:1.334049e-04±3.227635e-05, P_RMSE:8.542e-05, Q_RMSE:4.175e-05, Success rate (<0.1):1.000000, Success rate (<0.01):1.000000, Success rate (<0.001):1.000000
X=[-1.2,-1.0], PQ=[0.0,0.2]: count:10, ill:0, avg_iter:17.60, Ang_MAX:1.659587e-03, Vol_MAX:2.604723e-05, Ang_mean±std:6.120950e-04±5.050646e-04, Vol_mean±std:1.147985e-05±7.357019e-06, P_MAX:5.485e-04, Q_MAX:3.356e-04, P_mean±std:2.420564e-04±1.370037e-04, Q_mean±std:1.601355e-04±7.511991e-05, P_RMSE:8.062e-05, Q_RMSE:4.537e-05, Success rate (<0.1):1.000000, Success rate (<0.01):1.000000, Success rate (<0.001):1.000000
X=[-1.2,-1.0], PQ=[0.2,0.4]: count:10, ill:0, avg_iter:18.70, Ang_MAX:1.392409e-03, Vol_MAX:2.181530e-05, Ang_mean±std:5.444363e-04±3.851587e-04, Vol_mean±std:1.147389e-05±4.804611e-06, P_MAX:4.985e-04, Q_MAX:1.554e-04, P_mean±std:2.135921e-04±1.103190e-04, Q_mean±std:1.234194e-04±1.566144e-05, P_RMSE:7.023e-05, Q_RMSE:4.033e-05, Success rate (<0.1):1.000000, Success rate (<0.01):1.000000, Success rate (<0.001):1.000000
X=[-1.2,-1.0], PQ=[0.4,0.6]: count:10, ill:0, avg_iter:18.20, Ang_MAX:1.166180e-03, Vol_MAX:1.972914e-05, Ang_mean±std:6.008521e-04±3.994079e-04, Vol_mean±std:1.097918e-05±4.789025e-06, P_MAX:4.333e-04, Q_MAX:1.711e-04, P_mean±std:2.311986e-04±1.269438e-04, Q_mean±std:1.349776e-04±2.110944e-05, P_RMSE:7.507e-05, Q_RMSE:4.526e-05, Success rate (<0.1):1.000000, Success rate (<0.01):1.000000, Success rate (<0.001):1.000000
X=[-1.2,-1.0], PQ=[0.6,0.8]: count:10, ill:0, avg_iter:19.20, Ang_MAX:1.738369e-03, Vol_MAX:2.610683e-05, Ang_mean±std:7.085308e-04±4.362789e-04, Vol_mean±std:1.338124e-05±6.303582e-06, P_MAX:5.372e-04, Q_MAX:2.775e-04, P_mean±std:2.482699e-04±1.196485e-04, Q_mean±std:1.536899e-04±6.323464e-05, P_RMSE:8.778e-05, Q_RMSE:4.745e-05, Success rate (<0.1):1.000000, Success rate (<0.01):1.000000, Success rate (<0.001):1.000000
X=[-1.2,-1.0], PQ=[0.8,1.0]: count:10, ill:0, avg_iter:18.80, Ang_MAX:1.482293e-03, Vol_MAX:2.717972e-05, Ang_mean±std:7.776633e-04±4.741825e-04, Vol_mean±std:1.457930e-05±7.650562e-06, P_MAX:5.815e-04, Q_MAX:1.716e-04, P_mean±std:2.952684e-04±1.680627e-04, Q_mean±std:1.483145e-04±1.627318e-05, P_RMSE:9.474e-05, Q_RMSE:4.600e-05, Success rate (<0.1):1.000000, Success rate (<0.01):1.000000, Success rate (<0.001):1.000000
X=[-1.2,-1.0], PQ=[1.0,1.2]: count:10, ill:0, avg_iter:17.80, Ang_MAX:2.250098e-03, Vol_MAX:4.190207e-05, Ang_mean±std:8.495927e-04±5.430960e-04, Vol_mean±std:1.882315e-05±1.302802e-05, P_MAX:6.871e-04, Q_MAX:2.424e-04, P_mean±std:3.059085e-04±1.493111e-04, Q_mean±std:1.632853e-04±4.198563e-05, P_RMSE:1.055e-04, Q_RMSE:4.908e-05, Success rate (<0.1):1.000000, Success rate (<0.01):1.000000, Success rate (<0.001):1.000000
X=[-1.2,-1.0], PQ=[1.2,1.4]: count:10, ill:0, avg_iter:18.00, Ang_MAX:2.208635e-03, Vol_MAX:3.683567e-05, Ang_mean±std:7.396730e-04±6.982202e-04, Vol_mean±std:1.550317e-05±1.080129e-05, P_MAX:7.033e-04, Q_MAX:2.149e-04, P_mean±std:2.755508e-04±1.973984e-04, Q_mean±std:1.506850e-04±2.473258e-05, P_RMSE:9.593e-05, Q_RMSE:5.029e-05, Success rate (<0.1):1.000000, Success rate (<0.01):1.000000, Success rate (<0.001):1.000000
X=[-1.2,-1.0], PQ=[1.4,1.6]: count:10, ill:0, avg_iter:18.70, Ang_MAX:9.239614e-04, Vol_MAX:2.205372e-05, Ang_mean±std:4.734874e-04±2.436536e-04, Vol_mean±std:1.112819e-05±4.668992e-06, P_MAX:3.752e-04, Q_MAX:2.206e-04, P_mean±std:2.073634e-04±6.917746e-05, Q_mean±std:1.518490e-04±3.787306e-05, P_RMSE:6.921e-05, Q_RMSE:5.011e-05, Success rate (<0.1):1.000000, Success rate (<0.01):1.000000, Success rate (<0.001):1.000000
X=[-1.2,-1.0], PQ=[1.6,1.8]: count:10, ill:0, avg_iter:19.70, Ang_MAX:1.006007e-03, Vol_MAX:2.485514e-05, Ang_mean±std:5.660534e-04±2.586690e-04, Vol_mean±std:1.246929e-05±6.056595e-06, P_MAX:3.282e-04, Q_MAX:2.723e-04, P_mean±std:2.129515e-04±6.877051e-05, Q_mean±std:1.624512e-04±4.386969e-05, P_RMSE:7.625e-05, Q_RMSE:5.500e-05, Success rate (<0.1):1.000000, Success rate (<0.01):1.000000, Success rate (<0.001):1.000000
X=[-1.2,-1.0], PQ=[1.8,2.0]: count:10, ill:0, avg_iter:17.70, Ang_MAX:1.994357e-03, Vol_MAX:3.820658e-05, Ang_mean±std:6.086104e-04±5.423149e-04, Vol_mean±std:1.295805e-05±8.898564e-06, P_MAX:6.121e-04, Q_MAX:4.425e-04, P_mean±std:2.783884e-04±1.330520e-04, Q_mean±std:2.016630e-04±8.510796e-05, P_RMSE:9.042e-05, Q_RMSE:5.991e-05, Success rate (<0.1):1.000000, Success rate (<0.01):1.000000, Success rate (<0.001):1.000000
X=[-1.0,-0.8], PQ=[-2.0,-1.8]: count:10, ill:0, avg_iter:19.60, Ang_MAX:1.261666e-03, Vol_MAX:2.610683e-05, Ang_mean±std:4.827091e-04±3.560828e-04, Vol_mean±std:1.267195e-05±6.032461e-06, P_MAX:3.984e-04, Q_MAX:2.725e-04, P_mean±std:2.423638e-04±8.794258e-05, Q_mean±std:1.722656e-04±4.496555e-05, P_RMSE:7.233e-05, Q_RMSE:5.740e-05, Success rate (<0.1):1.000000, Success rate (<0.01):1.000000, Success rate (<0.001):1.000000
X=[-1.0,-0.8], PQ=[-1.8,-1.6]: count:10, ill:0, avg_iter:19.80, Ang_MAX:1.388952e-03, Vol_MAX:2.163649e-05, Ang_mean±std:6.924037e-04±3.606522e-04, Vol_mean±std:1.356602e-05±3.987475e-06, P_MAX:4.596e-04, Q_MAX:2.167e-04, P_mean±std:2.698378e-04±9.857211e-05, Q_mean±std:1.687653e-04±2.790196e-05, P_RMSE:8.933e-05, Q_RMSE:5.714e-05, Success rate (<0.1):1.000000, Success rate (<0.01):1.000000, Success rate (<0.001):1.000000
X=[-1.0,-0.8], PQ=[-1.6,-1.4]: count:10, ill:0, avg_iter:19.90, Ang_MAX:1.042366e-03, Vol_MAX:1.394749e-05, Ang_mean±std:5.096376e-04±2.319396e-04, Vol_mean±std:1.010895e-05±2.756443e-06, P_MAX:3.353e-04, Q_MAX:1.821e-04, P_mean±std:2.026628e-04±5.717862e-05, Q_mean±std:1.394279e-04±2.815500e-05, P_RMSE:6.925e-05, Q_RMSE:4.912e-05, Success rate (<0.1):1.000000, Success rate (<0.01):1.000000, Success rate (<0.001):1.000000
X=[-1.0,-0.8], PQ=[-1.4,-1.2]: count:10, ill:0, avg_iter:16.60, Ang_MAX:7.974505e-04, Vol_MAX:2.276897e-05, Ang_mean±std:3.599003e-04±2.250314e-04, Vol_mean±std:1.058578e-05±5.411708e-06, P_MAX:3.033e-04, Q_MAX:1.896e-04, P_mean±std:1.712754e-04±5.623154e-05, Q_mean±std:1.395779e-04±2.722449e-05, P_RMSE:5.679e-05, Q_RMSE:4.741e-05, Success rate (<0.1):1.000000, Success rate (<0.01):1.000000, Success rate (<0.001):1.000000
X=[-1.0,-0.8], PQ=[-1.2,-1.0]: count:10, ill:0, avg_iter:19.40, Ang_MAX:1.277447e-03, Vol_MAX:2.157688e-05, Ang_mean±std:6.360136e-04±3.337409e-04, Vol_mean±std:1.219511e-05±5.329015e-06, P_MAX:3.941e-04, Q_MAX:2.265e-04, P_mean±std:2.232339e-04±8.585995e-05, Q_mean±std:1.410924e-04±3.622219e-05, P_RMSE:7.829e-05, Q_RMSE:4.321e-05, Success rate (<0.1):1.000000, Success rate (<0.01):1.000000, Success rate (<0.001):1.000000
X=[-1.0,-0.8], PQ=[-1.0,-0.8]: count:10, ill:0, avg_iter:18.80, Ang_MAX:8.997768e-04, Vol_MAX:1.579523e-05, Ang_mean±std:4.635468e-04±2.788713e-04, Vol_mean±std:9.906292e-06±3.660113e-06, P_MAX:3.485e-04, Q_MAX:2.022e-04, P_mean±std:1.927601e-04±8.543213e-05, Q_mean±std:1.316191e-04±2.850092e-05, P_RMSE:6.161e-05, Q_RMSE:4.477e-05, Success rate (<0.1):1.000000, Success rate (<0.01):1.000000, Success rate (<0.001):1.000000
X=[-1.0,-0.8], PQ=[-0.8,-0.6]: count:10, ill:0, avg_iter:19.40, Ang_MAX:1.679316e-03, Vol_MAX:2.443790e-05, Ang_mean±std:6.001100e-04±4.864334e-04, Vol_mean±std:1.124740e-05±6.968599e-06, P_MAX:5.780e-04, Q_MAX:1.660e-04, P_mean±std:2.285765e-04±1.356261e-04, Q_mean±std:1.271818e-04±1.636425e-05, P_RMSE:7.577e-05, Q_RMSE:4.375e-05, Success rate (<0.1):1.000000, Success rate (<0.01):1.000000, Success rate (<0.001):1.000000
X=[-1.0,-0.8], PQ=[-0.6,-0.4]: count:10, ill:0, avg_iter:19.70, Ang_MAX:1.680657e-03, Vol_MAX:3.200769e-05, Ang_mean±std:5.932704e-04±4.520719e-04, Vol_mean±std:1.111627e-05±7.917922e-06, P_MAX:5.231e-04, Q_MAX:1.679e-04, P_mean±std:2.247857e-04±1.202790e-04, Q_mean±std:1.205341e-04±2.427937e-05, P_RMSE:7.363e-05, Q_RMSE:4.096e-05, Success rate (<0.1):1.000000, Success rate (<0.01):1.000000, Success rate (<0.001):1.000000
X=[-1.0,-0.8], PQ=[-0.4,-0.2]: count:10, ill:0, avg_iter:19.70, Ang_MAX:1.114607e-03, Vol_MAX:2.247095e-05, Ang_mean±std:7.237151e-04±3.508702e-04, Vol_mean±std:1.339912e-05±5.647476e-06, P_MAX:3.679e-04, Q_MAX:1.447e-04, P_mean±std:2.497152e-04±8.255450e-05, Q_mean±std:1.196793e-04±1.330879e-05, P_RMSE:8.561e-05, Q_RMSE:3.904e-05, Success rate (<0.1):1.000000, Success rate (<0.01):1.000000, Success rate (<0.001):1.000000
X=[-1.0,-0.8], PQ=[-0.2,0.0]: count:10, ill:0, avg_iter:19.20, Ang_MAX:1.170948e-03, Vol_MAX:2.354383e-05, Ang_mean±std:5.966485e-04±3.909903e-04, Vol_mean±std:1.313090e-05±5.724035e-06, P_MAX:3.605e-04, Q_MAX:1.623e-04, P_mean±std:2.272584e-04±9.103177e-05, Q_mean±std:1.169899e-04±2.142233e-05, P_RMSE:7.420e-05, Q_RMSE:3.910e-05, Success rate (<0.1):1.000000, Success rate (<0.01):1.000000, Success rate (<0.001):1.000000
X=[-1.0,-0.8], PQ=[0.0,0.2]: count:10, ill:0, avg_iter:19.30, Ang_MAX:1.126766e-03, Vol_MAX:2.038479e-05, Ang_mean±std:5.399898e-04±3.500344e-04, Vol_mean±std:1.021624e-05±4.840925e-06, P_MAX:3.439e-04, Q_MAX:1.423e-04, P_mean±std:2.039453e-04±8.364872e-05, Q_mean±std:1.128934e-04±1.828476e-05, P_RMSE:6.673e-05, Q_RMSE:3.842e-05, Success rate (<0.1):1.000000, Success rate (<0.01):1.000000, Success rate (<0.001):1.000000
X=[-1.0,-0.8], PQ=[0.2,0.4]: count:10, ill:0, avg_iter:19.80, Ang_MAX:1.279309e-03, Vol_MAX:2.366304e-05, Ang_mean±std:3.882661e-04±3.242522e-04, Vol_mean±std:8.344650e-06±5.307157e-06, P_MAX:3.769e-04, Q_MAX:1.488e-04, P_mean±std:1.642354e-04±7.616550e-05, Q_mean±std:1.235112e-04±1.997907e-05, P_RMSE:5.145e-05, Q_RMSE:3.893e-05, Success rate (<0.1):1.000000, Success rate (<0.01):1.000000, Success rate (<0.001):1.000000
X=[-1.0,-0.8], PQ=[0.4,0.6]: count:10, ill:0, avg_iter:19.20, Ang_MAX:1.426160e-03, Vol_MAX:2.259016e-05, Ang_mean±std:6.825551e-04±3.516873e-04, Vol_mean±std:1.260638e-05±4.995015e-06, P_MAX:4.729e-04, Q_MAX:1.847e-04, P_mean±std:2.280404e-04±1.046792e-04, Q_mean±std:1.370896e-04±3.232851e-05, P_RMSE:8.126e-05, Q_RMSE:4.280e-05, Success rate (<0.1):1.000000, Success rate (<0.01):1.000000, Success rate (<0.001):1.000000
X=[-1.0,-0.8], PQ=[0.6,0.8]: count:10, ill:0, avg_iter:18.70, Ang_MAX:8.057058e-04, Vol_MAX:1.591444e-05, Ang_mean±std:2.811909e-04±2.271843e-04, Vol_mean±std:8.070469e-06±3.516997e-06, P_MAX:2.689e-04, Q_MAX:1.464e-04, P_mean±std:1.535173e-04±6.207897e-05, Q_mean±std:1.167812e-04±1.527015e-05, P_RMSE:4.624e-05, Q_RMSE:4.060e-05, Success rate (<0.1):1.000000, Success rate (<0.01):1.000000, Success rate (<0.001):1.000000
X=[-1.0,-0.8], PQ=[0.8,1.0]: count:10, ill:0, avg_iter:20.00, Ang_MAX:1.772016e-03, Vol_MAX:2.723932e-05, Ang_mean±std:7.760368e-04±5.039182e-04, Vol_mean±std:1.377463e-05±7.455512e-06, P_MAX:5.735e-04, Q_MAX:1.644e-04, P_mean±std:2.709417e-04±1.511574e-04, Q_mean±std:1.327105e-04±2.189262e-05, P_RMSE:9.273e-05, Q_RMSE:4.484e-05, Success rate (<0.1):1.000000, Success rate (<0.01):1.000000, Success rate (<0.001):1.000000
X=[-1.0,-0.8], PQ=[1.0,1.2]: count:10, ill:0, avg_iter:19.60, Ang_MAX:8.693039e-04, Vol_MAX:1.847744e-05, Ang_mean±std:5.609430e-04±2.509163e-04, Vol_mean±std:1.085401e-05±3.921827e-06, P_MAX:3.022e-04, Q_MAX:1.755e-04, P_mean±std:2.097278e-04±6.305474e-05, Q_mean±std:1.221261e-04±2.461541e-05, P_RMSE:7.060e-05, Q_RMSE:4.166e-05, Success rate (<0.1):1.000000, Success rate (<0.01):1.000000, Success rate (<0.001):1.000000
X=[-1.0,-0.8], PQ=[1.2,1.4]: count:10, ill:0, avg_iter:18.20, Ang_MAX:8.164048e-04, Vol_MAX:1.662970e-05, Ang_mean±std:4.890785e-04±2.110378e-04, Vol_mean±std:1.085401e-05±3.533751e-06, P_MAX:2.774e-04, Q_MAX:1.723e-04, P_mean±std:2.023370e-04±4.873971e-05, Q_mean±std:1.456297e-04±1.565119e-05, P_RMSE:6.682e-05, Q_RMSE:4.776e-05, Success rate (<0.1):1.000000, Success rate (<0.01):1.000000, Success rate (<0.001):1.000000
X=[-1.0,-0.8], PQ=[1.4,1.6]: count:10, ill:0, avg_iter:19.30, Ang_MAX:1.109689e-03, Vol_MAX:2.157688e-05, Ang_mean±std:7.131957e-04±3.297554e-04, Vol_mean±std:1.448393e-05±5.688607e-06, P_MAX:4.058e-04, Q_MAX:2.038e-04, P_mean±std:2.571322e-04±9.613450e-05, Q_mean±std:1.467777e-04±3.149191e-05, P_RMSE:9.006e-05, Q_RMSE:5.031e-05, Success rate (<0.1):1.000000, Success rate (<0.01):1.000000, Success rate (<0.001):1.000000
X=[-1.0,-0.8], PQ=[1.6,1.8]: count:10, ill:0, avg_iter:19.40, Ang_MAX:1.113981e-03, Vol_MAX:2.151728e-05, Ang_mean±std:5.663879e-04±3.365360e-04, Vol_mean±std:1.193881e-05±4.945824e-06, P_MAX:3.461e-04, Q_MAX:1.670e-04, P_mean±std:2.251924e-04±7.720417e-05, Q_mean±std:1.430065e-04±1.347138e-05, P_RMSE:7.826e-05, Q_RMSE:5.238e-05, Success rate (<0.1):1.000000, Success rate (<0.01):1.000000, Success rate (<0.001):1.000000
X=[-1.0,-0.8], PQ=[1.8,2.0]: count:10, ill:0, avg_iter:19.10, Ang_MAX:1.199365e-03, Vol_MAX:2.229214e-05, Ang_mean±std:5.266324e-04±4.315098e-04, Vol_mean±std:1.212358e-05±5.461698e-06, P_MAX:3.744e-04, Q_MAX:1.929e-04, P_mean±std:2.307909e-04±1.018525e-04, Q_mean±std:1.617967e-04±1.810093e-05, P_RMSE:7.919e-05, Q_RMSE:5.764e-05, Success rate (<0.1):1.000000, Success rate (<0.01):1.000000, Success rate (<0.001):1.000000
X=[-0.8,-0.6], PQ=[-2.0,-1.8]: count:10, ill:0, avg_iter:19.10, Ang_MAX:7.280707e-04, Vol_MAX:1.507998e-05, Ang_mean±std:4.051485e-04±1.533956e-04, Vol_mean±std:9.405613e-06±2.130280e-06, P_MAX:2.656e-04, Q_MAX:2.054e-04, P_mean±std:1.838893e-04±4.613203e-05, Q_mean±std:1.448058e-04±3.050538e-05, P_RMSE:5.996e-05, Q_RMSE:5.198e-05, Success rate (<0.1):1.000000, Success rate (<0.01):1.000000, Success rate (<0.001):1.000000
X=[-0.8,-0.6], PQ=[-1.8,-1.6]: count:10, ill:0, avg_iter:19.40, Ang_MAX:1.385942e-03, Vol_MAX:3.391504e-05, Ang_mean±std:4.211910e-04±4.075744e-04, Vol_mean±std:1.254082e-05±8.051888e-06, P_MAX:4.571e-04, Q_MAX:2.188e-04, P_mean±std:2.018391e-04±9.711217e-05, Q_mean±std:1.469886e-04±3.783572e-05, P_RMSE:6.707e-05, Q_RMSE:5.017e-05, Success rate (<0.1):1.000000, Success rate (<0.01):1.000000, Success rate (<0.001):1.000000
X=[-0.8,-0.6], PQ=[-1.6,-1.4]: count:10, ill:0, avg_iter:19.80, Ang_MAX:1.063317e-03, Vol_MAX:1.871586e-05, Ang_mean±std:4.482858e-04±3.658930e-04, Vol_mean±std:1.011491e-05±4.548350e-06, P_MAX:3.664e-04, Q_MAX:1.722e-04, P_mean±std:2.078102e-04±9.539375e-05, Q_mean±std:1.418288e-04±1.825810e-05, P_RMSE:6.581e-05, Q_RMSE:5.021e-05, Success rate (<0.1):1.000000, Success rate (<0.01):1.000000, Success rate (<0.001):1.000000
X=[-0.8,-0.6], PQ=[-1.4,-1.2]: count:10, ill:0, avg_iter:18.20, Ang_MAX:1.047313e-03, Vol_MAX:1.603365e-05, Ang_mean±std:4.094839e-04±3.166447e-04, Vol_mean±std:9.077787e-06±3.579560e-06, P_MAX:3.753e-04, Q_MAX:1.677e-04, P_mean±std:1.813106e-04±8.732947e-05, Q_mean±std:1.164536e-04±2.736798e-05, P_RMSE:5.985e-05, Q_RMSE:4.458e-05, Success rate (<0.1):1.000000, Success rate (<0.01):1.000000, Success rate (<0.001):1.000000
X=[-0.8,-0.6], PQ=[-1.2,-1.0]: count:10, ill:0, avg_iter:18.80, Ang_MAX:7.887781e-04, Vol_MAX:1.525879e-05, Ang_mean±std:3.748022e-04±2.285614e-04, Vol_mean±std:8.875132e-06±3.414098e-06, P_MAX:2.477e-04, Q_MAX:1.430e-04, P_mean±std:1.453352e-04±5.088603e-05, Q_mean±std:1.118058e-04±1.880425e-05, P_RMSE:5.245e-05, Q_RMSE:4.050e-05, Success rate (<0.1):1.000000, Success rate (<0.01):1.000000, Success rate (<0.001):1.000000
X=[-0.8,-0.6], PQ=[-1.0,-0.8]: count:10, ill:0, avg_iter:20.00, Ang_MAX:1.091048e-03, Vol_MAX:1.847744e-05, Ang_mean±std:4.599869e-04±2.634932e-04, Vol_mean±std:9.149313e-06±3.643716e-06, P_MAX:3.478e-04, Q_MAX:1.852e-04, P_mean±std:1.806304e-04±6.989247e-05, Q_mean±std:1.215770e-04±3.028720e-05, P_RMSE:5.905e-05, Q_RMSE:4.229e-05, Success rate (<0.1):1.000000, Success rate (<0.01):1.000000, Success rate (<0.001):1.000000
X=[-0.8,-0.6], PQ=[-0.8,-0.6]: count:10, ill:0, avg_iter:19.00, Ang_MAX:6.562024e-04, Vol_MAX:1.102686e-05, Ang_mean±std:3.998980e-04±1.485286e-04, Vol_mean±std:8.064508e-06±2.159309e-06, P_MAX:2.021e-04, Q_MAX:1.222e-04, P_mean±std:1.458955e-04±3.423522e-05, Q_mean±std:1.060599e-04±1.062914e-05, P_RMSE:5.108e-05, Q_RMSE:3.567e-05, Success rate (<0.1):1.000000, Success rate (<0.01):1.000000, Success rate (<0.001):1.000000
X=[-0.8,-0.6], PQ=[-0.6,-0.4]: count:10, ill:0, avg_iter:18.30, Ang_MAX:7.122010e-04, Vol_MAX:1.162291e-05, Ang_mean±std:3.090799e-04±1.885956e-04, Vol_mean±std:7.170439e-06±1.625153e-06, P_MAX:2.231e-04, Q_MAX:1.345e-04, P_mean±std:1.313740e-04±4.593998e-05, Q_mean±std:1.117606e-04±1.056513e-05, P_RMSE:4.375e-05, Q_RMSE:3.761e-05, Success rate (<0.1):1.000000, Success rate (<0.01):1.000000, Success rate (<0.001):1.000000
X=[-0.8,-0.6], PQ=[-0.4,-0.2]: count:10, ill:0, avg_iter:19.10, Ang_MAX:8.886009e-04, Vol_MAX:1.436472e-05, Ang_mean±std:4.395962e-04±2.707995e-04, Vol_mean±std:8.714199e-06±2.707626e-06, P_MAX:3.327e-04, Q_MAX:1.338e-04, P_mean±std:1.676266e-04±7.020346e-05, Q_mean±std:1.088292e-04±1.347087e-05, P_RMSE:5.556e-05, Q_RMSE:3.449e-05, Success rate (<0.1):1.000000, Success rate (<0.01):1.000000, Success rate (<0.001):1.000000
X=[-0.8,-0.6], PQ=[-0.2,0.0]: count:10, ill:0, avg_iter:18.30, Ang_MAX:9.019822e-04, Vol_MAX:1.609325e-05, Ang_mean±std:3.192082e-04±2.470514e-04, Vol_mean±std:7.575750e-06±3.154933e-06, P_MAX:2.827e-04, Q_MAX:1.373e-04, P_mean±std:1.529556e-04±5.722463e-05, Q_mean±std:1.056847e-04±2.016176e-05, P_RMSE:4.493e-05, Q_RMSE:3.478e-05, Success rate (<0.1):1.000000, Success rate (<0.01):1.000000, Success rate (<0.001):1.000000
X=[-0.8,-0.6], PQ=[0.0,0.2]: count:10, ill:0, avg_iter:19.10, Ang_MAX:9.541512e-04, Vol_MAX:1.907349e-05, Ang_mean±std:4.074261e-04±2.807456e-04, Vol_mean±std:8.565187e-06±4.472815e-06, P_MAX:2.751e-04, Q_MAX:1.221e-04, P_mean±std:1.545468e-04±5.860269e-05, Q_mean±std:1.040169e-04±1.288406e-05, P_RMSE:5.317e-05, Q_RMSE:3.421e-05, Success rate (<0.1):1.000000, Success rate (<0.01):1.000000, Success rate (<0.001):1.000000
X=[-0.8,-0.6], PQ=[0.2,0.4]: count:10, ill:0, avg_iter:19.10, Ang_MAX:9.625703e-04, Vol_MAX:1.704693e-05, Ang_mean±std:4.895806e-04±2.445958e-04, Vol_mean±std:9.667873e-06±3.734106e-06, P_MAX:2.899e-04, Q_MAX:1.277e-04, P_mean±std:1.778634e-04±6.956365e-05, Q_mean±std:1.102339e-04±1.068031e-05, P_RMSE:6.005e-05, Q_RMSE:3.597e-05, Success rate (<0.1):1.000000, Success rate (<0.01):1.000000, Success rate (<0.001):1.000000
X=[-0.8,-0.6], PQ=[0.4,0.6]: count:10, ill:0, avg_iter:19.80, Ang_MAX:1.154676e-03, Vol_MAX:2.056360e-05, Ang_mean±std:5.461946e-04±3.649811e-04, Vol_mean±std:1.043677e-05±5.126308e-06, P_MAX:3.611e-04, Q_MAX:1.460e-04, P_mean±std:2.108820e-04±8.747708e-05, Q_mean±std:1.115681e-04±1.800440e-05, P_RMSE:6.763e-05, Q_RMSE:3.767e-05, Success rate (<0.1):1.000000, Success rate (<0.01):1.000000, Success rate (<0.001):1.000000
X=[-0.8,-0.6], PQ=[0.6,0.8]: count:10, ill:0, avg_iter:18.50, Ang_MAX:8.686185e-04, Vol_MAX:1.412630e-05, Ang_mean±std:4.282907e-04±2.607769e-04, Vol_mean±std:8.982420e-06±2.797491e-06, P_MAX:2.697e-04, Q_MAX:1.343e-04, P_mean±std:1.654848e-04±5.964258e-05, Q_mean±std:1.097606e-04±1.390909e-05, P_RMSE:5.626e-05, Q_RMSE:3.881e-05, Success rate (<0.1):1.000000, Success rate (<0.01):1.000000, Success rate (<0.001):1.000000
X=[-0.8,-0.6], PQ=[0.8,1.0]: count:10, ill:0, avg_iter:18.30, Ang_MAX:7.975698e-04, Vol_MAX:1.507998e-05, Ang_mean±std:4.667059e-04±2.537005e-04, Vol_mean±std:9.584427e-06±3.104000e-06, P_MAX:2.661e-04, Q_MAX:1.257e-04, P_mean±std:1.748403e-04±5.882636e-05, Q_mean±std:1.058603e-04±1.225398e-05, P_RMSE:6.256e-05, Q_RMSE:3.833e-05, Success rate (<0.1):1.000000, Success rate (<0.01):1.000000, Success rate (<0.001):1.000000
X=[-0.8,-0.6], PQ=[1.0,1.2]: count:10, ill:0, avg_iter:19.20, Ang_MAX:7.099509e-04, Vol_MAX:1.209974e-05, Ang_mean±std:3.636666e-04±2.398211e-04, Vol_mean±std:8.326769e-06±2.142296e-06, P_MAX:2.425e-04, Q_MAX:1.293e-04, P_mean±std:1.591322e-04±5.412688e-05, Q_mean±std:1.090320e-04±1.167507e-05, P_RMSE:5.375e-05, Q_RMSE:4.043e-05, Success rate (<0.1):1.000000, Success rate (<0.01):1.000000, Success rate (<0.001):1.000000
X=[-0.8,-0.6], PQ=[1.2,1.4]: count:10, ill:0, avg_iter:18.80, Ang_MAX:7.466525e-04, Vol_MAX:1.263618e-05, Ang_mean±std:3.718190e-04±2.252353e-04, Vol_mean±std:8.547306e-06±2.238025e-06, P_MAX:2.866e-04, Q_MAX:1.512e-04, P_mean±std:1.711711e-04±5.745141e-05, Q_mean±std:1.136282e-04±1.415858e-05, P_RMSE:5.704e-05, Q_RMSE:4.372e-05, Success rate (<0.1):1.000000, Success rate (<0.01):1.000000, Success rate (<0.001):1.000000
X=[-0.8,-0.6], PQ=[1.4,1.6]: count:10, ill:0, avg_iter:19.20, Ang_MAX:7.860363e-04, Vol_MAX:1.436472e-05, Ang_mean±std:3.146291e-04±2.189782e-04, Vol_mean±std:8.171797e-06±2.625508e-06, P_MAX:4.708e-04, Q_MAX:1.708e-04, P_mean±std:1.916084e-04±1.099062e-04, Q_mean±std:1.261212e-04±1.873448e-05, P_RMSE:5.403e-05, Q_RMSE:4.555e-05, Success rate (<0.1):1.000000, Success rate (<0.01):1.000000, Success rate (<0.001):1.000000
X=[-0.8,-0.6], PQ=[1.6,1.8]: count:10, ill:0, avg_iter:18.40, Ang_MAX:6.716251e-04, Vol_MAX:1.198053e-05, Ang_mean±std:2.554081e-04±1.777925e-04, Vol_mean±std:7.951260e-06±1.776418e-06, P_MAX:2.218e-04, Q_MAX:1.716e-04, P_mean±std:1.394744e-04±3.260296e-05, Q_mean±std:1.310192e-04±1.968024e-05, P_RMSE:4.914e-05, Q_RMSE:4.739e-05, Success rate (<0.1):1.000000, Success rate (<0.01):1.000000, Success rate (<0.001):1.000000
X=[-0.8,-0.6], PQ=[1.8,2.0]: count:10, ill:0, avg_iter:17.60, Ang_MAX:7.704794e-04, Vol_MAX:1.424551e-05, Ang_mean±std:3.498308e-04±2.541275e-04, Vol_mean±std:9.208918e-06±2.156214e-06, P_MAX:3.104e-04, Q_MAX:3.341e-04, P_mean±std:1.902317e-04±6.440308e-05, Q_mean±std:1.608927e-04±6.056754e-05, P_RMSE:6.102e-05, Q_RMSE:5.299e-05, Success rate (<0.1):1.000000, Success rate (<0.01):1.000000, Success rate (<0.001):1.000000
X=[-0.6,-0.4], PQ=[-2.0,-1.8]: count:10, ill:0, avg_iter:18.50, Ang_MAX:5.961210e-04, Vol_MAX:1.138449e-05, Ang_mean±std:3.121825e-04±1.466721e-04, Vol_mean±std:8.308887e-06±1.790958e-06, P_MAX:2.434e-04, Q_MAX:2.249e-04, P_mean±std:1.650966e-04±4.542824e-05, Q_mean±std:1.647912e-04±3.513839e-05, P_RMSE:5.596e-05, Q_RMSE:5.645e-05, Success rate (<0.1):1.000000, Success rate (<0.01):1.000000, Success rate (<0.001):1.000000
X=[-0.6,-0.4], PQ=[-1.8,-1.6]: count:10, ill:0, avg_iter:19.10, Ang_MAX:1.017734e-03, Vol_MAX:2.026558e-05, Ang_mean±std:2.999745e-04±2.686425e-04, Vol_mean±std:8.851290e-06±4.312284e-06, P_MAX:3.531e-04, Q_MAX:1.662e-04, P_mean±std:1.594885e-04±6.830876e-05, Q_mean±std:1.289717e-04±1.442234e-05, P_RMSE:5.381e-05, Q_RMSE:4.586e-05, Success rate (<0.1):1.000000, Success rate (<0.01):1.000000, Success rate (<0.001):1.000000
X=[-0.6,-0.4], PQ=[-1.6,-1.4]: count:10, ill:0, avg_iter:19.20, Ang_MAX:6.921589e-04, Vol_MAX:1.358986e-05, Ang_mean±std:3.293149e-04±1.763103e-04, Vol_mean±std:8.773804e-06±2.529345e-06, P_MAX:2.742e-04, Q_MAX:1.483e-04, P_mean±std:1.536078e-04±4.816899e-05, Q_mean±std:1.255431e-04±1.680919e-05, P_RMSE:5.113e-05, Q_RMSE:4.631e-05, Success rate (<0.1):1.000000, Success rate (<0.01):1.000000, Success rate (<0.001):1.000000
X=[-0.6,-0.4], PQ=[-1.4,-1.2]: count:10, ill:0, avg_iter:18.60, Ang_MAX:1.056433e-03, Vol_MAX:1.913309e-05, Ang_mean±std:2.725706e-04±2.729671e-04, Vol_mean±std:8.469820e-06±3.700815e-06, P_MAX:3.297e-04, Q_MAX:1.517e-04, P_mean±std:1.421172e-04±6.664288e-05, Q_mean±std:1.251495e-04±1.685026e-05, P_RMSE:4.684e-05, Q_RMSE:4.412e-05, Success rate (<0.1):1.000000, Success rate (<0.01):1.000000, Success rate (<0.001):1.000000
X=[-0.6,-0.4], PQ=[-1.2,-1.0]: count:10, ill:0, avg_iter:18.90, Ang_MAX:7.392317e-04, Vol_MAX:1.722574e-05, Ang_mean±std:3.680259e-04±2.290837e-04, Vol_mean±std:9.071827e-06±3.828345e-06, P_MAX:2.489e-04, Q_MAX:2.105e-04, P_mean±std:1.569685e-04±5.370286e-05, Q_mean±std:1.201175e-04±3.208813e-05, P_RMSE:5.077e-05, Q_RMSE:4.029e-05, Success rate (<0.1):1.000000, Success rate (<0.01):1.000000, Success rate (<0.001):1.000000
X=[-0.6,-0.4], PQ=[-1.0,-0.8]: count:10, ill:0, avg_iter:17.50, Ang_MAX:7.032454e-04, Vol_MAX:1.311302e-05, Ang_mean±std:2.612740e-04±1.739386e-04, Vol_mean±std:6.645918e-06±2.241523e-06, P_MAX:2.194e-04, Q_MAX:1.128e-04, P_mean±std:1.238126e-04±3.746608e-05, Q_mean±std:9.522224e-05±8.899152e-06, P_RMSE:4.168e-05, Q_RMSE:3.575e-05, Success rate (<0.1):1.000000, Success rate (<0.01):1.000000, Success rate (<0.001):1.000000
X=[-0.6,-0.4], PQ=[-0.8,-0.6]: count:10, ill:0, avg_iter:18.00, Ang_MAX:7.103682e-04, Vol_MAX:1.376867e-05, Ang_mean±std:3.638104e-04±2.134581e-04, Vol_mean±std:7.927418e-06±2.675180e-06, P_MAX:2.289e-04, Q_MAX:1.130e-04, P_mean±std:1.506533e-04±4.574519e-05, Q_mean±std:1.000888e-04±8.828144e-06, P_RMSE:5.000e-05, Q_RMSE:3.607e-05, Success rate (<0.1):1.000000, Success rate (<0.01):1.000000, Success rate (<0.001):1.000000
X=[-0.6,-0.4], PQ=[-0.6,-0.4]: count:10, ill:0, avg_iter:18.60, Ang_MAX:3.611743e-04, Vol_MAX:6.794930e-06, Ang_mean±std:2.290636e-04±1.044735e-04, Vol_mean±std:6.079674e-06±4.452431e-07, P_MAX:1.844e-04, Q_MAX:1.088e-04, P_mean±std:1.232467e-04±2.954958e-05, Q_mean±std:9.723427e-05±6.146096e-06, P_RMSE:3.713e-05, Q_RMSE:3.462e-05, Success rate (<0.1):1.000000, Success rate (<0.01):1.000000, Success rate (<0.001):1.000000
X=[-0.6,-0.4], PQ=[-0.4,-0.2]: count:10, ill:0, avg_iter:19.40, Ang_MAX:6.636083e-04, Vol_MAX:1.168251e-05, Ang_mean±std:3.669754e-04±1.945923e-04, Vol_mean±std:7.480383e-06±2.057397e-06, P_MAX:2.569e-04, Q_MAX:1.221e-04, P_mean±std:1.467008e-04±5.017079e-05, Q_mean±std:1.037074e-04±1.122805e-05, P_RMSE:4.725e-05, Q_RMSE:3.317e-05, Success rate (<0.1):1.000000, Success rate (<0.01):1.000000, Success rate (<0.001):1.000000
X=[-0.6,-0.4], PQ=[-0.2,0.0]: count:10, ill:0, avg_iter:18.20, Ang_MAX:5.906075e-04, Vol_MAX:9.834766e-06, Ang_mean±std:2.881065e-04±1.700038e-04, Vol_mean±std:6.705523e-06±1.622791e-06, P_MAX:1.979e-04, Q_MAX:1.172e-04, P_mean±std:1.318606e-04±3.755216e-05, Q_mean±std:9.455048e-05±9.161834e-06, P_RMSE:4.010e-05, Q_RMSE:3.219e-05, Success rate (<0.1):1.000000, Success rate (<0.01):1.000000, Success rate (<0.001):1.000000
X=[-0.6,-0.4], PQ=[0.0,0.2]: count:10, ill:0, avg_iter:16.70, Ang_MAX:7.852763e-04, Vol_MAX:1.382828e-05, Ang_mean±std:3.280193e-04±2.034453e-04, Vol_mean±std:7.027388e-06±2.518739e-06, P_MAX:2.353e-04, Q_MAX:1.284e-04, P_mean±std:1.387162e-04±5.328059e-05, Q_mean±std:9.710677e-05±1.388364e-05, P_RMSE:4.464e-05, Q_RMSE:3.306e-05, Success rate (<0.1):1.000000, Success rate (<0.01):1.000000, Success rate (<0.001):1.000000
X=[-0.6,-0.4], PQ=[0.2,0.4]: count:10, ill:0, avg_iter:19.60, Ang_MAX:7.930547e-04, Vol_MAX:1.406670e-05, Ang_mean±std:3.271505e-04±2.214825e-04, Vol_mean±std:7.486343e-06±2.663361e-06, P_MAX:2.465e-04, Q_MAX:1.273e-04, P_mean±std:1.506411e-04±4.366767e-05, Q_mean±std:9.985054e-05±1.404685e-05, P_RMSE:4.483e-05, Q_RMSE:3.402e-05, Success rate (<0.1):1.000000, Success rate (<0.01):1.000000, Success rate (<0.001):1.000000
X=[-0.6,-0.4], PQ=[0.4,0.6]: count:10, ill:0, avg_iter:18.20, Ang_MAX:6.709099e-04, Vol_MAX:1.156330e-05, Ang_mean±std:2.722740e-04±1.590155e-04, Vol_mean±std:6.330013e-06±1.928982e-06, P_MAX:2.398e-04, Q_MAX:1.068e-04, P_mean±std:1.304847e-04±4.551944e-05, Q_mean±std:9.272369e-05±7.473341e-06, P_RMSE:4.000e-05, Q_RMSE:3.441e-05, Success rate (<0.1):1.000000, Success rate (<0.01):1.000000, Success rate (<0.001):1.000000
X=[-0.6,-0.4], PQ=[0.6,0.8]: count:10, ill:0, avg_iter:19.80, Ang_MAX:6.416589e-04, Vol_MAX:1.347065e-05, Ang_mean±std:3.391713e-04±1.824854e-04, Vol_mean±std:7.885695e-06±2.467524e-06, P_MAX:1.945e-04, Q_MAX:1.177e-04, P_mean±std:1.444651e-04±3.336441e-05, Q_mean±std:1.044410e-04±1.149814e-05, P_RMSE:4.637e-05, Q_RMSE:3.531e-05, Success rate (<0.1):1.000000, Success rate (<0.01):1.000000, Success rate (<0.001):1.000000
X=[-0.6,-0.4], PQ=[0.8,1.0]: count:10, ill:0, avg_iter:19.90, Ang_MAX:8.260608e-04, Vol_MAX:1.722574e-05, Ang_mean±std:3.999606e-04±2.640439e-04, Vol_mean±std:9.232759e-06±3.985893e-06, P_MAX:2.691e-04, Q_MAX:1.350e-04, P_mean±std:1.654634e-04±6.212108e-05, Q_mean±std:1.084843e-04±1.402345e-05, P_RMSE:5.337e-05, Q_RMSE:3.761e-05, Success rate (<0.1):1.000000, Success rate (<0.01):1.000000, Success rate (<0.001):1.000000
X=[-0.6,-0.4], PQ=[1.0,1.2]: count:10, ill:0, avg_iter:18.80, Ang_MAX:6.424189e-04, Vol_MAX:1.066923e-05, Ang_mean±std:2.978683e-04±1.562705e-04, Vol_mean±std:7.110834e-06±1.495602e-06, P_MAX:2.137e-04, Q_MAX:1.251e-04, P_mean±std:1.293710e-04±3.823211e-05, Q_mean±std:1.093894e-04±1.162009e-05, P_RMSE:4.361e-05, Q_RMSE:3.812e-05, Success rate (<0.1):1.000000, Success rate (<0.01):1.000000, Success rate (<0.001):1.000000
X=[-0.6,-0.4], PQ=[1.2,1.4]: count:10, ill:0, avg_iter:18.50, Ang_MAX:8.026734e-04, Vol_MAX:1.466274e-05, Ang_mean±std:3.406309e-04±2.087160e-04, Vol_mean±std:8.451939e-06±2.540696e-06, P_MAX:2.398e-04, Q_MAX:1.539e-04, P_mean±std:1.540753e-04±4.861368e-05, Q_mean±std:1.160190e-04±2.337173e-05, P_RMSE:5.130e-05, Q_RMSE:4.087e-05, Success rate (<0.1):1.000000, Success rate (<0.01):1.000000, Success rate (<0.001):1.000000
X=[-0.6,-0.4], PQ=[1.4,1.6]: count:10, ill:0, avg_iter:17.70, Ang_MAX:7.908791e-04, Vol_MAX:1.287460e-05, Ang_mean±std:3.550261e-04±2.257296e-04, Vol_mean±std:7.760525e-06±2.268707e-06, P_MAX:2.818e-04, Q_MAX:1.655e-04, P_mean±std:1.602734e-04±6.301849e-05, Q_mean±std:1.239494e-04±2.241299e-05, P_RMSE:5.400e-05, Q_RMSE:4.414e-05, Success rate (<0.1):1.000000, Success rate (<0.01):1.000000, Success rate (<0.001):1.000000
X=[-0.6,-0.4], PQ=[1.6,1.8]: count:10, ill:0, avg_iter:19.70, Ang_MAX:8.195192e-04, Vol_MAX:1.496077e-05, Ang_mean±std:3.886305e-04±2.330290e-04, Vol_mean±std:9.930134e-06±2.884298e-06, P_MAX:2.636e-04, Q_MAX:2.015e-04, P_mean±std:1.760916e-04±4.980825e-05, Q_mean±std:1.469246e-04±2.822886e-05, P_RMSE:6.034e-05, Q_RMSE:5.163e-05, Success rate (<0.1):1.000000, Success rate (<0.01):1.000000, Success rate (<0.001):1.000000
X=[-0.6,-0.4], PQ=[1.8,2.0]: count:10, ill:0, avg_iter:18.70, Ang_MAX:5.776733e-04, Vol_MAX:1.209974e-05, Ang_mean±std:3.101660e-04±1.678270e-04, Vol_mean±std:8.970499e-06±1.795921e-06, P_MAX:2.224e-04, Q_MAX:2.084e-04, P_mean±std:1.747340e-04±2.510146e-05, Q_mean±std:1.508102e-04±2.733025e-05, P_RMSE:5.638e-05, Q_RMSE:5.224e-05, Success rate (<0.1):1.000000, Success rate (<0.01):1.000000, Success rate (<0.001):1.000000
X=[-0.4,-0.2], PQ=[-2.0,-1.8]: count:10, ill:0, avg_iter:14.60, Ang_MAX:2.972633e-04, Vol_MAX:9.834766e-06, Ang_mean±std:1.702681e-04±9.281860e-05, Vol_mean±std:7.516146e-06±1.116199e-06, P_MAX:2.327e-04, Q_MAX:1.580e-04, P_mean±std:1.517507e-04±3.026497e-05, Q_mean±std:1.327958e-04±1.682270e-05, P_RMSE:4.811e-05, Q_RMSE:5.036e-05, Success rate (<0.1):1.000000, Success rate (<0.01):1.000000, Success rate (<0.001):1.000000
X=[-0.4,-0.2], PQ=[-1.8,-1.6]: count:10, ill:0, avg_iter:15.60, Ang_MAX:4.472435e-04, Vol_MAX:1.150370e-05, Ang_mean±std:2.472939e-04±8.925475e-05, Vol_mean±std:7.653236e-06±1.884148e-06, P_MAX:2.360e-04, Q_MAX:1.973e-04, P_mean±std:1.535684e-04±4.286294e-05, Q_mean±std:1.461625e-04±3.811157e-05, P_RMSE:4.927e-05, Q_RMSE:5.229e-05, Success rate (<0.1):1.000000, Success rate (<0.01):1.000000, Success rate (<0.001):1.000000
X=[-0.4,-0.2], PQ=[-1.6,-1.4]: count:10, ill:0, avg_iter:16.50, Ang_MAX:5.610287e-04, Vol_MAX:9.894371e-06, Ang_mean±std:1.899093e-04±1.418210e-04, Vol_mean±std:6.574392e-06±1.402686e-06, P_MAX:1.956e-04, Q_MAX:1.870e-04, P_mean±std:1.267212e-04±3.676433e-05, Q_mean±std:1.235760e-04±2.567836e-05, P_RMSE:4.274e-05, Q_RMSE:4.319e-05, Success rate (<0.1):1.000000, Success rate (<0.01):1.000000, Success rate (<0.001):1.000000
X=[-0.4,-0.2], PQ=[-1.4,-1.2]: count:10, ill:0, avg_iter:17.20, Ang_MAX:4.069507e-04, Vol_MAX:9.417534e-06, Ang_mean±std:1.870781e-04±1.137111e-04, Vol_mean±std:7.116795e-06±1.195723e-06, P_MAX:1.694e-04, Q_MAX:1.702e-04, P_mean±std:1.240790e-04±2.384034e-05, Q_mean±std:1.243247e-04±2.182478e-05, P_RMSE:4.045e-05, Q_RMSE:4.529e-05, Success rate (<0.1):1.000000, Success rate (<0.01):1.000000, Success rate (<0.001):1.000000
X=[-0.4,-0.2], PQ=[-1.2,-1.0]: count:10, ill:0, avg_iter:16.90, Ang_MAX:5.287379e-04, Vol_MAX:1.144409e-05, Ang_mean±std:2.681471e-04±1.278220e-04, Vol_mean±std:7.277727e-06±1.978021e-06, P_MAX:1.827e-04, Q_MAX:1.246e-04, P_mean±std:1.247339e-04±2.611789e-05, Q_mean±std:1.069513e-04±1.366410e-05, P_RMSE:4.370e-05, Q_RMSE:4.076e-05, Success rate (<0.1):1.000000, Success rate (<0.01):1.000000, Success rate (<0.001):1.000000
X=[-0.4,-0.2], PQ=[-1.0,-0.8]: count:10, ill:0, avg_iter:17.50, Ang_MAX:4.348531e-04, Vol_MAX:9.536743e-06, Ang_mean±std:2.728172e-04±1.001900e-04, Vol_mean±std:6.783009e-06±1.250221e-06, P_MAX:1.492e-04, Q_MAX:1.324e-04, P_mean±std:1.185820e-04±1.725100e-05, Q_mean±std:1.078847e-04±1.431796e-05, P_RMSE:4.009e-05, Q_RMSE:3.664e-05, Success rate (<0.1):1.000000, Success rate (<0.01):1.000000, Success rate (<0.001):1.000000
X=[-0.4,-0.2], PQ=[-0.8,-0.6]: count:10, ill:0, avg_iter:17.50, Ang_MAX:4.053414e-04, Vol_MAX:6.854534e-06, Ang_mean±std:2.003714e-04±8.967281e-05, Vol_mean±std:5.871058e-06±6.074120e-07, P_MAX:1.493e-04, Q_MAX:1.083e-04, P_mean±std:1.050496e-04±1.611307e-05, Q_mean±std:9.510750e-05±8.414421e-06, P_RMSE:3.409e-05, Q_RMSE:3.345e-05, Success rate (<0.1):1.000000, Success rate (<0.01):1.000000, Success rate (<0.001):1.000000
X=[-0.4,-0.2], PQ=[-0.6,-0.4]: count:10, ill:0, avg_iter:15.10, Ang_MAX:4.632324e-04, Vol_MAX:8.881092e-06, Ang_mean±std:2.077743e-04±1.292814e-04, Vol_mean±std:6.347895e-06±9.307681e-07, P_MAX:1.578e-04, Q_MAX:1.119e-04, P_mean±std:1.079729e-04±1.960202e-05, Q_mean±std:9.368192e-05±9.128949e-06, P_RMSE:3.474e-05, Q_RMSE:3.222e-05, Success rate (<0.1):1.000000, Success rate (<0.01):1.000000, Success rate (<0.001):1.000000
X=[-0.4,-0.2], PQ=[-0.4,-0.2]: count:10, ill:0, avg_iter:16.70, Ang_MAX:6.593317e-04, Vol_MAX:1.096725e-05, Ang_mean±std:2.648681e-04±1.727377e-04, Vol_mean±std:6.586313e-06±1.497311e-06, P_MAX:2.165e-04, Q_MAX:1.099e-04, P_mean±std:1.223486e-04±3.872639e-05, Q_mean±std:9.398852e-05±8.334619e-06, P_RMSE:3.862e-05, Q_RMSE:3.175e-05, Success rate (<0.1):1.000000, Success rate (<0.01):1.000000, Success rate (<0.001):1.000000
X=[-0.4,-0.2], PQ=[-0.2,0.0]: count:10, ill:0, avg_iter:15.10, Ang_MAX:6.256402e-04, Vol_MAX:1.114607e-05, Ang_mean±std:2.042323e-04±1.631777e-04, Vol_mean±std:6.324053e-06±1.649542e-06, P_MAX:1.965e-04, Q_MAX:1.056e-04, P_mean±std:1.138472e-04±3.121774e-05, Q_mean±std:9.142375e-05±6.978391e-06, P_RMSE:3.363e-05, Q_RMSE:3.079e-05, Success rate (<0.1):1.000000, Success rate (<0.01):1.000000, Success rate (<0.001):1.000000
X=[-0.4,-0.2], PQ=[0.0,0.2]: count:10, ill:0, avg_iter:15.40, Ang_MAX:4.480630e-04, Vol_MAX:7.629395e-06, Ang_mean±std:1.883551e-04±1.074265e-04, Vol_mean±std:5.871058e-06±6.021249e-07, P_MAX:1.435e-04, Q_MAX:1.005e-04, P_mean±std:1.040304e-04±1.648300e-05, Q_mean±std:8.914173e-05±4.917238e-06, P_RMSE:3.166e-05, Q_RMSE:3.136e-05, Success rate (<0.1):1.000000, Success rate (<0.01):1.000000, Success rate (<0.001):1.000000
X=[-0.4,-0.2], PQ=[0.2,0.4]: count:10, ill:0, avg_iter:18.60, Ang_MAX:4.191846e-04, Vol_MAX:7.092953e-06, Ang_mean±std:2.624854e-04±1.072539e-04, Vol_mean±std:6.151199e-06±5.336530e-07, P_MAX:1.512e-04, Q_MAX:1.099e-04, P_mean±std:1.201014e-04±1.734030e-05, Q_mean±std:9.489805e-05±6.316515e-06, P_RMSE:3.729e-05, Q_RMSE:3.134e-05, Success rate (<0.1):1.000000, Success rate (<0.01):1.000000, Success rate (<0.001):1.000000
X=[-0.4,-0.2], PQ=[0.4,0.6]: count:10, ill:0, avg_iter:15.80, Ang_MAX:4.697442e-04, Vol_MAX:8.165836e-06, Ang_mean±std:1.646787e-04±1.202728e-04, Vol_mean±std:5.984306e-06±8.497373e-07, P_MAX:1.491e-04, Q_MAX:1.068e-04, P_mean±std:1.006430e-04±1.740327e-05, Q_mean±std:9.308821e-05±8.601660e-06, P_RMSE:2.966e-05, Q_RMSE:3.301e-05, Success rate (<0.1):1.000000, Success rate (<0.01):1.000000, Success rate (<0.001):1.000000
X=[-0.4,-0.2], PQ=[0.6,0.8]: count:10, ill:0, avg_iter:17.90, Ang_MAX:6.641895e-04, Vol_MAX:1.317263e-05, Ang_mean±std:2.942428e-04±1.591609e-04, Vol_mean±std:6.949902e-06±2.329192e-06, P_MAX:2.095e-04, Q_MAX:1.058e-04, P_mean±std:1.258646e-04±3.600213e-05, Q_mean±std:9.310823e-05±9.699700e-06, P_RMSE:4.201e-05, Q_RMSE:3.352e-05, Success rate (<0.1):1.000000, Success rate (<0.01):1.000000, Success rate (<0.001):1.000000
X=[-0.4,-0.2], PQ=[0.8,1.0]: count:10, ill:0, avg_iter:15.00, Ang_MAX:4.362613e-04, Vol_MAX:7.569790e-06, Ang_mean±std:2.021372e-04±9.733724e-05, Vol_mean±std:6.091595e-06±6.593254e-07, P_MAX:1.550e-04, Q_MAX:1.581e-04, P_mean±std:1.026489e-04±2.126795e-05, Q_mean±std:1.079790e-04±1.727825e-05, P_RMSE:3.566e-05, Q_RMSE:3.593e-05, Success rate (<0.1):1.000000, Success rate (<0.01):1.000000, Success rate (<0.001):1.000000
X=[-0.4,-0.2], PQ=[1.0,1.2]: count:10, ill:0, avg_iter:18.20, Ang_MAX:3.652722e-04, Vol_MAX:6.794930e-06, Ang_mean±std:1.963139e-04±1.221319e-04, Vol_mean±std:6.163120e-06±4.114016e-07, P_MAX:1.783e-04, Q_MAX:1.520e-04, P_mean±std:1.267976e-04±2.738561e-05, Q_mean±std:1.104746e-04±1.583798e-05, P_RMSE:3.762e-05, Q_RMSE:3.855e-05, Success rate (<0.1):1.000000, Success rate (<0.01):1.000000, Success rate (<0.001):1.000000
X=[-0.4,-0.2], PQ=[1.2,1.4]: count:10, ill:0, avg_iter:17.00, Ang_MAX:6.245524e-04, Vol_MAX:1.198053e-05, Ang_mean±std:2.041347e-04±1.726910e-04, Vol_mean±std:6.777048e-06±1.866311e-06, P_MAX:2.356e-04, Q_MAX:2.099e-04, P_mean±std:1.163291e-04±4.529353e-05, Q_mean±std:1.241205e-04±3.320940e-05, P_RMSE:3.967e-05, Q_RMSE:4.053e-05, Success rate (<0.1):1.000000, Success rate (<0.01):1.000000, Success rate (<0.001):1.000000
X=[-0.4,-0.2], PQ=[1.4,1.6]: count:10, ill:0, avg_iter:18.60, Ang_MAX:6.183237e-04, Vol_MAX:1.376867e-05, Ang_mean±std:2.547659e-04±1.753777e-04, Vol_mean±std:8.141994e-06±2.344395e-06, P_MAX:1.982e-04, Q_MAX:1.652e-04, P_mean±std:1.509574e-04±3.372577e-05, Q_mean±std:1.219630e-04±2.257202e-05, P_RMSE:4.722e-05, Q_RMSE:4.494e-05, Success rate (<0.1):1.000000, Success rate (<0.01):1.000000, Success rate (<0.001):1.000000
X=[-0.4,-0.2], PQ=[1.6,1.8]: count:10, ill:0, avg_iter:18.10, Ang_MAX:4.222840e-04, Vol_MAX:9.059906e-06, Ang_mean±std:2.876036e-04±1.135945e-04, Vol_mean±std:7.617474e-06±9.951655e-07, P_MAX:1.950e-04, Q_MAX:2.453e-04, P_mean±std:1.547226e-04±2.833341e-05, Q_mean±std:1.555292e-04±4.006414e-05, P_RMSE:4.978e-05, Q_RMSE:4.976e-05, Success rate (<0.1):1.000000, Success rate (<0.01):1.000000, Success rate (<0.001):1.000000
X=[-0.4,-0.2], PQ=[1.8,2.0]: count:10, ill:0, avg_iter:17.30, Ang_MAX:5.764067e-04, Vol_MAX:1.466274e-05, Ang_mean±std:2.562635e-04±1.641126e-04, Vol_mean±std:9.274483e-06±2.546758e-06, P_MAX:2.070e-04, Q_MAX:1.916e-04, P_mean±std:1.666278e-04±2.531803e-05, Q_mean±std:1.454040e-04±3.365960e-05, P_RMSE:5.326e-05, Q_RMSE:5.112e-05, Success rate (<0.1):1.000000, Success rate (<0.01):1.000000, Success rate (<0.001):1.000000
X=[-0.2,0.0], PQ=[-2.0,-1.8]: count:10, ill:0, avg_iter:15.60, Ang_MAX:3.214926e-04, Vol_MAX:9.000301e-06, Ang_mean±std:1.674160e-04±8.339483e-05, Vol_mean±std:6.979704e-06±1.237841e-06, P_MAX:1.770e-04, Q_MAX:3.142e-04, P_mean±std:1.323579e-04±2.547521e-05, Q_mean±std:1.517840e-04±5.608517e-05, P_RMSE:4.179e-05, Q_RMSE:4.903e-05, Success rate (<0.1):1.000000, Success rate (<0.01):1.000000, Success rate (<0.001):1.000000
X=[-0.2,0.0], PQ=[-1.8,-1.6]: count:10, ill:0, avg_iter:14.50, Ang_MAX:4.540086e-04, Vol_MAX:1.233816e-05, Ang_mean±std:2.038252e-04±1.506410e-04, Vol_mean±std:7.688999e-06±2.217902e-06, P_MAX:2.294e-04, Q_MAX:3.694e-04, P_mean±std:1.580120e-04±3.880706e-05, Q_mean±std:1.690529e-04±7.365672e-05, P_RMSE:4.967e-05, Q_RMSE:5.300e-05, Success rate (<0.1):1.000000, Success rate (<0.01):1.000000, Success rate (<0.001):1.000000
X=[-0.2,0.0], PQ=[-1.6,-1.4]: count:10, ill:0, avg_iter:12.80, Ang_MAX:2.779514e-04, Vol_MAX:1.090765e-05, Ang_mean±std:1.498390e-04±8.584633e-05, Vol_mean±std:7.832050e-06±1.679794e-06, P_MAX:1.500e-04, Q_MAX:1.672e-04, P_mean±std:1.197258e-04±1.733644e-05, Q_mean±std:1.230523e-04±2.822673e-05, P_RMSE:4.115e-05, Q_RMSE:4.595e-05, Success rate (<0.1):1.000000, Success rate (<0.01):1.000000, Success rate (<0.001):1.000000
X=[-0.2,0.0], PQ=[-1.4,-1.2]: count:10, ill:0, avg_iter:13.00, Ang_MAX:2.037287e-04, Vol_MAX:8.046627e-06, Ang_mean±std:1.016978e-04±5.025785e-05, Vol_mean±std:6.729364e-06±1.015538e-06, P_MAX:1.228e-04, Q_MAX:1.558e-04, P_mean±std:1.076058e-04±8.812834e-06, Q_mean±std:1.158178e-04±1.788866e-05, P_RMSE:3.576e-05, Q_RMSE:4.327e-05, Success rate (<0.1):1.000000, Success rate (<0.01):1.000000, Success rate (<0.001):1.000000
X=[-0.2,0.0], PQ=[-1.2,-1.0]: count:10, ill:0, avg_iter:12.90, Ang_MAX:2.456456e-04, Vol_MAX:7.271767e-06, Ang_mean±std:9.892881e-05±6.030071e-05, Vol_mean±std:6.061792e-06±7.072889e-07, P_MAX:1.173e-04, Q_MAX:1.174e-04, P_mean±std:9.659701e-05±1.152538e-05, Q_mean±std:9.961836e-05±7.754100e-06, P_RMSE:2.980e-05, Q_RMSE:3.733e-05, Success rate (<0.1):1.000000, Success rate (<0.01):1.000000, Success rate (<0.001):1.000000
X=[-0.2,0.0], PQ=[-1.0,-0.8]: count:10, ill:0, avg_iter:8.90, Ang_MAX:2.317280e-04, Vol_MAX:7.212162e-06, Ang_mean±std:1.112372e-04±7.328731e-05, Vol_mean±std:6.186962e-06±6.815811e-07, P_MAX:1.028e-04, Q_MAX:1.216e-04, P_mean±std:9.404910e-05±6.457153e-06, Q_mean±std:9.660237e-05±9.874924e-06, P_RMSE:3.107e-05, Q_RMSE:3.504e-05, Success rate (<0.1):1.000000, Success rate (<0.01):1.000000, Success rate (<0.001):1.000000
X=[-0.2,0.0], PQ=[-0.8,-0.6]: count:10, ill:0, avg_iter:9.40, Ang_MAX:4.399568e-04, Vol_MAX:9.179115e-06, Ang_mean±std:1.596615e-04±1.162293e-04, Vol_mean±std:6.270409e-06±1.019152e-06, P_MAX:1.440e-04, Q_MAX:1.040e-04, P_mean±std:1.005587e-04±1.476064e-05, Q_mean±std:9.318944e-05±6.485797e-06, P_RMSE:3.256e-05, Q_RMSE:3.269e-05, Success rate (<0.1):1.000000, Success rate (<0.01):1.000000, Success rate (<0.001):1.000000
X=[-0.2,0.0], PQ=[-0.6,-0.4]: count:10, ill:0, avg_iter:10.30, Ang_MAX:2.627671e-04, Vol_MAX:6.258488e-06, Ang_mean±std:1.438156e-04±8.489479e-05, Vol_mean±std:5.894899e-06±2.299998e-07, P_MAX:1.011e-04, Q_MAX:9.849e-05, P_mean±std:9.387203e-05±6.331787e-06, Q_mean±std:9.126216e-05±4.878277e-06, P_RMSE:2.950e-05, Q_RMSE:3.189e-05, Success rate (<0.1):1.000000, Success rate (<0.01):1.000000, Success rate (<0.001):1.000000
X=[-0.2,0.0], PQ=[-0.4,-0.2]: count:10, ill:0, avg_iter:12.00, Ang_MAX:4.304051e-04, Vol_MAX:7.629395e-06, Ang_mean±std:2.271041e-04±9.734658e-05, Vol_mean±std:5.948544e-06±6.210335e-07, P_MAX:1.487e-04, Q_MAX:1.060e-04, P_mean±std:1.039879e-04±1.949040e-05, Q_mean±std:9.407029e-05±7.795786e-06, P_RMSE:3.431e-05, Q_RMSE:2.978e-05, Success rate (<0.1):1.000000, Success rate (<0.01):1.000000, Success rate (<0.001):1.000000
X=[-0.2,0.0], PQ=[-0.2,0.0]: count:10, ill:0, avg_iter:10.10, Ang_MAX:2.218932e-04, Vol_MAX:5.900860e-06, Ang_mean±std:1.330197e-04±6.072100e-05, Vol_mean±std:5.728006e-06±1.370907e-07, P_MAX:9.964e-05, Q_MAX:9.315e-05, P_mean±std:9.014593e-05±9.894677e-06, Q_mean±std:8.750409e-05±3.659665e-06, P_RMSE:2.953e-05, Q_RMSE:3.069e-05, Success rate (<0.1):1.000000, Success rate (<0.01):1.000000, Success rate (<0.001):1.000000
X=[-0.2,0.0], PQ=[0.0,0.2]: count:10, ill:0, avg_iter:9.20, Ang_MAX:2.681315e-04, Vol_MAX:6.020069e-06, Ang_mean±std:1.672208e-04±6.688942e-05, Vol_mean±std:5.751848e-06±1.832298e-07, P_MAX:1.101e-04, Q_MAX:9.689e-05, P_mean±std:9.600786e-05±5.656818e-06, Q_mean±std:9.021908e-05±5.642148e-06, P_RMSE:3.098e-05, Q_RMSE:2.991e-05, Success rate (<0.1):1.000000, Success rate (<0.01):1.000000, Success rate (<0.001):1.000000
X=[-0.2,0.0], PQ=[0.2,0.4]: count:10, ill:0, avg_iter:9.00, Ang_MAX:1.810789e-04, Vol_MAX:6.079674e-06, Ang_mean±std:1.089618e-04±4.561406e-05, Vol_mean±std:5.662441e-06±2.115755e-07, P_MAX:9.897e-05, Q_MAX:9.423e-05, P_mean±std:9.139252e-05±6.014306e-06, Q_mean±std:8.843541e-05±4.134099e-06, P_RMSE:2.756e-05, Q_RMSE:3.111e-05, Success rate (<0.1):1.000000, Success rate (<0.01):1.000000, Success rate (<0.001):1.000000
X=[-0.2,0.0], PQ=[0.4,0.6]: count:10, ill:0, avg_iter:7.30, Ang_MAX:2.236366e-04, Vol_MAX:6.020069e-06, Ang_mean±std:1.453459e-04±5.248498e-05, Vol_mean±std:5.710125e-06±1.842931e-07, P_MAX:1.182e-04, Q_MAX:9.973e-05, P_mean±std:9.347606e-05±1.123830e-05, Q_mean±std:9.172922e-05±5.788956e-06, P_RMSE:2.986e-05, Q_RMSE:3.189e-05, Success rate (<0.1):1.000000, Success rate (<0.01):1.000000, Success rate (<0.001):1.000000
X=[-0.2,0.0], PQ=[0.6,0.8]: count:10, ill:0, avg_iter:11.40, Ang_MAX:2.406389e-04, Vol_MAX:7.629395e-06, Ang_mean±std:1.579657e-04±6.734339e-05, Vol_mean±std:5.990267e-06±6.859715e-07, P_MAX:1.287e-04, Q_MAX:1.038e-04, P_mean±std:9.347140e-05±1.551483e-05, Q_mean±std:9.282231e-05±5.701201e-06, P_RMSE:3.188e-05, Q_RMSE:3.337e-05, Success rate (<0.1):1.000000, Success rate (<0.01):1.000000, Success rate (<0.001):1.000000
X=[-0.2,0.0], PQ=[0.8,1.0]: count:10, ill:0, avg_iter:12.90, Ang_MAX:2.452284e-04, Vol_MAX:6.914139e-06, Ang_mean±std:1.358762e-04±8.425551e-05, Vol_mean±std:5.960464e-06±5.161914e-07, P_MAX:1.134e-04, Q_MAX:1.142e-04, P_mean±std:9.468393e-05±9.221275e-06, Q_mean±std:9.931708e-05±8.588767e-06, P_RMSE:3.144e-05, Q_RMSE:3.558e-05, Success rate (<0.1):1.000000, Success rate (<0.01):1.000000, Success rate (<0.001):1.000000
X=[-0.2,0.0], PQ=[1.0,1.2]: count:10, ill:0, avg_iter:12.10, Ang_MAX:5.521774e-04, Vol_MAX:1.043081e-05, Ang_mean±std:1.709461e-04±1.388679e-04, Vol_mean±std:6.550550e-06±1.569867e-06, P_MAX:1.869e-04, Q_MAX:1.210e-04, P_mean±std:1.016603e-04±3.135261e-05, Q_mean±std:1.016796e-04±1.151839e-05, P_RMSE:3.553e-05, Q_RMSE:3.799e-05, Success rate (<0.1):1.000000, Success rate (<0.01):1.000000, Success rate (<0.001):1.000000
X=[-0.2,0.0], PQ=[1.2,1.4]: count:10, ill:0, avg_iter:12.50, Ang_MAX:3.068745e-04, Vol_MAX:8.463860e-06, Ang_mean±std:1.717620e-04±7.574618e-05, Vol_mean±std:6.663799e-06±1.004051e-06, P_MAX:1.357e-04, Q_MAX:1.354e-04, P_mean±std:1.080971e-04±2.042967e-05, Q_mean±std:1.070702e-04±1.453183e-05, P_RMSE:3.744e-05, Q_RMSE:4.173e-05, Success rate (<0.1):1.000000, Success rate (<0.01):1.000000, Success rate (<0.001):1.000000
X=[-0.2,0.0], PQ=[1.4,1.6]: count:10, ill:0, avg_iter:10.70, Ang_MAX:2.696514e-04, Vol_MAX:1.120567e-05, Ang_mean±std:1.327328e-04±8.336275e-05, Vol_mean±std:7.027388e-06±1.601236e-06, P_MAX:1.879e-04, Q_MAX:1.532e-04, P_mean±std:1.183089e-04±2.997541e-05, Q_mean±std:1.115927e-04±1.853793e-05, P_RMSE:3.960e-05, Q_RMSE:4.190e-05, Success rate (<0.1):1.000000, Success rate (<0.01):1.000000, Success rate (<0.001):1.000000
X=[-0.2,0.0], PQ=[1.6,1.8]: count:10, ill:0, avg_iter:9.40, Ang_MAX:3.191754e-04, Vol_MAX:1.001358e-05, Ang_mean±std:1.502529e-04±6.705980e-05, Vol_mean±std:6.866455e-06±1.272472e-06, P_MAX:1.495e-04, Q_MAX:2.284e-04, P_mean±std:1.182741e-04±1.975976e-05, Q_mean±std:1.231971e-04±4.178384e-05, P_RMSE:4.138e-05, Q_RMSE:4.566e-05, Success rate (<0.1):1.000000, Success rate (<0.01):1.000000, Success rate (<0.001):1.000000
X=[-0.2,0.0], PQ=[1.8,2.0]: count:10, ill:0, avg_iter:14.80, Ang_MAX:3.039241e-04, Vol_MAX:1.162291e-05, Ang_mean±std:1.680918e-04±8.137590e-05, Vol_mean±std:6.896257e-06±1.857534e-06, P_MAX:2.241e-04, Q_MAX:2.218e-04, P_mean±std:1.407572e-04±3.126035e-05, Q_mean±std:1.383947e-04±3.735088e-05, P_RMSE:4.484e-05, Q_RMSE:4.907e-05, Success rate (<0.1):1.000000, Success rate (<0.01):1.000000, Success rate (<0.001):1.000000
X=[0.0,0.2], PQ=[-2.0,-1.8]: count:10, ill:0, avg_iter:11.20, Ang_MAX:3.558695e-04, Vol_MAX:1.126528e-05, Ang_mean±std:1.724171e-04±1.109940e-04, Vol_mean±std:8.803606e-06±1.426047e-06, P_MAX:2.377e-04, Q_MAX:2.467e-04, P_mean±std:1.710626e-04±3.435633e-05, Q_mean±std:1.583478e-04±3.678717e-05, P_RMSE:5.458e-05, Q_RMSE:5.519e-05, Success rate (<0.1):1.000000, Success rate (<0.01):1.000000, Success rate (<0.001):1.000000
X=[0.0,0.2], PQ=[-1.8,-1.6]: count:10, ill:0, avg_iter:15.40, Ang_MAX:3.157258e-04, Vol_MAX:1.019239e-05, Ang_mean±std:1.444669e-04±8.550589e-05, Vol_mean±std:8.279085e-06±1.426893e-06, P_MAX:2.003e-04, Q_MAX:2.381e-04, P_mean±std:1.442939e-04±2.287558e-05, Q_mean±std:1.519524e-04±3.966941e-05, P_RMSE:4.293e-05, Q_RMSE:5.046e-05, Success rate (<0.1):1.000000, Success rate (<0.01):1.000000, Success rate (<0.001):1.000000
X=[0.0,0.2], PQ=[-1.6,-1.4]: count:10, ill:0, avg_iter:13.70, Ang_MAX:3.362596e-04, Vol_MAX:1.150370e-05, Ang_mean±std:1.696907e-04±9.655774e-05, Vol_mean±std:7.247925e-06±1.454939e-06, P_MAX:1.826e-04, Q_MAX:1.372e-04, P_mean±std:1.157579e-04±2.844453e-05, Q_mean±std:1.149163e-04±1.681365e-05, P_RMSE:3.931e-05, Q_RMSE:4.376e-05, Success rate (<0.1):1.000000, Success rate (<0.01):1.000000, Success rate (<0.001):1.000000
X=[0.0,0.2], PQ=[-1.4,-1.2]: count:10, ill:0, avg_iter:13.80, Ang_MAX:2.958328e-04, Vol_MAX:7.748604e-06, Ang_mean±std:1.223981e-04±8.362559e-05, Vol_mean±std:6.628036e-06±7.562042e-07, P_MAX:1.472e-04, Q_MAX:2.255e-04, P_mean±std:1.038624e-04±2.251497e-05, Q_mean±std:1.200436e-04±3.664461e-05, P_RMSE:3.382e-05, Q_RMSE:4.121e-05, Success rate (<0.1):1.000000, Success rate (<0.01):1.000000, Success rate (<0.001):1.000000
X=[0.0,0.2], PQ=[-1.2,-1.0]: count:10, ill:0, avg_iter:10.30, Ang_MAX:2.745241e-04, Vol_MAX:8.046627e-06, Ang_mean±std:1.414768e-04±7.112743e-05, Vol_mean±std:6.520748e-06±7.767837e-07, P_MAX:1.092e-04, Q_MAX:1.257e-04, P_mean±std:9.212720e-05±1.226093e-05, Q_mean±std:1.003265e-04±1.288506e-05, P_RMSE:3.335e-05, Q_RMSE:3.690e-05, Success rate (<0.1):1.000000, Success rate (<0.01):1.000000, Success rate (<0.001):1.000000
X=[0.0,0.2], PQ=[-1.0,-0.8]: count:10, ill:0, avg_iter:10.10, Ang_MAX:2.155602e-04, Vol_MAX:7.629395e-06, Ang_mean±std:1.354404e-04±4.247266e-05, Vol_mean±std:6.449223e-06±6.267280e-07, P_MAX:1.091e-04, Q_MAX:1.175e-04, P_mean±std:9.995506e-05±8.478475e-06, Q_mean±std:1.027808e-04±1.036089e-05, P_RMSE:3.122e-05, Q_RMSE:3.537e-05, Success rate (<0.1):1.000000, Success rate (<0.01):1.000000, Success rate (<0.001):1.000000
X=[0.0,0.2], PQ=[-0.8,-0.6]: count:10, ill:0, avg_iter:7.30, Ang_MAX:2.344698e-04, Vol_MAX:6.556511e-06, Ang_mean±std:1.244187e-04±4.787981e-05, Vol_mean±std:5.984306e-06±3.167470e-07, P_MAX:9.879e-05, Q_MAX:1.444e-04, P_mean±std:8.966301e-05±9.367524e-06, Q_mean±std:9.891391e-05±1.581158e-05, P_RMSE:3.182e-05, Q_RMSE:3.480e-05, Success rate (<0.1):1.000000, Success rate (<0.01):1.000000, Success rate (<0.001):1.000000
X=[0.0,0.2], PQ=[-0.6,-0.4]: count:10, ill:0, avg_iter:7.90, Ang_MAX:2.823025e-04, Vol_MAX:6.318092e-06, Ang_mean±std:1.642555e-04±6.280241e-05, Vol_mean±std:5.650520e-06±3.207594e-07, P_MAX:9.824e-05, Q_MAX:1.080e-04, P_mean±std:9.158687e-05±6.056306e-06, Q_mean±std:9.243647e-05±6.553376e-06, P_RMSE:3.363e-05, Q_RMSE:3.184e-05, Success rate (<0.1):1.000000, Success rate (<0.01):1.000000, Success rate (<0.001):1.000000
X=[0.0,0.2], PQ=[-0.4,-0.2]: count:10, ill:0, avg_iter:7.50, Ang_MAX:2.998561e-04, Vol_MAX:6.318092e-06, Ang_mean±std:1.706272e-04±7.103775e-05, Vol_mean±std:5.859137e-06±2.198919e-07, P_MAX:1.039e-04, Q_MAX:1.093e-04, P_mean±std:9.313989e-05±8.618487e-06, Q_mean±std:9.226883e-05±7.690930e-06, P_RMSE:3.165e-05, Q_RMSE:3.110e-05, Success rate (<0.1):1.000000, Success rate (<0.01):1.000000, Success rate (<0.001):1.000000
X=[0.0,0.2], PQ=[-0.2,0.0]: count:10, ill:0, avg_iter:8.70, Ang_MAX:2.048016e-04, Vol_MAX:6.198883e-06, Ang_mean±std:1.107566e-04±4.792005e-05, Vol_mean±std:5.716085e-06±2.189203e-07, P_MAX:1.213e-04, Q_MAX:9.447e-05, P_mean±std:9.291486e-05±1.407156e-05, Q_mean±std:8.599535e-05±5.048416e-06, P_RMSE:2.613e-05, Q_RMSE:3.017e-05, Success rate (<0.1):1.000000, Success rate (<0.01):1.000000, Success rate (<0.001):1.000000
X=[0.0,0.2], PQ=[0.0,0.2]: count:10, ill:0, avg_iter:6.20, Ang_MAX:2.657920e-04, Vol_MAX:5.960464e-06, Ang_mean±std:1.341812e-04±8.553996e-05, Vol_mean±std:5.644560e-06±1.644267e-07, P_MAX:9.847e-05, Q_MAX:9.921e-05, P_mean±std:8.933924e-05±1.092550e-05, Q_mean±std:9.012138e-05±5.676272e-06, P_RMSE:2.997e-05, Q_RMSE:3.018e-05, Success rate (<0.1):1.000000, Success rate (<0.01):1.000000, Success rate (<0.001):1.000000
X=[0.0,0.2], PQ=[0.2,0.4]: count:10, ill:0, avg_iter:9.90, Ang_MAX:1.895428e-04, Vol_MAX:5.960464e-06, Ang_mean±std:1.200512e-04±5.250504e-05, Vol_mean±std:5.733967e-06±1.379947e-07, P_MAX:1.138e-04, Q_MAX:9.311e-05, P_mean±std:9.296089e-05±8.936744e-06, Q_mean±std:8.681491e-05±3.787511e-06, P_RMSE:2.746e-05, Q_RMSE:3.105e-05, Success rate (<0.1):1.000000, Success rate (<0.01):1.000000, Success rate (<0.001):1.000000
X=[0.0,0.2], PQ=[0.4,0.6]: count:10, ill:0, avg_iter:8.60, Ang_MAX:2.186894e-04, Vol_MAX:6.377697e-06, Ang_mean±std:1.366153e-04±5.854332e-05, Vol_mean±std:5.859137e-06±2.883904e-07, P_MAX:9.965e-05, Q_MAX:9.999e-05, P_mean±std:9.552918e-05±3.880726e-06, Q_mean±std:9.038672e-05±6.806419e-06, P_RMSE:3.037e-05, Q_RMSE:3.152e-05, Success rate (<0.1):1.000000, Success rate (<0.01):1.000000, Success rate (<0.001):1.000000
X=[0.0,0.2], PQ=[0.6,0.8]: count:10, ill:0, avg_iter:11.70, Ang_MAX:2.112389e-04, Vol_MAX:7.867813e-06, Ang_mean±std:1.296923e-04±4.059794e-05, Vol_mean±std:6.395578e-06±6.605367e-07, P_MAX:1.035e-04, Q_MAX:1.074e-04, P_mean±std:9.292471e-05±1.081064e-05, Q_mean±std:9.390563e-05±8.409350e-06, P_RMSE:3.033e-05, Q_RMSE:3.419e-05, Success rate (<0.1):1.000000, Success rate (<0.01):1.000000, Success rate (<0.001):1.000000
X=[0.0,0.2], PQ=[0.8,1.0]: count:10, ill:0, avg_iter:11.40, Ang_MAX:2.011657e-04, Vol_MAX:7.331371e-06, Ang_mean±std:1.104504e-04±5.808657e-05, Vol_mean±std:5.811453e-06±7.402743e-07, P_MAX:1.092e-04, Q_MAX:1.052e-04, P_mean±std:9.120293e-05±1.437921e-05, Q_mean±std:9.455094e-05±8.761816e-06, P_RMSE:2.988e-05, Q_RMSE:3.492e-05, Success rate (<0.1):1.000000, Success rate (<0.01):1.000000, Success rate (<0.001):1.000000
X=[0.0,0.2], PQ=[1.0,1.2]: count:10, ill:0, avg_iter:12.30, Ang_MAX:2.486110e-04, Vol_MAX:7.450581e-06, Ang_mean±std:1.195967e-04±5.763497e-05, Vol_mean±std:5.960464e-06±7.172398e-07, P_MAX:1.721e-04, Q_MAX:1.122e-04, P_mean±std:1.064390e-04±2.237454e-05, Q_mean±std:9.784233e-05±8.225470e-06, P_RMSE:3.235e-05, Q_RMSE:3.750e-05, Success rate (<0.1):1.000000, Success rate (<0.01):1.000000, Success rate (<0.001):1.000000
X=[0.0,0.2], PQ=[1.2,1.4]: count:10, ill:0, avg_iter:16.10, Ang_MAX:2.393275e-04, Vol_MAX:9.238720e-06, Ang_mean±std:1.225226e-04±6.205032e-05, Vol_mean±std:6.645918e-06±1.181992e-06, P_MAX:3.023e-04, Q_MAX:1.288e-04, P_mean±std:1.271900e-04±6.004868e-05, Q_mean±std:1.029126e-04±1.573332e-05, P_RMSE:3.544e-05, Q_RMSE:4.002e-05, Success rate (<0.1):1.000000, Success rate (<0.01):1.000000, Success rate (<0.001):1.000000
X=[0.0,0.2], PQ=[1.4,1.6]: count:10, ill:0, avg_iter:13.40, Ang_MAX:2.792478e-04, Vol_MAX:7.927418e-06, Ang_mean±std:1.297794e-04±7.825083e-05, Vol_mean±std:6.389618e-06±7.951358e-07, P_MAX:1.559e-04, Q_MAX:1.681e-04, P_mean±std:1.186276e-04±1.873913e-05, Q_mean±std:1.249650e-04±2.591392e-05, P_RMSE:3.804e-05, Q_RMSE:4.341e-05, Success rate (<0.1):1.000000, Success rate (<0.01):1.000000, Success rate (<0.001):1.000000
X=[0.0,0.2], PQ=[1.6,1.8]: count:10, ill:0, avg_iter:11.30, Ang_MAX:2.337992e-04, Vol_MAX:1.078844e-05, Ang_mean±std:1.191236e-04±6.244351e-05, Vol_mean±std:7.855892e-06±1.702816e-06, P_MAX:1.929e-04, Q_MAX:2.744e-04, P_mean±std:1.376812e-04±3.347196e-05, Q_mean±std:1.464562e-04±4.665373e-05, P_RMSE:4.573e-05, Q_RMSE:5.245e-05, Success rate (<0.1):1.000000, Success rate (<0.01):1.000000, Success rate (<0.001):1.000000
X=[0.0,0.2], PQ=[1.8,2.0]: count:10, ill:0, avg_iter:14.00, Ang_MAX:4.206598e-04, Vol_MAX:9.298325e-06, Ang_mean±std:1.591191e-04±1.117349e-04, Vol_mean±std:7.361174e-06±1.433551e-06, P_MAX:2.192e-04, Q_MAX:3.598e-04, P_mean±std:1.426387e-04±3.072394e-05, Q_mean±std:1.689717e-04±7.572332e-05, P_RMSE:4.698e-05, Q_RMSE:5.015e-05, Success rate (<0.1):1.000000, Success rate (<0.01):1.000000, Success rate (<0.001):1.000000
X=[0.2,0.4], PQ=[-2.0,-1.8]: count:10, ill:0, avg_iter:18.10, Ang_MAX:4.538149e-04, Vol_MAX:1.108646e-05, Ang_mean±std:2.323776e-04±1.082845e-04, Vol_mean±std:7.289648e-06±1.838115e-06, P_MAX:1.993e-04, Q_MAX:1.451e-04, P_mean±std:1.535348e-04±2.666666e-05, Q_mean±std:1.252986e-04±1.259787e-05, P_RMSE:4.753e-05, Q_RMSE:4.795e-05, Success rate (<0.1):1.000000, Success rate (<0.01):1.000000, Success rate (<0.001):1.000000
X=[0.2,0.4], PQ=[-1.8,-1.6]: count:10, ill:0, avg_iter:17.50, Ang_MAX:3.040284e-04, Vol_MAX:1.263618e-05, Ang_mean±std:1.042537e-04±8.446883e-05, Vol_mean±std:8.094311e-06±1.902462e-06, P_MAX:1.962e-04, Q_MAX:2.177e-04, P_mean±std:1.257058e-04±3.421415e-05, Q_mean±std:1.311830e-04±3.358260e-05, P_RMSE:3.941e-05, Q_RMSE:4.607e-05, Success rate (<0.1):1.000000, Success rate (<0.01):1.000000, Success rate (<0.001):1.000000
X=[0.2,0.4], PQ=[-1.6,-1.4]: count:10, ill:0, avg_iter:19.50, Ang_MAX:3.483295e-04, Vol_MAX:1.347065e-05, Ang_mean±std:2.308004e-04±8.846942e-05, Vol_mean±std:7.903576e-06±1.969156e-06, P_MAX:1.877e-04, Q_MAX:1.603e-04, P_mean±std:1.360238e-04±2.788547e-05, Q_mean±std:1.198418e-04±1.988249e-05, P_RMSE:4.349e-05, Q_RMSE:4.477e-05, Success rate (<0.1):1.000000, Success rate (<0.01):1.000000, Success rate (<0.001):1.000000
X=[0.2,0.4], PQ=[-1.4,-1.2]: count:10, ill:0, avg_iter:15.50, Ang_MAX:3.706515e-04, Vol_MAX:8.702278e-06, Ang_mean±std:1.627296e-04±9.136821e-05, Vol_mean±std:6.961823e-06±1.072486e-06, P_MAX:1.421e-04, Q_MAX:1.471e-04, P_mean±std:1.081024e-04±2.024999e-05, Q_mean±std:1.113464e-04±1.941339e-05, P_RMSE:3.711e-05, Q_RMSE:4.188e-05, Success rate (<0.1):1.000000, Success rate (<0.01):1.000000, Success rate (<0.001):1.000000
X=[0.2,0.4], PQ=[-1.2,-1.0]: count:10, ill:0, avg_iter:16.30, Ang_MAX:2.969652e-04, Vol_MAX:9.775162e-06, Ang_mean±std:1.744546e-04±7.990916e-05, Vol_mean±std:6.669760e-06±1.359051e-06, P_MAX:1.631e-04, Q_MAX:1.323e-04, P_mean±std:1.075545e-04±2.103151e-05, Q_mean±std:1.056860e-04±9.808948e-06, P_RMSE:3.549e-05, Q_RMSE:3.865e-05, Success rate (<0.1):1.000000, Success rate (<0.01):1.000000, Success rate (<0.001):1.000000
X=[0.2,0.4], PQ=[-1.0,-0.8]: count:10, ill:0, avg_iter:18.60, Ang_MAX:2.980083e-04, Vol_MAX:7.033348e-06, Ang_mean±std:1.937240e-04±6.553026e-05, Vol_mean±std:5.954504e-06±5.199288e-07, P_MAX:1.402e-04, Q_MAX:1.009e-04, P_mean±std:1.121349e-04±1.449732e-05, Q_mean±std:9.366395e-05±5.343626e-06, P_RMSE:3.487e-05, Q_RMSE:3.547e-05, Success rate (<0.1):1.000000, Success rate (<0.01):1.000000, Success rate (<0.001):1.000000
X=[0.2,0.4], PQ=[-0.8,-0.6]: count:10, ill:0, avg_iter:17.60, Ang_MAX:6.840974e-04, Vol_MAX:1.400709e-05, Ang_mean±std:2.416641e-04±1.917796e-04, Vol_mean±std:7.373095e-06±2.613655e-06, P_MAX:2.364e-04, Q_MAX:1.190e-04, P_mean±std:1.245545e-04±4.089467e-05, Q_mean±std:1.013960e-04±9.953445e-06, P_RMSE:3.898e-05, Q_RMSE:3.493e-05, Success rate (<0.1):1.000000, Success rate (<0.01):1.000000, Success rate (<0.001):1.000000
X=[0.2,0.4], PQ=[-0.6,-0.4]: count:10, ill:0, avg_iter:16.40, Ang_MAX:4.801303e-04, Vol_MAX:9.119511e-06, Ang_mean±std:2.276137e-04±1.370854e-04, Vol_mean±std:6.616116e-06±1.169528e-06, P_MAX:1.608e-04, Q_MAX:1.162e-04, P_mean±std:1.170662e-04±2.423834e-05, Q_mean±std:9.242296e-05±1.001720e-05, P_RMSE:3.460e-05, Q_RMSE:3.287e-05, Success rate (<0.1):1.000000, Success rate (<0.01):1.000000, Success rate (<0.001):1.000000
X=[0.2,0.4], PQ=[-0.4,-0.2]: count:10, ill:0, avg_iter:15.70, Ang_MAX:6.040484e-04, Vol_MAX:8.702278e-06, Ang_mean±std:2.354294e-04±1.351583e-04, Vol_mean±std:5.906820e-06±9.693592e-07, P_MAX:2.421e-04, Q_MAX:1.048e-04, P_mean±std:1.154409e-04±4.450734e-05, Q_mean±std:9.045657e-05±8.229996e-06, P_RMSE:3.615e-05, Q_RMSE:3.206e-05, Success rate (<0.1):1.000000, Success rate (<0.01):1.000000, Success rate (<0.001):1.000000
X=[0.2,0.4], PQ=[-0.2,0.0]: count:10, ill:0, avg_iter:16.20, Ang_MAX:4.728436e-04, Vol_MAX:8.702278e-06, Ang_mean±std:2.335802e-04±1.374228e-04, Vol_mean±std:6.341934e-06±9.518845e-07, P_MAX:1.588e-04, Q_MAX:1.043e-04, P_mean±std:1.142944e-04±2.480286e-05, Q_mean±std:9.383839e-05±6.161154e-06, P_RMSE:3.502e-05, Q_RMSE:3.006e-05, Success rate (<0.1):1.000000, Success rate (<0.01):1.000000, Success rate (<0.001):1.000000
X=[0.2,0.4], PQ=[0.0,0.2]: count:10, ill:0, avg_iter:17.00, Ang_MAX:3.339499e-04, Vol_MAX:6.616116e-06, Ang_mean±std:1.722440e-04±8.651140e-05, Vol_mean±std:5.817413e-06±3.178666e-07, P_MAX:1.511e-04, Q_MAX:9.677e-05, P_mean±std:1.152553e-04±2.124276e-05, Q_mean±std:8.749561e-05±4.067794e-06, P_RMSE:2.960e-05, Q_RMSE:3.165e-05, Success rate (<0.1):1.000000, Success rate (<0.01):1.000000, Success rate (<0.001):1.000000
X=[0.2,0.4], PQ=[0.2,0.4]: count:10, ill:0, avg_iter:17.20, Ang_MAX:3.383011e-04, Vol_MAX:6.794930e-06, Ang_mean±std:1.599625e-04±9.235948e-05, Vol_mean±std:5.877018e-06±3.743248e-07, P_MAX:1.318e-04, Q_MAX:1.013e-04, P_mean±std:1.040359e-04±1.289558e-05, Q_mean±std:9.024376e-05±5.737233e-06, P_RMSE:2.868e-05, Q_RMSE:3.150e-05, Success rate (<0.1):1.000000, Success rate (<0.01):1.000000, Success rate (<0.001):1.000000
X=[0.2,0.4], PQ=[0.4,0.6]: count:10, ill:0, avg_iter:17.70, Ang_MAX:4.120916e-04, Vol_MAX:7.033348e-06, Ang_mean±std:2.256259e-04±8.343665e-05, Vol_mean±std:5.984306e-06±5.107948e-07, P_MAX:1.807e-04, Q_MAX:1.034e-04, P_mean±std:1.175183e-04±3.596585e-05, Q_mean±std:9.545172e-05±5.895309e-06, P_RMSE:3.480e-05, Q_RMSE:3.415e-05, Success rate (<0.1):1.000000, Success rate (<0.01):1.000000, Success rate (<0.001):1.000000
X=[0.2,0.4], PQ=[0.6,0.8]: count:10, ill:0, avg_iter:17.30, Ang_MAX:4.198253e-04, Vol_MAX:6.914139e-06, Ang_mean±std:2.101511e-04±1.007706e-04, Vol_mean±std:5.954504e-06±6.433161e-07, P_MAX:1.762e-04, Q_MAX:1.068e-04, P_mean±std:1.168644e-04±2.334478e-05, Q_mean±std:8.905437e-05±8.286397e-06, P_RMSE:3.380e-05, Q_RMSE:3.324e-05, Success rate (<0.1):1.000000, Success rate (<0.01):1.000000, Success rate (<0.001):1.000000
X=[0.2,0.4], PQ=[0.8,1.0]: count:10, ill:0, avg_iter:13.80, Ang_MAX:4.365146e-04, Vol_MAX:7.510185e-06, Ang_mean±std:1.822397e-04±1.070942e-04, Vol_mean±std:6.049871e-06±1.031780e-06, P_MAX:1.513e-04, Q_MAX:1.106e-04, P_mean±std:1.041953e-04±2.105079e-05, Q_mean±std:9.743255e-05±9.314250e-06, P_RMSE:3.628e-05, Q_RMSE:3.691e-05, Success rate (<0.1):1.000000, Success rate (<0.01):1.000000, Success rate (<0.001):1.000000
X=[0.2,0.4], PQ=[1.0,1.2]: count:10, ill:0, avg_iter:14.40, Ang_MAX:4.261583e-04, Vol_MAX:9.000301e-06, Ang_mean±std:1.902297e-04±1.235998e-04, Vol_mean±std:6.556511e-06±1.283370e-06, P_MAX:1.800e-04, Q_MAX:1.145e-04, P_mean±std:1.124541e-04±3.246803e-05, Q_mean±std:1.006016e-04±7.629875e-06, P_RMSE:3.784e-05, Q_RMSE:3.771e-05, Success rate (<0.1):1.000000, Success rate (<0.01):1.000000, Success rate (<0.001):1.000000
X=[0.2,0.4], PQ=[1.2,1.4]: count:10, ill:0, avg_iter:15.40, Ang_MAX:3.310740e-04, Vol_MAX:7.212162e-06, Ang_mean±std:2.118185e-04±7.124486e-05, Vol_mean±std:6.514788e-06±3.981037e-07, P_MAX:1.382e-04, Q_MAX:2.331e-04, P_mean±std:1.101077e-04±1.367362e-05, Q_mean±std:1.172625e-04±3.978136e-05, P_RMSE:4.057e-05, Q_RMSE:4.284e-05, Success rate (<0.1):1.000000, Success rate (<0.01):1.000000, Success rate (<0.001):1.000000
X=[0.2,0.4], PQ=[1.4,1.6]: count:10, ill:0, avg_iter:17.60, Ang_MAX:3.387257e-04, Vol_MAX:8.821487e-06, Ang_mean±std:1.790024e-04±9.573932e-05, Vol_mean±std:6.693602e-06±1.159781e-06, P_MAX:1.866e-04, Q_MAX:1.916e-04, P_mean±std:1.306601e-04±2.911538e-05, Q_mean±std:1.173960e-04±2.909031e-05, P_RMSE:4.123e-05, Q_RMSE:4.556e-05, Success rate (<0.1):1.000000, Success rate (<0.01):1.000000, Success rate (<0.001):1.000000
X=[0.2,0.4], PQ=[1.6,1.8]: count:10, ill:0, avg_iter:15.60, Ang_MAX:3.701150e-04, Vol_MAX:9.834766e-06, Ang_mean±std:1.961984e-04±8.538044e-05, Vol_mean±std:7.820129e-06±1.330079e-06, P_MAX:1.945e-04, Q_MAX:1.591e-04, P_mean±std:1.439512e-04±2.442317e-05, Q_mean±std:1.351358e-04±2.007806e-05, P_RMSE:4.590e-05, Q_RMSE:4.650e-05, Success rate (<0.1):1.000000, Success rate (<0.01):1.000000, Success rate (<0.001):1.000000
X=[0.2,0.4], PQ=[1.8,2.0]: count:10, ill:0, avg_iter:18.70, Ang_MAX:5.333722e-04, Vol_MAX:1.221895e-05, Ang_mean±std:2.739817e-04±1.515459e-04, Vol_mean±std:8.380413e-06±2.029221e-06, P_MAX:2.376e-04, Q_MAX:2.186e-04, P_mean±std:1.759911e-04±3.160972e-05, Q_mean±std:1.553215e-04±3.664512e-05, P_RMSE:5.432e-05, Q_RMSE:4.938e-05, Success rate (<0.1):1.000000, Success rate (<0.01):1.000000, Success rate (<0.001):1.000000
X=[0.4,0.6], PQ=[-2.0,-1.8]: count:10, ill:0, avg_iter:17.10, Ang_MAX:7.973462e-04, Vol_MAX:1.549721e-05, Ang_mean±std:3.884457e-04±2.156106e-04, Vol_mean±std:1.015663e-05±3.230022e-06, P_MAX:2.920e-04, Q_MAX:2.378e-04, P_mean±std:1.948809e-04±5.306764e-05, Q_mean±std:1.666889e-04±3.335071e-05, P_RMSE:6.344e-05, Q_RMSE:5.690e-05, Success rate (<0.1):1.000000, Success rate (<0.01):1.000000, Success rate (<0.001):1.000000
X=[0.4,0.6], PQ=[-1.8,-1.6]: count:10, ill:0, avg_iter:17.20, Ang_MAX:4.720688e-04, Vol_MAX:1.311302e-05, Ang_mean±std:2.391323e-04±1.215328e-04, Vol_mean±std:8.040667e-06±2.771001e-06, P_MAX:1.950e-04, Q_MAX:1.418e-04, P_mean±std:1.518972e-04±2.625094e-05, Q_mean±std:1.183170e-04±1.660118e-05, P_RMSE:4.897e-05, Q_RMSE:4.511e-05, Success rate (<0.1):1.000000, Success rate (<0.01):1.000000, Success rate (<0.001):1.000000
X=[0.4,0.6], PQ=[-1.6,-1.4]: count:10, ill:0, avg_iter:19.20, Ang_MAX:6.561726e-04, Vol_MAX:1.299381e-05, Ang_mean±std:3.265910e-04±1.687014e-04, Vol_mean±std:7.295609e-06±2.109567e-06, P_MAX:2.342e-04, Q_MAX:1.455e-04, P_mean±std:1.503511e-04±3.880421e-05, Q_mean±std:1.216869e-04±1.682626e-05, P_RMSE:5.142e-05, Q_RMSE:4.224e-05, Success rate (<0.1):1.000000, Success rate (<0.01):1.000000, Success rate (<0.001):1.000000
X=[0.4,0.6], PQ=[-1.4,-1.2]: count:10, ill:0, avg_iter:19.00, Ang_MAX:7.819086e-04, Vol_MAX:1.126528e-05, Ang_mean±std:3.298678e-04±2.099799e-04, Vol_mean±std:8.434057e-06±1.749424e-06, P_MAX:2.878e-04, Q_MAX:1.583e-04, P_mean±std:1.556674e-04±5.439883e-05, Q_mean±std:1.232905e-04±2.074750e-05, P_RMSE:5.137e-05, Q_RMSE:4.516e-05, Success rate (<0.1):1.000000, Success rate (<0.01):1.000000, Success rate (<0.001):1.000000
X=[0.4,0.6], PQ=[-1.2,-1.0]: count:10, ill:0, avg_iter:19.30, Ang_MAX:8.191466e-04, Vol_MAX:1.472235e-05, Ang_mean±std:3.570423e-04±2.074215e-04, Vol_mean±std:7.343292e-06±2.622442e-06, P_MAX:2.598e-04, Q_MAX:1.570e-04, P_mean±std:1.569520e-04±5.427623e-05, Q_mean±std:1.132775e-04±2.413541e-05, P_RMSE:4.971e-05, Q_RMSE:4.120e-05, Success rate (<0.1):1.000000, Success rate (<0.01):1.000000, Success rate (<0.001):1.000000
X=[0.4,0.6], PQ=[-1.0,-0.8]: count:10, ill:0, avg_iter:19.20, Ang_MAX:4.020482e-04, Vol_MAX:8.642673e-06, Ang_mean±std:2.644949e-04±9.448752e-05, Vol_mean±std:6.401539e-06±1.247490e-06, P_MAX:1.812e-04, Q_MAX:1.200e-04, P_mean±std:1.390079e-04±2.713524e-05, Q_mean±std:9.754803e-05±1.006552e-05, P_RMSE:4.109e-05, Q_RMSE:3.815e-05, Success rate (<0.1):1.000000, Success rate (<0.01):1.000000, Success rate (<0.001):1.000000
X=[0.4,0.6], PQ=[-0.8,-0.6]: count:10, ill:0, avg_iter:19.20, Ang_MAX:6.670952e-04, Vol_MAX:1.132488e-05, Ang_mean±std:2.981812e-04±1.584049e-04, Vol_mean±std:7.122755e-06±2.157038e-06, P_MAX:2.255e-04, Q_MAX:1.132e-04, P_mean±std:1.253125e-04±3.750222e-05, Q_mean±std:1.009543e-04±8.679458e-06, P_RMSE:4.155e-05, Q_RMSE:3.548e-05, Success rate (<0.1):1.000000, Success rate (<0.01):1.000000, Success rate (<0.001):1.000000
X=[0.4,0.6], PQ=[-0.6,-0.4]: count:10, ill:0, avg_iter:17.20, Ang_MAX:6.115586e-04, Vol_MAX:9.059906e-06, Ang_mean±std:2.645716e-04±1.569436e-04, Vol_mean±std:6.419420e-06±1.061917e-06, P_MAX:2.384e-04, Q_MAX:1.171e-04, P_mean±std:1.294688e-04±4.526477e-05, Q_mean±std:9.921715e-05±8.939693e-06, P_RMSE:3.960e-05, Q_RMSE:3.654e-05, Success rate (<0.1):1.000000, Success rate (<0.01):1.000000, Success rate (<0.001):1.000000
X=[0.4,0.6], PQ=[-0.4,-0.2]: count:10, ill:0, avg_iter:18.00, Ang_MAX:6.109923e-04, Vol_MAX:1.013279e-05, Ang_mean±std:3.279790e-04±2.152173e-04, Vol_mean±std:6.985664e-06±1.457038e-06, P_MAX:2.425e-04, Q_MAX:1.144e-04, P_mean±std:1.614602e-04±5.624537e-05, Q_mean±std:9.638397e-05±8.642834e-06, P_RMSE:4.557e-05, Q_RMSE:3.518e-05, Success rate (<0.1):1.000000, Success rate (<0.01):1.000000, Success rate (<0.001):1.000000
X=[0.4,0.6], PQ=[-0.2,0.0]: count:10, ill:0, avg_iter:17.90, Ang_MAX:5.419254e-04, Vol_MAX:1.025200e-05, Ang_mean±std:2.675831e-04±1.909144e-04, Vol_mean±std:6.681681e-06±1.393640e-06, P_MAX:2.441e-04, Q_MAX:1.078e-04, P_mean±std:1.447284e-04±5.543842e-05, Q_mean±std:9.342581e-05±7.733973e-06, P_RMSE:3.939e-05, Q_RMSE:3.321e-05, Success rate (<0.1):1.000000, Success rate (<0.01):1.000000, Success rate (<0.001):1.000000
X=[0.4,0.6], PQ=[0.0,0.2]: count:10, ill:0, avg_iter:17.70, Ang_MAX:6.091297e-04, Vol_MAX:1.031160e-05, Ang_mean±std:3.079891e-04±1.375729e-04, Vol_mean±std:6.479025e-06±1.382532e-06, P_MAX:1.985e-04, Q_MAX:1.155e-04, P_mean±std:1.376394e-04±3.846829e-05, Q_mean±std:9.517185e-05±8.306152e-06, P_RMSE:4.114e-05, Q_RMSE:3.276e-05, Success rate (<0.1):1.000000, Success rate (<0.01):1.000000, Success rate (<0.001):1.000000
X=[0.4,0.6], PQ=[0.2,0.4]: count:10, ill:0, avg_iter:19.90, Ang_MAX:8.147210e-04, Vol_MAX:1.347065e-05, Ang_mean±std:4.056767e-04±1.905286e-04, Vol_mean±std:7.855892e-06±2.342061e-06, P_MAX:2.464e-04, Q_MAX:1.245e-04, P_mean±std:1.616802e-04±4.723761e-05, Q_mean±std:1.048673e-04±1.005871e-05, P_RMSE:5.037e-05, Q_RMSE:3.399e-05, Success rate (<0.1):1.000000, Success rate (<0.01):1.000000, Success rate (<0.001):1.000000
X=[0.4,0.6], PQ=[0.4,0.6]: count:10, ill:0, avg_iter:18.30, Ang_MAX:4.158616e-04, Vol_MAX:8.106232e-06, Ang_mean±std:2.433568e-04±1.235927e-04, Vol_mean±std:6.651878e-06±7.310747e-07, P_MAX:1.892e-04, Q_MAX:1.171e-04, P_mean±std:1.299502e-04±2.923001e-05, Q_mean±std:9.855786e-05±8.369044e-06, P_RMSE:3.692e-05, Q_RMSE:3.460e-05, Success rate (<0.1):1.000000, Success rate (<0.01):1.000000, Success rate (<0.001):1.000000
X=[0.4,0.6], PQ=[0.6,0.8]: count:10, ill:0, avg_iter:17.20, Ang_MAX:8.861572e-04, Vol_MAX:1.543760e-05, Ang_mean±std:3.208444e-04±2.724630e-04, Vol_mean±std:7.611513e-06±2.877991e-06, P_MAX:3.164e-04, Q_MAX:1.354e-04, P_mean±std:1.586169e-04±8.322867e-05, Q_mean±std:1.077777e-04±1.590629e-05, P_RMSE:4.933e-05, Q_RMSE:3.881e-05, Success rate (<0.1):1.000000, Success rate (<0.01):1.000000, Success rate (<0.001):1.000000
X=[0.4,0.6], PQ=[0.8,1.0]: count:10, ill:0, avg_iter:17.70, Ang_MAX:7.280111e-04, Vol_MAX:1.317263e-05, Ang_mean±std:2.576932e-04±2.297851e-04, Vol_mean±std:7.355213e-06±2.579745e-06, P_MAX:2.830e-04, Q_MAX:1.260e-04, P_mean±std:1.325893e-04±6.294624e-05, Q_mean±std:1.019533e-04±1.084853e-05, P_RMSE:4.214e-05, Q_RMSE:3.801e-05, Success rate (<0.1):1.000000, Success rate (<0.01):1.000000, Success rate (<0.001):1.000000
X=[0.4,0.6], PQ=[1.0,1.2]: count:10, ill:0, avg_iter:18.70, Ang_MAX:1.259953e-03, Vol_MAX:2.336502e-05, Ang_mean±std:3.547981e-04±3.242143e-04, Vol_mean±std:7.975101e-06±5.275722e-06, P_MAX:3.994e-04, Q_MAX:1.304e-04, P_mean±std:1.525620e-04±8.558763e-05, Q_mean±std:1.081817e-04±1.250057e-05, P_RMSE:5.055e-05, Q_RMSE:3.834e-05, Success rate (<0.1):1.000000, Success rate (<0.01):1.000000, Success rate (<0.001):1.000000
X=[0.4,0.6], PQ=[1.2,1.4]: count:10, ill:0, avg_iter:17.80, Ang_MAX:9.754002e-04, Vol_MAX:1.668930e-05, Ang_mean±std:3.343493e-04±2.926917e-04, Vol_mean±std:8.130074e-06±3.530608e-06, P_MAX:3.145e-04, Q_MAX:1.926e-04, P_mean±std:1.557294e-04±6.979496e-05, Q_mean±std:1.151980e-04±2.973401e-05, P_RMSE:5.196e-05, Q_RMSE:4.501e-05, Success rate (<0.1):1.000000, Success rate (<0.01):1.000000, Success rate (<0.001):1.000000
X=[0.4,0.6], PQ=[1.4,1.6]: count:10, ill:0, avg_iter:17.80, Ang_MAX:1.173809e-03, Vol_MAX:1.865625e-05, Ang_mean±std:3.931791e-04±3.419478e-04, Vol_mean±std:9.191036e-06±4.253935e-06, P_MAX:3.660e-04, Q_MAX:2.097e-04, P_mean±std:1.685261e-04±8.081589e-05, Q_mean±std:1.387488e-04±3.293164e-05, P_RMSE:5.921e-05, Q_RMSE:4.450e-05, Success rate (<0.1):1.000000, Success rate (<0.01):1.000000, Success rate (<0.001):1.000000
X=[0.4,0.6], PQ=[1.6,1.8]: count:10, ill:0, avg_iter:18.60, Ang_MAX:7.596686e-04, Vol_MAX:1.722574e-05, Ang_mean±std:4.018955e-04±2.001294e-04, Vol_mean±std:9.357929e-06±3.758024e-06, P_MAX:2.556e-04, Q_MAX:2.046e-04, P_mean±std:1.757398e-04±4.747938e-05, Q_mean±std:1.528802e-04±3.610934e-05, P_RMSE:6.034e-05, Q_RMSE:5.001e-05, Success rate (<0.1):1.000000, Success rate (<0.01):1.000000, Success rate (<0.001):1.000000
X=[0.4,0.6], PQ=[1.8,2.0]: count:10, ill:0, avg_iter:18.50, Ang_MAX:8.777529e-04, Vol_MAX:2.408028e-05, Ang_mean±std:4.328799e-04±2.371192e-04, Vol_mean±std:1.010299e-05±5.021616e-06, P_MAX:3.108e-04, Q_MAX:2.381e-04, P_mean±std:2.000740e-04±5.780470e-05, Q_mean±std:1.524507e-04±3.580705e-05, P_RMSE:6.596e-05, Q_RMSE:5.174e-05, Success rate (<0.1):1.000000, Success rate (<0.01):1.000000, Success rate (<0.001):1.000000
X=[0.6,0.8], PQ=[-2.0,-1.8]: count:10, ill:0, avg_iter:18.30, Ang_MAX:7.515252e-04, Vol_MAX:1.084805e-05, Ang_mean±std:3.779478e-04±2.004627e-04, Vol_mean±std:8.219481e-06±1.478976e-06, P_MAX:2.694e-04, Q_MAX:2.191e-04, P_mean±std:1.870547e-04±4.699831e-05, Q_mean±std:1.459497e-04±3.077445e-05, P_RMSE:6.066e-05, Q_RMSE:5.189e-05, Success rate (<0.1):1.000000, Success rate (<0.01):1.000000, Success rate (<0.001):1.000000
X=[0.6,0.8], PQ=[-1.8,-1.6]: count:10, ill:0, avg_iter:19.00, Ang_MAX:6.762147e-04, Vol_MAX:1.269579e-05, Ang_mean±std:3.497049e-04±2.116084e-04, Vol_mean±std:8.732080e-06±1.864444e-06, P_MAX:2.937e-04, Q_MAX:2.222e-04, P_mean±std:1.935783e-04±6.868430e-05, Q_mean±std:1.449220e-04±4.459374e-05, P_RMSE:5.992e-05, Q_RMSE:4.831e-05, Success rate (<0.1):1.000000, Success rate (<0.01):1.000000, Success rate (<0.001):1.000000
X=[0.6,0.8], PQ=[-1.6,-1.4]: count:10, ill:0, avg_iter:19.50, Ang_MAX:7.428527e-04, Vol_MAX:1.204014e-05, Ang_mean±std:3.432319e-04±1.886470e-04, Vol_mean±std:8.463860e-06±1.982067e-06, P_MAX:2.699e-04, Q_MAX:1.494e-04, P_mean±std:1.699466e-04±5.690408e-05, Q_mean±std:1.206314e-04±1.842208e-05, P_RMSE:5.328e-05, Q_RMSE:4.610e-05, Success rate (<0.1):1.000000, Success rate (<0.01):1.000000, Success rate (<0.001):1.000000
X=[0.6,0.8], PQ=[-1.4,-1.2]: count:10, ill:0, avg_iter:19.10, Ang_MAX:1.201928e-03, Vol_MAX:1.901388e-05, Ang_mean±std:5.509801e-04±3.648740e-04, Vol_mean±std:1.062155e-05±4.522009e-06, P_MAX:3.885e-04, Q_MAX:1.820e-04, P_mean±std:2.128288e-04±9.991716e-05, Q_mean±std:1.266748e-04±2.299553e-05, P_RMSE:7.269e-05, Q_RMSE:4.810e-05, Success rate (<0.1):1.000000, Success rate (<0.01):1.000000, Success rate (<0.001):1.000000
X=[0.6,0.8], PQ=[-1.2,-1.0]: count:10, ill:0, avg_iter:19.70, Ang_MAX:7.129908e-04, Vol_MAX:9.715557e-06, Ang_mean±std:3.858358e-04±1.598061e-04, Vol_mean±std:7.736683e-06±9.252361e-07, P_MAX:2.775e-04, Q_MAX:1.320e-04, P_mean±std:1.715020e-04±4.611064e-05, Q_mean±std:1.137398e-04±1.366747e-05, P_RMSE:5.424e-05, Q_RMSE:4.178e-05, Success rate (<0.1):1.000000, Success rate (<0.01):1.000000, Success rate (<0.001):1.000000
X=[0.6,0.8], PQ=[-1.0,-0.8]: count:10, ill:0, avg_iter:16.30, Ang_MAX:1.128390e-03, Vol_MAX:2.050400e-05, Ang_mean±std:4.528552e-04±3.753329e-04, Vol_mean±std:9.989738e-06±5.433002e-06, P_MAX:3.546e-04, Q_MAX:1.359e-04, P_mean±std:1.864308e-04±1.030898e-04, Q_mean±std:1.104652e-04±1.513159e-05, P_RMSE:6.109e-05, Q_RMSE:4.038e-05, Success rate (<0.1):1.000000, Success rate (<0.01):1.000000, Success rate (<0.001):1.000000
X=[0.6,0.8], PQ=[-0.8,-0.6]: count:10, ill:0, avg_iter:18.80, Ang_MAX:6.804168e-04, Vol_MAX:1.114607e-05, Ang_mean±std:3.819168e-04±1.879942e-04, Vol_mean±std:7.486343e-06±2.055488e-06, P_MAX:2.430e-04, Q_MAX:1.323e-04, P_mean±std:1.626277e-04±4.811569e-05, Q_mean±std:1.043464e-04±1.501535e-05, P_RMSE:5.144e-05, Q_RMSE:3.819e-05, Success rate (<0.1):1.000000, Success rate (<0.01):1.000000, Success rate (<0.001):1.000000
X=[0.6,0.8], PQ=[-0.6,-0.4]: count:10, ill:0, avg_iter:19.20, Ang_MAX:8.006543e-04, Vol_MAX:1.198053e-05, Ang_mean±std:5.378917e-04±1.961388e-04, Vol_mean±std:9.191036e-06±2.203728e-06, P_MAX:3.057e-04, Q_MAX:1.508e-04, P_mean±std:2.115857e-04±6.813360e-05, Q_mean±std:1.129916e-04±1.495138e-05, P_RMSE:6.540e-05, Q_RMSE:3.953e-05, Success rate (<0.1):1.000000, Success rate (<0.01):1.000000, Success rate (<0.001):1.000000
X=[0.6,0.8], PQ=[-0.4,-0.2]: count:10, ill:0, avg_iter:19.70, Ang_MAX:1.482815e-03, Vol_MAX:2.157688e-05, Ang_mean±std:6.285936e-04±4.864330e-04, Vol_mean±std:1.077056e-05±5.995116e-06, P_MAX:5.164e-04, Q_MAX:1.677e-04, P_mean±std:2.473709e-04±1.413221e-04, Q_mean±std:1.127641e-04±2.887967e-05, P_RMSE:7.585e-05, Q_RMSE:3.982e-05, Success rate (<0.1):1.000000, Success rate (<0.01):1.000000, Success rate (<0.001):1.000000
X=[0.6,0.8], PQ=[-0.2,0.0]: count:10, ill:0, avg_iter:19.30, Ang_MAX:1.212239e-03, Vol_MAX:1.829863e-05, Ang_mean±std:5.173996e-04±3.080347e-04, Vol_mean±std:8.898973e-06±3.933098e-06, P_MAX:3.962e-04, Q_MAX:1.521e-04, P_mean±std:1.990054e-04±8.997114e-05, Q_mean±std:1.110792e-04±2.038462e-05, P_RMSE:6.361e-05, Q_RMSE:3.717e-05, Success rate (<0.1):1.000000, Success rate (<0.01):1.000000, Success rate (<0.001):1.000000
X=[0.6,0.8], PQ=[0.0,0.2]: count:10, ill:0, avg_iter:18.70, Ang_MAX:5.926639e-04, Vol_MAX:1.055002e-05, Ang_mean±std:2.444401e-04±1.711085e-04, Vol_mean±std:6.413460e-06±1.709770e-06, P_MAX:2.330e-04, Q_MAX:1.314e-04, P_mean±std:1.297413e-04±4.268380e-05, Q_mean±std:9.415243e-05±1.374840e-05, P_RMSE:3.643e-05, Q_RMSE:3.407e-05, Success rate (<0.1):1.000000, Success rate (<0.01):1.000000, Success rate (<0.001):1.000000
X=[0.6,0.8], PQ=[0.2,0.4]: count:10, ill:0, avg_iter:19.70, Ang_MAX:7.624328e-04, Vol_MAX:1.287460e-05, Ang_mean±std:4.203007e-04±1.907451e-04, Vol_mean±std:7.832050e-06±2.478894e-06, P_MAX:2.607e-04, Q_MAX:1.683e-04, P_mean±std:1.697713e-04±5.151054e-05, Q_mean±std:1.066340e-04±2.201582e-05, P_RMSE:5.360e-05, Q_RMSE:3.636e-05, Success rate (<0.1):1.000000, Success rate (<0.01):1.000000, Success rate (<0.001):1.000000
X=[0.6,0.8], PQ=[0.4,0.6]: count:10, ill:0, avg_iter:19.00, Ang_MAX:5.702525e-04, Vol_MAX:1.007318e-05, Ang_mean±std:3.667474e-04±1.303474e-04, Vol_mean±std:7.194281e-06±1.808105e-06, P_MAX:2.444e-04, Q_MAX:1.371e-04, P_mean±std:1.607745e-04±4.552683e-05, Q_mean±std:1.090288e-04±1.395238e-05, P_RMSE:4.804e-05, Q_RMSE:3.644e-05, Success rate (<0.1):1.000000, Success rate (<0.01):1.000000, Success rate (<0.001):1.000000
X=[0.6,0.8], PQ=[0.6,0.8]: count:10, ill:0, avg_iter:16.40, Ang_MAX:1.147240e-03, Vol_MAX:1.990795e-05, Ang_mean±std:3.613830e-04±3.494314e-04, Vol_mean±std:8.481741e-06±4.660996e-06, P_MAX:3.549e-04, Q_MAX:1.547e-04, P_mean±std:1.627297e-04±8.722659e-05, Q_mean±std:1.073638e-04±1.939454e-05, P_RMSE:5.238e-05, Q_RMSE:3.757e-05, Success rate (<0.1):1.000000, Success rate (<0.01):1.000000, Success rate (<0.001):1.000000
X=[0.6,0.8], PQ=[0.8,1.0]: count:10, ill:0, avg_iter:19.70, Ang_MAX:9.026229e-04, Vol_MAX:1.239777e-05, Ang_mean±std:3.511176e-04±2.645768e-04, Vol_mean±std:7.766485e-06±2.277654e-06, P_MAX:3.145e-04, Q_MAX:1.306e-04, P_mean±std:1.615512e-04±6.343294e-05, Q_mean±std:1.100698e-04±9.394522e-06, P_RMSE:5.127e-05, Q_RMSE:3.941e-05, Success rate (<0.1):1.000000, Success rate (<0.01):1.000000, Success rate (<0.001):1.000000
X=[0.6,0.8], PQ=[1.0,1.2]: count:10, ill:0, avg_iter:19.40, Ang_MAX:7.610023e-04, Vol_MAX:1.353025e-05, Ang_mean±std:4.351594e-04±2.116701e-04, Vol_mean±std:9.113550e-06±2.359237e-06, P_MAX:2.905e-04, Q_MAX:1.735e-04, P_mean±std:1.837637e-04±6.412200e-05, Q_mean±std:1.292650e-04±2.362839e-05, P_RMSE:5.813e-05, Q_RMSE:4.405e-05, Success rate (<0.1):1.000000, Success rate (<0.01):1.000000, Success rate (<0.001):1.000000
X=[0.6,0.8], PQ=[1.2,1.4]: count:10, ill:0, avg_iter:17.50, Ang_MAX:1.039386e-03, Vol_MAX:1.555681e-05, Ang_mean±std:3.790662e-04±2.744164e-04, Vol_mean±std:8.440018e-06±2.713707e-06, P_MAX:3.268e-04, Q_MAX:1.405e-04, P_mean±std:1.615375e-04±7.011013e-05, Q_mean±std:1.213945e-04±1.591578e-05, P_RMSE:5.608e-05, Q_RMSE:4.526e-05, Success rate (<0.1):1.000000, Success rate (<0.01):1.000000, Success rate (<0.001):1.000000
X=[0.6,0.8], PQ=[1.4,1.6]: count:10, ill:0, avg_iter:19.20, Ang_MAX:8.900464e-04, Vol_MAX:2.419949e-05, Ang_mean±std:3.872279e-04±2.646467e-04, Vol_mean±std:1.004934e-05±5.924126e-06, P_MAX:3.197e-04, Q_MAX:1.626e-04, P_mean±std:1.864925e-04±6.429546e-05, Q_mean±std:1.266818e-04±1.962406e-05, P_RMSE:5.872e-05, Q_RMSE:4.544e-05, Success rate (<0.1):1.000000, Success rate (<0.01):1.000000, Success rate (<0.001):1.000000
X=[0.6,0.8], PQ=[1.6,1.8]: count:10, ill:0, avg_iter:18.80, Ang_MAX:7.814392e-04, Vol_MAX:1.752377e-05, Ang_mean±std:4.432298e-04±2.420146e-04, Vol_mean±std:1.136065e-05±4.137284e-06, P_MAX:2.708e-04, Q_MAX:2.431e-04, P_mean±std:2.053158e-04±4.870236e-05, Q_mean±std:1.531243e-04±3.829940e-05, P_RMSE:6.709e-05, Q_RMSE:5.193e-05, Success rate (<0.1):1.000000, Success rate (<0.01):1.000000, Success rate (<0.001):1.000000
X=[0.6,0.8], PQ=[1.8,2.0]: count:10, ill:0, avg_iter:18.80, Ang_MAX:1.059011e-03, Vol_MAX:2.157688e-05, Ang_mean±std:4.781216e-04±2.466791e-04, Vol_mean±std:1.193881e-05±4.511174e-06, P_MAX:3.585e-04, Q_MAX:2.589e-04, P_mean±std:2.176881e-04±6.486818e-05, Q_mean±std:1.646663e-04±5.271147e-05, P_RMSE:7.166e-05, Q_RMSE:5.754e-05, Success rate (<0.1):1.000000, Success rate (<0.01):1.000000, Success rate (<0.001):1.000000
X=[0.8,1.0], PQ=[-2.0,-1.8]: count:10, ill:0, avg_iter:19.30, Ang_MAX:1.415387e-03, Vol_MAX:1.925230e-05, Ang_mean±std:4.870720e-04±3.947918e-04, Vol_mean±std:1.049638e-05±4.048332e-06, P_MAX:4.811e-04, Q_MAX:2.284e-04, P_mean±std:2.202717e-04±9.578630e-05, Q_mean±std:1.662547e-04±3.316324e-05, P_RMSE:7.258e-05, Q_RMSE:5.717e-05, Success rate (<0.1):1.000000, Success rate (<0.01):1.000000, Success rate (<0.001):1.000000
X=[0.8,1.0], PQ=[-1.8,-1.6]: count:10, ill:0, avg_iter:18.70, Ang_MAX:9.798855e-04, Vol_MAX:2.467632e-05, Ang_mean±std:4.027396e-04±2.539927e-04, Vol_mean±std:1.044869e-05±5.200795e-06, P_MAX:3.557e-04, Q_MAX:2.875e-04, P_mean±std:1.852229e-04±6.290948e-05, Q_mean±std:1.598296e-04±5.297762e-05, P_RMSE:6.143e-05, Q_RMSE:5.305e-05, Success rate (<0.1):1.000000, Success rate (<0.01):1.000000, Success rate (<0.001):1.000000
X=[0.8,1.0], PQ=[-1.6,-1.4]: count:10, ill:0, avg_iter:18.40, Ang_MAX:1.419812e-03, Vol_MAX:2.759695e-05, Ang_mean±std:5.550012e-04±3.883358e-04, Vol_mean±std:1.134872e-05±6.775986e-06, P_MAX:4.938e-04, Q_MAX:3.073e-04, P_mean±std:2.294509e-04±1.123819e-04, Q_mean±std:1.645877e-04±5.725054e-05, P_RMSE:7.671e-05, Q_RMSE:5.367e-05, Success rate (<0.1):1.000000, Success rate (<0.01):1.000000, Success rate (<0.001):1.000000
X=[0.8,1.0], PQ=[-1.4,-1.2]: count:10, ill:0, avg_iter:19.10, Ang_MAX:1.216777e-03, Vol_MAX:3.415346e-05, Ang_mean±std:4.935503e-04±3.394059e-04, Vol_mean±std:1.122355e-05±7.939600e-06, P_MAX:4.231e-04, Q_MAX:1.787e-04, P_mean±std:2.113044e-04±9.845088e-05, Q_mean±std:1.373623e-04±2.106165e-05, P_RMSE:6.589e-05, Q_RMSE:4.913e-05, Success rate (<0.1):1.000000, Success rate (<0.01):1.000000, Success rate (<0.001):1.000000
X=[0.8,1.0], PQ=[-1.2,-1.0]: count:10, ill:0, avg_iter:19.40, Ang_MAX:1.555771e-03, Vol_MAX:2.253056e-05, Ang_mean±std:7.175535e-04±4.926533e-04, Vol_mean±std:1.215339e-05±6.708288e-06, P_MAX:5.465e-04, Q_MAX:1.692e-04, P_mean±std:2.627305e-04±1.460642e-04, Q_mean±std:1.254317e-04±2.586558e-05, P_RMSE:8.941e-05, Q_RMSE:4.529e-05, Success rate (<0.1):1.000000, Success rate (<0.01):1.000000, Success rate (<0.001):1.000000
X=[0.8,1.0], PQ=[-1.0,-0.8]: count:10, ill:0, avg_iter:19.20, Ang_MAX:1.467526e-03, Vol_MAX:2.527237e-05, Ang_mean±std:6.168216e-04±4.562285e-04, Vol_mean±std:1.206994e-05±6.233019e-06, P_MAX:5.284e-04, Q_MAX:2.537e-04, P_mean±std:2.425493e-04±1.304877e-04, Q_mean±std:1.348353e-04±4.410407e-05, P_RMSE:7.946e-05, Q_RMSE:4.534e-05, Success rate (<0.1):1.000000, Success rate (<0.01):1.000000, Success rate (<0.001):1.000000
X=[0.8,1.0], PQ=[-0.8,-0.6]: count:10, ill:0, avg_iter:19.10, Ang_MAX:1.077950e-03, Vol_MAX:1.674891e-05, Ang_mean±std:4.310861e-04±3.299124e-04, Vol_mean±std:9.888411e-06±3.793165e-06, P_MAX:3.814e-04, Q_MAX:1.951e-04, P_mean±std:1.947541e-04±9.788468e-05, Q_mean±std:1.308301e-04±2.995159e-05, P_RMSE:5.875e-05, Q_RMSE:4.131e-05, Success rate (<0.1):1.000000, Success rate (<0.01):1.000000, Success rate (<0.001):1.000000
X=[0.8,1.0], PQ=[-0.6,-0.4]: count:10, ill:0, avg_iter:18.80, Ang_MAX:7.568300e-04, Vol_MAX:1.764297e-05, Ang_mean±std:2.912179e-04±2.253064e-04, Vol_mean±std:8.803606e-06±3.695493e-06, P_MAX:2.480e-04, Q_MAX:1.357e-04, P_mean±std:1.462709e-04±5.859425e-05, Q_mean±std:1.116210e-04±1.499557e-05, P_RMSE:4.454e-05, Q_RMSE:3.863e-05, Success rate (<0.1):1.000000, Success rate (<0.01):1.000000, Success rate (<0.001):1.000000
X=[0.8,1.0], PQ=[-0.4,-0.2]: count:10, ill:0, avg_iter:19.40, Ang_MAX:9.145886e-04, Vol_MAX:1.430511e-05, Ang_mean±std:4.106462e-04±2.624943e-04, Vol_mean±std:7.855892e-06±2.383560e-06, P_MAX:2.760e-04, Q_MAX:1.786e-04, P_mean±std:1.802580e-04±6.819820e-05, Q_mean±std:1.207570e-04±2.869886e-05, P_RMSE:5.486e-05, Q_RMSE:3.945e-05, Success rate (<0.1):1.000000, Success rate (<0.01):1.000000, Success rate (<0.001):1.000000
X=[0.8,1.0], PQ=[-0.2,0.0]: count:10, ill:0, avg_iter:18.60, Ang_MAX:9.968728e-04, Vol_MAX:1.537800e-05, Ang_mean±std:3.590956e-04±2.480234e-04, Vol_mean±std:7.790327e-06±3.374807e-06, P_MAX:3.670e-04, Q_MAX:1.601e-04, P_mean±std:1.696380e-04±7.318613e-05, Q_mean±std:1.109163e-04±2.419007e-05, P_RMSE:4.789e-05, Q_RMSE:3.690e-05, Success rate (<0.1):1.000000, Success rate (<0.01):1.000000, Success rate (<0.001):1.000000
X=[0.8,1.0], PQ=[0.0,0.2]: count:10, ill:0, avg_iter:19.30, Ang_MAX:1.468152e-03, Vol_MAX:2.241135e-05, Ang_mean±std:6.077498e-04±4.218441e-04, Vol_mean±std:1.078248e-05±5.715675e-06, P_MAX:4.709e-04, Q_MAX:2.382e-04, P_mean±std:2.365740e-04±1.254976e-04, Q_mean±std:1.316153e-04±3.985652e-05, P_RMSE:7.359e-05, Q_RMSE:4.308e-05, Success rate (<0.1):1.000000, Success rate (<0.01):1.000000, Success rate (<0.001):1.000000
X=[0.8,1.0], PQ=[0.2,0.4]: count:10, ill:0, avg_iter:19.40, Ang_MAX:1.944348e-03, Vol_MAX:3.099442e-05, Ang_mean±std:6.179705e-04±5.192516e-04, Vol_mean±std:1.155734e-05±7.734306e-06, P_MAX:6.424e-04, Q_MAX:1.688e-04, P_mean±std:2.483780e-04±1.519245e-04, Q_mean±std:1.312693e-04±2.490903e-05, P_RMSE:7.700e-05, Q_RMSE:4.327e-05, Success rate (<0.1):1.000000, Success rate (<0.01):1.000000, Success rate (<0.001):1.000000
X=[0.8,1.0], PQ=[0.4,0.6]: count:10, ill:0, avg_iter:19.90, Ang_MAX:1.493305e-03, Vol_MAX:2.485514e-05, Ang_mean±std:5.502641e-04±4.119548e-04, Vol_mean±std:1.156926e-05±6.036715e-06, P_MAX:4.587e-04, Q_MAX:1.452e-04, P_mean±std:2.011839e-04±1.115194e-04, Q_mean±std:1.108796e-04±1.649672e-05, P_RMSE:6.750e-05, Q_RMSE:3.844e-05, Success rate (<0.1):1.000000, Success rate (<0.01):1.000000, Success rate (<0.001):1.000000
X=[0.8,1.0], PQ=[0.6,0.8]: count:10, ill:0, avg_iter:19.00, Ang_MAX:7.881373e-04, Vol_MAX:1.186132e-05, Ang_mean±std:3.315821e-04±2.443728e-04, Vol_mean±std:7.528067e-06±2.127986e-06, P_MAX:2.945e-04, Q_MAX:1.984e-04, P_mean±std:1.644029e-04±7.077840e-05, Q_mean±std:1.356354e-04±3.035860e-05, P_RMSE:4.908e-05, Q_RMSE:4.341e-05, Success rate (<0.1):1.000000, Success rate (<0.01):1.000000, Success rate (<0.001):1.000000
X=[0.8,1.0], PQ=[0.8,1.0]: count:10, ill:0, avg_iter:19.60, Ang_MAX:1.070365e-03, Vol_MAX:2.098083e-05, Ang_mean±std:5.857065e-04±2.713917e-04, Vol_mean±std:1.151562e-05±4.562057e-06, P_MAX:3.914e-04, Q_MAX:1.813e-04, P_mean±std:2.302330e-04±7.899508e-05, Q_mean±std:1.397574e-04±2.731774e-05, P_RMSE:7.343e-05, Q_RMSE:4.531e-05, Success rate (<0.1):1.000000, Success rate (<0.01):1.000000, Success rate (<0.001):1.000000
X=[0.8,1.0], PQ=[1.0,1.2]: count:10, ill:0, avg_iter:20.00, Ang_MAX:9.522289e-04, Vol_MAX:1.740456e-05, Ang_mean±std:4.822537e-04±2.450913e-04, Vol_mean±std:9.626150e-06±3.397595e-06, P_MAX:3.577e-04, Q_MAX:1.621e-04, P_mean±std:2.078503e-04±7.641198e-05, Q_mean±std:1.253513e-04±2.224172e-05, P_RMSE:6.378e-05, Q_RMSE:4.485e-05, Success rate (<0.1):1.000000, Success rate (<0.01):1.000000, Success rate (<0.001):1.000000
X=[0.8,1.0], PQ=[1.2,1.4]: count:10, ill:0, avg_iter:19.30, Ang_MAX:9.700805e-04, Vol_MAX:1.698732e-05, Ang_mean±std:4.998893e-04±2.992072e-04, Vol_mean±std:9.876490e-06±3.285838e-06, P_MAX:3.672e-04, Q_MAX:2.055e-04, P_mean±std:2.058208e-04±9.705830e-05, Q_mean±std:1.287170e-04±2.809022e-05, P_RMSE:6.660e-05, Q_RMSE:4.725e-05, Success rate (<0.1):1.000000, Success rate (<0.01):1.000000, Success rate (<0.001):1.000000
X=[0.8,1.0], PQ=[1.4,1.6]: count:10, ill:0, avg_iter:19.50, Ang_MAX:1.050651e-03, Vol_MAX:1.978874e-05, Ang_mean±std:5.670540e-04±3.520223e-04, Vol_mean±std:1.174808e-05±4.954537e-06, P_MAX:3.679e-04, Q_MAX:1.869e-04, P_mean±std:2.261081e-04±8.498442e-05, Q_mean±std:1.464194e-04±2.811050e-05, P_RMSE:7.489e-05, Q_RMSE:5.025e-05, Success rate (<0.1):1.000000, Success rate (<0.01):1.000000, Success rate (<0.001):1.000000
X=[0.8,1.0], PQ=[1.6,1.8]: count:10, ill:0, avg_iter:17.60, Ang_MAX:7.913113e-04, Vol_MAX:1.597404e-05, Ang_mean±std:3.383525e-04±1.968372e-04, Vol_mean±std:8.475780e-06±2.706051e-06, P_MAX:3.097e-04, Q_MAX:2.529e-04, P_mean±std:1.816532e-04±5.419189e-05, Q_mean±std:1.575720e-04±4.025490e-05, P_RMSE:5.740e-05, Q_RMSE:5.279e-05, Success rate (<0.1):1.000000, Success rate (<0.01):1.000000, Success rate (<0.001):1.000000
X=[0.8,1.0], PQ=[1.8,2.0]: count:10, ill:0, avg_iter:18.40, Ang_MAX:1.176775e-03, Vol_MAX:2.443790e-05, Ang_mean±std:4.856028e-04±3.586456e-04, Vol_mean±std:1.129508e-05±5.932639e-06, P_MAX:3.748e-04, Q_MAX:2.377e-04, P_mean±std:2.290040e-04±8.555657e-05, Q_mean±std:1.658617e-04±4.000855e-05, P_RMSE:7.541e-05, Q_RMSE:5.452e-05, Success rate (<0.1):1.000000, Success rate (<0.01):1.000000, Success rate (<0.001):1.000000
X=[1.0,1.2], PQ=[-2.0,-1.8]: count:10, ill:0, avg_iter:18.10, Ang_MAX:6.947964e-04, Vol_MAX:2.616644e-05, Ang_mean±std:3.346011e-04±2.134053e-04, Vol_mean±std:1.130104e-05±5.883507e-06, P_MAX:2.923e-04, Q_MAX:3.662e-04, P_mean±std:2.039070e-04±4.529907e-05, Q_mean±std:1.804099e-04±6.523947e-05, P_RMSE:6.136e-05, Q_RMSE:5.579e-05, Success rate (<0.1):1.000000, Success rate (<0.01):1.000000, Success rate (<0.001):1.000000
X=[1.0,1.2], PQ=[-1.8,-1.6]: count:10, ill:0, avg_iter:18.80, Ang_MAX:9.925663e-04, Vol_MAX:1.841784e-05, Ang_mean±std:5.241737e-04±2.815469e-04, Vol_mean±std:1.091361e-05±3.811012e-06, P_MAX:3.493e-04, Q_MAX:2.136e-04, P_mean±std:2.313106e-04±6.730088e-05, Q_mean±std:1.598341e-04±3.067651e-05, P_RMSE:7.604e-05, Q_RMSE:5.504e-05, Success rate (<0.1):1.000000, Success rate (<0.01):1.000000, Success rate (<0.001):1.000000
X=[1.0,1.2], PQ=[-1.6,-1.4]: count:10, ill:0, avg_iter:18.70, Ang_MAX:1.261830e-03, Vol_MAX:2.241135e-05, Ang_mean±std:5.276956e-04±4.300968e-04, Vol_mean±std:1.269579e-05±5.664825e-06, P_MAX:4.680e-04, Q_MAX:1.883e-04, P_mean±std:2.439181e-04±1.079489e-04, Q_mean±std:1.431023e-04±2.349827e-05, P_RMSE:7.741e-05, Q_RMSE:5.124e-05, Success rate (<0.1):1.000000, Success rate (<0.01):1.000000, Success rate (<0.001):1.000000
X=[1.0,1.2], PQ=[-1.4,-1.2]: count:10, ill:0, avg_iter:18.60, Ang_MAX:1.517862e-03, Vol_MAX:3.033876e-05, Ang_mean±std:6.076530e-04±4.533152e-04, Vol_mean±std:1.358390e-05±7.292620e-06, P_MAX:5.348e-04, Q_MAX:2.422e-04, P_mean±std:2.465901e-04±1.445615e-04, Q_mean±std:1.599865e-04±4.821487e-05, P_RMSE:8.183e-05, Q_RMSE:5.267e-05, Success rate (<0.1):1.000000, Success rate (<0.01):1.000000, Success rate (<0.001):1.000000
X=[1.0,1.2], PQ=[-1.2,-1.0]: count:10, ill:0, avg_iter:19.80, Ang_MAX:1.904190e-03, Vol_MAX:3.236532e-05, Ang_mean±std:7.096313e-04±5.851742e-04, Vol_mean±std:1.320839e-05±8.156181e-06, P_MAX:5.952e-04, Q_MAX:2.913e-04, P_mean±std:2.887109e-04±1.599146e-04, Q_mean±std:1.668849e-04±4.629330e-05, P_RMSE:8.945e-05, Q_RMSE:4.932e-05, Success rate (<0.1):1.000000, Success rate (<0.01):1.000000, Success rate (<0.001):1.000000
X=[1.0,1.2], PQ=[-1.0,-0.8]: count:10, ill:0, avg_iter:18.70, Ang_MAX:2.110600e-03, Vol_MAX:3.534555e-05, Ang_mean±std:8.660778e-04±5.608326e-04, Vol_mean±std:1.519918e-05±8.962485e-06, P_MAX:6.768e-04, Q_MAX:2.213e-04, P_mean±std:3.275279e-04±1.600365e-04, Q_mean±std:1.550114e-04±3.262067e-05, P_RMSE:1.032e-04, Q_RMSE:5.189e-05, Success rate (<0.1):1.000000, Success rate (<0.01):1.000000, Success rate (<0.001):1.000000
X=[1.0,1.2], PQ=[-0.8,-0.6]: count:10, ill:0, avg_iter:20.00, Ang_MAX:1.657739e-03, Vol_MAX:2.419949e-05, Ang_mean±std:6.999701e-04±3.791249e-04, Vol_mean±std:1.170039e-05±4.975689e-06, P_MAX:5.366e-04, Q_MAX:3.356e-04, P_mean±std:2.664481e-04±1.095441e-04, Q_mean±std:1.595262e-04±6.871658e-05, P_RMSE:8.516e-05, Q_RMSE:4.869e-05, Success rate (<0.1):1.000000, Success rate (<0.01):1.000000, Success rate (<0.001):1.000000
X=[1.0,1.2], PQ=[-0.6,-0.4]: count:10, ill:0, avg_iter:19.20, Ang_MAX:1.761869e-03, Vol_MAX:2.747774e-05, Ang_mean±std:6.275296e-04±4.083000e-04, Vol_mean±std:1.283288e-05±5.971901e-06, P_MAX:5.640e-04, Q_MAX:2.594e-04, P_mean±std:2.355203e-04±1.200338e-04, Q_mean±std:1.396584e-04±4.618643e-05, P_RMSE:7.810e-05, Q_RMSE:4.343e-05, Success rate (<0.1):1.000000, Success rate (<0.01):1.000000, Success rate (<0.001):1.000000
X=[1.0,1.2], PQ=[-0.4,-0.2]: count:10, ill:0, avg_iter:19.70, Ang_MAX:1.912221e-03, Vol_MAX:2.759695e-05, Ang_mean±std:7.415473e-04±6.048892e-04, Vol_mean±std:1.372099e-05±7.897820e-06, P_MAX:6.564e-04, Q_MAX:1.907e-04, P_mean±std:2.811592e-04±1.741223e-04, Q_mean±std:1.378991e-04±3.935069e-05, P_RMSE:9.008e-05, Q_RMSE:4.525e-05, Success rate (<0.1):1.000000, Success rate (<0.01):1.000000, Success rate (<0.001):1.000000
X=[1.0,1.2], PQ=[-0.2,0.0]: count:10, ill:0, avg_iter:18.90, Ang_MAX:1.147151e-03, Vol_MAX:2.068281e-05, Ang_mean±std:6.286904e-04±3.450303e-04, Vol_mean±std:1.109242e-05±4.988838e-06, P_MAX:3.935e-04, Q_MAX:3.853e-04, P_mean±std:2.524808e-04±9.176283e-05, Q_mean±std:1.908777e-04±9.913098e-05, P_RMSE:7.812e-05, Q_RMSE:4.851e-05, Success rate (<0.1):1.000000, Success rate (<0.01):1.000000, Success rate (<0.001):1.000000
X=[1.0,1.2], PQ=[0.0,0.2]: count:10, ill:0, avg_iter:19.90, Ang_MAX:1.232669e-03, Vol_MAX:1.746416e-05, Ang_mean±std:6.808937e-04±2.752127e-04, Vol_mean±std:1.035929e-05±3.848153e-06, P_MAX:4.431e-04, Q_MAX:1.912e-04, P_mean±std:2.758160e-04±7.398759e-05, Q_mean±std:1.442972e-04±2.786852e-05, P_RMSE:8.104e-05, Q_RMSE:4.730e-05, Success rate (<0.1):1.000000, Success rate (<0.01):1.000000, Success rate (<0.001):1.000000
X=[1.0,1.2], PQ=[0.2,0.4]: count:10, ill:0, avg_iter:18.70, Ang_MAX:1.414984e-03, Vol_MAX:2.211332e-05, Ang_mean±std:5.275667e-04±4.207601e-04, Vol_mean±std:1.049638e-05±5.192413e-06, P_MAX:4.543e-04, Q_MAX:2.222e-04, P_mean±std:2.190393e-04±1.178433e-04, Q_mean±std:1.296801e-04±3.921952e-05, P_RMSE:6.906e-05, Q_RMSE:4.376e-05, Success rate (<0.1):1.000000, Success rate (<0.01):1.000000, Success rate (<0.001):1.000000
X=[1.0,1.2], PQ=[0.4,0.6]: count:10, ill:0, avg_iter:19.70, Ang_MAX:1.157850e-03, Vol_MAX:2.187490e-05, Ang_mean±std:6.453216e-04±2.953602e-04, Vol_mean±std:1.324415e-05±4.783680e-06, P_MAX:3.577e-04, Q_MAX:3.433e-04, P_mean±std:2.308765e-04±7.758007e-05, Q_mean±std:1.603148e-04±7.203189e-05, P_RMSE:7.824e-05, Q_RMSE:4.455e-05, Success rate (<0.1):1.000000, Success rate (<0.01):1.000000, Success rate (<0.001):1.000000
X=[1.0,1.2], PQ=[0.6,0.8]: count:10, ill:0, avg_iter:18.30, Ang_MAX:1.189724e-03, Vol_MAX:1.657009e-05, Ang_mean±std:4.950896e-04±3.717767e-04, Vol_mean±std:9.250641e-06±3.507347e-06, P_MAX:3.968e-04, Q_MAX:2.217e-04, P_mean±std:2.253391e-04±9.679293e-05, Q_mean±std:1.385295e-04±3.436432e-05, P_RMSE:6.851e-05, Q_RMSE:4.744e-05, Success rate (<0.1):1.000000, Success rate (<0.01):1.000000, Success rate (<0.001):1.000000
X=[1.0,1.2], PQ=[0.8,1.0]: count:10, ill:0, avg_iter:19.70, Ang_MAX:1.686417e-03, Vol_MAX:3.129244e-05, Ang_mean±std:5.798228e-04±4.046740e-04, Vol_mean±std:1.087189e-05±7.197527e-06, P_MAX:5.324e-04, Q_MAX:2.208e-04, P_mean±std:2.226949e-04±1.152866e-04, Q_mean±std:1.543934e-04±4.138126e-05, P_RMSE:7.333e-05, Q_RMSE:4.906e-05, Success rate (<0.1):1.000000, Success rate (<0.01):1.000000, Success rate (<0.001):1.000000
X=[1.0,1.2], PQ=[1.0,1.2]: count:10, ill:0, avg_iter:19.50, Ang_MAX:1.863360e-03, Vol_MAX:2.914667e-05, Ang_mean±std:6.944716e-04±5.226998e-04, Vol_mean±std:1.183152e-05±6.786258e-06, P_MAX:5.760e-04, Q_MAX:2.005e-04, P_mean±std:2.955884e-04±1.450933e-04, Q_mean±std:1.485864e-04±3.306102e-05, P_RMSE:8.901e-05, Q_RMSE:5.175e-05, Success rate (<0.1):1.000000, Success rate (<0.01):1.000000, Success rate (<0.001):1.000000
X=[1.0,1.2], PQ=[1.2,1.4]: count:10, ill:0, avg_iter:19.20, Ang_MAX:2.077684e-03, Vol_MAX:3.033876e-05, Ang_mean±std:6.051287e-04±5.443237e-04, Vol_mean±std:1.159906e-05±6.868628e-06, P_MAX:7.099e-04, Q_MAX:2.517e-04, P_mean±std:2.578735e-04±1.569901e-04, Q_mean±std:1.527717e-04±4.749619e-05, P_RMSE:8.212e-05, Q_RMSE:5.053e-05, Success rate (<0.1):1.000000, Success rate (<0.01):1.000000, Success rate (<0.001):1.000000
X=[1.0,1.2], PQ=[1.4,1.6]: count:10, ill:0, avg_iter:18.90, Ang_MAX:1.458719e-03, Vol_MAX:2.586842e-05, Ang_mean±std:4.960164e-04±3.484634e-04, Vol_mean±std:1.089573e-05±5.366325e-06, P_MAX:5.183e-04, Q_MAX:2.646e-04, P_mean±std:2.311852e-04±1.226675e-04, Q_mean±std:1.756922e-04±4.429805e-05, P_RMSE:7.150e-05, Q_RMSE:5.559e-05, Success rate (<0.1):1.000000, Success rate (<0.01):1.000000, Success rate (<0.001):1.000000
X=[1.0,1.2], PQ=[1.6,1.8]: count:10, ill:0, avg_iter:18.60, Ang_MAX:1.411885e-03, Vol_MAX:2.813339e-05, Ang_mean±std:7.096604e-04±4.578827e-04, Vol_mean±std:1.397133e-05±6.603011e-06, P_MAX:4.893e-04, Q_MAX:2.730e-04, P_mean±std:2.821351e-04±1.090139e-04, Q_mean±std:1.840138e-04±5.485099e-05, P_RMSE:9.551e-05, Q_RMSE:5.718e-05, Success rate (<0.1):1.000000, Success rate (<0.01):1.000000, Success rate (<0.001):1.000000
X=[1.0,1.2], PQ=[1.8,2.0]: count:10, ill:0, avg_iter:20.00, Ang_MAX:1.223385e-03, Vol_MAX:2.485514e-05, Ang_mean±std:7.665716e-04±3.186292e-04, Vol_mean±std:1.602769e-05±5.896972e-06, P_MAX:3.769e-04, Q_MAX:2.108e-04, P_mean±std:2.785058e-04±8.483062e-05, Q_mean±std:1.698804e-04±3.316916e-05, P_RMSE:9.580e-05, Q_RMSE:5.751e-05, Success rate (<0.1):1.000000, Success rate (<0.01):1.000000, Success rate (<0.001):1.000000
X=[1.2,1.4], PQ=[-2.0,-1.8]: count:10, ill:0, avg_iter:19.10, Ang_MAX:1.465946e-03, Vol_MAX:2.062321e-05, Ang_mean±std:6.778792e-04±4.173403e-04, Vol_mean±std:1.291037e-05±4.221271e-06, P_MAX:4.913e-04, Q_MAX:5.073e-04, P_mean±std:2.742197e-04±1.127491e-04, Q_mean±std:2.388361e-04±1.084767e-04, P_RMSE:9.248e-05, Q_RMSE:6.743e-05, Success rate (<0.1):1.000000, Success rate (<0.01):1.000000, Success rate (<0.001):1.000000
X=[1.2,1.4], PQ=[-1.8,-1.6]: count:10, ill:0, avg_iter:19.50, Ang_MAX:1.470119e-03, Vol_MAX:2.336502e-05, Ang_mean±std:7.966701e-04±4.255103e-04, Vol_mean±std:1.473427e-05±5.930156e-06, P_MAX:5.193e-04, Q_MAX:3.226e-04, P_mean±std:3.162321e-04±1.109427e-04, Q_mean±std:2.011700e-04±5.885812e-05, P_RMSE:1.044e-04, Q_RMSE:6.491e-05, Success rate (<0.1):1.000000, Success rate (<0.01):1.000000, Success rate (<0.001):1.000000
X=[1.2,1.4], PQ=[-1.6,-1.4]: count:10, ill:0, avg_iter:18.30, Ang_MAX:1.898736e-03, Vol_MAX:3.731251e-05, Ang_mean±std:8.161709e-04±5.045180e-04, Vol_mean±std:1.513362e-05±8.170814e-06, P_MAX:5.771e-04, Q_MAX:5.835e-04, P_mean±std:2.935603e-04±1.406691e-04, Q_mean±std:2.310071e-04±1.255818e-04, P_RMSE:1.037e-04, Q_RMSE:6.231e-05, Success rate (<0.1):1.000000, Success rate (<0.01):1.000000, Success rate (<0.001):1.000000
X=[1.2,1.4], PQ=[-1.4,-1.2]: count:10, ill:0, avg_iter:18.40, Ang_MAX:2.372563e-03, Vol_MAX:3.647804e-05, Ang_mean±std:7.751510e-04±6.140338e-04, Vol_mean±std:1.538396e-05±9.952528e-06, P_MAX:7.596e-04, Q_MAX:4.425e-04, P_mean±std:2.946452e-04±1.784207e-04, Q_mean±std:1.996274e-04±9.151599e-05, P_RMSE:9.875e-05, Q_RMSE:5.751e-05, Success rate (<0.1):1.000000, Success rate (<0.01):1.000000, Success rate (<0.001):1.000000
X=[1.2,1.4], PQ=[-1.2,-1.0]: count:10, ill:0, avg_iter:19.70, Ang_MAX:1.296774e-03, Vol_MAX:2.402067e-05, Ang_mean±std:7.212356e-04±4.263238e-04, Vol_mean±std:1.549721e-05±5.586326e-06, P_MAX:4.516e-04, Q_MAX:2.404e-04, P_mean±std:2.707971e-04±1.230657e-04, Q_mean±std:1.736809e-04±3.898726e-05, P_RMSE:9.016e-05, Q_RMSE:5.294e-05, Success rate (<0.1):1.000000, Success rate (<0.01):1.000000, Success rate (<0.001):1.000000
X=[1.2,1.4], PQ=[-1.0,-0.8]: count:10, ill:0, avg_iter:19.30, Ang_MAX:3.034979e-03, Vol_MAX:6.133318e-05, Ang_mean±std:1.421772e-03±7.892971e-04, Vol_mean±std:2.483726e-05±1.441649e-05, P_MAX:9.576e-04, Q_MAX:2.575e-04, P_mean±std:4.803189e-04±2.467031e-04, Q_mean±std:1.895857e-04±4.549704e-05, P_RMSE:1.630e-04, Q_RMSE:5.831e-05, Success rate (<0.1):1.000000, Success rate (<0.01):1.000000, Success rate (<0.001):1.000000
X=[1.2,1.4], PQ=[-0.8,-0.6]: count:10, ill:0, avg_iter:17.80, Ang_MAX:1.126766e-03, Vol_MAX:1.811981e-05, Ang_mean±std:5.539134e-04±3.832257e-04, Vol_mean±std:1.152158e-05±4.804449e-06, P_MAX:3.734e-04, Q_MAX:2.604e-04, P_mean±std:2.309620e-04±1.032800e-04, Q_mean±std:1.795208e-04±4.062629e-05, P_RMSE:7.498e-05, Q_RMSE:4.965e-05, Success rate (<0.1):1.000000, Success rate (<0.01):1.000000, Success rate (<0.001):1.000000
X=[1.2,1.4], PQ=[-0.6,-0.4]: count:10, ill:0, avg_iter:19.40, Ang_MAX:1.999512e-03, Vol_MAX:3.266335e-05, Ang_mean±std:7.416174e-04±6.366917e-04, Vol_mean±std:1.532435e-05±9.563953e-06, P_MAX:6.342e-04, Q_MAX:2.129e-04, P_mean±std:2.924165e-04±1.717231e-04, Q_mean±std:1.522349e-04±3.969163e-05, P_RMSE:9.222e-05, Q_RMSE:4.677e-05, Success rate (<0.1):1.000000, Success rate (<0.01):1.000000, Success rate (<0.001):1.000000
X=[1.2,1.4], PQ=[-0.4,-0.2]: count:10, ill:0, avg_iter:19.90, Ang_MAX:2.218857e-03, Vol_MAX:3.898144e-05, Ang_mean±std:8.774325e-04±6.099367e-04, Vol_mean±std:1.739264e-05±8.715243e-06, P_MAX:6.885e-04, Q_MAX:2.749e-04, P_mean±std:3.224384e-04±1.661956e-04, Q_mean±std:1.788139e-04±5.895715e-05, P_RMSE:1.049e-04, Q_RMSE:5.079e-05, Success rate (<0.1):1.000000, Success rate (<0.01):1.000000, Success rate (<0.001):1.000000
X=[1.2,1.4], PQ=[-0.2,0.0]: count:10, ill:0, avg_iter:17.20, Ang_MAX:1.118362e-03, Vol_MAX:2.568960e-05, Ang_mean±std:4.663303e-04±2.855793e-04, Vol_mean±std:1.101494e-05±6.342326e-06, P_MAX:4.059e-04, Q_MAX:5.150e-04, P_mean±std:2.117443e-04±8.094260e-05, Q_mean±std:1.950324e-04±1.098542e-04, P_RMSE:6.299e-05, Q_RMSE:5.021e-05, Success rate (<0.1):1.000000, Success rate (<0.01):1.000000, Success rate (<0.001):1.000000
X=[1.2,1.4], PQ=[0.0,0.2]: count:10, ill:0, avg_iter:19.80, Ang_MAX:2.502635e-03, Vol_MAX:3.719330e-05, Ang_mean±std:1.017462e-03±7.078295e-04, Vol_mean±std:1.700521e-05±1.095342e-05, P_MAX:7.863e-04, Q_MAX:2.364e-04, P_mean±std:3.581077e-04±1.954024e-04, Q_mean±std:1.534559e-04±4.024666e-05, P_RMSE:1.181e-04, Q_RMSE:4.988e-05, Success rate (<0.1):1.000000, Success rate (<0.01):1.000000, Success rate (<0.001):1.000000
X=[1.2,1.4], PQ=[0.2,0.4]: count:10, ill:0, avg_iter:19.50, Ang_MAX:2.027735e-03, Vol_MAX:3.492832e-05, Ang_mean±std:9.550005e-04±5.496072e-04, Vol_mean±std:1.763105e-05±8.946727e-06, P_MAX:6.109e-04, Q_MAX:3.052e-04, P_mean±std:3.461724e-04±1.680130e-04, Q_mean±std:1.655439e-04±5.483517e-05, P_RMSE:1.126e-04, Q_RMSE:5.263e-05, Success rate (<0.1):1.000000, Success rate (<0.01):1.000000, Success rate (<0.001):1.000000
X=[1.2,1.4], PQ=[0.4,0.6]: count:10, ill:0, avg_iter:18.70, Ang_MAX:1.559675e-03, Vol_MAX:2.360344e-05, Ang_mean±std:7.717386e-04±5.059665e-04, Vol_mean±std:1.492500e-05±5.569651e-06, P_MAX:5.265e-04, Q_MAX:3.970e-04, P_mean±std:2.943199e-04±1.381921e-04, Q_mean±std:1.845684e-04±8.199753e-05, P_RMSE:9.613e-05, Q_RMSE:5.389e-05, Success rate (<0.1):1.000000, Success rate (<0.01):1.000000, Success rate (<0.001):1.000000
X=[1.2,1.4], PQ=[0.6,0.8]: count:10, ill:0, avg_iter:19.90, Ang_MAX:2.136707e-03, Vol_MAX:3.349781e-05, Ang_mean±std:8.185066e-04±6.094546e-04, Vol_mean±std:1.757741e-05±9.407284e-06, P_MAX:6.315e-04, Q_MAX:2.100e-04, P_mean±std:3.004582e-04±1.418845e-04, Q_mean±std:1.615184e-04±3.985799e-05, P_RMSE:9.874e-05, Q_RMSE:4.804e-05, Success rate (<0.1):1.000000, Success rate (<0.01):1.000000, Success rate (<0.001):1.000000
X=[1.2,1.4], PQ=[0.8,1.0]: count:10, ill:0, avg_iter:19.80, Ang_MAX:2.036288e-03, Vol_MAX:4.118681e-05, Ang_mean±std:9.192102e-04±6.294839e-04, Vol_mean±std:1.897812e-05±9.292217e-06, P_MAX:6.962e-04, Q_MAX:2.799e-04, P_mean±std:3.453454e-04±1.884254e-04, Q_mean±std:1.524321e-04±5.741077e-05, P_RMSE:1.122e-04, Q_RMSE:5.197e-05, Success rate (<0.1):1.000000, Success rate (<0.01):1.000000, Success rate (<0.001):1.000000
X=[1.2,1.4], PQ=[1.0,1.2]: count:10, ill:0, avg_iter:17.70, Ang_MAX:1.257807e-03, Vol_MAX:2.104044e-05, Ang_mean±std:6.227612e-04±3.673090e-04, Vol_mean±std:1.296997e-05±5.302080e-06, P_MAX:4.066e-04, Q_MAX:1.993e-04, P_mean±std:2.330874e-04±9.883373e-05, Q_mean±std:1.389600e-04±2.586473e-05, P_RMSE:8.150e-05, Q_RMSE:4.729e-05, Success rate (<0.1):1.000000, Success rate (<0.01):1.000000, Success rate (<0.001):1.000000
X=[1.2,1.4], PQ=[1.2,1.4]: count:10, ill:0, avg_iter:19.50, Ang_MAX:1.533717e-03, Vol_MAX:2.574921e-05, Ang_mean±std:7.235587e-04±5.339419e-04, Vol_mean±std:1.301169e-05±6.894124e-06, P_MAX:4.947e-04, Q_MAX:1.779e-04, P_mean±std:2.986039e-04±1.277612e-04, Q_mean±std:1.586680e-04±1.528892e-05, P_RMSE:9.528e-05, Q_RMSE:5.557e-05, Success rate (<0.1):1.000000, Success rate (<0.01):1.000000, Success rate (<0.001):1.000000
X=[1.2,1.4], PQ=[1.4,1.6]: count:10, ill:0, avg_iter:17.90, Ang_MAX:1.355082e-03, Vol_MAX:2.270937e-05, Ang_mean±std:7.828832e-04±3.856304e-04, Vol_mean±std:1.503825e-05±5.271966e-06, P_MAX:4.784e-04, Q_MAX:2.756e-04, P_mean±std:3.020727e-04±1.115303e-04, Q_mean±std:2.019241e-04±4.644235e-05, P_RMSE:1.017e-04, Q_RMSE:5.878e-05, Success rate (<0.1):1.000000, Success rate (<0.01):1.000000, Success rate (<0.001):1.000000
X=[1.2,1.4], PQ=[1.6,1.8]: count:10, ill:0, avg_iter:19.40, Ang_MAX:1.198068e-03, Vol_MAX:2.413988e-05, Ang_mean±std:5.952284e-04±3.564634e-04, Vol_mean±std:1.532435e-05±6.332833e-06, P_MAX:3.774e-04, Q_MAX:3.207e-04, P_mean±std:2.541219e-04±8.105403e-05, Q_mean±std:1.911568e-04±5.376634e-05, P_RMSE:8.174e-05, Q_RMSE:5.838e-05, Success rate (<0.1):1.000000, Success rate (<0.01):1.000000, Success rate (<0.001):1.000000
X=[1.2,1.4], PQ=[1.8,2.0]: count:10, ill:0, avg_iter:19.50, Ang_MAX:2.197631e-03, Vol_MAX:4.822016e-05, Ang_mean±std:8.690499e-04±6.563793e-04, Vol_mean±std:1.772046e-05±1.201663e-05, P_MAX:6.957e-04, Q_MAX:4.196e-04, P_mean±std:3.178251e-04±1.897361e-04, Q_mean±std:1.929712e-04±9.350804e-05, P_RMSE:1.092e-04, Q_RMSE:6.067e-05, Success rate (<0.1):1.000000, Success rate (<0.01):1.000000, Success rate (<0.001):1.000000
X=[1.4,1.6], PQ=[-2.0,-1.8]: count:10, ill:0, avg_iter:19.50, Ang_MAX:1.704097e-03, Vol_MAX:3.427267e-05, Ang_mean±std:9.265073e-04±5.580130e-04, Vol_mean±std:1.953244e-05±9.881258e-06, P_MAX:6.307e-04, Q_MAX:2.594e-04, P_mean±std:3.353122e-04±1.646422e-04, Q_mean±std:1.959071e-04±4.165450e-05, P_RMSE:1.163e-04, Q_RMSE:6.118e-05, Success rate (<0.1):1.000000, Success rate (<0.01):1.000000, Success rate (<0.001):1.000000
X=[1.4,1.6], PQ=[-1.8,-1.6]: count:10, ill:0, avg_iter:19.90, Ang_MAX:1.075029e-03, Vol_MAX:2.759695e-05, Ang_mean±std:6.661981e-04±2.853457e-04, Vol_mean±std:1.517534e-05±6.307073e-06, P_MAX:5.525e-04, Q_MAX:6.094e-04, P_mean±std:3.239846e-04±1.065724e-04, Q_mean±std:2.446505e-04±1.344008e-04, P_RMSE:9.201e-05, Q_RMSE:6.937e-05, Success rate (<0.1):1.000000, Success rate (<0.01):1.000000, Success rate (<0.001):1.000000
X=[1.4,1.6], PQ=[-1.6,-1.4]: count:10, ill:0, avg_iter:18.80, Ang_MAX:1.779526e-03, Vol_MAX:2.259016e-05, Ang_mean±std:7.226527e-04±4.466326e-04, Vol_mean±std:1.559854e-05±5.882592e-06, P_MAX:5.764e-04, Q_MAX:2.461e-04, P_mean±std:2.870818e-04±1.165765e-04, Q_mean±std:1.878386e-04±4.391383e-05, P_RMSE:9.571e-05, Q_RMSE:5.914e-05, Success rate (<0.1):1.000000, Success rate (<0.01):1.000000, Success rate (<0.001):1.000000
X=[1.4,1.6], PQ=[-1.4,-1.2]: count:10, ill:0, avg_iter:18.80, Ang_MAX:1.483522e-03, Vol_MAX:3.558397e-05, Ang_mean±std:6.398499e-04±3.547397e-04, Vol_mean±std:1.758933e-05±9.310026e-06, P_MAX:4.718e-04, Q_MAX:4.120e-04, P_mean±std:2.507264e-04±9.711623e-05, Q_mean±std:2.007402e-04±8.861002e-05, P_RMSE:8.335e-05, Q_RMSE:6.038e-05, Success rate (<0.1):1.000000, Success rate (<0.01):1.000000, Success rate (<0.001):1.000000
X=[1.4,1.6], PQ=[-1.2,-1.0]: count:10, ill:0, avg_iter:17.70, Ang_MAX:1.262292e-03, Vol_MAX:2.682209e-05, Ang_mean±std:6.912842e-04±3.377978e-04, Vol_mean±std:1.643896e-05±6.565813e-06, P_MAX:4.349e-04, Q_MAX:4.921e-04, P_mean±std:2.768173e-04±9.296060e-05, Q_mean±std:2.154506e-04±1.009166e-04, P_RMSE:9.267e-05, Q_RMSE:5.928e-05, Success rate (<0.1):1.000000, Success rate (<0.01):1.000000, Success rate (<0.001):1.000000
X=[1.4,1.6], PQ=[-1.0,-0.8]: count:10, ill:0, avg_iter:18.90, Ang_MAX:1.513228e-03, Vol_MAX:3.033876e-05, Ang_mean±std:6.780952e-04±4.006070e-04, Vol_mean±std:1.598001e-05±6.033183e-06, P_MAX:4.683e-04, Q_MAX:3.047e-04, P_mean±std:2.832959e-04±1.002596e-04, Q_mean±std:1.749923e-04±5.495934e-05, P_RMSE:8.710e-05, Q_RMSE:5.336e-05, Success rate (<0.1):1.000000, Success rate (<0.01):1.000000, Success rate (<0.001):1.000000
X=[1.4,1.6], PQ=[-0.8,-0.6]: count:10, ill:0, avg_iter:20.00, Ang_MAX:1.601383e-03, Vol_MAX:3.004074e-05, Ang_mean±std:7.905275e-04±4.075404e-04, Vol_mean±std:1.862049e-05±6.788558e-06, P_MAX:4.940e-04, Q_MAX:2.747e-04, P_mean±std:3.117379e-04±8.687955e-05, Q_mean±std:1.728747e-04±4.562957e-05, P_RMSE:9.735e-05, Q_RMSE:5.411e-05, Success rate (<0.1):1.000000, Success rate (<0.01):1.000000, Success rate (<0.001):1.000000
X=[1.4,1.6], PQ=[-0.6,-0.4]: count:10, ill:0, avg_iter:18.50, Ang_MAX:2.641916e-03, Vol_MAX:4.243851e-05, Ang_mean±std:1.099096e-03±7.874324e-04, Vol_mean±std:2.100468e-05±1.290454e-05, P_MAX:8.011e-04, Q_MAX:3.776e-04, P_mean±std:4.006690e-04±2.185476e-04, Q_mean±std:2.320535e-04±7.523385e-05, P_RMSE:1.306e-04, Q_RMSE:5.975e-05, Success rate (<0.1):1.000000, Success rate (<0.01):1.000000, Success rate (<0.001):1.000000
X=[1.4,1.6], PQ=[-0.4,-0.2]: count:10, ill:0, avg_iter:18.80, Ang_MAX:1.583636e-03, Vol_MAX:4.106760e-05, Ang_mean±std:8.962870e-04±3.841348e-04, Vol_mean±std:1.831651e-05±9.063397e-06, P_MAX:4.674e-04, Q_MAX:2.398e-04, P_mean±std:3.398555e-04±9.325700e-05, Q_mean±std:1.726977e-04±3.319294e-05, P_RMSE:1.093e-04, Q_RMSE:5.617e-05, Success rate (<0.1):1.000000, Success rate (<0.01):1.000000, Success rate (<0.001):1.000000
X=[1.4,1.6], PQ=[-0.2,0.0]: count:10, ill:0, avg_iter:19.60, Ang_MAX:1.523241e-03, Vol_MAX:2.753735e-05, Ang_mean±std:9.799123e-04±4.698008e-04, Vol_mean±std:1.823306e-05±6.800702e-06, P_MAX:4.812e-04, Q_MAX:3.204e-04, P_mean±std:3.406287e-04±1.273456e-04, Q_mean±std:2.022832e-04±6.351175e-05, P_RMSE:1.141e-04, Q_RMSE:5.263e-05, Success rate (<0.1):1.000000, Success rate (<0.01):1.000000, Success rate (<0.001):1.000000
X=[1.4,1.6], PQ=[0.0,0.2]: count:10, ill:0, avg_iter:19.10, Ang_MAX:2.198502e-03, Vol_MAX:3.653765e-05, Ang_mean±std:6.987676e-04±6.018824e-04, Vol_mean±std:1.296401e-05±8.485878e-06, P_MAX:6.660e-04, Q_MAX:2.185e-04, P_mean±std:2.892080e-04±1.657936e-04, Q_mean±std:1.690114e-04±3.763071e-05, P_RMSE:8.979e-05, Q_RMSE:5.379e-05, Success rate (<0.1):1.000000, Success rate (<0.01):1.000000, Success rate (<0.001):1.000000
X=[1.4,1.6], PQ=[0.2,0.4]: count:10, ill:0, avg_iter:20.00, Ang_MAX:2.564237e-03, Vol_MAX:4.148483e-05, Ang_mean±std:8.625254e-04±6.225556e-04, Vol_mean±std:1.488328e-05±9.702349e-06, P_MAX:7.665e-04, Q_MAX:2.632e-04, P_mean±std:3.017331e-04±1.822531e-04, Q_mean±std:1.841704e-04±4.479959e-05, P_RMSE:1.018e-04, Q_RMSE:5.288e-05, Success rate (<0.1):1.000000, Success rate (<0.01):1.000000, Success rate (<0.001):1.000000
X=[1.4,1.6], PQ=[0.4,0.6]: count:10, ill:0, avg_iter:19.90, Ang_MAX:1.377419e-03, Vol_MAX:3.117323e-05, Ang_mean±std:8.015379e-04±4.115872e-04, Vol_mean±std:1.565814e-05±7.513782e-06, P_MAX:5.194e-04, Q_MAX:3.010e-04, P_mean±std:3.073024e-04±1.055870e-04, Q_mean±std:1.856862e-04±4.970250e-05, P_RMSE:9.738e-05, Q_RMSE:5.110e-05, Success rate (<0.1):1.000000, Success rate (<0.01):1.000000, Success rate (<0.001):1.000000
X=[1.4,1.6], PQ=[0.6,0.8]: count:10, ill:0, avg_iter:16.90, Ang_MAX:3.372058e-03, Vol_MAX:4.994869e-05, Ang_mean±std:1.034056e-03±8.818095e-04, Vol_mean±std:2.190471e-05±1.149728e-05, P_MAX:1.094e-03, Q_MAX:3.934e-04, P_mean±std:3.697693e-04±2.674148e-04, Q_mean±std:2.165268e-04±8.039156e-05, P_RMSE:1.275e-04, Q_RMSE:6.062e-05, Success rate (<0.1):1.000000, Success rate (<0.01):1.000000, Success rate (<0.001):0.900000
X=[1.4,1.6], PQ=[0.8,1.0]: count:10, ill:0, avg_iter:17.50, Ang_MAX:2.070636e-03, Vol_MAX:2.759695e-05, Ang_mean±std:1.100625e-03±5.548869e-04, Vol_mean±std:1.758337e-05±7.249454e-06, P_MAX:7.626e-04, Q_MAX:8.921e-04, P_mean±std:3.772005e-04±1.753242e-04, Q_mean±std:2.749681e-04±2.257938e-04, P_RMSE:1.357e-04, Q_RMSE:6.738e-05, Success rate (<0.1):1.000000, Success rate (<0.01):1.000000, Success rate (<0.001):1.000000
X=[1.4,1.6], PQ=[1.0,1.2]: count:10, ill:0, avg_iter:19.70, Ang_MAX:1.078457e-03, Vol_MAX:1.716614e-05, Ang_mean±std:7.123254e-04±2.607164e-04, Vol_mean±std:1.254082e-05±4.174045e-06, P_MAX:4.306e-04, Q_MAX:3.009e-04, P_mean±std:2.732007e-04±7.436865e-05, Q_mean±std:1.936608e-04±6.198865e-05, P_RMSE:8.797e-05, Q_RMSE:5.574e-05, Success rate (<0.1):1.000000, Success rate (<0.01):1.000000, Success rate (<0.001):1.000000
X=[1.4,1.6], PQ=[1.2,1.4]: count:10, ill:0, avg_iter:18.80, Ang_MAX:2.815574e-03, Vol_MAX:4.845858e-05, Ang_mean±std:9.806223e-04±6.829416e-04, Vol_mean±std:1.982450e-05±1.264808e-05, P_MAX:9.270e-04, Q_MAX:5.494e-04, P_mean±std:3.870577e-04±2.158211e-04, Q_mean±std:2.447191e-04±1.221270e-04, P_RMSE:1.249e-04, Q_RMSE:6.602e-05, Success rate (<0.1):1.000000, Success rate (<0.01):1.000000, Success rate (<0.001):1.000000
X=[1.4,1.6], PQ=[1.4,1.6]: count:10, ill:0, avg_iter:19.60, Ang_MAX:1.871198e-03, Vol_MAX:2.652407e-05, Ang_mean±std:8.811042e-04±5.596214e-04, Vol_mean±std:1.614094e-05±7.888908e-06, P_MAX:6.912e-04, Q_MAX:6.866e-04, P_mean±std:3.326101e-04±1.754018e-04, Q_mean±std:2.261833e-04±1.614145e-04, P_RMSE:1.117e-04, Q_RMSE:6.265e-05, Success rate (<0.1):1.000000, Success rate (<0.01):1.000000, Success rate (<0.001):1.000000
X=[1.4,1.6], PQ=[1.6,1.8]: count:10, ill:0, avg_iter:17.60, Ang_MAX:2.064884e-03, Vol_MAX:2.968311e-05, Ang_mean±std:1.071632e-03±5.177160e-04, Vol_mean±std:1.736283e-05±6.580474e-06, P_MAX:7.830e-04, Q_MAX:1.098e-03, P_mean±std:4.059970e-04±1.697188e-04, Q_mean±std:3.293884e-04±2.597304e-04, P_RMSE:1.472e-04, Q_RMSE:8.038e-05, Success rate (<0.1):1.000000, Success rate (<0.01):1.000000, Success rate (<0.001):0.900000
X=[1.4,1.6], PQ=[1.8,2.0]: count:10, ill:0, avg_iter:18.80, Ang_MAX:2.069399e-03, Vol_MAX:4.041195e-05, Ang_mean±std:1.238787e-03±7.466235e-04, Vol_mean±std:2.183914e-05±1.102184e-05, P_MAX:7.373e-04, Q_MAX:6.247e-04, P_mean±std:4.390553e-04±2.116699e-04, Q_mean±std:2.980857e-04±1.561618e-04, P_RMSE:1.511e-04, Q_RMSE:7.726e-05, Success rate (<0.1):1.000000, Success rate (<0.01):1.000000, Success rate (<0.001):1.000000
X=[1.6,1.8], PQ=[-2.0,-1.8]: count:10, ill:0, avg_iter:17.60, Ang_MAX:1.447201e-03, Vol_MAX:2.580881e-05, Ang_mean±std:6.499499e-04±4.384594e-04, Vol_mean±std:1.567006e-05±6.557673e-06, P_MAX:5.839e-04, Q_MAX:5.908e-04, P_mean±std:3.169030e-04±1.087526e-04, Q_mean±std:2.665272e-04±1.122783e-04, P_RMSE:9.594e-05, Q_RMSE:7.275e-05, Success rate (<0.1):1.000000, Success rate (<0.01):1.000000, Success rate (<0.001):1.000000
X=[1.6,1.8], PQ=[-1.8,-1.6]: count:10, ill:0, avg_iter:19.60, Ang_MAX:2.832890e-03, Vol_MAX:4.953146e-05, Ang_mean±std:1.048590e-03±7.768038e-04, Vol_mean±std:2.313852e-05±1.156096e-05, P_MAX:8.769e-04, Q_MAX:8.698e-04, P_mean±std:3.885228e-04±2.215729e-04, Q_mean±std:3.444466e-04±2.122547e-04, P_RMSE:1.277e-04, Q_RMSE:7.665e-05, Success rate (<0.1):1.000000, Success rate (<0.01):1.000000, Success rate (<0.001):1.000000
X=[1.6,1.8], PQ=[-1.6,-1.4]: count:10, ill:0, avg_iter:18.80, Ang_MAX:3.756680e-03, Vol_MAX:7.778406e-05, Ang_mean±std:1.227912e-03±1.027698e-03, Vol_mean±std:2.781153e-05±1.965741e-05, P_MAX:1.162e-03, Q_MAX:1.267e-03, P_mean±std:4.633471e-04±2.751223e-04, Q_mean±std:3.697142e-04±3.502934e-04, P_RMSE:1.488e-04, Q_RMSE:8.235e-05, Success rate (<0.1):1.000000, Success rate (<0.01):1.000000, Success rate (<0.001):0.900000
X=[1.6,1.8], PQ=[-1.4,-1.2]: count:10, ill:0, avg_iter:18.80, Ang_MAX:1.896352e-03, Vol_MAX:4.690886e-05, Ang_mean±std:8.089408e-04±5.607398e-04, Vol_mean±std:1.943111e-05±1.338031e-05, P_MAX:5.934e-04, Q_MAX:5.565e-04, P_mean±std:3.113225e-04±1.600946e-04, Q_mean±std:2.846938e-04±1.402483e-04, P_RMSE:1.025e-04, Q_RMSE:7.019e-05, Success rate (<0.1):1.000000, Success rate (<0.01):1.000000, Success rate (<0.001):1.000000
X=[1.6,1.8], PQ=[-1.2,-1.0]: count:10, ill:0, avg_iter:18.90, Ang_MAX:1.803771e-03, Vol_MAX:5.376339e-05, Ang_mean±std:8.588351e-04±4.695041e-04, Vol_mean±std:2.089739e-05±1.281176e-05, P_MAX:5.767e-04, Q_MAX:8.542e-04, P_mean±std:3.481767e-04±1.209645e-04, Q_mean±std:3.082615e-04±2.211965e-04, P_RMSE:1.097e-04, Q_RMSE:6.887e-05, Success rate (<0.1):1.000000, Success rate (<0.01):1.000000, Success rate (<0.001):1.000000
X=[1.6,1.8], PQ=[-1.0,-0.8]: count:10, ill:0, avg_iter:19.20, Ang_MAX:1.911208e-03, Vol_MAX:3.033876e-05, Ang_mean±std:9.776726e-04±5.689263e-04, Vol_mean±std:1.766682e-05±7.512796e-06, P_MAX:6.096e-04, Q_MAX:7.624e-04, P_mean±std:3.685655e-04±1.589816e-04, Q_mean±std:2.558742e-04±2.037838e-04, P_RMSE:1.185e-04, Q_RMSE:6.384e-05, Success rate (<0.1):1.000000, Success rate (<0.01):1.000000, Success rate (<0.001):1.000000
X=[1.6,1.8], PQ=[-0.8,-0.6]: count:10, ill:0, avg_iter:18.80, Ang_MAX:1.289994e-03, Vol_MAX:2.855062e-05, Ang_mean±std:7.444173e-04±3.490949e-04, Vol_mean±std:1.609325e-05±7.491524e-06, P_MAX:4.674e-04, Q_MAX:5.941e-04, P_mean±std:2.873078e-04±1.017307e-04, Q_mean±std:2.645325e-04±1.618890e-04, P_RMSE:9.654e-05, Q_RMSE:6.307e-05, Success rate (<0.1):1.000000, Success rate (<0.01):1.000000, Success rate (<0.001):1.000000
X=[1.6,1.8], PQ=[-0.6,-0.4]: count:10, ill:0, avg_iter:19.60, Ang_MAX:2.211049e-03, Vol_MAX:3.546476e-05, Ang_mean±std:1.016074e-03±5.826271e-04, Vol_mean±std:1.857281e-05±7.592340e-06, P_MAX:6.882e-04, Q_MAX:3.928e-04, P_mean±std:3.607617e-04±1.677485e-04, Q_mean±std:1.878956e-04±7.708333e-05, P_RMSE:1.202e-04, Q_RMSE:5.448e-05, Success rate (<0.1):1.000000, Success rate (<0.01):1.000000, Success rate (<0.001):1.000000
X=[1.6,1.8], PQ=[-0.4,-0.2]: count:10, ill:0, avg_iter:18.20, Ang_MAX:5.316675e-03, Vol_MAX:1.205325e-03, Ang_mean±std:1.176777e-03±1.494050e-03, Vol_mean±std:1.336694e-04±3.573314e-04, P_MAX:1.079e-01, Q_MAX:9.924e-02, P_mean±std:1.104359e-02±3.229745e-02, Q_mean±std:1.015771e-02±2.969418e-02, P_RMSE:1.584e-03, Q_RMSE:1.301e-03, Success rate (<0.1):0.900000, Success rate (<0.01):0.900000, Success rate (<0.001):0.900000
X=[1.6,1.8], PQ=[-0.2,0.0]: count:10, ill:0, avg_iter:20.00, Ang_MAX:2.030462e-03, Vol_MAX:3.522635e-05, Ang_mean±std:1.330157e-03±3.986597e-04, Vol_mean±std:2.206564e-05±7.267310e-06, P_MAX:7.424e-04, Q_MAX:6.867e-04, P_mean±std:4.980373e-04±1.254034e-04, Q_mean±std:2.618269e-04±1.465878e-04, P_RMSE:1.542e-04, Q_RMSE:6.822e-05, Success rate (<0.1):1.000000, Success rate (<0.01):1.000000, Success rate (<0.001):1.000000
X=[1.6,1.8], PQ=[0.0,0.2]: count:10, ill:0, avg_iter:18.10, Ang_MAX:2.229825e-03, Vol_MAX:4.422665e-05, Ang_mean±std:1.380444e-03±5.559317e-04, Vol_mean±std:2.426505e-05±9.785894e-06, P_MAX:6.298e-04, Q_MAX:7.324e-04, P_mean±std:4.610708e-04±1.400360e-04, Q_mean±std:3.517226e-04±2.014041e-04, P_RMSE:1.653e-04, Q_RMSE:7.284e-05, Success rate (<0.1):1.000000, Success rate (<0.01):1.000000, Success rate (<0.001):1.000000
X=[1.6,1.8], PQ=[0.2,0.4]: count:10, ill:0, avg_iter:17.60, Ang_MAX:1.467541e-03, Vol_MAX:2.479553e-05, Ang_mean±std:7.323354e-04±4.342684e-04, Vol_mean±std:1.453757e-05±6.184392e-06, P_MAX:4.843e-04, Q_MAX:4.806e-04, P_mean±std:2.682984e-04±1.178455e-04, Q_mean±std:2.973113e-04±1.028383e-04, P_RMSE:9.317e-05, Q_RMSE:6.412e-05, Success rate (<0.1):1.000000, Success rate (<0.01):1.000000, Success rate (<0.001):1.000000
X=[1.6,1.8], PQ=[0.4,0.6]: count:10, ill:0, avg_iter:19.50, Ang_MAX:3.166586e-03, Vol_MAX:5.584955e-05, Ang_mean±std:1.267207e-03±9.586576e-04, Vol_mean±std:2.349019e-05±1.647237e-05, P_MAX:1.085e-03, Q_MAX:3.738e-04, P_mean±std:4.520655e-04±3.004526e-04, Q_mean±std:2.463378e-04±8.042250e-05, P_RMSE:1.484e-04, Q_RMSE:6.587e-05, Success rate (<0.1):1.000000, Success rate (<0.01):1.000000, Success rate (<0.001):0.900000
X=[1.6,1.8], PQ=[0.6,0.8]: count:10, ill:0, avg_iter:19.70, Ang_MAX:1.643553e-03, Vol_MAX:2.843142e-05, Ang_mean±std:8.707374e-04±4.563781e-04, Vol_mean±std:1.720786e-05±7.439512e-06, P_MAX:5.696e-04, Q_MAX:3.004e-04, P_mean±std:3.239008e-04±1.378882e-04, Q_mean±std:1.976840e-04±5.406870e-05, P_RMSE:1.060e-04, Q_RMSE:5.644e-05, Success rate (<0.1):1.000000, Success rate (<0.01):1.000000, Success rate (<0.001):1.000000
X=[1.6,1.8], PQ=[0.8,1.0]: count:10, ill:0, avg_iter:19.10, Ang_MAX:2.226979e-03, Vol_MAX:6.902218e-05, Ang_mean±std:1.024511e-03±6.548922e-04, Vol_mean±std:2.265573e-05±1.682436e-05, P_MAX:7.670e-04, Q_MAX:4.468e-04, P_mean±std:3.941593e-04±1.908272e-04, Q_mean±std:2.268466e-04±9.865178e-05, P_RMSE:1.249e-04, Q_RMSE:6.395e-05, Success rate (<0.1):1.000000, Success rate (<0.01):1.000000, Success rate (<0.001):1.000000
X=[1.6,1.8], PQ=[1.0,1.2]: count:10, ill:0, avg_iter:18.90, Ang_MAX:1.980431e-03, Vol_MAX:4.780293e-05, Ang_mean±std:1.003611e-03±4.978779e-04, Vol_mean±std:2.232194e-05±1.196205e-05, P_MAX:6.945e-04, Q_MAX:2.518e-03, P_mean±std:3.596503e-04±1.469432e-04, Q_mean±std:4.597286e-04±6.893441e-04, P_RMSE:1.235e-04, Q_RMSE:8.878e-05, Success rate (<0.1):1.000000, Success rate (<0.01):1.000000, Success rate (<0.001):0.900000
X=[1.6,1.8], PQ=[1.2,1.4]: count:10, ill:0, avg_iter:18.90, Ang_MAX:1.818240e-03, Vol_MAX:2.735853e-05, Ang_mean±std:8.065492e-04±5.054689e-04, Vol_mean±std:1.540184e-05±7.139144e-06, P_MAX:6.191e-04, Q_MAX:5.860e-04, P_mean±std:3.238398e-04±1.534684e-04, Q_mean±std:2.326125e-04±1.289783e-04, P_RMSE:1.054e-04, Q_RMSE:6.540e-05, Success rate (<0.1):1.000000, Success rate (<0.01):1.000000, Success rate (<0.001):1.000000
X=[1.6,1.8], PQ=[1.4,1.6]: count:10, ill:0, avg_iter:17.20, Ang_MAX:2.292454e-03, Vol_MAX:6.115437e-05, Ang_mean±std:1.057245e-03±5.526765e-04, Vol_mean±std:2.382994e-05±1.605315e-05, P_MAX:7.477e-04, Q_MAX:4.730e-04, P_mean±std:4.033649e-04±1.686648e-04, Q_mean±std:2.979325e-04±1.105104e-04, P_RMSE:1.348e-04, Q_RMSE:7.586e-05, Success rate (<0.1):1.000000, Success rate (<0.01):1.000000, Success rate (<0.001):1.000000
X=[1.6,1.8], PQ=[1.6,1.8]: count:10, ill:0, avg_iter:19.00, Ang_MAX:4.544858e-03, Vol_MAX:9.948015e-05, Ang_mean±std:1.175964e-03±1.242028e-03, Vol_mean±std:2.446175e-05±2.547352e-05, P_MAX:1.501e-03, Q_MAX:4.015e-04, P_mean±std:4.553283e-04±3.815715e-04, Q_mean±std:2.307246e-04±6.939802e-05, P_RMSE:1.488e-04, Q_RMSE:7.172e-05, Success rate (<0.1):1.000000, Success rate (<0.01):1.000000, Success rate (<0.001):0.900000
X=[1.6,1.8], PQ=[1.8,2.0]: count:10, ill:0, avg_iter:19.30, Ang_MAX:1.886666e-03, Vol_MAX:3.647804e-05, Ang_mean±std:9.866297e-04±6.123774e-04, Vol_mean±std:1.854300e-05±1.055058e-05, P_MAX:8.315e-04, Q_MAX:6.219e-04, P_mean±std:4.192069e-04±2.020589e-04, Q_mean±std:2.943174e-04±1.155385e-04, P_RMSE:1.307e-04, Q_RMSE:7.548e-05, Success rate (<0.1):1.000000, Success rate (<0.01):1.000000, Success rate (<0.001):1.000000
X=[1.8,2.0], PQ=[-2.0,-1.8]: count:10, ill:0, avg_iter:18.60, Ang_MAX:3.688961e-03, Vol_MAX:5.745888e-05, Ang_mean±std:1.565180e-03±1.095720e-03, Vol_mean±std:3.038645e-05±1.511365e-05, P_MAX:1.222e-03, Q_MAX:6.449e-04, P_mean±std:5.709455e-04±3.342434e-04, Q_mean±std:3.398698e-04±1.499856e-04, P_RMSE:1.892e-04, Q_RMSE:8.861e-05, Success rate (<0.1):1.000000, Success rate (<0.01):1.000000, Success rate (<0.001):0.800000
X=[1.8,2.0], PQ=[-1.8,-1.6]: count:10, ill:0, avg_iter:19.00, Ang_MAX:1.241572e-03, Vol_MAX:3.802776e-05, Ang_mean±std:7.557504e-04±3.518780e-04, Vol_mean±std:2.018213e-05±9.409729e-06, P_MAX:4.654e-04, Q_MAX:5.074e-04, P_mean±std:3.172614e-04±1.089633e-04, Q_mean±std:2.361244e-04±1.026740e-04, P_RMSE:1.018e-04, Q_RMSE:7.002e-05, Success rate (<0.1):1.000000, Success rate (<0.01):1.000000, Success rate (<0.001):1.000000
X=[1.8,2.0], PQ=[-1.6,-1.4]: count:10, ill:0, avg_iter:19.90, Ang_MAX:3.246918e-03, Vol_MAX:5.286932e-05, Ang_mean±std:1.507074e-03±8.949870e-04, Vol_mean±std:2.558231e-05±1.567672e-05, P_MAX:1.015e-03, Q_MAX:6.600e-04, P_mean±std:5.225326e-04±2.422994e-04, Q_mean±std:2.936124e-04±1.329127e-04, P_RMSE:1.762e-04, Q_RMSE:7.929e-05, Success rate (<0.1):1.000000, Success rate (<0.01):1.000000, Success rate (<0.001):0.900000
X=[1.8,2.0], PQ=[-1.4,-1.2]: count:10, ill:0, avg_iter:19.20, Ang_MAX:1.455292e-03, Vol_MAX:3.081560e-05, Ang_mean±std:9.008095e-04±3.742980e-04, Vol_mean±std:1.733899e-05±6.159583e-06, P_MAX:4.764e-04, Q_MAX:4.408e-04, P_mean±std:3.495697e-04±9.438469e-05, Q_mean±std:2.528680e-04±8.802303e-05, P_RMSE:1.115e-04, Q_RMSE:7.096e-05, Success rate (<0.1):1.000000, Success rate (<0.01):1.000000, Success rate (<0.001):1.000000
X=[1.8,2.0], PQ=[-1.2,-1.0]: count:10, ill:0, avg_iter:19.20, Ang_MAX:2.463013e-03, Vol_MAX:4.190207e-05, Ang_mean±std:1.053390e-03±7.522619e-04, Vol_mean±std:2.098083e-05±1.285751e-05, P_MAX:7.159e-04, Q_MAX:8.078e-04, P_mean±std:4.641288e-04±1.689302e-04, Q_mean±std:3.502763e-04±2.524891e-04, P_RMSE:1.348e-04, Q_RMSE:7.966e-05, Success rate (<0.1):1.000000, Success rate (<0.01):1.000000, Success rate (<0.001):1.000000
X=[1.8,2.0], PQ=[-1.0,-0.8]: count:10, ill:0, avg_iter:18.90, Ang_MAX:2.802417e-03, Vol_MAX:4.446507e-05, Ang_mean±std:1.294607e-03±8.349027e-04, Vol_mean±std:2.769232e-05±1.209426e-05, P_MAX:9.806e-04, Q_MAX:1.807e-03, P_mean±std:4.870176e-04±2.536872e-04, Q_mean±std:4.885536e-04±4.554792e-04, P_RMSE:1.593e-04, Q_RMSE:1.040e-04, Success rate (<0.1):1.000000, Success rate (<0.01):1.000000, Success rate (<0.001):0.900000
X=[1.8,2.0], PQ=[-0.8,-0.6]: count:10, ill:0, avg_iter:15.60, Ang_MAX:4.934728e-03, Vol_MAX:4.112720e-05, Ang_mean±std:1.167078e-03±1.389245e-03, Vol_mean±std:2.185702e-05±8.891689e-06, P_MAX:1.912e-03, Q_MAX:2.159e-03, P_mean±std:4.689831e-04±5.070864e-04, Q_mean±std:4.321232e-04±5.830498e-04, P_RMSE:1.733e-04, Q_RMSE:9.208e-05, Success rate (<0.1):1.000000, Success rate (<0.01):1.000000, Success rate (<0.001):0.900000
X=[1.8,2.0], PQ=[-0.6,-0.4]: count:10, ill:0, avg_iter:18.80, Ang_MAX:2.534792e-03, Vol_MAX:4.434586e-05, Ang_mean±std:1.043785e-03±8.178070e-04, Vol_mean±std:2.153516e-05±1.102509e-05, P_MAX:7.903e-04, Q_MAX:4.048e-04, P_mean±std:3.803320e-04±2.318422e-04, Q_mean±std:2.638851e-04±8.030487e-05, P_RMSE:1.301e-04, Q_RMSE:6.962e-05, Success rate (<0.1):1.000000, Success rate (<0.01):1.000000, Success rate (<0.001):1.000000
X=[1.8,2.0], PQ=[-0.4,-0.2]: count:10, ill:0, avg_iter:19.00, Ang_MAX:2.872348e-03, Vol_MAX:4.565716e-05, Ang_mean±std:1.133873e-03±7.874747e-04, Vol_mean±std:2.092123e-05±1.189727e-05, P_MAX:1.032e-03, Q_MAX:1.133e-03, P_mean±std:4.514830e-04±2.985709e-04, Q_mean±std:3.992208e-04±3.297295e-04, P_RMSE:1.378e-04, Q_RMSE:7.875e-05, Success rate (<0.1):1.000000, Success rate (<0.01):1.000000, Success rate (<0.001):0.900000
X=[1.8,2.0], PQ=[-0.2,0.0]: count:10, ill:0, avg_iter:19.20, Ang_MAX:2.537757e-03, Vol_MAX:4.547834e-05, Ang_mean±std:1.065288e-03±7.450455e-04, Vol_mean±std:1.861453e-05±1.186938e-05, P_MAX:7.858e-04, Q_MAX:8.278e-04, P_mean±std:3.682497e-04±2.141411e-04, Q_mean±std:2.710391e-04±1.886114e-04, P_RMSE:1.261e-04, Q_RMSE:6.493e-05, Success rate (<0.1):1.000000, Success rate (<0.01):1.000000, Success rate (<0.001):1.000000
X=[1.8,2.0], PQ=[0.0,0.2]: count:10, ill:0, avg_iter:19.80, Ang_MAX:3.653914e-03, Vol_MAX:5.495548e-05, Ang_mean±std:1.497442e-03±1.114394e-03, Vol_mean±std:2.713203e-05±1.458551e-05, P_MAX:1.206e-03, Q_MAX:3.891e-04, P_mean±std:5.366049e-04±3.536184e-04, Q_mean±std:2.690006e-04±7.067715e-05, P_RMSE:1.763e-04, Q_RMSE:7.602e-05, Success rate (<0.1):1.000000, Success rate (<0.01):1.000000, Success rate (<0.001):0.800000
X=[1.8,2.0], PQ=[0.2,0.4]: count:10, ill:0, avg_iter:18.00, Ang_MAX:9.106398e-04, Vol_MAX:2.938509e-05, Ang_mean±std:6.636009e-04±2.115777e-04, Vol_mean±std:1.538992e-05±6.463672e-06, P_MAX:4.603e-04, Q_MAX:4.958e-04, P_mean±std:3.107692e-04±8.185944e-05, Q_mean±std:2.688263e-04±1.320217e-04, P_RMSE:9.473e-05, Q_RMSE:6.851e-05, Success rate (<0.1):1.000000, Success rate (<0.01):1.000000, Success rate (<0.001):1.000000
X=[1.8,2.0], PQ=[0.4,0.6]: count:10, ill:0, avg_iter:18.50, Ang_MAX:3.595531e-03, Vol_MAX:5.251169e-05, Ang_mean±std:1.288022e-03±9.764661e-04, Vol_mean±std:2.335906e-05±1.419858e-05, P_MAX:1.133e-03, Q_MAX:6.257e-04, P_mean±std:4.833547e-04±2.679502e-04, Q_mean±std:3.176200e-04±1.674807e-04, P_RMSE:1.564e-04, Q_RMSE:7.439e-05, Success rate (<0.1):1.000000, Success rate (<0.01):1.000000, Success rate (<0.001):0.900000
X=[1.8,2.0], PQ=[0.6,0.8]: count:10, ill:0, avg_iter:18.40, Ang_MAX:3.160506e-03, Vol_MAX:5.739927e-05, Ang_mean±std:1.309288e-03±7.815714e-04, Vol_mean±std:3.055930e-05±1.746870e-05, P_MAX:1.117e-03, Q_MAX:3.304e-03, P_mean±std:4.745275e-04±2.569750e-04, Q_mean±std:5.588693e-04±9.161266e-04, P_RMSE:1.561e-04, Q_RMSE:1.029e-04, Success rate (<0.1):1.000000, Success rate (<0.01):1.000000, Success rate (<0.001):0.900000
X=[1.8,2.0], PQ=[0.8,1.0]: count:10, ill:0, avg_iter:20.00, Ang_MAX:2.755821e-03, Vol_MAX:4.434586e-05, Ang_mean±std:1.216096e-03±7.217445e-04, Vol_mean±std:2.205968e-05±1.143246e-05, P_MAX:1.049e-03, Q_MAX:7.762e-04, P_mean±std:5.109208e-04±2.627352e-04, Q_mean±std:3.324623e-04±1.699392e-04, P_RMSE:1.526e-04, Q_RMSE:8.003e-05, Success rate (<0.1):1.000000, Success rate (<0.01):1.000000, Success rate (<0.001):0.900000
X=[1.8,2.0], PQ=[1.0,1.2]: count:10, ill:0, avg_iter:18.70, Ang_MAX:4.297346e-03, Vol_MAX:9.012222e-05, Ang_mean±std:1.195320e-03±1.195720e-03, Vol_mean±std:2.680421e-05±2.348718e-05, P_MAX:1.343e-03, Q_MAX:3.929e-04, P_mean±std:5.255637e-04±3.137410e-04, Q_mean±std:2.942598e-04±6.499000e-05, P_RMSE:1.518e-04, Q_RMSE:7.747e-05, Success rate (<0.1):1.000000, Success rate (<0.01):1.000000, Success rate (<0.001):0.900000
X=[1.8,2.0], PQ=[1.2,1.4]: count:10, ill:0, avg_iter:18.30, Ang_MAX:8.262098e-03, Vol_MAX:6.529093e-04, Ang_mean±std:1.483490e-03±2.282360e-03, Vol_mean±std:8.872747e-05±1.887883e-04, P_MAX:1.342e+00, Q_MAX:3.595e-01, P_mean±std:1.344701e-01±4.024824e-01, Q_mean±std:3.620103e-02±1.077654e-01, P_RMSE:1.572e-02, Q_RMSE:4.571e-03, Success rate (<0.1):0.900000, Success rate (<0.01):0.900000, Success rate (<0.001):0.900000
X=[1.8,2.0], PQ=[1.4,1.6]: count:10, ill:0, avg_iter:18.10, Ang_MAX:2.116531e-03, Vol_MAX:3.933907e-05, Ang_mean±std:1.060201e-03±6.019697e-04, Vol_mean±std:2.374649e-05±8.552392e-06, P_MAX:7.648e-04, Q_MAX:7.286e-04, P_mean±std:3.916488e-04±1.956137e-04, Q_mean±std:2.739971e-04±1.651601e-04, P_RMSE:1.310e-04, Q_RMSE:7.049e-05, Success rate (<0.1):1.000000, Success rate (<0.01):1.000000, Success rate (<0.001):1.000000
X=[1.8,2.0], PQ=[1.6,1.8]: count:10, ill:0, avg_iter:18.70, Ang_MAX:2.100550e-03, Vol_MAX:5.805492e-05, Ang_mean±std:7.691726e-04±7.218281e-04, Vol_mean±std:2.467036e-05±1.650570e-05, P_MAX:9.994e-04, Q_MAX:1.011e-03, P_mean±std:4.425658e-04±2.698717e-04, Q_mean±std:3.078698e-04±2.396241e-04, P_RMSE:1.125e-04, Q_RMSE:7.793e-05, Success rate (<0.1):1.000000, Success rate (<0.01):1.000000, Success rate (<0.001):0.900000
X=[1.8,2.0], PQ=[1.8,2.0]: count:10, ill:0, avg_iter:19.50, Ang_MAX:3.079325e-03, Vol_MAX:5.787611e-05, Ang_mean±std:1.442180e-03±7.875772e-04, Vol_mean±std:2.691746e-05±1.615904e-05, P_MAX:9.277e-04, Q_MAX:7.773e-04, P_mean±std:5.337387e-04±2.030365e-04, Q_mean±std:3.193394e-04±1.698287e-04, P_RMSE:1.748e-04, Q_RMSE:8.306e-05, Success rate (<0.1):1.000000, Success rate (<0.01):1.000000, Success rate (<0.001):1.000000
Heatmap CSV saved: D:\Software\Python_Code\Slover\RJMNC\ckpt\IEEE_118.csv

===== Region Mismatch Summary =====
Region & Samples & Avg. mismatch & Worst mismatch & Success rate (<0.1) & Success rate (<0.01) & Success rate (<0.001) & Success rate (<5E-4) & Success rate (<1E-4)
ID & 1000 & 1.483190e-04 & 6.423891e-04 & 1.000000 & 1.000000 & 1.000000 & 0.994000 & 0.326000
OOD-X & 1000 & 3.342641e-03 & 1.500607e+00 & 0.997000 & 0.997000 & 0.978000 & 0.800000 & 0.007000
OOD-PQ & 1000 & 1.715773e-04 & 5.464554e-04 & 1.000000 & 1.000000 & 1.000000 & 0.999000 & 0.074000
OOD-X+PQ & 1000 & 3.619917e-03 & 1.813568e+00 & 0.998000 & 0.997000 & 0.975000 & 0.793000 & 0.000000

===== Stop Reason Breakdown =====
  converged   : 407
  max_blocks  : 3593
  numerical_failure: 0

Active sample-block evaluations  : 76422/80000 (skipped 3578)
Test iterative compute time      : 3.802413 s
Ill-conditioned mismatch CSV saved: D:\Software\Python_Code\Slover\RJMNC\ckpt\IEEE_118_ill.csv

===== Ill-Conditioned Test Summary =====
Samples & Maximal mismatch & Minimal mismatch & Avg. mismatch & Success rate (<0.1) & Success rate (<0.01) & Success rate (<0.001) & Avg. mismatch With N-R PF refine & Success rate With N-R PF refine & Average N-R PF Iteration time
100 & 4.865649e-02 & 3.661662e-04 & 1.302151e-03 & 1.000000 & 0.990000 & 0.840000 & 8.856220e-06 & 0.170000 & 5.235294
