Log file           : D:\Software\Python_Code\Slover\TGN\ckpt\ieee118_TGN_best.pt.log
Using device       : cuda
Data directory     : D:\Software\Python_Code\Slover\Data\IEEE_118
Model              : Typed Graph Network power-flow solver
TGN configuration  : T=15, L=2, d=16
Decoder init       : tiny
Trainable params   : 89805
Graph              : buses=118, branches=186, PV=53, PQ=64
Checkpoint         : D:\Software\Python_Code\Slover\TGN\ckpt\ieee118_TGN_best.pt
Dataset sizes      : train=36000, val=4000, heatmap_test=4000, ill_test=100
Batch sizes        : train=512, test=512
Optimizer          : Adam(lr=1.000e-04, weight_decay=0.000e+00)
LR schedule        : reduce after 20 bad epochs (factor=0.5, min_lr=1.000e-06)
Gradient clipping  : global norm=1.000e+00 (<=0 disables clipping)
Explosion recovery : factor>100, max_recoveries=5, enabled=True
Training protocol  : v3/paper_lr_clip_recovery_plateau_v3
Training objective : unsupervised AC power-balance MSE (paper Eq. 21)
Load trained model : True
Checkpoint status  : checkpoint does not exist
A compatible checkpoint was not found; start training: D:\Software\Python_Code\Slover\TGN\ckpt\ieee118_TGN_best.pt
Epoch 0001/2000 | lr=1.000e-04 | train loss=6.913578e-01 | val loss=2.447510e-01 | max raw grad norm=3.249434e+02 | time=19.50s
🟩 Saved best checkpoint atomically: D:\Software\Python_Code\Slover\TGN\ckpt\ieee118_TGN_best.pt
Epoch 0002/2000 | lr=1.000e-04 | train loss=1.430561e-01 | val loss=8.139077e-02 | max raw grad norm=2.989276e+01 | time=18.64s
🟩 Saved best checkpoint atomically: D:\Software\Python_Code\Slover\TGN\ckpt\ieee118_TGN_best.pt
Epoch 0003/2000 | lr=1.000e-04 | train loss=6.188421e-02 | val loss=3.953087e-02 | max raw grad norm=1.963914e+01 | time=18.73s
🟩 Saved best checkpoint atomically: D:\Software\Python_Code\Slover\TGN\ckpt\ieee118_TGN_best.pt
Epoch 0004/2000 | lr=1.000e-04 | train loss=2.657039e-02 | val loss=1.808104e-02 | max raw grad norm=1.326139e+01 | time=18.77s
🟩 Saved best checkpoint atomically: D:\Software\Python_Code\Slover\TGN\ckpt\ieee118_TGN_best.pt
Epoch 0005/2000 | lr=1.000e-04 | train loss=1.562500e-02 | val loss=1.266617e-02 | max raw grad norm=2.655523e+01 | time=18.28s
🟩 Saved best checkpoint atomically: D:\Software\Python_Code\Slover\TGN\ckpt\ieee118_TGN_best.pt
Epoch 0006/2000 | lr=1.000e-04 | train loss=1.025718e-02 | val loss=8.696513e-03 | max raw grad norm=1.381981e+01 | time=18.71s
🟩 Saved best checkpoint atomically: D:\Software\Python_Code\Slover\TGN\ckpt\ieee118_TGN_best.pt
Epoch 0007/2000 | lr=1.000e-04 | train loss=8.355138e-03 | val loss=8.115590e-03 | max raw grad norm=1.779529e+01 | time=18.45s
🟩 Saved best checkpoint atomically: D:\Software\Python_Code\Slover\TGN\ckpt\ieee118_TGN_best.pt
Epoch 0008/2000 | lr=1.000e-04 | train loss=6.928452e-03 | val loss=6.352672e-03 | max raw grad norm=6.341156e+00 | time=18.76s
🟩 Saved best checkpoint atomically: D:\Software\Python_Code\Slover\TGN\ckpt\ieee118_TGN_best.pt
Epoch 0009/2000 | lr=1.000e-04 | train loss=5.867632e-03 | val loss=5.370083e-03 | max raw grad norm=4.412363e+00 | time=18.68s
🟩 Saved best checkpoint atomically: D:\Software\Python_Code\Slover\TGN\ckpt\ieee118_TGN_best.pt
Epoch 0010/2000 | lr=1.000e-04 | train loss=5.150173e-03 | val loss=5.660743e-03 | max raw grad norm=4.109845e+00 | time=18.60s
🔘 No improvement (1/40) | best val=5.370083e-03
Epoch 0011/2000 | lr=1.000e-04 | train loss=4.775353e-03 | val loss=4.200528e-03 | max raw grad norm=7.830379e+00 | time=18.34s
🟩 Saved best checkpoint atomically: D:\Software\Python_Code\Slover\TGN\ckpt\ieee118_TGN_best.pt
Epoch 0012/2000 | lr=1.000e-04 | train loss=3.881243e-03 | val loss=3.874101e-03 | max raw grad norm=5.914449e+00 | time=18.56s
🟩 Saved best checkpoint atomically: D:\Software\Python_Code\Slover\TGN\ckpt\ieee118_TGN_best.pt
Epoch 0013/2000 | lr=1.000e-04 | train loss=3.142700e-03 | val loss=2.715994e-03 | max raw grad norm=3.230287e+00 | time=18.74s
🟩 Saved best checkpoint atomically: D:\Software\Python_Code\Slover\TGN\ckpt\ieee118_TGN_best.pt
Epoch 0014/2000 | lr=1.000e-04 | train loss=2.542915e-03 | val loss=2.883399e-03 | max raw grad norm=2.933539e+00 | time=18.78s
🔘 No improvement (1/40) | best val=2.715994e-03
Epoch 0015/2000 | lr=1.000e-04 | train loss=2.335150e-03 | val loss=1.991830e-03 | max raw grad norm=2.016490e+01 | time=18.31s
🟩 Saved best checkpoint atomically: D:\Software\Python_Code\Slover\TGN\ckpt\ieee118_TGN_best.pt
Epoch 0016/2000 | lr=1.000e-04 | train loss=1.577305e-03 | val loss=1.324268e-03 | max raw grad norm=3.038791e+00 | time=18.32s
🟩 Saved best checkpoint atomically: D:\Software\Python_Code\Slover\TGN\ckpt\ieee118_TGN_best.pt
Epoch 0017/2000 | lr=1.000e-04 | train loss=1.296881e-03 | val loss=1.290111e-03 | max raw grad norm=2.866592e+00 | time=18.51s
🟩 Saved best checkpoint atomically: D:\Software\Python_Code\Slover\TGN\ckpt\ieee118_TGN_best.pt
Epoch 0018/2000 | lr=1.000e-04 | train loss=1.196961e-03 | val loss=1.127496e-03 | max raw grad norm=2.546594e+00 | time=18.38s
🟩 Saved best checkpoint atomically: D:\Software\Python_Code\Slover\TGN\ckpt\ieee118_TGN_best.pt
Epoch 0019/2000 | lr=1.000e-04 | train loss=1.064599e-03 | val loss=1.041115e-03 | max raw grad norm=2.467441e+00 | time=18.28s
🟩 Saved best checkpoint atomically: D:\Software\Python_Code\Slover\TGN\ckpt\ieee118_TGN_best.pt
Epoch 0020/2000 | lr=1.000e-04 | train loss=9.876502e-04 | val loss=9.617269e-04 | max raw grad norm=2.028932e+00 | time=18.54s
🟩 Saved best checkpoint atomically: D:\Software\Python_Code\Slover\TGN\ckpt\ieee118_TGN_best.pt
Epoch 0021/2000 | lr=1.000e-04 | train loss=9.262762e-04 | val loss=8.806994e-04 | max raw grad norm=1.944060e+00 | time=18.33s
🟩 Saved best checkpoint atomically: D:\Software\Python_Code\Slover\TGN\ckpt\ieee118_TGN_best.pt
Epoch 0022/2000 | lr=1.000e-04 | train loss=6.645155e-03 | val loss=3.018177e-03 | max raw grad norm=1.852792e+02 | time=18.50s
🔘 No improvement (1/40) | best val=8.806994e-04
Epoch 0023/2000 | lr=1.000e-04 | train loss=1.526021e-03 | val loss=9.534060e-04 | max raw grad norm=4.787394e+00 | time=18.58s
🔘 No improvement (2/40) | best val=8.806994e-04
Epoch 0024/2000 | lr=1.000e-04 | train loss=8.395615e-04 | val loss=7.756309e-04 | max raw grad norm=1.447150e+00 | time=18.47s
🟩 Saved best checkpoint atomically: D:\Software\Python_Code\Slover\TGN\ckpt\ieee118_TGN_best.pt
Epoch 0025/2000 | lr=1.000e-04 | train loss=7.258354e-04 | val loss=6.964246e-04 | max raw grad norm=3.222331e-01 | time=18.38s
🟩 Saved best checkpoint atomically: D:\Software\Python_Code\Slover\TGN\ckpt\ieee118_TGN_best.pt
Epoch 0026/2000 | lr=1.000e-04 | train loss=6.608056e-04 | val loss=6.461728e-04 | max raw grad norm=4.207246e-01 | time=18.79s
🟩 Saved best checkpoint atomically: D:\Software\Python_Code\Slover\TGN\ckpt\ieee118_TGN_best.pt
Epoch 0027/2000 | lr=1.000e-04 | train loss=6.108714e-04 | val loss=5.942103e-04 | max raw grad norm=6.067702e-01 | time=18.35s
🟩 Saved best checkpoint atomically: D:\Software\Python_Code\Slover\TGN\ckpt\ieee118_TGN_best.pt
Epoch 0028/2000 | lr=1.000e-04 | train loss=5.689608e-04 | val loss=5.564586e-04 | max raw grad norm=8.540527e-01 | time=18.43s
🟩 Saved best checkpoint atomically: D:\Software\Python_Code\Slover\TGN\ckpt\ieee118_TGN_best.pt
Epoch 0029/2000 | lr=1.000e-04 | train loss=5.318179e-04 | val loss=5.294217e-04 | max raw grad norm=1.197064e+00 | time=18.08s
🟩 Saved best checkpoint atomically: D:\Software\Python_Code\Slover\TGN\ckpt\ieee118_TGN_best.pt
Epoch 0030/2000 | lr=1.000e-04 | train loss=7.143045e-04 | val loss=5.198904e-04 | max raw grad norm=5.113368e+00 | time=18.43s
🔘 No improvement (1/40) | best val=5.294217e-04
Epoch 0031/2000 | lr=1.000e-04 | train loss=4.890470e-04 | val loss=4.778261e-04 | max raw grad norm=1.065289e+00 | time=18.39s
🟩 Saved best checkpoint atomically: D:\Software\Python_Code\Slover\TGN\ckpt\ieee118_TGN_best.pt
Epoch 0032/2000 | lr=1.000e-04 | train loss=4.639369e-04 | val loss=4.587132e-04 | max raw grad norm=1.112985e+00 | time=18.75s
🟩 Saved best checkpoint atomically: D:\Software\Python_Code\Slover\TGN\ckpt\ieee118_TGN_best.pt
Epoch 0033/2000 | lr=1.000e-04 | train loss=4.552252e-04 | val loss=4.798562e-04 | max raw grad norm=1.258335e+00 | time=18.49s
🔘 No improvement (1/40) | best val=4.587132e-04
Epoch 0034/2000 | lr=1.000e-04 | train loss=4.397587e-04 | val loss=4.261248e-04 | max raw grad norm=1.249272e+00 | time=18.84s
🟩 Saved best checkpoint atomically: D:\Software\Python_Code\Slover\TGN\ckpt\ieee118_TGN_best.pt
Epoch 0035/2000 | lr=1.000e-04 | train loss=4.205176e-04 | val loss=4.166435e-04 | max raw grad norm=8.056195e-01 | time=18.75s
🔘 No improvement (1/40) | best val=4.261248e-04
Epoch 0036/2000 | lr=1.000e-04 | train loss=4.224502e-04 | val loss=4.299623e-04 | max raw grad norm=1.287000e+00 | time=19.23s
🔘 No improvement (2/40) | best val=4.261248e-04
Epoch 0037/2000 | lr=1.000e-04 | train loss=4.184454e-04 | val loss=4.085491e-04 | max raw grad norm=1.198864e+00 | time=18.77s
🟩 Saved best checkpoint atomically: D:\Software\Python_Code\Slover\TGN\ckpt\ieee118_TGN_best.pt
Epoch 0038/2000 | lr=1.000e-04 | train loss=3.937228e-04 | val loss=4.548410e-04 | max raw grad norm=1.345703e+00 | time=18.66s
🔘 No improvement (1/40) | best val=4.085491e-04
Epoch 0039/2000 | lr=1.000e-04 | train loss=9.820312e-03 | val loss=1.921846e-03 | max raw grad norm=4.593801e+01 | time=18.51s
🔘 No improvement (2/40) | best val=4.085491e-04
Epoch 0040/2000 | lr=1.000e-04 | train loss=1.086132e-03 | val loss=7.676586e-04 | max raw grad norm=4.909780e+00 | time=18.63s
🔘 No improvement (3/40) | best val=4.085491e-04
Epoch 0041/2000 | lr=1.000e-04 | train loss=8.103931e-04 | val loss=7.132341e-04 | max raw grad norm=3.599994e+00 | time=18.69s
🔘 No improvement (4/40) | best val=4.085491e-04
Epoch 0042/2000 | lr=1.000e-04 | train loss=6.003684e-04 | val loss=6.058829e-04 | max raw grad norm=2.625664e+00 | time=18.33s
🔘 No improvement (5/40) | best val=4.085491e-04
Epoch 0043/2000 | lr=1.000e-04 | train loss=7.285088e-04 | val loss=6.769272e-04 | max raw grad norm=5.599112e+00 | time=19.01s
🔘 No improvement (6/40) | best val=4.085491e-04
Epoch 0044/2000 | lr=1.000e-04 | train loss=4.728772e-04 | val loss=4.186987e-04 | max raw grad norm=2.342252e+00 | time=18.46s
🔘 No improvement (7/40) | best val=4.085491e-04
Epoch 0045/2000 | lr=1.000e-04 | train loss=4.050990e-04 | val loss=3.981430e-04 | max raw grad norm=4.535653e-01 | time=18.98s
🟩 Saved best checkpoint atomically: D:\Software\Python_Code\Slover\TGN\ckpt\ieee118_TGN_best.pt
Epoch 0046/2000 | lr=1.000e-04 | train loss=3.915401e-04 | val loss=3.854706e-04 | max raw grad norm=7.818108e-01 | time=18.76s
🟩 Saved best checkpoint atomically: D:\Software\Python_Code\Slover\TGN\ckpt\ieee118_TGN_best.pt
Epoch 0047/2000 | lr=1.000e-04 | train loss=3.761124e-04 | val loss=4.031801e-04 | max raw grad norm=6.825472e-01 | time=18.64s
🔘 No improvement (1/40) | best val=3.854706e-04
Epoch 0048/2000 | lr=1.000e-04 | train loss=4.945884e-04 | val loss=5.566048e-04 | max raw grad norm=2.883990e+00 | time=18.64s
🔘 No improvement (2/40) | best val=3.854706e-04
Epoch 0049/2000 | lr=1.000e-04 | train loss=4.576857e-04 | val loss=4.295347e-04 | max raw grad norm=2.368938e+00 | time=18.69s
🔘 No improvement (3/40) | best val=3.854706e-04
Epoch 0050/2000 | lr=1.000e-04 | train loss=4.363707e-04 | val loss=4.538043e-04 | max raw grad norm=1.900309e+00 | time=18.55s
🔘 No improvement (4/40) | best val=3.854706e-04
Epoch 0051/2000 | lr=1.000e-04 | train loss=4.301132e-04 | val loss=4.211534e-04 | max raw grad norm=1.766553e+00 | time=18.32s
🔘 No improvement (5/40) | best val=3.854706e-04
Epoch 0052/2000 | lr=1.000e-04 | train loss=4.333101e-04 | val loss=4.216343e-04 | max raw grad norm=1.721269e+00 | time=18.64s
🔘 No improvement (6/40) | best val=3.854706e-04
Epoch 0053/2000 | lr=1.000e-04 | train loss=4.370453e-04 | val loss=4.197343e-04 | max raw grad norm=1.810337e+00 | time=18.65s
🔘 No improvement (7/40) | best val=3.854706e-04
Epoch 0054/2000 | lr=1.000e-04 | train loss=4.173315e-04 | val loss=3.487152e-04 | max raw grad norm=2.641962e+00 | time=18.32s
🟩 Saved best checkpoint atomically: D:\Software\Python_Code\Slover\TGN\ckpt\ieee118_TGN_best.pt
Epoch 0055/2000 | lr=1.000e-04 | train loss=3.360157e-04 | val loss=3.344287e-04 | max raw grad norm=5.739474e-01 | time=18.61s
🟩 Saved best checkpoint atomically: D:\Software\Python_Code\Slover\TGN\ckpt\ieee118_TGN_best.pt
Epoch 0056/2000 | lr=1.000e-04 | train loss=3.295815e-04 | val loss=3.316270e-04 | max raw grad norm=2.308768e-01 | time=18.52s
🔘 No improvement (1/40) | best val=3.344287e-04
Epoch 0057/2000 | lr=1.000e-04 | train loss=3.250109e-04 | val loss=3.267499e-04 | max raw grad norm=2.589474e-01 | time=18.71s
🔘 No improvement (2/40) | best val=3.344287e-04
Epoch 0058/2000 | lr=1.000e-04 | train loss=3.213014e-04 | val loss=3.244480e-04 | max raw grad norm=3.700673e-01 | time=18.52s
🔘 No improvement (3/40) | best val=3.344287e-04
Epoch 0059/2000 | lr=1.000e-04 | train loss=3.187614e-04 | val loss=3.197111e-04 | max raw grad norm=4.046026e-01 | time=18.74s
🟩 Saved best checkpoint atomically: D:\Software\Python_Code\Slover\TGN\ckpt\ieee118_TGN_best.pt
Epoch 0060/2000 | lr=1.000e-04 | train loss=3.157572e-04 | val loss=3.163078e-04 | max raw grad norm=4.846497e-01 | time=18.65s
🔘 No improvement (1/40) | best val=3.197111e-04
Epoch 0061/2000 | lr=1.000e-04 | train loss=3.148072e-04 | val loss=3.365613e-04 | max raw grad norm=1.078028e+00 | time=18.51s
🔘 No improvement (2/40) | best val=3.197111e-04
Epoch 0062/2000 | lr=1.000e-04 | train loss=5.781722e-04 | val loss=1.306439e-03 | max raw grad norm=4.521357e+00 | time=18.55s
🔘 No improvement (3/40) | best val=3.197111e-04
Epoch 0063/2000 | lr=1.000e-04 | train loss=6.822728e-04 | val loss=3.349325e-04 | max raw grad norm=4.801684e+00 | time=18.81s
🔘 No improvement (4/40) | best val=3.197111e-04
Epoch 0064/2000 | lr=1.000e-04 | train loss=3.197828e-04 | val loss=3.155138e-04 | max raw grad norm=3.814814e-01 | time=18.35s
🔘 No improvement (5/40) | best val=3.197111e-04
Epoch 0065/2000 | lr=1.000e-04 | train loss=3.140195e-04 | val loss=3.294289e-04 | max raw grad norm=1.045745e+00 | time=18.59s
🔘 No improvement (6/40) | best val=3.197111e-04
Epoch 0066/2000 | lr=1.000e-04 | train loss=3.118386e-04 | val loss=3.059293e-04 | max raw grad norm=1.587802e+00 | time=19.03s
🟩 Saved best checkpoint atomically: D:\Software\Python_Code\Slover\TGN\ckpt\ieee118_TGN_best.pt
Epoch 0067/2000 | lr=1.000e-04 | train loss=4.021945e-04 | val loss=5.574574e-04 | max raw grad norm=3.326774e+00 | time=18.38s
🔘 No improvement (1/40) | best val=3.059293e-04
Epoch 0068/2000 | lr=1.000e-04 | train loss=4.454889e-04 | val loss=4.668902e-04 | max raw grad norm=2.986537e+00 | time=18.81s
🔘 No improvement (2/40) | best val=3.059293e-04
Epoch 0069/2000 | lr=1.000e-04 | train loss=3.334730e-04 | val loss=3.003066e-04 | max raw grad norm=1.537053e+00 | time=18.40s
🔘 No improvement (3/40) | best val=3.059293e-04
Epoch 0070/2000 | lr=1.000e-04 | train loss=2.992918e-04 | val loss=2.951557e-04 | max raw grad norm=9.750441e-01 | time=18.42s
🟩 Saved best checkpoint atomically: D:\Software\Python_Code\Slover\TGN\ckpt\ieee118_TGN_best.pt
Epoch 0071/2000 | lr=1.000e-04 | train loss=2.991941e-04 | val loss=3.052516e-04 | max raw grad norm=1.044917e+00 | time=18.44s
🔘 No improvement (1/40) | best val=2.951557e-04
Epoch 0072/2000 | lr=1.000e-04 | train loss=2.950270e-04 | val loss=3.008258e-04 | max raw grad norm=9.033192e-01 | time=18.63s
🔘 No improvement (2/40) | best val=2.951557e-04
Epoch 0073/2000 | lr=1.000e-04 | train loss=2.899968e-04 | val loss=3.060607e-04 | max raw grad norm=1.088764e+00 | time=19.06s
🔘 No improvement (3/40) | best val=2.951557e-04
Epoch 0074/2000 | lr=1.000e-04 | train loss=3.058268e-04 | val loss=3.046288e-04 | max raw grad norm=3.158788e+00 | time=18.61s
🔘 No improvement (4/40) | best val=2.951557e-04
Epoch 0075/2000 | lr=1.000e-04 | train loss=2.197912e-03 | val loss=1.720534e-03 | max raw grad norm=6.834343e+01 | time=18.74s
🔘 No improvement (5/40) | best val=2.951557e-04
Epoch 0076/2000 | lr=1.000e-04 | train loss=4.764818e-04 | val loss=3.289470e-04 | max raw grad norm=2.449769e+00 | time=18.63s
🔘 No improvement (6/40) | best val=2.951557e-04
Epoch 0077/2000 | lr=1.000e-04 | train loss=2.967329e-04 | val loss=3.031771e-04 | max raw grad norm=1.024342e+00 | time=18.45s
🔘 No improvement (7/40) | best val=2.951557e-04
Epoch 0078/2000 | lr=1.000e-04 | train loss=2.865404e-04 | val loss=2.925807e-04 | max raw grad norm=8.473079e-01 | time=18.86s
🔘 No improvement (8/40) | best val=2.951557e-04
Epoch 0079/2000 | lr=1.000e-04 | train loss=2.852606e-04 | val loss=2.886810e-04 | max raw grad norm=1.044163e+00 | time=18.39s
🔘 No improvement (9/40) | best val=2.951557e-04
Epoch 0080/2000 | lr=1.000e-04 | train loss=2.797016e-04 | val loss=3.145669e-04 | max raw grad norm=1.228664e+00 | time=18.84s
🔘 No improvement (10/40) | best val=2.951557e-04
Epoch 0081/2000 | lr=1.000e-04 | train loss=2.142583e-03 | val loss=2.300436e-03 | max raw grad norm=6.398252e+01 | time=18.52s
🔘 No improvement (11/40) | best val=2.951557e-04
Epoch 0082/2000 | lr=1.000e-04 | train loss=9.025306e-04 | val loss=4.007309e-04 | max raw grad norm=4.579960e+00 | time=18.71s
🔘 No improvement (12/40) | best val=2.951557e-04
Epoch 0083/2000 | lr=1.000e-04 | train loss=3.430966e-04 | val loss=2.914880e-04 | max raw grad norm=2.260592e+00 | time=18.54s
🔘 No improvement (13/40) | best val=2.951557e-04
Epoch 0084/2000 | lr=1.000e-04 | train loss=2.849724e-04 | val loss=2.829904e-04 | max raw grad norm=5.168971e-01 | time=18.59s
🟩 Saved best checkpoint atomically: D:\Software\Python_Code\Slover\TGN\ckpt\ieee118_TGN_best.pt
Epoch 0085/2000 | lr=1.000e-04 | train loss=2.785768e-04 | val loss=2.790251e-04 | max raw grad norm=3.352623e-01 | time=18.37s
🔘 No improvement (1/40) | best val=2.829904e-04
Epoch 0086/2000 | lr=1.000e-04 | train loss=2.764671e-04 | val loss=2.761275e-04 | max raw grad norm=6.796782e-01 | time=18.87s
🔘 No improvement (2/40) | best val=2.829904e-04
Epoch 0087/2000 | lr=1.000e-04 | train loss=2.752759e-04 | val loss=2.849810e-04 | max raw grad norm=1.110755e+00 | time=18.06s
🔘 No improvement (3/40) | best val=2.829904e-04
Epoch 0088/2000 | lr=1.000e-04 | train loss=2.755577e-04 | val loss=2.796139e-04 | max raw grad norm=1.205254e+00 | time=18.74s
🔘 No improvement (4/40) | best val=2.829904e-04
Epoch 0089/2000 | lr=1.000e-04 | train loss=2.797069e-04 | val loss=2.750100e-04 | max raw grad norm=1.219028e+00 | time=18.68s
🔘 No improvement (5/40) | best val=2.829904e-04
Epoch 0090/2000 | lr=1.000e-04 | train loss=2.775869e-04 | val loss=2.755534e-04 | max raw grad norm=1.191011e+00 | time=18.47s
🔘 No improvement (6/40) | best val=2.829904e-04
Epoch 0091/2000 | lr=1.000e-04 | train loss=2.775679e-04 | val loss=2.668482e-04 | max raw grad norm=1.781994e+00 | time=18.51s
🟩 Saved best checkpoint atomically: D:\Software\Python_Code\Slover\TGN\ckpt\ieee118_TGN_best.pt
Epoch 0092/2000 | lr=1.000e-04 | train loss=2.748149e-04 | val loss=2.919949e-04 | max raw grad norm=1.426226e+00 | time=18.51s
🔘 No improvement (1/40) | best val=2.668482e-04
Epoch 0093/2000 | lr=1.000e-04 | train loss=2.637632e-04 | val loss=2.619398e-04 | max raw grad norm=1.111922e+00 | time=18.60s
🔘 No improvement (2/40) | best val=2.668482e-04
Epoch 0094/2000 | lr=1.000e-04 | train loss=2.750863e-04 | val loss=3.842980e-04 | max raw grad norm=1.861217e+00 | time=18.67s
🔘 No improvement (3/40) | best val=2.668482e-04
Epoch 0095/2000 | lr=1.000e-04 | train loss=3.204365e-04 | val loss=2.570951e-04 | max raw grad norm=1.530196e+00 | time=18.54s
🔘 No improvement (4/40) | best val=2.668482e-04
Epoch 0096/2000 | lr=1.000e-04 | train loss=2.605134e-04 | val loss=2.889231e-04 | max raw grad norm=1.195364e+00 | time=18.76s
🔘 No improvement (5/40) | best val=2.668482e-04
Epoch 0097/2000 | lr=1.000e-04 | train loss=2.533746e-04 | val loss=2.542851e-04 | max raw grad norm=1.123644e+00 | time=18.38s
🟩 Saved best checkpoint atomically: D:\Software\Python_Code\Slover\TGN\ckpt\ieee118_TGN_best.pt
Epoch 0098/2000 | lr=1.000e-04 | train loss=2.532309e-04 | val loss=2.768991e-04 | max raw grad norm=8.848772e-01 | time=18.70s
🔘 No improvement (1/40) | best val=2.542851e-04
Epoch 0099/2000 | lr=1.000e-04 | train loss=2.670187e-04 | val loss=3.555267e-04 | max raw grad norm=1.535223e+00 | time=18.83s
🔘 No improvement (2/40) | best val=2.542851e-04
Epoch 0100/2000 | lr=1.000e-04 | train loss=2.636420e-04 | val loss=2.440847e-04 | max raw grad norm=1.320618e+00 | time=18.59s
🟩 Saved best checkpoint atomically: D:\Software\Python_Code\Slover\TGN\ckpt\ieee118_TGN_best.pt
Epoch 0101/2000 | lr=1.000e-04 | train loss=2.463740e-04 | val loss=2.502143e-04 | max raw grad norm=8.889592e-01 | time=18.38s
🔘 No improvement (1/40) | best val=2.440847e-04
Epoch 0102/2000 | lr=1.000e-04 | train loss=1.832938e-03 | val loss=6.507526e-04 | max raw grad norm=9.534937e+01 | time=18.74s
🔘 No improvement (2/40) | best val=2.440847e-04
Epoch 0103/2000 | lr=1.000e-04 | train loss=4.188484e-04 | val loss=2.862957e-04 | max raw grad norm=2.601471e+00 | time=18.90s
🔘 No improvement (3/40) | best val=2.440847e-04
Epoch 0104/2000 | lr=1.000e-04 | train loss=2.521389e-04 | val loss=2.441642e-04 | max raw grad norm=1.076530e+00 | time=18.71s
🔘 No improvement (4/40) | best val=2.440847e-04
Epoch 0105/2000 | lr=1.000e-04 | train loss=2.400217e-04 | val loss=2.438085e-04 | max raw grad norm=3.677243e-01 | time=18.79s
🔘 No improvement (5/40) | best val=2.440847e-04
Epoch 0106/2000 | lr=1.000e-04 | train loss=2.400549e-04 | val loss=2.386636e-04 | max raw grad norm=8.665154e-01 | time=18.75s
🔘 No improvement (6/40) | best val=2.440847e-04
Epoch 0107/2000 | lr=1.000e-04 | train loss=2.392799e-04 | val loss=2.483079e-04 | max raw grad norm=1.055500e+00 | time=18.82s
🔘 No improvement (7/40) | best val=2.440847e-04
Epoch 0108/2000 | lr=1.000e-04 | train loss=2.402813e-04 | val loss=2.584429e-04 | max raw grad norm=1.062354e+00 | time=18.73s
🔘 No improvement (8/40) | best val=2.440847e-04
Epoch 0109/2000 | lr=1.000e-04 | train loss=2.352522e-04 | val loss=2.312778e-04 | max raw grad norm=9.867182e-01 | time=18.45s
🟩 Saved best checkpoint atomically: D:\Software\Python_Code\Slover\TGN\ckpt\ieee118_TGN_best.pt
Epoch 0110/2000 | lr=1.000e-04 | train loss=2.387746e-04 | val loss=2.288170e-04 | max raw grad norm=1.223293e+00 | time=18.35s
🔘 No improvement (1/40) | best val=2.312778e-04
Epoch 0111/2000 | lr=1.000e-04 | train loss=2.357238e-04 | val loss=2.291704e-04 | max raw grad norm=1.137375e+00 | time=17.81s
🔘 No improvement (2/40) | best val=2.312778e-04
Epoch 0112/2000 | lr=1.000e-04 | train loss=2.307302e-04 | val loss=2.259047e-04 | max raw grad norm=8.268767e-01 | time=16.84s
🔘 No improvement (3/40) | best val=2.312778e-04
Epoch 0113/2000 | lr=1.000e-04 | train loss=2.284315e-04 | val loss=2.244899e-04 | max raw grad norm=7.549711e-01 | time=17.00s
🔘 No improvement (4/40) | best val=2.312778e-04
Epoch 0114/2000 | lr=1.000e-04 | train loss=2.321052e-04 | val loss=2.266873e-04 | max raw grad norm=1.120626e+00 | time=16.80s
🔘 No improvement (5/40) | best val=2.312778e-04
Epoch 0115/2000 | lr=1.000e-04 | train loss=2.278628e-04 | val loss=2.325237e-04 | max raw grad norm=1.044703e+00 | time=16.97s
🔘 No improvement (6/40) | best val=2.312778e-04
Epoch 0116/2000 | lr=1.000e-04 | train loss=2.260261e-04 | val loss=2.221611e-04 | max raw grad norm=1.117148e+00 | time=16.95s
🔘 No improvement (7/40) | best val=2.312778e-04
Epoch 0117/2000 | lr=1.000e-04 | train loss=2.217435e-04 | val loss=2.221096e-04 | max raw grad norm=1.168815e+00 | time=16.79s
🔘 No improvement (8/40) | best val=2.312778e-04
Epoch 0118/2000 | lr=1.000e-04 | train loss=2.194312e-04 | val loss=2.401111e-04 | max raw grad norm=1.103012e+00 | time=16.94s
🔘 No improvement (9/40) | best val=2.312778e-04
Epoch 0119/2000 | lr=1.000e-04 | train loss=2.242366e-04 | val loss=2.291074e-04 | max raw grad norm=1.328839e+00 | time=16.78s
🔘 No improvement (10/40) | best val=2.312778e-04
Epoch 0120/2000 | lr=1.000e-04 | train loss=3.512911e-04 | val loss=2.191606e-04 | max raw grad norm=2.944528e+00 | time=16.96s
🟩 Saved best checkpoint atomically: D:\Software\Python_Code\Slover\TGN\ckpt\ieee118_TGN_best.pt
Epoch 0121/2000 | lr=1.000e-04 | train loss=2.107025e-04 | val loss=2.105495e-04 | max raw grad norm=5.624763e-01 | time=16.86s
🔘 No improvement (1/40) | best val=2.191606e-04
Epoch 0122/2000 | lr=1.000e-04 | train loss=2.129074e-04 | val loss=2.104433e-04 | max raw grad norm=9.672680e-01 | time=16.87s
🔘 No improvement (2/40) | best val=2.191606e-04
Epoch 0123/2000 | lr=1.000e-04 | train loss=2.108160e-04 | val loss=2.065698e-04 | max raw grad norm=8.966535e-01 | time=16.92s
🟩 Saved best checkpoint atomically: D:\Software\Python_Code\Slover\TGN\ckpt\ieee118_TGN_best.pt
Epoch 0124/2000 | lr=1.000e-04 | train loss=1.195416e-02 | val loss=3.024235e-02 | max raw grad norm=1.982053e+02 | time=16.88s
Training explosion detected: validation loss 3.024235e-02 exceeds best 2.065698e-04 by more than 100x
Recovery 1/5: restored best epoch 123; lr 1.000e-04 -> 5.000e-05; early-stop window reset.
Epoch 0125/2000 | lr=5.000e-05 | train loss=2.016279e-04 | val loss=2.034558e-04 | max raw grad norm=2.332431e-01 | time=21.78s
🔘 No improvement (1/40) | best val=2.065698e-04
Epoch 0126/2000 | lr=5.000e-05 | train loss=2.008332e-04 | val loss=2.026260e-04 | max raw grad norm=1.285757e-01 | time=21.49s
🔘 No improvement (2/40) | best val=2.065698e-04
Epoch 0127/2000 | lr=5.000e-05 | train loss=1.998356e-04 | val loss=2.022628e-04 | max raw grad norm=1.063553e-01 | time=21.95s
🔘 No improvement (3/40) | best val=2.065698e-04
Epoch 0128/2000 | lr=5.000e-05 | train loss=1.991185e-04 | val loss=2.011933e-04 | max raw grad norm=1.218925e-01 | time=21.90s
🔘 No improvement (4/40) | best val=2.065698e-04
Epoch 0129/2000 | lr=5.000e-05 | train loss=1.983307e-04 | val loss=2.003491e-04 | max raw grad norm=1.098586e-01 | time=22.04s
🔘 No improvement (5/40) | best val=2.065698e-04
Epoch 0130/2000 | lr=5.000e-05 | train loss=1.975160e-04 | val loss=1.990928e-04 | max raw grad norm=1.301477e-01 | time=21.76s
🔘 No improvement (6/40) | best val=2.065698e-04
Epoch 0131/2000 | lr=5.000e-05 | train loss=1.966208e-04 | val loss=1.983569e-04 | max raw grad norm=9.955750e-02 | time=21.49s
🔘 No improvement (7/40) | best val=2.065698e-04
Epoch 0132/2000 | lr=5.000e-05 | train loss=1.958379e-04 | val loss=1.983311e-04 | max raw grad norm=1.153260e-01 | time=21.87s
🔘 No improvement (8/40) | best val=2.065698e-04
Epoch 0133/2000 | lr=5.000e-05 | train loss=1.953094e-04 | val loss=1.974477e-04 | max raw grad norm=1.377387e-01 | time=22.23s
🔘 No improvement (9/40) | best val=2.065698e-04
Epoch 0134/2000 | lr=5.000e-05 | train loss=1.945131e-04 | val loss=1.960113e-04 | max raw grad norm=2.612386e-01 | time=22.06s
🟩 Saved best checkpoint atomically: D:\Software\Python_Code\Slover\TGN\ckpt\ieee118_TGN_best.pt
Epoch 0135/2000 | lr=5.000e-05 | train loss=1.937849e-04 | val loss=1.956042e-04 | max raw grad norm=2.087731e-01 | time=21.78s
🔘 No improvement (1/40) | best val=1.960113e-04
Epoch 0136/2000 | lr=5.000e-05 | train loss=1.929319e-04 | val loss=1.941410e-04 | max raw grad norm=2.491714e-01 | time=21.86s
🔘 No improvement (2/40) | best val=1.960113e-04
Epoch 0137/2000 | lr=5.000e-05 | train loss=1.918148e-04 | val loss=1.938734e-04 | max raw grad norm=1.649062e-01 | time=21.76s
🔘 No improvement (3/40) | best val=1.960113e-04
Epoch 0138/2000 | lr=5.000e-05 | train loss=1.912959e-04 | val loss=1.935069e-04 | max raw grad norm=2.618030e-01 | time=22.00s
🔘 No improvement (4/40) | best val=1.960113e-04
Epoch 0139/2000 | lr=5.000e-05 | train loss=1.908811e-04 | val loss=1.921609e-04 | max raw grad norm=2.361334e-01 | time=21.86s
🔘 No improvement (5/40) | best val=1.960113e-04
Epoch 0140/2000 | lr=5.000e-05 | train loss=1.898202e-04 | val loss=1.923305e-04 | max raw grad norm=3.614256e-01 | time=21.98s
🔘 No improvement (6/40) | best val=1.960113e-04
Epoch 0141/2000 | lr=5.000e-05 | train loss=1.891179e-04 | val loss=1.901591e-04 | max raw grad norm=4.341383e-01 | time=21.65s
🔘 No improvement (7/40) | best val=1.960113e-04
Epoch 0142/2000 | lr=5.000e-05 | train loss=1.878850e-04 | val loss=1.915700e-04 | max raw grad norm=3.406302e-01 | time=21.58s
🔘 No improvement (8/40) | best val=1.960113e-04
Epoch 0143/2000 | lr=5.000e-05 | train loss=1.881027e-04 | val loss=1.891252e-04 | max raw grad norm=3.506447e-01 | time=21.76s
🔘 No improvement (9/40) | best val=1.960113e-04
Epoch 0144/2000 | lr=5.000e-05 | train loss=1.876241e-04 | val loss=1.902484e-04 | max raw grad norm=4.060962e-01 | time=21.74s
🔘 No improvement (10/40) | best val=1.960113e-04
Epoch 0145/2000 | lr=5.000e-05 | train loss=1.866402e-04 | val loss=1.904350e-04 | max raw grad norm=4.259446e-01 | time=21.75s
🔘 No improvement (11/40) | best val=1.960113e-04
Epoch 0146/2000 | lr=5.000e-05 | train loss=1.874300e-04 | val loss=1.902382e-04 | max raw grad norm=6.272001e-01 | time=21.71s
🔘 No improvement (12/40) | best val=1.960113e-04
Epoch 0147/2000 | lr=5.000e-05 | train loss=1.854176e-04 | val loss=1.855384e-04 | max raw grad norm=5.026497e-01 | time=21.86s
🟩 Saved best checkpoint atomically: D:\Software\Python_Code\Slover\TGN\ckpt\ieee118_TGN_best.pt
Epoch 0148/2000 | lr=5.000e-05 | train loss=1.841041e-04 | val loss=1.838385e-04 | max raw grad norm=5.533436e-01 | time=21.59s
🔘 No improvement (1/40) | best val=1.855384e-04
Epoch 0149/2000 | lr=5.000e-05 | train loss=1.850633e-04 | val loss=1.848251e-04 | max raw grad norm=8.592876e-01 | time=21.49s
🔘 No improvement (2/40) | best val=1.855384e-04
Epoch 0150/2000 | lr=5.000e-05 | train loss=1.842061e-04 | val loss=1.936186e-04 | max raw grad norm=6.008533e-01 | time=21.59s
🔘 No improvement (3/40) | best val=1.855384e-04
Epoch 0151/2000 | lr=5.000e-05 | train loss=1.823634e-04 | val loss=1.832389e-04 | max raw grad norm=6.045563e-01 | time=21.89s
🔘 No improvement (4/40) | best val=1.855384e-04
Epoch 0152/2000 | lr=5.000e-05 | train loss=1.809973e-04 | val loss=1.840925e-04 | max raw grad norm=4.463984e-01 | time=21.60s
🔘 No improvement (5/40) | best val=1.855384e-04
Epoch 0153/2000 | lr=5.000e-05 | train loss=1.819480e-04 | val loss=1.924455e-04 | max raw grad norm=5.103180e-01 | time=21.83s
🔘 No improvement (6/40) | best val=1.855384e-04
Epoch 0154/2000 | lr=5.000e-05 | train loss=1.823173e-04 | val loss=1.796407e-04 | max raw grad norm=1.036978e+00 | time=21.70s
🔘 No improvement (7/40) | best val=1.855384e-04
Epoch 0155/2000 | lr=5.000e-05 | train loss=1.830961e-04 | val loss=1.850302e-04 | max raw grad norm=1.061762e+00 | time=21.54s
🔘 No improvement (8/40) | best val=1.855384e-04
Epoch 0156/2000 | lr=5.000e-05 | train loss=1.781289e-04 | val loss=1.786308e-04 | max raw grad norm=4.425640e-01 | time=21.49s
🔘 No improvement (9/40) | best val=1.855384e-04
Epoch 0157/2000 | lr=5.000e-05 | train loss=1.770197e-04 | val loss=1.780154e-04 | max raw grad norm=4.712079e-01 | time=21.48s
🔘 No improvement (10/40) | best val=1.855384e-04
Epoch 0158/2000 | lr=5.000e-05 | train loss=1.752144e-04 | val loss=1.790858e-04 | max raw grad norm=3.320532e-01 | time=21.67s
🔘 No improvement (11/40) | best val=1.855384e-04
Epoch 0159/2000 | lr=5.000e-05 | train loss=1.802834e-04 | val loss=1.755616e-04 | max raw grad norm=9.161864e-01 | time=21.45s
🔘 No improvement (12/40) | best val=1.855384e-04
Epoch 0160/2000 | lr=5.000e-05 | train loss=1.757442e-04 | val loss=1.839488e-04 | max raw grad norm=5.533341e-01 | time=21.80s
🔘 No improvement (13/40) | best val=1.855384e-04
Epoch 0161/2000 | lr=5.000e-05 | train loss=1.763528e-04 | val loss=1.755859e-04 | max raw grad norm=5.934629e-01 | time=21.91s
🔘 No improvement (14/40) | best val=1.855384e-04
Epoch 0162/2000 | lr=5.000e-05 | train loss=1.745801e-04 | val loss=1.768520e-04 | max raw grad norm=6.818751e-01 | time=21.51s
🔘 No improvement (15/40) | best val=1.855384e-04
Epoch 0163/2000 | lr=5.000e-05 | train loss=1.747377e-04 | val loss=1.734014e-04 | max raw grad norm=4.951684e-01 | time=21.69s
🟩 Saved best checkpoint atomically: D:\Software\Python_Code\Slover\TGN\ckpt\ieee118_TGN_best.pt
Epoch 0164/2000 | lr=5.000e-05 | train loss=1.719896e-04 | val loss=1.770928e-04 | max raw grad norm=5.101365e-01 | time=21.67s
🔘 No improvement (1/40) | best val=1.734014e-04
Epoch 0165/2000 | lr=5.000e-05 | train loss=1.755010e-04 | val loss=1.716253e-04 | max raw grad norm=9.026409e-01 | time=21.75s
🔘 No improvement (2/40) | best val=1.734014e-04
Epoch 0166/2000 | lr=5.000e-05 | train loss=1.705368e-04 | val loss=1.716850e-04 | max raw grad norm=4.997453e-01 | time=21.62s
🔘 No improvement (3/40) | best val=1.734014e-04
Epoch 0167/2000 | lr=5.000e-05 | train loss=1.712041e-04 | val loss=1.721839e-04 | max raw grad norm=6.448035e-01 | time=21.84s
🔘 No improvement (4/40) | best val=1.734014e-04
Epoch 0168/2000 | lr=5.000e-05 | train loss=1.708611e-04 | val loss=1.701461e-04 | max raw grad norm=5.518939e-01 | time=21.66s
🔘 No improvement (5/40) | best val=1.734014e-04
Epoch 0169/2000 | lr=5.000e-05 | train loss=1.682653e-04 | val loss=1.703418e-04 | max raw grad norm=4.772746e-01 | time=21.60s
🔘 No improvement (6/40) | best val=1.734014e-04
Epoch 0170/2000 | lr=5.000e-05 | train loss=1.688231e-04 | val loss=1.690777e-04 | max raw grad norm=4.628502e-01 | time=21.65s
🔘 No improvement (7/40) | best val=1.734014e-04
Epoch 0171/2000 | lr=5.000e-05 | train loss=1.681750e-04 | val loss=1.689399e-04 | max raw grad norm=4.169199e-01 | time=21.88s
🔘 No improvement (8/40) | best val=1.734014e-04
Epoch 0172/2000 | lr=5.000e-05 | train loss=1.709564e-04 | val loss=1.809155e-04 | max raw grad norm=8.883908e-01 | time=21.42s
🔘 No improvement (9/40) | best val=1.734014e-04
Epoch 0173/2000 | lr=5.000e-05 | train loss=1.679124e-04 | val loss=1.689286e-04 | max raw grad norm=5.532093e-01 | time=21.71s
🔘 No improvement (10/40) | best val=1.734014e-04
Epoch 0174/2000 | lr=5.000e-05 | train loss=1.676770e-04 | val loss=1.706660e-04 | max raw grad norm=6.127039e-01 | time=21.72s
🔘 No improvement (11/40) | best val=1.734014e-04
Epoch 0175/2000 | lr=5.000e-05 | train loss=1.654990e-04 | val loss=1.670072e-04 | max raw grad norm=4.729501e-01 | time=21.63s
🔘 No improvement (12/40) | best val=1.734014e-04
Epoch 0176/2000 | lr=5.000e-05 | train loss=1.659284e-04 | val loss=1.652460e-04 | max raw grad norm=6.602591e-01 | time=21.56s
🔘 No improvement (13/40) | best val=1.734014e-04
Epoch 0177/2000 | lr=5.000e-05 | train loss=1.645708e-04 | val loss=1.644378e-04 | max raw grad norm=3.960466e-01 | time=21.22s
🔘 No improvement (14/40) | best val=1.734014e-04
Epoch 0178/2000 | lr=5.000e-05 | train loss=1.627403e-04 | val loss=1.715313e-04 | max raw grad norm=5.156427e-01 | time=21.30s
🔘 No improvement (15/40) | best val=1.734014e-04
Epoch 0179/2000 | lr=5.000e-05 | train loss=1.641724e-04 | val loss=1.942354e-04 | max raw grad norm=8.935667e-01 | time=21.35s
🔘 No improvement (16/40) | best val=1.734014e-04
Epoch 0180/2000 | lr=5.000e-05 | train loss=4.098596e-03 | val loss=6.543878e-04 | max raw grad norm=8.980966e+01 | time=21.16s
🔘 No improvement (17/40) | best val=1.734014e-04
Epoch 0181/2000 | lr=5.000e-05 | train loss=6.781118e-04 | val loss=7.258293e-04 | max raw grad norm=4.696796e+00 | time=21.19s
🔘 No improvement (18/40) | best val=1.734014e-04
Epoch 0182/2000 | lr=5.000e-05 | train loss=4.107550e-04 | val loss=3.069218e-04 | max raw grad norm=1.994339e+00 | time=20.88s
🔘 No improvement (19/40) | best val=1.734014e-04
Epoch 0183/2000 | lr=5.000e-05 | train loss=2.811219e-04 | val loss=2.662464e-04 | max raw grad norm=3.274927e-01 | time=21.21s
🔘 No improvement (20/40) | best val=1.734014e-04
Epoch 0184/2000 | lr=5.000e-05 | train loss=2.566750e-04 | val loss=2.562471e-04 | max raw grad norm=6.151010e-01 | time=21.25s
🔘 No improvement (21/40) | best val=1.734014e-04
Epoch 0185/2000 | lr=5.000e-05 | train loss=2.475093e-04 | val loss=2.376049e-04 | max raw grad norm=6.793835e-01 | time=21.28s
🔘 No improvement (22/40) | best val=1.734014e-04
Epoch 0186/2000 | lr=5.000e-05 | train loss=2.361066e-04 | val loss=2.283309e-04 | max raw grad norm=6.553903e-01 | time=21.44s
🔘 No improvement (23/40) | best val=1.734014e-04
Epoch 0187/2000 | lr=5.000e-05 | train loss=2.221280e-04 | val loss=2.316752e-04 | max raw grad norm=5.517671e-01 | time=21.31s
🔘 No improvement (24/40) | best val=1.734014e-04
Epoch 0188/2000 | lr=5.000e-05 | train loss=2.181779e-04 | val loss=2.155372e-04 | max raw grad norm=5.793819e-01 | time=21.22s
🔘 No improvement (25/40) | best val=1.734014e-04
Epoch 0189/2000 | lr=5.000e-05 | train loss=3.312416e-04 | val loss=7.212229e-04 | max raw grad norm=5.491322e+00 | time=21.48s
🔘 No improvement (26/40) | best val=1.734014e-04
Epoch 0190/2000 | lr=5.000e-05 | train loss=3.259130e-04 | val loss=2.249951e-04 | max raw grad norm=2.683556e+00 | time=21.27s
🔻 LR reduced: 5.000e-05 -> 2.500e-05; no-improvement count preserved.
🔘 No improvement (27/40) | best val=1.734014e-04
Epoch 0191/2000 | lr=2.500e-05 | train loss=2.164044e-04 | val loss=2.148576e-04 | max raw grad norm=1.651778e-01 | time=21.56s
🔘 No improvement (28/40) | best val=1.734014e-04
Epoch 0192/2000 | lr=2.500e-05 | train loss=2.097831e-04 | val loss=2.089161e-04 | max raw grad norm=1.715111e-01 | time=21.28s
🔘 No improvement (29/40) | best val=1.734014e-04
Epoch 0193/2000 | lr=2.500e-05 | train loss=2.045015e-04 | val loss=2.047124e-04 | max raw grad norm=1.545815e-01 | time=21.28s
🔘 No improvement (30/40) | best val=1.734014e-04
Epoch 0194/2000 | lr=2.500e-05 | train loss=1.997726e-04 | val loss=2.007924e-04 | max raw grad norm=1.425425e-01 | time=21.40s
🔘 No improvement (31/40) | best val=1.734014e-04
Epoch 0195/2000 | lr=2.500e-05 | train loss=1.974490e-04 | val loss=1.963298e-04 | max raw grad norm=2.530420e-01 | time=21.42s
🔘 No improvement (32/40) | best val=1.734014e-04
Epoch 0196/2000 | lr=2.500e-05 | train loss=1.940774e-04 | val loss=1.940714e-04 | max raw grad norm=2.459128e-01 | time=21.49s
🔘 No improvement (33/40) | best val=1.734014e-04
Epoch 0197/2000 | lr=2.500e-05 | train loss=1.926203e-04 | val loss=1.934440e-04 | max raw grad norm=2.430548e-01 | time=21.29s
🔘 No improvement (34/40) | best val=1.734014e-04
Epoch 0198/2000 | lr=2.500e-05 | train loss=1.897010e-04 | val loss=1.901002e-04 | max raw grad norm=2.070168e-01 | time=21.11s
🔘 No improvement (35/40) | best val=1.734014e-04
Epoch 0199/2000 | lr=2.500e-05 | train loss=1.870431e-04 | val loss=1.888081e-04 | max raw grad norm=1.482048e-01 | time=21.20s
🔘 No improvement (36/40) | best val=1.734014e-04
Epoch 0200/2000 | lr=2.500e-05 | train loss=1.859688e-04 | val loss=1.883609e-04 | max raw grad norm=1.953468e-01 | time=21.18s
🔘 No improvement (37/40) | best val=1.734014e-04
Epoch 0201/2000 | lr=2.500e-05 | train loss=1.843137e-04 | val loss=1.862785e-04 | max raw grad norm=1.991935e-01 | time=21.48s
🔘 No improvement (38/40) | best val=1.734014e-04
Epoch 0202/2000 | lr=2.500e-05 | train loss=1.846629e-04 | val loss=1.927963e-04 | max raw grad norm=4.247860e-01 | time=21.07s
🔘 No improvement (39/40) | best val=1.734014e-04
Epoch 0203/2000 | lr=2.500e-05 | train loss=1.830630e-04 | val loss=1.829320e-04 | max raw grad norm=2.907775e-01 | time=21.25s
🔘 No improvement (40/40) | best val=1.734014e-04
Early stopping
Loading checkpoint : D:\Software\Python_Code\Slover\TGN\ckpt\ieee118_TGN_best.pt
Checkpoint loaded  : OK (version=3, protocol=paper_lr_clip_recovery_plateau_v3, epoch=163)
Testing summary    : running full metrics

===== test metrics (tol=0.001) =====
samples                         : 4000
mean max |dP| over non-slack    : 1.848490e-02
worst max |dP| over non-slack   : 7.937440e-02
mean max |dQ| over PQ           : 5.750546e-03
worst max |dQ| over PQ          : 3.510813e-02
RMSE |dP| over non-slack        : 7.622157e-03
RMSE |dQ| over PQ               : 2.244687e-03
convergence rate                : 0.000000
Success rate (<0.1)             : 1.000000
Success rate (<0.01)            : 0.295750
Success rate (<0.001)           : 0.000000

===== Paper Eq. (22) Voltage Accuracy =====
valid N-R reference samples     : 4000
finite prediction samples       : 4000
non-finite prediction failures  : 0
prediction finite coverage      : 1.000000
voltage magnitude RMSE (p.u.)   : 2.528857e-04
voltage phase RMSE (rad)        : 2.849496e-02
voltage magnitude correlation   : 0.999940
voltage phase correlation       : 0.977765
Test evaluation time             : 0.824452 s
Testing heatmap    : running cell metrics

===== Batch Full-Test Summary By Heatmap Cell =====
X=[-2.0,-1.8], PQ=[-2.0,-1.8]: count:10, ill:0, Ang_MAX:1.088822e-01, Vol_MAX:2.814710e-03, Ang_mean+-std:5.646989e-02+-3.178688e-02, Vol_mean+-std:1.767480e-03+-5.851002e-04, P_MAX:5.228e-02, Q_MAX:1.625e-02, P_mean+-std:3.049e-02+-1.084e-02, Q_mean+-std:9.953e-03+-2.733e-03, P_RMSE:1.081e-02, Q_RMSE:3.275e-03, Success rate (<0.1):1.000000, Success rate (<0.01):0.000000, Success rate (<0.001):0.000000
X=[-2.0,-1.8], PQ=[-1.8,-1.6]: count:10, ill:0, Ang_MAX:8.402967e-02, Vol_MAX:2.459466e-03, Ang_mean+-std:5.972107e-02+-1.921702e-02, Vol_mean+-std:1.493257e-03+-5.131583e-04, P_MAX:3.655e-02, Q_MAX:1.167e-02, P_mean+-std:2.403e-02+-5.998e-03, Q_mean+-std:8.054e-03+-1.794e-03, P_RMSE:9.653e-03, Q_RMSE:2.922e-03, Success rate (<0.1):1.000000, Success rate (<0.01):0.000000, Success rate (<0.001):0.000000
X=[-2.0,-1.8], PQ=[-1.6,-1.4]: count:10, ill:0, Ang_MAX:1.619935e-01, Vol_MAX:3.495455e-03, Ang_mean+-std:6.685615e-02+-3.872353e-02, Vol_mean+-std:1.666868e-03+-7.644291e-04, P_MAX:5.412e-02, Q_MAX:1.272e-02, P_mean+-std:3.171e-02+-1.054e-02, Q_mean+-std:9.507e-03+-1.953e-03, P_RMSE:1.183e-02, Q_RMSE:3.030e-03, Success rate (<0.1):1.000000, Success rate (<0.01):0.000000, Success rate (<0.001):0.000000
X=[-2.0,-1.8], PQ=[-1.4,-1.2]: count:10, ill:0, Ang_MAX:1.418924e-01, Vol_MAX:3.706694e-03, Ang_mean+-std:5.338983e-02+-3.198601e-02, Vol_mean+-std:1.451898e-03+-7.863557e-04, P_MAX:4.173e-02, Q_MAX:1.186e-02, P_mean+-std:2.289e-02+-9.633e-03, Q_mean+-std:6.687e-03+-2.162e-03, P_RMSE:9.242e-03, Q_RMSE:2.441e-03, Success rate (<0.1):1.000000, Success rate (<0.01):0.000000, Success rate (<0.001):0.000000
X=[-2.0,-1.8], PQ=[-1.2,-1.0]: count:10, ill:0, Ang_MAX:1.236283e-01, Vol_MAX:2.792656e-03, Ang_mean+-std:4.741516e-02+-3.230923e-02, Vol_mean+-std:1.046044e-03+-7.120446e-04, P_MAX:4.503e-02, Q_MAX:7.836e-03, P_mean+-std:2.271e-02+-1.015e-02, Q_mean+-std:5.623e-03+-1.219e-03, P_RMSE:8.541e-03, Q_RMSE:2.232e-03, Success rate (<0.1):1.000000, Success rate (<0.01):0.000000, Success rate (<0.001):0.000000
X=[-2.0,-1.8], PQ=[-1.0,-0.8]: count:10, ill:0, Ang_MAX:6.978545e-02, Vol_MAX:1.560271e-03, Ang_mean+-std:4.212682e-02+-1.275213e-02, Vol_mean+-std:9.916604e-04+-3.431516e-04, P_MAX:3.691e-02, Q_MAX:7.675e-03, P_mean+-std:2.025e-02+-6.852e-03, Q_mean+-std:5.493e-03+-1.369e-03, P_RMSE:6.289e-03, Q_RMSE:2.002e-03, Success rate (<0.1):1.000000, Success rate (<0.01):0.000000, Success rate (<0.001):0.000000
X=[-2.0,-1.8], PQ=[-0.8,-0.6]: count:10, ill:0, Ang_MAX:5.033368e-02, Vol_MAX:1.141667e-03, Ang_mean+-std:2.839593e-02+-1.517605e-02, Vol_mean+-std:7.996738e-04+-2.686736e-04, P_MAX:2.264e-02, Q_MAX:5.280e-03, P_mean+-std:1.404e-02+-5.178e-03, Q_mean+-std:4.328e-03+-7.098e-04, P_RMSE:5.456e-03, Q_RMSE:1.715e-03, Success rate (<0.1):1.000000, Success rate (<0.01):0.300000, Success rate (<0.001):0.000000
X=[-2.0,-1.8], PQ=[-0.6,-0.4]: count:10, ill:0, Ang_MAX:3.262083e-02, Vol_MAX:7.290840e-04, Ang_mean+-std:2.012196e-02+-6.870372e-03, Vol_mean+-std:4.879177e-04+-1.517541e-04, P_MAX:1.674e-02, Q_MAX:4.834e-03, P_mean+-std:1.072e-02+-3.554e-03, Q_mean+-std:3.567e-03+-6.191e-04, P_RMSE:3.500e-03, Q_RMSE:1.422e-03, Success rate (<0.1):1.000000, Success rate (<0.01):0.500000, Success rate (<0.001):0.000000
X=[-2.0,-1.8], PQ=[-0.4,-0.2]: count:10, ill:0, Ang_MAX:2.287759e-02, Vol_MAX:7.293820e-04, Ang_mean+-std:1.072675e-02+-6.441069e-03, Vol_mean+-std:3.793657e-04+-1.386706e-04, P_MAX:9.735e-03, Q_MAX:3.801e-03, P_mean+-std:7.272e-03+-1.574e-03, Q_mean+-std:3.260e-03+-4.486e-04, P_RMSE:2.523e-03, Q_RMSE:1.297e-03, Success rate (<0.1):1.000000, Success rate (<0.01):1.000000, Success rate (<0.001):0.000000
X=[-2.0,-1.8], PQ=[-0.2,0.0]: count:10, ill:0, Ang_MAX:1.665571e-02, Vol_MAX:3.340840e-04, Ang_mean+-std:5.797558e-03+-4.369233e-03, Vol_mean+-std:2.739489e-04+-3.982800e-05, P_MAX:8.420e-03, Q_MAX:4.191e-03, P_mean+-std:6.555e-03+-9.093e-04, Q_mean+-std:3.070e-03+-5.190e-04, P_RMSE:2.134e-03, Q_RMSE:1.233e-03, Success rate (<0.1):1.000000, Success rate (<0.01):1.000000, Success rate (<0.001):0.000000
X=[-2.0,-1.8], PQ=[0.0,0.2]: count:10, ill:0, Ang_MAX:1.129931e-02, Vol_MAX:3.423691e-04, Ang_mean+-std:5.202709e-03+-2.794814e-03, Vol_mean+-std:2.564490e-04+-4.175969e-05, P_MAX:7.254e-03, Q_MAX:3.244e-03, P_mean+-std:6.227e-03+-6.172e-04, Q_mean+-std:2.781e-03+-2.078e-04, P_RMSE:2.022e-03, Q_RMSE:1.212e-03, Success rate (<0.1):1.000000, Success rate (<0.01):1.000000, Success rate (<0.001):0.000000
X=[-2.0,-1.8], PQ=[0.2,0.4]: count:10, ill:0, Ang_MAX:2.380455e-02, Vol_MAX:6.077886e-04, Ang_mean+-std:1.224598e-02+-5.241414e-03, Vol_mean+-std:4.473031e-04+-9.327155e-05, P_MAX:1.380e-02, Q_MAX:4.348e-03, P_mean+-std:7.777e-03+-2.206e-03, Q_mean+-std:3.389e-03+-4.752e-04, P_RMSE:2.700e-03, Q_RMSE:1.327e-03, Success rate (<0.1):1.000000, Success rate (<0.01):0.900000, Success rate (<0.001):0.000000
X=[-2.0,-1.8], PQ=[0.4,0.6]: count:10, ill:0, Ang_MAX:3.539810e-02, Vol_MAX:7.757545e-04, Ang_mean+-std:1.733757e-02+-1.195096e-02, Vol_mean+-std:4.875302e-04+-1.528087e-04, P_MAX:1.511e-02, Q_MAX:3.540e-03, P_mean+-std:1.003e-02+-2.864e-03, Q_mean+-std:3.176e-03+-2.706e-04, P_RMSE:3.600e-03, Q_RMSE:1.449e-03, Success rate (<0.1):1.000000, Success rate (<0.01):0.600000, Success rate (<0.001):0.000000
X=[-2.0,-1.8], PQ=[0.6,0.8]: count:10, ill:0, Ang_MAX:5.621699e-02, Vol_MAX:1.093745e-03, Ang_mean+-std:1.815973e-02+-1.441760e-02, Vol_mean+-std:5.996943e-04+-2.302474e-04, P_MAX:1.898e-02, Q_MAX:5.917e-03, P_mean+-std:1.106e-02+-4.590e-03, Q_mean+-std:4.196e-03+-1.026e-03, P_RMSE:4.081e-03, Q_RMSE:1.676e-03, Success rate (<0.1):1.000000, Success rate (<0.01):0.600000, Success rate (<0.001):0.000000
X=[-2.0,-1.8], PQ=[0.8,1.0]: count:10, ill:0, Ang_MAX:5.551511e-02, Vol_MAX:1.519859e-03, Ang_mean+-std:3.375233e-02+-1.748752e-02, Vol_mean+-std:8.708775e-04+-3.328540e-04, P_MAX:3.004e-02, Q_MAX:6.824e-03, P_mean+-std:1.529e-02+-6.572e-03, Q_mean+-std:4.788e-03+-9.992e-04, P_RMSE:5.636e-03, Q_RMSE:1.782e-03, Success rate (<0.1):1.000000, Success rate (<0.01):0.300000, Success rate (<0.001):0.000000
X=[-2.0,-1.8], PQ=[1.0,1.2]: count:10, ill:0, Ang_MAX:8.320565e-02, Vol_MAX:2.798438e-03, Ang_mean+-std:5.018248e-02+-2.077318e-02, Vol_mean+-std:1.285130e-03+-5.633716e-04, P_MAX:3.595e-02, Q_MAX:8.933e-03, P_mean+-std:2.303e-02+-8.007e-03, Q_mean+-std:5.611e-03+-1.393e-03, P_RMSE:8.109e-03, Q_RMSE:2.249e-03, Success rate (<0.1):1.000000, Success rate (<0.01):0.000000, Success rate (<0.001):0.000000
X=[-2.0,-1.8], PQ=[1.2,1.4]: count:10, ill:0, Ang_MAX:5.820625e-02, Vol_MAX:2.021849e-03, Ang_mean+-std:4.651698e-02+-9.776104e-03, Vol_mean+-std:1.368833e-03+-4.238298e-04, P_MAX:3.039e-02, Q_MAX:8.323e-03, P_mean+-std:1.933e-02+-6.219e-03, Q_mean+-std:6.689e-03+-8.582e-04, P_RMSE:7.488e-03, Q_RMSE:2.404e-03, Success rate (<0.1):1.000000, Success rate (<0.01):0.000000, Success rate (<0.001):0.000000
X=[-2.0,-1.8], PQ=[1.4,1.6]: count:10, ill:0, Ang_MAX:1.255961e-01, Vol_MAX:3.302097e-03, Ang_mean+-std:5.810469e-02+-3.654202e-02, Vol_mean+-std:1.705807e-03+-8.234967e-04, P_MAX:3.421e-02, Q_MAX:1.121e-02, P_mean+-std:2.608e-02+-6.159e-03, Q_mean+-std:6.404e-03+-1.948e-03, P_RMSE:9.981e-03, Q_RMSE:2.629e-03, Success rate (<0.1):1.000000, Success rate (<0.01):0.000000, Success rate (<0.001):0.000000
X=[-2.0,-1.8], PQ=[1.6,1.8]: count:10, ill:0, Ang_MAX:9.973699e-02, Vol_MAX:2.501130e-03, Ang_mean+-std:6.250706e-02+-1.944723e-02, Vol_mean+-std:1.769996e-03+-4.579548e-04, P_MAX:3.831e-02, Q_MAX:1.885e-02, P_mean+-std:2.915e-02+-6.098e-03, Q_mean+-std:9.918e-03+-4.128e-03, P_RMSE:1.113e-02, Q_RMSE:3.008e-03, Success rate (<0.1):1.000000, Success rate (<0.01):0.000000, Success rate (<0.001):0.000000
X=[-2.0,-1.8], PQ=[1.8,2.0]: count:10, ill:0, Ang_MAX:1.317000e-01, Vol_MAX:1.826763e-03, Ang_mean+-std:6.852458e-02+-3.194709e-02, Vol_mean+-std:1.436132e-03+-2.872972e-04, P_MAX:5.220e-02, Q_MAX:1.128e-02, P_mean+-std:3.147e-02+-1.374e-02, Q_mean+-std:8.365e-03+-1.932e-03, P_RMSE:1.113e-02, Q_RMSE:3.091e-03, Success rate (<0.1):1.000000, Success rate (<0.01):0.000000, Success rate (<0.001):0.000000
X=[-1.8,-1.6], PQ=[-2.0,-1.8]: count:10, ill:0, Ang_MAX:9.634260e-02, Vol_MAX:3.089190e-03, Ang_mean+-std:6.667271e-02+-1.874660e-02, Vol_mean+-std:2.086097e-03+-6.449932e-04, P_MAX:5.168e-02, Q_MAX:1.327e-02, P_mean+-std:3.493e-02+-7.994e-03, Q_mean+-std:1.103e-02+-1.912e-03, P_RMSE:1.126e-02, Q_RMSE:3.470e-03, Success rate (<0.1):1.000000, Success rate (<0.01):0.000000, Success rate (<0.001):0.000000
X=[-1.8,-1.6], PQ=[-1.8,-1.6]: count:10, ill:0, Ang_MAX:9.196481e-02, Vol_MAX:1.884401e-03, Ang_mean+-std:5.980122e-02+-2.192380e-02, Vol_mean+-std:1.414007e-03+-3.221516e-04, P_MAX:4.242e-02, Q_MAX:1.277e-02, P_mean+-std:2.382e-02+-7.940e-03, Q_mean+-std:7.944e-03+-2.527e-03, P_RMSE:9.636e-03, Q_RMSE:2.885e-03, Success rate (<0.1):1.000000, Success rate (<0.01):0.000000, Success rate (<0.001):0.000000
X=[-1.8,-1.6], PQ=[-1.6,-1.4]: count:10, ill:0, Ang_MAX:7.859100e-02, Vol_MAX:1.450002e-03, Ang_mean+-std:4.717279e-02+-1.927609e-02, Vol_mean+-std:1.000434e-03+-3.242326e-04, P_MAX:3.312e-02, Q_MAX:7.450e-03, P_mean+-std:2.188e-02+-7.392e-03, Q_mean+-std:6.104e-03+-8.570e-04, P_RMSE:8.354e-03, Q_RMSE:2.445e-03, Success rate (<0.1):1.000000, Success rate (<0.01):0.000000, Success rate (<0.001):0.000000
X=[-1.8,-1.6], PQ=[-1.4,-1.2]: count:10, ill:0, Ang_MAX:8.342201e-02, Vol_MAX:2.240956e-03, Ang_mean+-std:4.797242e-02+-2.227391e-02, Vol_mean+-std:1.246631e-03+-4.395309e-04, P_MAX:4.008e-02, Q_MAX:7.140e-03, P_mean+-std:2.433e-02+-7.528e-03, Q_mean+-std:5.831e-03+-8.836e-04, P_RMSE:8.539e-03, Q_RMSE:2.339e-03, Success rate (<0.1):1.000000, Success rate (<0.01):0.000000, Success rate (<0.001):0.000000
X=[-1.8,-1.6], PQ=[-1.2,-1.0]: count:10, ill:0, Ang_MAX:9.647525e-02, Vol_MAX:2.637029e-03, Ang_mean+-std:5.406423e-02+-2.658154e-02, Vol_mean+-std:1.527756e-03+-5.340263e-04, P_MAX:4.482e-02, Q_MAX:7.047e-03, P_mean+-std:2.020e-02+-9.023e-03, Q_mean+-std:5.375e-03+-8.889e-04, P_RMSE:8.019e-03, Q_RMSE:2.121e-03, Success rate (<0.1):1.000000, Success rate (<0.01):0.000000, Success rate (<0.001):0.000000
X=[-1.8,-1.6], PQ=[-1.0,-0.8]: count:10, ill:0, Ang_MAX:6.527315e-02, Vol_MAX:1.795471e-03, Ang_mean+-std:4.168348e-02+-1.323751e-02, Vol_mean+-std:1.127833e-03+-4.331105e-04, P_MAX:3.342e-02, Q_MAX:5.746e-03, P_mean+-std:1.916e-02+-5.742e-03, Q_mean+-std:4.740e-03+-6.166e-04, P_RMSE:6.864e-03, Q_RMSE:1.986e-03, Success rate (<0.1):1.000000, Success rate (<0.01):0.000000, Success rate (<0.001):0.000000
X=[-1.8,-1.6], PQ=[-0.8,-0.6]: count:10, ill:0, Ang_MAX:3.868790e-02, Vol_MAX:1.310647e-03, Ang_mean+-std:1.788577e-02+-1.046887e-02, Vol_mean+-std:6.120503e-04+-2.789018e-04, P_MAX:1.348e-02, Q_MAX:4.664e-03, P_mean+-std:9.689e-03+-2.166e-03, Q_mean+-std:3.859e-03+-4.685e-04, P_RMSE:3.629e-03, Q_RMSE:1.532e-03, Success rate (<0.1):1.000000, Success rate (<0.01):0.500000, Success rate (<0.001):0.000000
X=[-1.8,-1.6], PQ=[-0.6,-0.4]: count:10, ill:0, Ang_MAX:2.804026e-02, Vol_MAX:1.016080e-03, Ang_mean+-std:1.820914e-02+-5.735257e-03, Vol_mean+-std:5.241036e-04+-2.187857e-04, P_MAX:1.493e-02, Q_MAX:4.083e-03, P_mean+-std:9.208e-03+-2.779e-03, Q_mean+-std:3.519e-03+-3.651e-04, P_RMSE:3.573e-03, Q_RMSE:1.430e-03, Success rate (<0.1):1.000000, Success rate (<0.01):0.700000, Success rate (<0.001):0.000000
X=[-1.8,-1.6], PQ=[-0.4,-0.2]: count:10, ill:0, Ang_MAX:1.795030e-02, Vol_MAX:6.591082e-04, Ang_mean+-std:9.206149e-03+-4.469228e-03, Vol_mean+-std:3.420174e-04+-1.200268e-04, P_MAX:1.094e-02, Q_MAX:4.496e-03, P_mean+-std:6.698e-03+-1.912e-03, Q_mean+-std:3.441e-03+-6.527e-04, P_RMSE:2.295e-03, Q_RMSE:1.315e-03, Success rate (<0.1):1.000000, Success rate (<0.01):0.900000, Success rate (<0.001):0.000000
X=[-1.8,-1.6], PQ=[-0.2,0.0]: count:10, ill:0, Ang_MAX:8.516743e-03, Vol_MAX:3.342032e-04, Ang_mean+-std:4.199791e-03+-2.328057e-03, Vol_mean+-std:2.530873e-04+-3.948568e-05, P_MAX:6.722e-03, Q_MAX:5.030e-03, P_mean+-std:5.984e-03+-4.550e-04, Q_mean+-std:3.486e-03+-7.709e-04, P_RMSE:2.012e-03, Q_RMSE:1.263e-03, Success rate (<0.1):1.000000, Success rate (<0.01):1.000000, Success rate (<0.001):0.000000
X=[-1.8,-1.6], PQ=[0.0,0.2]: count:10, ill:0, Ang_MAX:1.158768e-02, Vol_MAX:3.266931e-04, Ang_mean+-std:5.193080e-03+-3.301861e-03, Vol_mean+-std:2.581716e-04+-4.036976e-05, P_MAX:7.567e-03, Q_MAX:3.929e-03, P_mean+-std:6.126e-03+-7.297e-04, Q_mean+-std:3.020e-03+-4.862e-04, P_RMSE:2.046e-03, Q_RMSE:1.236e-03, Success rate (<0.1):1.000000, Success rate (<0.01):1.000000, Success rate (<0.001):0.000000
X=[-1.8,-1.6], PQ=[0.2,0.4]: count:10, ill:0, Ang_MAX:3.550977e-02, Vol_MAX:6.317496e-04, Ang_mean+-std:1.556581e-02+-8.518973e-03, Vol_mean+-std:4.586697e-04+-1.371921e-04, P_MAX:1.901e-02, Q_MAX:4.167e-03, P_mean+-std:9.259e-03+-3.733e-03, Q_mean+-std:3.329e-03+-5.271e-04, P_RMSE:3.232e-03, Q_RMSE:1.344e-03, Success rate (<0.1):1.000000, Success rate (<0.01):0.800000, Success rate (<0.001):0.000000
X=[-1.8,-1.6], PQ=[0.4,0.6]: count:10, ill:0, Ang_MAX:4.521614e-02, Vol_MAX:9.486079e-04, Ang_mean+-std:2.417396e-02+-1.024722e-02, Vol_mean+-std:6.023288e-04+-2.152900e-04, P_MAX:1.616e-02, Q_MAX:4.355e-03, P_mean+-std:1.058e-02+-2.485e-03, Q_mean+-std:3.588e-03+-4.696e-04, P_RMSE:3.885e-03, Q_RMSE:1.457e-03, Success rate (<0.1):1.000000, Success rate (<0.01):0.600000, Success rate (<0.001):0.000000
X=[-1.8,-1.6], PQ=[0.6,0.8]: count:10, ill:0, Ang_MAX:6.117372e-02, Vol_MAX:1.558781e-03, Ang_mean+-std:2.673447e-02+-1.424016e-02, Vol_mean+-std:5.843461e-04+-3.360798e-04, P_MAX:1.709e-02, Q_MAX:4.430e-03, P_mean+-std:1.136e-02+-2.679e-03, Q_mean+-std:4.036e-03+-2.829e-04, P_RMSE:4.431e-03, Q_RMSE:1.634e-03, Success rate (<0.1):1.000000, Success rate (<0.01):0.500000, Success rate (<0.001):0.000000
X=[-1.8,-1.6], PQ=[0.8,1.0]: count:10, ill:0, Ang_MAX:7.962546e-02, Vol_MAX:2.136588e-03, Ang_mean+-std:3.432262e-02+-1.965430e-02, Vol_mean+-std:1.109201e-03+-4.488109e-04, P_MAX:2.482e-02, Q_MAX:7.155e-03, P_mean+-std:1.725e-02+-4.302e-03, Q_mean+-std:4.879e-03+-8.539e-04, P_RMSE:6.004e-03, Q_RMSE:1.908e-03, Success rate (<0.1):1.000000, Success rate (<0.01):0.000000, Success rate (<0.001):0.000000
X=[-1.8,-1.6], PQ=[1.0,1.2]: count:10, ill:0, Ang_MAX:1.003009e-01, Vol_MAX:2.265871e-03, Ang_mean+-std:3.991752e-02+-2.469218e-02, Vol_mean+-std:1.081496e-03+-5.919691e-04, P_MAX:4.099e-02, Q_MAX:7.736e-03, P_mean+-std:1.881e-02+-9.657e-03, Q_mean+-std:5.657e-03+-1.434e-03, P_RMSE:7.268e-03, Q_RMSE:2.096e-03, Success rate (<0.1):1.000000, Success rate (<0.01):0.100000, Success rate (<0.001):0.000000
X=[-1.8,-1.6], PQ=[1.2,1.4]: count:10, ill:0, Ang_MAX:8.019601e-02, Vol_MAX:1.850843e-03, Ang_mean+-std:4.666975e-02+-1.399598e-02, Vol_mean+-std:1.027292e-03+-4.147447e-04, P_MAX:4.224e-02, Q_MAX:8.857e-03, P_mean+-std:2.228e-02+-8.051e-03, Q_mean+-std:6.494e-03+-1.265e-03, P_RMSE:8.073e-03, Q_RMSE:2.369e-03, Success rate (<0.1):1.000000, Success rate (<0.01):0.000000, Success rate (<0.001):0.000000
X=[-1.8,-1.6], PQ=[1.4,1.6]: count:10, ill:0, Ang_MAX:7.433594e-02, Vol_MAX:2.362609e-03, Ang_mean+-std:4.410856e-02+-1.586130e-02, Vol_mean+-std:1.228893e-03+-5.445654e-04, P_MAX:4.957e-02, Q_MAX:1.283e-02, P_mean+-std:2.186e-02+-1.066e-02, Q_mean+-std:7.075e-03+-2.333e-03, P_RMSE:7.654e-03, Q_RMSE:2.493e-03, Success rate (<0.1):1.000000, Success rate (<0.01):0.000000, Success rate (<0.001):0.000000
X=[-1.8,-1.6], PQ=[1.6,1.8]: count:10, ill:0, Ang_MAX:1.612429e-01, Vol_MAX:3.956258e-03, Ang_mean+-std:5.638801e-02+-4.198949e-02, Vol_mean+-std:1.668882e-03+-8.754096e-04, P_MAX:5.038e-02, Q_MAX:1.301e-02, P_mean+-std:2.669e-02+-1.364e-02, Q_mean+-std:8.899e-03+-2.081e-03, P_RMSE:1.045e-02, Q_RMSE:3.067e-03, Success rate (<0.1):1.000000, Success rate (<0.01):0.000000, Success rate (<0.001):0.000000
X=[-1.8,-1.6], PQ=[1.8,2.0]: count:10, ill:0, Ang_MAX:1.561425e-01, Vol_MAX:3.773391e-03, Ang_mean+-std:7.072971e-02+-3.220614e-02, Vol_mean+-std:1.521933e-03+-8.182374e-04, P_MAX:4.083e-02, Q_MAX:1.269e-02, P_mean+-std:3.274e-02+-4.934e-03, Q_mean+-std:9.529e-03+-2.296e-03, P_RMSE:1.139e-02, Q_RMSE:3.235e-03, Success rate (<0.1):1.000000, Success rate (<0.01):0.000000, Success rate (<0.001):0.000000
X=[-1.6,-1.4], PQ=[-2.0,-1.8]: count:10, ill:0, Ang_MAX:1.204804e-01, Vol_MAX:2.753675e-03, Ang_mean+-std:7.214662e-02+-3.496254e-02, Vol_mean+-std:1.901007e-03+-5.488619e-04, P_MAX:5.808e-02, Q_MAX:1.056e-02, P_mean+-std:2.955e-02+-1.304e-02, Q_mean+-std:9.219e-03+-1.028e-03, P_RMSE:1.176e-02, Q_RMSE:3.209e-03, Success rate (<0.1):1.000000, Success rate (<0.01):0.000000, Success rate (<0.001):0.000000
X=[-1.6,-1.4], PQ=[-1.8,-1.6]: count:10, ill:0, Ang_MAX:6.800830e-02, Vol_MAX:1.842380e-03, Ang_mean+-std:4.430051e-02+-1.532699e-02, Vol_mean+-std:1.264095e-03+-3.960626e-04, P_MAX:3.672e-02, Q_MAX:1.236e-02, P_mean+-std:2.528e-02+-7.691e-03, Q_mean+-std:7.986e-03+-1.745e-03, P_RMSE:8.503e-03, Q_RMSE:2.769e-03, Success rate (<0.1):1.000000, Success rate (<0.01):0.000000, Success rate (<0.001):0.000000
X=[-1.6,-1.4], PQ=[-1.6,-1.4]: count:10, ill:0, Ang_MAX:1.162624e-01, Vol_MAX:2.978563e-03, Ang_mean+-std:6.838251e-02+-2.225596e-02, Vol_mean+-std:1.637149e-03+-5.417153e-04, P_MAX:3.672e-02, Q_MAX:1.377e-02, P_mean+-std:2.633e-02+-5.706e-03, Q_mean+-std:7.483e-03+-2.240e-03, P_RMSE:1.038e-02, Q_RMSE:2.716e-03, Success rate (<0.1):1.000000, Success rate (<0.01):0.000000, Success rate (<0.001):0.000000
X=[-1.6,-1.4], PQ=[-1.4,-1.2]: count:10, ill:0, Ang_MAX:8.832725e-02, Vol_MAX:2.992153e-03, Ang_mean+-std:5.363868e-02+-2.053897e-02, Vol_mean+-std:1.510251e-03+-7.729442e-04, P_MAX:4.088e-02, Q_MAX:1.009e-02, P_mean+-std:2.540e-02+-7.370e-03, Q_mean+-std:6.449e-03+-1.460e-03, P_RMSE:9.140e-03, Q_RMSE:2.479e-03, Success rate (<0.1):1.000000, Success rate (<0.01):0.000000, Success rate (<0.001):0.000000
X=[-1.6,-1.4], PQ=[-1.2,-1.0]: count:10, ill:0, Ang_MAX:7.620451e-02, Vol_MAX:2.383709e-03, Ang_mean+-std:4.505423e-02+-1.843288e-02, Vol_mean+-std:1.079118e-03+-5.040108e-04, P_MAX:3.186e-02, Q_MAX:8.032e-03, P_mean+-std:2.071e-02+-7.415e-03, Q_mean+-std:5.708e-03+-1.583e-03, P_RMSE:7.473e-03, Q_RMSE:2.116e-03, Success rate (<0.1):1.000000, Success rate (<0.01):0.000000, Success rate (<0.001):0.000000
X=[-1.6,-1.4], PQ=[-1.0,-0.8]: count:10, ill:0, Ang_MAX:5.594726e-02, Vol_MAX:1.347125e-03, Ang_mean+-std:3.996647e-02+-1.399030e-02, Vol_mean+-std:9.544492e-04+-2.337982e-04, P_MAX:2.789e-02, Q_MAX:6.704e-03, P_mean+-std:1.853e-02+-4.915e-03, Q_mean+-std:4.654e-03+-8.319e-04, P_RMSE:6.349e-03, Q_RMSE:1.867e-03, Success rate (<0.1):1.000000, Success rate (<0.01):0.100000, Success rate (<0.001):0.000000
X=[-1.6,-1.4], PQ=[-0.8,-0.6]: count:10, ill:0, Ang_MAX:4.875387e-02, Vol_MAX:1.496136e-03, Ang_mean+-std:2.548948e-02+-1.044052e-02, Vol_mean+-std:7.070065e-04+-3.063552e-04, P_MAX:2.544e-02, Q_MAX:5.004e-03, P_mean+-std:1.279e-02+-5.352e-03, Q_mean+-std:3.846e-03+-5.860e-04, P_RMSE:4.445e-03, Q_RMSE:1.573e-03, Success rate (<0.1):1.000000, Success rate (<0.01):0.400000, Success rate (<0.001):0.000000
X=[-1.6,-1.4], PQ=[-0.6,-0.4]: count:10, ill:0, Ang_MAX:3.738436e-02, Vol_MAX:1.049936e-03, Ang_mean+-std:2.306736e-02+-9.947918e-03, Vol_mean+-std:6.299257e-04+-2.705405e-04, P_MAX:2.023e-02, Q_MAX:4.652e-03, P_mean+-std:1.138e-02+-4.118e-03, Q_mean+-std:3.459e-03+-4.683e-04, P_RMSE:4.042e-03, Q_RMSE:1.471e-03, Success rate (<0.1):1.000000, Success rate (<0.01):0.500000, Success rate (<0.001):0.000000
X=[-1.6,-1.4], PQ=[-0.4,-0.2]: count:10, ill:0, Ang_MAX:2.227639e-02, Vol_MAX:5.043745e-04, Ang_mean+-std:9.705843e-03+-5.863219e-03, Vol_mean+-std:3.147364e-04+-1.029626e-04, P_MAX:1.135e-02, Q_MAX:4.003e-03, P_mean+-std:7.435e-03+-1.933e-03, Q_mean+-std:3.236e-03+-4.465e-04, P_RMSE:2.486e-03, Q_RMSE:1.324e-03, Success rate (<0.1):1.000000, Success rate (<0.01):0.800000, Success rate (<0.001):0.000000
X=[-1.6,-1.4], PQ=[-0.2,0.0]: count:10, ill:0, Ang_MAX:7.768094e-03, Vol_MAX:2.807975e-04, Ang_mean+-std:4.030108e-03+-1.588339e-03, Vol_mean+-std:2.510846e-04+-2.759013e-05, P_MAX:7.595e-03, Q_MAX:4.435e-03, P_mean+-std:6.044e-03+-7.249e-04, Q_mean+-std:3.253e-03+-6.522e-04, P_RMSE:1.960e-03, Q_RMSE:1.233e-03, Success rate (<0.1):1.000000, Success rate (<0.01):1.000000, Success rate (<0.001):0.000000
X=[-1.6,-1.4], PQ=[0.0,0.2]: count:10, ill:0, Ang_MAX:1.234233e-02, Vol_MAX:3.468990e-04, Ang_mean+-std:4.710586e-03+-2.905184e-03, Vol_mean+-std:2.685785e-04+-4.107100e-05, P_MAX:6.998e-03, Q_MAX:3.938e-03, P_mean+-std:5.886e-03+-5.329e-04, Q_mean+-std:2.986e-03+-3.863e-04, P_RMSE:1.971e-03, Q_RMSE:1.245e-03, Success rate (<0.1):1.000000, Success rate (<0.01):1.000000, Success rate (<0.001):0.000000
X=[-1.6,-1.4], PQ=[0.2,0.4]: count:10, ill:0, Ang_MAX:2.486387e-02, Vol_MAX:8.506775e-04, Ang_mean+-std:1.196136e-02+-5.560648e-03, Vol_mean+-std:4.200578e-04+-2.189240e-04, P_MAX:1.039e-02, Q_MAX:3.863e-03, P_mean+-std:7.919e-03+-1.431e-03, Q_mean+-std:3.225e-03+-3.597e-04, P_RMSE:2.779e-03, Q_RMSE:1.319e-03, Success rate (<0.1):1.000000, Success rate (<0.01):0.800000, Success rate (<0.001):0.000000
X=[-1.6,-1.4], PQ=[0.4,0.6]: count:10, ill:0, Ang_MAX:4.693473e-02, Vol_MAX:1.186430e-03, Ang_mean+-std:2.726056e-02+-1.033600e-02, Vol_mean+-std:6.550133e-04+-3.018160e-04, P_MAX:1.499e-02, Q_MAX:4.018e-03, P_mean+-std:1.076e-02+-2.841e-03, Q_mean+-std:3.516e-03+-3.159e-04, P_RMSE:4.246e-03, Q_RMSE:1.436e-03, Success rate (<0.1):1.000000, Success rate (<0.01):0.400000, Success rate (<0.001):0.000000
X=[-1.6,-1.4], PQ=[0.6,0.8]: count:10, ill:0, Ang_MAX:5.390838e-02, Vol_MAX:9.831786e-04, Ang_mean+-std:2.922571e-02+-1.288107e-02, Vol_mean+-std:6.507218e-04+-1.966144e-04, P_MAX:2.487e-02, Q_MAX:5.738e-03, P_mean+-std:1.367e-02+-5.185e-03, Q_mean+-std:4.376e-03+-6.370e-04, P_RMSE:5.021e-03, Q_RMSE:1.713e-03, Success rate (<0.1):1.000000, Success rate (<0.01):0.200000, Success rate (<0.001):0.000000
X=[-1.6,-1.4], PQ=[0.8,1.0]: count:10, ill:0, Ang_MAX:7.395574e-02, Vol_MAX:1.732707e-03, Ang_mean+-std:3.793435e-02+-1.898959e-02, Vol_mean+-std:9.410262e-04+-3.563506e-04, P_MAX:3.426e-02, Q_MAX:9.147e-03, P_mean+-std:1.509e-02+-7.347e-03, Q_mean+-std:5.089e-03+-1.839e-03, P_RMSE:6.301e-03, Q_RMSE:1.898e-03, Success rate (<0.1):1.000000, Success rate (<0.01):0.200000, Success rate (<0.001):0.000000
X=[-1.6,-1.4], PQ=[1.0,1.2]: count:10, ill:0, Ang_MAX:9.460182e-02, Vol_MAX:2.304077e-03, Ang_mean+-std:4.867627e-02+-2.178401e-02, Vol_mean+-std:1.273257e-03+-6.213602e-04, P_MAX:2.890e-02, Q_MAX:7.423e-03, P_mean+-std:1.962e-02+-5.344e-03, Q_mean+-std:5.909e-03+-1.071e-03, P_RMSE:7.737e-03, Q_RMSE:2.135e-03, Success rate (<0.1):1.000000, Success rate (<0.01):0.000000, Success rate (<0.001):0.000000
X=[-1.6,-1.4], PQ=[1.2,1.4]: count:10, ill:0, Ang_MAX:1.003145e-01, Vol_MAX:2.571464e-03, Ang_mean+-std:6.702859e-02+-2.499015e-02, Vol_mean+-std:1.525062e-03+-5.515031e-04, P_MAX:3.041e-02, Q_MAX:9.463e-03, P_mean+-std:2.280e-02+-5.972e-03, Q_mean+-std:6.985e-03+-1.501e-03, P_RMSE:1.002e-02, Q_RMSE:2.419e-03, Success rate (<0.1):1.000000, Success rate (<0.01):0.000000, Success rate (<0.001):0.000000
X=[-1.6,-1.4], PQ=[1.4,1.6]: count:10, ill:0, Ang_MAX:6.691980e-02, Vol_MAX:3.188431e-03, Ang_mean+-std:4.555008e-02+-1.806916e-02, Vol_mean+-std:1.295680e-03+-6.923270e-04, P_MAX:5.050e-02, Q_MAX:8.818e-03, P_mean+-std:2.589e-02+-1.056e-02, Q_mean+-std:6.727e-03+-1.459e-03, P_RMSE:7.663e-03, Q_RMSE:2.341e-03, Success rate (<0.1):1.000000, Success rate (<0.01):0.000000, Success rate (<0.001):0.000000
X=[-1.6,-1.4], PQ=[1.6,1.8]: count:10, ill:0, Ang_MAX:1.385174e-01, Vol_MAX:3.304899e-03, Ang_mean+-std:8.618490e-02+-2.743471e-02, Vol_mean+-std:1.862752e-03+-6.779116e-04, P_MAX:4.783e-02, Q_MAX:1.552e-02, P_mean+-std:3.197e-02+-9.624e-03, Q_mean+-std:8.792e-03+-3.129e-03, P_RMSE:1.261e-02, Q_RMSE:3.076e-03, Success rate (<0.1):1.000000, Success rate (<0.01):0.000000, Success rate (<0.001):0.000000
X=[-1.6,-1.4], PQ=[1.8,2.0]: count:10, ill:0, Ang_MAX:1.385616e-01, Vol_MAX:3.233910e-03, Ang_mean+-std:5.583348e-02+-3.476215e-02, Vol_mean+-std:1.462513e-03+-7.250562e-04, P_MAX:3.840e-02, Q_MAX:1.178e-02, P_mean+-std:2.425e-02+-7.472e-03, Q_mean+-std:8.674e-03+-1.448e-03, P_RMSE:9.525e-03, Q_RMSE:3.097e-03, Success rate (<0.1):1.000000, Success rate (<0.01):0.000000, Success rate (<0.001):0.000000
X=[-1.4,-1.2], PQ=[-2.0,-1.8]: count:10, ill:0, Ang_MAX:1.061588e-01, Vol_MAX:2.709985e-03, Ang_mean+-std:8.388797e-02+-1.885742e-02, Vol_mean+-std:1.994979e-03+-4.435033e-04, P_MAX:5.812e-02, Q_MAX:1.488e-02, P_mean+-std:3.845e-02+-1.118e-02, Q_mean+-std:1.090e-02+-2.086e-03, P_RMSE:1.319e-02, Q_RMSE:3.822e-03, Success rate (<0.1):1.000000, Success rate (<0.01):0.000000, Success rate (<0.001):0.000000
X=[-1.4,-1.2], PQ=[-1.8,-1.6]: count:10, ill:0, Ang_MAX:1.194833e-01, Vol_MAX:2.428234e-03, Ang_mean+-std:6.537746e-02+-3.552446e-02, Vol_mean+-std:1.544189e-03+-4.786540e-04, P_MAX:5.003e-02, Q_MAX:1.344e-02, P_mean+-std:2.738e-02+-1.346e-02, Q_mean+-std:9.112e-03+-2.233e-03, P_RMSE:1.038e-02, Q_RMSE:3.118e-03, Success rate (<0.1):1.000000, Success rate (<0.01):0.000000, Success rate (<0.001):0.000000
X=[-1.4,-1.2], PQ=[-1.6,-1.4]: count:10, ill:0, Ang_MAX:1.008873e-01, Vol_MAX:1.604557e-03, Ang_mean+-std:6.016468e-02+-2.004824e-02, Vol_mean+-std:1.225680e-03+-2.334119e-04, P_MAX:4.601e-02, Q_MAX:1.215e-02, P_mean+-std:2.532e-02+-8.776e-03, Q_mean+-std:7.555e-03+-2.485e-03, P_RMSE:9.301e-03, Q_RMSE:2.718e-03, Success rate (<0.1):1.000000, Success rate (<0.01):0.000000, Success rate (<0.001):0.000000
X=[-1.4,-1.2], PQ=[-1.4,-1.2]: count:10, ill:0, Ang_MAX:9.943357e-02, Vol_MAX:1.927912e-03, Ang_mean+-std:6.157496e-02+-2.172767e-02, Vol_mean+-std:1.420671e-03+-3.304578e-04, P_MAX:5.205e-02, Q_MAX:1.116e-02, P_mean+-std:2.612e-02+-9.627e-03, Q_mean+-std:6.943e-03+-1.910e-03, P_RMSE:9.308e-03, Q_RMSE:2.628e-03, Success rate (<0.1):1.000000, Success rate (<0.01):0.000000, Success rate (<0.001):0.000000
X=[-1.4,-1.2], PQ=[-1.2,-1.0]: count:10, ill:0, Ang_MAX:8.264143e-02, Vol_MAX:1.538932e-03, Ang_mean+-std:4.167477e-02+-1.963177e-02, Vol_mean+-std:9.507537e-04+-3.372586e-04, P_MAX:3.845e-02, Q_MAX:8.018e-03, P_mean+-std:2.099e-02+-8.420e-03, Q_mean+-std:5.682e-03+-1.133e-03, P_RMSE:7.502e-03, Q_RMSE:2.073e-03, Success rate (<0.1):1.000000, Success rate (<0.01):0.000000, Success rate (<0.001):0.000000
X=[-1.4,-1.2], PQ=[-1.0,-0.8]: count:10, ill:0, Ang_MAX:5.401240e-02, Vol_MAX:1.232386e-03, Ang_mean+-std:3.995935e-02+-1.170127e-02, Vol_mean+-std:9.269714e-04+-2.607748e-04, P_MAX:4.049e-02, Q_MAX:6.639e-03, P_mean+-std:2.046e-02+-8.379e-03, Q_mean+-std:5.069e-03+-9.888e-04, P_RMSE:6.306e-03, Q_RMSE:1.897e-03, Success rate (<0.1):1.000000, Success rate (<0.01):0.100000, Success rate (<0.001):0.000000
X=[-1.4,-1.2], PQ=[-0.8,-0.6]: count:10, ill:0, Ang_MAX:6.495094e-02, Vol_MAX:1.841128e-03, Ang_mean+-std:3.002643e-02+-1.445737e-02, Vol_mean+-std:7.932425e-04+-3.875586e-04, P_MAX:1.804e-02, Q_MAX:7.313e-03, P_mean+-std:1.528e-02+-2.081e-03, Q_mean+-std:4.133e-03+-1.063e-03, P_RMSE:5.014e-03, Q_RMSE:1.573e-03, Success rate (<0.1):1.000000, Success rate (<0.01):0.000000, Success rate (<0.001):0.000000
X=[-1.4,-1.2], PQ=[-0.6,-0.4]: count:10, ill:0, Ang_MAX:2.915806e-02, Vol_MAX:1.221240e-03, Ang_mean+-std:1.940280e-02+-6.465665e-03, Vol_mean+-std:5.792141e-04+-2.608648e-04, P_MAX:1.256e-02, Q_MAX:4.165e-03, P_mean+-std:1.069e-02+-1.427e-03, Q_mean+-std:3.512e-03+-4.156e-04, P_RMSE:3.706e-03, Q_RMSE:1.419e-03, Success rate (<0.1):1.000000, Success rate (<0.01):0.300000, Success rate (<0.001):0.000000
X=[-1.4,-1.2], PQ=[-0.4,-0.2]: count:10, ill:0, Ang_MAX:2.274135e-02, Vol_MAX:6.758571e-04, Ang_mean+-std:1.434866e-02+-6.800540e-03, Vol_mean+-std:4.222929e-04+-1.459750e-04, P_MAX:1.229e-02, Q_MAX:4.004e-03, P_mean+-std:8.451e-03+-2.201e-03, Q_mean+-std:3.243e-03+-3.374e-04, P_RMSE:2.948e-03, Q_RMSE:1.367e-03, Success rate (<0.1):1.000000, Success rate (<0.01):0.600000, Success rate (<0.001):0.000000
X=[-1.4,-1.2], PQ=[-0.2,0.0]: count:10, ill:0, Ang_MAX:8.221239e-03, Vol_MAX:3.704429e-04, Ang_mean+-std:4.870510e-03+-2.319842e-03, Vol_mean+-std:2.833605e-04+-6.002073e-05, P_MAX:7.818e-03, Q_MAX:4.553e-03, P_mean+-std:6.511e-03+-8.496e-04, Q_mean+-std:3.026e-03+-5.528e-04, P_RMSE:2.007e-03, Q_RMSE:1.254e-03, Success rate (<0.1):1.000000, Success rate (<0.01):1.000000, Success rate (<0.001):0.000000
X=[-1.4,-1.2], PQ=[0.0,0.2]: count:10, ill:0, Ang_MAX:1.948576e-02, Vol_MAX:5.475879e-04, Ang_mean+-std:6.004888e-03+-4.684781e-03, Vol_mean+-std:2.764106e-04+-1.020703e-04, P_MAX:9.017e-03, Q_MAX:3.596e-03, P_mean+-std:6.136e-03+-1.058e-03, Q_mean+-std:3.120e-03+-3.776e-04, P_RMSE:2.077e-03, Q_RMSE:1.250e-03, Success rate (<0.1):1.000000, Success rate (<0.01):1.000000, Success rate (<0.001):0.000000
X=[-1.4,-1.2], PQ=[0.2,0.4]: count:10, ill:0, Ang_MAX:1.621172e-02, Vol_MAX:6.340742e-04, Ang_mean+-std:8.254000e-03+-4.571813e-03, Vol_mean+-std:3.435135e-04+-1.310511e-04, P_MAX:8.756e-03, Q_MAX:4.517e-03, P_mean+-std:6.968e-03+-1.206e-03, Q_mean+-std:3.464e-03+-6.592e-04, P_RMSE:2.429e-03, Q_RMSE:1.299e-03, Success rate (<0.1):1.000000, Success rate (<0.01):1.000000, Success rate (<0.001):0.000000
X=[-1.4,-1.2], PQ=[0.4,0.6]: count:10, ill:0, Ang_MAX:4.687366e-02, Vol_MAX:6.593466e-04, Ang_mean+-std:1.899883e-02+-1.136344e-02, Vol_mean+-std:5.306482e-04+-8.616434e-05, P_MAX:1.804e-02, Q_MAX:4.796e-03, P_mean+-std:1.006e-02+-3.316e-03, Q_mean+-std:3.572e-03+-5.934e-04, P_RMSE:3.881e-03, Q_RMSE:1.490e-03, Success rate (<0.1):1.000000, Success rate (<0.01):0.600000, Success rate (<0.001):0.000000
X=[-1.4,-1.2], PQ=[0.6,0.8]: count:10, ill:0, Ang_MAX:6.982423e-02, Vol_MAX:1.541913e-03, Ang_mean+-std:3.055228e-02+-2.310907e-02, Vol_mean+-std:7.880032e-04+-3.684742e-04, P_MAX:3.402e-02, Q_MAX:6.849e-03, P_mean+-std:1.511e-02+-9.002e-03, Q_mean+-std:4.530e-03+-1.042e-03, P_RMSE:6.012e-03, Q_RMSE:1.716e-03, Success rate (<0.1):1.000000, Success rate (<0.01):0.600000, Success rate (<0.001):0.000000
X=[-1.4,-1.2], PQ=[0.8,1.0]: count:10, ill:0, Ang_MAX:7.406060e-02, Vol_MAX:1.572967e-03, Ang_mean+-std:3.359032e-02+-1.855459e-02, Vol_mean+-std:8.875668e-04+-4.205007e-04, P_MAX:2.691e-02, Q_MAX:7.072e-03, P_mean+-std:1.668e-02+-5.223e-03, Q_mean+-std:4.887e-03+-9.540e-04, P_RMSE:5.847e-03, Q_RMSE:1.889e-03, Success rate (<0.1):1.000000, Success rate (<0.01):0.000000, Success rate (<0.001):0.000000
X=[-1.4,-1.2], PQ=[1.0,1.2]: count:10, ill:0, Ang_MAX:5.596367e-02, Vol_MAX:1.869380e-03, Ang_mean+-std:3.283535e-02+-1.341992e-02, Vol_mean+-std:1.158881e-03+-3.938498e-04, P_MAX:1.974e-02, Q_MAX:6.496e-03, P_mean+-std:1.484e-02+-3.293e-03, Q_mean+-std:5.235e-03+-8.794e-04, P_RMSE:6.110e-03, Q_RMSE:2.022e-03, Success rate (<0.1):1.000000, Success rate (<0.01):0.100000, Success rate (<0.001):0.000000
X=[-1.4,-1.2], PQ=[1.2,1.4]: count:10, ill:0, Ang_MAX:9.545320e-02, Vol_MAX:2.794862e-03, Ang_mean+-std:4.923904e-02+-2.443373e-02, Vol_mean+-std:1.421481e-03+-5.399496e-04, P_MAX:3.688e-02, Q_MAX:8.196e-03, P_mean+-std:2.102e-02+-7.643e-03, Q_mean+-std:6.662e-03+-8.694e-04, P_RMSE:8.450e-03, Q_RMSE:2.549e-03, Success rate (<0.1):1.000000, Success rate (<0.01):0.100000, Success rate (<0.001):0.000000
X=[-1.4,-1.2], PQ=[1.4,1.6]: count:10, ill:0, Ang_MAX:1.586964e-01, Vol_MAX:3.192902e-03, Ang_mean+-std:6.743195e-02+-4.208606e-02, Vol_mean+-std:1.708335e-03+-7.261105e-04, P_MAX:4.764e-02, Q_MAX:1.312e-02, P_mean+-std:2.950e-02+-9.652e-03, Q_mean+-std:7.522e-03+-2.325e-03, P_RMSE:1.180e-02, Q_RMSE:2.807e-03, Success rate (<0.1):1.000000, Success rate (<0.01):0.000000, Success rate (<0.001):0.000000
X=[-1.4,-1.2], PQ=[1.6,1.8]: count:10, ill:0, Ang_MAX:1.015024e-01, Vol_MAX:2.266467e-03, Ang_mean+-std:5.604718e-02+-2.945206e-02, Vol_mean+-std:1.516944e-03+-5.451486e-04, P_MAX:3.829e-02, Q_MAX:1.188e-02, P_mean+-std:2.514e-02+-9.236e-03, Q_mean+-std:8.776e-03+-1.952e-03, P_RMSE:1.015e-02, Q_RMSE:2.944e-03, Success rate (<0.1):1.000000, Success rate (<0.01):0.100000, Success rate (<0.001):0.000000
X=[-1.4,-1.2], PQ=[1.8,2.0]: count:10, ill:0, Ang_MAX:1.463103e-01, Vol_MAX:4.452169e-03, Ang_mean+-std:7.583337e-02+-3.539494e-02, Vol_mean+-std:1.926666e-03+-9.190235e-04, P_MAX:5.830e-02, Q_MAX:1.227e-02, P_mean+-std:3.363e-02+-1.216e-02, Q_mean+-std:9.525e-03+-1.779e-03, P_RMSE:1.257e-02, Q_RMSE:3.344e-03, Success rate (<0.1):1.000000, Success rate (<0.01):0.000000, Success rate (<0.001):0.000000
X=[-1.2,-1.0], PQ=[-2.0,-1.8]: count:10, ill:0, Ang_MAX:1.452076e-01, Vol_MAX:2.513587e-03, Ang_mean+-std:7.671276e-02+-3.853408e-02, Vol_mean+-std:1.735842e-03+-5.110779e-04, P_MAX:7.776e-02, Q_MAX:1.367e-02, P_mean+-std:3.625e-02+-2.089e-02, Q_mean+-std:9.046e-03+-3.212e-03, P_RMSE:1.255e-02, Q_RMSE:3.194e-03, Success rate (<0.1):1.000000, Success rate (<0.01):0.000000, Success rate (<0.001):0.000000
X=[-1.2,-1.0], PQ=[-1.8,-1.6]: count:10, ill:0, Ang_MAX:2.027565e-01, Vol_MAX:4.550278e-03, Ang_mean+-std:8.289168e-02+-4.900171e-02, Vol_mean+-std:1.672387e-03+-1.070591e-03, P_MAX:5.848e-02, Q_MAX:1.022e-02, P_mean+-std:3.545e-02+-1.222e-02, Q_mean+-std:8.181e-03+-1.382e-03, P_RMSE:1.395e-02, Q_RMSE:3.002e-03, Success rate (<0.1):1.000000, Success rate (<0.01):0.000000, Success rate (<0.001):0.000000
X=[-1.2,-1.0], PQ=[-1.6,-1.4]: count:10, ill:0, Ang_MAX:1.260506e-01, Vol_MAX:2.969086e-03, Ang_mean+-std:5.763384e-02+-2.998212e-02, Vol_mean+-std:1.445389e-03+-6.879080e-04, P_MAX:3.611e-02, Q_MAX:9.454e-03, P_mean+-std:2.501e-02+-6.785e-03, Q_mean+-std:8.150e-03+-8.774e-04, P_RMSE:9.754e-03, Q_RMSE:2.819e-03, Success rate (<0.1):1.000000, Success rate (<0.01):0.000000, Success rate (<0.001):0.000000
X=[-1.2,-1.0], PQ=[-1.4,-1.2]: count:10, ill:0, Ang_MAX:9.620984e-02, Vol_MAX:2.865136e-03, Ang_mean+-std:4.212444e-02+-2.167628e-02, Vol_mean+-std:1.257062e-03+-7.077846e-04, P_MAX:3.451e-02, Q_MAX:1.202e-02, P_mean+-std:1.956e-02+-7.525e-03, Q_mean+-std:6.589e-03+-2.199e-03, P_RMSE:7.901e-03, Q_RMSE:2.436e-03, Success rate (<0.1):1.000000, Success rate (<0.01):0.000000, Success rate (<0.001):0.000000
X=[-1.2,-1.0], PQ=[-1.2,-1.0]: count:10, ill:0, Ang_MAX:9.305285e-02, Vol_MAX:3.382504e-03, Ang_mean+-std:3.367225e-02+-2.417268e-02, Vol_mean+-std:1.255953e-03+-8.186269e-04, P_MAX:2.717e-02, Q_MAX:6.094e-03, P_mean+-std:1.707e-02+-5.880e-03, Q_mean+-std:5.011e-03+-8.308e-04, P_RMSE:6.911e-03, Q_RMSE:2.006e-03, Success rate (<0.1):1.000000, Success rate (<0.01):0.100000, Success rate (<0.001):0.000000
X=[-1.2,-1.0], PQ=[-1.0,-0.8]: count:10, ill:0, Ang_MAX:7.442300e-02, Vol_MAX:1.861155e-03, Ang_mean+-std:3.165494e-02+-1.769175e-02, Vol_mean+-std:7.842064e-04+-4.196201e-04, P_MAX:3.253e-02, Q_MAX:6.442e-03, P_mean+-std:1.447e-02+-7.182e-03, Q_mean+-std:4.411e-03+-9.862e-04, P_RMSE:5.689e-03, Q_RMSE:1.756e-03, Success rate (<0.1):1.000000, Success rate (<0.01):0.300000, Success rate (<0.001):0.000000
X=[-1.2,-1.0], PQ=[-0.8,-0.6]: count:10, ill:0, Ang_MAX:7.333501e-02, Vol_MAX:1.785040e-03, Ang_mean+-std:2.808843e-02+-1.983611e-02, Vol_mean+-std:7.546961e-04+-3.999959e-04, P_MAX:2.186e-02, Q_MAX:7.304e-03, P_mean+-std:1.320e-02+-4.458e-03, Q_mean+-std:4.568e-03+-1.034e-03, P_RMSE:5.125e-03, Q_RMSE:1.765e-03, Success rate (<0.1):1.000000, Success rate (<0.01):0.300000, Success rate (<0.001):0.000000
X=[-1.2,-1.0], PQ=[-0.6,-0.4]: count:10, ill:0, Ang_MAX:2.960278e-02, Vol_MAX:7.253289e-04, Ang_mean+-std:2.061038e-02+-6.788441e-03, Vol_mean+-std:4.984617e-04+-1.095991e-04, P_MAX:2.127e-02, Q_MAX:5.017e-03, P_mean+-std:1.018e-02+-4.136e-03, Q_mean+-std:3.708e-03+-5.509e-04, P_RMSE:3.628e-03, Q_RMSE:1.452e-03, Success rate (<0.1):1.000000, Success rate (<0.01):0.800000, Success rate (<0.001):0.000000
X=[-1.2,-1.0], PQ=[-0.4,-0.2]: count:10, ill:0, Ang_MAX:2.071676e-02, Vol_MAX:7.767081e-04, Ang_mean+-std:1.256268e-02+-5.554148e-03, Vol_mean+-std:4.329741e-04+-1.527697e-04, P_MAX:9.702e-03, Q_MAX:5.352e-03, P_mean+-std:7.411e-03+-1.389e-03, Q_mean+-std:3.425e-03+-7.718e-04, P_RMSE:2.816e-03, Q_RMSE:1.336e-03, Success rate (<0.1):1.000000, Success rate (<0.01):1.000000, Success rate (<0.001):0.000000
X=[-1.2,-1.0], PQ=[-0.2,0.0]: count:10, ill:0, Ang_MAX:1.299949e-02, Vol_MAX:3.761053e-04, Ang_mean+-std:6.557439e-03+-3.643345e-03, Vol_mean+-std:2.740622e-04+-4.890369e-05, P_MAX:8.013e-03, Q_MAX:4.398e-03, P_mean+-std:6.123e-03+-7.667e-04, Q_mean+-std:3.133e-03+-5.204e-04, P_RMSE:2.108e-03, Q_RMSE:1.255e-03, Success rate (<0.1):1.000000, Success rate (<0.01):1.000000, Success rate (<0.001):0.000000
X=[-1.2,-1.0], PQ=[0.0,0.2]: count:10, ill:0, Ang_MAX:1.012844e-02, Vol_MAX:4.418492e-04, Ang_mean+-std:4.010016e-03+-2.610703e-03, Vol_mean+-std:2.664447e-04+-6.432994e-05, P_MAX:7.175e-03, Q_MAX:4.983e-03, P_mean+-std:6.114e-03+-5.886e-04, Q_mean+-std:3.320e-03+-6.850e-04, P_RMSE:1.900e-03, Q_RMSE:1.246e-03, Success rate (<0.1):1.000000, Success rate (<0.01):1.000000, Success rate (<0.001):0.000000
X=[-1.2,-1.0], PQ=[0.2,0.4]: count:10, ill:0, Ang_MAX:1.901118e-02, Vol_MAX:7.387400e-04, Ang_mean+-std:1.154117e-02+-4.397593e-03, Vol_mean+-std:4.279792e-04+-1.464503e-04, P_MAX:1.195e-02, Q_MAX:5.072e-03, P_mean+-std:7.968e-03+-1.821e-03, Q_mean+-std:3.320e-03+-5.908e-04, P_RMSE:2.661e-03, Q_RMSE:1.357e-03, Success rate (<0.1):1.000000, Success rate (<0.01):0.800000, Success rate (<0.001):0.000000
X=[-1.2,-1.0], PQ=[0.4,0.6]: count:10, ill:0, Ang_MAX:4.140630e-02, Vol_MAX:8.389354e-04, Ang_mean+-std:2.263576e-02+-7.776282e-03, Vol_mean+-std:5.579293e-04+-1.023474e-04, P_MAX:1.675e-02, Q_MAX:5.488e-03, P_mean+-std:1.101e-02+-2.678e-03, Q_mean+-std:4.022e-03+-6.694e-04, P_RMSE:3.900e-03, Q_RMSE:1.464e-03, Success rate (<0.1):1.000000, Success rate (<0.01):0.300000, Success rate (<0.001):0.000000
X=[-1.2,-1.0], PQ=[0.6,0.8]: count:10, ill:0, Ang_MAX:6.412271e-02, Vol_MAX:1.534641e-03, Ang_mean+-std:2.707348e-02+-1.382262e-02, Vol_mean+-std:8.002281e-04+-3.810489e-04, P_MAX:2.021e-02, Q_MAX:6.758e-03, P_mean+-std:1.257e-02+-3.798e-03, Q_mean+-std:4.444e-03+-1.132e-03, P_RMSE:5.078e-03, Q_RMSE:1.704e-03, Success rate (<0.1):1.000000, Success rate (<0.01):0.200000, Success rate (<0.001):0.000000
X=[-1.2,-1.0], PQ=[0.8,1.0]: count:10, ill:0, Ang_MAX:9.781011e-02, Vol_MAX:2.197921e-03, Ang_mean+-std:3.664077e-02+-2.553524e-02, Vol_mean+-std:8.765996e-04+-5.594234e-04, P_MAX:2.653e-02, Q_MAX:5.459e-03, P_mean+-std:1.576e-02+-5.276e-03, Q_mean+-std:4.611e-03+-5.242e-04, P_RMSE:6.162e-03, Q_RMSE:1.887e-03, Success rate (<0.1):1.000000, Success rate (<0.01):0.100000, Success rate (<0.001):0.000000
X=[-1.2,-1.0], PQ=[1.0,1.2]: count:10, ill:0, Ang_MAX:7.461662e-02, Vol_MAX:2.110422e-03, Ang_mean+-std:4.662326e-02+-1.554571e-02, Vol_mean+-std:1.179123e-03+-3.622366e-04, P_MAX:3.453e-02, Q_MAX:8.156e-03, P_mean+-std:2.028e-02+-6.124e-03, Q_mean+-std:5.688e-03+-1.285e-03, P_RMSE:7.009e-03, Q_RMSE:2.092e-03, Success rate (<0.1):1.000000, Success rate (<0.01):0.000000, Success rate (<0.001):0.000000
X=[-1.2,-1.0], PQ=[1.2,1.4]: count:10, ill:0, Ang_MAX:1.429135e-01, Vol_MAX:3.164232e-03, Ang_mean+-std:5.684446e-02+-3.831100e-02, Vol_mean+-std:1.541525e-03+-7.116547e-04, P_MAX:3.988e-02, Q_MAX:8.709e-03, P_mean+-std:2.507e-02+-8.020e-03, Q_mean+-std:6.335e-03+-1.153e-03, P_RMSE:9.487e-03, Q_RMSE:2.359e-03, Success rate (<0.1):1.000000, Success rate (<0.01):0.000000, Success rate (<0.001):0.000000
X=[-1.2,-1.0], PQ=[1.4,1.6]: count:10, ill:0, Ang_MAX:1.126327e-01, Vol_MAX:2.783358e-03, Ang_mean+-std:6.522709e-02+-2.746908e-02, Vol_mean+-std:1.598632e-03+-5.454990e-04, P_MAX:5.318e-02, Q_MAX:1.060e-02, P_mean+-std:2.979e-02+-1.120e-02, Q_mean+-std:7.032e-03+-2.279e-03, P_RMSE:1.025e-02, Q_RMSE:2.723e-03, Success rate (<0.1):1.000000, Success rate (<0.01):0.000000, Success rate (<0.001):0.000000
X=[-1.2,-1.0], PQ=[1.6,1.8]: count:10, ill:0, Ang_MAX:1.050571e-01, Vol_MAX:2.718031e-03, Ang_mean+-std:5.886178e-02+-2.587203e-02, Vol_mean+-std:1.740611e-03+-7.510911e-04, P_MAX:3.741e-02, Q_MAX:1.390e-02, P_mean+-std:2.501e-02+-6.607e-03, Q_mean+-std:8.675e-03+-2.452e-03, P_RMSE:9.699e-03, Q_RMSE:3.053e-03, Success rate (<0.1):1.000000, Success rate (<0.01):0.000000, Success rate (<0.001):0.000000
X=[-1.2,-1.0], PQ=[1.8,2.0]: count:10, ill:0, Ang_MAX:1.356183e-01, Vol_MAX:2.540410e-03, Ang_mean+-std:6.398125e-02+-3.526953e-02, Vol_mean+-std:1.516080e-03+-4.746107e-04, P_MAX:6.134e-02, Q_MAX:1.505e-02, P_mean+-std:2.936e-02+-1.523e-02, Q_mean+-std:1.020e-02+-2.030e-03, P_RMSE:1.147e-02, Q_RMSE:3.524e-03, Success rate (<0.1):1.000000, Success rate (<0.01):0.000000, Success rate (<0.001):0.000000
X=[-1.0,-0.8], PQ=[-2.0,-1.8]: count:10, ill:0, Ang_MAX:1.857047e-01, Vol_MAX:4.005492e-03, Ang_mean+-std:7.796792e-02+-4.312551e-02, Vol_mean+-std:1.871163e-03+-8.334327e-04, P_MAX:5.360e-02, Q_MAX:1.029e-02, P_mean+-std:2.946e-02+-1.125e-02, Q_mean+-std:8.008e-03+-1.320e-03, P_RMSE:1.276e-02, Q_RMSE:3.064e-03, Success rate (<0.1):1.000000, Success rate (<0.01):0.000000, Success rate (<0.001):0.000000
X=[-1.0,-0.8], PQ=[-1.8,-1.6]: count:10, ill:0, Ang_MAX:1.496335e-01, Vol_MAX:4.014909e-03, Ang_mean+-std:7.953156e-02+-4.307219e-02, Vol_mean+-std:2.259529e-03+-1.186854e-03, P_MAX:3.654e-02, Q_MAX:1.022e-02, P_mean+-std:3.012e-02+-4.840e-03, Q_mean+-std:8.368e-03+-1.124e-03, P_RMSE:1.220e-02, Q_RMSE:3.077e-03, Success rate (<0.1):1.000000, Success rate (<0.01):0.000000, Success rate (<0.001):0.000000
X=[-1.0,-0.8], PQ=[-1.6,-1.4]: count:10, ill:0, Ang_MAX:1.370218e-01, Vol_MAX:2.714634e-03, Ang_mean+-std:6.576178e-02+-3.597848e-02, Vol_mean+-std:1.380908e-03+-7.587947e-04, P_MAX:3.921e-02, Q_MAX:1.106e-02, P_mean+-std:2.765e-02+-7.911e-03, Q_mean+-std:7.178e-03+-1.541e-03, P_RMSE:1.097e-02, Q_RMSE:2.711e-03, Success rate (<0.1):1.000000, Success rate (<0.01):0.000000, Success rate (<0.001):0.000000
X=[-1.0,-0.8], PQ=[-1.4,-1.2]: count:10, ill:0, Ang_MAX:1.269349e-01, Vol_MAX:3.062487e-03, Ang_mean+-std:5.548358e-02+-3.227518e-02, Vol_mean+-std:1.497483e-03+-6.364565e-04, P_MAX:4.353e-02, Q_MAX:9.781e-03, P_mean+-std:2.430e-02+-9.777e-03, Q_mean+-std:6.176e-03+-1.525e-03, P_RMSE:9.261e-03, Q_RMSE:2.408e-03, Success rate (<0.1):1.000000, Success rate (<0.01):0.000000, Success rate (<0.001):0.000000
X=[-1.0,-0.8], PQ=[-1.2,-1.0]: count:10, ill:0, Ang_MAX:7.776484e-02, Vol_MAX:2.389967e-03, Ang_mean+-std:3.290562e-02+-2.182668e-02, Vol_mean+-std:1.016164e-03+-6.108538e-04, P_MAX:3.487e-02, Q_MAX:8.949e-03, P_mean+-std:1.826e-02+-8.367e-03, Q_mean+-std:5.247e-03+-1.346e-03, P_RMSE:6.455e-03, Q_RMSE:2.085e-03, Success rate (<0.1):1.000000, Success rate (<0.01):0.200000, Success rate (<0.001):0.000000
X=[-1.0,-0.8], PQ=[-1.0,-0.8]: count:10, ill:0, Ang_MAX:8.820733e-02, Vol_MAX:1.995027e-03, Ang_mean+-std:4.444504e-02+-2.048254e-02, Vol_mean+-std:1.055032e-03+-4.137447e-04, P_MAX:2.878e-02, Q_MAX:7.891e-03, P_mean+-std:1.711e-02+-6.513e-03, Q_mean+-std:5.059e-03+-1.140e-03, P_RMSE:7.063e-03, Q_RMSE:1.948e-03, Success rate (<0.1):1.000000, Success rate (<0.01):0.100000, Success rate (<0.001):0.000000
X=[-1.0,-0.8], PQ=[-0.8,-0.6]: count:10, ill:0, Ang_MAX:4.702809e-02, Vol_MAX:1.410127e-03, Ang_mean+-std:3.277492e-02+-8.687122e-03, Vol_mean+-std:8.018911e-04+-2.844485e-04, P_MAX:1.989e-02, Q_MAX:6.062e-03, P_mean+-std:1.467e-02+-3.450e-03, Q_mean+-std:4.757e-03+-7.939e-04, P_RMSE:5.433e-03, Q_RMSE:1.773e-03, Success rate (<0.1):1.000000, Success rate (<0.01):0.100000, Success rate (<0.001):0.000000
X=[-1.0,-0.8], PQ=[-0.6,-0.4]: count:10, ill:0, Ang_MAX:3.146486e-02, Vol_MAX:7.995963e-04, Ang_mean+-std:1.457338e-02+-9.112228e-03, Vol_mean+-std:4.496992e-04+-1.464168e-04, P_MAX:1.517e-02, Q_MAX:5.583e-03, P_mean+-std:9.173e-03+-2.843e-03, Q_mean+-std:3.626e-03+-8.867e-04, P_RMSE:3.152e-03, Q_RMSE:1.439e-03, Success rate (<0.1):1.000000, Success rate (<0.01):0.600000, Success rate (<0.001):0.000000
X=[-1.0,-0.8], PQ=[-0.4,-0.2]: count:10, ill:0, Ang_MAX:1.832238e-02, Vol_MAX:5.342960e-04, Ang_mean+-std:1.204262e-02+-4.190314e-03, Vol_mean+-std:3.536463e-04+-8.427246e-05, P_MAX:8.540e-03, Q_MAX:3.792e-03, P_mean+-std:7.165e-03+-8.903e-04, Q_mean+-std:3.185e-03+-3.762e-04, P_RMSE:2.655e-03, Q_RMSE:1.304e-03, Success rate (<0.1):1.000000, Success rate (<0.01):1.000000, Success rate (<0.001):0.000000
X=[-1.0,-0.8], PQ=[-0.2,0.0]: count:10, ill:0, Ang_MAX:7.828951e-03, Vol_MAX:3.343821e-04, Ang_mean+-std:4.583131e-03+-1.865129e-03, Vol_mean+-std:2.700150e-04+-3.889922e-05, P_MAX:8.439e-03, Q_MAX:3.432e-03, P_mean+-std:5.946e-03+-1.042e-03, Q_mean+-std:2.911e-03+-2.830e-04, P_RMSE:1.982e-03, Q_RMSE:1.231e-03, Success rate (<0.1):1.000000, Success rate (<0.01):1.000000, Success rate (<0.001):0.000000
X=[-1.0,-0.8], PQ=[0.0,0.2]: count:10, ill:0, Ang_MAX:1.161121e-02, Vol_MAX:4.191399e-04, Ang_mean+-std:5.225702e-03+-2.848592e-03, Vol_mean+-std:2.888083e-04+-6.711606e-05, P_MAX:6.931e-03, Q_MAX:4.423e-03, P_mean+-std:6.147e-03+-4.518e-04, Q_mean+-std:3.266e-03+-5.138e-04, P_RMSE:1.953e-03, Q_RMSE:1.246e-03, Success rate (<0.1):1.000000, Success rate (<0.01):1.000000, Success rate (<0.001):0.000000
X=[-1.0,-0.8], PQ=[0.2,0.4]: count:10, ill:0, Ang_MAX:1.522420e-02, Vol_MAX:5.966425e-04, Ang_mean+-std:8.119984e-03+-4.336027e-03, Vol_mean+-std:3.675163e-04+-1.140545e-04, P_MAX:1.024e-02, Q_MAX:3.916e-03, P_mean+-std:6.792e-03+-1.313e-03, Q_mean+-std:3.349e-03+-3.312e-04, P_RMSE:2.366e-03, Q_RMSE:1.287e-03, Success rate (<0.1):1.000000, Success rate (<0.01):0.900000, Success rate (<0.001):0.000000
X=[-1.0,-0.8], PQ=[0.4,0.6]: count:10, ill:0, Ang_MAX:2.667212e-02, Vol_MAX:6.328225e-04, Ang_mean+-std:1.504543e-02+-7.189189e-03, Vol_mean+-std:4.048944e-04+-1.422818e-04, P_MAX:1.799e-02, Q_MAX:4.082e-03, P_mean+-std:8.927e-03+-3.221e-03, Q_mean+-std:3.521e-03+-3.427e-04, P_RMSE:3.064e-03, Q_RMSE:1.407e-03, Success rate (<0.1):1.000000, Success rate (<0.01):0.900000, Success rate (<0.001):0.000000
X=[-1.0,-0.8], PQ=[0.6,0.8]: count:10, ill:0, Ang_MAX:4.384390e-02, Vol_MAX:8.696914e-04, Ang_mean+-std:2.295762e-02+-1.045770e-02, Vol_mean+-std:5.591035e-04+-1.747437e-04, P_MAX:1.928e-02, Q_MAX:6.275e-03, P_mean+-std:1.321e-02+-4.190e-03, Q_mean+-std:4.352e-03+-8.548e-04, P_RMSE:4.515e-03, Q_RMSE:1.623e-03, Success rate (<0.1):1.000000, Success rate (<0.01):0.300000, Success rate (<0.001):0.000000
X=[-1.0,-0.8], PQ=[0.8,1.0]: count:10, ill:0, Ang_MAX:7.644251e-02, Vol_MAX:1.514554e-03, Ang_mean+-std:3.802181e-02+-2.088362e-02, Vol_mean+-std:9.824574e-04+-4.230995e-04, P_MAX:3.300e-02, Q_MAX:6.294e-03, P_mean+-std:1.924e-02+-7.371e-03, Q_mean+-std:4.786e-03+-9.430e-04, P_RMSE:6.778e-03, Q_RMSE:1.889e-03, Success rate (<0.1):1.000000, Success rate (<0.01):0.100000, Success rate (<0.001):0.000000
X=[-1.0,-0.8], PQ=[1.0,1.2]: count:10, ill:0, Ang_MAX:6.946900e-02, Vol_MAX:1.591086e-03, Ang_mean+-std:4.244594e-02+-1.732187e-02, Vol_mean+-std:1.051146e-03+-3.542124e-04, P_MAX:4.299e-02, Q_MAX:7.790e-03, P_mean+-std:2.006e-02+-8.140e-03, Q_mean+-std:5.482e-03+-1.126e-03, P_RMSE:6.834e-03, Q_RMSE:2.071e-03, Success rate (<0.1):1.000000, Success rate (<0.01):0.000000, Success rate (<0.001):0.000000
X=[-1.0,-0.8], PQ=[1.2,1.4]: count:10, ill:0, Ang_MAX:8.012284e-02, Vol_MAX:1.875341e-03, Ang_mean+-std:4.308721e-02+-2.216273e-02, Vol_mean+-std:1.177627e-03+-3.449079e-04, P_MAX:3.626e-02, Q_MAX:1.077e-02, P_mean+-std:2.128e-02+-7.805e-03, Q_mean+-std:6.641e-03+-1.580e-03, P_RMSE:7.772e-03, Q_RMSE:2.392e-03, Success rate (<0.1):1.000000, Success rate (<0.01):0.000000, Success rate (<0.001):0.000000
X=[-1.0,-0.8], PQ=[1.4,1.6]: count:10, ill:0, Ang_MAX:1.032090e-01, Vol_MAX:2.885997e-03, Ang_mean+-std:6.672971e-02+-2.678855e-02, Vol_mean+-std:1.482195e-03+-5.911276e-04, P_MAX:4.721e-02, Q_MAX:1.185e-02, P_mean+-std:2.919e-02+-9.444e-03, Q_mean+-std:7.525e-03+-2.029e-03, P_RMSE:1.068e-02, Q_RMSE:2.794e-03, Success rate (<0.1):1.000000, Success rate (<0.01):0.000000, Success rate (<0.001):0.000000
X=[-1.0,-0.8], PQ=[1.6,1.8]: count:10, ill:0, Ang_MAX:1.240951e-01, Vol_MAX:2.963901e-03, Ang_mean+-std:7.843173e-02+-2.752959e-02, Vol_mean+-std:1.984978e-03+-6.320542e-04, P_MAX:4.684e-02, Q_MAX:1.428e-02, P_mean+-std:3.164e-02+-8.179e-03, Q_mean+-std:9.901e-03+-2.070e-03, P_RMSE:1.240e-02, Q_RMSE:3.263e-03, Success rate (<0.1):1.000000, Success rate (<0.01):0.000000, Success rate (<0.001):0.000000
X=[-1.0,-0.8], PQ=[1.8,2.0]: count:10, ill:0, Ang_MAX:1.432759e-01, Vol_MAX:2.778709e-03, Ang_mean+-std:8.451858e-02+-4.159550e-02, Vol_mean+-std:1.868969e-03+-5.741348e-04, P_MAX:7.937e-02, Q_MAX:1.533e-02, P_mean+-std:4.202e-02+-1.859e-02, Q_mean+-std:1.066e-02+-2.948e-03, P_RMSE:1.432e-02, Q_RMSE:3.563e-03, Success rate (<0.1):1.000000, Success rate (<0.01):0.000000, Success rate (<0.001):0.000000
X=[-0.8,-0.6], PQ=[-2.0,-1.8]: count:10, ill:0, Ang_MAX:1.418362e-01, Vol_MAX:3.300428e-03, Ang_mean+-std:6.487779e-02+-3.308811e-02, Vol_mean+-std:1.549780e-03+-6.580317e-04, P_MAX:4.095e-02, Q_MAX:1.769e-02, P_mean+-std:2.900e-02+-8.692e-03, Q_mean+-std:1.070e-02+-3.492e-03, P_RMSE:1.089e-02, Q_RMSE:3.413e-03, Success rate (<0.1):1.000000, Success rate (<0.01):0.000000, Success rate (<0.001):0.000000
X=[-0.8,-0.6], PQ=[-1.8,-1.6]: count:10, ill:0, Ang_MAX:1.200950e-01, Vol_MAX:2.132893e-03, Ang_mean+-std:6.614273e-02+-3.197996e-02, Vol_mean+-std:1.538819e-03+-4.812481e-04, P_MAX:4.114e-02, Q_MAX:1.136e-02, P_mean+-std:2.852e-02+-8.301e-03, Q_mean+-std:8.028e-03+-1.721e-03, P_RMSE:1.085e-02, Q_RMSE:2.973e-03, Success rate (<0.1):1.000000, Success rate (<0.01):0.000000, Success rate (<0.001):0.000000
X=[-0.8,-0.6], PQ=[-1.6,-1.4]: count:10, ill:0, Ang_MAX:1.391960e-01, Vol_MAX:2.394736e-03, Ang_mean+-std:4.962934e-02+-3.661534e-02, Vol_mean+-std:1.545954e-03+-5.231767e-04, P_MAX:7.624e-02, Q_MAX:1.447e-02, P_mean+-std:3.058e-02+-1.669e-02, Q_mean+-std:8.631e-03+-2.616e-03, P_RMSE:1.042e-02, Q_RMSE:3.063e-03, Success rate (<0.1):1.000000, Success rate (<0.01):0.000000, Success rate (<0.001):0.000000
X=[-0.8,-0.6], PQ=[-1.4,-1.2]: count:10, ill:0, Ang_MAX:9.990402e-02, Vol_MAX:2.159476e-03, Ang_mean+-std:5.566658e-02+-2.487323e-02, Vol_mean+-std:1.462770e-03+-3.929204e-04, P_MAX:4.514e-02, Q_MAX:8.681e-03, P_mean+-std:2.632e-02+-9.959e-03, Q_mean+-std:6.885e-03+-1.301e-03, P_RMSE:9.072e-03, Q_RMSE:2.577e-03, Success rate (<0.1):1.000000, Success rate (<0.01):0.000000, Success rate (<0.001):0.000000
X=[-0.8,-0.6], PQ=[-1.2,-1.0]: count:10, ill:0, Ang_MAX:5.142865e-02, Vol_MAX:1.607180e-03, Ang_mean+-std:3.792408e-02+-1.148929e-02, Vol_mean+-std:1.054227e-03+-2.480866e-04, P_MAX:3.581e-02, Q_MAX:6.893e-03, P_mean+-std:2.068e-02+-7.876e-03, Q_mean+-std:5.221e-03+-7.777e-04, P_RMSE:6.427e-03, Q_RMSE:1.949e-03, Success rate (<0.1):1.000000, Success rate (<0.01):0.000000, Success rate (<0.001):0.000000
X=[-0.8,-0.6], PQ=[-1.0,-0.8]: count:10, ill:0, Ang_MAX:5.595461e-02, Vol_MAX:1.244247e-03, Ang_mean+-std:3.316241e-02+-1.602099e-02, Vol_mean+-std:8.624375e-04+-2.571227e-04, P_MAX:2.704e-02, Q_MAX:7.394e-03, P_mean+-std:1.507e-02+-6.435e-03, Q_mean+-std:4.595e-03+-9.865e-04, P_RMSE:5.551e-03, Q_RMSE:1.853e-03, Success rate (<0.1):1.000000, Success rate (<0.01):0.200000, Success rate (<0.001):0.000000
X=[-0.8,-0.6], PQ=[-0.8,-0.6]: count:10, ill:0, Ang_MAX:5.133244e-02, Vol_MAX:1.004994e-03, Ang_mean+-std:2.071226e-02+-1.472285e-02, Vol_mean+-std:6.786048e-04+-1.921289e-04, P_MAX:2.173e-02, Q_MAX:4.695e-03, P_mean+-std:1.164e-02+-4.276e-03, Q_mean+-std:3.835e-03+-5.209e-04, P_RMSE:4.464e-03, Q_RMSE:1.581e-03, Success rate (<0.1):1.000000, Success rate (<0.01):0.400000, Success rate (<0.001):0.000000
X=[-0.8,-0.6], PQ=[-0.6,-0.4]: count:10, ill:0, Ang_MAX:3.477617e-02, Vol_MAX:7.717013e-04, Ang_mean+-std:2.083120e-02+-8.360835e-03, Vol_mean+-std:4.981637e-04+-1.633651e-04, P_MAX:1.618e-02, Q_MAX:4.563e-03, P_mean+-std:1.003e-02+-2.511e-03, Q_mean+-std:3.786e-03+-4.687e-04, P_RMSE:3.544e-03, Q_RMSE:1.501e-03, Success rate (<0.1):1.000000, Success rate (<0.01):0.600000, Success rate (<0.001):0.000000
X=[-0.8,-0.6], PQ=[-0.4,-0.2]: count:10, ill:0, Ang_MAX:1.647937e-02, Vol_MAX:5.163550e-04, Ang_mean+-std:1.030840e-02+-4.322992e-03, Vol_mean+-std:3.430247e-04+-8.477296e-05, P_MAX:8.838e-03, Q_MAX:4.943e-03, P_mean+-std:6.764e-03+-9.460e-04, Q_mean+-std:3.442e-03+-7.228e-04, P_RMSE:2.484e-03, Q_RMSE:1.312e-03, Success rate (<0.1):1.000000, Success rate (<0.01):1.000000, Success rate (<0.001):0.000000
X=[-0.8,-0.6], PQ=[-0.2,0.0]: count:10, ill:0, Ang_MAX:1.700895e-02, Vol_MAX:5.437732e-04, Ang_mean+-std:5.114581e-03+-4.320820e-03, Vol_mean+-std:2.947688e-04+-9.135486e-05, P_MAX:8.439e-03, Q_MAX:3.727e-03, P_mean+-std:5.989e-03+-9.169e-04, Q_mean+-std:2.963e-03+-3.104e-04, P_RMSE:2.014e-03, Q_RMSE:1.220e-03, Success rate (<0.1):1.000000, Success rate (<0.01):1.000000, Success rate (<0.001):0.000000
X=[-0.8,-0.6], PQ=[0.0,0.2]: count:10, ill:0, Ang_MAX:7.596552e-03, Vol_MAX:3.527403e-04, Ang_mean+-std:4.568048e-03+-1.899232e-03, Vol_mean+-std:2.679467e-04+-5.143297e-05, P_MAX:7.561e-03, Q_MAX:3.902e-03, P_mean+-std:6.262e-03+-8.553e-04, Q_mean+-std:3.088e-03+-5.082e-04, P_RMSE:1.974e-03, Q_RMSE:1.240e-03, Success rate (<0.1):1.000000, Success rate (<0.01):1.000000, Success rate (<0.001):0.000000
X=[-0.8,-0.6], PQ=[0.2,0.4]: count:10, ill:0, Ang_MAX:1.882833e-02, Vol_MAX:7.161498e-04, Ang_mean+-std:1.130256e-02+-4.693667e-03, Vol_mean+-std:3.659725e-04+-1.384566e-04, P_MAX:9.937e-03, Q_MAX:4.547e-03, P_mean+-std:7.233e-03+-1.555e-03, Q_mean+-std:3.273e-03+-5.820e-04, P_RMSE:2.535e-03, Q_RMSE:1.287e-03, Success rate (<0.1):1.000000, Success rate (<0.01):1.000000, Success rate (<0.001):0.000000
X=[-0.8,-0.6], PQ=[0.4,0.6]: count:10, ill:0, Ang_MAX:4.495516e-02, Vol_MAX:9.489059e-04, Ang_mean+-std:1.966624e-02+-1.215725e-02, Vol_mean+-std:5.505562e-04+-2.103069e-04, P_MAX:1.336e-02, Q_MAX:4.741e-03, P_mean+-std:9.443e-03+-1.934e-03, Q_mean+-std:3.802e-03+-6.756e-04, P_RMSE:3.748e-03, Q_RMSE:1.498e-03, Success rate (<0.1):1.000000, Success rate (<0.01):0.600000, Success rate (<0.001):0.000000
X=[-0.8,-0.6], PQ=[0.6,0.8]: count:10, ill:0, Ang_MAX:5.183056e-02, Vol_MAX:1.206398e-03, Ang_mean+-std:3.203859e-02+-1.492235e-02, Vol_mean+-std:7.635593e-04+-2.485247e-04, P_MAX:2.815e-02, Q_MAX:4.516e-03, P_mean+-std:1.492e-02+-7.486e-03, Q_mean+-std:3.964e-03+-4.015e-04, P_RMSE:5.551e-03, Q_RMSE:1.693e-03, Success rate (<0.1):1.000000, Success rate (<0.01):0.500000, Success rate (<0.001):0.000000
X=[-0.8,-0.6], PQ=[0.8,1.0]: count:10, ill:0, Ang_MAX:7.870078e-02, Vol_MAX:2.051771e-03, Ang_mean+-std:2.779319e-02+-2.179009e-02, Vol_mean+-std:1.002944e-03+-5.184815e-04, P_MAX:1.871e-02, Q_MAX:7.574e-03, P_mean+-std:1.309e-02+-3.949e-03, Q_mean+-std:4.995e-03+-1.079e-03, P_RMSE:5.246e-03, Q_RMSE:1.809e-03, Success rate (<0.1):1.000000, Success rate (<0.01):0.400000, Success rate (<0.001):0.000000
X=[-0.8,-0.6], PQ=[1.0,1.2]: count:10, ill:0, Ang_MAX:9.438465e-02, Vol_MAX:2.133608e-03, Ang_mean+-std:5.671393e-02+-1.945618e-02, Vol_mean+-std:1.261359e-03+-5.250066e-04, P_MAX:3.436e-02, Q_MAX:6.604e-03, P_mean+-std:2.168e-02+-6.496e-03, Q_mean+-std:5.473e-03+-8.849e-04, P_RMSE:8.173e-03, Q_RMSE:2.156e-03, Success rate (<0.1):1.000000, Success rate (<0.01):0.000000, Success rate (<0.001):0.000000
X=[-0.8,-0.6], PQ=[1.2,1.4]: count:10, ill:0, Ang_MAX:9.706883e-02, Vol_MAX:2.003312e-03, Ang_mean+-std:5.825515e-02+-2.515164e-02, Vol_mean+-std:1.432377e-03+-2.961111e-04, P_MAX:3.810e-02, Q_MAX:9.961e-03, P_mean+-std:2.420e-02+-7.025e-03, Q_mean+-std:7.101e-03+-1.253e-03, P_RMSE:9.410e-03, Q_RMSE:2.463e-03, Success rate (<0.1):1.000000, Success rate (<0.01):0.000000, Success rate (<0.001):0.000000
X=[-0.8,-0.6], PQ=[1.4,1.6]: count:10, ill:0, Ang_MAX:1.131109e-01, Vol_MAX:2.571940e-03, Ang_mean+-std:4.808789e-02+-3.220766e-02, Vol_mean+-std:1.506382e-03+-6.759512e-04, P_MAX:2.996e-02, Q_MAX:9.499e-03, P_mean+-std:2.153e-02+-5.571e-03, Q_mean+-std:7.204e-03+-1.228e-03, P_RMSE:9.272e-03, Q_RMSE:2.650e-03, Success rate (<0.1):1.000000, Success rate (<0.01):0.000000, Success rate (<0.001):0.000000
X=[-0.8,-0.6], PQ=[1.6,1.8]: count:10, ill:0, Ang_MAX:8.814219e-02, Vol_MAX:2.938092e-03, Ang_mean+-std:5.608065e-02+-2.382781e-02, Vol_mean+-std:1.540476e-03+-6.526566e-04, P_MAX:4.018e-02, Q_MAX:1.248e-02, P_mean+-std:2.452e-02+-7.694e-03, Q_mean+-std:8.624e-03+-1.929e-03, P_RMSE:9.610e-03, Q_RMSE:3.167e-03, Success rate (<0.1):1.000000, Success rate (<0.01):0.000000, Success rate (<0.001):0.000000
X=[-0.8,-0.6], PQ=[1.8,2.0]: count:10, ill:0, Ang_MAX:1.317980e-01, Vol_MAX:4.471958e-03, Ang_mean+-std:7.867840e-02+-3.408150e-02, Vol_mean+-std:1.956010e-03+-9.567550e-04, P_MAX:7.338e-02, Q_MAX:1.415e-02, P_mean+-std:3.501e-02+-1.580e-02, Q_mean+-std:9.300e-03+-2.537e-03, P_RMSE:1.273e-02, Q_RMSE:3.419e-03, Success rate (<0.1):1.000000, Success rate (<0.01):0.000000, Success rate (<0.001):0.000000
X=[-0.6,-0.4], PQ=[-2.0,-1.8]: count:10, ill:0, Ang_MAX:1.576446e-01, Vol_MAX:4.661918e-03, Ang_mean+-std:6.922739e-02+-4.576633e-02, Vol_mean+-std:2.284938e-03+-1.163424e-03, P_MAX:5.406e-02, Q_MAX:1.245e-02, P_mean+-std:3.219e-02+-1.162e-02, Q_mean+-std:9.141e-03+-2.054e-03, P_RMSE:1.207e-02, Q_RMSE:3.491e-03, Success rate (<0.1):1.000000, Success rate (<0.01):0.000000, Success rate (<0.001):0.000000
X=[-0.6,-0.4], PQ=[-1.8,-1.6]: count:10, ill:0, Ang_MAX:1.138857e-01, Vol_MAX:1.987755e-03, Ang_mean+-std:6.287311e-02+-2.324521e-02, Vol_mean+-std:1.501501e-03+-2.804558e-04, P_MAX:5.788e-02, Q_MAX:1.383e-02, P_mean+-std:3.127e-02+-1.152e-02, Q_mean+-std:9.215e-03+-1.932e-03, P_RMSE:1.021e-02, Q_RMSE:3.087e-03, Success rate (<0.1):1.000000, Success rate (<0.01):0.000000, Success rate (<0.001):0.000000
X=[-0.6,-0.4], PQ=[-1.6,-1.4]: count:10, ill:0, Ang_MAX:8.287808e-02, Vol_MAX:1.986921e-03, Ang_mean+-std:5.613220e-02+-2.069713e-02, Vol_mean+-std:1.359212e-03+-3.540185e-04, P_MAX:3.394e-02, Q_MAX:9.482e-03, P_mean+-std:2.742e-02+-3.277e-03, Q_mean+-std:7.184e-03+-1.390e-03, P_RMSE:8.923e-03, Q_RMSE:2.679e-03, Success rate (<0.1):1.000000, Success rate (<0.01):0.000000, Success rate (<0.001):0.000000
X=[-0.6,-0.4], PQ=[-1.4,-1.2]: count:10, ill:0, Ang_MAX:1.060536e-01, Vol_MAX:2.883315e-03, Ang_mean+-std:5.553829e-02+-3.308885e-02, Vol_mean+-std:1.420128e-03+-6.554729e-04, P_MAX:3.931e-02, Q_MAX:8.422e-03, P_mean+-std:2.132e-02+-7.569e-03, Q_mean+-std:7.223e-03+-6.481e-04, P_RMSE:8.858e-03, Q_RMSE:2.633e-03, Success rate (<0.1):1.000000, Success rate (<0.01):0.000000, Success rate (<0.001):0.000000
X=[-0.6,-0.4], PQ=[-1.2,-1.0]: count:10, ill:0, Ang_MAX:7.441403e-02, Vol_MAX:1.819670e-03, Ang_mean+-std:3.888173e-02+-1.706143e-02, Vol_mean+-std:1.012456e-03+-4.212891e-04, P_MAX:2.579e-02, Q_MAX:7.092e-03, P_mean+-std:1.813e-02+-4.048e-03, Q_mean+-std:5.290e-03+-8.429e-04, P_RMSE:6.246e-03, Q_RMSE:2.024e-03, Success rate (<0.1):1.000000, Success rate (<0.01):0.000000, Success rate (<0.001):0.000000
X=[-0.6,-0.4], PQ=[-1.0,-0.8]: count:10, ill:0, Ang_MAX:5.790788e-02, Vol_MAX:1.212358e-03, Ang_mean+-std:3.542086e-02+-1.428884e-02, Vol_mean+-std:8.305728e-04+-2.379322e-04, P_MAX:3.420e-02, Q_MAX:6.593e-03, P_mean+-std:1.824e-02+-7.074e-03, Q_mean+-std:5.053e-03+-7.776e-04, P_RMSE:6.130e-03, Q_RMSE:1.921e-03, Success rate (<0.1):1.000000, Success rate (<0.01):0.100000, Success rate (<0.001):0.000000
X=[-0.6,-0.4], PQ=[-0.8,-0.6]: count:10, ill:0, Ang_MAX:5.816833e-02, Vol_MAX:1.156151e-03, Ang_mean+-std:2.840274e-02+-1.449743e-02, Vol_mean+-std:6.147742e-04+-2.344736e-04, P_MAX:1.693e-02, Q_MAX:4.549e-03, P_mean+-std:1.244e-02+-3.135e-03, Q_mean+-std:3.817e-03+-5.284e-04, P_RMSE:4.926e-03, Q_RMSE:1.596e-03, Success rate (<0.1):1.000000, Success rate (<0.01):0.300000, Success rate (<0.001):0.000000
X=[-0.6,-0.4], PQ=[-0.6,-0.4]: count:10, ill:0, Ang_MAX:4.141679e-02, Vol_MAX:1.151085e-03, Ang_mean+-std:2.514695e-02+-1.179339e-02, Vol_mean+-std:7.242262e-04+-2.634911e-04, P_MAX:1.493e-02, Q_MAX:4.575e-03, P_mean+-std:1.045e-02+-2.614e-03, Q_mean+-std:3.726e-03+-5.703e-04, P_RMSE:4.174e-03, Q_RMSE:1.533e-03, Success rate (<0.1):1.000000, Success rate (<0.01):0.400000, Success rate (<0.001):0.000000
X=[-0.6,-0.4], PQ=[-0.4,-0.2]: count:10, ill:0, Ang_MAX:1.998548e-02, Vol_MAX:7.354617e-04, Ang_mean+-std:1.249999e-02+-5.917014e-03, Vol_mean+-std:4.633725e-04+-1.797824e-04, P_MAX:9.325e-03, Q_MAX:4.454e-03, P_mean+-std:7.853e-03+-1.322e-03, Q_mean+-std:3.239e-03+-5.167e-04, P_RMSE:2.761e-03, Q_RMSE:1.320e-03, Success rate (<0.1):1.000000, Success rate (<0.01):1.000000, Success rate (<0.001):0.000000
X=[-0.6,-0.4], PQ=[-0.2,0.0]: count:10, ill:0, Ang_MAX:1.144460e-02, Vol_MAX:3.545284e-04, Ang_mean+-std:4.772645e-03+-2.640965e-03, Vol_mean+-std:2.662778e-04+-4.328444e-05, P_MAX:6.690e-03, Q_MAX:3.549e-03, P_mean+-std:6.045e-03+-4.844e-04, Q_mean+-std:3.038e-03+-3.187e-04, P_RMSE:1.982e-03, Q_RMSE:1.255e-03, Success rate (<0.1):1.000000, Success rate (<0.01):1.000000, Success rate (<0.001):0.000000
X=[-0.6,-0.4], PQ=[0.0,0.2]: count:10, ill:0, Ang_MAX:7.216096e-03, Vol_MAX:3.299117e-04, Ang_mean+-std:3.910923e-03+-1.632111e-03, Vol_mean+-std:2.619445e-04+-4.197938e-05, P_MAX:6.738e-03, Q_MAX:4.054e-03, P_mean+-std:5.957e-03+-5.099e-04, Q_mean+-std:3.195e-03+-3.659e-04, P_RMSE:1.899e-03, Q_RMSE:1.246e-03, Success rate (<0.1):1.000000, Success rate (<0.01):1.000000, Success rate (<0.001):0.000000
X=[-0.6,-0.4], PQ=[0.2,0.4]: count:10, ill:0, Ang_MAX:2.866369e-02, Vol_MAX:7.475615e-04, Ang_mean+-std:1.447414e-02+-7.141599e-03, Vol_mean+-std:4.532456e-04+-1.449945e-04, P_MAX:1.504e-02, Q_MAX:4.101e-03, P_mean+-std:9.862e-03+-3.129e-03, Q_mean+-std:3.311e-03+-5.610e-04, P_RMSE:3.090e-03, Q_RMSE:1.373e-03, Success rate (<0.1):1.000000, Success rate (<0.01):0.600000, Success rate (<0.001):0.000000
X=[-0.6,-0.4], PQ=[0.4,0.6]: count:10, ill:0, Ang_MAX:4.751030e-02, Vol_MAX:7.526875e-04, Ang_mean+-std:2.291172e-02+-1.092188e-02, Vol_mean+-std:5.894780e-04+-1.338136e-04, P_MAX:2.098e-02, Q_MAX:4.626e-03, P_mean+-std:1.200e-02+-4.175e-03, Q_mean+-std:3.938e-03+-4.102e-04, P_RMSE:4.124e-03, Q_RMSE:1.490e-03, Success rate (<0.1):1.000000, Success rate (<0.01):0.400000, Success rate (<0.001):0.000000
X=[-0.6,-0.4], PQ=[0.6,0.8]: count:10, ill:0, Ang_MAX:4.091448e-02, Vol_MAX:1.509786e-03, Ang_mean+-std:2.508220e-02+-9.516963e-03, Vol_mean+-std:7.490754e-04+-3.234033e-04, P_MAX:1.988e-02, Q_MAX:6.716e-03, P_mean+-std:1.200e-02+-3.761e-03, Q_mean+-std:4.275e-03+-9.881e-04, P_RMSE:4.410e-03, Q_RMSE:1.720e-03, Success rate (<0.1):1.000000, Success rate (<0.01):0.400000, Success rate (<0.001):0.000000
X=[-0.6,-0.4], PQ=[0.8,1.0]: count:10, ill:0, Ang_MAX:4.041576e-02, Vol_MAX:1.797915e-03, Ang_mean+-std:2.848366e-02+-9.366564e-03, Vol_mean+-std:9.300828e-04+-4.001239e-04, P_MAX:2.836e-02, Q_MAX:6.489e-03, P_mean+-std:1.547e-02+-5.069e-03, Q_mean+-std:4.575e-03+-8.758e-04, P_RMSE:5.115e-03, Q_RMSE:1.753e-03, Success rate (<0.1):1.000000, Success rate (<0.01):0.000000, Success rate (<0.001):0.000000
X=[-0.6,-0.4], PQ=[1.0,1.2]: count:10, ill:0, Ang_MAX:3.798961e-02, Vol_MAX:1.592815e-03, Ang_mean+-std:2.536118e-02+-7.673529e-03, Vol_mean+-std:7.883251e-04+-3.666156e-04, P_MAX:2.370e-02, Q_MAX:6.442e-03, P_mean+-std:1.492e-02+-4.444e-03, Q_mean+-std:4.935e-03+-8.326e-04, P_RMSE:5.037e-03, Q_RMSE:1.949e-03, Success rate (<0.1):1.000000, Success rate (<0.01):0.100000, Success rate (<0.001):0.000000
X=[-0.6,-0.4], PQ=[1.2,1.4]: count:10, ill:0, Ang_MAX:9.693743e-02, Vol_MAX:1.569927e-03, Ang_mean+-std:6.043746e-02+-1.697435e-02, Vol_mean+-std:1.205498e-03+-1.582964e-04, P_MAX:2.880e-02, Q_MAX:9.601e-03, P_mean+-std:2.128e-02+-4.799e-03, Q_mean+-std:6.543e-03+-1.452e-03, P_RMSE:8.945e-03, Q_RMSE:2.466e-03, Success rate (<0.1):1.000000, Success rate (<0.01):0.000000, Success rate (<0.001):0.000000
X=[-0.6,-0.4], PQ=[1.4,1.6]: count:10, ill:0, Ang_MAX:1.057118e-01, Vol_MAX:1.934707e-03, Ang_mean+-std:5.708066e-02+-2.702379e-02, Vol_mean+-std:1.483375e-03+-3.520550e-04, P_MAX:5.467e-02, Q_MAX:1.173e-02, P_mean+-std:2.769e-02+-1.109e-02, Q_mean+-std:7.753e-03+-2.225e-03, P_RMSE:9.378e-03, Q_RMSE:2.669e-03, Success rate (<0.1):1.000000, Success rate (<0.01):0.000000, Success rate (<0.001):0.000000
X=[-0.6,-0.4], PQ=[1.6,1.8]: count:10, ill:0, Ang_MAX:1.757350e-01, Vol_MAX:4.117727e-03, Ang_mean+-std:7.560564e-02+-4.552007e-02, Vol_mean+-std:1.900542e-03+-1.082585e-03, P_MAX:5.851e-02, Q_MAX:1.904e-02, P_mean+-std:3.378e-02+-1.248e-02, Q_mean+-std:9.810e-03+-3.803e-03, P_RMSE:1.296e-02, Q_RMSE:3.431e-03, Success rate (<0.1):1.000000, Success rate (<0.01):0.000000, Success rate (<0.001):0.000000
X=[-0.6,-0.4], PQ=[1.8,2.0]: count:10, ill:0, Ang_MAX:1.566628e-01, Vol_MAX:4.426956e-03, Ang_mean+-std:8.346323e-02+-3.492475e-02, Vol_mean+-std:2.136630e-03+-8.667113e-04, P_MAX:5.510e-02, Q_MAX:1.386e-02, P_mean+-std:3.238e-02+-1.030e-02, Q_mean+-std:9.419e-03+-2.161e-03, P_RMSE:1.293e-02, Q_RMSE:3.267e-03, Success rate (<0.1):1.000000, Success rate (<0.01):0.000000, Success rate (<0.001):0.000000
X=[-0.4,-0.2], PQ=[-2.0,-1.8]: count:10, ill:0, Ang_MAX:1.217706e-01, Vol_MAX:3.022015e-03, Ang_mean+-std:7.276639e-02+-3.229886e-02, Vol_mean+-std:1.853567e-03+-5.310045e-04, P_MAX:6.489e-02, Q_MAX:1.441e-02, P_mean+-std:3.404e-02+-1.608e-02, Q_mean+-std:1.002e-02+-2.042e-03, P_RMSE:1.162e-02, Q_RMSE:3.358e-03, Success rate (<0.1):1.000000, Success rate (<0.01):0.000000, Success rate (<0.001):0.000000
X=[-0.4,-0.2], PQ=[-1.8,-1.6]: count:10, ill:0, Ang_MAX:1.692032e-01, Vol_MAX:3.585160e-03, Ang_mean+-std:6.692891e-02+-5.156262e-02, Vol_mean+-std:1.846671e-03+-9.349693e-04, P_MAX:6.735e-02, Q_MAX:1.169e-02, P_mean+-std:2.909e-02+-1.671e-02, Q_mean+-std:8.227e-03+-2.004e-03, P_RMSE:1.228e-02, Q_RMSE:3.057e-03, Success rate (<0.1):1.000000, Success rate (<0.01):0.000000, Success rate (<0.001):0.000000
X=[-0.4,-0.2], PQ=[-1.6,-1.4]: count:10, ill:0, Ang_MAX:1.130797e-01, Vol_MAX:2.411723e-03, Ang_mean+-std:5.398801e-02+-2.882994e-02, Vol_mean+-std:1.305515e-03+-4.873032e-04, P_MAX:3.351e-02, Q_MAX:1.125e-02, P_mean+-std:2.377e-02+-6.575e-03, Q_mean+-std:7.621e-03+-1.563e-03, P_RMSE:9.089e-03, Q_RMSE:2.688e-03, Success rate (<0.1):1.000000, Success rate (<0.01):0.000000, Success rate (<0.001):0.000000
X=[-0.4,-0.2], PQ=[-1.4,-1.2]: count:10, ill:0, Ang_MAX:1.357695e-01, Vol_MAX:3.422558e-03, Ang_mean+-std:7.719446e-02+-3.307900e-02, Vol_mean+-std:1.876849e-03+-8.111270e-04, P_MAX:3.336e-02, Q_MAX:8.911e-03, P_mean+-std:2.529e-02+-6.371e-03, Q_mean+-std:6.388e-03+-1.404e-03, P_RMSE:1.128e-02, Q_RMSE:2.508e-03, Success rate (<0.1):1.000000, Success rate (<0.01):0.000000, Success rate (<0.001):0.000000
X=[-0.4,-0.2], PQ=[-1.2,-1.0]: count:10, ill:0, Ang_MAX:1.439516e-01, Vol_MAX:2.013624e-03, Ang_mean+-std:5.635397e-02+-3.501791e-02, Vol_mean+-std:1.310909e-03+-3.941907e-04, P_MAX:6.474e-02, Q_MAX:1.087e-02, P_mean+-std:2.349e-02+-1.428e-02, Q_mean+-std:5.915e-03+-1.803e-03, P_RMSE:9.096e-03, Q_RMSE:2.253e-03, Success rate (<0.1):1.000000, Success rate (<0.01):0.000000, Success rate (<0.001):0.000000
X=[-0.4,-0.2], PQ=[-1.0,-0.8]: count:10, ill:0, Ang_MAX:8.197123e-02, Vol_MAX:1.901329e-03, Ang_mean+-std:4.165556e-02+-2.013133e-02, Vol_mean+-std:1.080811e-03+-4.107092e-04, P_MAX:2.553e-02, Q_MAX:7.006e-03, P_mean+-std:1.656e-02+-4.689e-03, Q_mean+-std:5.307e-03+-8.390e-04, P_RMSE:6.648e-03, Q_RMSE:1.903e-03, Success rate (<0.1):1.000000, Success rate (<0.01):0.000000, Success rate (<0.001):0.000000
X=[-0.4,-0.2], PQ=[-0.8,-0.6]: count:10, ill:0, Ang_MAX:6.249529e-02, Vol_MAX:1.399994e-03, Ang_mean+-std:2.732761e-02+-1.651633e-02, Vol_mean+-std:7.797956e-04+-4.283069e-04, P_MAX:2.117e-02, Q_MAX:6.552e-03, P_mean+-std:1.248e-02+-3.488e-03, Q_mean+-std:4.246e-03+-9.425e-04, P_RMSE:5.135e-03, Q_RMSE:1.716e-03, Success rate (<0.1):1.000000, Success rate (<0.01):0.200000, Success rate (<0.001):0.000000
X=[-0.4,-0.2], PQ=[-0.6,-0.4]: count:10, ill:0, Ang_MAX:4.538848e-02, Vol_MAX:9.078383e-04, Ang_mean+-std:1.896473e-02+-1.157764e-02, Vol_mean+-std:5.135000e-04+-2.223374e-04, P_MAX:1.727e-02, Q_MAX:5.338e-03, P_mean+-std:9.813e-03+-3.473e-03, Q_mean+-std:3.608e-03+-6.108e-04, P_RMSE:3.679e-03, Q_RMSE:1.454e-03, Success rate (<0.1):1.000000, Success rate (<0.01):0.500000, Success rate (<0.001):0.000000
X=[-0.4,-0.2], PQ=[-0.4,-0.2]: count:10, ill:0, Ang_MAX:1.652834e-02, Vol_MAX:6.473660e-04, Ang_mean+-std:8.977781e-03+-4.222799e-03, Vol_mean+-std:3.434300e-04+-1.438619e-04, P_MAX:9.226e-03, Q_MAX:4.897e-03, P_mean+-std:6.621e-03+-1.291e-03, Q_mean+-std:3.235e-03+-6.620e-04, P_RMSE:2.606e-03, Q_RMSE:1.304e-03, Success rate (<0.1):1.000000, Success rate (<0.01):1.000000, Success rate (<0.001):0.000000
X=[-0.4,-0.2], PQ=[-0.2,0.0]: count:10, ill:0, Ang_MAX:1.163651e-02, Vol_MAX:4.594326e-04, Ang_mean+-std:5.369227e-03+-3.228197e-03, Vol_mean+-std:2.870202e-04+-8.520717e-05, P_MAX:8.236e-03, Q_MAX:3.779e-03, P_mean+-std:6.283e-03+-1.111e-03, Q_mean+-std:3.069e-03+-3.085e-04, P_RMSE:2.117e-03, Q_RMSE:1.256e-03, Success rate (<0.1):1.000000, Success rate (<0.01):1.000000, Success rate (<0.001):0.000000
X=[-0.4,-0.2], PQ=[0.0,0.2]: count:10, ill:0, Ang_MAX:9.044975e-03, Vol_MAX:3.339052e-04, Ang_mean+-std:4.573199e-03+-2.285831e-03, Vol_mean+-std:2.618313e-04+-3.526949e-05, P_MAX:6.686e-03, Q_MAX:4.705e-03, P_mean+-std:6.073e-03+-3.218e-04, Q_mean+-std:3.424e-03+-6.542e-04, P_RMSE:1.965e-03, Q_RMSE:1.274e-03, Success rate (<0.1):1.000000, Success rate (<0.01):1.000000, Success rate (<0.001):0.000000
X=[-0.4,-0.2], PQ=[0.2,0.4]: count:10, ill:0, Ang_MAX:2.027258e-02, Vol_MAX:6.500483e-04, Ang_mean+-std:1.145452e-02+-5.545417e-03, Vol_mean+-std:3.889740e-04+-1.210497e-04, P_MAX:1.063e-02, Q_MAX:4.449e-03, P_mean+-std:7.732e-03+-1.554e-03, Q_mean+-std:3.206e-03+-4.560e-04, P_RMSE:2.700e-03, Q_RMSE:1.317e-03, Success rate (<0.1):1.000000, Success rate (<0.01):0.900000, Success rate (<0.001):0.000000
X=[-0.4,-0.2], PQ=[0.4,0.6]: count:10, ill:0, Ang_MAX:3.279373e-02, Vol_MAX:1.004517e-03, Ang_mean+-std:2.388173e-02+-7.474081e-03, Vol_mean+-std:6.299615e-04+-2.038801e-04, P_MAX:1.658e-02, Q_MAX:4.392e-03, P_mean+-std:1.153e-02+-2.675e-03, Q_mean+-std:3.600e-03+-4.148e-04, P_RMSE:3.981e-03, Q_RMSE:1.450e-03, Success rate (<0.1):1.000000, Success rate (<0.01):0.400000, Success rate (<0.001):0.000000
X=[-0.4,-0.2], PQ=[0.6,0.8]: count:10, ill:0, Ang_MAX:3.417682e-02, Vol_MAX:1.293778e-03, Ang_mean+-std:2.430576e-02+-6.855221e-03, Vol_mean+-std:8.066952e-04+-2.983325e-04, P_MAX:1.828e-02, Q_MAX:4.502e-03, P_mean+-std:1.219e-02+-3.056e-03, Q_mean+-std:3.972e-03+-4.365e-04, P_RMSE:4.625e-03, Q_RMSE:1.583e-03, Success rate (<0.1):1.000000, Success rate (<0.01):0.200000, Success rate (<0.001):0.000000
X=[-0.4,-0.2], PQ=[0.8,1.0]: count:10, ill:0, Ang_MAX:6.940114e-02, Vol_MAX:1.186430e-03, Ang_mean+-std:2.998368e-02+-1.726106e-02, Vol_mean+-std:8.030772e-04+-2.515660e-04, P_MAX:2.351e-02, Q_MAX:6.075e-03, P_mean+-std:1.475e-02+-5.369e-03, Q_mean+-std:4.478e-03+-7.867e-04, P_RMSE:5.796e-03, Q_RMSE:1.788e-03, Success rate (<0.1):1.000000, Success rate (<0.01):0.300000, Success rate (<0.001):0.000000
X=[-0.4,-0.2], PQ=[1.0,1.2]: count:10, ill:0, Ang_MAX:5.720999e-02, Vol_MAX:1.537442e-03, Ang_mean+-std:3.602065e-02+-1.320661e-02, Vol_mean+-std:1.046973e-03+-2.781360e-04, P_MAX:2.674e-02, Q_MAX:7.850e-03, P_mean+-std:1.806e-02+-5.178e-03, Q_mean+-std:5.824e-03+-8.436e-04, P_RMSE:6.436e-03, Q_RMSE:2.096e-03, Success rate (<0.1):1.000000, Success rate (<0.01):0.000000, Success rate (<0.001):0.000000
X=[-0.4,-0.2], PQ=[1.2,1.4]: count:10, ill:0, Ang_MAX:8.604310e-02, Vol_MAX:2.263129e-03, Ang_mean+-std:4.017134e-02+-2.453996e-02, Vol_mean+-std:1.199973e-03+-5.427139e-04, P_MAX:5.358e-02, Q_MAX:7.877e-03, P_mean+-std:2.165e-02+-1.250e-02, Q_mean+-std:5.842e-03+-1.286e-03, P_RMSE:7.684e-03, Q_RMSE:2.207e-03, Success rate (<0.1):1.000000, Success rate (<0.01):0.100000, Success rate (<0.001):0.000000
X=[-0.4,-0.2], PQ=[1.4,1.6]: count:10, ill:0, Ang_MAX:1.103026e-01, Vol_MAX:2.366662e-03, Ang_mean+-std:6.314798e-02+-2.206065e-02, Vol_mean+-std:1.566678e-03+-5.055370e-04, P_MAX:3.894e-02, Q_MAX:9.954e-03, P_mean+-std:2.823e-02+-7.258e-03, Q_mean+-std:7.737e-03+-1.360e-03, P_RMSE:1.020e-02, Q_RMSE:2.731e-03, Success rate (<0.1):1.000000, Success rate (<0.01):0.000000, Success rate (<0.001):0.000000
X=[-0.4,-0.2], PQ=[1.6,1.8]: count:10, ill:0, Ang_MAX:1.237293e-01, Vol_MAX:3.132105e-03, Ang_mean+-std:7.432381e-02+-2.249606e-02, Vol_mean+-std:1.589197e-03+-6.004048e-04, P_MAX:4.389e-02, Q_MAX:1.164e-02, P_mean+-std:3.261e-02+-7.739e-03, Q_mean+-std:8.670e-03+-1.572e-03, P_RMSE:1.177e-02, Q_RMSE:3.089e-03, Success rate (<0.1):1.000000, Success rate (<0.01):0.000000, Success rate (<0.001):0.000000
X=[-0.4,-0.2], PQ=[1.8,2.0]: count:10, ill:0, Ang_MAX:1.452431e-01, Vol_MAX:4.724443e-03, Ang_mean+-std:7.289309e-02+-3.890418e-02, Vol_mean+-std:1.850241e-03+-1.201203e-03, P_MAX:4.506e-02, Q_MAX:1.598e-02, P_mean+-std:2.939e-02+-8.766e-03, Q_mean+-std:9.182e-03+-2.778e-03, P_RMSE:1.224e-02, Q_RMSE:3.269e-03, Success rate (<0.1):1.000000, Success rate (<0.01):0.000000, Success rate (<0.001):0.000000
X=[-0.2,0.0], PQ=[-2.0,-1.8]: count:10, ill:0, Ang_MAX:8.816420e-02, Vol_MAX:2.446234e-03, Ang_mean+-std:5.147635e-02+-2.132763e-02, Vol_mean+-std:1.347411e-03+-5.307871e-04, P_MAX:4.113e-02, Q_MAX:1.119e-02, P_mean+-std:2.849e-02+-7.397e-03, Q_mean+-std:7.999e-03+-1.845e-03, P_RMSE:9.783e-03, Q_RMSE:3.034e-03, Success rate (<0.1):1.000000, Success rate (<0.01):0.000000, Success rate (<0.001):0.000000
X=[-0.2,0.0], PQ=[-1.8,-1.6]: count:10, ill:0, Ang_MAX:1.657074e-01, Vol_MAX:3.595769e-03, Ang_mean+-std:9.096859e-02+-3.900261e-02, Vol_mean+-std:1.873940e-03+-8.404870e-04, P_MAX:5.434e-02, Q_MAX:1.653e-02, P_mean+-std:3.376e-02+-9.934e-03, Q_mean+-std:1.001e-02+-2.560e-03, P_RMSE:1.349e-02, Q_RMSE:3.263e-03, Success rate (<0.1):1.000000, Success rate (<0.01):0.000000, Success rate (<0.001):0.000000
X=[-0.2,0.0], PQ=[-1.6,-1.4]: count:10, ill:0, Ang_MAX:1.260547e-01, Vol_MAX:3.198981e-03, Ang_mean+-std:7.139390e-02+-2.670536e-02, Vol_mean+-std:1.820350e-03+-7.015040e-04, P_MAX:4.620e-02, Q_MAX:1.164e-02, P_mean+-std:2.969e-02+-9.774e-03, Q_mean+-std:7.673e-03+-1.738e-03, P_RMSE:1.134e-02, Q_RMSE:2.699e-03, Success rate (<0.1):1.000000, Success rate (<0.01):0.000000, Success rate (<0.001):0.000000
X=[-0.2,0.0], PQ=[-1.4,-1.2]: count:10, ill:0, Ang_MAX:1.230649e-01, Vol_MAX:3.202021e-03, Ang_mean+-std:7.236826e-02+-1.987808e-02, Vol_mean+-std:1.656109e-03+-5.745902e-04, P_MAX:4.016e-02, Q_MAX:7.458e-03, P_mean+-std:3.159e-02+-4.985e-03, Q_mean+-std:6.632e-03+-6.264e-04, P_RMSE:1.082e-02, Q_RMSE:2.603e-03, Success rate (<0.1):1.000000, Success rate (<0.01):0.000000, Success rate (<0.001):0.000000
X=[-0.2,0.0], PQ=[-1.2,-1.0]: count:10, ill:0, Ang_MAX:7.448140e-02, Vol_MAX:1.375198e-03, Ang_mean+-std:4.424776e-02+-1.744434e-02, Vol_mean+-std:9.056389e-04+-2.997627e-04, P_MAX:3.078e-02, Q_MAX:7.514e-03, P_mean+-std:2.101e-02+-5.892e-03, Q_mean+-std:5.500e-03+-1.095e-03, P_RMSE:7.227e-03, Q_RMSE:2.063e-03, Success rate (<0.1):1.000000, Success rate (<0.01):0.000000, Success rate (<0.001):0.000000
X=[-0.2,0.0], PQ=[-1.0,-0.8]: count:10, ill:0, Ang_MAX:6.348230e-02, Vol_MAX:1.330733e-03, Ang_mean+-std:3.329723e-02+-1.773707e-02, Vol_mean+-std:8.681953e-04+-2.971909e-04, P_MAX:3.525e-02, Q_MAX:9.613e-03, P_mean+-std:1.558e-02+-7.738e-03, Q_mean+-std:5.546e-03+-1.580e-03, P_RMSE:5.825e-03, Q_RMSE:1.986e-03, Success rate (<0.1):1.000000, Success rate (<0.01):0.300000, Success rate (<0.001):0.000000
X=[-0.2,0.0], PQ=[-0.8,-0.6]: count:10, ill:0, Ang_MAX:5.172321e-02, Vol_MAX:1.099348e-03, Ang_mean+-std:3.219894e-02+-1.317027e-02, Vol_mean+-std:7.065535e-04+-2.310995e-04, P_MAX:2.075e-02, Q_MAX:5.767e-03, P_mean+-std:1.455e-02+-4.342e-03, Q_mean+-std:4.132e-03+-8.286e-04, P_RMSE:5.178e-03, Q_RMSE:1.638e-03, Success rate (<0.1):1.000000, Success rate (<0.01):0.200000, Success rate (<0.001):0.000000
X=[-0.2,0.0], PQ=[-0.6,-0.4]: count:10, ill:0, Ang_MAX:3.553875e-02, Vol_MAX:9.599328e-04, Ang_mean+-std:1.997615e-02+-8.404131e-03, Vol_mean+-std:6.021440e-04+-2.083235e-04, P_MAX:1.352e-02, Q_MAX:4.756e-03, P_mean+-std:1.011e-02+-2.346e-03, Q_mean+-std:3.843e-03+-6.079e-04, P_RMSE:3.831e-03, Q_RMSE:1.469e-03, Success rate (<0.1):1.000000, Success rate (<0.01):0.500000, Success rate (<0.001):0.000000
X=[-0.2,0.0], PQ=[-0.4,-0.2]: count:10, ill:0, Ang_MAX:2.471236e-02, Vol_MAX:5.831122e-04, Ang_mean+-std:1.481917e-02+-5.894636e-03, Vol_mean+-std:4.275918e-04+-9.732705e-05, P_MAX:1.246e-02, Q_MAX:4.546e-03, P_mean+-std:8.295e-03+-1.783e-03, Q_mean+-std:3.237e-03+-5.340e-04, P_RMSE:2.884e-03, Q_RMSE:1.337e-03, Success rate (<0.1):1.000000, Success rate (<0.01):0.800000, Success rate (<0.001):0.000000
X=[-0.2,0.0], PQ=[-0.2,0.0]: count:10, ill:0, Ang_MAX:8.772701e-03, Vol_MAX:3.239512e-04, Ang_mean+-std:5.025867e-03+-2.313144e-03, Vol_mean+-std:2.377391e-04+-3.793925e-05, P_MAX:7.021e-03, Q_MAX:4.242e-03, P_mean+-std:5.914e-03+-6.017e-04, Q_mean+-std:3.206e-03+-5.301e-04, P_RMSE:1.991e-03, Q_RMSE:1.240e-03, Success rate (<0.1):1.000000, Success rate (<0.01):1.000000, Success rate (<0.001):0.000000
X=[-0.2,0.0], PQ=[0.0,0.2]: count:10, ill:0, Ang_MAX:1.125576e-02, Vol_MAX:4.227161e-04, Ang_mean+-std:4.783177e-03+-2.720473e-03, Vol_mean+-std:2.912343e-04+-5.364689e-05, P_MAX:7.933e-03, Q_MAX:4.024e-03, P_mean+-std:6.073e-03+-8.621e-04, Q_mean+-std:3.126e-03+-3.945e-04, P_RMSE:2.007e-03, Q_RMSE:1.240e-03, Success rate (<0.1):1.000000, Success rate (<0.01):1.000000, Success rate (<0.001):0.000000
X=[-0.2,0.0], PQ=[0.2,0.4]: count:10, ill:0, Ang_MAX:1.357746e-02, Vol_MAX:4.882812e-04, Ang_mean+-std:9.409629e-03+-2.825603e-03, Vol_mean+-std:3.327191e-04+-8.758854e-05, P_MAX:9.242e-03, Q_MAX:4.801e-03, P_mean+-std:7.189e-03+-1.246e-03, Q_mean+-std:3.636e-03+-6.121e-04, P_RMSE:2.465e-03, Q_RMSE:1.331e-03, Success rate (<0.1):1.000000, Success rate (<0.01):1.000000, Success rate (<0.001):0.000000
X=[-0.2,0.0], PQ=[0.4,0.6]: count:10, ill:0, Ang_MAX:3.382696e-02, Vol_MAX:1.085699e-03, Ang_mean+-std:1.668774e-02+-7.874919e-03, Vol_mean+-std:6.531000e-04+-2.326603e-04, P_MAX:1.489e-02, Q_MAX:6.318e-03, P_mean+-std:9.793e-03+-2.211e-03, Q_mean+-std:3.936e-03+-9.653e-04, P_RMSE:3.550e-03, Q_RMSE:1.505e-03, Success rate (<0.1):1.000000, Success rate (<0.01):0.700000, Success rate (<0.001):0.000000
X=[-0.2,0.0], PQ=[0.6,0.8]: count:10, ill:0, Ang_MAX:5.776642e-02, Vol_MAX:1.302779e-03, Ang_mean+-std:2.889413e-02+-1.466892e-02, Vol_mean+-std:6.508589e-04+-3.403007e-04, P_MAX:1.865e-02, Q_MAX:6.188e-03, P_mean+-std:1.272e-02+-3.412e-03, Q_mean+-std:4.451e-03+-7.824e-04, P_RMSE:5.123e-03, Q_RMSE:1.675e-03, Success rate (<0.1):1.000000, Success rate (<0.01):0.300000, Success rate (<0.001):0.000000
X=[-0.2,0.0], PQ=[0.8,1.0]: count:10, ill:0, Ang_MAX:1.058048e-01, Vol_MAX:1.596689e-03, Ang_mean+-std:4.228948e-02+-2.636989e-02, Vol_mean+-std:9.523988e-04+-3.711470e-04, P_MAX:4.776e-02, Q_MAX:1.265e-02, P_mean+-std:1.990e-02+-1.075e-02, Q_mean+-std:6.225e-03+-2.749e-03, P_RMSE:7.221e-03, Q_RMSE:2.118e-03, Success rate (<0.1):1.000000, Success rate (<0.01):0.100000, Success rate (<0.001):0.000000
X=[-0.2,0.0], PQ=[1.0,1.2]: count:10, ill:0, Ang_MAX:7.239646e-02, Vol_MAX:2.304912e-03, Ang_mean+-std:4.342407e-02+-2.031448e-02, Vol_mean+-std:1.037812e-03+-5.030383e-04, P_MAX:4.138e-02, Q_MAX:8.957e-03, P_mean+-std:2.525e-02+-9.184e-03, Q_mean+-std:5.767e-03+-1.339e-03, P_RMSE:8.016e-03, Q_RMSE:2.130e-03, Success rate (<0.1):1.000000, Success rate (<0.01):0.000000, Success rate (<0.001):0.000000
X=[-0.2,0.0], PQ=[1.2,1.4]: count:10, ill:0, Ang_MAX:9.272804e-02, Vol_MAX:2.157867e-03, Ang_mean+-std:5.371348e-02+-2.181722e-02, Vol_mean+-std:1.264638e-03+-4.829516e-04, P_MAX:3.565e-02, Q_MAX:9.604e-03, P_mean+-std:2.220e-02+-6.930e-03, Q_mean+-std:6.756e-03+-1.308e-03, P_RMSE:8.311e-03, Q_RMSE:2.388e-03, Success rate (<0.1):1.000000, Success rate (<0.01):0.000000, Success rate (<0.001):0.000000
X=[-0.2,0.0], PQ=[1.4,1.6]: count:10, ill:0, Ang_MAX:1.228327e-01, Vol_MAX:2.624929e-03, Ang_mean+-std:7.259137e-02+-3.190912e-02, Vol_mean+-std:1.646715e-03+-5.739636e-04, P_MAX:5.452e-02, Q_MAX:9.284e-03, P_mean+-std:3.207e-02+-1.274e-02, Q_mean+-std:6.970e-03+-1.360e-03, P_RMSE:1.162e-02, Q_RMSE:2.811e-03, Success rate (<0.1):1.000000, Success rate (<0.01):0.000000, Success rate (<0.001):0.000000
X=[-0.2,0.0], PQ=[1.6,1.8]: count:10, ill:0, Ang_MAX:9.321520e-02, Vol_MAX:2.038062e-03, Ang_mean+-std:6.730536e-02+-1.841185e-02, Vol_mean+-std:1.427704e-03+-3.416190e-04, P_MAX:4.331e-02, Q_MAX:1.261e-02, P_mean+-std:2.959e-02+-6.951e-03, Q_mean+-std:8.682e-03+-2.294e-03, P_RMSE:1.087e-02, Q_RMSE:3.180e-03, Success rate (<0.1):1.000000, Success rate (<0.01):0.000000, Success rate (<0.001):0.000000
X=[-0.2,0.0], PQ=[1.8,2.0]: count:10, ill:0, Ang_MAX:1.635118e-01, Vol_MAX:2.762258e-03, Ang_mean+-std:6.008584e-02+-4.009805e-02, Vol_mean+-std:1.700896e-03+-5.397796e-04, P_MAX:4.357e-02, Q_MAX:1.571e-02, P_mean+-std:2.588e-02+-7.838e-03, Q_mean+-std:9.675e-03+-2.100e-03, P_RMSE:1.098e-02, Q_RMSE:3.440e-03, Success rate (<0.1):1.000000, Success rate (<0.01):0.000000, Success rate (<0.001):0.000000
X=[0.0,0.2], PQ=[-2.0,-1.8]: count:10, ill:0, Ang_MAX:1.660999e-01, Vol_MAX:4.859090e-03, Ang_mean+-std:1.061945e-01+-2.456798e-02, Vol_mean+-std:1.992804e-03+-1.014252e-03, P_MAX:5.818e-02, Q_MAX:1.571e-02, P_mean+-std:4.151e-02+-1.023e-02, Q_mean+-std:1.031e-02+-2.777e-03, P_RMSE:1.529e-02, Q_RMSE:3.766e-03, Success rate (<0.1):1.000000, Success rate (<0.01):0.000000, Success rate (<0.001):0.000000
X=[0.0,0.2], PQ=[-1.8,-1.6]: count:10, ill:0, Ang_MAX:1.575541e-01, Vol_MAX:4.285932e-03, Ang_mean+-std:6.752019e-02+-4.379321e-02, Vol_mean+-std:2.260852e-03+-1.062460e-03, P_MAX:4.557e-02, Q_MAX:1.278e-02, P_mean+-std:2.825e-02+-9.626e-03, Q_mean+-std:9.106e-03+-2.409e-03, P_RMSE:1.131e-02, Q_RMSE:3.246e-03, Success rate (<0.1):1.000000, Success rate (<0.01):0.000000, Success rate (<0.001):0.000000
X=[0.0,0.2], PQ=[-1.6,-1.4]: count:10, ill:0, Ang_MAX:1.235734e-01, Vol_MAX:2.746344e-03, Ang_mean+-std:7.170286e-02+-3.102975e-02, Vol_mean+-std:1.832664e-03+-6.150078e-04, P_MAX:5.225e-02, Q_MAX:1.032e-02, P_mean+-std:2.846e-02+-1.152e-02, Q_mean+-std:7.367e-03+-1.358e-03, P_RMSE:1.106e-02, Q_RMSE:2.800e-03, Success rate (<0.1):1.000000, Success rate (<0.01):0.000000, Success rate (<0.001):0.000000
X=[0.0,0.2], PQ=[-1.4,-1.2]: count:10, ill:0, Ang_MAX:8.363979e-02, Vol_MAX:1.909733e-03, Ang_mean+-std:5.085191e-02+-1.889799e-02, Vol_mean+-std:1.216984e-03+-4.044362e-04, P_MAX:3.402e-02, Q_MAX:1.187e-02, P_mean+-std:2.161e-02+-8.601e-03, Q_mean+-std:6.700e-03+-2.261e-03, P_RMSE:7.865e-03, Q_RMSE:2.467e-03, Success rate (<0.1):1.000000, Success rate (<0.01):0.100000, Success rate (<0.001):0.000000
X=[0.0,0.2], PQ=[-1.2,-1.0]: count:10, ill:0, Ang_MAX:7.111570e-02, Vol_MAX:2.282798e-03, Ang_mean+-std:3.295579e-02+-1.969586e-02, Vol_mean+-std:1.181185e-03+-5.575253e-04, P_MAX:2.834e-02, Q_MAX:7.852e-03, P_mean+-std:1.811e-02+-6.217e-03, Q_mean+-std:6.051e-03+-1.258e-03, P_RMSE:6.024e-03, Q_RMSE:2.172e-03, Success rate (<0.1):1.000000, Success rate (<0.01):0.200000, Success rate (<0.001):0.000000
X=[0.0,0.2], PQ=[-1.0,-0.8]: count:10, ill:0, Ang_MAX:6.833699e-02, Vol_MAX:1.873732e-03, Ang_mean+-std:4.380223e-02+-1.643432e-02, Vol_mean+-std:1.112467e-03+-3.917213e-04, P_MAX:2.132e-02, Q_MAX:6.274e-03, P_mean+-std:1.635e-02+-2.535e-03, Q_mean+-std:4.797e-03+-7.461e-04, P_RMSE:6.308e-03, Q_RMSE:1.799e-03, Success rate (<0.1):1.000000, Success rate (<0.01):0.000000, Success rate (<0.001):0.000000
X=[0.0,0.2], PQ=[-0.8,-0.6]: count:10, ill:0, Ang_MAX:4.335064e-02, Vol_MAX:1.011133e-03, Ang_mean+-std:3.246333e-02+-6.471579e-03, Vol_mean+-std:7.736981e-04+-1.382292e-04, P_MAX:1.911e-02, Q_MAX:6.512e-03, P_mean+-std:1.508e-02+-2.678e-03, Q_mean+-std:4.800e-03+-9.504e-04, P_RMSE:4.967e-03, Q_RMSE:1.722e-03, Success rate (<0.1):1.000000, Success rate (<0.01):0.100000, Success rate (<0.001):0.000000
X=[0.0,0.2], PQ=[-0.6,-0.4]: count:10, ill:0, Ang_MAX:3.525794e-02, Vol_MAX:5.430579e-04, Ang_mean+-std:1.860094e-02+-6.856840e-03, Vol_mean+-std:4.124343e-04+-8.777874e-05, P_MAX:1.631e-02, Q_MAX:5.252e-03, P_mean+-std:9.857e-03+-2.943e-03, Q_mean+-std:3.593e-03+-6.677e-04, P_RMSE:3.586e-03, Q_RMSE:1.483e-03, Success rate (<0.1):1.000000, Success rate (<0.01):0.700000, Success rate (<0.001):0.000000
X=[0.0,0.2], PQ=[-0.4,-0.2]: count:10, ill:0, Ang_MAX:2.503167e-02, Vol_MAX:4.332066e-04, Ang_mean+-std:1.034041e-02+-7.183106e-03, Vol_mean+-std:3.179789e-04+-6.414529e-05, P_MAX:9.970e-03, Q_MAX:4.367e-03, P_mean+-std:6.709e-03+-1.581e-03, Q_mean+-std:3.361e-03+-6.051e-04, P_RMSE:2.522e-03, Q_RMSE:1.304e-03, Success rate (<0.1):1.000000, Success rate (<0.01):1.000000, Success rate (<0.001):0.000000
X=[0.0,0.2], PQ=[-0.2,0.0]: count:10, ill:0, Ang_MAX:6.315694e-03, Vol_MAX:3.796816e-04, Ang_mean+-std:3.864829e-03+-1.536848e-03, Vol_mean+-std:2.763808e-04+-5.373522e-05, P_MAX:8.425e-03, Q_MAX:3.195e-03, P_mean+-std:6.475e-03+-8.998e-04, Q_mean+-std:2.807e-03+-2.661e-04, P_RMSE:1.965e-03, Q_RMSE:1.219e-03, Success rate (<0.1):1.000000, Success rate (<0.01):1.000000, Success rate (<0.001):0.000000
X=[0.0,0.2], PQ=[0.0,0.2]: count:10, ill:0, Ang_MAX:8.062362e-03, Vol_MAX:3.170371e-04, Ang_mean+-std:3.682469e-03+-2.012236e-03, Vol_mean+-std:2.628326e-04+-2.633770e-05, P_MAX:7.469e-03, Q_MAX:4.265e-03, P_mean+-std:6.126e-03+-5.875e-04, Q_mean+-std:3.142e-03+-5.048e-04, P_RMSE:1.933e-03, Q_RMSE:1.247e-03, Success rate (<0.1):1.000000, Success rate (<0.01):1.000000, Success rate (<0.001):0.000000
X=[0.0,0.2], PQ=[0.2,0.4]: count:10, ill:0, Ang_MAX:3.416559e-02, Vol_MAX:9.825826e-04, Ang_mean+-std:1.303234e-02+-8.764271e-03, Vol_mean+-std:4.343271e-04+-2.045692e-04, P_MAX:9.184e-03, Q_MAX:3.593e-03, P_mean+-std:7.533e-03+-1.266e-03, Q_mean+-std:3.144e-03+-3.266e-04, P_RMSE:2.902e-03, Q_RMSE:1.316e-03, Success rate (<0.1):1.000000, Success rate (<0.01):1.000000, Success rate (<0.001):0.000000
X=[0.0,0.2], PQ=[0.4,0.6]: count:10, ill:0, Ang_MAX:2.887318e-02, Vol_MAX:1.336753e-03, Ang_mean+-std:1.795949e-02+-7.093840e-03, Vol_mean+-std:5.641043e-04+-3.368336e-04, P_MAX:1.560e-02, Q_MAX:5.148e-03, P_mean+-std:9.628e-03+-2.737e-03, Q_mean+-std:3.485e-03+-6.619e-04, P_RMSE:3.522e-03, Q_RMSE:1.462e-03, Success rate (<0.1):1.000000, Success rate (<0.01):0.600000, Success rate (<0.001):0.000000
X=[0.0,0.2], PQ=[0.6,0.8]: count:10, ill:0, Ang_MAX:6.049497e-02, Vol_MAX:1.239061e-03, Ang_mean+-std:3.614716e-02+-1.746491e-02, Vol_mean+-std:8.816600e-04+-2.696074e-04, P_MAX:2.298e-02, Q_MAX:7.273e-03, P_mean+-std:1.564e-02+-4.938e-03, Q_mean+-std:4.702e-03+-1.095e-03, P_RMSE:5.812e-03, Q_RMSE:1.788e-03, Success rate (<0.1):1.000000, Success rate (<0.01):0.100000, Success rate (<0.001):0.000000
X=[0.0,0.2], PQ=[0.8,1.0]: count:10, ill:0, Ang_MAX:6.148782e-02, Vol_MAX:1.886129e-03, Ang_mean+-std:3.234299e-02+-1.566069e-02, Vol_mean+-std:9.580016e-04+-3.799446e-04, P_MAX:2.756e-02, Q_MAX:5.925e-03, P_mean+-std:1.656e-02+-4.799e-03, Q_mean+-std:4.637e-03+-6.978e-04, P_RMSE:5.715e-03, Q_RMSE:1.794e-03, Success rate (<0.1):1.000000, Success rate (<0.01):0.000000, Success rate (<0.001):0.000000
X=[0.0,0.2], PQ=[1.0,1.2]: count:10, ill:0, Ang_MAX:6.669790e-02, Vol_MAX:1.628339e-03, Ang_mean+-std:4.449681e-02+-1.678574e-02, Vol_mean+-std:1.032281e-03+-3.538968e-04, P_MAX:3.294e-02, Q_MAX:7.926e-03, P_mean+-std:1.928e-02+-6.830e-03, Q_mean+-std:5.817e-03+-9.625e-04, P_RMSE:7.832e-03, Q_RMSE:2.116e-03, Success rate (<0.1):1.000000, Success rate (<0.01):0.000000, Success rate (<0.001):0.000000
X=[0.0,0.2], PQ=[1.2,1.4]: count:10, ill:0, Ang_MAX:1.089608e-01, Vol_MAX:2.378464e-03, Ang_mean+-std:5.959692e-02+-3.130632e-02, Vol_mean+-std:1.513898e-03+-6.217226e-04, P_MAX:2.984e-02, Q_MAX:9.157e-03, P_mean+-std:2.146e-02+-5.152e-03, Q_mean+-std:6.436e-03+-1.555e-03, P_RMSE:8.946e-03, Q_RMSE:2.293e-03, Success rate (<0.1):1.000000, Success rate (<0.01):0.000000, Success rate (<0.001):0.000000
X=[0.0,0.2], PQ=[1.4,1.6]: count:10, ill:0, Ang_MAX:1.064809e-01, Vol_MAX:1.976490e-03, Ang_mean+-std:5.797002e-02+-2.917914e-02, Vol_mean+-std:1.392186e-03+-4.660341e-04, P_MAX:4.426e-02, Q_MAX:1.081e-02, P_mean+-std:2.426e-02+-8.355e-03, Q_mean+-std:6.907e-03+-1.879e-03, P_RMSE:9.300e-03, Q_RMSE:2.582e-03, Success rate (<0.1):1.000000, Success rate (<0.01):0.000000, Success rate (<0.001):0.000000
X=[0.0,0.2], PQ=[1.6,1.8]: count:10, ill:0, Ang_MAX:1.878654e-01, Vol_MAX:5.077899e-03, Ang_mean+-std:8.979734e-02+-4.308315e-02, Vol_mean+-std:2.078080e-03+-1.216008e-03, P_MAX:5.381e-02, Q_MAX:1.626e-02, P_mean+-std:3.289e-02+-1.034e-02, Q_mean+-std:9.347e-03+-3.243e-03, P_RMSE:1.354e-02, Q_RMSE:3.276e-03, Success rate (<0.1):1.000000, Success rate (<0.01):0.000000, Success rate (<0.001):0.000000
X=[0.0,0.2], PQ=[1.8,2.0]: count:10, ill:0, Ang_MAX:1.236082e-01, Vol_MAX:3.272235e-03, Ang_mean+-std:7.519782e-02+-2.901061e-02, Vol_mean+-std:1.776218e-03+-6.277373e-04, P_MAX:4.821e-02, Q_MAX:1.573e-02, P_mean+-std:2.900e-02+-8.460e-03, Q_mean+-std:9.180e-03+-2.579e-03, P_RMSE:1.117e-02, Q_RMSE:3.292e-03, Success rate (<0.1):1.000000, Success rate (<0.01):0.000000, Success rate (<0.001):0.000000
X=[0.2,0.4], PQ=[-2.0,-1.8]: count:10, ill:0, Ang_MAX:1.167157e-01, Vol_MAX:2.744853e-03, Ang_mean+-std:7.147047e-02+-3.316059e-02, Vol_mean+-std:1.815289e-03+-3.824781e-04, P_MAX:5.729e-02, Q_MAX:1.221e-02, P_mean+-std:3.649e-02+-1.232e-02, Q_mean+-std:9.413e-03+-1.780e-03, P_RMSE:1.174e-02, Q_RMSE:3.203e-03, Success rate (<0.1):1.000000, Success rate (<0.01):0.000000, Success rate (<0.001):0.000000
X=[0.2,0.4], PQ=[-1.8,-1.6]: count:10, ill:0, Ang_MAX:1.429661e-01, Vol_MAX:2.598047e-03, Ang_mean+-std:6.746752e-02+-3.443612e-02, Vol_mean+-std:1.848292e-03+-4.504742e-04, P_MAX:4.820e-02, Q_MAX:1.155e-02, P_mean+-std:3.120e-02+-1.086e-02, Q_mean+-std:8.102e-03+-1.664e-03, P_RMSE:1.085e-02, Q_RMSE:2.900e-03, Success rate (<0.1):1.000000, Success rate (<0.01):0.000000, Success rate (<0.001):0.000000
X=[0.2,0.4], PQ=[-1.6,-1.4]: count:10, ill:0, Ang_MAX:9.876996e-02, Vol_MAX:3.729463e-03, Ang_mean+-std:6.974697e-02+-1.965641e-02, Vol_mean+-std:2.031749e-03+-8.665376e-04, P_MAX:4.747e-02, Q_MAX:1.138e-02, P_mean+-std:2.910e-02+-9.578e-03, Q_mean+-std:8.072e-03+-1.602e-03, P_RMSE:1.074e-02, Q_RMSE:2.814e-03, Success rate (<0.1):1.000000, Success rate (<0.01):0.000000, Success rate (<0.001):0.000000
X=[0.2,0.4], PQ=[-1.4,-1.2]: count:10, ill:0, Ang_MAX:9.852313e-02, Vol_MAX:2.159119e-03, Ang_mean+-std:5.466508e-02+-2.172902e-02, Vol_mean+-std:1.332539e-03+-4.390963e-04, P_MAX:3.193e-02, Q_MAX:7.978e-03, P_mean+-std:2.300e-02+-5.568e-03, Q_mean+-std:6.115e-03+-1.125e-03, P_RMSE:8.789e-03, Q_RMSE:2.356e-03, Success rate (<0.1):1.000000, Success rate (<0.01):0.000000, Success rate (<0.001):0.000000
X=[0.2,0.4], PQ=[-1.2,-1.0]: count:10, ill:0, Ang_MAX:8.508964e-02, Vol_MAX:2.751291e-03, Ang_mean+-std:4.661920e-02+-2.282568e-02, Vol_mean+-std:1.160938e-03+-6.659181e-04, P_MAX:3.070e-02, Q_MAX:8.008e-03, P_mean+-std:2.402e-02+-6.367e-03, Q_mean+-std:5.902e-03+-1.309e-03, P_RMSE:7.758e-03, Q_RMSE:2.171e-03, Success rate (<0.1):1.000000, Success rate (<0.01):0.000000, Success rate (<0.001):0.000000
X=[0.2,0.4], PQ=[-1.0,-0.8]: count:10, ill:0, Ang_MAX:6.446826e-02, Vol_MAX:1.622617e-03, Ang_mean+-std:3.608330e-02+-1.565827e-02, Vol_mean+-std:1.011753e-03+-3.401327e-04, P_MAX:1.994e-02, Q_MAX:6.567e-03, P_mean+-std:1.435e-02+-3.532e-03, Q_mean+-std:4.764e-03+-6.996e-04, P_RMSE:6.080e-03, Q_RMSE:1.854e-03, Success rate (<0.1):1.000000, Success rate (<0.01):0.100000, Success rate (<0.001):0.000000
X=[0.2,0.4], PQ=[-0.8,-0.6]: count:10, ill:0, Ang_MAX:5.596222e-02, Vol_MAX:1.286983e-03, Ang_mean+-std:3.195432e-02+-1.452962e-02, Vol_mean+-std:8.881330e-04+-3.122507e-04, P_MAX:3.727e-02, Q_MAX:5.815e-03, P_mean+-std:1.563e-02+-8.145e-03, Q_mean+-std:4.466e-03+-6.663e-04, P_RMSE:5.470e-03, Q_RMSE:1.683e-03, Success rate (<0.1):1.000000, Success rate (<0.01):0.300000, Success rate (<0.001):0.000000
X=[0.2,0.4], PQ=[-0.6,-0.4]: count:10, ill:0, Ang_MAX:2.996856e-02, Vol_MAX:9.109378e-04, Ang_mean+-std:1.535847e-02+-6.852709e-03, Vol_mean+-std:5.584598e-04+-1.943790e-04, P_MAX:1.426e-02, Q_MAX:4.204e-03, P_mean+-std:9.714e-03+-2.568e-03, Q_mean+-std:3.648e-03+-3.873e-04, P_RMSE:3.343e-03, Q_RMSE:1.401e-03, Success rate (<0.1):1.000000, Success rate (<0.01):0.600000, Success rate (<0.001):0.000000
X=[0.2,0.4], PQ=[-0.4,-0.2]: count:10, ill:0, Ang_MAX:1.771225e-02, Vol_MAX:6.209016e-04, Ang_mean+-std:9.156394e-03+-4.833571e-03, Vol_mean+-std:4.118621e-04+-1.236315e-04, P_MAX:8.423e-03, Q_MAX:4.830e-03, P_mean+-std:6.890e-03+-1.024e-03, Q_mean+-std:3.357e-03+-6.233e-04, P_RMSE:2.377e-03, Q_RMSE:1.282e-03, Success rate (<0.1):1.000000, Success rate (<0.01):1.000000, Success rate (<0.001):0.000000
X=[0.2,0.4], PQ=[-0.2,0.0]: count:10, ill:0, Ang_MAX:1.051936e-02, Vol_MAX:4.897714e-04, Ang_mean+-std:4.489295e-03+-3.063375e-03, Vol_mean+-std:2.900541e-04+-7.724453e-05, P_MAX:8.050e-03, Q_MAX:3.610e-03, P_mean+-std:6.141e-03+-9.332e-04, Q_mean+-std:2.850e-03+-3.010e-04, P_RMSE:1.993e-03, Q_RMSE:1.219e-03, Success rate (<0.1):1.000000, Success rate (<0.01):1.000000, Success rate (<0.001):0.000000
X=[0.2,0.4], PQ=[0.0,0.2]: count:10, ill:0, Ang_MAX:5.136579e-03, Vol_MAX:3.641844e-04, Ang_mean+-std:3.387350e-03+-1.125873e-03, Vol_mean+-std:2.824306e-04+-5.510707e-05, P_MAX:6.584e-03, Q_MAX:4.328e-03, P_mean+-std:6.010e-03+-3.660e-04, Q_mean+-std:3.234e-03+-4.356e-04, P_RMSE:1.923e-03, Q_RMSE:1.255e-03, Success rate (<0.1):1.000000, Success rate (<0.01):1.000000, Success rate (<0.001):0.000000
X=[0.2,0.4], PQ=[0.2,0.4]: count:10, ill:0, Ang_MAX:2.209345e-02, Vol_MAX:7.645488e-04, Ang_mean+-std:1.147412e-02+-6.298835e-03, Vol_mean+-std:4.285395e-04+-1.620448e-04, P_MAX:1.206e-02, Q_MAX:3.831e-03, P_mean+-std:8.080e-03+-1.964e-03, Q_mean+-std:3.204e-03+-3.813e-04, P_RMSE:2.825e-03, Q_RMSE:1.329e-03, Success rate (<0.1):1.000000, Success rate (<0.01):0.800000, Success rate (<0.001):0.000000
X=[0.2,0.4], PQ=[0.4,0.6]: count:10, ill:0, Ang_MAX:5.113266e-02, Vol_MAX:1.634359e-03, Ang_mean+-std:2.133200e-02+-1.300606e-02, Vol_mean+-std:6.813943e-04+-3.586267e-04, P_MAX:1.602e-02, Q_MAX:5.441e-03, P_mean+-std:1.061e-02+-3.301e-03, Q_mean+-std:3.643e-03+-7.523e-04, P_RMSE:3.915e-03, Q_RMSE:1.506e-03, Success rate (<0.1):1.000000, Success rate (<0.01):0.500000, Success rate (<0.001):0.000000
X=[0.2,0.4], PQ=[0.6,0.8]: count:10, ill:0, Ang_MAX:4.381697e-02, Vol_MAX:1.256466e-03, Ang_mean+-std:2.930115e-02+-1.169978e-02, Vol_mean+-std:7.991433e-04+-3.204487e-04, P_MAX:1.946e-02, Q_MAX:5.544e-03, P_mean+-std:1.294e-02+-3.626e-03, Q_mean+-std:4.382e-03+-4.779e-04, P_RMSE:4.773e-03, Q_RMSE:1.663e-03, Success rate (<0.1):1.000000, Success rate (<0.01):0.200000, Success rate (<0.001):0.000000
X=[0.2,0.4], PQ=[0.8,1.0]: count:10, ill:0, Ang_MAX:8.052984e-02, Vol_MAX:1.670659e-03, Ang_mean+-std:3.490767e-02+-2.060999e-02, Vol_mean+-std:8.529067e-04+-3.965035e-04, P_MAX:2.689e-02, Q_MAX:7.816e-03, P_mean+-std:1.658e-02+-5.756e-03, Q_mean+-std:5.561e-03+-1.169e-03, P_RMSE:5.798e-03, Q_RMSE:1.937e-03, Success rate (<0.1):1.000000, Success rate (<0.01):0.000000, Success rate (<0.001):0.000000
X=[0.2,0.4], PQ=[1.0,1.2]: count:10, ill:0, Ang_MAX:7.479946e-02, Vol_MAX:2.235115e-03, Ang_mean+-std:4.265282e-02+-2.021197e-02, Vol_mean+-std:1.315695e-03+-4.768717e-04, P_MAX:3.837e-02, Q_MAX:8.213e-03, P_mean+-std:1.966e-02+-9.296e-03, Q_mean+-std:5.925e-03+-1.194e-03, P_RMSE:6.924e-03, Q_RMSE:2.089e-03, Success rate (<0.1):1.000000, Success rate (<0.01):0.100000, Success rate (<0.001):0.000000
X=[0.2,0.4], PQ=[1.2,1.4]: count:10, ill:0, Ang_MAX:8.747679e-02, Vol_MAX:2.629817e-03, Ang_mean+-std:5.127748e-02+-1.905684e-02, Vol_mean+-std:1.333541e-03+-4.653614e-04, P_MAX:3.665e-02, Q_MAX:1.321e-02, P_mean+-std:2.457e-02+-7.549e-03, Q_mean+-std:7.148e-03+-2.172e-03, P_RMSE:8.823e-03, Q_RMSE:2.617e-03, Success rate (<0.1):1.000000, Success rate (<0.01):0.000000, Success rate (<0.001):0.000000
X=[0.2,0.4], PQ=[1.4,1.6]: count:10, ill:0, Ang_MAX:1.536540e-01, Vol_MAX:3.583312e-03, Ang_mean+-std:6.494710e-02+-3.612592e-02, Vol_mean+-std:1.594245e-03+-8.459036e-04, P_MAX:4.240e-02, Q_MAX:1.064e-02, P_mean+-std:2.584e-02+-8.162e-03, Q_mean+-std:7.486e-03+-1.673e-03, P_RMSE:1.031e-02, Q_RMSE:2.750e-03, Success rate (<0.1):1.000000, Success rate (<0.01):0.000000, Success rate (<0.001):0.000000
X=[0.2,0.4], PQ=[1.6,1.8]: count:10, ill:0, Ang_MAX:1.131640e-01, Vol_MAX:2.603769e-03, Ang_mean+-std:7.370025e-02+-3.057149e-02, Vol_mean+-std:1.690692e-03+-5.238739e-04, P_MAX:4.779e-02, Q_MAX:1.339e-02, P_mean+-std:2.672e-02+-1.073e-02, Q_mean+-std:8.985e-03+-2.394e-03, P_RMSE:1.117e-02, Q_RMSE:3.247e-03, Success rate (<0.1):1.000000, Success rate (<0.01):0.000000, Success rate (<0.001):0.000000
X=[0.2,0.4], PQ=[1.8,2.0]: count:10, ill:0, Ang_MAX:1.229856e-01, Vol_MAX:2.514482e-03, Ang_mean+-std:7.234746e-02+-3.011430e-02, Vol_mean+-std:1.577681e-03+-4.996715e-04, P_MAX:4.654e-02, Q_MAX:1.254e-02, P_mean+-std:3.292e-02+-9.150e-03, Q_mean+-std:8.590e-03+-2.085e-03, P_RMSE:1.207e-02, Q_RMSE:3.331e-03, Success rate (<0.1):1.000000, Success rate (<0.01):0.000000, Success rate (<0.001):0.000000
X=[0.4,0.6], PQ=[-2.0,-1.8]: count:10, ill:0, Ang_MAX:1.644690e-01, Vol_MAX:4.271567e-03, Ang_mean+-std:8.336701e-02+-4.143702e-02, Vol_mean+-std:2.383590e-03+-1.071119e-03, P_MAX:4.531e-02, Q_MAX:1.182e-02, P_mean+-std:3.201e-02+-7.889e-03, Q_mean+-std:8.708e-03+-1.744e-03, P_RMSE:1.252e-02, Q_RMSE:3.174e-03, Success rate (<0.1):1.000000, Success rate (<0.01):0.000000, Success rate (<0.001):0.000000
X=[0.4,0.6], PQ=[-1.8,-1.6]: count:10, ill:0, Ang_MAX:1.032986e-01, Vol_MAX:3.320515e-03, Ang_mean+-std:6.770785e-02+-2.623828e-02, Vol_mean+-std:1.783293e-03+-6.039596e-04, P_MAX:5.117e-02, Q_MAX:1.172e-02, P_mean+-std:3.182e-02+-1.077e-02, Q_mean+-std:9.159e-03+-1.746e-03, P_RMSE:1.119e-02, Q_RMSE:3.068e-03, Success rate (<0.1):1.000000, Success rate (<0.01):0.000000, Success rate (<0.001):0.000000
X=[0.4,0.6], PQ=[-1.6,-1.4]: count:10, ill:0, Ang_MAX:9.278096e-02, Vol_MAX:2.399862e-03, Ang_mean+-std:5.823588e-02+-2.066484e-02, Vol_mean+-std:1.699430e-03+-5.283128e-04, P_MAX:4.345e-02, Q_MAX:1.187e-02, P_mean+-std:2.809e-02+-7.836e-03, Q_mean+-std:7.082e-03+-1.880e-03, P_RMSE:9.926e-03, Q_RMSE:2.739e-03, Success rate (<0.1):1.000000, Success rate (<0.01):0.000000, Success rate (<0.001):0.000000
X=[0.4,0.6], PQ=[-1.4,-1.2]: count:10, ill:0, Ang_MAX:1.162003e-01, Vol_MAX:2.253652e-03, Ang_mean+-std:6.292728e-02+-2.842759e-02, Vol_mean+-std:1.371711e-03+-5.086482e-04, P_MAX:5.876e-02, Q_MAX:9.249e-03, P_mean+-std:2.919e-02+-1.251e-02, Q_mean+-std:7.066e-03+-1.460e-03, P_RMSE:1.074e-02, Q_RMSE:2.620e-03, Success rate (<0.1):1.000000, Success rate (<0.01):0.000000, Success rate (<0.001):0.000000
X=[0.4,0.6], PQ=[-1.2,-1.0]: count:10, ill:0, Ang_MAX:6.098700e-02, Vol_MAX:1.671910e-03, Ang_mean+-std:3.617884e-02+-1.695429e-02, Vol_mean+-std:1.008636e-03+-3.806068e-04, P_MAX:3.311e-02, Q_MAX:8.208e-03, P_mean+-std:2.080e-02+-7.407e-03, Q_mean+-std:6.135e-03+-8.416e-04, P_RMSE:6.610e-03, Q_RMSE:2.075e-03, Success rate (<0.1):1.000000, Success rate (<0.01):0.100000, Success rate (<0.001):0.000000
X=[0.4,0.6], PQ=[-1.0,-0.8]: count:10, ill:0, Ang_MAX:5.905367e-02, Vol_MAX:1.535356e-03, Ang_mean+-std:3.154443e-02+-1.729133e-02, Vol_mean+-std:8.569121e-04+-3.081426e-04, P_MAX:2.782e-02, Q_MAX:8.312e-03, P_mean+-std:1.709e-02+-7.268e-03, Q_mean+-std:4.924e-03+-1.361e-03, P_RMSE:5.997e-03, Q_RMSE:1.883e-03, Success rate (<0.1):1.000000, Success rate (<0.01):0.200000, Success rate (<0.001):0.000000
X=[0.4,0.6], PQ=[-0.8,-0.6]: count:10, ill:0, Ang_MAX:6.398837e-02, Vol_MAX:1.408100e-03, Ang_mean+-std:3.434565e-02+-1.365356e-02, Vol_mean+-std:7.310092e-04+-3.299971e-04, P_MAX:2.130e-02, Q_MAX:5.925e-03, P_mean+-std:1.543e-02+-3.363e-03, Q_mean+-std:4.523e-03+-8.105e-04, P_RMSE:5.222e-03, Q_RMSE:1.680e-03, Success rate (<0.1):1.000000, Success rate (<0.01):0.000000, Success rate (<0.001):0.000000
X=[0.4,0.6], PQ=[-0.6,-0.4]: count:10, ill:0, Ang_MAX:4.043571e-02, Vol_MAX:7.432103e-04, Ang_mean+-std:2.135379e-02+-7.942633e-03, Vol_mean+-std:5.408406e-04+-1.406063e-04, P_MAX:1.783e-02, Q_MAX:4.495e-03, P_mean+-std:1.033e-02+-3.376e-03, Q_mean+-std:3.810e-03+-4.046e-04, P_RMSE:3.897e-03, Q_RMSE:1.454e-03, Success rate (<0.1):1.000000, Success rate (<0.01):0.600000, Success rate (<0.001):0.000000
X=[0.4,0.6], PQ=[-0.4,-0.2]: count:10, ill:0, Ang_MAX:1.902205e-02, Vol_MAX:5.514026e-04, Ang_mean+-std:1.019689e-02+-5.464861e-03, Vol_mean+-std:3.466964e-04+-8.689566e-05, P_MAX:9.728e-03, Q_MAX:3.947e-03, P_mean+-std:6.805e-03+-1.327e-03, Q_mean+-std:3.396e-03+-4.377e-04, P_RMSE:2.557e-03, Q_RMSE:1.310e-03, Success rate (<0.1):1.000000, Success rate (<0.01):1.000000, Success rate (<0.001):0.000000
X=[0.4,0.6], PQ=[-0.2,0.0]: count:10, ill:0, Ang_MAX:7.790283e-03, Vol_MAX:3.502369e-04, Ang_mean+-std:4.066165e-03+-2.592195e-03, Vol_mean+-std:2.697170e-04+-4.466659e-05, P_MAX:6.707e-03, Q_MAX:3.800e-03, P_mean+-std:5.784e-03+-5.307e-04, Q_mean+-std:3.319e-03+-3.283e-04, P_RMSE:1.927e-03, Q_RMSE:1.244e-03, Success rate (<0.1):1.000000, Success rate (<0.01):1.000000, Success rate (<0.001):0.000000
X=[0.4,0.6], PQ=[0.0,0.2]: count:10, ill:0, Ang_MAX:1.210254e-02, Vol_MAX:4.696846e-04, Ang_mean+-std:4.625937e-03+-3.509615e-03, Vol_mean+-std:2.908826e-04+-7.309094e-05, P_MAX:6.892e-03, Q_MAX:3.412e-03, P_mean+-std:6.068e-03+-5.043e-04, Q_mean+-std:2.885e-03+-2.933e-04, P_RMSE:2.003e-03, Q_RMSE:1.227e-03, Success rate (<0.1):1.000000, Success rate (<0.01):1.000000, Success rate (<0.001):0.000000
X=[0.4,0.6], PQ=[0.2,0.4]: count:10, ill:0, Ang_MAX:2.502353e-02, Vol_MAX:7.024407e-04, Ang_mean+-std:1.371331e-02+-5.638687e-03, Vol_mean+-std:3.852606e-04+-1.419966e-04, P_MAX:1.005e-02, Q_MAX:4.229e-03, P_mean+-std:7.463e-03+-1.425e-03, Q_mean+-std:3.376e-03+-5.039e-04, P_RMSE:2.785e-03, Q_RMSE:1.336e-03, Success rate (<0.1):1.000000, Success rate (<0.01):0.900000, Success rate (<0.001):0.000000
X=[0.4,0.6], PQ=[0.4,0.6]: count:10, ill:0, Ang_MAX:6.326284e-02, Vol_MAX:1.233399e-03, Ang_mean+-std:2.215270e-02+-1.570135e-02, Vol_mean+-std:5.771160e-04+-2.614555e-04, P_MAX:1.648e-02, Q_MAX:4.314e-03, P_mean+-std:9.524e-03+-2.607e-03, Q_mean+-std:3.338e-03+-5.144e-04, P_RMSE:3.904e-03, Q_RMSE:1.405e-03, Success rate (<0.1):1.000000, Success rate (<0.01):0.600000, Success rate (<0.001):0.000000
X=[0.4,0.6], PQ=[0.6,0.8]: count:10, ill:0, Ang_MAX:4.153383e-02, Vol_MAX:1.296461e-03, Ang_mean+-std:2.929495e-02+-8.162776e-03, Vol_mean+-std:7.540584e-04+-3.086599e-04, P_MAX:2.426e-02, Q_MAX:5.296e-03, P_mean+-std:1.449e-02+-4.205e-03, Q_mean+-std:3.947e-03+-5.304e-04, P_RMSE:4.902e-03, Q_RMSE:1.575e-03, Success rate (<0.1):1.000000, Success rate (<0.01):0.100000, Success rate (<0.001):0.000000
X=[0.4,0.6], PQ=[0.8,1.0]: count:10, ill:0, Ang_MAX:6.332124e-02, Vol_MAX:1.604259e-03, Ang_mean+-std:3.135046e-02+-1.261673e-02, Vol_mean+-std:9.577155e-04+-3.905517e-04, P_MAX:2.455e-02, Q_MAX:9.174e-03, P_mean+-std:1.543e-02+-5.812e-03, Q_mean+-std:5.883e-03+-1.766e-03, P_RMSE:5.721e-03, Q_RMSE:2.033e-03, Success rate (<0.1):1.000000, Success rate (<0.01):0.200000, Success rate (<0.001):0.000000
X=[0.4,0.6], PQ=[1.0,1.2]: count:10, ill:0, Ang_MAX:7.422733e-02, Vol_MAX:1.214802e-03, Ang_mean+-std:4.039492e-02+-1.767414e-02, Vol_mean+-std:9.338140e-04+-1.870253e-04, P_MAX:3.065e-02, Q_MAX:7.837e-03, P_mean+-std:1.996e-02+-6.918e-03, Q_mean+-std:5.454e-03+-1.206e-03, P_RMSE:6.655e-03, Q_RMSE:2.077e-03, Success rate (<0.1):1.000000, Success rate (<0.01):0.100000, Success rate (<0.001):0.000000
X=[0.4,0.6], PQ=[1.2,1.4]: count:10, ill:0, Ang_MAX:1.060270e-01, Vol_MAX:1.860857e-03, Ang_mean+-std:5.966360e-02+-2.569088e-02, Vol_mean+-std:1.305830e-03+-3.635943e-04, P_MAX:4.448e-02, Q_MAX:7.749e-03, P_mean+-std:2.420e-02+-7.695e-03, Q_mean+-std:6.349e-03+-1.012e-03, P_RMSE:9.427e-03, Q_RMSE:2.403e-03, Success rate (<0.1):1.000000, Success rate (<0.01):0.000000, Success rate (<0.001):0.000000
X=[0.4,0.6], PQ=[1.4,1.6]: count:10, ill:0, Ang_MAX:8.267576e-02, Vol_MAX:1.684964e-03, Ang_mean+-std:4.943918e-02+-2.237027e-02, Vol_mean+-std:1.299292e-03+-2.661953e-04, P_MAX:4.737e-02, Q_MAX:1.133e-02, P_mean+-std:2.454e-02+-1.047e-02, Q_mean+-std:8.521e-03+-1.789e-03, P_RMSE:8.564e-03, Q_RMSE:2.854e-03, Success rate (<0.1):1.000000, Success rate (<0.01):0.000000, Success rate (<0.001):0.000000
X=[0.4,0.6], PQ=[1.6,1.8]: count:10, ill:0, Ang_MAX:1.134235e-01, Vol_MAX:3.051639e-03, Ang_mean+-std:5.917533e-02+-2.528040e-02, Vol_mean+-std:1.670653e-03+-6.939301e-04, P_MAX:4.104e-02, Q_MAX:9.474e-03, P_mean+-std:2.693e-02+-6.101e-03, Q_mean+-std:7.465e-03+-1.219e-03, P_RMSE:9.700e-03, Q_RMSE:2.680e-03, Success rate (<0.1):1.000000, Success rate (<0.01):0.000000, Success rate (<0.001):0.000000
X=[0.4,0.6], PQ=[1.8,2.0]: count:10, ill:0, Ang_MAX:1.211002e-01, Vol_MAX:4.077911e-03, Ang_mean+-std:5.909666e-02+-3.122169e-02, Vol_mean+-std:2.037388e-03+-1.198350e-03, P_MAX:4.015e-02, Q_MAX:1.254e-02, P_mean+-std:3.144e-02+-6.529e-03, Q_mean+-std:9.886e-03+-2.336e-03, P_RMSE:1.103e-02, Q_RMSE:3.347e-03, Success rate (<0.1):1.000000, Success rate (<0.01):0.000000, Success rate (<0.001):0.000000
X=[0.6,0.8], PQ=[-2.0,-1.8]: count:10, ill:0, Ang_MAX:1.160769e-01, Vol_MAX:2.652049e-03, Ang_mean+-std:6.256891e-02+-2.822183e-02, Vol_mean+-std:1.510799e-03+-5.631003e-04, P_MAX:4.241e-02, Q_MAX:1.773e-02, P_mean+-std:2.648e-02+-9.221e-03, Q_mean+-std:1.036e-02+-3.543e-03, P_RMSE:1.046e-02, Q_RMSE:3.405e-03, Success rate (<0.1):1.000000, Success rate (<0.01):0.000000, Success rate (<0.001):0.000000
X=[0.6,0.8], PQ=[-1.8,-1.6]: count:10, ill:0, Ang_MAX:1.368751e-01, Vol_MAX:3.571928e-03, Ang_mean+-std:5.762791e-02+-3.677989e-02, Vol_mean+-std:1.716483e-03+-7.462149e-04, P_MAX:5.173e-02, Q_MAX:1.535e-02, P_mean+-std:2.817e-02+-1.051e-02, Q_mean+-std:8.686e-03+-3.602e-03, P_RMSE:1.098e-02, Q_RMSE:3.085e-03, Success rate (<0.1):1.000000, Success rate (<0.01):0.000000, Success rate (<0.001):0.000000
X=[0.6,0.8], PQ=[-1.6,-1.4]: count:10, ill:0, Ang_MAX:1.252414e-01, Vol_MAX:2.520740e-03, Ang_mean+-std:5.152899e-02+-3.463822e-02, Vol_mean+-std:1.603258e-03+-5.090219e-04, P_MAX:5.750e-02, Q_MAX:1.209e-02, P_mean+-std:2.643e-02+-1.341e-02, Q_mean+-std:7.990e-03+-1.958e-03, P_RMSE:9.504e-03, Q_RMSE:2.744e-03, Success rate (<0.1):1.000000, Success rate (<0.01):0.000000, Success rate (<0.001):0.000000
X=[0.6,0.8], PQ=[-1.4,-1.2]: count:10, ill:0, Ang_MAX:8.816888e-02, Vol_MAX:2.146840e-03, Ang_mean+-std:4.655640e-02+-2.605103e-02, Vol_mean+-std:1.224643e-03+-5.050200e-04, P_MAX:3.215e-02, Q_MAX:9.880e-03, P_mean+-std:2.324e-02+-6.654e-03, Q_mean+-std:6.721e-03+-1.531e-03, P_RMSE:8.515e-03, Q_RMSE:2.409e-03, Success rate (<0.1):1.000000, Success rate (<0.01):0.000000, Success rate (<0.001):0.000000
X=[0.6,0.8], PQ=[-1.2,-1.0]: count:10, ill:0, Ang_MAX:7.644645e-02, Vol_MAX:2.357960e-03, Ang_mean+-std:5.253970e-02+-1.705272e-02, Vol_mean+-std:1.272559e-03+-5.840515e-04, P_MAX:2.663e-02, Q_MAX:7.982e-03, P_mean+-std:1.962e-02+-4.620e-03, Q_mean+-std:5.751e-03+-1.255e-03, P_RMSE:8.035e-03, Q_RMSE:2.107e-03, Success rate (<0.1):1.000000, Success rate (<0.01):0.000000, Success rate (<0.001):0.000000
X=[0.6,0.8], PQ=[-1.0,-0.8]: count:10, ill:0, Ang_MAX:5.508095e-02, Vol_MAX:1.351893e-03, Ang_mean+-std:2.807663e-02+-1.378808e-02, Vol_mean+-std:6.813228e-04+-2.680701e-04, P_MAX:2.722e-02, Q_MAX:6.558e-03, P_mean+-std:1.517e-02+-4.529e-03, Q_mean+-std:5.206e-03+-7.851e-04, P_RMSE:5.477e-03, Q_RMSE:1.856e-03, Success rate (<0.1):1.000000, Success rate (<0.01):0.000000, Success rate (<0.001):0.000000
X=[0.6,0.8], PQ=[-0.8,-0.6]: count:10, ill:0, Ang_MAX:4.575406e-02, Vol_MAX:1.266778e-03, Ang_mean+-std:2.859549e-02+-1.134923e-02, Vol_mean+-std:7.686019e-04+-2.766425e-04, P_MAX:2.462e-02, Q_MAX:5.364e-03, P_mean+-std:1.476e-02+-5.356e-03, Q_mean+-std:4.045e-03+-6.930e-04, P_RMSE:4.884e-03, Q_RMSE:1.617e-03, Success rate (<0.1):1.000000, Success rate (<0.01):0.300000, Success rate (<0.001):0.000000
X=[0.6,0.8], PQ=[-0.6,-0.4]: count:10, ill:0, Ang_MAX:3.668070e-02, Vol_MAX:7.790327e-04, Ang_mean+-std:2.120860e-02+-1.106314e-02, Vol_mean+-std:5.504847e-04+-1.611036e-04, P_MAX:1.815e-02, Q_MAX:5.955e-03, P_mean+-std:1.084e-02+-3.935e-03, Q_mean+-std:3.785e-03+-9.361e-04, P_RMSE:4.146e-03, Q_RMSE:1.481e-03, Success rate (<0.1):1.000000, Success rate (<0.01):0.400000, Success rate (<0.001):0.000000
X=[0.6,0.8], PQ=[-0.4,-0.2]: count:10, ill:0, Ang_MAX:2.755617e-02, Vol_MAX:7.653832e-04, Ang_mean+-std:1.272620e-02+-7.642542e-03, Vol_mean+-std:4.542232e-04+-1.543938e-04, P_MAX:9.370e-03, Q_MAX:4.359e-03, P_mean+-std:7.633e-03+-1.122e-03, Q_mean+-std:3.281e-03+-5.407e-04, P_RMSE:2.779e-03, Q_RMSE:1.299e-03, Success rate (<0.1):1.000000, Success rate (<0.01):1.000000, Success rate (<0.001):0.000000
X=[0.6,0.8], PQ=[-0.2,0.0]: count:10, ill:0, Ang_MAX:7.659167e-03, Vol_MAX:3.570914e-04, Ang_mean+-std:3.339644e-03+-1.966703e-03, Vol_mean+-std:2.475142e-04+-4.508034e-05, P_MAX:6.923e-03, Q_MAX:4.736e-03, P_mean+-std:5.566e-03+-6.772e-04, Q_mean+-std:3.090e-03+-6.522e-04, P_RMSE:1.898e-03, Q_RMSE:1.243e-03, Success rate (<0.1):1.000000, Success rate (<0.01):1.000000, Success rate (<0.001):0.000000
X=[0.6,0.8], PQ=[0.0,0.2]: count:10, ill:0, Ang_MAX:7.943332e-03, Vol_MAX:3.858805e-04, Ang_mean+-std:4.386416e-03+-2.508303e-03, Vol_mean+-std:2.752364e-04+-4.267882e-05, P_MAX:7.623e-03, Q_MAX:4.005e-03, P_mean+-std:6.246e-03+-6.058e-04, Q_mean+-std:2.906e-03+-4.133e-04, P_RMSE:2.008e-03, Q_RMSE:1.224e-03, Success rate (<0.1):1.000000, Success rate (<0.01):1.000000, Success rate (<0.001):0.000000
X=[0.6,0.8], PQ=[0.2,0.4]: count:10, ill:0, Ang_MAX:2.772650e-02, Vol_MAX:7.383227e-04, Ang_mean+-std:1.429985e-02+-5.805222e-03, Vol_mean+-std:4.346490e-04+-1.502631e-04, P_MAX:1.173e-02, Q_MAX:5.077e-03, P_mean+-std:8.166e-03+-1.592e-03, Q_mean+-std:3.652e-03+-6.664e-04, P_RMSE:2.875e-03, Q_RMSE:1.351e-03, Success rate (<0.1):1.000000, Success rate (<0.01):0.900000, Success rate (<0.001):0.000000
X=[0.6,0.8], PQ=[0.4,0.6]: count:10, ill:0, Ang_MAX:1.999266e-02, Vol_MAX:7.627010e-04, Ang_mean+-std:1.283162e-02+-4.123402e-03, Vol_mean+-std:4.227042e-04+-1.614745e-04, P_MAX:1.323e-02, Q_MAX:4.918e-03, P_mean+-std:8.846e-03+-2.356e-03, Q_mean+-std:3.693e-03+-5.457e-04, P_RMSE:2.816e-03, Q_RMSE:1.411e-03, Success rate (<0.1):1.000000, Success rate (<0.01):0.800000, Success rate (<0.001):0.000000
X=[0.6,0.8], PQ=[0.6,0.8]: count:10, ill:0, Ang_MAX:4.331020e-02, Vol_MAX:9.407401e-04, Ang_mean+-std:2.074325e-02+-1.051300e-02, Vol_mean+-std:7.684529e-04+-1.358126e-04, P_MAX:1.407e-02, Q_MAX:5.378e-03, P_mean+-std:1.012e-02+-2.462e-03, Q_mean+-std:4.202e-03+-5.062e-04, P_RMSE:4.010e-03, Q_RMSE:1.600e-03, Success rate (<0.1):1.000000, Success rate (<0.01):0.600000, Success rate (<0.001):0.000000
X=[0.6,0.8], PQ=[0.8,1.0]: count:10, ill:0, Ang_MAX:6.320140e-02, Vol_MAX:1.427591e-03, Ang_mean+-std:3.568704e-02+-1.190487e-02, Vol_mean+-std:9.608328e-04+-3.245193e-04, P_MAX:3.251e-02, Q_MAX:8.338e-03, P_mean+-std:1.752e-02+-6.192e-03, Q_mean+-std:5.537e-03+-1.213e-03, P_RMSE:6.088e-03, Q_RMSE:2.010e-03, Success rate (<0.1):1.000000, Success rate (<0.01):0.100000, Success rate (<0.001):0.000000
X=[0.6,0.8], PQ=[1.0,1.2]: count:10, ill:0, Ang_MAX:7.957958e-02, Vol_MAX:2.088904e-03, Ang_mean+-std:4.685142e-02+-1.966458e-02, Vol_mean+-std:1.170033e-03+-5.424318e-04, P_MAX:3.273e-02, Q_MAX:7.583e-03, P_mean+-std:2.006e-02+-7.225e-03, Q_mean+-std:5.472e-03+-1.049e-03, P_RMSE:7.336e-03, Q_RMSE:2.046e-03, Success rate (<0.1):1.000000, Success rate (<0.01):0.100000, Success rate (<0.001):0.000000
X=[0.6,0.8], PQ=[1.2,1.4]: count:10, ill:0, Ang_MAX:8.935317e-02, Vol_MAX:2.835572e-03, Ang_mean+-std:5.634641e-02+-1.647650e-02, Vol_mean+-std:1.556522e-03+-6.574104e-04, P_MAX:3.819e-02, Q_MAX:1.184e-02, P_mean+-std:2.642e-02+-5.703e-03, Q_mean+-std:8.046e-03+-1.942e-03, P_RMSE:9.256e-03, Q_RMSE:2.746e-03, Success rate (<0.1):1.000000, Success rate (<0.01):0.000000, Success rate (<0.001):0.000000
X=[0.6,0.8], PQ=[1.4,1.6]: count:10, ill:0, Ang_MAX:1.231804e-01, Vol_MAX:3.077745e-03, Ang_mean+-std:5.219661e-02+-3.363967e-02, Vol_mean+-std:1.456165e-03+-7.851830e-04, P_MAX:4.083e-02, Q_MAX:1.063e-02, P_mean+-std:2.559e-02+-8.343e-03, Q_mean+-std:7.434e-03+-1.759e-03, P_RMSE:9.706e-03, Q_RMSE:2.632e-03, Success rate (<0.1):1.000000, Success rate (<0.01):0.000000, Success rate (<0.001):0.000000
X=[0.6,0.8], PQ=[1.6,1.8]: count:10, ill:0, Ang_MAX:1.488742e-01, Vol_MAX:3.139496e-03, Ang_mean+-std:8.086486e-02+-3.790452e-02, Vol_mean+-std:2.010632e-03+-8.599272e-04, P_MAX:4.719e-02, Q_MAX:1.144e-02, P_mean+-std:3.152e-02+-1.087e-02, Q_mean+-std:8.218e-03+-1.838e-03, P_RMSE:1.284e-02, Q_RMSE:3.047e-03, Success rate (<0.1):1.000000, Success rate (<0.01):0.000000, Success rate (<0.001):0.000000
X=[0.6,0.8], PQ=[1.8,2.0]: count:10, ill:0, Ang_MAX:1.643606e-01, Vol_MAX:4.729748e-03, Ang_mean+-std:1.073730e-01+-4.048320e-02, Vol_mean+-std:2.701396e-03+-1.136268e-03, P_MAX:7.686e-02, Q_MAX:3.511e-02, P_mean+-std:3.613e-02+-1.579e-02, Q_mean+-std:1.294e-02+-7.694e-03, P_RMSE:1.544e-02, Q_RMSE:4.377e-03, Success rate (<0.1):1.000000, Success rate (<0.01):0.000000, Success rate (<0.001):0.000000
X=[0.8,1.0], PQ=[-2.0,-1.8]: count:10, ill:0, Ang_MAX:1.021426e-01, Vol_MAX:3.145576e-03, Ang_mean+-std:6.329124e-02+-2.546331e-02, Vol_mean+-std:1.820952e-03+-6.522527e-04, P_MAX:5.546e-02, Q_MAX:1.727e-02, P_mean+-std:3.161e-02+-1.121e-02, Q_mean+-std:9.954e-03+-2.560e-03, P_RMSE:1.082e-02, Q_RMSE:3.423e-03, Success rate (<0.1):1.000000, Success rate (<0.01):0.000000, Success rate (<0.001):0.000000
X=[0.8,1.0], PQ=[-1.8,-1.6]: count:10, ill:0, Ang_MAX:1.321123e-01, Vol_MAX:3.213942e-03, Ang_mean+-std:6.284798e-02+-3.231409e-02, Vol_mean+-std:1.625448e-03+-6.858305e-04, P_MAX:5.105e-02, Q_MAX:1.228e-02, P_mean+-std:3.208e-02+-1.055e-02, Q_mean+-std:8.656e-03+-2.127e-03, P_RMSE:1.014e-02, Q_RMSE:2.924e-03, Success rate (<0.1):1.000000, Success rate (<0.01):0.000000, Success rate (<0.001):0.000000
X=[0.8,1.0], PQ=[-1.6,-1.4]: count:10, ill:0, Ang_MAX:1.265197e-01, Vol_MAX:2.453625e-03, Ang_mean+-std:7.499224e-02+-2.456197e-02, Vol_mean+-std:1.619387e-03+-4.907552e-04, P_MAX:4.614e-02, Q_MAX:1.544e-02, P_mean+-std:3.240e-02+-1.002e-02, Q_mean+-std:7.803e-03+-2.945e-03, P_RMSE:1.180e-02, Q_RMSE:2.858e-03, Success rate (<0.1):1.000000, Success rate (<0.01):0.000000, Success rate (<0.001):0.000000
X=[0.8,1.0], PQ=[-1.4,-1.2]: count:10, ill:0, Ang_MAX:1.270547e-01, Vol_MAX:3.533959e-03, Ang_mean+-std:4.703834e-02+-3.182787e-02, Vol_mean+-std:1.356202e-03+-8.428084e-04, P_MAX:3.369e-02, Q_MAX:1.086e-02, P_mean+-std:1.774e-02+-6.932e-03, Q_mean+-std:6.759e-03+-1.976e-03, P_RMSE:7.835e-03, Q_RMSE:2.274e-03, Success rate (<0.1):1.000000, Success rate (<0.01):0.100000, Success rate (<0.001):0.000000
X=[0.8,1.0], PQ=[-1.2,-1.0]: count:10, ill:0, Ang_MAX:9.062127e-02, Vol_MAX:2.264500e-03, Ang_mean+-std:5.540601e-02+-2.030559e-02, Vol_mean+-std:1.358229e-03+-5.075041e-04, P_MAX:3.140e-02, Q_MAX:7.696e-03, P_mean+-std:2.346e-02+-6.473e-03, Q_mean+-std:5.399e-03+-1.118e-03, P_RMSE:8.541e-03, Q_RMSE:2.171e-03, Success rate (<0.1):1.000000, Success rate (<0.01):0.000000, Success rate (<0.001):0.000000
X=[0.8,1.0], PQ=[-1.0,-0.8]: count:10, ill:0, Ang_MAX:6.581596e-02, Vol_MAX:1.818478e-03, Ang_mean+-std:3.364528e-02+-1.829426e-02, Vol_mean+-std:8.961022e-04+-4.309452e-04, P_MAX:3.601e-02, Q_MAX:6.501e-03, P_mean+-std:1.715e-02+-8.576e-03, Q_mean+-std:5.118e-03+-9.077e-04, P_RMSE:6.187e-03, Q_RMSE:1.945e-03, Success rate (<0.1):1.000000, Success rate (<0.01):0.200000, Success rate (<0.001):0.000000
X=[0.8,1.0], PQ=[-0.8,-0.6]: count:10, ill:0, Ang_MAX:6.999037e-02, Vol_MAX:1.352251e-03, Ang_mean+-std:2.663931e-02+-1.852073e-02, Vol_mean+-std:6.003499e-04+-3.739456e-04, P_MAX:1.921e-02, Q_MAX:4.806e-03, P_mean+-std:1.219e-02+-4.618e-03, Q_mean+-std:3.864e-03+-6.433e-04, P_RMSE:4.881e-03, Q_RMSE:1.643e-03, Success rate (<0.1):1.000000, Success rate (<0.01):0.500000, Success rate (<0.001):0.000000
X=[0.8,1.0], PQ=[-0.6,-0.4]: count:10, ill:0, Ang_MAX:2.579719e-02, Vol_MAX:8.278489e-04, Ang_mean+-std:1.990482e-02+-4.082493e-03, Vol_mean+-std:5.296528e-04+-1.770339e-04, P_MAX:1.408e-02, Q_MAX:3.976e-03, P_mean+-std:1.037e-02+-2.121e-03, Q_mean+-std:3.481e-03+-3.642e-04, P_RMSE:3.768e-03, Q_RMSE:1.460e-03, Success rate (<0.1):1.000000, Success rate (<0.01):0.500000, Success rate (<0.001):0.000000
X=[0.8,1.0], PQ=[-0.4,-0.2]: count:10, ill:0, Ang_MAX:1.861659e-02, Vol_MAX:5.664229e-04, Ang_mean+-std:1.265036e-02+-5.464689e-03, Vol_mean+-std:3.638446e-04+-1.224215e-04, P_MAX:1.021e-02, Q_MAX:3.903e-03, P_mean+-std:7.994e-03+-1.559e-03, Q_mean+-std:3.333e-03+-2.638e-04, P_RMSE:2.797e-03, Q_RMSE:1.366e-03, Success rate (<0.1):1.000000, Success rate (<0.01):0.900000, Success rate (<0.001):0.000000
X=[0.8,1.0], PQ=[-0.2,0.0]: count:10, ill:0, Ang_MAX:8.071662e-03, Vol_MAX:2.928972e-04, Ang_mean+-std:4.450703e-03+-1.990801e-03, Vol_mean+-std:2.576232e-04+-2.120347e-05, P_MAX:7.256e-03, Q_MAX:4.339e-03, P_mean+-std:5.975e-03+-7.079e-04, Q_mean+-std:3.090e-03+-5.473e-04, P_RMSE:1.979e-03, Q_RMSE:1.248e-03, Success rate (<0.1):1.000000, Success rate (<0.01):1.000000, Success rate (<0.001):0.000000
X=[0.8,1.0], PQ=[0.0,0.2]: count:10, ill:0, Ang_MAX:6.706223e-03, Vol_MAX:3.108382e-04, Ang_mean+-std:3.558183e-03+-1.661461e-03, Vol_mean+-std:2.419889e-04+-2.906020e-05, P_MAX:6.404e-03, Q_MAX:3.580e-03, P_mean+-std:5.754e-03+-5.297e-04, Q_mean+-std:2.897e-03+-3.505e-04, P_RMSE:1.903e-03, Q_RMSE:1.221e-03, Success rate (<0.1):1.000000, Success rate (<0.01):1.000000, Success rate (<0.001):0.000000
X=[0.8,1.0], PQ=[0.2,0.4]: count:10, ill:0, Ang_MAX:3.310715e-02, Vol_MAX:1.179695e-03, Ang_mean+-std:1.554751e-02+-8.645315e-03, Vol_mean+-std:4.659951e-04+-2.542264e-04, P_MAX:1.205e-02, Q_MAX:3.723e-03, P_mean+-std:7.947e-03+-2.028e-03, Q_mean+-std:3.241e-03+-3.095e-04, P_RMSE:3.182e-03, Q_RMSE:1.370e-03, Success rate (<0.1):1.000000, Success rate (<0.01):0.800000, Success rate (<0.001):0.000000
X=[0.8,1.0], PQ=[0.4,0.6]: count:10, ill:0, Ang_MAX:2.403718e-02, Vol_MAX:8.760095e-04, Ang_mean+-std:1.391147e-02+-6.638122e-03, Vol_mean+-std:5.126774e-04+-1.941291e-04, P_MAX:1.235e-02, Q_MAX:4.985e-03, P_mean+-std:8.280e-03+-1.645e-03, Q_mean+-std:3.789e-03+-6.289e-04, P_RMSE:2.919e-03, Q_RMSE:1.422e-03, Success rate (<0.1):1.000000, Success rate (<0.01):0.900000, Success rate (<0.001):0.000000
X=[0.8,1.0], PQ=[0.6,0.8]: count:10, ill:0, Ang_MAX:4.148631e-02, Vol_MAX:9.146929e-04, Ang_mean+-std:2.670871e-02+-9.713251e-03, Vol_mean+-std:5.798042e-04+-1.838131e-04, P_MAX:2.004e-02, Q_MAX:5.559e-03, P_mean+-std:1.278e-02+-3.644e-03, Q_mean+-std:4.193e-03+-6.884e-04, P_RMSE:4.518e-03, Q_RMSE:1.677e-03, Success rate (<0.1):1.000000, Success rate (<0.01):0.300000, Success rate (<0.001):0.000000
X=[0.8,1.0], PQ=[0.8,1.0]: count:10, ill:0, Ang_MAX:7.660866e-02, Vol_MAX:1.550615e-03, Ang_mean+-std:3.593995e-02+-1.740087e-02, Vol_mean+-std:8.215606e-04+-3.575896e-04, P_MAX:3.026e-02, Q_MAX:6.391e-03, P_mean+-std:1.543e-02+-6.022e-03, Q_mean+-std:4.595e-03+-9.111e-04, P_RMSE:5.931e-03, Q_RMSE:1.838e-03, Success rate (<0.1):1.000000, Success rate (<0.01):0.100000, Success rate (<0.001):0.000000
X=[0.8,1.0], PQ=[1.0,1.2]: count:10, ill:0, Ang_MAX:7.991927e-02, Vol_MAX:2.409399e-03, Ang_mean+-std:4.168562e-02+-2.040224e-02, Vol_mean+-std:1.097149e-03+-5.066659e-04, P_MAX:3.192e-02, Q_MAX:7.336e-03, P_mean+-std:1.765e-02+-6.195e-03, Q_mean+-std:5.511e-03+-1.196e-03, P_RMSE:7.015e-03, Q_RMSE:2.207e-03, Success rate (<0.1):1.000000, Success rate (<0.01):0.100000, Success rate (<0.001):0.000000
X=[0.8,1.0], PQ=[1.2,1.4]: count:10, ill:0, Ang_MAX:8.229953e-02, Vol_MAX:1.324177e-03, Ang_mean+-std:4.289212e-02+-2.216274e-02, Vol_mean+-std:9.931147e-04+-2.806716e-04, P_MAX:4.125e-02, Q_MAX:8.422e-03, P_mean+-std:2.223e-02+-1.060e-02, Q_mean+-std:6.102e-03+-1.337e-03, P_RMSE:8.072e-03, Q_RMSE:2.173e-03, Success rate (<0.1):1.000000, Success rate (<0.01):0.100000, Success rate (<0.001):0.000000
X=[0.8,1.0], PQ=[1.4,1.6]: count:10, ill:0, Ang_MAX:1.122408e-01, Vol_MAX:2.731323e-03, Ang_mean+-std:6.006023e-02+-2.841239e-02, Vol_mean+-std:1.297408e-03+-6.885990e-04, P_MAX:3.989e-02, Q_MAX:1.090e-02, P_mean+-std:2.680e-02+-8.917e-03, Q_mean+-std:6.584e-03+-1.807e-03, P_RMSE:9.323e-03, Q_RMSE:2.498e-03, Success rate (<0.1):1.000000, Success rate (<0.01):0.000000, Success rate (<0.001):0.000000
X=[0.8,1.0], PQ=[1.6,1.8]: count:10, ill:0, Ang_MAX:1.324002e-01, Vol_MAX:2.832294e-03, Ang_mean+-std:7.417146e-02+-2.600050e-02, Vol_mean+-std:1.612186e-03+-4.789360e-04, P_MAX:5.639e-02, Q_MAX:1.213e-02, P_mean+-std:3.441e-02+-1.173e-02, Q_mean+-std:8.227e-03+-2.025e-03, P_RMSE:1.127e-02, Q_RMSE:3.112e-03, Success rate (<0.1):1.000000, Success rate (<0.01):0.000000, Success rate (<0.001):0.000000
X=[0.8,1.0], PQ=[1.8,2.0]: count:10, ill:0, Ang_MAX:1.382774e-01, Vol_MAX:3.207624e-03, Ang_mean+-std:8.756266e-02+-2.493535e-02, Vol_mean+-std:2.215075e-03+-7.747395e-04, P_MAX:5.101e-02, Q_MAX:1.566e-02, P_mean+-std:3.582e-02+-1.002e-02, Q_mean+-std:9.179e-03+-2.689e-03, P_RMSE:1.313e-02, Q_RMSE:3.121e-03, Success rate (<0.1):1.000000, Success rate (<0.01):0.000000, Success rate (<0.001):0.000000
X=[1.0,1.2], PQ=[-2.0,-1.8]: count:10, ill:0, Ang_MAX:1.174941e-01, Vol_MAX:2.833664e-03, Ang_mean+-std:5.839121e-02+-2.694943e-02, Vol_mean+-std:1.503366e-03+-6.755418e-04, P_MAX:6.091e-02, Q_MAX:1.661e-02, P_mean+-std:3.120e-02+-1.324e-02, Q_mean+-std:1.130e-02+-3.084e-03, P_RMSE:1.002e-02, Q_RMSE:3.421e-03, Success rate (<0.1):1.000000, Success rate (<0.01):0.000000, Success rate (<0.001):0.000000
X=[1.0,1.2], PQ=[-1.8,-1.6]: count:10, ill:0, Ang_MAX:8.755729e-02, Vol_MAX:2.154708e-03, Ang_mean+-std:5.804548e-02+-1.972404e-02, Vol_mean+-std:1.645863e-03+-3.368849e-04, P_MAX:3.692e-02, Q_MAX:1.085e-02, P_mean+-std:2.874e-02+-7.394e-03, Q_mean+-std:8.410e-03+-1.594e-03, P_RMSE:1.021e-02, Q_RMSE:3.096e-03, Success rate (<0.1):1.000000, Success rate (<0.01):0.000000, Success rate (<0.001):0.000000
X=[1.0,1.2], PQ=[-1.6,-1.4]: count:10, ill:0, Ang_MAX:1.308531e-01, Vol_MAX:3.272355e-03, Ang_mean+-std:6.396321e-02+-2.857556e-02, Vol_mean+-std:1.553822e-03+-6.892697e-04, P_MAX:4.040e-02, Q_MAX:1.004e-02, P_mean+-std:2.581e-02+-8.485e-03, Q_mean+-std:7.736e-03+-1.891e-03, P_RMSE:1.015e-02, Q_RMSE:2.688e-03, Success rate (<0.1):1.000000, Success rate (<0.01):0.000000, Success rate (<0.001):0.000000
X=[1.0,1.2], PQ=[-1.4,-1.2]: count:10, ill:0, Ang_MAX:1.029646e-01, Vol_MAX:2.085328e-03, Ang_mean+-std:5.449640e-02+-2.604162e-02, Vol_mean+-std:1.108378e-03+-4.092192e-04, P_MAX:4.034e-02, Q_MAX:8.020e-03, P_mean+-std:2.453e-02+-9.606e-03, Q_mean+-std:6.317e-03+-1.322e-03, P_RMSE:8.973e-03, Q_RMSE:2.303e-03, Success rate (<0.1):1.000000, Success rate (<0.01):0.000000, Success rate (<0.001):0.000000
X=[1.0,1.2], PQ=[-1.2,-1.0]: count:10, ill:0, Ang_MAX:8.825041e-02, Vol_MAX:2.489626e-03, Ang_mean+-std:5.040991e-02+-2.002495e-02, Vol_mean+-std:1.525086e-03+-5.594562e-04, P_MAX:3.054e-02, Q_MAX:7.356e-03, P_mean+-std:1.987e-02+-4.636e-03, Q_mean+-std:5.950e-03+-9.413e-04, P_RMSE:7.726e-03, Q_RMSE:2.197e-03, Success rate (<0.1):1.000000, Success rate (<0.01):0.000000, Success rate (<0.001):0.000000
X=[1.0,1.2], PQ=[-1.0,-0.8]: count:10, ill:0, Ang_MAX:5.373198e-02, Vol_MAX:1.361191e-03, Ang_mean+-std:2.827455e-02+-1.396187e-02, Vol_mean+-std:7.353604e-04+-2.634166e-04, P_MAX:2.213e-02, Q_MAX:5.495e-03, P_mean+-std:1.340e-02+-3.997e-03, Q_mean+-std:4.417e-03+-7.776e-04, P_RMSE:4.939e-03, Q_RMSE:1.833e-03, Success rate (<0.1):1.000000, Success rate (<0.01):0.300000, Success rate (<0.001):0.000000
X=[1.0,1.2], PQ=[-0.8,-0.6]: count:10, ill:0, Ang_MAX:7.545618e-02, Vol_MAX:1.605511e-03, Ang_mean+-std:3.539267e-02+-1.572183e-02, Vol_mean+-std:8.004367e-04+-3.354696e-04, P_MAX:2.070e-02, Q_MAX:6.457e-03, P_mean+-std:1.254e-02+-3.434e-03, Q_mean+-std:4.335e-03+-7.946e-04, P_RMSE:5.599e-03, Q_RMSE:1.686e-03, Success rate (<0.1):1.000000, Success rate (<0.01):0.100000, Success rate (<0.001):0.000000
X=[1.0,1.2], PQ=[-0.6,-0.4]: count:10, ill:0, Ang_MAX:3.318842e-02, Vol_MAX:9.710193e-04, Ang_mean+-std:1.884517e-02+-8.192952e-03, Vol_mean+-std:7.158637e-04+-1.874548e-04, P_MAX:1.423e-02, Q_MAX:4.132e-03, P_mean+-std:1.009e-02+-2.858e-03, Q_mean+-std:3.607e-03+-3.400e-04, P_RMSE:3.664e-03, Q_RMSE:1.479e-03, Success rate (<0.1):1.000000, Success rate (<0.01):0.500000, Success rate (<0.001):0.000000
X=[1.0,1.2], PQ=[-0.4,-0.2]: count:10, ill:0, Ang_MAX:2.263357e-02, Vol_MAX:7.125735e-04, Ang_mean+-std:1.489819e-02+-5.481613e-03, Vol_mean+-std:4.113257e-04+-1.595631e-04, P_MAX:9.663e-03, Q_MAX:4.883e-03, P_mean+-std:7.424e-03+-1.341e-03, Q_mean+-std:3.310e-03+-6.483e-04, P_RMSE:2.900e-03, Q_RMSE:1.312e-03, Success rate (<0.1):1.000000, Success rate (<0.01):1.000000, Success rate (<0.001):0.000000
X=[1.0,1.2], PQ=[-0.2,0.0]: count:10, ill:0, Ang_MAX:8.567423e-03, Vol_MAX:3.538728e-04, Ang_mean+-std:4.668410e-03+-2.519602e-03, Vol_mean+-std:2.759933e-04+-4.565226e-05, P_MAX:6.832e-03, Q_MAX:4.222e-03, P_mean+-std:5.891e-03+-5.103e-04, Q_mean+-std:3.004e-03+-4.730e-04, P_RMSE:1.957e-03, Q_RMSE:1.228e-03, Success rate (<0.1):1.000000, Success rate (<0.01):1.000000, Success rate (<0.001):0.000000
X=[1.0,1.2], PQ=[0.0,0.2]: count:10, ill:0, Ang_MAX:9.545833e-03, Vol_MAX:4.439354e-04, Ang_mean+-std:5.275214e-03+-1.832863e-03, Vol_mean+-std:2.867758e-04+-5.925860e-05, P_MAX:8.196e-03, Q_MAX:4.231e-03, P_mean+-std:6.307e-03+-8.099e-04, Q_mean+-std:3.359e-03+-5.292e-04, P_RMSE:2.060e-03, Q_RMSE:1.254e-03, Success rate (<0.1):1.000000, Success rate (<0.01):1.000000, Success rate (<0.001):0.000000
X=[1.0,1.2], PQ=[0.2,0.4]: count:10, ill:0, Ang_MAX:1.695943e-02, Vol_MAX:4.445314e-04, Ang_mean+-std:9.098198e-03+-3.505714e-03, Vol_mean+-std:3.537893e-04+-8.824175e-05, P_MAX:9.433e-03, Q_MAX:4.348e-03, P_mean+-std:6.828e-03+-1.274e-03, Q_mean+-std:3.230e-03+-4.899e-04, P_RMSE:2.327e-03, Q_RMSE:1.296e-03, Success rate (<0.1):1.000000, Success rate (<0.01):1.000000, Success rate (<0.001):0.000000
X=[1.0,1.2], PQ=[0.4,0.6]: count:10, ill:0, Ang_MAX:4.262027e-02, Vol_MAX:9.592772e-04, Ang_mean+-std:1.974880e-02+-1.239213e-02, Vol_mean+-std:5.664051e-04+-1.809546e-04, P_MAX:1.256e-02, Q_MAX:4.701e-03, P_mean+-std:9.554e-03+-1.961e-03, Q_mean+-std:3.711e-03+-4.398e-04, P_RMSE:3.631e-03, Q_RMSE:1.510e-03, Success rate (<0.1):1.000000, Success rate (<0.01):0.600000, Success rate (<0.001):0.000000
X=[1.0,1.2], PQ=[0.6,0.8]: count:10, ill:0, Ang_MAX:4.758811e-02, Vol_MAX:1.479506e-03, Ang_mean+-std:3.118397e-02+-1.229454e-02, Vol_mean+-std:8.019269e-04+-3.271153e-04, P_MAX:2.277e-02, Q_MAX:8.318e-03, P_mean+-std:1.433e-02+-4.183e-03, Q_mean+-std:4.942e-03+-1.566e-03, P_RMSE:5.162e-03, Q_RMSE:1.825e-03, Success rate (<0.1):1.000000, Success rate (<0.01):0.100000, Success rate (<0.001):0.000000
X=[1.0,1.2], PQ=[0.8,1.0]: count:10, ill:0, Ang_MAX:6.981412e-02, Vol_MAX:2.113998e-03, Ang_mean+-std:4.069343e-02+-1.145565e-02, Vol_mean+-std:1.141876e-03+-3.967710e-04, P_MAX:2.636e-02, Q_MAX:6.552e-03, P_mean+-std:1.798e-02+-4.007e-03, Q_mean+-std:5.201e-03+-9.265e-04, P_RMSE:6.811e-03, Q_RMSE:1.986e-03, Success rate (<0.1):1.000000, Success rate (<0.01):0.000000, Success rate (<0.001):0.000000
X=[1.0,1.2], PQ=[1.0,1.2]: count:10, ill:0, Ang_MAX:1.462842e-01, Vol_MAX:3.200531e-03, Ang_mean+-std:4.206860e-02+-3.774699e-02, Vol_mean+-std:1.156723e-03+-7.323012e-04, P_MAX:4.001e-02, Q_MAX:1.089e-02, P_mean+-std:1.757e-02+-8.866e-03, Q_mean+-std:5.778e-03+-1.776e-03, P_RMSE:7.391e-03, Q_RMSE:2.138e-03, Success rate (<0.1):1.000000, Success rate (<0.01):0.100000, Success rate (<0.001):0.000000
X=[1.0,1.2], PQ=[1.2,1.4]: count:10, ill:0, Ang_MAX:1.081238e-01, Vol_MAX:2.613127e-03, Ang_mean+-std:5.883501e-02+-3.015561e-02, Vol_mean+-std:1.472217e-03+-6.881710e-04, P_MAX:3.966e-02, Q_MAX:6.928e-03, P_mean+-std:2.041e-02+-7.822e-03, Q_mean+-std:5.961e-03+-7.322e-04, P_RMSE:8.719e-03, Q_RMSE:2.283e-03, Success rate (<0.1):1.000000, Success rate (<0.01):0.100000, Success rate (<0.001):0.000000
X=[1.0,1.2], PQ=[1.4,1.6]: count:10, ill:0, Ang_MAX:1.109101e-01, Vol_MAX:2.491593e-03, Ang_mean+-std:5.775729e-02+-2.617729e-02, Vol_mean+-std:1.509559e-03+-4.238566e-04, P_MAX:5.442e-02, Q_MAX:9.927e-03, P_mean+-std:2.800e-02+-1.026e-02, Q_mean+-std:7.488e-03+-1.118e-03, P_RMSE:9.956e-03, Q_RMSE:2.730e-03, Success rate (<0.1):1.000000, Success rate (<0.01):0.000000, Success rate (<0.001):0.000000
X=[1.0,1.2], PQ=[1.6,1.8]: count:10, ill:0, Ang_MAX:1.517515e-01, Vol_MAX:2.808511e-03, Ang_mean+-std:6.988101e-02+-3.648149e-02, Vol_mean+-std:1.500827e-03+-6.224552e-04, P_MAX:6.222e-02, Q_MAX:1.297e-02, P_mean+-std:3.128e-02+-1.284e-02, Q_mean+-std:8.151e-03+-2.118e-03, P_RMSE:1.195e-02, Q_RMSE:2.917e-03, Success rate (<0.1):1.000000, Success rate (<0.01):0.000000, Success rate (<0.001):0.000000
X=[1.0,1.2], PQ=[1.8,2.0]: count:10, ill:0, Ang_MAX:8.729545e-02, Vol_MAX:2.868831e-03, Ang_mean+-std:5.710887e-02+-1.810651e-02, Vol_mean+-std:1.519698e-03+-6.402595e-04, P_MAX:3.694e-02, Q_MAX:1.106e-02, P_mean+-std:2.473e-02+-5.925e-03, Q_mean+-std:7.699e-03+-1.400e-03, P_RMSE:8.745e-03, Q_RMSE:2.855e-03, Success rate (<0.1):1.000000, Success rate (<0.01):0.000000, Success rate (<0.001):0.000000
X=[1.2,1.4], PQ=[-2.0,-1.8]: count:10, ill:0, Ang_MAX:1.227618e-01, Vol_MAX:3.198624e-03, Ang_mean+-std:6.362863e-02+-3.254234e-02, Vol_mean+-std:1.958847e-03+-7.080595e-04, P_MAX:3.871e-02, Q_MAX:1.605e-02, P_mean+-std:2.678e-02+-6.403e-03, Q_mean+-std:9.924e-03+-2.666e-03, P_RMSE:1.065e-02, Q_RMSE:3.352e-03, Success rate (<0.1):1.000000, Success rate (<0.01):0.000000, Success rate (<0.001):0.000000
X=[1.2,1.4], PQ=[-1.8,-1.6]: count:10, ill:0, Ang_MAX:1.483478e-01, Vol_MAX:3.623903e-03, Ang_mean+-std:7.415936e-02+-3.860570e-02, Vol_mean+-std:1.652342e-03+-8.461634e-04, P_MAX:4.868e-02, Q_MAX:1.107e-02, P_mean+-std:3.156e-02+-9.708e-03, Q_mean+-std:9.047e-03+-1.369e-03, P_RMSE:1.290e-02, Q_RMSE:3.123e-03, Success rate (<0.1):1.000000, Success rate (<0.01):0.000000, Success rate (<0.001):0.000000
X=[1.2,1.4], PQ=[-1.6,-1.4]: count:10, ill:0, Ang_MAX:8.295004e-02, Vol_MAX:2.199829e-03, Ang_mean+-std:5.868165e-02+-1.546289e-02, Vol_mean+-std:1.357067e-03+-4.462434e-04, P_MAX:4.089e-02, Q_MAX:9.463e-03, P_mean+-std:2.459e-02+-6.830e-03, Q_mean+-std:6.867e-03+-1.201e-03, P_RMSE:9.485e-03, Q_RMSE:2.797e-03, Success rate (<0.1):1.000000, Success rate (<0.01):0.000000, Success rate (<0.001):0.000000
X=[1.2,1.4], PQ=[-1.4,-1.2]: count:10, ill:0, Ang_MAX:8.229605e-02, Vol_MAX:2.727330e-03, Ang_mean+-std:3.377650e-02+-1.798071e-02, Vol_mean+-std:1.156420e-03+-5.718381e-04, P_MAX:2.449e-02, Q_MAX:9.720e-03, P_mean+-std:1.816e-02+-3.314e-03, Q_mean+-std:6.654e-03+-1.946e-03, P_RMSE:6.644e-03, Q_RMSE:2.408e-03, Success rate (<0.1):1.000000, Success rate (<0.01):0.000000, Success rate (<0.001):0.000000
X=[1.2,1.4], PQ=[-1.2,-1.0]: count:10, ill:0, Ang_MAX:9.051827e-02, Vol_MAX:1.591921e-03, Ang_mean+-std:4.114202e-02+-2.134887e-02, Vol_mean+-std:1.143146e-03+-2.347916e-04, P_MAX:4.472e-02, Q_MAX:1.046e-02, P_mean+-std:2.325e-02+-1.034e-02, Q_mean+-std:6.782e-03+-1.878e-03, P_RMSE:7.442e-03, Q_RMSE:2.370e-03, Success rate (<0.1):1.000000, Success rate (<0.01):0.000000, Success rate (<0.001):0.000000
X=[1.2,1.4], PQ=[-1.0,-0.8]: count:10, ill:0, Ang_MAX:7.693250e-02, Vol_MAX:1.866281e-03, Ang_mean+-std:3.682648e-02+-1.893185e-02, Vol_mean+-std:9.009302e-04+-4.470987e-04, P_MAX:2.959e-02, Q_MAX:6.826e-03, P_mean+-std:1.696e-02+-6.553e-03, Q_mean+-std:4.650e-03+-1.005e-03, P_RMSE:6.082e-03, Q_RMSE:1.864e-03, Success rate (<0.1):1.000000, Success rate (<0.01):0.200000, Success rate (<0.001):0.000000
X=[1.2,1.4], PQ=[-0.8,-0.6]: count:10, ill:0, Ang_MAX:5.357426e-02, Vol_MAX:1.826525e-03, Ang_mean+-std:3.028171e-02+-1.292953e-02, Vol_mean+-std:7.802069e-04+-4.035178e-04, P_MAX:2.973e-02, Q_MAX:5.194e-03, P_mean+-std:1.552e-02+-6.146e-03, Q_mean+-std:4.192e-03+-6.063e-04, P_RMSE:5.289e-03, Q_RMSE:1.684e-03, Success rate (<0.1):1.000000, Success rate (<0.01):0.300000, Success rate (<0.001):0.000000
X=[1.2,1.4], PQ=[-0.6,-0.4]: count:10, ill:0, Ang_MAX:4.730811e-02, Vol_MAX:1.156807e-03, Ang_mean+-std:2.398288e-02+-1.168837e-02, Vol_mean+-std:6.371140e-04+-2.873189e-04, P_MAX:1.592e-02, Q_MAX:5.301e-03, P_mean+-std:1.058e-02+-2.392e-03, Q_mean+-std:3.865e-03+-7.432e-04, P_RMSE:4.198e-03, Q_RMSE:1.523e-03, Success rate (<0.1):1.000000, Success rate (<0.01):0.700000, Success rate (<0.001):0.000000
X=[1.2,1.4], PQ=[-0.4,-0.2]: count:10, ill:0, Ang_MAX:4.054618e-02, Vol_MAX:6.981492e-04, Ang_mean+-std:1.511373e-02+-9.959994e-03, Vol_mean+-std:3.769934e-04+-1.471718e-04, P_MAX:1.790e-02, Q_MAX:4.323e-03, P_mean+-std:8.259e-03+-3.482e-03, Q_mean+-std:3.259e-03+-4.894e-04, P_RMSE:3.092e-03, Q_RMSE:1.307e-03, Success rate (<0.1):1.000000, Success rate (<0.01):0.900000, Success rate (<0.001):0.000000
X=[1.2,1.4], PQ=[-0.2,0.0]: count:10, ill:0, Ang_MAX:1.017821e-02, Vol_MAX:4.367232e-04, Ang_mean+-std:4.026318e-03+-2.866758e-03, Vol_mean+-std:2.678156e-04+-6.320968e-05, P_MAX:8.794e-03, Q_MAX:3.918e-03, P_mean+-std:6.296e-03+-9.725e-04, Q_mean+-std:3.103e-03+-5.557e-04, P_RMSE:1.983e-03, Q_RMSE:1.225e-03, Success rate (<0.1):1.000000, Success rate (<0.01):1.000000, Success rate (<0.001):0.000000
X=[1.2,1.4], PQ=[0.0,0.2]: count:10, ill:0, Ang_MAX:1.225567e-02, Vol_MAX:4.311800e-04, Ang_mean+-std:4.869810e-03+-3.408789e-03, Vol_mean+-std:2.608359e-04+-6.814435e-05, P_MAX:8.510e-03, Q_MAX:3.869e-03, P_mean+-std:6.227e-03+-9.643e-04, Q_mean+-std:3.120e-03+-4.688e-04, P_RMSE:2.012e-03, Q_RMSE:1.229e-03, Success rate (<0.1):1.000000, Success rate (<0.01):1.000000, Success rate (<0.001):0.000000
X=[1.2,1.4], PQ=[0.2,0.4]: count:10, ill:0, Ang_MAX:1.986611e-02, Vol_MAX:5.956888e-04, Ang_mean+-std:1.125514e-02+-4.310696e-03, Vol_mean+-std:3.422797e-04+-1.092545e-04, P_MAX:8.106e-03, Q_MAX:4.599e-03, P_mean+-std:6.716e-03+-9.423e-04, Q_mean+-std:3.644e-03+-5.410e-04, P_RMSE:2.594e-03, Q_RMSE:1.333e-03, Success rate (<0.1):1.000000, Success rate (<0.01):1.000000, Success rate (<0.001):0.000000
X=[1.2,1.4], PQ=[0.4,0.6]: count:10, ill:0, Ang_MAX:2.813137e-02, Vol_MAX:9.385347e-04, Ang_mean+-std:1.907958e-02+-7.467177e-03, Vol_mean+-std:5.233765e-04+-1.925007e-04, P_MAX:1.412e-02, Q_MAX:4.402e-03, P_mean+-std:9.549e-03+-2.157e-03, Q_mean+-std:3.559e-03+-3.833e-04, P_RMSE:3.479e-03, Q_RMSE:1.437e-03, Success rate (<0.1):1.000000, Success rate (<0.01):0.600000, Success rate (<0.001):0.000000
X=[1.2,1.4], PQ=[0.6,0.8]: count:10, ill:0, Ang_MAX:5.642258e-02, Vol_MAX:1.258731e-03, Ang_mean+-std:2.332579e-02+-1.394259e-02, Vol_mean+-std:7.157862e-04+-2.982895e-04, P_MAX:2.257e-02, Q_MAX:5.196e-03, P_mean+-std:1.176e-02+-4.574e-03, Q_mean+-std:4.079e-03+-6.136e-04, P_RMSE:4.516e-03, Q_RMSE:1.628e-03, Success rate (<0.1):1.000000, Success rate (<0.01):0.500000, Success rate (<0.001):0.000000
X=[1.2,1.4], PQ=[0.8,1.0]: count:10, ill:0, Ang_MAX:7.063165e-02, Vol_MAX:1.762688e-03, Ang_mean+-std:4.050791e-02+-1.743356e-02, Vol_mean+-std:1.045585e-03+-4.185333e-04, P_MAX:2.143e-02, Q_MAX:8.296e-03, P_mean+-std:1.595e-02+-3.670e-03, Q_mean+-std:5.134e-03+-1.232e-03, P_RMSE:6.652e-03, Q_RMSE:1.951e-03, Success rate (<0.1):1.000000, Success rate (<0.01):0.100000, Success rate (<0.001):0.000000
X=[1.2,1.4], PQ=[1.0,1.2]: count:10, ill:0, Ang_MAX:1.025007e-01, Vol_MAX:1.599967e-03, Ang_mean+-std:4.438568e-02+-2.376513e-02, Vol_mean+-std:1.169527e-03+-2.882550e-04, P_MAX:4.680e-02, Q_MAX:8.323e-03, P_mean+-std:2.420e-02+-1.038e-02, Q_mean+-std:5.904e-03+-1.231e-03, P_RMSE:7.882e-03, Q_RMSE:2.145e-03, Success rate (<0.1):1.000000, Success rate (<0.01):0.000000, Success rate (<0.001):0.000000
X=[1.2,1.4], PQ=[1.2,1.4]: count:10, ill:0, Ang_MAX:9.058511e-02, Vol_MAX:2.502382e-03, Ang_mean+-std:4.753253e-02+-2.821199e-02, Vol_mean+-std:1.408887e-03+-6.354880e-04, P_MAX:4.428e-02, Q_MAX:1.120e-02, P_mean+-std:2.347e-02+-1.061e-02, Q_mean+-std:6.992e-03+-2.401e-03, P_RMSE:8.912e-03, Q_RMSE:2.582e-03, Success rate (<0.1):1.000000, Success rate (<0.01):0.000000, Success rate (<0.001):0.000000
X=[1.2,1.4], PQ=[1.4,1.6]: count:10, ill:0, Ang_MAX:9.291781e-02, Vol_MAX:2.538264e-03, Ang_mean+-std:4.925797e-02+-2.029518e-02, Vol_mean+-std:1.404428e-03+-6.703010e-04, P_MAX:3.254e-02, Q_MAX:7.868e-03, P_mean+-std:2.289e-02+-4.742e-03, Q_mean+-std:6.962e-03+-6.282e-04, P_RMSE:8.205e-03, Q_RMSE:2.640e-03, Success rate (<0.1):1.000000, Success rate (<0.01):0.000000, Success rate (<0.001):0.000000
X=[1.2,1.4], PQ=[1.6,1.8]: count:10, ill:0, Ang_MAX:1.029663e-01, Vol_MAX:1.984954e-03, Ang_mean+-std:5.876096e-02+-3.395522e-02, Vol_mean+-std:1.463890e-03+-3.707980e-04, P_MAX:4.910e-02, Q_MAX:1.192e-02, P_mean+-std:2.590e-02+-9.986e-03, Q_mean+-std:8.589e-03+-2.341e-03, P_RMSE:9.940e-03, Q_RMSE:2.955e-03, Success rate (<0.1):1.000000, Success rate (<0.01):0.000000, Success rate (<0.001):0.000000
X=[1.2,1.4], PQ=[1.8,2.0]: count:10, ill:0, Ang_MAX:1.044344e-01, Vol_MAX:3.023565e-03, Ang_mean+-std:6.669513e-02+-2.067693e-02, Vol_mean+-std:1.516813e-03+-6.987698e-04, P_MAX:6.158e-02, Q_MAX:1.569e-02, P_mean+-std:3.168e-02+-1.248e-02, Q_mean+-std:1.003e-02+-3.278e-03, P_RMSE:1.125e-02, Q_RMSE:3.329e-03, Success rate (<0.1):1.000000, Success rate (<0.01):0.000000, Success rate (<0.001):0.000000
X=[1.4,1.6], PQ=[-2.0,-1.8]: count:10, ill:0, Ang_MAX:8.026782e-02, Vol_MAX:1.916826e-03, Ang_mean+-std:5.145874e-02+-1.465108e-02, Vol_mean+-std:1.451677e-03+-2.473074e-04, P_MAX:3.693e-02, Q_MAX:1.267e-02, P_mean+-std:2.707e-02+-7.245e-03, Q_mean+-std:8.789e-03+-1.697e-03, P_RMSE:9.207e-03, Q_RMSE:3.167e-03, Success rate (<0.1):1.000000, Success rate (<0.01):0.000000, Success rate (<0.001):0.000000
X=[1.4,1.6], PQ=[-1.8,-1.6]: count:10, ill:0, Ang_MAX:1.282093e-01, Vol_MAX:3.057718e-03, Ang_mean+-std:6.143597e-02+-3.331567e-02, Vol_mean+-std:1.718408e-03+-6.027365e-04, P_MAX:4.527e-02, Q_MAX:1.135e-02, P_mean+-std:2.760e-02+-8.850e-03, Q_mean+-std:8.417e-03+-1.654e-03, P_RMSE:9.668e-03, Q_RMSE:3.000e-03, Success rate (<0.1):1.000000, Success rate (<0.01):0.000000, Success rate (<0.001):0.000000
X=[1.4,1.6], PQ=[-1.6,-1.4]: count:10, ill:0, Ang_MAX:1.067903e-01, Vol_MAX:3.004730e-03, Ang_mean+-std:5.052510e-02+-2.158525e-02, Vol_mean+-std:1.375377e-03+-6.534369e-04, P_MAX:4.225e-02, Q_MAX:1.398e-02, P_mean+-std:2.632e-02+-6.619e-03, Q_mean+-std:7.631e-03+-2.463e-03, P_RMSE:8.596e-03, Q_RMSE:2.764e-03, Success rate (<0.1):1.000000, Success rate (<0.01):0.000000, Success rate (<0.001):0.000000
X=[1.4,1.6], PQ=[-1.4,-1.2]: count:10, ill:0, Ang_MAX:9.606350e-02, Vol_MAX:2.275765e-03, Ang_mean+-std:5.387854e-02+-2.796901e-02, Vol_mean+-std:1.444662e-03+-5.156134e-04, P_MAX:3.340e-02, Q_MAX:8.962e-03, P_mean+-std:2.222e-02+-7.438e-03, Q_mean+-std:6.600e-03+-1.100e-03, P_RMSE:8.557e-03, Q_RMSE:2.529e-03, Success rate (<0.1):1.000000, Success rate (<0.01):0.100000, Success rate (<0.001):0.000000
X=[1.4,1.6], PQ=[-1.2,-1.0]: count:10, ill:0, Ang_MAX:8.081204e-02, Vol_MAX:1.527607e-03, Ang_mean+-std:4.030360e-02+-1.998101e-02, Vol_mean+-std:1.051116e-03+-3.066074e-04, P_MAX:4.426e-02, Q_MAX:1.121e-02, P_mean+-std:2.073e-02+-9.688e-03, Q_mean+-std:5.903e-03+-1.979e-03, P_RMSE:7.314e-03, Q_RMSE:2.134e-03, Success rate (<0.1):1.000000, Success rate (<0.01):0.100000, Success rate (<0.001):0.000000
X=[1.4,1.6], PQ=[-1.0,-0.8]: count:10, ill:0, Ang_MAX:6.423250e-02, Vol_MAX:1.899183e-03, Ang_mean+-std:3.116730e-02+-1.423662e-02, Vol_mean+-std:8.194923e-04+-4.221916e-04, P_MAX:2.869e-02, Q_MAX:6.150e-03, P_mean+-std:1.482e-02+-6.041e-03, Q_mean+-std:4.671e-03+-7.767e-04, P_RMSE:5.605e-03, Q_RMSE:1.804e-03, Success rate (<0.1):1.000000, Success rate (<0.01):0.200000, Success rate (<0.001):0.000000
X=[1.4,1.6], PQ=[-0.8,-0.6]: count:10, ill:0, Ang_MAX:3.641930e-02, Vol_MAX:9.520054e-04, Ang_mean+-std:2.424125e-02+-8.081389e-03, Vol_mean+-std:5.934715e-04+-1.669653e-04, P_MAX:2.072e-02, Q_MAX:7.360e-03, P_mean+-std:1.252e-02+-3.956e-03, Q_mean+-std:4.892e-03+-1.038e-03, P_RMSE:4.344e-03, Q_RMSE:1.708e-03, Success rate (<0.1):1.000000, Success rate (<0.01):0.200000, Success rate (<0.001):0.000000
X=[1.4,1.6], PQ=[-0.6,-0.4]: count:10, ill:0, Ang_MAX:4.506750e-02, Vol_MAX:1.251817e-03, Ang_mean+-std:2.164305e-02+-1.376165e-02, Vol_mean+-std:5.956709e-04+-3.456939e-04, P_MAX:1.467e-02, Q_MAX:5.356e-03, P_mean+-std:1.067e-02+-2.945e-03, Q_mean+-std:4.087e-03+-7.679e-04, P_RMSE:3.932e-03, Q_RMSE:1.505e-03, Success rate (<0.1):1.000000, Success rate (<0.01):0.500000, Success rate (<0.001):0.000000
X=[1.4,1.6], PQ=[-0.4,-0.2]: count:10, ill:0, Ang_MAX:2.185327e-02, Vol_MAX:5.307794e-04, Ang_mean+-std:1.025566e-02+-4.820012e-03, Vol_mean+-std:3.724575e-04+-9.442076e-05, P_MAX:9.373e-03, Q_MAX:4.180e-03, P_mean+-std:7.342e-03+-1.007e-03, Q_mean+-std:3.371e-03+-4.313e-04, P_RMSE:2.564e-03, Q_RMSE:1.319e-03, Success rate (<0.1):1.000000, Success rate (<0.01):1.000000, Success rate (<0.001):0.000000
X=[1.4,1.6], PQ=[-0.2,0.0]: count:10, ill:0, Ang_MAX:9.806125e-03, Vol_MAX:3.784895e-04, Ang_mean+-std:4.995048e-03+-2.590306e-03, Vol_mean+-std:2.601862e-04+-6.172370e-05, P_MAX:7.252e-03, Q_MAX:3.881e-03, P_mean+-std:6.194e-03+-5.917e-04, Q_mean+-std:2.996e-03+-4.080e-04, P_RMSE:2.047e-03, Q_RMSE:1.242e-03, Success rate (<0.1):1.000000, Success rate (<0.01):1.000000, Success rate (<0.001):0.000000
X=[1.4,1.6], PQ=[0.0,0.2]: count:10, ill:0, Ang_MAX:8.626208e-03, Vol_MAX:3.747344e-04, Ang_mean+-std:4.587041e-03+-2.584095e-03, Vol_mean+-std:2.664387e-04+-5.516917e-05, P_MAX:7.216e-03, Q_MAX:3.562e-03, P_mean+-std:5.899e-03+-6.464e-04, Q_mean+-std:3.005e-03+-3.715e-04, P_RMSE:1.971e-03, Q_RMSE:1.241e-03, Success rate (<0.1):1.000000, Success rate (<0.01):1.000000, Success rate (<0.001):0.000000
X=[1.4,1.6], PQ=[0.2,0.4]: count:10, ill:0, Ang_MAX:2.086207e-02, Vol_MAX:7.249117e-04, Ang_mean+-std:1.167897e-02+-5.242261e-03, Vol_mean+-std:4.123211e-04+-1.676888e-04, P_MAX:1.120e-02, Q_MAX:4.381e-03, P_mean+-std:7.374e-03+-1.706e-03, Q_mean+-std:3.131e-03+-4.681e-04, P_RMSE:2.747e-03, Q_RMSE:1.321e-03, Success rate (<0.1):1.000000, Success rate (<0.01):0.900000, Success rate (<0.001):0.000000
X=[1.4,1.6], PQ=[0.4,0.6]: count:10, ill:0, Ang_MAX:3.326675e-02, Vol_MAX:7.742643e-04, Ang_mean+-std:1.659038e-02+-1.023556e-02, Vol_mean+-std:4.617572e-04+-1.972246e-04, P_MAX:1.742e-02, Q_MAX:4.527e-03, P_mean+-std:9.493e-03+-3.215e-03, Q_mean+-std:3.473e-03+-5.241e-04, P_RMSE:3.410e-03, Q_RMSE:1.435e-03, Success rate (<0.1):1.000000, Success rate (<0.01):0.700000, Success rate (<0.001):0.000000
X=[1.4,1.6], PQ=[0.6,0.8]: count:10, ill:0, Ang_MAX:5.480436e-02, Vol_MAX:1.599908e-03, Ang_mean+-std:2.757391e-02+-1.226657e-02, Vol_mean+-std:7.593393e-04+-3.353782e-04, P_MAX:1.765e-02, Q_MAX:5.193e-03, P_mean+-std:1.303e-02+-3.380e-03, Q_mean+-std:4.026e-03+-4.907e-04, P_RMSE:4.855e-03, Q_RMSE:1.631e-03, Success rate (<0.1):1.000000, Success rate (<0.01):0.300000, Success rate (<0.001):0.000000
X=[1.4,1.6], PQ=[0.8,1.0]: count:10, ill:0, Ang_MAX:5.091971e-02, Vol_MAX:1.253843e-03, Ang_mean+-std:2.786785e-02+-1.377631e-02, Vol_mean+-std:8.065224e-04+-2.632283e-04, P_MAX:2.300e-02, Q_MAX:6.843e-03, P_mean+-std:1.371e-02+-4.173e-03, Q_mean+-std:4.847e-03+-1.019e-03, P_RMSE:5.371e-03, Q_RMSE:1.828e-03, Success rate (<0.1):1.000000, Success rate (<0.01):0.200000, Success rate (<0.001):0.000000
X=[1.4,1.6], PQ=[1.0,1.2]: count:10, ill:0, Ang_MAX:8.433007e-02, Vol_MAX:2.306342e-03, Ang_mean+-std:5.055171e-02+-1.694418e-02, Vol_mean+-std:1.270431e-03+-5.205563e-04, P_MAX:3.449e-02, Q_MAX:6.975e-03, P_mean+-std:2.298e-02+-7.607e-03, Q_mean+-std:5.817e-03+-7.020e-04, P_RMSE:8.118e-03, Q_RMSE:2.178e-03, Success rate (<0.1):1.000000, Success rate (<0.01):0.000000, Success rate (<0.001):0.000000
X=[1.4,1.6], PQ=[1.2,1.4]: count:10, ill:0, Ang_MAX:6.165840e-02, Vol_MAX:1.586974e-03, Ang_mean+-std:4.604974e-02+-1.304395e-02, Vol_mean+-std:1.090932e-03+-2.410118e-04, P_MAX:3.925e-02, Q_MAX:1.074e-02, P_mean+-std:2.447e-02+-8.264e-03, Q_mean+-std:6.231e-03+-1.967e-03, P_RMSE:8.066e-03, Q_RMSE:2.293e-03, Success rate (<0.1):1.000000, Success rate (<0.01):0.100000, Success rate (<0.001):0.000000
X=[1.4,1.6], PQ=[1.4,1.6]: count:10, ill:0, Ang_MAX:1.261742e-01, Vol_MAX:2.601683e-03, Ang_mean+-std:6.707919e-02+-3.429261e-02, Vol_mean+-std:1.600283e-03+-4.672243e-04, P_MAX:5.205e-02, Q_MAX:1.144e-02, P_mean+-std:2.738e-02+-1.199e-02, Q_mean+-std:7.986e-03+-1.629e-03, P_RMSE:1.048e-02, Q_RMSE:2.773e-03, Success rate (<0.1):1.000000, Success rate (<0.01):0.000000, Success rate (<0.001):0.000000
X=[1.4,1.6], PQ=[1.6,1.8]: count:10, ill:0, Ang_MAX:1.307659e-01, Vol_MAX:2.907157e-03, Ang_mean+-std:6.721945e-02+-2.943256e-02, Vol_mean+-std:1.731396e-03+-7.047603e-04, P_MAX:3.960e-02, Q_MAX:1.271e-02, P_mean+-std:2.708e-02+-8.130e-03, Q_mean+-std:9.094e-03+-2.052e-03, P_RMSE:1.120e-02, Q_RMSE:3.314e-03, Success rate (<0.1):1.000000, Success rate (<0.01):0.000000, Success rate (<0.001):0.000000
X=[1.4,1.6], PQ=[1.8,2.0]: count:10, ill:0, Ang_MAX:1.247046e-01, Vol_MAX:2.438247e-03, Ang_mean+-std:5.566673e-02+-3.455614e-02, Vol_mean+-std:1.648140e-03+-4.805746e-04, P_MAX:5.489e-02, Q_MAX:1.165e-02, P_mean+-std:3.186e-02+-1.141e-02, Q_mean+-std:9.370e-03+-2.078e-03, P_RMSE:1.152e-02, Q_RMSE:3.308e-03, Success rate (<0.1):1.000000, Success rate (<0.01):0.000000, Success rate (<0.001):0.000000
X=[1.6,1.8], PQ=[-2.0,-1.8]: count:10, ill:0, Ang_MAX:1.220498e-01, Vol_MAX:2.891481e-03, Ang_mean+-std:6.732632e-02+-2.351635e-02, Vol_mean+-std:1.913494e-03+-5.532644e-04, P_MAX:4.796e-02, Q_MAX:1.310e-02, P_mean+-std:3.072e-02+-8.843e-03, Q_mean+-std:8.813e-03+-1.931e-03, P_RMSE:1.081e-02, Q_RMSE:3.043e-03, Success rate (<0.1):1.000000, Success rate (<0.01):0.000000, Success rate (<0.001):0.000000
X=[1.6,1.8], PQ=[-1.8,-1.6]: count:10, ill:0, Ang_MAX:1.044303e-01, Vol_MAX:2.819002e-03, Ang_mean+-std:5.341875e-02+-2.569100e-02, Vol_mean+-std:1.314670e-03+-6.164123e-04, P_MAX:3.772e-02, Q_MAX:1.090e-02, P_mean+-std:2.570e-02+-8.582e-03, Q_mean+-std:8.133e-03+-1.742e-03, P_RMSE:9.377e-03, Q_RMSE:2.869e-03, Success rate (<0.1):1.000000, Success rate (<0.01):0.000000, Success rate (<0.001):0.000000
X=[1.6,1.8], PQ=[-1.6,-1.4]: count:10, ill:0, Ang_MAX:1.035364e-01, Vol_MAX:3.892899e-03, Ang_mean+-std:4.748208e-02+-2.924877e-02, Vol_mean+-std:1.532143e-03+-8.636820e-04, P_MAX:4.759e-02, Q_MAX:1.192e-02, P_mean+-std:2.254e-02+-9.326e-03, Q_mean+-std:7.066e-03+-2.043e-03, P_RMSE:8.595e-03, Q_RMSE:2.539e-03, Success rate (<0.1):1.000000, Success rate (<0.01):0.000000, Success rate (<0.001):0.000000
X=[1.6,1.8], PQ=[-1.4,-1.2]: count:10, ill:0, Ang_MAX:7.877380e-02, Vol_MAX:1.813233e-03, Ang_mean+-std:3.962408e-02+-2.064466e-02, Vol_mean+-std:9.375632e-04+-3.459897e-04, P_MAX:3.084e-02, Q_MAX:9.517e-03, P_mean+-std:1.837e-02+-6.428e-03, Q_mean+-std:6.477e-03+-1.409e-03, P_RMSE:7.127e-03, Q_RMSE:2.256e-03, Success rate (<0.1):1.000000, Success rate (<0.01):0.000000, Success rate (<0.001):0.000000
X=[1.6,1.8], PQ=[-1.2,-1.0]: count:10, ill:0, Ang_MAX:7.303207e-02, Vol_MAX:1.599967e-03, Ang_mean+-std:5.054332e-02+-1.542796e-02, Vol_mean+-std:1.076162e-03+-3.129615e-04, P_MAX:3.643e-02, Q_MAX:8.126e-03, P_mean+-std:2.297e-02+-6.526e-03, Q_mean+-std:6.100e-03+-1.139e-03, P_RMSE:7.930e-03, Q_RMSE:2.164e-03, Success rate (<0.1):1.000000, Success rate (<0.01):0.000000, Success rate (<0.001):0.000000
X=[1.6,1.8], PQ=[-1.0,-0.8]: count:10, ill:0, Ang_MAX:5.594483e-02, Vol_MAX:1.873374e-03, Ang_mean+-std:2.854653e-02+-1.507927e-02, Vol_mean+-std:8.759439e-04+-4.021562e-04, P_MAX:2.176e-02, Q_MAX:5.141e-03, P_mean+-std:1.289e-02+-4.423e-03, Q_mean+-std:4.381e-03+-4.208e-04, P_RMSE:5.142e-03, Q_RMSE:1.778e-03, Success rate (<0.1):1.000000, Success rate (<0.01):0.300000, Success rate (<0.001):0.000000
X=[1.6,1.8], PQ=[-0.8,-0.6]: count:10, ill:0, Ang_MAX:6.115947e-02, Vol_MAX:1.290739e-03, Ang_mean+-std:3.061814e-02+-1.301873e-02, Vol_mean+-std:8.330464e-04+-2.426430e-04, P_MAX:2.799e-02, Q_MAX:6.730e-03, P_mean+-std:1.485e-02+-5.489e-03, Q_mean+-std:4.947e-03+-1.156e-03, P_RMSE:5.314e-03, Q_RMSE:1.793e-03, Success rate (<0.1):1.000000, Success rate (<0.01):0.200000, Success rate (<0.001):0.000000
X=[1.6,1.8], PQ=[-0.6,-0.4]: count:10, ill:0, Ang_MAX:3.402069e-02, Vol_MAX:1.042843e-03, Ang_mean+-std:1.968948e-02+-9.353551e-03, Vol_mean+-std:5.449295e-04+-2.213453e-04, P_MAX:1.460e-02, Q_MAX:3.582e-03, P_mean+-std:9.427e-03+-2.893e-03, Q_mean+-std:3.053e-03+-3.076e-04, P_RMSE:3.520e-03, Q_RMSE:1.389e-03, Success rate (<0.1):1.000000, Success rate (<0.01):0.700000, Success rate (<0.001):0.000000
X=[1.6,1.8], PQ=[-0.4,-0.2]: count:10, ill:0, Ang_MAX:2.196956e-02, Vol_MAX:7.559061e-04, Ang_mean+-std:1.332962e-02+-5.546489e-03, Vol_mean+-std:3.773093e-04+-1.446356e-04, P_MAX:1.392e-02, Q_MAX:4.144e-03, P_mean+-std:8.218e-03+-2.341e-03, Q_mean+-std:3.322e-03+-4.790e-04, P_RMSE:2.810e-03, Q_RMSE:1.309e-03, Success rate (<0.1):1.000000, Success rate (<0.01):0.900000, Success rate (<0.001):0.000000
X=[1.6,1.8], PQ=[-0.2,0.0]: count:10, ill:0, Ang_MAX:6.231189e-03, Vol_MAX:3.415942e-04, Ang_mean+-std:3.254151e-03+-1.270259e-03, Vol_mean+-std:2.714574e-04+-3.210881e-05, P_MAX:6.708e-03, Q_MAX:5.020e-03, P_mean+-std:6.023e-03+-3.635e-04, Q_mean+-std:3.259e-03+-6.808e-04, P_RMSE:1.921e-03, Q_RMSE:1.235e-03, Success rate (<0.1):1.000000, Success rate (<0.01):1.000000, Success rate (<0.001):0.000000
X=[1.6,1.8], PQ=[0.0,0.2]: count:10, ill:0, Ang_MAX:1.469488e-02, Vol_MAX:4.879832e-04, Ang_mean+-std:5.205327e-03+-3.849949e-03, Vol_mean+-std:2.974689e-04+-6.688160e-05, P_MAX:8.359e-03, Q_MAX:4.720e-03, P_mean+-std:6.567e-03+-9.837e-04, Q_mean+-std:3.467e-03+-6.486e-04, P_RMSE:2.026e-03, Q_RMSE:1.265e-03, Success rate (<0.1):1.000000, Success rate (<0.01):1.000000, Success rate (<0.001):0.000000
X=[1.6,1.8], PQ=[0.2,0.4]: count:10, ill:0, Ang_MAX:2.851562e-02, Vol_MAX:4.914999e-04, Ang_mean+-std:1.194183e-02+-7.411821e-03, Vol_mean+-std:3.242433e-04+-9.114755e-05, P_MAX:9.305e-03, Q_MAX:3.853e-03, P_mean+-std:6.679e-03+-1.251e-03, Q_mean+-std:3.205e-03+-3.532e-04, P_RMSE:2.576e-03, Q_RMSE:1.279e-03, Success rate (<0.1):1.000000, Success rate (<0.01):1.000000, Success rate (<0.001):0.000000
X=[1.6,1.8], PQ=[0.4,0.6]: count:10, ill:0, Ang_MAX:3.688195e-02, Vol_MAX:7.691979e-04, Ang_mean+-std:2.017815e-02+-9.680428e-03, Vol_mean+-std:4.726887e-04+-1.815923e-04, P_MAX:1.321e-02, Q_MAX:4.654e-03, P_mean+-std:1.026e-02+-2.304e-03, Q_mean+-std:3.661e-03+-5.273e-04, P_RMSE:3.580e-03, Q_RMSE:1.470e-03, Success rate (<0.1):1.000000, Success rate (<0.01):0.300000, Success rate (<0.001):0.000000
X=[1.6,1.8], PQ=[0.6,0.8]: count:10, ill:0, Ang_MAX:3.762272e-02, Vol_MAX:1.691997e-03, Ang_mean+-std:2.568337e-02+-9.388027e-03, Vol_mean+-std:7.985890e-04+-3.191138e-04, P_MAX:2.862e-02, Q_MAX:6.200e-03, P_mean+-std:1.506e-02+-5.940e-03, Q_mean+-std:4.437e-03+-6.802e-04, P_RMSE:4.847e-03, Q_RMSE:1.699e-03, Success rate (<0.1):1.000000, Success rate (<0.01):0.100000, Success rate (<0.001):0.000000
X=[1.6,1.8], PQ=[0.8,1.0]: count:10, ill:0, Ang_MAX:5.507746e-02, Vol_MAX:1.306951e-03, Ang_mean+-std:3.573975e-02+-1.428046e-02, Vol_mean+-std:8.992672e-04+-2.086362e-04, P_MAX:2.267e-02, Q_MAX:5.511e-03, P_mean+-std:1.533e-02+-4.210e-03, Q_mean+-std:4.601e-03+-4.244e-04, P_RMSE:5.788e-03, Q_RMSE:1.825e-03, Success rate (<0.1):1.000000, Success rate (<0.01):0.100000, Success rate (<0.001):0.000000
X=[1.6,1.8], PQ=[1.0,1.2]: count:10, ill:0, Ang_MAX:1.021293e-01, Vol_MAX:1.971364e-03, Ang_mean+-std:5.814671e-02+-2.043041e-02, Vol_mean+-std:1.195216e-03+-3.994566e-04, P_MAX:2.800e-02, Q_MAX:7.960e-03, P_mean+-std:2.205e-02+-5.137e-03, Q_mean+-std:6.172e-03+-1.099e-03, P_RMSE:8.215e-03, Q_RMSE:2.146e-03, Success rate (<0.1):1.000000, Success rate (<0.01):0.000000, Success rate (<0.001):0.000000
X=[1.6,1.8], PQ=[1.2,1.4]: count:10, ill:0, Ang_MAX:8.763105e-02, Vol_MAX:2.294779e-03, Ang_mean+-std:4.579005e-02+-2.463308e-02, Vol_mean+-std:1.222903e-03+-4.469446e-04, P_MAX:4.720e-02, Q_MAX:1.325e-02, P_mean+-std:2.139e-02+-1.071e-02, Q_mean+-std:7.323e-03+-2.261e-03, P_RMSE:7.730e-03, Q_RMSE:2.582e-03, Success rate (<0.1):1.000000, Success rate (<0.01):0.000000, Success rate (<0.001):0.000000
X=[1.6,1.8], PQ=[1.4,1.6]: count:10, ill:0, Ang_MAX:1.059419e-01, Vol_MAX:1.929104e-03, Ang_mean+-std:5.496505e-02+-2.808272e-02, Vol_mean+-std:1.467627e-03+-2.643716e-04, P_MAX:4.916e-02, Q_MAX:1.213e-02, P_mean+-std:2.740e-02+-1.223e-02, Q_mean+-std:8.335e-03+-2.074e-03, P_RMSE:9.984e-03, Q_RMSE:2.939e-03, Success rate (<0.1):1.000000, Success rate (<0.01):0.100000, Success rate (<0.001):0.000000
X=[1.6,1.8], PQ=[1.6,1.8]: count:10, ill:0, Ang_MAX:1.422341e-01, Vol_MAX:3.906429e-03, Ang_mean+-std:1.004427e-01+-3.029614e-02, Vol_mean+-std:2.378666e-03+-8.568441e-04, P_MAX:6.179e-02, Q_MAX:2.282e-02, P_mean+-std:3.948e-02+-1.122e-02, Q_mean+-std:1.120e-02+-5.114e-03, P_RMSE:1.485e-02, Q_RMSE:3.509e-03, Success rate (<0.1):1.000000, Success rate (<0.01):0.000000, Success rate (<0.001):0.000000
X=[1.6,1.8], PQ=[1.8,2.0]: count:10, ill:0, Ang_MAX:1.211838e-01, Vol_MAX:3.825903e-03, Ang_mean+-std:7.660806e-02+-2.943803e-02, Vol_mean+-std:2.097166e-03+-8.163931e-04, P_MAX:6.068e-02, Q_MAX:2.164e-02, P_mean+-std:3.946e-02+-1.027e-02, Q_mean+-std:1.132e-02+-5.118e-03, P_RMSE:1.255e-02, Q_RMSE:3.713e-03, Success rate (<0.1):1.000000, Success rate (<0.01):0.000000, Success rate (<0.001):0.000000
X=[1.8,2.0], PQ=[-2.0,-1.8]: count:10, ill:0, Ang_MAX:1.187851e-01, Vol_MAX:3.272116e-03, Ang_mean+-std:6.116344e-02+-2.305255e-02, Vol_mean+-std:1.756126e-03+-6.833604e-04, P_MAX:5.009e-02, Q_MAX:1.119e-02, P_mean+-std:3.121e-02+-9.673e-03, Q_mean+-std:8.824e-03+-1.724e-03, P_RMSE:1.150e-02, Q_RMSE:3.219e-03, Success rate (<0.1):1.000000, Success rate (<0.01):0.000000, Success rate (<0.001):0.000000
X=[1.8,2.0], PQ=[-1.8,-1.6]: count:10, ill:0, Ang_MAX:1.056598e-01, Vol_MAX:2.927959e-03, Ang_mean+-std:5.607286e-02+-3.106421e-02, Vol_mean+-std:1.559991e-03+-7.624535e-04, P_MAX:4.187e-02, Q_MAX:1.031e-02, P_mean+-std:2.648e-02+-7.914e-03, Q_mean+-std:7.969e-03+-1.892e-03, P_RMSE:9.818e-03, Q_RMSE:2.945e-03, Success rate (<0.1):1.000000, Success rate (<0.01):0.000000, Success rate (<0.001):0.000000
X=[1.8,2.0], PQ=[-1.6,-1.4]: count:10, ill:0, Ang_MAX:1.025193e-01, Vol_MAX:2.412736e-03, Ang_mean+-std:6.650405e-02+-2.376269e-02, Vol_mean+-std:1.544875e-03+-5.480113e-04, P_MAX:4.471e-02, Q_MAX:1.022e-02, P_mean+-std:3.063e-02+-9.428e-03, Q_mean+-std:7.571e-03+-1.580e-03, P_RMSE:9.972e-03, Q_RMSE:2.718e-03, Success rate (<0.1):1.000000, Success rate (<0.01):0.000000, Success rate (<0.001):0.000000
X=[1.8,2.0], PQ=[-1.4,-1.2]: count:10, ill:0, Ang_MAX:7.441005e-02, Vol_MAX:1.487970e-03, Ang_mean+-std:4.207601e-02+-1.940971e-02, Vol_mean+-std:1.119477e-03+-2.603647e-04, P_MAX:3.559e-02, Q_MAX:8.526e-03, P_mean+-std:2.091e-02+-7.516e-03, Q_mean+-std:6.767e-03+-1.269e-03, P_RMSE:7.679e-03, Q_RMSE:2.519e-03, Success rate (<0.1):1.000000, Success rate (<0.01):0.000000, Success rate (<0.001):0.000000
X=[1.8,2.0], PQ=[-1.2,-1.0]: count:10, ill:0, Ang_MAX:8.361454e-02, Vol_MAX:2.074182e-03, Ang_mean+-std:5.140786e-02+-2.029430e-02, Vol_mean+-std:1.297677e-03+-4.244724e-04, P_MAX:3.039e-02, Q_MAX:7.946e-03, P_mean+-std:1.968e-02+-6.240e-03, Q_mean+-std:6.124e-03+-1.216e-03, P_RMSE:7.826e-03, Q_RMSE:2.193e-03, Success rate (<0.1):1.000000, Success rate (<0.01):0.000000, Success rate (<0.001):0.000000
X=[1.8,2.0], PQ=[-1.0,-0.8]: count:10, ill:0, Ang_MAX:7.860958e-02, Vol_MAX:1.829326e-03, Ang_mean+-std:4.769974e-02+-2.430721e-02, Vol_mean+-std:1.138633e-03+-4.952733e-04, P_MAX:4.372e-02, Q_MAX:7.515e-03, P_mean+-std:1.997e-02+-9.143e-03, Q_mean+-std:5.212e-03+-1.246e-03, P_RMSE:7.401e-03, Q_RMSE:1.914e-03, Success rate (<0.1):1.000000, Success rate (<0.01):0.100000, Success rate (<0.001):0.000000
X=[1.8,2.0], PQ=[-0.8,-0.6]: count:10, ill:0, Ang_MAX:3.773858e-02, Vol_MAX:1.207888e-03, Ang_mean+-std:2.732837e-02+-7.111828e-03, Vol_mean+-std:7.319391e-04+-3.037456e-04, P_MAX:1.672e-02, Q_MAX:4.863e-03, P_mean+-std:1.338e-02+-2.782e-03, Q_mean+-std:4.119e-03+-4.630e-04, P_RMSE:4.834e-03, Q_RMSE:1.600e-03, Success rate (<0.1):1.000000, Success rate (<0.01):0.100000, Success rate (<0.001):0.000000
X=[1.8,2.0], PQ=[-0.6,-0.4]: count:10, ill:0, Ang_MAX:2.497670e-02, Vol_MAX:8.475780e-04, Ang_mean+-std:1.322573e-02+-5.705809e-03, Vol_mean+-std:4.968464e-04+-1.770913e-04, P_MAX:1.696e-02, Q_MAX:4.285e-03, P_mean+-std:8.974e-03+-3.014e-03, Q_mean+-std:3.565e-03+-4.510e-04, P_RMSE:3.030e-03, Q_RMSE:1.472e-03, Success rate (<0.1):1.000000, Success rate (<0.01):0.800000, Success rate (<0.001):0.000000
X=[1.8,2.0], PQ=[-0.4,-0.2]: count:10, ill:0, Ang_MAX:2.850986e-02, Vol_MAX:7.865429e-04, Ang_mean+-std:1.666428e-02+-7.501879e-03, Vol_mean+-std:4.209399e-04+-1.723149e-04, P_MAX:1.173e-02, Q_MAX:3.940e-03, P_mean+-std:9.282e-03+-2.129e-03, Q_mean+-std:3.110e-03+-4.138e-04, P_RMSE:3.379e-03, Q_RMSE:1.342e-03, Success rate (<0.1):1.000000, Success rate (<0.01):0.400000, Success rate (<0.001):0.000000
X=[1.8,2.0], PQ=[-0.2,0.0]: count:10, ill:0, Ang_MAX:8.071900e-03, Vol_MAX:3.396273e-04, Ang_mean+-std:3.522298e-03+-1.931025e-03, Vol_mean+-std:2.426088e-04+-4.295004e-05, P_MAX:6.655e-03, Q_MAX:4.669e-03, P_mean+-std:5.750e-03+-5.064e-04, Q_mean+-std:3.343e-03+-6.668e-04, P_RMSE:1.913e-03, Q_RMSE:1.231e-03, Success rate (<0.1):1.000000, Success rate (<0.01):1.000000, Success rate (<0.001):0.000000
X=[1.8,2.0], PQ=[0.0,0.2]: count:10, ill:0, Ang_MAX:8.564621e-03, Vol_MAX:3.406405e-04, Ang_mean+-std:4.499324e-03+-1.925141e-03, Vol_mean+-std:2.726555e-04+-4.180889e-05, P_MAX:6.750e-03, Q_MAX:3.812e-03, P_mean+-std:5.894e-03+-6.706e-04, Q_mean+-std:3.233e-03+-3.734e-04, P_RMSE:1.959e-03, Q_RMSE:1.246e-03, Success rate (<0.1):1.000000, Success rate (<0.01):1.000000, Success rate (<0.001):0.000000
X=[1.8,2.0], PQ=[0.2,0.4]: count:10, ill:0, Ang_MAX:2.240513e-02, Vol_MAX:6.977320e-04, Ang_mean+-std:1.109264e-02+-5.963054e-03, Vol_mean+-std:4.193842e-04+-1.409034e-04, P_MAX:1.028e-02, Q_MAX:4.027e-03, P_mean+-std:7.345e-03+-1.821e-03, Q_mean+-std:3.287e-03+-4.194e-04, P_RMSE:2.625e-03, Q_RMSE:1.328e-03, Success rate (<0.1):1.000000, Success rate (<0.01):0.900000, Success rate (<0.001):0.000000
X=[1.8,2.0], PQ=[0.4,0.6]: count:10, ill:0, Ang_MAX:2.922049e-02, Vol_MAX:1.034975e-03, Ang_mean+-std:1.895550e-02+-5.806112e-03, Vol_mean+-std:5.705476e-04+-2.192032e-04, P_MAX:1.480e-02, Q_MAX:4.784e-03, P_mean+-std:9.601e-03+-2.024e-03, Q_mean+-std:3.635e-03+-6.100e-04, P_RMSE:3.544e-03, Q_RMSE:1.421e-03, Success rate (<0.1):1.000000, Success rate (<0.01):0.700000, Success rate (<0.001):0.000000
X=[1.8,2.0], PQ=[0.6,0.8]: count:10, ill:0, Ang_MAX:4.634097e-02, Vol_MAX:1.701415e-03, Ang_mean+-std:2.808534e-02+-1.379104e-02, Vol_mean+-std:9.411812e-04+-3.837930e-04, P_MAX:1.505e-02, Q_MAX:5.877e-03, P_mean+-std:1.257e-02+-2.358e-03, Q_mean+-std:4.066e-03+-8.600e-04, P_RMSE:4.786e-03, Q_RMSE:1.627e-03, Success rate (<0.1):1.000000, Success rate (<0.01):0.100000, Success rate (<0.001):0.000000
X=[1.8,2.0], PQ=[0.8,1.0]: count:10, ill:0, Ang_MAX:8.201136e-02, Vol_MAX:2.151906e-03, Ang_mean+-std:3.605261e-02+-2.022323e-02, Vol_mean+-std:9.845853e-04+-4.598708e-04, P_MAX:2.500e-02, Q_MAX:1.040e-02, P_mean+-std:1.526e-02+-4.829e-03, Q_mean+-std:5.084e-03+-1.927e-03, P_RMSE:6.253e-03, Q_RMSE:1.909e-03, Success rate (<0.1):1.000000, Success rate (<0.01):0.200000, Success rate (<0.001):0.000000
X=[1.8,2.0], PQ=[1.0,1.2]: count:10, ill:0, Ang_MAX:1.074587e-01, Vol_MAX:2.471328e-03, Ang_mean+-std:5.239877e-02+-2.753725e-02, Vol_mean+-std:1.049829e-03+-5.034779e-04, P_MAX:3.647e-02, Q_MAX:7.434e-03, P_mean+-std:2.071e-02+-6.929e-03, Q_mean+-std:5.729e-03+-8.756e-04, P_RMSE:8.428e-03, Q_RMSE:2.193e-03, Success rate (<0.1):1.000000, Success rate (<0.01):0.000000, Success rate (<0.001):0.000000
X=[1.8,2.0], PQ=[1.2,1.4]: count:10, ill:0, Ang_MAX:7.762158e-02, Vol_MAX:1.738727e-03, Ang_mean+-std:4.436046e-02+-1.857514e-02, Vol_mean+-std:1.277524e-03+-4.543210e-04, P_MAX:2.724e-02, Q_MAX:7.366e-03, P_mean+-std:1.882e-02+-4.738e-03, Q_mean+-std:6.085e-03+-8.423e-04, P_RMSE:7.035e-03, Q_RMSE:2.245e-03, Success rate (<0.1):1.000000, Success rate (<0.01):0.000000, Success rate (<0.001):0.000000
X=[1.8,2.0], PQ=[1.4,1.6]: count:10, ill:0, Ang_MAX:8.480449e-02, Vol_MAX:2.448261e-03, Ang_mean+-std:4.324508e-02+-1.854434e-02, Vol_mean+-std:1.362222e-03+-4.462464e-04, P_MAX:3.217e-02, Q_MAX:8.701e-03, P_mean+-std:2.539e-02+-4.319e-03, Q_mean+-std:7.304e-03+-9.688e-04, P_RMSE:8.515e-03, Q_RMSE:2.589e-03, Success rate (<0.1):1.000000, Success rate (<0.01):0.000000, Success rate (<0.001):0.000000
X=[1.8,2.0], PQ=[1.6,1.8]: count:10, ill:0, Ang_MAX:8.991124e-02, Vol_MAX:2.246976e-03, Ang_mean+-std:5.548588e-02+-2.294674e-02, Vol_mean+-std:1.606697e-03+-4.349668e-04, P_MAX:2.898e-02, Q_MAX:1.510e-02, P_mean+-std:2.368e-02+-4.209e-03, Q_mean+-std:9.042e-03+-3.134e-03, P_RMSE:9.413e-03, Q_RMSE:3.116e-03, Success rate (<0.1):1.000000, Success rate (<0.01):0.000000, Success rate (<0.001):0.000000
X=[1.8,2.0], PQ=[1.8,2.0]: count:10, ill:0, Ang_MAX:1.776701e-01, Vol_MAX:4.844368e-03, Ang_mean+-std:8.198025e-02+-5.207396e-02, Vol_mean+-std:2.202231e-03+-1.152621e-03, P_MAX:5.365e-02, Q_MAX:1.254e-02, P_mean+-std:3.215e-02+-1.296e-02, Q_mean+-std:1.002e-02+-2.187e-03, P_RMSE:1.326e-02, Q_RMSE:3.532e-03, Success rate (<0.1):1.000000, Success rate (<0.01):0.000000, Success rate (<0.001):0.000000

===== Region Mismatch Summary =====
Region & Samples & Avg. mismatch & Worst mismatch & Success rate (<0.1) & Success rate (<0.01) & Success rate (<0.001) 
ID & 1000 & 1.067348e-02 & 4.776120e-02 & 1.000000 & 0.582000 & 0.000000 
OOD-X & 1000 & 1.071719e-02 & 4.372344e-02 & 1.000000 & 0.574000 & 0.000000 
OOD-PQ & 1000 & 2.687076e-02 & 7.937440e-02 & 1.000000 & 0.014000 & 0.000000 
OOD-X+PQ & 1000 & 2.567601e-02 & 7.775933e-02 & 1.000000 & 0.011000 & 0.000000 
Heatmap CSV saved: D:\Software\Python_Code\Slover\TGN\ckpt\ieee118.csv
Testing ill-conditioned: running success metrics

===== Ill-Conditioned Test Summary =====
Samples & Maximal mismatch & Minimal mismatch & Avg. mismatch & Success rate (<0.1) & Success rate (<0.01) & Avg. mismatch With N-R PF refine (success-only) & Success rate With N-R PF refine & Average N-R PF Iteration time
100 & 3.676382e-02 & 5.175806e-03 & 1.768807e-02 & 1.000000 & 0.130000 & N/A & 0.000000 & N/A

Raw TGN voltage accuracy on all comparable ill-conditioned samples (not N-R success-only):
reference=100, evaluated=100, prediction_failures=0, finite_coverage=1.000000
Eq.(22) Vm RMSE=2.144787e-04 p.u., wrapped Va RMSE=2.398610e-02 rad, Vm Pearson r=0.999957, wrapped Va Pearson r=0.984178
Ill-conditioned mismatch CSV saved: D:\Software\Python_Code\Slover\TGN\ckpt\IEEE_118_ill.csv
