Log file           : D:\Software\Python_Code\Slover\TGN\ckpt\ieee14_TGN_best.pt.log
Using device       : cuda
Data directory     : D:\Software\Python_Code\Slover\Data\IEEE_14
Model              : Typed Graph Network power-flow solver
TGN configuration  : T=15, L=2, d=16
Decoder init       : tiny
Trainable params   : 89805
Graph              : buses=14, branches=20, PV=4, PQ=9
Checkpoint         : D:\Software\Python_Code\Slover\TGN\ckpt\ieee14_TGN_best.pt
Dataset sizes      : train=36000, val=4000, heatmap_test=4000, ill_test=100
Batch sizes        : train=512, test=512
Optimizer          : Adam(lr=1.000e-04, weight_decay=0.000e+00)
LR schedule        : reduce after 20 bad epochs (factor=0.5, min_lr=1.000e-06)
Gradient clipping  : global norm=1.000e+00 (<=0 disables clipping)
Explosion recovery : factor>100, max_recoveries=5, enabled=True
Training protocol  : v3/paper_lr_clip_recovery_plateau_v3
Training objective : unsupervised AC power-balance MSE (paper Eq. 21)
Load trained model : True
Checkpoint status  : checkpoint does not exist
A compatible checkpoint was not found; start training: D:\Software\Python_Code\Slover\TGN\ckpt\ieee14_TGN_best.pt
Epoch 0001/2000 | lr=1.000e-04 | train loss=6.961210e-02 | val loss=2.792677e-02 | max raw grad norm=1.996978e+01 | time=19.26s
🟩 Saved best checkpoint atomically: D:\Software\Python_Code\Slover\TGN\ckpt\ieee14_TGN_best.pt
Epoch 0002/2000 | lr=1.000e-04 | train loss=9.934693e-03 | val loss=3.371895e-03 | max raw grad norm=7.825027e-01 | time=18.08s
🟩 Saved best checkpoint atomically: D:\Software\Python_Code\Slover\TGN\ckpt\ieee14_TGN_best.pt
Epoch 0003/2000 | lr=1.000e-04 | train loss=2.718210e-03 | val loss=2.190813e-03 | max raw grad norm=5.522637e-01 | time=17.69s
🟩 Saved best checkpoint atomically: D:\Software\Python_Code\Slover\TGN\ckpt\ieee14_TGN_best.pt
Epoch 0004/2000 | lr=1.000e-04 | train loss=1.815414e-03 | val loss=1.428335e-03 | max raw grad norm=5.509291e-01 | time=17.73s
🟩 Saved best checkpoint atomically: D:\Software\Python_Code\Slover\TGN\ckpt\ieee14_TGN_best.pt
Epoch 0005/2000 | lr=1.000e-04 | train loss=1.152056e-03 | val loss=8.857890e-04 | max raw grad norm=4.450905e-01 | time=17.46s
🟩 Saved best checkpoint atomically: D:\Software\Python_Code\Slover\TGN\ckpt\ieee14_TGN_best.pt
Epoch 0006/2000 | lr=1.000e-04 | train loss=7.427193e-04 | val loss=6.166510e-04 | max raw grad norm=3.835477e-01 | time=17.51s
🟩 Saved best checkpoint atomically: D:\Software\Python_Code\Slover\TGN\ckpt\ieee14_TGN_best.pt
Epoch 0007/2000 | lr=1.000e-04 | train loss=5.658494e-04 | val loss=5.114405e-04 | max raw grad norm=4.552456e-01 | time=17.29s
🟩 Saved best checkpoint atomically: D:\Software\Python_Code\Slover\TGN\ckpt\ieee14_TGN_best.pt
Epoch 0008/2000 | lr=1.000e-04 | train loss=4.882629e-04 | val loss=4.825449e-04 | max raw grad norm=3.924111e-01 | time=17.49s
🟩 Saved best checkpoint atomically: D:\Software\Python_Code\Slover\TGN\ckpt\ieee14_TGN_best.pt
Epoch 0009/2000 | lr=1.000e-04 | train loss=4.405478e-04 | val loss=4.103841e-04 | max raw grad norm=3.848651e-01 | time=17.38s
🟩 Saved best checkpoint atomically: D:\Software\Python_Code\Slover\TGN\ckpt\ieee14_TGN_best.pt
Epoch 0010/2000 | lr=1.000e-04 | train loss=3.973354e-04 | val loss=3.722371e-04 | max raw grad norm=1.278881e-01 | time=17.48s
🟩 Saved best checkpoint atomically: D:\Software\Python_Code\Slover\TGN\ckpt\ieee14_TGN_best.pt
Epoch 0011/2000 | lr=1.000e-04 | train loss=3.639946e-04 | val loss=3.423051e-04 | max raw grad norm=2.536633e-01 | time=17.49s
🟩 Saved best checkpoint atomically: D:\Software\Python_Code\Slover\TGN\ckpt\ieee14_TGN_best.pt
Epoch 0012/2000 | lr=1.000e-04 | train loss=3.322752e-04 | val loss=3.106891e-04 | max raw grad norm=2.024541e-01 | time=17.40s
🟩 Saved best checkpoint atomically: D:\Software\Python_Code\Slover\TGN\ckpt\ieee14_TGN_best.pt
Epoch 0013/2000 | lr=1.000e-04 | train loss=3.025374e-04 | val loss=2.820736e-04 | max raw grad norm=1.691605e-01 | time=17.26s
🟩 Saved best checkpoint atomically: D:\Software\Python_Code\Slover\TGN\ckpt\ieee14_TGN_best.pt
Epoch 0014/2000 | lr=1.000e-04 | train loss=2.755146e-04 | val loss=2.584889e-04 | max raw grad norm=1.589709e-01 | time=17.42s
🟩 Saved best checkpoint atomically: D:\Software\Python_Code\Slover\TGN\ckpt\ieee14_TGN_best.pt
Epoch 0015/2000 | lr=1.000e-04 | train loss=2.505488e-04 | val loss=2.376554e-04 | max raw grad norm=1.160685e-01 | time=17.43s
🟩 Saved best checkpoint atomically: D:\Software\Python_Code\Slover\TGN\ckpt\ieee14_TGN_best.pt
Epoch 0016/2000 | lr=1.000e-04 | train loss=2.294927e-04 | val loss=2.142896e-04 | max raw grad norm=1.155761e-01 | time=17.37s
🟩 Saved best checkpoint atomically: D:\Software\Python_Code\Slover\TGN\ckpt\ieee14_TGN_best.pt
Epoch 0017/2000 | lr=1.000e-04 | train loss=2.086716e-04 | val loss=1.946363e-04 | max raw grad norm=1.186640e-01 | time=17.93s
🟩 Saved best checkpoint atomically: D:\Software\Python_Code\Slover\TGN\ckpt\ieee14_TGN_best.pt
Epoch 0018/2000 | lr=1.000e-04 | train loss=1.897919e-04 | val loss=1.769029e-04 | max raw grad norm=1.119074e-01 | time=17.62s
🟩 Saved best checkpoint atomically: D:\Software\Python_Code\Slover\TGN\ckpt\ieee14_TGN_best.pt
Epoch 0019/2000 | lr=1.000e-04 | train loss=1.733994e-04 | val loss=1.628551e-04 | max raw grad norm=1.119556e-01 | time=17.47s
🟩 Saved best checkpoint atomically: D:\Software\Python_Code\Slover\TGN\ckpt\ieee14_TGN_best.pt
Epoch 0020/2000 | lr=1.000e-04 | train loss=1.597322e-04 | val loss=1.485635e-04 | max raw grad norm=2.155802e-01 | time=18.04s
🟩 Saved best checkpoint atomically: D:\Software\Python_Code\Slover\TGN\ckpt\ieee14_TGN_best.pt
Epoch 0021/2000 | lr=1.000e-04 | train loss=1.452969e-04 | val loss=1.398604e-04 | max raw grad norm=1.405583e-01 | time=17.18s
🔘 No improvement (1/40) | best val=1.485635e-04
Epoch 0022/2000 | lr=1.000e-04 | train loss=1.353666e-04 | val loss=1.380581e-04 | max raw grad norm=2.617177e-01 | time=17.51s
🟩 Saved best checkpoint atomically: D:\Software\Python_Code\Slover\TGN\ckpt\ieee14_TGN_best.pt
Epoch 0023/2000 | lr=1.000e-04 | train loss=1.218310e-04 | val loss=1.153611e-04 | max raw grad norm=1.984696e-01 | time=17.51s
🟩 Saved best checkpoint atomically: D:\Software\Python_Code\Slover\TGN\ckpt\ieee14_TGN_best.pt
Epoch 0024/2000 | lr=1.000e-04 | train loss=1.140793e-04 | val loss=1.087284e-04 | max raw grad norm=1.741670e-01 | time=17.38s
🔘 No improvement (1/40) | best val=1.153611e-04
Epoch 0025/2000 | lr=1.000e-04 | train loss=1.047231e-04 | val loss=9.503589e-05 | max raw grad norm=2.010806e-01 | time=17.64s
🟩 Saved best checkpoint atomically: D:\Software\Python_Code\Slover\TGN\ckpt\ieee14_TGN_best.pt
Epoch 0026/2000 | lr=1.000e-04 | train loss=9.449941e-05 | val loss=9.042217e-05 | max raw grad norm=1.418443e-01 | time=17.21s
🔘 No improvement (1/40) | best val=9.503589e-05
Epoch 0027/2000 | lr=1.000e-04 | train loss=9.052024e-05 | val loss=8.012669e-05 | max raw grad norm=3.118977e-01 | time=17.46s
🟩 Saved best checkpoint atomically: D:\Software\Python_Code\Slover\TGN\ckpt\ieee14_TGN_best.pt
Epoch 0028/2000 | lr=1.000e-04 | train loss=8.044057e-05 | val loss=7.989401e-05 | max raw grad norm=1.602950e-01 | time=17.58s
🔘 No improvement (1/40) | best val=8.012669e-05
Epoch 0029/2000 | lr=1.000e-04 | train loss=7.257917e-05 | val loss=8.107143e-05 | max raw grad norm=1.738100e-01 | time=17.82s
🔘 No improvement (2/40) | best val=8.012669e-05
Epoch 0030/2000 | lr=1.000e-04 | train loss=6.809020e-05 | val loss=6.919275e-05 | max raw grad norm=2.130140e-01 | time=17.50s
🟩 Saved best checkpoint atomically: D:\Software\Python_Code\Slover\TGN\ckpt\ieee14_TGN_best.pt
Epoch 0031/2000 | lr=1.000e-04 | train loss=6.376544e-05 | val loss=6.285725e-05 | max raw grad norm=2.224283e-01 | time=17.51s
🔘 No improvement (1/40) | best val=6.919275e-05
Epoch 0032/2000 | lr=1.000e-04 | train loss=6.045126e-05 | val loss=5.554147e-05 | max raw grad norm=2.116747e-01 | time=17.55s
🟩 Saved best checkpoint atomically: D:\Software\Python_Code\Slover\TGN\ckpt\ieee14_TGN_best.pt
Epoch 0033/2000 | lr=1.000e-04 | train loss=5.849230e-05 | val loss=5.530883e-05 | max raw grad norm=2.078537e-01 | time=17.23s
🔘 No improvement (1/40) | best val=5.554147e-05
Epoch 0034/2000 | lr=1.000e-04 | train loss=5.742380e-05 | val loss=5.272339e-05 | max raw grad norm=1.784836e-01 | time=17.47s
🔘 No improvement (2/40) | best val=5.554147e-05
Epoch 0035/2000 | lr=1.000e-04 | train loss=5.667735e-05 | val loss=6.057700e-05 | max raw grad norm=2.490294e-01 | time=17.54s
🔘 No improvement (3/40) | best val=5.554147e-05
Epoch 0036/2000 | lr=1.000e-04 | train loss=5.320416e-05 | val loss=5.051531e-05 | max raw grad norm=1.556421e-01 | time=17.70s
🔘 No improvement (4/40) | best val=5.554147e-05
Epoch 0037/2000 | lr=1.000e-04 | train loss=5.157915e-05 | val loss=5.007668e-05 | max raw grad norm=8.452991e-02 | time=17.94s
🔘 No improvement (5/40) | best val=5.554147e-05
Epoch 0038/2000 | lr=1.000e-04 | train loss=5.521500e-05 | val loss=5.121596e-05 | max raw grad norm=2.273334e-01 | time=18.13s
🔘 No improvement (6/40) | best val=5.554147e-05
Epoch 0039/2000 | lr=1.000e-04 | train loss=5.115581e-05 | val loss=4.859904e-05 | max raw grad norm=1.124697e-01 | time=17.92s
🔘 No improvement (7/40) | best val=5.554147e-05
Epoch 0040/2000 | lr=1.000e-04 | train loss=5.003955e-05 | val loss=4.832613e-05 | max raw grad norm=1.106416e-01 | time=17.78s
🔘 No improvement (8/40) | best val=5.554147e-05
Epoch 0041/2000 | lr=1.000e-04 | train loss=5.329784e-05 | val loss=4.802591e-05 | max raw grad norm=2.159964e-01 | time=18.26s
🔘 No improvement (9/40) | best val=5.554147e-05
Epoch 0042/2000 | lr=1.000e-04 | train loss=4.926324e-05 | val loss=5.085939e-05 | max raw grad norm=1.160445e-01 | time=18.10s
🔘 No improvement (10/40) | best val=5.554147e-05
Epoch 0043/2000 | lr=1.000e-04 | train loss=5.109806e-05 | val loss=6.993804e-05 | max raw grad norm=2.959982e-01 | time=18.11s
🔘 No improvement (11/40) | best val=5.554147e-05
Epoch 0044/2000 | lr=1.000e-04 | train loss=5.212241e-05 | val loss=4.589148e-05 | max raw grad norm=2.440394e-01 | time=17.86s
🔘 No improvement (12/40) | best val=5.554147e-05
Epoch 0045/2000 | lr=1.000e-04 | train loss=4.724087e-05 | val loss=4.550948e-05 | max raw grad norm=1.075959e-01 | time=17.75s
🟩 Saved best checkpoint atomically: D:\Software\Python_Code\Slover\TGN\ckpt\ieee14_TGN_best.pt
Epoch 0046/2000 | lr=1.000e-04 | train loss=4.710609e-05 | val loss=4.734233e-05 | max raw grad norm=1.072822e-01 | time=17.62s
🔘 No improvement (1/40) | best val=4.550948e-05
Epoch 0047/2000 | lr=1.000e-04 | train loss=4.950601e-05 | val loss=4.622661e-05 | max raw grad norm=1.837331e-01 | time=17.66s
🔘 No improvement (2/40) | best val=4.550948e-05
Epoch 0048/2000 | lr=1.000e-04 | train loss=4.835141e-05 | val loss=4.518194e-05 | max raw grad norm=1.639036e-01 | time=18.24s
🔘 No improvement (3/40) | best val=4.550948e-05
Epoch 0049/2000 | lr=1.000e-04 | train loss=4.894828e-05 | val loss=4.889200e-05 | max raw grad norm=2.601449e-01 | time=17.83s
🔘 No improvement (4/40) | best val=4.550948e-05
Epoch 0050/2000 | lr=1.000e-04 | train loss=4.680441e-05 | val loss=4.311415e-05 | max raw grad norm=1.674725e-01 | time=18.18s
🔘 No improvement (5/40) | best val=4.550948e-05
Epoch 0051/2000 | lr=1.000e-04 | train loss=4.630028e-05 | val loss=4.374322e-05 | max raw grad norm=2.038138e-01 | time=18.06s
🔘 No improvement (6/40) | best val=4.550948e-05
Epoch 0052/2000 | lr=1.000e-04 | train loss=4.383028e-05 | val loss=4.267728e-05 | max raw grad norm=7.135715e-02 | time=17.97s
🔘 No improvement (7/40) | best val=4.550948e-05
Epoch 0053/2000 | lr=1.000e-04 | train loss=4.558502e-05 | val loss=4.229541e-05 | max raw grad norm=1.408341e-01 | time=18.07s
🔘 No improvement (8/40) | best val=4.550948e-05
Epoch 0054/2000 | lr=1.000e-04 | train loss=4.499337e-05 | val loss=6.060568e-05 | max raw grad norm=1.876139e-01 | time=18.09s
🔘 No improvement (9/40) | best val=4.550948e-05
Epoch 0055/2000 | lr=1.000e-04 | train loss=4.489740e-05 | val loss=4.270180e-05 | max raw grad norm=2.066904e-01 | time=17.75s
🔘 No improvement (10/40) | best val=4.550948e-05
Epoch 0056/2000 | lr=1.000e-04 | train loss=4.542628e-05 | val loss=4.703883e-05 | max raw grad norm=1.453973e-01 | time=17.65s
🔘 No improvement (11/40) | best val=4.550948e-05
Epoch 0057/2000 | lr=1.000e-04 | train loss=4.391685e-05 | val loss=4.141833e-05 | max raw grad norm=1.799252e-01 | time=17.84s
🔘 No improvement (12/40) | best val=4.550948e-05
Epoch 0058/2000 | lr=1.000e-04 | train loss=4.233325e-05 | val loss=3.990305e-05 | max raw grad norm=1.005479e-01 | time=18.07s
🔘 No improvement (13/40) | best val=4.550948e-05
Epoch 0059/2000 | lr=1.000e-04 | train loss=4.379883e-05 | val loss=4.052933e-05 | max raw grad norm=1.926618e-01 | time=17.95s
🔘 No improvement (14/40) | best val=4.550948e-05
Epoch 0060/2000 | lr=1.000e-04 | train loss=4.253937e-05 | val loss=3.937372e-05 | max raw grad norm=1.345030e-01 | time=17.82s
🔘 No improvement (15/40) | best val=4.550948e-05
Epoch 0061/2000 | lr=1.000e-04 | train loss=4.209007e-05 | val loss=3.903254e-05 | max raw grad norm=1.815379e-01 | time=17.95s
🔘 No improvement (16/40) | best val=4.550948e-05
Epoch 0062/2000 | lr=1.000e-04 | train loss=4.331453e-05 | val loss=4.123957e-05 | max raw grad norm=1.998242e-01 | time=17.90s
🔘 No improvement (17/40) | best val=4.550948e-05
Epoch 0063/2000 | lr=1.000e-04 | train loss=4.054046e-05 | val loss=4.014232e-05 | max raw grad norm=9.870242e-02 | time=17.66s
🔘 No improvement (18/40) | best val=4.550948e-05
Epoch 0064/2000 | lr=1.000e-04 | train loss=4.419266e-05 | val loss=4.039025e-05 | max raw grad norm=2.040793e-01 | time=18.15s
🔘 No improvement (19/40) | best val=4.550948e-05
Epoch 0065/2000 | lr=1.000e-04 | train loss=4.181316e-05 | val loss=3.783026e-05 | max raw grad norm=1.472274e-01 | time=17.75s
🔻 LR reduced: 1.000e-04 -> 5.000e-05; no-improvement count preserved.
🔘 No improvement (20/40) | best val=4.550948e-05
Epoch 0066/2000 | lr=5.000e-05 | train loss=3.840059e-05 | val loss=3.745950e-05 | max raw grad norm=2.234221e-02 | time=17.83s
🔘 No improvement (21/40) | best val=4.550948e-05
Epoch 0067/2000 | lr=5.000e-05 | train loss=3.821043e-05 | val loss=3.733023e-05 | max raw grad norm=1.536345e-02 | time=17.64s
🔘 No improvement (22/40) | best val=4.550948e-05
Epoch 0068/2000 | lr=5.000e-05 | train loss=3.809126e-05 | val loss=3.711426e-05 | max raw grad norm=3.016231e-02 | time=17.90s
🔘 No improvement (23/40) | best val=4.550948e-05
Epoch 0069/2000 | lr=5.000e-05 | train loss=3.789849e-05 | val loss=3.706843e-05 | max raw grad norm=1.789003e-02 | time=18.35s
🔘 No improvement (24/40) | best val=4.550948e-05
Epoch 0070/2000 | lr=5.000e-05 | train loss=3.783641e-05 | val loss=3.685122e-05 | max raw grad norm=1.906911e-02 | time=17.68s
🔘 No improvement (25/40) | best val=4.550948e-05
Epoch 0071/2000 | lr=5.000e-05 | train loss=3.763038e-05 | val loss=3.679483e-05 | max raw grad norm=2.305341e-02 | time=17.80s
🔘 No improvement (26/40) | best val=4.550948e-05
Epoch 0072/2000 | lr=5.000e-05 | train loss=3.750822e-05 | val loss=3.660442e-05 | max raw grad norm=3.167121e-02 | time=17.94s
🔘 No improvement (27/40) | best val=4.550948e-05
Epoch 0073/2000 | lr=5.000e-05 | train loss=3.730026e-05 | val loss=3.638482e-05 | max raw grad norm=1.933428e-02 | time=18.09s
🔘 No improvement (28/40) | best val=4.550948e-05
Epoch 0074/2000 | lr=5.000e-05 | train loss=3.708661e-05 | val loss=3.627384e-05 | max raw grad norm=2.147529e-02 | time=18.10s
🔘 No improvement (29/40) | best val=4.550948e-05
Epoch 0075/2000 | lr=5.000e-05 | train loss=3.690752e-05 | val loss=3.609688e-05 | max raw grad norm=1.907103e-02 | time=17.69s
🔘 No improvement (30/40) | best val=4.550948e-05
Epoch 0076/2000 | lr=5.000e-05 | train loss=3.677944e-05 | val loss=3.590438e-05 | max raw grad norm=2.632312e-02 | time=17.79s
🔘 No improvement (31/40) | best val=4.550948e-05
Epoch 0077/2000 | lr=5.000e-05 | train loss=3.667411e-05 | val loss=3.623910e-05 | max raw grad norm=3.703218e-02 | time=17.83s
🔘 No improvement (32/40) | best val=4.550948e-05
Epoch 0078/2000 | lr=5.000e-05 | train loss=3.674530e-05 | val loss=3.547479e-05 | max raw grad norm=5.448372e-02 | time=17.76s
🟩 Saved best checkpoint atomically: D:\Software\Python_Code\Slover\TGN\ckpt\ieee14_TGN_best.pt
Epoch 0079/2000 | lr=5.000e-05 | train loss=3.624011e-05 | val loss=3.541558e-05 | max raw grad norm=3.523658e-02 | time=17.40s
🔘 No improvement (1/40) | best val=3.547479e-05
Epoch 0080/2000 | lr=5.000e-05 | train loss=3.610554e-05 | val loss=3.529289e-05 | max raw grad norm=3.146978e-02 | time=17.78s
🔘 No improvement (2/40) | best val=3.547479e-05
Epoch 0081/2000 | lr=5.000e-05 | train loss=3.587926e-05 | val loss=3.532783e-05 | max raw grad norm=2.525298e-02 | time=17.42s
🔘 No improvement (3/40) | best val=3.547479e-05
Epoch 0082/2000 | lr=5.000e-05 | train loss=3.576882e-05 | val loss=3.471487e-05 | max raw grad norm=4.376197e-02 | time=17.57s
🔘 No improvement (4/40) | best val=3.547479e-05
Epoch 0083/2000 | lr=5.000e-05 | train loss=3.555036e-05 | val loss=3.506042e-05 | max raw grad norm=4.362562e-02 | time=18.00s
🔘 No improvement (5/40) | best val=3.547479e-05
Epoch 0084/2000 | lr=5.000e-05 | train loss=3.539062e-05 | val loss=3.458314e-05 | max raw grad norm=4.552202e-02 | time=17.77s
🔘 No improvement (6/40) | best val=3.547479e-05
Epoch 0085/2000 | lr=5.000e-05 | train loss=3.553003e-05 | val loss=3.514568e-05 | max raw grad norm=9.004872e-02 | time=18.00s
🔘 No improvement (7/40) | best val=3.547479e-05
Epoch 0086/2000 | lr=5.000e-05 | train loss=3.498660e-05 | val loss=3.390219e-05 | max raw grad norm=4.508413e-02 | time=17.85s
🔘 No improvement (8/40) | best val=3.547479e-05
Epoch 0087/2000 | lr=5.000e-05 | train loss=3.532750e-05 | val loss=3.418406e-05 | max raw grad norm=8.262441e-02 | time=17.81s
🔘 No improvement (9/40) | best val=3.547479e-05
Epoch 0088/2000 | lr=5.000e-05 | train loss=3.507123e-05 | val loss=3.489058e-05 | max raw grad norm=8.091225e-02 | time=17.70s
🔘 No improvement (10/40) | best val=3.547479e-05
Epoch 0089/2000 | lr=5.000e-05 | train loss=3.441709e-05 | val loss=3.364890e-05 | max raw grad norm=5.112461e-02 | time=17.75s
🔘 No improvement (11/40) | best val=3.547479e-05
Epoch 0090/2000 | lr=5.000e-05 | train loss=3.425342e-05 | val loss=3.311541e-05 | max raw grad norm=6.759827e-02 | time=18.10s
🔘 No improvement (12/40) | best val=3.547479e-05
Epoch 0091/2000 | lr=5.000e-05 | train loss=3.390189e-05 | val loss=3.293932e-05 | max raw grad norm=4.826586e-02 | time=17.67s
🔘 No improvement (13/40) | best val=3.547479e-05
Epoch 0092/2000 | lr=5.000e-05 | train loss=3.407697e-05 | val loss=3.295924e-05 | max raw grad norm=9.822001e-02 | time=17.80s
🔘 No improvement (14/40) | best val=3.547479e-05
Epoch 0093/2000 | lr=5.000e-05 | train loss=3.442003e-05 | val loss=3.228434e-05 | max raw grad norm=1.032873e-01 | time=17.93s
🔘 No improvement (15/40) | best val=3.547479e-05
Epoch 0094/2000 | lr=5.000e-05 | train loss=3.359185e-05 | val loss=3.291504e-05 | max raw grad norm=7.033344e-02 | time=17.64s
🔘 No improvement (16/40) | best val=3.547479e-05
Epoch 0095/2000 | lr=5.000e-05 | train loss=3.359244e-05 | val loss=3.176963e-05 | max raw grad norm=1.008843e-01 | time=17.91s
🔘 No improvement (17/40) | best val=3.547479e-05
Epoch 0096/2000 | lr=5.000e-05 | train loss=3.338121e-05 | val loss=3.335863e-05 | max raw grad norm=9.629414e-02 | time=18.25s
🔘 No improvement (18/40) | best val=3.547479e-05
Epoch 0097/2000 | lr=5.000e-05 | train loss=3.259876e-05 | val loss=3.136561e-05 | max raw grad norm=6.302737e-02 | time=18.00s
🔘 No improvement (19/40) | best val=3.547479e-05
Epoch 0098/2000 | lr=5.000e-05 | train loss=3.272004e-05 | val loss=3.311695e-05 | max raw grad norm=9.314039e-02 | time=17.72s
🔻 LR reduced: 5.000e-05 -> 2.500e-05; no-improvement count preserved.
🔘 No improvement (20/40) | best val=3.547479e-05
Epoch 0099/2000 | lr=2.500e-05 | train loss=3.167438e-05 | val loss=3.075165e-05 | max raw grad norm=5.459812e-02 | time=17.62s
🔘 No improvement (21/40) | best val=3.547479e-05
Epoch 0100/2000 | lr=2.500e-05 | train loss=3.143944e-05 | val loss=3.064419e-05 | max raw grad norm=2.410038e-02 | time=18.03s
🔘 No improvement (22/40) | best val=3.547479e-05
Epoch 0101/2000 | lr=2.500e-05 | train loss=3.126438e-05 | val loss=3.069363e-05 | max raw grad norm=1.826518e-02 | time=17.45s
🔘 No improvement (23/40) | best val=3.547479e-05
Epoch 0102/2000 | lr=2.500e-05 | train loss=3.110913e-05 | val loss=3.053030e-05 | max raw grad norm=1.887917e-02 | time=17.48s
🔘 No improvement (24/40) | best val=3.547479e-05
Epoch 0103/2000 | lr=2.500e-05 | train loss=3.094535e-05 | val loss=3.028761e-05 | max raw grad norm=1.694923e-02 | time=17.70s
🔘 No improvement (25/40) | best val=3.547479e-05
Epoch 0104/2000 | lr=2.500e-05 | train loss=3.079044e-05 | val loss=3.001489e-05 | max raw grad norm=2.335862e-02 | time=18.02s
🔘 No improvement (26/40) | best val=3.547479e-05
Epoch 0105/2000 | lr=2.500e-05 | train loss=3.067368e-05 | val loss=2.989270e-05 | max raw grad norm=1.956371e-02 | time=17.68s
🔘 No improvement (27/40) | best val=3.547479e-05
Epoch 0106/2000 | lr=2.500e-05 | train loss=3.045821e-05 | val loss=2.965753e-05 | max raw grad norm=1.524907e-02 | time=17.98s
🔘 No improvement (28/40) | best val=3.547479e-05
Epoch 0107/2000 | lr=2.500e-05 | train loss=3.032747e-05 | val loss=2.955873e-05 | max raw grad norm=2.070493e-02 | time=17.91s
🔘 No improvement (29/40) | best val=3.547479e-05
Epoch 0108/2000 | lr=2.500e-05 | train loss=3.019375e-05 | val loss=2.937249e-05 | max raw grad norm=2.518910e-02 | time=17.66s
🔘 No improvement (30/40) | best val=3.547479e-05
Epoch 0109/2000 | lr=2.500e-05 | train loss=3.002176e-05 | val loss=2.923790e-05 | max raw grad norm=2.147393e-02 | time=17.81s
🔘 No improvement (31/40) | best val=3.547479e-05
Epoch 0110/2000 | lr=2.500e-05 | train loss=2.982025e-05 | val loss=2.906586e-05 | max raw grad norm=2.303556e-02 | time=17.97s
🔘 No improvement (32/40) | best val=3.547479e-05
Epoch 0111/2000 | lr=2.500e-05 | train loss=2.968463e-05 | val loss=2.884949e-05 | max raw grad norm=2.795044e-02 | time=17.70s
🔘 No improvement (33/40) | best val=3.547479e-05
Epoch 0112/2000 | lr=2.500e-05 | train loss=2.949194e-05 | val loss=2.867746e-05 | max raw grad norm=2.495695e-02 | time=17.59s
🔘 No improvement (34/40) | best val=3.547479e-05
Epoch 0113/2000 | lr=2.500e-05 | train loss=2.932770e-05 | val loss=2.852057e-05 | max raw grad norm=3.792775e-02 | time=18.08s
🔘 No improvement (35/40) | best val=3.547479e-05
Epoch 0114/2000 | lr=2.500e-05 | train loss=2.915363e-05 | val loss=2.833735e-05 | max raw grad norm=5.099377e-02 | time=17.82s
🔘 No improvement (36/40) | best val=3.547479e-05
Epoch 0115/2000 | lr=2.500e-05 | train loss=2.894179e-05 | val loss=2.861927e-05 | max raw grad norm=2.009334e-02 | time=17.82s
🔘 No improvement (37/40) | best val=3.547479e-05
Epoch 0116/2000 | lr=2.500e-05 | train loss=2.892664e-05 | val loss=2.803261e-05 | max raw grad norm=3.662034e-02 | time=17.54s
🔘 No improvement (38/40) | best val=3.547479e-05
Epoch 0117/2000 | lr=2.500e-05 | train loss=2.868959e-05 | val loss=2.807602e-05 | max raw grad norm=4.293780e-02 | time=17.61s
🔘 No improvement (39/40) | best val=3.547479e-05
Epoch 0118/2000 | lr=2.500e-05 | train loss=2.835644e-05 | val loss=2.759710e-05 | max raw grad norm=2.468139e-02 | time=17.64s
🔘 No improvement (40/40) | best val=3.547479e-05
Early stopping
Loading checkpoint : D:\Software\Python_Code\Slover\TGN\ckpt\ieee14_TGN_best.pt
Checkpoint loaded  : OK (version=3, protocol=paper_lr_clip_recovery_plateau_v3, epoch=78)
Testing summary    : running full metrics

===== test metrics (tol=0.001) =====
samples                         : 4000
mean max |dP| over non-slack    : 5.507935e-03
worst max |dP| over non-slack   : 3.389101e-02
mean max |dQ| over PQ           : 3.927572e-03
worst max |dQ| over PQ          : 2.093621e-02
RMSE |dP| over non-slack        : 3.851111e-03
RMSE |dQ| over PQ               : 2.590464e-03
convergence rate                : 0.078500
Success rate (<0.1)             : 1.000000
Success rate (<0.01)            : 0.818000
Success rate (<0.001)           : 0.078500

===== Paper Eq. (22) Voltage Accuracy =====
valid N-R reference samples     : 4000
finite prediction samples       : 4000
non-finite prediction failures  : 0
prediction finite coverage      : 1.000000
voltage magnitude RMSE (p.u.)   : 6.681147e-04
voltage phase RMSE (rad)        : 6.159382e-03
voltage magnitude correlation   : 0.999491
voltage phase correlation       : 0.996893
Test evaluation time             : 0.913375 s
Testing heatmap    : running cell metrics

===== Batch Full-Test Summary By Heatmap Cell =====
X=[-2.0,-1.8], PQ=[-2.0,-1.8]: count:10, ill:0, Ang_MAX:2.016741e-02, Vol_MAX:2.537489e-03, Ang_mean+-std:9.841986e-03+-6.046060e-03, Vol_mean+-std:1.762688e-03+-5.745394e-04, P_MAX:1.827e-02, Q_MAX:1.095e-02, P_mean+-std:8.880e-03+-4.386e-03, Q_mean+-std:7.184e-03+-1.768e-03, P_RMSE:5.494e-03, Q_RMSE:3.695e-03, Success rate (<0.1):1.000000, Success rate (<0.01):0.500000, Success rate (<0.001):0.000000
X=[-2.0,-1.8], PQ=[-1.8,-1.6]: count:10, ill:0, Ang_MAX:2.285337e-02, Vol_MAX:1.955986e-03, Ang_mean+-std:1.002110e-02+-7.395669e-03, Vol_mean+-std:1.242185e-03+-5.223733e-04, P_MAX:1.858e-02, Q_MAX:1.042e-02, P_mean+-std:9.371e-03+-5.969e-03, Q_mean+-std:6.289e-03+-2.235e-03, P_RMSE:5.915e-03, Q_RMSE:3.491e-03, Success rate (<0.1):1.000000, Success rate (<0.01):0.500000, Success rate (<0.001):0.000000
X=[-2.0,-1.8], PQ=[-1.6,-1.4]: count:10, ill:0, Ang_MAX:9.967506e-03, Vol_MAX:2.990603e-03, Ang_mean+-std:4.078859e-03+-2.848839e-03, Vol_mean+-std:1.591122e-03+-8.088295e-04, P_MAX:9.138e-03, Q_MAX:1.041e-02, P_mean+-std:5.050e-03+-2.014e-03, Q_mean+-std:5.998e-03+-2.563e-03, P_RMSE:2.561e-03, Q_RMSE:3.435e-03, Success rate (<0.1):1.000000, Success rate (<0.01):0.900000, Success rate (<0.001):0.000000
X=[-2.0,-1.8], PQ=[-1.4,-1.2]: count:10, ill:0, Ang_MAX:1.611701e-02, Vol_MAX:3.710270e-03, Ang_mean+-std:7.284316e-03+-4.802621e-03, Vol_mean+-std:1.947773e-03+-1.085817e-03, P_MAX:1.370e-02, Q_MAX:9.849e-03, P_mean+-std:6.755e-03+-3.813e-03, Q_mean+-std:6.216e-03+-2.642e-03, P_RMSE:4.095e-03, Q_RMSE:3.670e-03, Success rate (<0.1):1.000000, Success rate (<0.01):0.800000, Success rate (<0.001):0.000000
X=[-2.0,-1.8], PQ=[-1.2,-1.0]: count:10, ill:0, Ang_MAX:1.001686e-02, Vol_MAX:2.309442e-03, Ang_mean+-std:4.480907e-03+-2.488102e-03, Vol_mean+-std:1.339674e-03+-5.459777e-04, P_MAX:8.300e-03, Q_MAX:6.506e-03, P_mean+-std:4.849e-03+-2.158e-03, Q_mean+-std:4.125e-03+-1.379e-03, P_RMSE:2.589e-03, Q_RMSE:2.170e-03, Success rate (<0.1):1.000000, Success rate (<0.01):1.000000, Success rate (<0.001):0.000000
X=[-2.0,-1.8], PQ=[-1.0,-0.8]: count:10, ill:0, Ang_MAX:1.222530e-02, Vol_MAX:2.287149e-03, Ang_mean+-std:5.049302e-03+-2.870404e-03, Vol_mean+-std:8.880019e-04+-5.863006e-04, P_MAX:8.584e-03, Q_MAX:5.864e-03, P_mean+-std:4.946e-03+-1.988e-03, Q_mean+-std:2.773e-03+-1.150e-03, P_RMSE:2.747e-03, Q_RMSE:1.470e-03, Success rate (<0.1):1.000000, Success rate (<0.01):1.000000, Success rate (<0.001):0.000000
X=[-2.0,-1.8], PQ=[-0.8,-0.6]: count:10, ill:0, Ang_MAX:7.617921e-03, Vol_MAX:1.325846e-03, Ang_mean+-std:2.803069e-03+-2.231853e-03, Vol_mean+-std:7.048488e-04+-3.803825e-04, P_MAX:7.125e-03, Q_MAX:4.525e-03, P_mean+-std:2.856e-03+-1.725e-03, Q_mean+-std:2.116e-03+-9.832e-04, P_RMSE:1.750e-03, Q_RMSE:1.155e-03, Success rate (<0.1):1.000000, Success rate (<0.01):1.000000, Success rate (<0.001):0.000000
X=[-2.0,-1.8], PQ=[-0.6,-0.4]: count:10, ill:0, Ang_MAX:7.620037e-03, Vol_MAX:1.108527e-03, Ang_mean+-std:3.776801e-03+-2.282054e-03, Vol_mean+-std:5.824447e-04+-3.152066e-04, P_MAX:5.947e-03, Q_MAX:2.958e-03, P_mean+-std:3.439e-03+-1.749e-03, Q_mean+-std:2.042e-03+-5.552e-04, P_RMSE:2.074e-03, Q_RMSE:1.109e-03, Success rate (<0.1):1.000000, Success rate (<0.01):1.000000, Success rate (<0.001):0.000000
X=[-2.0,-1.8], PQ=[-0.4,-0.2]: count:10, ill:0, Ang_MAX:4.039198e-03, Vol_MAX:8.548498e-04, Ang_mean+-std:1.994942e-03+-1.205251e-03, Vol_mean+-std:3.945708e-04+-2.556552e-04, P_MAX:3.137e-03, Q_MAX:2.607e-03, P_mean+-std:1.927e-03+-7.247e-04, Q_mean+-std:1.413e-03+-6.269e-04, P_RMSE:1.163e-03, Q_RMSE:8.836e-04, Success rate (<0.1):1.000000, Success rate (<0.01):1.000000, Success rate (<0.001):0.100000
X=[-2.0,-1.8], PQ=[-0.2,0.0]: count:10, ill:0, Ang_MAX:1.379639e-03, Vol_MAX:3.694296e-04, Ang_mean+-std:4.767999e-04+-3.774261e-04, Vol_mean+-std:1.773357e-04+-9.414792e-05, P_MAX:1.053e-03, Q_MAX:1.196e-03, P_mean+-std:7.825e-04+-1.926e-04, Q_mean+-std:6.889e-04+-2.444e-04, P_RMSE:4.138e-04, Q_RMSE:4.114e-04, Success rate (<0.1):1.000000, Success rate (<0.01):1.000000, Success rate (<0.001):0.500000
X=[-2.0,-1.8], PQ=[0.0,0.2]: count:10, ill:0, Ang_MAX:2.960622e-03, Vol_MAX:4.941225e-04, Ang_mean+-std:6.570667e-04+-8.224616e-04, Vol_mean+-std:2.171636e-04+-1.224281e-04, P_MAX:2.293e-03, Q_MAX:1.765e-03, P_mean+-std:9.883e-04+-4.695e-04, Q_mean+-std:8.292e-04+-3.816e-04, P_RMSE:5.981e-04, Q_RMSE:5.019e-04, Success rate (<0.1):1.000000, Success rate (<0.01):1.000000, Success rate (<0.001):0.500000
X=[-2.0,-1.8], PQ=[0.2,0.4]: count:10, ill:0, Ang_MAX:2.311766e-03, Vol_MAX:8.313656e-04, Ang_mean+-std:1.189259e-03+-6.280923e-04, Vol_mean+-std:4.642606e-04+-1.738246e-04, P_MAX:1.817e-03, Q_MAX:2.461e-03, P_mean+-std:1.395e-03+-3.305e-04, Q_mean+-std:1.552e-03+-5.575e-04, P_RMSE:7.636e-04, Q_RMSE:7.773e-04, Success rate (<0.1):1.000000, Success rate (<0.01):1.000000, Success rate (<0.001):0.000000
X=[-2.0,-1.8], PQ=[0.4,0.6]: count:10, ill:0, Ang_MAX:5.460948e-03, Vol_MAX:1.172781e-03, Ang_mean+-std:3.244391e-03+-1.273545e-03, Vol_mean+-std:4.847407e-04+-3.429387e-04, P_MAX:5.610e-03, Q_MAX:2.973e-03, P_mean+-std:2.985e-03+-1.313e-03, Q_mean+-std:1.793e-03+-7.261e-04, P_RMSE:1.707e-03, Q_RMSE:1.074e-03, Success rate (<0.1):1.000000, Success rate (<0.01):1.000000, Success rate (<0.001):0.000000
X=[-2.0,-1.8], PQ=[0.6,0.8]: count:10, ill:0, Ang_MAX:8.989930e-03, Vol_MAX:1.026034e-03, Ang_mean+-std:4.214820e-03+-2.545373e-03, Vol_mean+-std:6.824017e-04+-1.985146e-04, P_MAX:7.510e-03, Q_MAX:4.625e-03, P_mean+-std:3.881e-03+-2.045e-03, Q_mean+-std:2.970e-03+-8.942e-04, P_RMSE:2.336e-03, Q_RMSE:1.613e-03, Success rate (<0.1):1.000000, Success rate (<0.01):1.000000, Success rate (<0.001):0.000000
X=[-2.0,-1.8], PQ=[0.8,1.0]: count:10, ill:0, Ang_MAX:1.233715e-02, Vol_MAX:1.630902e-03, Ang_mean+-std:4.918651e-03+-3.861041e-03, Vol_mean+-std:8.557558e-04+-3.858590e-04, P_MAX:8.477e-03, Q_MAX:6.848e-03, P_mean+-std:5.283e-03+-2.124e-03, Q_mean+-std:3.506e-03+-1.237e-03, P_RMSE:3.056e-03, Q_RMSE:1.796e-03, Success rate (<0.1):1.000000, Success rate (<0.01):1.000000, Success rate (<0.001):0.000000
X=[-2.0,-1.8], PQ=[1.0,1.2]: count:10, ill:0, Ang_MAX:1.652288e-02, Vol_MAX:2.409458e-03, Ang_mean+-std:7.672644e-03+-4.272070e-03, Vol_mean+-std:1.374722e-03+-5.770478e-04, P_MAX:1.611e-02, Q_MAX:7.386e-03, P_mean+-std:6.990e-03+-3.693e-03, Q_mean+-std:4.377e-03+-1.443e-03, P_RMSE:4.201e-03, Q_RMSE:2.388e-03, Success rate (<0.1):1.000000, Success rate (<0.01):0.800000, Success rate (<0.001):0.000000
X=[-2.0,-1.8], PQ=[1.2,1.4]: count:10, ill:0, Ang_MAX:2.091685e-02, Vol_MAX:2.530217e-03, Ang_mean+-std:9.790307e-03+-5.350762e-03, Vol_mean+-std:1.328647e-03+-6.018389e-04, P_MAX:1.821e-02, Q_MAX:6.385e-03, P_mean+-std:8.639e-03+-4.450e-03, Q_mean+-std:4.530e-03+-1.169e-03, P_RMSE:5.250e-03, Q_RMSE:2.565e-03, Success rate (<0.1):1.000000, Success rate (<0.01):0.600000, Success rate (<0.001):0.000000
X=[-2.0,-1.8], PQ=[1.4,1.6]: count:10, ill:0, Ang_MAX:2.071103e-02, Vol_MAX:2.666235e-03, Ang_mean+-std:1.171390e-02+-5.568512e-03, Vol_mean+-std:1.413429e-03+-6.862526e-04, P_MAX:1.886e-02, Q_MAX:8.094e-03, P_mean+-std:1.002e-02+-4.599e-03, Q_mean+-std:4.718e-03+-1.826e-03, P_RMSE:6.094e-03, Q_RMSE:2.884e-03, Success rate (<0.1):1.000000, Success rate (<0.01):0.500000, Success rate (<0.001):0.000000
X=[-2.0,-1.8], PQ=[1.6,1.8]: count:10, ill:0, Ang_MAX:3.122070e-02, Vol_MAX:3.809929e-03, Ang_mean+-std:1.068700e-02+-8.341445e-03, Vol_mean+-std:1.794374e-03+-1.196135e-03, P_MAX:2.364e-02, Q_MAX:1.266e-02, P_mean+-std:9.804e-03+-5.605e-03, Q_mean+-std:7.140e-03+-3.584e-03, P_RMSE:6.354e-03, Q_RMSE:3.878e-03, Success rate (<0.1):1.000000, Success rate (<0.01):0.400000, Success rate (<0.001):0.000000
X=[-2.0,-1.8], PQ=[1.8,2.0]: count:10, ill:0, Ang_MAX:1.588467e-02, Vol_MAX:2.511978e-03, Ang_mean+-std:8.889602e-03+-5.785235e-03, Vol_mean+-std:1.487339e-03+-5.738234e-04, P_MAX:1.482e-02, Q_MAX:8.923e-03, P_mean+-std:8.586e-03+-3.788e-03, Q_mean+-std:5.841e-03+-1.959e-03, P_RMSE:5.061e-03, Q_RMSE:3.794e-03, Success rate (<0.1):1.000000, Success rate (<0.01):0.500000, Success rate (<0.001):0.000000
X=[-1.8,-1.6], PQ=[-2.0,-1.8]: count:10, ill:0, Ang_MAX:2.932614e-02, Vol_MAX:4.199147e-03, Ang_mean+-std:1.073785e-02+-9.536249e-03, Vol_mean+-std:2.214181e-03+-7.314705e-04, P_MAX:2.333e-02, Q_MAX:1.401e-02, P_mean+-std:1.050e-02+-6.305e-03, Q_mean+-std:8.617e-03+-2.934e-03, P_RMSE:6.774e-03, Q_RMSE:4.970e-03, Success rate (<0.1):1.000000, Success rate (<0.01):0.300000, Success rate (<0.001):0.000000
X=[-1.8,-1.6], PQ=[-1.8,-1.6]: count:10, ill:0, Ang_MAX:1.656675e-02, Vol_MAX:2.577662e-03, Ang_mean+-std:1.036275e-02+-3.788389e-03, Vol_mean+-std:1.486063e-03+-5.941516e-04, P_MAX:1.716e-02, Q_MAX:1.045e-02, P_mean+-std:9.075e-03+-3.385e-03, Q_mean+-std:6.720e-03+-2.320e-03, P_RMSE:5.213e-03, Q_RMSE:3.727e-03, Success rate (<0.1):1.000000, Success rate (<0.01):0.600000, Success rate (<0.001):0.000000
X=[-1.8,-1.6], PQ=[-1.6,-1.4]: count:10, ill:0, Ang_MAX:1.770738e-02, Vol_MAX:3.699064e-03, Ang_mean+-std:7.517634e-03+-5.458450e-03, Vol_mean+-std:1.717246e-03+-1.054405e-03, P_MAX:1.509e-02, Q_MAX:1.354e-02, P_mean+-std:7.191e-03+-3.817e-03, Q_mean+-std:6.910e-03+-2.696e-03, P_RMSE:4.336e-03, Q_RMSE:3.587e-03, Success rate (<0.1):1.000000, Success rate (<0.01):0.700000, Success rate (<0.001):0.000000
X=[-1.8,-1.6], PQ=[-1.4,-1.2]: count:10, ill:0, Ang_MAX:2.098018e-02, Vol_MAX:2.253532e-03, Ang_mean+-std:1.024077e-02+-6.406332e-03, Vol_mean+-std:1.502001e-03+-4.423072e-04, P_MAX:2.233e-02, Q_MAX:8.793e-03, P_mean+-std:9.330e-03+-5.807e-03, Q_mean+-std:5.434e-03+-2.086e-03, P_RMSE:5.705e-03, Q_RMSE:3.034e-03, Success rate (<0.1):1.000000, Success rate (<0.01):0.600000, Success rate (<0.001):0.000000
X=[-1.8,-1.6], PQ=[-1.2,-1.0]: count:10, ill:0, Ang_MAX:1.667511e-02, Vol_MAX:1.773715e-03, Ang_mean+-std:7.766595e-03+-4.768990e-03, Vol_mean+-std:9.008884e-04+-3.896733e-04, P_MAX:1.323e-02, Q_MAX:6.113e-03, P_mean+-std:6.805e-03+-3.468e-03, Q_mean+-std:3.702e-03+-1.417e-03, P_RMSE:4.241e-03, Q_RMSE:2.211e-03, Success rate (<0.1):1.000000, Success rate (<0.01):0.800000, Success rate (<0.001):0.000000
X=[-1.8,-1.6], PQ=[-1.0,-0.8]: count:10, ill:0, Ang_MAX:9.599626e-03, Vol_MAX:1.775622e-03, Ang_mean+-std:4.401329e-03+-2.952117e-03, Vol_mean+-std:9.696007e-04+-3.867801e-04, P_MAX:8.623e-03, Q_MAX:6.346e-03, P_mean+-std:4.316e-03+-2.230e-03, Q_mean+-std:3.562e-03+-1.508e-03, P_RMSE:2.521e-03, Q_RMSE:2.222e-03, Success rate (<0.1):1.000000, Success rate (<0.01):1.000000, Success rate (<0.001):0.000000
X=[-1.8,-1.6], PQ=[-0.8,-0.6]: count:10, ill:0, Ang_MAX:6.097317e-03, Vol_MAX:9.057522e-04, Ang_mean+-std:3.091678e-03+-2.096957e-03, Vol_mean+-std:6.025314e-04+-2.009054e-04, P_MAX:6.677e-03, Q_MAX:3.384e-03, P_mean+-std:3.309e-03+-1.821e-03, Q_mean+-std:2.309e-03+-6.367e-04, P_RMSE:1.820e-03, Q_RMSE:1.303e-03, Success rate (<0.1):1.000000, Success rate (<0.01):1.000000, Success rate (<0.001):0.000000
X=[-1.8,-1.6], PQ=[-0.6,-0.4]: count:10, ill:0, Ang_MAX:6.394237e-03, Vol_MAX:1.081824e-03, Ang_mean+-std:3.278516e-03+-1.900029e-03, Vol_mean+-std:5.771995e-04+-2.348842e-04, P_MAX:4.952e-03, Q_MAX:2.985e-03, P_mean+-std:3.016e-03+-1.344e-03, Q_mean+-std:1.941e-03+-6.140e-04, P_RMSE:1.781e-03, Q_RMSE:1.137e-03, Success rate (<0.1):1.000000, Success rate (<0.01):1.000000, Success rate (<0.001):0.000000
X=[-1.8,-1.6], PQ=[-0.4,-0.2]: count:10, ill:0, Ang_MAX:5.062431e-03, Vol_MAX:5.623102e-04, Ang_mean+-std:1.590246e-03+-1.490427e-03, Vol_mean+-std:3.090620e-04+-1.449799e-04, P_MAX:3.402e-03, Q_MAX:2.460e-03, P_mean+-std:1.573e-03+-7.982e-04, Q_mean+-std:1.345e-03+-5.866e-04, P_RMSE:1.067e-03, Q_RMSE:7.768e-04, Success rate (<0.1):1.000000, Success rate (<0.01):1.000000, Success rate (<0.001):0.300000
X=[-1.8,-1.6], PQ=[-0.2,0.0]: count:10, ill:0, Ang_MAX:9.174646e-04, Vol_MAX:2.974272e-04, Ang_mean+-std:4.116416e-04+-2.496434e-04, Vol_mean+-std:1.460671e-04+-7.140235e-05, P_MAX:1.002e-03, Q_MAX:8.843e-04, P_mean+-std:6.941e-04+-1.450e-04, Q_mean+-std:6.561e-04+-1.384e-04, P_RMSE:3.609e-04, Q_RMSE:3.792e-04, Success rate (<0.1):1.000000, Success rate (<0.01):1.000000, Success rate (<0.001):0.900000
X=[-1.8,-1.6], PQ=[0.0,0.2]: count:10, ill:0, Ang_MAX:1.846761e-03, Vol_MAX:4.789829e-04, Ang_mean+-std:4.696056e-04+-5.412340e-04, Vol_mean+-std:1.910090e-04+-1.351607e-04, P_MAX:1.461e-03, Q_MAX:1.414e-03, P_mean+-std:8.136e-04+-3.903e-04, Q_mean+-std:7.462e-04+-2.515e-04, P_RMSE:4.461e-04, Q_RMSE:4.291e-04, Success rate (<0.1):1.000000, Success rate (<0.01):1.000000, Success rate (<0.001):0.600000
X=[-1.8,-1.6], PQ=[0.2,0.4]: count:10, ill:0, Ang_MAX:7.228583e-03, Vol_MAX:5.767345e-04, Ang_mean+-std:2.305724e-03+-1.943519e-03, Vol_mean+-std:2.897739e-04+-1.568921e-04, P_MAX:5.099e-03, Q_MAX:2.068e-03, P_mean+-std:2.189e-03+-1.286e-03, Q_mean+-std:1.161e-03+-4.598e-04, P_RMSE:1.439e-03, Q_RMSE:6.640e-04, Success rate (<0.1):1.000000, Success rate (<0.01):1.000000, Success rate (<0.001):0.000000
X=[-1.8,-1.6], PQ=[0.4,0.6]: count:10, ill:0, Ang_MAX:5.181461e-03, Vol_MAX:1.530886e-03, Ang_mean+-std:2.385843e-03+-1.296435e-03, Vol_mean+-std:6.933928e-04+-4.498177e-04, P_MAX:5.806e-03, Q_MAX:5.098e-03, P_mean+-std:2.739e-03+-1.227e-03, Q_mean+-std:2.655e-03+-1.353e-03, P_RMSE:1.430e-03, Q_RMSE:1.496e-03, Success rate (<0.1):1.000000, Success rate (<0.01):1.000000, Success rate (<0.001):0.000000
X=[-1.8,-1.6], PQ=[0.6,0.8]: count:10, ill:0, Ang_MAX:1.149946e-02, Vol_MAX:1.869678e-03, Ang_mean+-std:4.630312e-03+-2.866792e-03, Vol_mean+-std:8.580446e-04+-5.834690e-04, P_MAX:7.899e-03, Q_MAX:5.519e-03, P_mean+-std:3.777e-03+-1.934e-03, Q_mean+-std:3.110e-03+-1.306e-03, P_RMSE:2.543e-03, Q_RMSE:1.901e-03, Success rate (<0.1):1.000000, Success rate (<0.01):1.000000, Success rate (<0.001):0.000000
X=[-1.8,-1.6], PQ=[0.8,1.0]: count:10, ill:0, Ang_MAX:1.744169e-02, Vol_MAX:2.095699e-03, Ang_mean+-std:6.068514e-03+-4.407050e-03, Vol_mean+-std:1.262689e-03+-5.348632e-04, P_MAX:1.286e-02, Q_MAX:5.942e-03, P_mean+-std:5.275e-03+-3.069e-03, Q_mean+-std:2.930e-03+-1.336e-03, P_RMSE:3.527e-03, Q_RMSE:1.747e-03, Success rate (<0.1):1.000000, Success rate (<0.01):0.900000, Success rate (<0.001):0.000000
X=[-1.8,-1.6], PQ=[1.0,1.2]: count:10, ill:0, Ang_MAX:1.837048e-02, Vol_MAX:2.845049e-03, Ang_mean+-std:6.529090e-03+-4.170721e-03, Vol_mean+-std:1.354098e-03+-5.955141e-04, P_MAX:1.447e-02, Q_MAX:7.630e-03, P_mean+-std:6.399e-03+-3.083e-03, Q_mean+-std:4.457e-03+-1.622e-03, P_RMSE:3.687e-03, Q_RMSE:2.285e-03, Success rate (<0.1):1.000000, Success rate (<0.01):0.900000, Success rate (<0.001):0.000000
X=[-1.8,-1.6], PQ=[1.2,1.4]: count:10, ill:0, Ang_MAX:1.843469e-02, Vol_MAX:2.406001e-03, Ang_mean+-std:8.347708e-03+-4.763264e-03, Vol_mean+-std:1.387990e-03+-6.413847e-04, P_MAX:1.668e-02, Q_MAX:8.200e-03, P_mean+-std:7.860e-03+-4.130e-03, Q_mean+-std:4.728e-03+-2.021e-03, P_RMSE:4.581e-03, Q_RMSE:2.897e-03, Success rate (<0.1):1.000000, Success rate (<0.01):0.700000, Success rate (<0.001):0.000000
X=[-1.8,-1.6], PQ=[1.4,1.6]: count:10, ill:0, Ang_MAX:1.838711e-02, Vol_MAX:1.981616e-03, Ang_mean+-std:9.426048e-03+-5.159089e-03, Vol_mean+-std:1.185095e-03+-4.475261e-04, P_MAX:1.382e-02, Q_MAX:7.566e-03, P_mean+-std:8.270e-03+-3.856e-03, Q_mean+-std:4.698e-03+-1.623e-03, P_RMSE:5.071e-03, Q_RMSE:2.417e-03, Success rate (<0.1):1.000000, Success rate (<0.01):0.600000, Success rate (<0.001):0.000000
X=[-1.8,-1.6], PQ=[1.6,1.8]: count:10, ill:0, Ang_MAX:1.325139e-02, Vol_MAX:4.135609e-03, Ang_mean+-std:6.768958e-03+-4.261534e-03, Vol_mean+-std:2.036428e-03+-1.019876e-03, P_MAX:1.437e-02, Q_MAX:1.049e-02, P_mean+-std:7.760e-03+-3.097e-03, Q_mean+-std:7.005e-03+-2.370e-03, P_RMSE:3.995e-03, Q_RMSE:4.236e-03, Success rate (<0.1):1.000000, Success rate (<0.01):0.700000, Success rate (<0.001):0.000000
X=[-1.8,-1.6], PQ=[1.8,2.0]: count:10, ill:0, Ang_MAX:2.303156e-02, Vol_MAX:4.741192e-03, Ang_mean+-std:1.285518e-02+-7.279944e-03, Vol_mean+-std:1.957321e-03+-1.300016e-03, P_MAX:1.958e-02, Q_MAX:9.190e-03, P_mean+-std:1.110e-02+-4.676e-03, Q_mean+-std:5.902e-03+-2.117e-03, P_RMSE:6.898e-03, Q_RMSE:3.291e-03, Success rate (<0.1):1.000000, Success rate (<0.01):0.600000, Success rate (<0.001):0.000000
X=[-1.6,-1.4], PQ=[-2.0,-1.8]: count:10, ill:0, Ang_MAX:1.764664e-02, Vol_MAX:7.693887e-03, Ang_mean+-std:7.887131e-03+-4.850257e-03, Vol_mean+-std:2.040744e-03+-2.003949e-03, P_MAX:1.753e-02, Q_MAX:2.094e-02, P_mean+-std:9.058e-03+-4.353e-03, Q_mean+-std:7.167e-03+-5.078e-03, P_RMSE:4.840e-03, Q_RMSE:4.820e-03, Success rate (<0.1):1.000000, Success rate (<0.01):0.500000, Success rate (<0.001):0.000000
X=[-1.6,-1.4], PQ=[-1.8,-1.6]: count:10, ill:0, Ang_MAX:1.717530e-02, Vol_MAX:4.937291e-03, Ang_mean+-std:1.048526e-02+-4.414490e-03, Vol_mean+-std:2.285540e-03+-1.180447e-03, P_MAX:1.528e-02, Q_MAX:1.665e-02, P_mean+-std:9.775e-03+-2.880e-03, Q_mean+-std:7.769e-03+-3.504e-03, P_RMSE:5.402e-03, Q_RMSE:4.298e-03, Success rate (<0.1):1.000000, Success rate (<0.01):0.400000, Success rate (<0.001):0.000000
X=[-1.6,-1.4], PQ=[-1.6,-1.4]: count:10, ill:0, Ang_MAX:2.996707e-02, Vol_MAX:3.671765e-03, Ang_mean+-std:1.343962e-02+-9.857252e-03, Vol_mean+-std:2.292228e-03+-9.938847e-04, P_MAX:2.356e-02, Q_MAX:1.192e-02, P_mean+-std:1.149e-02+-7.111e-03, Q_mean+-std:6.228e-03+-2.983e-03, P_RMSE:7.695e-03, Q_RMSE:3.733e-03, Success rate (<0.1):1.000000, Success rate (<0.01):0.400000, Success rate (<0.001):0.000000
X=[-1.6,-1.4], PQ=[-1.4,-1.2]: count:10, ill:0, Ang_MAX:1.552391e-02, Vol_MAX:2.969027e-03, Ang_mean+-std:8.506239e-03+-4.759270e-03, Vol_mean+-std:1.624799e-03+-5.380300e-04, P_MAX:1.277e-02, Q_MAX:8.527e-03, P_mean+-std:7.124e-03+-3.194e-03, Q_mean+-std:5.378e-03+-2.127e-03, P_RMSE:4.520e-03, Q_RMSE:2.872e-03, Success rate (<0.1):1.000000, Success rate (<0.01):0.800000, Success rate (<0.001):0.000000
X=[-1.6,-1.4], PQ=[-1.2,-1.0]: count:10, ill:0, Ang_MAX:1.543116e-02, Vol_MAX:1.555443e-03, Ang_mean+-std:7.006134e-03+-4.643422e-03, Vol_mean+-std:1.173413e-03+-3.783752e-04, P_MAX:1.340e-02, Q_MAX:6.496e-03, P_mean+-std:6.260e-03+-3.633e-03, Q_mean+-std:3.846e-03+-1.320e-03, P_RMSE:3.890e-03, Q_RMSE:2.111e-03, Success rate (<0.1):1.000000, Success rate (<0.01):0.800000, Success rate (<0.001):0.000000
X=[-1.6,-1.4], PQ=[-1.0,-0.8]: count:10, ill:0, Ang_MAX:5.032867e-03, Vol_MAX:1.646161e-03, Ang_mean+-std:2.637361e-03+-1.585595e-03, Vol_mean+-std:8.972526e-04+-4.353296e-04, P_MAX:5.842e-03, Q_MAX:6.869e-03, P_mean+-std:3.414e-03+-1.403e-03, Q_mean+-std:3.319e-03+-1.624e-03, P_RMSE:1.660e-03, Q_RMSE:1.846e-03, Success rate (<0.1):1.000000, Success rate (<0.01):1.000000, Success rate (<0.001):0.000000
X=[-1.6,-1.4], PQ=[-0.8,-0.6]: count:10, ill:0, Ang_MAX:7.312596e-03, Vol_MAX:1.167655e-03, Ang_mean+-std:3.504013e-03+-1.740566e-03, Vol_mean+-std:5.974293e-04+-2.791980e-04, P_MAX:6.721e-03, Q_MAX:3.886e-03, P_mean+-std:3.432e-03+-1.621e-03, Q_mean+-std:2.378e-03+-8.260e-04, P_RMSE:1.868e-03, Q_RMSE:1.301e-03, Success rate (<0.1):1.000000, Success rate (<0.01):1.000000, Success rate (<0.001):0.000000
X=[-1.6,-1.4], PQ=[-0.6,-0.4]: count:10, ill:0, Ang_MAX:6.627113e-03, Vol_MAX:1.098752e-03, Ang_mean+-std:1.982099e-03+-1.833081e-03, Vol_mean+-std:4.845619e-04+-2.710285e-04, P_MAX:5.786e-03, Q_MAX:4.246e-03, P_mean+-std:2.150e-03+-1.316e-03, Q_mean+-std:1.990e-03+-7.951e-04, P_RMSE:1.304e-03, Q_RMSE:1.255e-03, Success rate (<0.1):1.000000, Success rate (<0.01):1.000000, Success rate (<0.001):0.000000
X=[-1.6,-1.4], PQ=[-0.4,-0.2]: count:10, ill:0, Ang_MAX:5.978555e-03, Vol_MAX:8.050203e-04, Ang_mean+-std:2.223747e-03+-2.002049e-03, Vol_mean+-std:3.178835e-04+-2.169017e-04, P_MAX:4.447e-03, Q_MAX:3.511e-03, P_mean+-std:2.033e-03+-1.313e-03, Q_mean+-std:1.470e-03+-8.858e-04, P_RMSE:1.407e-03, Q_RMSE:8.883e-04, Success rate (<0.1):1.000000, Success rate (<0.01):1.000000, Success rate (<0.001):0.200000
X=[-1.6,-1.4], PQ=[-0.2,0.0]: count:10, ill:0, Ang_MAX:1.473486e-03, Vol_MAX:2.480745e-04, Ang_mean+-std:5.996093e-04+-3.740298e-04, Vol_mean+-std:1.551151e-04+-4.656184e-05, P_MAX:1.142e-03, Q_MAX:1.249e-03, P_mean+-std:8.409e-04+-1.910e-04, Q_mean+-std:6.350e-04+-2.424e-04, P_RMSE:4.461e-04, Q_RMSE:4.040e-04, Success rate (<0.1):1.000000, Success rate (<0.01):1.000000, Success rate (<0.001):0.900000
X=[-1.6,-1.4], PQ=[0.0,0.2]: count:10, ill:0, Ang_MAX:1.927078e-03, Vol_MAX:3.734827e-04, Ang_mean+-std:8.589447e-04+-4.415875e-04, Vol_mean+-std:1.839757e-04+-7.866227e-05, P_MAX:1.888e-03, Q_MAX:1.136e-03, P_mean+-std:9.115e-04+-3.580e-04, Q_mean+-std:7.038e-04+-1.659e-04, P_RMSE:5.277e-04, Q_RMSE:4.041e-04, Success rate (<0.1):1.000000, Success rate (<0.01):1.000000, Success rate (<0.001):0.700000
X=[-1.6,-1.4], PQ=[0.2,0.4]: count:10, ill:0, Ang_MAX:3.440619e-03, Vol_MAX:8.335114e-04, Ang_mean+-std:1.956500e-03+-9.694419e-04, Vol_mean+-std:5.261421e-04+-2.783927e-04, P_MAX:2.656e-03, Q_MAX:3.021e-03, P_mean+-std:1.862e-03+-5.894e-04, Q_mean+-std:1.655e-03+-7.271e-04, P_RMSE:1.088e-03, Q_RMSE:8.831e-04, Success rate (<0.1):1.000000, Success rate (<0.01):1.000000, Success rate (<0.001):0.000000
X=[-1.6,-1.4], PQ=[0.4,0.6]: count:10, ill:0, Ang_MAX:7.160932e-03, Vol_MAX:1.148343e-03, Ang_mean+-std:2.927789e-03+-2.192198e-03, Vol_mean+-std:6.382585e-04+-3.565244e-04, P_MAX:5.919e-03, Q_MAX:4.357e-03, P_mean+-std:2.556e-03+-1.526e-03, Q_mean+-std:2.080e-03+-1.064e-03, P_RMSE:1.747e-03, Q_RMSE:1.262e-03, Success rate (<0.1):1.000000, Success rate (<0.01):1.000000, Success rate (<0.001):0.100000
X=[-1.6,-1.4], PQ=[0.6,0.8]: count:10, ill:0, Ang_MAX:9.072483e-03, Vol_MAX:1.637101e-03, Ang_mean+-std:4.256348e-03+-2.957376e-03, Vol_mean+-std:7.867336e-04+-5.063430e-04, P_MAX:7.281e-03, Q_MAX:6.476e-03, P_mean+-std:3.740e-03+-2.142e-03, Q_mean+-std:2.752e-03+-1.676e-03, P_RMSE:2.437e-03, Q_RMSE:1.721e-03, Success rate (<0.1):1.000000, Success rate (<0.01):1.000000, Success rate (<0.001):0.000000
X=[-1.6,-1.4], PQ=[0.8,1.0]: count:10, ill:0, Ang_MAX:1.521102e-02, Vol_MAX:1.769066e-03, Ang_mean+-std:5.612458e-03+-3.997304e-03, Vol_mean+-std:9.710312e-04+-4.081603e-04, P_MAX:1.082e-02, Q_MAX:4.601e-03, P_mean+-std:5.039e-03+-2.719e-03, Q_mean+-std:2.737e-03+-9.265e-04, P_RMSE:3.215e-03, Q_RMSE:1.588e-03, Success rate (<0.1):1.000000, Success rate (<0.01):0.900000, Success rate (<0.001):0.000000
X=[-1.6,-1.4], PQ=[1.0,1.2]: count:10, ill:0, Ang_MAX:2.051878e-02, Vol_MAX:3.184795e-03, Ang_mean+-std:6.542306e-03+-5.438730e-03, Vol_mean+-std:1.665246e-03+-7.529797e-04, P_MAX:1.446e-02, Q_MAX:1.139e-02, P_mean+-std:5.777e-03+-3.452e-03, Q_mean+-std:4.822e-03+-2.550e-03, P_RMSE:3.927e-03, Q_RMSE:2.997e-03, Success rate (<0.1):1.000000, Success rate (<0.01):0.800000, Success rate (<0.001):0.000000
X=[-1.6,-1.4], PQ=[1.2,1.4]: count:10, ill:0, Ang_MAX:1.989421e-02, Vol_MAX:2.454400e-03, Ang_mean+-std:7.730204e-03+-5.987091e-03, Vol_mean+-std:1.695824e-03+-5.331114e-04, P_MAX:1.399e-02, Q_MAX:7.115e-03, P_mean+-std:6.891e-03+-4.271e-03, Q_mean+-std:5.065e-03+-1.251e-03, P_RMSE:4.561e-03, Q_RMSE:2.708e-03, Success rate (<0.1):1.000000, Success rate (<0.01):0.800000, Success rate (<0.001):0.000000
X=[-1.6,-1.4], PQ=[1.4,1.6]: count:10, ill:0, Ang_MAX:2.668518e-02, Vol_MAX:4.514337e-03, Ang_mean+-std:1.140512e-02+-9.119687e-03, Vol_mean+-std:1.831663e-03+-9.944936e-04, P_MAX:2.310e-02, Q_MAX:1.518e-02, P_mean+-std:9.928e-03+-6.983e-03, Q_mean+-std:6.158e-03+-3.065e-03, P_RMSE:6.813e-03, Q_RMSE:3.611e-03, Success rate (<0.1):1.000000, Success rate (<0.01):0.500000, Success rate (<0.001):0.000000
X=[-1.6,-1.4], PQ=[1.6,1.8]: count:10, ill:0, Ang_MAX:1.906523e-02, Vol_MAX:3.824830e-03, Ang_mean+-std:7.611328e-03+-4.327523e-03, Vol_mean+-std:1.695669e-03+-8.975578e-04, P_MAX:1.370e-02, Q_MAX:1.494e-02, P_mean+-std:7.296e-03+-2.737e-03, Q_mean+-std:6.712e-03+-3.159e-03, P_RMSE:4.111e-03, Q_RMSE:3.791e-03, Success rate (<0.1):1.000000, Success rate (<0.01):0.800000, Success rate (<0.001):0.000000
X=[-1.6,-1.4], PQ=[1.8,2.0]: count:10, ill:0, Ang_MAX:2.545145e-02, Vol_MAX:3.939509e-03, Ang_mean+-std:9.955696e-03+-7.296800e-03, Vol_mean+-std:2.720320e-03+-1.072954e-03, P_MAX:2.490e-02, Q_MAX:1.370e-02, P_mean+-std:1.059e-02+-5.927e-03, Q_mean+-std:8.949e-03+-2.594e-03, P_RMSE:6.051e-03, Q_RMSE:4.874e-03, Success rate (<0.1):1.000000, Success rate (<0.01):0.300000, Success rate (<0.001):0.000000
X=[-1.4,-1.2], PQ=[-2.0,-1.8]: count:10, ill:0, Ang_MAX:3.275117e-02, Vol_MAX:5.446434e-03, Ang_mean+-std:1.238436e-02+-9.125310e-03, Vol_mean+-std:2.797639e-03+-1.612966e-03, P_MAX:2.610e-02, Q_MAX:1.291e-02, P_mean+-std:1.093e-02+-6.920e-03, Q_mean+-std:7.610e-03+-3.647e-03, P_RMSE:7.151e-03, Q_RMSE:4.037e-03, Success rate (<0.1):1.000000, Success rate (<0.01):0.500000, Success rate (<0.001):0.000000
X=[-1.4,-1.2], PQ=[-1.8,-1.6]: count:10, ill:0, Ang_MAX:2.751955e-02, Vol_MAX:3.097534e-03, Ang_mean+-std:9.601982e-03+-8.418424e-03, Vol_mean+-std:1.413453e-03+-8.872293e-04, P_MAX:1.972e-02, Q_MAX:1.072e-02, P_mean+-std:9.782e-03+-5.402e-03, Q_mean+-std:5.208e-03+-2.662e-03, P_RMSE:6.089e-03, Q_RMSE:3.209e-03, Success rate (<0.1):1.000000, Success rate (<0.01):0.500000, Success rate (<0.001):0.000000
X=[-1.4,-1.2], PQ=[-1.6,-1.4]: count:10, ill:0, Ang_MAX:2.106425e-02, Vol_MAX:3.763556e-03, Ang_mean+-std:1.062515e-02+-5.799535e-03, Vol_mean+-std:1.996183e-03+-8.823488e-04, P_MAX:1.878e-02, Q_MAX:1.509e-02, P_mean+-std:1.006e-02+-4.677e-03, Q_mean+-std:6.215e-03+-3.621e-03, P_RMSE:5.670e-03, Q_RMSE:3.958e-03, Success rate (<0.1):1.000000, Success rate (<0.01):0.400000, Success rate (<0.001):0.000000
X=[-1.4,-1.2], PQ=[-1.4,-1.2]: count:10, ill:0, Ang_MAX:2.033523e-02, Vol_MAX:3.710389e-03, Ang_mean+-std:9.054703e-03+-6.180566e-03, Vol_mean+-std:1.743329e-03+-8.460667e-04, P_MAX:1.608e-02, Q_MAX:1.111e-02, P_mean+-std:7.771e-03+-4.889e-03, Q_mean+-std:6.422e-03+-2.786e-03, P_RMSE:5.043e-03, Q_RMSE:3.465e-03, Success rate (<0.1):1.000000, Success rate (<0.01):0.400000, Success rate (<0.001):0.000000
X=[-1.4,-1.2], PQ=[-1.2,-1.0]: count:10, ill:0, Ang_MAX:2.049416e-02, Vol_MAX:2.208114e-03, Ang_mean+-std:6.089422e-03+-5.212800e-03, Vol_mean+-std:9.600163e-04+-5.995760e-04, P_MAX:1.415e-02, Q_MAX:7.414e-03, P_mean+-std:5.518e-03+-3.291e-03, Q_mean+-std:3.465e-03+-1.563e-03, P_RMSE:3.747e-03, Q_RMSE:1.947e-03, Success rate (<0.1):1.000000, Success rate (<0.01):0.900000, Success rate (<0.001):0.000000
X=[-1.4,-1.2], PQ=[-1.0,-0.8]: count:10, ill:0, Ang_MAX:1.059778e-02, Vol_MAX:1.010418e-03, Ang_mean+-std:4.060583e-03+-3.157570e-03, Vol_mean+-std:6.978750e-04+-2.103607e-04, P_MAX:1.054e-02, Q_MAX:4.659e-03, P_mean+-std:4.271e-03+-2.430e-03, Q_mean+-std:3.397e-03+-9.724e-04, P_RMSE:2.515e-03, Q_RMSE:1.914e-03, Success rate (<0.1):1.000000, Success rate (<0.01):0.900000, Success rate (<0.001):0.000000
X=[-1.4,-1.2], PQ=[-0.8,-0.6]: count:10, ill:0, Ang_MAX:8.891403e-03, Vol_MAX:1.246333e-03, Ang_mean+-std:3.964743e-03+-2.413744e-03, Vol_mean+-std:5.877852e-04+-2.791440e-04, P_MAX:7.498e-03, Q_MAX:4.007e-03, P_mean+-std:4.005e-03+-1.801e-03, Q_mean+-std:2.581e-03+-8.983e-04, P_RMSE:2.181e-03, Q_RMSE:1.383e-03, Success rate (<0.1):1.000000, Success rate (<0.01):1.000000, Success rate (<0.001):0.000000
X=[-1.4,-1.2], PQ=[-0.6,-0.4]: count:10, ill:0, Ang_MAX:7.509261e-03, Vol_MAX:1.258373e-03, Ang_mean+-std:3.732863e-03+-2.504780e-03, Vol_mean+-std:5.907178e-04+-3.288701e-04, P_MAX:6.351e-03, Q_MAX:3.239e-03, P_mean+-std:3.461e-03+-1.944e-03, Q_mean+-std:1.638e-03+-8.127e-04, P_RMSE:2.108e-03, Q_RMSE:9.530e-04, Success rate (<0.1):1.000000, Success rate (<0.01):1.000000, Success rate (<0.001):0.000000
X=[-1.4,-1.2], PQ=[-0.4,-0.2]: count:10, ill:0, Ang_MAX:5.056322e-03, Vol_MAX:7.261038e-04, Ang_mean+-std:1.914135e-03+-1.548183e-03, Vol_mean+-std:2.993584e-04+-1.858390e-04, P_MAX:4.187e-03, Q_MAX:2.240e-03, P_mean+-std:1.770e-03+-1.098e-03, Q_mean+-std:1.142e-03+-4.848e-04, P_RMSE:1.196e-03, Q_RMSE:6.961e-04, Success rate (<0.1):1.000000, Success rate (<0.01):1.000000, Success rate (<0.001):0.300000
X=[-1.4,-1.2], PQ=[-0.2,0.0]: count:10, ill:0, Ang_MAX:1.334772e-03, Vol_MAX:1.893044e-04, Ang_mean+-std:5.446434e-04+-4.453809e-04, Vol_mean+-std:1.222253e-04+-3.487547e-05, P_MAX:1.366e-03, Q_MAX:7.840e-04, P_mean+-std:8.632e-04+-2.815e-04, Q_mean+-std:6.216e-04+-1.029e-04, P_RMSE:4.413e-04, Q_RMSE:3.664e-04, Success rate (<0.1):1.000000, Success rate (<0.01):1.000000, Success rate (<0.001):0.700000
X=[-1.4,-1.2], PQ=[0.0,0.2]: count:10, ill:0, Ang_MAX:1.676828e-03, Vol_MAX:5.698204e-04, Ang_mean+-std:6.598711e-04+-4.711666e-04, Vol_mean+-std:2.120376e-04+-1.436139e-04, P_MAX:1.211e-03, Q_MAX:1.421e-03, P_mean+-std:8.019e-04+-2.915e-04, Q_mean+-std:6.610e-04+-2.788e-04, P_RMSE:4.726e-04, Q_RMSE:4.492e-04, Success rate (<0.1):1.000000, Success rate (<0.01):1.000000, Success rate (<0.001):0.700000
X=[-1.4,-1.2], PQ=[0.2,0.4]: count:10, ill:0, Ang_MAX:4.135430e-03, Vol_MAX:7.283688e-04, Ang_mean+-std:1.805399e-03+-1.328268e-03, Vol_mean+-std:4.113197e-04+-1.916160e-04, P_MAX:2.932e-03, Q_MAX:2.081e-03, P_mean+-std:1.736e-03+-8.491e-04, Q_mean+-std:1.199e-03+-5.650e-04, P_RMSE:1.119e-03, Q_RMSE:7.445e-04, Success rate (<0.1):1.000000, Success rate (<0.01):1.000000, Success rate (<0.001):0.100000
X=[-1.4,-1.2], PQ=[0.4,0.6]: count:10, ill:0, Ang_MAX:7.836968e-03, Vol_MAX:1.056671e-03, Ang_mean+-std:4.046158e-03+-2.278062e-03, Vol_mean+-std:6.999254e-04+-2.425768e-04, P_MAX:5.780e-03, Q_MAX:2.666e-03, P_mean+-std:3.492e-03+-1.490e-03, Q_mean+-std:1.884e-03+-3.989e-04, P_RMSE:2.215e-03, Q_RMSE:1.110e-03, Success rate (<0.1):1.000000, Success rate (<0.01):1.000000, Success rate (<0.001):0.000000
X=[-1.4,-1.2], PQ=[0.6,0.8]: count:10, ill:0, Ang_MAX:7.517844e-03, Vol_MAX:2.378464e-03, Ang_mean+-std:5.075000e-03+-1.647393e-03, Vol_mean+-std:1.000297e-03+-5.876403e-04, P_MAX:6.849e-03, Q_MAX:8.205e-03, P_mean+-std:4.568e-03+-1.493e-03, Q_mean+-std:3.111e-03+-1.857e-03, P_RMSE:2.518e-03, Q_RMSE:2.125e-03, Success rate (<0.1):1.000000, Success rate (<0.01):1.000000, Success rate (<0.001):0.000000
X=[-1.4,-1.2], PQ=[0.8,1.0]: count:10, ill:0, Ang_MAX:1.475483e-02, Vol_MAX:1.186967e-03, Ang_mean+-std:7.217738e-03+-3.769442e-03, Vol_mean+-std:8.165240e-04+-2.501835e-04, P_MAX:1.270e-02, Q_MAX:5.082e-03, P_mean+-std:6.391e-03+-3.058e-03, Q_mean+-std:3.199e-03+-9.181e-04, P_RMSE:3.823e-03, Q_RMSE:1.916e-03, Success rate (<0.1):1.000000, Success rate (<0.01):0.800000, Success rate (<0.001):0.000000
X=[-1.4,-1.2], PQ=[1.0,1.2]: count:10, ill:0, Ang_MAX:1.098377e-02, Vol_MAX:2.709866e-03, Ang_mean+-std:6.312598e-03+-3.308825e-03, Vol_mean+-std:1.314187e-03+-6.439582e-04, P_MAX:1.214e-02, Q_MAX:9.469e-03, P_mean+-std:6.403e-03+-2.602e-03, Q_mean+-std:4.720e-03+-2.389e-03, P_RMSE:3.451e-03, Q_RMSE:2.714e-03, Success rate (<0.1):1.000000, Success rate (<0.01):0.900000, Success rate (<0.001):0.000000
X=[-1.4,-1.2], PQ=[1.2,1.4]: count:10, ill:0, Ang_MAX:1.507914e-02, Vol_MAX:3.593683e-03, Ang_mean+-std:5.995062e-03+-4.467930e-03, Vol_mean+-std:1.670718e-03+-1.041386e-03, P_MAX:1.277e-02, Q_MAX:1.265e-02, P_mean+-std:6.377e-03+-3.479e-03, Q_mean+-std:6.116e-03+-3.417e-03, P_RMSE:3.702e-03, Q_RMSE:3.632e-03, Success rate (<0.1):1.000000, Success rate (<0.01):0.600000, Success rate (<0.001):0.000000
X=[-1.4,-1.2], PQ=[1.4,1.6]: count:10, ill:0, Ang_MAX:2.269265e-02, Vol_MAX:2.421021e-03, Ang_mean+-std:1.109701e-02+-6.194682e-03, Vol_mean+-std:1.483154e-03+-4.587735e-04, P_MAX:1.722e-02, Q_MAX:8.382e-03, P_mean+-std:9.837e-03+-4.112e-03, Q_mean+-std:5.700e-03+-1.962e-03, P_RMSE:5.903e-03, Q_RMSE:3.455e-03, Success rate (<0.1):1.000000, Success rate (<0.01):0.500000, Success rate (<0.001):0.000000
X=[-1.4,-1.2], PQ=[1.6,1.8]: count:10, ill:0, Ang_MAX:1.863001e-02, Vol_MAX:4.759550e-03, Ang_mean+-std:7.567543e-03+-6.162245e-03, Vol_mean+-std:1.907873e-03+-1.247212e-03, P_MAX:1.331e-02, Q_MAX:1.291e-02, P_mean+-std:6.713e-03+-3.911e-03, Q_mean+-std:6.197e-03+-3.294e-03, P_RMSE:4.578e-03, Q_RMSE:3.928e-03, Success rate (<0.1):1.000000, Success rate (<0.01):0.600000, Success rate (<0.001):0.000000
X=[-1.4,-1.2], PQ=[1.8,2.0]: count:10, ill:0, Ang_MAX:3.867296e-02, Vol_MAX:4.988432e-03, Ang_mean+-std:1.140359e-02+-9.893619e-03, Vol_mean+-std:2.378953e-03+-9.563867e-04, P_MAX:3.207e-02, Q_MAX:1.539e-02, P_mean+-std:1.082e-02+-7.959e-03, Q_mean+-std:8.595e-03+-3.145e-03, P_RMSE:7.229e-03, Q_RMSE:4.626e-03, Success rate (<0.1):1.000000, Success rate (<0.01):0.400000, Success rate (<0.001):0.000000
X=[-1.2,-1.0], PQ=[-2.0,-1.8]: count:10, ill:0, Ang_MAX:1.939642e-02, Vol_MAX:4.832506e-03, Ang_mean+-std:1.029293e-02+-5.520836e-03, Vol_mean+-std:2.301812e-03+-1.049388e-03, P_MAX:1.911e-02, Q_MAX:1.827e-02, P_mean+-std:1.013e-02+-4.474e-03, Q_mean+-std:8.246e-03+-3.942e-03, P_RMSE:5.567e-03, Q_RMSE:5.157e-03, Success rate (<0.1):1.000000, Success rate (<0.01):0.500000, Success rate (<0.001):0.000000
X=[-1.2,-1.0], PQ=[-1.8,-1.6]: count:10, ill:0, Ang_MAX:2.669863e-02, Vol_MAX:4.790425e-03, Ang_mean+-std:8.738836e-03+-7.445440e-03, Vol_mean+-std:2.137935e-03+-1.233932e-03, P_MAX:2.817e-02, Q_MAX:1.384e-02, P_mean+-std:9.726e-03+-6.780e-03, Q_mean+-std:7.225e-03+-3.224e-03, P_RMSE:5.599e-03, Q_RMSE:3.931e-03, Success rate (<0.1):1.000000, Success rate (<0.01):0.700000, Success rate (<0.001):0.000000
X=[-1.2,-1.0], PQ=[-1.6,-1.4]: count:10, ill:0, Ang_MAX:1.791096e-02, Vol_MAX:3.574729e-03, Ang_mean+-std:9.590656e-03+-5.413085e-03, Vol_mean+-std:1.752698e-03+-8.933547e-04, P_MAX:1.420e-02, Q_MAX:9.722e-03, P_mean+-std:7.872e-03+-3.875e-03, Q_mean+-std:6.140e-03+-1.813e-03, P_RMSE:5.078e-03, Q_RMSE:3.429e-03, Success rate (<0.1):1.000000, Success rate (<0.01):0.700000, Success rate (<0.001):0.000000
X=[-1.2,-1.0], PQ=[-1.4,-1.2]: count:10, ill:0, Ang_MAX:1.566434e-02, Vol_MAX:2.932787e-03, Ang_mean+-std:5.971974e-03+-4.594684e-03, Vol_mean+-std:1.315951e-03+-8.168720e-04, P_MAX:1.191e-02, Q_MAX:9.536e-03, P_mean+-std:5.470e-03+-2.856e-03, Q_mean+-std:4.842e-03+-2.380e-03, P_RMSE:3.481e-03, Q_RMSE:2.939e-03, Success rate (<0.1):1.000000, Success rate (<0.01):0.900000, Success rate (<0.001):0.000000
X=[-1.2,-1.0], PQ=[-1.2,-1.0]: count:10, ill:0, Ang_MAX:8.648573e-03, Vol_MAX:1.753092e-03, Ang_mean+-std:4.578055e-03+-2.316446e-03, Vol_mean+-std:9.814382e-04+-4.775462e-04, P_MAX:6.598e-03, Q_MAX:5.809e-03, P_mean+-std:4.398e-03+-1.626e-03, Q_mean+-std:3.564e-03+-1.321e-03, P_RMSE:2.431e-03, Q_RMSE:2.067e-03, Success rate (<0.1):1.000000, Success rate (<0.01):1.000000, Success rate (<0.001):0.000000
X=[-1.2,-1.0], PQ=[-1.0,-0.8]: count:10, ill:0, Ang_MAX:1.279655e-02, Vol_MAX:2.094507e-03, Ang_mean+-std:5.573106e-03+-3.477536e-03, Vol_mean+-std:1.347005e-03+-5.365242e-04, P_MAX:9.113e-03, Q_MAX:6.814e-03, P_mean+-std:4.966e-03+-2.025e-03, Q_mean+-std:4.253e-03+-1.667e-03, P_RMSE:3.091e-03, Q_RMSE:2.336e-03, Success rate (<0.1):1.000000, Success rate (<0.01):1.000000, Success rate (<0.001):0.000000
X=[-1.2,-1.0], PQ=[-0.8,-0.6]: count:10, ill:0, Ang_MAX:1.032969e-02, Vol_MAX:1.689672e-03, Ang_mean+-std:3.680207e-03+-2.883480e-03, Vol_mean+-std:7.697582e-04+-4.265752e-04, P_MAX:9.849e-03, Q_MAX:4.169e-03, P_mean+-std:4.029e-03+-2.481e-03, Q_mean+-std:2.771e-03+-8.961e-04, P_RMSE:2.286e-03, Q_RMSE:1.444e-03, Success rate (<0.1):1.000000, Success rate (<0.01):1.000000, Success rate (<0.001):0.000000
X=[-1.2,-1.0], PQ=[-0.6,-0.4]: count:10, ill:0, Ang_MAX:4.315286e-03, Vol_MAX:1.123071e-03, Ang_mean+-std:2.605937e-03+-9.519034e-04, Vol_mean+-std:5.269527e-04+-3.129875e-04, P_MAX:4.171e-03, Q_MAX:3.346e-03, P_mean+-std:2.395e-03+-8.738e-04, Q_mean+-std:1.884e-03+-6.442e-04, P_RMSE:1.355e-03, Q_RMSE:1.032e-03, Success rate (<0.1):1.000000, Success rate (<0.01):1.000000, Success rate (<0.001):0.000000
X=[-1.2,-1.0], PQ=[-0.4,-0.2]: count:10, ill:0, Ang_MAX:2.876967e-03, Vol_MAX:3.746748e-04, Ang_mean+-std:1.870409e-03+-5.874137e-04, Vol_mean+-std:2.582431e-04+-9.594486e-05, P_MAX:2.062e-03, Q_MAX:2.183e-03, P_mean+-std:1.622e-03+-3.824e-04, Q_mean+-std:1.198e-03+-4.061e-04, P_RMSE:9.683e-04, Q_RMSE:6.575e-04, Success rate (<0.1):1.000000, Success rate (<0.01):1.000000, Success rate (<0.001):0.000000
X=[-1.2,-1.0], PQ=[-0.2,0.0]: count:10, ill:0, Ang_MAX:1.708373e-03, Vol_MAX:3.602505e-04, Ang_mean+-std:7.001951e-04+-5.422957e-04, Vol_mean+-std:2.179384e-04+-9.739928e-05, P_MAX:1.686e-03, Q_MAX:1.422e-03, P_mean+-std:8.992e-04+-4.192e-04, Q_mean+-std:9.081e-04+-3.148e-04, P_RMSE:4.984e-04, Q_RMSE:5.212e-04, Success rate (<0.1):1.000000, Success rate (<0.01):1.000000, Success rate (<0.001):0.300000
X=[-1.2,-1.0], PQ=[0.0,0.2]: count:10, ill:0, Ang_MAX:2.620488e-03, Vol_MAX:4.490614e-04, Ang_mean+-std:7.112965e-04+-7.842401e-04, Vol_mean+-std:2.120972e-04+-9.457467e-05, P_MAX:2.103e-03, Q_MAX:1.098e-03, P_mean+-std:9.546e-04+-4.753e-04, Q_mean+-std:6.858e-04+-2.080e-04, P_RMSE:5.865e-04, Q_RMSE:4.352e-04, Success rate (<0.1):1.000000, Success rate (<0.01):1.000000, Success rate (<0.001):0.400000
X=[-1.2,-1.0], PQ=[0.2,0.4]: count:10, ill:0, Ang_MAX:5.112975e-03, Vol_MAX:5.115271e-04, Ang_mean+-std:2.105305e-03+-1.578362e-03, Vol_mean+-std:3.479838e-04+-1.161447e-04, P_MAX:3.736e-03, Q_MAX:2.307e-03, P_mean+-std:2.055e-03+-8.879e-04, Q_mean+-std:1.291e-03+-5.082e-04, P_RMSE:1.250e-03, Q_RMSE:7.059e-04, Success rate (<0.1):1.000000, Success rate (<0.01):1.000000, Success rate (<0.001):0.000000
X=[-1.2,-1.0], PQ=[0.4,0.6]: count:10, ill:0, Ang_MAX:6.320983e-03, Vol_MAX:1.428246e-03, Ang_mean+-std:3.437948e-03+-1.606348e-03, Vol_mean+-std:6.634593e-04+-3.424547e-04, P_MAX:5.784e-03, Q_MAX:4.645e-03, P_mean+-std:2.910e-03+-1.201e-03, Q_mean+-std:2.387e-03+-1.168e-03, P_RMSE:1.784e-03, Q_RMSE:1.223e-03, Success rate (<0.1):1.000000, Success rate (<0.01):1.000000, Success rate (<0.001):0.000000
X=[-1.2,-1.0], PQ=[0.6,0.8]: count:10, ill:0, Ang_MAX:7.965475e-03, Vol_MAX:1.553535e-03, Ang_mean+-std:4.833743e-03+-2.027403e-03, Vol_mean+-std:7.634997e-04+-3.175493e-04, P_MAX:7.426e-03, Q_MAX:3.916e-03, P_mean+-std:4.052e-03+-1.552e-03, Q_mean+-std:2.291e-03+-6.913e-04, P_RMSE:2.469e-03, Q_RMSE:1.408e-03, Success rate (<0.1):1.000000, Success rate (<0.01):1.000000, Success rate (<0.001):0.000000
X=[-1.2,-1.0], PQ=[0.8,1.0]: count:10, ill:0, Ang_MAX:1.139361e-02, Vol_MAX:2.349973e-03, Ang_mean+-std:5.599506e-03+-2.744361e-03, Vol_mean+-std:1.004493e-03+-6.376783e-04, P_MAX:9.831e-03, Q_MAX:6.244e-03, P_mean+-std:5.414e-03+-2.271e-03, Q_mean+-std:3.352e-03+-1.509e-03, P_RMSE:2.968e-03, Q_RMSE:2.169e-03, Success rate (<0.1):1.000000, Success rate (<0.01):1.000000, Success rate (<0.001):0.000000
X=[-1.2,-1.0], PQ=[1.0,1.2]: count:10, ill:0, Ang_MAX:1.403507e-02, Vol_MAX:1.778007e-03, Ang_mean+-std:6.144760e-03+-4.497441e-03, Vol_mean+-std:1.005864e-03+-4.311683e-04, P_MAX:1.205e-02, Q_MAX:5.305e-03, P_mean+-std:6.468e-03+-3.177e-03, Q_mean+-std:3.161e-03+-1.116e-03, P_RMSE:3.697e-03, Q_RMSE:1.693e-03, Success rate (<0.1):1.000000, Success rate (<0.01):0.800000, Success rate (<0.001):0.000000
X=[-1.2,-1.0], PQ=[1.2,1.4]: count:10, ill:0, Ang_MAX:1.779890e-02, Vol_MAX:2.798200e-03, Ang_mean+-std:7.704417e-03+-5.179090e-03, Vol_mean+-std:1.802766e-03+-5.562822e-04, P_MAX:1.789e-02, Q_MAX:1.066e-02, P_mean+-std:7.459e-03+-4.409e-03, Q_mean+-std:5.108e-03+-2.448e-03, P_RMSE:4.500e-03, Q_RMSE:3.043e-03, Success rate (<0.1):1.000000, Success rate (<0.01):0.700000, Success rate (<0.001):0.000000
X=[-1.2,-1.0], PQ=[1.4,1.6]: count:10, ill:0, Ang_MAX:2.180719e-02, Vol_MAX:2.738476e-03, Ang_mean+-std:5.756006e-03+-5.694994e-03, Vol_mean+-std:1.168334e-03+-6.499050e-04, P_MAX:1.666e-02, Q_MAX:6.093e-03, P_mean+-std:7.060e-03+-3.663e-03, Q_mean+-std:4.078e-03+-1.197e-03, P_RMSE:4.047e-03, Q_RMSE:2.425e-03, Success rate (<0.1):1.000000, Success rate (<0.01):0.900000, Success rate (<0.001):0.000000
X=[-1.2,-1.0], PQ=[1.6,1.8]: count:10, ill:0, Ang_MAX:2.226141e-02, Vol_MAX:4.710674e-03, Ang_mean+-std:1.312689e-02+-4.446066e-03, Vol_mean+-std:2.590704e-03+-1.253114e-03, P_MAX:1.691e-02, Q_MAX:1.719e-02, P_mean+-std:1.017e-02+-3.062e-03, Q_mean+-std:7.318e-03+-4.603e-03, P_RMSE:6.427e-03, Q_RMSE:4.445e-03, Success rate (<0.1):1.000000, Success rate (<0.01):0.400000, Success rate (<0.001):0.000000
X=[-1.2,-1.0], PQ=[1.8,2.0]: count:10, ill:0, Ang_MAX:1.715163e-02, Vol_MAX:4.446864e-03, Ang_mean+-std:8.857498e-03+-5.936371e-03, Vol_mean+-std:1.818573e-03+-1.165052e-03, P_MAX:1.464e-02, Q_MAX:1.569e-02, P_mean+-std:8.125e-03+-3.928e-03, Q_mean+-std:6.609e-03+-3.531e-03, P_RMSE:4.928e-03, Q_RMSE:4.228e-03, Success rate (<0.1):1.000000, Success rate (<0.01):0.500000, Success rate (<0.001):0.000000
X=[-1.0,-0.8], PQ=[-2.0,-1.8]: count:10, ill:0, Ang_MAX:3.479847e-02, Vol_MAX:4.426718e-03, Ang_mean+-std:1.184497e-02+-1.154225e-02, Vol_mean+-std:3.004014e-03+-8.079640e-04, P_MAX:3.018e-02, Q_MAX:1.633e-02, P_mean+-std:1.060e-02+-8.461e-03, Q_mean+-std:8.614e-03+-3.295e-03, P_RMSE:7.738e-03, Q_RMSE:4.786e-03, Success rate (<0.1):1.000000, Success rate (<0.01):0.600000, Success rate (<0.001):0.000000
X=[-1.0,-0.8], PQ=[-1.8,-1.6]: count:10, ill:0, Ang_MAX:9.255201e-03, Vol_MAX:4.402399e-03, Ang_mean+-std:6.368269e-03+-2.712253e-03, Vol_mean+-std:1.702654e-03+-1.034872e-03, P_MAX:1.369e-02, Q_MAX:1.332e-02, P_mean+-std:6.665e-03+-2.895e-03, Q_mean+-std:5.944e-03+-3.134e-03, P_RMSE:3.495e-03, Q_RMSE:3.529e-03, Success rate (<0.1):1.000000, Success rate (<0.01):0.800000, Success rate (<0.001):0.000000
X=[-1.0,-0.8], PQ=[-1.6,-1.4]: count:10, ill:0, Ang_MAX:1.738995e-02, Vol_MAX:3.771901e-03, Ang_mean+-std:8.716917e-03+-4.658153e-03, Vol_mean+-std:1.943195e-03+-1.191514e-03, P_MAX:1.794e-02, Q_MAX:1.037e-02, P_mean+-std:8.065e-03+-4.145e-03, Q_mean+-std:7.058e-03+-2.142e-03, P_RMSE:4.687e-03, Q_RMSE:3.474e-03, Success rate (<0.1):1.000000, Success rate (<0.01):0.700000, Success rate (<0.001):0.000000
X=[-1.0,-0.8], PQ=[-1.4,-1.2]: count:10, ill:0, Ang_MAX:1.682162e-02, Vol_MAX:2.872467e-03, Ang_mean+-std:7.711281e-03+-4.199716e-03, Vol_mean+-std:1.117098e-03+-6.936516e-04, P_MAX:1.623e-02, Q_MAX:7.165e-03, P_mean+-std:7.691e-03+-3.273e-03, Q_mean+-std:4.639e-03+-1.373e-03, P_RMSE:4.198e-03, Q_RMSE:2.737e-03, Success rate (<0.1):1.000000, Success rate (<0.01):0.900000, Success rate (<0.001):0.000000
X=[-1.0,-0.8], PQ=[-1.2,-1.0]: count:10, ill:0, Ang_MAX:1.821619e-02, Vol_MAX:1.750469e-03, Ang_mean+-std:5.330326e-03+-5.213968e-03, Vol_mean+-std:9.134412e-04+-4.012788e-04, P_MAX:1.266e-02, Q_MAX:4.677e-03, P_mean+-std:5.327e-03+-3.072e-03, Q_mean+-std:3.180e-03+-8.531e-04, P_RMSE:3.586e-03, Q_RMSE:1.617e-03, Success rate (<0.1):1.000000, Success rate (<0.01):0.900000, Success rate (<0.001):0.000000
X=[-1.0,-0.8], PQ=[-1.0,-0.8]: count:10, ill:0, Ang_MAX:9.209692e-03, Vol_MAX:2.935529e-03, Ang_mean+-std:5.230024e-03+-2.678202e-03, Vol_mean+-std:1.053083e-03+-7.179065e-04, P_MAX:8.422e-03, Q_MAX:7.685e-03, P_mean+-std:4.887e-03+-2.074e-03, Q_mean+-std:3.651e-03+-1.942e-03, P_RMSE:2.803e-03, Q_RMSE:1.866e-03, Success rate (<0.1):1.000000, Success rate (<0.01):1.000000, Success rate (<0.001):0.000000
X=[-1.0,-0.8], PQ=[-0.8,-0.6]: count:10, ill:0, Ang_MAX:7.392674e-03, Vol_MAX:1.467943e-03, Ang_mean+-std:4.134074e-03+-2.310833e-03, Vol_mean+-std:9.025574e-04+-3.829511e-04, P_MAX:6.644e-03, Q_MAX:4.336e-03, P_mean+-std:3.975e-03+-1.789e-03, Q_mean+-std:2.888e-03+-9.159e-04, P_RMSE:2.275e-03, Q_RMSE:1.664e-03, Success rate (<0.1):1.000000, Success rate (<0.01):1.000000, Success rate (<0.001):0.000000
X=[-1.0,-0.8], PQ=[-0.6,-0.4]: count:10, ill:0, Ang_MAX:8.309096e-03, Vol_MAX:9.604692e-04, Ang_mean+-std:3.131419e-03+-2.654551e-03, Vol_mean+-std:6.659865e-04+-2.108222e-04, P_MAX:7.440e-03, Q_MAX:3.823e-03, P_mean+-std:2.989e-03+-1.921e-03, Q_mean+-std:2.326e-03+-7.461e-04, P_RMSE:1.941e-03, Q_RMSE:1.345e-03, Success rate (<0.1):1.000000, Success rate (<0.01):1.000000, Success rate (<0.001):0.000000
X=[-1.0,-0.8], PQ=[-0.4,-0.2]: count:10, ill:0, Ang_MAX:5.339146e-03, Vol_MAX:6.083250e-04, Ang_mean+-std:2.556489e-03+-1.426427e-03, Vol_mean+-std:2.817035e-04+-1.375969e-04, P_MAX:3.986e-03, Q_MAX:1.970e-03, P_mean+-std:2.273e-03+-9.663e-04, Q_mean+-std:1.190e-03+-3.139e-04, P_RMSE:1.394e-03, Q_RMSE:6.664e-04, Success rate (<0.1):1.000000, Success rate (<0.01):1.000000, Success rate (<0.001):0.000000
X=[-1.0,-0.8], PQ=[-0.2,0.0]: count:10, ill:0, Ang_MAX:1.496285e-03, Vol_MAX:2.814531e-04, Ang_mean+-std:5.050674e-04+-4.363281e-04, Vol_mean+-std:1.437187e-04+-6.642436e-05, P_MAX:1.485e-03, Q_MAX:1.009e-03, P_mean+-std:8.156e-04+-3.393e-04, Q_mean+-std:6.476e-04+-1.754e-04, P_RMSE:4.097e-04, Q_RMSE:3.806e-04, Success rate (<0.1):1.000000, Success rate (<0.01):1.000000, Success rate (<0.001):0.800000
X=[-1.0,-0.8], PQ=[0.0,0.2]: count:10, ill:0, Ang_MAX:3.753870e-03, Vol_MAX:3.973246e-04, Ang_mean+-std:8.835122e-04+-1.351504e-03, Vol_mean+-std:1.777530e-04+-9.565414e-05, P_MAX:2.974e-03, Q_MAX:1.082e-03, P_mean+-std:1.104e-03+-8.329e-04, Q_mean+-std:6.371e-04+-1.775e-04, P_RMSE:8.063e-04, Q_RMSE:3.878e-04, Success rate (<0.1):1.000000, Success rate (<0.01):1.000000, Success rate (<0.001):0.700000
X=[-1.0,-0.8], PQ=[0.2,0.4]: count:10, ill:0, Ang_MAX:5.099267e-03, Vol_MAX:1.612544e-03, Ang_mean+-std:1.895916e-03+-1.324137e-03, Vol_mean+-std:5.833745e-04+-4.416897e-04, P_MAX:4.247e-03, Q_MAX:3.569e-03, P_mean+-std:1.833e-03+-9.254e-04, Q_mean+-std:1.768e-03+-8.508e-04, P_RMSE:1.163e-03, Q_RMSE:9.922e-04, Success rate (<0.1):1.000000, Success rate (<0.01):1.000000, Success rate (<0.001):0.000000
X=[-1.0,-0.8], PQ=[0.4,0.6]: count:10, ill:0, Ang_MAX:4.669458e-03, Vol_MAX:1.596212e-03, Ang_mean+-std:2.181035e-03+-1.483331e-03, Vol_mean+-std:8.250952e-04+-3.576836e-04, P_MAX:4.591e-03, Q_MAX:4.779e-03, P_mean+-std:2.644e-03+-1.059e-03, Q_mean+-std:2.990e-03+-1.029e-03, P_RMSE:1.384e-03, Q_RMSE:1.514e-03, Success rate (<0.1):1.000000, Success rate (<0.01):1.000000, Success rate (<0.001):0.000000
X=[-1.0,-0.8], PQ=[0.6,0.8]: count:10, ill:0, Ang_MAX:5.398512e-03, Vol_MAX:1.714468e-03, Ang_mean+-std:2.777544e-03+-1.679402e-03, Vol_mean+-std:7.279634e-04+-4.532425e-04, P_MAX:4.493e-03, Q_MAX:5.666e-03, P_mean+-std:2.961e-03+-1.078e-03, Q_mean+-std:3.311e-03+-1.169e-03, P_RMSE:1.587e-03, Q_RMSE:1.848e-03, Success rate (<0.1):1.000000, Success rate (<0.01):1.000000, Success rate (<0.001):0.000000
X=[-1.0,-0.8], PQ=[0.8,1.0]: count:10, ill:0, Ang_MAX:8.565664e-03, Vol_MAX:1.823902e-03, Ang_mean+-std:3.745845e-03+-2.450441e-03, Vol_mean+-std:8.582950e-04+-4.614143e-04, P_MAX:8.042e-03, Q_MAX:5.842e-03, P_mean+-std:4.297e-03+-2.029e-03, Q_mean+-std:3.678e-03+-1.364e-03, P_RMSE:2.274e-03, Q_RMSE:1.979e-03, Success rate (<0.1):1.000000, Success rate (<0.01):1.000000, Success rate (<0.001):0.000000
X=[-1.0,-0.8], PQ=[1.0,1.2]: count:10, ill:0, Ang_MAX:1.748753e-02, Vol_MAX:2.347112e-03, Ang_mean+-std:6.928276e-03+-5.829938e-03, Vol_mean+-std:1.362967e-03+-6.178253e-04, P_MAX:1.195e-02, Q_MAX:8.745e-03, P_mean+-std:6.454e-03+-3.599e-03, Q_mean+-std:5.306e-03+-2.264e-03, P_RMSE:4.267e-03, Q_RMSE:2.967e-03, Success rate (<0.1):1.000000, Success rate (<0.01):0.700000, Success rate (<0.001):0.000000
X=[-1.0,-0.8], PQ=[1.2,1.4]: count:10, ill:0, Ang_MAX:1.743637e-02, Vol_MAX:2.524853e-03, Ang_mean+-std:6.850958e-03+-4.953835e-03, Vol_mean+-std:1.022589e-03+-5.696624e-04, P_MAX:1.740e-02, Q_MAX:8.830e-03, P_mean+-std:6.994e-03+-4.268e-03, Q_mean+-std:4.216e-03+-2.064e-03, P_RMSE:4.052e-03, Q_RMSE:2.705e-03, Success rate (<0.1):1.000000, Success rate (<0.01):0.900000, Success rate (<0.001):0.000000
X=[-1.0,-0.8], PQ=[1.4,1.6]: count:10, ill:0, Ang_MAX:1.413357e-02, Vol_MAX:3.178477e-03, Ang_mean+-std:6.868549e-03+-3.823568e-03, Vol_mean+-std:1.206565e-03+-8.390393e-04, P_MAX:1.119e-02, Q_MAX:1.150e-02, P_mean+-std:6.313e-03+-3.043e-03, Q_mean+-std:5.247e-03+-2.899e-03, P_RMSE:3.717e-03, Q_RMSE:3.250e-03, Success rate (<0.1):1.000000, Success rate (<0.01):0.700000, Success rate (<0.001):0.000000
X=[-1.0,-0.8], PQ=[1.6,1.8]: count:10, ill:0, Ang_MAX:2.180094e-02, Vol_MAX:3.218174e-03, Ang_mean+-std:8.439098e-03+-6.550410e-03, Vol_mean+-std:1.747060e-03+-8.720386e-04, P_MAX:2.068e-02, Q_MAX:1.309e-02, P_mean+-std:8.987e-03+-5.556e-03, Q_mean+-std:6.749e-03+-2.725e-03, P_RMSE:5.157e-03, Q_RMSE:4.027e-03, Success rate (<0.1):1.000000, Success rate (<0.01):0.700000, Success rate (<0.001):0.000000
X=[-1.0,-0.8], PQ=[1.8,2.0]: count:10, ill:0, Ang_MAX:3.336426e-02, Vol_MAX:4.758716e-03, Ang_mean+-std:1.179571e-02+-1.084905e-02, Vol_mean+-std:2.504802e-03+-1.080006e-03, P_MAX:3.140e-02, Q_MAX:1.017e-02, P_mean+-std:1.184e-02+-9.191e-03, Q_mean+-std:7.430e-03+-1.865e-03, P_RMSE:7.625e-03, Q_RMSE:4.117e-03, Success rate (<0.1):1.000000, Success rate (<0.01):0.400000, Success rate (<0.001):0.000000
X=[-0.8,-0.6], PQ=[-2.0,-1.8]: count:10, ill:0, Ang_MAX:2.366687e-02, Vol_MAX:4.112363e-03, Ang_mean+-std:1.484649e-02+-7.701332e-03, Vol_mean+-std:1.884377e-03+-9.617507e-04, P_MAX:2.551e-02, Q_MAX:1.123e-02, P_mean+-std:1.357e-02+-7.073e-03, Q_mean+-std:6.468e-03+-2.296e-03, P_RMSE:7.905e-03, Q_RMSE:3.484e-03, Success rate (<0.1):1.000000, Success rate (<0.01):0.400000, Success rate (<0.001):0.000000
X=[-0.8,-0.6], PQ=[-1.8,-1.6]: count:10, ill:0, Ang_MAX:3.269023e-02, Vol_MAX:2.360821e-03, Ang_mean+-std:1.201654e-02+-9.020093e-03, Vol_mean+-std:1.483023e-03+-6.824904e-04, P_MAX:2.495e-02, Q_MAX:1.094e-02, P_mean+-std:1.112e-02+-6.539e-03, Q_mean+-std:5.981e-03+-2.448e-03, P_RMSE:7.023e-03, Q_RMSE:3.906e-03, Success rate (<0.1):1.000000, Success rate (<0.01):0.600000, Success rate (<0.001):0.000000
X=[-0.8,-0.6], PQ=[-1.6,-1.4]: count:10, ill:0, Ang_MAX:1.755082e-02, Vol_MAX:3.387213e-03, Ang_mean+-std:7.409467e-03+-5.185679e-03, Vol_mean+-std:1.446021e-03+-7.868117e-04, P_MAX:1.469e-02, Q_MAX:1.094e-02, P_mean+-std:7.238e-03+-4.141e-03, Q_mean+-std:5.667e-03+-2.171e-03, P_RMSE:4.355e-03, Q_RMSE:3.174e-03, Success rate (<0.1):1.000000, Success rate (<0.01):0.700000, Success rate (<0.001):0.000000
X=[-0.8,-0.6], PQ=[-1.4,-1.2]: count:10, ill:0, Ang_MAX:1.806572e-02, Vol_MAX:3.933191e-03, Ang_mean+-std:8.052665e-03+-5.465501e-03, Vol_mean+-std:1.721263e-03+-1.068567e-03, P_MAX:1.754e-02, Q_MAX:1.196e-02, P_mean+-std:7.461e-03+-4.505e-03, Q_mean+-std:6.097e-03+-3.155e-03, P_RMSE:4.581e-03, Q_RMSE:3.656e-03, Success rate (<0.1):1.000000, Success rate (<0.01):0.600000, Success rate (<0.001):0.000000
X=[-0.8,-0.6], PQ=[-1.2,-1.0]: count:10, ill:0, Ang_MAX:1.487827e-02, Vol_MAX:2.779126e-03, Ang_mean+-std:6.761080e-03+-4.986352e-03, Vol_mean+-std:1.547515e-03+-7.558654e-04, P_MAX:1.117e-02, Q_MAX:8.797e-03, P_mean+-std:5.960e-03+-3.492e-03, Q_mean+-std:4.824e-03+-2.157e-03, P_RMSE:3.940e-03, Q_RMSE:2.806e-03, Success rate (<0.1):1.000000, Success rate (<0.01):0.700000, Success rate (<0.001):0.000000
X=[-0.8,-0.6], PQ=[-1.0,-0.8]: count:10, ill:0, Ang_MAX:8.540810e-03, Vol_MAX:1.540184e-03, Ang_mean+-std:2.579226e-03+-2.175535e-03, Vol_mean+-std:9.638309e-04+-4.482849e-04, P_MAX:8.152e-03, Q_MAX:5.815e-03, P_mean+-std:3.342e-03+-1.773e-03, Q_mean+-std:3.586e-03+-1.287e-03, P_RMSE:1.758e-03, Q_RMSE:2.220e-03, Success rate (<0.1):1.000000, Success rate (<0.01):1.000000, Success rate (<0.001):0.000000
X=[-0.8,-0.6], PQ=[-0.8,-0.6]: count:10, ill:0, Ang_MAX:9.461492e-03, Vol_MAX:9.983778e-04, Ang_mean+-std:4.275705e-03+-2.503762e-03, Vol_mean+-std:5.692124e-04+-2.190401e-04, P_MAX:7.269e-03, Q_MAX:4.937e-03, P_mean+-std:3.816e-03+-1.596e-03, Q_mean+-std:2.486e-03+-1.166e-03, P_RMSE:2.341e-03, Q_RMSE:1.492e-03, Success rate (<0.1):1.000000, Success rate (<0.01):1.000000, Success rate (<0.001):0.000000
X=[-0.8,-0.6], PQ=[-0.6,-0.4]: count:10, ill:0, Ang_MAX:5.148828e-03, Vol_MAX:8.281469e-04, Ang_mean+-std:2.514233e-03+-1.519217e-03, Vol_mean+-std:3.822207e-04+-1.974793e-04, P_MAX:5.227e-03, Q_MAX:3.154e-03, P_mean+-std:2.382e-03+-1.159e-03, Q_mean+-std:1.645e-03+-5.520e-04, P_RMSE:1.452e-03, Q_RMSE:9.047e-04, Success rate (<0.1):1.000000, Success rate (<0.01):1.000000, Success rate (<0.001):0.000000
X=[-0.8,-0.6], PQ=[-0.4,-0.2]: count:10, ill:0, Ang_MAX:4.813969e-03, Vol_MAX:8.591413e-04, Ang_mean+-std:1.563303e-03+-1.328732e-03, Vol_mean+-std:3.567696e-04+-2.164373e-04, P_MAX:3.589e-03, Q_MAX:2.973e-03, P_mean+-std:1.493e-03+-8.293e-04, Q_mean+-std:1.404e-03+-6.854e-04, P_RMSE:1.016e-03, Q_RMSE:8.155e-04, Success rate (<0.1):1.000000, Success rate (<0.01):1.000000, Success rate (<0.001):0.100000
X=[-0.8,-0.6], PQ=[-0.2,0.0]: count:10, ill:0, Ang_MAX:9.779036e-04, Vol_MAX:3.795624e-04, Ang_mean+-std:3.426492e-04+-3.028856e-04, Vol_mean+-std:1.614928e-04+-8.682271e-05, P_MAX:1.294e-03, Q_MAX:1.292e-03, P_mean+-std:7.850e-04+-2.377e-04, Q_mean+-std:6.299e-04+-2.580e-04, P_RMSE:3.803e-04, Q_RMSE:3.632e-04, Success rate (<0.1):1.000000, Success rate (<0.01):1.000000, Success rate (<0.001):0.800000
X=[-0.8,-0.6], PQ=[0.0,0.2]: count:10, ill:0, Ang_MAX:1.315385e-03, Vol_MAX:3.132820e-04, Ang_mean+-std:7.346123e-04+-3.531937e-04, Vol_mean+-std:1.832128e-04+-6.944316e-05, P_MAX:1.414e-03, Q_MAX:9.847e-04, P_mean+-std:9.459e-04+-2.372e-04, Q_mean+-std:6.950e-04+-1.683e-04, P_RMSE:5.106e-04, Q_RMSE:3.952e-04, Success rate (<0.1):1.000000, Success rate (<0.01):1.000000, Success rate (<0.001):0.500000
X=[-0.8,-0.6], PQ=[0.2,0.4]: count:10, ill:0, Ang_MAX:3.926933e-03, Vol_MAX:3.639460e-04, Ang_mean+-std:1.651603e-03+-9.426580e-04, Vol_mean+-std:2.369046e-04+-8.238977e-05, P_MAX:3.245e-03, Q_MAX:1.685e-03, P_mean+-std:1.617e-03+-6.729e-04, Q_mean+-std:1.084e-03+-2.584e-04, P_RMSE:9.761e-04, Q_RMSE:6.061e-04, Success rate (<0.1):1.000000, Success rate (<0.01):1.000000, Success rate (<0.001):0.100000
X=[-0.8,-0.6], PQ=[0.4,0.6]: count:10, ill:0, Ang_MAX:7.309883e-03, Vol_MAX:1.326561e-03, Ang_mean+-std:3.559914e-03+-2.365596e-03, Vol_mean+-std:5.893350e-04+-3.115642e-04, P_MAX:6.820e-03, Q_MAX:4.279e-03, P_mean+-std:3.078e-03+-1.744e-03, Q_mean+-std:2.105e-03+-1.002e-03, P_RMSE:2.015e-03, Q_RMSE:1.204e-03, Success rate (<0.1):1.000000, Success rate (<0.01):1.000000, Success rate (<0.001):0.000000
X=[-0.8,-0.6], PQ=[0.6,0.8]: count:10, ill:0, Ang_MAX:9.361415e-03, Vol_MAX:2.100468e-03, Ang_mean+-std:3.812145e-03+-2.609165e-03, Vol_mean+-std:7.720947e-04+-5.420735e-04, P_MAX:8.764e-03, Q_MAX:6.206e-03, P_mean+-std:3.707e-03+-2.044e-03, Q_mean+-std:2.593e-03+-1.370e-03, P_RMSE:2.232e-03, Q_RMSE:1.560e-03, Success rate (<0.1):1.000000, Success rate (<0.01):1.000000, Success rate (<0.001):0.000000
X=[-0.8,-0.6], PQ=[0.8,1.0]: count:10, ill:0, Ang_MAX:1.224920e-02, Vol_MAX:2.294779e-03, Ang_mean+-std:6.291704e-03+-3.964722e-03, Vol_mean+-std:1.419568e-03+-6.669288e-04, P_MAX:1.231e-02, Q_MAX:9.080e-03, P_mean+-std:6.084e-03+-3.363e-03, Q_mean+-std:4.584e-03+-1.825e-03, P_RMSE:3.517e-03, Q_RMSE:2.307e-03, Success rate (<0.1):1.000000, Success rate (<0.01):0.800000, Success rate (<0.001):0.000000
X=[-0.8,-0.6], PQ=[1.0,1.2]: count:10, ill:0, Ang_MAX:1.277037e-02, Vol_MAX:2.087116e-03, Ang_mean+-std:5.459183e-03+-3.481597e-03, Vol_mean+-std:1.281548e-03+-4.609037e-04, P_MAX:1.005e-02, Q_MAX:6.275e-03, P_mean+-std:5.137e-03+-2.271e-03, Q_mean+-std:4.205e-03+-8.844e-04, P_RMSE:3.087e-03, Q_RMSE:2.473e-03, Success rate (<0.1):1.000000, Success rate (<0.01):0.900000, Success rate (<0.001):0.000000
X=[-0.8,-0.6], PQ=[1.2,1.4]: count:10, ill:0, Ang_MAX:1.770896e-02, Vol_MAX:2.550602e-03, Ang_mean+-std:1.012432e-02+-4.867113e-03, Vol_mean+-std:1.385427e-03+-6.958400e-04, P_MAX:1.415e-02, Q_MAX:1.012e-02, P_mean+-std:8.580e-03+-3.522e-03, Q_mean+-std:5.346e-03+-1.893e-03, P_RMSE:5.257e-03, Q_RMSE:3.178e-03, Success rate (<0.1):1.000000, Success rate (<0.01):0.600000, Success rate (<0.001):0.000000
X=[-0.8,-0.6], PQ=[1.4,1.6]: count:10, ill:0, Ang_MAX:9.473116e-03, Vol_MAX:2.761483e-03, Ang_mean+-std:5.351488e-03+-2.196687e-03, Vol_mean+-std:1.396823e-03+-7.810614e-04, P_MAX:8.463e-03, Q_MAX:9.787e-03, P_mean+-std:6.475e-03+-1.529e-03, Q_mean+-std:5.574e-03+-2.169e-03, P_RMSE:3.069e-03, Q_RMSE:2.968e-03, Success rate (<0.1):1.000000, Success rate (<0.01):1.000000, Success rate (<0.001):0.000000
X=[-0.8,-0.6], PQ=[1.6,1.8]: count:10, ill:0, Ang_MAX:1.912120e-02, Vol_MAX:3.515840e-03, Ang_mean+-std:8.879232e-03+-5.842933e-03, Vol_mean+-std:1.475942e-03+-7.270405e-04, P_MAX:1.543e-02, Q_MAX:8.082e-03, P_mean+-std:8.707e-03+-3.952e-03, Q_mean+-std:5.314e-03+-1.545e-03, P_RMSE:5.176e-03, Q_RMSE:3.096e-03, Success rate (<0.1):1.000000, Success rate (<0.01):0.700000, Success rate (<0.001):0.000000
X=[-0.8,-0.6], PQ=[1.8,2.0]: count:10, ill:0, Ang_MAX:2.676436e-02, Vol_MAX:4.019856e-03, Ang_mean+-std:1.220110e-02+-6.845355e-03, Vol_mean+-std:2.259433e-03+-1.085143e-03, P_MAX:2.112e-02, Q_MAX:1.193e-02, P_mean+-std:1.136e-02+-4.617e-03, Q_mean+-std:7.648e-03+-2.438e-03, P_RMSE:6.705e-03, Q_RMSE:4.865e-03, Success rate (<0.1):1.000000, Success rate (<0.01):0.300000, Success rate (<0.001):0.000000
X=[-0.6,-0.4], PQ=[-2.0,-1.8]: count:10, ill:0, Ang_MAX:2.945979e-02, Vol_MAX:5.297542e-03, Ang_mean+-std:1.371164e-02+-1.040189e-02, Vol_mean+-std:2.160227e-03+-1.442896e-03, P_MAX:2.882e-02, Q_MAX:8.787e-03, P_mean+-std:1.285e-02+-8.512e-03, Q_mean+-std:6.633e-03+-1.658e-03, P_RMSE:8.170e-03, Q_RMSE:3.661e-03, Success rate (<0.1):1.000000, Success rate (<0.01):0.700000, Success rate (<0.001):0.000000
X=[-0.6,-0.4], PQ=[-1.8,-1.6]: count:10, ill:0, Ang_MAX:1.843616e-02, Vol_MAX:4.367948e-03, Ang_mean+-std:1.089511e-02+-4.639816e-03, Vol_mean+-std:2.593327e-03+-1.117282e-03, P_MAX:1.686e-02, Q_MAX:1.115e-02, P_mean+-std:1.071e-02+-3.399e-03, Q_mean+-std:7.391e-03+-2.181e-03, P_RMSE:5.638e-03, Q_RMSE:3.749e-03, Success rate (<0.1):1.000000, Success rate (<0.01):0.300000, Success rate (<0.001):0.000000
X=[-0.6,-0.4], PQ=[-1.6,-1.4]: count:10, ill:0, Ang_MAX:2.188256e-02, Vol_MAX:2.635717e-03, Ang_mean+-std:9.952080e-03+-7.656826e-03, Vol_mean+-std:1.646602e-03+-6.276784e-04, P_MAX:2.256e-02, Q_MAX:6.572e-03, P_mean+-std:9.833e-03+-5.910e-03, Q_mean+-std:5.528e-03+-1.022e-03, P_RMSE:5.961e-03, Q_RMSE:2.960e-03, Success rate (<0.1):1.000000, Success rate (<0.01):0.600000, Success rate (<0.001):0.000000
X=[-0.6,-0.4], PQ=[-1.4,-1.2]: count:10, ill:0, Ang_MAX:1.962870e-02, Vol_MAX:3.486872e-03, Ang_mean+-std:7.605734e-03+-5.517868e-03, Vol_mean+-std:1.599514e-03+-8.587074e-04, P_MAX:1.715e-02, Q_MAX:1.019e-02, P_mean+-std:7.834e-03+-4.118e-03, Q_mean+-std:6.099e-03+-2.237e-03, P_RMSE:4.484e-03, Q_RMSE:3.299e-03, Success rate (<0.1):1.000000, Success rate (<0.01):0.600000, Success rate (<0.001):0.000000
X=[-0.6,-0.4], PQ=[-1.2,-1.0]: count:10, ill:0, Ang_MAX:1.582873e-02, Vol_MAX:3.025413e-03, Ang_mean+-std:7.145841e-03+-3.855337e-03, Vol_mean+-std:1.182830e-03+-8.422164e-04, P_MAX:1.334e-02, Q_MAX:7.723e-03, P_mean+-std:6.327e-03+-3.030e-03, Q_mean+-std:4.641e-03+-1.745e-03, P_RMSE:3.784e-03, Q_RMSE:2.786e-03, Success rate (<0.1):1.000000, Success rate (<0.01):0.900000, Success rate (<0.001):0.000000
X=[-0.6,-0.4], PQ=[-1.0,-0.8]: count:10, ill:0, Ang_MAX:1.631409e-02, Vol_MAX:2.284527e-03, Ang_mean+-std:5.524890e-03+-4.653015e-03, Vol_mean+-std:1.201880e-03+-6.510555e-04, P_MAX:1.227e-02, Q_MAX:8.211e-03, P_mean+-std:5.334e-03+-3.562e-03, Q_mean+-std:4.237e-03+-1.878e-03, P_RMSE:3.398e-03, Q_RMSE:2.746e-03, Success rate (<0.1):1.000000, Success rate (<0.01):0.800000, Success rate (<0.001):0.000000
X=[-0.6,-0.4], PQ=[-0.8,-0.6]: count:10, ill:0, Ang_MAX:8.056044e-03, Vol_MAX:2.322435e-03, Ang_mean+-std:4.233393e-03+-2.303089e-03, Vol_mean+-std:9.932160e-04+-5.800265e-04, P_MAX:7.090e-03, Q_MAX:5.422e-03, P_mean+-std:3.785e-03+-1.834e-03, Q_mean+-std:2.924e-03+-1.191e-03, P_RMSE:2.255e-03, Q_RMSE:1.700e-03, Success rate (<0.1):1.000000, Success rate (<0.01):1.000000, Success rate (<0.001):0.000000
X=[-0.6,-0.4], PQ=[-0.6,-0.4]: count:10, ill:0, Ang_MAX:1.079714e-02, Vol_MAX:1.330256e-03, Ang_mean+-std:4.907614e-03+-2.983092e-03, Vol_mean+-std:8.066177e-04+-3.369331e-04, P_MAX:8.667e-03, Q_MAX:5.707e-03, P_mean+-std:4.257e-03+-2.340e-03, Q_mean+-std:2.701e-03+-1.480e-03, P_RMSE:2.680e-03, Q_RMSE:1.717e-03, Success rate (<0.1):1.000000, Success rate (<0.01):1.000000, Success rate (<0.001):0.000000
X=[-0.6,-0.4], PQ=[-0.4,-0.2]: count:10, ill:0, Ang_MAX:3.285885e-03, Vol_MAX:6.732941e-04, Ang_mean+-std:2.032520e-03+-9.580850e-04, Vol_mean+-std:3.338575e-04+-1.745801e-04, P_MAX:4.030e-03, Q_MAX:2.472e-03, P_mean+-std:2.091e-03+-8.835e-04, Q_mean+-std:1.207e-03+-5.886e-04, P_RMSE:1.122e-03, Q_RMSE:7.599e-04, Success rate (<0.1):1.000000, Success rate (<0.01):1.000000, Success rate (<0.001):0.000000
X=[-0.6,-0.4], PQ=[-0.2,0.0]: count:10, ill:0, Ang_MAX:2.001494e-03, Vol_MAX:2.238750e-04, Ang_mean+-std:6.142408e-04+-5.922547e-04, Vol_mean+-std:1.305103e-04+-5.060877e-05, P_MAX:1.644e-03, Q_MAX:1.383e-03, P_mean+-std:8.302e-04+-3.616e-04, Q_mean+-std:6.628e-04+-3.227e-04, P_RMSE:5.031e-04, Q_RMSE:4.214e-04, Success rate (<0.1):1.000000, Success rate (<0.01):1.000000, Success rate (<0.001):0.700000
X=[-0.6,-0.4], PQ=[0.0,0.2]: count:10, ill:0, Ang_MAX:1.594305e-03, Vol_MAX:2.725124e-04, Ang_mean+-std:5.750567e-04+-4.570921e-04, Vol_mean+-std:1.564384e-04+-5.316133e-05, P_MAX:1.520e-03, Q_MAX:9.479e-04, P_mean+-std:8.029e-04+-2.656e-04, Q_mean+-std:6.161e-04+-1.878e-04, P_RMSE:4.514e-04, Q_RMSE:3.906e-04, Success rate (<0.1):1.000000, Success rate (<0.01):1.000000, Success rate (<0.001):0.900000
X=[-0.6,-0.4], PQ=[0.2,0.4]: count:10, ill:0, Ang_MAX:2.960026e-03, Vol_MAX:7.721186e-04, Ang_mean+-std:1.775832e-03+-8.481791e-04, Vol_mean+-std:3.872395e-04+-1.865002e-04, P_MAX:2.514e-03, Q_MAX:2.407e-03, P_mean+-std:1.779e-03+-6.041e-04, Q_mean+-std:1.289e-03+-4.558e-04, P_RMSE:1.022e-03, Q_RMSE:6.928e-04, Success rate (<0.1):1.000000, Success rate (<0.01):1.000000, Success rate (<0.001):0.000000
X=[-0.6,-0.4], PQ=[0.4,0.6]: count:10, ill:0, Ang_MAX:5.454958e-03, Vol_MAX:1.471877e-03, Ang_mean+-std:3.160532e-03+-1.444030e-03, Vol_mean+-std:6.949425e-04+-3.981776e-04, P_MAX:5.230e-03, Q_MAX:5.660e-03, P_mean+-std:3.230e-03+-1.149e-03, Q_mean+-std:2.649e-03+-1.423e-03, P_RMSE:1.678e-03, Q_RMSE:1.565e-03, Success rate (<0.1):1.000000, Success rate (<0.01):1.000000, Success rate (<0.001):0.000000
X=[-0.6,-0.4], PQ=[0.6,0.8]: count:10, ill:0, Ang_MAX:8.231758e-03, Vol_MAX:1.850605e-03, Ang_mean+-std:3.032434e-03+-2.507379e-03, Vol_mean+-std:7.440805e-04+-5.724099e-04, P_MAX:7.355e-03, Q_MAX:4.415e-03, P_mean+-std:3.232e-03+-1.884e-03, Q_mean+-std:2.247e-03+-9.849e-04, P_RMSE:1.901e-03, Q_RMSE:1.304e-03, Success rate (<0.1):1.000000, Success rate (<0.01):1.000000, Success rate (<0.001):0.000000
X=[-0.6,-0.4], PQ=[0.8,1.0]: count:10, ill:0, Ang_MAX:1.616871e-02, Vol_MAX:2.096415e-03, Ang_mean+-std:6.633933e-03+-4.354467e-03, Vol_mean+-std:1.035321e-03+-5.492295e-04, P_MAX:1.272e-02, Q_MAX:6.352e-03, P_mean+-std:5.612e-03+-2.991e-03, Q_mean+-std:3.385e-03+-1.221e-03, P_RMSE:3.708e-03, Q_RMSE:1.852e-03, Success rate (<0.1):1.000000, Success rate (<0.01):0.900000, Success rate (<0.001):0.000000
X=[-0.6,-0.4], PQ=[1.0,1.2]: count:10, ill:0, Ang_MAX:2.183518e-02, Vol_MAX:2.329111e-03, Ang_mean+-std:7.264198e-03+-5.612008e-03, Vol_mean+-std:1.268852e-03+-5.732939e-04, P_MAX:1.657e-02, Q_MAX:6.603e-03, P_mean+-std:7.061e-03+-3.833e-03, Q_mean+-std:4.489e-03+-1.338e-03, P_RMSE:4.319e-03, Q_RMSE:2.311e-03, Success rate (<0.1):1.000000, Success rate (<0.01):0.800000, Success rate (<0.001):0.000000
X=[-0.6,-0.4], PQ=[1.2,1.4]: count:10, ill:0, Ang_MAX:1.496464e-02, Vol_MAX:3.677368e-03, Ang_mean+-std:8.512659e-03+-4.620863e-03, Vol_mean+-std:1.783752e-03+-1.119905e-03, P_MAX:1.182e-02, Q_MAX:1.194e-02, P_mean+-std:7.389e-03+-3.186e-03, Q_mean+-std:5.782e-03+-2.523e-03, P_RMSE:4.602e-03, Q_RMSE:3.528e-03, Success rate (<0.1):1.000000, Success rate (<0.01):0.600000, Success rate (<0.001):0.000000
X=[-0.6,-0.4], PQ=[1.4,1.6]: count:10, ill:0, Ang_MAX:1.620638e-02, Vol_MAX:2.582788e-03, Ang_mean+-std:5.609463e-03+-4.782560e-03, Vol_mean+-std:1.226807e-03+-5.616230e-04, P_MAX:1.116e-02, Q_MAX:6.405e-03, P_mean+-std:5.189e-03+-3.093e-03, Q_mean+-std:4.764e-03+-1.049e-03, P_RMSE:3.489e-03, Q_RMSE:2.814e-03, Success rate (<0.1):1.000000, Success rate (<0.01):0.900000, Success rate (<0.001):0.000000
X=[-0.6,-0.4], PQ=[1.6,1.8]: count:10, ill:0, Ang_MAX:2.560908e-02, Vol_MAX:3.589988e-03, Ang_mean+-std:1.462878e-02+-6.308876e-03, Vol_mean+-std:2.079773e-03+-7.655218e-04, P_MAX:1.948e-02, Q_MAX:1.204e-02, P_mean+-std:1.207e-02+-4.717e-03, Q_mean+-std:7.644e-03+-2.823e-03, P_RMSE:7.336e-03, Q_RMSE:4.512e-03, Success rate (<0.1):1.000000, Success rate (<0.01):0.300000, Success rate (<0.001):0.000000
X=[-0.6,-0.4], PQ=[1.8,2.0]: count:10, ill:0, Ang_MAX:1.944003e-02, Vol_MAX:4.319787e-03, Ang_mean+-std:9.751402e-03+-5.611293e-03, Vol_mean+-std:1.699865e-03+-1.031144e-03, P_MAX:1.699e-02, Q_MAX:1.410e-02, P_mean+-std:1.005e-02+-4.336e-03, Q_mean+-std:7.258e-03+-3.521e-03, P_RMSE:5.394e-03, Q_RMSE:3.965e-03, Success rate (<0.1):1.000000, Success rate (<0.01):0.400000, Success rate (<0.001):0.000000
X=[-0.4,-0.2], PQ=[-2.0,-1.8]: count:10, ill:0, Ang_MAX:2.162477e-02, Vol_MAX:3.417134e-03, Ang_mean+-std:8.348367e-03+-6.706823e-03, Vol_mean+-std:1.689851e-03+-8.900846e-04, P_MAX:1.823e-02, Q_MAX:1.081e-02, P_mean+-std:8.662e-03+-5.099e-03, Q_mean+-std:7.260e-03+-2.242e-03, P_RMSE:5.114e-03, Q_RMSE:4.169e-03, Success rate (<0.1):1.000000, Success rate (<0.01):0.500000, Success rate (<0.001):0.000000
X=[-0.4,-0.2], PQ=[-1.8,-1.6]: count:10, ill:0, Ang_MAX:3.300536e-02, Vol_MAX:2.434850e-03, Ang_mean+-std:9.157795e-03+-8.907855e-03, Vol_mean+-std:1.435661e-03+-7.582641e-04, P_MAX:2.435e-02, Q_MAX:9.211e-03, P_mean+-std:8.611e-03+-6.405e-03, Q_mean+-std:5.413e-03+-2.092e-03, P_RMSE:5.925e-03, Q_RMSE:2.865e-03, Success rate (<0.1):1.000000, Success rate (<0.01):0.800000, Success rate (<0.001):0.000000
X=[-0.4,-0.2], PQ=[-1.6,-1.4]: count:10, ill:0, Ang_MAX:2.428868e-02, Vol_MAX:4.239798e-03, Ang_mean+-std:1.234757e-02+-6.141853e-03, Vol_mean+-std:1.617444e-03+-9.433701e-04, P_MAX:1.980e-02, Q_MAX:1.080e-02, P_mean+-std:1.231e-02+-5.161e-03, Q_mean+-std:6.430e-03+-2.137e-03, P_RMSE:6.579e-03, Q_RMSE:3.749e-03, Success rate (<0.1):1.000000, Success rate (<0.01):0.400000, Success rate (<0.001):0.000000
X=[-0.4,-0.2], PQ=[-1.4,-1.2]: count:10, ill:0, Ang_MAX:1.774362e-02, Vol_MAX:3.073096e-03, Ang_mean+-std:7.095913e-03+-4.912554e-03, Vol_mean+-std:1.638365e-03+-8.042762e-04, P_MAX:1.327e-02, Q_MAX:1.003e-02, P_mean+-std:6.892e-03+-2.891e-03, Q_mean+-std:5.233e-03+-2.182e-03, P_RMSE:4.160e-03, Q_RMSE:2.992e-03, Success rate (<0.1):1.000000, Success rate (<0.01):0.800000, Success rate (<0.001):0.000000
X=[-0.4,-0.2], PQ=[-1.2,-1.0]: count:10, ill:0, Ang_MAX:1.185423e-02, Vol_MAX:2.111435e-03, Ang_mean+-std:6.726739e-03+-3.749089e-03, Vol_mean+-std:8.746505e-04+-5.171616e-04, P_MAX:1.018e-02, Q_MAX:5.844e-03, P_mean+-std:5.816e-03+-2.733e-03, Q_mean+-std:3.452e-03+-1.436e-03, P_RMSE:3.588e-03, Q_RMSE:2.070e-03, Success rate (<0.1):1.000000, Success rate (<0.01):0.900000, Success rate (<0.001):0.000000
X=[-0.4,-0.2], PQ=[-1.0,-0.8]: count:10, ill:0, Ang_MAX:1.048449e-02, Vol_MAX:2.604961e-03, Ang_mean+-std:4.968999e-03+-3.022724e-03, Vol_mean+-std:1.178205e-03+-7.849275e-04, P_MAX:7.673e-03, Q_MAX:8.683e-03, P_mean+-std:4.345e-03+-2.019e-03, Q_mean+-std:4.467e-03+-2.405e-03, P_RMSE:2.723e-03, Q_RMSE:2.797e-03, Success rate (<0.1):1.000000, Success rate (<0.01):1.000000, Success rate (<0.001):0.000000
X=[-0.4,-0.2], PQ=[-0.8,-0.6]: count:10, ill:0, Ang_MAX:1.175320e-02, Vol_MAX:1.719475e-03, Ang_mean+-std:5.882931e-03+-2.811471e-03, Vol_mean+-std:7.676959e-04+-4.164940e-04, P_MAX:9.310e-03, Q_MAX:4.842e-03, P_mean+-std:5.410e-03+-1.961e-03, Q_mean+-std:3.154e-03+-1.164e-03, P_RMSE:3.103e-03, Q_RMSE:1.786e-03, Success rate (<0.1):1.000000, Success rate (<0.01):1.000000, Success rate (<0.001):0.000000
X=[-0.4,-0.2], PQ=[-0.6,-0.4]: count:10, ill:0, Ang_MAX:6.988198e-03, Vol_MAX:1.140237e-03, Ang_mean+-std:2.659319e-03+-1.975160e-03, Vol_mean+-std:4.457951e-04+-2.659823e-04, P_MAX:6.083e-03, Q_MAX:4.168e-03, P_mean+-std:2.560e-03+-1.485e-03, Q_mean+-std:1.943e-03+-1.026e-03, P_RMSE:1.588e-03, Q_RMSE:1.246e-03, Success rate (<0.1):1.000000, Success rate (<0.01):1.000000, Success rate (<0.001):0.100000
X=[-0.4,-0.2], PQ=[-0.4,-0.2]: count:10, ill:0, Ang_MAX:4.094139e-03, Vol_MAX:4.949570e-04, Ang_mean+-std:2.129267e-03+-1.174950e-03, Vol_mean+-std:2.905130e-04+-8.437269e-05, P_MAX:3.996e-03, Q_MAX:1.594e-03, P_mean+-std:1.898e-03+-8.573e-04, Q_mean+-std:1.180e-03+-3.057e-04, P_RMSE:1.179e-03, Q_RMSE:6.478e-04, Success rate (<0.1):1.000000, Success rate (<0.01):1.000000, Success rate (<0.001):0.000000
X=[-0.4,-0.2], PQ=[-0.2,0.0]: count:10, ill:0, Ang_MAX:1.769230e-03, Vol_MAX:3.533363e-04, Ang_mean+-std:6.948948e-04+-5.530316e-04, Vol_mean+-std:1.550198e-04+-7.227407e-05, P_MAX:1.836e-03, Q_MAX:9.751e-04, P_mean+-std:8.829e-04+-4.143e-04, Q_mean+-std:6.586e-04+-1.458e-04, P_RMSE:5.031e-04, Q_RMSE:4.038e-04, Success rate (<0.1):1.000000, Success rate (<0.01):1.000000, Success rate (<0.001):0.800000
X=[-0.4,-0.2], PQ=[0.0,0.2]: count:10, ill:0, Ang_MAX:2.018511e-03, Vol_MAX:3.690720e-04, Ang_mean+-std:7.277354e-04+-5.584033e-04, Vol_mean+-std:1.827240e-04+-9.286434e-05, P_MAX:1.696e-03, Q_MAX:9.869e-04, P_mean+-std:9.812e-04+-3.810e-04, Q_mean+-std:6.420e-04+-1.602e-04, P_RMSE:5.675e-04, Q_RMSE:3.937e-04, Success rate (<0.1):1.000000, Success rate (<0.01):1.000000, Success rate (<0.001):0.600000
X=[-0.4,-0.2], PQ=[0.2,0.4]: count:10, ill:0, Ang_MAX:2.480388e-03, Vol_MAX:6.617308e-04, Ang_mean+-std:1.543242e-03+-6.220396e-04, Vol_mean+-std:2.932906e-04+-2.043817e-04, P_MAX:2.521e-03, Q_MAX:1.654e-03, P_mean+-std:1.572e-03+-5.207e-04, Q_mean+-std:1.042e-03+-4.166e-04, P_RMSE:8.627e-04, Q_RMSE:5.904e-04, Success rate (<0.1):1.000000, Success rate (<0.01):1.000000, Success rate (<0.001):0.100000
X=[-0.4,-0.2], PQ=[0.4,0.6]: count:10, ill:0, Ang_MAX:5.843103e-03, Vol_MAX:1.038671e-03, Ang_mean+-std:2.616188e-03+-1.797260e-03, Vol_mean+-std:5.866647e-04+-3.200565e-04, P_MAX:5.829e-03, Q_MAX:2.623e-03, P_mean+-std:2.574e-03+-1.401e-03, Q_mean+-std:1.991e-03+-4.359e-04, P_RMSE:1.546e-03, Q_RMSE:1.160e-03, Success rate (<0.1):1.000000, Success rate (<0.01):1.000000, Success rate (<0.001):0.000000
X=[-0.4,-0.2], PQ=[0.6,0.8]: count:10, ill:0, Ang_MAX:7.342726e-03, Vol_MAX:2.065182e-03, Ang_mean+-std:4.080702e-03+-2.034878e-03, Vol_mean+-std:1.055229e-03+-5.774711e-04, P_MAX:6.812e-03, Q_MAX:5.525e-03, P_mean+-std:4.131e-03+-1.745e-03, Q_mean+-std:3.368e-03+-1.640e-03, P_RMSE:2.236e-03, Q_RMSE:1.904e-03, Success rate (<0.1):1.000000, Success rate (<0.01):1.000000, Success rate (<0.001):0.000000
X=[-0.4,-0.2], PQ=[0.8,1.0]: count:10, ill:0, Ang_MAX:1.076254e-02, Vol_MAX:2.008677e-03, Ang_mean+-std:4.922539e-03+-3.344374e-03, Vol_mean+-std:9.783030e-04+-5.631015e-04, P_MAX:1.013e-02, Q_MAX:6.420e-03, P_mean+-std:4.315e-03+-2.535e-03, Q_mean+-std:3.836e-03+-1.477e-03, P_RMSE:2.764e-03, Q_RMSE:2.174e-03, Success rate (<0.1):1.000000, Success rate (<0.01):0.900000, Success rate (<0.001):0.000000
X=[-0.4,-0.2], PQ=[1.0,1.2]: count:10, ill:0, Ang_MAX:1.626632e-02, Vol_MAX:2.462745e-03, Ang_mean+-std:8.658373e-03+-4.856988e-03, Vol_mean+-std:1.038051e-03+-5.778128e-04, P_MAX:1.269e-02, Q_MAX:7.045e-03, P_mean+-std:6.896e-03+-3.361e-03, Q_mean+-std:3.961e-03+-1.621e-03, P_RMSE:4.513e-03, Q_RMSE:2.423e-03, Success rate (<0.1):1.000000, Success rate (<0.01):0.800000, Success rate (<0.001):0.000000
X=[-0.4,-0.2], PQ=[1.2,1.4]: count:10, ill:0, Ang_MAX:1.684892e-02, Vol_MAX:2.171397e-03, Ang_mean+-std:9.008790e-03+-4.909652e-03, Vol_mean+-std:1.208282e-03+-4.238181e-04, P_MAX:1.532e-02, Q_MAX:9.296e-03, P_mean+-std:7.996e-03+-3.752e-03, Q_mean+-std:4.802e-03+-1.892e-03, P_RMSE:4.802e-03, Q_RMSE:2.485e-03, Success rate (<0.1):1.000000, Success rate (<0.01):0.600000, Success rate (<0.001):0.000000
X=[-0.4,-0.2], PQ=[1.4,1.6]: count:10, ill:0, Ang_MAX:1.635683e-02, Vol_MAX:3.960848e-03, Ang_mean+-std:8.137979e-03+-5.055374e-03, Vol_mean+-std:1.542890e-03+-1.036698e-03, P_MAX:1.391e-02, Q_MAX:1.109e-02, P_mean+-std:8.525e-03+-3.914e-03, Q_mean+-std:6.344e-03+-2.460e-03, P_RMSE:4.687e-03, Q_RMSE:3.234e-03, Success rate (<0.1):1.000000, Success rate (<0.01):0.500000, Success rate (<0.001):0.000000
X=[-0.4,-0.2], PQ=[1.6,1.8]: count:10, ill:0, Ang_MAX:1.680933e-02, Vol_MAX:3.095508e-03, Ang_mean+-std:1.000632e-02+-5.250768e-03, Vol_mean+-std:1.690042e-03+-6.898972e-04, P_MAX:1.622e-02, Q_MAX:1.027e-02, P_mean+-std:9.989e-03+-4.017e-03, Q_mean+-std:6.743e-03+-1.706e-03, P_RMSE:5.392e-03, Q_RMSE:3.627e-03, Success rate (<0.1):1.000000, Success rate (<0.01):0.300000, Success rate (<0.001):0.000000
X=[-0.4,-0.2], PQ=[1.8,2.0]: count:10, ill:0, Ang_MAX:2.127437e-02, Vol_MAX:5.505919e-03, Ang_mean+-std:1.102541e-02+-6.133906e-03, Vol_mean+-std:2.296114e-03+-1.253622e-03, P_MAX:2.053e-02, Q_MAX:1.493e-02, P_mean+-std:1.041e-02+-5.413e-03, Q_mean+-std:7.777e-03+-3.597e-03, P_RMSE:6.110e-03, Q_RMSE:4.306e-03, Success rate (<0.1):1.000000, Success rate (<0.01):0.600000, Success rate (<0.001):0.000000
X=[-0.2,0.0], PQ=[-2.0,-1.8]: count:10, ill:0, Ang_MAX:1.696461e-02, Vol_MAX:4.321575e-03, Ang_mean+-std:1.009534e-02+-4.872504e-03, Vol_mean+-std:2.339804e-03+-1.017789e-03, P_MAX:1.726e-02, Q_MAX:1.319e-02, P_mean+-std:1.047e-02+-4.722e-03, Q_mean+-std:7.373e-03+-2.960e-03, P_RMSE:5.396e-03, Q_RMSE:4.395e-03, Success rate (<0.1):1.000000, Success rate (<0.01):0.200000, Success rate (<0.001):0.000000
X=[-0.2,0.0], PQ=[-1.8,-1.6]: count:10, ill:0, Ang_MAX:1.913929e-02, Vol_MAX:3.503442e-03, Ang_mean+-std:7.510495e-03+-4.642959e-03, Vol_mean+-std:1.543844e-03+-8.478241e-04, P_MAX:1.784e-02, Q_MAX:1.108e-02, P_mean+-std:7.898e-03+-4.355e-03, Q_mean+-std:5.988e-03+-2.451e-03, P_RMSE:4.255e-03, Q_RMSE:3.856e-03, Success rate (<0.1):1.000000, Success rate (<0.01):0.500000, Success rate (<0.001):0.000000
X=[-0.2,0.0], PQ=[-1.6,-1.4]: count:10, ill:0, Ang_MAX:1.331913e-02, Vol_MAX:3.113151e-03, Ang_mean+-std:8.404054e-03+-3.606905e-03, Vol_mean+-std:1.889396e-03+-8.059127e-04, P_MAX:1.206e-02, Q_MAX:8.994e-03, P_mean+-std:7.857e-03+-3.073e-03, Q_mean+-std:5.947e-03+-1.497e-03, P_RMSE:4.393e-03, Q_RMSE:3.196e-03, Success rate (<0.1):1.000000, Success rate (<0.01):0.600000, Success rate (<0.001):0.000000
X=[-0.2,0.0], PQ=[-1.4,-1.2]: count:10, ill:0, Ang_MAX:1.327306e-02, Vol_MAX:2.055168e-03, Ang_mean+-std:4.420137e-03+-3.934408e-03, Vol_mean+-std:1.069069e-03+-5.278040e-04, P_MAX:9.673e-03, Q_MAX:5.209e-03, P_mean+-std:4.502e-03+-2.959e-03, Q_mean+-std:3.640e-03+-1.233e-03, P_RMSE:2.877e-03, Q_RMSE:2.198e-03, Success rate (<0.1):1.000000, Success rate (<0.01):1.000000, Success rate (<0.001):0.000000
X=[-0.2,0.0], PQ=[-1.2,-1.0]: count:10, ill:0, Ang_MAX:1.185679e-02, Vol_MAX:2.857924e-03, Ang_mean+-std:6.319624e-03+-2.992498e-03, Vol_mean+-std:1.390350e-03+-6.021332e-04, P_MAX:1.014e-02, Q_MAX:1.125e-02, P_mean+-std:6.320e-03+-2.327e-03, Q_mean+-std:4.183e-03+-2.570e-03, P_RMSE:3.387e-03, Q_RMSE:2.735e-03, Success rate (<0.1):1.000000, Success rate (<0.01):0.800000, Success rate (<0.001):0.000000
X=[-0.2,0.0], PQ=[-1.0,-0.8]: count:10, ill:0, Ang_MAX:1.147404e-02, Vol_MAX:2.629638e-03, Ang_mean+-std:5.756700e-03+-3.638298e-03, Vol_mean+-std:9.933829e-04+-6.816775e-04, P_MAX:8.402e-03, Q_MAX:6.934e-03, P_mean+-std:4.980e-03+-2.376e-03, Q_mean+-std:3.089e-03+-1.453e-03, P_RMSE:3.198e-03, Q_RMSE:1.884e-03, Success rate (<0.1):1.000000, Success rate (<0.01):1.000000, Success rate (<0.001):0.000000
X=[-0.2,0.0], PQ=[-0.8,-0.6]: count:10, ill:0, Ang_MAX:1.089668e-02, Vol_MAX:1.660824e-03, Ang_mean+-std:5.921662e-03+-3.326693e-03, Vol_mean+-std:8.175731e-04+-3.855752e-04, P_MAX:9.727e-03, Q_MAX:5.972e-03, P_mean+-std:5.240e-03+-2.788e-03, Q_mean+-std:3.529e-03+-1.197e-03, P_RMSE:3.155e-03, Q_RMSE:2.038e-03, Success rate (<0.1):1.000000, Success rate (<0.01):1.000000, Success rate (<0.001):0.000000
X=[-0.2,0.0], PQ=[-0.6,-0.4]: count:10, ill:0, Ang_MAX:6.894231e-03, Vol_MAX:1.061678e-03, Ang_mean+-std:4.352528e-03+-2.172193e-03, Vol_mean+-std:6.615043e-04+-2.737915e-04, P_MAX:5.798e-03, Q_MAX:3.323e-03, P_mean+-std:3.716e-03+-1.422e-03, Q_mean+-std:2.113e-03+-6.840e-04, P_RMSE:2.252e-03, Q_RMSE:1.139e-03, Success rate (<0.1):1.000000, Success rate (<0.01):1.000000, Success rate (<0.001):0.000000
X=[-0.2,0.0], PQ=[-0.4,-0.2]: count:10, ill:0, Ang_MAX:5.384638e-03, Vol_MAX:5.198717e-04, Ang_mean+-std:1.682295e-03+-1.536840e-03, Vol_mean+-std:2.649903e-04+-1.291127e-04, P_MAX:5.817e-03, Q_MAX:2.081e-03, P_mean+-std:1.807e-03+-1.424e-03, Q_mean+-std:1.188e-03+-4.567e-04, P_RMSE:1.128e-03, Q_RMSE:6.572e-04, Success rate (<0.1):1.000000, Success rate (<0.01):1.000000, Success rate (<0.001):0.200000
X=[-0.2,0.0], PQ=[-0.2,0.0]: count:10, ill:0, Ang_MAX:1.348436e-03, Vol_MAX:4.316568e-04, Ang_mean+-std:5.659968e-04+-4.016426e-04, Vol_mean+-std:1.978159e-04+-1.035885e-04, P_MAX:1.252e-03, Q_MAX:1.719e-03, P_mean+-std:8.976e-04+-2.809e-04, Q_mean+-std:7.803e-04+-3.658e-04, P_RMSE:4.762e-04, Q_RMSE:4.796e-04, Success rate (<0.1):1.000000, Success rate (<0.01):1.000000, Success rate (<0.001):0.500000
X=[-0.2,0.0], PQ=[0.0,0.2]: count:10, ill:0, Ang_MAX:1.949251e-03, Vol_MAX:4.763603e-04, Ang_mean+-std:4.323676e-04+-5.535917e-04, Vol_mean+-std:2.142549e-04+-1.136487e-04, P_MAX:2.119e-03, Q_MAX:2.029e-03, P_mean+-std:8.790e-04+-4.522e-04, Q_mean+-std:7.312e-04+-4.722e-04, P_RMSE:4.539e-04, Q_RMSE:5.262e-04, Success rate (<0.1):1.000000, Success rate (<0.01):1.000000, Success rate (<0.001):0.800000
X=[-0.2,0.0], PQ=[0.2,0.4]: count:10, ill:0, Ang_MAX:3.564090e-03, Vol_MAX:4.465580e-04, Ang_mean+-std:1.867686e-03+-1.078044e-03, Vol_mean+-std:2.625704e-04+-9.637598e-05, P_MAX:2.619e-03, Q_MAX:2.215e-03, P_mean+-std:1.655e-03+-6.953e-04, Q_mean+-std:1.046e-03+-4.905e-04, P_RMSE:1.041e-03, Q_RMSE:5.904e-04, Success rate (<0.1):1.000000, Success rate (<0.01):1.000000, Success rate (<0.001):0.100000
X=[-0.2,0.0], PQ=[0.4,0.6]: count:10, ill:0, Ang_MAX:4.151464e-03, Vol_MAX:1.576304e-03, Ang_mean+-std:2.138476e-03+-1.178804e-03, Vol_mean+-std:7.536530e-04+-4.239746e-04, P_MAX:3.074e-03, Q_MAX:4.726e-03, P_mean+-std:2.037e-03+-7.045e-04, Q_mean+-std:2.790e-03+-1.328e-03, P_RMSE:1.208e-03, Q_RMSE:1.658e-03, Success rate (<0.1):1.000000, Success rate (<0.01):1.000000, Success rate (<0.001):0.000000
X=[-0.2,0.0], PQ=[0.6,0.8]: count:10, ill:0, Ang_MAX:5.678147e-03, Vol_MAX:1.158953e-03, Ang_mean+-std:2.854603e-03+-1.690261e-03, Vol_mean+-std:5.482554e-04+-2.941805e-04, P_MAX:6.026e-03, Q_MAX:4.345e-03, P_mean+-std:3.390e-03+-1.567e-03, Q_mean+-std:2.604e-03+-1.051e-03, P_RMSE:1.708e-03, Q_RMSE:1.280e-03, Success rate (<0.1):1.000000, Success rate (<0.01):1.000000, Success rate (<0.001):0.000000
X=[-0.2,0.0], PQ=[0.8,1.0]: count:10, ill:0, Ang_MAX:9.903550e-03, Vol_MAX:1.695395e-03, Ang_mean+-std:4.482120e-03+-2.467839e-03, Vol_mean+-std:1.012266e-03+-4.552513e-04, P_MAX:6.708e-03, Q_MAX:5.631e-03, P_mean+-std:4.250e-03+-1.767e-03, Q_mean+-std:3.390e-03+-1.419e-03, P_RMSE:2.438e-03, Q_RMSE:1.735e-03, Success rate (<0.1):1.000000, Success rate (<0.01):1.000000, Success rate (<0.001):0.000000
X=[-0.2,0.0], PQ=[1.0,1.2]: count:10, ill:0, Ang_MAX:2.103707e-02, Vol_MAX:1.571536e-03, Ang_mean+-std:6.175011e-03+-6.737811e-03, Vol_mean+-std:9.310961e-04+-3.983605e-04, P_MAX:1.533e-02, Q_MAX:6.354e-03, P_mean+-std:5.758e-03+-5.018e-03, Q_mean+-std:4.203e-03+-1.471e-03, P_RMSE:4.330e-03, Q_RMSE:2.395e-03, Success rate (<0.1):1.000000, Success rate (<0.01):0.800000, Success rate (<0.001):0.000000
X=[-0.2,0.0], PQ=[1.2,1.4]: count:10, ill:0, Ang_MAX:1.605886e-02, Vol_MAX:3.628850e-03, Ang_mean+-std:8.152515e-03+-4.566469e-03, Vol_mean+-std:1.817906e-03+-1.133571e-03, P_MAX:1.379e-02, Q_MAX:1.144e-02, P_mean+-std:7.454e-03+-3.521e-03, Q_mean+-std:6.262e-03+-3.417e-03, P_RMSE:4.393e-03, Q_RMSE:3.688e-03, Success rate (<0.1):1.000000, Success rate (<0.01):0.400000, Success rate (<0.001):0.000000
X=[-0.2,0.0], PQ=[1.4,1.6]: count:10, ill:0, Ang_MAX:2.757710e-02, Vol_MAX:2.841234e-03, Ang_mean+-std:1.071116e-02+-8.930081e-03, Vol_mean+-std:1.324320e-03+-7.730133e-04, P_MAX:2.279e-02, Q_MAX:1.301e-02, P_mean+-std:9.817e-03+-6.448e-03, Q_mean+-std:5.419e-03+-3.412e-03, P_RMSE:6.523e-03, Q_RMSE:3.496e-03, Success rate (<0.1):1.000000, Success rate (<0.01):0.600000, Success rate (<0.001):0.000000
X=[-0.2,0.0], PQ=[1.6,1.8]: count:10, ill:0, Ang_MAX:3.669329e-02, Vol_MAX:3.810287e-03, Ang_mean+-std:1.428936e-02+-1.012926e-02, Vol_mean+-std:2.059031e-03+-9.130979e-04, P_MAX:2.952e-02, Q_MAX:1.495e-02, P_mean+-std:1.222e-02+-7.538e-03, Q_mean+-std:7.353e-03+-3.156e-03, P_RMSE:8.156e-03, Q_RMSE:4.206e-03, Success rate (<0.1):1.000000, Success rate (<0.01):0.400000, Success rate (<0.001):0.000000
X=[-0.2,0.0], PQ=[1.8,2.0]: count:10, ill:0, Ang_MAX:2.385822e-02, Vol_MAX:6.871939e-03, Ang_mean+-std:1.057330e-02+-8.488729e-03, Vol_mean+-std:2.597070e-03+-2.029186e-03, P_MAX:2.238e-02, Q_MAX:1.443e-02, P_mean+-std:9.878e-03+-7.187e-03, Q_mean+-std:8.436e-03+-4.315e-03, P_RMSE:6.389e-03, Q_RMSE:4.646e-03, Success rate (<0.1):1.000000, Success rate (<0.01):0.400000, Success rate (<0.001):0.000000
X=[0.0,0.2], PQ=[-2.0,-1.8]: count:10, ill:0, Ang_MAX:1.581341e-02, Vol_MAX:4.255414e-03, Ang_mean+-std:8.350730e-03+-3.956226e-03, Vol_mean+-std:2.322364e-03+-1.136526e-03, P_MAX:1.242e-02, Q_MAX:1.502e-02, P_mean+-std:8.024e-03+-2.876e-03, Q_mean+-std:7.608e-03+-3.701e-03, P_RMSE:4.470e-03, Q_RMSE:4.502e-03, Success rate (<0.1):1.000000, Success rate (<0.01):0.400000, Success rate (<0.001):0.000000
X=[0.0,0.2], PQ=[-1.8,-1.6]: count:10, ill:0, Ang_MAX:1.354679e-02, Vol_MAX:3.777027e-03, Ang_mean+-std:7.256059e-03+-4.342338e-03, Vol_mean+-std:2.136230e-03+-8.604130e-04, P_MAX:1.283e-02, Q_MAX:1.113e-02, P_mean+-std:7.294e-03+-2.834e-03, Q_mean+-std:8.184e-03+-2.157e-03, P_RMSE:3.983e-03, Q_RMSE:4.400e-03, Success rate (<0.1):1.000000, Success rate (<0.01):0.600000, Success rate (<0.001):0.000000
X=[0.0,0.2], PQ=[-1.6,-1.4]: count:10, ill:0, Ang_MAX:1.674065e-02, Vol_MAX:2.288938e-03, Ang_mean+-std:9.023476e-03+-4.511930e-03, Vol_mean+-std:1.351035e-03+-5.476795e-04, P_MAX:1.409e-02, Q_MAX:7.723e-03, P_mean+-std:7.870e-03+-3.155e-03, Q_mean+-std:4.657e-03+-1.480e-03, P_RMSE:4.738e-03, Q_RMSE:2.742e-03, Success rate (<0.1):1.000000, Success rate (<0.01):0.800000, Success rate (<0.001):0.000000
X=[0.0,0.2], PQ=[-1.4,-1.2]: count:10, ill:0, Ang_MAX:1.761675e-02, Vol_MAX:3.280163e-03, Ang_mean+-std:6.390233e-03+-5.228088e-03, Vol_mean+-std:1.334596e-03+-6.994514e-04, P_MAX:1.436e-02, Q_MAX:1.223e-02, P_mean+-std:6.555e-03+-4.061e-03, Q_mean+-std:4.984e-03+-2.703e-03, P_RMSE:3.989e-03, Q_RMSE:2.750e-03, Success rate (<0.1):1.000000, Success rate (<0.01):0.700000, Success rate (<0.001):0.000000
X=[0.0,0.2], PQ=[-1.2,-1.0]: count:10, ill:0, Ang_MAX:1.852971e-02, Vol_MAX:1.682520e-03, Ang_mean+-std:7.931353e-03+-5.430302e-03, Vol_mean+-std:1.202214e-03+-4.002146e-04, P_MAX:1.450e-02, Q_MAX:7.884e-03, P_mean+-std:7.161e-03+-3.779e-03, Q_mean+-std:4.416e-03+-1.792e-03, P_RMSE:4.464e-03, Q_RMSE:2.460e-03, Success rate (<0.1):1.000000, Success rate (<0.01):0.700000, Success rate (<0.001):0.000000
X=[0.0,0.2], PQ=[-1.0,-0.8]: count:10, ill:0, Ang_MAX:1.273209e-02, Vol_MAX:2.051353e-03, Ang_mean+-std:6.294523e-03+-4.237082e-03, Vol_mean+-std:1.158643e-03+-4.712700e-04, P_MAX:1.031e-02, Q_MAX:5.553e-03, P_mean+-std:5.731e-03+-2.896e-03, Q_mean+-std:3.889e-03+-1.356e-03, P_RMSE:3.496e-03, Q_RMSE:2.296e-03, Success rate (<0.1):1.000000, Success rate (<0.01):0.900000, Success rate (<0.001):0.000000
X=[0.0,0.2], PQ=[-0.8,-0.6]: count:10, ill:0, Ang_MAX:1.166707e-02, Vol_MAX:1.464963e-03, Ang_mean+-std:5.030449e-03+-3.107128e-03, Vol_mean+-std:6.492496e-04+-3.817602e-04, P_MAX:8.247e-03, Q_MAX:3.579e-03, P_mean+-std:5.059e-03+-1.914e-03, Q_mean+-std:2.374e-03+-7.992e-04, P_RMSE:2.810e-03, Q_RMSE:1.233e-03, Success rate (<0.1):1.000000, Success rate (<0.01):1.000000, Success rate (<0.001):0.000000
X=[0.0,0.2], PQ=[-0.6,-0.4]: count:10, ill:0, Ang_MAX:7.217318e-03, Vol_MAX:9.936094e-04, Ang_mean+-std:3.703630e-03+-1.878935e-03, Vol_mean+-std:5.049825e-04+-2.714658e-04, P_MAX:5.313e-03, Q_MAX:3.629e-03, P_mean+-std:3.252e-03+-1.205e-03, Q_mean+-std:2.319e-03+-7.884e-04, P_RMSE:1.977e-03, Q_RMSE:1.328e-03, Success rate (<0.1):1.000000, Success rate (<0.01):1.000000, Success rate (<0.001):0.000000
X=[0.0,0.2], PQ=[-0.4,-0.2]: count:10, ill:0, Ang_MAX:4.112870e-03, Vol_MAX:8.233786e-04, Ang_mean+-std:1.967691e-03+-9.454839e-04, Vol_mean+-std:3.664732e-04+-2.384907e-04, P_MAX:3.522e-03, Q_MAX:1.869e-03, P_mean+-std:1.925e-03+-7.969e-04, Q_mean+-std:1.183e-03+-4.652e-04, P_RMSE:1.074e-03, Q_RMSE:6.715e-04, Success rate (<0.1):1.000000, Success rate (<0.01):1.000000, Success rate (<0.001):0.000000
X=[0.0,0.2], PQ=[-0.2,0.0]: count:10, ill:0, Ang_MAX:2.037048e-03, Vol_MAX:2.150536e-04, Ang_mean+-std:5.389348e-04+-5.386825e-04, Vol_mean+-std:1.244545e-04+-4.647976e-05, P_MAX:1.825e-03, Q_MAX:7.374e-04, P_mean+-std:7.434e-04+-3.666e-04, Q_mean+-std:5.554e-04+-1.588e-04, P_RMSE:4.583e-04, Q_RMSE:3.447e-04, Success rate (<0.1):1.000000, Success rate (<0.01):1.000000, Success rate (<0.001):0.900000
X=[0.0,0.2], PQ=[0.0,0.2]: count:10, ill:0, Ang_MAX:1.451463e-03, Vol_MAX:4.202127e-04, Ang_mean+-std:4.759356e-04+-3.862857e-04, Vol_mean+-std:1.844287e-04+-9.337192e-05, P_MAX:9.347e-04, Q_MAX:1.234e-03, P_mean+-std:6.496e-04+-1.561e-04, Q_mean+-std:6.435e-04+-2.525e-04, P_RMSE:3.882e-04, Q_RMSE:4.031e-04, Success rate (<0.1):1.000000, Success rate (<0.01):1.000000, Success rate (<0.001):0.900000
X=[0.0,0.2], PQ=[0.2,0.4]: count:10, ill:0, Ang_MAX:3.187627e-03, Vol_MAX:6.251335e-04, Ang_mean+-std:1.481776e-03+-9.233948e-04, Vol_mean+-std:3.250241e-04+-1.381733e-04, P_MAX:2.530e-03, Q_MAX:1.674e-03, P_mean+-std:1.615e-03+-6.470e-04, Q_mean+-std:1.141e-03+-3.071e-04, P_RMSE:9.490e-04, Q_RMSE:6.782e-04, Success rate (<0.1):1.000000, Success rate (<0.01):1.000000, Success rate (<0.001):0.100000
X=[0.0,0.2], PQ=[0.4,0.6]: count:10, ill:0, Ang_MAX:7.239193e-03, Vol_MAX:1.482010e-03, Ang_mean+-std:2.900943e-03+-2.195260e-03, Vol_mean+-std:7.353783e-04+-4.889130e-04, P_MAX:6.277e-03, Q_MAX:4.397e-03, P_mean+-std:3.099e-03+-1.551e-03, Q_mean+-std:2.517e-03+-1.100e-03, P_RMSE:1.790e-03, Q_RMSE:1.374e-03, Success rate (<0.1):1.000000, Success rate (<0.01):1.000000, Success rate (<0.001):0.000000
X=[0.0,0.2], PQ=[0.6,0.8]: count:10, ill:0, Ang_MAX:1.143274e-02, Vol_MAX:1.762748e-03, Ang_mean+-std:4.482080e-03+-3.576264e-03, Vol_mean+-std:7.824659e-04+-4.663785e-04, P_MAX:8.740e-03, Q_MAX:4.555e-03, P_mean+-std:4.007e-03+-2.567e-03, Q_mean+-std:2.707e-03+-9.639e-04, P_RMSE:2.659e-03, Q_RMSE:1.576e-03, Success rate (<0.1):1.000000, Success rate (<0.01):1.000000, Success rate (<0.001):0.000000
X=[0.0,0.2], PQ=[0.8,1.0]: count:10, ill:0, Ang_MAX:1.139313e-02, Vol_MAX:1.621246e-03, Ang_mean+-std:6.714815e-03+-3.448121e-03, Vol_mean+-std:8.289337e-04+-3.329946e-04, P_MAX:1.127e-02, Q_MAX:5.034e-03, P_mean+-std:6.439e-03+-2.985e-03, Q_mean+-std:3.126e-03+-1.011e-03, P_RMSE:3.590e-03, Q_RMSE:1.764e-03, Success rate (<0.1):1.000000, Success rate (<0.01):0.800000, Success rate (<0.001):0.000000
X=[0.0,0.2], PQ=[1.0,1.2]: count:10, ill:0, Ang_MAX:2.217942e-02, Vol_MAX:3.226399e-03, Ang_mean+-std:7.022396e-03+-5.658137e-03, Vol_mean+-std:1.563740e-03+-7.811725e-04, P_MAX:1.540e-02, Q_MAX:9.645e-03, P_mean+-std:7.100e-03+-3.214e-03, Q_mean+-std:5.264e-03+-2.541e-03, P_RMSE:4.277e-03, Q_RMSE:3.127e-03, Success rate (<0.1):1.000000, Success rate (<0.01):0.900000, Success rate (<0.001):0.000000
X=[0.0,0.2], PQ=[1.2,1.4]: count:10, ill:0, Ang_MAX:9.972751e-03, Vol_MAX:3.022909e-03, Ang_mean+-std:5.551303e-03+-3.123887e-03, Vol_mean+-std:1.356208e-03+-7.945428e-04, P_MAX:8.472e-03, Q_MAX:1.270e-02, P_mean+-std:5.799e-03+-1.812e-03, Q_mean+-std:5.781e-03+-2.974e-03, P_RMSE:3.172e-03, Q_RMSE:3.019e-03, Success rate (<0.1):1.000000, Success rate (<0.01):0.900000, Success rate (<0.001):0.000000
X=[0.0,0.2], PQ=[1.4,1.6]: count:10, ill:0, Ang_MAX:1.628622e-02, Vol_MAX:3.563643e-03, Ang_mean+-std:9.835589e-03+-5.072247e-03, Vol_mean+-std:1.674819e-03+-7.695039e-04, P_MAX:1.406e-02, Q_MAX:1.092e-02, P_mean+-std:8.668e-03+-3.073e-03, Q_mean+-std:5.111e-03+-2.642e-03, P_RMSE:5.208e-03, Q_RMSE:3.404e-03, Success rate (<0.1):1.000000, Success rate (<0.01):0.500000, Success rate (<0.001):0.000000
X=[0.0,0.2], PQ=[1.6,1.8]: count:10, ill:0, Ang_MAX:2.044100e-02, Vol_MAX:3.345609e-03, Ang_mean+-std:7.919295e-03+-5.647427e-03, Vol_mean+-std:1.805174e-03+-8.839333e-04, P_MAX:1.555e-02, Q_MAX:1.404e-02, P_mean+-std:7.867e-03+-4.254e-03, Q_mean+-std:6.524e-03+-3.907e-03, P_RMSE:4.677e-03, Q_RMSE:4.059e-03, Success rate (<0.1):1.000000, Success rate (<0.01):0.600000, Success rate (<0.001):0.000000
X=[0.0,0.2], PQ=[1.8,2.0]: count:10, ill:0, Ang_MAX:2.810353e-02, Vol_MAX:5.256534e-03, Ang_mean+-std:9.950756e-03+-7.605480e-03, Vol_mean+-std:1.948845e-03+-1.376544e-03, P_MAX:2.118e-02, Q_MAX:1.844e-02, P_mean+-std:1.010e-02+-5.032e-03, Q_mean+-std:8.378e-03+-4.589e-03, P_RMSE:5.964e-03, Q_RMSE:4.566e-03, Success rate (<0.1):1.000000, Success rate (<0.01):0.400000, Success rate (<0.001):0.000000
X=[0.2,0.4], PQ=[-2.0,-1.8]: count:10, ill:0, Ang_MAX:1.812911e-02, Vol_MAX:4.590631e-03, Ang_mean+-std:1.012291e-02+-5.958008e-03, Vol_mean+-std:1.717675e-03+-1.144563e-03, P_MAX:1.445e-02, Q_MAX:1.125e-02, P_mean+-std:9.473e-03+-3.557e-03, Q_mean+-std:7.075e-03+-2.133e-03, P_RMSE:5.613e-03, Q_RMSE:3.852e-03, Success rate (<0.1):1.000000, Success rate (<0.01):0.400000, Success rate (<0.001):0.000000
X=[0.2,0.4], PQ=[-1.8,-1.6]: count:10, ill:0, Ang_MAX:1.615003e-02, Vol_MAX:2.992749e-03, Ang_mean+-std:6.290725e-03+-4.533233e-03, Vol_mean+-std:1.482284e-03+-6.961464e-04, P_MAX:1.503e-02, Q_MAX:1.186e-02, P_mean+-std:7.186e-03+-3.384e-03, Q_mean+-std:6.026e-03+-2.736e-03, P_RMSE:3.893e-03, Q_RMSE:3.416e-03, Success rate (<0.1):1.000000, Success rate (<0.01):0.800000, Success rate (<0.001):0.000000
X=[0.2,0.4], PQ=[-1.6,-1.4]: count:10, ill:0, Ang_MAX:1.874420e-02, Vol_MAX:3.448725e-03, Ang_mean+-std:9.691679e-03+-5.458898e-03, Vol_mean+-std:1.713538e-03+-7.493556e-04, P_MAX:1.907e-02, Q_MAX:9.463e-03, P_mean+-std:9.510e-03+-4.393e-03, Q_mean+-std:5.875e-03+-1.385e-03, P_RMSE:5.340e-03, Q_RMSE:2.767e-03, Success rate (<0.1):1.000000, Success rate (<0.01):0.600000, Success rate (<0.001):0.000000
X=[0.2,0.4], PQ=[-1.4,-1.2]: count:10, ill:0, Ang_MAX:1.129502e-02, Vol_MAX:1.959443e-03, Ang_mean+-std:5.063394e-03+-3.904337e-03, Vol_mean+-std:1.231396e-03+-5.470523e-04, P_MAX:9.810e-03, Q_MAX:8.336e-03, P_mean+-std:5.703e-03+-2.659e-03, Q_mean+-std:4.891e-03+-1.849e-03, P_RMSE:3.163e-03, Q_RMSE:2.597e-03, Success rate (<0.1):1.000000, Success rate (<0.01):1.000000, Success rate (<0.001):0.000000
X=[0.2,0.4], PQ=[-1.2,-1.0]: count:10, ill:0, Ang_MAX:2.096877e-02, Vol_MAX:2.250552e-03, Ang_mean+-std:6.753418e-03+-5.146141e-03, Vol_mean+-std:1.044500e-03+-5.909951e-04, P_MAX:1.713e-02, Q_MAX:5.387e-03, P_mean+-std:6.491e-03+-3.756e-03, Q_mean+-std:3.488e-03+-1.044e-03, P_RMSE:4.052e-03, Q_RMSE:2.115e-03, Success rate (<0.1):1.000000, Success rate (<0.01):0.900000, Success rate (<0.001):0.000000
X=[0.2,0.4], PQ=[-1.0,-0.8]: count:10, ill:0, Ang_MAX:1.349110e-02, Vol_MAX:1.025200e-03, Ang_mean+-std:4.805875e-03+-3.476652e-03, Vol_mean+-std:7.499695e-04+-2.095480e-04, P_MAX:1.194e-02, Q_MAX:3.539e-03, P_mean+-std:4.436e-03+-2.890e-03, Q_mean+-std:2.772e-03+-6.090e-04, P_RMSE:2.793e-03, Q_RMSE:1.655e-03, Success rate (<0.1):1.000000, Success rate (<0.01):0.900000, Success rate (<0.001):0.000000
X=[0.2,0.4], PQ=[-0.8,-0.6]: count:10, ill:0, Ang_MAX:9.390504e-03, Vol_MAX:1.927495e-03, Ang_mean+-std:4.381007e-03+-2.683022e-03, Vol_mean+-std:8.525491e-04+-5.690195e-04, P_MAX:6.583e-03, Q_MAX:7.286e-03, P_mean+-std:3.557e-03+-1.581e-03, Q_mean+-std:2.920e-03+-1.763e-03, P_RMSE:2.363e-03, Q_RMSE:1.893e-03, Success rate (<0.1):1.000000, Success rate (<0.01):1.000000, Success rate (<0.001):0.000000
X=[0.2,0.4], PQ=[-0.6,-0.4]: count:10, ill:0, Ang_MAX:6.635546e-03, Vol_MAX:1.045942e-03, Ang_mean+-std:3.656262e-03+-1.874368e-03, Vol_mean+-std:7.038713e-04+-2.914701e-04, P_MAX:6.144e-03, Q_MAX:3.820e-03, P_mean+-std:3.511e-03+-1.630e-03, Q_mean+-std:2.435e-03+-8.227e-04, P_RMSE:1.964e-03, Q_RMSE:1.432e-03, Success rate (<0.1):1.000000, Success rate (<0.01):1.000000, Success rate (<0.001):0.000000
X=[0.2,0.4], PQ=[-0.4,-0.2]: count:10, ill:0, Ang_MAX:4.229128e-03, Vol_MAX:5.787611e-04, Ang_mean+-std:1.897664e-03+-1.480482e-03, Vol_mean+-std:2.787232e-04+-1.535076e-04, P_MAX:4.025e-03, Q_MAX:1.538e-03, P_mean+-std:1.828e-03+-1.040e-03, Q_mean+-std:1.036e-03+-3.034e-04, P_RMSE:1.160e-03, Q_RMSE:5.153e-04, Success rate (<0.1):1.000000, Success rate (<0.01):1.000000, Success rate (<0.001):0.200000
X=[0.2,0.4], PQ=[-0.2,0.0]: count:10, ill:0, Ang_MAX:1.496822e-03, Vol_MAX:2.911091e-04, Ang_mean+-std:7.095739e-04+-4.535611e-04, Vol_mean+-std:1.891613e-04+-6.039929e-05, P_MAX:1.309e-03, Q_MAX:1.207e-03, P_mean+-std:8.898e-04+-2.541e-04, Q_mean+-std:7.858e-04+-2.409e-04, P_RMSE:5.132e-04, Q_RMSE:4.913e-04, Success rate (<0.1):1.000000, Success rate (<0.01):1.000000, Success rate (<0.001):0.600000
X=[0.2,0.4], PQ=[0.0,0.2]: count:10, ill:0, Ang_MAX:1.681000e-03, Vol_MAX:4.184246e-04, Ang_mean+-std:6.069630e-04+-5.342178e-04, Vol_mean+-std:2.182245e-04+-9.191984e-05, P_MAX:1.599e-03, Q_MAX:1.103e-03, P_mean+-std:8.923e-04+-3.250e-04, Q_mean+-std:6.917e-04+-2.323e-04, P_RMSE:5.006e-04, Q_RMSE:4.256e-04, Success rate (<0.1):1.000000, Success rate (<0.01):1.000000, Success rate (<0.001):0.500000
X=[0.2,0.4], PQ=[0.2,0.4]: count:10, ill:0, Ang_MAX:5.564481e-03, Vol_MAX:6.452799e-04, Ang_mean+-std:1.985390e-03+-1.554578e-03, Vol_mean+-std:3.760457e-04+-2.088725e-04, P_MAX:3.875e-03, Q_MAX:2.227e-03, P_mean+-std:1.808e-03+-1.086e-03, Q_mean+-std:1.230e-03+-4.838e-04, P_RMSE:1.226e-03, Q_RMSE:7.069e-04, Success rate (<0.1):1.000000, Success rate (<0.01):1.000000, Success rate (<0.001):0.200000
X=[0.2,0.4], PQ=[0.4,0.6]: count:10, ill:0, Ang_MAX:8.472322e-03, Vol_MAX:1.280904e-03, Ang_mean+-std:2.935655e-03+-2.356893e-03, Vol_mean+-std:5.544782e-04+-3.438631e-04, P_MAX:6.777e-03, Q_MAX:4.720e-03, P_mean+-std:2.814e-03+-1.703e-03, Q_mean+-std:1.889e-03+-1.124e-03, P_RMSE:1.803e-03, Q_RMSE:1.134e-03, Success rate (<0.1):1.000000, Success rate (<0.01):1.000000, Success rate (<0.001):0.000000
X=[0.2,0.4], PQ=[0.6,0.8]: count:10, ill:0, Ang_MAX:6.084532e-03, Vol_MAX:2.039909e-03, Ang_mean+-std:3.049777e-03+-1.791235e-03, Vol_mean+-std:8.154273e-04+-6.091123e-04, P_MAX:6.557e-03, Q_MAX:5.923e-03, P_mean+-std:3.023e-03+-1.718e-03, Q_mean+-std:2.810e-03+-1.450e-03, P_RMSE:1.755e-03, Q_RMSE:1.488e-03, Success rate (<0.1):1.000000, Success rate (<0.01):1.000000, Success rate (<0.001):0.000000
X=[0.2,0.4], PQ=[0.8,1.0]: count:10, ill:0, Ang_MAX:1.159972e-02, Vol_MAX:2.349138e-03, Ang_mean+-std:4.360735e-03+-3.071461e-03, Vol_mean+-std:1.132727e-03+-6.648507e-04, P_MAX:9.472e-03, Q_MAX:7.748e-03, P_mean+-std:4.405e-03+-2.561e-03, Q_mean+-std:4.418e-03+-1.875e-03, P_RMSE:2.600e-03, Q_RMSE:2.509e-03, Success rate (<0.1):1.000000, Success rate (<0.01):1.000000, Success rate (<0.001):0.000000
X=[0.2,0.4], PQ=[1.0,1.2]: count:10, ill:0, Ang_MAX:1.556972e-02, Vol_MAX:2.548218e-03, Ang_mean+-std:6.009728e-03+-5.287546e-03, Vol_mean+-std:1.340556e-03+-6.974243e-04, P_MAX:1.390e-02, Q_MAX:9.061e-03, P_mean+-std:6.692e-03+-4.605e-03, Q_mean+-std:4.662e-03+-1.926e-03, P_RMSE:3.892e-03, Q_RMSE:2.583e-03, Success rate (<0.1):1.000000, Success rate (<0.01):0.600000, Success rate (<0.001):0.000000
X=[0.2,0.4], PQ=[1.2,1.4]: count:10, ill:0, Ang_MAX:1.771790e-02, Vol_MAX:3.231168e-03, Ang_mean+-std:9.640345e-03+-4.845390e-03, Vol_mean+-std:1.368308e-03+-7.804202e-04, P_MAX:1.369e-02, Q_MAX:7.155e-03, P_mean+-std:8.469e-03+-3.322e-03, Q_mean+-std:4.590e-03+-1.850e-03, P_RMSE:5.003e-03, Q_RMSE:2.528e-03, Success rate (<0.1):1.000000, Success rate (<0.01):0.800000, Success rate (<0.001):0.000000
X=[0.2,0.4], PQ=[1.4,1.6]: count:10, ill:0, Ang_MAX:1.837370e-02, Vol_MAX:2.813935e-03, Ang_mean+-std:8.853458e-03+-5.799665e-03, Vol_mean+-std:1.585615e-03+-6.561278e-04, P_MAX:1.322e-02, Q_MAX:9.989e-03, P_mean+-std:8.146e-03+-3.998e-03, Q_mean+-std:5.856e-03+-2.175e-03, P_RMSE:5.002e-03, Q_RMSE:3.639e-03, Success rate (<0.1):1.000000, Success rate (<0.01):0.500000, Success rate (<0.001):0.000000
X=[0.2,0.4], PQ=[1.6,1.8]: count:10, ill:0, Ang_MAX:1.781753e-02, Vol_MAX:3.565431e-03, Ang_mean+-std:6.642746e-03+-4.982358e-03, Vol_mean+-std:1.784563e-03+-9.101661e-04, P_MAX:1.444e-02, Q_MAX:1.128e-02, P_mean+-std:6.900e-03+-3.082e-03, Q_mean+-std:6.719e-03+-2.226e-03, P_RMSE:3.965e-03, Q_RMSE:3.059e-03, Success rate (<0.1):1.000000, Success rate (<0.01):0.800000, Success rate (<0.001):0.000000
X=[0.2,0.4], PQ=[1.8,2.0]: count:10, ill:0, Ang_MAX:1.611301e-02, Vol_MAX:5.446911e-03, Ang_mean+-std:8.089912e-03+-4.196239e-03, Vol_mean+-std:1.924932e-03+-1.351790e-03, P_MAX:1.189e-02, Q_MAX:1.583e-02, P_mean+-std:7.415e-03+-2.616e-03, Q_mean+-std:6.533e-03+-3.609e-03, P_RMSE:4.375e-03, Q_RMSE:4.357e-03, Success rate (<0.1):1.000000, Success rate (<0.01):0.700000, Success rate (<0.001):0.000000
X=[0.4,0.6], PQ=[-2.0,-1.8]: count:10, ill:0, Ang_MAX:3.349698e-02, Vol_MAX:4.564762e-03, Ang_mean+-std:1.407976e-02+-1.013777e-02, Vol_mean+-std:2.170527e-03+-1.243771e-03, P_MAX:3.028e-02, Q_MAX:1.723e-02, P_mean+-std:1.319e-02+-8.380e-03, Q_mean+-std:7.173e-03+-4.724e-03, P_RMSE:8.131e-03, Q_RMSE:4.487e-03, Success rate (<0.1):1.000000, Success rate (<0.01):0.300000, Success rate (<0.001):0.000000
X=[0.4,0.6], PQ=[-1.8,-1.6]: count:10, ill:0, Ang_MAX:2.285311e-02, Vol_MAX:3.968000e-03, Ang_mean+-std:9.670563e-03+-6.503867e-03, Vol_mean+-std:1.979601e-03+-1.086485e-03, P_MAX:1.888e-02, Q_MAX:1.300e-02, P_mean+-std:8.683e-03+-5.200e-03, Q_mean+-std:6.919e-03+-3.248e-03, P_RMSE:5.533e-03, Q_RMSE:3.735e-03, Success rate (<0.1):1.000000, Success rate (<0.01):0.500000, Success rate (<0.001):0.000000
X=[0.4,0.6], PQ=[-1.6,-1.4]: count:10, ill:0, Ang_MAX:2.329203e-02, Vol_MAX:3.151774e-03, Ang_mean+-std:9.507486e-03+-6.311477e-03, Vol_mean+-std:1.624584e-03+-8.558570e-04, P_MAX:1.787e-02, Q_MAX:1.156e-02, P_mean+-std:8.852e-03+-4.026e-03, Q_mean+-std:5.495e-03+-2.257e-03, P_RMSE:5.413e-03, Q_RMSE:2.912e-03, Success rate (<0.1):1.000000, Success rate (<0.01):0.600000, Success rate (<0.001):0.000000
X=[0.4,0.6], PQ=[-1.4,-1.2]: count:10, ill:0, Ang_MAX:1.237902e-02, Vol_MAX:2.627254e-03, Ang_mean+-std:6.175180e-03+-4.183934e-03, Vol_mean+-std:1.217318e-03+-6.098683e-04, P_MAX:9.539e-03, Q_MAX:7.062e-03, P_mean+-std:5.927e-03+-2.852e-03, Q_mean+-std:4.588e-03+-1.373e-03, P_RMSE:3.564e-03, Q_RMSE:2.570e-03, Success rate (<0.1):1.000000, Success rate (<0.01):1.000000, Success rate (<0.001):0.000000
X=[0.4,0.6], PQ=[-1.2,-1.0]: count:10, ill:0, Ang_MAX:1.392102e-02, Vol_MAX:2.018452e-03, Ang_mean+-std:6.457517e-03+-4.407390e-03, Vol_mean+-std:1.373565e-03+-4.395667e-04, P_MAX:1.272e-02, Q_MAX:7.973e-03, P_mean+-std:6.670e-03+-3.558e-03, Q_mean+-std:4.379e-03+-1.586e-03, P_RMSE:3.709e-03, Q_RMSE:2.429e-03, Success rate (<0.1):1.000000, Success rate (<0.01):0.800000, Success rate (<0.001):0.000000
X=[0.4,0.6], PQ=[-1.0,-0.8]: count:10, ill:0, Ang_MAX:1.325154e-02, Vol_MAX:2.122521e-03, Ang_mean+-std:6.658342e-03+-3.706190e-03, Vol_mean+-std:1.155245e-03+-4.827328e-04, P_MAX:9.718e-03, Q_MAX:4.838e-03, P_mean+-std:5.903e-03+-2.365e-03, Q_mean+-std:3.345e-03+-8.719e-04, P_RMSE:3.549e-03, Q_RMSE:1.825e-03, Success rate (<0.1):1.000000, Success rate (<0.01):1.000000, Success rate (<0.001):0.000000
X=[0.4,0.6], PQ=[-0.8,-0.6]: count:10, ill:0, Ang_MAX:1.054779e-02, Vol_MAX:9.529591e-04, Ang_mean+-std:5.878922e-03+-3.074713e-03, Vol_mean+-std:6.817102e-04+-1.444491e-04, P_MAX:8.765e-03, Q_MAX:3.864e-03, P_mean+-std:5.028e-03+-2.243e-03, Q_mean+-std:2.468e-03+-6.476e-04, P_RMSE:3.092e-03, Q_RMSE:1.395e-03, Success rate (<0.1):1.000000, Success rate (<0.01):1.000000, Success rate (<0.001):0.000000
X=[0.4,0.6], PQ=[-0.6,-0.4]: count:10, ill:0, Ang_MAX:4.504651e-03, Vol_MAX:9.245872e-04, Ang_mean+-std:1.755318e-03+-1.174435e-03, Vol_mean+-std:5.503058e-04+-2.394650e-04, P_MAX:3.793e-03, Q_MAX:3.470e-03, P_mean+-std:2.202e-03+-8.355e-04, Q_mean+-std:1.895e-03+-6.600e-04, P_RMSE:1.125e-03, Q_RMSE:1.022e-03, Success rate (<0.1):1.000000, Success rate (<0.01):1.000000, Success rate (<0.001):0.000000
X=[0.4,0.6], PQ=[-0.4,-0.2]: count:10, ill:0, Ang_MAX:4.959702e-03, Vol_MAX:7.879734e-04, Ang_mean+-std:3.314638e-03+-1.435026e-03, Vol_mean+-std:4.600644e-04+-1.976428e-04, P_MAX:4.945e-03, Q_MAX:2.653e-03, P_mean+-std:2.836e-03+-1.281e-03, Q_mean+-std:1.466e-03+-6.613e-04, P_RMSE:1.700e-03, Q_RMSE:9.408e-04, Success rate (<0.1):1.000000, Success rate (<0.01):1.000000, Success rate (<0.001):0.100000
X=[0.4,0.6], PQ=[-0.2,0.0]: count:10, ill:0, Ang_MAX:9.539277e-04, Vol_MAX:2.394915e-04, Ang_mean+-std:3.178209e-04+-2.454663e-04, Vol_mean+-std:1.326442e-04+-6.190567e-05, P_MAX:1.559e-03, Q_MAX:8.060e-04, P_mean+-std:8.485e-04+-3.166e-04, Q_mean+-std:6.280e-04+-1.195e-04, P_RMSE:4.049e-04, Q_RMSE:3.612e-04, Success rate (<0.1):1.000000, Success rate (<0.01):1.000000, Success rate (<0.001):0.800000
X=[0.4,0.6], PQ=[0.0,0.2]: count:10, ill:0, Ang_MAX:1.983047e-03, Vol_MAX:4.705191e-04, Ang_mean+-std:8.851111e-04+-5.624455e-04, Vol_mean+-std:2.050400e-04+-1.410426e-04, P_MAX:1.758e-03, Q_MAX:1.193e-03, P_mean+-std:1.034e-03+-4.221e-04, Q_mean+-std:7.239e-04+-3.214e-04, P_RMSE:5.832e-04, Q_RMSE:4.313e-04, Success rate (<0.1):1.000000, Success rate (<0.01):1.000000, Success rate (<0.001):0.700000
X=[0.4,0.6], PQ=[0.2,0.4]: count:10, ill:0, Ang_MAX:2.531677e-03, Vol_MAX:6.283522e-04, Ang_mean+-std:9.631828e-04+-7.217085e-04, Vol_mean+-std:2.874017e-04+-1.754162e-04, P_MAX:1.947e-03, Q_MAX:2.067e-03, P_mean+-std:9.866e-04+-3.599e-04, Q_mean+-std:1.134e-03+-4.123e-04, P_RMSE:6.538e-04, Q_RMSE:5.808e-04, Success rate (<0.1):1.000000, Success rate (<0.01):1.000000, Success rate (<0.001):0.500000
X=[0.4,0.6], PQ=[0.4,0.6]: count:10, ill:0, Ang_MAX:5.174220e-03, Vol_MAX:1.487374e-03, Ang_mean+-std:2.481252e-03+-1.434181e-03, Vol_mean+-std:7.087946e-04+-3.374869e-04, P_MAX:4.993e-03, Q_MAX:5.085e-03, P_mean+-std:2.742e-03+-1.098e-03, Q_mean+-std:2.384e-03+-1.039e-03, P_RMSE:1.439e-03, Q_RMSE:1.261e-03, Success rate (<0.1):1.000000, Success rate (<0.01):1.000000, Success rate (<0.001):0.000000
X=[0.4,0.6], PQ=[0.6,0.8]: count:10, ill:0, Ang_MAX:9.737164e-03, Vol_MAX:2.336502e-03, Ang_mean+-std:3.519323e-03+-2.776065e-03, Vol_mean+-std:1.042557e-03+-6.098756e-04, P_MAX:8.642e-03, Q_MAX:8.042e-03, P_mean+-std:3.671e-03+-2.009e-03, Q_mean+-std:3.492e-03+-2.011e-03, P_RMSE:2.136e-03, Q_RMSE:2.070e-03, Success rate (<0.1):1.000000, Success rate (<0.01):1.000000, Success rate (<0.001):0.000000
X=[0.4,0.6], PQ=[0.8,1.0]: count:10, ill:0, Ang_MAX:1.364779e-02, Vol_MAX:1.449585e-03, Ang_mean+-std:4.707219e-03+-4.038179e-03, Vol_mean+-std:8.563161e-04+-3.990886e-04, P_MAX:8.733e-03, Q_MAX:4.303e-03, P_mean+-std:4.597e-03+-2.304e-03, Q_mean+-std:2.925e-03+-8.854e-04, P_RMSE:2.955e-03, Q_RMSE:1.641e-03, Success rate (<0.1):1.000000, Success rate (<0.01):1.000000, Success rate (<0.001):0.000000
X=[0.4,0.6], PQ=[1.0,1.2]: count:10, ill:0, Ang_MAX:1.488128e-02, Vol_MAX:1.494646e-03, Ang_mean+-std:6.314090e-03+-4.521869e-03, Vol_mean+-std:8.496881e-04+-3.861916e-04, P_MAX:1.253e-02, Q_MAX:6.495e-03, P_mean+-std:6.577e-03+-3.500e-03, Q_mean+-std:3.418e-03+-1.401e-03, P_RMSE:3.731e-03, Q_RMSE:2.071e-03, Success rate (<0.1):1.000000, Success rate (<0.01):0.800000, Success rate (<0.001):0.000000
X=[0.4,0.6], PQ=[1.2,1.4]: count:10, ill:0, Ang_MAX:2.907698e-02, Vol_MAX:2.535582e-03, Ang_mean+-std:8.390124e-03+-8.334968e-03, Vol_mean+-std:1.558256e-03+-6.334189e-04, P_MAX:2.201e-02, Q_MAX:1.033e-02, P_mean+-std:7.432e-03+-5.829e-03, Q_mean+-std:4.961e-03+-2.033e-03, P_RMSE:5.520e-03, Q_RMSE:2.752e-03, Success rate (<0.1):1.000000, Success rate (<0.01):0.600000, Success rate (<0.001):0.000000
X=[0.4,0.6], PQ=[1.4,1.6]: count:10, ill:0, Ang_MAX:2.241609e-02, Vol_MAX:3.216624e-03, Ang_mean+-std:1.109520e-02+-6.636314e-03, Vol_mean+-std:1.763880e-03+-6.775837e-04, P_MAX:1.852e-02, Q_MAX:6.985e-03, P_mean+-std:9.926e-03+-5.085e-03, Q_mean+-std:5.749e-03+-1.337e-03, P_RMSE:6.068e-03, Q_RMSE:3.193e-03, Success rate (<0.1):1.000000, Success rate (<0.01):0.600000, Success rate (<0.001):0.000000
X=[0.4,0.6], PQ=[1.6,1.8]: count:10, ill:0, Ang_MAX:1.896349e-02, Vol_MAX:2.543211e-03, Ang_mean+-std:9.218457e-03+-5.801415e-03, Vol_mean+-std:1.654661e-03+-4.057548e-04, P_MAX:1.743e-02, Q_MAX:8.589e-03, P_mean+-std:9.417e-03+-4.405e-03, Q_mean+-std:6.393e-03+-1.854e-03, P_RMSE:5.196e-03, Q_RMSE:3.719e-03, Success rate (<0.1):1.000000, Success rate (<0.01):0.500000, Success rate (<0.001):0.000000
X=[0.4,0.6], PQ=[1.8,2.0]: count:10, ill:0, Ang_MAX:2.551079e-02, Vol_MAX:5.433559e-03, Ang_mean+-std:9.974748e-03+-7.179941e-03, Vol_mean+-std:2.227414e-03+-1.357349e-03, P_MAX:2.449e-02, Q_MAX:9.918e-03, P_mean+-std:9.752e-03+-5.895e-03, Q_mean+-std:7.072e-03+-1.543e-03, P_RMSE:5.838e-03, Q_RMSE:3.864e-03, Success rate (<0.1):1.000000, Success rate (<0.01):0.700000, Success rate (<0.001):0.000000
X=[0.6,0.8], PQ=[-2.0,-1.8]: count:10, ill:0, Ang_MAX:1.024386e-02, Vol_MAX:5.272746e-03, Ang_mean+-std:6.485948e-03+-2.801931e-03, Vol_mean+-std:1.913929e-03+-1.254980e-03, P_MAX:1.293e-02, Q_MAX:1.409e-02, P_mean+-std:7.263e-03+-3.175e-03, Q_mean+-std:6.113e-03+-3.068e-03, P_RMSE:3.539e-03, Q_RMSE:4.046e-03, Success rate (<0.1):1.000000, Success rate (<0.01):0.700000, Success rate (<0.001):0.000000
X=[0.6,0.8], PQ=[-1.8,-1.6]: count:10, ill:0, Ang_MAX:2.536932e-02, Vol_MAX:3.754258e-03, Ang_mean+-std:1.088910e-02+-7.453571e-03, Vol_mean+-std:1.899350e-03+-9.312577e-04, P_MAX:2.401e-02, Q_MAX:1.282e-02, P_mean+-std:1.021e-02+-6.392e-03, Q_mean+-std:6.021e-03+-2.878e-03, P_RMSE:6.264e-03, Q_RMSE:3.662e-03, Success rate (<0.1):1.000000, Success rate (<0.01):0.600000, Success rate (<0.001):0.000000
X=[0.6,0.8], PQ=[-1.6,-1.4]: count:10, ill:0, Ang_MAX:1.822457e-02, Vol_MAX:2.198815e-03, Ang_mean+-std:1.084636e-02+-5.379247e-03, Vol_mean+-std:1.375711e-03+-5.023601e-04, P_MAX:1.473e-02, Q_MAX:9.088e-03, P_mean+-std:9.900e-03+-3.940e-03, Q_mean+-std:5.001e-03+-1.535e-03, P_RMSE:5.699e-03, Q_RMSE:2.773e-03, Success rate (<0.1):1.000000, Success rate (<0.01):0.400000, Success rate (<0.001):0.000000
X=[0.6,0.8], PQ=[-1.4,-1.2]: count:10, ill:0, Ang_MAX:1.989797e-02, Vol_MAX:3.087163e-03, Ang_mean+-std:1.006614e-02+-6.151353e-03, Vol_mean+-std:1.537418e-03+-7.296806e-04, P_MAX:1.448e-02, Q_MAX:9.385e-03, P_mean+-std:8.645e-03+-4.201e-03, Q_mean+-std:5.958e-03+-2.301e-03, P_RMSE:5.479e-03, Q_RMSE:2.950e-03, Success rate (<0.1):1.000000, Success rate (<0.01):0.500000, Success rate (<0.001):0.000000
X=[0.6,0.8], PQ=[-1.2,-1.0]: count:10, ill:0, Ang_MAX:9.788826e-03, Vol_MAX:3.257513e-03, Ang_mean+-std:3.831384e-03+-2.652930e-03, Vol_mean+-std:1.447976e-03+-8.352582e-04, P_MAX:1.119e-02, Q_MAX:9.241e-03, P_mean+-std:4.682e-03+-2.828e-03, Q_mean+-std:4.400e-03+-2.190e-03, P_RMSE:2.453e-03, Q_RMSE:2.660e-03, Success rate (<0.1):1.000000, Success rate (<0.01):0.900000, Success rate (<0.001):0.000000
X=[0.6,0.8], PQ=[-1.0,-0.8]: count:10, ill:0, Ang_MAX:1.353663e-02, Vol_MAX:1.585722e-03, Ang_mean+-std:6.186266e-03+-4.195300e-03, Vol_mean+-std:9.716392e-04+-3.389094e-04, P_MAX:1.252e-02, Q_MAX:4.971e-03, P_mean+-std:5.565e-03+-3.114e-03, Q_mean+-std:2.935e-03+-1.144e-03, P_RMSE:3.530e-03, Q_RMSE:1.887e-03, Success rate (<0.1):1.000000, Success rate (<0.01):0.900000, Success rate (<0.001):0.000000
X=[0.6,0.8], PQ=[-0.8,-0.6]: count:10, ill:0, Ang_MAX:5.917132e-03, Vol_MAX:1.214385e-03, Ang_mean+-std:3.278103e-03+-1.451250e-03, Vol_mean+-std:6.498933e-04+-3.747777e-04, P_MAX:6.294e-03, Q_MAX:5.112e-03, P_mean+-std:3.188e-03+-1.343e-03, Q_mean+-std:2.617e-03+-1.313e-03, P_RMSE:1.724e-03, Q_RMSE:1.513e-03, Success rate (<0.1):1.000000, Success rate (<0.01):1.000000, Success rate (<0.001):0.000000
X=[0.6,0.8], PQ=[-0.6,-0.4]: count:10, ill:0, Ang_MAX:6.767303e-03, Vol_MAX:1.161337e-03, Ang_mean+-std:3.095545e-03+-2.124493e-03, Vol_mean+-std:4.997134e-04+-2.445042e-04, P_MAX:6.610e-03, Q_MAX:3.895e-03, P_mean+-std:3.146e-03+-1.705e-03, Q_mean+-std:2.078e-03+-7.567e-04, P_RMSE:1.838e-03, Q_RMSE:1.174e-03, Success rate (<0.1):1.000000, Success rate (<0.01):1.000000, Success rate (<0.001):0.000000
X=[0.6,0.8], PQ=[-0.4,-0.2]: count:10, ill:0, Ang_MAX:5.969465e-03, Vol_MAX:5.455017e-04, Ang_mean+-std:1.786260e-03+-1.720180e-03, Vol_mean+-std:3.418207e-04+-1.087693e-04, P_MAX:5.443e-03, Q_MAX:1.932e-03, P_mean+-std:1.786e-03+-1.410e-03, Q_mean+-std:1.329e-03+-3.210e-04, P_RMSE:1.203e-03, Q_RMSE:7.813e-04, Success rate (<0.1):1.000000, Success rate (<0.01):1.000000, Success rate (<0.001):0.100000
X=[0.6,0.8], PQ=[-0.2,0.0]: count:10, ill:0, Ang_MAX:1.812130e-03, Vol_MAX:4.708767e-04, Ang_mean+-std:5.804330e-04+-4.781241e-04, Vol_mean+-std:1.324296e-04+-1.181634e-04, P_MAX:1.479e-03, Q_MAX:1.185e-03, P_mean+-std:9.074e-04+-3.252e-04, Q_mean+-std:6.589e-04+-2.829e-04, P_RMSE:4.795e-04, Q_RMSE:3.976e-04, Success rate (<0.1):1.000000, Success rate (<0.01):1.000000, Success rate (<0.001):0.500000
X=[0.6,0.8], PQ=[0.0,0.2]: count:10, ill:0, Ang_MAX:1.309156e-03, Vol_MAX:1.988411e-04, Ang_mean+-std:4.117504e-04+-3.635664e-04, Vol_mean+-std:1.238346e-04+-4.465510e-05, P_MAX:1.185e-03, Q_MAX:9.589e-04, P_mean+-std:7.247e-04+-2.139e-04, Q_mean+-std:5.884e-04+-1.889e-04, P_RMSE:3.863e-04, Q_RMSE:3.503e-04, Success rate (<0.1):1.000000, Success rate (<0.01):1.000000, Success rate (<0.001):0.800000
X=[0.6,0.8], PQ=[0.2,0.4]: count:10, ill:0, Ang_MAX:5.542338e-03, Vol_MAX:7.933378e-04, Ang_mean+-std:2.118751e-03+-1.538937e-03, Vol_mean+-std:4.493237e-04+-1.564174e-04, P_MAX:4.677e-03, Q_MAX:2.052e-03, P_mean+-std:2.050e-03+-1.282e-03, Q_mean+-std:1.429e-03+-4.053e-04, P_RMSE:1.302e-03, Q_RMSE:7.547e-04, Success rate (<0.1):1.000000, Success rate (<0.01):1.000000, Success rate (<0.001):0.100000
X=[0.6,0.8], PQ=[0.4,0.6]: count:10, ill:0, Ang_MAX:6.587893e-03, Vol_MAX:1.039743e-03, Ang_mean+-std:2.276000e-03+-1.862615e-03, Vol_mean+-std:5.674839e-04+-3.178862e-04, P_MAX:5.443e-03, Q_MAX:3.212e-03, P_mean+-std:2.503e-03+-1.483e-03, Q_mean+-std:2.001e-03+-7.370e-04, P_RMSE:1.481e-03, Q_RMSE:1.121e-03, Success rate (<0.1):1.000000, Success rate (<0.01):1.000000, Success rate (<0.001):0.000000
X=[0.6,0.8], PQ=[0.6,0.8]: count:10, ill:0, Ang_MAX:9.683877e-03, Vol_MAX:2.053142e-03, Ang_mean+-std:3.550579e-03+-2.909073e-03, Vol_mean+-std:9.281754e-04+-5.790458e-04, P_MAX:8.021e-03, Q_MAX:5.646e-03, P_mean+-std:3.696e-03+-2.413e-03, Q_mean+-std:3.399e-03+-1.342e-03, P_RMSE:2.249e-03, Q_RMSE:1.797e-03, Success rate (<0.1):1.000000, Success rate (<0.01):1.000000, Success rate (<0.001):0.000000
X=[0.6,0.8], PQ=[0.8,1.0]: count:10, ill:0, Ang_MAX:1.348141e-02, Vol_MAX:1.865387e-03, Ang_mean+-std:6.664403e-03+-2.883869e-03, Vol_mean+-std:1.132250e-03+-4.287583e-04, P_MAX:1.169e-02, Q_MAX:6.351e-03, P_mean+-std:6.608e-03+-2.311e-03, Q_mean+-std:3.737e-03+-1.227e-03, P_RMSE:3.470e-03, Q_RMSE:2.128e-03, Success rate (<0.1):1.000000, Success rate (<0.01):0.900000, Success rate (<0.001):0.000000
X=[0.6,0.8], PQ=[1.0,1.2]: count:10, ill:0, Ang_MAX:2.309933e-02, Vol_MAX:2.099276e-03, Ang_mean+-std:6.454465e-03+-6.826092e-03, Vol_mean+-std:1.113629e-03+-4.953944e-04, P_MAX:1.915e-02, Q_MAX:6.845e-03, P_mean+-std:5.918e-03+-5.629e-03, Q_mean+-std:4.055e-03+-1.302e-03, P_RMSE:4.413e-03, Q_RMSE:2.272e-03, Success rate (<0.1):1.000000, Success rate (<0.01):0.800000, Success rate (<0.001):0.000000
X=[0.6,0.8], PQ=[1.2,1.4]: count:10, ill:0, Ang_MAX:1.713358e-02, Vol_MAX:2.292514e-03, Ang_mean+-std:9.715648e-03+-5.212606e-03, Vol_mean+-std:1.277637e-03+-5.373052e-04, P_MAX:1.482e-02, Q_MAX:9.043e-03, P_mean+-std:9.201e-03+-4.050e-03, Q_mean+-std:5.050e-03+-1.821e-03, P_RMSE:5.277e-03, Q_RMSE:2.937e-03, Success rate (<0.1):1.000000, Success rate (<0.01):0.500000, Success rate (<0.001):0.000000
X=[0.6,0.8], PQ=[1.4,1.6]: count:10, ill:0, Ang_MAX:2.677257e-02, Vol_MAX:4.016519e-03, Ang_mean+-std:1.204505e-02+-7.571600e-03, Vol_mean+-std:1.630414e-03+-9.336558e-04, P_MAX:2.318e-02, Q_MAX:1.070e-02, P_mean+-std:1.115e-02+-5.909e-03, Q_mean+-std:5.533e-03+-2.452e-03, P_RMSE:6.754e-03, Q_RMSE:3.370e-03, Success rate (<0.1):1.000000, Success rate (<0.01):0.400000, Success rate (<0.001):0.000000
X=[0.6,0.8], PQ=[1.6,1.8]: count:10, ill:0, Ang_MAX:3.244738e-02, Vol_MAX:2.949119e-03, Ang_mean+-std:9.384005e-03+-8.882103e-03, Vol_mean+-std:1.536477e-03+-6.394186e-04, P_MAX:2.670e-02, Q_MAX:1.013e-02, P_mean+-std:8.876e-03+-6.925e-03, Q_mean+-std:5.912e-03+-2.278e-03, P_RMSE:6.129e-03, Q_RMSE:3.514e-03, Success rate (<0.1):1.000000, Success rate (<0.01):0.600000, Success rate (<0.001):0.000000
X=[0.6,0.8], PQ=[1.8,2.0]: count:10, ill:0, Ang_MAX:3.186965e-02, Vol_MAX:4.182220e-03, Ang_mean+-std:1.448949e-02+-8.404997e-03, Vol_mean+-std:1.980877e-03+-1.032840e-03, P_MAX:2.359e-02, Q_MAX:1.208e-02, P_mean+-std:1.297e-02+-5.995e-03, Q_mean+-std:6.855e-03+-2.767e-03, P_RMSE:7.746e-03, Q_RMSE:3.870e-03, Success rate (<0.1):1.000000, Success rate (<0.01):0.300000, Success rate (<0.001):0.000000
X=[0.8,1.0], PQ=[-2.0,-1.8]: count:10, ill:0, Ang_MAX:2.794912e-02, Vol_MAX:4.536033e-03, Ang_mean+-std:1.373023e-02+-9.266300e-03, Vol_mean+-std:2.090037e-03+-9.746998e-04, P_MAX:2.362e-02, Q_MAX:1.458e-02, P_mean+-std:1.229e-02+-6.544e-03, Q_mean+-std:7.605e-03+-2.844e-03, P_RMSE:7.735e-03, Q_RMSE:4.234e-03, Success rate (<0.1):1.000000, Success rate (<0.01):0.400000, Success rate (<0.001):0.000000
X=[0.8,1.0], PQ=[-1.8,-1.6]: count:10, ill:0, Ang_MAX:1.465589e-02, Vol_MAX:5.528688e-03, Ang_mean+-std:8.328581e-03+-3.689407e-03, Vol_mean+-std:2.228224e-03+-1.377960e-03, P_MAX:1.273e-02, Q_MAX:1.311e-02, P_mean+-std:7.665e-03+-2.779e-03, Q_mean+-std:6.927e-03+-2.907e-03, P_RMSE:4.254e-03, Q_RMSE:3.982e-03, Success rate (<0.1):1.000000, Success rate (<0.01):0.600000, Success rate (<0.001):0.000000
X=[0.8,1.0], PQ=[-1.6,-1.4]: count:10, ill:0, Ang_MAX:2.279320e-02, Vol_MAX:3.614664e-03, Ang_mean+-std:7.665255e-03+-6.386426e-03, Vol_mean+-std:1.567423e-03+-8.683307e-04, P_MAX:1.715e-02, Q_MAX:1.236e-02, P_mean+-std:7.585e-03+-4.180e-03, Q_mean+-std:5.752e-03+-2.850e-03, P_RMSE:4.771e-03, Q_RMSE:3.568e-03, Success rate (<0.1):1.000000, Success rate (<0.01):0.700000, Success rate (<0.001):0.000000
X=[0.8,1.0], PQ=[-1.4,-1.2]: count:10, ill:0, Ang_MAX:1.193669e-02, Vol_MAX:2.374172e-03, Ang_mean+-std:6.454924e-03+-3.478470e-03, Vol_mean+-std:1.634657e-03+-4.628801e-04, P_MAX:9.636e-03, Q_MAX:8.928e-03, P_mean+-std:6.294e-03+-2.563e-03, Q_mean+-std:5.504e-03+-1.844e-03, P_RMSE:3.498e-03, Q_RMSE:3.122e-03, Success rate (<0.1):1.000000, Success rate (<0.01):1.000000, Success rate (<0.001):0.000000
X=[0.8,1.0], PQ=[-1.2,-1.0]: count:10, ill:0, Ang_MAX:8.681655e-03, Vol_MAX:2.394557e-03, Ang_mean+-std:4.505061e-03+-2.621893e-03, Vol_mean+-std:1.094651e-03+-6.235358e-04, P_MAX:7.908e-03, Q_MAX:8.776e-03, P_mean+-std:4.644e-03+-1.978e-03, Q_mean+-std:4.170e-03+-2.144e-03, P_RMSE:2.562e-03, Q_RMSE:2.660e-03, Success rate (<0.1):1.000000, Success rate (<0.01):1.000000, Success rate (<0.001):0.000000
X=[0.8,1.0], PQ=[-1.0,-0.8]: count:10, ill:0, Ang_MAX:7.082224e-03, Vol_MAX:2.157450e-03, Ang_mean+-std:4.035744e-03+-1.579125e-03, Vol_mean+-std:1.013887e-03+-5.505415e-04, P_MAX:6.673e-03, Q_MAX:8.036e-03, P_mean+-std:3.978e-03+-1.612e-03, Q_mean+-std:3.400e-03+-1.809e-03, P_RMSE:2.140e-03, Q_RMSE:2.047e-03, Success rate (<0.1):1.000000, Success rate (<0.01):1.000000, Success rate (<0.001):0.000000
X=[0.8,1.0], PQ=[-0.8,-0.6]: count:10, ill:0, Ang_MAX:3.203213e-03, Vol_MAX:1.498103e-03, Ang_mean+-std:1.432245e-03+-9.493500e-04, Vol_mean+-std:5.824685e-04+-3.951183e-04, P_MAX:3.869e-03, Q_MAX:5.245e-03, P_mean+-std:2.154e-03+-8.819e-04, Q_mean+-std:2.459e-03+-1.230e-03, P_RMSE:1.051e-03, Q_RMSE:1.507e-03, Success rate (<0.1):1.000000, Success rate (<0.01):1.000000, Success rate (<0.001):0.000000
X=[0.8,1.0], PQ=[-0.6,-0.4]: count:10, ill:0, Ang_MAX:6.035626e-03, Vol_MAX:9.888411e-04, Ang_mean+-std:2.227290e-03+-1.800994e-03, Vol_mean+-std:4.135609e-04+-2.552101e-04, P_MAX:4.835e-03, Q_MAX:3.766e-03, P_mean+-std:2.346e-03+-1.307e-03, Q_mean+-std:1.833e-03+-7.884e-04, P_RMSE:1.431e-03, Q_RMSE:1.026e-03, Success rate (<0.1):1.000000, Success rate (<0.01):1.000000, Success rate (<0.001):0.000000
X=[0.8,1.0], PQ=[-0.4,-0.2]: count:10, ill:0, Ang_MAX:4.824638e-03, Vol_MAX:6.350279e-04, Ang_mean+-std:1.614259e-03+-1.449125e-03, Vol_mean+-std:3.260016e-04+-1.489134e-04, P_MAX:3.502e-03, Q_MAX:1.988e-03, P_mean+-std:1.571e-03+-8.927e-04, Q_mean+-std:1.091e-03+-4.436e-04, P_RMSE:1.048e-03, Q_RMSE:6.088e-04, Success rate (<0.1):1.000000, Success rate (<0.01):1.000000, Success rate (<0.001):0.200000
X=[0.8,1.0], PQ=[-0.2,0.0]: count:10, ill:0, Ang_MAX:1.224741e-03, Vol_MAX:1.463890e-04, Ang_mean+-std:4.385576e-04+-4.070373e-04, Vol_mean+-std:9.654760e-05+-3.633958e-05, P_MAX:1.521e-03, Q_MAX:6.786e-04, P_mean+-std:8.744e-04+-2.972e-04, Q_mean+-std:5.253e-04+-8.587e-05, P_RMSE:4.175e-04, Q_RMSE:3.011e-04, Success rate (<0.1):1.000000, Success rate (<0.01):1.000000, Success rate (<0.001):0.700000
X=[0.8,1.0], PQ=[0.0,0.2]: count:10, ill:0, Ang_MAX:1.175374e-03, Vol_MAX:3.957748e-04, Ang_mean+-std:5.766317e-04+-3.752763e-04, Vol_mean+-std:2.026320e-04+-1.067969e-04, P_MAX:1.227e-03, Q_MAX:1.324e-03, P_mean+-std:8.302e-04+-2.707e-04, Q_mean+-std:6.684e-04+-3.088e-04, P_RMSE:4.433e-04, Q_RMSE:4.617e-04, Success rate (<0.1):1.000000, Success rate (<0.01):1.000000, Success rate (<0.001):0.500000
X=[0.8,1.0], PQ=[0.2,0.4]: count:10, ill:0, Ang_MAX:4.276454e-03, Vol_MAX:8.902550e-04, Ang_mean+-std:2.656236e-03+-1.136254e-03, Vol_mean+-std:5.309701e-04+-2.482548e-04, P_MAX:4.029e-03, Q_MAX:3.395e-03, P_mean+-std:2.277e-03+-8.106e-04, Q_mean+-std:1.682e-03+-7.401e-04, P_RMSE:1.383e-03, Q_RMSE:9.974e-04, Success rate (<0.1):1.000000, Success rate (<0.01):1.000000, Success rate (<0.001):0.000000
X=[0.8,1.0], PQ=[0.4,0.6]: count:10, ill:0, Ang_MAX:6.830871e-03, Vol_MAX:7.635355e-04, Ang_mean+-std:3.219730e-03+-1.789170e-03, Vol_mean+-std:4.365325e-04+-1.592334e-04, P_MAX:4.744e-03, Q_MAX:2.716e-03, P_mean+-std:2.736e-03+-1.113e-03, Q_mean+-std:1.688e-03+-5.050e-04, P_RMSE:1.762e-03, Q_RMSE:9.310e-04, Success rate (<0.1):1.000000, Success rate (<0.01):1.000000, Success rate (<0.001):0.000000
X=[0.8,1.0], PQ=[0.6,0.8]: count:10, ill:0, Ang_MAX:6.417244e-03, Vol_MAX:1.280189e-03, Ang_mean+-std:3.548050e-03+-1.732001e-03, Vol_mean+-std:6.688595e-04+-3.136162e-04, P_MAX:6.667e-03, Q_MAX:3.747e-03, P_mean+-std:3.622e-03+-1.525e-03, Q_mean+-std:2.585e-03+-8.866e-04, P_RMSE:1.930e-03, Q_RMSE:1.344e-03, Success rate (<0.1):1.000000, Success rate (<0.01):1.000000, Success rate (<0.001):0.000000
X=[0.8,1.0], PQ=[0.8,1.0]: count:10, ill:0, Ang_MAX:1.097515e-02, Vol_MAX:2.291322e-03, Ang_mean+-std:4.642363e-03+-2.917097e-03, Vol_mean+-std:1.073730e-03+-6.602668e-04, P_MAX:1.072e-02, Q_MAX:7.979e-03, P_mean+-std:4.575e-03+-2.719e-03, Q_mean+-std:3.830e-03+-1.846e-03, P_RMSE:2.693e-03, Q_RMSE:2.316e-03, Success rate (<0.1):1.000000, Success rate (<0.01):0.900000, Success rate (<0.001):0.000000
X=[0.8,1.0], PQ=[1.0,1.2]: count:10, ill:0, Ang_MAX:2.231717e-02, Vol_MAX:2.797484e-03, Ang_mean+-std:6.962509e-03+-5.826536e-03, Vol_mean+-std:1.501560e-03+-6.231174e-04, P_MAX:1.788e-02, Q_MAX:9.357e-03, P_mean+-std:6.822e-03+-4.304e-03, Q_mean+-std:4.646e-03+-1.912e-03, P_RMSE:4.297e-03, Q_RMSE:2.665e-03, Success rate (<0.1):1.000000, Success rate (<0.01):0.900000, Success rate (<0.001):0.000000
X=[0.8,1.0], PQ=[1.2,1.4]: count:10, ill:0, Ang_MAX:1.357967e-02, Vol_MAX:2.289057e-03, Ang_mean+-std:5.913492e-03+-3.762480e-03, Vol_mean+-std:1.491606e-03+-6.180118e-04, P_MAX:1.001e-02, Q_MAX:8.342e-03, P_mean+-std:5.592e-03+-2.060e-03, Q_mean+-std:4.715e-03+-1.954e-03, P_RMSE:3.327e-03, Q_RMSE:2.666e-03, Success rate (<0.1):1.000000, Success rate (<0.01):0.900000, Success rate (<0.001):0.000000
X=[0.8,1.0], PQ=[1.4,1.6]: count:10, ill:0, Ang_MAX:1.528212e-02, Vol_MAX:3.794670e-03, Ang_mean+-std:6.446411e-03+-4.645496e-03, Vol_mean+-std:1.687443e-03+-8.955672e-04, P_MAX:1.634e-02, Q_MAX:1.162e-02, P_mean+-std:7.087e-03+-4.222e-03, Q_mean+-std:5.905e-03+-2.264e-03, P_RMSE:3.943e-03, Q_RMSE:3.168e-03, Success rate (<0.1):1.000000, Success rate (<0.01):0.600000, Success rate (<0.001):0.000000
X=[0.8,1.0], PQ=[1.6,1.8]: count:10, ill:0, Ang_MAX:1.665902e-02, Vol_MAX:5.591154e-03, Ang_mean+-std:8.353095e-03+-4.275084e-03, Vol_mean+-std:2.262723e-03+-1.391085e-03, P_MAX:1.576e-02, Q_MAX:1.589e-02, P_mean+-std:8.711e-03+-3.748e-03, Q_mean+-std:7.313e-03+-3.472e-03, P_RMSE:4.635e-03, Q_RMSE:4.559e-03, Success rate (<0.1):1.000000, Success rate (<0.01):0.500000, Success rate (<0.001):0.000000
X=[0.8,1.0], PQ=[1.8,2.0]: count:10, ill:0, Ang_MAX:2.610174e-02, Vol_MAX:4.038453e-03, Ang_mean+-std:9.873511e-03+-7.786485e-03, Vol_mean+-std:1.752555e-03+-1.146838e-03, P_MAX:2.422e-02, Q_MAX:1.473e-02, P_mean+-std:9.508e-03+-5.999e-03, Q_mean+-std:7.346e-03+-4.009e-03, P_RMSE:6.067e-03, Q_RMSE:4.425e-03, Success rate (<0.1):1.000000, Success rate (<0.01):0.400000, Success rate (<0.001):0.000000
X=[1.0,1.2], PQ=[-2.0,-1.8]: count:10, ill:0, Ang_MAX:2.240410e-02, Vol_MAX:2.700210e-03, Ang_mean+-std:9.890217e-03+-7.432859e-03, Vol_mean+-std:1.618648e-03+-6.471659e-04, P_MAX:1.622e-02, Q_MAX:9.082e-03, P_mean+-std:9.286e-03+-4.276e-03, Q_mean+-std:5.180e-03+-1.926e-03, P_RMSE:5.762e-03, Q_RMSE:3.108e-03, Success rate (<0.1):1.000000, Success rate (<0.01):0.600000, Success rate (<0.001):0.000000
X=[1.0,1.2], PQ=[-1.8,-1.6]: count:10, ill:0, Ang_MAX:1.933128e-02, Vol_MAX:4.855156e-03, Ang_mean+-std:8.867741e-03+-5.902295e-03, Vol_mean+-std:2.147281e-03+-1.158733e-03, P_MAX:1.622e-02, Q_MAX:1.056e-02, P_mean+-std:8.431e-03+-3.954e-03, Q_mean+-std:6.378e-03+-2.322e-03, P_RMSE:5.063e-03, Q_RMSE:3.370e-03, Success rate (<0.1):1.000000, Success rate (<0.01):0.600000, Success rate (<0.001):0.000000
X=[1.0,1.2], PQ=[-1.6,-1.4]: count:10, ill:0, Ang_MAX:1.453009e-02, Vol_MAX:3.357887e-03, Ang_mean+-std:5.968675e-03+-4.131981e-03, Vol_mean+-std:1.674044e-03+-9.175093e-04, P_MAX:1.446e-02, Q_MAX:9.370e-03, P_mean+-std:7.078e-03+-4.138e-03, Q_mean+-std:6.364e-03+-1.552e-03, P_RMSE:3.689e-03, Q_RMSE:3.703e-03, Success rate (<0.1):1.000000, Success rate (<0.01):0.700000, Success rate (<0.001):0.000000
X=[1.0,1.2], PQ=[-1.4,-1.2]: count:10, ill:0, Ang_MAX:2.113773e-02, Vol_MAX:2.655625e-03, Ang_mean+-std:9.352637e-03+-7.350037e-03, Vol_mean+-std:1.285791e-03+-5.974994e-04, P_MAX:1.903e-02, Q_MAX:1.172e-02, P_mean+-std:9.002e-03+-5.604e-03, Q_mean+-std:5.669e-03+-2.446e-03, P_RMSE:5.644e-03, Q_RMSE:3.505e-03, Success rate (<0.1):1.000000, Success rate (<0.01):0.500000, Success rate (<0.001):0.000000
X=[1.0,1.2], PQ=[-1.2,-1.0]: count:10, ill:0, Ang_MAX:7.854700e-03, Vol_MAX:2.338290e-03, Ang_mean+-std:4.085106e-03+-2.157040e-03, Vol_mean+-std:1.448667e-03+-7.154599e-04, P_MAX:6.054e-03, Q_MAX:9.432e-03, P_mean+-std:4.037e-03+-1.053e-03, Q_mean+-std:5.348e-03+-2.503e-03, P_RMSE:2.331e-03, Q_RMSE:3.150e-03, Success rate (<0.1):1.000000, Success rate (<0.01):1.000000, Success rate (<0.001):0.000000
X=[1.0,1.2], PQ=[-1.0,-0.8]: count:10, ill:0, Ang_MAX:1.116639e-02, Vol_MAX:1.672029e-03, Ang_mean+-std:4.801808e-03+-2.821670e-03, Vol_mean+-std:1.016331e-03+-3.909757e-04, P_MAX:8.237e-03, Q_MAX:3.818e-03, P_mean+-std:4.509e-03+-2.336e-03, Q_mean+-std:2.963e-03+-7.033e-04, P_RMSE:2.676e-03, Q_RMSE:1.675e-03, Success rate (<0.1):1.000000, Success rate (<0.01):1.000000, Success rate (<0.001):0.000000
X=[1.0,1.2], PQ=[-0.8,-0.6]: count:10, ill:0, Ang_MAX:7.220447e-03, Vol_MAX:1.593590e-03, Ang_mean+-std:3.308830e-03+-1.807444e-03, Vol_mean+-std:6.515861e-04+-4.179540e-04, P_MAX:6.517e-03, Q_MAX:5.043e-03, P_mean+-std:3.206e-03+-1.517e-03, Q_mean+-std:3.002e-03+-1.165e-03, P_RMSE:1.831e-03, Q_RMSE:1.681e-03, Success rate (<0.1):1.000000, Success rate (<0.01):1.000000, Success rate (<0.001):0.000000
X=[1.0,1.2], PQ=[-0.6,-0.4]: count:10, ill:0, Ang_MAX:8.111745e-03, Vol_MAX:9.065866e-04, Ang_mean+-std:2.761242e-03+-2.118376e-03, Vol_mean+-std:5.560994e-04+-2.700162e-04, P_MAX:7.604e-03, Q_MAX:3.282e-03, P_mean+-std:2.758e-03+-1.767e-03, Q_mean+-std:2.131e-03+-6.241e-04, P_RMSE:1.691e-03, Q_RMSE:1.139e-03, Success rate (<0.1):1.000000, Success rate (<0.01):1.000000, Success rate (<0.001):0.000000
X=[1.0,1.2], PQ=[-0.4,-0.2]: count:10, ill:0, Ang_MAX:4.082561e-03, Vol_MAX:4.953146e-04, Ang_mean+-std:1.101895e-03+-1.126563e-03, Vol_mean+-std:2.553105e-04+-1.493806e-04, P_MAX:2.900e-03, Q_MAX:1.396e-03, P_mean+-std:1.204e-03+-6.918e-04, Q_mean+-std:9.845e-04+-2.729e-04, P_RMSE:7.980e-04, Q_RMSE:5.514e-04, Success rate (<0.1):1.000000, Success rate (<0.01):1.000000, Success rate (<0.001):0.400000
X=[1.0,1.2], PQ=[-0.2,0.0]: count:10, ill:0, Ang_MAX:2.348602e-03, Vol_MAX:3.190041e-04, Ang_mean+-std:8.912921e-04+-7.228548e-04, Vol_mean+-std:1.706243e-04+-7.151208e-05, P_MAX:1.940e-03, Q_MAX:1.199e-03, P_mean+-std:9.712e-04+-4.464e-04, Q_mean+-std:7.865e-04+-1.875e-04, P_RMSE:6.292e-04, Q_RMSE:4.904e-04, Success rate (<0.1):1.000000, Success rate (<0.01):1.000000, Success rate (<0.001):0.500000
X=[1.0,1.2], PQ=[0.0,0.2]: count:10, ill:0, Ang_MAX:3.420621e-03, Vol_MAX:2.855062e-04, Ang_mean+-std:7.147908e-04+-9.674919e-04, Vol_mean+-std:1.800537e-04+-7.806034e-05, P_MAX:2.660e-03, Q_MAX:9.476e-04, P_mean+-std:9.652e-04+-5.958e-04, Q_mean+-std:6.505e-04+-1.933e-04, P_RMSE:6.280e-04, Q_RMSE:3.981e-04, Success rate (<0.1):1.000000, Success rate (<0.01):1.000000, Success rate (<0.001):0.700000
X=[1.0,1.2], PQ=[0.2,0.4]: count:10, ill:0, Ang_MAX:2.923578e-03, Vol_MAX:7.847548e-04, Ang_mean+-std:1.510391e-03+-1.020746e-03, Vol_mean+-std:4.008293e-04+-1.884973e-04, P_MAX:2.767e-03, Q_MAX:2.312e-03, P_mean+-std:1.624e-03+-6.791e-04, Q_mean+-std:1.441e-03+-4.186e-04, P_RMSE:9.060e-04, Q_RMSE:6.748e-04, Success rate (<0.1):1.000000, Success rate (<0.01):1.000000, Success rate (<0.001):0.000000
X=[1.0,1.2], PQ=[0.4,0.6]: count:10, ill:0, Ang_MAX:8.104354e-03, Vol_MAX:7.066727e-04, Ang_mean+-std:4.417288e-03+-2.223297e-03, Vol_mean+-std:4.573345e-04+-1.502995e-04, P_MAX:6.654e-03, Q_MAX:3.125e-03, P_mean+-std:3.776e-03+-1.666e-03, Q_mean+-std:1.851e-03+-6.427e-04, P_RMSE:2.338e-03, Q_RMSE:1.059e-03, Success rate (<0.1):1.000000, Success rate (<0.01):1.000000, Success rate (<0.001):0.000000
X=[1.0,1.2], PQ=[0.6,0.8]: count:10, ill:0, Ang_MAX:7.858306e-03, Vol_MAX:1.371264e-03, Ang_mean+-std:4.351467e-03+-2.179144e-03, Vol_mean+-std:8.473873e-04+-3.790074e-04, P_MAX:6.673e-03, Q_MAX:5.608e-03, P_mean+-std:4.348e-03+-1.400e-03, Q_mean+-std:2.875e-03+-1.156e-03, P_RMSE:2.367e-03, Q_RMSE:1.666e-03, Success rate (<0.1):1.000000, Success rate (<0.01):1.000000, Success rate (<0.001):0.000000
X=[1.0,1.2], PQ=[0.8,1.0]: count:10, ill:0, Ang_MAX:8.026420e-03, Vol_MAX:2.107024e-03, Ang_mean+-std:4.597855e-03+-2.365043e-03, Vol_mean+-std:1.002002e-03+-5.424824e-04, P_MAX:8.175e-03, Q_MAX:7.818e-03, P_mean+-std:4.811e-03+-1.980e-03, Q_mean+-std:3.820e-03+-1.862e-03, P_RMSE:2.522e-03, Q_RMSE:2.366e-03, Success rate (<0.1):1.000000, Success rate (<0.01):1.000000, Success rate (<0.001):0.000000
X=[1.0,1.2], PQ=[1.0,1.2]: count:10, ill:0, Ang_MAX:1.818874e-02, Vol_MAX:2.096534e-03, Ang_mean+-std:6.699034e-03+-4.596804e-03, Vol_mean+-std:1.101136e-03+-4.053930e-04, P_MAX:1.196e-02, Q_MAX:6.539e-03, P_mean+-std:5.902e-03+-2.453e-03, Q_mean+-std:3.850e-03+-1.253e-03, P_RMSE:3.767e-03, Q_RMSE:2.242e-03, Success rate (<0.1):1.000000, Success rate (<0.01):0.900000, Success rate (<0.001):0.000000
X=[1.0,1.2], PQ=[1.2,1.4]: count:10, ill:0, Ang_MAX:1.224758e-02, Vol_MAX:2.299666e-03, Ang_mean+-std:5.570328e-03+-2.963430e-03, Vol_mean+-std:1.122975e-03+-5.091196e-04, P_MAX:1.213e-02, Q_MAX:7.240e-03, P_mean+-std:5.377e-03+-2.828e-03, Q_mean+-std:4.530e-03+-1.795e-03, P_RMSE:2.972e-03, Q_RMSE:2.267e-03, Success rate (<0.1):1.000000, Success rate (<0.01):0.900000, Success rate (<0.001):0.000000
X=[1.0,1.2], PQ=[1.4,1.6]: count:10, ill:0, Ang_MAX:2.490346e-02, Vol_MAX:4.018426e-03, Ang_mean+-std:8.578731e-03+-6.594859e-03, Vol_mean+-std:1.634824e-03+-8.919470e-04, P_MAX:1.945e-02, Q_MAX:1.328e-02, P_mean+-std:7.663e-03+-5.119e-03, Q_mean+-std:6.160e-03+-2.989e-03, P_RMSE:5.071e-03, Q_RMSE:3.858e-03, Success rate (<0.1):1.000000, Success rate (<0.01):0.700000, Success rate (<0.001):0.000000
X=[1.0,1.2], PQ=[1.6,1.8]: count:10, ill:0, Ang_MAX:2.777073e-02, Vol_MAX:5.136967e-03, Ang_mean+-std:9.238645e-03+-9.356566e-03, Vol_mean+-std:2.591801e-03+-1.567246e-03, P_MAX:2.328e-02, Q_MAX:1.249e-02, P_mean+-std:8.755e-03+-6.494e-03, Q_mean+-std:7.414e-03+-3.221e-03, P_RMSE:6.237e-03, Q_RMSE:4.394e-03, Success rate (<0.1):1.000000, Success rate (<0.01):0.600000, Success rate (<0.001):0.000000
X=[1.0,1.2], PQ=[1.8,2.0]: count:10, ill:0, Ang_MAX:3.044909e-02, Vol_MAX:3.395438e-03, Ang_mean+-std:9.062292e-03+-7.856749e-03, Vol_mean+-std:1.845753e-03+-8.018811e-04, P_MAX:2.814e-02, Q_MAX:1.097e-02, P_mean+-std:8.638e-03+-6.810e-03, Q_mean+-std:7.407e-03+-2.226e-03, P_RMSE:5.801e-03, Q_RMSE:3.995e-03, Success rate (<0.1):1.000000, Success rate (<0.01):0.700000, Success rate (<0.001):0.000000
X=[1.2,1.4], PQ=[-2.0,-1.8]: count:10, ill:0, Ang_MAX:2.475387e-02, Vol_MAX:4.366040e-03, Ang_mean+-std:1.075288e-02+-6.163043e-03, Vol_mean+-std:2.028286e-03+-9.737510e-04, P_MAX:2.030e-02, Q_MAX:1.249e-02, P_mean+-std:9.669e-03+-4.736e-03, Q_mean+-std:7.775e-03+-2.301e-03, P_RMSE:5.884e-03, Q_RMSE:4.638e-03, Success rate (<0.1):1.000000, Success rate (<0.01):0.500000, Success rate (<0.001):0.000000
X=[1.2,1.4], PQ=[-1.8,-1.6]: count:10, ill:0, Ang_MAX:1.625225e-02, Vol_MAX:3.737688e-03, Ang_mean+-std:7.065746e-03+-4.537717e-03, Vol_mean+-std:1.711512e-03+-8.604514e-04, P_MAX:1.480e-02, Q_MAX:1.107e-02, P_mean+-std:7.676e-03+-3.366e-03, Q_mean+-std:6.753e-03+-2.651e-03, P_RMSE:4.153e-03, Q_RMSE:3.498e-03, Success rate (<0.1):1.000000, Success rate (<0.01):0.600000, Success rate (<0.001):0.000000
X=[1.2,1.4], PQ=[-1.6,-1.4]: count:10, ill:0, Ang_MAX:2.647024e-02, Vol_MAX:2.668619e-03, Ang_mean+-std:1.127784e-02+-8.361271e-03, Vol_mean+-std:1.668906e-03+-4.753838e-04, P_MAX:1.826e-02, Q_MAX:7.311e-03, P_mean+-std:9.301e-03+-5.164e-03, Q_mean+-std:5.996e-03+-8.865e-04, P_RMSE:6.467e-03, Q_RMSE:3.011e-03, Success rate (<0.1):1.000000, Success rate (<0.01):0.600000, Success rate (<0.001):0.000000
X=[1.2,1.4], PQ=[-1.4,-1.2]: count:10, ill:0, Ang_MAX:1.281676e-02, Vol_MAX:2.445340e-03, Ang_mean+-std:6.215919e-03+-3.828835e-03, Vol_mean+-std:1.086748e-03+-6.485050e-04, P_MAX:1.023e-02, Q_MAX:1.058e-02, P_mean+-std:5.724e-03+-2.964e-03, Q_mean+-std:4.704e-03+-2.459e-03, P_RMSE:3.478e-03, Q_RMSE:3.223e-03, Success rate (<0.1):1.000000, Success rate (<0.01):0.800000, Success rate (<0.001):0.000000
X=[1.2,1.4], PQ=[-1.2,-1.0]: count:10, ill:0, Ang_MAX:1.798189e-02, Vol_MAX:2.682447e-03, Ang_mean+-std:7.972954e-03+-5.809107e-03, Vol_mean+-std:1.167548e-03+-7.064361e-04, P_MAX:1.399e-02, Q_MAX:7.276e-03, P_mean+-std:6.923e-03+-4.079e-03, Q_mean+-std:3.864e-03+-1.879e-03, P_RMSE:4.562e-03, Q_RMSE:2.356e-03, Success rate (<0.1):1.000000, Success rate (<0.01):0.800000, Success rate (<0.001):0.000000
X=[1.2,1.4], PQ=[-1.0,-0.8]: count:10, ill:0, Ang_MAX:1.928318e-02, Vol_MAX:1.903057e-03, Ang_mean+-std:7.135506e-03+-6.066003e-03, Vol_mean+-std:1.014173e-03+-4.980612e-04, P_MAX:1.669e-02, Q_MAX:5.087e-03, P_mean+-std:6.528e-03+-4.433e-03, Q_mean+-std:3.119e-03+-1.212e-03, P_RMSE:4.367e-03, Q_RMSE:1.797e-03, Success rate (<0.1):1.000000, Success rate (<0.01):0.800000, Success rate (<0.001):0.000000
X=[1.2,1.4], PQ=[-0.8,-0.6]: count:10, ill:0, Ang_MAX:7.331550e-03, Vol_MAX:1.538754e-03, Ang_mean+-std:2.430417e-03+-1.852884e-03, Vol_mean+-std:7.777333e-04+-4.143055e-04, P_MAX:5.637e-03, Q_MAX:5.665e-03, P_mean+-std:2.879e-03+-1.224e-03, Q_mean+-std:3.063e-03+-1.575e-03, P_RMSE:1.649e-03, Q_RMSE:1.763e-03, Success rate (<0.1):1.000000, Success rate (<0.01):1.000000, Success rate (<0.001):0.000000
X=[1.2,1.4], PQ=[-0.6,-0.4]: count:10, ill:0, Ang_MAX:5.633593e-03, Vol_MAX:9.627342e-04, Ang_mean+-std:3.541528e-03+-1.498669e-03, Vol_mean+-std:5.413890e-04+-1.993263e-04, P_MAX:5.427e-03, Q_MAX:3.291e-03, P_mean+-std:3.210e-03+-1.252e-03, Q_mean+-std:2.056e-03+-6.284e-04, P_RMSE:1.830e-03, Q_RMSE:1.028e-03, Success rate (<0.1):1.000000, Success rate (<0.01):1.000000, Success rate (<0.001):0.000000
X=[1.2,1.4], PQ=[-0.4,-0.2]: count:10, ill:0, Ang_MAX:3.924906e-03, Vol_MAX:6.092787e-04, Ang_mean+-std:1.585655e-03+-1.247357e-03, Vol_mean+-std:3.809094e-04+-1.349723e-04, P_MAX:2.798e-03, Q_MAX:1.923e-03, P_mean+-std:1.647e-03+-7.232e-04, Q_mean+-std:1.299e-03+-3.550e-04, P_RMSE:9.902e-04, Q_RMSE:7.230e-04, Success rate (<0.1):1.000000, Success rate (<0.01):1.000000, Success rate (<0.001):0.100000
X=[1.2,1.4], PQ=[-0.2,0.0]: count:10, ill:0, Ang_MAX:2.543896e-03, Vol_MAX:3.461838e-04, Ang_mean+-std:6.274178e-04+-7.464173e-04, Vol_mean+-std:1.639485e-04+-8.175908e-05, P_MAX:1.908e-03, Q_MAX:1.439e-03, P_mean+-std:8.978e-04+-4.081e-04, Q_mean+-std:7.024e-04+-2.806e-04, P_RMSE:5.462e-04, Q_RMSE:4.353e-04, Success rate (<0.1):1.000000, Success rate (<0.01):1.000000, Success rate (<0.001):0.700000
X=[1.2,1.4], PQ=[0.0,0.2]: count:10, ill:0, Ang_MAX:9.083450e-04, Vol_MAX:3.811121e-04, Ang_mean+-std:3.553227e-04+-2.883937e-04, Vol_mean+-std:1.911759e-04+-7.642502e-05, P_MAX:1.183e-03, Q_MAX:1.011e-03, P_mean+-std:7.559e-04+-1.997e-04, Q_mean+-std:5.949e-04+-1.881e-04, P_RMSE:3.724e-04, Q_RMSE:3.755e-04, Success rate (<0.1):1.000000, Success rate (<0.01):1.000000, Success rate (<0.001):0.800000
X=[1.2,1.4], PQ=[0.2,0.4]: count:10, ill:0, Ang_MAX:5.144864e-03, Vol_MAX:6.464720e-04, Ang_mean+-std:2.493472e-03+-1.248177e-03, Vol_mean+-std:3.677249e-04+-1.857923e-04, P_MAX:3.815e-03, Q_MAX:1.762e-03, P_mean+-std:2.392e-03+-8.915e-04, Q_mean+-std:1.146e-03+-2.732e-04, P_RMSE:1.368e-03, Q_RMSE:6.736e-04, Success rate (<0.1):1.000000, Success rate (<0.01):1.000000, Success rate (<0.001):0.100000
X=[1.2,1.4], PQ=[0.4,0.6]: count:10, ill:0, Ang_MAX:4.468560e-03, Vol_MAX:9.537935e-04, Ang_mean+-std:2.480632e-03+-1.276011e-03, Vol_mean+-std:5.884767e-04+-2.657510e-04, P_MAX:3.779e-03, Q_MAX:4.170e-03, P_mean+-std:2.368e-03+-7.850e-04, Q_mean+-std:2.310e-03+-1.122e-03, P_RMSE:1.348e-03, Q_RMSE:1.384e-03, Success rate (<0.1):1.000000, Success rate (<0.01):1.000000, Success rate (<0.001):0.000000
X=[1.2,1.4], PQ=[0.6,0.8]: count:10, ill:0, Ang_MAX:6.562173e-03, Vol_MAX:1.575112e-03, Ang_mean+-std:3.394660e-03+-2.322990e-03, Vol_mean+-std:7.805228e-04+-4.596704e-04, P_MAX:5.901e-03, Q_MAX:4.972e-03, P_mean+-std:3.365e-03+-1.534e-03, Q_mean+-std:2.672e-03+-1.366e-03, P_RMSE:1.999e-03, Q_RMSE:1.750e-03, Success rate (<0.1):1.000000, Success rate (<0.01):1.000000, Success rate (<0.001):0.000000
X=[1.2,1.4], PQ=[0.8,1.0]: count:10, ill:0, Ang_MAX:9.386182e-03, Vol_MAX:1.977682e-03, Ang_mean+-std:6.079052e-03+-2.260814e-03, Vol_mean+-std:1.128924e-03+-4.920126e-04, P_MAX:8.482e-03, Q_MAX:8.546e-03, P_mean+-std:5.603e-03+-2.091e-03, Q_mean+-std:3.929e-03+-2.160e-03, P_RMSE:3.140e-03, Q_RMSE:2.308e-03, Success rate (<0.1):1.000000, Success rate (<0.01):1.000000, Success rate (<0.001):0.000000
X=[1.2,1.4], PQ=[1.0,1.2]: count:10, ill:0, Ang_MAX:1.353499e-02, Vol_MAX:2.387524e-03, Ang_mean+-std:5.215809e-03+-3.912688e-03, Vol_mean+-std:1.039970e-03+-5.973890e-04, P_MAX:1.230e-02, Q_MAX:8.021e-03, P_mean+-std:5.063e-03+-3.368e-03, Q_mean+-std:4.054e-03+-1.814e-03, P_RMSE:3.092e-03, Q_RMSE:2.352e-03, Success rate (<0.1):1.000000, Success rate (<0.01):0.900000, Success rate (<0.001):0.000000
X=[1.2,1.4], PQ=[1.2,1.4]: count:10, ill:0, Ang_MAX:2.111664e-02, Vol_MAX:3.746271e-03, Ang_mean+-std:6.809616e-03+-5.469848e-03, Vol_mean+-std:1.338267e-03+-9.367044e-04, P_MAX:1.436e-02, Q_MAX:9.232e-03, P_mean+-std:6.321e-03+-3.064e-03, Q_mean+-std:4.889e-03+-2.198e-03, P_RMSE:4.116e-03, Q_RMSE:3.054e-03, Success rate (<0.1):1.000000, Success rate (<0.01):0.900000, Success rate (<0.001):0.000000
X=[1.2,1.4], PQ=[1.4,1.6]: count:10, ill:0, Ang_MAX:2.173314e-02, Vol_MAX:3.450871e-03, Ang_mean+-std:1.014453e-02+-5.628968e-03, Vol_mean+-std:2.104783e-03+-9.182168e-04, P_MAX:1.494e-02, Q_MAX:1.258e-02, P_mean+-std:9.267e-03+-3.534e-03, Q_mean+-std:7.774e-03+-2.663e-03, P_RMSE:5.322e-03, Q_RMSE:4.171e-03, Success rate (<0.1):1.000000, Success rate (<0.01):0.400000, Success rate (<0.001):0.000000
X=[1.2,1.4], PQ=[1.6,1.8]: count:10, ill:0, Ang_MAX:2.132490e-02, Vol_MAX:2.220035e-03, Ang_mean+-std:1.042670e-02+-6.320948e-03, Vol_mean+-std:1.519680e-03+-4.571673e-04, P_MAX:1.832e-02, Q_MAX:8.062e-03, P_mean+-std:9.825e-03+-4.975e-03, Q_mean+-std:5.244e-03+-1.617e-03, P_RMSE:5.752e-03, Q_RMSE:3.057e-03, Success rate (<0.1):1.000000, Success rate (<0.01):0.500000, Success rate (<0.001):0.000000
X=[1.2,1.4], PQ=[1.8,2.0]: count:10, ill:0, Ang_MAX:2.281705e-02, Vol_MAX:4.117489e-03, Ang_mean+-std:7.102133e-03+-6.751784e-03, Vol_mean+-std:1.842129e-03+-1.142872e-03, P_MAX:1.547e-02, Q_MAX:1.453e-02, P_mean+-std:7.117e-03+-4.006e-03, Q_mean+-std:5.596e-03+-3.343e-03, P_RMSE:4.712e-03, Q_RMSE:3.578e-03, Success rate (<0.1):1.000000, Success rate (<0.01):0.600000, Success rate (<0.001):0.000000
X=[1.4,1.6], PQ=[-2.0,-1.8]: count:10, ill:0, Ang_MAX:2.510506e-02, Vol_MAX:4.002571e-03, Ang_mean+-std:1.065940e-02+-7.786393e-03, Vol_mean+-std:2.398920e-03+-8.402533e-04, P_MAX:2.253e-02, Q_MAX:1.531e-02, P_mean+-std:9.755e-03+-6.605e-03, Q_mean+-std:9.753e-03+-2.933e-03, P_RMSE:6.212e-03, Q_RMSE:5.681e-03, Success rate (<0.1):1.000000, Success rate (<0.01):0.300000, Success rate (<0.001):0.000000
X=[1.4,1.6], PQ=[-1.8,-1.6]: count:10, ill:0, Ang_MAX:4.255906e-02, Vol_MAX:4.040241e-03, Ang_mean+-std:1.139980e-02+-1.222738e-02, Vol_mean+-std:1.927519e-03+-1.098943e-03, P_MAX:3.389e-02, Q_MAX:1.126e-02, P_mean+-std:1.076e-02+-8.835e-03, Q_mean+-std:6.054e-03+-2.882e-03, P_RMSE:7.734e-03, Q_RMSE:3.524e-03, Success rate (<0.1):1.000000, Success rate (<0.01):0.600000, Success rate (<0.001):0.000000
X=[1.4,1.6], PQ=[-1.6,-1.4]: count:10, ill:0, Ang_MAX:2.058515e-02, Vol_MAX:2.562642e-03, Ang_mean+-std:1.000253e-02+-5.204812e-03, Vol_mean+-std:1.372027e-03+-5.134895e-04, P_MAX:1.468e-02, Q_MAX:7.630e-03, P_mean+-std:8.836e-03+-2.977e-03, Q_mean+-std:5.465e-03+-1.343e-03, P_RMSE:5.274e-03, Q_RMSE:3.068e-03, Success rate (<0.1):1.000000, Success rate (<0.01):0.600000, Success rate (<0.001):0.000000
X=[1.4,1.6], PQ=[-1.4,-1.2]: count:10, ill:0, Ang_MAX:1.213136e-02, Vol_MAX:1.537919e-03, Ang_mean+-std:8.120842e-03+-2.474760e-03, Vol_mean+-std:9.458303e-04+-2.807427e-04, P_MAX:1.218e-02, Q_MAX:8.754e-03, P_mean+-std:7.325e-03+-2.530e-03, Q_mean+-std:4.364e-03+-1.685e-03, P_RMSE:3.974e-03, Q_RMSE:2.314e-03, Success rate (<0.1):1.000000, Success rate (<0.01):0.800000, Success rate (<0.001):0.000000
X=[1.4,1.6], PQ=[-1.2,-1.0]: count:10, ill:0, Ang_MAX:1.060225e-02, Vol_MAX:2.597213e-03, Ang_mean+-std:4.932626e-03+-3.369370e-03, Vol_mean+-std:9.555340e-04+-6.117365e-04, P_MAX:1.038e-02, Q_MAX:7.233e-03, P_mean+-std:5.094e-03+-2.581e-03, Q_mean+-std:3.672e-03+-1.627e-03, P_RMSE:2.849e-03, Q_RMSE:1.939e-03, Success rate (<0.1):1.000000, Success rate (<0.01):0.900000, Success rate (<0.001):0.000000
X=[1.4,1.6], PQ=[-1.0,-0.8]: count:10, ill:0, Ang_MAX:1.047423e-02, Vol_MAX:1.535654e-03, Ang_mean+-std:4.637605e-03+-2.386365e-03, Vol_mean+-std:1.112366e-03+-2.438425e-04, P_MAX:1.000e-02, Q_MAX:5.253e-03, P_mean+-std:4.935e-03+-2.090e-03, Q_mean+-std:3.875e-03+-7.350e-04, P_RMSE:2.562e-03, Q_RMSE:2.159e-03, Success rate (<0.1):1.000000, Success rate (<0.01):0.900000, Success rate (<0.001):0.000000
X=[1.4,1.6], PQ=[-0.8,-0.6]: count:10, ill:0, Ang_MAX:1.007813e-02, Vol_MAX:1.703501e-03, Ang_mean+-std:3.435056e-03+-3.362990e-03, Vol_mean+-std:7.737756e-04+-3.634864e-04, P_MAX:9.364e-03, Q_MAX:6.400e-03, P_mean+-std:3.670e-03+-2.629e-03, Q_mean+-std:2.705e-03+-1.354e-03, P_RMSE:2.349e-03, Q_RMSE:1.340e-03, Success rate (<0.1):1.000000, Success rate (<0.01):1.000000, Success rate (<0.001):0.000000
X=[1.4,1.6], PQ=[-0.6,-0.4]: count:10, ill:0, Ang_MAX:5.012840e-03, Vol_MAX:1.233339e-03, Ang_mean+-std:2.345441e-03+-1.345568e-03, Vol_mean+-std:4.670262e-04+-3.081480e-04, P_MAX:4.180e-03, Q_MAX:3.434e-03, P_mean+-std:2.233e-03+-9.325e-04, Q_mean+-std:1.870e-03+-8.682e-04, P_RMSE:1.305e-03, Q_RMSE:1.160e-03, Success rate (<0.1):1.000000, Success rate (<0.01):1.000000, Success rate (<0.001):0.000000
X=[1.4,1.6], PQ=[-0.4,-0.2]: count:10, ill:0, Ang_MAX:3.650874e-03, Vol_MAX:4.384518e-04, Ang_mean+-std:1.778333e-03+-9.267308e-04, Vol_mean+-std:2.586007e-04+-1.199696e-04, P_MAX:3.207e-03, Q_MAX:1.604e-03, P_mean+-std:1.668e-03+-6.080e-04, Q_mean+-std:1.113e-03+-2.744e-04, P_RMSE:9.851e-04, Q_RMSE:6.768e-04, Success rate (<0.1):1.000000, Success rate (<0.01):1.000000, Success rate (<0.001):0.100000
X=[1.4,1.6], PQ=[-0.2,0.0]: count:10, ill:0, Ang_MAX:9.095669e-04, Vol_MAX:2.868176e-04, Ang_mean+-std:3.586099e-04+-2.376232e-04, Vol_mean+-std:1.462340e-04+-5.489199e-05, P_MAX:1.019e-03, Q_MAX:1.043e-03, P_mean+-std:7.189e-04+-1.310e-04, Q_mean+-std:5.924e-04+-1.733e-04, P_RMSE:3.651e-04, Q_RMSE:3.563e-04, Success rate (<0.1):1.000000, Success rate (<0.01):1.000000, Success rate (<0.001):0.800000
X=[1.4,1.6], PQ=[0.0,0.2]: count:10, ill:0, Ang_MAX:9.934455e-04, Vol_MAX:4.386902e-04, Ang_mean+-std:5.321369e-04+-3.081322e-04, Vol_mean+-std:2.173901e-04+-1.029679e-04, P_MAX:1.262e-03, Q_MAX:1.857e-03, P_mean+-std:8.058e-04+-1.876e-04, Q_mean+-std:7.584e-04+-3.962e-04, P_RMSE:4.244e-04, Q_RMSE:5.077e-04, Success rate (<0.1):1.000000, Success rate (<0.01):1.000000, Success rate (<0.001):0.800000
X=[1.4,1.6], PQ=[0.2,0.4]: count:10, ill:0, Ang_MAX:3.262222e-03, Vol_MAX:9.254217e-04, Ang_mean+-std:1.381440e-03+-1.042606e-03, Vol_mean+-std:3.988504e-04+-2.742463e-04, P_MAX:3.344e-03, Q_MAX:2.893e-03, P_mean+-std:1.565e-03+-9.396e-04, Q_mean+-std:1.373e-03+-7.708e-04, P_RMSE:9.017e-04, Q_RMSE:7.915e-04, Success rate (<0.1):1.000000, Success rate (<0.01):1.000000, Success rate (<0.001):0.100000
X=[1.4,1.6], PQ=[0.4,0.6]: count:10, ill:0, Ang_MAX:6.834031e-03, Vol_MAX:1.037836e-03, Ang_mean+-std:2.655080e-03+-2.076393e-03, Vol_mean+-std:5.239487e-04+-3.010114e-04, P_MAX:4.948e-03, Q_MAX:4.272e-03, P_mean+-std:2.617e-03+-1.409e-03, Q_mean+-std:1.906e-03+-9.698e-04, P_RMSE:1.613e-03, Q_RMSE:1.102e-03, Success rate (<0.1):1.000000, Success rate (<0.01):1.000000, Success rate (<0.001):0.000000
X=[1.4,1.6], PQ=[0.6,0.8]: count:10, ill:0, Ang_MAX:1.311272e-02, Vol_MAX:1.551270e-03, Ang_mean+-std:4.487102e-03+-3.378251e-03, Vol_mean+-std:8.771420e-04+-4.911648e-04, P_MAX:1.133e-02, Q_MAX:5.073e-03, P_mean+-std:4.299e-03+-2.572e-03, Q_mean+-std:2.971e-03+-9.895e-04, P_RMSE:2.711e-03, Q_RMSE:1.551e-03, Success rate (<0.1):1.000000, Success rate (<0.01):0.900000, Success rate (<0.001):0.000000
X=[1.4,1.6], PQ=[0.8,1.0]: count:10, ill:0, Ang_MAX:6.587565e-03, Vol_MAX:2.160072e-03, Ang_mean+-std:3.276294e-03+-2.029590e-03, Vol_mean+-std:7.651448e-04+-5.242520e-04, P_MAX:6.971e-03, Q_MAX:6.958e-03, P_mean+-std:3.286e-03+-1.654e-03, Q_mean+-std:2.887e-03+-1.540e-03, P_RMSE:1.897e-03, Q_RMSE:1.899e-03, Success rate (<0.1):1.000000, Success rate (<0.01):1.000000, Success rate (<0.001):0.000000
X=[1.4,1.6], PQ=[1.0,1.2]: count:10, ill:0, Ang_MAX:1.092428e-02, Vol_MAX:2.606750e-03, Ang_mean+-std:5.408370e-03+-3.266285e-03, Vol_mean+-std:1.164901e-03+-5.979974e-04, P_MAX:1.006e-02, Q_MAX:6.520e-03, P_mean+-std:5.494e-03+-2.812e-03, Q_mean+-std:3.868e-03+-1.616e-03, P_RMSE:3.093e-03, Q_RMSE:2.268e-03, Success rate (<0.1):1.000000, Success rate (<0.01):0.900000, Success rate (<0.001):0.000000
X=[1.4,1.6], PQ=[1.2,1.4]: count:10, ill:0, Ang_MAX:1.302659e-02, Vol_MAX:3.461003e-03, Ang_mean+-std:5.540202e-03+-3.941371e-03, Vol_mean+-std:1.683712e-03+-9.957384e-04, P_MAX:1.039e-02, Q_MAX:1.188e-02, P_mean+-std:5.258e-03+-2.611e-03, Q_mean+-std:6.087e-03+-2.923e-03, P_RMSE:3.210e-03, Q_RMSE:3.786e-03, Success rate (<0.1):1.000000, Success rate (<0.01):0.800000, Success rate (<0.001):0.000000
X=[1.4,1.6], PQ=[1.4,1.6]: count:10, ill:0, Ang_MAX:2.433625e-02, Vol_MAX:3.776073e-03, Ang_mean+-std:1.301396e-02+-6.232545e-03, Vol_mean+-std:1.798177e-03+-8.600439e-04, P_MAX:2.253e-02, Q_MAX:1.120e-02, P_mean+-std:1.146e-02+-4.889e-03, Q_mean+-std:6.846e-03+-2.507e-03, P_RMSE:6.805e-03, Q_RMSE:4.203e-03, Success rate (<0.1):1.000000, Success rate (<0.01):0.400000, Success rate (<0.001):0.000000
X=[1.4,1.6], PQ=[1.6,1.8]: count:10, ill:0, Ang_MAX:1.236835e-02, Vol_MAX:2.272964e-03, Ang_mean+-std:8.471479e-03+-2.894335e-03, Vol_mean+-std:1.423585e-03+-4.103112e-04, P_MAX:1.241e-02, Q_MAX:1.006e-02, P_mean+-std:8.448e-03+-2.473e-03, Q_mean+-std:6.286e-03+-1.780e-03, P_RMSE:4.418e-03, Q_RMSE:3.421e-03, Success rate (<0.1):1.000000, Success rate (<0.01):0.600000, Success rate (<0.001):0.000000
X=[1.4,1.6], PQ=[1.8,2.0]: count:10, ill:0, Ang_MAX:3.041341e-02, Vol_MAX:5.065918e-03, Ang_mean+-std:1.018826e-02+-8.484569e-03, Vol_mean+-std:2.453554e-03+-1.406551e-03, P_MAX:2.499e-02, Q_MAX:1.611e-02, P_mean+-std:9.647e-03+-6.318e-03, Q_mean+-std:7.393e-03+-3.252e-03, P_RMSE:6.178e-03, Q_RMSE:4.327e-03, Success rate (<0.1):1.000000, Success rate (<0.01):0.400000, Success rate (<0.001):0.000000
X=[1.6,1.8], PQ=[-2.0,-1.8]: count:10, ill:0, Ang_MAX:3.359845e-02, Vol_MAX:4.809022e-03, Ang_mean+-std:1.049635e-02+-9.124543e-03, Vol_mean+-std:2.404022e-03+-1.104152e-03, P_MAX:2.529e-02, Q_MAX:1.246e-02, P_mean+-std:9.345e-03+-5.919e-03, Q_mean+-std:8.060e-03+-3.499e-03, P_RMSE:6.329e-03, Q_RMSE:4.627e-03, Success rate (<0.1):1.000000, Success rate (<0.01):0.400000, Success rate (<0.001):0.000000
X=[1.6,1.8], PQ=[-1.8,-1.6]: count:10, ill:0, Ang_MAX:1.036361e-02, Vol_MAX:3.227472e-03, Ang_mean+-std:6.066641e-03+-2.425363e-03, Vol_mean+-std:1.280403e-03+-7.461778e-04, P_MAX:8.383e-03, Q_MAX:1.330e-02, P_mean+-std:5.837e-03+-1.816e-03, Q_mean+-std:5.683e-03+-2.858e-03, P_RMSE:3.203e-03, Q_RMSE:3.359e-03, Success rate (<0.1):1.000000, Success rate (<0.01):0.900000, Success rate (<0.001):0.000000
X=[1.6,1.8], PQ=[-1.6,-1.4]: count:10, ill:0, Ang_MAX:2.642886e-02, Vol_MAX:2.932310e-03, Ang_mean+-std:8.087848e-03+-7.168602e-03, Vol_mean+-std:1.895642e-03+-7.631710e-04, P_MAX:1.830e-02, Q_MAX:1.028e-02, P_mean+-std:7.593e-03+-4.443e-03, Q_mean+-std:6.318e-03+-2.286e-03, P_RMSE:5.110e-03, Q_RMSE:3.183e-03, Success rate (<0.1):1.000000, Success rate (<0.01):0.700000, Success rate (<0.001):0.000000
X=[1.6,1.8], PQ=[-1.4,-1.2]: count:10, ill:0, Ang_MAX:1.062721e-02, Vol_MAX:1.631498e-03, Ang_mean+-std:4.834042e-03+-3.431764e-03, Vol_mean+-std:1.126516e-03+-3.268513e-04, P_MAX:9.829e-03, Q_MAX:7.170e-03, P_mean+-std:5.521e-03+-2.925e-03, Q_mean+-std:4.336e-03+-1.254e-03, P_RMSE:2.962e-03, Q_RMSE:2.585e-03, Success rate (<0.1):1.000000, Success rate (<0.01):1.000000, Success rate (<0.001):0.000000
X=[1.6,1.8], PQ=[-1.2,-1.0]: count:10, ill:0, Ang_MAX:1.458891e-02, Vol_MAX:1.700759e-03, Ang_mean+-std:5.951412e-03+-4.103968e-03, Vol_mean+-std:8.775949e-04+-4.662246e-04, P_MAX:1.408e-02, Q_MAX:6.095e-03, P_mean+-std:6.120e-03+-3.636e-03, Q_mean+-std:3.701e-03+-1.169e-03, P_RMSE:3.513e-03, Q_RMSE:2.194e-03, Success rate (<0.1):1.000000, Success rate (<0.01):0.800000, Success rate (<0.001):0.000000
X=[1.6,1.8], PQ=[-1.0,-0.8]: count:10, ill:0, Ang_MAX:1.483771e-02, Vol_MAX:1.475096e-03, Ang_mean+-std:6.724852e-03+-3.974417e-03, Vol_mean+-std:9.309649e-04+-3.332332e-04, P_MAX:1.226e-02, Q_MAX:5.486e-03, P_mean+-std:5.548e-03+-3.104e-03, Q_mean+-std:3.397e-03+-1.188e-03, P_RMSE:3.628e-03, Q_RMSE:1.953e-03, Success rate (<0.1):1.000000, Success rate (<0.01):0.900000, Success rate (<0.001):0.000000
X=[1.6,1.8], PQ=[-0.8,-0.6]: count:10, ill:0, Ang_MAX:6.688446e-03, Vol_MAX:1.235843e-03, Ang_mean+-std:3.505234e-03+-1.951569e-03, Vol_mean+-std:6.636262e-04+-3.216466e-04, P_MAX:5.594e-03, Q_MAX:4.729e-03, P_mean+-std:3.293e-03+-1.393e-03, Q_mean+-std:2.419e-03+-1.012e-03, P_RMSE:1.943e-03, Q_RMSE:1.502e-03, Success rate (<0.1):1.000000, Success rate (<0.01):1.000000, Success rate (<0.001):0.000000
X=[1.6,1.8], PQ=[-0.6,-0.4]: count:10, ill:0, Ang_MAX:5.162984e-03, Vol_MAX:6.127357e-04, Ang_mean+-std:2.909729e-03+-1.536308e-03, Vol_mean+-std:3.770828e-04+-1.582024e-04, P_MAX:4.638e-03, Q_MAX:2.132e-03, P_mean+-std:2.569e-03+-1.175e-03, Q_mean+-std:1.380e-03+-4.767e-04, P_RMSE:1.607e-03, Q_RMSE:8.031e-04, Success rate (<0.1):1.000000, Success rate (<0.01):1.000000, Success rate (<0.001):0.100000
X=[1.6,1.8], PQ=[-0.4,-0.2]: count:10, ill:0, Ang_MAX:3.942430e-03, Vol_MAX:6.624460e-04, Ang_mean+-std:1.785731e-03+-1.065618e-03, Vol_mean+-std:3.456831e-04+-1.823289e-04, P_MAX:4.043e-03, Q_MAX:2.177e-03, P_mean+-std:1.926e-03+-8.810e-04, Q_mean+-std:1.361e-03+-4.761e-04, P_RMSE:1.050e-03, Q_RMSE:7.862e-04, Success rate (<0.1):1.000000, Success rate (<0.01):1.000000, Success rate (<0.001):0.100000
X=[1.6,1.8], PQ=[-0.2,0.0]: count:10, ill:0, Ang_MAX:9.108782e-04, Vol_MAX:2.529621e-04, Ang_mean+-std:3.359392e-04+-2.589887e-04, Vol_mean+-std:1.490235e-04+-6.796973e-05, P_MAX:1.255e-03, Q_MAX:1.030e-03, P_mean+-std:8.369e-04+-2.402e-04, Q_mean+-std:6.356e-04+-2.173e-04, P_RMSE:3.929e-04, Q_RMSE:3.743e-04, Success rate (<0.1):1.000000, Success rate (<0.01):1.000000, Success rate (<0.001):0.600000
X=[1.6,1.8], PQ=[0.0,0.2]: count:10, ill:0, Ang_MAX:1.211777e-03, Vol_MAX:4.023314e-04, Ang_mean+-std:3.854796e-04+-3.252352e-04, Vol_mean+-std:1.520991e-04+-1.040495e-04, P_MAX:1.295e-03, Q_MAX:1.481e-03, P_mean+-std:8.119e-04+-2.364e-04, Q_mean+-std:6.187e-04+-3.441e-04, P_RMSE:3.863e-04, Q_RMSE:3.956e-04, Success rate (<0.1):1.000000, Success rate (<0.01):1.000000, Success rate (<0.001):0.700000
X=[1.6,1.8], PQ=[0.2,0.4]: count:10, ill:0, Ang_MAX:4.190356e-03, Vol_MAX:9.233952e-04, Ang_mean+-std:1.269959e-03+-1.194589e-03, Vol_mean+-std:4.280329e-04+-2.425092e-04, P_MAX:3.882e-03, Q_MAX:2.320e-03, P_mean+-std:1.724e-03+-9.976e-04, Q_mean+-std:1.348e-03+-5.709e-04, P_RMSE:9.207e-04, Q_RMSE:8.250e-04, Success rate (<0.1):1.000000, Success rate (<0.01):1.000000, Success rate (<0.001):0.000000
X=[1.6,1.8], PQ=[0.4,0.6]: count:10, ill:0, Ang_MAX:4.303619e-03, Vol_MAX:1.015902e-03, Ang_mean+-std:2.406499e-03+-9.911782e-04, Vol_mean+-std:5.621910e-04+-2.948545e-04, P_MAX:4.224e-03, Q_MAX:3.701e-03, P_mean+-std:2.404e-03+-8.245e-04, Q_mean+-std:2.204e-03+-7.600e-04, P_RMSE:1.307e-03, Q_RMSE:1.277e-03, Success rate (<0.1):1.000000, Success rate (<0.01):1.000000, Success rate (<0.001):0.000000
X=[1.6,1.8], PQ=[0.6,0.8]: count:10, ill:0, Ang_MAX:1.316437e-02, Vol_MAX:1.887560e-03, Ang_mean+-std:4.941905e-03+-4.857010e-03, Vol_mean+-std:8.363605e-04+-4.578821e-04, P_MAX:1.071e-02, Q_MAX:5.083e-03, P_mean+-std:4.718e-03+-3.738e-03, Q_mean+-std:2.794e-03+-1.279e-03, P_RMSE:3.318e-03, Q_RMSE:1.709e-03, Success rate (<0.1):1.000000, Success rate (<0.01):0.800000, Success rate (<0.001):0.000000
X=[1.6,1.8], PQ=[0.8,1.0]: count:10, ill:0, Ang_MAX:1.164907e-02, Vol_MAX:2.814770e-03, Ang_mean+-std:6.229958e-03+-3.981161e-03, Vol_mean+-std:1.116216e-03+-6.223468e-04, P_MAX:9.820e-03, Q_MAX:7.488e-03, P_mean+-std:5.874e-03+-2.630e-03, Q_mean+-std:3.631e-03+-1.735e-03, P_RMSE:3.494e-03, Q_RMSE:2.201e-03, Success rate (<0.1):1.000000, Success rate (<0.01):1.000000, Success rate (<0.001):0.000000
X=[1.6,1.8], PQ=[1.0,1.2]: count:10, ill:0, Ang_MAX:1.219651e-02, Vol_MAX:2.962470e-03, Ang_mean+-std:5.506818e-03+-3.095618e-03, Vol_mean+-std:1.128292e-03+-7.881381e-04, P_MAX:8.076e-03, Q_MAX:8.990e-03, P_mean+-std:4.751e-03+-1.876e-03, Q_mean+-std:4.914e-03+-2.189e-03, P_RMSE:2.993e-03, Q_RMSE:2.480e-03, Success rate (<0.1):1.000000, Success rate (<0.01):1.000000, Success rate (<0.001):0.000000
X=[1.6,1.8], PQ=[1.2,1.4]: count:10, ill:0, Ang_MAX:1.630285e-02, Vol_MAX:1.540542e-03, Ang_mean+-std:8.157372e-03+-4.966134e-03, Vol_mean+-std:1.029766e-03+-3.268493e-04, P_MAX:1.490e-02, Q_MAX:7.541e-03, P_mean+-std:7.330e-03+-4.214e-03, Q_mean+-std:4.522e-03+-1.566e-03, P_RMSE:4.450e-03, Q_RMSE:2.559e-03, Success rate (<0.1):1.000000, Success rate (<0.01):0.700000, Success rate (<0.001):0.000000
X=[1.6,1.8], PQ=[1.4,1.6]: count:10, ill:0, Ang_MAX:1.348343e-02, Vol_MAX:2.667069e-03, Ang_mean+-std:6.950313e-03+-3.321857e-03, Vol_mean+-std:1.742864e-03+-6.021558e-04, P_MAX:1.387e-02, Q_MAX:9.151e-03, P_mean+-std:6.875e-03+-3.530e-03, Q_mean+-std:5.571e-03+-2.096e-03, P_RMSE:3.660e-03, Q_RMSE:3.248e-03, Success rate (<0.1):1.000000, Success rate (<0.01):0.800000, Success rate (<0.001):0.000000
X=[1.6,1.8], PQ=[1.6,1.8]: count:10, ill:0, Ang_MAX:3.070451e-02, Vol_MAX:3.641248e-03, Ang_mean+-std:1.484378e-02+-8.585366e-03, Vol_mean+-std:2.114725e-03+-7.060660e-04, P_MAX:2.127e-02, Q_MAX:1.083e-02, P_mean+-std:1.342e-02+-6.266e-03, Q_mean+-std:6.626e-03+-1.971e-03, P_RMSE:7.976e-03, Q_RMSE:3.983e-03, Success rate (<0.1):1.000000, Success rate (<0.01):0.300000, Success rate (<0.001):0.000000
X=[1.6,1.8], PQ=[1.8,2.0]: count:10, ill:0, Ang_MAX:2.508174e-02, Vol_MAX:6.692648e-03, Ang_mean+-std:1.337594e-02+-7.037651e-03, Vol_mean+-std:1.991391e-03+-1.702525e-03, P_MAX:1.764e-02, Q_MAX:1.319e-02, P_mean+-std:1.126e-02+-4.681e-03, Q_mean+-std:6.469e-03+-3.137e-03, P_RMSE:7.034e-03, Q_RMSE:4.112e-03, Success rate (<0.1):1.000000, Success rate (<0.01):0.500000, Success rate (<0.001):0.000000
X=[1.8,2.0], PQ=[-2.0,-1.8]: count:10, ill:0, Ang_MAX:2.123308e-02, Vol_MAX:3.499389e-03, Ang_mean+-std:8.410776e-03+-5.224027e-03, Vol_mean+-std:1.821697e-03+-9.414682e-04, P_MAX:1.800e-02, Q_MAX:1.172e-02, P_mean+-std:9.391e-03+-4.097e-03, Q_mean+-std:6.461e-03+-2.803e-03, P_RMSE:4.968e-03, Q_RMSE:3.698e-03, Success rate (<0.1):1.000000, Success rate (<0.01):0.300000, Success rate (<0.001):0.000000
X=[1.8,2.0], PQ=[-1.8,-1.6]: count:10, ill:0, Ang_MAX:1.247168e-02, Vol_MAX:3.022432e-03, Ang_mean+-std:8.072519e-03+-3.818016e-03, Vol_mean+-std:1.422107e-03+-8.609825e-04, P_MAX:1.388e-02, Q_MAX:8.166e-03, P_mean+-std:7.837e-03+-3.411e-03, Q_mean+-std:5.054e-03+-1.948e-03, P_RMSE:4.312e-03, Q_RMSE:3.198e-03, Success rate (<0.1):1.000000, Success rate (<0.01):0.700000, Success rate (<0.001):0.000000
X=[1.8,2.0], PQ=[-1.6,-1.4]: count:10, ill:0, Ang_MAX:1.980850e-02, Vol_MAX:3.192306e-03, Ang_mean+-std:9.628566e-03+-5.607357e-03, Vol_mean+-std:1.739836e-03+-6.189396e-04, P_MAX:1.650e-02, Q_MAX:1.169e-02, P_mean+-std:8.501e-03+-4.052e-03, Q_mean+-std:6.245e-03+-3.068e-03, P_RMSE:5.274e-03, Q_RMSE:3.594e-03, Success rate (<0.1):1.000000, Success rate (<0.01):0.500000, Success rate (<0.001):0.000000
X=[1.8,2.0], PQ=[-1.4,-1.2]: count:10, ill:0, Ang_MAX:1.221585e-02, Vol_MAX:3.054738e-03, Ang_mean+-std:7.515074e-03+-4.129627e-03, Vol_mean+-std:1.557302e-03+-7.501310e-04, P_MAX:1.081e-02, Q_MAX:7.968e-03, P_mean+-std:6.698e-03+-3.302e-03, Q_mean+-std:4.761e-03+-1.944e-03, P_RMSE:4.001e-03, Q_RMSE:2.679e-03, Success rate (<0.1):1.000000, Success rate (<0.01):0.800000, Success rate (<0.001):0.000000
X=[1.8,2.0], PQ=[-1.2,-1.0]: count:10, ill:0, Ang_MAX:1.554775e-02, Vol_MAX:1.992345e-03, Ang_mean+-std:6.835934e-03+-4.906467e-03, Vol_mean+-std:1.175332e-03+-4.615524e-04, P_MAX:1.455e-02, Q_MAX:6.169e-03, P_mean+-std:6.924e-03+-3.948e-03, Q_mean+-std:4.050e-03+-9.685e-04, P_RMSE:4.018e-03, Q_RMSE:2.241e-03, Success rate (<0.1):1.000000, Success rate (<0.01):0.800000, Success rate (<0.001):0.000000
X=[1.8,2.0], PQ=[-1.0,-0.8]: count:10, ill:0, Ang_MAX:1.518631e-02, Vol_MAX:1.825452e-03, Ang_mean+-std:5.578858e-03+-3.806236e-03, Vol_mean+-std:9.577632e-04+-4.736671e-04, P_MAX:1.378e-02, Q_MAX:7.397e-03, P_mean+-std:4.822e-03+-3.305e-03, Q_mean+-std:3.743e-03+-1.654e-03, P_RMSE:3.136e-03, Q_RMSE:1.924e-03, Success rate (<0.1):1.000000, Success rate (<0.01):0.900000, Success rate (<0.001):0.000000
X=[1.8,2.0], PQ=[-0.8,-0.6]: count:10, ill:0, Ang_MAX:7.473559e-03, Vol_MAX:1.351714e-03, Ang_mean+-std:3.113423e-03+-2.285998e-03, Vol_mean+-std:7.427812e-04+-2.720007e-04, P_MAX:5.672e-03, Q_MAX:4.613e-03, P_mean+-std:3.197e-03+-1.644e-03, Q_mean+-std:2.981e-03+-1.055e-03, P_RMSE:1.906e-03, Q_RMSE:1.541e-03, Success rate (<0.1):1.000000, Success rate (<0.01):1.000000, Success rate (<0.001):0.000000
X=[1.8,2.0], PQ=[-0.6,-0.4]: count:10, ill:0, Ang_MAX:6.111443e-03, Vol_MAX:1.113415e-03, Ang_mean+-std:3.463358e-03+-1.531132e-03, Vol_mean+-std:6.418824e-04+-2.680841e-04, P_MAX:5.772e-03, Q_MAX:4.004e-03, P_mean+-std:3.055e-03+-1.218e-03, Q_mean+-std:2.210e-03+-8.635e-04, P_RMSE:1.813e-03, Q_RMSE:1.288e-03, Success rate (<0.1):1.000000, Success rate (<0.01):1.000000, Success rate (<0.001):0.000000
X=[1.8,2.0], PQ=[-0.4,-0.2]: count:10, ill:0, Ang_MAX:3.230125e-03, Vol_MAX:9.144545e-04, Ang_mean+-std:1.955119e-03+-8.151838e-04, Vol_mean+-std:4.534721e-04+-2.544847e-04, P_MAX:3.008e-03, Q_MAX:3.096e-03, P_mean+-std:1.731e-03+-6.392e-04, Q_mean+-std:1.586e-03+-6.199e-04, P_RMSE:1.027e-03, Q_RMSE:8.966e-04, Success rate (<0.1):1.000000, Success rate (<0.01):1.000000, Success rate (<0.001):0.000000
X=[1.8,2.0], PQ=[-0.2,0.0]: count:10, ill:0, Ang_MAX:1.518995e-03, Vol_MAX:4.668236e-04, Ang_mean+-std:5.805135e-04+-5.267480e-04, Vol_mean+-std:2.273202e-04+-1.225301e-04, P_MAX:1.212e-03, Q_MAX:1.311e-03, P_mean+-std:8.102e-04+-2.359e-04, Q_mean+-std:7.988e-04+-3.130e-04, P_RMSE:4.524e-04, Q_RMSE:5.069e-04, Success rate (<0.1):1.000000, Success rate (<0.01):1.000000, Success rate (<0.001):0.600000
X=[1.8,2.0], PQ=[0.0,0.2]: count:10, ill:0, Ang_MAX:9.941757e-04, Vol_MAX:2.455711e-04, Ang_mean+-std:4.924342e-04+-3.006152e-04, Vol_mean+-std:1.737475e-04+-4.743036e-05, P_MAX:1.132e-03, Q_MAX:1.029e-03, P_mean+-std:8.525e-04+-2.020e-04, Q_mean+-std:6.682e-04+-1.874e-04, P_RMSE:4.336e-04, Q_RMSE:3.946e-04, Success rate (<0.1):1.000000, Success rate (<0.01):1.000000, Success rate (<0.001):0.600000
X=[1.8,2.0], PQ=[0.2,0.4]: count:10, ill:0, Ang_MAX:4.012257e-03, Vol_MAX:7.026196e-04, Ang_mean+-std:1.725996e-03+-9.670708e-04, Vol_mean+-std:3.751874e-04+-1.871465e-04, P_MAX:3.400e-03, Q_MAX:2.100e-03, P_mean+-std:1.968e-03+-7.182e-04, Q_mean+-std:1.191e-03+-5.064e-04, P_RMSE:1.047e-03, Q_RMSE:6.963e-04, Success rate (<0.1):1.000000, Success rate (<0.01):1.000000, Success rate (<0.001):0.100000
X=[1.8,2.0], PQ=[0.4,0.6]: count:10, ill:0, Ang_MAX:6.096989e-03, Vol_MAX:1.315832e-03, Ang_mean+-std:3.328569e-03+-1.776335e-03, Vol_mean+-std:6.805658e-04+-3.799356e-04, P_MAX:5.584e-03, Q_MAX:4.706e-03, P_mean+-std:3.042e-03+-1.209e-03, Q_mean+-std:2.039e-03+-1.061e-03, P_RMSE:1.807e-03, Q_RMSE:1.169e-03, Success rate (<0.1):1.000000, Success rate (<0.01):1.000000, Success rate (<0.001):0.000000
X=[1.8,2.0], PQ=[0.6,0.8]: count:10, ill:0, Ang_MAX:9.221643e-03, Vol_MAX:8.928776e-04, Ang_mean+-std:3.821662e-03+-3.015809e-03, Vol_mean+-std:5.817652e-04+-2.202284e-04, P_MAX:7.908e-03, Q_MAX:2.880e-03, P_mean+-std:3.992e-03+-2.229e-03, Q_mean+-std:1.973e-03+-3.823e-04, P_RMSE:2.356e-03, Q_RMSE:1.075e-03, Success rate (<0.1):1.000000, Success rate (<0.01):1.000000, Success rate (<0.001):0.000000
X=[1.8,2.0], PQ=[0.8,1.0]: count:10, ill:0, Ang_MAX:8.322984e-03, Vol_MAX:2.730608e-03, Ang_mean+-std:5.290087e-03+-2.511510e-03, Vol_mean+-std:1.201475e-03+-8.756281e-04, P_MAX:6.671e-03, Q_MAX:7.198e-03, P_mean+-std:4.746e-03+-1.429e-03, Q_mean+-std:4.032e-03+-1.925e-03, P_RMSE:2.794e-03, Q_RMSE:1.985e-03, Success rate (<0.1):1.000000, Success rate (<0.01):1.000000, Success rate (<0.001):0.000000
X=[1.8,2.0], PQ=[1.0,1.2]: count:10, ill:0, Ang_MAX:1.147047e-02, Vol_MAX:1.852751e-03, Ang_mean+-std:5.103309e-03+-2.964529e-03, Vol_mean+-std:1.080763e-03+-4.257483e-04, P_MAX:8.650e-03, Q_MAX:4.945e-03, P_mean+-std:4.824e-03+-1.876e-03, Q_mean+-std:3.861e-03+-7.693e-04, P_RMSE:2.837e-03, Q_RMSE:2.160e-03, Success rate (<0.1):1.000000, Success rate (<0.01):1.000000, Success rate (<0.001):0.000000
X=[1.8,2.0], PQ=[1.2,1.4]: count:10, ill:0, Ang_MAX:1.561844e-02, Vol_MAX:3.027678e-03, Ang_mean+-std:8.658406e-03+-4.265084e-03, Vol_mean+-std:1.492596e-03+-6.567618e-04, P_MAX:1.537e-02, Q_MAX:8.852e-03, P_mean+-std:8.519e-03+-3.473e-03, Q_mean+-std:5.060e-03+-1.727e-03, P_RMSE:4.650e-03, Q_RMSE:2.673e-03, Success rate (<0.1):1.000000, Success rate (<0.01):0.700000, Success rate (<0.001):0.000000
X=[1.8,2.0], PQ=[1.4,1.6]: count:10, ill:0, Ang_MAX:2.673757e-02, Vol_MAX:3.629804e-03, Ang_mean+-std:1.163256e-02+-7.047550e-03, Vol_mean+-std:1.536524e-03+-8.611109e-04, P_MAX:2.532e-02, Q_MAX:9.167e-03, P_mean+-std:1.084e-02+-5.801e-03, Q_mean+-std:4.726e-03+-1.810e-03, P_RMSE:6.546e-03, Q_RMSE:2.857e-03, Success rate (<0.1):1.000000, Success rate (<0.01):0.500000, Success rate (<0.001):0.000000
X=[1.8,2.0], PQ=[1.6,1.8]: count:10, ill:0, Ang_MAX:2.589779e-02, Vol_MAX:3.540993e-03, Ang_mean+-std:1.266319e-02+-7.396337e-03, Vol_mean+-std:2.028537e-03+-8.892796e-04, P_MAX:2.350e-02, Q_MAX:8.959e-03, P_mean+-std:1.272e-02+-6.513e-03, Q_mean+-std:5.875e-03+-1.847e-03, P_RMSE:7.075e-03, Q_RMSE:3.049e-03, Success rate (<0.1):1.000000, Success rate (<0.01):0.400000, Success rate (<0.001):0.000000
X=[1.8,2.0], PQ=[1.8,2.0]: count:10, ill:0, Ang_MAX:1.896414e-02, Vol_MAX:4.598618e-03, Ang_mean+-std:8.765276e-03+-5.479962e-03, Vol_mean+-std:1.698971e-03+-1.084534e-03, P_MAX:1.494e-02, Q_MAX:1.297e-02, P_mean+-std:8.630e-03+-4.137e-03, Q_mean+-std:6.840e-03+-2.491e-03, P_RMSE:4.858e-03, Q_RMSE:4.082e-03, Success rate (<0.1):1.000000, Success rate (<0.01):0.500000, Success rate (<0.001):0.000000

===== Region Mismatch Summary =====
Region & Samples & Avg. mismatch & Worst mismatch & Success rate (<0.1) & Success rate (<0.01) & Success rate (<0.001) 
ID & 1000 & 3.192189e-03 & 1.271568e-02 & 1.000000 & 0.987000 & 0.162000 
OOD-X & 1000 & 3.130353e-03 & 1.668757e-02 & 1.000000 & 0.987000 & 0.152000 
OOD-PQ & 1000 & 9.209216e-03 & 3.140075e-02 & 1.000000 & 0.645000 & 0.000000 
OOD-X+PQ & 1000 & 8.996955e-03 & 3.389101e-02 & 1.000000 & 0.653000 & 0.000000 
Heatmap CSV saved: D:\Software\Python_Code\Slover\TGN\ckpt\ieee14.csv
Testing ill-conditioned: running success metrics

===== Ill-Conditioned Test Summary =====
Samples & Maximal mismatch & Minimal mismatch & Avg. mismatch & Success rate (<0.1) & Success rate (<0.01) & Avg. mismatch With N-R PF refine (success-only) & Success rate With N-R PF refine & Average N-R PF Iteration time
100 & 2.114689e-02 & 1.714926e-03 & 6.837530e-03 & 1.000000 & 0.850000 & 9.801864e-07 & 0.040000 & 13.000000

Raw TGN voltage accuracy on all comparable ill-conditioned samples (not N-R success-only):
reference=100, evaluated=100, prediction_failures=0, finite_coverage=1.000000
Eq.(22) Vm RMSE=6.714424e-04 p.u., wrapped Va RMSE=6.048564e-03 rad, Vm Pearson r=0.999497, wrapped Va Pearson r=0.996993
Ill-conditioned mismatch CSV saved: D:\Software\Python_Code\Slover\TGN\ckpt\IEEE_14_ill.csv
