
Config -> Max_epochs:2000, lr:0.001, batch:512, UNROLL_STEPS:4, shrink_ratio:0.5, gamma_1:1, gamma_2:0.2, gamma_3:3.0, gamma_4:0.35, near_alpha:3.0, near_tau:0.02, train_blocks:(1, 2, 3), train_block_probs:(0.1, 0.6, 0.3), curriculum_warmup:5, curriculum_transition:40, block_probs_warmup:(0.75, 0.25, 0.0), block_probs_target:(0.1, 0.6, 0.3), block_stage_weights:(1.0, 1.0, 0.75), contract_boost_first_two:1.5, e3_boost_first_two:1.5, e3_target_ratio:0.9, e3_focus_limit:0.02, e3_focus_smooth:0.005, e3_fine_weight:1.0, e3_huber_beta:2.0, score_weights:(conv1=1.0, conv2=2.0, conv3=1.0, conv5=0.2, excess2=0.3, tail2=0.02), seed:42, grad_clip_norm:5.0, val_score_eps:1e-05, truncate_between_blocks:True, val_max_blocks:2, val_diag_max_blocks:5, inference_max_blocks:20, tol_mismatch:0.0001
Model:./ckpt/IEEE_118.pt
     25 total:8.36299 | blocks:2 | L1_step:1.56735 (18.7%) | L2_step:0.19434 (2.3%) L2_final:2.22994 (26.7%) | L3_e3:4.37135 (52.3%) | final_max_PQ:2.611e+00
     50 total:8.20399 | blocks:1 | L1_step:2.27463 (27.7%) | L2_step:0.19066 (2.3%) L2_final:1.65298 (20.1%) | L3_e3:4.08571 (49.8%) | final_max_PQ:2.785e+00
🟩 Epoch 1 | Train loss = 14.2817 | Val conv@1=0.0000, conv@2=0.0000, conv@3=0.0000, conv@5=0.0000, residual@1=3.959566e-01, residual@2=2.318041e-01, residual@3=1.763006e-01, excess@2=2317.0413, tail@2=1.913805e+00, score=-695.309573 | LR: 1.0000e-03
     25 total:6.81420 | blocks:1 | L1_step:1.34657 (19.8%) | L2_step:0.18277 (2.7%) L2_final:1.31625 (19.3%) | L3_e3:3.96862 (58.2%) | final_max_PQ:2.502e+00
     50 total:6.48233 | blocks:2 | L1_step:1.47718 (22.8%) | L2_step:0.11702 (1.8%) L2_final:0.98587 (15.2%) | L3_e3:3.90226 (60.2%) | final_max_PQ:1.296e+00
🟩 Epoch 2 | Train loss = 6.7691 | Val conv@1=0.0000, conv@2=0.0000, conv@3=0.0000, conv@5=0.0000, residual@1=3.342712e-01, residual@2=1.976716e-01, residual@3=1.555564e-01, excess@2=1975.7160, tail@2=1.499875e+00, score=-592.907119 | LR: 1.0000e-03
     25 total:6.79575 | blocks:1 | L1_step:1.42199 (20.9%) | L2_step:0.18551 (2.7%) L2_final:1.16046 (17.1%) | L3_e3:4.02779 (59.3%) | final_max_PQ:2.442e+00
     50 total:7.27832 | blocks:1 | L1_step:1.40798 (19.3%) | L2_step:0.19724 (2.7%) L2_final:1.19899 (16.5%) | L3_e3:4.47410 (61.5%) | final_max_PQ:2.288e+00
🟩 Epoch 3 | Train loss = 6.5811 | Val conv@1=0.0000, conv@2=0.0000, conv@3=0.0000, conv@5=0.0000, residual@1=2.948145e-01, residual@2=1.637970e-01, residual@3=1.214088e-01, excess@2=1636.9702, tail@2=1.359881e+00, score=-491.281402 | LR: 1.0000e-03
     25 total:7.94666 | blocks:1 | L1_step:0.89432 (11.3%) | L2_step:0.16661 (2.1%) L2_final:0.95026 (12.0%) | L3_e3:5.93547 (74.7%) | final_max_PQ:2.340e+00
     50 total:7.23224 | blocks:1 | L1_step:1.10911 (15.3%) | L2_step:0.21962 (3.0%) L2_final:1.21294 (16.8%) | L3_e3:4.69058 (64.9%) | final_max_PQ:2.457e+00
🟩 Epoch 4 | Train loss = 7.4089 | Val conv@1=0.0000, conv@2=0.0000, conv@3=0.0000, conv@5=0.0000, residual@1=2.902746e-01, residual@2=1.613356e-01, residual@3=1.194509e-01, excess@2=1612.3559, tail@2=1.362745e+00, score=-483.897169 | LR: 1.0000e-03
     25 total:9.45287 | blocks:2 | L1_step:0.97019 (10.3%) | L2_step:0.12388 (1.3%) L2_final:0.87394 (9.2%) | L3_e3:7.48486 (79.2%) | final_max_PQ:1.165e+00
     50 total:19.13177 | blocks:1 | L1_step:0.95426 (5.0%) | L2_step:0.17718 (0.9%) L2_final:0.97997 (5.1%) | L3_e3:17.02036 (89.0%) | final_max_PQ:3.266e+00
🔘 Epoch 5 No Improvement (1/40) | Val conv@1=0.0000, conv@2=0.0000, conv@3=0.0000, conv@5=0.0000, residual@1=3.153652e-01, residual@2=1.707147e-01
     25 total:9.01835 | blocks:2 | L1_step:0.93224 (10.3%) | L2_step:0.13129 (1.5%) L2_final:0.89584 (9.9%) | L3_e3:7.05897 (78.3%) | final_max_PQ:1.184e+00
     50 total:20.59382 | blocks:2 | L1_step:0.88215 (4.3%) | L2_step:0.11825 (0.6%) L2_final:0.80723 (3.9%) | L3_e3:18.78619 (91.2%) | final_max_PQ:1.320e+00
🔘 Epoch 6 No Improvement (2/40) | Val conv@1=0.0000, conv@2=0.0000, conv@3=0.0000, conv@5=0.0000, residual@1=3.174493e-01, residual@2=1.689456e-01
     25 total:12.23294 | blocks:2 | L1_step:1.01973 (8.3%) | L2_step:0.12383 (1.0%) L2_final:0.84195 (6.9%) | L3_e3:10.24744 (83.8%) | final_max_PQ:1.207e+00
     50 total:21.83676 | blocks:2 | L1_step:0.85656 (3.9%) | L2_step:0.12617 (0.6%) L2_final:0.86716 (4.0%) | L3_e3:19.98688 (91.5%) | final_max_PQ:1.292e+00
🔘 Epoch 7 No Improvement (3/40) | Val conv@1=0.0000, conv@2=0.0000, conv@3=0.0000, conv@5=0.0000, residual@1=3.304236e-01, residual@2=1.715512e-01
     25 total:25.59438 | blocks:1 | L1_step:0.83228 (3.3%) | L2_step:0.21594 (0.8%) L2_final:1.21551 (4.7%) | L3_e3:23.33065 (91.2%) | final_max_PQ:3.359e+00
     50 total:26.49815 | blocks:2 | L1_step:0.83553 (3.2%) | L2_step:0.12747 (0.5%) L2_final:0.85730 (3.2%) | L3_e3:24.67786 (93.1%) | final_max_PQ:1.152e+00
🔘 Epoch 8 No Improvement (4/40) | Val conv@1=0.0000, conv@2=0.0000, conv@3=0.0000, conv@5=0.0000, residual@1=3.346573e-01, residual@2=1.710734e-01
     25 total:24.24939 | blocks:1 | L1_step:0.87225 (3.6%) | L2_step:0.23984 (1.0%) L2_final:1.26676 (5.2%) | L3_e3:21.87054 (90.2%) | final_max_PQ:5.376e+00
     50 total:26.59501 | blocks:1 | L1_step:0.83016 (3.1%) | L2_step:0.23157 (0.9%) L2_final:1.13889 (4.3%) | L3_e3:24.39439 (91.7%) | final_max_PQ:4.212e+00
🔘 Epoch 9 No Improvement (5/40) | Val conv@1=0.0000, conv@2=0.0000, conv@3=0.0000, conv@5=0.0000, residual@1=3.408843e-01, residual@2=1.661187e-01
     25 total:26.95684 | blocks:1 | L1_step:0.77883 (2.9%) | L2_step:0.21922 (0.8%) L2_final:1.20019 (4.5%) | L3_e3:24.75860 (91.8%) | final_max_PQ:3.936e+00
     50 total:24.82667 | blocks:1 | L1_step:0.88889 (3.6%) | L2_step:0.25256 (1.0%) L2_final:1.30835 (5.3%) | L3_e3:22.37687 (90.1%) | final_max_PQ:4.125e+00
🔘 Epoch 10 No Improvement (6/40) | Val conv@1=0.0000, conv@2=0.0000, conv@3=0.0000, conv@5=0.0000, residual@1=3.485867e-01, residual@2=1.685897e-01
     25 total:22.38788 | blocks:1 | L1_step:0.77361 (3.5%) | L2_step:0.23967 (1.1%) L2_final:1.31952 (5.9%) | L3_e3:20.05507 (89.6%) | final_max_PQ:3.485e+00
     50 total:26.06851 | blocks:1 | L1_step:0.75790 (2.9%) | L2_step:0.22854 (0.9%) L2_final:1.17315 (4.5%) | L3_e3:23.90893 (91.7%) | final_max_PQ:2.299e+00
🔘 Epoch 11 No Improvement (7/40) | Val conv@1=0.0000, conv@2=0.0000, conv@3=0.0000, conv@5=0.0000, residual@1=3.365925e-01, residual@2=1.690678e-01
     25 total:25.64066 | blocks:1 | L1_step:0.72471 (2.8%) | L2_step:0.22655 (0.9%) L2_final:1.19868 (4.7%) | L3_e3:23.49072 (91.6%) | final_max_PQ:4.004e+00
     50 total:30.10992 | blocks:2 | L1_step:0.85038 (2.8%) | L2_step:0.14985 (0.5%) L2_final:0.92787 (3.1%) | L3_e3:28.18183 (93.6%) | final_max_PQ:1.498e+00
🔘 Epoch 12 No Improvement (8/40) | Val conv@1=0.0000, conv@2=0.0000, conv@3=0.0000, conv@5=0.0000, residual@1=3.614261e-01, residual@2=1.667308e-01
     25 total:26.51110 | blocks:1 | L1_step:0.76745 (2.9%) | L2_step:0.25334 (1.0%) L2_final:1.28937 (4.9%) | L3_e3:24.20094 (91.3%) | final_max_PQ:4.698e+00
     50 total:27.16585 | blocks:1 | L1_step:0.71434 (2.6%) | L2_step:0.21592 (0.8%) L2_final:1.14187 (4.2%) | L3_e3:25.09372 (92.4%) | final_max_PQ:5.559e+00
🔘 Epoch 13 No Improvement (9/40) | Val conv@1=0.0000, conv@2=0.0000, conv@3=0.0000, conv@5=0.0000, residual@1=3.561517e-01, residual@2=1.706949e-01
     25 total:26.28381 | blocks:1 | L1_step:0.77880 (3.0%) | L2_step:0.26530 (1.0%) L2_final:1.33589 (5.1%) | L3_e3:23.90381 (90.9%) | final_max_PQ:6.172e+00
     50 total:27.52446 | blocks:2 | L1_step:0.82501 (3.0%) | L2_step:0.13261 (0.5%) L2_final:0.83885 (3.0%) | L3_e3:25.72799 (93.5%) | final_max_PQ:1.217e+00
🔘 Epoch 14 No Improvement (10/40) | Val conv@1=0.0000, conv@2=0.0000, conv@3=0.0000, conv@5=0.0000, residual@1=3.403079e-01, residual@2=1.718223e-01
     25 total:27.96270 | blocks:1 | L1_step:0.75668 (2.7%) | L2_step:0.20198 (0.7%) L2_final:1.04673 (3.7%) | L3_e3:25.95731 (92.8%) | final_max_PQ:6.163e+00
     50 total:27.92562 | blocks:1 | L1_step:0.79031 (2.8%) | L2_step:0.24314 (0.9%) L2_final:1.17535 (4.2%) | L3_e3:25.71683 (92.1%) | final_max_PQ:3.285e+00
🔘 Epoch 15 No Improvement (11/40) | Val conv@1=0.0000, conv@2=0.0000, conv@3=0.0000, conv@5=0.0000, residual@1=3.643773e-01, residual@2=1.654340e-01
     25 total:26.52079 | blocks:1 | L1_step:0.74635 (2.8%) | L2_step:0.24890 (0.9%) L2_final:1.17601 (4.4%) | L3_e3:24.34953 (91.8%) | final_max_PQ:5.079e+00
     50 total:27.01458 | blocks:1 | L1_step:0.80235 (3.0%) | L2_step:0.27903 (1.0%) L2_final:1.29934 (4.8%) | L3_e3:24.63385 (91.2%) | final_max_PQ:4.026e+00
🔘 Epoch 16 No Improvement (12/40) | Val conv@1=0.0000, conv@2=0.0000, conv@3=0.0000, conv@5=0.0000, residual@1=3.404866e-01, residual@2=1.650271e-01
     25 total:27.19293 | blocks:1 | L1_step:0.80572 (3.0%) | L2_step:0.28899 (1.1%) L2_final:1.39526 (5.1%) | L3_e3:24.70296 (90.8%) | final_max_PQ:3.346e+00
     50 total:23.90816 | blocks:1 | L1_step:0.70583 (3.0%) | L2_step:0.25630 (1.1%) L2_final:1.21198 (5.1%) | L3_e3:21.73405 (90.9%) | final_max_PQ:4.722e+00
🔘 Epoch 17 No Improvement (13/40) | Val conv@1=0.0000, conv@2=0.0000, conv@3=0.0000, conv@5=0.0000, residual@1=3.407949e-01, residual@2=1.648344e-01
     25 total:29.07665 | blocks:2 | L1_step:0.83040 (2.9%) | L2_step:0.15230 (0.5%) L2_final:0.89466 (3.1%) | L3_e3:27.19929 (93.5%) | final_max_PQ:1.339e+00
     50 total:28.96022 | blocks:2 | L1_step:0.82024 (2.8%) | L2_step:0.14341 (0.5%) L2_final:0.82412 (2.8%) | L3_e3:27.17245 (93.8%) | final_max_PQ:1.213e+00
🟩 Epoch 18 | Train loss = 27.7214 | Val conv@1=0.0000, conv@2=0.0000, conv@3=0.0000, conv@5=0.0000, residual@1=3.363127e-01, residual@2=1.599810e-01, residual@3=1.107911e-01, excess@2=1598.8105, tail@2=1.391382e+00, score=-479.833963 | LR: 1.0000e-03
     25 total:28.71479 | blocks:2 | L1_step:0.76103 (2.7%) | L2_step:0.14272 (0.5%) L2_final:0.85322 (3.0%) | L3_e3:26.95782 (93.9%) | final_max_PQ:1.490e+00
     50 total:23.99360 | blocks:1 | L1_step:0.63364 (2.6%) | L2_step:0.23458 (1.0%) L2_final:1.07609 (4.5%) | L3_e3:22.04929 (91.9%) | final_max_PQ:3.127e+00
🔘 Epoch 19 No Improvement (1/40) | Val conv@1=0.0000, conv@2=0.0000, conv@3=0.0000, conv@5=0.0000, residual@1=3.331984e-01, residual@2=1.619110e-01
     25 total:26.51582 | blocks:1 | L1_step:0.72318 (2.7%) | L2_step:0.26883 (1.0%) L2_final:1.16208 (4.4%) | L3_e3:24.36173 (91.9%) | final_max_PQ:4.679e+00
     50 total:23.86116 | blocks:1 | L1_step:0.62818 (2.6%) | L2_step:0.27041 (1.1%) L2_final:1.27948 (5.4%) | L3_e3:21.68310 (90.9%) | final_max_PQ:3.559e+00
🔘 Epoch 20 No Improvement (2/40) | Val conv@1=0.0000, conv@2=0.0000, conv@3=0.0000, conv@5=0.0000, residual@1=3.248883e-01, residual@2=1.644739e-01
     25 total:29.43086 | blocks:2 | L1_step:0.80266 (2.7%) | L2_step:0.18044 (0.6%) L2_final:0.95880 (3.3%) | L3_e3:27.48895 (93.4%) | final_max_PQ:1.165e+00
     50 total:23.74918 | blocks:1 | L1_step:0.59827 (2.5%) | L2_step:0.25055 (1.1%) L2_final:1.13764 (4.8%) | L3_e3:21.76272 (91.6%) | final_max_PQ:7.156e+00
🟩 Epoch 21 | Train loss = 27.0626 | Val conv@1=0.0000, conv@2=0.0000, conv@3=0.0000, conv@5=0.0000, residual@1=3.313300e-01, residual@2=1.582191e-01, residual@3=1.077595e-01, excess@2=1581.1913, tail@2=1.677780e+00, score=-474.551936 | LR: 1.0000e-03
     25 total:29.71443 | blocks:2 | L1_step:0.81339 (2.7%) | L2_step:0.14937 (0.5%) L2_final:0.81887 (2.8%) | L3_e3:27.93280 (94.0%) | final_max_PQ:1.055e+00
     50 total:28.81238 | blocks:2 | L1_step:0.73764 (2.6%) | L2_step:0.15803 (0.5%) L2_final:0.85654 (3.0%) | L3_e3:27.06017 (93.9%) | final_max_PQ:1.535e+00
🟩 Epoch 22 | Train loss = 27.2681 | Val conv@1=0.0000, conv@2=0.0000, conv@3=0.0000, conv@5=0.0000, residual@1=3.360700e-01, residual@2=1.555370e-01, residual@3=1.049982e-01, excess@2=1554.3699, tail@2=2.155407e+00, score=-466.510524 | LR: 1.0000e-03
     25 total:24.84584 | blocks:1 | L1_step:0.60608 (2.4%) | L2_step:0.27579 (1.1%) L2_final:1.17623 (4.7%) | L3_e3:22.78774 (91.7%) | final_max_PQ:5.045e+00
     50 total:28.25389 | blocks:2 | L1_step:0.75039 (2.7%) | L2_step:0.15971 (0.6%) L2_final:0.83400 (3.0%) | L3_e3:26.50979 (93.8%) | final_max_PQ:2.491e+00
🔘 Epoch 23 No Improvement (1/40) | Val conv@1=0.0000, conv@2=0.0000, conv@3=0.0000, conv@5=0.0000, residual@1=3.369548e-01, residual@2=1.566856e-01
     25 total:27.40555 | blocks:1 | L1_step:0.65598 (2.4%) | L2_step:0.29903 (1.1%) L2_final:1.30622 (4.8%) | L3_e3:25.14432 (91.7%) | final_max_PQ:4.648e+00
     50 total:25.82290 | blocks:1 | L1_step:0.62625 (2.4%) | L2_step:0.31501 (1.2%) L2_final:1.29758 (5.0%) | L3_e3:23.58406 (91.3%) | final_max_PQ:5.716e+00
🔘 Epoch 24 No Improvement (2/40) | Val conv@1=0.0000, conv@2=0.0000, conv@3=0.0000, conv@5=0.0000, residual@1=3.289591e-01, residual@2=1.574564e-01
     25 total:24.10167 | blocks:2 | L1_step:0.71962 (3.0%) | L2_step:0.16601 (0.7%) L2_final:0.92291 (3.8%) | L3_e3:22.29313 (92.5%) | final_max_PQ:2.166e+00
     50 total:26.44419 | blocks:1 | L1_step:0.67871 (2.6%) | L2_step:0.31414 (1.2%) L2_final:1.25358 (4.7%) | L3_e3:24.19775 (91.5%) | final_max_PQ:6.336e+00
🔘 Epoch 25 No Improvement (3/40) | Val conv@1=0.0000, conv@2=0.0000, conv@3=0.0000, conv@5=0.0000, residual@1=3.348463e-01, residual@2=1.561552e-01
     25 total:27.52597 | blocks:2 | L1_step:0.69490 (2.5%) | L2_step:0.18466 (0.7%) L2_final:0.94342 (3.4%) | L3_e3:25.70299 (93.4%) | final_max_PQ:2.193e+00
     50 total:28.23549 | blocks:3 | L1_step:0.67904 (2.4%) | L2_step:0.12078 (0.4%) L2_final:0.63130 (2.2%) | L3_e3:26.80437 (94.9%) | final_max_PQ:7.071e-01
🔘 Epoch 26 No Improvement (4/40) | Val conv@1=0.0000, conv@2=0.0000, conv@3=0.0000, conv@5=0.0000, residual@1=3.541399e-01, residual@2=1.559402e-01
     25 total:25.32372 | blocks:2 | L1_step:0.77426 (3.1%) | L2_step:0.16628 (0.7%) L2_final:0.81762 (3.2%) | L3_e3:23.56555 (93.1%) | final_max_PQ:2.740e+00
     50 total:23.09725 | blocks:2 | L1_step:0.70654 (3.1%) | L2_step:0.17032 (0.7%) L2_final:0.88034 (3.8%) | L3_e3:21.34005 (92.4%) | final_max_PQ:1.705e+00
🔘 Epoch 27 No Improvement (5/40) | Val conv@1=0.0000, conv@2=0.0000, conv@3=0.0000, conv@5=0.0000, residual@1=3.621338e-01, residual@2=1.590778e-01
     25 total:30.10855 | blocks:2 | L1_step:0.73536 (2.4%) | L2_step:0.16112 (0.5%) L2_final:0.88947 (3.0%) | L3_e3:28.32261 (94.1%) | final_max_PQ:1.994e+00
     50 total:26.44283 | blocks:2 | L1_step:0.76611 (2.9%) | L2_step:0.20272 (0.8%) L2_final:1.06358 (4.0%) | L3_e3:24.41041 (92.3%) | final_max_PQ:3.263e+00
🔘 Epoch 28 No Improvement (6/40) | Val conv@1=0.0000, conv@2=0.0000, conv@3=0.0000, conv@5=0.0000, residual@1=3.787405e-01, residual@2=1.631532e-01
     25 total:23.76773 | blocks:3 | L1_step:0.66275 (2.8%) | L2_step:0.15967 (0.7%) L2_final:0.83360 (3.5%) | L3_e3:22.11171 (93.0%) | final_max_PQ:1.574e+00
     50 total:28.64756 | blocks:1 | L1_step:0.62407 (2.2%) | L2_step:0.32432 (1.1%) L2_final:1.29409 (4.5%) | L3_e3:26.40507 (92.2%) | final_max_PQ:4.832e+00
🔘 Epoch 29 No Improvement (7/40) | Val conv@1=0.0000, conv@2=0.0000, conv@3=0.0000, conv@5=0.0000, residual@1=4.080293e-01, residual@2=1.700205e-01
     25 total:28.74394 | blocks:2 | L1_step:0.75310 (2.6%) | L2_step:0.19266 (0.7%) L2_final:0.98673 (3.4%) | L3_e3:26.81144 (93.3%) | final_max_PQ:3.065e+00
     50 total:28.01695 | blocks:2 | L1_step:0.75902 (2.7%) | L2_step:0.16754 (0.6%) L2_final:0.87415 (3.1%) | L3_e3:26.21625 (93.6%) | final_max_PQ:3.540e+00
🔘 Epoch 30 No Improvement (8/40) | Val conv@1=0.0000, conv@2=0.0000, conv@3=0.0000, conv@5=0.0000, residual@1=4.012545e-01, residual@2=1.716762e-01
     25 total:28.41655 | blocks:1 | L1_step:0.62230 (2.2%) | L2_step:0.33050 (1.2%) L2_final:1.38521 (4.9%) | L3_e3:26.07853 (91.8%) | final_max_PQ:5.030e+00
     50 total:30.00938 | blocks:2 | L1_step:0.73799 (2.5%) | L2_step:0.20510 (0.7%) L2_final:0.96005 (3.2%) | L3_e3:28.10623 (93.7%) | final_max_PQ:3.643e+00
🔘 Epoch 31 No Improvement (9/40) | Val conv@1=0.0000, conv@2=0.0000, conv@3=0.0000, conv@5=0.0000, residual@1=4.060668e-01, residual@2=1.670915e-01
     25 total:25.03605 | blocks:1 | L1_step:0.58880 (2.4%) | L2_step:0.32185 (1.3%) L2_final:1.22981 (4.9%) | L3_e3:22.89559 (91.5%) | final_max_PQ:5.770e+00
     50 total:22.04598 | blocks:2 | L1_step:0.69813 (3.2%) | L2_step:0.18212 (0.8%) L2_final:0.87627 (4.0%) | L3_e3:20.28946 (92.0%) | final_max_PQ:2.600e+00
🔘 Epoch 32 No Improvement (10/40) | Val conv@1=0.0000, conv@2=0.0000, conv@3=0.0000, conv@5=0.0000, residual@1=3.960324e-01, residual@2=1.698815e-01
     25 total:27.22555 | blocks:3 | L1_step:0.67047 (2.5%) | L2_step:0.16845 (0.6%) L2_final:0.83467 (3.1%) | L3_e3:25.55196 (93.9%) | final_max_PQ:2.027e+00
     50 total:29.06013 | blocks:2 | L1_step:0.70630 (2.4%) | L2_step:0.21382 (0.7%) L2_final:1.04731 (3.6%) | L3_e3:27.09270 (93.2%) | final_max_PQ:2.693e+00
🔘 Epoch 33 No Improvement (11/40) | Val conv@1=0.0000, conv@2=0.0000, conv@3=0.0000, conv@5=0.0000, residual@1=4.116056e-01, residual@2=1.700278e-01
     25 total:27.88865 | blocks:1 | L1_step:0.66542 (2.4%) | L2_step:0.35228 (1.3%) L2_final:1.23051 (4.4%) | L3_e3:25.64044 (91.9%) | final_max_PQ:4.110e+00
     50 total:30.72495 | blocks:2 | L1_step:0.73085 (2.4%) | L2_step:0.18147 (0.6%) L2_final:0.86549 (2.8%) | L3_e3:28.94713 (94.2%) | final_max_PQ:2.057e+00
🔘 Epoch 34 No Improvement (12/40) | Val conv@1=0.0000, conv@2=0.0000, conv@3=0.0000, conv@5=0.0000, residual@1=3.912675e-01, residual@2=1.607719e-01
     25 total:28.12620 | blocks:3 | L1_step:0.64973 (2.3%) | L2_step:0.14782 (0.5%) L2_final:0.73525 (2.6%) | L3_e3:26.59339 (94.6%) | final_max_PQ:2.178e+00
     50 total:25.49321 | blocks:2 | L1_step:0.67125 (2.6%) | L2_step:0.23231 (0.9%) L2_final:1.10689 (4.3%) | L3_e3:23.48276 (92.1%) | final_max_PQ:3.417e+00
🔘 Epoch 35 No Improvement (13/40) | Val conv@1=0.0000, conv@2=0.0000, conv@3=0.0000, conv@5=0.0000, residual@1=4.094722e-01, residual@2=1.619460e-01
     25 total:24.90205 | blocks:1 | L1_step:0.58346 (2.3%) | L2_step:0.34386 (1.4%) L2_final:1.38314 (5.6%) | L3_e3:22.59158 (90.7%) | final_max_PQ:6.701e+00
     50 total:31.05900 | blocks:2 | L1_step:0.73545 (2.4%) | L2_step:0.21618 (0.7%) L2_final:0.99899 (3.2%) | L3_e3:29.10838 (93.7%) | final_max_PQ:2.828e+00
🔘 Epoch 36 No Improvement (14/40) | Val conv@1=0.0000, conv@2=0.0000, conv@3=0.0000, conv@5=0.0000, residual@1=4.291979e-01, residual@2=1.691851e-01
     25 total:28.53406 | blocks:1 | L1_step:0.54039 (1.9%) | L2_step:0.31858 (1.1%) L2_final:1.27319 (4.5%) | L3_e3:26.40190 (92.5%) | final_max_PQ:4.930e+00
     50 total:23.96304 | blocks:1 | L1_step:0.46516 (1.9%) | L2_step:0.38699 (1.6%) L2_final:1.45884 (6.1%) | L3_e3:21.65205 (90.4%) | final_max_PQ:6.190e+00
🔘 Epoch 37 No Improvement (15/40) | Val conv@1=0.0000, conv@2=0.0000, conv@3=0.0000, conv@5=0.0000, residual@1=4.403202e-01, residual@2=1.936660e-01
     25 total:26.66934 | blocks:2 | L1_step:0.64765 (2.4%) | L2_step:0.30912 (1.2%) L2_final:1.34331 (5.0%) | L3_e3:24.36925 (91.4%) | final_max_PQ:4.159e+00
     50 total:22.32493 | blocks:2 | L1_step:0.61115 (2.7%) | L2_step:0.24681 (1.1%) L2_final:1.08742 (4.9%) | L3_e3:20.37955 (91.3%) | final_max_PQ:3.217e+00
🔘 Epoch 38 No Improvement (16/40) | Val conv@1=0.0000, conv@2=0.0000, conv@3=0.0000, conv@5=0.0000, residual@1=4.120163e-01, residual@2=1.876352e-01
     25 total:29.55366 | blocks:2 | L1_step:0.71513 (2.4%) | L2_step:0.22375 (0.8%) L2_final:0.97035 (3.3%) | L3_e3:27.64442 (93.5%) | final_max_PQ:3.504e+00
     50 total:25.67193 | blocks:2 | L1_step:0.65398 (2.5%) | L2_step:0.21203 (0.8%) L2_final:0.86546 (3.4%) | L3_e3:23.94046 (93.3%) | final_max_PQ:3.438e+00
🔘 Epoch 39 No Improvement (17/40) | Val conv@1=0.0000, conv@2=0.0000, conv@3=0.0000, conv@5=0.0000, residual@1=4.019285e-01, residual@2=1.781895e-01
     25 total:28.84062 | blocks:2 | L1_step:0.68656 (2.4%) | L2_step:0.22436 (0.8%) L2_final:0.87668 (3.0%) | L3_e3:27.05303 (93.8%) | final_max_PQ:3.775e+00
     50 total:29.83657 | blocks:2 | L1_step:0.66283 (2.2%) | L2_step:0.22461 (0.8%) L2_final:0.94099 (3.2%) | L3_e3:28.00814 (93.9%) | final_max_PQ:3.175e+00
🔘 Epoch 40 No Improvement (18/40) | Val conv@1=0.0000, conv@2=0.0000, conv@3=0.0000, conv@5=0.0000, residual@1=4.034666e-01, residual@2=1.745151e-01
     25 total:28.04886 | blocks:2 | L1_step:0.68768 (2.5%) | L2_step:0.23118 (0.8%) L2_final:0.91103 (3.2%) | L3_e3:26.21898 (93.5%) | final_max_PQ:2.878e+00
     50 total:30.15141 | blocks:3 | L1_step:0.66320 (2.2%) | L2_step:0.20739 (0.7%) L2_final:0.91768 (3.0%) | L3_e3:28.36313 (94.1%) | final_max_PQ:2.219e+00
🔘 Epoch 41 No Improvement (19/40) | Val conv@1=0.0000, conv@2=0.0000, conv@3=0.0000, conv@5=0.0000, residual@1=4.489858e-01, residual@2=2.051112e-01
     25 total:24.11567 | blocks:3 | L1_step:0.66484 (2.8%) | L2_step:0.17109 (0.7%) L2_final:0.75231 (3.1%) | L3_e3:22.52744 (93.4%) | final_max_PQ:2.040e+00
     50 total:30.44701 | blocks:2 | L1_step:0.76984 (2.5%) | L2_step:0.25079 (0.8%) L2_final:1.01845 (3.3%) | L3_e3:28.40794 (93.3%) | final_max_PQ:3.236e+00
🔘 Epoch 42 No Improvement (20/40) | Val conv@1=0.0000, conv@2=0.0000, conv@3=0.0000, conv@5=0.0000, residual@1=4.231145e-01, residual@2=1.769406e-01
     25 total:24.69661 | blocks:2 | L1_step:0.75501 (3.1%) | L2_step:0.29511 (1.2%) L2_final:1.19033 (4.8%) | L3_e3:22.45616 (90.9%) | final_max_PQ:4.595e+00
     50 total:27.97090 | blocks:2 | L1_step:0.70464 (2.5%) | L2_step:0.22922 (0.8%) L2_final:0.90837 (3.2%) | L3_e3:26.12867 (93.4%) | final_max_PQ:2.776e+00
🔻 LR reduced: 1.00e-03 -> 5.00e-04
🔘 Epoch 43 No Improvement (21/40) | Val conv@1=0.0000, conv@2=0.0000, conv@3=0.0000, conv@5=0.0000, residual@1=4.470766e-01, residual@2=1.923069e-01
     25 total:17.90210 | blocks:3 | L1_step:0.55754 (3.1%) | L2_step:0.20261 (1.1%) L2_final:0.90395 (5.0%) | L3_e3:16.23799 (90.7%) | final_max_PQ:2.245e+00
     50 total:16.98491 | blocks:3 | L1_step:0.52780 (3.1%) | L2_step:0.21513 (1.3%) L2_final:0.90646 (5.3%) | L3_e3:15.33553 (90.3%) | final_max_PQ:3.515e+00
🔘 Epoch 44 No Improvement (22/40) | Val conv@1=0.0000, conv@2=0.0000, conv@3=0.0000, conv@5=0.0000, residual@1=4.273997e-01, residual@2=1.746525e-01
     25 total:17.12535 | blocks:3 | L1_step:0.49440 (2.9%) | L2_step:0.16957 (1.0%) L2_final:0.71906 (4.2%) | L3_e3:15.74232 (91.9%) | final_max_PQ:1.797e+00
     50 total:18.37800 | blocks:3 | L1_step:0.51786 (2.8%) | L2_step:0.18893 (1.0%) L2_final:0.82542 (4.5%) | L3_e3:16.84578 (91.7%) | final_max_PQ:1.908e+00
🔘 Epoch 45 No Improvement (23/40) | Val conv@1=0.0000, conv@2=0.0000, conv@3=0.0000, conv@5=0.0000, residual@1=4.318947e-01, residual@2=1.711856e-01
     25 total:19.57539 | blocks:2 | L1_step:0.48930 (2.5%) | L2_step:0.24035 (1.2%) L2_final:0.93267 (4.8%) | L3_e3:17.91307 (91.5%) | final_max_PQ:3.315e+00
     50 total:16.84858 | blocks:3 | L1_step:0.51623 (3.1%) | L2_step:0.17451 (1.0%) L2_final:0.76649 (4.5%) | L3_e3:15.39134 (91.4%) | final_max_PQ:1.710e+00
🔘 Epoch 46 No Improvement (24/40) | Val conv@1=0.0000, conv@2=0.0000, conv@3=0.0000, conv@5=0.0000, residual@1=4.350249e-01, residual@2=1.651551e-01
     25 total:23.44435 | blocks:2 | L1_step:0.51827 (2.2%) | L2_step:0.26937 (1.1%) L2_final:1.07832 (4.6%) | L3_e3:21.57840 (92.0%) | final_max_PQ:3.647e+00
     50 total:18.50292 | blocks:3 | L1_step:0.48941 (2.6%) | L2_step:0.19321 (1.0%) L2_final:0.76055 (4.1%) | L3_e3:17.05974 (92.2%) | final_max_PQ:1.663e+00
🔘 Epoch 47 No Improvement (25/40) | Val conv@1=0.0000, conv@2=0.0000, conv@3=0.0000, conv@5=0.0000, residual@1=4.323415e-01, residual@2=1.698284e-01
     25 total:20.17815 | blocks:2 | L1_step:0.48455 (2.4%) | L2_step:0.22457 (1.1%) L2_final:0.95301 (4.7%) | L3_e3:18.51603 (91.8%) | final_max_PQ:3.596e+00
     50 total:19.76244 | blocks:2 | L1_step:0.48609 (2.5%) | L2_step:0.22436 (1.1%) L2_final:0.86131 (4.4%) | L3_e3:18.19068 (92.0%) | final_max_PQ:4.968e+00
🔘 Epoch 48 No Improvement (26/40) | Val conv@1=0.0000, conv@2=0.0000, conv@3=0.0000, conv@5=0.0000, residual@1=4.379717e-01, residual@2=1.677127e-01
     25 total:19.22779 | blocks:2 | L1_step:0.47574 (2.5%) | L2_step:0.26617 (1.4%) L2_final:1.07521 (5.6%) | L3_e3:17.41067 (90.5%) | final_max_PQ:3.480e+00
     50 total:17.73483 | blocks:2 | L1_step:0.49277 (2.8%) | L2_step:0.25495 (1.4%) L2_final:0.98430 (5.6%) | L3_e3:16.00281 (90.2%) | final_max_PQ:2.766e+00
🔘 Epoch 49 No Improvement (27/40) | Val conv@1=0.0000, conv@2=0.0000, conv@3=0.0000, conv@5=0.0000, residual@1=4.335756e-01, residual@2=1.675522e-01
     25 total:20.27778 | blocks:2 | L1_step:0.47388 (2.3%) | L2_step:0.24194 (1.2%) L2_final:0.94341 (4.7%) | L3_e3:18.61855 (91.8%) | final_max_PQ:2.655e+00
     50 total:18.61654 | blocks:2 | L1_step:0.48478 (2.6%) | L2_step:0.29741 (1.6%) L2_final:1.10903 (6.0%) | L3_e3:16.72531 (89.8%) | final_max_PQ:3.494e+00
🔘 Epoch 50 No Improvement (28/40) | Val conv@1=0.0000, conv@2=0.0000, conv@3=0.0000, conv@5=0.0000, residual@1=4.381907e-01, residual@2=1.688670e-01
     25 total:20.29637 | blocks:3 | L1_step:0.47617 (2.3%) | L2_step:0.18682 (0.9%) L2_final:0.77055 (3.8%) | L3_e3:18.86283 (92.9%) | final_max_PQ:2.047e+00
     50 total:16.51828 | blocks:3 | L1_step:0.46820 (2.8%) | L2_step:0.16826 (1.0%) L2_final:0.69766 (4.2%) | L3_e3:15.18416 (91.9%) | final_max_PQ:1.955e+00
🔘 Epoch 51 No Improvement (29/40) | Val conv@1=0.0000, conv@2=0.0000, conv@3=0.0000, conv@5=0.0000, residual@1=4.426682e-01, residual@2=1.718756e-01
     25 total:17.23593 | blocks:3 | L1_step:0.45511 (2.6%) | L2_step:0.17195 (1.0%) L2_final:0.71884 (4.2%) | L3_e3:15.89002 (92.2%) | final_max_PQ:2.225e+00
     50 total:21.35761 | blocks:2 | L1_step:0.47713 (2.2%) | L2_step:0.26007 (1.2%) L2_final:0.97871 (4.6%) | L3_e3:19.64170 (92.0%) | final_max_PQ:4.057e+00
🔘 Epoch 52 No Improvement (30/40) | Val conv@1=0.0000, conv@2=0.0000, conv@3=0.0000, conv@5=0.0000, residual@1=4.500191e-01, residual@2=1.710803e-01
     25 total:19.34252 | blocks:2 | L1_step:0.48992 (2.5%) | L2_step:0.24009 (1.2%) L2_final:0.92480 (4.8%) | L3_e3:17.68772 (91.4%) | final_max_PQ:4.716e+00
     50 total:20.49670 | blocks:2 | L1_step:0.49587 (2.4%) | L2_step:0.27680 (1.4%) L2_final:1.01194 (4.9%) | L3_e3:18.71209 (91.3%) | final_max_PQ:3.254e+00
🔘 Epoch 53 No Improvement (31/40) | Val conv@1=0.0000, conv@2=0.0000, conv@3=0.0000, conv@5=0.0000, residual@1=4.519347e-01, residual@2=1.726894e-01
     25 total:20.30185 | blocks:2 | L1_step:0.49593 (2.4%) | L2_step:0.26523 (1.3%) L2_final:1.01831 (5.0%) | L3_e3:18.52238 (91.2%) | final_max_PQ:2.955e+00
     50 total:21.21211 | blocks:2 | L1_step:0.57168 (2.7%) | L2_step:0.26747 (1.3%) L2_final:1.06176 (5.0%) | L3_e3:19.31120 (91.0%) | final_max_PQ:4.129e+00
🔘 Epoch 54 No Improvement (32/40) | Val conv@1=0.0000, conv@2=0.0000, conv@3=0.0000, conv@5=0.0000, residual@1=4.614204e-01, residual@2=1.730587e-01
     25 total:19.43730 | blocks:2 | L1_step:0.47900 (2.5%) | L2_step:0.25180 (1.3%) L2_final:0.97336 (5.0%) | L3_e3:17.73314 (91.2%) | final_max_PQ:4.350e+00
     50 total:21.80897 | blocks:2 | L1_step:0.47909 (2.2%) | L2_step:0.25161 (1.2%) L2_final:1.00559 (4.6%) | L3_e3:20.07268 (92.0%) | final_max_PQ:3.112e+00
🔘 Epoch 55 No Improvement (33/40) | Val conv@1=0.0000, conv@2=0.0000, conv@3=0.0000, conv@5=0.0000, residual@1=4.596762e-01, residual@2=1.716226e-01
     25 total:19.31175 | blocks:2 | L1_step:0.48450 (2.5%) | L2_step:0.24399 (1.3%) L2_final:0.94753 (4.9%) | L3_e3:17.63574 (91.3%) | final_max_PQ:3.413e+00
     50 total:18.89678 | blocks:1 | L1_step:0.36577 (1.9%) | L2_step:0.49349 (2.6%) L2_final:1.52456 (8.1%) | L3_e3:16.51297 (87.4%) | final_max_PQ:8.851e+00
🔘 Epoch 56 No Improvement (34/40) | Val conv@1=0.0000, conv@2=0.0000, conv@3=0.0000, conv@5=0.0000, residual@1=4.639570e-01, residual@2=1.711514e-01
     25 total:19.69224 | blocks:2 | L1_step:0.48506 (2.5%) | L2_step:0.25366 (1.3%) L2_final:0.99996 (5.1%) | L3_e3:17.95357 (91.2%) | final_max_PQ:3.288e+00
     50 total:19.41372 | blocks:2 | L1_step:0.44639 (2.3%) | L2_step:0.27466 (1.4%) L2_final:1.07497 (5.5%) | L3_e3:17.61770 (90.7%) | final_max_PQ:7.162e+00
🔘 Epoch 57 No Improvement (35/40) | Val conv@1=0.0000, conv@2=0.0000, conv@3=0.0000, conv@5=0.0000, residual@1=4.689688e-01, residual@2=1.715541e-01
     25 total:20.19256 | blocks:1 | L1_step:0.36075 (1.8%) | L2_step:0.51738 (2.6%) L2_final:1.55257 (7.7%) | L3_e3:17.76186 (88.0%) | final_max_PQ:7.156e+00
     50 total:19.13544 | blocks:2 | L1_step:0.45357 (2.4%) | L2_step:0.26194 (1.4%) L2_final:1.04951 (5.5%) | L3_e3:17.37042 (90.8%) | final_max_PQ:4.008e+00
🔘 Epoch 58 No Improvement (36/40) | Val conv@1=0.0000, conv@2=0.0000, conv@3=0.0000, conv@5=0.0000, residual@1=4.698968e-01, residual@2=1.733539e-01
     25 total:19.88094 | blocks:1 | L1_step:0.35931 (1.8%) | L2_step:0.53483 (2.7%) L2_final:1.67806 (8.4%) | L3_e3:17.30874 (87.1%) | final_max_PQ:6.774e+00
     50 total:18.99486 | blocks:2 | L1_step:0.45305 (2.4%) | L2_step:0.25107 (1.3%) L2_final:0.97225 (5.1%) | L3_e3:17.31848 (91.2%) | final_max_PQ:4.052e+00
🔘 Epoch 59 No Improvement (37/40) | Val conv@1=0.0000, conv@2=0.0000, conv@3=0.0000, conv@5=0.0000, residual@1=4.748879e-01, residual@2=1.735001e-01
     25 total:20.66225 | blocks:2 | L1_step:0.46634 (2.3%) | L2_step:0.28519 (1.4%) L2_final:1.06542 (5.2%) | L3_e3:18.84530 (91.2%) | final_max_PQ:3.808e+00
     50 total:19.51555 | blocks:2 | L1_step:0.44517 (2.3%) | L2_step:0.27502 (1.4%) L2_final:1.14023 (5.8%) | L3_e3:17.65514 (90.5%) | final_max_PQ:5.979e+00
🔘 Epoch 60 No Improvement (38/40) | Val conv@1=0.0000, conv@2=0.0000, conv@3=0.0000, conv@5=0.0000, residual@1=4.770665e-01, residual@2=1.729228e-01
     25 total:20.51928 | blocks:1 | L1_step:0.33461 (1.6%) | L2_step:0.44536 (2.2%) L2_final:1.41196 (6.9%) | L3_e3:18.32735 (89.3%) | final_max_PQ:9.259e+00
     50 total:23.76854 | blocks:2 | L1_step:0.55709 (2.3%) | L2_step:0.25134 (1.1%) L2_final:1.01266 (4.3%) | L3_e3:21.94744 (92.3%) | final_max_PQ:6.690e+00
🔘 Epoch 61 No Improvement (39/40) | Val conv@1=0.0000, conv@2=0.0000, conv@3=0.0000, conv@5=0.0000, residual@1=4.746404e-01, residual@2=1.699303e-01
     25 total:18.94905 | blocks:1 | L1_step:0.35181 (1.9%) | L2_step:0.50658 (2.7%) L2_final:1.56694 (8.3%) | L3_e3:16.52372 (87.2%) | final_max_PQ:7.792e+00
     50 total:17.00613 | blocks:3 | L1_step:0.44942 (2.6%) | L2_step:0.17544 (1.0%) L2_final:0.75544 (4.4%) | L3_e3:15.62583 (91.9%) | final_max_PQ:1.942e+00
🔘 Epoch 62 No Improvement (40/40) | Val conv@1=0.0000, conv@2=0.0000, conv@3=0.0000, conv@5=0.0000, residual@1=4.814848e-01, residual@2=1.717277e-01
🔘 Early stopping at epoch 62

Testing model
[sample 001] iter 00: max_mismatchPQ=1.611e+01, NN_max_dAng=0.000e+00, NN_max_dV=0.000e+00  True_errAng=1.998e-01, True_errV=9.284e-02
[sample 001] iter 01: max_mismatchPQ=5.157e+00, NN_max_dAng=8.914e-02, NN_max_dV=7.920e-02  True_errAng=1.107e-01, True_errV=6.212e-02
[sample 001] iter 02: max_mismatchPQ=1.380e+00, NN_max_dAng=3.590e-02, NN_max_dV=2.489e-02  True_errAng=7.477e-02, True_errV=5.003e-02
[sample 001] iter 03: max_mismatchPQ=8.003e-01, NN_max_dAng=2.023e-02, NN_max_dV=1.620e-02  True_errAng=5.454e-02, True_errV=4.164e-02
[sample 001] iter 04: max_mismatchPQ=5.738e-01, NN_max_dAng=1.221e-02, NN_max_dV=9.970e-03  True_errAng=4.670e-02, True_errV=3.467e-02
[sample 001] iter 05: max_mismatchPQ=4.684e-01, NN_max_dAng=8.337e-03, NN_max_dV=7.050e-03  True_errAng=4.184e-02, True_errV=2.878e-02
[sample 001] iter 06: max_mismatchPQ=3.826e-01, NN_max_dAng=5.611e-03, NN_max_dV=4.970e-03  True_errAng=3.747e-02, True_errV=2.381e-02
[sample 001] iter 07: max_mismatchPQ=3.133e-01, NN_max_dAng=4.539e-03, NN_max_dV=4.184e-03  True_errAng=3.352e-02, True_errV=1.963e-02
[sample 001] iter 08: max_mismatchPQ=2.573e-01, NN_max_dAng=3.719e-03, NN_max_dV=3.541e-03  True_errAng=2.994e-02, True_errV=1.608e-02
[sample 001] iter 09: max_mismatchPQ=2.120e-01, NN_max_dAng=3.247e-03, NN_max_dV=3.001e-03  True_errAng=2.733e-02, True_errV=1.308e-02
[sample 001] iter 10: max_mismatchPQ=1.752e-01, NN_max_dAng=2.946e-03, NN_max_dV=2.542e-03  True_errAng=2.558e-02, True_errV=1.054e-02
[sample 001] iter 11: max_mismatchPQ=1.484e-01, NN_max_dAng=2.671e-03, NN_max_dV=2.145e-03  True_errAng=2.470e-02, True_errV=8.397e-03
[sample 001] iter 12: max_mismatchPQ=1.301e-01, NN_max_dAng=2.419e-03, NN_max_dV=1.806e-03  True_errAng=2.391e-02, True_errV=6.591e-03
[sample 001] iter 13: max_mismatchPQ=1.148e-01, NN_max_dAng=2.189e-03, NN_max_dV=1.518e-03  True_errAng=2.321e-02, True_errV=5.073e-03
[sample 001] iter 14: max_mismatchPQ=1.052e-01, NN_max_dAng=1.983e-03, NN_max_dV=1.273e-03  True_errAng=2.257e-02, True_errV=3.800e-03
[sample 001] iter 15: max_mismatchPQ=9.660e-02, NN_max_dAng=1.800e-03, NN_max_dV=1.064e-03  True_errAng=2.200e-02, True_errV=3.068e-03
[sample 001] iter 16: max_mismatchPQ=8.882e-02, NN_max_dAng=1.638e-03, NN_max_dV=8.878e-04  True_errAng=2.165e-02, True_errV=2.750e-03
[sample 001] iter 17: max_mismatchPQ=8.173e-02, NN_max_dAng=1.495e-03, NN_max_dV=7.386e-04  True_errAng=2.149e-02, True_errV=2.460e-03
[sample 001] iter 18: max_mismatchPQ=7.527e-02, NN_max_dAng=1.369e-03, NN_max_dV=6.129e-04  True_errAng=2.132e-02, True_errV=2.198e-03
[sample 001] iter 19: max_mismatchPQ=6.938e-02, NN_max_dAng=1.258e-03, NN_max_dV=5.072e-04  True_errAng=2.115e-02, True_errV=1.965e-03
[sample 001] iter 20: max_mismatchPQ=6.401e-02, NN_max_dAng=1.160e-03, NN_max_dV=4.185e-04  True_errAng=2.097e-02, True_errV=1.757e-03
[sample 001] >>> stop_reason=max_blocks, used_iter=20, max_PQ_mismatch=6.401e-02
[1;32m===== Test Sample Heatmap Cell: X=(-2.00,-1.80), PQ=(-2.00,-1.80), x_signed=-1.999067, pq_signed=-1.997738, valid_label=1 =====[0m
---- Error Metrics (Best State) ----
Angel_MAX   : 2.096525e-02
Voltage_MAX : 1.756907e-03
P_MAX       : 6.400902e-02
Q_MAX       : 1.161735e-02
P_MAE       : 1.338716e-02
Q_MAE       : 3.619667e-03
P_MSE       : 3.365074e-04
Q_MSE       : 2.023813e-05
P_RMSE      : 1.834414e-02
Q_RMSE      : 4.498682e-03

[sample 002] iter 00: max_mismatchPQ=5.483e+01, NN_max_dAng=0.000e+00, NN_max_dV=0.000e+00  True_errAng=1.888e-01, True_errV=9.348e-02
[sample 002] iter 01: max_mismatchPQ=8.915e+00, NN_max_dAng=1.023e-01, NN_max_dV=1.022e-01  True_errAng=9.512e-02, True_errV=7.527e-02
[sample 002] iter 02: max_mismatchPQ=1.755e+00, NN_max_dAng=3.474e-02, NN_max_dV=5.132e-02  True_errAng=7.015e-02, True_errV=4.862e-02
[sample 002] iter 03: max_mismatchPQ=6.985e-01, NN_max_dAng=1.889e-02, NN_max_dV=2.033e-02  True_errAng=6.572e-02, True_errV=4.066e-02
[sample 002] iter 04: max_mismatchPQ=4.196e-01, NN_max_dAng=9.799e-03, NN_max_dV=1.070e-02  True_errAng=6.357e-02, True_errV=3.424e-02
[sample 002] iter 05: max_mismatchPQ=3.361e-01, NN_max_dAng=6.386e-03, NN_max_dV=6.616e-03  True_errAng=6.278e-02, True_errV=2.877e-02
[sample 002] iter 06: max_mismatchPQ=2.911e-01, NN_max_dAng=4.607e-03, NN_max_dV=4.595e-03  True_errAng=6.183e-02, True_errV=2.418e-02
[sample 002] iter 07: max_mismatchPQ=2.518e-01, NN_max_dAng=3.947e-03, NN_max_dV=3.872e-03  True_errAng=6.075e-02, True_errV=2.031e-02
[sample 002] iter 08: max_mismatchPQ=2.182e-01, NN_max_dAng=3.321e-03, NN_max_dV=3.255e-03  True_errAng=5.957e-02, True_errV=1.705e-02
[sample 002] iter 09: max_mismatchPQ=1.893e-01, NN_max_dAng=2.837e-03, NN_max_dV=2.689e-03  True_errAng=5.831e-02, True_errV=1.436e-02
[sample 002] iter 10: max_mismatchPQ=1.642e-01, NN_max_dAng=2.478e-03, NN_max_dV=2.196e-03  True_errAng=5.701e-02, True_errV=1.217e-02
[sample 002] iter 11: max_mismatchPQ=1.424e-01, NN_max_dAng=2.169e-03, NN_max_dV=1.793e-03  True_errAng=5.567e-02, True_errV=1.037e-02
[sample 002] iter 12: max_mismatchPQ=1.235e-01, NN_max_dAng=1.906e-03, NN_max_dV=1.468e-03  True_errAng=5.431e-02, True_errV=8.905e-03
[sample 002] iter 13: max_mismatchPQ=1.071e-01, NN_max_dAng=1.682e-03, NN_max_dV=1.206e-03  True_errAng=5.294e-02, True_errV=7.698e-03
[sample 002] iter 14: max_mismatchPQ=9.295e-02, NN_max_dAng=1.492e-03, NN_max_dV=9.963e-04  True_errAng=5.158e-02, True_errV=6.702e-03
[sample 002] iter 15: max_mismatchPQ=8.079e-02, NN_max_dAng=1.361e-03, NN_max_dV=8.275e-04  True_errAng=5.022e-02, True_errV=5.875e-03
[sample 002] iter 16: max_mismatchPQ=7.034e-02, NN_max_dAng=1.347e-03, NN_max_dV=6.914e-04  True_errAng=4.887e-02, True_errV=5.183e-03
[sample 002] iter 17: max_mismatchPQ=6.137e-02, NN_max_dAng=1.329e-03, NN_max_dV=5.815e-04  True_errAng=4.754e-02, True_errV=4.602e-03
[sample 002] iter 18: max_mismatchPQ=5.817e-02, NN_max_dAng=1.307e-03, NN_max_dV=4.926e-04  True_errAng=4.623e-02, True_errV=4.109e-03
[sample 002] iter 19: max_mismatchPQ=5.704e-02, NN_max_dAng=1.283e-03, NN_max_dV=4.196e-04  True_errAng=4.495e-02, True_errV=3.689e-03
[sample 002] iter 20: max_mismatchPQ=5.577e-02, NN_max_dAng=1.256e-03, NN_max_dV=3.593e-04  True_errAng=4.369e-02, True_errV=3.355e-03
[sample 002] >>> stop_reason=max_blocks, used_iter=20, max_PQ_mismatch=5.577e-02
[1;32m===== Test Sample Heatmap Cell: X=(-2.00,-1.80), PQ=(-2.00,-1.80), x_signed=-1.888889, pq_signed=-1.912511, valid_label=1 =====[0m
---- Error Metrics (Best State) ----
Angel_MAX   : 4.369277e-02
Voltage_MAX : 3.355324e-03
P_MAX       : 5.577116e-02
Q_MAX       : 1.716308e-02
P_MAE       : 1.756356e-02
Q_MAE       : 4.090978e-03
P_MSE       : 5.050984e-04
Q_MSE       : 2.911070e-05
P_RMSE      : 2.247440e-02
Q_RMSE      : 5.395434e-03

[sample 003] iter 00: max_mismatchPQ=1.525e+01, NN_max_dAng=0.000e+00, NN_max_dV=0.000e+00  True_errAng=8.865e-02, True_errV=1.819e-01
[sample 003] iter 01: max_mismatchPQ=2.798e+00, NN_max_dAng=8.948e-02, NN_max_dV=8.855e-02  True_errAng=7.877e-02, True_errV=1.423e-01
[sample 003] iter 02: max_mismatchPQ=1.565e+00, NN_max_dAng=2.424e-02, NN_max_dV=3.591e-02  True_errAng=7.558e-02, True_errV=1.064e-01
[sample 003] iter 03: max_mismatchPQ=1.154e+00, NN_max_dAng=1.772e-02, NN_max_dV=3.035e-02  True_errAng=7.222e-02, True_errV=7.600e-02
[sample 003] iter 04: max_mismatchPQ=7.980e-01, NN_max_dAng=1.215e-02, NN_max_dV=2.453e-02  True_errAng=6.895e-02, True_errV=5.147e-02
[sample 003] iter 05: max_mismatchPQ=5.164e-01, NN_max_dAng=7.420e-03, NN_max_dV=1.853e-02  True_errAng=6.582e-02, True_errV=3.295e-02
[sample 003] iter 06: max_mismatchPQ=3.976e-01, NN_max_dAng=5.746e-03, NN_max_dV=1.273e-02  True_errAng=6.286e-02, True_errV=2.022e-02
[sample 003] iter 07: max_mismatchPQ=3.289e-01, NN_max_dAng=4.841e-03, NN_max_dV=8.184e-03  True_errAng=6.006e-02, True_errV=1.203e-02
[sample 003] iter 08: max_mismatchPQ=2.714e-01, NN_max_dAng=4.195e-03, NN_max_dV=4.888e-03  True_errAng=5.741e-02, True_errV=7.147e-03
[sample 003] iter 09: max_mismatchPQ=2.220e-01, NN_max_dAng=3.722e-03, NN_max_dV=2.704e-03  True_errAng=5.492e-02, True_errV=5.267e-03
[sample 003] iter 10: max_mismatchPQ=1.806e-01, NN_max_dAng=3.329e-03, NN_max_dV=1.556e-03  True_errAng=5.257e-02, True_errV=4.037e-03
[sample 003] iter 11: max_mismatchPQ=1.564e-01, NN_max_dAng=2.963e-03, NN_max_dV=9.419e-04  True_errAng=5.034e-02, True_errV=3.111e-03
[sample 003] iter 12: max_mismatchPQ=1.379e-01, NN_max_dAng=2.636e-03, NN_max_dV=6.977e-04  True_errAng=4.824e-02, True_errV=2.413e-03
[sample 003] iter 13: max_mismatchPQ=1.213e-01, NN_max_dAng=2.347e-03, NN_max_dV=5.268e-04  True_errAng=4.626e-02, True_errV=1.886e-03
[sample 003] iter 14: max_mismatchPQ=1.063e-01, NN_max_dAng=2.091e-03, NN_max_dV=3.984e-04  True_errAng=4.438e-02, True_errV=1.720e-03
[sample 003] iter 15: max_mismatchPQ=9.502e-02, NN_max_dAng=1.863e-03, NN_max_dV=3.019e-04  True_errAng=4.259e-02, True_errV=1.645e-03
[sample 003] iter 16: max_mismatchPQ=8.972e-02, NN_max_dAng=1.688e-03, NN_max_dV=2.292e-04  True_errAng=4.091e-02, True_errV=1.586e-03
[sample 003] iter 17: max_mismatchPQ=8.475e-02, NN_max_dAng=1.601e-03, NN_max_dV=1.745e-04  True_errAng=3.930e-02, True_errV=1.538e-03
[sample 003] iter 18: max_mismatchPQ=8.009e-02, NN_max_dAng=1.520e-03, NN_max_dV=1.530e-04  True_errAng=3.778e-02, True_errV=1.497e-03
[sample 003] iter 19: max_mismatchPQ=7.573e-02, NN_max_dAng=1.445e-03, NN_max_dV=1.507e-04  True_errAng=3.634e-02, True_errV=1.461e-03
[sample 003] iter 20: max_mismatchPQ=7.165e-02, NN_max_dAng=1.374e-03, NN_max_dV=1.459e-04  True_errAng=3.497e-02, True_errV=1.427e-03
[sample 003] >>> stop_reason=max_blocks, used_iter=20, max_PQ_mismatch=7.165e-02
[1;32m===== Test Sample Heatmap Cell: X=(-2.00,-1.80), PQ=(-2.00,-1.80), x_signed=-1.830727, pq_signed=-1.896773, valid_label=1 =====[0m
---- Error Metrics (Best State) ----
Angel_MAX   : 3.496602e-02
Voltage_MAX : 1.426935e-03
P_MAX       : 7.165301e-02
Q_MAX       : 1.637033e-02
P_MAE       : 1.456764e-02
Q_MAE       : 3.374837e-03
P_MSE       : 3.808693e-04
Q_MSE       : 2.067487e-05
P_RMSE      : 1.951587e-02
Q_RMSE      : 4.546963e-03

[sample 004] iter 00: max_mismatchPQ=1.678e+01, NN_max_dAng=0.000e+00, NN_max_dV=0.000e+00  True_errAng=1.818e-01, True_errV=8.808e-02
[sample 004] iter 01: max_mismatchPQ=3.301e+00, NN_max_dAng=9.177e-02, NN_max_dV=7.811e-02  True_errAng=1.252e-01, True_errV=6.870e-02
[sample 004] iter 02: max_mismatchPQ=1.336e+00, NN_max_dAng=2.914e-02, NN_max_dV=2.102e-02  True_errAng=9.606e-02, True_errV=5.632e-02
[sample 004] iter 03: max_mismatchPQ=8.826e-01, NN_max_dAng=1.650e-02, NN_max_dV=1.224e-02  True_errAng=7.956e-02, True_errV=4.678e-02
[sample 004] iter 04: max_mismatchPQ=6.180e-01, NN_max_dAng=1.161e-02, NN_max_dV=8.423e-03  True_errAng=6.795e-02, True_errV=3.904e-02
[sample 004] iter 05: max_mismatchPQ=4.646e-01, NN_max_dAng=8.626e-03, NN_max_dV=6.458e-03  True_errAng=5.932e-02, True_errV=3.258e-02
[sample 004] iter 06: max_mismatchPQ=3.659e-01, NN_max_dAng=7.154e-03, NN_max_dV=5.414e-03  True_errAng=5.217e-02, True_errV=2.716e-02
[sample 004] iter 07: max_mismatchPQ=2.984e-01, NN_max_dAng=6.000e-03, NN_max_dV=4.543e-03  True_errAng=4.617e-02, True_errV=2.262e-02
[sample 004] iter 08: max_mismatchPQ=2.501e-01, NN_max_dAng=5.096e-03, NN_max_dV=3.785e-03  True_errAng=4.228e-02, True_errV=1.884e-02
[sample 004] iter 09: max_mismatchPQ=2.137e-01, NN_max_dAng=4.391e-03, NN_max_dV=3.093e-03  True_errAng=4.033e-02, True_errV=1.574e-02
[sample 004] iter 10: max_mismatchPQ=1.851e-01, NN_max_dAng=3.826e-03, NN_max_dV=2.504e-03  True_errAng=3.854e-02, True_errV=1.324e-02
[sample 004] iter 11: max_mismatchPQ=1.619e-01, NN_max_dAng=3.362e-03, NN_max_dV=2.024e-03  True_errAng=3.689e-02, True_errV=1.122e-02
[sample 004] iter 12: max_mismatchPQ=1.460e-01, NN_max_dAng=2.973e-03, NN_max_dV=1.640e-03  True_errAng=3.537e-02, True_errV=9.575e-03
[sample 004] iter 13: max_mismatchPQ=1.325e-01, NN_max_dAng=2.642e-03, NN_max_dV=1.335e-03  True_errAng=3.396e-02, True_errV=8.239e-03
[sample 004] iter 14: max_mismatchPQ=1.203e-01, NN_max_dAng=2.356e-03, NN_max_dV=1.093e-03  True_errAng=3.266e-02, True_errV=7.147e-03
[sample 004] iter 15: max_mismatchPQ=1.092e-01, NN_max_dAng=2.108e-03, NN_max_dV=8.992e-04  True_errAng=3.145e-02, True_errV=6.247e-03
[sample 004] iter 16: max_mismatchPQ=9.910e-02, NN_max_dAng=1.893e-03, NN_max_dV=7.444e-04  True_errAng=3.032e-02, True_errV=5.503e-03
[sample 004] iter 17: max_mismatchPQ=8.994e-02, NN_max_dAng=1.703e-03, NN_max_dV=6.201e-04  True_errAng=2.928e-02, True_errV=4.883e-03
[sample 004] iter 18: max_mismatchPQ=8.165e-02, NN_max_dAng=1.537e-03, NN_max_dV=5.200e-04  True_errAng=2.830e-02, True_errV=4.363e-03
[sample 004] iter 19: max_mismatchPQ=7.416e-02, NN_max_dAng=1.390e-03, NN_max_dV=4.389e-04  True_errAng=2.739e-02, True_errV=3.924e-03
[sample 004] iter 20: max_mismatchPQ=6.740e-02, NN_max_dAng=1.260e-03, NN_max_dV=3.729e-04  True_errAng=2.654e-02, True_errV=3.551e-03
[sample 004] >>> stop_reason=max_blocks, used_iter=20, max_PQ_mismatch=6.740e-02
[1;32m===== Test Sample Heatmap Cell: X=(-2.00,-1.80), PQ=(-2.00,-1.80), x_signed=-1.818575, pq_signed=-1.985956, valid_label=1 =====[0m
---- Error Metrics (Best State) ----
Angel_MAX   : 2.654192e-02
Voltage_MAX : 3.550947e-03
P_MAX       : 6.739739e-02
Q_MAX       : 1.439508e-02
P_MAE       : 1.768991e-02
Q_MAE       : 4.533324e-03
P_MSE       : 4.775686e-04
Q_MSE       : 3.344474e-05
P_RMSE      : 2.185334e-02
Q_RMSE      : 5.783143e-03

[sample 005] iter 00: max_mismatchPQ=3.134e+01, NN_max_dAng=0.000e+00, NN_max_dV=0.000e+00  True_errAng=1.991e-01, True_errV=9.664e-02
[sample 005] iter 01: max_mismatchPQ=3.643e+00, NN_max_dAng=8.028e-02, NN_max_dV=8.446e-02  True_errAng=1.279e-01, True_errV=7.907e-02
[sample 005] iter 02: max_mismatchPQ=1.343e+00, NN_max_dAng=3.469e-02, NN_max_dV=2.851e-02  True_errAng=9.323e-02, True_errV=6.405e-02
[sample 005] iter 03: max_mismatchPQ=9.370e-01, NN_max_dAng=2.206e-02, NN_max_dV=1.595e-02  True_errAng=7.531e-02, True_errV=5.163e-02
[sample 005] iter 04: max_mismatchPQ=6.085e-01, NN_max_dAng=1.456e-02, NN_max_dV=1.269e-02  True_errAng=6.770e-02, True_errV=4.148e-02
[sample 005] iter 05: max_mismatchPQ=4.295e-01, NN_max_dAng=9.407e-03, NN_max_dV=8.032e-03  True_errAng=6.047e-02, True_errV=3.396e-02
[sample 005] iter 06: max_mismatchPQ=3.746e-01, NN_max_dAng=6.802e-03, NN_max_dV=6.330e-03  True_errAng=5.367e-02, True_errV=2.855e-02
[sample 005] iter 07: max_mismatchPQ=3.377e-01, NN_max_dAng=6.604e-03, NN_max_dV=5.026e-03  True_errAng=4.706e-02, True_errV=2.420e-02
[sample 005] iter 08: max_mismatchPQ=2.976e-01, NN_max_dAng=6.303e-03, NN_max_dV=4.047e-03  True_errAng=4.259e-02, True_errV=2.060e-02
[sample 005] iter 09: max_mismatchPQ=2.595e-01, NN_max_dAng=5.757e-03, NN_max_dV=3.304e-03  True_errAng=4.130e-02, True_errV=1.762e-02
[sample 005] iter 10: max_mismatchPQ=2.261e-01, NN_max_dAng=5.068e-03, NN_max_dV=2.722e-03  True_errAng=4.002e-02, True_errV=1.515e-02
[sample 005] iter 11: max_mismatchPQ=1.974e-01, NN_max_dAng=4.414e-03, NN_max_dV=2.255e-03  True_errAng=3.875e-02, True_errV=1.309e-02
[sample 005] iter 12: max_mismatchPQ=1.729e-01, NN_max_dAng=3.846e-03, NN_max_dV=1.872e-03  True_errAng=3.751e-02, True_errV=1.136e-02
[sample 005] iter 13: max_mismatchPQ=1.518e-01, NN_max_dAng=3.358e-03, NN_max_dV=1.556e-03  True_errAng=3.630e-02, True_errV=9.895e-03
[sample 005] iter 14: max_mismatchPQ=1.336e-01, NN_max_dAng=2.937e-03, NN_max_dV=1.297e-03  True_errAng=3.514e-02, True_errV=8.645e-03
[sample 005] iter 15: max_mismatchPQ=1.180e-01, NN_max_dAng=2.576e-03, NN_max_dV=1.083e-03  True_errAng=3.401e-02, True_errV=7.807e-03
[sample 005] iter 16: max_mismatchPQ=1.045e-01, NN_max_dAng=2.265e-03, NN_max_dV=9.302e-04  True_errAng=3.293e-02, True_errV=7.103e-03
[sample 005] iter 17: max_mismatchPQ=9.280e-02, NN_max_dAng=1.997e-03, NN_max_dV=8.102e-04  True_errAng=3.189e-02, True_errV=6.412e-03
[sample 005] iter 18: max_mismatchPQ=8.268e-02, NN_max_dAng=1.765e-03, NN_max_dV=7.089e-04  True_errAng=3.090e-02, True_errV=5.751e-03
[sample 005] iter 19: max_mismatchPQ=7.436e-02, NN_max_dAng=1.564e-03, NN_max_dV=6.228e-04  True_errAng=2.995e-02, True_errV=5.130e-03
[sample 005] iter 20: max_mismatchPQ=6.783e-02, NN_max_dAng=1.389e-03, NN_max_dV=5.755e-04  True_errAng=2.904e-02, True_errV=4.555e-03
[sample 005] >>> stop_reason=max_blocks, used_iter=20, max_PQ_mismatch=6.783e-02
[1;32m===== Test Sample Heatmap Cell: X=(-2.00,-1.80), PQ=(-2.00,-1.80), x_signed=-1.992087, pq_signed=-1.918192, valid_label=1 =====[0m
---- Error Metrics (Best State) ----
Angel_MAX   : 2.904159e-02
Voltage_MAX : 4.554808e-03
P_MAX       : 6.783104e-02
Q_MAX       : 2.272558e-02
P_MAE       : 1.788683e-02
Q_MAE       : 4.402051e-03
P_MSE       : 5.351114e-04
Q_MSE       : 3.422693e-05
P_RMSE      : 2.313248e-02
Q_RMSE      : 5.850378e-03

[sample 006] iter 00: max_mismatchPQ=1.793e+01, NN_max_dAng=0.000e+00, NN_max_dV=0.000e+00  True_errAng=9.025e-02, True_errV=1.796e-01
[sample 006] iter 01: max_mismatchPQ=3.496e+00, NN_max_dAng=7.273e-02, NN_max_dV=1.180e-01  True_errAng=9.032e-02, True_errV=7.659e-02
[sample 006] iter 02: max_mismatchPQ=1.521e+00, NN_max_dAng=2.416e-02, NN_max_dV=3.583e-02  True_errAng=7.363e-02, True_errV=5.745e-02
[sample 006] iter 03: max_mismatchPQ=6.810e-01, NN_max_dAng=1.597e-02, NN_max_dV=2.375e-02  True_errAng=6.271e-02, True_errV=4.835e-02
[sample 006] iter 04: max_mismatchPQ=5.735e-01, NN_max_dAng=1.217e-02, NN_max_dV=1.390e-02  True_errAng=5.183e-02, True_errV=4.060e-02
[sample 006] iter 05: max_mismatchPQ=3.790e-01, NN_max_dAng=1.253e-02, NN_max_dV=7.879e-03  True_errAng=3.930e-02, True_errV=3.397e-02
[sample 006] iter 06: max_mismatchPQ=2.807e-01, NN_max_dAng=8.679e-03, NN_max_dV=5.739e-03  True_errAng=3.199e-02, True_errV=2.834e-02
[sample 006] iter 07: max_mismatchPQ=2.219e-01, NN_max_dAng=5.937e-03, NN_max_dV=4.760e-03  True_errAng=2.888e-02, True_errV=2.358e-02
[sample 006] iter 08: max_mismatchPQ=1.819e-01, NN_max_dAng=4.459e-03, NN_max_dV=4.025e-03  True_errAng=2.737e-02, True_errV=1.956e-02
[sample 006] iter 09: max_mismatchPQ=1.476e-01, NN_max_dAng=3.460e-03, NN_max_dV=3.415e-03  True_errAng=2.605e-02, True_errV=1.614e-02
[sample 006] iter 10: max_mismatchPQ=1.186e-01, NN_max_dAng=2.743e-03, NN_max_dV=2.908e-03  True_errAng=2.476e-02, True_errV=1.323e-02
[sample 006] iter 11: max_mismatchPQ=9.956e-02, NN_max_dAng=2.210e-03, NN_max_dV=2.471e-03  True_errAng=2.354e-02, True_errV=1.076e-02
[sample 006] iter 12: max_mismatchPQ=8.954e-02, NN_max_dAng=1.877e-03, NN_max_dV=2.091e-03  True_errAng=2.238e-02, True_errV=8.673e-03
[sample 006] iter 13: max_mismatchPQ=8.032e-02, NN_max_dAng=1.716e-03, NN_max_dV=1.763e-03  True_errAng=2.129e-02, True_errV=6.909e-03
[sample 006] iter 14: max_mismatchPQ=7.198e-02, NN_max_dAng=1.575e-03, NN_max_dV=1.482e-03  True_errAng=2.029e-02, True_errV=5.428e-03
[sample 006] iter 15: max_mismatchPQ=6.454e-02, NN_max_dAng=1.451e-03, NN_max_dV=1.241e-03  True_errAng=1.966e-02, True_errV=4.230e-03
[sample 006] iter 16: max_mismatchPQ=5.796e-02, NN_max_dAng=1.341e-03, NN_max_dV=1.037e-03  True_errAng=1.910e-02, True_errV=3.986e-03
[sample 006] iter 17: max_mismatchPQ=5.424e-02, NN_max_dAng=1.243e-03, NN_max_dV=8.654e-04  True_errAng=1.859e-02, True_errV=3.768e-03
[sample 006] iter 18: max_mismatchPQ=5.119e-02, NN_max_dAng=1.154e-03, NN_max_dV=7.216e-04  True_errAng=1.814e-02, True_errV=3.573e-03
[sample 006] iter 19: max_mismatchPQ=4.829e-02, NN_max_dAng=1.074e-03, NN_max_dV=6.041e-04  True_errAng=1.773e-02, True_errV=3.399e-03
[sample 006] iter 20: max_mismatchPQ=4.555e-02, NN_max_dAng=1.002e-03, NN_max_dV=5.058e-04  True_errAng=1.734e-02, True_errV=3.242e-03
[sample 006] >>> stop_reason=max_blocks, used_iter=20, max_PQ_mismatch=4.555e-02
[1;32m===== Test Sample Heatmap Cell: X=(-2.00,-1.80), PQ=(-2.00,-1.80), x_signed=-1.807342, pq_signed=-1.840335, valid_label=1 =====[0m
---- Error Metrics (Best State) ----
Angel_MAX   : 1.734185e-02
Voltage_MAX : 3.242254e-03
P_MAX       : 4.554522e-02
Q_MAX       : 1.758134e-02
P_MAE       : 1.351028e-02
Q_MAE       : 3.661512e-03
P_MSE       : 2.689926e-04
Q_MSE       : 2.639592e-05
P_RMSE      : 1.640099e-02
Q_RMSE      : 5.137696e-03

[sample 007] iter 00: max_mismatchPQ=3.848e+01, NN_max_dAng=0.000e+00, NN_max_dV=0.000e+00  True_errAng=1.915e-01, True_errV=9.468e-02
[sample 007] iter 01: max_mismatchPQ=3.179e+00, NN_max_dAng=1.336e-01, NN_max_dV=9.764e-02  True_errAng=1.139e-01, True_errV=6.985e-02
[sample 007] iter 02: max_mismatchPQ=1.425e+00, NN_max_dAng=3.907e-02, NN_max_dV=2.419e-02  True_errAng=7.492e-02, True_errV=4.751e-02
[sample 007] iter 03: max_mismatchPQ=7.379e-01, NN_max_dAng=1.801e-02, NN_max_dV=1.860e-02  True_errAng=6.521e-02, True_errV=3.248e-02
[sample 007] iter 04: max_mismatchPQ=5.100e-01, NN_max_dAng=1.035e-02, NN_max_dV=1.288e-02  True_errAng=5.674e-02, True_errV=2.493e-02
[sample 007] iter 05: max_mismatchPQ=3.991e-01, NN_max_dAng=7.547e-03, NN_max_dV=7.634e-03  True_errAng=5.247e-02, True_errV=1.882e-02
[sample 007] iter 06: max_mismatchPQ=3.198e-01, NN_max_dAng=6.074e-03, NN_max_dV=5.208e-03  True_errAng=4.920e-02, True_errV=1.403e-02
[sample 007] iter 07: max_mismatchPQ=2.708e-01, NN_max_dAng=5.149e-03, NN_max_dV=3.764e-03  True_errAng=4.639e-02, True_errV=1.039e-02
[sample 007] iter 08: max_mismatchPQ=2.323e-01, NN_max_dAng=4.372e-03, NN_max_dV=2.689e-03  True_errAng=4.395e-02, True_errV=7.701e-03
[sample 007] iter 09: max_mismatchPQ=1.990e-01, NN_max_dAng=3.713e-03, NN_max_dV=1.941e-03  True_errAng=4.181e-02, True_errV=5.956e-03
[sample 007] iter 10: max_mismatchPQ=1.704e-01, NN_max_dAng=3.155e-03, NN_max_dV=1.362e-03  True_errAng=3.989e-02, True_errV=4.828e-03
[sample 007] iter 11: max_mismatchPQ=1.459e-01, NN_max_dAng=2.683e-03, NN_max_dV=1.083e-03  True_errAng=3.818e-02, True_errV=3.958e-03
[sample 007] iter 12: max_mismatchPQ=1.251e-01, NN_max_dAng=2.285e-03, NN_max_dV=9.194e-04  True_errAng=3.663e-02, True_errV=3.294e-03
[sample 007] iter 13: max_mismatchPQ=1.074e-01, NN_max_dAng=1.950e-03, NN_max_dV=7.786e-04  True_errAng=3.522e-02, True_errV=2.790e-03
[sample 007] iter 14: max_mismatchPQ=9.242e-02, NN_max_dAng=1.668e-03, NN_max_dV=6.580e-04  True_errAng=3.392e-02, True_errV=2.408e-03
[sample 007] iter 15: max_mismatchPQ=7.983e-02, NN_max_dAng=1.449e-03, NN_max_dV=5.551e-04  True_errAng=3.272e-02, True_errV=2.164e-03
[sample 007] iter 16: max_mismatchPQ=7.155e-02, NN_max_dAng=1.270e-03, NN_max_dV=4.677e-04  True_errAng=3.160e-02, True_errV=2.026e-03
[sample 007] iter 17: max_mismatchPQ=6.699e-02, NN_max_dAng=1.118e-03, NN_max_dV=3.945e-04  True_errAng=3.056e-02, True_errV=1.912e-03
[sample 007] iter 18: max_mismatchPQ=6.306e-02, NN_max_dAng=9.865e-04, NN_max_dV=3.345e-04  True_errAng=2.958e-02, True_errV=1.819e-03
[sample 007] iter 19: max_mismatchPQ=5.965e-02, NN_max_dAng=9.245e-04, NN_max_dV=2.834e-04  True_errAng=2.865e-02, True_errV=1.854e-03
[sample 007] iter 20: max_mismatchPQ=5.668e-02, NN_max_dAng=8.754e-04, NN_max_dV=2.400e-04  True_errAng=2.778e-02, True_errV=2.094e-03
[sample 007] >>> stop_reason=max_blocks, used_iter=20, max_PQ_mismatch=5.668e-02
[1;32m===== Test Sample Heatmap Cell: X=(-2.00,-1.80), PQ=(-2.00,-1.80), x_signed=-1.915674, pq_signed=-1.907213, valid_label=1 =====[0m
---- Error Metrics (Best State) ----
Angel_MAX   : 2.777854e-02
Voltage_MAX : 2.093971e-03
P_MAX       : 5.667627e-02
Q_MAX       : 1.395439e-02
P_MAE       : 1.404772e-02
Q_MAE       : 3.696004e-03
P_MSE       : 3.196247e-04
Q_MSE       : 2.236315e-05
P_RMSE      : 1.787805e-02
Q_RMSE      : 4.728970e-03

[sample 008] iter 00: max_mismatchPQ=3.651e+01, NN_max_dAng=0.000e+00, NN_max_dV=0.000e+00  True_errAng=1.826e-01, True_errV=9.004e-02
[sample 008] iter 01: max_mismatchPQ=4.364e+00, NN_max_dAng=1.309e-01, NN_max_dV=9.447e-02  True_errAng=1.173e-01, True_errV=6.833e-02
[sample 008] iter 02: max_mismatchPQ=1.571e+00, NN_max_dAng=3.580e-02, NN_max_dV=2.569e-02  True_errAng=8.834e-02, True_errV=5.003e-02
[sample 008] iter 03: max_mismatchPQ=8.992e-01, NN_max_dAng=1.910e-02, NN_max_dV=1.576e-02  True_errAng=6.924e-02, True_errV=3.769e-02
[sample 008] iter 04: max_mismatchPQ=5.472e-01, NN_max_dAng=1.390e-02, NN_max_dV=1.043e-02  True_errAng=5.534e-02, True_errV=2.908e-02
[sample 008] iter 05: max_mismatchPQ=4.010e-01, NN_max_dAng=1.025e-02, NN_max_dV=7.625e-03  True_errAng=4.509e-02, True_errV=2.288e-02
[sample 008] iter 06: max_mismatchPQ=3.200e-01, NN_max_dAng=7.502e-03, NN_max_dV=5.373e-03  True_errAng=3.942e-02, True_errV=1.828e-02
[sample 008] iter 07: max_mismatchPQ=2.513e-01, NN_max_dAng=5.757e-03, NN_max_dV=3.672e-03  True_errAng=3.695e-02, True_errV=1.477e-02
[sample 008] iter 08: max_mismatchPQ=2.026e-01, NN_max_dAng=4.703e-03, NN_max_dV=2.704e-03  True_errAng=3.480e-02, True_errV=1.207e-02
[sample 008] iter 09: max_mismatchPQ=1.716e-01, NN_max_dAng=3.901e-03, NN_max_dV=2.105e-03  True_errAng=3.294e-02, True_errV=9.965e-03
[sample 008] iter 10: max_mismatchPQ=1.484e-01, NN_max_dAng=3.239e-03, NN_max_dV=1.659e-03  True_errAng=3.133e-02, True_errV=8.305e-03
[sample 008] iter 11: max_mismatchPQ=1.287e-01, NN_max_dAng=2.692e-03, NN_max_dV=1.319e-03  True_errAng=2.992e-02, True_errV=7.136e-03
[sample 008] iter 12: max_mismatchPQ=1.118e-01, NN_max_dAng=2.323e-03, NN_max_dV=1.057e-03  True_errAng=2.912e-02, True_errV=6.492e-03
[sample 008] iter 13: max_mismatchPQ=9.861e-02, NN_max_dAng=2.039e-03, NN_max_dV=8.996e-04  True_errAng=2.864e-02, True_errV=5.940e-03
[sample 008] iter 14: max_mismatchPQ=8.751e-02, NN_max_dAng=1.804e-03, NN_max_dV=7.912e-04  True_errAng=2.819e-02, True_errV=5.469e-03
[sample 008] iter 15: max_mismatchPQ=7.809e-02, NN_max_dAng=1.606e-03, NN_max_dV=6.935e-04  True_errAng=2.776e-02, True_errV=5.051e-03
[sample 008] iter 16: max_mismatchPQ=7.002e-02, NN_max_dAng=1.439e-03, NN_max_dV=6.061e-04  True_errAng=2.736e-02, True_errV=4.676e-03
[sample 008] iter 17: max_mismatchPQ=6.308e-02, NN_max_dAng=1.297e-03, NN_max_dV=5.285e-04  True_errAng=2.699e-02, True_errV=4.336e-03
[sample 008] iter 18: max_mismatchPQ=5.706e-02, NN_max_dAng=1.174e-03, NN_max_dV=4.601e-04  True_errAng=2.664e-02, True_errV=4.029e-03
[sample 008] iter 19: max_mismatchPQ=5.181e-02, NN_max_dAng=1.068e-03, NN_max_dV=4.001e-04  True_errAng=2.631e-02, True_errV=3.750e-03
[sample 008] iter 20: max_mismatchPQ=4.721e-02, NN_max_dAng=9.758e-04, NN_max_dV=3.477e-04  True_errAng=2.600e-02, True_errV=3.492e-03
[sample 008] >>> stop_reason=max_blocks, used_iter=20, max_PQ_mismatch=4.721e-02
[1;32m===== Test Sample Heatmap Cell: X=(-2.00,-1.80), PQ=(-2.00,-1.80), x_signed=-1.827102, pq_signed=-1.975292, valid_label=1 =====[0m
---- Error Metrics (Best State) ----
Angel_MAX   : 2.599698e-02
Voltage_MAX : 3.492236e-03
P_MAX       : 4.720584e-02
Q_MAX       : 1.792716e-02
P_MAE       : 1.399609e-02
Q_MAE       : 4.269405e-03
P_MSE       : 3.145819e-04
Q_MSE       : 2.852324e-05
P_RMSE      : 1.773646e-02
Q_RMSE      : 5.340715e-03

[sample 009] iter 00: max_mismatchPQ=5.559e+01, NN_max_dAng=0.000e+00, NN_max_dV=0.000e+00  True_errAng=1.938e-01, True_errV=9.620e-02
[sample 009] iter 01: max_mismatchPQ=5.493e+00, NN_max_dAng=1.692e-01, NN_max_dV=9.050e-02  True_errAng=1.199e-01, True_errV=6.970e-02
[sample 009] iter 02: max_mismatchPQ=2.513e+00, NN_max_dAng=3.635e-02, NN_max_dV=2.677e-02  True_errAng=8.464e-02, True_errV=5.105e-02
[sample 009] iter 03: max_mismatchPQ=1.074e+00, NN_max_dAng=2.642e-02, NN_max_dV=1.790e-02  True_errAng=5.822e-02, True_errV=4.423e-02
[sample 009] iter 04: max_mismatchPQ=5.530e-01, NN_max_dAng=1.515e-02, NN_max_dV=1.214e-02  True_errAng=5.199e-02, True_errV=3.830e-02
[sample 009] iter 05: max_mismatchPQ=4.100e-01, NN_max_dAng=7.566e-03, NN_max_dV=7.329e-03  True_errAng=4.743e-02, True_errV=3.319e-02
[sample 009] iter 06: max_mismatchPQ=3.322e-01, NN_max_dAng=5.700e-03, NN_max_dV=4.434e-03  True_errAng=4.326e-02, True_errV=2.875e-02
[sample 009] iter 07: max_mismatchPQ=2.790e-01, NN_max_dAng=4.779e-03, NN_max_dV=3.879e-03  True_errAng=4.104e-02, True_errV=2.488e-02
[sample 009] iter 08: max_mismatchPQ=2.388e-01, NN_max_dAng=4.273e-03, NN_max_dV=3.408e-03  True_errAng=4.054e-02, True_errV=2.147e-02
[sample 009] iter 09: max_mismatchPQ=2.117e-01, NN_max_dAng=3.829e-03, NN_max_dV=3.001e-03  True_errAng=3.997e-02, True_errV=1.847e-02
[sample 009] iter 10: max_mismatchPQ=1.870e-01, NN_max_dAng=3.414e-03, NN_max_dV=2.642e-03  True_errAng=3.934e-02, True_errV=1.583e-02
[sample 009] iter 11: max_mismatchPQ=1.647e-01, NN_max_dAng=3.034e-03, NN_max_dV=2.323e-03  True_errAng=3.867e-02, True_errV=1.350e-02
[sample 009] iter 12: max_mismatchPQ=1.447e-01, NN_max_dAng=2.689e-03, NN_max_dV=2.039e-03  True_errAng=3.798e-02, True_errV=1.146e-02
[sample 009] iter 13: max_mismatchPQ=1.268e-01, NN_max_dAng=2.378e-03, NN_max_dV=1.785e-03  True_errAng=3.727e-02, True_errV=9.677e-03
[sample 009] iter 14: max_mismatchPQ=1.107e-01, NN_max_dAng=2.100e-03, NN_max_dV=1.559e-03  True_errAng=3.656e-02, True_errV=8.118e-03
[sample 009] iter 15: max_mismatchPQ=9.637e-02, NN_max_dAng=1.863e-03, NN_max_dV=1.366e-03  True_errAng=3.584e-02, True_errV=6.753e-03
[sample 009] iter 16: max_mismatchPQ=8.351e-02, NN_max_dAng=1.655e-03, NN_max_dV=1.196e-03  True_errAng=3.512e-02, True_errV=5.556e-03
[sample 009] iter 17: max_mismatchPQ=7.496e-02, NN_max_dAng=1.471e-03, NN_max_dV=1.046e-03  True_errAng=3.441e-02, True_errV=4.510e-03
[sample 009] iter 18: max_mismatchPQ=6.808e-02, NN_max_dAng=1.350e-03, NN_max_dV=9.154e-04  True_errAng=3.370e-02, True_errV=3.595e-03
[sample 009] iter 19: max_mismatchPQ=6.197e-02, NN_max_dAng=1.237e-03, NN_max_dV=7.994e-04  True_errAng=3.300e-02, True_errV=3.304e-03
[sample 009] iter 20: max_mismatchPQ=5.654e-02, NN_max_dAng=1.133e-03, NN_max_dV=6.968e-04  True_errAng=3.231e-02, True_errV=3.268e-03
[sample 009] >>> stop_reason=max_blocks, used_iter=20, max_PQ_mismatch=5.654e-02
[1;32m===== Test Sample Heatmap Cell: X=(-2.00,-1.80), PQ=(-2.00,-1.80), x_signed=-1.938814, pq_signed=-1.887146, valid_label=1 =====[0m
---- Error Metrics (Best State) ----
Angel_MAX   : 3.230846e-02
Voltage_MAX : 3.268003e-03
P_MAX       : 5.653657e-02
Q_MAX       : 1.004875e-02
P_MAE       : 1.673022e-02
Q_MAE       : 3.762195e-03
P_MSE       : 4.536667e-04
Q_MSE       : 1.946663e-05
P_RMSE      : 2.129945e-02
Q_RMSE      : 4.412101e-03

[sample 010] iter 00: max_mismatchPQ=2.465e+01, NN_max_dAng=0.000e+00, NN_max_dV=0.000e+00  True_errAng=1.899e-01, True_errV=9.397e-02
[sample 010] iter 01: max_mismatchPQ=2.650e+00, NN_max_dAng=1.120e-01, NN_max_dV=7.385e-02  True_errAng=9.125e-02, True_errV=7.874e-02
[sample 010] iter 02: max_mismatchPQ=1.093e+00, NN_max_dAng=2.328e-02, NN_max_dV=2.565e-02  True_errAng=8.733e-02, True_errV=6.883e-02
[sample 010] iter 03: max_mismatchPQ=7.416e-01, NN_max_dAng=1.753e-02, NN_max_dV=1.372e-02  True_errAng=7.979e-02, True_errV=6.102e-02
[sample 010] iter 04: max_mismatchPQ=5.439e-01, NN_max_dAng=1.215e-02, NN_max_dV=8.748e-03  True_errAng=7.243e-02, True_errV=5.406e-02
[sample 010] iter 05: max_mismatchPQ=4.129e-01, NN_max_dAng=8.231e-03, NN_max_dV=6.254e-03  True_errAng=6.601e-02, True_errV=4.781e-02
[sample 010] iter 06: max_mismatchPQ=3.154e-01, NN_max_dAng=6.378e-03, NN_max_dV=5.622e-03  True_errAng=6.025e-02, True_errV=4.219e-02
[sample 010] iter 07: max_mismatchPQ=2.429e-01, NN_max_dAng=5.191e-03, NN_max_dV=5.037e-03  True_errAng=5.506e-02, True_errV=3.715e-02
[sample 010] iter 08: max_mismatchPQ=1.975e-01, NN_max_dAng=4.688e-03, NN_max_dV=4.496e-03  True_errAng=5.038e-02, True_errV=3.265e-02
[sample 010] iter 09: max_mismatchPQ=1.775e-01, NN_max_dAng=4.232e-03, NN_max_dV=4.002e-03  True_errAng=4.614e-02, True_errV=2.865e-02
[sample 010] iter 10: max_mismatchPQ=1.597e-01, NN_max_dAng=3.824e-03, NN_max_dV=3.554e-03  True_errAng=4.232e-02, True_errV=2.510e-02
[sample 010] iter 11: max_mismatchPQ=1.438e-01, NN_max_dAng=3.460e-03, NN_max_dV=3.149e-03  True_errAng=3.886e-02, True_errV=2.195e-02
[sample 010] iter 12: max_mismatchPQ=1.296e-01, NN_max_dAng=3.138e-03, NN_max_dV=2.785e-03  True_errAng=3.572e-02, True_errV=1.916e-02
[sample 010] iter 13: max_mismatchPQ=1.171e-01, NN_max_dAng=2.852e-03, NN_max_dV=2.460e-03  True_errAng=3.299e-02, True_errV=1.670e-02
[sample 010] iter 14: max_mismatchPQ=1.059e-01, NN_max_dAng=2.598e-03, NN_max_dV=2.169e-03  True_errAng=3.141e-02, True_errV=1.454e-02
[sample 010] iter 15: max_mismatchPQ=9.585e-02, NN_max_dAng=2.373e-03, NN_max_dV=1.909e-03  True_errAng=2.999e-02, True_errV=1.263e-02
[sample 010] iter 16: max_mismatchPQ=8.701e-02, NN_max_dAng=2.173e-03, NN_max_dV=1.679e-03  True_errAng=2.871e-02, True_errV=1.095e-02
[sample 010] iter 17: max_mismatchPQ=7.999e-02, NN_max_dAng=1.994e-03, NN_max_dV=1.475e-03  True_errAng=2.756e-02, True_errV=9.472e-03
[sample 010] iter 18: max_mismatchPQ=7.374e-02, NN_max_dAng=1.834e-03, NN_max_dV=1.294e-03  True_errAng=2.651e-02, True_errV=8.179e-03
[sample 010] iter 19: max_mismatchPQ=6.818e-02, NN_max_dAng=1.691e-03, NN_max_dV=1.134e-03  True_errAng=2.557e-02, True_errV=7.045e-03
[sample 010] iter 20: max_mismatchPQ=6.322e-02, NN_max_dAng=1.562e-03, NN_max_dV=9.923e-04  True_errAng=2.471e-02, True_errV=6.053e-03
[sample 010] >>> stop_reason=max_blocks, used_iter=20, max_PQ_mismatch=6.322e-02
[1;32m===== Test Sample Heatmap Cell: X=(-2.00,-1.80), PQ=(-2.00,-1.80), x_signed=-1.900265, pq_signed=-1.917149, valid_label=1 =====[0m
---- Error Metrics (Best State) ----
Angel_MAX   : 2.471316e-02
Voltage_MAX : 6.052792e-03
P_MAX       : 6.322457e-02
Q_MAX       : 3.984106e-02
P_MAE       : 1.507740e-02
Q_MAE       : 4.754864e-03
P_MSE       : 3.905781e-04
Q_MSE       : 6.123009e-05
P_RMSE      : 1.976305e-02
Q_RMSE      : 7.824966e-03

[sample 011] iter 00: max_mismatchPQ=5.490e+01, NN_max_dAng=0.000e+00, NN_max_dV=0.000e+00  True_errAng=1.828e-01, True_errV=9.007e-02
[sample 011] iter 01: max_mismatchPQ=4.060e+00, NN_max_dAng=1.519e-01, NN_max_dV=8.228e-02  True_errAng=1.008e-01, True_errV=5.801e-02
[sample 011] iter 02: max_mismatchPQ=2.339e+00, NN_max_dAng=3.949e-02, NN_max_dV=2.327e-02  True_errAng=6.834e-02, True_errV=4.254e-02
[sample 011] iter 03: max_mismatchPQ=1.085e+00, NN_max_dAng=2.137e-02, NN_max_dV=1.245e-02  True_errAng=6.132e-02, True_errV=3.502e-02
[sample 011] iter 04: max_mismatchPQ=6.156e-01, NN_max_dAng=1.442e-02, NN_max_dV=9.654e-03  True_errAng=5.621e-02, True_errV=2.891e-02
[sample 011] iter 05: max_mismatchPQ=4.880e-01, NN_max_dAng=9.253e-03, NN_max_dV=6.044e-03  True_errAng=5.170e-02, True_errV=2.535e-02
[sample 011] iter 06: max_mismatchPQ=4.059e-01, NN_max_dAng=6.547e-03, NN_max_dV=3.956e-03  True_errAng=4.764e-02, True_errV=2.337e-02
[sample 011] iter 07: max_mismatchPQ=3.370e-01, NN_max_dAng=5.429e-03, NN_max_dV=3.257e-03  True_errAng=4.394e-02, True_errV=2.138e-02
[sample 011] iter 08: max_mismatchPQ=2.793e-01, NN_max_dAng=4.535e-03, NN_max_dV=2.697e-03  True_errAng=4.053e-02, True_errV=1.944e-02
[sample 011] iter 09: max_mismatchPQ=2.314e-01, NN_max_dAng=3.798e-03, NN_max_dV=2.392e-03  True_errAng=3.738e-02, True_errV=1.756e-02
[sample 011] iter 10: max_mismatchPQ=1.923e-01, NN_max_dAng=3.362e-03, NN_max_dV=2.098e-03  True_errAng=3.446e-02, True_errV=1.578e-02
[sample 011] iter 11: max_mismatchPQ=1.622e-01, NN_max_dAng=2.989e-03, NN_max_dV=1.829e-03  True_errAng=3.177e-02, True_errV=1.410e-02
[sample 011] iter 12: max_mismatchPQ=1.424e-01, NN_max_dAng=2.655e-03, NN_max_dV=1.588e-03  True_errAng=2.928e-02, True_errV=1.254e-02
[sample 011] iter 13: max_mismatchPQ=1.248e-01, NN_max_dAng=2.359e-03, NN_max_dV=1.437e-03  True_errAng=2.699e-02, True_errV=1.111e-02
[sample 011] iter 14: max_mismatchPQ=1.091e-01, NN_max_dAng=2.106e-03, NN_max_dV=1.316e-03  True_errAng=2.489e-02, True_errV=9.791e-03
[sample 011] iter 15: max_mismatchPQ=9.628e-02, NN_max_dAng=1.933e-03, NN_max_dV=1.198e-03  True_errAng=2.353e-02, True_errV=8.593e-03
[sample 011] iter 16: max_mismatchPQ=8.680e-02, NN_max_dAng=1.771e-03, NN_max_dV=1.085e-03  True_errAng=2.277e-02, True_errV=7.508e-03
[sample 011] iter 17: max_mismatchPQ=7.817e-02, NN_max_dAng=1.620e-03, NN_max_dV=9.776e-04  True_errAng=2.205e-02, True_errV=6.531e-03
[sample 011] iter 18: max_mismatchPQ=7.036e-02, NN_max_dAng=1.480e-03, NN_max_dV=8.773e-04  True_errAng=2.137e-02, True_errV=5.654e-03
[sample 011] iter 19: max_mismatchPQ=6.329e-02, NN_max_dAng=1.350e-03, NN_max_dV=7.843e-04  True_errAng=2.072e-02, True_errV=4.869e-03
[sample 011] iter 20: max_mismatchPQ=5.690e-02, NN_max_dAng=1.231e-03, NN_max_dV=6.986e-04  True_errAng=2.010e-02, True_errV=4.171e-03
[sample 011] >>> stop_reason=max_blocks, used_iter=20, max_PQ_mismatch=5.690e-02
[1;32m===== Test Sample Heatmap Cell: X=(-2.00,-1.80), PQ=(-1.80,-1.60), x_signed=-1.828590, pq_signed=-1.611046, valid_label=1 =====[0m
---- Error Metrics (Best State) ----
Angel_MAX   : 2.009779e-02
Voltage_MAX : 4.170716e-03
P_MAX       : 5.689508e-02
Q_MAX       : 3.006916e-02
P_MAE       : 1.440992e-02
Q_MAE       : 4.234129e-03
P_MSE       : 3.553209e-04
Q_MSE       : 3.844137e-05
P_RMSE      : 1.884996e-02
Q_RMSE      : 6.200110e-03

[sample 012] iter 00: max_mismatchPQ=3.925e+01, NN_max_dAng=0.000e+00, NN_max_dV=0.000e+00  True_errAng=1.953e-01, True_errV=9.449e-02
[sample 012] iter 01: max_mismatchPQ=4.449e+00, NN_max_dAng=9.877e-02, NN_max_dV=1.018e-01  True_errAng=1.465e-01, True_errV=8.285e-02
[sample 012] iter 02: max_mismatchPQ=2.152e+00, NN_max_dAng=2.809e-02, NN_max_dV=3.361e-02  True_errAng=1.184e-01, True_errV=6.149e-02
[sample 012] iter 03: max_mismatchPQ=1.337e+00, NN_max_dAng=2.048e-02, NN_max_dV=2.108e-02  True_errAng=9.788e-02, True_errV=4.501e-02
[sample 012] iter 04: max_mismatchPQ=8.625e-01, NN_max_dAng=1.639e-02, NN_max_dV=1.528e-02  True_errAng=8.149e-02, True_errV=3.186e-02
[sample 012] iter 05: max_mismatchPQ=5.811e-01, NN_max_dAng=1.362e-02, NN_max_dV=9.965e-03  True_errAng=6.788e-02, True_errV=2.626e-02
[sample 012] iter 06: max_mismatchPQ=4.340e-01, NN_max_dAng=1.082e-02, NN_max_dV=7.253e-03  True_errAng=5.706e-02, True_errV=2.272e-02
[sample 012] iter 07: max_mismatchPQ=3.457e-01, NN_max_dAng=8.151e-03, NN_max_dV=5.067e-03  True_errAng=5.414e-02, True_errV=1.974e-02
[sample 012] iter 08: max_mismatchPQ=2.743e-01, NN_max_dAng=6.321e-03, NN_max_dV=3.470e-03  True_errAng=5.287e-02, True_errV=1.722e-02
[sample 012] iter 09: max_mismatchPQ=2.225e-01, NN_max_dAng=5.055e-03, NN_max_dV=2.559e-03  True_errAng=5.163e-02, True_errV=1.508e-02
[sample 012] iter 10: max_mismatchPQ=1.880e-01, NN_max_dAng=4.138e-03, NN_max_dV=2.009e-03  True_errAng=5.043e-02, True_errV=1.326e-02
[sample 012] iter 11: max_mismatchPQ=1.610e-01, NN_max_dAng=3.465e-03, NN_max_dV=1.562e-03  True_errAng=4.927e-02, True_errV=1.171e-02
[sample 012] iter 12: max_mismatchPQ=1.391e-01, NN_max_dAng=2.949e-03, NN_max_dV=1.347e-03  True_errAng=4.814e-02, True_errV=1.039e-02
[sample 012] iter 13: max_mismatchPQ=1.208e-01, NN_max_dAng=2.540e-03, NN_max_dV=1.196e-03  True_errAng=4.705e-02, True_errV=9.268e-03
[sample 012] iter 14: max_mismatchPQ=1.055e-01, NN_max_dAng=2.207e-03, NN_max_dV=1.055e-03  True_errAng=4.600e-02, True_errV=8.305e-03
[sample 012] iter 15: max_mismatchPQ=9.432e-02, NN_max_dAng=1.930e-03, NN_max_dV=9.270e-04  True_errAng=4.498e-02, True_errV=7.483e-03
[sample 012] iter 16: max_mismatchPQ=8.580e-02, NN_max_dAng=1.698e-03, NN_max_dV=8.113e-04  True_errAng=4.400e-02, True_errV=6.779e-03
[sample 012] iter 17: max_mismatchPQ=7.806e-02, NN_max_dAng=1.503e-03, NN_max_dV=7.077e-04  True_errAng=4.305e-02, True_errV=6.177e-03
[sample 012] iter 18: max_mismatchPQ=7.102e-02, NN_max_dAng=1.339e-03, NN_max_dV=6.155e-04  True_errAng=4.213e-02, True_errV=5.660e-03
[sample 012] iter 19: max_mismatchPQ=6.463e-02, NN_max_dAng=1.199e-03, NN_max_dV=5.339e-04  True_errAng=4.124e-02, True_errV=5.217e-03
[sample 012] iter 20: max_mismatchPQ=5.882e-02, NN_max_dAng=1.093e-03, NN_max_dV=4.619e-04  True_errAng=4.038e-02, True_errV=4.837e-03
[sample 012] >>> stop_reason=max_blocks, used_iter=20, max_PQ_mismatch=5.882e-02
[1;32m===== Test Sample Heatmap Cell: X=(-2.00,-1.80), PQ=(-1.80,-1.60), x_signed=-1.954072, pq_signed=-1.794095, valid_label=1 =====[0m
---- Error Metrics (Best State) ----
Angel_MAX   : 4.037893e-02
Voltage_MAX : 4.836857e-03
P_MAX       : 5.882025e-02
Q_MAX       : 1.940580e-02
P_MAE       : 1.617844e-02
Q_MAE       : 4.116619e-03
P_MSE       : 4.218107e-04
Q_MSE       : 3.245461e-05
P_RMSE      : 2.053803e-02
Q_RMSE      : 5.696895e-03

[sample 013] iter 00: max_mismatchPQ=2.564e+01, NN_max_dAng=0.000e+00, NN_max_dV=0.000e+00  True_errAng=1.976e-01, True_errV=9.359e-02
[sample 013] iter 01: max_mismatchPQ=4.629e+00, NN_max_dAng=8.085e-02, NN_max_dV=1.118e-01  True_errAng=1.674e-01, True_errV=7.659e-02
[sample 013] iter 02: max_mismatchPQ=1.349e+00, NN_max_dAng=2.751e-02, NN_max_dV=2.833e-02  True_errAng=1.453e-01, True_errV=5.622e-02
[sample 013] iter 03: max_mismatchPQ=1.124e+00, NN_max_dAng=1.771e-02, NN_max_dV=1.753e-02  True_errAng=1.276e-01, True_errV=3.869e-02
[sample 013] iter 04: max_mismatchPQ=9.428e-01, NN_max_dAng=1.633e-02, NN_max_dV=1.301e-02  True_errAng=1.112e-01, True_errV=2.567e-02
[sample 013] iter 05: max_mismatchPQ=7.987e-01, NN_max_dAng=1.389e-02, NN_max_dV=8.340e-03  True_errAng=9.734e-02, True_errV=1.764e-02
[sample 013] iter 06: max_mismatchPQ=6.822e-01, NN_max_dAng=1.137e-02, NN_max_dV=4.955e-03  True_errAng=8.597e-02, True_errV=1.349e-02
[sample 013] iter 07: max_mismatchPQ=5.854e-01, NN_max_dAng=9.489e-03, NN_max_dV=3.165e-03  True_errAng=7.648e-02, True_errV=1.036e-02
[sample 013] iter 08: max_mismatchPQ=5.036e-01, NN_max_dAng=8.127e-03, NN_max_dV=2.333e-03  True_errAng=6.835e-02, True_errV=8.026e-03
[sample 013] iter 09: max_mismatchPQ=4.343e-01, NN_max_dAng=7.055e-03, NN_max_dV=1.737e-03  True_errAng=6.130e-02, True_errV=6.289e-03
[sample 013] iter 10: max_mismatchPQ=3.756e-01, NN_max_dAng=6.137e-03, NN_max_dV=1.300e-03  True_errAng=5.516e-02, True_errV=4.989e-03
[sample 013] iter 11: max_mismatchPQ=3.261e-01, NN_max_dAng=5.352e-03, NN_max_dV=9.859e-04  True_errAng=4.981e-02, True_errV=4.003e-03
[sample 013] iter 12: max_mismatchPQ=2.839e-01, NN_max_dAng=4.688e-03, NN_max_dV=7.631e-04  True_errAng=4.512e-02, True_errV=3.339e-03
[sample 013] iter 13: max_mismatchPQ=2.477e-01, NN_max_dAng=4.123e-03, NN_max_dV=6.010e-04  True_errAng=4.100e-02, True_errV=2.816e-03
[sample 013] iter 14: max_mismatchPQ=2.166e-01, NN_max_dAng=3.637e-03, NN_max_dV=4.793e-04  True_errAng=3.736e-02, True_errV=2.528e-03
[sample 013] iter 15: max_mismatchPQ=1.898e-01, NN_max_dAng=3.215e-03, NN_max_dV=3.831e-04  True_errAng=3.436e-02, True_errV=2.535e-03
[sample 013] iter 16: max_mismatchPQ=1.668e-01, NN_max_dAng=2.848e-03, NN_max_dV=3.090e-04  True_errAng=3.349e-02, True_errV=2.541e-03
[sample 013] iter 17: max_mismatchPQ=1.470e-01, NN_max_dAng=2.529e-03, NN_max_dV=2.511e-04  True_errAng=3.266e-02, True_errV=2.540e-03
[sample 013] iter 18: max_mismatchPQ=1.299e-01, NN_max_dAng=2.253e-03, NN_max_dV=2.051e-04  True_errAng=3.188e-02, True_errV=2.530e-03
[sample 013] iter 19: max_mismatchPQ=1.152e-01, NN_max_dAng=2.013e-03, NN_max_dV=1.683e-04  True_errAng=3.112e-02, True_errV=2.512e-03
[sample 013] iter 20: max_mismatchPQ=1.025e-01, NN_max_dAng=1.804e-03, NN_max_dV=1.395e-04  True_errAng=3.041e-02, True_errV=2.484e-03
[sample 013] >>> stop_reason=max_blocks, used_iter=20, max_PQ_mismatch=1.025e-01
[1;32m===== Test Sample Heatmap Cell: X=(-2.00,-1.80), PQ=(-1.80,-1.60), x_signed=-1.976682, pq_signed=-1.665535, valid_label=1 =====[0m
---- Error Metrics (Best State) ----
Angel_MAX   : 3.040706e-02
Voltage_MAX : 2.484083e-03
P_MAX       : 1.024752e-01
Q_MAX       : 1.629087e-02
P_MAE       : 1.589958e-02
Q_MAE       : 4.403023e-03
P_MSE       : 4.526344e-04
Q_MSE       : 3.133863e-05
P_RMSE      : 2.127521e-02
Q_RMSE      : 5.598092e-03

[sample 014] iter 00: max_mismatchPQ=3.387e+01, NN_max_dAng=0.000e+00, NN_max_dV=0.000e+00  True_errAng=1.921e-01, True_errV=9.497e-02
[sample 014] iter 01: max_mismatchPQ=2.834e+00, NN_max_dAng=1.012e-01, NN_max_dV=8.718e-02  True_errAng=9.368e-02, True_errV=7.223e-02
[sample 014] iter 02: max_mismatchPQ=1.106e+00, NN_max_dAng=3.144e-02, NN_max_dV=3.028e-02  True_errAng=6.976e-02, True_errV=5.654e-02
[sample 014] iter 03: max_mismatchPQ=6.490e-01, NN_max_dAng=1.597e-02, NN_max_dV=1.736e-02  True_errAng=6.437e-02, True_errV=5.035e-02
[sample 014] iter 04: max_mismatchPQ=4.877e-01, NN_max_dAng=9.669e-03, NN_max_dV=1.119e-02  True_errAng=5.941e-02, True_errV=4.475e-02
[sample 014] iter 05: max_mismatchPQ=3.904e-01, NN_max_dAng=7.207e-03, NN_max_dV=6.950e-03  True_errAng=5.507e-02, True_errV=3.920e-02
[sample 014] iter 06: max_mismatchPQ=3.152e-01, NN_max_dAng=6.008e-03, NN_max_dV=5.393e-03  True_errAng=5.131e-02, True_errV=3.401e-02
[sample 014] iter 07: max_mismatchPQ=2.709e-01, NN_max_dAng=4.952e-03, NN_max_dV=4.702e-03  True_errAng=4.871e-02, True_errV=2.930e-02
[sample 014] iter 08: max_mismatchPQ=2.486e-01, NN_max_dAng=4.055e-03, NN_max_dV=4.168e-03  True_errAng=4.740e-02, True_errV=2.514e-02
[sample 014] iter 09: max_mismatchPQ=2.278e-01, NN_max_dAng=3.611e-03, NN_max_dV=3.631e-03  True_errAng=4.611e-02, True_errV=2.151e-02
[sample 014] iter 10: max_mismatchPQ=2.084e-01, NN_max_dAng=3.288e-03, NN_max_dV=3.129e-03  True_errAng=4.485e-02, True_errV=1.838e-02
[sample 014] iter 11: max_mismatchPQ=1.904e-01, NN_max_dAng=2.987e-03, NN_max_dV=2.672e-03  True_errAng=4.360e-02, True_errV=1.570e-02
[sample 014] iter 12: max_mismatchPQ=1.738e-01, NN_max_dAng=2.707e-03, NN_max_dV=2.259e-03  True_errAng=4.239e-02, True_errV=1.356e-02
[sample 014] iter 13: max_mismatchPQ=1.585e-01, NN_max_dAng=2.445e-03, NN_max_dV=1.899e-03  True_errAng=4.121e-02, True_errV=1.232e-02
[sample 014] iter 14: max_mismatchPQ=1.444e-01, NN_max_dAng=2.202e-03, NN_max_dV=1.594e-03  True_errAng=4.007e-02, True_errV=1.114e-02
[sample 014] iter 15: max_mismatchPQ=1.315e-01, NN_max_dAng=1.978e-03, NN_max_dV=1.341e-03  True_errAng=3.896e-02, True_errV=1.005e-02
[sample 014] iter 16: max_mismatchPQ=1.197e-01, NN_max_dAng=1.772e-03, NN_max_dV=1.132e-03  True_errAng=3.788e-02, True_errV=9.041e-03
[sample 014] iter 17: max_mismatchPQ=1.089e-01, NN_max_dAng=1.583e-03, NN_max_dV=9.582e-04  True_errAng=3.684e-02, True_errV=8.121e-03
[sample 014] iter 18: max_mismatchPQ=9.912e-02, NN_max_dAng=1.410e-03, NN_max_dV=8.332e-04  True_errAng=3.584e-02, True_errV=7.288e-03
[sample 014] iter 19: max_mismatchPQ=9.019e-02, NN_max_dAng=1.253e-03, NN_max_dV=7.514e-04  True_errAng=3.487e-02, True_errV=6.537e-03
[sample 014] iter 20: max_mismatchPQ=8.208e-02, NN_max_dAng=1.109e-03, NN_max_dV=6.749e-04  True_errAng=3.393e-02, True_errV=5.862e-03
[sample 014] >>> stop_reason=max_blocks, used_iter=20, max_PQ_mismatch=8.208e-02
[1;32m===== Test Sample Heatmap Cell: X=(-2.00,-1.80), PQ=(-1.80,-1.60), x_signed=-1.921419, pq_signed=-1.629775, valid_label=1 =====[0m
---- Error Metrics (Best State) ----
Angel_MAX   : 3.392935e-02
Voltage_MAX : 5.861938e-03
P_MAX       : 8.207718e-02
Q_MAX       : 2.561669e-02
P_MAE       : 1.354184e-02
Q_MAE       : 4.421795e-03
P_MSE       : 3.460131e-04
Q_MSE       : 3.574245e-05
P_RMSE      : 1.860143e-02
Q_RMSE      : 5.978499e-03

[sample 015] iter 00: max_mismatchPQ=2.451e+01, NN_max_dAng=0.000e+00, NN_max_dV=0.000e+00  True_errAng=9.306e-02, True_errV=1.856e-01
[sample 015] iter 01: max_mismatchPQ=2.895e+00, NN_max_dAng=9.546e-02, NN_max_dV=9.856e-02  True_errAng=7.826e-02, True_errV=1.374e-01
[sample 015] iter 02: max_mismatchPQ=1.949e+00, NN_max_dAng=2.592e-02, NN_max_dV=3.952e-02  True_errAng=7.010e-02, True_errV=9.792e-02
[sample 015] iter 03: max_mismatchPQ=1.382e+00, NN_max_dAng=1.662e-02, NN_max_dV=3.163e-02  True_errAng=6.207e-02, True_errV=6.630e-02
[sample 015] iter 04: max_mismatchPQ=9.250e-01, NN_max_dAng=1.139e-02, NN_max_dV=2.415e-02  True_errAng=5.831e-02, True_errV=4.215e-02
[sample 015] iter 05: max_mismatchPQ=5.839e-01, NN_max_dAng=7.634e-03, NN_max_dV=1.722e-02  True_errAng=5.534e-02, True_errV=2.563e-02
[sample 015] iter 06: max_mismatchPQ=3.564e-01, NN_max_dAng=5.581e-03, NN_max_dV=1.130e-02  True_errAng=5.253e-02, True_errV=2.113e-02
[sample 015] iter 07: max_mismatchPQ=3.021e-01, NN_max_dAng=4.697e-03, NN_max_dV=6.721e-03  True_errAng=4.985e-02, True_errV=1.747e-02
[sample 015] iter 08: max_mismatchPQ=2.549e-01, NN_max_dAng=3.965e-03, NN_max_dV=3.579e-03  True_errAng=4.730e-02, True_errV=1.449e-02
[sample 015] iter 09: max_mismatchPQ=2.144e-01, NN_max_dAng=3.328e-03, NN_max_dV=2.421e-03  True_errAng=4.555e-02, True_errV=1.207e-02
[sample 015] iter 10: max_mismatchPQ=1.868e-01, NN_max_dAng=2.908e-03, NN_max_dV=1.961e-03  True_errAng=4.465e-02, True_errV=1.011e-02
[sample 015] iter 11: max_mismatchPQ=1.649e-01, NN_max_dAng=2.558e-03, NN_max_dV=1.585e-03  True_errAng=4.380e-02, True_errV=8.521e-03
[sample 015] iter 12: max_mismatchPQ=1.460e-01, NN_max_dAng=2.258e-03, NN_max_dV=1.278e-03  True_errAng=4.300e-02, True_errV=7.243e-03
[sample 015] iter 13: max_mismatchPQ=1.298e-01, NN_max_dAng=2.027e-03, NN_max_dV=1.028e-03  True_errAng=4.224e-02, True_errV=6.214e-03
[sample 015] iter 14: max_mismatchPQ=1.202e-01, NN_max_dAng=1.925e-03, NN_max_dV=8.810e-04  True_errAng=4.151e-02, True_errV=5.389e-03
[sample 015] iter 15: max_mismatchPQ=1.144e-01, NN_max_dAng=1.825e-03, NN_max_dV=7.634e-04  True_errAng=4.080e-02, True_errV=4.730e-03
[sample 015] iter 16: max_mismatchPQ=1.087e-01, NN_max_dAng=1.729e-03, NN_max_dV=6.577e-04  True_errAng=4.012e-02, True_errV=4.206e-03
[sample 015] iter 17: max_mismatchPQ=1.033e-01, NN_max_dAng=1.636e-03, NN_max_dV=5.635e-04  True_errAng=3.946e-02, True_errV=3.791e-03
[sample 015] iter 18: max_mismatchPQ=9.804e-02, NN_max_dAng=1.547e-03, NN_max_dV=4.803e-04  True_errAng=3.882e-02, True_errV=3.465e-03
[sample 015] iter 19: max_mismatchPQ=9.304e-02, NN_max_dAng=1.462e-03, NN_max_dV=4.071e-04  True_errAng=3.819e-02, True_errV=3.210e-03
[sample 015] iter 20: max_mismatchPQ=8.827e-02, NN_max_dAng=1.381e-03, NN_max_dV=3.430e-04  True_errAng=3.758e-02, True_errV=3.012e-03
[sample 015] >>> stop_reason=max_blocks, used_iter=20, max_PQ_mismatch=8.827e-02
[1;32m===== Test Sample Heatmap Cell: X=(-2.00,-1.80), PQ=(-1.80,-1.60), x_signed=-1.867541, pq_signed=-1.600936, valid_label=1 =====[0m
---- Error Metrics (Best State) ----
Angel_MAX   : 3.758311e-02
Voltage_MAX : 3.012240e-03
P_MAX       : 8.827406e-02
Q_MAX       : 2.651264e-02
P_MAE       : 1.642546e-02
Q_MAE       : 4.239417e-03
P_MSE       : 5.377408e-04
Q_MSE       : 3.645512e-05
P_RMSE      : 2.318924e-02
Q_RMSE      : 6.037808e-03

[sample 016] iter 00: max_mismatchPQ=3.002e+01, NN_max_dAng=0.000e+00, NN_max_dV=0.000e+00  True_errAng=1.866e-01, True_errV=9.042e-02
[sample 016] iter 01: max_mismatchPQ=2.915e+00, NN_max_dAng=1.386e-01, NN_max_dV=9.007e-02  True_errAng=7.968e-02, True_errV=7.675e-02
[sample 016] iter 02: max_mismatchPQ=1.756e+00, NN_max_dAng=3.033e-02, NN_max_dV=2.344e-02  True_errAng=6.255e-02, True_errV=6.777e-02
[sample 016] iter 03: max_mismatchPQ=8.611e-01, NN_max_dAng=2.225e-02, NN_max_dV=1.496e-02  True_errAng=5.814e-02, True_errV=5.910e-02
[sample 016] iter 04: max_mismatchPQ=5.054e-01, NN_max_dAng=1.204e-02, NN_max_dV=9.009e-03  True_errAng=5.411e-02, True_errV=5.091e-02
[sample 016] iter 05: max_mismatchPQ=4.185e-01, NN_max_dAng=6.972e-03, NN_max_dV=7.572e-03  True_errAng=5.045e-02, True_errV=4.334e-02
[sample 016] iter 06: max_mismatchPQ=3.536e-01, NN_max_dAng=5.852e-03, NN_max_dV=6.830e-03  True_errAng=4.710e-02, True_errV=3.651e-02
[sample 016] iter 07: max_mismatchPQ=3.007e-01, NN_max_dAng=4.964e-03, NN_max_dV=6.018e-03  True_errAng=4.405e-02, True_errV=3.049e-02
[sample 016] iter 08: max_mismatchPQ=2.572e-01, NN_max_dAng=4.247e-03, NN_max_dV=5.197e-03  True_errAng=4.124e-02, True_errV=2.529e-02
[sample 016] iter 09: max_mismatchPQ=2.210e-01, NN_max_dAng=3.657e-03, NN_max_dV=4.427e-03  True_errAng=3.865e-02, True_errV=2.087e-02
[sample 016] iter 10: max_mismatchPQ=1.907e-01, NN_max_dAng=3.164e-03, NN_max_dV=3.742e-03  True_errAng=3.628e-02, True_errV=1.712e-02
[sample 016] iter 11: max_mismatchPQ=1.651e-01, NN_max_dAng=2.748e-03, NN_max_dV=3.149e-03  True_errAng=3.411e-02, True_errV=1.398e-02
[sample 016] iter 12: max_mismatchPQ=1.435e-01, NN_max_dAng=2.396e-03, NN_max_dV=2.641e-03  True_errAng=3.225e-02, True_errV=1.134e-02
[sample 016] iter 13: max_mismatchPQ=1.251e-01, NN_max_dAng=2.096e-03, NN_max_dV=2.209e-03  True_errAng=3.155e-02, True_errV=9.429e-03
[sample 016] iter 14: max_mismatchPQ=1.094e-01, NN_max_dAng=1.839e-03, NN_max_dV=1.843e-03  True_errAng=3.085e-02, True_errV=8.242e-03
[sample 016] iter 15: max_mismatchPQ=9.995e-02, NN_max_dAng=1.618e-03, NN_max_dV=1.535e-03  True_errAng=3.016e-02, True_errV=7.160e-03
[sample 016] iter 16: max_mismatchPQ=9.179e-02, NN_max_dAng=1.465e-03, NN_max_dV=1.276e-03  True_errAng=2.949e-02, True_errV=6.182e-03
[sample 016] iter 17: max_mismatchPQ=8.434e-02, NN_max_dAng=1.375e-03, NN_max_dV=1.058e-03  True_errAng=2.885e-02, True_errV=5.304e-03
[sample 016] iter 18: max_mismatchPQ=7.755e-02, NN_max_dAng=1.283e-03, NN_max_dV=8.749e-04  True_errAng=2.824e-02, True_errV=4.520e-03
[sample 016] iter 19: max_mismatchPQ=7.136e-02, NN_max_dAng=1.192e-03, NN_max_dV=7.220e-04  True_errAng=2.765e-02, True_errV=3.825e-03
[sample 016] iter 20: max_mismatchPQ=6.574e-02, NN_max_dAng=1.103e-03, NN_max_dV=6.136e-04  True_errAng=2.710e-02, True_errV=3.211e-03
[sample 016] >>> stop_reason=max_blocks, used_iter=20, max_PQ_mismatch=6.574e-02
[1;32m===== Test Sample Heatmap Cell: X=(-2.00,-1.80), PQ=(-1.80,-1.60), x_signed=-1.866745, pq_signed=-1.685294, valid_label=1 =====[0m
---- Error Metrics (Best State) ----
Angel_MAX   : 2.709703e-02
Voltage_MAX : 3.211319e-03
P_MAX       : 6.573708e-02
Q_MAX       : 3.300101e-02
P_MAE       : 1.517826e-02
Q_MAE       : 4.538063e-03
P_MSE       : 3.945289e-04
Q_MSE       : 4.553842e-05
P_RMSE      : 1.986275e-02
Q_RMSE      : 6.748216e-03

[sample 017] iter 00: max_mismatchPQ=2.699e+01, NN_max_dAng=0.000e+00, NN_max_dV=0.000e+00  True_errAng=1.815e-01, True_errV=9.023e-02
[sample 017] iter 01: max_mismatchPQ=3.869e+00, NN_max_dAng=1.096e-01, NN_max_dV=9.239e-02  True_errAng=1.436e-01, True_errV=6.884e-02
[sample 017] iter 02: max_mismatchPQ=1.540e+00, NN_max_dAng=3.035e-02, NN_max_dV=2.738e-02  True_errAng=1.133e-01, True_errV=5.777e-02
[sample 017] iter 03: max_mismatchPQ=1.169e+00, NN_max_dAng=2.382e-02, NN_max_dV=1.527e-02  True_errAng=8.947e-02, True_errV=5.143e-02
[sample 017] iter 04: max_mismatchPQ=8.853e-01, NN_max_dAng=1.814e-02, NN_max_dV=9.901e-03  True_errAng=7.133e-02, True_errV=4.562e-02
[sample 017] iter 05: max_mismatchPQ=6.730e-01, NN_max_dAng=1.366e-02, NN_max_dV=7.447e-03  True_errAng=5.796e-02, True_errV=4.036e-02
[sample 017] iter 06: max_mismatchPQ=5.122e-01, NN_max_dAng=1.041e-02, NN_max_dV=5.694e-03  True_errAng=5.409e-02, True_errV=3.560e-02
[sample 017] iter 07: max_mismatchPQ=3.908e-01, NN_max_dAng=7.908e-03, NN_max_dV=4.310e-03  True_errAng=5.082e-02, True_errV=3.131e-02
[sample 017] iter 08: max_mismatchPQ=2.983e-01, NN_max_dAng=6.047e-03, NN_max_dV=3.930e-03  True_errAng=4.883e-02, True_errV=2.745e-02
[sample 017] iter 09: max_mismatchPQ=2.272e-01, NN_max_dAng=4.665e-03, NN_max_dV=3.547e-03  True_errAng=4.673e-02, True_errV=2.399e-02
[sample 017] iter 10: max_mismatchPQ=1.725e-01, NN_max_dAng=3.614e-03, NN_max_dV=3.170e-03  True_errAng=4.463e-02, True_errV=2.090e-02
[sample 017] iter 11: max_mismatchPQ=1.377e-01, NN_max_dAng=2.805e-03, NN_max_dV=2.810e-03  True_errAng=4.261e-02, True_errV=1.815e-02
[sample 017] iter 12: max_mismatchPQ=1.234e-01, NN_max_dAng=2.256e-03, NN_max_dV=2.475e-03  True_errAng=4.067e-02, True_errV=1.570e-02
[sample 017] iter 13: max_mismatchPQ=1.104e-01, NN_max_dAng=1.971e-03, NN_max_dV=2.177e-03  True_errAng=3.883e-02, True_errV=1.352e-02
[sample 017] iter 14: max_mismatchPQ=9.865e-02, NN_max_dAng=1.785e-03, NN_max_dV=1.929e-03  True_errAng=3.711e-02, True_errV=1.159e-02
[sample 017] iter 15: max_mismatchPQ=8.796e-02, NN_max_dAng=1.645e-03, NN_max_dV=1.705e-03  True_errAng=3.548e-02, True_errV=9.884e-03
[sample 017] iter 16: max_mismatchPQ=8.197e-02, NN_max_dAng=1.522e-03, NN_max_dV=1.503e-03  True_errAng=3.396e-02, True_errV=8.381e-03
[sample 017] iter 17: max_mismatchPQ=7.790e-02, NN_max_dAng=1.425e-03, NN_max_dV=1.321e-03  True_errAng=3.254e-02, True_errV=7.416e-03
[sample 017] iter 18: max_mismatchPQ=7.401e-02, NN_max_dAng=1.333e-03, NN_max_dV=1.157e-03  True_errAng=3.120e-02, True_errV=6.883e-03
[sample 017] iter 19: max_mismatchPQ=7.031e-02, NN_max_dAng=1.246e-03, NN_max_dV=1.011e-03  True_errAng=2.996e-02, True_errV=6.399e-03
[sample 017] iter 20: max_mismatchPQ=6.681e-02, NN_max_dAng=1.164e-03, NN_max_dV=8.810e-04  True_errAng=2.879e-02, True_errV=5.961e-03
[sample 017] >>> stop_reason=max_blocks, used_iter=20, max_PQ_mismatch=6.681e-02
[1;32m===== Test Sample Heatmap Cell: X=(-2.00,-1.80), PQ=(-1.80,-1.60), x_signed=-1.816133, pq_signed=-1.642270, valid_label=1 =====[0m
---- Error Metrics (Best State) ----
Angel_MAX   : 2.879271e-02
Voltage_MAX : 5.960643e-03
P_MAX       : 6.681120e-02
Q_MAX       : 4.815973e-02
P_MAE       : 1.634577e-02
Q_MAE       : 4.888807e-03
P_MSE       : 4.639362e-04
Q_MSE       : 7.367471e-05
P_RMSE      : 2.153918e-02
Q_RMSE      : 8.583398e-03

[sample 018] iter 00: max_mismatchPQ=1.564e+01, NN_max_dAng=0.000e+00, NN_max_dV=0.000e+00  True_errAng=1.900e-01, True_errV=9.354e-02
[sample 018] iter 01: max_mismatchPQ=3.490e+00, NN_max_dAng=8.605e-02, NN_max_dV=8.685e-02  True_errAng=1.208e-01, True_errV=6.804e-02
[sample 018] iter 02: max_mismatchPQ=2.028e+00, NN_max_dAng=3.996e-02, NN_max_dV=2.981e-02  True_errAng=8.081e-02, True_errV=4.729e-02
[sample 018] iter 03: max_mismatchPQ=1.171e+00, NN_max_dAng=2.240e-02, NN_max_dV=1.759e-02  True_errAng=5.841e-02, True_errV=3.176e-02
[sample 018] iter 04: max_mismatchPQ=7.136e-01, NN_max_dAng=1.355e-02, NN_max_dV=1.024e-02  True_errAng=4.985e-02, True_errV=2.253e-02
[sample 018] iter 05: max_mismatchPQ=4.670e-01, NN_max_dAng=9.366e-03, NN_max_dV=6.581e-03  True_errAng=4.589e-02, True_errV=1.827e-02
[sample 018] iter 06: max_mismatchPQ=3.595e-01, NN_max_dAng=6.737e-03, NN_max_dV=4.325e-03  True_errAng=4.263e-02, True_errV=1.529e-02
[sample 018] iter 07: max_mismatchPQ=2.994e-01, NN_max_dAng=5.197e-03, NN_max_dV=2.888e-03  True_errAng=3.973e-02, True_errV=1.341e-02
[sample 018] iter 08: max_mismatchPQ=2.499e-01, NN_max_dAng=4.217e-03, NN_max_dV=2.098e-03  True_errAng=3.714e-02, True_errV=1.181e-02
[sample 018] iter 09: max_mismatchPQ=2.092e-01, NN_max_dAng=3.455e-03, NN_max_dV=1.754e-03  True_errAng=3.480e-02, True_errV=1.044e-02
[sample 018] iter 10: max_mismatchPQ=1.756e-01, NN_max_dAng=2.907e-03, NN_max_dV=1.452e-03  True_errAng=3.268e-02, True_errV=9.275e-03
[sample 018] iter 11: max_mismatchPQ=1.477e-01, NN_max_dAng=2.520e-03, NN_max_dV=1.179e-03  True_errAng=3.074e-02, True_errV=8.281e-03
[sample 018] iter 12: max_mismatchPQ=1.244e-01, NN_max_dAng=2.196e-03, NN_max_dV=9.522e-04  True_errAng=2.897e-02, True_errV=7.433e-03
[sample 018] iter 13: max_mismatchPQ=1.049e-01, NN_max_dAng=1.921e-03, NN_max_dV=7.781e-04  True_errAng=2.733e-02, True_errV=6.708e-03
[sample 018] iter 14: max_mismatchPQ=9.160e-02, NN_max_dAng=1.686e-03, NN_max_dV=6.479e-04  True_errAng=2.582e-02, True_errV=6.090e-03
[sample 018] iter 15: max_mismatchPQ=8.515e-02, NN_max_dAng=1.484e-03, NN_max_dV=5.392e-04  True_errAng=2.442e-02, True_errV=5.562e-03
[sample 018] iter 16: max_mismatchPQ=7.945e-02, NN_max_dAng=1.361e-03, NN_max_dV=4.517e-04  True_errAng=2.312e-02, True_errV=5.110e-03
[sample 018] iter 17: max_mismatchPQ=7.439e-02, NN_max_dAng=1.285e-03, NN_max_dV=3.862e-04  True_errAng=2.190e-02, True_errV=4.724e-03
[sample 018] iter 18: max_mismatchPQ=6.986e-02, NN_max_dAng=1.210e-03, NN_max_dV=3.304e-04  True_errAng=2.077e-02, True_errV=4.393e-03
[sample 018] iter 19: max_mismatchPQ=6.578e-02, NN_max_dAng=1.138e-03, NN_max_dV=2.828e-04  True_errAng=1.980e-02, True_errV=4.110e-03
[sample 018] iter 20: max_mismatchPQ=6.209e-02, NN_max_dAng=1.069e-03, NN_max_dV=2.421e-04  True_errAng=1.908e-02, True_errV=3.868e-03
[sample 018] >>> stop_reason=max_blocks, used_iter=20, max_PQ_mismatch=6.209e-02
[1;32m===== Test Sample Heatmap Cell: X=(-2.00,-1.80), PQ=(-1.80,-1.60), x_signed=-1.901087, pq_signed=-1.696582, valid_label=1 =====[0m
---- Error Metrics (Best State) ----
Angel_MAX   : 1.907665e-02
Voltage_MAX : 3.868401e-03
P_MAX       : 6.209384e-02
Q_MAX       : 1.796472e-02
P_MAE       : 1.317750e-02
Q_MAE       : 4.338939e-03
P_MSE       : 3.238331e-04
Q_MSE       : 3.186877e-05
P_RMSE      : 1.799536e-02
Q_RMSE      : 5.645243e-03

[sample 019] iter 00: max_mismatchPQ=3.687e+01, NN_max_dAng=0.000e+00, NN_max_dV=0.000e+00  True_errAng=1.917e-01, True_errV=9.216e-02
[sample 019] iter 01: max_mismatchPQ=3.432e+00, NN_max_dAng=9.679e-02, NN_max_dV=8.775e-02  True_errAng=9.493e-02, True_errV=7.145e-02
[sample 019] iter 02: max_mismatchPQ=1.391e+00, NN_max_dAng=4.432e-02, NN_max_dV=2.582e-02  True_errAng=7.431e-02, True_errV=5.535e-02
[sample 019] iter 03: max_mismatchPQ=8.680e-01, NN_max_dAng=1.823e-02, NN_max_dV=1.363e-02  True_errAng=6.979e-02, True_errV=4.586e-02
[sample 019] iter 04: max_mismatchPQ=6.194e-01, NN_max_dAng=1.114e-02, NN_max_dV=1.107e-02  True_errAng=6.482e-02, True_errV=3.881e-02
[sample 019] iter 05: max_mismatchPQ=4.463e-01, NN_max_dAng=8.206e-03, NN_max_dV=8.705e-03  True_errAng=5.996e-02, True_errV=3.362e-02
[sample 019] iter 06: max_mismatchPQ=3.358e-01, NN_max_dAng=5.982e-03, NN_max_dV=6.613e-03  True_errAng=5.541e-02, True_errV=2.920e-02
[sample 019] iter 07: max_mismatchPQ=2.936e-01, NN_max_dAng=5.261e-03, NN_max_dV=4.865e-03  True_errAng=5.123e-02, True_errV=2.539e-02
[sample 019] iter 08: max_mismatchPQ=2.569e-01, NN_max_dAng=4.622e-03, NN_max_dV=4.057e-03  True_errAng=4.735e-02, True_errV=2.216e-02
[sample 019] iter 09: max_mismatchPQ=2.263e-01, NN_max_dAng=4.063e-03, NN_max_dV=3.445e-03  True_errAng=4.375e-02, True_errV=1.941e-02
[sample 019] iter 10: max_mismatchPQ=2.083e-01, NN_max_dAng=3.575e-03, NN_max_dV=2.918e-03  True_errAng=4.043e-02, True_errV=1.704e-02
[sample 019] iter 11: max_mismatchPQ=1.913e-01, NN_max_dAng=3.148e-03, NN_max_dV=2.459e-03  True_errAng=3.738e-02, True_errV=1.500e-02
[sample 019] iter 12: max_mismatchPQ=1.754e-01, NN_max_dAng=2.781e-03, NN_max_dV=2.058e-03  True_errAng=3.460e-02, True_errV=1.323e-02
[sample 019] iter 13: max_mismatchPQ=1.605e-01, NN_max_dAng=2.525e-03, NN_max_dV=1.711e-03  True_errAng=3.208e-02, True_errV=1.169e-02
[sample 019] iter 14: max_mismatchPQ=1.468e-01, NN_max_dAng=2.282e-03, NN_max_dV=1.415e-03  True_errAng=3.010e-02, True_errV=1.036e-02
[sample 019] iter 15: max_mismatchPQ=1.341e-01, NN_max_dAng=2.057e-03, NN_max_dV=1.203e-03  True_errAng=2.919e-02, True_errV=9.205e-03
[sample 019] iter 16: max_mismatchPQ=1.226e-01, NN_max_dAng=1.849e-03, NN_max_dV=1.027e-03  True_errAng=2.833e-02, True_errV=8.199e-03
[sample 019] iter 17: max_mismatchPQ=1.120e-01, NN_max_dAng=1.658e-03, NN_max_dV=8.753e-04  True_errAng=2.754e-02, True_errV=7.323e-03
[sample 019] iter 18: max_mismatchPQ=1.024e-01, NN_max_dAng=1.484e-03, NN_max_dV=7.619e-04  True_errAng=2.706e-02, True_errV=6.562e-03
[sample 019] iter 19: max_mismatchPQ=9.368e-02, NN_max_dAng=1.326e-03, NN_max_dV=6.638e-04  True_errAng=2.657e-02, True_errV=5.898e-03
[sample 019] iter 20: max_mismatchPQ=8.578e-02, NN_max_dAng=1.182e-03, NN_max_dV=5.789e-04  True_errAng=2.607e-02, True_errV=5.319e-03
[sample 019] >>> stop_reason=max_blocks, used_iter=20, max_PQ_mismatch=8.578e-02
[1;32m===== Test Sample Heatmap Cell: X=(-2.00,-1.80), PQ=(-1.80,-1.60), x_signed=-1.918099, pq_signed=-1.753415, valid_label=1 =====[0m
---- Error Metrics (Best State) ----
Angel_MAX   : 2.607307e-02
Voltage_MAX : 5.318940e-03
P_MAX       : 8.578038e-02
Q_MAX       : 2.569509e-02
P_MAE       : 1.410359e-02
Q_MAE       : 4.823072e-03
P_MSE       : 3.723492e-04
Q_MSE       : 4.588255e-05
P_RMSE      : 1.929635e-02
Q_RMSE      : 6.773666e-03

[sample 020] iter 00: max_mismatchPQ=1.691e+01, NN_max_dAng=0.000e+00, NN_max_dV=0.000e+00  True_errAng=1.876e-01, True_errV=8.862e-02
[sample 020] iter 01: max_mismatchPQ=4.394e+00, NN_max_dAng=8.551e-02, NN_max_dV=8.436e-02  True_errAng=1.119e-01, True_errV=6.712e-02
[sample 020] iter 02: max_mismatchPQ=1.986e+00, NN_max_dAng=3.124e-02, NN_max_dV=2.347e-02  True_errAng=8.070e-02, True_errV=5.956e-02
[sample 020] iter 03: max_mismatchPQ=8.647e-01, NN_max_dAng=2.521e-02, NN_max_dV=1.536e-02  True_errAng=7.611e-02, True_errV=5.283e-02
[sample 020] iter 04: max_mismatchPQ=5.258e-01, NN_max_dAng=1.538e-02, NN_max_dV=9.020e-03  True_errAng=7.259e-02, True_errV=4.653e-02
[sample 020] iter 05: max_mismatchPQ=4.452e-01, NN_max_dAng=9.475e-03, NN_max_dV=6.892e-03  True_errAng=6.934e-02, True_errV=4.078e-02
[sample 020] iter 06: max_mismatchPQ=3.914e-01, NN_max_dAng=7.052e-03, NN_max_dV=5.194e-03  True_errAng=6.638e-02, True_errV=3.558e-02
[sample 020] iter 07: max_mismatchPQ=3.444e-01, NN_max_dAng=6.204e-03, NN_max_dV=4.641e-03  True_errAng=6.362e-02, True_errV=3.094e-02
[sample 020] iter 08: max_mismatchPQ=3.030e-01, NN_max_dAng=5.443e-03, NN_max_dV=4.118e-03  True_errAng=6.101e-02, True_errV=2.682e-02
[sample 020] iter 09: max_mismatchPQ=2.666e-01, NN_max_dAng=4.765e-03, NN_max_dV=3.639e-03  True_errAng=5.853e-02, True_errV=2.318e-02
[sample 020] iter 10: max_mismatchPQ=2.345e-01, NN_max_dAng=4.170e-03, NN_max_dV=3.209e-03  True_errAng=5.618e-02, True_errV=1.998e-02
[sample 020] iter 11: max_mismatchPQ=2.062e-01, NN_max_dAng=3.652e-03, NN_max_dV=2.822e-03  True_errAng=5.397e-02, True_errV=1.715e-02
[sample 020] iter 12: max_mismatchPQ=1.812e-01, NN_max_dAng=3.203e-03, NN_max_dV=2.473e-03  True_errAng=5.189e-02, True_errV=1.468e-02
[sample 020] iter 13: max_mismatchPQ=1.592e-01, NN_max_dAng=2.812e-03, NN_max_dV=2.161e-03  True_errAng=4.993e-02, True_errV=1.252e-02
[sample 020] iter 14: max_mismatchPQ=1.397e-01, NN_max_dAng=2.477e-03, NN_max_dV=1.894e-03  True_errAng=4.809e-02, True_errV=1.063e-02
[sample 020] iter 15: max_mismatchPQ=1.224e-01, NN_max_dAng=2.187e-03, NN_max_dV=1.662e-03  True_errAng=4.636e-02, True_errV=8.964e-03
[sample 020] iter 16: max_mismatchPQ=1.071e-01, NN_max_dAng=1.935e-03, NN_max_dV=1.458e-03  True_errAng=4.475e-02, True_errV=7.506e-03
[sample 020] iter 17: max_mismatchPQ=9.353e-02, NN_max_dAng=1.713e-03, NN_max_dV=1.276e-03  True_errAng=4.323e-02, True_errV=6.230e-03
[sample 020] iter 18: max_mismatchPQ=8.457e-02, NN_max_dAng=1.523e-03, NN_max_dV=1.110e-03  True_errAng=4.182e-02, True_errV=5.120e-03
[sample 020] iter 19: max_mismatchPQ=7.921e-02, NN_max_dAng=1.354e-03, NN_max_dV=9.620e-04  True_errAng=4.049e-02, True_errV=4.474e-03
[sample 020] iter 20: max_mismatchPQ=7.430e-02, NN_max_dAng=1.290e-03, NN_max_dV=8.308e-04  True_errAng=3.925e-02, True_errV=4.161e-03
[sample 020] >>> stop_reason=max_blocks, used_iter=20, max_PQ_mismatch=7.430e-02
[1;32m===== Test Sample Heatmap Cell: X=(-2.00,-1.80), PQ=(-1.80,-1.60), x_signed=-1.876984, pq_signed=-1.704683, valid_label=1 =====[0m
---- Error Metrics (Best State) ----
Angel_MAX   : 3.925413e-02
Voltage_MAX : 4.160941e-03
P_MAX       : 7.430297e-02
Q_MAX       : 1.575741e-02
P_MAE       : 1.799847e-02
Q_MAE       : 3.790337e-03
P_MSE       : 5.735981e-04
Q_MSE       : 2.572790e-05
P_RMSE      : 2.394991e-02
Q_RMSE      : 5.072268e-03

[sample 021] iter 00: max_mismatchPQ=3.605e+01, NN_max_dAng=0.000e+00, NN_max_dV=0.000e+00  True_errAng=1.845e-01, True_errV=9.012e-02
[sample 021] iter 01: max_mismatchPQ=7.311e+00, NN_max_dAng=9.424e-02, NN_max_dV=1.039e-01  True_errAng=9.027e-02, True_errV=7.016e-02
[sample 021] iter 02: max_mismatchPQ=1.700e+00, NN_max_dAng=2.626e-02, NN_max_dV=2.636e-02  True_errAng=8.158e-02, True_errV=5.589e-02
[sample 021] iter 03: max_mismatchPQ=9.974e-01, NN_max_dAng=1.939e-02, NN_max_dV=1.651e-02  True_errAng=7.788e-02, True_errV=4.809e-02
[sample 021] iter 04: max_mismatchPQ=5.768e-01, NN_max_dAng=1.570e-02, NN_max_dV=1.020e-02  True_errAng=7.376e-02, True_errV=4.122e-02
[sample 021] iter 05: max_mismatchPQ=4.646e-01, NN_max_dAng=1.151e-02, NN_max_dV=7.140e-03  True_errAng=6.971e-02, True_errV=3.474e-02
[sample 021] iter 06: max_mismatchPQ=3.938e-01, NN_max_dAng=8.340e-03, NN_max_dV=5.964e-03  True_errAng=6.590e-02, True_errV=2.878e-02
[sample 021] iter 07: max_mismatchPQ=3.297e-01, NN_max_dAng=7.172e-03, NN_max_dV=5.286e-03  True_errAng=6.237e-02, True_errV=2.349e-02
[sample 021] iter 08: max_mismatchPQ=2.746e-01, NN_max_dAng=6.001e-03, NN_max_dV=4.532e-03  True_errAng=5.910e-02, True_errV=1.936e-02
[sample 021] iter 09: max_mismatchPQ=2.284e-01, NN_max_dAng=4.985e-03, NN_max_dV=3.793e-03  True_errAng=5.609e-02, True_errV=1.713e-02
[sample 021] iter 10: max_mismatchPQ=1.901e-01, NN_max_dAng=4.146e-03, NN_max_dV=3.133e-03  True_errAng=5.332e-02, True_errV=1.515e-02
[sample 021] iter 11: max_mismatchPQ=1.582e-01, NN_max_dAng=3.464e-03, NN_max_dV=2.545e-03  True_errAng=5.077e-02, True_errV=1.339e-02
[sample 021] iter 12: max_mismatchPQ=1.316e-01, NN_max_dAng=2.911e-03, NN_max_dV=2.043e-03  True_errAng=4.842e-02, True_errV=1.183e-02
[sample 021] iter 13: max_mismatchPQ=1.092e-01, NN_max_dAng=2.456e-03, NN_max_dV=1.629e-03  True_errAng=4.625e-02, True_errV=1.044e-02
[sample 021] iter 14: max_mismatchPQ=9.920e-02, NN_max_dAng=2.079e-03, NN_max_dV=1.299e-03  True_errAng=4.425e-02, True_errV=9.210e-03
[sample 021] iter 15: max_mismatchPQ=9.099e-02, NN_max_dAng=1.850e-03, NN_max_dV=1.088e-03  True_errAng=4.240e-02, True_errV=8.122e-03
[sample 021] iter 16: max_mismatchPQ=8.352e-02, NN_max_dAng=1.713e-03, NN_max_dV=9.600e-04  True_errAng=4.069e-02, True_errV=7.162e-03
[sample 021] iter 17: max_mismatchPQ=7.672e-02, NN_max_dAng=1.589e-03, NN_max_dV=8.459e-04  True_errAng=3.910e-02, True_errV=6.316e-03
[sample 021] iter 18: max_mismatchPQ=7.056e-02, NN_max_dAng=1.477e-03, NN_max_dV=7.443e-04  True_errAng=3.762e-02, True_errV=5.572e-03
[sample 021] iter 19: max_mismatchPQ=6.495e-02, NN_max_dAng=1.375e-03, NN_max_dV=6.541e-04  True_errAng=3.624e-02, True_errV=4.918e-03
[sample 021] iter 20: max_mismatchPQ=5.989e-02, NN_max_dAng=1.282e-03, NN_max_dV=5.743e-04  True_errAng=3.496e-02, True_errV=4.343e-03
[sample 021] >>> stop_reason=max_blocks, used_iter=20, max_PQ_mismatch=5.989e-02
[1;32m===== Test Sample Heatmap Cell: X=(-2.00,-1.80), PQ=(-1.60,-1.40), x_signed=-1.845875, pq_signed=-1.567589, valid_label=1 =====[0m
---- Error Metrics (Best State) ----
Angel_MAX   : 3.496245e-02
Voltage_MAX : 4.343212e-03
P_MAX       : 5.989224e-02
Q_MAX       : 2.027160e-02
P_MAE       : 1.253450e-02
Q_MAE       : 4.145020e-03
P_MSE       : 2.897597e-04
Q_MSE       : 3.426809e-05
P_RMSE      : 1.702233e-02
Q_RMSE      : 5.853895e-03

[sample 022] iter 00: max_mismatchPQ=2.486e+01, NN_max_dAng=0.000e+00, NN_max_dV=0.000e+00  True_errAng=1.920e-01, True_errV=9.000e-02
[sample 022] iter 01: max_mismatchPQ=2.941e+00, NN_max_dAng=1.042e-01, NN_max_dV=7.863e-02  True_errAng=8.775e-02, True_errV=6.790e-02
[sample 022] iter 02: max_mismatchPQ=1.222e+00, NN_max_dAng=3.260e-02, NN_max_dV=2.307e-02  True_errAng=7.932e-02, True_errV=5.470e-02
[sample 022] iter 03: max_mismatchPQ=8.041e-01, NN_max_dAng=1.578e-02, NN_max_dV=1.543e-02  True_errAng=6.982e-02, True_errV=4.310e-02
[sample 022] iter 04: max_mismatchPQ=5.664e-01, NN_max_dAng=1.119e-02, NN_max_dV=1.164e-02  True_errAng=6.883e-02, True_errV=3.342e-02
[sample 022] iter 05: max_mismatchPQ=4.004e-01, NN_max_dAng=7.892e-03, NN_max_dV=7.620e-03  True_errAng=6.794e-02, True_errV=2.777e-02
[sample 022] iter 06: max_mismatchPQ=2.888e-01, NN_max_dAng=5.436e-03, NN_max_dV=5.797e-03  True_errAng=6.710e-02, True_errV=2.318e-02
[sample 022] iter 07: max_mismatchPQ=2.450e-01, NN_max_dAng=3.876e-03, NN_max_dV=4.443e-03  True_errAng=6.627e-02, True_errV=1.917e-02
[sample 022] iter 08: max_mismatchPQ=2.096e-01, NN_max_dAng=3.224e-03, NN_max_dV=3.484e-03  True_errAng=6.546e-02, True_errV=1.575e-02
[sample 022] iter 09: max_mismatchPQ=1.808e-01, NN_max_dAng=2.789e-03, NN_max_dV=2.884e-03  True_errAng=6.464e-02, True_errV=1.287e-02
[sample 022] iter 10: max_mismatchPQ=1.570e-01, NN_max_dAng=2.428e-03, NN_max_dV=2.405e-03  True_errAng=6.383e-02, True_errV=1.046e-02
[sample 022] iter 11: max_mismatchPQ=1.372e-01, NN_max_dAng=2.125e-03, NN_max_dV=1.991e-03  True_errAng=6.301e-02, True_errV=8.472e-03
[sample 022] iter 12: max_mismatchPQ=1.206e-01, NN_max_dAng=1.868e-03, NN_max_dV=1.647e-03  True_errAng=6.220e-02, True_errV=6.828e-03
[sample 022] iter 13: max_mismatchPQ=1.066e-01, NN_max_dAng=1.649e-03, NN_max_dV=1.367e-03  True_errAng=6.138e-02, True_errV=5.472e-03
[sample 022] iter 14: max_mismatchPQ=9.467e-02, NN_max_dAng=1.461e-03, NN_max_dV=1.130e-03  True_errAng=6.056e-02, True_errV=4.349e-03
[sample 022] iter 15: max_mismatchPQ=8.543e-02, NN_max_dAng=1.298e-03, NN_max_dV=9.314e-04  True_errAng=5.975e-02, True_errV=3.418e-03
[sample 022] iter 16: max_mismatchPQ=7.971e-02, NN_max_dAng=1.200e-03, NN_max_dV=7.715e-04  True_errAng=5.893e-02, True_errV=2.646e-03
[sample 022] iter 17: max_mismatchPQ=7.435e-02, NN_max_dAng=1.109e-03, NN_max_dV=6.391e-04  True_errAng=5.812e-02, True_errV=2.007e-03
[sample 022] iter 18: max_mismatchPQ=6.934e-02, NN_max_dAng=1.024e-03, NN_max_dV=5.307e-04  True_errAng=5.732e-02, True_errV=1.750e-03
[sample 022] iter 19: max_mismatchPQ=6.469e-02, NN_max_dAng=9.450e-04, NN_max_dV=4.418e-04  True_errAng=5.652e-02, True_errV=1.686e-03
[sample 022] iter 20: max_mismatchPQ=6.038e-02, NN_max_dAng=8.715e-04, NN_max_dV=3.687e-04  True_errAng=5.574e-02, True_errV=1.634e-03
[sample 022] >>> stop_reason=max_blocks, used_iter=20, max_PQ_mismatch=6.038e-02
[1;32m===== Test Sample Heatmap Cell: X=(-2.00,-1.80), PQ=(-1.60,-1.40), x_signed=-1.920869, pq_signed=-1.478046, valid_label=1 =====[0m
---- Error Metrics (Best State) ----
Angel_MAX   : 5.573505e-02
Voltage_MAX : 1.634419e-03
P_MAX       : 6.037696e-02
Q_MAX       : 1.611304e-02
P_MAE       : 1.395620e-02
Q_MAE       : 3.536624e-03
P_MSE       : 3.536537e-04
Q_MSE       : 2.030580e-05
P_RMSE      : 1.880568e-02
Q_RMSE      : 4.506196e-03

[sample 023] iter 00: max_mismatchPQ=3.709e+01, NN_max_dAng=0.000e+00, NN_max_dV=0.000e+00  True_errAng=9.291e-02, True_errV=1.857e-01
[sample 023] iter 01: max_mismatchPQ=4.492e+00, NN_max_dAng=1.032e-01, NN_max_dV=1.107e-01  True_errAng=8.876e-02, True_errV=1.244e-01
[sample 023] iter 02: max_mismatchPQ=2.065e+00, NN_max_dAng=2.244e-02, NN_max_dV=4.075e-02  True_errAng=8.481e-02, True_errV=8.370e-02
[sample 023] iter 03: max_mismatchPQ=1.340e+00, NN_max_dAng=1.486e-02, NN_max_dV=3.042e-02  True_errAng=8.069e-02, True_errV=5.327e-02
[sample 023] iter 04: max_mismatchPQ=8.092e-01, NN_max_dAng=9.723e-03, NN_max_dV=2.204e-02  True_errAng=7.661e-02, True_errV=3.583e-02
[sample 023] iter 05: max_mismatchPQ=4.449e-01, NN_max_dAng=7.234e-03, NN_max_dV=1.454e-02  True_errAng=7.269e-02, True_errV=2.994e-02
[sample 023] iter 06: max_mismatchPQ=3.131e-01, NN_max_dAng=5.706e-03, NN_max_dV=8.517e-03  True_errAng=6.898e-02, True_errV=2.507e-02
[sample 023] iter 07: max_mismatchPQ=2.608e-01, NN_max_dAng=4.375e-03, NN_max_dV=4.426e-03  True_errAng=6.546e-02, True_errV=2.116e-02
[sample 023] iter 08: max_mismatchPQ=2.205e-01, NN_max_dAng=3.671e-03, NN_max_dV=3.153e-03  True_errAng=6.214e-02, True_errV=1.801e-02
[sample 023] iter 09: max_mismatchPQ=1.887e-01, NN_max_dAng=3.127e-03, NN_max_dV=2.541e-03  True_errAng=5.902e-02, True_errV=1.547e-02
[sample 023] iter 10: max_mismatchPQ=1.632e-01, NN_max_dAng=2.932e-03, NN_max_dV=2.053e-03  True_errAng=5.608e-02, True_errV=1.341e-02
[sample 023] iter 11: max_mismatchPQ=1.536e-01, NN_max_dAng=2.752e-03, NN_max_dV=1.668e-03  True_errAng=5.333e-02, True_errV=1.174e-02
[sample 023] iter 12: max_mismatchPQ=1.448e-01, NN_max_dAng=2.583e-03, NN_max_dV=1.368e-03  True_errAng=5.075e-02, True_errV=1.038e-02
[sample 023] iter 13: max_mismatchPQ=1.365e-01, NN_max_dAng=2.425e-03, NN_max_dV=1.134e-03  True_errAng=4.832e-02, True_errV=9.242e-03
[sample 023] iter 14: max_mismatchPQ=1.287e-01, NN_max_dAng=2.278e-03, NN_max_dV=9.503e-04  True_errAng=4.605e-02, True_errV=8.291e-03
[sample 023] iter 15: max_mismatchPQ=1.215e-01, NN_max_dAng=2.141e-03, NN_max_dV=8.062e-04  True_errAng=4.391e-02, True_errV=7.485e-03
[sample 023] iter 16: max_mismatchPQ=1.147e-01, NN_max_dAng=2.014e-03, NN_max_dV=6.925e-04  True_errAng=4.189e-02, True_errV=6.793e-03
[sample 023] iter 17: max_mismatchPQ=1.085e-01, NN_max_dAng=1.896e-03, NN_max_dV=6.022e-04  True_errAng=4.000e-02, True_errV=6.190e-03
[sample 023] iter 18: max_mismatchPQ=1.026e-01, NN_max_dAng=1.786e-03, NN_max_dV=5.299e-04  True_errAng=3.821e-02, True_errV=5.661e-03
[sample 023] iter 19: max_mismatchPQ=9.719e-02, NN_max_dAng=1.685e-03, NN_max_dV=4.713e-04  True_errAng=3.652e-02, True_errV=5.189e-03
[sample 023] iter 20: max_mismatchPQ=9.214e-02, NN_max_dAng=1.590e-03, NN_max_dV=4.231e-04  True_errAng=3.493e-02, True_errV=4.766e-03
[sample 023] >>> stop_reason=max_blocks, used_iter=20, max_PQ_mismatch=9.214e-02
[1;32m===== Test Sample Heatmap Cell: X=(-2.00,-1.80), PQ=(-1.60,-1.40), x_signed=-1.868570, pq_signed=-1.532819, valid_label=1 =====[0m
---- Error Metrics (Best State) ----
Angel_MAX   : 3.493387e-02
Voltage_MAX : 4.766047e-03
P_MAX       : 9.214389e-02
Q_MAX       : 2.279755e-02
P_MAE       : 1.576656e-02
Q_MAE       : 3.793639e-03
P_MSE       : 4.675527e-04
Q_MSE       : 2.753144e-05
P_RMSE      : 2.162297e-02
Q_RMSE      : 5.247042e-03

[sample 024] iter 00: max_mismatchPQ=4.001e+01, NN_max_dAng=0.000e+00, NN_max_dV=0.000e+00  True_errAng=1.813e-01, True_errV=8.869e-02
[sample 024] iter 01: max_mismatchPQ=4.350e+00, NN_max_dAng=1.243e-01, NN_max_dV=8.739e-02  True_errAng=1.029e-01, True_errV=6.326e-02
[sample 024] iter 02: max_mismatchPQ=1.284e+00, NN_max_dAng=3.299e-02, NN_max_dV=2.908e-02  True_errAng=7.672e-02, True_errV=5.155e-02
[sample 024] iter 03: max_mismatchPQ=7.321e-01, NN_max_dAng=1.546e-02, NN_max_dV=1.575e-02  True_errAng=7.176e-02, True_errV=4.205e-02
[sample 024] iter 04: max_mismatchPQ=4.864e-01, NN_max_dAng=1.075e-02, NN_max_dV=9.632e-03  True_errAng=6.682e-02, True_errV=3.548e-02
[sample 024] iter 05: max_mismatchPQ=3.447e-01, NN_max_dAng=7.655e-03, NN_max_dV=6.224e-03  True_errAng=6.234e-02, True_errV=3.088e-02
[sample 024] iter 06: max_mismatchPQ=2.763e-01, NN_max_dAng=5.425e-03, NN_max_dV=4.970e-03  True_errAng=5.821e-02, True_errV=2.721e-02
[sample 024] iter 07: max_mismatchPQ=2.243e-01, NN_max_dAng=4.241e-03, NN_max_dV=4.064e-03  True_errAng=5.441e-02, True_errV=2.401e-02
[sample 024] iter 08: max_mismatchPQ=1.838e-01, NN_max_dAng=3.651e-03, NN_max_dV=3.318e-03  True_errAng=5.092e-02, True_errV=2.116e-02
[sample 024] iter 09: max_mismatchPQ=1.647e-01, NN_max_dAng=3.220e-03, NN_max_dV=2.701e-03  True_errAng=4.770e-02, True_errV=1.864e-02
[sample 024] iter 10: max_mismatchPQ=1.518e-01, NN_max_dAng=2.971e-03, NN_max_dV=2.230e-03  True_errAng=4.473e-02, True_errV=1.641e-02
[sample 024] iter 11: max_mismatchPQ=1.403e-01, NN_max_dAng=2.746e-03, NN_max_dV=1.956e-03  True_errAng=4.198e-02, True_errV=1.445e-02
[sample 024] iter 12: max_mismatchPQ=1.299e-01, NN_max_dAng=2.541e-03, NN_max_dV=1.706e-03  True_errAng=3.944e-02, True_errV=1.274e-02
[sample 024] iter 13: max_mismatchPQ=1.205e-01, NN_max_dAng=2.355e-03, NN_max_dV=1.485e-03  True_errAng=3.708e-02, True_errV=1.126e-02
[sample 024] iter 14: max_mismatchPQ=1.118e-01, NN_max_dAng=2.185e-03, NN_max_dV=1.292e-03  True_errAng=3.545e-02, True_errV=9.966e-03
[sample 024] iter 15: max_mismatchPQ=1.039e-01, NN_max_dAng=2.030e-03, NN_max_dV=1.125e-03  True_errAng=3.463e-02, True_errV=8.841e-03
[sample 024] iter 16: max_mismatchPQ=9.663e-02, NN_max_dAng=1.887e-03, NN_max_dV=9.791e-04  True_errAng=3.383e-02, True_errV=7.862e-03
[sample 024] iter 17: max_mismatchPQ=8.992e-02, NN_max_dAng=1.756e-03, NN_max_dV=8.545e-04  True_errAng=3.303e-02, True_errV=7.008e-03
[sample 024] iter 18: max_mismatchPQ=8.375e-02, NN_max_dAng=1.636e-03, NN_max_dV=7.467e-04  True_errAng=3.224e-02, True_errV=6.261e-03
[sample 024] iter 19: max_mismatchPQ=7.806e-02, NN_max_dAng=1.525e-03, NN_max_dV=6.529e-04  True_errAng=3.147e-02, True_errV=5.608e-03
[sample 024] iter 20: max_mismatchPQ=7.281e-02, NN_max_dAng=1.423e-03, NN_max_dV=5.714e-04  True_errAng=3.071e-02, True_errV=5.037e-03
[sample 024] >>> stop_reason=max_blocks, used_iter=20, max_PQ_mismatch=7.281e-02
[1;32m===== Test Sample Heatmap Cell: X=(-2.00,-1.80), PQ=(-1.60,-1.40), x_signed=-1.813565, pq_signed=-1.522680, valid_label=1 =====[0m
---- Error Metrics (Best State) ----
Angel_MAX   : 3.071457e-02
Voltage_MAX : 5.036533e-03
P_MAX       : 7.280692e-02
Q_MAX       : 2.600616e-02
P_MAE       : 1.339049e-02
Q_MAE       : 3.823783e-03
P_MSE       : 3.217976e-04
Q_MSE       : 2.990825e-05
P_RMSE      : 1.793872e-02
Q_RMSE      : 5.468844e-03

[sample 025] iter 00: max_mismatchPQ=2.600e+01, NN_max_dAng=0.000e+00, NN_max_dV=0.000e+00  True_errAng=9.509e-02, True_errV=1.903e-01
[sample 025] iter 01: max_mismatchPQ=4.896e+00, NN_max_dAng=8.811e-02, NN_max_dV=1.278e-01  True_errAng=8.510e-02, True_errV=1.003e-01
[sample 025] iter 02: max_mismatchPQ=1.228e+00, NN_max_dAng=2.553e-02, NN_max_dV=2.500e-02  True_errAng=7.821e-02, True_errV=7.565e-02
[sample 025] iter 03: max_mismatchPQ=9.156e-01, NN_max_dAng=1.798e-02, NN_max_dV=1.885e-02  True_errAng=7.189e-02, True_errV=5.719e-02
[sample 025] iter 04: max_mismatchPQ=6.730e-01, NN_max_dAng=1.176e-02, NN_max_dV=1.492e-02  True_errAng=6.505e-02, True_errV=4.227e-02
[sample 025] iter 05: max_mismatchPQ=5.031e-01, NN_max_dAng=8.956e-03, NN_max_dV=1.167e-02  True_errAng=5.809e-02, True_errV=3.442e-02
[sample 025] iter 06: max_mismatchPQ=4.312e-01, NN_max_dAng=6.921e-03, NN_max_dV=8.781e-03  True_errAng=5.329e-02, True_errV=2.948e-02
[sample 025] iter 07: max_mismatchPQ=3.684e-01, NN_max_dAng=6.401e-03, NN_max_dV=6.317e-03  True_errAng=5.005e-02, True_errV=2.531e-02
[sample 025] iter 08: max_mismatchPQ=3.104e-01, NN_max_dAng=5.738e-03, NN_max_dV=4.422e-03  True_errAng=4.717e-02, True_errV=2.179e-02
[sample 025] iter 09: max_mismatchPQ=2.595e-01, NN_max_dAng=5.026e-03, NN_max_dV=3.076e-03  True_errAng=4.460e-02, True_errV=1.882e-02
[sample 025] iter 10: max_mismatchPQ=2.181e-01, NN_max_dAng=4.328e-03, NN_max_dV=2.515e-03  True_errAng=4.229e-02, True_errV=1.630e-02
[sample 025] iter 11: max_mismatchPQ=1.875e-01, NN_max_dAng=3.709e-03, NN_max_dV=2.107e-03  True_errAng=4.020e-02, True_errV=1.419e-02
[sample 025] iter 12: max_mismatchPQ=1.603e-01, NN_max_dAng=3.211e-03, NN_max_dV=1.767e-03  True_errAng=3.830e-02, True_errV=1.243e-02
[sample 025] iter 13: max_mismatchPQ=1.375e-01, NN_max_dAng=2.784e-03, NN_max_dV=1.493e-03  True_errAng=3.656e-02, True_errV=1.093e-02
[sample 025] iter 14: max_mismatchPQ=1.196e-01, NN_max_dAng=2.418e-03, NN_max_dV=1.269e-03  True_errAng=3.495e-02, True_errV=9.665e-03
[sample 025] iter 15: max_mismatchPQ=1.035e-01, NN_max_dAng=2.105e-03, NN_max_dV=1.085e-03  True_errAng=3.347e-02, True_errV=8.580e-03
[sample 025] iter 16: max_mismatchPQ=8.896e-02, NN_max_dAng=1.840e-03, NN_max_dV=9.297e-04  True_errAng=3.208e-02, True_errV=7.651e-03
[sample 025] iter 17: max_mismatchPQ=8.149e-02, NN_max_dAng=1.616e-03, NN_max_dV=7.810e-04  True_errAng=3.079e-02, True_errV=6.870e-03
[sample 025] iter 18: max_mismatchPQ=7.662e-02, NN_max_dAng=1.425e-03, NN_max_dV=6.603e-04  True_errAng=2.958e-02, True_errV=6.209e-03
[sample 025] iter 19: max_mismatchPQ=7.235e-02, NN_max_dAng=1.264e-03, NN_max_dV=5.633e-04  True_errAng=2.862e-02, True_errV=5.646e-03
[sample 025] iter 20: max_mismatchPQ=6.856e-02, NN_max_dAng=1.128e-03, NN_max_dV=4.837e-04  True_errAng=2.786e-02, True_errV=5.162e-03
[sample 025] >>> stop_reason=max_blocks, used_iter=20, max_PQ_mismatch=6.856e-02
[1;32m===== Test Sample Heatmap Cell: X=(-2.00,-1.80), PQ=(-1.60,-1.40), x_signed=-1.915421, pq_signed=-1.491605, valid_label=1 =====[0m
---- Error Metrics (Best State) ----
Angel_MAX   : 2.786446e-02
Voltage_MAX : 5.162477e-03
P_MAX       : 6.856361e-02
Q_MAX       : 2.704340e-02
P_MAE       : 2.034378e-02
Q_MAE       : 5.297074e-03
P_MSE       : 6.871179e-04
Q_MSE       : 5.365604e-05
P_RMSE      : 2.621293e-02
Q_RMSE      : 7.325029e-03

[sample 026] iter 00: max_mismatchPQ=2.726e+01, NN_max_dAng=0.000e+00, NN_max_dV=0.000e+00  True_errAng=1.943e-01, True_errV=9.614e-02
[sample 026] iter 01: max_mismatchPQ=2.190e+00, NN_max_dAng=9.579e-02, NN_max_dV=8.405e-02  True_errAng=1.576e-01, True_errV=6.690e-02
[sample 026] iter 02: max_mismatchPQ=1.153e+00, NN_max_dAng=2.539e-02, NN_max_dV=2.319e-02  True_errAng=1.322e-01, True_errV=5.788e-02
[sample 026] iter 03: max_mismatchPQ=8.651e-01, NN_max_dAng=2.032e-02, NN_max_dV=1.164e-02  True_errAng=1.119e-01, True_errV=5.028e-02
[sample 026] iter 04: max_mismatchPQ=6.495e-01, NN_max_dAng=1.648e-02, NN_max_dV=8.033e-03  True_errAng=9.539e-02, True_errV=4.384e-02
[sample 026] iter 05: max_mismatchPQ=4.955e-01, NN_max_dAng=1.215e-02, NN_max_dV=5.888e-03  True_errAng=8.324e-02, True_errV=3.806e-02
[sample 026] iter 06: max_mismatchPQ=3.897e-01, NN_max_dAng=8.747e-03, NN_max_dV=5.123e-03  True_errAng=7.449e-02, True_errV=3.294e-02
[sample 026] iter 07: max_mismatchPQ=3.148e-01, NN_max_dAng=6.651e-03, NN_max_dV=4.512e-03  True_errAng=6.784e-02, True_errV=2.843e-02
[sample 026] iter 08: max_mismatchPQ=2.610e-01, NN_max_dAng=5.289e-03, NN_max_dV=3.952e-03  True_errAng=6.255e-02, True_errV=2.447e-02
[sample 026] iter 09: max_mismatchPQ=2.212e-01, NN_max_dAng=4.363e-03, NN_max_dV=3.453e-03  True_errAng=5.819e-02, True_errV=2.102e-02
[sample 026] iter 10: max_mismatchPQ=1.955e-01, NN_max_dAng=3.683e-03, NN_max_dV=3.014e-03  True_errAng=5.451e-02, True_errV=1.801e-02
[sample 026] iter 11: max_mismatchPQ=1.728e-01, NN_max_dAng=3.166e-03, NN_max_dV=2.628e-03  True_errAng=5.134e-02, True_errV=1.538e-02
[sample 026] iter 12: max_mismatchPQ=1.528e-01, NN_max_dAng=2.764e-03, NN_max_dV=2.286e-03  True_errAng=4.858e-02, True_errV=1.309e-02
[sample 026] iter 13: max_mismatchPQ=1.352e-01, NN_max_dAng=2.444e-03, NN_max_dV=1.985e-03  True_errAng=4.613e-02, True_errV=1.111e-02
[sample 026] iter 14: max_mismatchPQ=1.196e-01, NN_max_dAng=2.185e-03, NN_max_dV=1.731e-03  True_errAng=4.395e-02, True_errV=9.379e-03
[sample 026] iter 15: max_mismatchPQ=1.062e-01, NN_max_dAng=1.972e-03, NN_max_dV=1.510e-03  True_errAng=4.197e-02, True_errV=7.869e-03
[sample 026] iter 16: max_mismatchPQ=9.687e-02, NN_max_dAng=1.793e-03, NN_max_dV=1.319e-03  True_errAng=4.018e-02, True_errV=6.550e-03
[sample 026] iter 17: max_mismatchPQ=8.894e-02, NN_max_dAng=1.643e-03, NN_max_dV=1.147e-03  True_errAng=3.854e-02, True_errV=5.403e-03
[sample 026] iter 18: max_mismatchPQ=8.210e-02, NN_max_dAng=1.515e-03, NN_max_dV=9.939e-04  True_errAng=3.702e-02, True_errV=4.409e-03
[sample 026] iter 19: max_mismatchPQ=7.618e-02, NN_max_dAng=1.405e-03, NN_max_dV=8.592e-04  True_errAng=3.562e-02, True_errV=3.550e-03
[sample 026] iter 20: max_mismatchPQ=7.100e-02, NN_max_dAng=1.309e-03, NN_max_dV=7.410e-04  True_errAng=3.431e-02, True_errV=3.009e-03
[sample 026] >>> stop_reason=max_blocks, used_iter=20, max_PQ_mismatch=7.100e-02
[1;32m===== Test Sample Heatmap Cell: X=(-2.00,-1.80), PQ=(-1.60,-1.40), x_signed=-1.943646, pq_signed=-1.443806, valid_label=1 =====[0m
---- Error Metrics (Best State) ----
Angel_MAX   : 3.430897e-02
Voltage_MAX : 3.008962e-03
P_MAX       : 7.099640e-02
Q_MAX       : 1.158874e-02
P_MAE       : 1.599056e-02
Q_MAE       : 3.292014e-03
P_MSE       : 5.084106e-04
Q_MSE       : 1.787718e-05
P_RMSE      : 2.254796e-02
Q_RMSE      : 4.228142e-03

[sample 027] iter 00: max_mismatchPQ=4.486e+01, NN_max_dAng=0.000e+00, NN_max_dV=0.000e+00  True_errAng=1.932e-01, True_errV=9.488e-02
[sample 027] iter 01: max_mismatchPQ=5.862e+00, NN_max_dAng=8.803e-02, NN_max_dV=1.016e-01  True_errAng=1.200e-01, True_errV=7.723e-02
[sample 027] iter 02: max_mismatchPQ=1.702e+00, NN_max_dAng=3.885e-02, NN_max_dV=3.318e-02  True_errAng=8.114e-02, True_errV=5.638e-02
[sample 027] iter 03: max_mismatchPQ=1.042e+00, NN_max_dAng=2.388e-02, NN_max_dV=1.661e-02  True_errAng=6.429e-02, True_errV=4.371e-02
[sample 027] iter 04: max_mismatchPQ=6.989e-01, NN_max_dAng=1.834e-02, NN_max_dV=1.203e-02  True_errAng=5.697e-02, True_errV=3.562e-02
[sample 027] iter 05: max_mismatchPQ=4.775e-01, NN_max_dAng=1.289e-02, NN_max_dV=8.926e-03  True_errAng=5.082e-02, True_errV=2.923e-02
[sample 027] iter 06: max_mismatchPQ=3.365e-01, NN_max_dAng=8.383e-03, NN_max_dV=6.367e-03  True_errAng=4.597e-02, True_errV=2.425e-02
[sample 027] iter 07: max_mismatchPQ=2.831e-01, NN_max_dAng=5.698e-03, NN_max_dV=4.418e-03  True_errAng=4.222e-02, True_errV=2.078e-02
[sample 027] iter 08: max_mismatchPQ=2.514e-01, NN_max_dAng=4.133e-03, NN_max_dV=3.322e-03  True_errAng=4.087e-02, True_errV=1.771e-02
[sample 027] iter 09: max_mismatchPQ=2.223e-01, NN_max_dAng=3.426e-03, NN_max_dV=2.740e-03  True_errAng=3.983e-02, True_errV=1.505e-02
[sample 027] iter 10: max_mismatchPQ=1.964e-01, NN_max_dAng=2.872e-03, NN_max_dV=2.303e-03  True_errAng=3.858e-02, True_errV=1.275e-02
[sample 027] iter 11: max_mismatchPQ=1.738e-01, NN_max_dAng=2.437e-03, NN_max_dV=1.985e-03  True_errAng=3.726e-02, True_errV=1.076e-02
[sample 027] iter 12: max_mismatchPQ=1.545e-01, NN_max_dAng=2.234e-03, NN_max_dV=1.708e-03  True_errAng=3.593e-02, True_errV=9.053e-03
[sample 027] iter 13: max_mismatchPQ=1.378e-01, NN_max_dAng=2.063e-03, NN_max_dV=1.469e-03  True_errAng=3.462e-02, True_errV=7.584e-03
[sample 027] iter 14: max_mismatchPQ=1.235e-01, NN_max_dAng=1.917e-03, NN_max_dV=1.261e-03  True_errAng=3.337e-02, True_errV=6.323e-03
[sample 027] iter 15: max_mismatchPQ=1.111e-01, NN_max_dAng=1.790e-03, NN_max_dV=1.082e-03  True_errAng=3.218e-02, True_errV=5.322e-03
[sample 027] iter 16: max_mismatchPQ=1.004e-01, NN_max_dAng=1.676e-03, NN_max_dV=9.263e-04  True_errAng=3.106e-02, True_errV=4.694e-03
[sample 027] iter 17: max_mismatchPQ=9.117e-02, NN_max_dAng=1.574e-03, NN_max_dV=7.923e-04  True_errAng=3.035e-02, True_errV=4.162e-03
[sample 027] iter 18: max_mismatchPQ=8.311e-02, NN_max_dAng=1.480e-03, NN_max_dV=6.768e-04  True_errAng=2.977e-02, True_errV=3.712e-03
[sample 027] iter 19: max_mismatchPQ=7.608e-02, NN_max_dAng=1.394e-03, NN_max_dV=5.776e-04  True_errAng=2.924e-02, True_errV=3.331e-03
[sample 027] iter 20: max_mismatchPQ=6.993e-02, NN_max_dAng=1.313e-03, NN_max_dV=4.926e-04  True_errAng=2.876e-02, True_errV=3.009e-03
[sample 027] >>> stop_reason=max_blocks, used_iter=20, max_PQ_mismatch=6.993e-02
[1;32m===== Test Sample Heatmap Cell: X=(-2.00,-1.80), PQ=(-1.60,-1.40), x_signed=-1.932469, pq_signed=-1.532128, valid_label=1 =====[0m
---- Error Metrics (Best State) ----
Angel_MAX   : 2.876063e-02
Voltage_MAX : 3.009319e-03
P_MAX       : 6.992626e-02
Q_MAX       : 1.917902e-02
P_MAE       : 1.755102e-02
Q_MAE       : 4.520210e-03
P_MSE       : 5.069214e-04
Q_MSE       : 3.709345e-05
P_RMSE      : 2.251492e-02
Q_RMSE      : 6.090439e-03

[sample 028] iter 00: max_mismatchPQ=3.258e+01, NN_max_dAng=0.000e+00, NN_max_dV=0.000e+00  True_errAng=9.579e-02, True_errV=1.913e-01
[sample 028] iter 01: max_mismatchPQ=4.263e+00, NN_max_dAng=1.147e-01, NN_max_dV=1.647e-01  True_errAng=7.930e-02, True_errV=6.623e-02
[sample 028] iter 02: max_mismatchPQ=1.387e+00, NN_max_dAng=2.807e-02, NN_max_dV=3.091e-02  True_errAng=7.395e-02, True_errV=5.064e-02
[sample 028] iter 03: max_mismatchPQ=6.716e-01, NN_max_dAng=1.621e-02, NN_max_dV=1.552e-02  True_errAng=6.909e-02, True_errV=3.666e-02
[sample 028] iter 04: max_mismatchPQ=4.171e-01, NN_max_dAng=8.798e-03, NN_max_dV=1.117e-02  True_errAng=6.660e-02, True_errV=2.854e-02
[sample 028] iter 05: max_mismatchPQ=3.096e-01, NN_max_dAng=5.939e-03, NN_max_dV=7.899e-03  True_errAng=6.410e-02, True_errV=2.241e-02
[sample 028] iter 06: max_mismatchPQ=2.639e-01, NN_max_dAng=5.139e-03, NN_max_dV=5.342e-03  True_errAng=6.167e-02, True_errV=1.849e-02
[sample 028] iter 07: max_mismatchPQ=2.273e-01, NN_max_dAng=4.501e-03, NN_max_dV=3.636e-03  True_errAng=5.933e-02, True_errV=1.580e-02
[sample 028] iter 08: max_mismatchPQ=2.001e-01, NN_max_dAng=3.926e-03, NN_max_dV=2.890e-03  True_errAng=5.709e-02, True_errV=1.377e-02
[sample 028] iter 09: max_mismatchPQ=1.752e-01, NN_max_dAng=3.400e-03, NN_max_dV=2.270e-03  True_errAng=5.496e-02, True_errV=1.202e-02
[sample 028] iter 10: max_mismatchPQ=1.531e-01, NN_max_dAng=2.932e-03, NN_max_dV=1.765e-03  True_errAng=5.293e-02, True_errV=1.050e-02
[sample 028] iter 11: max_mismatchPQ=1.335e-01, NN_max_dAng=2.524e-03, NN_max_dV=1.394e-03  True_errAng=5.102e-02, True_errV=9.186e-03
[sample 028] iter 12: max_mismatchPQ=1.158e-01, NN_max_dAng=2.296e-03, NN_max_dV=1.160e-03  True_errAng=4.919e-02, True_errV=8.040e-03
[sample 028] iter 13: max_mismatchPQ=1.017e-01, NN_max_dAng=2.120e-03, NN_max_dV=9.955e-04  True_errAng=4.747e-02, True_errV=7.045e-03
[sample 028] iter 14: max_mismatchPQ=9.049e-02, NN_max_dAng=1.956e-03, NN_max_dV=8.653e-04  True_errAng=4.583e-02, True_errV=6.180e-03
[sample 028] iter 15: max_mismatchPQ=8.210e-02, NN_max_dAng=1.806e-03, NN_max_dV=7.521e-04  True_errAng=4.427e-02, True_errV=5.428e-03
[sample 028] iter 16: max_mismatchPQ=7.435e-02, NN_max_dAng=1.668e-03, NN_max_dV=6.534e-04  True_errAng=4.279e-02, True_errV=4.774e-03
[sample 028] iter 17: max_mismatchPQ=6.721e-02, NN_max_dAng=1.541e-03, NN_max_dV=5.674e-04  True_errAng=4.138e-02, True_errV=4.207e-03
[sample 028] iter 18: max_mismatchPQ=6.064e-02, NN_max_dAng=1.425e-03, NN_max_dV=4.926e-04  True_errAng=4.003e-02, True_errV=3.714e-03
[sample 028] iter 19: max_mismatchPQ=5.651e-02, NN_max_dAng=1.319e-03, NN_max_dV=4.274e-04  True_errAng=3.876e-02, True_errV=3.295e-03
[sample 028] iter 20: max_mismatchPQ=5.340e-02, NN_max_dAng=1.222e-03, NN_max_dV=3.707e-04  True_errAng=3.754e-02, True_errV=3.013e-03
[sample 028] >>> stop_reason=max_blocks, used_iter=20, max_PQ_mismatch=5.340e-02
[1;32m===== Test Sample Heatmap Cell: X=(-2.00,-1.80), PQ=(-1.60,-1.40), x_signed=-1.925221, pq_signed=-1.468563, valid_label=1 =====[0m
---- Error Metrics (Best State) ----
Angel_MAX   : 3.753942e-02
Voltage_MAX : 3.013492e-03
P_MAX       : 5.339573e-02
Q_MAX       : 2.955872e-02
P_MAE       : 1.277614e-02
Q_MAE       : 4.229779e-03
P_MSE       : 2.909282e-04
Q_MSE       : 3.636653e-05
P_RMSE      : 1.705662e-02
Q_RMSE      : 6.030467e-03

[sample 029] iter 00: max_mismatchPQ=2.810e+01, NN_max_dAng=0.000e+00, NN_max_dV=0.000e+00  True_errAng=1.838e-01, True_errV=8.933e-02
[sample 029] iter 01: max_mismatchPQ=2.617e+00, NN_max_dAng=1.118e-01, NN_max_dV=9.329e-02  True_errAng=7.554e-02, True_errV=6.309e-02
[sample 029] iter 02: max_mismatchPQ=1.119e+00, NN_max_dAng=3.400e-02, NN_max_dV=2.329e-02  True_errAng=6.554e-02, True_errV=5.534e-02
[sample 029] iter 03: max_mismatchPQ=6.813e-01, NN_max_dAng=1.646e-02, NN_max_dV=1.382e-02  True_errAng=6.291e-02, True_errV=4.808e-02
[sample 029] iter 04: max_mismatchPQ=5.617e-01, NN_max_dAng=1.249e-02, NN_max_dV=9.035e-03  True_errAng=6.048e-02, True_errV=4.143e-02
[sample 029] iter 05: max_mismatchPQ=4.672e-01, NN_max_dAng=7.403e-03, NN_max_dV=6.337e-03  True_errAng=5.817e-02, True_errV=3.579e-02
[sample 029] iter 06: max_mismatchPQ=3.912e-01, NN_max_dAng=5.758e-03, NN_max_dV=4.788e-03  True_errAng=5.599e-02, True_errV=3.109e-02
[sample 029] iter 07: max_mismatchPQ=3.289e-01, NN_max_dAng=4.672e-03, NN_max_dV=4.012e-03  True_errAng=5.392e-02, True_errV=2.708e-02
[sample 029] iter 08: max_mismatchPQ=2.771e-01, NN_max_dAng=3.950e-03, NN_max_dV=3.498e-03  True_errAng=5.194e-02, True_errV=2.358e-02
[sample 029] iter 09: max_mismatchPQ=2.341e-01, NN_max_dAng=3.333e-03, NN_max_dV=3.099e-03  True_errAng=5.004e-02, True_errV=2.048e-02
[sample 029] iter 10: max_mismatchPQ=1.985e-01, NN_max_dAng=2.799e-03, NN_max_dV=2.717e-03  True_errAng=4.822e-02, True_errV=1.776e-02
[sample 029] iter 11: max_mismatchPQ=1.690e-01, NN_max_dAng=2.340e-03, NN_max_dV=2.340e-03  True_errAng=4.646e-02, True_errV=1.542e-02
[sample 029] iter 12: max_mismatchPQ=1.470e-01, NN_max_dAng=1.953e-03, NN_max_dV=1.997e-03  True_errAng=4.478e-02, True_errV=1.343e-02
[sample 029] iter 13: max_mismatchPQ=1.307e-01, NN_max_dAng=1.680e-03, NN_max_dV=1.701e-03  True_errAng=4.315e-02, True_errV=1.173e-02
[sample 029] iter 14: max_mismatchPQ=1.194e-01, NN_max_dAng=1.558e-03, NN_max_dV=1.451e-03  True_errAng=4.160e-02, True_errV=1.034e-02
[sample 029] iter 15: max_mismatchPQ=1.096e-01, NN_max_dAng=1.499e-03, NN_max_dV=1.241e-03  True_errAng=4.010e-02, True_errV=9.242e-03
[sample 029] iter 16: max_mismatchPQ=1.010e-01, NN_max_dAng=1.441e-03, NN_max_dV=1.064e-03  True_errAng=3.866e-02, True_errV=8.250e-03
[sample 029] iter 17: max_mismatchPQ=9.361e-02, NN_max_dAng=1.386e-03, NN_max_dV=9.153e-04  True_errAng=3.727e-02, True_errV=7.358e-03
[sample 029] iter 18: max_mismatchPQ=8.709e-02, NN_max_dAng=1.333e-03, NN_max_dV=8.001e-04  True_errAng=3.594e-02, True_errV=6.558e-03
[sample 029] iter 19: max_mismatchPQ=8.136e-02, NN_max_dAng=1.281e-03, NN_max_dV=7.164e-04  True_errAng=3.466e-02, True_errV=5.841e-03
[sample 029] iter 20: max_mismatchPQ=7.630e-02, NN_max_dAng=1.231e-03, NN_max_dV=6.405e-04  True_errAng=3.343e-02, True_errV=5.201e-03
[sample 029] >>> stop_reason=max_blocks, used_iter=20, max_PQ_mismatch=7.630e-02
[1;32m===== Test Sample Heatmap Cell: X=(-2.00,-1.80), PQ=(-1.60,-1.40), x_signed=-1.839311, pq_signed=-1.595194, valid_label=1 =====[0m
---- Error Metrics (Best State) ----
Angel_MAX   : 3.342563e-02
Voltage_MAX : 5.200922e-03
P_MAX       : 7.629827e-02
Q_MAX       : 3.319770e-02
P_MAE       : 1.751512e-02
Q_MAE       : 4.871164e-03
P_MSE       : 5.310398e-04
Q_MSE       : 5.410855e-05
P_RMSE      : 2.304430e-02
Q_RMSE      : 7.355852e-03

[sample 030] iter 00: max_mismatchPQ=2.485e+01, NN_max_dAng=0.000e+00, NN_max_dV=0.000e+00  True_errAng=9.436e-02, True_errV=1.898e-01
[sample 030] iter 01: max_mismatchPQ=5.983e+00, NN_max_dAng=9.172e-02, NN_max_dV=9.099e-02  True_errAng=7.231e-02, True_errV=1.472e-01
[sample 030] iter 02: max_mismatchPQ=1.641e+00, NN_max_dAng=2.460e-02, NN_max_dV=3.614e-02  True_errAng=6.930e-02, True_errV=1.111e-01
[sample 030] iter 03: max_mismatchPQ=1.242e+00, NN_max_dAng=1.545e-02, NN_max_dV=2.948e-02  True_errAng=6.591e-02, True_errV=8.161e-02
[sample 030] iter 04: max_mismatchPQ=9.195e-01, NN_max_dAng=1.105e-02, NN_max_dV=2.307e-02  True_errAng=6.207e-02, True_errV=5.855e-02
[sample 030] iter 05: max_mismatchPQ=6.686e-01, NN_max_dAng=7.904e-03, NN_max_dV=1.743e-02  True_errAng=5.790e-02, True_errV=4.112e-02
[sample 030] iter 06: max_mismatchPQ=4.807e-01, NN_max_dAng=5.422e-03, NN_max_dV=1.283e-02  True_errAng=5.387e-02, True_errV=2.990e-02
[sample 030] iter 07: max_mismatchPQ=3.429e-01, NN_max_dAng=4.436e-03, NN_max_dV=9.268e-03  True_errAng=5.231e-02, True_errV=2.513e-02
[sample 030] iter 08: max_mismatchPQ=2.438e-01, NN_max_dAng=4.120e-03, NN_max_dV=6.585e-03  True_errAng=5.082e-02, True_errV=2.119e-02
[sample 030] iter 09: max_mismatchPQ=2.212e-01, NN_max_dAng=3.802e-03, NN_max_dV=4.624e-03  True_errAng=4.939e-02, True_errV=1.793e-02
[sample 030] iter 10: max_mismatchPQ=1.981e-01, NN_max_dAng=3.419e-03, NN_max_dV=3.229e-03  True_errAng=4.802e-02, True_errV=1.524e-02
[sample 030] iter 11: max_mismatchPQ=1.755e-01, NN_max_dAng=3.023e-03, NN_max_dV=2.241e-03  True_errAng=4.669e-02, True_errV=1.301e-02
[sample 030] iter 12: max_mismatchPQ=1.545e-01, NN_max_dAng=2.702e-03, NN_max_dV=1.895e-03  True_errAng=4.541e-02, True_errV=1.117e-02
[sample 030] iter 13: max_mismatchPQ=1.358e-01, NN_max_dAng=2.490e-03, NN_max_dV=1.657e-03  True_errAng=4.418e-02, True_errV=9.653e-03
[sample 030] iter 14: max_mismatchPQ=1.220e-01, NN_max_dAng=2.294e-03, NN_max_dV=1.440e-03  True_errAng=4.298e-02, True_errV=8.398e-03
[sample 030] iter 15: max_mismatchPQ=1.118e-01, NN_max_dAng=2.111e-03, NN_max_dV=1.246e-03  True_errAng=4.182e-02, True_errV=7.361e-03
[sample 030] iter 16: max_mismatchPQ=1.024e-01, NN_max_dAng=1.944e-03, NN_max_dV=1.074e-03  True_errAng=4.070e-02, True_errV=6.504e-03
[sample 030] iter 17: max_mismatchPQ=9.397e-02, NN_max_dAng=1.790e-03, NN_max_dV=9.219e-04  True_errAng=3.961e-02, True_errV=5.797e-03
[sample 030] iter 18: max_mismatchPQ=8.630e-02, NN_max_dAng=1.649e-03, NN_max_dV=7.890e-04  True_errAng=3.854e-02, True_errV=5.214e-03
[sample 030] iter 19: max_mismatchPQ=7.933e-02, NN_max_dAng=1.520e-03, NN_max_dV=6.729e-04  True_errAng=3.751e-02, True_errV=4.734e-03
[sample 030] iter 20: max_mismatchPQ=7.302e-02, NN_max_dAng=1.402e-03, NN_max_dV=5.721e-04  True_errAng=3.650e-02, True_errV=4.339e-03
[sample 030] >>> stop_reason=max_blocks, used_iter=20, max_PQ_mismatch=7.302e-02
[1;32m===== Test Sample Heatmap Cell: X=(-2.00,-1.80), PQ=(-1.60,-1.40), x_signed=-1.909673, pq_signed=-1.566352, valid_label=1 =====[0m
---- Error Metrics (Best State) ----
Angel_MAX   : 3.650171e-02
Voltage_MAX : 4.339218e-03
P_MAX       : 7.302041e-02
Q_MAX       : 3.377375e-02
P_MAE       : 1.502828e-02
Q_MAE       : 4.836899e-03
P_MSE       : 4.326438e-04
Q_MSE       : 5.740151e-05
P_RMSE      : 2.080009e-02
Q_RMSE      : 7.576379e-03

[sample 031] iter 00: max_mismatchPQ=3.130e+01, NN_max_dAng=0.000e+00, NN_max_dV=0.000e+00  True_errAng=1.902e-01, True_errV=9.393e-02
[sample 031] iter 01: max_mismatchPQ=2.921e+00, NN_max_dAng=9.705e-02, NN_max_dV=8.744e-02  True_errAng=1.556e-01, True_errV=7.482e-02
[sample 031] iter 02: max_mismatchPQ=1.568e+00, NN_max_dAng=2.762e-02, NN_max_dV=2.909e-02  True_errAng=1.341e-01, True_errV=6.443e-02
[sample 031] iter 03: max_mismatchPQ=7.366e-01, NN_max_dAng=2.023e-02, NN_max_dV=1.740e-02  True_errAng=1.185e-01, True_errV=5.631e-02
[sample 031] iter 04: max_mismatchPQ=5.691e-01, NN_max_dAng=1.287e-02, NN_max_dV=1.133e-02  True_errAng=1.056e-01, True_errV=4.941e-02
[sample 031] iter 05: max_mismatchPQ=4.726e-01, NN_max_dAng=1.077e-02, NN_max_dV=8.110e-03  True_errAng=9.482e-02, True_errV=4.348e-02
[sample 031] iter 06: max_mismatchPQ=3.997e-01, NN_max_dAng=9.172e-03, NN_max_dV=6.092e-03  True_errAng=8.565e-02, True_errV=3.831e-02
[sample 031] iter 07: max_mismatchPQ=3.428e-01, NN_max_dAng=7.916e-03, NN_max_dV=4.525e-03  True_errAng=7.773e-02, True_errV=3.378e-02
[sample 031] iter 08: max_mismatchPQ=2.972e-01, NN_max_dAng=6.904e-03, NN_max_dV=3.971e-03  True_errAng=7.083e-02, True_errV=2.981e-02
[sample 031] iter 09: max_mismatchPQ=2.604e-01, NN_max_dAng=6.073e-03, NN_max_dV=3.492e-03  True_errAng=6.475e-02, True_errV=2.632e-02
[sample 031] iter 10: max_mismatchPQ=2.305e-01, NN_max_dAng=5.402e-03, NN_max_dV=3.077e-03  True_errAng=5.935e-02, True_errV=2.324e-02
[sample 031] iter 11: max_mismatchPQ=2.056e-01, NN_max_dAng=4.843e-03, NN_max_dV=2.716e-03  True_errAng=5.451e-02, True_errV=2.053e-02
[sample 031] iter 12: max_mismatchPQ=1.847e-01, NN_max_dAng=4.369e-03, NN_max_dV=2.399e-03  True_errAng=5.014e-02, True_errV=1.813e-02
[sample 031] iter 13: max_mismatchPQ=1.668e-01, NN_max_dAng=3.961e-03, NN_max_dV=2.121e-03  True_errAng=4.618e-02, True_errV=1.601e-02
[sample 031] iter 14: max_mismatchPQ=1.513e-01, NN_max_dAng=3.609e-03, NN_max_dV=1.877e-03  True_errAng=4.257e-02, True_errV=1.413e-02
[sample 031] iter 15: max_mismatchPQ=1.378e-01, NN_max_dAng=3.300e-03, NN_max_dV=1.661e-03  True_errAng=3.927e-02, True_errV=1.247e-02
[sample 031] iter 16: max_mismatchPQ=1.258e-01, NN_max_dAng=3.029e-03, NN_max_dV=1.470e-03  True_errAng=3.624e-02, True_errV=1.100e-02
[sample 031] iter 17: max_mismatchPQ=1.151e-01, NN_max_dAng=2.788e-03, NN_max_dV=1.302e-03  True_errAng=3.345e-02, True_errV=9.698e-03
[sample 031] iter 18: max_mismatchPQ=1.056e-01, NN_max_dAng=2.573e-03, NN_max_dV=1.152e-03  True_errAng=3.101e-02, True_errV=8.546e-03
[sample 031] iter 19: max_mismatchPQ=9.697e-02, NN_max_dAng=2.380e-03, NN_max_dV=1.020e-03  True_errAng=3.021e-02, True_errV=7.526e-03
[sample 031] iter 20: max_mismatchPQ=8.918e-02, NN_max_dAng=2.206e-03, NN_max_dV=9.021e-04  True_errAng=2.944e-02, True_errV=6.624e-03
[sample 031] >>> stop_reason=max_blocks, used_iter=20, max_PQ_mismatch=8.918e-02
[1;32m===== Test Sample Heatmap Cell: X=(-2.00,-1.80), PQ=(-1.40,-1.20), x_signed=-1.902412, pq_signed=-1.245696, valid_label=1 =====[0m
---- Error Metrics (Best State) ----
Angel_MAX   : 2.944466e-02
Voltage_MAX : 6.624043e-03
P_MAX       : 8.917756e-02
Q_MAX       : 3.525186e-02
P_MAE       : 1.530662e-02
Q_MAE       : 4.790053e-03
P_MSE       : 5.192346e-04
Q_MSE       : 5.828542e-05
P_RMSE      : 2.278672e-02
Q_RMSE      : 7.634488e-03

[sample 032] iter 00: max_mismatchPQ=4.040e+01, NN_max_dAng=0.000e+00, NN_max_dV=0.000e+00  True_errAng=9.943e-02, True_errV=1.983e-01
[sample 032] iter 01: max_mismatchPQ=3.873e+00, NN_max_dAng=1.193e-01, NN_max_dV=8.967e-02  True_errAng=8.054e-02, True_errV=1.618e-01
[sample 032] iter 02: max_mismatchPQ=1.863e+00, NN_max_dAng=3.423e-02, NN_max_dV=3.131e-02  True_errAng=7.147e-02, True_errV=1.304e-01
[sample 032] iter 03: max_mismatchPQ=1.146e+00, NN_max_dAng=2.142e-02, NN_max_dV=2.668e-02  True_errAng=6.493e-02, True_errV=1.038e-01
[sample 032] iter 04: max_mismatchPQ=8.769e-01, NN_max_dAng=1.146e-02, NN_max_dV=2.208e-02  True_errAng=5.950e-02, True_errV=8.168e-02
[sample 032] iter 05: max_mismatchPQ=6.756e-01, NN_max_dAng=7.938e-03, NN_max_dV=1.823e-02  True_errAng=5.488e-02, True_errV=6.345e-02
[sample 032] iter 06: max_mismatchPQ=5.182e-01, NN_max_dAng=5.463e-03, NN_max_dV=1.491e-02  True_errAng=5.083e-02, True_errV=4.854e-02
[sample 032] iter 07: max_mismatchPQ=3.938e-01, NN_max_dAng=4.199e-03, NN_max_dV=1.191e-02  True_errAng=4.721e-02, True_errV=3.663e-02
[sample 032] iter 08: max_mismatchPQ=2.969e-01, NN_max_dAng=3.288e-03, NN_max_dV=9.276e-03  True_errAng=4.401e-02, True_errV=2.736e-02
[sample 032] iter 09: max_mismatchPQ=2.225e-01, NN_max_dAng=2.830e-03, NN_max_dV=7.090e-03  True_errAng=4.118e-02, True_errV=2.026e-02
[sample 032] iter 10: max_mismatchPQ=1.666e-01, NN_max_dAng=2.509e-03, NN_max_dV=5.279e-03  True_errAng=3.867e-02, True_errV=1.499e-02
[sample 032] iter 11: max_mismatchPQ=1.486e-01, NN_max_dAng=2.232e-03, NN_max_dV=3.869e-03  True_errAng=3.643e-02, True_errV=1.112e-02
[sample 032] iter 12: max_mismatchPQ=1.344e-01, NN_max_dAng=1.992e-03, NN_max_dV=2.803e-03  True_errAng=3.444e-02, True_errV=8.313e-03
[sample 032] iter 13: max_mismatchPQ=1.221e-01, NN_max_dAng=1.783e-03, NN_max_dV=1.994e-03  True_errAng=3.266e-02, True_errV=6.320e-03
[sample 032] iter 14: max_mismatchPQ=1.114e-01, NN_max_dAng=1.600e-03, NN_max_dV=1.438e-03  True_errAng=3.106e-02, True_errV=5.047e-03
[sample 032] iter 15: max_mismatchPQ=1.021e-01, NN_max_dAng=1.440e-03, NN_max_dV=1.076e-03  True_errAng=2.962e-02, True_errV=4.979e-03
[sample 032] iter 16: max_mismatchPQ=9.387e-02, NN_max_dAng=1.299e-03, NN_max_dV=8.275e-04  True_errAng=2.832e-02, True_errV=4.902e-03
[sample 032] iter 17: max_mismatchPQ=8.666e-02, NN_max_dAng=1.176e-03, NN_max_dV=6.460e-04  True_errAng=2.715e-02, True_errV=4.821e-03
[sample 032] iter 18: max_mismatchPQ=8.030e-02, NN_max_dAng=1.066e-03, NN_max_dV=5.080e-04  True_errAng=2.608e-02, True_errV=4.736e-03
[sample 032] iter 19: max_mismatchPQ=7.467e-02, NN_max_dAng=9.699e-04, NN_max_dV=4.008e-04  True_errAng=2.511e-02, True_errV=4.652e-03
[sample 032] iter 20: max_mismatchPQ=6.969e-02, NN_max_dAng=8.842e-04, NN_max_dV=3.158e-04  True_errAng=2.423e-02, True_errV=4.568e-03
[sample 032] >>> stop_reason=max_blocks, used_iter=20, max_PQ_mismatch=6.969e-02
[1;32m===== Test Sample Heatmap Cell: X=(-2.00,-1.80), PQ=(-1.40,-1.20), x_signed=-1.995363, pq_signed=-1.383579, valid_label=1 =====[0m
---- Error Metrics (Best State) ----
Angel_MAX   : 2.422507e-02
Voltage_MAX : 4.568100e-03
P_MAX       : 6.968832e-02
Q_MAX       : 1.379660e-02
P_MAE       : 1.291035e-02
Q_MAE       : 3.729743e-03
P_MSE       : 2.874126e-04
Q_MSE       : 2.396883e-05
P_RMSE      : 1.695325e-02
Q_RMSE      : 4.895797e-03

[sample 033] iter 00: max_mismatchPQ=2.070e+01, NN_max_dAng=0.000e+00, NN_max_dV=0.000e+00  True_errAng=1.853e-01, True_errV=9.158e-02
[sample 033] iter 01: max_mismatchPQ=2.608e+00, NN_max_dAng=7.814e-02, NN_max_dV=8.115e-02  True_errAng=1.071e-01, True_errV=6.041e-02
[sample 033] iter 02: max_mismatchPQ=1.521e+00, NN_max_dAng=2.793e-02, NN_max_dV=2.846e-02  True_errAng=7.922e-02, True_errV=4.877e-02
[sample 033] iter 03: max_mismatchPQ=9.474e-01, NN_max_dAng=2.159e-02, NN_max_dV=1.425e-02  True_errAng=6.156e-02, True_errV=4.029e-02
[sample 033] iter 04: max_mismatchPQ=5.824e-01, NN_max_dAng=1.764e-02, NN_max_dV=9.127e-03  True_errAng=5.533e-02, True_errV=3.374e-02
[sample 033] iter 05: max_mismatchPQ=4.117e-01, NN_max_dAng=1.261e-02, NN_max_dV=6.073e-03  True_errAng=4.999e-02, True_errV=2.819e-02
[sample 033] iter 06: max_mismatchPQ=3.238e-01, NN_max_dAng=7.394e-03, NN_max_dV=4.851e-03  True_errAng=4.538e-02, True_errV=2.399e-02
[sample 033] iter 07: max_mismatchPQ=2.576e-01, NN_max_dAng=5.089e-03, NN_max_dV=4.006e-03  True_errAng=4.245e-02, True_errV=2.045e-02
[sample 033] iter 08: max_mismatchPQ=2.140e-01, NN_max_dAng=3.739e-03, NN_max_dV=3.416e-03  True_errAng=3.975e-02, True_errV=1.735e-02
[sample 033] iter 09: max_mismatchPQ=1.832e-01, NN_max_dAng=3.213e-03, NN_max_dV=2.931e-03  True_errAng=3.726e-02, True_errV=1.468e-02
[sample 033] iter 10: max_mismatchPQ=1.603e-01, NN_max_dAng=2.801e-03, NN_max_dV=2.515e-03  True_errAng=3.495e-02, True_errV=1.239e-02
[sample 033] iter 11: max_mismatchPQ=1.449e-01, NN_max_dAng=2.518e-03, NN_max_dV=2.151e-03  True_errAng=3.280e-02, True_errV=1.046e-02
[sample 033] iter 12: max_mismatchPQ=1.316e-01, NN_max_dAng=2.277e-03, NN_max_dV=1.831e-03  True_errAng=3.081e-02, True_errV=8.843e-03
[sample 033] iter 13: max_mismatchPQ=1.201e-01, NN_max_dAng=2.066e-03, NN_max_dV=1.553e-03  True_errAng=2.895e-02, True_errV=7.485e-03
[sample 033] iter 14: max_mismatchPQ=1.099e-01, NN_max_dAng=1.882e-03, NN_max_dV=1.312e-03  True_errAng=2.720e-02, True_errV=6.350e-03
[sample 033] iter 15: max_mismatchPQ=1.009e-01, NN_max_dAng=1.718e-03, NN_max_dV=1.111e-03  True_errAng=2.558e-02, True_errV=5.402e-03
[sample 033] iter 16: max_mismatchPQ=9.292e-02, NN_max_dAng=1.571e-03, NN_max_dV=9.416e-04  True_errAng=2.405e-02, True_errV=4.610e-03
[sample 033] iter 17: max_mismatchPQ=8.573e-02, NN_max_dAng=1.438e-03, NN_max_dV=7.976e-04  True_errAng=2.262e-02, True_errV=3.949e-03
[sample 033] iter 18: max_mismatchPQ=7.925e-02, NN_max_dAng=1.345e-03, NN_max_dV=6.751e-04  True_errAng=2.127e-02, True_errV=3.395e-03
[sample 033] iter 19: max_mismatchPQ=7.338e-02, NN_max_dAng=1.265e-03, NN_max_dV=5.712e-04  True_errAng=2.001e-02, True_errV=2.932e-03
[sample 033] iter 20: max_mismatchPQ=6.803e-02, NN_max_dAng=1.190e-03, NN_max_dV=4.830e-04  True_errAng=1.882e-02, True_errV=2.545e-03
[sample 033] >>> stop_reason=max_blocks, used_iter=20, max_PQ_mismatch=6.803e-02
[1;32m===== Test Sample Heatmap Cell: X=(-2.00,-1.80), PQ=(-1.40,-1.20), x_signed=-1.853692, pq_signed=-1.317359, valid_label=1 =====[0m
---- Error Metrics (Best State) ----
Angel_MAX   : 1.881650e-02
Voltage_MAX : 2.544880e-03
P_MAX       : 6.802917e-02
Q_MAX       : 1.771115e-02
P_MAE       : 1.309780e-02
Q_MAE       : 3.701870e-03
P_MSE       : 3.333577e-04
Q_MSE       : 2.613347e-05
P_RMSE      : 1.825809e-02
Q_RMSE      : 5.112091e-03

[sample 034] iter 00: max_mismatchPQ=7.824e+01, NN_max_dAng=0.000e+00, NN_max_dV=0.000e+00  True_errAng=1.899e-01, True_errV=9.187e-02
[sample 034] iter 01: max_mismatchPQ=1.261e+01, NN_max_dAng=1.620e-01, NN_max_dV=8.576e-02  True_errAng=8.423e-02, True_errV=7.157e-02
[sample 034] iter 02: max_mismatchPQ=1.748e+00, NN_max_dAng=4.727e-02, NN_max_dV=4.765e-02  True_errAng=8.106e-02, True_errV=4.702e-02
[sample 034] iter 03: max_mismatchPQ=6.622e-01, NN_max_dAng=1.367e-02, NN_max_dV=2.037e-02  True_errAng=7.711e-02, True_errV=3.428e-02
[sample 034] iter 04: max_mismatchPQ=5.145e-01, NN_max_dAng=9.122e-03, NN_max_dV=1.025e-02  True_errAng=7.325e-02, True_errV=2.528e-02
[sample 034] iter 05: max_mismatchPQ=4.155e-01, NN_max_dAng=7.016e-03, NN_max_dV=6.326e-03  True_errAng=6.944e-02, True_errV=1.896e-02
[sample 034] iter 06: max_mismatchPQ=3.502e-01, NN_max_dAng=5.959e-03, NN_max_dV=4.630e-03  True_errAng=6.584e-02, True_errV=1.433e-02
[sample 034] iter 07: max_mismatchPQ=2.934e-01, NN_max_dAng=5.027e-03, NN_max_dV=3.430e-03  True_errAng=6.245e-02, True_errV=1.090e-02
[sample 034] iter 08: max_mismatchPQ=2.481e-01, NN_max_dAng=4.230e-03, NN_max_dV=2.562e-03  True_errAng=5.927e-02, True_errV=8.335e-03
[sample 034] iter 09: max_mismatchPQ=2.131e-01, NN_max_dAng=3.805e-03, NN_max_dV=1.927e-03  True_errAng=5.626e-02, True_errV=6.408e-03
[sample 034] iter 10: max_mismatchPQ=1.892e-01, NN_max_dAng=3.479e-03, NN_max_dV=1.454e-03  True_errAng=5.343e-02, True_errV=4.954e-03
[sample 034] iter 11: max_mismatchPQ=1.712e-01, NN_max_dAng=3.183e-03, NN_max_dV=1.108e-03  True_errAng=5.076e-02, True_errV=3.846e-03
[sample 034] iter 12: max_mismatchPQ=1.562e-01, NN_max_dAng=2.915e-03, NN_max_dV=8.922e-04  True_errAng=4.825e-02, True_errV=2.992e-03
[sample 034] iter 13: max_mismatchPQ=1.428e-01, NN_max_dAng=2.673e-03, NN_max_dV=7.255e-04  True_errAng=4.588e-02, True_errV=2.431e-03
[sample 034] iter 14: max_mismatchPQ=1.307e-01, NN_max_dAng=2.454e-03, NN_max_dV=5.884e-04  True_errAng=4.366e-02, True_errV=2.331e-03
[sample 034] iter 15: max_mismatchPQ=1.199e-01, NN_max_dAng=2.257e-03, NN_max_dV=4.755e-04  True_errAng=4.156e-02, True_errV=2.297e-03
[sample 034] iter 16: max_mismatchPQ=1.102e-01, NN_max_dAng=2.078e-03, NN_max_dV=3.826e-04  True_errAng=3.959e-02, True_errV=2.283e-03
[sample 034] iter 17: max_mismatchPQ=1.013e-01, NN_max_dAng=1.916e-03, NN_max_dV=3.061e-04  True_errAng=3.774e-02, True_errV=2.357e-03
[sample 034] iter 18: max_mismatchPQ=9.333e-02, NN_max_dAng=1.768e-03, NN_max_dV=2.429e-04  True_errAng=3.599e-02, True_errV=2.494e-03
[sample 034] iter 19: max_mismatchPQ=8.605e-02, NN_max_dAng=1.639e-03, NN_max_dV=1.910e-04  True_errAng=3.435e-02, True_errV=2.591e-03
[sample 034] iter 20: max_mismatchPQ=7.943e-02, NN_max_dAng=1.541e-03, NN_max_dV=1.482e-04  True_errAng=3.281e-02, True_errV=2.656e-03
[sample 034] >>> stop_reason=max_blocks, used_iter=20, max_PQ_mismatch=7.943e-02
[1;32m===== Test Sample Heatmap Cell: X=(-2.00,-1.80), PQ=(-1.40,-1.20), x_signed=-1.899817, pq_signed=-1.335977, valid_label=1 =====[0m
---- Error Metrics (Best State) ----
Angel_MAX   : 3.281316e-02
Voltage_MAX : 2.655745e-03
P_MAX       : 7.943259e-02
Q_MAX       : 1.541554e-02
P_MAE       : 2.083061e-02
Q_MAE       : 4.526331e-03
P_MSE       : 7.229586e-04
Q_MSE       : 3.383742e-05
P_RMSE      : 2.688789e-02
Q_RMSE      : 5.816994e-03

[sample 035] iter 00: max_mismatchPQ=5.964e+01, NN_max_dAng=0.000e+00, NN_max_dV=0.000e+00  True_errAng=9.896e-02, True_errV=1.974e-01
[sample 035] iter 01: max_mismatchPQ=3.208e+00, NN_max_dAng=1.030e-01, NN_max_dV=1.980e-01  True_errAng=8.442e-02, True_errV=6.745e-02
[sample 035] iter 02: max_mismatchPQ=1.378e+00, NN_max_dAng=2.735e-02, NN_max_dV=2.593e-02  True_errAng=7.583e-02, True_errV=4.714e-02
[sample 035] iter 03: max_mismatchPQ=7.204e-01, NN_max_dAng=1.488e-02, NN_max_dV=1.863e-02  True_errAng=6.835e-02, True_errV=2.851e-02
[sample 035] iter 04: max_mismatchPQ=5.950e-01, NN_max_dAng=1.049e-02, NN_max_dV=1.244e-02  True_errAng=6.168e-02, True_errV=1.995e-02
[sample 035] iter 05: max_mismatchPQ=4.898e-01, NN_max_dAng=7.560e-03, NN_max_dV=7.282e-03  True_errAng=5.565e-02, True_errV=1.488e-02
[sample 035] iter 06: max_mismatchPQ=4.028e-01, NN_max_dAng=6.272e-03, NN_max_dV=4.184e-03  True_errAng=5.015e-02, True_errV=1.117e-02
[sample 035] iter 07: max_mismatchPQ=3.391e-01, NN_max_dAng=5.262e-03, NN_max_dV=2.653e-03  True_errAng=4.514e-02, True_errV=8.808e-03
[sample 035] iter 08: max_mismatchPQ=2.953e-01, NN_max_dAng=4.588e-03, NN_max_dV=1.832e-03  True_errAng=4.057e-02, True_errV=7.717e-03
[sample 035] iter 09: max_mismatchPQ=2.567e-01, NN_max_dAng=4.139e-03, NN_max_dV=1.407e-03  True_errAng=3.885e-02, True_errV=6.967e-03
[sample 035] iter 10: max_mismatchPQ=2.234e-01, NN_max_dAng=3.738e-03, NN_max_dV=1.170e-03  True_errAng=3.747e-02, True_errV=6.497e-03
[sample 035] iter 11: max_mismatchPQ=1.948e-01, NN_max_dAng=3.367e-03, NN_max_dV=9.777e-04  True_errAng=3.616e-02, True_errV=6.101e-03
[sample 035] iter 12: max_mismatchPQ=1.703e-01, NN_max_dAng=3.027e-03, NN_max_dV=8.035e-04  True_errAng=3.490e-02, True_errV=5.766e-03
[sample 035] iter 13: max_mismatchPQ=1.493e-01, NN_max_dAng=2.718e-03, NN_max_dV=6.473e-04  True_errAng=3.371e-02, True_errV=5.479e-03
[sample 035] iter 14: max_mismatchPQ=1.313e-01, NN_max_dAng=2.441e-03, NN_max_dV=5.138e-04  True_errAng=3.258e-02, True_errV=5.231e-03
[sample 035] iter 15: max_mismatchPQ=1.159e-01, NN_max_dAng=2.194e-03, NN_max_dV=4.035e-04  True_errAng=3.151e-02, True_errV=5.015e-03
[sample 035] iter 16: max_mismatchPQ=1.025e-01, NN_max_dAng=1.975e-03, NN_max_dV=3.183e-04  True_errAng=3.051e-02, True_errV=4.825e-03
[sample 035] iter 17: max_mismatchPQ=9.094e-02, NN_max_dAng=1.783e-03, NN_max_dV=2.814e-04  True_errAng=2.957e-02, True_errV=4.657e-03
[sample 035] iter 18: max_mismatchPQ=8.087e-02, NN_max_dAng=1.613e-03, NN_max_dV=2.501e-04  True_errAng=2.869e-02, True_errV=4.506e-03
[sample 035] iter 19: max_mismatchPQ=7.208e-02, NN_max_dAng=1.463e-03, NN_max_dV=2.232e-04  True_errAng=2.786e-02, True_errV=4.371e-03
[sample 035] iter 20: max_mismatchPQ=6.463e-02, NN_max_dAng=1.330e-03, NN_max_dV=1.999e-04  True_errAng=2.709e-02, True_errV=4.248e-03
[sample 035] >>> stop_reason=max_blocks, used_iter=20, max_PQ_mismatch=6.463e-02
[1;32m===== Test Sample Heatmap Cell: X=(-2.00,-1.80), PQ=(-1.40,-1.20), x_signed=-1.986085, pq_signed=-1.251876, valid_label=1 =====[0m
---- Error Metrics (Best State) ----
Angel_MAX   : 2.708921e-02
Voltage_MAX : 4.248142e-03
P_MAX       : 6.462570e-02
Q_MAX       : 1.344615e-02
P_MAE       : 1.815628e-02
Q_MAE       : 3.653800e-03
P_MSE       : 5.252827e-04
Q_MSE       : 2.097627e-05
P_RMSE      : 2.291905e-02
Q_RMSE      : 4.579986e-03

[sample 036] iter 00: max_mismatchPQ=2.537e+01, NN_max_dAng=0.000e+00, NN_max_dV=0.000e+00  True_errAng=1.843e-01, True_errV=9.093e-02
[sample 036] iter 01: max_mismatchPQ=4.046e+00, NN_max_dAng=1.082e-01, NN_max_dV=8.706e-02  True_errAng=1.163e-01, True_errV=8.214e-02
[sample 036] iter 02: max_mismatchPQ=2.461e+00, NN_max_dAng=3.113e-02, NN_max_dV=2.996e-02  True_errAng=8.522e-02, True_errV=5.904e-02
[sample 036] iter 03: max_mismatchPQ=1.434e+00, NN_max_dAng=2.075e-02, NN_max_dV=2.329e-02  True_errAng=6.447e-02, True_errV=3.575e-02
[sample 036] iter 04: max_mismatchPQ=7.751e-01, NN_max_dAng=1.507e-02, NN_max_dV=1.799e-02  True_errAng=5.290e-02, True_errV=2.843e-02
[sample 036] iter 05: max_mismatchPQ=5.509e-01, NN_max_dAng=1.048e-02, NN_max_dV=1.059e-02  True_errAng=4.812e-02, True_errV=2.377e-02
[sample 036] iter 06: max_mismatchPQ=4.676e-01, NN_max_dAng=6.985e-03, NN_max_dV=4.481e-03  True_errAng=4.375e-02, True_errV=1.967e-02
[sample 036] iter 07: max_mismatchPQ=3.936e-01, NN_max_dAng=6.167e-03, NN_max_dV=3.618e-03  True_errAng=3.971e-02, True_errV=1.613e-02
[sample 036] iter 08: max_mismatchPQ=3.293e-01, NN_max_dAng=5.147e-03, NN_max_dV=2.932e-03  True_errAng=3.607e-02, True_errV=1.320e-02
[sample 036] iter 09: max_mismatchPQ=2.746e-01, NN_max_dAng=4.248e-03, NN_max_dV=2.369e-03  True_errAng=3.285e-02, True_errV=1.083e-02
[sample 036] iter 10: max_mismatchPQ=2.283e-01, NN_max_dAng=3.500e-03, NN_max_dV=1.893e-03  True_errAng=3.003e-02, True_errV=8.940e-03
[sample 036] iter 11: max_mismatchPQ=1.894e-01, NN_max_dAng=2.878e-03, NN_max_dV=1.507e-03  True_errAng=2.755e-02, True_errV=7.432e-03
[sample 036] iter 12: max_mismatchPQ=1.568e-01, NN_max_dAng=2.359e-03, NN_max_dV=1.201e-03  True_errAng=2.538e-02, True_errV=6.231e-03
[sample 036] iter 13: max_mismatchPQ=1.297e-01, NN_max_dAng=1.926e-03, NN_max_dV=9.593e-04  True_errAng=2.347e-02, True_errV=5.272e-03
[sample 036] iter 14: max_mismatchPQ=1.070e-01, NN_max_dAng=1.678e-03, NN_max_dV=7.698e-04  True_errAng=2.185e-02, True_errV=4.502e-03
[sample 036] iter 15: max_mismatchPQ=8.828e-02, NN_max_dAng=1.480e-03, NN_max_dV=6.216e-04  True_errAng=2.067e-02, True_errV=3.881e-03
[sample 036] iter 16: max_mismatchPQ=7.277e-02, NN_max_dAng=1.309e-03, NN_max_dV=5.057e-04  True_errAng=1.993e-02, True_errV=3.375e-03
[sample 036] iter 17: max_mismatchPQ=5.997e-02, NN_max_dAng=1.162e-03, NN_max_dV=4.149e-04  True_errAng=1.931e-02, True_errV=2.960e-03
[sample 036] iter 18: max_mismatchPQ=5.136e-02, NN_max_dAng=1.035e-03, NN_max_dV=3.440e-04  True_errAng=1.875e-02, True_errV=2.616e-03
[sample 036] iter 19: max_mismatchPQ=4.766e-02, NN_max_dAng=9.537e-04, NN_max_dV=2.891e-04  True_errAng=1.823e-02, True_errV=2.327e-03
[sample 036] iter 20: max_mismatchPQ=4.452e-02, NN_max_dAng=8.884e-04, NN_max_dV=2.454e-04  True_errAng=1.775e-02, True_errV=2.198e-03
[sample 036] >>> stop_reason=max_blocks, used_iter=20, max_PQ_mismatch=4.452e-02
[1;32m===== Test Sample Heatmap Cell: X=(-2.00,-1.80), PQ=(-1.40,-1.20), x_signed=-1.843777, pq_signed=-1.378675, valid_label=1 =====[0m
---- Error Metrics (Best State) ----
Angel_MAX   : 1.775290e-02
Voltage_MAX : 2.197564e-03
P_MAX       : 4.452139e-02
Q_MAX       : 1.419519e-02
P_MAE       : 1.440503e-02
Q_MAE       : 4.205863e-03
P_MSE       : 3.227834e-04
Q_MSE       : 2.875262e-05
P_RMSE      : 1.796617e-02
Q_RMSE      : 5.362147e-03

[sample 037] iter 00: max_mismatchPQ=3.663e+01, NN_max_dAng=0.000e+00, NN_max_dV=0.000e+00  True_errAng=9.698e-02, True_errV=1.932e-01
[sample 037] iter 01: max_mismatchPQ=7.847e+00, NN_max_dAng=9.180e-02, NN_max_dV=1.083e-01  True_errAng=8.047e-02, True_errV=1.518e-01
[sample 037] iter 02: max_mismatchPQ=1.193e+00, NN_max_dAng=1.877e-02, NN_max_dV=3.285e-02  True_errAng=6.884e-02, True_errV=1.189e-01
[sample 037] iter 03: max_mismatchPQ=8.147e-01, NN_max_dAng=1.406e-02, NN_max_dV=2.646e-02  True_errAng=6.041e-02, True_errV=9.247e-02
[sample 037] iter 04: max_mismatchPQ=6.280e-01, NN_max_dAng=1.124e-02, NN_max_dV=2.097e-02  True_errAng=5.323e-02, True_errV=7.149e-02
[sample 037] iter 05: max_mismatchPQ=5.131e-01, NN_max_dAng=9.227e-03, NN_max_dV=1.636e-02  True_errAng=4.719e-02, True_errV=5.513e-02
[sample 037] iter 06: max_mismatchPQ=4.189e-01, NN_max_dAng=7.277e-03, NN_max_dV=1.252e-02  True_errAng=4.210e-02, True_errV=4.261e-02
[sample 037] iter 07: max_mismatchPQ=3.449e-01, NN_max_dAng=5.556e-03, NN_max_dV=9.327e-03  True_errAng=3.872e-02, True_errV=3.329e-02
[sample 037] iter 08: max_mismatchPQ=2.846e-01, NN_max_dAng=4.439e-03, NN_max_dV=6.822e-03  True_errAng=3.566e-02, True_errV=2.646e-02
[sample 037] iter 09: max_mismatchPQ=2.347e-01, NN_max_dAng=3.612e-03, NN_max_dV=4.986e-03  True_errAng=3.279e-02, True_errV=2.148e-02
[sample 037] iter 10: max_mismatchPQ=1.934e-01, NN_max_dAng=2.944e-03, NN_max_dV=3.765e-03  True_errAng=3.012e-02, True_errV=1.809e-02
[sample 037] iter 11: max_mismatchPQ=1.591e-01, NN_max_dAng=2.508e-03, NN_max_dV=2.959e-03  True_errAng=2.765e-02, True_errV=1.551e-02
[sample 037] iter 12: max_mismatchPQ=1.307e-01, NN_max_dAng=2.284e-03, NN_max_dV=2.388e-03  True_errAng=2.536e-02, True_errV=1.327e-02
[sample 037] iter 13: max_mismatchPQ=1.097e-01, NN_max_dAng=2.106e-03, NN_max_dV=1.962e-03  True_errAng=2.326e-02, True_errV=1.134e-02
[sample 037] iter 14: max_mismatchPQ=9.525e-02, NN_max_dAng=1.940e-03, NN_max_dV=1.675e-03  True_errAng=2.132e-02, True_errV=9.664e-03
[sample 037] iter 15: max_mismatchPQ=8.713e-02, NN_max_dAng=1.788e-03, NN_max_dV=1.451e-03  True_errAng=1.993e-02, True_errV=8.214e-03
[sample 037] iter 16: max_mismatchPQ=7.968e-02, NN_max_dAng=1.649e-03, NN_max_dV=1.255e-03  True_errAng=1.893e-02, True_errV=6.959e-03
[sample 037] iter 17: max_mismatchPQ=7.286e-02, NN_max_dAng=1.521e-03, NN_max_dV=1.084e-03  True_errAng=1.854e-02, True_errV=5.874e-03
[sample 037] iter 18: max_mismatchPQ=6.662e-02, NN_max_dAng=1.405e-03, NN_max_dV=9.361e-04  True_errAng=1.816e-02, True_errV=5.066e-03
[sample 037] iter 19: max_mismatchPQ=6.092e-02, NN_max_dAng=1.298e-03, NN_max_dV=8.070e-04  True_errAng=1.779e-02, True_errV=4.419e-03
[sample 037] iter 20: max_mismatchPQ=5.570e-02, NN_max_dAng=1.200e-03, NN_max_dV=6.951e-04  True_errAng=1.742e-02, True_errV=3.855e-03
[sample 037] >>> stop_reason=max_blocks, used_iter=20, max_PQ_mismatch=5.570e-02
[1;32m===== Test Sample Heatmap Cell: X=(-2.00,-1.80), PQ=(-1.40,-1.20), x_signed=-1.944443, pq_signed=-1.236362, valid_label=1 =====[0m
---- Error Metrics (Best State) ----
Angel_MAX   : 1.742497e-02
Voltage_MAX : 3.855109e-03
P_MAX       : 5.570230e-02
Q_MAX       : 2.057709e-02
P_MAE       : 1.265834e-02
Q_MAE       : 3.917828e-03
P_MSE       : 2.956448e-04
Q_MSE       : 3.290529e-05
P_RMSE      : 1.719433e-02
Q_RMSE      : 5.736313e-03

[sample 038] iter 00: max_mismatchPQ=2.988e+01, NN_max_dAng=0.000e+00, NN_max_dV=0.000e+00  True_errAng=9.407e-02, True_errV=1.902e-01
[sample 038] iter 01: max_mismatchPQ=4.525e+00, NN_max_dAng=9.100e-02, NN_max_dV=8.489e-02  True_errAng=7.190e-02, True_errV=1.053e-01
[sample 038] iter 02: max_mismatchPQ=2.635e+00, NN_max_dAng=2.253e-02, NN_max_dV=4.773e-02  True_errAng=6.540e-02, True_errV=5.761e-02
[sample 038] iter 03: max_mismatchPQ=1.240e+00, NN_max_dAng=1.519e-02, NN_max_dV=2.954e-02  True_errAng=5.994e-02, True_errV=4.534e-02
[sample 038] iter 04: max_mismatchPQ=4.461e-01, NN_max_dAng=1.109e-02, NN_max_dV=1.723e-02  True_errAng=5.500e-02, True_errV=3.910e-02
[sample 038] iter 05: max_mismatchPQ=3.698e-01, NN_max_dAng=6.772e-03, NN_max_dV=7.018e-03  True_errAng=5.056e-02, True_errV=3.348e-02
[sample 038] iter 06: max_mismatchPQ=3.075e-01, NN_max_dAng=5.505e-03, NN_max_dV=4.982e-03  True_errAng=4.656e-02, True_errV=2.850e-02
[sample 038] iter 07: max_mismatchPQ=2.562e-01, NN_max_dAng=4.532e-03, NN_max_dV=4.389e-03  True_errAng=4.294e-02, True_errV=2.411e-02
[sample 038] iter 08: max_mismatchPQ=2.139e-01, NN_max_dAng=3.768e-03, NN_max_dV=3.835e-03  True_errAng=3.966e-02, True_errV=2.027e-02
[sample 038] iter 09: max_mismatchPQ=1.855e-01, NN_max_dAng=3.159e-03, NN_max_dV=3.327e-03  True_errAng=3.669e-02, True_errV=1.694e-02
[sample 038] iter 10: max_mismatchPQ=1.627e-01, NN_max_dAng=2.725e-03, NN_max_dV=2.866e-03  True_errAng=3.398e-02, True_errV=1.408e-02
[sample 038] iter 11: max_mismatchPQ=1.432e-01, NN_max_dAng=2.463e-03, NN_max_dV=2.450e-03  True_errAng=3.152e-02, True_errV=1.163e-02
[sample 038] iter 12: max_mismatchPQ=1.266e-01, NN_max_dAng=2.245e-03, NN_max_dV=2.083e-03  True_errAng=2.927e-02, True_errV=9.546e-03
[sample 038] iter 13: max_mismatchPQ=1.123e-01, NN_max_dAng=2.048e-03, NN_max_dV=1.764e-03  True_errAng=2.722e-02, True_errV=7.782e-03
[sample 038] iter 14: max_mismatchPQ=9.992e-02, NN_max_dAng=1.870e-03, NN_max_dV=1.489e-03  True_errAng=2.535e-02, True_errV=6.293e-03
[sample 038] iter 15: max_mismatchPQ=8.925e-02, NN_max_dAng=1.710e-03, NN_max_dV=1.254e-03  True_errAng=2.364e-02, True_errV=5.040e-03
[sample 038] iter 16: max_mismatchPQ=7.998e-02, NN_max_dAng=1.567e-03, NN_max_dV=1.054e-03  True_errAng=2.208e-02, True_errV=4.559e-03
[sample 038] iter 17: max_mismatchPQ=7.188e-02, NN_max_dAng=1.437e-03, NN_max_dV=8.864e-04  True_errAng=2.064e-02, True_errV=4.187e-03
[sample 038] iter 18: max_mismatchPQ=6.477e-02, NN_max_dAng=1.321e-03, NN_max_dV=7.408e-04  True_errAng=1.932e-02, True_errV=3.861e-03
[sample 038] iter 19: max_mismatchPQ=5.850e-02, NN_max_dAng=1.216e-03, NN_max_dV=6.172e-04  True_errAng=1.810e-02, True_errV=3.573e-03
[sample 038] iter 20: max_mismatchPQ=5.294e-02, NN_max_dAng=1.122e-03, NN_max_dV=5.138e-04  True_errAng=1.742e-02, True_errV=3.320e-03
[sample 038] >>> stop_reason=max_blocks, used_iter=20, max_PQ_mismatch=5.294e-02
[1;32m===== Test Sample Heatmap Cell: X=(-2.00,-1.80), PQ=(-1.40,-1.20), x_signed=-1.914333, pq_signed=-1.388154, valid_label=1 =====[0m
---- Error Metrics (Best State) ----
Angel_MAX   : 1.742348e-02
Voltage_MAX : 3.319740e-03
P_MAX       : 5.293673e-02
Q_MAX       : 1.489826e-02
P_MAE       : 1.396358e-02
Q_MAE       : 3.479640e-03
P_MSE       : 3.557574e-04
Q_MSE       : 2.130984e-05
P_RMSE      : 1.886153e-02
Q_RMSE      : 4.616258e-03

[sample 039] iter 00: max_mismatchPQ=1.854e+01, NN_max_dAng=0.000e+00, NN_max_dV=0.000e+00  True_errAng=1.822e-01, True_errV=8.822e-02
[sample 039] iter 01: max_mismatchPQ=2.827e+00, NN_max_dAng=9.233e-02, NN_max_dV=8.091e-02  True_errAng=1.323e-01, True_errV=6.708e-02
[sample 039] iter 02: max_mismatchPQ=1.540e+00, NN_max_dAng=3.434e-02, NN_max_dV=2.261e-02  True_errAng=9.797e-02, True_errV=5.168e-02
[sample 039] iter 03: max_mismatchPQ=1.101e+00, NN_max_dAng=2.395e-02, NN_max_dV=1.757e-02  True_errAng=7.402e-02, True_errV=4.256e-02
[sample 039] iter 04: max_mismatchPQ=7.997e-01, NN_max_dAng=1.864e-02, NN_max_dV=1.201e-02  True_errAng=5.538e-02, True_errV=3.539e-02
[sample 039] iter 05: max_mismatchPQ=5.667e-01, NN_max_dAng=1.492e-02, NN_max_dV=7.799e-03  True_errAng=4.747e-02, True_errV=2.964e-02
[sample 039] iter 06: max_mismatchPQ=4.246e-01, NN_max_dAng=1.087e-02, NN_max_dV=5.893e-03  True_errAng=4.345e-02, True_errV=2.504e-02
[sample 039] iter 07: max_mismatchPQ=3.332e-01, NN_max_dAng=7.653e-03, NN_max_dV=4.381e-03  True_errAng=3.983e-02, True_errV=2.132e-02
[sample 039] iter 08: max_mismatchPQ=2.639e-01, NN_max_dAng=5.595e-03, NN_max_dV=3.495e-03  True_errAng=3.656e-02, True_errV=1.825e-02
[sample 039] iter 09: max_mismatchPQ=2.110e-01, NN_max_dAng=4.278e-03, NN_max_dV=2.896e-03  True_errAng=3.357e-02, True_errV=1.569e-02
[sample 039] iter 10: max_mismatchPQ=1.792e-01, NN_max_dAng=3.382e-03, NN_max_dV=2.361e-03  True_errAng=3.086e-02, True_errV=1.354e-02
[sample 039] iter 11: max_mismatchPQ=1.602e-01, NN_max_dAng=2.736e-03, NN_max_dV=1.908e-03  True_errAng=2.890e-02, True_errV=1.176e-02
[sample 039] iter 12: max_mismatchPQ=1.432e-01, NN_max_dAng=2.444e-03, NN_max_dV=1.533e-03  True_errAng=2.816e-02, True_errV=1.028e-02
[sample 039] iter 13: max_mismatchPQ=1.280e-01, NN_max_dAng=2.183e-03, NN_max_dV=1.242e-03  True_errAng=2.744e-02, True_errV=9.036e-03
[sample 039] iter 14: max_mismatchPQ=1.145e-01, NN_max_dAng=1.950e-03, NN_max_dV=1.047e-03  True_errAng=2.675e-02, True_errV=7.990e-03
[sample 039] iter 15: max_mismatchPQ=1.025e-01, NN_max_dAng=1.751e-03, NN_max_dV=8.887e-04  True_errAng=2.608e-02, True_errV=7.101e-03
[sample 039] iter 16: max_mismatchPQ=9.235e-02, NN_max_dAng=1.612e-03, NN_max_dV=7.735e-04  True_errAng=2.543e-02, True_errV=6.341e-03
[sample 039] iter 17: max_mismatchPQ=8.404e-02, NN_max_dAng=1.486e-03, NN_max_dV=6.826e-04  True_errAng=2.481e-02, True_errV=5.685e-03
[sample 039] iter 18: max_mismatchPQ=7.657e-02, NN_max_dAng=1.372e-03, NN_max_dV=6.028e-04  True_errAng=2.421e-02, True_errV=5.115e-03
[sample 039] iter 19: max_mismatchPQ=6.983e-02, NN_max_dAng=1.269e-03, NN_max_dV=5.325e-04  True_errAng=2.364e-02, True_errV=4.615e-03
[sample 039] iter 20: max_mismatchPQ=6.401e-02, NN_max_dAng=1.174e-03, NN_max_dV=4.707e-04  True_errAng=2.310e-02, True_errV=4.175e-03
[sample 039] >>> stop_reason=max_blocks, used_iter=20, max_PQ_mismatch=6.401e-02
[1;32m===== Test Sample Heatmap Cell: X=(-2.00,-1.80), PQ=(-1.40,-1.20), x_signed=-1.823050, pq_signed=-1.336950, valid_label=1 =====[0m
---- Error Metrics (Best State) ----
Angel_MAX   : 2.310085e-02
Voltage_MAX : 4.174888e-03
P_MAX       : 6.400776e-02
Q_MAX       : 2.913371e-02
P_MAE       : 1.661864e-02
Q_MAE       : 3.934395e-03
P_MSE       : 4.890574e-04
Q_MSE       : 3.252211e-05
P_RMSE      : 2.211464e-02
Q_RMSE      : 5.702816e-03

[sample 040] iter 00: max_mismatchPQ=1.913e+01, NN_max_dAng=0.000e+00, NN_max_dV=0.000e+00  True_errAng=1.807e-01, True_errV=8.813e-02
[sample 040] iter 01: max_mismatchPQ=3.107e+00, NN_max_dAng=1.090e-01, NN_max_dV=1.046e-01  True_errAng=1.046e-01, True_errV=7.060e-02
[sample 040] iter 02: max_mismatchPQ=1.457e+00, NN_max_dAng=2.390e-02, NN_max_dV=2.607e-02  True_errAng=8.548e-02, True_errV=5.811e-02
[sample 040] iter 03: max_mismatchPQ=8.050e-01, NN_max_dAng=1.594e-02, NN_max_dV=1.462e-02  True_errAng=7.203e-02, True_errV=4.888e-02
[sample 040] iter 04: max_mismatchPQ=6.610e-01, NN_max_dAng=1.077e-02, NN_max_dV=1.082e-02  True_errAng=6.340e-02, True_errV=4.180e-02
[sample 040] iter 05: max_mismatchPQ=5.283e-01, NN_max_dAng=8.952e-03, NN_max_dV=7.531e-03  True_errAng=6.114e-02, True_errV=3.601e-02
[sample 040] iter 06: max_mismatchPQ=4.161e-01, NN_max_dAng=7.462e-03, NN_max_dV=4.988e-03  True_errAng=5.896e-02, True_errV=3.109e-02
[sample 040] iter 07: max_mismatchPQ=3.246e-01, NN_max_dAng=6.208e-03, NN_max_dV=4.275e-03  True_errAng=5.688e-02, True_errV=2.681e-02
[sample 040] iter 08: max_mismatchPQ=2.593e-01, NN_max_dAng=5.153e-03, NN_max_dV=3.748e-03  True_errAng=5.491e-02, True_errV=2.306e-02
[sample 040] iter 09: max_mismatchPQ=2.145e-01, NN_max_dAng=4.282e-03, NN_max_dV=3.294e-03  True_errAng=5.305e-02, True_errV=1.977e-02
[sample 040] iter 10: max_mismatchPQ=1.779e-01, NN_max_dAng=3.566e-03, NN_max_dV=2.890e-03  True_errAng=5.130e-02, True_errV=1.688e-02
[sample 040] iter 11: max_mismatchPQ=1.480e-01, NN_max_dAng=2.979e-03, NN_max_dV=2.527e-03  True_errAng=4.965e-02, True_errV=1.435e-02
[sample 040] iter 12: max_mismatchPQ=1.235e-01, NN_max_dAng=2.499e-03, NN_max_dV=2.202e-03  True_errAng=4.809e-02, True_errV=1.215e-02
[sample 040] iter 13: max_mismatchPQ=1.095e-01, NN_max_dAng=2.102e-03, NN_max_dV=1.913e-03  True_errAng=4.662e-02, True_errV=1.024e-02
[sample 040] iter 14: max_mismatchPQ=9.793e-02, NN_max_dAng=1.774e-03, NN_max_dV=1.656e-03  True_errAng=4.523e-02, True_errV=8.582e-03
[sample 040] iter 15: max_mismatchPQ=8.765e-02, NN_max_dAng=1.501e-03, NN_max_dV=1.429e-03  True_errAng=4.393e-02, True_errV=7.153e-03
[sample 040] iter 16: max_mismatchPQ=7.865e-02, NN_max_dAng=1.274e-03, NN_max_dV=1.231e-03  True_errAng=4.269e-02, True_errV=5.923e-03
[sample 040] iter 17: max_mismatchPQ=7.508e-02, NN_max_dAng=1.175e-03, NN_max_dV=1.057e-03  True_errAng=4.151e-02, True_errV=4.960e-03
[sample 040] iter 18: max_mismatchPQ=7.179e-02, NN_max_dAng=1.116e-03, NN_max_dV=9.053e-04  True_errAng=4.040e-02, True_errV=4.637e-03
[sample 040] iter 19: max_mismatchPQ=6.878e-02, NN_max_dAng=1.062e-03, NN_max_dV=7.734e-04  True_errAng=3.933e-02, True_errV=4.393e-03
[sample 040] iter 20: max_mismatchPQ=6.602e-02, NN_max_dAng=1.013e-03, NN_max_dV=6.592e-04  True_errAng=3.832e-02, True_errV=4.175e-03
[sample 040] >>> stop_reason=max_blocks, used_iter=20, max_PQ_mismatch=6.602e-02
[1;32m===== Test Sample Heatmap Cell: X=(-2.00,-1.80), PQ=(-1.40,-1.20), x_signed=-1.807703, pq_signed=-1.398734, valid_label=1 =====[0m
---- Error Metrics (Best State) ----
Angel_MAX   : 3.831992e-02
Voltage_MAX : 4.174709e-03
P_MAX       : 6.602460e-02
Q_MAX       : 1.757739e-02
P_MAE       : 1.432782e-02
Q_MAE       : 4.730996e-03
P_MSE       : 3.593464e-04
Q_MSE       : 3.897634e-05
P_RMSE      : 1.895643e-02
Q_RMSE      : 6.243104e-03

[sample 041] iter 00: max_mismatchPQ=3.608e+01, NN_max_dAng=0.000e+00, NN_max_dV=0.000e+00  True_errAng=9.600e-02, True_errV=1.911e-01
[sample 041] iter 01: max_mismatchPQ=2.182e+00, NN_max_dAng=8.059e-02, NN_max_dV=9.612e-02  True_errAng=7.988e-02, True_errV=1.549e-01
[sample 041] iter 02: max_mismatchPQ=1.626e+00, NN_max_dAng=2.659e-02, NN_max_dV=3.256e-02  True_errAng=7.439e-02, True_errV=1.223e-01
[sample 041] iter 03: max_mismatchPQ=1.299e+00, NN_max_dAng=1.649e-02, NN_max_dV=2.841e-02  True_errAng=6.885e-02, True_errV=9.390e-02
[sample 041] iter 04: max_mismatchPQ=1.003e+00, NN_max_dAng=1.048e-02, NN_max_dV=2.394e-02  True_errAng=6.369e-02, True_errV=6.995e-02
[sample 041] iter 05: max_mismatchPQ=7.486e-01, NN_max_dAng=7.353e-03, NN_max_dV=1.940e-02  True_errAng=5.902e-02, True_errV=5.055e-02
[sample 041] iter 06: max_mismatchPQ=5.458e-01, NN_max_dAng=6.192e-03, NN_max_dV=1.477e-02  True_errAng=5.481e-02, True_errV=3.578e-02
[sample 041] iter 07: max_mismatchPQ=3.996e-01, NN_max_dAng=5.115e-03, NN_max_dV=1.025e-02  True_errAng=5.102e-02, True_errV=2.554e-02
[sample 041] iter 08: max_mismatchPQ=2.963e-01, NN_max_dAng=4.182e-03, NN_max_dV=7.019e-03  True_errAng=4.759e-02, True_errV=1.852e-02
[sample 041] iter 09: max_mismatchPQ=2.420e-01, NN_max_dAng=3.614e-03, NN_max_dV=5.000e-03  True_errAng=4.449e-02, True_errV=1.352e-02
[sample 041] iter 10: max_mismatchPQ=2.117e-01, NN_max_dAng=3.170e-03, NN_max_dV=3.675e-03  True_errAng=4.169e-02, True_errV=9.844e-03
[sample 041] iter 11: max_mismatchPQ=1.846e-01, NN_max_dAng=2.770e-03, NN_max_dV=2.720e-03  True_errAng=3.915e-02, True_errV=8.756e-03
[sample 041] iter 12: max_mismatchPQ=1.607e-01, NN_max_dAng=2.409e-03, NN_max_dV=2.011e-03  True_errAng=3.686e-02, True_errV=8.156e-03
[sample 041] iter 13: max_mismatchPQ=1.413e-01, NN_max_dAng=2.088e-03, NN_max_dV=1.483e-03  True_errAng=3.478e-02, True_errV=7.626e-03
[sample 041] iter 14: max_mismatchPQ=1.296e-01, NN_max_dAng=1.882e-03, NN_max_dV=1.087e-03  True_errAng=3.290e-02, True_errV=7.156e-03
[sample 041] iter 15: max_mismatchPQ=1.190e-01, NN_max_dAng=1.705e-03, NN_max_dV=7.947e-04  True_errAng=3.119e-02, True_errV=6.739e-03
[sample 041] iter 16: max_mismatchPQ=1.095e-01, NN_max_dAng=1.545e-03, NN_max_dV=6.090e-04  True_errAng=2.965e-02, True_errV=6.367e-03
[sample 041] iter 17: max_mismatchPQ=1.009e-01, NN_max_dAng=1.400e-03, NN_max_dV=5.039e-04  True_errAng=2.825e-02, True_errV=6.035e-03
[sample 041] iter 18: max_mismatchPQ=9.319e-02, NN_max_dAng=1.270e-03, NN_max_dV=4.173e-04  True_errAng=2.698e-02, True_errV=5.738e-03
[sample 041] iter 19: max_mismatchPQ=8.622e-02, NN_max_dAng=1.152e-03, NN_max_dV=3.462e-04  True_errAng=2.583e-02, True_errV=5.471e-03
[sample 041] iter 20: max_mismatchPQ=7.995e-02, NN_max_dAng=1.045e-03, NN_max_dV=2.880e-04  True_errAng=2.478e-02, True_errV=5.232e-03
[sample 041] >>> stop_reason=max_blocks, used_iter=20, max_PQ_mismatch=7.995e-02
[1;32m===== Test Sample Heatmap Cell: X=(-2.00,-1.80), PQ=(-1.20,-1.00), x_signed=-1.923290, pq_signed=-1.134414, valid_label=1 =====[0m
---- Error Metrics (Best State) ----
Angel_MAX   : 2.478310e-02
Voltage_MAX : 5.232453e-03
P_MAX       : 7.994813e-02
Q_MAX       : 1.528001e-02
P_MAE       : 1.472221e-02
Q_MAE       : 3.498599e-03
P_MSE       : 3.710558e-04
Q_MSE       : 1.948241e-05
P_RMSE      : 1.926281e-02
Q_RMSE      : 4.413889e-03

[sample 042] iter 00: max_mismatchPQ=2.131e+01, NN_max_dAng=0.000e+00, NN_max_dV=0.000e+00  True_errAng=1.970e-01, True_errV=9.374e-02
[sample 042] iter 01: max_mismatchPQ=5.380e+00, NN_max_dAng=1.180e-01, NN_max_dV=8.416e-02  True_errAng=1.113e-01, True_errV=7.417e-02
[sample 042] iter 02: max_mismatchPQ=2.131e+00, NN_max_dAng=3.796e-02, NN_max_dV=2.186e-02  True_errAng=9.245e-02, True_errV=5.621e-02
[sample 042] iter 03: max_mismatchPQ=9.398e-01, NN_max_dAng=2.404e-02, NN_max_dV=1.525e-02  True_errAng=9.144e-02, True_errV=4.096e-02
[sample 042] iter 04: max_mismatchPQ=5.923e-01, NN_max_dAng=1.604e-02, NN_max_dV=1.205e-02  True_errAng=9.024e-02, True_errV=2.891e-02
[sample 042] iter 05: max_mismatchPQ=5.039e-01, NN_max_dAng=9.283e-03, NN_max_dV=8.752e-03  True_errAng=8.885e-02, True_errV=2.020e-02
[sample 042] iter 06: max_mismatchPQ=4.270e-01, NN_max_dAng=6.876e-03, NN_max_dV=5.987e-03  True_errAng=8.730e-02, True_errV=1.757e-02
[sample 042] iter 07: max_mismatchPQ=3.607e-01, NN_max_dAng=5.756e-03, NN_max_dV=4.186e-03  True_errAng=8.564e-02, True_errV=1.519e-02
[sample 042] iter 08: max_mismatchPQ=3.039e-01, NN_max_dAng=4.807e-03, NN_max_dV=2.887e-03  True_errAng=8.389e-02, True_errV=1.306e-02
[sample 042] iter 09: max_mismatchPQ=2.554e-01, NN_max_dAng=4.009e-03, NN_max_dV=1.992e-03  True_errAng=8.209e-02, True_errV=1.116e-02
[sample 042] iter 10: max_mismatchPQ=2.143e-01, NN_max_dAng=3.330e-03, NN_max_dV=1.672e-03  True_errAng=8.024e-02, True_errV=9.490e-03
[sample 042] iter 11: max_mismatchPQ=1.795e-01, NN_max_dAng=2.753e-03, NN_max_dV=1.470e-03  True_errAng=7.838e-02, True_errV=8.020e-03
[sample 042] iter 12: max_mismatchPQ=1.501e-01, NN_max_dAng=2.266e-03, NN_max_dV=1.287e-03  True_errAng=7.651e-02, True_errV=7.331e-03
[sample 042] iter 13: max_mismatchPQ=1.321e-01, NN_max_dAng=2.023e-03, NN_max_dV=1.124e-03  True_errAng=7.464e-02, True_errV=6.735e-03
[sample 042] iter 14: max_mismatchPQ=1.245e-01, NN_max_dAng=1.897e-03, NN_max_dV=9.783e-04  True_errAng=7.278e-02, True_errV=6.158e-03
[sample 042] iter 15: max_mismatchPQ=1.176e-01, NN_max_dAng=1.838e-03, NN_max_dV=8.494e-04  True_errAng=7.094e-02, True_errV=5.873e-03
[sample 042] iter 16: max_mismatchPQ=1.112e-01, NN_max_dAng=1.813e-03, NN_max_dV=7.356e-04  True_errAng=6.913e-02, True_errV=5.671e-03
[sample 042] iter 17: max_mismatchPQ=1.052e-01, NN_max_dAng=1.785e-03, NN_max_dV=6.353e-04  True_errAng=6.735e-02, True_errV=5.466e-03
[sample 042] iter 18: max_mismatchPQ=9.956e-02, NN_max_dAng=1.753e-03, NN_max_dV=5.495e-04  True_errAng=6.559e-02, True_errV=5.262e-03
[sample 042] iter 19: max_mismatchPQ=9.626e-02, NN_max_dAng=1.718e-03, NN_max_dV=4.770e-04  True_errAng=6.388e-02, True_errV=5.060e-03
[sample 042] iter 20: max_mismatchPQ=9.472e-02, NN_max_dAng=1.682e-03, NN_max_dV=4.139e-04  True_errAng=6.219e-02, True_errV=4.862e-03
[sample 042] >>> stop_reason=max_blocks, used_iter=20, max_PQ_mismatch=9.472e-02
[1;32m===== Test Sample Heatmap Cell: X=(-2.00,-1.80), PQ=(-1.20,-1.00), x_signed=-1.971227, pq_signed=-1.049407, valid_label=1 =====[0m
---- Error Metrics (Best State) ----
Angel_MAX   : 6.219321e-02
Voltage_MAX : 4.861593e-03
P_MAX       : 9.471660e-02
Q_MAX       : 2.139296e-02
P_MAE       : 1.849346e-02
Q_MAE       : 4.556418e-03
P_MSE       : 6.060596e-04
Q_MSE       : 3.590517e-05
P_RMSE      : 2.461828e-02
Q_RMSE      : 5.992092e-03

[sample 043] iter 00: max_mismatchPQ=4.051e+01, NN_max_dAng=0.000e+00, NN_max_dV=0.000e+00  True_errAng=1.877e-01, True_errV=9.263e-02
[sample 043] iter 01: max_mismatchPQ=3.981e+00, NN_max_dAng=1.254e-01, NN_max_dV=7.771e-02  True_errAng=1.174e-01, True_errV=6.813e-02
[sample 043] iter 02: max_mismatchPQ=2.691e+00, NN_max_dAng=2.999e-02, NN_max_dV=2.547e-02  True_errAng=8.736e-02, True_errV=5.331e-02
[sample 043] iter 03: max_mismatchPQ=1.395e+00, NN_max_dAng=2.983e-02, NN_max_dV=1.322e-02  True_errAng=7.372e-02, True_errV=4.386e-02
[sample 043] iter 04: max_mismatchPQ=7.984e-01, NN_max_dAng=1.911e-02, NN_max_dV=9.720e-03  True_errAng=6.904e-02, True_errV=3.657e-02
[sample 043] iter 05: max_mismatchPQ=4.590e-01, NN_max_dAng=1.119e-02, NN_max_dV=6.280e-03  True_errAng=6.484e-02, True_errV=3.054e-02
[sample 043] iter 06: max_mismatchPQ=2.950e-01, NN_max_dAng=6.907e-03, NN_max_dV=4.975e-03  True_errAng=6.106e-02, True_errV=2.557e-02
[sample 043] iter 07: max_mismatchPQ=2.179e-01, NN_max_dAng=4.543e-03, NN_max_dV=4.108e-03  True_errAng=5.762e-02, True_errV=2.146e-02
[sample 043] iter 08: max_mismatchPQ=1.888e-01, NN_max_dAng=3.163e-03, NN_max_dV=3.394e-03  True_errAng=5.448e-02, True_errV=1.806e-02
[sample 043] iter 09: max_mismatchPQ=1.725e-01, NN_max_dAng=2.882e-03, NN_max_dV=2.803e-03  True_errAng=5.160e-02, True_errV=1.526e-02
[sample 043] iter 10: max_mismatchPQ=1.580e-01, NN_max_dAng=2.646e-03, NN_max_dV=2.311e-03  True_errAng=4.895e-02, True_errV=1.295e-02
[sample 043] iter 11: max_mismatchPQ=1.452e-01, NN_max_dAng=2.437e-03, NN_max_dV=1.902e-03  True_errAng=4.652e-02, True_errV=1.105e-02
[sample 043] iter 12: max_mismatchPQ=1.338e-01, NN_max_dAng=2.250e-03, NN_max_dV=1.563e-03  True_errAng=4.427e-02, True_errV=9.484e-03
[sample 043] iter 13: max_mismatchPQ=1.238e-01, NN_max_dAng=2.081e-03, NN_max_dV=1.283e-03  True_errAng=4.219e-02, True_errV=8.201e-03
[sample 043] iter 14: max_mismatchPQ=1.149e-01, NN_max_dAng=1.926e-03, NN_max_dV=1.052e-03  True_errAng=4.026e-02, True_errV=7.149e-03
[sample 043] iter 15: max_mismatchPQ=1.069e-01, NN_max_dAng=1.788e-03, NN_max_dV=8.620e-04  True_errAng=3.847e-02, True_errV=6.287e-03
[sample 043] iter 16: max_mismatchPQ=9.991e-02, NN_max_dAng=1.665e-03, NN_max_dV=7.071e-04  True_errAng=3.681e-02, True_errV=5.582e-03
[sample 043] iter 17: max_mismatchPQ=9.363e-02, NN_max_dAng=1.555e-03, NN_max_dV=6.024e-04  True_errAng=3.525e-02, True_errV=5.006e-03
[sample 043] iter 18: max_mismatchPQ=8.801e-02, NN_max_dAng=1.457e-03, NN_max_dV=5.138e-04  True_errAng=3.380e-02, True_errV=4.536e-03
[sample 043] iter 19: max_mismatchPQ=8.298e-02, NN_max_dAng=1.368e-03, NN_max_dV=4.385e-04  True_errAng=3.243e-02, True_errV=4.154e-03
[sample 043] iter 20: max_mismatchPQ=7.845e-02, NN_max_dAng=1.288e-03, NN_max_dV=3.745e-04  True_errAng=3.114e-02, True_errV=3.845e-03
[sample 043] >>> stop_reason=max_blocks, used_iter=20, max_PQ_mismatch=7.845e-02
[1;32m===== Test Sample Heatmap Cell: X=(-2.00,-1.80), PQ=(-1.20,-1.00), x_signed=-1.878241, pq_signed=-1.172598, valid_label=1 =====[0m
---- Error Metrics (Best State) ----
Angel_MAX   : 3.113961e-02
Voltage_MAX : 3.845096e-03
P_MAX       : 7.845040e-02
Q_MAX       : 3.060018e-02
P_MAE       : 1.252158e-02
Q_MAE       : 4.372274e-03
P_MSE       : 2.599157e-04
Q_MSE       : 4.477953e-05
P_RMSE      : 1.612190e-02
Q_RMSE      : 6.691751e-03

[sample 044] iter 00: max_mismatchPQ=2.046e+01, NN_max_dAng=0.000e+00, NN_max_dV=0.000e+00  True_errAng=1.970e-01, True_errV=9.644e-02
[sample 044] iter 01: max_mismatchPQ=2.184e+00, NN_max_dAng=8.042e-02, NN_max_dV=9.395e-02  True_errAng=1.517e-01, True_errV=6.545e-02
[sample 044] iter 02: max_mismatchPQ=1.731e+00, NN_max_dAng=3.770e-02, NN_max_dV=2.473e-02  True_errAng=1.140e-01, True_errV=5.356e-02
[sample 044] iter 03: max_mismatchPQ=1.328e+00, NN_max_dAng=2.963e-02, NN_max_dV=1.543e-02  True_errAng=8.556e-02, True_errV=4.418e-02
[sample 044] iter 04: max_mismatchPQ=9.936e-01, NN_max_dAng=2.362e-02, NN_max_dV=9.822e-03  True_errAng=8.253e-02, True_errV=3.661e-02
[sample 044] iter 05: max_mismatchPQ=7.275e-01, NN_max_dAng=1.844e-02, NN_max_dV=8.053e-03  True_errAng=7.933e-02, True_errV=3.036e-02
[sample 044] iter 06: max_mismatchPQ=5.540e-01, NN_max_dAng=1.172e-02, NN_max_dV=6.351e-03  True_errAng=7.609e-02, True_errV=2.500e-02
[sample 044] iter 07: max_mismatchPQ=4.305e-01, NN_max_dAng=8.254e-03, NN_max_dV=4.845e-03  True_errAng=7.291e-02, True_errV=2.058e-02
[sample 044] iter 08: max_mismatchPQ=3.342e-01, NN_max_dAng=6.446e-03, NN_max_dV=3.623e-03  True_errAng=6.984e-02, True_errV=1.695e-02
[sample 044] iter 09: max_mismatchPQ=2.586e-01, NN_max_dAng=5.033e-03, NN_max_dV=2.967e-03  True_errAng=6.690e-02, True_errV=1.399e-02
[sample 044] iter 10: max_mismatchPQ=1.999e-01, NN_max_dAng=3.904e-03, NN_max_dV=2.428e-03  True_errAng=6.412e-02, True_errV=1.156e-02
[sample 044] iter 11: max_mismatchPQ=1.637e-01, NN_max_dAng=3.047e-03, NN_max_dV=1.985e-03  True_errAng=6.148e-02, True_errV=9.574e-03
[sample 044] iter 12: max_mismatchPQ=1.549e-01, NN_max_dAng=2.795e-03, NN_max_dV=1.621e-03  True_errAng=5.899e-02, True_errV=7.953e-03
[sample 044] iter 13: max_mismatchPQ=1.462e-01, NN_max_dAng=2.628e-03, NN_max_dV=1.322e-03  True_errAng=5.665e-02, True_errV=6.631e-03
[sample 044] iter 14: max_mismatchPQ=1.380e-01, NN_max_dAng=2.466e-03, NN_max_dV=1.076e-03  True_errAng=5.445e-02, True_errV=5.556e-03
[sample 044] iter 15: max_mismatchPQ=1.301e-01, NN_max_dAng=2.311e-03, NN_max_dV=8.730e-04  True_errAng=5.238e-02, True_errV=4.683e-03
[sample 044] iter 16: max_mismatchPQ=1.226e-01, NN_max_dAng=2.162e-03, NN_max_dV=7.065e-04  True_errAng=5.044e-02, True_errV=3.976e-03
[sample 044] iter 17: max_mismatchPQ=1.156e-01, NN_max_dAng=2.021e-03, NN_max_dV=5.697e-04  True_errAng=4.862e-02, True_errV=3.406e-03
[sample 044] iter 18: max_mismatchPQ=1.090e-01, NN_max_dAng=1.887e-03, NN_max_dV=4.575e-04  True_errAng=4.691e-02, True_errV=3.149e-03
[sample 044] iter 19: max_mismatchPQ=1.027e-01, NN_max_dAng=1.761e-03, NN_max_dV=3.655e-04  True_errAng=4.530e-02, True_errV=2.984e-03
[sample 044] iter 20: max_mismatchPQ=9.687e-02, NN_max_dAng=1.643e-03, NN_max_dV=2.903e-04  True_errAng=4.379e-02, True_errV=2.824e-03
[sample 044] >>> stop_reason=max_blocks, used_iter=20, max_PQ_mismatch=9.687e-02
[1;32m===== Test Sample Heatmap Cell: X=(-2.00,-1.80), PQ=(-1.20,-1.00), x_signed=-1.970472, pq_signed=-1.128042, valid_label=1 =====[0m
---- Error Metrics (Best State) ----
Angel_MAX   : 4.379293e-02
Voltage_MAX : 2.823532e-03
P_MAX       : 9.686932e-02
Q_MAX       : 2.762786e-02
P_MAE       : 1.806178e-02
Q_MAE       : 4.162055e-03
P_MSE       : 7.097873e-04
Q_MSE       : 3.520597e-05
P_RMSE      : 2.664183e-02
Q_RMSE      : 5.933461e-03

[sample 045] iter 00: max_mismatchPQ=3.871e+01, NN_max_dAng=0.000e+00, NN_max_dV=0.000e+00  True_errAng=1.911e-01, True_errV=9.482e-02
[sample 045] iter 01: max_mismatchPQ=2.733e+00, NN_max_dAng=1.074e-01, NN_max_dV=1.020e-01  True_errAng=1.421e-01, True_errV=7.676e-02
[sample 045] iter 02: max_mismatchPQ=1.865e+00, NN_max_dAng=3.457e-02, NN_max_dV=2.544e-02  True_errAng=1.076e-01, True_errV=6.772e-02
[sample 045] iter 03: max_mismatchPQ=1.274e+00, NN_max_dAng=2.348e-02, NN_max_dV=1.479e-02  True_errAng=8.409e-02, True_errV=5.985e-02
[sample 045] iter 04: max_mismatchPQ=8.788e-01, NN_max_dAng=1.577e-02, NN_max_dV=9.925e-03  True_errAng=6.831e-02, True_errV=5.283e-02
[sample 045] iter 05: max_mismatchPQ=6.223e-01, NN_max_dAng=1.104e-02, NN_max_dV=6.877e-03  True_errAng=5.727e-02, True_errV=4.660e-02
[sample 045] iter 06: max_mismatchPQ=4.538e-01, NN_max_dAng=8.174e-03, NN_max_dV=5.548e-03  True_errAng=4.910e-02, True_errV=4.105e-02
[sample 045] iter 07: max_mismatchPQ=3.420e-01, NN_max_dAng=5.997e-03, NN_max_dV=4.935e-03  True_errAng=4.310e-02, True_errV=3.612e-02
[sample 045] iter 08: max_mismatchPQ=2.666e-01, NN_max_dAng=4.546e-03, NN_max_dV=4.373e-03  True_errAng=3.963e-02, True_errV=3.174e-02
[sample 045] iter 09: max_mismatchPQ=2.139e-01, NN_max_dAng=3.615e-03, NN_max_dV=3.862e-03  True_errAng=3.793e-02, True_errV=2.788e-02
[sample 045] iter 10: max_mismatchPQ=1.783e-01, NN_max_dAng=2.971e-03, NN_max_dV=3.399e-03  True_errAng=3.632e-02, True_errV=2.448e-02
[sample 045] iter 11: max_mismatchPQ=1.577e-01, NN_max_dAng=2.502e-03, NN_max_dV=2.984e-03  True_errAng=3.482e-02, True_errV=2.150e-02
[sample 045] iter 12: max_mismatchPQ=1.401e-01, NN_max_dAng=2.151e-03, NN_max_dV=2.616e-03  True_errAng=3.343e-02, True_errV=1.888e-02
[sample 045] iter 13: max_mismatchPQ=1.249e-01, NN_max_dAng=1.878e-03, NN_max_dV=2.290e-03  True_errAng=3.216e-02, True_errV=1.659e-02
[sample 045] iter 14: max_mismatchPQ=1.120e-01, NN_max_dAng=1.709e-03, NN_max_dV=2.003e-03  True_errAng=3.098e-02, True_errV=1.459e-02
[sample 045] iter 15: max_mismatchPQ=1.008e-01, NN_max_dAng=1.565e-03, NN_max_dV=1.752e-03  True_errAng=2.990e-02, True_errV=1.284e-02
[sample 045] iter 16: max_mismatchPQ=9.117e-02, NN_max_dAng=1.439e-03, NN_max_dV=1.532e-03  True_errAng=2.890e-02, True_errV=1.131e-02
[sample 045] iter 17: max_mismatchPQ=8.279e-02, NN_max_dAng=1.329e-03, NN_max_dV=1.339e-03  True_errAng=2.797e-02, True_errV=9.968e-03
[sample 045] iter 18: max_mismatchPQ=7.548e-02, NN_max_dAng=1.232e-03, NN_max_dV=1.172e-03  True_errAng=2.712e-02, True_errV=8.796e-03
[sample 045] iter 19: max_mismatchPQ=6.907e-02, NN_max_dAng=1.146e-03, NN_max_dV=1.026e-03  True_errAng=2.633e-02, True_errV=7.770e-03
[sample 045] iter 20: max_mismatchPQ=6.342e-02, NN_max_dAng=1.069e-03, NN_max_dV=8.987e-04  True_errAng=2.560e-02, True_errV=6.871e-03
[sample 045] >>> stop_reason=max_blocks, used_iter=20, max_PQ_mismatch=6.342e-02
[1;32m===== Test Sample Heatmap Cell: X=(-2.00,-1.80), PQ=(-1.20,-1.00), x_signed=-1.911818, pq_signed=-1.099705, valid_label=1 =====[0m
---- Error Metrics (Best State) ----
Angel_MAX   : 2.560148e-02
Voltage_MAX : 6.871283e-03
P_MAX       : 6.342287e-02
Q_MAX       : 2.865404e-02
P_MAE       : 1.492055e-02
Q_MAE       : 4.042728e-03
P_MSE       : 4.109057e-04
Q_MSE       : 3.804963e-05
P_RMSE      : 2.027081e-02
Q_RMSE      : 6.168438e-03

[sample 046] iter 00: max_mismatchPQ=1.997e+01, NN_max_dAng=0.000e+00, NN_max_dV=0.000e+00  True_errAng=1.953e-01, True_errV=9.419e-02
[sample 046] iter 01: max_mismatchPQ=2.396e+00, NN_max_dAng=8.712e-02, NN_max_dV=9.664e-02  True_errAng=1.082e-01, True_errV=6.940e-02
[sample 046] iter 02: max_mismatchPQ=1.243e+00, NN_max_dAng=2.637e-02, NN_max_dV=2.485e-02  True_errAng=8.184e-02, True_errV=5.023e-02
[sample 046] iter 03: max_mismatchPQ=9.458e-01, NN_max_dAng=1.631e-02, NN_max_dV=1.611e-02  True_errAng=6.553e-02, True_errV=3.475e-02
[sample 046] iter 04: max_mismatchPQ=6.936e-01, NN_max_dAng=1.259e-02, NN_max_dV=1.141e-02  True_errAng=5.553e-02, True_errV=2.334e-02
[sample 046] iter 05: max_mismatchPQ=4.938e-01, NN_max_dAng=9.383e-03, NN_max_dV=8.115e-03  True_errAng=5.429e-02, True_errV=1.635e-02
[sample 046] iter 06: max_mismatchPQ=3.785e-01, NN_max_dAng=6.758e-03, NN_max_dV=5.387e-03  True_errAng=5.296e-02, True_errV=1.224e-02
[sample 046] iter 07: max_mismatchPQ=3.219e-01, NN_max_dAng=4.713e-03, NN_max_dV=3.469e-03  True_errAng=5.157e-02, True_errV=9.390e-03
[sample 046] iter 08: max_mismatchPQ=2.733e-01, NN_max_dAng=3.953e-03, NN_max_dV=2.249e-03  True_errAng=5.013e-02, True_errV=7.254e-03
[sample 046] iter 09: max_mismatchPQ=2.316e-01, NN_max_dAng=3.504e-03, NN_max_dV=1.665e-03  True_errAng=4.868e-02, True_errV=5.589e-03
[sample 046] iter 10: max_mismatchPQ=1.985e-01, NN_max_dAng=3.099e-03, NN_max_dV=1.289e-03  True_errAng=4.722e-02, True_errV=4.300e-03
[sample 046] iter 11: max_mismatchPQ=1.765e-01, NN_max_dAng=2.736e-03, NN_max_dV=9.836e-04  True_errAng=4.577e-02, True_errV=4.317e-03
[sample 046] iter 12: max_mismatchPQ=1.570e-01, NN_max_dAng=2.411e-03, NN_max_dV=7.440e-04  True_errAng=4.432e-02, True_errV=4.360e-03
[sample 046] iter 13: max_mismatchPQ=1.398e-01, NN_max_dAng=2.121e-03, NN_max_dV=5.610e-04  True_errAng=4.290e-02, True_errV=4.362e-03
[sample 046] iter 14: max_mismatchPQ=1.245e-01, NN_max_dAng=1.863e-03, NN_max_dV=4.230e-04  True_errAng=4.150e-02, True_errV=4.333e-03
[sample 046] iter 15: max_mismatchPQ=1.110e-01, NN_max_dAng=1.633e-03, NN_max_dV=3.229e-04  True_errAng=4.012e-02, True_errV=4.280e-03
[sample 046] iter 16: max_mismatchPQ=9.908e-02, NN_max_dAng=1.429e-03, NN_max_dV=2.635e-04  True_errAng=3.878e-02, True_errV=4.209e-03
[sample 046] iter 17: max_mismatchPQ=8.852e-02, NN_max_dAng=1.308e-03, NN_max_dV=2.294e-04  True_errAng=3.747e-02, True_errV=4.125e-03
[sample 046] iter 18: max_mismatchPQ=7.916e-02, NN_max_dAng=1.273e-03, NN_max_dV=2.000e-04  True_errAng=3.620e-02, True_errV=4.033e-03
[sample 046] iter 19: max_mismatchPQ=7.196e-02, NN_max_dAng=1.238e-03, NN_max_dV=1.745e-04  True_errAng=3.496e-02, True_errV=3.936e-03
[sample 046] iter 20: max_mismatchPQ=7.028e-02, NN_max_dAng=1.202e-03, NN_max_dV=1.525e-04  True_errAng=3.376e-02, True_errV=3.837e-03
[sample 046] >>> stop_reason=max_blocks, used_iter=20, max_PQ_mismatch=7.028e-02
[1;32m===== Test Sample Heatmap Cell: X=(-2.00,-1.80), PQ=(-1.20,-1.00), x_signed=-1.954255, pq_signed=-1.067499, valid_label=1 =====[0m
---- Error Metrics (Best State) ----
Angel_MAX   : 3.376016e-02
Voltage_MAX : 3.837347e-03
P_MAX       : 7.027741e-02
Q_MAX       : 1.221226e-02
P_MAE       : 1.390642e-02
Q_MAE       : 3.375207e-03
P_MSE       : 3.484685e-04
Q_MSE       : 1.710804e-05
P_RMSE      : 1.866731e-02
Q_RMSE      : 4.136187e-03

[sample 047] iter 00: max_mismatchPQ=4.163e+01, NN_max_dAng=0.000e+00, NN_max_dV=0.000e+00  True_errAng=9.494e-02, True_errV=1.914e-01
[sample 047] iter 01: max_mismatchPQ=4.080e+00, NN_max_dAng=9.727e-02, NN_max_dV=9.650e-02  True_errAng=7.137e-02, True_errV=9.731e-02
[sample 047] iter 02: max_mismatchPQ=1.546e+00, NN_max_dAng=2.310e-02, NN_max_dV=4.154e-02  True_errAng=6.355e-02, True_errV=6.520e-02
[sample 047] iter 03: max_mismatchPQ=7.443e-01, NN_max_dAng=1.362e-02, NN_max_dV=1.977e-02  True_errAng=5.637e-02, True_errV=4.901e-02
[sample 047] iter 04: max_mismatchPQ=5.360e-01, NN_max_dAng=1.053e-02, NN_max_dV=1.356e-02  True_errAng=5.091e-02, True_errV=3.545e-02
[sample 047] iter 05: max_mismatchPQ=3.812e-01, NN_max_dAng=7.882e-03, NN_max_dV=1.023e-02  True_errAng=4.635e-02, True_errV=2.522e-02
[sample 047] iter 06: max_mismatchPQ=2.686e-01, NN_max_dAng=5.794e-03, NN_max_dV=7.237e-03  True_errAng=4.235e-02, True_errV=2.160e-02
[sample 047] iter 07: max_mismatchPQ=2.180e-01, NN_max_dAng=4.210e-03, NN_max_dV=4.971e-03  True_errAng=3.886e-02, True_errV=1.915e-02
[sample 047] iter 08: max_mismatchPQ=1.897e-01, NN_max_dAng=3.466e-03, NN_max_dV=3.398e-03  True_errAng=3.581e-02, True_errV=1.694e-02
[sample 047] iter 09: max_mismatchPQ=1.654e-01, NN_max_dAng=3.068e-03, NN_max_dV=2.385e-03  True_errAng=3.314e-02, True_errV=1.497e-02
[sample 047] iter 10: max_mismatchPQ=1.445e-01, NN_max_dAng=2.719e-03, NN_max_dV=1.789e-03  True_errAng=3.078e-02, True_errV=1.322e-02
[sample 047] iter 11: max_mismatchPQ=1.265e-01, NN_max_dAng=2.413e-03, NN_max_dV=1.558e-03  True_errAng=2.869e-02, True_errV=1.166e-02
[sample 047] iter 12: max_mismatchPQ=1.110e-01, NN_max_dAng=2.147e-03, NN_max_dV=1.379e-03  True_errAng=2.684e-02, True_errV=1.028e-02
[sample 047] iter 13: max_mismatchPQ=9.749e-02, NN_max_dAng=1.915e-03, NN_max_dV=1.218e-03  True_errAng=2.520e-02, True_errV=9.061e-03
[sample 047] iter 14: max_mismatchPQ=8.582e-02, NN_max_dAng=1.713e-03, NN_max_dV=1.075e-03  True_errAng=2.374e-02, True_errV=7.986e-03
[sample 047] iter 15: max_mismatchPQ=7.568e-02, NN_max_dAng=1.537e-03, NN_max_dV=9.472e-04  True_errAng=2.246e-02, True_errV=7.039e-03
[sample 047] iter 16: max_mismatchPQ=6.750e-02, NN_max_dAng=1.384e-03, NN_max_dV=8.344e-04  True_errAng=2.135e-02, True_errV=6.205e-03
[sample 047] iter 17: max_mismatchPQ=6.044e-02, NN_max_dAng=1.249e-03, NN_max_dV=7.349e-04  True_errAng=2.048e-02, True_errV=5.470e-03
[sample 047] iter 18: max_mismatchPQ=5.428e-02, NN_max_dAng=1.131e-03, NN_max_dV=6.472e-04  True_errAng=1.971e-02, True_errV=4.823e-03
[sample 047] iter 19: max_mismatchPQ=4.891e-02, NN_max_dAng=1.028e-03, NN_max_dV=5.700e-04  True_errAng=1.901e-02, True_errV=4.253e-03
[sample 047] iter 20: max_mismatchPQ=4.488e-02, NN_max_dAng=9.363e-04, NN_max_dV=5.022e-04  True_errAng=1.839e-02, True_errV=3.751e-03
[sample 047] >>> stop_reason=max_blocks, used_iter=20, max_PQ_mismatch=4.488e-02
[1;32m===== Test Sample Heatmap Cell: X=(-2.00,-1.80), PQ=(-1.20,-1.00), x_signed=-1.926130, pq_signed=-1.104762, valid_label=1 =====[0m
---- Error Metrics (Best State) ----
Angel_MAX   : 1.838958e-02
Voltage_MAX : 3.750563e-03
P_MAX       : 4.487923e-02
Q_MAX       : 1.582918e-02
P_MAE       : 1.273522e-02
Q_MAE       : 3.549856e-03
P_MSE       : 2.726024e-04
Q_MSE       : 2.016274e-05
P_RMSE      : 1.651067e-02
Q_RMSE      : 4.490294e-03

[sample 048] iter 00: max_mismatchPQ=1.348e+01, NN_max_dAng=0.000e+00, NN_max_dV=0.000e+00  True_errAng=1.886e-01, True_errV=9.147e-02
[sample 048] iter 01: max_mismatchPQ=2.710e+00, NN_max_dAng=9.772e-02, NN_max_dV=8.442e-02  True_errAng=9.088e-02, True_errV=6.170e-02
[sample 048] iter 02: max_mismatchPQ=1.130e+00, NN_max_dAng=3.568e-02, NN_max_dV=2.263e-02  True_errAng=7.300e-02, True_errV=5.631e-02
[sample 048] iter 03: max_mismatchPQ=7.095e-01, NN_max_dAng=1.799e-02, NN_max_dV=1.450e-02  True_errAng=6.738e-02, True_errV=5.100e-02
[sample 048] iter 04: max_mismatchPQ=5.666e-01, NN_max_dAng=1.030e-02, NN_max_dV=8.929e-03  True_errAng=6.209e-02, True_errV=4.592e-02
[sample 048] iter 05: max_mismatchPQ=4.749e-01, NN_max_dAng=7.877e-03, NN_max_dV=5.295e-03  True_errAng=5.707e-02, True_errV=4.116e-02
[sample 048] iter 06: max_mismatchPQ=4.025e-01, NN_max_dAng=5.904e-03, NN_max_dV=4.395e-03  True_errAng=5.304e-02, True_errV=3.677e-02
[sample 048] iter 07: max_mismatchPQ=3.414e-01, NN_max_dAng=4.711e-03, NN_max_dV=4.025e-03  True_errAng=5.057e-02, True_errV=3.274e-02
[sample 048] iter 08: max_mismatchPQ=2.899e-01, NN_max_dAng=4.005e-03, NN_max_dV=3.666e-03  True_errAng=4.820e-02, True_errV=2.908e-02
[sample 048] iter 09: max_mismatchPQ=2.462e-01, NN_max_dAng=3.626e-03, NN_max_dV=3.320e-03  True_errAng=4.589e-02, True_errV=2.576e-02
[sample 048] iter 10: max_mismatchPQ=2.092e-01, NN_max_dAng=3.302e-03, NN_max_dV=2.993e-03  True_errAng=4.362e-02, True_errV=2.276e-02
[sample 048] iter 11: max_mismatchPQ=1.901e-01, NN_max_dAng=2.996e-03, NN_max_dV=2.685e-03  True_errAng=4.146e-02, True_errV=2.008e-02
[sample 048] iter 12: max_mismatchPQ=1.727e-01, NN_max_dAng=2.708e-03, NN_max_dV=2.399e-03  True_errAng=3.945e-02, True_errV=1.768e-02
[sample 048] iter 13: max_mismatchPQ=1.567e-01, NN_max_dAng=2.440e-03, NN_max_dV=2.137e-03  True_errAng=3.762e-02, True_errV=1.554e-02
[sample 048] iter 14: max_mismatchPQ=1.420e-01, NN_max_dAng=2.192e-03, NN_max_dV=1.898e-03  True_errAng=3.599e-02, True_errV=1.365e-02
[sample 048] iter 15: max_mismatchPQ=1.286e-01, NN_max_dAng=1.964e-03, NN_max_dV=1.682e-03  True_errAng=3.454e-02, True_errV=1.196e-02
[sample 048] iter 16: max_mismatchPQ=1.164e-01, NN_max_dAng=1.754e-03, NN_max_dV=1.488e-03  True_errAng=3.325e-02, True_errV=1.048e-02
[sample 048] iter 17: max_mismatchPQ=1.053e-01, NN_max_dAng=1.562e-03, NN_max_dV=1.314e-03  True_errAng=3.212e-02, True_errV=9.161e-03
[sample 048] iter 18: max_mismatchPQ=9.517e-02, NN_max_dAng=1.387e-03, NN_max_dV=1.160e-03  True_errAng=3.110e-02, True_errV=8.001e-03
[sample 048] iter 19: max_mismatchPQ=8.602e-02, NN_max_dAng=1.229e-03, NN_max_dV=1.023e-03  True_errAng=3.021e-02, True_errV=6.978e-03
[sample 048] iter 20: max_mismatchPQ=7.775e-02, NN_max_dAng=1.084e-03, NN_max_dV=9.023e-04  True_errAng=2.941e-02, True_errV=6.075e-03
[sample 048] >>> stop_reason=max_blocks, used_iter=20, max_PQ_mismatch=7.775e-02
[1;32m===== Test Sample Heatmap Cell: X=(-2.00,-1.80), PQ=(-1.20,-1.00), x_signed=-1.886913, pq_signed=-1.147048, valid_label=1 =====[0m
---- Error Metrics (Best State) ----
Angel_MAX   : 2.940506e-02
Voltage_MAX : 6.075263e-03
P_MAX       : 7.774764e-02
Q_MAX       : 3.379093e-02
P_MAE       : 1.698797e-02
Q_MAE       : 4.150748e-03
P_MSE       : 4.764093e-04
Q_MSE       : 4.115918e-05
P_RMSE      : 2.182680e-02
Q_RMSE      : 6.415542e-03

[sample 049] iter 00: max_mismatchPQ=5.413e+01, NN_max_dAng=0.000e+00, NN_max_dV=0.000e+00  True_errAng=8.964e-02, True_errV=1.798e-01
[sample 049] iter 01: max_mismatchPQ=8.674e+00, NN_max_dAng=1.609e-01, NN_max_dV=9.582e-02  True_errAng=1.155e-01, True_errV=1.304e-01
[sample 049] iter 02: max_mismatchPQ=2.938e+00, NN_max_dAng=5.252e-02, NN_max_dV=4.607e-02  True_errAng=6.497e-02, True_errV=8.996e-02
[sample 049] iter 03: max_mismatchPQ=1.159e+00, NN_max_dAng=2.228e-02, NN_max_dV=3.124e-02  True_errAng=6.086e-02, True_errV=5.872e-02
[sample 049] iter 04: max_mismatchPQ=6.572e-01, NN_max_dAng=1.228e-02, NN_max_dV=2.270e-02  True_errAng=5.678e-02, True_errV=3.601e-02
[sample 049] iter 05: max_mismatchPQ=4.786e-01, NN_max_dAng=7.586e-03, NN_max_dV=1.514e-02  True_errAng=5.296e-02, True_errV=2.992e-02
[sample 049] iter 06: max_mismatchPQ=3.773e-01, NN_max_dAng=6.843e-03, NN_max_dV=9.159e-03  True_errAng=4.949e-02, True_errV=2.606e-02
[sample 049] iter 07: max_mismatchPQ=2.980e-01, NN_max_dAng=5.450e-03, NN_max_dV=5.020e-03  True_errAng=4.641e-02, True_errV=2.279e-02
[sample 049] iter 08: max_mismatchPQ=2.411e-01, NN_max_dAng=4.073e-03, NN_max_dV=2.770e-03  True_errAng=4.370e-02, True_errV=2.002e-02
[sample 049] iter 09: max_mismatchPQ=2.174e-01, NN_max_dAng=3.375e-03, NN_max_dV=2.351e-03  True_errAng=4.132e-02, True_errV=1.767e-02
[sample 049] iter 10: max_mismatchPQ=1.964e-01, NN_max_dAng=3.022e-03, NN_max_dV=1.999e-03  True_errAng=3.924e-02, True_errV=1.567e-02
[sample 049] iter 11: max_mismatchPQ=1.777e-01, NN_max_dAng=2.708e-03, NN_max_dV=1.704e-03  True_errAng=3.740e-02, True_errV=1.397e-02
[sample 049] iter 12: max_mismatchPQ=1.611e-01, NN_max_dAng=2.427e-03, NN_max_dV=1.456e-03  True_errAng=3.578e-02, True_errV=1.251e-02
[sample 049] iter 13: max_mismatchPQ=1.463e-01, NN_max_dAng=2.176e-03, NN_max_dV=1.248e-03  True_errAng=3.433e-02, True_errV=1.126e-02
[sample 049] iter 14: max_mismatchPQ=1.330e-01, NN_max_dAng=1.952e-03, NN_max_dV=1.072e-03  True_errAng=3.304e-02, True_errV=1.019e-02
[sample 049] iter 15: max_mismatchPQ=1.212e-01, NN_max_dAng=1.750e-03, NN_max_dV=9.223e-04  True_errAng=3.195e-02, True_errV=9.267e-03
[sample 049] iter 16: max_mismatchPQ=1.106e-01, NN_max_dAng=1.570e-03, NN_max_dV=7.956e-04  True_errAng=3.104e-02, True_errV=8.471e-03
[sample 049] iter 17: max_mismatchPQ=1.010e-01, NN_max_dAng=1.408e-03, NN_max_dV=6.877e-04  True_errAng=3.019e-02, True_errV=7.784e-03
[sample 049] iter 18: max_mismatchPQ=9.251e-02, NN_max_dAng=1.262e-03, NN_max_dV=5.957e-04  True_errAng=2.938e-02, True_errV=7.188e-03
[sample 049] iter 19: max_mismatchPQ=8.485e-02, NN_max_dAng=1.132e-03, NN_max_dV=5.171e-04  True_errAng=2.862e-02, True_errV=6.671e-03
[sample 049] iter 20: max_mismatchPQ=7.797e-02, NN_max_dAng=1.014e-03, NN_max_dV=4.498e-04  True_errAng=2.790e-02, True_errV=6.221e-03
[sample 049] >>> stop_reason=max_blocks, used_iter=20, max_PQ_mismatch=7.797e-02
[1;32m===== Test Sample Heatmap Cell: X=(-2.00,-1.80), PQ=(-1.20,-1.00), x_signed=-1.809691, pq_signed=-1.104848, valid_label=1 =====[0m
---- Error Metrics (Best State) ----
Angel_MAX   : 2.790450e-02
Voltage_MAX : 6.221175e-03
P_MAX       : 7.797179e-02
Q_MAX       : 2.315769e-02
P_MAE       : 1.512320e-02
Q_MAE       : 3.950407e-03
P_MSE       : 3.688033e-04
Q_MSE       : 3.253512e-05
P_RMSE      : 1.920425e-02
Q_RMSE      : 5.703956e-03

[sample 050] iter 00: max_mismatchPQ=2.187e+01, NN_max_dAng=0.000e+00, NN_max_dV=0.000e+00  True_errAng=1.833e-01, True_errV=8.885e-02
[sample 050] iter 01: max_mismatchPQ=3.735e+00, NN_max_dAng=1.278e-01, NN_max_dV=9.619e-02  True_errAng=7.571e-02, True_errV=7.657e-02
[sample 050] iter 02: max_mismatchPQ=1.498e+00, NN_max_dAng=2.881e-02, NN_max_dV=2.290e-02  True_errAng=6.871e-02, True_errV=5.871e-02
[sample 050] iter 03: max_mismatchPQ=8.568e-01, NN_max_dAng=1.519e-02, NN_max_dV=1.665e-02  True_errAng=6.605e-02, True_errV=4.688e-02
[sample 050] iter 04: max_mismatchPQ=4.818e-01, NN_max_dAng=1.006e-02, NN_max_dV=1.328e-02  True_errAng=6.494e-02, True_errV=3.983e-02
[sample 050] iter 05: max_mismatchPQ=2.839e-01, NN_max_dAng=5.971e-03, NN_max_dV=9.477e-03  True_errAng=6.356e-02, True_errV=3.387e-02
[sample 050] iter 06: max_mismatchPQ=2.413e-01, NN_max_dAng=4.776e-03, NN_max_dV=6.379e-03  True_errAng=6.201e-02, True_errV=2.883e-02
[sample 050] iter 07: max_mismatchPQ=2.196e-01, NN_max_dAng=3.942e-03, NN_max_dV=4.289e-03  True_errAng=6.039e-02, True_errV=2.455e-02
[sample 050] iter 08: max_mismatchPQ=1.992e-01, NN_max_dAng=3.499e-03, NN_max_dV=3.676e-03  True_errAng=5.871e-02, True_errV=2.087e-02
[sample 050] iter 09: max_mismatchPQ=1.801e-01, NN_max_dAng=3.206e-03, NN_max_dV=3.163e-03  True_errAng=5.702e-02, True_errV=1.771e-02
[sample 050] iter 10: max_mismatchPQ=1.625e-01, NN_max_dAng=2.921e-03, NN_max_dV=2.726e-03  True_errAng=5.532e-02, True_errV=1.498e-02
[sample 050] iter 11: max_mismatchPQ=1.465e-01, NN_max_dAng=2.655e-03, NN_max_dV=2.349e-03  True_errAng=5.364e-02, True_errV=1.263e-02
[sample 050] iter 12: max_mismatchPQ=1.318e-01, NN_max_dAng=2.411e-03, NN_max_dV=2.027e-03  True_errAng=5.199e-02, True_errV=1.060e-02
[sample 050] iter 13: max_mismatchPQ=1.185e-01, NN_max_dAng=2.193e-03, NN_max_dV=1.759e-03  True_errAng=5.036e-02, True_errV=8.846e-03
[sample 050] iter 14: max_mismatchPQ=1.063e-01, NN_max_dAng=1.996e-03, NN_max_dV=1.528e-03  True_errAng=4.877e-02, True_errV=7.317e-03
[sample 050] iter 15: max_mismatchPQ=9.528e-02, NN_max_dAng=1.822e-03, NN_max_dV=1.325e-03  True_errAng=4.721e-02, True_errV=5.992e-03
[sample 050] iter 16: max_mismatchPQ=8.541e-02, NN_max_dAng=1.666e-03, NN_max_dV=1.146e-03  True_errAng=4.569e-02, True_errV=4.846e-03
[sample 050] iter 17: max_mismatchPQ=8.367e-02, NN_max_dAng=1.524e-03, NN_max_dV=9.886e-04  True_errAng=4.420e-02, True_errV=4.210e-03
[sample 050] iter 18: max_mismatchPQ=8.185e-02, NN_max_dAng=1.442e-03, NN_max_dV=8.517e-04  True_errAng=4.276e-02, True_errV=3.810e-03
[sample 050] iter 19: max_mismatchPQ=7.998e-02, NN_max_dAng=1.403e-03, NN_max_dV=7.327e-04  True_errAng=4.136e-02, True_errV=3.452e-03
[sample 050] iter 20: max_mismatchPQ=7.808e-02, NN_max_dAng=1.363e-03, NN_max_dV=6.298e-04  True_errAng=4.000e-02, True_errV=3.131e-03
[sample 050] >>> stop_reason=max_blocks, used_iter=20, max_PQ_mismatch=7.808e-02
[1;32m===== Test Sample Heatmap Cell: X=(-2.00,-1.80), PQ=(-1.20,-1.00), x_signed=-1.833979, pq_signed=-1.113961, valid_label=1 =====[0m
---- Error Metrics (Best State) ----
Angel_MAX   : 3.999609e-02
Voltage_MAX : 3.130794e-03
P_MAX       : 7.808287e-02
Q_MAX       : 7.215270e-03
P_MAE       : 1.333256e-02
Q_MAE       : 2.869222e-03
P_MSE       : 3.220907e-04
Q_MSE       : 1.142461e-05
P_RMSE      : 1.794689e-02
Q_RMSE      : 3.380030e-03


===== Batch Full-Test Summary By Heatmap Cell =====
X=[-2.0,-1.8], PQ=[-2.0,-1.8]: count:10, ill:0, avg_iter:20.00, Ang_MAX:4.369277e-02, Vol_MAX:6.052792e-03, Ang_mean±std:2.833465e-02±7.024176e-03, Vol_mean±std:3.279418e-03±1.288392e-03, P_MAX:7.165e-02, Q_MAX:3.984e-02, P_mean±std:5.958501e-02±8.307490e-03, Q_mean±std:1.816241e-02±7.974704e-03, P_RMSE:1.984e-02, Q_RMSE:5.352e-03, Success rate (<0.1):1.000000, Success rate (<0.01):0.000000, Success rate (<0.001):0.000000
X=[-2.0,-1.8], PQ=[-1.8,-1.6]: count:10, ill:0, avg_iter:20.00, Ang_MAX:4.037893e-02, Vol_MAX:5.960643e-03, Ang_mean±std:3.026898e-02±7.130397e-03, Vol_mean±std:4.288608e-03±1.135164e-03, P_MAX:1.025e-01, Q_MAX:4.816e-02, P_mean±std:7.432672e-02±1.415041e-02, Q_mean±std:2.584731e-02±9.295818e-03, P_RMSE:2.051e-02, Q_RMSE:6.233e-03, Success rate (<0.1):0.900000, Success rate (<0.01):0.000000, Success rate (<0.001):0.000000
X=[-2.0,-1.8], PQ=[-1.6,-1.4]: count:10, ill:0, avg_iter:20.00, Ang_MAX:5.573505e-02, Vol_MAX:5.200922e-03, Ang_mean±std:3.547467e-02±7.399768e-03, Vol_mean±std:3.951460e-03±1.148777e-03, P_MAX:9.214e-02, Q_MAX:3.377e-02, P_mean±std:6.974207e-02±1.009896e-02, Q_mean±std:2.395297e-02±6.921851e-03, P_RMSE:2.076e-02, Q_RMSE:5.968e-03, Success rate (<0.1):1.000000, Success rate (<0.01):0.000000, Success rate (<0.001):0.000000
X=[-2.0,-1.8], PQ=[-1.4,-1.2]: count:10, ill:0, avg_iter:20.00, Ang_MAX:3.831992e-02, Vol_MAX:6.624043e-03, Ang_mean±std:2.464107e-02±6.863274e-03, Vol_mean±std:3.836292e-03±1.213258e-03, P_MAX:8.918e-02, Q_MAX:3.525e-02, P_mean±std:6.541461e-02±1.214829e-02, Q_mean±std:1.920029e-02±6.951728e-03, P_RMSE:2.029e-02, Q_RMSE:5.570e-03, Success rate (<0.1):1.000000, Success rate (<0.01):0.000000, Success rate (<0.001):0.000000
X=[-2.0,-1.8], PQ=[-1.2,-1.0]: count:10, ill:0, avg_iter:20.00, Ang_MAX:6.219321e-02, Vol_MAX:6.871283e-03, Ang_mean±std:3.369657e-02±1.179606e-02, Vol_mean±std:4.664910e-03±1.325787e-03, P_MAX:9.687e-02, Q_MAX:3.379e-02, P_mean±std:7.623663e-02±1.406267e-02, Q_mean±std:2.157604e-02±8.285377e-03, P_RMSE:2.011e-02, Q_RMSE:5.333e-03, Success rate (<0.1):1.000000, Success rate (<0.01):0.000000, Success rate (<0.001):0.000000
X=[-2.0,-1.8], PQ=[-1.0,-0.8]: count:10, ill:0, avg_iter:20.00, Ang_MAX:4.317348e-02, Vol_MAX:6.706238e-03, Ang_mean±std:2.664552e-02±6.624478e-03, Vol_mean±std:4.293805e-03±1.425617e-03, P_MAX:7.635e-02, Q_MAX:5.732e-02, P_mean±std:5.905744e-02±9.961966e-03, Q_mean±std:2.683684e-02±1.329335e-02, P_RMSE:1.879e-02, Q_RMSE:6.071e-03, Success rate (<0.1):1.000000, Success rate (<0.01):0.000000, Success rate (<0.001):0.000000
X=[-2.0,-1.8], PQ=[-0.8,-0.6]: count:10, ill:0, avg_iter:20.00, Ang_MAX:4.866455e-02, Vol_MAX:1.049256e-02, Ang_mean±std:2.926058e-02±8.570628e-03, Vol_mean±std:4.988217e-03±2.144884e-03, P_MAX:1.316e-01, Q_MAX:3.328e-02, P_mean±std:7.868864e-02±2.340092e-02, Q_mean±std:2.299623e-02±7.561943e-03, P_RMSE:1.930e-02, Q_RMSE:5.693e-03, Success rate (<0.1):0.800000, Success rate (<0.01):0.000000, Success rate (<0.001):0.000000
X=[-2.0,-1.8], PQ=[-0.6,-0.4]: count:10, ill:0, avg_iter:20.00, Ang_MAX:5.016196e-02, Vol_MAX:6.134927e-03, Ang_mean±std:2.844768e-02±1.038466e-02, Vol_mean±std:3.796327e-03±1.440171e-03, P_MAX:8.983e-02, Q_MAX:2.977e-02, P_mean±std:6.303787e-02±1.648029e-02, Q_mean±std:1.920717e-02±4.782184e-03, P_RMSE:1.860e-02, Q_RMSE:5.123e-03, Success rate (<0.1):1.000000, Success rate (<0.01):0.000000, Success rate (<0.001):0.000000
X=[-2.0,-1.8], PQ=[-0.4,-0.2]: count:10, ill:0, avg_iter:20.00, Ang_MAX:5.251473e-02, Vol_MAX:7.847726e-03, Ang_mean±std:3.130527e-02±1.019809e-02, Vol_mean±std:4.306763e-03±1.806442e-03, P_MAX:7.912e-02, Q_MAX:3.835e-02, P_mean±std:5.969125e-02±8.484032e-03, Q_mean±std:2.259331e-02±8.559875e-03, P_RMSE:1.869e-02, Q_RMSE:5.590e-03, Success rate (<0.1):1.000000, Success rate (<0.01):0.000000, Success rate (<0.001):0.000000
X=[-2.0,-1.8], PQ=[-0.2,0.0]: count:10, ill:0, avg_iter:20.00, Ang_MAX:3.580213e-02, Vol_MAX:6.592929e-03, Ang_mean±std:2.706786e-02±4.414570e-03, Vol_mean±std:4.117811e-03±1.314544e-03, P_MAX:9.894e-02, Q_MAX:3.293e-02, P_mean±std:7.227782e-02±1.200525e-02, Q_mean±std:2.239002e-02±6.500155e-03, P_RMSE:1.970e-02, Q_RMSE:5.630e-03, Success rate (<0.1):1.000000, Success rate (<0.01):0.000000, Success rate (<0.001):0.000000
X=[-2.0,-1.8], PQ=[0.0,0.2]: count:10, ill:0, avg_iter:20.00, Ang_MAX:3.410429e-02, Vol_MAX:6.403148e-03, Ang_mean±std:2.455630e-02±5.436341e-03, Vol_mean±std:3.833652e-03±1.347544e-03, P_MAX:1.001e-01, Q_MAX:3.152e-02, P_mean±std:6.691689e-02±1.499513e-02, Q_mean±std:2.151952e-02±5.177720e-03, P_RMSE:1.905e-02, Q_RMSE:5.170e-03, Success rate (<0.1):0.900000, Success rate (<0.01):0.000000, Success rate (<0.001):0.000000
X=[-2.0,-1.8], PQ=[0.2,0.4]: count:10, ill:0, avg_iter:20.00, Ang_MAX:4.490250e-02, Vol_MAX:6.316841e-03, Ang_mean±std:2.832187e-02±7.044067e-03, Vol_mean±std:4.348248e-03±1.361587e-03, P_MAX:9.718e-02, Q_MAX:3.054e-02, P_mean±std:7.577093e-02±9.367434e-03, Q_mean±std:2.112123e-02±5.776938e-03, P_RMSE:2.161e-02, Q_RMSE:5.439e-03, Success rate (<0.1):1.000000, Success rate (<0.01):0.000000, Success rate (<0.001):0.000000
X=[-2.0,-1.8], PQ=[0.4,0.6]: count:10, ill:0, avg_iter:20.00, Ang_MAX:4.401907e-02, Vol_MAX:6.140769e-03, Ang_mean±std:2.717409e-02±6.754194e-03, Vol_mean±std:4.265612e-03±1.352258e-03, P_MAX:9.689e-02, Q_MAX:4.071e-02, P_mean±std:6.416812e-02±1.365118e-02, Q_mean±std:2.696372e-02±8.417128e-03, P_RMSE:1.942e-02, Q_RMSE:5.816e-03, Success rate (<0.1):1.000000, Success rate (<0.01):0.000000, Success rate (<0.001):0.000000
X=[-2.0,-1.8], PQ=[0.6,0.8]: count:10, ill:0, avg_iter:20.00, Ang_MAX:4.444909e-02, Vol_MAX:5.574644e-03, Ang_mean±std:3.112942e-02±7.886903e-03, Vol_mean±std:3.826070e-03±1.045021e-03, P_MAX:9.272e-02, Q_MAX:3.438e-02, P_mean±std:6.649153e-02±1.359006e-02, Q_mean±std:2.176339e-02±7.640011e-03, P_RMSE:1.946e-02, Q_RMSE:5.419e-03, Success rate (<0.1):1.000000, Success rate (<0.01):0.000000, Success rate (<0.001):0.000000
X=[-2.0,-1.8], PQ=[0.8,1.0]: count:10, ill:0, avg_iter:20.00, Ang_MAX:5.309325e-02, Vol_MAX:5.714655e-03, Ang_mean±std:3.357544e-02±7.913550e-03, Vol_mean±std:3.834236e-03±1.189328e-03, P_MAX:8.779e-02, Q_MAX:5.593e-02, P_mean±std:7.035119e-02±1.067399e-02, Q_mean±std:2.475584e-02±1.191140e-02, P_RMSE:2.088e-02, Q_RMSE:6.108e-03, Success rate (<0.1):1.000000, Success rate (<0.01):0.000000, Success rate (<0.001):0.000000
X=[-2.0,-1.8], PQ=[1.0,1.2]: count:10, ill:0, avg_iter:20.00, Ang_MAX:6.064361e-02, Vol_MAX:5.514860e-03, Ang_mean±std:2.952607e-02±1.345506e-02, Vol_mean±std:3.621286e-03±9.800400e-04, P_MAX:8.808e-02, Q_MAX:2.846e-02, P_mean±std:6.514413e-02±1.833247e-02, Q_mean±std:1.939357e-02±5.014529e-03, P_RMSE:1.965e-02, Q_RMSE:5.205e-03, Success rate (<0.1):1.000000, Success rate (<0.01):0.000000, Success rate (<0.001):0.000000
X=[-2.0,-1.8], PQ=[1.2,1.4]: count:10, ill:0, avg_iter:20.00, Ang_MAX:5.218911e-02, Vol_MAX:7.602990e-03, Ang_mean±std:3.404360e-02±8.624123e-03, Vol_mean±std:4.034913e-03±1.790049e-03, P_MAX:8.374e-02, Q_MAX:2.977e-02, P_mean±std:6.846093e-02±1.074417e-02, Q_mean±std:2.219326e-02±6.228459e-03, P_RMSE:1.994e-02, Q_RMSE:5.718e-03, Success rate (<0.1):1.000000, Success rate (<0.01):0.000000, Success rate (<0.001):0.000000
X=[-2.0,-1.8], PQ=[1.4,1.6]: count:10, ill:0, avg_iter:20.00, Ang_MAX:3.933558e-02, Vol_MAX:6.293952e-03, Ang_mean±std:2.553820e-02±7.258789e-03, Vol_mean±std:4.257190e-03±1.181262e-03, P_MAX:8.113e-02, Q_MAX:4.354e-02, P_mean±std:6.406821e-02±1.134479e-02, Q_mean±std:2.101564e-02±8.813997e-03, P_RMSE:1.887e-02, Q_RMSE:5.587e-03, Success rate (<0.1):1.000000, Success rate (<0.01):0.000000, Success rate (<0.001):0.000000
X=[-2.0,-1.8], PQ=[1.6,1.8]: count:10, ill:0, avg_iter:20.00, Ang_MAX:3.971171e-02, Vol_MAX:5.475640e-03, Ang_mean±std:2.542081e-02±7.031906e-03, Vol_mean±std:3.873771e-03±1.038426e-03, P_MAX:8.062e-02, Q_MAX:3.435e-02, P_mean±std:6.011741e-02±8.135830e-03, Q_mean±std:1.747661e-02±7.466944e-03, P_RMSE:1.974e-02, Q_RMSE:5.196e-03, Success rate (<0.1):1.000000, Success rate (<0.01):0.000000, Success rate (<0.001):0.000000
X=[-2.0,-1.8], PQ=[1.8,2.0]: count:10, ill:0, avg_iter:20.00, Ang_MAX:3.884405e-02, Vol_MAX:5.440295e-03, Ang_mean±std:3.035160e-02±4.721275e-03, Vol_mean±std:3.568572e-03±9.996318e-04, P_MAX:8.896e-02, Q_MAX:3.247e-02, P_mean±std:6.485143e-02±1.226381e-02, Q_mean±std:2.392929e-02±6.399507e-03, P_RMSE:1.944e-02, Q_RMSE:5.670e-03, Success rate (<0.1):1.000000, Success rate (<0.01):0.000000, Success rate (<0.001):0.000000
X=[-1.8,-1.6], PQ=[-2.0,-1.8]: count:10, ill:0, avg_iter:20.00, Ang_MAX:3.861922e-02, Vol_MAX:7.547021e-03, Ang_mean±std:2.791465e-02±6.184902e-03, Vol_mean±std:3.705221e-03±1.496540e-03, P_MAX:7.175e-02, Q_MAX:4.564e-02, P_mean±std:6.099240e-02±8.479525e-03, Q_mean±std:2.048137e-02±9.658914e-03, P_RMSE:1.885e-02, Q_RMSE:5.584e-03, Success rate (<0.1):1.000000, Success rate (<0.01):0.000000, Success rate (<0.001):0.000000
X=[-1.8,-1.6], PQ=[-1.8,-1.6]: count:10, ill:0, avg_iter:20.00, Ang_MAX:3.770739e-02, Vol_MAX:6.053865e-03, Ang_mean±std:2.684118e-02±6.160615e-03, Vol_mean±std:4.348314e-03±1.451399e-03, P_MAX:7.456e-02, Q_MAX:4.738e-02, P_mean±std:6.386722e-02±7.125547e-03, Q_mean±std:2.499023e-02±8.670161e-03, P_RMSE:1.830e-02, Q_RMSE:5.791e-03, Success rate (<0.1):1.000000, Success rate (<0.01):0.000000, Success rate (<0.001):0.000000
X=[-1.8,-1.6], PQ=[-1.6,-1.4]: count:10, ill:0, avg_iter:20.00, Ang_MAX:3.073108e-02, Vol_MAX:6.800592e-03, Ang_mean±std:2.370607e-02±4.631259e-03, Vol_mean±std:4.503632e-03±1.212390e-03, P_MAX:9.872e-02, Q_MAX:4.567e-02, P_mean±std:7.116449e-02±1.518508e-02, Q_mean±std:2.405221e-02±1.010615e-02, P_RMSE:1.945e-02, Q_RMSE:5.863e-03, Success rate (<0.1):1.000000, Success rate (<0.01):0.000000, Success rate (<0.001):0.000000
X=[-1.8,-1.6], PQ=[-1.4,-1.2]: count:10, ill:0, avg_iter:20.00, Ang_MAX:4.240412e-02, Vol_MAX:6.682754e-03, Ang_mean±std:2.795168e-02±7.898350e-03, Vol_mean±std:4.147828e-03±1.185111e-03, P_MAX:7.188e-02, Q_MAX:3.613e-02, P_mean±std:5.982248e-02±1.059162e-02, Q_mean±std:2.016669e-02±6.949380e-03, P_RMSE:1.799e-02, Q_RMSE:5.338e-03, Success rate (<0.1):1.000000, Success rate (<0.01):0.000000, Success rate (<0.001):0.000000
X=[-1.8,-1.6], PQ=[-1.2,-1.0]: count:10, ill:0, avg_iter:20.00, Ang_MAX:3.739998e-02, Vol_MAX:6.313443e-03, Ang_mean±std:2.387502e-02±7.382696e-03, Vol_mean±std:3.208017e-03±1.371038e-03, P_MAX:8.425e-02, Q_MAX:3.365e-02, P_mean±std:6.603484e-02±1.292465e-02, Q_mean±std:1.997086e-02±6.706939e-03, P_RMSE:1.778e-02, Q_RMSE:5.236e-03, Success rate (<0.1):1.000000, Success rate (<0.01):0.000000, Success rate (<0.001):0.000000
X=[-1.8,-1.6], PQ=[-1.0,-0.8]: count:10, ill:0, avg_iter:20.00, Ang_MAX:4.824117e-02, Vol_MAX:4.453242e-03, Ang_mean±std:2.539955e-02±8.412581e-03, Vol_mean±std:3.296113e-03±8.727558e-04, P_MAX:8.530e-02, Q_MAX:3.502e-02, P_mean±std:5.911217e-02±1.197435e-02, Q_mean±std:2.227185e-02±8.053672e-03, P_RMSE:1.779e-02, Q_RMSE:5.458e-03, Success rate (<0.1):1.000000, Success rate (<0.01):0.000000, Success rate (<0.001):0.000000
X=[-1.8,-1.6], PQ=[-0.8,-0.6]: count:10, ill:0, avg_iter:20.00, Ang_MAX:4.892012e-02, Vol_MAX:7.002115e-03, Ang_mean±std:3.314014e-02±8.637441e-03, Vol_mean±std:3.211099e-03±1.285327e-03, P_MAX:9.423e-02, Q_MAX:3.514e-02, P_mean±std:6.477388e-02±1.542083e-02, Q_mean±std:2.002444e-02±5.529258e-03, P_RMSE:1.748e-02, Q_RMSE:5.499e-03, Success rate (<0.1):1.000000, Success rate (<0.01):0.000000, Success rate (<0.001):0.000000
X=[-1.8,-1.6], PQ=[-0.6,-0.4]: count:10, ill:0, avg_iter:20.00, Ang_MAX:5.947143e-02, Vol_MAX:5.931079e-03, Ang_mean±std:3.142987e-02±1.225417e-02, Vol_mean±std:3.416979e-03±1.104854e-03, P_MAX:8.017e-02, Q_MAX:3.160e-02, P_mean±std:6.268137e-02±1.087678e-02, Q_mean±std:1.951130e-02±7.121333e-03, P_RMSE:1.756e-02, Q_RMSE:4.935e-03, Success rate (<0.1):1.000000, Success rate (<0.01):0.000000, Success rate (<0.001):0.000000
X=[-1.8,-1.6], PQ=[-0.4,-0.2]: count:10, ill:0, avg_iter:20.00, Ang_MAX:5.795342e-02, Vol_MAX:5.614161e-03, Ang_mean±std:2.499001e-02±1.173656e-02, Vol_mean±std:3.759986e-03±1.131466e-03, P_MAX:7.523e-02, Q_MAX:3.242e-02, P_mean±std:5.840593e-02±8.971929e-03, Q_mean±std:2.233219e-02±6.245438e-03, P_RMSE:1.863e-02, Q_RMSE:5.251e-03, Success rate (<0.1):1.000000, Success rate (<0.01):0.000000, Success rate (<0.001):0.000000
X=[-1.8,-1.6], PQ=[-0.2,0.0]: count:10, ill:0, avg_iter:20.00, Ang_MAX:3.452140e-02, Vol_MAX:5.631268e-03, Ang_mean±std:2.436768e-02±5.099346e-03, Vol_mean±std:3.940099e-03±1.257650e-03, P_MAX:8.066e-02, Q_MAX:3.106e-02, P_mean±std:6.635484e-02±1.070543e-02, Q_mean±std:2.014129e-02±7.265830e-03, P_RMSE:1.817e-02, Q_RMSE:5.270e-03, Success rate (<0.1):1.000000, Success rate (<0.01):0.000000, Success rate (<0.001):0.000000
X=[-1.8,-1.6], PQ=[0.0,0.2]: count:10, ill:0, avg_iter:20.00, Ang_MAX:3.164381e-02, Vol_MAX:5.340993e-03, Ang_mean±std:2.225807e-02±5.878436e-03, Vol_mean±std:3.762490e-03±9.579774e-04, P_MAX:8.159e-02, Q_MAX:3.494e-02, P_mean±std:5.820288e-02±1.466105e-02, Q_mean±std:1.904704e-02±7.971689e-03, P_RMSE:1.819e-02, Q_RMSE:5.132e-03, Success rate (<0.1):1.000000, Success rate (<0.01):0.000000, Success rate (<0.001):0.000000
X=[-1.8,-1.6], PQ=[0.2,0.4]: count:10, ill:0, avg_iter:20.00, Ang_MAX:3.626561e-02, Vol_MAX:5.501986e-03, Ang_mean±std:2.517364e-02±7.602170e-03, Vol_mean±std:3.643543e-03±1.050240e-03, P_MAX:6.469e-02, Q_MAX:3.423e-02, P_mean±std:5.390117e-02±7.660409e-03, Q_mean±std:2.183509e-02±7.082023e-03, P_RMSE:1.741e-02, Q_RMSE:5.601e-03, Success rate (<0.1):1.000000, Success rate (<0.01):0.000000, Success rate (<0.001):0.000000
X=[-1.8,-1.6], PQ=[0.4,0.6]: count:10, ill:0, avg_iter:20.00, Ang_MAX:3.866926e-02, Vol_MAX:7.878065e-03, Ang_mean±std:2.587941e-02±8.172555e-03, Vol_mean±std:3.584355e-03±1.692251e-03, P_MAX:1.010e-01, Q_MAX:2.817e-02, P_mean±std:6.135250e-02±1.565347e-02, Q_mean±std:1.936878e-02±5.128055e-03, P_RMSE:1.708e-02, Q_RMSE:4.930e-03, Success rate (<0.1):0.900000, Success rate (<0.01):0.000000, Success rate (<0.001):0.000000
X=[-1.8,-1.6], PQ=[0.6,0.8]: count:10, ill:0, avg_iter:20.00, Ang_MAX:4.152000e-02, Vol_MAX:5.975664e-03, Ang_mean±std:2.365618e-02±9.531171e-03, Vol_mean±std:3.440964e-03±1.298573e-03, P_MAX:7.000e-02, Q_MAX:2.793e-02, P_mean±std:5.496449e-02±7.957385e-03, Q_mean±std:2.001069e-02±5.690418e-03, P_RMSE:1.727e-02, Q_RMSE:4.969e-03, Success rate (<0.1):1.000000, Success rate (<0.01):0.000000, Success rate (<0.001):0.000000
X=[-1.8,-1.6], PQ=[0.8,1.0]: count:10, ill:0, avg_iter:20.00, Ang_MAX:4.107943e-02, Vol_MAX:6.001294e-03, Ang_mean±std:2.628575e-02±7.710395e-03, Vol_mean±std:3.953171e-03±1.425467e-03, P_MAX:7.662e-02, Q_MAX:2.577e-02, P_mean±std:5.914148e-02±9.349370e-03, Q_mean±std:1.963296e-02±4.320694e-03, P_RMSE:1.803e-02, Q_RMSE:5.236e-03, Success rate (<0.1):1.000000, Success rate (<0.01):0.000000, Success rate (<0.001):0.000000
X=[-1.8,-1.6], PQ=[1.0,1.2]: count:10, ill:0, avg_iter:20.00, Ang_MAX:4.809463e-02, Vol_MAX:6.081879e-03, Ang_mean±std:2.838113e-02±9.933298e-03, Vol_mean±std:4.426062e-03±1.175978e-03, P_MAX:7.277e-02, Q_MAX:2.979e-02, P_mean±std:6.150610e-02±6.841529e-03, Q_mean±std:2.080963e-02±5.620326e-03, P_RMSE:1.888e-02, Q_RMSE:5.354e-03, Success rate (<0.1):1.000000, Success rate (<0.01):0.000000, Success rate (<0.001):0.000000
X=[-1.8,-1.6], PQ=[1.2,1.4]: count:10, ill:0, avg_iter:20.00, Ang_MAX:3.674191e-02, Vol_MAX:7.052898e-03, Ang_mean±std:2.816859e-02±5.444909e-03, Vol_mean±std:4.505068e-03±1.438861e-03, P_MAX:1.036e-01, Q_MAX:3.225e-02, P_mean±std:6.665263e-02±1.731603e-02, Q_mean±std:2.493138e-02±5.271240e-03, P_RMSE:1.797e-02, Q_RMSE:5.665e-03, Success rate (<0.1):0.900000, Success rate (<0.01):0.000000, Success rate (<0.001):0.000000
X=[-1.8,-1.6], PQ=[1.4,1.6]: count:10, ill:0, avg_iter:20.00, Ang_MAX:3.884900e-02, Vol_MAX:4.785299e-03, Ang_mean±std:2.687773e-02±9.073487e-03, Vol_mean±std:3.757775e-03±7.782513e-04, P_MAX:7.479e-02, Q_MAX:3.218e-02, P_mean±std:5.634547e-02±1.259707e-02, Q_mean±std:2.325322e-02±4.590179e-03, P_RMSE:1.852e-02, Q_RMSE:5.814e-03, Success rate (<0.1):1.000000, Success rate (<0.01):0.000000, Success rate (<0.001):0.000000
X=[-1.8,-1.6], PQ=[1.6,1.8]: count:10, ill:0, avg_iter:20.00, Ang_MAX:4.053181e-02, Vol_MAX:4.841447e-03, Ang_mean±std:2.512214e-02±5.655134e-03, Vol_mean±std:3.587687e-03±7.842431e-04, P_MAX:8.023e-02, Q_MAX:3.920e-02, P_mean±std:5.628003e-02±1.109465e-02, Q_mean±std:2.242915e-02±8.643633e-03, P_RMSE:1.765e-02, Q_RMSE:5.539e-03, Success rate (<0.1):1.000000, Success rate (<0.01):0.000000, Success rate (<0.001):0.000000
X=[-1.8,-1.6], PQ=[1.8,2.0]: count:10, ill:0, avg_iter:20.00, Ang_MAX:6.659573e-02, Vol_MAX:5.288243e-03, Ang_mean±std:2.773707e-02±1.447789e-02, Vol_mean±std:3.393686e-03±1.237302e-03, P_MAX:1.279e-01, Q_MAX:2.884e-02, P_mean±std:6.600401e-02±2.147166e-02, Q_mean±std:2.022094e-02±5.278712e-03, P_RMSE:1.938e-02, Q_RMSE:5.462e-03, Success rate (<0.1):0.900000, Success rate (<0.01):0.000000, Success rate (<0.001):0.000000
X=[-1.6,-1.4], PQ=[-2.0,-1.8]: count:10, ill:0, avg_iter:20.00, Ang_MAX:3.789443e-02, Vol_MAX:4.753709e-03, Ang_mean±std:2.320691e-02±5.569346e-03, Vol_mean±std:3.125060e-03±8.898768e-04, P_MAX:8.714e-02, Q_MAX:2.367e-02, P_mean±std:6.413352e-02±1.251372e-02, Q_mean±std:1.519281e-02±4.246093e-03, P_RMSE:1.621e-02, Q_RMSE:4.835e-03, Success rate (<0.1):1.000000, Success rate (<0.01):0.000000, Success rate (<0.001):0.000000
X=[-1.6,-1.4], PQ=[-1.8,-1.6]: count:10, ill:0, avg_iter:20.00, Ang_MAX:3.989154e-02, Vol_MAX:5.357206e-03, Ang_mean±std:2.506954e-02±7.540695e-03, Vol_mean±std:3.523725e-03±1.086415e-03, P_MAX:7.749e-02, Q_MAX:2.345e-02, P_mean±std:5.366111e-02±1.122520e-02, Q_mean±std:1.736919e-02±3.382363e-03, P_RMSE:1.642e-02, Q_RMSE:5.015e-03, Success rate (<0.1):1.000000, Success rate (<0.01):0.000000, Success rate (<0.001):0.000000
X=[-1.6,-1.4], PQ=[-1.6,-1.4]: count:10, ill:0, avg_iter:20.00, Ang_MAX:3.141999e-02, Vol_MAX:4.850388e-03, Ang_mean±std:2.083982e-02±4.831016e-03, Vol_mean±std:3.410137e-03±8.638748e-04, P_MAX:6.309e-02, Q_MAX:3.436e-02, P_mean±std:5.030886e-02±9.185245e-03, Q_mean±std:1.901525e-02±7.523835e-03, P_RMSE:1.658e-02, Q_RMSE:5.095e-03, Success rate (<0.1):1.000000, Success rate (<0.01):0.000000, Success rate (<0.001):0.000000
X=[-1.6,-1.4], PQ=[-1.4,-1.2]: count:10, ill:0, avg_iter:20.00, Ang_MAX:2.641562e-02, Vol_MAX:5.383492e-03, Ang_mean±std:2.022648e-02±3.926773e-03, Vol_mean±std:3.189331e-03±1.028366e-03, P_MAX:9.213e-02, Q_MAX:2.880e-02, P_mean±std:5.860682e-02±1.498533e-02, Q_mean±std:2.102681e-02±5.780172e-03, P_RMSE:1.644e-02, Q_RMSE:5.140e-03, Success rate (<0.1):1.000000, Success rate (<0.01):0.000000, Success rate (<0.001):0.000000
X=[-1.6,-1.4], PQ=[-1.2,-1.0]: count:10, ill:0, avg_iter:20.00, Ang_MAX:4.167122e-02, Vol_MAX:4.722178e-03, Ang_mean±std:2.519121e-02±8.710763e-03, Vol_mean±std:3.425246e-03±6.616400e-04, P_MAX:7.612e-02, Q_MAX:2.427e-02, P_mean±std:5.115142e-02±1.166988e-02, Q_mean±std:1.603312e-02±4.246913e-03, P_RMSE:1.678e-02, Q_RMSE:4.874e-03, Success rate (<0.1):1.000000, Success rate (<0.01):0.000000, Success rate (<0.001):0.000000
X=[-1.6,-1.4], PQ=[-1.0,-0.8]: count:10, ill:0, avg_iter:20.00, Ang_MAX:4.754436e-02, Vol_MAX:4.447818e-03, Ang_mean±std:2.647137e-02±1.004870e-02, Vol_mean±std:3.478086e-03±5.274756e-04, P_MAX:8.410e-02, Q_MAX:3.488e-02, P_mean±std:6.037992e-02±1.347497e-02, Q_mean±std:1.865628e-02±6.921914e-03, P_RMSE:1.630e-02, Q_RMSE:4.763e-03, Success rate (<0.1):1.000000, Success rate (<0.01):0.000000, Success rate (<0.001):0.000000
X=[-1.6,-1.4], PQ=[-0.8,-0.6]: count:10, ill:0, avg_iter:20.00, Ang_MAX:3.294712e-02, Vol_MAX:4.355550e-03, Ang_mean±std:2.310654e-02±5.459367e-03, Vol_mean±std:3.563535e-03±7.876290e-04, P_MAX:6.869e-02, Q_MAX:2.657e-02, P_mean±std:5.198141e-02±9.945706e-03, Q_mean±std:2.007259e-02±4.931990e-03, P_RMSE:1.494e-02, Q_RMSE:5.108e-03, Success rate (<0.1):1.000000, Success rate (<0.01):0.000000, Success rate (<0.001):0.000000
X=[-1.6,-1.4], PQ=[-0.6,-0.4]: count:10, ill:0, avg_iter:20.00, Ang_MAX:2.887045e-02, Vol_MAX:4.390061e-03, Ang_mean±std:1.979067e-02±6.221476e-03, Vol_mean±std:3.359550e-03±8.531800e-04, P_MAX:7.354e-02, Q_MAX:3.240e-02, P_mean±std:5.645152e-02±1.047665e-02, Q_mean±std:2.047564e-02±7.493217e-03, P_RMSE:1.667e-02, Q_RMSE:4.897e-03, Success rate (<0.1):1.000000, Success rate (<0.01):0.000000, Success rate (<0.001):0.000000
X=[-1.6,-1.4], PQ=[-0.4,-0.2]: count:10, ill:0, avg_iter:20.00, Ang_MAX:3.627226e-02, Vol_MAX:5.284488e-03, Ang_mean±std:2.834489e-02±5.334289e-03, Vol_mean±std:3.594434e-03±1.043014e-03, P_MAX:8.442e-02, Q_MAX:2.704e-02, P_mean±std:5.933099e-02±1.545843e-02, Q_mean±std:1.684977e-02±6.944624e-03, P_RMSE:1.603e-02, Q_RMSE:4.476e-03, Success rate (<0.1):1.000000, Success rate (<0.01):0.000000, Success rate (<0.001):0.000000
X=[-1.6,-1.4], PQ=[-0.2,0.0]: count:10, ill:0, avg_iter:20.00, Ang_MAX:3.268361e-02, Vol_MAX:7.200360e-03, Ang_mean±std:2.136574e-02±5.139002e-03, Vol_mean±std:3.900528e-03±1.240272e-03, P_MAX:8.607e-02, Q_MAX:3.179e-02, P_mean±std:5.987288e-02±1.515809e-02, Q_mean±std:1.918754e-02±8.439631e-03, P_RMSE:1.630e-02, Q_RMSE:4.939e-03, Success rate (<0.1):1.000000, Success rate (<0.01):0.000000, Success rate (<0.001):0.000000
X=[-1.6,-1.4], PQ=[0.0,0.2]: count:10, ill:0, avg_iter:20.00, Ang_MAX:4.685280e-02, Vol_MAX:6.426692e-03, Ang_mean±std:2.264630e-02±9.913678e-03, Vol_mean±std:3.835148e-03±1.133025e-03, P_MAX:9.908e-02, Q_MAX:3.680e-02, P_mean±std:5.291981e-02±1.939754e-02, Q_mean±std:2.388166e-02±6.921074e-03, P_RMSE:1.560e-02, Q_RMSE:5.243e-03, Success rate (<0.1):1.000000, Success rate (<0.01):0.000000, Success rate (<0.001):0.000000
X=[-1.6,-1.4], PQ=[0.2,0.4]: count:10, ill:0, avg_iter:20.00, Ang_MAX:3.660232e-02, Vol_MAX:5.182266e-03, Ang_mean±std:2.390214e-02±5.793309e-03, Vol_mean±std:3.369820e-03±1.084864e-03, P_MAX:1.013e-01, Q_MAX:3.221e-02, P_mean±std:5.552448e-02±1.725890e-02, Q_mean±std:1.867835e-02±6.186586e-03, P_RMSE:1.593e-02, Q_RMSE:4.753e-03, Success rate (<0.1):0.900000, Success rate (<0.01):0.000000, Success rate (<0.001):0.000000
X=[-1.6,-1.4], PQ=[0.4,0.6]: count:10, ill:0, avg_iter:20.00, Ang_MAX:3.995317e-02, Vol_MAX:3.514647e-03, Ang_mean±std:2.336171e-02±7.569797e-03, Vol_mean±std:2.729231e-03±7.066804e-04, P_MAX:7.668e-02, Q_MAX:2.568e-02, P_mean±std:5.409141e-02±1.043788e-02, Q_mean±std:1.660288e-02±4.682895e-03, P_RMSE:1.675e-02, Q_RMSE:4.784e-03, Success rate (<0.1):1.000000, Success rate (<0.01):0.000000, Success rate (<0.001):0.000000
X=[-1.6,-1.4], PQ=[0.6,0.8]: count:10, ill:0, avg_iter:20.00, Ang_MAX:2.837282e-02, Vol_MAX:4.245520e-03, Ang_mean±std:2.252785e-02±4.680463e-03, Vol_mean±std:3.340721e-03±5.656526e-04, P_MAX:7.394e-02, Q_MAX:2.505e-02, P_mean±std:5.004080e-02±1.177289e-02, Q_mean±std:1.973290e-02±5.234152e-03, P_RMSE:1.641e-02, Q_RMSE:5.056e-03, Success rate (<0.1):1.000000, Success rate (<0.01):0.000000, Success rate (<0.001):0.000000
X=[-1.6,-1.4], PQ=[0.8,1.0]: count:10, ill:0, avg_iter:20.00, Ang_MAX:3.948307e-02, Vol_MAX:5.761087e-03, Ang_mean±std:2.285532e-02±8.041322e-03, Vol_mean±std:3.697258e-03±1.099887e-03, P_MAX:8.186e-02, Q_MAX:2.735e-02, P_mean±std:5.265695e-02±1.362616e-02, Q_mean±std:1.909265e-02±4.576531e-03, P_RMSE:1.586e-02, Q_RMSE:4.769e-03, Success rate (<0.1):1.000000, Success rate (<0.01):0.000000, Success rate (<0.001):0.000000
X=[-1.6,-1.4], PQ=[1.0,1.2]: count:10, ill:0, avg_iter:20.00, Ang_MAX:2.727747e-02, Vol_MAX:5.051613e-03, Ang_mean±std:1.934473e-02±4.912718e-03, Vol_mean±std:3.233391e-03±1.197802e-03, P_MAX:6.762e-02, Q_MAX:2.658e-02, P_mean±std:4.769226e-02±1.025373e-02, Q_mean±std:1.750829e-02±3.800011e-03, P_RMSE:1.566e-02, Q_RMSE:4.914e-03, Success rate (<0.1):1.000000, Success rate (<0.01):0.000000, Success rate (<0.001):0.000000
X=[-1.6,-1.4], PQ=[1.2,1.4]: count:10, ill:0, avg_iter:20.00, Ang_MAX:4.451966e-02, Vol_MAX:8.172929e-03, Ang_mean±std:2.531171e-02±7.944783e-03, Vol_mean±std:4.867631e-03±1.688008e-03, P_MAX:1.186e-01, Q_MAX:5.684e-02, P_mean±std:5.946247e-02±2.230271e-02, Q_mean±std:2.537807e-02±1.436636e-02, P_RMSE:1.688e-02, Q_RMSE:5.898e-03, Success rate (<0.1):0.900000, Success rate (<0.01):0.000000, Success rate (<0.001):0.000000
X=[-1.6,-1.4], PQ=[1.4,1.6]: count:10, ill:0, avg_iter:20.00, Ang_MAX:2.811402e-02, Vol_MAX:5.130649e-03, Ang_mean±std:2.004078e-02±3.224382e-03, Vol_mean±std:3.830922e-03±8.318314e-04, P_MAX:6.920e-02, Q_MAX:2.603e-02, P_mean±std:4.915315e-02±8.624507e-03, Q_mean±std:2.000996e-02±4.609216e-03, P_RMSE:1.594e-02, Q_RMSE:5.011e-03, Success rate (<0.1):1.000000, Success rate (<0.01):0.000000, Success rate (<0.001):0.000000
X=[-1.6,-1.4], PQ=[1.6,1.8]: count:10, ill:0, avg_iter:20.00, Ang_MAX:3.944063e-02, Vol_MAX:5.308092e-03, Ang_mean±std:2.757477e-02±6.103771e-03, Vol_mean±std:3.398049e-03±1.302592e-03, P_MAX:7.725e-02, Q_MAX:2.810e-02, P_mean±std:5.378872e-02±1.343641e-02, Q_mean±std:1.868263e-02±5.864411e-03, P_RMSE:1.561e-02, Q_RMSE:4.913e-03, Success rate (<0.1):1.000000, Success rate (<0.01):0.000000, Success rate (<0.001):0.000000
X=[-1.6,-1.4], PQ=[1.8,2.0]: count:10, ill:0, avg_iter:20.00, Ang_MAX:3.158528e-02, Vol_MAX:4.641175e-03, Ang_mean±std:2.415162e-02±5.855260e-03, Vol_mean±std:3.480589e-03±9.110148e-04, P_MAX:9.188e-02, Q_MAX:4.046e-02, P_mean±std:5.833649e-02±1.273611e-02, Q_mean±std:2.136783e-02±7.945259e-03, P_RMSE:1.697e-02, Q_RMSE:5.375e-03, Success rate (<0.1):1.000000, Success rate (<0.01):0.000000, Success rate (<0.001):0.000000
X=[-1.4,-1.2], PQ=[-2.0,-1.8]: count:10, ill:0, avg_iter:20.00, Ang_MAX:3.140426e-02, Vol_MAX:5.010903e-03, Ang_mean±std:2.045328e-02±6.245091e-03, Vol_mean±std:3.197837e-03±8.491883e-04, P_MAX:5.405e-02, Q_MAX:2.739e-02, P_mean±std:4.638515e-02±4.780011e-03, Q_mean±std:1.868955e-02±4.601234e-03, P_RMSE:1.432e-02, Q_RMSE:4.898e-03, Success rate (<0.1):1.000000, Success rate (<0.01):0.000000, Success rate (<0.001):0.000000
X=[-1.4,-1.2], PQ=[-1.8,-1.6]: count:10, ill:0, avg_iter:20.00, Ang_MAX:2.692065e-02, Vol_MAX:5.280554e-03, Ang_mean±std:1.887022e-02±3.777311e-03, Vol_mean±std:3.657746e-03±9.471605e-04, P_MAX:5.749e-02, Q_MAX:3.968e-02, P_mean±std:4.441130e-02±8.135065e-03, Q_mean±std:2.054874e-02±7.875409e-03, P_RMSE:1.381e-02, Q_RMSE:5.082e-03, Success rate (<0.1):1.000000, Success rate (<0.01):0.000000, Success rate (<0.001):0.000000
X=[-1.4,-1.2], PQ=[-1.6,-1.4]: count:10, ill:0, avg_iter:20.00, Ang_MAX:2.500150e-02, Vol_MAX:4.222333e-03, Ang_mean±std:1.856665e-02±3.293483e-03, Vol_mean±std:3.075463e-03±7.443885e-04, P_MAX:6.758e-02, Q_MAX:2.108e-02, P_mean±std:5.178306e-02±5.920239e-03, Q_mean±std:1.650843e-02±3.706385e-03, P_RMSE:1.455e-02, Q_RMSE:4.768e-03, Success rate (<0.1):1.000000, Success rate (<0.01):0.000000, Success rate (<0.001):0.000000
X=[-1.4,-1.2], PQ=[-1.4,-1.2]: count:10, ill:0, avg_iter:20.00, Ang_MAX:2.509829e-02, Vol_MAX:4.416823e-03, Ang_mean±std:1.853920e-02±4.882011e-03, Vol_mean±std:3.057796e-03±8.006213e-04, P_MAX:5.715e-02, Q_MAX:2.417e-02, P_mean±std:4.372837e-02±1.048041e-02, Q_mean±std:1.826578e-02±3.541952e-03, P_RMSE:1.359e-02, Q_RMSE:4.887e-03, Success rate (<0.1):1.000000, Success rate (<0.01):0.000000, Success rate (<0.001):0.000000
X=[-1.4,-1.2], PQ=[-1.2,-1.0]: count:10, ill:0, avg_iter:20.00, Ang_MAX:3.625369e-02, Vol_MAX:5.130887e-03, Ang_mean±std:2.403343e-02±6.732797e-03, Vol_mean±std:3.106838e-03±9.811588e-04, P_MAX:6.991e-02, Q_MAX:2.778e-02, P_mean±std:5.068889e-02±9.732829e-03, Q_mean±std:1.641018e-02±5.148222e-03, P_RMSE:1.495e-02, Q_RMSE:4.547e-03, Success rate (<0.1):1.000000, Success rate (<0.01):0.000000, Success rate (<0.001):0.000000
X=[-1.4,-1.2], PQ=[-1.0,-0.8]: count:10, ill:0, avg_iter:20.00, Ang_MAX:3.117865e-02, Vol_MAX:4.364550e-03, Ang_mean±std:2.005173e-02±4.698810e-03, Vol_mean±std:3.017396e-03±9.540495e-04, P_MAX:7.050e-02, Q_MAX:2.675e-02, P_mean±std:5.081700e-02±1.006823e-02, Q_mean±std:1.811879e-02±5.069587e-03, P_RMSE:1.386e-02, Q_RMSE:4.566e-03, Success rate (<0.1):1.000000, Success rate (<0.01):0.000000, Success rate (<0.001):0.000000
X=[-1.4,-1.2], PQ=[-0.8,-0.6]: count:10, ill:0, avg_iter:20.00, Ang_MAX:2.754536e-02, Vol_MAX:4.365385e-03, Ang_mean±std:2.077498e-02±5.057513e-03, Vol_mean±std:3.098154e-03±8.509757e-04, P_MAX:6.661e-02, Q_MAX:2.414e-02, P_mean±std:4.972844e-02±8.828974e-03, Q_mean±std:1.635248e-02±3.710828e-03, P_RMSE:1.458e-02, Q_RMSE:4.396e-03, Success rate (<0.1):1.000000, Success rate (<0.01):0.000000, Success rate (<0.001):0.000000
X=[-1.4,-1.2], PQ=[-0.6,-0.4]: count:10, ill:0, avg_iter:20.00, Ang_MAX:2.562070e-02, Vol_MAX:4.987121e-03, Ang_mean±std:2.056949e-02±2.060649e-03, Vol_mean±std:3.215528e-03±1.220831e-03, P_MAX:9.198e-02, Q_MAX:2.317e-02, P_mean±std:5.314327e-02±1.405120e-02, Q_mean±std:1.713830e-02±3.786225e-03, P_RMSE:1.651e-02, Q_RMSE:4.807e-03, Success rate (<0.1):1.000000, Success rate (<0.01):0.000000, Success rate (<0.001):0.000000
X=[-1.4,-1.2], PQ=[-0.4,-0.2]: count:10, ill:0, avg_iter:20.00, Ang_MAX:3.347483e-02, Vol_MAX:7.506907e-03, Ang_mean±std:2.152056e-02±7.652310e-03, Vol_mean±std:3.669095e-03±1.551756e-03, P_MAX:6.749e-02, Q_MAX:5.408e-02, P_mean±std:5.199851e-02±9.632343e-03, Q_mean±std:2.574281e-02±1.342160e-02, P_RMSE:1.462e-02, Q_RMSE:5.573e-03, Success rate (<0.1):1.000000, Success rate (<0.01):0.000000, Success rate (<0.001):0.000000
X=[-1.4,-1.2], PQ=[-0.2,0.0]: count:10, ill:0, avg_iter:20.00, Ang_MAX:5.920127e-02, Vol_MAX:4.312575e-03, Ang_mean±std:2.458084e-02±1.250638e-02, Vol_mean±std:3.102529e-03±9.344901e-04, P_MAX:1.021e-01, Q_MAX:2.567e-02, P_mean±std:5.221417e-02±1.855355e-02, Q_mean±std:1.756948e-02±5.279292e-03, P_RMSE:1.457e-02, Q_RMSE:4.493e-03, Success rate (<0.1):0.900000, Success rate (<0.01):0.000000, Success rate (<0.001):0.000000
X=[-1.4,-1.2], PQ=[0.0,0.2]: count:10, ill:0, avg_iter:20.00, Ang_MAX:2.787027e-02, Vol_MAX:4.189730e-03, Ang_mean±std:1.829635e-02±5.117441e-03, Vol_mean±std:2.996153e-03±6.117285e-04, P_MAX:6.468e-02, Q_MAX:2.616e-02, P_mean±std:4.305967e-02±1.147011e-02, Q_mean±std:1.838799e-02±3.409924e-03, P_RMSE:1.424e-02, Q_RMSE:4.692e-03, Success rate (<0.1):1.000000, Success rate (<0.01):0.000000, Success rate (<0.001):0.000000
X=[-1.4,-1.2], PQ=[0.2,0.4]: count:10, ill:0, avg_iter:20.00, Ang_MAX:3.442532e-02, Vol_MAX:3.330648e-03, Ang_mean±std:2.031693e-02±6.175449e-03, Vol_mean±std:2.361506e-03±5.631843e-04, P_MAX:6.190e-02, Q_MAX:1.918e-02, P_mean±std:4.509673e-02±8.894234e-03, Q_mean±std:1.410993e-02±3.531659e-03, P_RMSE:1.411e-02, Q_RMSE:4.202e-03, Success rate (<0.1):1.000000, Success rate (<0.01):0.000000, Success rate (<0.001):0.000000
X=[-1.4,-1.2], PQ=[0.4,0.6]: count:10, ill:0, avg_iter:20.00, Ang_MAX:3.056520e-02, Vol_MAX:5.193293e-03, Ang_mean±std:1.969790e-02±4.426041e-03, Vol_mean±std:3.753114e-03±9.308457e-04, P_MAX:6.362e-02, Q_MAX:2.903e-02, P_mean±std:4.547261e-02±9.476768e-03, Q_mean±std:2.001291e-02±4.733329e-03, P_RMSE:1.382e-02, Q_RMSE:4.809e-03, Success rate (<0.1):1.000000, Success rate (<0.01):0.000000, Success rate (<0.001):0.000000
X=[-1.4,-1.2], PQ=[0.6,0.8]: count:10, ill:0, avg_iter:20.00, Ang_MAX:3.447601e-02, Vol_MAX:5.476713e-03, Ang_mean±std:1.957369e-02±6.570904e-03, Vol_mean±std:2.897173e-03±1.051863e-03, P_MAX:7.529e-02, Q_MAX:2.117e-02, P_mean±std:4.937076e-02±1.401342e-02, Q_mean±std:1.550017e-02±3.774140e-03, P_RMSE:1.421e-02, Q_RMSE:4.433e-03, Success rate (<0.1):1.000000, Success rate (<0.01):0.000000, Success rate (<0.001):0.000000
X=[-1.4,-1.2], PQ=[0.8,1.0]: count:10, ill:0, avg_iter:20.00, Ang_MAX:4.283512e-02, Vol_MAX:4.797757e-03, Ang_mean±std:2.049413e-02±8.931944e-03, Vol_mean±std:3.165537e-03±7.868815e-04, P_MAX:7.062e-02, Q_MAX:2.137e-02, P_mean±std:5.878636e-02±7.208877e-03, Q_mean±std:1.708517e-02±3.159019e-03, P_RMSE:1.470e-02, Q_RMSE:4.619e-03, Success rate (<0.1):1.000000, Success rate (<0.01):0.000000, Success rate (<0.001):0.000000
X=[-1.4,-1.2], PQ=[1.0,1.2]: count:10, ill:0, avg_iter:20.00, Ang_MAX:2.261168e-02, Vol_MAX:5.778551e-03, Ang_mean±std:1.981657e-02±1.872851e-03, Vol_mean±std:3.708428e-03±1.239968e-03, P_MAX:7.402e-02, Q_MAX:4.268e-02, P_mean±std:4.819030e-02±1.159205e-02, Q_mean±std:2.094753e-02±9.366216e-03, P_RMSE:1.434e-02, Q_RMSE:4.903e-03, Success rate (<0.1):1.000000, Success rate (<0.01):0.000000, Success rate (<0.001):0.000000
X=[-1.4,-1.2], PQ=[1.2,1.4]: count:10, ill:0, avg_iter:20.00, Ang_MAX:3.559691e-02, Vol_MAX:5.340815e-03, Ang_mean±std:2.179931e-02±7.001114e-03, Vol_mean±std:3.167516e-03±1.295690e-03, P_MAX:9.874e-02, Q_MAX:2.516e-02, P_mean±std:5.246923e-02±1.893397e-02, Q_mean±std:1.606325e-02±5.138146e-03, P_RMSE:1.466e-02, Q_RMSE:4.801e-03, Success rate (<0.1):1.000000, Success rate (<0.01):0.000000, Success rate (<0.001):0.000000
X=[-1.4,-1.2], PQ=[1.4,1.6]: count:10, ill:0, avg_iter:20.00, Ang_MAX:3.311521e-02, Vol_MAX:5.370557e-03, Ang_mean±std:2.196364e-02±6.071474e-03, Vol_mean±std:3.601193e-03±1.099521e-03, P_MAX:7.151e-02, Q_MAX:2.690e-02, P_mean±std:5.034549e-02±1.074994e-02, Q_mean±std:2.065840e-02±3.967980e-03, P_RMSE:1.435e-02, Q_RMSE:5.022e-03, Success rate (<0.1):1.000000, Success rate (<0.01):0.000000, Success rate (<0.001):0.000000
X=[-1.4,-1.2], PQ=[1.6,1.8]: count:10, ill:0, avg_iter:20.00, Ang_MAX:3.451681e-02, Vol_MAX:5.062997e-03, Ang_mean±std:2.228547e-02±6.701989e-03, Vol_mean±std:3.398615e-03±9.675426e-04, P_MAX:6.475e-02, Q_MAX:2.635e-02, P_mean±std:4.649193e-02±1.010377e-02, Q_mean±std:1.812983e-02±4.404660e-03, P_RMSE:1.614e-02, Q_RMSE:5.080e-03, Success rate (<0.1):1.000000, Success rate (<0.01):0.000000, Success rate (<0.001):0.000000
X=[-1.4,-1.2], PQ=[1.8,2.0]: count:10, ill:0, avg_iter:20.00, Ang_MAX:3.023306e-02, Vol_MAX:4.654288e-03, Ang_mean±std:2.018497e-02±5.367908e-03, Vol_mean±std:3.196901e-03±7.681296e-04, P_MAX:7.762e-02, Q_MAX:2.633e-02, P_mean±std:4.924785e-02±1.337763e-02, Q_mean±std:1.836444e-02±3.628224e-03, P_RMSE:1.477e-02, Q_RMSE:5.148e-03, Success rate (<0.1):1.000000, Success rate (<0.01):0.000000, Success rate (<0.001):0.000000
X=[-1.2,-1.0], PQ=[-2.0,-1.8]: count:10, ill:0, avg_iter:20.00, Ang_MAX:2.221093e-02, Vol_MAX:4.287124e-03, Ang_mean±std:1.593329e-02±3.389098e-03, Vol_mean±std:3.168660e-03±6.979769e-04, P_MAX:5.181e-02, Q_MAX:2.189e-02, P_mean±std:3.960636e-02±8.246970e-03, Q_mean±std:1.717636e-02±3.583598e-03, P_RMSE:1.253e-02, Q_RMSE:4.793e-03, Success rate (<0.1):1.000000, Success rate (<0.01):0.000000, Success rate (<0.001):0.000000
X=[-1.2,-1.0], PQ=[-1.8,-1.6]: count:10, ill:0, avg_iter:20.00, Ang_MAX:2.973081e-02, Vol_MAX:4.470766e-03, Ang_mean±std:1.770030e-02±5.175233e-03, Vol_mean±std:3.371739e-03±8.843573e-04, P_MAX:6.572e-02, Q_MAX:2.268e-02, P_mean±std:4.397454e-02±1.193204e-02, Q_mean±std:1.881431e-02±3.481367e-03, P_RMSE:1.282e-02, Q_RMSE:4.910e-03, Success rate (<0.1):1.000000, Success rate (<0.01):0.000000, Success rate (<0.001):0.000000
X=[-1.2,-1.0], PQ=[-1.6,-1.4]: count:10, ill:0, avg_iter:20.00, Ang_MAX:2.537444e-02, Vol_MAX:3.950417e-03, Ang_mean±std:1.795151e-02±5.955957e-03, Vol_mean±std:2.730948e-03±7.257200e-04, P_MAX:5.472e-02, Q_MAX:2.605e-02, P_mean±std:3.648233e-02±7.752265e-03, Q_mean±std:1.920104e-02±4.426982e-03, P_RMSE:1.239e-02, Q_RMSE:4.563e-03, Success rate (<0.1):1.000000, Success rate (<0.01):0.000000, Success rate (<0.001):0.000000
X=[-1.2,-1.0], PQ=[-1.4,-1.2]: count:10, ill:0, avg_iter:20.00, Ang_MAX:2.200270e-02, Vol_MAX:4.097879e-03, Ang_mean±std:1.662919e-02±3.032368e-03, Vol_mean±std:3.396958e-03±6.891814e-04, P_MAX:5.611e-02, Q_MAX:2.613e-02, P_mean±std:4.125951e-02±7.580347e-03, Q_mean±std:1.855925e-02±4.685092e-03, P_RMSE:1.245e-02, Q_RMSE:4.743e-03, Success rate (<0.1):1.000000, Success rate (<0.01):0.000000, Success rate (<0.001):0.000000
X=[-1.2,-1.0], PQ=[-1.2,-1.0]: count:10, ill:0, avg_iter:20.00, Ang_MAX:3.242564e-02, Vol_MAX:4.378080e-03, Ang_mean±std:2.028002e-02±6.005002e-03, Vol_mean±std:2.924174e-03±7.996578e-04, P_MAX:5.701e-02, Q_MAX:2.446e-02, P_mean±std:4.261446e-02±7.692162e-03, Q_mean±std:1.677894e-02±4.861861e-03, P_RMSE:1.243e-02, Q_RMSE:4.507e-03, Success rate (<0.1):1.000000, Success rate (<0.01):0.000000, Success rate (<0.001):0.000000
X=[-1.2,-1.0], PQ=[-1.0,-0.8]: count:10, ill:0, avg_iter:20.00, Ang_MAX:3.690326e-02, Vol_MAX:4.124939e-03, Ang_mean±std:2.068741e-02±8.535720e-03, Vol_mean±std:2.449161e-03±8.290988e-04, P_MAX:5.669e-02, Q_MAX:2.337e-02, P_mean±std:3.978364e-02±9.418711e-03, Q_mean±std:1.639989e-02±4.761594e-03, P_RMSE:1.149e-02, Q_RMSE:4.449e-03, Success rate (<0.1):1.000000, Success rate (<0.01):0.000000, Success rate (<0.001):0.000000
X=[-1.2,-1.0], PQ=[-0.8,-0.6]: count:10, ill:0, avg_iter:20.00, Ang_MAX:2.896380e-02, Vol_MAX:4.884005e-03, Ang_mean±std:1.583877e-02±5.277572e-03, Vol_mean±std:3.057259e-03±9.838915e-04, P_MAX:5.365e-02, Q_MAX:2.152e-02, P_mean±std:3.997617e-02±8.106138e-03, Q_mean±std:1.528139e-02±3.649963e-03, P_RMSE:1.303e-02, Q_RMSE:4.310e-03, Success rate (<0.1):1.000000, Success rate (<0.01):0.000000, Success rate (<0.001):0.000000
X=[-1.2,-1.0], PQ=[-0.6,-0.4]: count:10, ill:0, avg_iter:20.00, Ang_MAX:2.260715e-02, Vol_MAX:4.618049e-03, Ang_mean±std:1.658032e-02±3.287252e-03, Vol_mean±std:3.032863e-03±9.069351e-04, P_MAX:5.016e-02, Q_MAX:2.061e-02, P_mean±std:3.998914e-02±7.739291e-03, Q_mean±std:1.671513e-02±2.426376e-03, P_RMSE:1.214e-02, Q_RMSE:4.422e-03, Success rate (<0.1):1.000000, Success rate (<0.01):0.000000, Success rate (<0.001):0.000000
X=[-1.2,-1.0], PQ=[-0.4,-0.2]: count:10, ill:0, avg_iter:20.00, Ang_MAX:4.265115e-02, Vol_MAX:3.850341e-03, Ang_mean±std:1.829200e-02±8.805035e-03, Vol_mean±std:2.895516e-03±4.687158e-04, P_MAX:1.012e-01, Q_MAX:2.113e-02, P_mean±std:4.288732e-02±2.030285e-02, Q_mean±std:1.701434e-02±2.903419e-03, P_RMSE:1.234e-02, Q_RMSE:4.465e-03, Success rate (<0.1):0.900000, Success rate (<0.01):0.000000, Success rate (<0.001):0.000000
X=[-1.2,-1.0], PQ=[-0.2,0.0]: count:10, ill:0, avg_iter:20.00, Ang_MAX:2.657342e-02, Vol_MAX:4.665256e-03, Ang_mean±std:1.920375e-02±4.625165e-03, Vol_mean±std:2.854443e-03±7.837053e-04, P_MAX:5.750e-02, Q_MAX:2.129e-02, P_mean±std:4.390834e-02±8.443580e-03, Q_mean±std:1.728643e-02±2.899434e-03, P_RMSE:1.325e-02, Q_RMSE:4.317e-03, Success rate (<0.1):1.000000, Success rate (<0.01):0.000000, Success rate (<0.001):0.000000
X=[-1.2,-1.0], PQ=[0.0,0.2]: count:10, ill:0, avg_iter:20.00, Ang_MAX:2.145597e-02, Vol_MAX:4.334986e-03, Ang_mean±std:1.576364e-02±3.430260e-03, Vol_mean±std:3.006774e-03±7.304793e-04, P_MAX:5.717e-02, Q_MAX:2.561e-02, P_mean±std:4.122125e-02±7.170862e-03, Q_mean±std:1.844089e-02±4.674457e-03, P_RMSE:1.298e-02, Q_RMSE:4.501e-03, Success rate (<0.1):1.000000, Success rate (<0.01):0.000000, Success rate (<0.001):0.000000
X=[-1.2,-1.0], PQ=[0.2,0.4]: count:10, ill:0, avg_iter:20.00, Ang_MAX:2.375799e-02, Vol_MAX:3.248572e-03, Ang_mean±std:1.714296e-02±4.439545e-03, Vol_mean±std:2.733517e-03±4.450504e-04, P_MAX:6.977e-02, Q_MAX:2.597e-02, P_mean±std:4.398592e-02±1.246944e-02, Q_mean±std:1.684766e-02±4.801641e-03, P_RMSE:1.213e-02, Q_RMSE:4.342e-03, Success rate (<0.1):1.000000, Success rate (<0.01):0.000000, Success rate (<0.001):0.000000
X=[-1.2,-1.0], PQ=[0.4,0.6]: count:10, ill:0, avg_iter:20.00, Ang_MAX:2.480441e-02, Vol_MAX:4.212737e-03, Ang_mean±std:1.787028e-02±4.826763e-03, Vol_mean±std:2.854651e-03±1.000696e-03, P_MAX:5.357e-02, Q_MAX:2.493e-02, P_mean±std:4.088549e-02±8.955508e-03, Q_mean±std:1.761459e-02±5.609841e-03, P_RMSE:1.225e-02, Q_RMSE:4.410e-03, Success rate (<0.1):1.000000, Success rate (<0.01):0.000000, Success rate (<0.001):0.000000
X=[-1.2,-1.0], PQ=[0.6,0.8]: count:10, ill:0, avg_iter:20.00, Ang_MAX:3.116816e-02, Vol_MAX:4.810691e-03, Ang_mean±std:1.844134e-02±4.672644e-03, Vol_mean±std:3.265649e-03±1.076138e-03, P_MAX:5.830e-02, Q_MAX:2.508e-02, P_mean±std:4.298342e-02±8.202954e-03, Q_mean±std:1.789566e-02±4.242041e-03, P_RMSE:1.279e-02, Q_RMSE:4.641e-03, Success rate (<0.1):1.000000, Success rate (<0.01):0.000000, Success rate (<0.001):0.000000
X=[-1.2,-1.0], PQ=[0.8,1.0]: count:10, ill:0, avg_iter:20.00, Ang_MAX:2.636963e-02, Vol_MAX:4.820049e-03, Ang_mean±std:1.755540e-02±4.206794e-03, Vol_mean±std:2.772623e-03±1.048304e-03, P_MAX:5.241e-02, Q_MAX:2.458e-02, P_mean±std:4.031827e-02±7.261528e-03, Q_mean±std:1.716325e-02±3.873843e-03, P_RMSE:1.238e-02, Q_RMSE:4.399e-03, Success rate (<0.1):1.000000, Success rate (<0.01):0.000000, Success rate (<0.001):0.000000
X=[-1.2,-1.0], PQ=[1.0,1.2]: count:10, ill:0, avg_iter:20.00, Ang_MAX:4.119045e-02, Vol_MAX:4.996717e-03, Ang_mean±std:1.812797e-02±8.039298e-03, Vol_mean±std:2.700651e-03±1.035191e-03, P_MAX:7.740e-02, Q_MAX:4.269e-02, P_mean±std:4.064539e-02±1.319777e-02, Q_mean±std:1.798813e-02±8.838997e-03, P_RMSE:1.276e-02, Q_RMSE:4.640e-03, Success rate (<0.1):1.000000, Success rate (<0.01):0.000000, Success rate (<0.001):0.000000
X=[-1.2,-1.0], PQ=[1.2,1.4]: count:10, ill:0, avg_iter:20.00, Ang_MAX:1.796770e-02, Vol_MAX:4.423261e-03, Ang_mean±std:1.437267e-02±2.489724e-03, Vol_mean±std:2.779758e-03±1.106477e-03, P_MAX:6.511e-02, Q_MAX:2.257e-02, P_mean±std:3.959262e-02±1.037585e-02, Q_mean±std:1.740510e-02±3.189297e-03, P_RMSE:1.258e-02, Q_RMSE:4.557e-03, Success rate (<0.1):1.000000, Success rate (<0.01):0.000000, Success rate (<0.001):0.000000
X=[-1.2,-1.0], PQ=[1.4,1.6]: count:10, ill:0, avg_iter:20.00, Ang_MAX:4.529089e-02, Vol_MAX:5.332649e-03, Ang_mean±std:1.909374e-02±9.662300e-03, Vol_mean±std:2.890515e-03±1.080837e-03, P_MAX:8.668e-02, Q_MAX:2.616e-02, P_mean±std:4.066588e-02±1.639935e-02, Q_mean±std:1.932686e-02±4.680149e-03, P_RMSE:1.173e-02, Q_RMSE:5.008e-03, Success rate (<0.1):1.000000, Success rate (<0.01):0.000000, Success rate (<0.001):0.000000
X=[-1.2,-1.0], PQ=[1.6,1.8]: count:10, ill:0, avg_iter:20.00, Ang_MAX:2.722469e-02, Vol_MAX:5.545378e-03, Ang_mean±std:1.780761e-02±5.711679e-03, Vol_mean±std:3.379476e-03±1.027841e-03, P_MAX:5.638e-02, Q_MAX:2.675e-02, P_mean±std:3.698682e-02±9.277509e-03, Q_mean±std:1.974748e-02±5.064407e-03, P_RMSE:1.135e-02, Q_RMSE:4.963e-03, Success rate (<0.1):1.000000, Success rate (<0.01):0.000000, Success rate (<0.001):0.000000
X=[-1.2,-1.0], PQ=[1.8,2.0]: count:10, ill:0, avg_iter:20.00, Ang_MAX:2.436811e-02, Vol_MAX:5.865633e-03, Ang_mean±std:1.750490e-02±3.761330e-03, Vol_mean±std:3.186589e-03±1.416134e-03, P_MAX:5.413e-02, Q_MAX:2.859e-02, P_mean±std:4.027888e-02±9.348218e-03, Q_mean±std:1.884944e-02±5.828890e-03, P_RMSE:1.283e-02, Q_RMSE:4.836e-03, Success rate (<0.1):1.000000, Success rate (<0.01):0.000000, Success rate (<0.001):0.000000
X=[-1.0,-0.8], PQ=[-2.0,-1.8]: count:10, ill:0, avg_iter:20.00, Ang_MAX:2.275920e-02, Vol_MAX:3.649116e-03, Ang_mean±std:1.375897e-02±3.454972e-03, Vol_mean±std:2.888352e-03±5.676381e-04, P_MAX:4.456e-02, Q_MAX:2.011e-02, P_mean±std:3.648775e-02±4.813912e-03, Q_mean±std:1.611975e-02±3.336261e-03, P_RMSE:1.167e-02, Q_RMSE:4.631e-03, Success rate (<0.1):1.000000, Success rate (<0.01):0.000000, Success rate (<0.001):0.000000
X=[-1.0,-0.8], PQ=[-1.8,-1.6]: count:10, ill:0, avg_iter:20.00, Ang_MAX:2.063647e-02, Vol_MAX:4.423141e-03, Ang_mean±std:1.538873e-02±3.137977e-03, Vol_mean±std:2.956963e-03±6.188048e-04, P_MAX:6.278e-02, Q_MAX:2.553e-02, P_mean±std:4.230116e-02±9.750297e-03, Q_mean±std:1.712865e-02±4.564444e-03, P_RMSE:1.163e-02, Q_RMSE:4.721e-03, Success rate (<0.1):1.000000, Success rate (<0.01):0.000000, Success rate (<0.001):0.000000
X=[-1.0,-0.8], PQ=[-1.6,-1.4]: count:10, ill:0, avg_iter:20.00, Ang_MAX:1.906160e-02, Vol_MAX:4.845977e-03, Ang_mean±std:1.353635e-02±2.749461e-03, Vol_mean±std:2.825981e-03±1.049050e-03, P_MAX:4.195e-02, Q_MAX:2.224e-02, P_mean±std:3.537920e-02±4.711491e-03, Q_mean±std:1.728353e-02±3.216561e-03, P_RMSE:1.089e-02, Q_RMSE:4.629e-03, Success rate (<0.1):1.000000, Success rate (<0.01):0.000000, Success rate (<0.001):0.000000
X=[-1.0,-0.8], PQ=[-1.4,-1.2]: count:10, ill:0, avg_iter:20.00, Ang_MAX:2.089953e-02, Vol_MAX:4.950345e-03, Ang_mean±std:1.518330e-02±4.111620e-03, Vol_mean±std:2.514267e-03±1.013893e-03, P_MAX:4.541e-02, Q_MAX:2.315e-02, P_mean±std:3.687027e-02±6.769424e-03, Q_mean±std:1.493374e-02±4.496468e-03, P_RMSE:1.113e-02, Q_RMSE:4.290e-03, Success rate (<0.1):1.000000, Success rate (<0.01):0.000000, Success rate (<0.001):0.000000
X=[-1.0,-0.8], PQ=[-1.2,-1.0]: count:10, ill:0, avg_iter:20.00, Ang_MAX:1.920474e-02, Vol_MAX:4.640579e-03, Ang_mean±std:1.293727e-02±3.399899e-03, Vol_mean±std:2.996260e-03±7.136210e-04, P_MAX:4.836e-02, Q_MAX:2.326e-02, P_mean±std:3.147296e-02±7.351667e-03, Q_mean±std:1.632043e-02±2.991583e-03, P_RMSE:1.068e-02, Q_RMSE:4.459e-03, Success rate (<0.1):1.000000, Success rate (<0.01):0.000000, Success rate (<0.001):0.000000
X=[-1.0,-0.8], PQ=[-1.0,-0.8]: count:10, ill:0, avg_iter:20.00, Ang_MAX:1.815131e-02, Vol_MAX:3.998697e-03, Ang_mean±std:1.337651e-02±3.268305e-03, Vol_mean±std:2.955276e-03±7.857141e-04, P_MAX:6.821e-02, Q_MAX:2.086e-02, P_mean±std:3.733792e-02±1.263588e-02, Q_mean±std:1.535090e-02±2.931726e-03, P_RMSE:1.082e-02, Q_RMSE:4.443e-03, Success rate (<0.1):1.000000, Success rate (<0.01):0.000000, Success rate (<0.001):0.000000
X=[-1.0,-0.8], PQ=[-0.8,-0.6]: count:10, ill:0, avg_iter:20.00, Ang_MAX:2.052021e-02, Vol_MAX:4.171968e-03, Ang_mean±std:1.371236e-02±2.786723e-03, Vol_mean±std:2.994996e-03±6.502830e-04, P_MAX:4.818e-02, Q_MAX:2.434e-02, P_mean±std:3.589051e-02±6.805535e-03, Q_mean±std:1.811474e-02±4.334308e-03, P_RMSE:1.041e-02, Q_RMSE:4.348e-03, Success rate (<0.1):1.000000, Success rate (<0.01):0.000000, Success rate (<0.001):0.000000
X=[-1.0,-0.8], PQ=[-0.6,-0.4]: count:10, ill:0, avg_iter:20.00, Ang_MAX:1.785588e-02, Vol_MAX:4.626572e-03, Ang_mean±std:1.412290e-02±1.608308e-03, Vol_mean±std:2.694315e-03±1.011316e-03, P_MAX:5.166e-02, Q_MAX:1.951e-02, P_mean±std:3.666671e-02±7.149919e-03, Q_mean±std:1.405631e-02±3.401501e-03, P_RMSE:1.157e-02, Q_RMSE:4.148e-03, Success rate (<0.1):1.000000, Success rate (<0.01):0.000000, Success rate (<0.001):0.000000
X=[-1.0,-0.8], PQ=[-0.4,-0.2]: count:10, ill:0, avg_iter:20.00, Ang_MAX:2.157789e-02, Vol_MAX:3.532171e-03, Ang_mean±std:1.387966e-02±4.733995e-03, Vol_mean±std:2.567273e-03±6.917966e-04, P_MAX:4.445e-02, Q_MAX:2.178e-02, P_mean±std:3.527167e-02±6.157686e-03, Q_mean±std:1.562981e-02±3.890067e-03, P_RMSE:1.059e-02, Q_RMSE:4.266e-03, Success rate (<0.1):1.000000, Success rate (<0.01):0.000000, Success rate (<0.001):0.000000
X=[-1.0,-0.8], PQ=[-0.2,0.0]: count:10, ill:0, avg_iter:20.00, Ang_MAX:1.945937e-02, Vol_MAX:4.104912e-03, Ang_mean±std:1.382429e-02±3.127514e-03, Vol_mean±std:2.490646e-03±8.946981e-04, P_MAX:4.377e-02, Q_MAX:2.135e-02, P_mean±std:3.251104e-02±6.341503e-03, Q_mean±std:1.458588e-02±4.119054e-03, P_RMSE:1.125e-02, Q_RMSE:4.120e-03, Success rate (<0.1):1.000000, Success rate (<0.01):0.000000, Success rate (<0.001):0.000000
X=[-1.0,-0.8], PQ=[0.0,0.2]: count:10, ill:0, avg_iter:20.00, Ang_MAX:2.077428e-02, Vol_MAX:4.271507e-03, Ang_mean±std:1.642083e-02±3.100392e-03, Vol_mean±std:2.873582e-03±8.682058e-04, P_MAX:4.824e-02, Q_MAX:2.092e-02, P_mean±std:3.853390e-02±5.402758e-03, Q_mean±std:1.503502e-02±2.820951e-03, P_RMSE:1.083e-02, Q_RMSE:4.083e-03, Success rate (<0.1):1.000000, Success rate (<0.01):0.000000, Success rate (<0.001):0.000000
X=[-1.0,-0.8], PQ=[0.2,0.4]: count:10, ill:0, avg_iter:20.00, Ang_MAX:2.116764e-02, Vol_MAX:3.979862e-03, Ang_mean±std:1.464449e-02±4.030459e-03, Vol_mean±std:2.851945e-03±7.525310e-04, P_MAX:4.323e-02, Q_MAX:2.307e-02, P_mean±std:3.566468e-02±4.880976e-03, Q_mean±std:1.569635e-02±4.091002e-03, P_RMSE:1.142e-02, Q_RMSE:4.270e-03, Success rate (<0.1):1.000000, Success rate (<0.01):0.000000, Success rate (<0.001):0.000000
X=[-1.0,-0.8], PQ=[0.4,0.6]: count:10, ill:0, avg_iter:20.00, Ang_MAX:1.945513e-02, Vol_MAX:3.535569e-03, Ang_mean±std:1.355895e-02±3.542151e-03, Vol_mean±std:2.831829e-03±5.979572e-04, P_MAX:5.039e-02, Q_MAX:2.018e-02, P_mean±std:3.637825e-02±9.131816e-03, Q_mean±std:1.584088e-02±2.873868e-03, P_RMSE:1.037e-02, Q_RMSE:4.137e-03, Success rate (<0.1):1.000000, Success rate (<0.01):0.000000, Success rate (<0.001):0.000000
X=[-1.0,-0.8], PQ=[0.6,0.8]: count:10, ill:0, avg_iter:20.00, Ang_MAX:2.755606e-02, Vol_MAX:4.329026e-03, Ang_mean±std:1.492634e-02±5.212580e-03, Vol_mean±std:2.985620e-03±8.205835e-04, P_MAX:4.779e-02, Q_MAX:2.372e-02, P_mean±std:3.536620e-02±7.180169e-03, Q_mean±std:1.614359e-02±4.661999e-03, P_RMSE:1.069e-02, Q_RMSE:4.196e-03, Success rate (<0.1):1.000000, Success rate (<0.01):0.000000, Success rate (<0.001):0.000000
X=[-1.0,-0.8], PQ=[0.8,1.0]: count:10, ill:0, avg_iter:20.00, Ang_MAX:1.592934e-02, Vol_MAX:4.123449e-03, Ang_mean±std:1.249609e-02±2.891444e-03, Vol_mean±std:2.832127e-03±7.041808e-04, P_MAX:4.784e-02, Q_MAX:2.328e-02, P_mean±std:3.559670e-02±5.569506e-03, Q_mean±std:1.653501e-02±4.237206e-03, P_RMSE:1.099e-02, Q_RMSE:4.275e-03, Success rate (<0.1):1.000000, Success rate (<0.01):0.000000, Success rate (<0.001):0.000000
X=[-1.0,-0.8], PQ=[1.0,1.2]: count:10, ill:0, avg_iter:20.00, Ang_MAX:1.441038e-02, Vol_MAX:4.161060e-03, Ang_mean±std:1.078126e-02±2.341752e-03, Vol_mean±std:2.929103e-03±8.536556e-04, P_MAX:3.782e-02, Q_MAX:1.904e-02, P_mean±std:3.017813e-02±4.925565e-03, Q_mean±std:1.507761e-02±2.555523e-03, P_RMSE:1.074e-02, Q_RMSE:4.187e-03, Success rate (<0.1):1.000000, Success rate (<0.01):0.000000, Success rate (<0.001):0.000000
X=[-1.0,-0.8], PQ=[1.2,1.4]: count:10, ill:0, avg_iter:20.00, Ang_MAX:1.628351e-02, Vol_MAX:4.280567e-03, Ang_mean±std:1.217073e-02±2.584587e-03, Vol_mean±std:2.870381e-03±7.767159e-04, P_MAX:4.394e-02, Q_MAX:2.375e-02, P_mean±std:3.286704e-02±7.714605e-03, Q_mean±std:1.789283e-02±3.219045e-03, P_RMSE:1.042e-02, Q_RMSE:4.545e-03, Success rate (<0.1):1.000000, Success rate (<0.01):0.000000, Success rate (<0.001):0.000000
X=[-1.0,-0.8], PQ=[1.4,1.6]: count:10, ill:0, avg_iter:20.00, Ang_MAX:2.515304e-02, Vol_MAX:2.946794e-03, Ang_mean±std:1.409596e-02±5.528206e-03, Vol_mean±std:2.500522e-03±4.563398e-04, P_MAX:4.622e-02, Q_MAX:2.037e-02, P_mean±std:3.480643e-02±7.389821e-03, Q_mean±std:1.553553e-02±3.216528e-03, P_RMSE:1.069e-02, Q_RMSE:4.327e-03, Success rate (<0.1):1.000000, Success rate (<0.01):0.000000, Success rate (<0.001):0.000000
X=[-1.0,-0.8], PQ=[1.6,1.8]: count:10, ill:0, avg_iter:20.00, Ang_MAX:1.530942e-02, Vol_MAX:3.749013e-03, Ang_mean±std:1.171312e-02±2.292746e-03, Vol_mean±std:2.560562e-03±5.836689e-04, P_MAX:4.871e-02, Q_MAX:2.221e-02, P_mean±std:3.927758e-02±5.493784e-03, Q_mean±std:1.410434e-02±4.053697e-03, P_RMSE:1.132e-02, Q_RMSE:4.295e-03, Success rate (<0.1):1.000000, Success rate (<0.01):0.000000, Success rate (<0.001):0.000000
X=[-1.0,-0.8], PQ=[1.8,2.0]: count:10, ill:0, avg_iter:20.00, Ang_MAX:1.884151e-02, Vol_MAX:3.850698e-03, Ang_mean±std:1.317654e-02±2.818774e-03, Vol_mean±std:2.825481e-03±7.161338e-04, P_MAX:5.469e-02, Q_MAX:2.056e-02, P_mean±std:3.667889e-02±9.111525e-03, Q_mean±std:1.652194e-02±3.209123e-03, P_RMSE:1.067e-02, Q_RMSE:4.616e-03, Success rate (<0.1):1.000000, Success rate (<0.01):0.000000, Success rate (<0.001):0.000000
X=[-0.8,-0.6], PQ=[-2.0,-1.8]: count:10, ill:0, avg_iter:20.00, Ang_MAX:1.408279e-02, Vol_MAX:4.220188e-03, Ang_mean±std:1.116878e-02±2.042349e-03, Vol_mean±std:2.639973e-03±9.497965e-04, P_MAX:4.606e-02, Q_MAX:2.220e-02, P_mean±std:3.230845e-02±5.964775e-03, Q_mean±std:1.523241e-02±3.722520e-03, P_RMSE:1.001e-02, Q_RMSE:4.362e-03, Success rate (<0.1):1.000000, Success rate (<0.01):0.000000, Success rate (<0.001):0.000000
X=[-0.8,-0.6], PQ=[-1.8,-1.6]: count:10, ill:0, avg_iter:20.00, Ang_MAX:1.464790e-02, Vol_MAX:3.616929e-03, Ang_mean±std:1.175930e-02±2.089093e-03, Vol_mean±std:2.625716e-03±6.029097e-04, P_MAX:4.551e-02, Q_MAX:2.241e-02, P_mean±std:2.839737e-02±6.928254e-03, Q_mean±std:1.664954e-02±3.860498e-03, P_RMSE:9.510e-03, Q_RMSE:4.432e-03, Success rate (<0.1):1.000000, Success rate (<0.01):0.000000, Success rate (<0.001):0.000000
X=[-0.8,-0.6], PQ=[-1.6,-1.4]: count:10, ill:0, avg_iter:20.00, Ang_MAX:2.329987e-02, Vol_MAX:3.869057e-03, Ang_mean±std:1.211030e-02±4.205549e-03, Vol_mean±std:2.802116e-03±7.783784e-04, P_MAX:3.429e-02, Q_MAX:2.073e-02, P_mean±std:2.839624e-02±2.775969e-03, Q_mean±std:1.599016e-02±2.767967e-03, P_RMSE:9.467e-03, Q_RMSE:4.243e-03, Success rate (<0.1):1.000000, Success rate (<0.01):0.000000, Success rate (<0.001):0.000000
X=[-0.8,-0.6], PQ=[-1.4,-1.2]: count:10, ill:0, avg_iter:20.00, Ang_MAX:1.779523e-02, Vol_MAX:4.024684e-03, Ang_mean±std:1.228320e-02±2.708225e-03, Vol_mean±std:2.864516e-03±6.647862e-04, P_MAX:3.467e-02, Q_MAX:2.078e-02, P_mean±std:2.913316e-02±4.186554e-03, Q_mean±std:1.631056e-02±3.534317e-03, P_RMSE:9.958e-03, Q_RMSE:4.373e-03, Success rate (<0.1):1.000000, Success rate (<0.01):0.000000, Success rate (<0.001):0.000000
X=[-0.8,-0.6], PQ=[-1.2,-1.0]: count:10, ill:0, avg_iter:20.00, Ang_MAX:2.163708e-02, Vol_MAX:2.650321e-03, Ang_mean±std:1.376856e-02±4.557585e-03, Vol_mean±std:2.309078e-03±4.354151e-04, P_MAX:3.936e-02, Q_MAX:1.967e-02, P_mean±std:2.926878e-02±6.763995e-03, Q_mean±std:1.395341e-02±3.127754e-03, P_RMSE:9.849e-03, Q_RMSE:4.049e-03, Success rate (<0.1):1.000000, Success rate (<0.01):0.000000, Success rate (<0.001):0.000000
X=[-0.8,-0.6], PQ=[-1.0,-0.8]: count:10, ill:0, avg_iter:20.00, Ang_MAX:1.558602e-02, Vol_MAX:2.803981e-03, Ang_mean±std:1.280360e-02±1.573049e-03, Vol_mean±std:2.181184e-03±5.359504e-04, P_MAX:3.956e-02, Q_MAX:1.798e-02, P_mean±std:2.748829e-02±4.617957e-03, Q_mean±std:1.378801e-02±2.160516e-03, P_RMSE:9.532e-03, Q_RMSE:4.062e-03, Success rate (<0.1):1.000000, Success rate (<0.01):0.000000, Success rate (<0.001):0.000000
X=[-0.8,-0.6], PQ=[-0.8,-0.6]: count:10, ill:0, avg_iter:20.00, Ang_MAX:2.319679e-02, Vol_MAX:3.847659e-03, Ang_mean±std:1.216934e-02±4.665028e-03, Vol_mean±std:2.383858e-03±6.943237e-04, P_MAX:3.429e-02, Q_MAX:1.979e-02, P_mean±std:2.944940e-02±2.746766e-03, Q_mean±std:1.546377e-02±3.848079e-03, P_RMSE:9.041e-03, Q_RMSE:4.058e-03, Success rate (<0.1):1.000000, Success rate (<0.01):0.000000, Success rate (<0.001):0.000000
X=[-0.8,-0.6], PQ=[-0.6,-0.4]: count:10, ill:0, avg_iter:20.00, Ang_MAX:1.719776e-02, Vol_MAX:3.320456e-03, Ang_mean±std:1.180981e-02±2.297970e-03, Vol_mean±std:2.414024e-03±4.975716e-04, P_MAX:4.416e-02, Q_MAX:1.750e-02, P_mean±std:3.135669e-02±6.003749e-03, Q_mean±std:1.416166e-02±2.250887e-03, P_RMSE:9.272e-03, Q_RMSE:3.963e-03, Success rate (<0.1):1.000000, Success rate (<0.01):0.000000, Success rate (<0.001):0.000000
X=[-0.8,-0.6], PQ=[-0.4,-0.2]: count:10, ill:0, avg_iter:20.00, Ang_MAX:1.346406e-02, Vol_MAX:3.682971e-03, Ang_mean±std:1.105972e-02±1.571767e-03, Vol_mean±std:2.753061e-03±5.362649e-04, P_MAX:4.174e-02, Q_MAX:2.156e-02, P_mean±std:2.877223e-02±5.839388e-03, Q_mean±std:1.622815e-02±2.799054e-03, P_RMSE:9.401e-03, Q_RMSE:4.169e-03, Success rate (<0.1):1.000000, Success rate (<0.01):0.000000, Success rate (<0.001):0.000000
X=[-0.8,-0.6], PQ=[-0.2,0.0]: count:10, ill:0, avg_iter:20.00, Ang_MAX:1.617298e-02, Vol_MAX:3.130674e-03, Ang_mean±std:1.153826e-02±2.550604e-03, Vol_mean±std:2.346897e-03±3.839451e-04, P_MAX:3.981e-02, Q_MAX:1.893e-02, P_mean±std:2.796615e-02±5.170450e-03, Q_mean±std:1.557396e-02±2.157148e-03, P_RMSE:9.081e-03, Q_RMSE:3.931e-03, Success rate (<0.1):1.000000, Success rate (<0.01):0.000000, Success rate (<0.001):0.000000
X=[-0.8,-0.6], PQ=[0.0,0.2]: count:10, ill:0, avg_iter:20.00, Ang_MAX:2.179369e-02, Vol_MAX:3.250659e-03, Ang_mean±std:1.239019e-02±4.944655e-03, Vol_mean±std:2.400094e-03±4.156509e-04, P_MAX:4.000e-02, Q_MAX:2.093e-02, P_mean±std:2.970720e-02±5.153703e-03, Q_mean±std:1.572681e-02±3.592030e-03, P_RMSE:9.971e-03, Q_RMSE:4.132e-03, Success rate (<0.1):1.000000, Success rate (<0.01):0.000000, Success rate (<0.001):0.000000
X=[-0.8,-0.6], PQ=[0.2,0.4]: count:10, ill:0, avg_iter:20.00, Ang_MAX:2.063799e-02, Vol_MAX:3.713548e-03, Ang_mean±std:1.128195e-02±3.855339e-03, Vol_mean±std:2.546561e-03±6.149830e-04, P_MAX:4.214e-02, Q_MAX:2.051e-02, P_mean±std:2.961721e-02±6.713217e-03, Q_mean±std:1.479058e-02±2.696356e-03, P_RMSE:9.449e-03, Q_RMSE:4.047e-03, Success rate (<0.1):1.000000, Success rate (<0.01):0.000000, Success rate (<0.001):0.000000
X=[-0.8,-0.6], PQ=[0.4,0.6]: count:10, ill:0, avg_iter:20.00, Ang_MAX:3.646600e-02, Vol_MAX:3.941238e-03, Ang_mean±std:1.361235e-02±8.251628e-03, Vol_mean±std:2.658576e-03±7.922581e-04, P_MAX:7.299e-02, Q_MAX:2.031e-02, P_mean±std:3.616618e-02±1.307118e-02, Q_mean±std:1.481348e-02±3.953966e-03, P_RMSE:1.027e-02, Q_RMSE:4.034e-03, Success rate (<0.1):1.000000, Success rate (<0.01):0.000000, Success rate (<0.001):0.000000
X=[-0.8,-0.6], PQ=[0.6,0.8]: count:10, ill:0, avg_iter:20.00, Ang_MAX:1.683259e-02, Vol_MAX:3.355622e-03, Ang_mean±std:1.003745e-02±2.970657e-03, Vol_mean±std:2.644587e-03±4.862869e-04, P_MAX:3.818e-02, Q_MAX:2.077e-02, P_mean±std:2.910451e-02±5.649287e-03, Q_mean±std:1.506604e-02±2.971331e-03, P_RMSE:9.433e-03, Q_RMSE:4.187e-03, Success rate (<0.1):1.000000, Success rate (<0.01):0.000000, Success rate (<0.001):0.000000
X=[-0.8,-0.6], PQ=[0.8,1.0]: count:10, ill:0, avg_iter:20.00, Ang_MAX:1.715118e-02, Vol_MAX:3.729224e-03, Ang_mean±std:1.284628e-02±2.764820e-03, Vol_mean±std:2.667141e-03±7.397343e-04, P_MAX:3.821e-02, Q_MAX:1.868e-02, P_mean±std:3.087560e-02±5.464032e-03, Q_mean±std:1.533217e-02±2.461027e-03, P_RMSE:9.623e-03, Q_RMSE:4.108e-03, Success rate (<0.1):1.000000, Success rate (<0.01):0.000000, Success rate (<0.001):0.000000
X=[-0.8,-0.6], PQ=[1.0,1.2]: count:10, ill:0, avg_iter:20.00, Ang_MAX:2.360749e-02, Vol_MAX:4.181623e-03, Ang_mean±std:1.362403e-02±4.153663e-03, Vol_mean±std:2.530819e-03±7.446135e-04, P_MAX:4.146e-02, Q_MAX:2.066e-02, P_mean±std:3.173656e-02±5.119735e-03, Q_mean±std:1.383637e-02±2.648544e-03, P_RMSE:9.400e-03, Q_RMSE:3.987e-03, Success rate (<0.1):1.000000, Success rate (<0.01):0.000000, Success rate (<0.001):0.000000
X=[-0.8,-0.6], PQ=[1.2,1.4]: count:10, ill:0, avg_iter:20.00, Ang_MAX:1.474786e-02, Vol_MAX:3.697157e-03, Ang_mean±std:1.123517e-02±2.299532e-03, Vol_mean±std:2.924883e-03±6.763409e-04, P_MAX:3.499e-02, Q_MAX:1.913e-02, P_mean±std:3.029249e-02±2.967080e-03, Q_mean±std:1.535294e-02±2.779528e-03, P_RMSE:9.233e-03, Q_RMSE:4.255e-03, Success rate (<0.1):1.000000, Success rate (<0.01):0.000000, Success rate (<0.001):0.000000
X=[-0.8,-0.6], PQ=[1.4,1.6]: count:10, ill:0, avg_iter:20.00, Ang_MAX:1.661348e-02, Vol_MAX:3.387809e-03, Ang_mean±std:1.049365e-02±3.225429e-03, Vol_mean±std:2.592629e-03±4.611808e-04, P_MAX:3.435e-02, Q_MAX:2.043e-02, P_mean±std:2.967346e-02±2.942607e-03, Q_mean±std:1.603910e-02±2.617168e-03, P_RMSE:9.378e-03, Q_RMSE:4.278e-03, Success rate (<0.1):1.000000, Success rate (<0.01):0.000000, Success rate (<0.001):0.000000
X=[-0.8,-0.6], PQ=[1.6,1.8]: count:10, ill:0, avg_iter:20.00, Ang_MAX:2.262077e-02, Vol_MAX:3.397942e-03, Ang_mean±std:1.297523e-02±5.128459e-03, Vol_mean±std:2.130121e-03±6.590209e-04, P_MAX:4.356e-02, Q_MAX:1.910e-02, P_mean±std:2.920774e-02±6.292179e-03, Q_mean±std:1.295093e-02±3.206575e-03, P_RMSE:9.843e-03, Q_RMSE:4.147e-03, Success rate (<0.1):1.000000, Success rate (<0.01):0.000000, Success rate (<0.001):0.000000
X=[-0.8,-0.6], PQ=[1.8,2.0]: count:10, ill:0, avg_iter:20.00, Ang_MAX:1.646101e-02, Vol_MAX:3.220022e-03, Ang_mean±std:1.111080e-02±3.556467e-03, Vol_mean±std:2.562928e-03±5.066699e-04, P_MAX:3.832e-02, Q_MAX:1.704e-02, P_mean±std:3.019779e-02±5.157842e-03, Q_mean±std:1.402978e-02±2.403042e-03, P_RMSE:9.358e-03, Q_RMSE:4.330e-03, Success rate (<0.1):1.000000, Success rate (<0.01):0.000000, Success rate (<0.001):0.000000
X=[-0.6,-0.4], PQ=[-2.0,-1.8]: count:10, ill:0, avg_iter:20.00, Ang_MAX:2.105591e-02, Vol_MAX:3.280759e-03, Ang_mean±std:1.085020e-02±3.704999e-03, Vol_mean±std:2.528310e-03±5.352057e-04, P_MAX:4.582e-02, Q_MAX:2.070e-02, P_mean±std:2.847889e-02±6.931712e-03, Q_mean±std:1.518466e-02±2.497595e-03, P_RMSE:8.822e-03, Q_RMSE:4.436e-03, Success rate (<0.1):1.000000, Success rate (<0.01):0.000000, Success rate (<0.001):0.000000
X=[-0.6,-0.4], PQ=[-1.8,-1.6]: count:10, ill:0, avg_iter:20.00, Ang_MAX:1.463121e-02, Vol_MAX:3.124118e-03, Ang_mean±std:8.900551e-03±2.588105e-03, Vol_mean±std:2.472287e-03±4.643953e-04, P_MAX:2.963e-02, Q_MAX:1.938e-02, P_mean±std:2.495245e-02±2.987216e-03, Q_mean±std:1.543575e-02±2.426890e-03, P_RMSE:8.641e-03, Q_RMSE:4.287e-03, Success rate (<0.1):1.000000, Success rate (<0.01):0.000000, Success rate (<0.001):0.000000
X=[-0.6,-0.4], PQ=[-1.6,-1.4]: count:10, ill:0, avg_iter:20.00, Ang_MAX:1.056640e-02, Vol_MAX:3.381371e-03, Ang_mean±std:7.949178e-03±1.531127e-03, Vol_mean±std:2.454495e-03±4.069745e-04, P_MAX:2.975e-02, Q_MAX:1.657e-02, P_mean±std:2.410088e-02±2.938884e-03, Q_mean±std:1.428196e-02±1.741420e-03, P_RMSE:8.436e-03, Q_RMSE:4.134e-03, Success rate (<0.1):1.000000, Success rate (<0.01):0.000000, Success rate (<0.001):0.000000
X=[-0.6,-0.4], PQ=[-1.4,-1.2]: count:10, ill:0, avg_iter:20.00, Ang_MAX:1.434702e-02, Vol_MAX:3.987372e-03, Ang_mean±std:9.856772e-03±2.559260e-03, Vol_mean±std:2.443796e-03±8.960671e-04, P_MAX:3.288e-02, Q_MAX:1.937e-02, P_mean±std:2.631322e-02±5.076501e-03, Q_mean±std:1.398534e-02±2.983822e-03, P_RMSE:8.256e-03, Q_RMSE:4.129e-03, Success rate (<0.1):1.000000, Success rate (<0.01):0.000000, Success rate (<0.001):0.000000
X=[-0.6,-0.4], PQ=[-1.2,-1.0]: count:10, ill:0, avg_iter:20.00, Ang_MAX:1.223308e-02, Vol_MAX:3.412664e-03, Ang_mean±std:8.606829e-03±2.087788e-03, Vol_mean±std:2.412623e-03±4.722058e-04, P_MAX:3.394e-02, Q_MAX:1.862e-02, P_mean±std:2.479039e-02±4.412373e-03, Q_mean±std:1.333903e-02±2.781544e-03, P_RMSE:7.889e-03, Q_RMSE:3.965e-03, Success rate (<0.1):1.000000, Success rate (<0.01):0.000000, Success rate (<0.001):0.000000
X=[-0.6,-0.4], PQ=[-1.0,-0.8]: count:10, ill:0, avg_iter:20.00, Ang_MAX:1.650763e-02, Vol_MAX:3.311992e-03, Ang_mean±std:8.899152e-03±3.194602e-03, Vol_mean±std:2.722836e-03±5.250723e-04, P_MAX:2.834e-02, Q_MAX:1.821e-02, P_mean±std:2.572513e-02±2.509134e-03, Q_mean±std:1.473665e-02±2.040314e-03, P_RMSE:8.393e-03, Q_RMSE:4.027e-03, Success rate (<0.1):1.000000, Success rate (<0.01):0.000000, Success rate (<0.001):0.000000
X=[-0.6,-0.4], PQ=[-0.8,-0.6]: count:10, ill:0, avg_iter:20.00, Ang_MAX:1.257849e-02, Vol_MAX:2.956688e-03, Ang_mean±std:9.135275e-03±1.831138e-03, Vol_mean±std:2.249730e-03±3.990404e-04, P_MAX:2.848e-02, Q_MAX:1.751e-02, P_mean±std:2.345815e-02±3.410128e-03, Q_mean±std:1.331347e-02±2.424908e-03, P_RMSE:8.157e-03, Q_RMSE:3.854e-03, Success rate (<0.1):1.000000, Success rate (<0.01):0.000000, Success rate (<0.001):0.000000
X=[-0.6,-0.4], PQ=[-0.6,-0.4]: count:10, ill:0, avg_iter:20.00, Ang_MAX:1.681459e-02, Vol_MAX:3.769815e-03, Ang_mean±std:9.014075e-03±2.988957e-03, Vol_mean±std:2.516365e-03±5.910823e-04, P_MAX:3.177e-02, Q_MAX:1.829e-02, P_mean±std:2.209868e-02±4.502971e-03, Q_mean±std:1.438153e-02±2.593292e-03, P_RMSE:7.922e-03, Q_RMSE:3.824e-03, Success rate (<0.1):1.000000, Success rate (<0.01):0.000000, Success rate (<0.001):0.000000
X=[-0.6,-0.4], PQ=[-0.4,-0.2]: count:10, ill:0, avg_iter:20.00, Ang_MAX:1.355070e-02, Vol_MAX:3.136337e-03, Ang_mean±std:8.230045e-03±2.877995e-03, Vol_mean±std:2.361089e-03±3.756049e-04, P_MAX:3.309e-02, Q_MAX:1.899e-02, P_mean±std:2.354620e-02±4.195062e-03, Q_mean±std:1.324537e-02±2.598975e-03, P_RMSE:8.107e-03, Q_RMSE:3.809e-03, Success rate (<0.1):1.000000, Success rate (<0.01):0.000000, Success rate (<0.001):0.000000
X=[-0.6,-0.4], PQ=[-0.2,0.0]: count:10, ill:0, avg_iter:20.00, Ang_MAX:1.157701e-02, Vol_MAX:3.090441e-03, Ang_mean±std:8.312058e-03±2.247049e-03, Vol_mean±std:2.306736e-03±3.705435e-04, P_MAX:2.993e-02, Q_MAX:1.594e-02, P_mean±std:2.418232e-02±4.575409e-03, Q_mean±std:1.354541e-02±1.624226e-03, P_RMSE:7.987e-03, Q_RMSE:3.859e-03, Success rate (<0.1):1.000000, Success rate (<0.01):0.000000, Success rate (<0.001):0.000000
X=[-0.6,-0.4], PQ=[0.0,0.2]: count:10, ill:0, avg_iter:20.00, Ang_MAX:1.074332e-02, Vol_MAX:3.035307e-03, Ang_mean±std:8.055288e-03±1.474613e-03, Vol_mean±std:2.530599e-03±4.112049e-04, P_MAX:2.509e-02, Q_MAX:1.798e-02, P_mean±std:2.153915e-02±2.840982e-03, Q_mean±std:1.368175e-02±2.351293e-03, P_RMSE:7.840e-03, Q_RMSE:3.844e-03, Success rate (<0.1):1.000000, Success rate (<0.01):0.000000, Success rate (<0.001):0.000000
X=[-0.6,-0.4], PQ=[0.2,0.4]: count:10, ill:0, avg_iter:20.00, Ang_MAX:1.315671e-02, Vol_MAX:3.333807e-03, Ang_mean±std:9.350020e-03±2.534595e-03, Vol_mean±std:2.424407e-03±6.217723e-04, P_MAX:3.089e-02, Q_MAX:1.941e-02, P_mean±std:2.410824e-02±4.528076e-03, Q_mean±std:1.548960e-02±3.147005e-03, P_RMSE:8.036e-03, Q_RMSE:3.996e-03, Success rate (<0.1):1.000000, Success rate (<0.01):0.000000, Success rate (<0.001):0.000000
X=[-0.6,-0.4], PQ=[0.4,0.6]: count:10, ill:0, avg_iter:20.00, Ang_MAX:2.348208e-02, Vol_MAX:3.177166e-03, Ang_mean±std:1.014647e-02±5.774711e-03, Vol_mean±std:2.308100e-03±4.485091e-04, P_MAX:5.048e-02, Q_MAX:1.889e-02, P_mean±std:3.035341e-02±7.617602e-03, Q_mean±std:1.373413e-02±2.666470e-03, P_RMSE:8.818e-03, Q_RMSE:3.847e-03, Success rate (<0.1):1.000000, Success rate (<0.01):0.000000, Success rate (<0.001):0.000000
X=[-0.6,-0.4], PQ=[0.6,0.8]: count:10, ill:0, avg_iter:20.00, Ang_MAX:1.562157e-02, Vol_MAX:2.947807e-03, Ang_mean±std:8.122779e-03±2.813595e-03, Vol_mean±std:2.307063e-03±3.357876e-04, P_MAX:2.759e-02, Q_MAX:1.564e-02, P_mean±std:2.413388e-02±2.664309e-03, Q_mean±std:1.312386e-02±1.071899e-03, P_RMSE:7.992e-03, Q_RMSE:3.866e-03, Success rate (<0.1):1.000000, Success rate (<0.01):0.000000, Success rate (<0.001):0.000000
X=[-0.6,-0.4], PQ=[0.8,1.0]: count:10, ill:0, avg_iter:20.00, Ang_MAX:1.561785e-02, Vol_MAX:3.297746e-03, Ang_mean±std:9.482856e-03±2.986274e-03, Vol_mean±std:2.513522e-03±4.339884e-04, P_MAX:3.059e-02, Q_MAX:1.838e-02, P_mean±std:2.534369e-02±4.204086e-03, Q_mean±std:1.463808e-02±2.561931e-03, P_RMSE:8.233e-03, Q_RMSE:3.950e-03, Success rate (<0.1):1.000000, Success rate (<0.01):0.000000, Success rate (<0.001):0.000000
X=[-0.6,-0.4], PQ=[1.0,1.2]: count:10, ill:0, avg_iter:20.00, Ang_MAX:1.247609e-02, Vol_MAX:3.611803e-03, Ang_mean±std:7.801989e-03±1.643639e-03, Vol_mean±std:2.541691e-03±4.456150e-04, P_MAX:2.816e-02, Q_MAX:1.745e-02, P_mean±std:2.185678e-02±3.002244e-03, Q_mean±std:1.375179e-02±2.189636e-03, P_RMSE:7.965e-03, Q_RMSE:3.994e-03, Success rate (<0.1):1.000000, Success rate (<0.01):0.000000, Success rate (<0.001):0.000000
X=[-0.6,-0.4], PQ=[1.2,1.4]: count:10, ill:0, avg_iter:20.00, Ang_MAX:9.629518e-03, Vol_MAX:2.970517e-03, Ang_mean±std:7.996625e-03±1.285218e-03, Vol_mean±std:2.445608e-03±4.186582e-04, P_MAX:2.730e-02, Q_MAX:1.830e-02, P_mean±std:2.406091e-02±2.878061e-03, Q_mean±std:1.550275e-02±1.467435e-03, P_RMSE:8.425e-03, Q_RMSE:4.291e-03, Success rate (<0.1):1.000000, Success rate (<0.01):0.000000, Success rate (<0.001):0.000000
X=[-0.6,-0.4], PQ=[1.4,1.6]: count:10, ill:0, avg_iter:20.00, Ang_MAX:1.061586e-02, Vol_MAX:3.891945e-03, Ang_mean±std:8.689570e-03±1.329656e-03, Vol_mean±std:2.561080e-03±6.912074e-04, P_MAX:3.608e-02, Q_MAX:1.956e-02, P_mean±std:2.695221e-02±4.976994e-03, Q_mean±std:1.425887e-02±3.513166e-03, P_RMSE:8.485e-03, Q_RMSE:4.042e-03, Success rate (<0.1):1.000000, Success rate (<0.01):0.000000, Success rate (<0.001):0.000000
X=[-0.6,-0.4], PQ=[1.6,1.8]: count:10, ill:0, avg_iter:20.00, Ang_MAX:1.120408e-02, Vol_MAX:3.737807e-03, Ang_mean±std:8.439463e-03±1.502700e-03, Vol_mean±std:2.468622e-03±7.990440e-04, P_MAX:3.351e-02, Q_MAX:1.862e-02, P_mean±std:2.637028e-02±3.298535e-03, Q_mean±std:1.426806e-02±3.004678e-03, P_RMSE:8.545e-03, Q_RMSE:4.166e-03, Success rate (<0.1):1.000000, Success rate (<0.01):0.000000, Success rate (<0.001):0.000000
X=[-0.6,-0.4], PQ=[1.8,2.0]: count:10, ill:0, avg_iter:20.00, Ang_MAX:1.542707e-02, Vol_MAX:3.385007e-03, Ang_mean±std:9.336866e-03±2.461738e-03, Vol_mean±std:2.698576e-03±3.585705e-04, P_MAX:3.535e-02, Q_MAX:1.865e-02, P_mean±std:2.710949e-02±5.000429e-03, Q_mean±std:1.423989e-02±2.431818e-03, P_RMSE:8.401e-03, Q_RMSE:4.439e-03, Success rate (<0.1):1.000000, Success rate (<0.01):0.000000, Success rate (<0.001):0.000000
X=[-0.4,-0.2], PQ=[-2.0,-1.8]: count:10, ill:0, avg_iter:20.00, Ang_MAX:1.072228e-02, Vol_MAX:3.296077e-03, Ang_mean±std:6.725772e-03±1.790286e-03, Vol_mean±std:2.511084e-03±4.603665e-04, P_MAX:2.570e-02, Q_MAX:1.737e-02, P_mean±std:1.996581e-02±3.086593e-03, Q_mean±std:1.462439e-02±1.856938e-03, P_RMSE:7.601e-03, Q_RMSE:4.272e-03, Success rate (<0.1):1.000000, Success rate (<0.01):0.000000, Success rate (<0.001):0.000000
X=[-0.4,-0.2], PQ=[-1.8,-1.6]: count:10, ill:0, avg_iter:20.00, Ang_MAX:7.353336e-03, Vol_MAX:2.558231e-03, Ang_mean±std:5.804579e-03±8.964849e-04, Vol_mean±std:2.315921e-03±1.782942e-04, P_MAX:2.488e-02, Q_MAX:1.743e-02, P_mean±std:1.952623e-02±2.579253e-03, Q_mean±std:1.406459e-02±2.101181e-03, P_RMSE:7.433e-03, Q_RMSE:4.194e-03, Success rate (<0.1):1.000000, Success rate (<0.01):0.000000, Success rate (<0.001):0.000000
X=[-0.4,-0.2], PQ=[-1.6,-1.4]: count:10, ill:0, avg_iter:19.90, Ang_MAX:7.001013e-03, Vol_MAX:3.191292e-03, Ang_mean±std:5.250342e-03±8.780483e-04, Vol_mean±std:2.591866e-03±4.115460e-04, P_MAX:2.580e-02, Q_MAX:1.755e-02, P_mean±std:1.871426e-02±2.908671e-03, Q_mean±std:1.488886e-02±1.885622e-03, P_RMSE:7.162e-03, Q_RMSE:4.162e-03, Success rate (<0.1):1.000000, Success rate (<0.01):0.000000, Success rate (<0.001):0.000000
X=[-0.4,-0.2], PQ=[-1.4,-1.2]: count:10, ill:0, avg_iter:20.00, Ang_MAX:8.116990e-03, Vol_MAX:2.932012e-03, Ang_mean±std:5.843149e-03±1.246236e-03, Vol_mean±std:2.393395e-03±3.461443e-04, P_MAX:2.736e-02, Q_MAX:1.575e-02, P_mean±std:1.918353e-02±3.166320e-03, Q_mean±std:1.326304e-02±1.618525e-03, P_RMSE:7.517e-03, Q_RMSE:3.943e-03, Success rate (<0.1):1.000000, Success rate (<0.01):0.000000, Success rate (<0.001):0.000000
X=[-0.4,-0.2], PQ=[-1.2,-1.0]: count:10, ill:0, avg_iter:19.50, Ang_MAX:1.187983e-02, Vol_MAX:3.535688e-03, Ang_mean±std:6.457138e-03±1.979955e-03, Vol_mean±std:2.548045e-03±5.277970e-04, P_MAX:2.484e-02, Q_MAX:2.052e-02, P_mean±std:1.993217e-02±2.245542e-03, Q_mean±std:1.394949e-02±2.464382e-03, P_RMSE:7.505e-03, Q_RMSE:3.949e-03, Success rate (<0.1):1.000000, Success rate (<0.01):0.000000, Success rate (<0.001):0.000000
X=[-0.4,-0.2], PQ=[-1.0,-0.8]: count:10, ill:0, avg_iter:19.80, Ang_MAX:8.133724e-03, Vol_MAX:3.193557e-03, Ang_mean±std:6.247868e-03±1.274050e-03, Vol_mean±std:2.460212e-03±4.345062e-04, P_MAX:2.276e-02, Q_MAX:1.790e-02, P_mean±std:1.889774e-02±2.476423e-03, Q_mean±std:1.413645e-02±1.925152e-03, P_RMSE:7.281e-03, Q_RMSE:3.914e-03, Success rate (<0.1):1.000000, Success rate (<0.01):0.000000, Success rate (<0.001):0.000000
X=[-0.4,-0.2], PQ=[-0.8,-0.6]: count:10, ill:0, avg_iter:19.60, Ang_MAX:8.855402e-03, Vol_MAX:2.798438e-03, Ang_mean±std:5.924743e-03±1.621624e-03, Vol_mean±std:2.491456e-03±2.291701e-04, P_MAX:2.075e-02, Q_MAX:1.556e-02, P_mean±std:1.756439e-02±2.181426e-03, Q_mean±std:1.355694e-02±1.530160e-03, P_RMSE:7.085e-03, Q_RMSE:3.831e-03, Success rate (<0.1):1.000000, Success rate (<0.01):0.000000, Success rate (<0.001):0.000000
X=[-0.4,-0.2], PQ=[-0.6,-0.4]: count:10, ill:0, avg_iter:20.00, Ang_MAX:8.250058e-03, Vol_MAX:2.869487e-03, Ang_mean±std:5.916747e-03±1.292993e-03, Vol_mean±std:2.386111e-03±2.171697e-04, P_MAX:2.441e-02, Q_MAX:1.590e-02, P_mean±std:1.917174e-02±2.762234e-03, Q_mean±std:1.362026e-02±1.183201e-03, P_RMSE:7.045e-03, Q_RMSE:3.750e-03, Success rate (<0.1):1.000000, Success rate (<0.01):0.000000, Success rate (<0.001):0.000000
X=[-0.4,-0.2], PQ=[-0.4,-0.2]: count:10, ill:0, avg_iter:20.00, Ang_MAX:7.550955e-03, Vol_MAX:3.196895e-03, Ang_mean±std:5.556002e-03±1.201775e-03, Vol_mean±std:2.554083e-03±3.484688e-04, P_MAX:2.070e-02, Q_MAX:1.790e-02, P_mean±std:1.817153e-02±1.486837e-03, Q_mean±std:1.474456e-02±1.729551e-03, P_RMSE:7.061e-03, Q_RMSE:3.887e-03, Success rate (<0.1):1.000000, Success rate (<0.01):0.000000, Success rate (<0.001):0.000000
X=[-0.4,-0.2], PQ=[-0.2,0.0]: count:10, ill:0, avg_iter:19.60, Ang_MAX:7.784128e-03, Vol_MAX:3.129959e-03, Ang_mean±std:6.445950e-03±1.032270e-03, Vol_mean±std:2.672642e-03±3.238623e-04, P_MAX:2.312e-02, Q_MAX:1.735e-02, P_mean±std:1.838876e-02±2.230315e-03, Q_mean±std:1.483785e-02±1.945455e-03, P_RMSE:7.449e-03, Q_RMSE:3.876e-03, Success rate (<0.1):1.000000, Success rate (<0.01):0.000000, Success rate (<0.001):0.000000
X=[-0.4,-0.2], PQ=[0.0,0.2]: count:10, ill:0, avg_iter:19.50, Ang_MAX:9.549364e-03, Vol_MAX:3.045321e-03, Ang_mean±std:5.937618e-03±1.585764e-03, Vol_mean±std:2.443951e-03±3.861261e-04, P_MAX:2.277e-02, Q_MAX:1.622e-02, P_mean±std:1.895037e-02±1.902050e-03, Q_mean±std:1.353598e-02±1.792112e-03, P_RMSE:7.250e-03, Q_RMSE:3.692e-03, Success rate (<0.1):1.000000, Success rate (<0.01):0.000000, Success rate (<0.001):0.000000
X=[-0.4,-0.2], PQ=[0.2,0.4]: count:10, ill:0, avg_iter:19.80, Ang_MAX:6.951690e-03, Vol_MAX:3.279328e-03, Ang_mean±std:5.392653e-03±8.744322e-04, Vol_mean±std:2.680516e-03±3.491076e-04, P_MAX:2.265e-02, Q_MAX:1.777e-02, P_mean±std:1.961011e-02±2.095745e-03, Q_mean±std:1.426715e-02±2.286422e-03, P_RMSE:7.198e-03, Q_RMSE:3.852e-03, Success rate (<0.1):1.000000, Success rate (<0.01):0.000000, Success rate (<0.001):0.000000
X=[-0.4,-0.2], PQ=[0.4,0.6]: count:10, ill:0, avg_iter:20.00, Ang_MAX:1.008880e-02, Vol_MAX:3.011107e-03, Ang_mean±std:6.860009e-03±1.907404e-03, Vol_mean±std:2.680671e-03±3.029557e-04, P_MAX:2.434e-02, Q_MAX:1.862e-02, P_mean±std:1.999874e-02±2.990560e-03, Q_mean±std:1.493990e-02±1.924949e-03, P_RMSE:7.493e-03, Q_RMSE:3.898e-03, Success rate (<0.1):1.000000, Success rate (<0.01):0.000000, Success rate (<0.001):0.000000
X=[-0.4,-0.2], PQ=[0.6,0.8]: count:10, ill:0, avg_iter:20.00, Ang_MAX:9.438813e-03, Vol_MAX:3.325164e-03, Ang_mean±std:6.459992e-03±1.742784e-03, Vol_mean±std:2.572519e-03±3.742221e-04, P_MAX:2.367e-02, Q_MAX:1.832e-02, P_mean±std:1.981239e-02±2.944652e-03, Q_mean±std:1.395006e-02±2.015255e-03, P_RMSE:7.546e-03, Q_RMSE:3.886e-03, Success rate (<0.1):1.000000, Success rate (<0.01):0.000000, Success rate (<0.001):0.000000
X=[-0.4,-0.2], PQ=[0.8,1.0]: count:10, ill:0, avg_iter:20.00, Ang_MAX:8.272141e-03, Vol_MAX:2.925932e-03, Ang_mean±std:5.772512e-03±1.388128e-03, Vol_mean±std:2.554530e-03±2.673885e-04, P_MAX:2.185e-02, Q_MAX:1.619e-02, P_mean±std:1.883931e-02±1.999759e-03, Q_mean±std:1.431077e-02±9.612886e-04, P_RMSE:7.424e-03, Q_RMSE:3.854e-03, Success rate (<0.1):1.000000, Success rate (<0.01):0.000000, Success rate (<0.001):0.000000
X=[-0.4,-0.2], PQ=[1.0,1.2]: count:10, ill:0, avg_iter:20.00, Ang_MAX:7.983297e-03, Vol_MAX:2.981126e-03, Ang_mean±std:5.436602e-03±1.431634e-03, Vol_mean±std:2.544576e-03±4.444061e-04, P_MAX:2.180e-02, Q_MAX:1.656e-02, P_mean±std:1.885742e-02±2.073759e-03, Q_mean±std:1.428058e-02±1.752232e-03, P_RMSE:7.091e-03, Q_RMSE:3.879e-03, Success rate (<0.1):1.000000, Success rate (<0.01):0.000000, Success rate (<0.001):0.000000
X=[-0.4,-0.2], PQ=[1.2,1.4]: count:10, ill:0, avg_iter:19.60, Ang_MAX:1.446253e-02, Vol_MAX:3.159881e-03, Ang_mean±std:6.541954e-03±2.779519e-03, Vol_mean±std:2.476895e-03±3.565442e-04, P_MAX:2.486e-02, Q_MAX:1.564e-02, P_mean±std:2.028402e-02±2.516984e-03, Q_mean±std:1.392761e-02±1.360594e-03, P_RMSE:7.523e-03, Q_RMSE:3.957e-03, Success rate (<0.1):1.000000, Success rate (<0.01):0.000000, Success rate (<0.001):0.000000
X=[-0.4,-0.2], PQ=[1.4,1.6]: count:10, ill:0, avg_iter:19.70, Ang_MAX:8.906305e-03, Vol_MAX:2.854764e-03, Ang_mean±std:5.911160e-03±1.195350e-03, Vol_mean±std:2.390695e-03±3.666002e-04, P_MAX:2.296e-02, Q_MAX:1.761e-02, P_mean±std:1.879063e-02±2.446554e-03, Q_mean±std:1.356546e-02±2.954540e-03, P_RMSE:7.344e-03, Q_RMSE:3.939e-03, Success rate (<0.1):1.000000, Success rate (<0.01):0.000000, Success rate (<0.001):0.000000
X=[-0.4,-0.2], PQ=[1.6,1.8]: count:10, ill:0, avg_iter:19.30, Ang_MAX:1.265109e-02, Vol_MAX:2.912700e-03, Ang_mean±std:7.005762e-03±2.400503e-03, Vol_mean±std:2.317333e-03±3.497960e-04, P_MAX:3.739e-02, Q_MAX:1.620e-02, P_mean±std:2.201930e-02±5.874727e-03, Q_mean±std:1.361005e-02±1.437605e-03, P_RMSE:7.564e-03, Q_RMSE:4.087e-03, Success rate (<0.1):1.000000, Success rate (<0.01):0.000000, Success rate (<0.001):0.000000
X=[-0.4,-0.2], PQ=[1.8,2.0]: count:10, ill:0, avg_iter:19.70, Ang_MAX:7.547855e-03, Vol_MAX:3.331244e-03, Ang_mean±std:6.231391e-03±8.595561e-04, Vol_mean±std:2.692062e-03±5.537159e-04, P_MAX:2.408e-02, Q_MAX:1.925e-02, P_mean±std:2.128127e-02±2.272891e-03, Q_mean±std:1.538566e-02±2.355033e-03, P_RMSE:7.547e-03, Q_RMSE:4.320e-03, Success rate (<0.1):1.000000, Success rate (<0.01):0.000000, Success rate (<0.001):0.000000
X=[-0.2,0.0], PQ=[-2.0,-1.8]: count:10, ill:0, avg_iter:14.60, Ang_MAX:6.115049e-03, Vol_MAX:3.278255e-03, Ang_mean±std:3.529522e-03±1.642347e-03, Vol_mean±std:2.182657e-03±6.558703e-04, P_MAX:2.011e-02, Q_MAX:1.723e-02, P_mean±std:1.520463e-02±2.955971e-03, Q_mean±std:1.303802e-02±2.295512e-03, P_RMSE:6.271e-03, Q_RMSE:3.988e-03, Success rate (<0.1):1.000000, Success rate (<0.01):0.100000, Success rate (<0.001):0.000000
X=[-0.2,0.0], PQ=[-1.8,-1.6]: count:10, ill:0, avg_iter:15.80, Ang_MAX:6.004632e-03, Vol_MAX:3.378332e-03, Ang_mean±std:3.936099e-03±1.328288e-03, Vol_mean±std:2.496648e-03±6.820078e-04, P_MAX:2.306e-02, Q_MAX:1.953e-02, P_mean±std:1.713646e-02±3.032890e-03, Q_mean±std:1.380372e-02±3.534346e-03, P_RMSE:6.634e-03, Q_RMSE:3.883e-03, Success rate (<0.1):1.000000, Success rate (<0.01):0.000000, Success rate (<0.001):0.000000
X=[-0.2,0.0], PQ=[-1.6,-1.4]: count:10, ill:0, avg_iter:17.30, Ang_MAX:5.693525e-03, Vol_MAX:2.838850e-03, Ang_mean±std:4.242755e-03±9.310834e-04, Vol_mean±std:2.355373e-03±2.711424e-04, P_MAX:1.742e-02, Q_MAX:1.572e-02, P_mean±std:1.605389e-02±1.052175e-03, Q_mean±std:1.344743e-02±1.397834e-03, P_RMSE:6.873e-03, Q_RMSE:4.110e-03, Success rate (<0.1):1.000000, Success rate (<0.01):0.000000, Success rate (<0.001):0.000000
X=[-0.2,0.0], PQ=[-1.4,-1.2]: count:10, ill:0, avg_iter:14.20, Ang_MAX:4.545540e-03, Vol_MAX:2.519071e-03, Ang_mean±std:3.374856e-03±1.114711e-03, Vol_mean±std:2.035725e-03±2.930765e-04, P_MAX:1.636e-02, Q_MAX:1.430e-02, P_mean±std:1.448053e-02±1.184091e-03, Q_mean±std:1.191823e-02±1.393124e-03, P_RMSE:6.299e-03, Q_RMSE:3.759e-03, Success rate (<0.1):1.000000, Success rate (<0.01):0.000000, Success rate (<0.001):0.000000
X=[-0.2,0.0], PQ=[-1.2,-1.0]: count:10, ill:0, avg_iter:15.30, Ang_MAX:5.127996e-03, Vol_MAX:2.967179e-03, Ang_mean±std:3.711797e-03±1.421055e-03, Vol_mean±std:2.206564e-03±5.898534e-04, P_MAX:1.837e-02, Q_MAX:1.582e-02, P_mean±std:1.513071e-02±1.925566e-03, Q_mean±std:1.249568e-02±2.331867e-03, P_RMSE:6.293e-03, Q_RMSE:3.735e-03, Success rate (<0.1):1.000000, Success rate (<0.01):0.000000, Success rate (<0.001):0.000000
X=[-0.2,0.0], PQ=[-1.0,-0.8]: count:10, ill:0, avg_iter:14.60, Ang_MAX:4.873484e-03, Vol_MAX:2.714336e-03, Ang_mean±std:3.365004e-03±1.301117e-03, Vol_mean±std:2.125788e-03±6.787685e-04, P_MAX:1.763e-02, Q_MAX:1.513e-02, P_mean±std:1.453614e-02±2.486949e-03, Q_mean±std:1.210304e-02±3.088000e-03, P_RMSE:6.129e-03, Q_RMSE:3.564e-03, Success rate (<0.1):1.000000, Success rate (<0.01):0.100000, Success rate (<0.001):0.000000
X=[-0.2,0.0], PQ=[-0.8,-0.6]: count:10, ill:0, avg_iter:14.80, Ang_MAX:4.790157e-03, Vol_MAX:2.699435e-03, Ang_mean±std:3.010452e-03±1.029606e-03, Vol_mean±std:2.313244e-03±4.601295e-04, P_MAX:1.668e-02, Q_MAX:1.532e-02, P_mean±std:1.482401e-02±9.972335e-04, Q_mean±std:1.344037e-02±1.663754e-03, P_RMSE:6.185e-03, Q_RMSE:3.689e-03, Success rate (<0.1):1.000000, Success rate (<0.01):0.000000, Success rate (<0.001):0.000000
X=[-0.2,0.0], PQ=[-0.6,-0.4]: count:10, ill:0, avg_iter:13.50, Ang_MAX:5.097449e-03, Vol_MAX:2.847731e-03, Ang_mean±std:2.960062e-03±1.449524e-03, Vol_mean±std:2.130628e-03±7.158402e-04, P_MAX:1.726e-02, Q_MAX:1.687e-02, P_mean±std:1.390691e-02±2.627010e-03, Q_mean±std:1.231071e-02±3.394865e-03, P_RMSE:5.793e-03, Q_RMSE:3.497e-03, Success rate (<0.1):1.000000, Success rate (<0.01):0.100000, Success rate (<0.001):0.000000
X=[-0.2,0.0], PQ=[-0.4,-0.2]: count:10, ill:0, avg_iter:14.10, Ang_MAX:4.159778e-03, Vol_MAX:2.707183e-03, Ang_mean±std:2.917157e-03±9.503678e-04, Vol_mean±std:2.181119e-03±3.949714e-04, P_MAX:1.796e-02, Q_MAX:1.481e-02, P_mean±std:1.527339e-02±1.603889e-03, Q_mean±std:1.181492e-02±2.152817e-03, P_RMSE:6.199e-03, Q_RMSE:3.542e-03, Success rate (<0.1):1.000000, Success rate (<0.01):0.000000, Success rate (<0.001):0.000000
X=[-0.2,0.0], PQ=[-0.2,0.0]: count:10, ill:0, avg_iter:18.30, Ang_MAX:5.199626e-03, Vol_MAX:2.765119e-03, Ang_mean±std:4.108651e-03±8.682807e-04, Vol_mean±std:2.393061e-03±3.779752e-04, P_MAX:1.776e-02, Q_MAX:1.538e-02, P_mean±std:1.556903e-02±1.397748e-03, Q_mean±std:1.348837e-02±1.453526e-03, P_RMSE:6.576e-03, Q_RMSE:3.690e-03, Success rate (<0.1):1.000000, Success rate (<0.01):0.000000, Success rate (<0.001):0.000000
X=[-0.2,0.0], PQ=[0.0,0.2]: count:10, ill:0, avg_iter:17.10, Ang_MAX:4.911363e-03, Vol_MAX:2.758443e-03, Ang_mean±std:3.602742e-03±1.178329e-03, Vol_mean±std:2.365553e-03±4.951057e-04, P_MAX:1.717e-02, Q_MAX:1.563e-02, P_mean±std:1.487396e-02±1.831125e-03, Q_mean±std:1.287410e-02±2.784238e-03, P_RMSE:6.286e-03, Q_RMSE:3.608e-03, Success rate (<0.1):1.000000, Success rate (<0.01):0.000000, Success rate (<0.001):0.000000
X=[-0.2,0.0], PQ=[0.2,0.4]: count:10, ill:0, avg_iter:15.20, Ang_MAX:6.700575e-03, Vol_MAX:2.651572e-03, Ang_mean±std:3.782570e-03±1.730772e-03, Vol_mean±std:2.165449e-03±5.580353e-04, P_MAX:2.237e-02, Q_MAX:1.424e-02, P_mean±std:1.486475e-02±3.128647e-03, Q_mean±std:1.225579e-02±2.448859e-03, P_RMSE:6.114e-03, Q_RMSE:3.471e-03, Success rate (<0.1):1.000000, Success rate (<0.01):0.100000, Success rate (<0.001):0.000000
X=[-0.2,0.0], PQ=[0.4,0.6]: count:10, ill:0, avg_iter:10.50, Ang_MAX:6.081268e-03, Vol_MAX:2.665520e-03, Ang_mean±std:2.675280e-03±1.606990e-03, Vol_mean±std:1.903850e-03±6.684345e-04, P_MAX:1.637e-02, Q_MAX:1.633e-02, P_mean±std:1.329907e-02±1.987210e-03, Q_mean±std:1.135505e-02±3.315486e-03, P_RMSE:5.729e-03, Q_RMSE:3.375e-03, Success rate (<0.1):1.000000, Success rate (<0.01):0.000000, Success rate (<0.001):0.000000
X=[-0.2,0.0], PQ=[0.6,0.8]: count:10, ill:0, avg_iter:13.50, Ang_MAX:4.356652e-03, Vol_MAX:2.905428e-03, Ang_mean±std:3.085989e-03±1.236928e-03, Vol_mean±std:2.317256e-03±6.581195e-04, P_MAX:2.040e-02, Q_MAX:1.591e-02, P_mean±std:1.515775e-02±2.628290e-03, Q_mean±std:1.325669e-02±3.145960e-03, P_RMSE:6.028e-03, Q_RMSE:3.631e-03, Success rate (<0.1):1.000000, Success rate (<0.01):0.100000, Success rate (<0.001):0.000000
X=[-0.2,0.0], PQ=[0.8,1.0]: count:10, ill:0, avg_iter:13.00, Ang_MAX:4.623413e-03, Vol_MAX:2.509952e-03, Ang_mean±std:3.302622e-03±1.218117e-03, Vol_mean±std:1.971060e-03±6.431917e-04, P_MAX:1.842e-02, Q_MAX:1.510e-02, P_mean±std:1.439120e-02±2.541562e-03, Q_mean±std:1.221045e-02±2.418859e-03, P_RMSE:6.141e-03, Q_RMSE:3.726e-03, Success rate (<0.1):1.000000, Success rate (<0.01):0.100000, Success rate (<0.001):0.000000
X=[-0.2,0.0], PQ=[1.0,1.2]: count:10, ill:0, avg_iter:14.40, Ang_MAX:6.272137e-03, Vol_MAX:2.807856e-03, Ang_mean±std:3.321457e-03±1.496208e-03, Vol_mean±std:2.154118e-03±6.224598e-04, P_MAX:1.877e-02, Q_MAX:1.747e-02, P_mean±std:1.507387e-02±2.370986e-03, Q_mean±std:1.260471e-02±3.338297e-03, P_RMSE:6.313e-03, Q_RMSE:3.598e-03, Success rate (<0.1):1.000000, Success rate (<0.01):0.100000, Success rate (<0.001):0.000000
X=[-0.2,0.0], PQ=[1.2,1.4]: count:10, ill:0, avg_iter:17.00, Ang_MAX:5.830988e-03, Vol_MAX:3.036678e-03, Ang_mean±std:4.022275e-03±1.021039e-03, Vol_mean±std:2.301604e-03±3.400813e-04, P_MAX:1.895e-02, Q_MAX:1.619e-02, P_mean±std:1.521048e-02±2.024208e-03, Q_mean±std:1.279334e-02±1.849048e-03, P_RMSE:6.471e-03, Q_RMSE:3.768e-03, Success rate (<0.1):1.000000, Success rate (<0.01):0.000000, Success rate (<0.001):0.000000
X=[-0.2,0.0], PQ=[1.4,1.6]: count:10, ill:0, avg_iter:13.60, Ang_MAX:6.670862e-03, Vol_MAX:3.228545e-03, Ang_mean±std:3.470634e-03±1.976821e-03, Vol_mean±std:2.277094e-03±9.074418e-04, P_MAX:2.121e-02, Q_MAX:1.823e-02, P_mean±std:1.604457e-02±3.745225e-03, Q_mean±std:1.318331e-02±3.805206e-03, P_RMSE:6.099e-03, Q_RMSE:3.727e-03, Success rate (<0.1):1.000000, Success rate (<0.01):0.100000, Success rate (<0.001):0.000000
X=[-0.2,0.0], PQ=[1.6,1.8]: count:10, ill:0, avg_iter:13.70, Ang_MAX:6.854951e-03, Vol_MAX:2.903759e-03, Ang_mean±std:3.559680e-03±1.544987e-03, Vol_mean±std:2.202785e-03±4.606057e-04, P_MAX:1.771e-02, Q_MAX:1.658e-02, P_mean±std:1.488206e-02±1.394233e-03, Q_mean±std:1.322610e-02±2.512191e-03, P_RMSE:6.404e-03, Q_RMSE:3.829e-03, Success rate (<0.1):1.000000, Success rate (<0.01):0.000000, Success rate (<0.001):0.000000
X=[-0.2,0.0], PQ=[1.8,2.0]: count:10, ill:0, avg_iter:14.90, Ang_MAX:4.950300e-03, Vol_MAX:3.064871e-03, Ang_mean±std:3.504597e-03±7.671506e-04, Vol_mean±std:2.359021e-03±4.064823e-04, P_MAX:1.912e-02, Q_MAX:1.630e-02, P_mean±std:1.593116e-02±1.912761e-03, Q_mean±std:1.339311e-02±1.750607e-03, P_RMSE:6.598e-03, Q_RMSE:4.048e-03, Success rate (<0.1):1.000000, Success rate (<0.01):0.000000, Success rate (<0.001):0.000000
X=[0.0,0.2], PQ=[-2.0,-1.8]: count:10, ill:0, avg_iter:15.60, Ang_MAX:6.676555e-03, Vol_MAX:3.535926e-03, Ang_mean±std:4.370553e-03±1.340828e-03, Vol_mean±std:2.637237e-03±6.041064e-04, P_MAX:2.201e-02, Q_MAX:1.875e-02, P_mean±std:1.826700e-02±2.096599e-03, Q_mean±std:1.475061e-02±2.267431e-03, P_RMSE:6.936e-03, Q_RMSE:4.231e-03, Success rate (<0.1):1.000000, Success rate (<0.01):0.000000, Success rate (<0.001):0.000000
X=[0.0,0.2], PQ=[-1.8,-1.6]: count:10, ill:0, avg_iter:11.70, Ang_MAX:7.582650e-03, Vol_MAX:2.802074e-03, Ang_mean±std:3.593904e-03±2.247010e-03, Vol_mean±std:1.946312e-03±5.495386e-04, P_MAX:1.944e-02, Q_MAX:1.655e-02, P_mean±std:1.488531e-02±2.520369e-03, Q_mean±std:1.179799e-02±2.664379e-03, P_RMSE:6.236e-03, Q_RMSE:3.654e-03, Success rate (<0.1):1.000000, Success rate (<0.01):0.000000, Success rate (<0.001):0.000000
X=[0.0,0.2], PQ=[-1.6,-1.4]: count:10, ill:0, avg_iter:17.50, Ang_MAX:5.059600e-03, Vol_MAX:2.799392e-03, Ang_mean±std:3.809644e-03±1.049851e-03, Vol_mean±std:2.362537e-03±3.581965e-04, P_MAX:1.727e-02, Q_MAX:1.655e-02, P_mean±std:1.511531e-02±1.882769e-03, Q_mean±std:1.359080e-02±2.124806e-03, P_RMSE:6.643e-03, Q_RMSE:3.996e-03, Success rate (<0.1):1.000000, Success rate (<0.01):0.000000, Success rate (<0.001):0.000000
X=[0.0,0.2], PQ=[-1.4,-1.2]: count:10, ill:0, avg_iter:14.40, Ang_MAX:5.410641e-03, Vol_MAX:2.919555e-03, Ang_mean±std:3.270389e-03±1.707907e-03, Vol_mean±std:2.047354e-03±9.063950e-04, P_MAX:2.083e-02, Q_MAX:1.730e-02, P_mean±std:1.451269e-02±4.028937e-03, Q_mean±std:1.220566e-02±4.244486e-03, P_RMSE:5.968e-03, Q_RMSE:3.474e-03, Success rate (<0.1):1.000000, Success rate (<0.01):0.200000, Success rate (<0.001):0.000000
X=[0.0,0.2], PQ=[-1.2,-1.0]: count:10, ill:0, avg_iter:14.00, Ang_MAX:6.388500e-03, Vol_MAX:2.659440e-03, Ang_mean±std:3.430486e-03±1.322422e-03, Vol_mean±std:2.125770e-03±4.600754e-04, P_MAX:1.725e-02, Q_MAX:1.534e-02, P_mean±std:1.455731e-02±1.668417e-03, Q_mean±std:1.240228e-02±2.239628e-03, P_RMSE:6.114e-03, Q_RMSE:3.641e-03, Success rate (<0.1):1.000000, Success rate (<0.01):0.000000, Success rate (<0.001):0.000000
X=[0.0,0.2], PQ=[-1.0,-0.8]: count:10, ill:0, avg_iter:10.80, Ang_MAX:4.962727e-03, Vol_MAX:2.436697e-03, Ang_mean±std:2.822599e-03±1.273895e-03, Vol_mean±std:1.817656e-03±5.479274e-04, P_MAX:1.587e-02, Q_MAX:1.472e-02, P_mean±std:1.395067e-02±1.617257e-03, Q_mean±std:1.066630e-02±2.905733e-03, P_RMSE:5.856e-03, Q_RMSE:3.437e-03, Success rate (<0.1):1.000000, Success rate (<0.01):0.000000, Success rate (<0.001):0.000000
X=[0.0,0.2], PQ=[-0.8,-0.6]: count:10, ill:0, avg_iter:13.10, Ang_MAX:5.435109e-03, Vol_MAX:2.870440e-03, Ang_mean±std:3.139026e-03±1.386703e-03, Vol_mean±std:2.085960e-03±5.215410e-04, P_MAX:1.748e-02, Q_MAX:1.565e-02, P_mean±std:1.434298e-02±2.017739e-03, Q_mean±std:1.194124e-02±1.645773e-03, P_RMSE:6.118e-03, Q_RMSE:3.586e-03, Success rate (<0.1):1.000000, Success rate (<0.01):0.000000, Success rate (<0.001):0.000000
X=[0.0,0.2], PQ=[-0.6,-0.4]: count:10, ill:0, avg_iter:15.20, Ang_MAX:4.767120e-03, Vol_MAX:2.555728e-03, Ang_mean±std:3.309686e-03±1.286911e-03, Vol_mean±std:2.159113e-03±5.479461e-04, P_MAX:1.606e-02, Q_MAX:1.472e-02, P_mean±std:1.402632e-02±1.842858e-03, Q_mean±std:1.248747e-02±2.937769e-03, P_RMSE:6.124e-03, Q_RMSE:3.530e-03, Success rate (<0.1):1.000000, Success rate (<0.01):0.000000, Success rate (<0.001):0.000000
X=[0.0,0.2], PQ=[-0.4,-0.2]: count:10, ill:0, avg_iter:17.10, Ang_MAX:4.524589e-03, Vol_MAX:2.876520e-03, Ang_mean±std:3.616467e-03±6.059107e-04, Vol_mean±std:2.463710e-03±2.724259e-04, P_MAX:2.023e-02, Q_MAX:1.489e-02, P_mean±std:1.555848e-02±1.843941e-03, Q_mean±std:1.331205e-02±1.341230e-03, P_RMSE:6.426e-03, Q_RMSE:3.676e-03, Success rate (<0.1):1.000000, Success rate (<0.01):0.000000, Success rate (<0.001):0.000000
X=[0.0,0.2], PQ=[-0.2,0.0]: count:10, ill:0, avg_iter:12.30, Ang_MAX:5.499840e-03, Vol_MAX:2.556860e-03, Ang_mean±std:2.977942e-03±1.373471e-03, Vol_mean±std:2.030212e-03±5.768727e-04, P_MAX:1.789e-02, Q_MAX:1.415e-02, P_mean±std:1.419949e-02±1.893306e-03, Q_mean±std:1.128374e-02±2.666795e-03, P_RMSE:5.909e-03, Q_RMSE:3.421e-03, Success rate (<0.1):1.000000, Success rate (<0.01):0.000000, Success rate (<0.001):0.000000
X=[0.0,0.2], PQ=[0.0,0.2]: count:10, ill:0, avg_iter:10.70, Ang_MAX:4.206061e-03, Vol_MAX:2.651870e-03, Ang_mean±std:2.388184e-03±1.367525e-03, Vol_mean±std:1.830256e-03±8.938685e-04, P_MAX:1.639e-02, Q_MAX:1.539e-02, P_mean±std:1.284317e-02±3.347438e-03, Q_mean±std:1.097031e-02±3.949928e-03, P_RMSE:5.250e-03, Q_RMSE:3.225e-03, Success rate (<0.1):1.000000, Success rate (<0.01):0.200000, Success rate (<0.001):0.000000
X=[0.0,0.2], PQ=[0.2,0.4]: count:10, ill:0, avg_iter:16.10, Ang_MAX:5.890921e-03, Vol_MAX:2.803981e-03, Ang_mean±std:3.681086e-03±1.139186e-03, Vol_mean±std:2.298534e-03±5.351842e-04, P_MAX:1.627e-02, Q_MAX:1.546e-02, P_mean±std:1.490352e-02±8.317415e-04, Q_mean±std:1.328079e-02±2.074625e-03, P_RMSE:6.358e-03, Q_RMSE:3.704e-03, Success rate (<0.1):1.000000, Success rate (<0.01):0.000000, Success rate (<0.001):0.000000
X=[0.0,0.2], PQ=[0.4,0.6]: count:10, ill:0, avg_iter:16.90, Ang_MAX:6.175131e-03, Vol_MAX:2.747953e-03, Ang_mean±std:3.936654e-03±1.188071e-03, Vol_mean±std:2.279419e-03±4.923846e-04, P_MAX:1.583e-02, Q_MAX:1.626e-02, P_mean±std:1.488038e-02±5.774049e-04, Q_mean±std:1.284987e-02±2.216608e-03, P_RMSE:6.372e-03, Q_RMSE:3.687e-03, Success rate (<0.1):1.000000, Success rate (<0.01):0.000000, Success rate (<0.001):0.000000
X=[0.0,0.2], PQ=[0.6,0.8]: count:10, ill:0, avg_iter:16.60, Ang_MAX:7.290423e-03, Vol_MAX:2.853572e-03, Ang_mean±std:3.946532e-03±1.296685e-03, Vol_mean±std:2.467889e-03±3.015652e-04, P_MAX:2.246e-02, Q_MAX:1.629e-02, P_mean±std:1.597436e-02±2.613128e-03, Q_mean±std:1.397030e-02±1.479585e-03, P_RMSE:6.604e-03, Q_RMSE:3.889e-03, Success rate (<0.1):1.000000, Success rate (<0.01):0.000000, Success rate (<0.001):0.000000
X=[0.0,0.2], PQ=[0.8,1.0]: count:10, ill:0, avg_iter:14.40, Ang_MAX:5.252659e-03, Vol_MAX:2.652287e-03, Ang_mean±std:3.307752e-03±1.239544e-03, Vol_mean±std:2.067655e-03±5.990765e-04, P_MAX:1.803e-02, Q_MAX:1.481e-02, P_mean±std:1.445660e-02±2.512814e-03, Q_mean±std:1.184044e-02±2.636795e-03, P_RMSE:6.149e-03, Q_RMSE:3.591e-03, Success rate (<0.1):1.000000, Success rate (<0.01):0.100000, Success rate (<0.001):0.000000
X=[0.0,0.2], PQ=[1.0,1.2]: count:10, ill:0, avg_iter:17.20, Ang_MAX:5.690902e-03, Vol_MAX:2.914429e-03, Ang_mean±std:3.911573e-03±8.864172e-04, Vol_mean±std:2.482307e-03±1.943195e-04, P_MAX:1.924e-02, Q_MAX:1.576e-02, P_mean±std:1.574442e-02±1.784212e-03, Q_mean±std:1.392902e-02±1.217481e-03, P_RMSE:6.511e-03, Q_RMSE:3.817e-03, Success rate (<0.1):1.000000, Success rate (<0.01):0.000000, Success rate (<0.001):0.000000
X=[0.0,0.2], PQ=[1.2,1.4]: count:10, ill:0, avg_iter:17.00, Ang_MAX:5.292654e-03, Vol_MAX:2.955914e-03, Ang_mean±std:4.242294e-03±1.133798e-03, Vol_mean±std:2.371997e-03±5.385365e-04, P_MAX:2.285e-02, Q_MAX:1.549e-02, P_mean±std:1.635624e-02±3.381808e-03, Q_mean±std:1.292904e-02±2.131896e-03, P_RMSE:6.566e-03, Q_RMSE:3.871e-03, Success rate (<0.1):1.000000, Success rate (<0.01):0.000000, Success rate (<0.001):0.000000
X=[0.0,0.2], PQ=[1.4,1.6]: count:10, ill:0, avg_iter:17.00, Ang_MAX:6.281257e-03, Vol_MAX:2.878070e-03, Ang_mean±std:3.964485e-03±1.439432e-03, Vol_mean±std:2.375567e-03±5.968148e-04, P_MAX:1.959e-02, Q_MAX:1.633e-02, P_mean±std:1.576485e-02±2.596799e-03, Q_mean±std:1.335865e-02±2.336221e-03, P_RMSE:6.433e-03, Q_RMSE:3.935e-03, Success rate (<0.1):1.000000, Success rate (<0.01):0.100000, Success rate (<0.001):0.000000
X=[0.0,0.2], PQ=[1.6,1.8]: count:10, ill:0, avg_iter:11.40, Ang_MAX:5.045027e-03, Vol_MAX:2.886474e-03, Ang_mean±std:2.889092e-03±1.422627e-03, Vol_mean±std:1.921844e-03±6.062400e-04, P_MAX:1.951e-02, Q_MAX:1.546e-02, P_mean±std:1.497836e-02±2.829071e-03, Q_mean±std:1.151531e-02±3.083126e-03, P_RMSE:6.149e-03, Q_RMSE:3.692e-03, Success rate (<0.1):1.000000, Success rate (<0.01):0.000000, Success rate (<0.001):0.000000
X=[0.0,0.2], PQ=[1.8,2.0]: count:10, ill:0, avg_iter:14.10, Ang_MAX:4.563421e-03, Vol_MAX:2.574205e-03, Ang_mean±std:3.444391e-03±9.100267e-04, Vol_mean±std:1.962787e-03±3.995189e-04, P_MAX:1.648e-02, Q_MAX:1.432e-02, P_mean±std:1.517406e-02±8.498937e-04, Q_mean±std:1.133375e-02±1.951809e-03, P_RMSE:6.491e-03, Q_RMSE:3.865e-03, Success rate (<0.1):1.000000, Success rate (<0.01):0.000000, Success rate (<0.001):0.000000
X=[0.2,0.4], PQ=[-2.0,-1.8]: count:10, ill:0, avg_iter:20.00, Ang_MAX:8.822471e-03, Vol_MAX:3.720820e-03, Ang_mean±std:5.970745e-03±1.309948e-03, Vol_mean±std:2.893847e-03±5.660176e-04, P_MAX:2.854e-02, Q_MAX:2.150e-02, P_mean±std:2.223014e-02±4.056931e-03, Q_mean±std:1.573023e-02±3.382502e-03, P_RMSE:7.573e-03, Q_RMSE:4.353e-03, Success rate (<0.1):1.000000, Success rate (<0.01):0.000000, Success rate (<0.001):0.000000
X=[0.2,0.4], PQ=[-1.8,-1.6]: count:10, ill:0, avg_iter:19.20, Ang_MAX:7.697850e-03, Vol_MAX:3.276408e-03, Ang_mean±std:5.784710e-03±9.492646e-04, Vol_mean±std:2.606100e-03±3.608414e-04, P_MAX:2.427e-02, Q_MAX:1.666e-02, P_mean±std:2.027975e-02±2.609080e-03, Q_mean±std:1.415521e-02±1.592447e-03, P_RMSE:7.344e-03, Q_RMSE:4.183e-03, Success rate (<0.1):1.000000, Success rate (<0.01):0.000000, Success rate (<0.001):0.000000
X=[0.2,0.4], PQ=[-1.6,-1.4]: count:10, ill:0, avg_iter:20.00, Ang_MAX:7.390380e-03, Vol_MAX:2.960443e-03, Ang_mean±std:5.856515e-03±9.392689e-04, Vol_mean±std:2.480167e-03±3.587965e-04, P_MAX:2.282e-02, Q_MAX:1.912e-02, P_mean±std:1.931255e-02±1.866520e-03, Q_mean±std:1.387357e-02±2.207472e-03, P_RMSE:7.378e-03, Q_RMSE:4.028e-03, Success rate (<0.1):1.000000, Success rate (<0.01):0.000000, Success rate (<0.001):0.000000
X=[0.2,0.4], PQ=[-1.4,-1.2]: count:10, ill:0, avg_iter:19.70, Ang_MAX:8.455664e-03, Vol_MAX:3.275990e-03, Ang_mean±std:5.949865e-03±1.450420e-03, Vol_mean±std:2.800530e-03±2.433700e-04, P_MAX:2.039e-02, Q_MAX:1.711e-02, P_mean±std:1.786668e-02±1.856354e-03, Q_mean±std:1.549099e-02±9.136419e-04, P_RMSE:7.271e-03, Q_RMSE:4.069e-03, Success rate (<0.1):1.000000, Success rate (<0.01):0.000000, Success rate (<0.001):0.000000
X=[0.2,0.4], PQ=[-1.2,-1.0]: count:10, ill:0, avg_iter:19.90, Ang_MAX:1.042575e-02, Vol_MAX:3.236234e-03, Ang_mean±std:6.812356e-03±1.835987e-03, Vol_mean±std:2.489132e-03±4.108115e-04, P_MAX:2.553e-02, Q_MAX:1.551e-02, P_mean±std:1.981889e-02±2.648765e-03, Q_mean±std:1.332778e-02±1.611284e-03, P_RMSE:7.659e-03, Q_RMSE:3.838e-03, Success rate (<0.1):1.000000, Success rate (<0.01):0.000000, Success rate (<0.001):0.000000
X=[0.2,0.4], PQ=[-1.0,-0.8]: count:10, ill:0, avg_iter:20.00, Ang_MAX:8.864760e-03, Vol_MAX:3.015935e-03, Ang_mean±std:7.130466e-03±1.328492e-03, Vol_mean±std:2.730083e-03±1.931571e-04, P_MAX:2.485e-02, Q_MAX:1.818e-02, P_mean±std:2.023669e-02±2.409170e-03, Q_mean±std:1.498831e-02±1.600929e-03, P_RMSE:7.248e-03, Q_RMSE:4.015e-03, Success rate (<0.1):1.000000, Success rate (<0.01):0.000000, Success rate (<0.001):0.000000
X=[0.2,0.4], PQ=[-0.8,-0.6]: count:10, ill:0, avg_iter:19.30, Ang_MAX:8.200318e-03, Vol_MAX:3.189981e-03, Ang_mean±std:5.931960e-03±1.244478e-03, Vol_mean±std:2.480400e-03±4.080577e-04, P_MAX:2.922e-02, Q_MAX:1.600e-02, P_mean±std:1.949134e-02±4.286088e-03, Q_mean±std:1.398556e-02±1.482228e-03, P_RMSE:7.429e-03, Q_RMSE:3.934e-03, Success rate (<0.1):1.000000, Success rate (<0.01):0.000000, Success rate (<0.001):0.000000
X=[0.2,0.4], PQ=[-0.6,-0.4]: count:10, ill:0, avg_iter:20.00, Ang_MAX:7.804036e-03, Vol_MAX:3.044605e-03, Ang_mean±std:5.851763e-03±1.096705e-03, Vol_mean±std:2.608401e-03±3.122355e-04, P_MAX:2.377e-02, Q_MAX:1.665e-02, P_mean±std:1.853472e-02±2.645012e-03, Q_mean±std:1.440770e-02±1.743744e-03, P_RMSE:7.012e-03, Q_RMSE:3.833e-03, Success rate (<0.1):1.000000, Success rate (<0.01):0.000000, Success rate (<0.001):0.000000
X=[0.2,0.4], PQ=[-0.4,-0.2]: count:10, ill:0, avg_iter:19.60, Ang_MAX:1.157403e-02, Vol_MAX:3.286719e-03, Ang_mean±std:7.239491e-03±2.090311e-03, Vol_mean±std:2.531129e-03±4.373164e-04, P_MAX:2.611e-02, Q_MAX:1.649e-02, P_mean±std:1.962528e-02±3.416077e-03, Q_mean±std:1.395688e-02±1.662639e-03, P_RMSE:7.292e-03, Q_RMSE:3.881e-03, Success rate (<0.1):1.000000, Success rate (<0.01):0.000000, Success rate (<0.001):0.000000
X=[0.2,0.4], PQ=[-0.2,0.0]: count:10, ill:0, avg_iter:20.00, Ang_MAX:6.935269e-03, Vol_MAX:2.938390e-03, Ang_mean±std:5.285129e-03±1.138997e-03, Vol_mean±std:2.492458e-03±2.568826e-04, P_MAX:2.316e-02, Q_MAX:1.711e-02, P_mean±std:1.783779e-02±2.850495e-03, Q_mean±std:1.423095e-02±1.548314e-03, P_RMSE:7.061e-03, Q_RMSE:3.789e-03, Success rate (<0.1):1.000000, Success rate (<0.01):0.000000, Success rate (<0.001):0.000000
X=[0.2,0.4], PQ=[0.0,0.2]: count:10, ill:0, avg_iter:20.00, Ang_MAX:1.037194e-02, Vol_MAX:3.100574e-03, Ang_mean±std:7.071909e-03±1.748943e-03, Vol_mean±std:2.557582e-03±3.422393e-04, P_MAX:2.419e-02, Q_MAX:1.720e-02, P_mean±std:1.963183e-02±2.970175e-03, Q_mean±std:1.429269e-02±1.557332e-03, P_RMSE:7.492e-03, Q_RMSE:3.795e-03, Success rate (<0.1):1.000000, Success rate (<0.01):0.000000, Success rate (<0.001):0.000000
X=[0.2,0.4], PQ=[0.2,0.4]: count:10, ill:0, avg_iter:20.00, Ang_MAX:6.975800e-03, Vol_MAX:2.990246e-03, Ang_mean±std:6.043084e-03±6.236579e-04, Vol_mean±std:2.604902e-03±2.796686e-04, P_MAX:2.433e-02, Q_MAX:1.706e-02, P_mean±std:1.867831e-02±3.236716e-03, Q_mean±std:1.429405e-02±1.736782e-03, P_RMSE:7.151e-03, Q_RMSE:3.804e-03, Success rate (<0.1):1.000000, Success rate (<0.01):0.000000, Success rate (<0.001):0.000000
X=[0.2,0.4], PQ=[0.4,0.6]: count:10, ill:0, avg_iter:20.00, Ang_MAX:9.473950e-03, Vol_MAX:3.174543e-03, Ang_mean±std:6.524935e-03±1.280961e-03, Vol_mean±std:2.596307e-03±4.466880e-04, P_MAX:2.504e-02, Q_MAX:1.718e-02, P_mean±std:1.917698e-02±2.707023e-03, Q_mean±std:1.416302e-02±2.161177e-03, P_RMSE:7.374e-03, Q_RMSE:3.849e-03, Success rate (<0.1):1.000000, Success rate (<0.01):0.000000, Success rate (<0.001):0.000000
X=[0.2,0.4], PQ=[0.6,0.8]: count:10, ill:0, avg_iter:20.00, Ang_MAX:7.990748e-03, Vol_MAX:2.828896e-03, Ang_mean±std:6.015557e-03±1.189221e-03, Vol_mean±std:2.374220e-03±4.260689e-04, P_MAX:2.521e-02, Q_MAX:1.604e-02, P_mean±std:2.055363e-02±3.304928e-03, Q_mean±std:1.334892e-02±1.897652e-03, P_RMSE:7.243e-03, Q_RMSE:3.853e-03, Success rate (<0.1):1.000000, Success rate (<0.01):0.000000, Success rate (<0.001):0.000000
X=[0.2,0.4], PQ=[0.8,1.0]: count:10, ill:0, avg_iter:20.00, Ang_MAX:1.266986e-02, Vol_MAX:3.367782e-03, Ang_mean±std:7.693863e-03±2.081266e-03, Vol_mean±std:2.476209e-03±3.726044e-04, P_MAX:2.407e-02, Q_MAX:1.690e-02, P_mean±std:1.948168e-02±2.801051e-03, Q_mean±std:1.343282e-02±1.611733e-03, P_RMSE:7.529e-03, Q_RMSE:3.755e-03, Success rate (<0.1):1.000000, Success rate (<0.01):0.000000, Success rate (<0.001):0.000000
X=[0.2,0.4], PQ=[1.0,1.2]: count:10, ill:0, avg_iter:20.00, Ang_MAX:8.314610e-03, Vol_MAX:3.180623e-03, Ang_mean±std:6.136122e-03±1.362563e-03, Vol_mean±std:2.387100e-03±4.602080e-04, P_MAX:2.584e-02, Q_MAX:1.765e-02, P_mean±std:1.878987e-02±2.780553e-03, Q_mean±std:1.447139e-02±1.901401e-03, P_RMSE:7.450e-03, Q_RMSE:4.033e-03, Success rate (<0.1):1.000000, Success rate (<0.01):0.000000, Success rate (<0.001):0.000000
X=[0.2,0.4], PQ=[1.2,1.4]: count:10, ill:0, avg_iter:20.00, Ang_MAX:8.668840e-03, Vol_MAX:2.927899e-03, Ang_mean±std:5.894750e-03±1.554663e-03, Vol_mean±std:2.517939e-03±1.958850e-04, P_MAX:2.247e-02, Q_MAX:1.682e-02, P_mean±std:1.810887e-02±1.986520e-03, Q_mean±std:1.450863e-02±2.093494e-03, P_RMSE:6.961e-03, Q_RMSE:3.987e-03, Success rate (<0.1):1.000000, Success rate (<0.01):0.000000, Success rate (<0.001):0.000000
X=[0.2,0.4], PQ=[1.4,1.6]: count:10, ill:0, avg_iter:20.00, Ang_MAX:7.193565e-03, Vol_MAX:2.657413e-03, Ang_mean±std:6.016480e-03±9.052946e-04, Vol_mean±std:2.237326e-03±3.890776e-04, P_MAX:3.235e-02, Q_MAX:1.728e-02, P_mean±std:2.185761e-02±5.507598e-03, Q_mean±std:1.365139e-02±2.266898e-03, P_RMSE:7.397e-03, Q_RMSE:3.995e-03, Success rate (<0.1):1.000000, Success rate (<0.01):0.000000, Success rate (<0.001):0.000000
X=[0.2,0.4], PQ=[1.6,1.8]: count:10, ill:0, avg_iter:20.00, Ang_MAX:1.062015e-02, Vol_MAX:3.454149e-03, Ang_mean±std:6.603275e-03±2.120892e-03, Vol_mean±std:2.711791e-03±5.467618e-04, P_MAX:2.455e-02, Q_MAX:2.008e-02, P_mean±std:2.043557e-02±2.867990e-03, Q_mean±std:1.557401e-02±2.549999e-03, P_RMSE:7.425e-03, Q_RMSE:4.184e-03, Success rate (<0.1):1.000000, Success rate (<0.01):0.000000, Success rate (<0.001):0.000000
X=[0.2,0.4], PQ=[1.8,2.0]: count:10, ill:0, avg_iter:19.20, Ang_MAX:1.098746e-02, Vol_MAX:3.210187e-03, Ang_mean±std:7.043774e-03±1.944823e-03, Vol_mean±std:2.658641e-03±5.019722e-04, P_MAX:2.659e-02, Q_MAX:1.886e-02, P_mean±std:2.069935e-02±3.475355e-03, Q_mean±std:1.549774e-02±1.933749e-03, P_RMSE:7.697e-03, Q_RMSE:4.459e-03, Success rate (<0.1):1.000000, Success rate (<0.01):0.000000, Success rate (<0.001):0.000000
X=[0.4,0.6], PQ=[-2.0,-1.8]: count:10, ill:0, avg_iter:20.00, Ang_MAX:1.087132e-02, Vol_MAX:3.384411e-03, Ang_mean±std:8.150578e-03±1.925489e-03, Vol_mean±std:2.397531e-03±5.764049e-04, P_MAX:3.356e-02, Q_MAX:2.024e-02, P_mean±std:2.640461e-02±3.868691e-03, Q_mean±std:1.463728e-02±3.370338e-03, P_RMSE:8.877e-03, Q_RMSE:4.307e-03, Success rate (<0.1):1.000000, Success rate (<0.01):0.000000, Success rate (<0.001):0.000000
X=[0.4,0.6], PQ=[-1.8,-1.6]: count:10, ill:0, avg_iter:20.00, Ang_MAX:1.180315e-02, Vol_MAX:4.381001e-03, Ang_mean±std:8.852729e-03±1.975820e-03, Vol_mean±std:3.128338e-03±6.991355e-04, P_MAX:4.989e-02, Q_MAX:2.433e-02, P_mean±std:2.900563e-02±8.570738e-03, Q_mean±std:1.654829e-02±4.140627e-03, P_RMSE:8.540e-03, Q_RMSE:4.306e-03, Success rate (<0.1):1.000000, Success rate (<0.01):0.000000, Success rate (<0.001):0.000000
X=[0.4,0.6], PQ=[-1.6,-1.4]: count:10, ill:0, avg_iter:20.00, Ang_MAX:1.495320e-02, Vol_MAX:3.546417e-03, Ang_mean±std:9.561709e-03±2.887506e-03, Vol_mean±std:2.508336e-03±6.077753e-04, P_MAX:4.488e-02, Q_MAX:1.912e-02, P_mean±std:2.631685e-02±7.142411e-03, Q_mean±std:1.473719e-02±2.845386e-03, P_RMSE:8.652e-03, Q_RMSE:4.164e-03, Success rate (<0.1):1.000000, Success rate (<0.01):0.000000, Success rate (<0.001):0.000000
X=[0.4,0.6], PQ=[-1.4,-1.2]: count:10, ill:0, avg_iter:20.00, Ang_MAX:1.079240e-02, Vol_MAX:3.228188e-03, Ang_mean±std:8.680072e-03±1.355765e-03, Vol_mean±std:2.295423e-03±5.327656e-04, P_MAX:3.073e-02, Q_MAX:1.801e-02, P_mean±std:2.460469e-02±3.357354e-03, Q_mean±std:1.473847e-02±1.970885e-03, P_RMSE:8.339e-03, Q_RMSE:4.105e-03, Success rate (<0.1):1.000000, Success rate (<0.01):0.000000, Success rate (<0.001):0.000000
X=[0.4,0.6], PQ=[-1.2,-1.0]: count:10, ill:0, avg_iter:20.00, Ang_MAX:1.374507e-02, Vol_MAX:3.191173e-03, Ang_mean±std:8.764625e-03±2.615210e-03, Vol_mean±std:2.554631e-03±5.284943e-04, P_MAX:2.849e-02, Q_MAX:2.005e-02, P_mean±std:2.209553e-02±2.582221e-03, Q_mean±std:1.581397e-02±2.462910e-03, P_RMSE:7.953e-03, Q_RMSE:4.013e-03, Success rate (<0.1):1.000000, Success rate (<0.01):0.000000, Success rate (<0.001):0.000000
X=[0.4,0.6], PQ=[-1.0,-0.8]: count:10, ill:0, avg_iter:20.00, Ang_MAX:1.294494e-02, Vol_MAX:3.233135e-03, Ang_mean±std:8.737394e-03±2.397839e-03, Vol_mean±std:2.524197e-03±6.294613e-04, P_MAX:2.859e-02, Q_MAX:1.970e-02, P_mean±std:2.422144e-02±3.149413e-03, Q_mean±std:1.507043e-02±3.446387e-03, P_RMSE:8.363e-03, Q_RMSE:4.049e-03, Success rate (<0.1):1.000000, Success rate (<0.01):0.000000, Success rate (<0.001):0.000000
X=[0.4,0.6], PQ=[-0.8,-0.6]: count:10, ill:0, avg_iter:20.00, Ang_MAX:1.451737e-02, Vol_MAX:3.082275e-03, Ang_mean±std:8.905569e-03±2.519670e-03, Vol_mean±std:2.600801e-03±3.348974e-04, P_MAX:2.988e-02, Q_MAX:1.990e-02, P_mean±std:2.501799e-02±3.423645e-03, Q_mean±std:1.551014e-02±2.893834e-03, P_RMSE:8.574e-03, Q_RMSE:4.035e-03, Success rate (<0.1):1.000000, Success rate (<0.01):0.000000, Success rate (<0.001):0.000000
X=[0.4,0.6], PQ=[-0.6,-0.4]: count:10, ill:0, avg_iter:20.00, Ang_MAX:1.402088e-02, Vol_MAX:4.450917e-03, Ang_mean±std:8.970878e-03±2.857915e-03, Vol_mean±std:3.106332e-03±4.939413e-04, P_MAX:2.936e-02, Q_MAX:2.463e-02, P_mean±std:2.493735e-02±2.761545e-03, Q_mean±std:1.668463e-02±3.216197e-03, P_RMSE:8.521e-03, Q_RMSE:4.134e-03, Success rate (<0.1):1.000000, Success rate (<0.01):0.000000, Success rate (<0.001):0.000000
X=[0.4,0.6], PQ=[-0.4,-0.2]: count:10, ill:0, avg_iter:20.00, Ang_MAX:1.243150e-02, Vol_MAX:3.669500e-03, Ang_mean±std:9.661502e-03±2.185905e-03, Vol_mean±std:2.784443e-03±6.045049e-04, P_MAX:3.148e-02, Q_MAX:1.969e-02, P_mean±std:2.543956e-02±3.240851e-03, Q_mean±std:1.555506e-02±2.420414e-03, P_RMSE:8.222e-03, Q_RMSE:4.169e-03, Success rate (<0.1):1.000000, Success rate (<0.01):0.000000, Success rate (<0.001):0.000000
X=[0.4,0.6], PQ=[-0.2,0.0]: count:10, ill:0, avg_iter:19.90, Ang_MAX:1.226184e-02, Vol_MAX:3.051102e-03, Ang_mean±std:8.992745e-03±1.837066e-03, Vol_mean±std:2.429616e-03±4.122934e-04, P_MAX:2.869e-02, Q_MAX:1.689e-02, P_mean±std:2.201202e-02±2.999195e-03, Q_mean±std:1.393305e-02±1.932930e-03, P_RMSE:7.934e-03, Q_RMSE:3.812e-03, Success rate (<0.1):1.000000, Success rate (<0.01):0.000000, Success rate (<0.001):0.000000
X=[0.4,0.6], PQ=[0.0,0.2]: count:10, ill:0, avg_iter:20.00, Ang_MAX:1.245791e-02, Vol_MAX:2.873957e-03, Ang_mean±std:8.819680e-03±2.323743e-03, Vol_mean±std:2.466762e-03±3.222839e-04, P_MAX:3.083e-02, Q_MAX:1.807e-02, P_mean±std:2.347752e-02±3.561488e-03, Q_mean±std:1.428140e-02±2.038050e-03, P_RMSE:8.178e-03, Q_RMSE:3.957e-03, Success rate (<0.1):1.000000, Success rate (<0.01):0.000000, Success rate (<0.001):0.000000
X=[0.4,0.6], PQ=[0.2,0.4]: count:10, ill:0, avg_iter:20.00, Ang_MAX:1.253451e-02, Vol_MAX:3.552079e-03, Ang_mean±std:9.452949e-03±2.450975e-03, Vol_mean±std:2.649969e-03±6.116805e-04, P_MAX:3.082e-02, Q_MAX:1.883e-02, P_mean±std:2.428947e-02±3.391980e-03, Q_mean±std:1.519403e-02±2.198729e-03, P_RMSE:8.767e-03, Q_RMSE:3.977e-03, Success rate (<0.1):1.000000, Success rate (<0.01):0.000000, Success rate (<0.001):0.000000
X=[0.4,0.6], PQ=[0.4,0.6]: count:10, ill:0, avg_iter:20.00, Ang_MAX:1.357411e-02, Vol_MAX:3.145397e-03, Ang_mean±std:8.920494e-03±2.254793e-03, Vol_mean±std:2.578008e-03±4.772166e-04, P_MAX:3.471e-02, Q_MAX:1.810e-02, P_mean±std:2.438532e-02±5.282359e-03, Q_mean±std:1.449306e-02±2.562041e-03, P_RMSE:8.260e-03, Q_RMSE:3.841e-03, Success rate (<0.1):1.000000, Success rate (<0.01):0.000000, Success rate (<0.001):0.000000
X=[0.4,0.6], PQ=[0.6,0.8]: count:10, ill:0, avg_iter:20.00, Ang_MAX:1.484057e-02, Vol_MAX:3.077805e-03, Ang_mean±std:9.813152e-03±2.646235e-03, Vol_mean±std:2.762240e-03±2.324571e-04, P_MAX:3.343e-02, Q_MAX:1.722e-02, P_mean±std:2.359982e-02±5.082101e-03, Q_mean±std:1.414135e-02±2.433429e-03, P_RMSE:8.321e-03, Q_RMSE:3.915e-03, Success rate (<0.1):1.000000, Success rate (<0.01):0.000000, Success rate (<0.001):0.000000
X=[0.4,0.6], PQ=[0.8,1.0]: count:10, ill:0, avg_iter:20.00, Ang_MAX:1.387084e-02, Vol_MAX:3.210187e-03, Ang_mean±std:1.037543e-02±1.955040e-03, Vol_mean±std:2.530414e-03±4.462826e-04, P_MAX:3.793e-02, Q_MAX:1.916e-02, P_mean±std:2.553753e-02±5.663372e-03, Q_mean±std:1.475859e-02±2.134327e-03, P_RMSE:8.008e-03, Q_RMSE:4.026e-03, Success rate (<0.1):1.000000, Success rate (<0.01):0.000000, Success rate (<0.001):0.000000
X=[0.4,0.6], PQ=[1.0,1.2]: count:10, ill:0, avg_iter:20.00, Ang_MAX:1.570737e-02, Vol_MAX:3.319502e-03, Ang_mean±std:8.850178e-03±2.965268e-03, Vol_mean±std:2.786726e-03±3.767931e-04, P_MAX:5.603e-02, Q_MAX:1.807e-02, P_mean±std:2.675620e-02±1.020635e-02, Q_mean±std:1.379406e-02±2.976343e-03, P_RMSE:8.418e-03, Q_RMSE:3.954e-03, Success rate (<0.1):1.000000, Success rate (<0.01):0.000000, Success rate (<0.001):0.000000
X=[0.4,0.6], PQ=[1.2,1.4]: count:10, ill:0, avg_iter:20.00, Ang_MAX:1.482859e-02, Vol_MAX:3.692985e-03, Ang_mean±std:9.364514e-03±2.473163e-03, Vol_mean±std:2.859443e-03±4.206098e-04, P_MAX:3.400e-02, Q_MAX:2.102e-02, P_mean±std:2.675205e-02±3.697606e-03, Q_mean±std:1.583630e-02±2.913759e-03, P_RMSE:8.448e-03, Q_RMSE:4.303e-03, Success rate (<0.1):1.000000, Success rate (<0.01):0.000000, Success rate (<0.001):0.000000
X=[0.4,0.6], PQ=[1.4,1.6]: count:10, ill:0, avg_iter:20.00, Ang_MAX:1.244414e-02, Vol_MAX:3.180146e-03, Ang_mean±std:8.370455e-03±2.338824e-03, Vol_mean±std:2.553511e-03±3.070639e-04, P_MAX:2.710e-02, Q_MAX:1.732e-02, P_mean±std:2.298865e-02±2.151236e-03, Q_mean±std:1.479007e-02±1.447808e-03, P_RMSE:8.185e-03, Q_RMSE:4.163e-03, Success rate (<0.1):1.000000, Success rate (<0.01):0.000000, Success rate (<0.001):0.000000
X=[0.4,0.6], PQ=[1.6,1.8]: count:10, ill:0, avg_iter:20.00, Ang_MAX:1.522684e-02, Vol_MAX:3.036201e-03, Ang_mean±std:1.004805e-02±2.277535e-03, Vol_mean±std:2.424389e-03±4.268799e-04, P_MAX:2.791e-02, Q_MAX:1.893e-02, P_mean±std:2.382982e-02±2.936834e-03, Q_mean±std:1.506827e-02±1.856301e-03, P_RMSE:8.160e-03, Q_RMSE:4.280e-03, Success rate (<0.1):1.000000, Success rate (<0.01):0.000000, Success rate (<0.001):0.000000
X=[0.4,0.6], PQ=[1.8,2.0]: count:10, ill:0, avg_iter:20.00, Ang_MAX:1.284561e-02, Vol_MAX:3.456593e-03, Ang_mean±std:9.870699e-03±1.815292e-03, Vol_mean±std:2.624911e-03±4.994363e-04, P_MAX:3.455e-02, Q_MAX:1.958e-02, P_mean±std:2.666885e-02±4.965033e-03, Q_mean±std:1.541225e-02±2.752565e-03, P_RMSE:8.943e-03, Q_RMSE:4.437e-03, Success rate (<0.1):1.000000, Success rate (<0.01):0.000000, Success rate (<0.001):0.000000
X=[0.6,0.8], PQ=[-2.0,-1.8]: count:10, ill:0, avg_iter:20.00, Ang_MAX:1.620650e-02, Vol_MAX:3.361344e-03, Ang_mean±std:1.142462e-02±2.914699e-03, Vol_mean±std:2.788305e-03±5.079726e-04, P_MAX:4.260e-02, Q_MAX:2.193e-02, P_mean±std:2.954804e-02±5.472990e-03, Q_mean±std:1.553281e-02±3.156258e-03, P_RMSE:9.425e-03, Q_RMSE:4.376e-03, Success rate (<0.1):1.000000, Success rate (<0.01):0.000000, Success rate (<0.001):0.000000
X=[0.6,0.8], PQ=[-1.8,-1.6]: count:10, ill:0, avg_iter:20.00, Ang_MAX:2.766478e-02, Vol_MAX:3.672481e-03, Ang_mean±std:1.155979e-02±5.682677e-03, Vol_mean±std:2.832729e-03±6.542385e-04, P_MAX:4.634e-02, Q_MAX:2.047e-02, P_mean±std:3.198484e-02±6.239877e-03, Q_mean±std:1.521734e-02±3.286963e-03, P_RMSE:9.382e-03, Q_RMSE:4.378e-03, Success rate (<0.1):1.000000, Success rate (<0.01):0.000000, Success rate (<0.001):0.000000
X=[0.6,0.8], PQ=[-1.6,-1.4]: count:10, ill:0, avg_iter:20.00, Ang_MAX:1.785815e-02, Vol_MAX:3.490984e-03, Ang_mean±std:1.029359e-02±2.687718e-03, Vol_mean±std:2.550203e-03±5.818980e-04, P_MAX:4.406e-02, Q_MAX:2.206e-02, P_mean±std:2.756669e-02±6.602316e-03, Q_mean±std:1.553330e-02±4.198194e-03, P_RMSE:9.222e-03, Q_RMSE:4.156e-03, Success rate (<0.1):1.000000, Success rate (<0.01):0.000000, Success rate (<0.001):0.000000
X=[0.6,0.8], PQ=[-1.4,-1.2]: count:10, ill:0, avg_iter:20.00, Ang_MAX:1.578563e-02, Vol_MAX:3.103852e-03, Ang_mean±std:1.166024e-02±2.322747e-03, Vol_mean±std:2.480781e-03±5.179248e-04, P_MAX:3.362e-02, Q_MAX:2.134e-02, P_mean±std:2.750375e-02±3.164744e-03, Q_mean±std:1.599091e-02±3.759326e-03, P_RMSE:9.747e-03, Q_RMSE:4.310e-03, Success rate (<0.1):1.000000, Success rate (<0.01):0.000000, Success rate (<0.001):0.000000
X=[0.6,0.8], PQ=[-1.2,-1.0]: count:10, ill:0, avg_iter:20.00, Ang_MAX:1.798111e-02, Vol_MAX:3.601909e-03, Ang_mean±std:1.345419e-02±3.497473e-03, Vol_mean±std:2.734947e-03±5.565599e-04, P_MAX:4.596e-02, Q_MAX:2.346e-02, P_mean±std:3.312579e-02±6.185667e-03, Q_mean±std:1.617178e-02±4.104334e-03, P_RMSE:1.030e-02, Q_RMSE:4.235e-03, Success rate (<0.1):1.000000, Success rate (<0.01):0.000000, Success rate (<0.001):0.000000
X=[0.6,0.8], PQ=[-1.0,-0.8]: count:10, ill:0, avg_iter:20.00, Ang_MAX:1.827464e-02, Vol_MAX:3.724217e-03, Ang_mean±std:1.183484e-02±3.106207e-03, Vol_mean±std:2.724129e-03±6.496910e-04, P_MAX:4.555e-02, Q_MAX:2.051e-02, P_mean±std:3.141438e-02±6.292666e-03, Q_mean±std:1.669737e-02±3.252597e-03, P_RMSE:9.806e-03, Q_RMSE:4.220e-03, Success rate (<0.1):1.000000, Success rate (<0.01):0.000000, Success rate (<0.001):0.000000
X=[0.6,0.8], PQ=[-0.8,-0.6]: count:10, ill:0, avg_iter:20.00, Ang_MAX:2.459607e-02, Vol_MAX:3.497720e-03, Ang_mean±std:1.189561e-02±4.916933e-03, Vol_mean±std:2.636921e-03±5.860815e-04, P_MAX:3.912e-02, Q_MAX:2.197e-02, P_mean±std:2.913453e-02±4.628513e-03, Q_mean±std:1.530215e-02±4.209644e-03, P_RMSE:9.340e-03, Q_RMSE:4.169e-03, Success rate (<0.1):1.000000, Success rate (<0.01):0.000000, Success rate (<0.001):0.000000
X=[0.6,0.8], PQ=[-0.6,-0.4]: count:10, ill:0, avg_iter:20.00, Ang_MAX:1.696056e-02, Vol_MAX:3.417194e-03, Ang_mean±std:1.095577e-02±2.638375e-03, Vol_mean±std:2.727997e-03±5.906143e-04, P_MAX:3.921e-02, Q_MAX:1.850e-02, P_mean±std:2.839087e-02±5.705596e-03, Q_mean±std:1.417435e-02±3.262238e-03, P_RMSE:9.163e-03, Q_RMSE:4.011e-03, Success rate (<0.1):1.000000, Success rate (<0.01):0.000000, Success rate (<0.001):0.000000
X=[0.6,0.8], PQ=[-0.4,-0.2]: count:10, ill:0, avg_iter:20.00, Ang_MAX:1.441212e-02, Vol_MAX:3.224492e-03, Ang_mean±std:1.039732e-02±2.745564e-03, Vol_mean±std:2.391285e-03±5.044387e-04, P_MAX:4.502e-02, Q_MAX:1.912e-02, P_mean±std:3.067818e-02±6.084895e-03, Q_mean±std:1.444857e-02±2.181359e-03, P_RMSE:9.519e-03, Q_RMSE:4.116e-03, Success rate (<0.1):1.000000, Success rate (<0.01):0.000000, Success rate (<0.001):0.000000
X=[0.6,0.8], PQ=[-0.2,0.0]: count:10, ill:0, avg_iter:20.00, Ang_MAX:1.824659e-02, Vol_MAX:5.135775e-03, Ang_mean±std:1.341381e-02±4.743370e-03, Vol_mean±std:2.851146e-03±8.990676e-04, P_MAX:3.588e-02, Q_MAX:2.704e-02, P_mean±std:2.990403e-02±3.367497e-03, Q_mean±std:1.478567e-02±5.355662e-03, P_RMSE:9.523e-03, Q_RMSE:3.934e-03, Success rate (<0.1):1.000000, Success rate (<0.01):0.000000, Success rate (<0.001):0.000000
X=[0.6,0.8], PQ=[0.0,0.2]: count:10, ill:0, avg_iter:20.00, Ang_MAX:1.763755e-02, Vol_MAX:3.220320e-03, Ang_mean±std:1.267855e-02±2.643445e-03, Vol_mean±std:2.627790e-03±2.911795e-04, P_MAX:3.656e-02, Q_MAX:1.961e-02, P_mean±std:2.976467e-02±4.638366e-03, Q_mean±std:1.398810e-02±2.519326e-03, P_RMSE:9.893e-03, Q_RMSE:3.894e-03, Success rate (<0.1):1.000000, Success rate (<0.01):0.000000, Success rate (<0.001):0.000000
X=[0.6,0.8], PQ=[0.2,0.4]: count:10, ill:0, avg_iter:20.00, Ang_MAX:2.104640e-02, Vol_MAX:3.620803e-03, Ang_mean±std:1.229223e-02±4.256840e-03, Vol_mean±std:2.533031e-03±7.399469e-04, P_MAX:4.015e-02, Q_MAX:1.952e-02, P_mean±std:2.995251e-02±4.771519e-03, Q_mean±std:1.533311e-02±3.393149e-03, P_RMSE:9.483e-03, Q_RMSE:4.106e-03, Success rate (<0.1):1.000000, Success rate (<0.01):0.000000, Success rate (<0.001):0.000000
X=[0.6,0.8], PQ=[0.4,0.6]: count:10, ill:0, avg_iter:20.00, Ang_MAX:1.791346e-02, Vol_MAX:3.418565e-03, Ang_mean±std:1.177454e-02±3.137260e-03, Vol_mean±std:2.705854e-03±5.437248e-04, P_MAX:3.813e-02, Q_MAX:1.995e-02, P_mean±std:2.991532e-02±4.626154e-03, Q_mean±std:1.498165e-02±2.507879e-03, P_RMSE:9.392e-03, Q_RMSE:4.108e-03, Success rate (<0.1):1.000000, Success rate (<0.01):0.000000, Success rate (<0.001):0.000000
X=[0.6,0.8], PQ=[0.6,0.8]: count:10, ill:0, avg_iter:20.00, Ang_MAX:1.717794e-02, Vol_MAX:3.944457e-03, Ang_mean±std:1.056245e-02±3.142757e-03, Vol_mean±std:2.707553e-03±5.779869e-04, P_MAX:3.858e-02, Q_MAX:1.909e-02, P_mean±std:3.147941e-02±5.097173e-03, Q_mean±std:1.394013e-02±3.292667e-03, P_RMSE:9.759e-03, Q_RMSE:4.000e-03, Success rate (<0.1):1.000000, Success rate (<0.01):0.000000, Success rate (<0.001):0.000000
X=[0.6,0.8], PQ=[0.8,1.0]: count:10, ill:0, avg_iter:20.00, Ang_MAX:1.757646e-02, Vol_MAX:3.990114e-03, Ang_mean±std:1.133894e-02±2.858848e-03, Vol_mean±std:2.733845e-03±7.016773e-04, P_MAX:4.032e-02, Q_MAX:2.187e-02, P_mean±std:3.005856e-02±6.383178e-03, Q_mean±std:1.541180e-02±3.249647e-03, P_RMSE:9.118e-03, Q_RMSE:4.046e-03, Success rate (<0.1):1.000000, Success rate (<0.01):0.000000, Success rate (<0.001):0.000000
X=[0.6,0.8], PQ=[1.0,1.2]: count:10, ill:0, avg_iter:20.00, Ang_MAX:1.658115e-02, Vol_MAX:4.001200e-03, Ang_mean±std:1.195599e-02±2.492729e-03, Vol_mean±std:2.645361e-03±8.838981e-04, P_MAX:4.412e-02, Q_MAX:2.109e-02, P_mean±std:3.104254e-02±8.951381e-03, Q_mean±std:1.472727e-02±3.669634e-03, P_RMSE:9.761e-03, Q_RMSE:4.107e-03, Success rate (<0.1):1.000000, Success rate (<0.01):0.000000, Success rate (<0.001):0.000000
X=[0.6,0.8], PQ=[1.2,1.4]: count:10, ill:0, avg_iter:20.00, Ang_MAX:1.703320e-02, Vol_MAX:5.098224e-03, Ang_mean±std:1.201912e-02±3.281206e-03, Vol_mean±std:2.793926e-03±1.004098e-03, P_MAX:3.786e-02, Q_MAX:2.890e-02, P_mean±std:2.824131e-02±5.081050e-03, Q_mean±std:1.722970e-02±5.724947e-03, P_RMSE:9.389e-03, Q_RMSE:4.391e-03, Success rate (<0.1):1.000000, Success rate (<0.01):0.000000, Success rate (<0.001):0.000000
X=[0.6,0.8], PQ=[1.4,1.6]: count:10, ill:0, avg_iter:20.00, Ang_MAX:1.550899e-02, Vol_MAX:3.513634e-03, Ang_mean±std:1.105538e-02±2.188398e-03, Vol_mean±std:2.430040e-03±6.069655e-04, P_MAX:3.578e-02, Q_MAX:1.882e-02, P_mean±std:2.921946e-02±4.297399e-03, Q_mean±std:1.398529e-02±2.478611e-03, P_RMSE:9.785e-03, Q_RMSE:4.069e-03, Success rate (<0.1):1.000000, Success rate (<0.01):0.000000, Success rate (<0.001):0.000000
X=[0.6,0.8], PQ=[1.6,1.8]: count:10, ill:0, avg_iter:20.00, Ang_MAX:1.772681e-02, Vol_MAX:3.243983e-03, Ang_mean±std:1.172881e-02±2.542622e-03, Vol_mean±std:2.312821e-03±5.677259e-04, P_MAX:3.313e-02, Q_MAX:1.823e-02, P_mean±std:2.580798e-02±3.956177e-03, Q_mean±std:1.491246e-02±2.273271e-03, P_RMSE:9.338e-03, Q_RMSE:4.288e-03, Success rate (<0.1):1.000000, Success rate (<0.01):0.000000, Success rate (<0.001):0.000000
X=[0.6,0.8], PQ=[1.8,2.0]: count:10, ill:0, avg_iter:20.00, Ang_MAX:1.762658e-02, Vol_MAX:3.556073e-03, Ang_mean±std:1.266560e-02±2.642959e-03, Vol_mean±std:2.744484e-03±5.048022e-04, P_MAX:4.619e-02, Q_MAX:2.433e-02, P_mean±std:3.227925e-02±6.589264e-03, Q_mean±std:1.623381e-02±4.066385e-03, P_RMSE:1.033e-02, Q_RMSE:4.500e-03, Success rate (<0.1):1.000000, Success rate (<0.01):0.000000, Success rate (<0.001):0.000000
X=[0.8,1.0], PQ=[-2.0,-1.8]: count:10, ill:0, avg_iter:20.00, Ang_MAX:2.402920e-02, Vol_MAX:3.658056e-03, Ang_mean±std:1.451830e-02±4.188567e-03, Vol_mean±std:2.488559e-03±6.976606e-04, P_MAX:4.084e-02, Q_MAX:2.315e-02, P_mean±std:3.035439e-02±5.079707e-03, Q_mean±std:1.730418e-02±4.303192e-03, P_RMSE:1.099e-02, Q_RMSE:4.714e-03, Success rate (<0.1):1.000000, Success rate (<0.01):0.000000, Success rate (<0.001):0.000000
X=[0.8,1.0], PQ=[-1.8,-1.6]: count:10, ill:0, avg_iter:20.00, Ang_MAX:2.098510e-02, Vol_MAX:3.779948e-03, Ang_mean±std:1.491758e-02±2.739439e-03, Vol_mean±std:2.870625e-03±7.695246e-04, P_MAX:5.165e-02, Q_MAX:2.153e-02, P_mean±std:3.710135e-02±7.843424e-03, Q_mean±std:1.563726e-02±3.265269e-03, P_RMSE:1.121e-02, Q_RMSE:4.388e-03, Success rate (<0.1):1.000000, Success rate (<0.01):0.000000, Success rate (<0.001):0.000000
X=[0.8,1.0], PQ=[-1.6,-1.4]: count:10, ill:0, avg_iter:20.00, Ang_MAX:2.480489e-02, Vol_MAX:3.729284e-03, Ang_mean±std:1.602643e-02±5.450426e-03, Vol_mean±std:2.500844e-03±6.349650e-04, P_MAX:4.619e-02, Q_MAX:2.366e-02, P_mean±std:3.369714e-02±7.140187e-03, Q_mean±std:1.686302e-02±3.994637e-03, P_RMSE:1.074e-02, Q_RMSE:4.613e-03, Success rate (<0.1):1.000000, Success rate (<0.01):0.000000, Success rate (<0.001):0.000000
X=[0.8,1.0], PQ=[-1.4,-1.2]: count:10, ill:0, avg_iter:20.00, Ang_MAX:2.116543e-02, Vol_MAX:3.627479e-03, Ang_mean±std:1.603577e-02±3.934491e-03, Vol_mean±std:2.328193e-03±6.159664e-04, P_MAX:5.126e-02, Q_MAX:1.778e-02, P_mean±std:3.540208e-02±7.990124e-03, Q_mean±std:1.428695e-02±2.615101e-03, P_RMSE:1.081e-02, Q_RMSE:4.212e-03, Success rate (<0.1):1.000000, Success rate (<0.01):0.000000, Success rate (<0.001):0.000000
X=[0.8,1.0], PQ=[-1.2,-1.0]: count:10, ill:0, avg_iter:20.00, Ang_MAX:3.000247e-02, Vol_MAX:4.230618e-03, Ang_mean±std:1.798314e-02±6.413058e-03, Vol_mean±std:2.986014e-03±9.874216e-04, P_MAX:4.899e-02, Q_MAX:2.248e-02, P_mean±std:3.694227e-02±8.170182e-03, Q_mean±std:1.577367e-02±4.355524e-03, P_RMSE:1.117e-02, Q_RMSE:4.275e-03, Success rate (<0.1):1.000000, Success rate (<0.01):0.000000, Success rate (<0.001):0.000000
X=[0.8,1.0], PQ=[-1.0,-0.8]: count:10, ill:0, avg_iter:20.00, Ang_MAX:2.467936e-02, Vol_MAX:4.086971e-03, Ang_mean±std:1.613540e-02±5.335454e-03, Vol_mean±std:2.771872e-03±9.392395e-04, P_MAX:4.381e-02, Q_MAX:2.282e-02, P_mean±std:3.282780e-02±8.274367e-03, Q_mean±std:1.590005e-02±2.980421e-03, P_RMSE:1.121e-02, Q_RMSE:4.297e-03, Success rate (<0.1):1.000000, Success rate (<0.01):0.000000, Success rate (<0.001):0.000000
X=[0.8,1.0], PQ=[-0.8,-0.6]: count:10, ill:0, avg_iter:20.00, Ang_MAX:2.550352e-02, Vol_MAX:4.554033e-03, Ang_mean±std:1.557217e-02±4.698867e-03, Vol_mean±std:3.119552e-03±8.764853e-04, P_MAX:4.624e-02, Q_MAX:2.313e-02, P_mean±std:3.251385e-02±5.943458e-03, Q_mean±std:1.754354e-02±3.351101e-03, P_RMSE:1.132e-02, Q_RMSE:4.449e-03, Success rate (<0.1):1.000000, Success rate (<0.01):0.000000, Success rate (<0.001):0.000000
X=[0.8,1.0], PQ=[-0.6,-0.4]: count:10, ill:0, avg_iter:20.00, Ang_MAX:2.268437e-02, Vol_MAX:4.160047e-03, Ang_mean±std:1.523505e-02±4.087067e-03, Vol_mean±std:2.986556e-03±6.447530e-04, P_MAX:4.436e-02, Q_MAX:2.402e-02, P_mean±std:3.490415e-02±6.225024e-03, Q_mean±std:1.600344e-02±4.155418e-03, P_RMSE:1.097e-02, Q_RMSE:4.316e-03, Success rate (<0.1):1.000000, Success rate (<0.01):0.000000, Success rate (<0.001):0.000000
X=[0.8,1.0], PQ=[-0.4,-0.2]: count:10, ill:0, avg_iter:20.00, Ang_MAX:1.692417e-02, Vol_MAX:3.621936e-03, Ang_mean±std:1.344205e-02±2.484405e-03, Vol_mean±std:2.408671e-03±6.306376e-04, P_MAX:4.586e-02, Q_MAX:2.134e-02, P_mean±std:3.523503e-02±6.047371e-03, Q_mean±std:1.608688e-02±4.022430e-03, P_RMSE:1.146e-02, Q_RMSE:4.227e-03, Success rate (<0.1):1.000000, Success rate (<0.01):0.000000, Success rate (<0.001):0.000000
X=[0.8,1.0], PQ=[-0.2,0.0]: count:10, ill:0, avg_iter:20.00, Ang_MAX:2.440020e-02, Vol_MAX:4.155934e-03, Ang_mean±std:1.472094e-02±5.177260e-03, Vol_mean±std:2.826160e-03±7.988538e-04, P_MAX:6.017e-02, Q_MAX:2.247e-02, P_mean±std:3.580401e-02±9.055787e-03, Q_mean±std:1.581587e-02±4.111060e-03, P_RMSE:1.091e-02, Q_RMSE:4.196e-03, Success rate (<0.1):1.000000, Success rate (<0.01):0.000000, Success rate (<0.001):0.000000
X=[0.8,1.0], PQ=[0.0,0.2]: count:10, ill:0, avg_iter:20.00, Ang_MAX:2.591038e-02, Vol_MAX:3.790736e-03, Ang_mean±std:1.552630e-02±5.395899e-03, Vol_mean±std:2.977997e-03±5.029597e-04, P_MAX:3.900e-02, Q_MAX:2.243e-02, P_mean±std:3.372290e-02±4.501693e-03, Q_mean±std:1.679131e-02±4.137939e-03, P_RMSE:1.083e-02, Q_RMSE:4.144e-03, Success rate (<0.1):1.000000, Success rate (<0.01):0.000000, Success rate (<0.001):0.000000
X=[0.8,1.0], PQ=[0.2,0.4]: count:10, ill:0, avg_iter:20.00, Ang_MAX:3.485537e-02, Vol_MAX:3.498256e-03, Ang_mean±std:1.653178e-02±6.945038e-03, Vol_mean±std:2.756906e-03±6.598534e-04, P_MAX:4.310e-02, Q_MAX:1.982e-02, P_mean±std:3.399507e-02±7.035870e-03, Q_mean±std:1.582888e-02±3.615502e-03, P_RMSE:1.170e-02, Q_RMSE:4.235e-03, Success rate (<0.1):1.000000, Success rate (<0.01):0.000000, Success rate (<0.001):0.000000
X=[0.8,1.0], PQ=[0.4,0.6]: count:10, ill:0, avg_iter:20.00, Ang_MAX:1.868534e-02, Vol_MAX:4.126132e-03, Ang_mean±std:1.448431e-02±2.787633e-03, Vol_mean±std:2.642733e-03±7.073775e-04, P_MAX:4.356e-02, Q_MAX:1.761e-02, P_mean±std:3.529365e-02±5.388669e-03, Q_mean±std:1.466105e-02±2.770942e-03, P_RMSE:1.097e-02, Q_RMSE:3.987e-03, Success rate (<0.1):1.000000, Success rate (<0.01):0.000000, Success rate (<0.001):0.000000
X=[0.8,1.0], PQ=[0.6,0.8]: count:10, ill:0, avg_iter:20.00, Ang_MAX:2.015576e-02, Vol_MAX:4.090607e-03, Ang_mean±std:1.381913e-02±3.644059e-03, Vol_mean±std:2.754849e-03±7.450370e-04, P_MAX:5.137e-02, Q_MAX:2.453e-02, P_mean±std:3.610270e-02±7.068549e-03, Q_mean±std:1.682274e-02±3.401127e-03, P_RMSE:1.116e-02, Q_RMSE:4.196e-03, Success rate (<0.1):1.000000, Success rate (<0.01):0.000000, Success rate (<0.001):0.000000
X=[0.8,1.0], PQ=[0.8,1.0]: count:10, ill:0, avg_iter:20.00, Ang_MAX:1.806241e-02, Vol_MAX:3.888309e-03, Ang_mean±std:1.509269e-02±2.746433e-03, Vol_mean±std:2.629954e-03±7.141568e-04, P_MAX:3.589e-02, Q_MAX:1.927e-02, P_mean±std:3.102978e-02±4.709546e-03, Q_mean±std:1.569229e-02±2.753419e-03, P_RMSE:1.051e-02, Q_RMSE:4.191e-03, Success rate (<0.1):1.000000, Success rate (<0.01):0.000000, Success rate (<0.001):0.000000
X=[0.8,1.0], PQ=[1.0,1.2]: count:10, ill:0, avg_iter:20.00, Ang_MAX:2.502111e-02, Vol_MAX:3.660321e-03, Ang_mean±std:1.341161e-02±4.423631e-03, Vol_mean±std:2.543265e-03±6.782788e-04, P_MAX:4.776e-02, Q_MAX:1.911e-02, P_mean±std:3.068704e-02±6.472611e-03, Q_mean±std:1.604176e-02±2.248560e-03, P_RMSE:1.019e-02, Q_RMSE:4.393e-03, Success rate (<0.1):1.000000, Success rate (<0.01):0.000000, Success rate (<0.001):0.000000
X=[0.8,1.0], PQ=[1.2,1.4]: count:10, ill:0, avg_iter:20.00, Ang_MAX:2.563083e-02, Vol_MAX:3.300965e-03, Ang_mean±std:1.537270e-02±4.725586e-03, Vol_mean±std:2.564633e-03±6.483965e-04, P_MAX:4.447e-02, Q_MAX:2.238e-02, P_mean±std:3.418010e-02±6.352470e-03, Q_mean±std:1.450155e-02±3.998855e-03, P_RMSE:1.078e-02, Q_RMSE:4.284e-03, Success rate (<0.1):1.000000, Success rate (<0.01):0.000000, Success rate (<0.001):0.000000
X=[0.8,1.0], PQ=[1.4,1.6]: count:10, ill:0, avg_iter:20.00, Ang_MAX:1.955463e-02, Vol_MAX:4.140794e-03, Ang_mean±std:1.455839e-02±2.780288e-03, Vol_mean±std:2.918130e-03±7.775182e-04, P_MAX:4.399e-02, Q_MAX:2.099e-02, P_mean±std:3.766757e-02±5.478941e-03, Q_mean±std:1.520442e-02±3.246527e-03, P_RMSE:1.107e-02, Q_RMSE:4.315e-03, Success rate (<0.1):1.000000, Success rate (<0.01):0.000000, Success rate (<0.001):0.000000
X=[0.8,1.0], PQ=[1.6,1.8]: count:10, ill:0, avg_iter:19.60, Ang_MAX:2.030587e-02, Vol_MAX:4.625916e-03, Ang_mean±std:1.530477e-02±2.778676e-03, Vol_mean±std:3.380567e-03±7.650072e-04, P_MAX:4.439e-02, Q_MAX:2.480e-02, P_mean±std:3.601726e-02±5.049251e-03, Q_mean±std:2.043227e-02±4.091839e-03, P_RMSE:1.135e-02, Q_RMSE:4.825e-03, Success rate (<0.1):1.000000, Success rate (<0.01):0.000000, Success rate (<0.001):0.000000
X=[0.8,1.0], PQ=[1.8,2.0]: count:10, ill:0, avg_iter:20.00, Ang_MAX:2.045065e-02, Vol_MAX:4.164577e-03, Ang_mean±std:1.356191e-02±3.541739e-03, Vol_mean±std:3.511161e-03±5.161352e-04, P_MAX:4.846e-02, Q_MAX:2.704e-02, P_mean±std:3.445747e-02±6.735835e-03, Q_mean±std:1.776333e-02±4.500160e-03, P_RMSE:1.161e-02, Q_RMSE:4.787e-03, Success rate (<0.1):1.000000, Success rate (<0.01):0.000000, Success rate (<0.001):0.000000
X=[1.0,1.2], PQ=[-2.0,-1.8]: count:10, ill:0, avg_iter:20.00, Ang_MAX:2.367163e-02, Vol_MAX:4.339159e-03, Ang_mean±std:1.618035e-02±4.753378e-03, Vol_mean±std:3.142124e-03±7.781604e-04, P_MAX:6.391e-02, Q_MAX:2.896e-02, P_mean±std:4.516005e-02±1.070542e-02, Q_mean±std:1.975034e-02±5.457163e-03, P_RMSE:1.256e-02, Q_RMSE:4.895e-03, Success rate (<0.1):1.000000, Success rate (<0.01):0.000000, Success rate (<0.001):0.000000
X=[1.0,1.2], PQ=[-1.8,-1.6]: count:10, ill:0, avg_iter:20.00, Ang_MAX:2.677731e-02, Vol_MAX:3.713846e-03, Ang_mean±std:1.928233e-02±3.674561e-03, Vol_mean±std:2.684474e-03±7.502021e-04, P_MAX:5.856e-02, Q_MAX:2.513e-02, P_mean±std:3.975067e-02±8.510914e-03, Q_mean±std:1.691032e-02±4.525338e-03, P_RMSE:1.261e-02, Q_RMSE:4.501e-03, Success rate (<0.1):1.000000, Success rate (<0.01):0.000000, Success rate (<0.001):0.000000
X=[1.0,1.2], PQ=[-1.6,-1.4]: count:10, ill:0, avg_iter:20.00, Ang_MAX:2.221584e-02, Vol_MAX:4.430771e-03, Ang_mean±std:1.598512e-02±3.176735e-03, Vol_mean±std:3.081930e-03±9.151496e-04, P_MAX:5.595e-02, Q_MAX:3.590e-02, P_mean±std:3.978937e-02±7.421683e-03, Q_mean±std:1.797679e-02±6.326233e-03, P_RMSE:1.285e-02, Q_RMSE:4.844e-03, Success rate (<0.1):1.000000, Success rate (<0.01):0.000000, Success rate (<0.001):0.000000
X=[1.0,1.2], PQ=[-1.4,-1.2]: count:10, ill:0, avg_iter:20.00, Ang_MAX:3.185946e-02, Vol_MAX:3.622591e-03, Ang_mean±std:1.921045e-02±6.734188e-03, Vol_mean±std:2.603865e-03±6.952023e-04, P_MAX:6.297e-02, Q_MAX:2.508e-02, P_mean±std:4.150502e-02±8.992393e-03, Q_mean±std:1.654307e-02±4.031943e-03, P_RMSE:1.287e-02, Q_RMSE:4.655e-03, Success rate (<0.1):1.000000, Success rate (<0.01):0.000000, Success rate (<0.001):0.000000
X=[1.0,1.2], PQ=[-1.2,-1.0]: count:10, ill:0, avg_iter:20.00, Ang_MAX:2.192312e-02, Vol_MAX:4.662514e-03, Ang_mean±std:1.777152e-02±3.071033e-03, Vol_mean±std:3.145838e-03±9.090080e-04, P_MAX:5.013e-02, Q_MAX:2.650e-02, P_mean±std:4.285653e-02±4.881418e-03, Q_mean±std:1.764194e-02±5.310452e-03, P_RMSE:1.260e-02, Q_RMSE:4.684e-03, Success rate (<0.1):1.000000, Success rate (<0.01):0.000000, Success rate (<0.001):0.000000
X=[1.0,1.2], PQ=[-1.0,-0.8]: count:10, ill:0, avg_iter:20.00, Ang_MAX:2.651897e-02, Vol_MAX:3.768325e-03, Ang_mean±std:1.858190e-02±5.179196e-03, Vol_mean±std:2.658516e-03±7.142879e-04, P_MAX:5.420e-02, Q_MAX:2.968e-02, P_mean±std:4.263180e-02±6.111268e-03, Q_mean±std:1.804627e-02±6.623760e-03, P_RMSE:1.259e-02, Q_RMSE:4.540e-03, Success rate (<0.1):1.000000, Success rate (<0.01):0.000000, Success rate (<0.001):0.000000
X=[1.0,1.2], PQ=[-0.8,-0.6]: count:10, ill:0, avg_iter:20.00, Ang_MAX:3.051361e-02, Vol_MAX:3.930926e-03, Ang_mean±std:1.599760e-02±6.026784e-03, Vol_mean±std:2.608550e-03±7.925647e-04, P_MAX:4.865e-02, Q_MAX:2.006e-02, P_mean±std:3.903815e-02±5.866023e-03, Q_mean±std:1.433197e-02±3.714581e-03, P_RMSE:1.231e-02, Q_RMSE:4.151e-03, Success rate (<0.1):1.000000, Success rate (<0.01):0.000000, Success rate (<0.001):0.000000
X=[1.0,1.2], PQ=[-0.6,-0.4]: count:10, ill:0, avg_iter:20.00, Ang_MAX:2.899760e-02, Vol_MAX:6.650090e-03, Ang_mean±std:1.946029e-02±6.163244e-03, Vol_mean±std:3.492653e-03±1.432842e-03, P_MAX:5.632e-02, Q_MAX:3.592e-02, P_mean±std:4.280935e-02±7.841374e-03, Q_mean±std:1.941218e-02±5.962168e-03, P_RMSE:1.283e-02, Q_RMSE:4.657e-03, Success rate (<0.1):1.000000, Success rate (<0.01):0.000000, Success rate (<0.001):0.000000
X=[1.0,1.2], PQ=[-0.4,-0.2]: count:10, ill:0, avg_iter:20.00, Ang_MAX:3.024065e-02, Vol_MAX:4.053712e-03, Ang_mean±std:1.728209e-02±5.705025e-03, Vol_mean±std:3.007245e-03±7.211329e-04, P_MAX:6.132e-02, Q_MAX:2.250e-02, P_mean±std:4.513594e-02±8.471660e-03, Q_mean±std:1.684058e-02±3.270130e-03, P_RMSE:1.247e-02, Q_RMSE:4.335e-03, Success rate (<0.1):1.000000, Success rate (<0.01):0.000000, Success rate (<0.001):0.000000
X=[1.0,1.2], PQ=[-0.2,0.0]: count:10, ill:0, avg_iter:20.00, Ang_MAX:2.531767e-02, Vol_MAX:4.234910e-03, Ang_mean±std:1.797700e-02±4.406097e-03, Vol_mean±std:3.403175e-03±6.712908e-04, P_MAX:1.109e-01, Q_MAX:2.452e-02, P_mean±std:4.750626e-02±2.253224e-02, Q_mean±std:1.701616e-02±4.723888e-03, P_RMSE:1.271e-02, Q_RMSE:4.290e-03, Success rate (<0.1):0.900000, Success rate (<0.01):0.000000, Success rate (<0.001):0.000000
X=[1.0,1.2], PQ=[0.0,0.2]: count:10, ill:0, avg_iter:20.00, Ang_MAX:2.578509e-02, Vol_MAX:4.708529e-03, Ang_mean±std:1.762139e-02±4.624254e-03, Vol_mean±std:3.303683e-03±8.347899e-04, P_MAX:5.257e-02, Q_MAX:2.281e-02, P_mean±std:3.517971e-02±7.786245e-03, Q_mean±std:1.818746e-02±4.057977e-03, P_RMSE:1.279e-02, Q_RMSE:4.595e-03, Success rate (<0.1):1.000000, Success rate (<0.01):0.000000, Success rate (<0.001):0.000000
X=[1.0,1.2], PQ=[0.2,0.4]: count:10, ill:0, avg_iter:20.00, Ang_MAX:2.204621e-02, Vol_MAX:4.503965e-03, Ang_mean±std:1.831065e-02±2.936528e-03, Vol_mean±std:2.633363e-03±1.018559e-03, P_MAX:7.403e-02, Q_MAX:2.260e-02, P_mean±std:4.855467e-02±1.334358e-02, Q_mean±std:1.534495e-02±3.422705e-03, P_RMSE:1.272e-02, Q_RMSE:4.377e-03, Success rate (<0.1):1.000000, Success rate (<0.01):0.000000, Success rate (<0.001):0.000000
X=[1.0,1.2], PQ=[0.4,0.6]: count:10, ill:0, avg_iter:20.00, Ang_MAX:2.470961e-02, Vol_MAX:4.255474e-03, Ang_mean±std:1.674796e-02±4.501804e-03, Vol_mean±std:2.914292e-03±5.978583e-04, P_MAX:5.447e-02, Q_MAX:2.422e-02, P_mean±std:4.101212e-02±8.799408e-03, Q_mean±std:1.731100e-02±4.497139e-03, P_RMSE:1.241e-02, Q_RMSE:4.331e-03, Success rate (<0.1):1.000000, Success rate (<0.01):0.000000, Success rate (<0.001):0.000000
X=[1.0,1.2], PQ=[0.6,0.8]: count:10, ill:0, avg_iter:20.00, Ang_MAX:3.070828e-02, Vol_MAX:3.794491e-03, Ang_mean±std:2.028921e-02±6.148945e-03, Vol_mean±std:2.768481e-03±6.374445e-04, P_MAX:7.611e-02, Q_MAX:2.718e-02, P_mean±std:4.678805e-02±1.187191e-02, Q_mean±std:1.605720e-02±6.279858e-03, P_RMSE:1.289e-02, Q_RMSE:4.384e-03, Success rate (<0.1):1.000000, Success rate (<0.01):0.000000, Success rate (<0.001):0.000000
X=[1.0,1.2], PQ=[0.8,1.0]: count:10, ill:0, avg_iter:20.00, Ang_MAX:2.583313e-02, Vol_MAX:4.630983e-03, Ang_mean±std:1.769671e-02±5.343266e-03, Vol_mean±std:2.921468e-03±8.747038e-04, P_MAX:5.298e-02, Q_MAX:2.416e-02, P_mean±std:3.740269e-02±8.899720e-03, Q_mean±std:1.822756e-02±4.590048e-03, P_RMSE:1.293e-02, Q_RMSE:4.798e-03, Success rate (<0.1):1.000000, Success rate (<0.01):0.000000, Success rate (<0.001):0.000000
X=[1.0,1.2], PQ=[1.0,1.2]: count:10, ill:0, avg_iter:20.00, Ang_MAX:2.451703e-02, Vol_MAX:4.225731e-03, Ang_mean±std:1.707736e-02±5.054033e-03, Vol_mean±std:2.688831e-03±1.132811e-03, P_MAX:6.437e-02, Q_MAX:2.876e-02, P_mean±std:4.430204e-02±1.066281e-02, Q_mean±std:1.719011e-02±5.547546e-03, P_RMSE:1.262e-02, Q_RMSE:4.465e-03, Success rate (<0.1):1.000000, Success rate (<0.01):0.000000, Success rate (<0.001):0.000000
X=[1.0,1.2], PQ=[1.2,1.4]: count:10, ill:0, avg_iter:19.90, Ang_MAX:2.331048e-02, Vol_MAX:4.687488e-03, Ang_mean±std:1.678823e-02±4.223236e-03, Vol_mean±std:3.839529e-03±8.050136e-04, P_MAX:6.549e-02, Q_MAX:2.504e-02, P_mean±std:4.497091e-02±1.002892e-02, Q_mean±std:2.106001e-02±2.962818e-03, P_RMSE:1.296e-02, Q_RMSE:4.944e-03, Success rate (<0.1):1.000000, Success rate (<0.01):0.000000, Success rate (<0.001):0.000000
X=[1.0,1.2], PQ=[1.4,1.6]: count:10, ill:0, avg_iter:20.00, Ang_MAX:2.689648e-02, Vol_MAX:3.628790e-03, Ang_mean±std:1.711801e-02±4.845279e-03, Vol_mean±std:2.445227e-03±8.390255e-04, P_MAX:5.331e-02, Q_MAX:2.183e-02, P_mean±std:3.815679e-02±8.073800e-03, Q_mean±std:1.789116e-02±2.799652e-03, P_RMSE:1.236e-02, Q_RMSE:4.672e-03, Success rate (<0.1):1.000000, Success rate (<0.01):0.000000, Success rate (<0.001):0.000000
X=[1.0,1.2], PQ=[1.6,1.8]: count:10, ill:0, avg_iter:20.00, Ang_MAX:2.116767e-02, Vol_MAX:4.596710e-03, Ang_mean±std:1.626282e-02±2.711611e-03, Vol_mean±std:3.027958e-03±1.043300e-03, P_MAX:5.642e-02, Q_MAX:2.453e-02, P_mean±std:4.455957e-02±6.886231e-03, Q_mean±std:1.614813e-02±3.423308e-03, P_RMSE:1.315e-02, Q_RMSE:4.647e-03, Success rate (<0.1):1.000000, Success rate (<0.01):0.000000, Success rate (<0.001):0.000000
X=[1.0,1.2], PQ=[1.8,2.0]: count:10, ill:0, avg_iter:19.90, Ang_MAX:3.335768e-02, Vol_MAX:3.781915e-03, Ang_mean±std:1.894884e-02±6.637693e-03, Vol_mean±std:2.629113e-03±6.532305e-04, P_MAX:9.962e-02, Q_MAX:2.489e-02, P_mean±std:4.797538e-02±1.827033e-02, Q_mean±std:1.519423e-02±4.594472e-03, P_RMSE:1.298e-02, Q_RMSE:4.340e-03, Success rate (<0.1):1.000000, Success rate (<0.01):0.000000, Success rate (<0.001):0.000000
X=[1.2,1.4], PQ=[-2.0,-1.8]: count:10, ill:0, avg_iter:20.00, Ang_MAX:3.108114e-02, Vol_MAX:5.241930e-03, Ang_mean±std:2.051679e-02±5.528643e-03, Vol_mean±std:3.699142e-03±9.423506e-04, P_MAX:6.636e-02, Q_MAX:3.412e-02, P_mean±std:4.868643e-02±1.103435e-02, Q_mean±std:2.224831e-02±6.210668e-03, P_RMSE:1.523e-02, Q_RMSE:5.443e-03, Success rate (<0.1):1.000000, Success rate (<0.01):0.000000, Success rate (<0.001):0.000000
X=[1.2,1.4], PQ=[-1.8,-1.6]: count:10, ill:0, avg_iter:20.00, Ang_MAX:3.750664e-02, Vol_MAX:4.692316e-03, Ang_mean±std:2.086906e-02±8.050945e-03, Vol_mean±std:3.037965e-03±1.155755e-03, P_MAX:7.308e-02, Q_MAX:2.698e-02, P_mean±std:4.641223e-02±1.022969e-02, Q_mean±std:1.634945e-02±5.252284e-03, P_RMSE:1.379e-02, Q_RMSE:4.696e-03, Success rate (<0.1):1.000000, Success rate (<0.01):0.000000, Success rate (<0.001):0.000000
X=[1.2,1.4], PQ=[-1.6,-1.4]: count:10, ill:0, avg_iter:20.00, Ang_MAX:3.159562e-02, Vol_MAX:5.260289e-03, Ang_mean±std:2.262381e-02±5.131149e-03, Vol_mean±std:3.517497e-03±1.027244e-03, P_MAX:6.474e-02, Q_MAX:3.665e-02, P_mean±std:4.599744e-02±1.121310e-02, Q_mean±std:2.313543e-02±7.423137e-03, P_RMSE:1.402e-02, Q_RMSE:5.292e-03, Success rate (<0.1):1.000000, Success rate (<0.01):0.000000, Success rate (<0.001):0.000000
X=[1.2,1.4], PQ=[-1.4,-1.2]: count:10, ill:0, avg_iter:20.00, Ang_MAX:3.121758e-02, Vol_MAX:5.502045e-03, Ang_mean±std:2.302880e-02±4.654997e-03, Vol_mean±std:3.066981e-03±1.022719e-03, P_MAX:7.303e-02, Q_MAX:3.085e-02, P_mean±std:5.240899e-02±1.046926e-02, Q_mean±std:1.803761e-02±5.470666e-03, P_RMSE:1.470e-02, Q_RMSE:4.882e-03, Success rate (<0.1):1.000000, Success rate (<0.01):0.000000, Success rate (<0.001):0.000000
X=[1.2,1.4], PQ=[-1.2,-1.0]: count:10, ill:0, avg_iter:20.00, Ang_MAX:3.251165e-02, Vol_MAX:5.405128e-03, Ang_mean±std:1.764664e-02±6.383482e-03, Vol_mean±std:3.179687e-03±1.088426e-03, P_MAX:6.289e-02, Q_MAX:2.529e-02, P_mean±std:4.713353e-02±9.814120e-03, Q_mean±std:2.052170e-02±4.271869e-03, P_RMSE:1.410e-02, Q_RMSE:4.845e-03, Success rate (<0.1):1.000000, Success rate (<0.01):0.000000, Success rate (<0.001):0.000000
X=[1.2,1.4], PQ=[-1.0,-0.8]: count:10, ill:0, avg_iter:20.00, Ang_MAX:3.363204e-02, Vol_MAX:4.557252e-03, Ang_mean±std:2.399573e-02±6.768130e-03, Vol_mean±std:3.157741e-03±9.664010e-04, P_MAX:5.681e-02, Q_MAX:2.277e-02, P_mean±std:4.223190e-02±7.222154e-03, Q_mean±std:1.778464e-02±4.053423e-03, P_RMSE:1.393e-02, Q_RMSE:4.738e-03, Success rate (<0.1):1.000000, Success rate (<0.01):0.000000, Success rate (<0.001):0.000000
X=[1.2,1.4], PQ=[-0.8,-0.6]: count:10, ill:0, avg_iter:20.00, Ang_MAX:3.139824e-02, Vol_MAX:4.483461e-03, Ang_mean±std:2.204321e-02±4.918120e-03, Vol_mean±std:3.328013e-03±6.343533e-04, P_MAX:5.967e-02, Q_MAX:2.581e-02, P_mean±std:4.364187e-02±1.001143e-02, Q_mean±std:1.808506e-02±4.652778e-03, P_RMSE:1.358e-02, Q_RMSE:4.512e-03, Success rate (<0.1):1.000000, Success rate (<0.01):0.000000, Success rate (<0.001):0.000000
X=[1.2,1.4], PQ=[-0.6,-0.4]: count:10, ill:0, avg_iter:20.00, Ang_MAX:3.080317e-02, Vol_MAX:4.040301e-03, Ang_mean±std:2.261204e-02±5.032130e-03, Vol_mean±std:2.948314e-03±7.598279e-04, P_MAX:8.431e-02, Q_MAX:2.295e-02, P_mean±std:4.979768e-02±1.708595e-02, Q_mean±std:1.476718e-02±3.562184e-03, P_RMSE:1.448e-02, Q_RMSE:4.243e-03, Success rate (<0.1):1.000000, Success rate (<0.01):0.000000, Success rate (<0.001):0.000000
X=[1.2,1.4], PQ=[-0.4,-0.2]: count:10, ill:0, avg_iter:20.00, Ang_MAX:3.007552e-02, Vol_MAX:4.964888e-03, Ang_mean±std:1.907987e-02±4.187519e-03, Vol_mean±std:3.079140e-03±1.066484e-03, P_MAX:6.766e-02, Q_MAX:2.218e-02, P_mean±std:4.646745e-02±9.651194e-03, Q_mean±std:1.617366e-02±3.195233e-03, P_RMSE:1.345e-02, Q_RMSE:4.673e-03, Success rate (<0.1):1.000000, Success rate (<0.01):0.000000, Success rate (<0.001):0.000000
X=[1.2,1.4], PQ=[-0.2,0.0]: count:10, ill:0, avg_iter:20.00, Ang_MAX:3.899086e-02, Vol_MAX:4.197896e-03, Ang_mean±std:2.329773e-02±6.256416e-03, Vol_mean±std:2.836037e-03±8.356138e-04, P_MAX:6.278e-02, Q_MAX:2.717e-02, P_mean±std:4.338151e-02±8.288755e-03, Q_mean±std:1.752938e-02±5.020582e-03, P_RMSE:1.384e-02, Q_RMSE:4.609e-03, Success rate (<0.1):1.000000, Success rate (<0.01):0.000000, Success rate (<0.001):0.000000
X=[1.2,1.4], PQ=[0.0,0.2]: count:10, ill:0, avg_iter:20.00, Ang_MAX:3.040200e-02, Vol_MAX:4.014850e-03, Ang_mean±std:2.114318e-02±5.315332e-03, Vol_mean±std:3.335828e-03±4.653753e-04, P_MAX:6.894e-02, Q_MAX:2.358e-02, P_mean±std:4.725904e-02±9.565081e-03, Q_mean±std:1.879079e-02±3.500469e-03, P_RMSE:1.442e-02, Q_RMSE:4.835e-03, Success rate (<0.1):1.000000, Success rate (<0.01):0.000000, Success rate (<0.001):0.000000
X=[1.2,1.4], PQ=[0.2,0.4]: count:10, ill:0, avg_iter:20.00, Ang_MAX:3.011952e-02, Vol_MAX:6.780386e-03, Ang_mean±std:2.113482e-02±4.555666e-03, Vol_mean±std:3.373605e-03±1.292990e-03, P_MAX:6.076e-02, Q_MAX:3.246e-02, P_mean±std:4.516217e-02±6.638115e-03, Q_mean±std:1.977495e-02±6.617414e-03, P_RMSE:1.371e-02, Q_RMSE:4.887e-03, Success rate (<0.1):1.000000, Success rate (<0.01):0.000000, Success rate (<0.001):0.000000
X=[1.2,1.4], PQ=[0.4,0.6]: count:10, ill:0, avg_iter:20.00, Ang_MAX:2.716139e-02, Vol_MAX:4.809439e-03, Ang_mean±std:2.168969e-02±4.241877e-03, Vol_mean±std:3.251094e-03±7.212221e-04, P_MAX:5.950e-02, Q_MAX:2.809e-02, P_mean±std:4.723575e-02±9.235490e-03, Q_mean±std:2.057093e-02±6.557162e-03, P_RMSE:1.318e-02, Q_RMSE:4.820e-03, Success rate (<0.1):1.000000, Success rate (<0.01):0.000000, Success rate (<0.001):0.000000
X=[1.2,1.4], PQ=[0.6,0.8]: count:10, ill:0, avg_iter:20.00, Ang_MAX:2.871883e-02, Vol_MAX:4.772663e-03, Ang_mean±std:2.059581e-02±4.668761e-03, Vol_mean±std:3.457981e-03±9.019889e-04, P_MAX:1.023e-01, Q_MAX:2.925e-02, P_mean±std:5.219087e-02±1.790794e-02, Q_mean±std:2.117578e-02±5.421902e-03, P_RMSE:1.395e-02, Q_RMSE:4.914e-03, Success rate (<0.1):0.900000, Success rate (<0.01):0.000000, Success rate (<0.001):0.000000
X=[1.2,1.4], PQ=[0.8,1.0]: count:10, ill:0, avg_iter:20.00, Ang_MAX:3.893885e-02, Vol_MAX:5.468965e-03, Ang_mean±std:2.028350e-02±8.777051e-03, Vol_mean±std:3.150636e-03±1.457212e-03, P_MAX:6.831e-02, Q_MAX:2.743e-02, P_mean±std:4.772353e-02±9.174130e-03, Q_mean±std:1.881830e-02±5.916900e-03, P_RMSE:1.364e-02, Q_RMSE:4.775e-03, Success rate (<0.1):1.000000, Success rate (<0.01):0.000000, Success rate (<0.001):0.000000
X=[1.2,1.4], PQ=[1.0,1.2]: count:10, ill:0, avg_iter:20.00, Ang_MAX:3.931105e-02, Vol_MAX:5.085826e-03, Ang_mean±std:2.051676e-02±8.584506e-03, Vol_mean±std:3.537613e-03±9.827123e-04, P_MAX:7.611e-02, Q_MAX:2.702e-02, P_mean±std:5.081005e-02±1.218008e-02, Q_mean±std:1.937337e-02±4.734413e-03, P_RMSE:1.379e-02, Q_RMSE:4.747e-03, Success rate (<0.1):1.000000, Success rate (<0.01):0.000000, Success rate (<0.001):0.000000
X=[1.2,1.4], PQ=[1.2,1.4]: count:10, ill:0, avg_iter:20.00, Ang_MAX:3.243011e-02, Vol_MAX:4.727185e-03, Ang_mean±std:1.941248e-02±5.279829e-03, Vol_mean±std:2.782935e-03±9.572533e-04, P_MAX:7.566e-02, Q_MAX:2.408e-02, P_mean±std:4.878690e-02±1.175229e-02, Q_mean±std:1.574399e-02±4.457696e-03, P_RMSE:1.431e-02, Q_RMSE:4.384e-03, Success rate (<0.1):1.000000, Success rate (<0.01):0.000000, Success rate (<0.001):0.000000
X=[1.2,1.4], PQ=[1.4,1.6]: count:10, ill:0, avg_iter:20.00, Ang_MAX:2.944091e-02, Vol_MAX:4.292548e-03, Ang_mean±std:1.887464e-02±4.662214e-03, Vol_mean±std:2.951676e-03±8.771655e-04, P_MAX:6.637e-02, Q_MAX:2.456e-02, P_mean±std:4.862420e-02±8.397359e-03, Q_mean±std:1.584703e-02±4.005149e-03, P_RMSE:1.507e-02, Q_RMSE:4.930e-03, Success rate (<0.1):1.000000, Success rate (<0.01):0.000000, Success rate (<0.001):0.000000
X=[1.2,1.4], PQ=[1.6,1.8]: count:10, ill:0, avg_iter:20.00, Ang_MAX:3.023160e-02, Vol_MAX:4.707098e-03, Ang_mean±std:2.184802e-02±5.053115e-03, Vol_mean±std:3.338271e-03±8.305743e-04, P_MAX:6.834e-02, Q_MAX:2.431e-02, P_mean±std:5.198247e-02±7.294347e-03, Q_mean±std:1.836552e-02±5.260260e-03, P_RMSE:1.503e-02, Q_RMSE:4.856e-03, Success rate (<0.1):1.000000, Success rate (<0.01):0.000000, Success rate (<0.001):0.000000
X=[1.2,1.4], PQ=[1.8,2.0]: count:10, ill:0, avg_iter:20.00, Ang_MAX:5.454904e-02, Vol_MAX:3.953278e-03, Ang_mean±std:2.542609e-02±1.168489e-02, Vol_mean±std:2.653652e-03±8.518885e-04, P_MAX:8.871e-02, Q_MAX:3.644e-02, P_mean±std:5.286631e-02±1.511948e-02, Q_mean±std:1.677716e-02±7.164543e-03, P_RMSE:1.465e-02, Q_RMSE:4.698e-03, Success rate (<0.1):1.000000, Success rate (<0.01):0.000000, Success rate (<0.001):0.000000
X=[1.4,1.6], PQ=[-2.0,-1.8]: count:10, ill:0, avg_iter:20.00, Ang_MAX:5.234933e-02, Vol_MAX:5.629599e-03, Ang_mean±std:2.910933e-02±1.062094e-02, Vol_mean±std:3.758925e-03±1.229272e-03, P_MAX:1.617e-01, Q_MAX:3.258e-02, P_mean±std:6.604660e-02±3.512694e-02, Q_mean±std:2.362584e-02±6.483829e-03, P_RMSE:1.704e-02, Q_RMSE:5.868e-03, Success rate (<0.1):0.900000, Success rate (<0.01):0.000000, Success rate (<0.001):0.000000
X=[1.4,1.6], PQ=[-1.8,-1.6]: count:10, ill:0, avg_iter:20.00, Ang_MAX:3.142449e-02, Vol_MAX:3.705204e-03, Ang_mean±std:1.951920e-02±6.124603e-03, Vol_mean±std:2.986765e-03±5.622589e-04, P_MAX:6.618e-02, Q_MAX:2.703e-02, P_mean±std:5.114361e-02±7.861944e-03, Q_mean±std:1.717678e-02±5.777393e-03, P_RMSE:1.565e-02, Q_RMSE:4.884e-03, Success rate (<0.1):1.000000, Success rate (<0.01):0.000000, Success rate (<0.001):0.000000
X=[1.4,1.6], PQ=[-1.6,-1.4]: count:10, ill:0, avg_iter:20.00, Ang_MAX:3.327399e-02, Vol_MAX:5.726755e-03, Ang_mean±std:2.344949e-02±6.679141e-03, Vol_mean±std:3.191376e-03±1.267904e-03, P_MAX:6.698e-02, Q_MAX:2.340e-02, P_mean±std:5.154872e-02±1.061590e-02, Q_mean±std:1.599160e-02±4.727080e-03, P_RMSE:1.576e-02, Q_RMSE:4.743e-03, Success rate (<0.1):1.000000, Success rate (<0.01):0.000000, Success rate (<0.001):0.000000
X=[1.4,1.6], PQ=[-1.4,-1.2]: count:10, ill:0, avg_iter:20.00, Ang_MAX:4.169232e-02, Vol_MAX:6.279945e-03, Ang_mean±std:2.663195e-02±8.063679e-03, Vol_mean±std:3.251642e-03±1.450679e-03, P_MAX:9.993e-02, Q_MAX:2.946e-02, P_mean±std:5.748272e-02±1.644183e-02, Q_mean±std:2.129133e-02±6.263264e-03, P_RMSE:1.674e-02, Q_RMSE:5.334e-03, Success rate (<0.1):1.000000, Success rate (<0.01):0.000000, Success rate (<0.001):0.000000
X=[1.4,1.6], PQ=[-1.2,-1.0]: count:10, ill:0, avg_iter:20.00, Ang_MAX:3.147084e-02, Vol_MAX:4.806280e-03, Ang_mean±std:2.195476e-02±4.967771e-03, Vol_mean±std:2.845657e-03±1.003682e-03, P_MAX:6.292e-02, Q_MAX:2.543e-02, P_mean±std:5.094204e-02±6.196828e-03, Q_mean±std:1.833905e-02±4.366998e-03, P_RMSE:1.542e-02, Q_RMSE:4.911e-03, Success rate (<0.1):1.000000, Success rate (<0.01):0.000000, Success rate (<0.001):0.000000
X=[1.4,1.6], PQ=[-1.0,-0.8]: count:10, ill:0, avg_iter:20.00, Ang_MAX:6.019348e-02, Vol_MAX:5.937696e-03, Ang_mean±std:2.804326e-02±1.290947e-02, Vol_mean±std:3.445631e-03±1.322151e-03, P_MAX:1.318e-01, Q_MAX:3.957e-02, P_mean±std:5.720810e-02±2.551558e-02, Q_mean±std:2.170946e-02±7.171806e-03, P_RMSE:1.563e-02, Q_RMSE:5.071e-03, Success rate (<0.1):0.900000, Success rate (<0.01):0.000000, Success rate (<0.001):0.000000
X=[1.4,1.6], PQ=[-0.8,-0.6]: count:10, ill:0, avg_iter:20.00, Ang_MAX:3.484091e-02, Vol_MAX:4.561484e-03, Ang_mean±std:2.769463e-02±6.063597e-03, Vol_mean±std:2.881312e-03±1.001448e-03, P_MAX:7.673e-02, Q_MAX:2.644e-02, P_mean±std:5.618346e-02±1.309839e-02, Q_mean±std:1.444329e-02±5.533330e-03, P_RMSE:1.665e-02, Q_RMSE:4.438e-03, Success rate (<0.1):1.000000, Success rate (<0.01):0.000000, Success rate (<0.001):0.000000
X=[1.4,1.6], PQ=[-0.6,-0.4]: count:10, ill:0, avg_iter:20.00, Ang_MAX:3.326583e-02, Vol_MAX:4.905045e-03, Ang_mean±std:2.105410e-02±6.057394e-03, Vol_mean±std:3.386515e-03±9.587964e-04, P_MAX:7.204e-02, Q_MAX:2.678e-02, P_mean±std:5.553282e-02±9.667978e-03, Q_mean±std:1.963862e-02±5.581163e-03, P_RMSE:1.637e-02, Q_RMSE:5.063e-03, Success rate (<0.1):1.000000, Success rate (<0.01):0.000000, Success rate (<0.001):0.000000
X=[1.4,1.6], PQ=[-0.4,-0.2]: count:10, ill:0, avg_iter:20.00, Ang_MAX:2.956212e-02, Vol_MAX:5.006492e-03, Ang_mean±std:2.232449e-02±4.793741e-03, Vol_mean±std:3.728002e-03±1.242326e-03, P_MAX:7.369e-02, Q_MAX:2.963e-02, P_mean±std:5.848614e-02±8.530617e-03, Q_mean±std:2.037080e-02±4.615396e-03, P_RMSE:1.678e-02, Q_RMSE:5.020e-03, Success rate (<0.1):1.000000, Success rate (<0.01):0.000000, Success rate (<0.001):0.000000
X=[1.4,1.6], PQ=[-0.2,0.0]: count:10, ill:0, avg_iter:20.00, Ang_MAX:3.152680e-02, Vol_MAX:4.964828e-03, Ang_mean±std:2.210189e-02±4.179877e-03, Vol_mean±std:3.380036e-03±1.151684e-03, P_MAX:6.754e-02, Q_MAX:2.731e-02, P_mean±std:4.829412e-02±8.805816e-03, Q_mean±std:1.953291e-02±4.232505e-03, P_RMSE:1.622e-02, Q_RMSE:5.046e-03, Success rate (<0.1):1.000000, Success rate (<0.01):0.000000, Success rate (<0.001):0.000000
X=[1.4,1.6], PQ=[0.0,0.2]: count:10, ill:0, avg_iter:20.00, Ang_MAX:2.855545e-02, Vol_MAX:4.891813e-03, Ang_mean±std:2.226957e-02±4.103584e-03, Vol_mean±std:3.142029e-03±1.079006e-03, P_MAX:7.389e-02, Q_MAX:2.720e-02, P_mean±std:5.285911e-02±1.439285e-02, Q_mean±std:1.974047e-02±4.453460e-03, P_RMSE:1.584e-02, Q_RMSE:4.873e-03, Success rate (<0.1):1.000000, Success rate (<0.01):0.000000, Success rate (<0.001):0.000000
X=[1.4,1.6], PQ=[0.2,0.4]: count:10, ill:0, avg_iter:20.00, Ang_MAX:4.340219e-02, Vol_MAX:5.010605e-03, Ang_mean±std:2.578046e-02±9.221475e-03, Vol_mean±std:3.216827e-03±8.081970e-04, P_MAX:7.645e-02, Q_MAX:2.635e-02, P_mean±std:5.426442e-02±9.703073e-03, Q_mean±std:1.810440e-02±5.296868e-03, P_RMSE:1.623e-02, Q_RMSE:4.948e-03, Success rate (<0.1):1.000000, Success rate (<0.01):0.000000, Success rate (<0.001):0.000000
X=[1.4,1.6], PQ=[0.4,0.6]: count:10, ill:0, avg_iter:20.00, Ang_MAX:3.659570e-02, Vol_MAX:6.560981e-03, Ang_mean±std:2.364794e-02±7.462036e-03, Vol_mean±std:4.522884e-03±1.260247e-03, P_MAX:1.306e-01, Q_MAX:3.889e-02, P_mean±std:6.047862e-02±2.532263e-02, Q_mean±std:2.584569e-02±6.074659e-03, P_RMSE:1.622e-02, Q_RMSE:5.630e-03, Success rate (<0.1):0.900000, Success rate (<0.01):0.000000, Success rate (<0.001):0.000000
X=[1.4,1.6], PQ=[0.6,0.8]: count:10, ill:0, avg_iter:20.00, Ang_MAX:3.424031e-02, Vol_MAX:5.011499e-03, Ang_mean±std:2.562383e-02±5.844120e-03, Vol_mean±std:3.011495e-03±9.520436e-04, P_MAX:6.360e-02, Q_MAX:2.975e-02, P_mean±std:5.077320e-02±7.140677e-03, Q_mean±std:1.858226e-02±5.055655e-03, P_RMSE:1.640e-02, Q_RMSE:4.742e-03, Success rate (<0.1):1.000000, Success rate (<0.01):0.000000, Success rate (<0.001):0.000000
X=[1.4,1.6], PQ=[0.8,1.0]: count:10, ill:0, avg_iter:20.00, Ang_MAX:5.278385e-02, Vol_MAX:5.370438e-03, Ang_mean±std:2.918116e-02±9.472463e-03, Vol_mean±std:3.008413e-03±1.030823e-03, P_MAX:1.098e-01, Q_MAX:2.630e-02, P_mean±std:5.978066e-02±1.876714e-02, Q_mean±std:1.921082e-02±5.897056e-03, P_RMSE:1.627e-02, Q_RMSE:4.957e-03, Success rate (<0.1):0.900000, Success rate (<0.01):0.000000, Success rate (<0.001):0.000000
X=[1.4,1.6], PQ=[1.0,1.2]: count:10, ill:0, avg_iter:20.00, Ang_MAX:3.488037e-02, Vol_MAX:4.269660e-03, Ang_mean±std:2.228895e-02±6.431907e-03, Vol_mean±std:3.046805e-03±8.926624e-04, P_MAX:6.635e-02, Q_MAX:3.150e-02, P_mean±std:5.225640e-02±8.369480e-03, Q_mean±std:1.968963e-02±6.255384e-03, P_RMSE:1.619e-02, Q_RMSE:5.024e-03, Success rate (<0.1):1.000000, Success rate (<0.01):0.000000, Success rate (<0.001):0.000000
X=[1.4,1.6], PQ=[1.2,1.4]: count:10, ill:0, avg_iter:20.00, Ang_MAX:3.579497e-02, Vol_MAX:4.847229e-03, Ang_mean±std:2.164749e-02±7.853510e-03, Vol_mean±std:3.301197e-03±8.762695e-04, P_MAX:7.736e-02, Q_MAX:3.435e-02, P_mean±std:6.008011e-02±9.461189e-03, Q_mean±std:2.038699e-02±7.388588e-03, P_RMSE:1.638e-02, Q_RMSE:4.985e-03, Success rate (<0.1):1.000000, Success rate (<0.01):0.000000, Success rate (<0.001):0.000000
X=[1.4,1.6], PQ=[1.4,1.6]: count:10, ill:0, avg_iter:20.00, Ang_MAX:4.191688e-02, Vol_MAX:5.746722e-03, Ang_mean±std:2.526784e-02±7.853988e-03, Vol_mean±std:4.093254e-03±1.048163e-03, P_MAX:7.548e-02, Q_MAX:3.360e-02, P_mean±std:5.086648e-02±1.124017e-02, Q_mean±std:2.133243e-02±6.669697e-03, P_RMSE:1.516e-02, Q_RMSE:5.190e-03, Success rate (<0.1):1.000000, Success rate (<0.01):0.000000, Success rate (<0.001):0.000000
X=[1.4,1.6], PQ=[1.6,1.8]: count:10, ill:0, avg_iter:20.00, Ang_MAX:3.410059e-02, Vol_MAX:5.212724e-03, Ang_mean±std:2.260596e-02±6.904924e-03, Vol_mean±std:3.359884e-03±9.244900e-04, P_MAX:7.681e-02, Q_MAX:3.007e-02, P_mean±std:5.779488e-02±1.161779e-02, Q_mean±std:2.019735e-02±4.627796e-03, P_RMSE:1.652e-02, Q_RMSE:5.266e-03, Success rate (<0.1):1.000000, Success rate (<0.01):0.000000, Success rate (<0.001):0.000000
X=[1.4,1.6], PQ=[1.8,2.0]: count:10, ill:0, avg_iter:20.00, Ang_MAX:4.395723e-02, Vol_MAX:4.910350e-03, Ang_mean±std:2.502939e-02±8.047662e-03, Vol_mean±std:3.111142e-03±1.120270e-03, P_MAX:7.221e-02, Q_MAX:3.188e-02, P_mean±std:5.398123e-02±1.152889e-02, Q_mean±std:2.036446e-02±6.701663e-03, P_RMSE:1.630e-02, Q_RMSE:5.162e-03, Success rate (<0.1):1.000000, Success rate (<0.01):0.000000, Success rate (<0.001):0.000000
X=[1.6,1.8], PQ=[-2.0,-1.8]: count:10, ill:0, avg_iter:20.00, Ang_MAX:3.873330e-02, Vol_MAX:6.588519e-03, Ang_mean±std:2.425335e-02±5.689893e-03, Vol_mean±std:3.974396e-03±1.504626e-03, P_MAX:8.032e-02, Q_MAX:3.591e-02, P_mean±std:6.019663e-02±9.068969e-03, Q_mean±std:2.230771e-02±8.542219e-03, P_RMSE:1.806e-02, Q_RMSE:5.499e-03, Success rate (<0.1):1.000000, Success rate (<0.01):0.000000, Success rate (<0.001):0.000000
X=[1.6,1.8], PQ=[-1.8,-1.6]: count:10, ill:0, avg_iter:20.00, Ang_MAX:3.453046e-02, Vol_MAX:4.042983e-03, Ang_mean±std:2.743216e-02±4.203540e-03, Vol_mean±std:3.130013e-03±7.321168e-04, P_MAX:8.002e-02, Q_MAX:2.622e-02, P_mean±std:5.975959e-02±1.223951e-02, Q_mean±std:1.959597e-02±5.561289e-03, P_RMSE:1.705e-02, Q_RMSE:5.134e-03, Success rate (<0.1):1.000000, Success rate (<0.01):0.000000, Success rate (<0.001):0.000000
X=[1.6,1.8], PQ=[-1.6,-1.4]: count:10, ill:0, avg_iter:20.00, Ang_MAX:4.400361e-02, Vol_MAX:5.268753e-03, Ang_mean±std:2.720308e-02±1.022208e-02, Vol_mean±std:3.642607e-03±1.089015e-03, P_MAX:8.078e-02, Q_MAX:3.406e-02, P_mean±std:5.993180e-02±9.949331e-03, Q_mean±std:2.262649e-02±7.724413e-03, P_RMSE:1.865e-02, Q_RMSE:5.534e-03, Success rate (<0.1):1.000000, Success rate (<0.01):0.000000, Success rate (<0.001):0.000000
X=[1.6,1.8], PQ=[-1.4,-1.2]: count:10, ill:0, avg_iter:20.00, Ang_MAX:8.220494e-02, Vol_MAX:7.299483e-03, Ang_mean±std:3.114157e-02±1.870757e-02, Vol_mean±std:3.892505e-03±1.391968e-03, P_MAX:1.279e-01, Q_MAX:4.308e-02, P_mean±std:7.305168e-02±2.435106e-02, Q_mean±std:2.176458e-02±9.651247e-03, P_RMSE:1.713e-02, Q_RMSE:5.285e-03, Success rate (<0.1):0.900000, Success rate (<0.01):0.000000, Success rate (<0.001):0.000000
X=[1.6,1.8], PQ=[-1.2,-1.0]: count:10, ill:0, avg_iter:20.00, Ang_MAX:3.616568e-02, Vol_MAX:5.820870e-03, Ang_mean±std:2.812502e-02±4.920778e-03, Vol_mean±std:3.056699e-03±1.053349e-03, P_MAX:7.928e-02, Q_MAX:2.969e-02, P_mean±std:5.839286e-02±1.045368e-02, Q_mean±std:1.944525e-02±6.195190e-03, P_RMSE:1.783e-02, Q_RMSE:4.923e-03, Success rate (<0.1):1.000000, Success rate (<0.01):0.000000, Success rate (<0.001):0.000000
X=[1.6,1.8], PQ=[-1.0,-0.8]: count:10, ill:0, avg_iter:20.00, Ang_MAX:3.267899e-02, Vol_MAX:6.718576e-03, Ang_mean±std:2.532581e-02±4.059982e-03, Vol_mean±std:4.239446e-03±1.455780e-03, P_MAX:8.255e-02, Q_MAX:3.147e-02, P_mean±std:6.679900e-02±1.105387e-02, Q_mean±std:2.053146e-02±5.127363e-03, P_RMSE:1.891e-02, Q_RMSE:5.272e-03, Success rate (<0.1):1.000000, Success rate (<0.01):0.000000, Success rate (<0.001):0.000000
X=[1.6,1.8], PQ=[-0.8,-0.6]: count:10, ill:0, avg_iter:20.00, Ang_MAX:5.027324e-02, Vol_MAX:8.351386e-03, Ang_mean±std:2.650520e-02±9.879460e-03, Vol_mean±std:4.124588e-03±1.808849e-03, P_MAX:8.745e-02, Q_MAX:4.421e-02, P_mean±std:6.048788e-02±1.323506e-02, Q_mean±std:2.552158e-02±7.948031e-03, P_RMSE:1.674e-02, Q_RMSE:5.626e-03, Success rate (<0.1):1.000000, Success rate (<0.01):0.000000, Success rate (<0.001):0.000000
X=[1.6,1.8], PQ=[-0.6,-0.4]: count:10, ill:0, avg_iter:20.00, Ang_MAX:3.868419e-02, Vol_MAX:5.614400e-03, Ang_mean±std:2.601530e-02±7.535288e-03, Vol_mean±std:3.759241e-03±1.155157e-03, P_MAX:8.381e-02, Q_MAX:3.098e-02, P_mean±std:5.993988e-02±1.056762e-02, Q_mean±std:2.246475e-02±4.777463e-03, P_RMSE:1.809e-02, Q_RMSE:5.631e-03, Success rate (<0.1):1.000000, Success rate (<0.01):0.000000, Success rate (<0.001):0.000000
X=[1.6,1.8], PQ=[-0.4,-0.2]: count:10, ill:0, avg_iter:20.00, Ang_MAX:4.454869e-02, Vol_MAX:7.715762e-03, Ang_mean±std:2.922428e-02±8.575888e-03, Vol_mean±std:4.544562e-03±1.434655e-03, P_MAX:8.866e-02, Q_MAX:4.173e-02, P_mean±std:6.559695e-02±1.270234e-02, Q_mean±std:2.676599e-02±6.521198e-03, P_RMSE:1.861e-02, Q_RMSE:5.581e-03, Success rate (<0.1):1.000000, Success rate (<0.01):0.000000, Success rate (<0.001):0.000000
X=[1.6,1.8], PQ=[-0.2,0.0]: count:10, ill:0, avg_iter:20.00, Ang_MAX:3.911328e-02, Vol_MAX:5.914986e-03, Ang_mean±std:3.080039e-02±5.452710e-03, Vol_mean±std:3.279823e-03±1.386197e-03, P_MAX:8.366e-02, Q_MAX:3.760e-02, P_mean±std:6.297467e-02±1.003698e-02, Q_mean±std:2.354954e-02±6.789263e-03, P_RMSE:1.985e-02, Q_RMSE:5.714e-03, Success rate (<0.1):1.000000, Success rate (<0.01):0.000000, Success rate (<0.001):0.000000
X=[1.6,1.8], PQ=[0.0,0.2]: count:10, ill:0, avg_iter:20.00, Ang_MAX:4.197198e-02, Vol_MAX:5.218506e-03, Ang_mean±std:2.842065e-02±8.734162e-03, Vol_mean±std:3.775686e-03±9.476474e-04, P_MAX:6.657e-02, Q_MAX:2.923e-02, P_mean±std:5.588978e-02±4.798063e-03, Q_mean±std:2.021779e-02±5.562181e-03, P_RMSE:1.794e-02, Q_RMSE:4.844e-03, Success rate (<0.1):1.000000, Success rate (<0.01):0.000000, Success rate (<0.001):0.000000
X=[1.6,1.8], PQ=[0.2,0.4]: count:10, ill:0, avg_iter:20.00, Ang_MAX:4.332256e-02, Vol_MAX:5.326509e-03, Ang_mean±std:2.489030e-02±8.364564e-03, Vol_mean±std:3.548348e-03±9.783692e-04, P_MAX:8.243e-02, Q_MAX:3.456e-02, P_mean±std:5.992051e-02±1.285338e-02, Q_mean±std:2.081308e-02±8.548943e-03, P_RMSE:1.793e-02, Q_RMSE:5.052e-03, Success rate (<0.1):1.000000, Success rate (<0.01):0.000000, Success rate (<0.001):0.000000
X=[1.6,1.8], PQ=[0.4,0.6]: count:10, ill:0, avg_iter:20.00, Ang_MAX:6.459993e-02, Vol_MAX:5.039871e-03, Ang_mean±std:3.060865e-02±1.270249e-02, Vol_mean±std:3.213245e-03±1.009891e-03, P_MAX:1.147e-01, Q_MAX:2.968e-02, P_mean±std:6.345049e-02±2.106494e-02, Q_mean±std:1.880555e-02±7.779373e-03, P_RMSE:1.920e-02, Q_RMSE:4.954e-03, Success rate (<0.1):0.900000, Success rate (<0.01):0.000000, Success rate (<0.001):0.000000
X=[1.6,1.8], PQ=[0.6,0.8]: count:10, ill:0, avg_iter:20.00, Ang_MAX:4.565328e-02, Vol_MAX:5.346060e-03, Ang_mean±std:2.843607e-02±8.347806e-03, Vol_mean±std:4.036188e-03±1.134146e-03, P_MAX:7.446e-02, Q_MAX:3.217e-02, P_mean±std:5.913106e-02±8.784947e-03, Q_mean±std:2.131419e-02±5.896870e-03, P_RMSE:1.803e-02, Q_RMSE:5.261e-03, Success rate (<0.1):1.000000, Success rate (<0.01):0.000000, Success rate (<0.001):0.000000
X=[1.6,1.8], PQ=[0.8,1.0]: count:10, ill:0, avg_iter:20.00, Ang_MAX:4.064751e-02, Vol_MAX:4.867673e-03, Ang_mean±std:3.012400e-02±7.003249e-03, Vol_mean±std:3.424281e-03±9.227465e-04, P_MAX:8.100e-02, Q_MAX:2.890e-02, P_mean±std:6.241035e-02±1.047844e-02, Q_mean±std:1.940332e-02±5.740683e-03, P_RMSE:1.827e-02, Q_RMSE:5.304e-03, Success rate (<0.1):1.000000, Success rate (<0.01):0.000000, Success rate (<0.001):0.000000
X=[1.6,1.8], PQ=[1.0,1.2]: count:10, ill:0, avg_iter:20.00, Ang_MAX:4.087657e-02, Vol_MAX:4.634023e-03, Ang_mean±std:2.686191e-02±7.949315e-03, Vol_mean±std:3.605413e-03±9.001185e-04, P_MAX:1.191e-01, Q_MAX:3.188e-02, P_mean±std:6.608564e-02±2.028725e-02, Q_mean±std:2.160982e-02±6.167633e-03, P_RMSE:1.842e-02, Q_RMSE:5.356e-03, Success rate (<0.1):0.900000, Success rate (<0.01):0.000000, Success rate (<0.001):0.000000
X=[1.6,1.8], PQ=[1.2,1.4]: count:10, ill:0, avg_iter:20.00, Ang_MAX:4.338306e-02, Vol_MAX:5.101562e-03, Ang_mean±std:2.697577e-02±7.557719e-03, Vol_mean±std:3.917563e-03±8.875187e-04, P_MAX:1.045e-01, Q_MAX:3.456e-02, P_mean±std:6.586990e-02±1.589744e-02, Q_mean±std:2.122317e-02±6.437791e-03, P_RMSE:1.934e-02, Q_RMSE:5.593e-03, Success rate (<0.1):0.900000, Success rate (<0.01):0.000000, Success rate (<0.001):0.000000
X=[1.6,1.8], PQ=[1.4,1.6]: count:10, ill:0, avg_iter:20.00, Ang_MAX:5.676067e-02, Vol_MAX:9.189188e-03, Ang_mean±std:2.968969e-02±1.264190e-02, Vol_mean±std:4.363990e-03±1.799212e-03, P_MAX:8.027e-02, Q_MAX:4.294e-02, P_mean±std:6.323371e-02±1.127961e-02, Q_mean±std:2.039393e-02±7.951261e-03, P_RMSE:1.915e-02, Q_RMSE:5.316e-03, Success rate (<0.1):1.000000, Success rate (<0.01):0.000000, Success rate (<0.001):0.000000
X=[1.6,1.8], PQ=[1.6,1.8]: count:10, ill:0, avg_iter:20.00, Ang_MAX:4.401764e-02, Vol_MAX:5.794287e-03, Ang_mean±std:2.809996e-02±8.039438e-03, Vol_mean±std:3.869885e-03±1.137184e-03, P_MAX:1.511e-01, Q_MAX:3.218e-02, P_mean±std:7.233450e-02±2.847533e-02, Q_mean±std:2.220186e-02±6.152793e-03, P_RMSE:1.875e-02, Q_RMSE:5.373e-03, Success rate (<0.1):0.900000, Success rate (<0.01):0.000000, Success rate (<0.001):0.000000
X=[1.6,1.8], PQ=[1.8,2.0]: count:10, ill:0, avg_iter:20.00, Ang_MAX:4.208437e-02, Vol_MAX:5.867898e-03, Ang_mean±std:2.734199e-02±7.362323e-03, Vol_mean±std:3.406000e-03±1.517975e-03, P_MAX:1.428e-01, Q_MAX:2.635e-02, P_mean±std:6.685307e-02±2.937455e-02, Q_mean±std:1.832168e-02±5.483622e-03, P_RMSE:1.757e-02, Q_RMSE:5.441e-03, Success rate (<0.1):0.900000, Success rate (<0.01):0.000000, Success rate (<0.001):0.000000
X=[1.8,2.0], PQ=[-2.0,-1.8]: count:10, ill:0, avg_iter:20.00, Ang_MAX:5.404896e-02, Vol_MAX:4.953206e-03, Ang_mean±std:3.449870e-02±1.419511e-02, Vol_mean±std:3.459215e-03±9.614938e-04, P_MAX:8.445e-02, Q_MAX:4.589e-02, P_mean±std:6.548608e-02±1.228355e-02, Q_mean±std:2.723619e-02±1.101038e-02, P_RMSE:1.989e-02, Q_RMSE:6.139e-03, Success rate (<0.1):1.000000, Success rate (<0.01):0.000000, Success rate (<0.001):0.000000
X=[1.8,2.0], PQ=[-1.8,-1.6]: count:10, ill:0, avg_iter:20.00, Ang_MAX:4.453123e-02, Vol_MAX:5.682528e-03, Ang_mean±std:2.770394e-02±9.015295e-03, Vol_mean±std:4.237324e-03±9.534401e-04, P_MAX:8.694e-02, Q_MAX:3.479e-02, P_mean±std:6.625157e-02±9.933572e-03, Q_mean±std:2.375849e-02±5.509962e-03, P_RMSE:1.977e-02, Q_RMSE:5.876e-03, Success rate (<0.1):1.000000, Success rate (<0.01):0.000000, Success rate (<0.001):0.000000
X=[1.8,2.0], PQ=[-1.6,-1.4]: count:10, ill:0, avg_iter:20.00, Ang_MAX:4.961838e-02, Vol_MAX:5.989313e-03, Ang_mean±std:3.270161e-02±8.814940e-03, Vol_mean±std:3.714812e-03±1.374649e-03, P_MAX:1.084e-01, Q_MAX:3.697e-02, P_mean±std:7.131476e-02±1.995713e-02, Q_mean±std:2.429132e-02±7.874007e-03, P_RMSE:1.938e-02, Q_RMSE:5.671e-03, Success rate (<0.1):0.900000, Success rate (<0.01):0.000000, Success rate (<0.001):0.000000
X=[1.8,2.0], PQ=[-1.4,-1.2]: count:10, ill:0, avg_iter:20.00, Ang_MAX:4.016688e-02, Vol_MAX:5.120516e-03, Ang_mean±std:3.056380e-02±7.239162e-03, Vol_mean±std:3.794104e-03±9.165110e-04, P_MAX:9.044e-02, Q_MAX:3.442e-02, P_mean±std:6.625082e-02±1.399044e-02, Q_mean±std:1.950798e-02±7.462824e-03, P_RMSE:2.088e-02, Q_RMSE:5.304e-03, Success rate (<0.1):1.000000, Success rate (<0.01):0.000000, Success rate (<0.001):0.000000
X=[1.8,2.0], PQ=[-1.2,-1.0]: count:10, ill:0, avg_iter:20.00, Ang_MAX:3.989662e-02, Vol_MAX:7.047951e-03, Ang_mean±std:3.057692e-02±5.352639e-03, Vol_mean±std:4.439503e-03±1.189667e-03, P_MAX:9.613e-02, Q_MAX:4.086e-02, P_mean±std:7.403044e-02±1.057426e-02, Q_mean±std:2.498457e-02±7.840684e-03, P_RMSE:2.106e-02, Q_RMSE:5.967e-03, Success rate (<0.1):1.000000, Success rate (<0.01):0.000000, Success rate (<0.001):0.000000
X=[1.8,2.0], PQ=[-1.0,-0.8]: count:10, ill:0, avg_iter:20.00, Ang_MAX:5.480817e-02, Vol_MAX:6.023169e-03, Ang_mean±std:3.439881e-02±1.228408e-02, Vol_mean±std:4.240441e-03±1.341862e-03, P_MAX:1.027e-01, Q_MAX:3.009e-02, P_mean±std:7.193148e-02±1.693939e-02, Q_mean±std:1.971652e-02±5.552262e-03, P_RMSE:1.838e-02, Q_RMSE:5.531e-03, Success rate (<0.1):0.900000, Success rate (<0.01):0.000000, Success rate (<0.001):0.000000
X=[1.8,2.0], PQ=[-0.8,-0.6]: count:10, ill:0, avg_iter:20.00, Ang_MAX:4.717737e-02, Vol_MAX:5.074024e-03, Ang_mean±std:2.956103e-02±8.836600e-03, Vol_mean±std:3.968155e-03±8.235982e-04, P_MAX:9.444e-02, Q_MAX:4.389e-02, P_mean±std:6.685147e-02±1.561012e-02, Q_mean±std:2.454650e-02±1.071591e-02, P_RMSE:1.893e-02, Q_RMSE:5.602e-03, Success rate (<0.1):1.000000, Success rate (<0.01):0.000000, Success rate (<0.001):0.000000
X=[1.8,2.0], PQ=[-0.6,-0.4]: count:10, ill:0, avg_iter:20.00, Ang_MAX:5.797684e-02, Vol_MAX:5.969942e-03, Ang_mean±std:3.151302e-02±1.048879e-02, Vol_mean±std:3.101605e-03±1.188157e-03, P_MAX:1.731e-01, Q_MAX:5.691e-02, P_mean±std:8.427581e-02±3.829679e-02, Q_mean±std:2.384833e-02±1.311501e-02, P_RMSE:2.145e-02, Q_RMSE:5.637e-03, Success rate (<0.1):0.700000, Success rate (<0.01):0.000000, Success rate (<0.001):0.000000
X=[1.8,2.0], PQ=[-0.4,-0.2]: count:10, ill:0, avg_iter:20.00, Ang_MAX:5.584902e-02, Vol_MAX:5.521715e-03, Ang_mean±std:3.039358e-02±1.045283e-02, Vol_mean±std:4.088569e-03±9.297292e-04, P_MAX:9.831e-02, Q_MAX:2.958e-02, P_mean±std:7.110926e-02±1.258191e-02, Q_mean±std:2.073144e-02±5.607252e-03, P_RMSE:1.984e-02, Q_RMSE:5.608e-03, Success rate (<0.1):1.000000, Success rate (<0.01):0.000000, Success rate (<0.001):0.000000
X=[1.8,2.0], PQ=[-0.2,0.0]: count:10, ill:0, avg_iter:20.00, Ang_MAX:4.253712e-02, Vol_MAX:6.370485e-03, Ang_mean±std:3.236043e-02±7.093724e-03, Vol_mean±std:3.701717e-03±1.061480e-03, P_MAX:8.507e-02, Q_MAX:2.717e-02, P_mean±std:6.268676e-02±1.311379e-02, Q_mean±std:1.848910e-02±4.020233e-03, P_RMSE:1.829e-02, Q_RMSE:4.895e-03, Success rate (<0.1):1.000000, Success rate (<0.01):0.000000, Success rate (<0.001):0.000000
X=[1.8,2.0], PQ=[0.0,0.2]: count:10, ill:0, avg_iter:20.00, Ang_MAX:4.429817e-02, Vol_MAX:5.753279e-03, Ang_mean±std:3.283365e-02±6.951226e-03, Vol_mean±std:3.772181e-03±9.828729e-04, P_MAX:1.056e-01, Q_MAX:3.774e-02, P_mean±std:7.526025e-02±1.376043e-02, Q_mean±std:2.301455e-02±6.037161e-03, P_RMSE:2.036e-02, Q_RMSE:5.473e-03, Success rate (<0.1):0.900000, Success rate (<0.01):0.000000, Success rate (<0.001):0.000000
X=[1.8,2.0], PQ=[0.2,0.4]: count:10, ill:0, avg_iter:20.00, Ang_MAX:5.638957e-02, Vol_MAX:6.104887e-03, Ang_mean±std:3.933065e-02±8.502268e-03, Vol_mean±std:5.142879e-03±6.241233e-04, P_MAX:1.439e-01, Q_MAX:2.945e-02, P_mean±std:8.222364e-02±2.812132e-02, Q_mean±std:2.166917e-02±3.207206e-03, P_RMSE:2.146e-02, Q_RMSE:5.509e-03, Success rate (<0.1):0.700000, Success rate (<0.01):0.000000, Success rate (<0.001):0.000000
X=[1.8,2.0], PQ=[0.4,0.6]: count:10, ill:0, avg_iter:20.00, Ang_MAX:4.597518e-02, Vol_MAX:5.392849e-03, Ang_mean±std:3.177249e-02±7.035864e-03, Vol_mean±std:3.349018e-03±1.040038e-03, P_MAX:9.055e-02, Q_MAX:2.741e-02, P_mean±std:6.494251e-02±1.331209e-02, Q_mean±std:1.864394e-02±6.129975e-03, P_RMSE:2.082e-02, Q_RMSE:4.924e-03, Success rate (<0.1):1.000000, Success rate (<0.01):0.000000, Success rate (<0.001):0.000000
X=[1.8,2.0], PQ=[0.6,0.8]: count:10, ill:0, avg_iter:20.00, Ang_MAX:8.663613e-02, Vol_MAX:8.726001e-03, Ang_mean±std:3.228289e-02±1.962017e-02, Vol_mean±std:4.910016e-03±1.646306e-03, P_MAX:1.392e-01, Q_MAX:3.771e-02, P_mean±std:6.964610e-02±2.391327e-02, Q_mean±std:2.490036e-02±9.374073e-03, P_RMSE:1.960e-02, Q_RMSE:5.475e-03, Success rate (<0.1):0.900000, Success rate (<0.01):0.000000, Success rate (<0.001):0.000000
X=[1.8,2.0], PQ=[0.8,1.0]: count:10, ill:0, avg_iter:20.00, Ang_MAX:4.452085e-02, Vol_MAX:5.030572e-03, Ang_mean±std:3.198241e-02±7.219937e-03, Vol_mean±std:3.458405e-03±8.537924e-04, P_MAX:8.755e-02, Q_MAX:3.739e-02, P_mean±std:6.581769e-02±1.396562e-02, Q_mean±std:2.412055e-02±6.724731e-03, P_RMSE:2.019e-02, Q_RMSE:5.838e-03, Success rate (<0.1):1.000000, Success rate (<0.01):0.000000, Success rate (<0.001):0.000000
X=[1.8,2.0], PQ=[1.0,1.2]: count:10, ill:0, avg_iter:20.00, Ang_MAX:4.872012e-02, Vol_MAX:4.198313e-03, Ang_mean±std:2.967248e-02±1.044180e-02, Vol_mean±std:3.026044e-03±6.285772e-04, P_MAX:9.252e-02, Q_MAX:3.272e-02, P_mean±std:6.635235e-02±1.818733e-02, Q_mean±std:1.885622e-02±7.423805e-03, P_RMSE:1.963e-02, Q_RMSE:5.192e-03, Success rate (<0.1):1.000000, Success rate (<0.01):0.000000, Success rate (<0.001):0.000000
X=[1.8,2.0], PQ=[1.2,1.4]: count:10, ill:0, avg_iter:20.00, Ang_MAX:4.850703e-02, Vol_MAX:7.352412e-03, Ang_mean±std:3.202241e-02±9.764284e-03, Vol_mean±std:4.588985e-03±1.171486e-03, P_MAX:1.030e-01, Q_MAX:3.278e-02, P_mean±std:7.283173e-02±1.792813e-02, Q_mean±std:2.385666e-02±5.984696e-03, P_RMSE:2.075e-02, Q_RMSE:5.833e-03, Success rate (<0.1):0.900000, Success rate (<0.01):0.000000, Success rate (<0.001):0.000000
X=[1.8,2.0], PQ=[1.4,1.6]: count:10, ill:0, avg_iter:20.00, Ang_MAX:3.854229e-02, Vol_MAX:8.989096e-03, Ang_mean±std:2.972963e-02±3.738702e-03, Vol_mean±std:3.487706e-03±2.357991e-03, P_MAX:1.387e-01, Q_MAX:4.402e-02, P_mean±std:8.284464e-02±2.664086e-02, Q_mean±std:2.605467e-02±9.019263e-03, P_RMSE:2.163e-02, Q_RMSE:6.069e-03, Success rate (<0.1):0.900000, Success rate (<0.01):0.000000, Success rate (<0.001):0.000000
X=[1.8,2.0], PQ=[1.6,1.8]: count:10, ill:0, avg_iter:20.00, Ang_MAX:4.595539e-02, Vol_MAX:7.347763e-03, Ang_mean±std:3.010260e-02±7.756712e-03, Vol_mean±std:3.819603e-03±1.421476e-03, P_MAX:1.216e-01, Q_MAX:5.896e-02, P_mean±std:7.522196e-02±2.044649e-02, Q_mean±std:2.154100e-02±1.304363e-02, P_RMSE:2.136e-02, Q_RMSE:5.477e-03, Success rate (<0.1):0.900000, Success rate (<0.01):0.000000, Success rate (<0.001):0.000000
X=[1.8,2.0], PQ=[1.8,2.0]: count:10, ill:0, avg_iter:20.00, Ang_MAX:4.457885e-02, Vol_MAX:5.697429e-03, Ang_mean±std:2.761473e-02±9.532597e-03, Vol_mean±std:4.285145e-03±1.374903e-03, P_MAX:8.931e-02, Q_MAX:3.494e-02, P_mean±std:7.026722e-02±1.462126e-02, Q_mean±std:1.932404e-02±7.113469e-03, P_RMSE:2.098e-02, Q_RMSE:5.711e-03, Success rate (<0.1):1.000000, Success rate (<0.01):0.000000, Success rate (<0.001):0.000000
Heatmap CSV saved: D:\Software\Python_Code\Slover\RJMNC\ckpt\IEEE_118.csv

===== Region Mismatch Summary =====
Region & Samples & Avg. mismatch & Worst mismatch & Success rate (<0.1) & Success rate (<0.01) & Success rate (<0.001) & Success rate (<5E-4) & Success rate (<1E-4)
ID & 1000 & 2.465785e-02 & 7.299063e-02 & 1.000000 & 0.008000 & 0.000000 & 0.000000 & 0.000000
OOD-X & 1000 & 5.521487e-02 & 1.730870e-01 & 0.978000 & 0.000000 & 0.000000 & 0.000000 & 0.000000
OOD-PQ & 1000 & 2.519783e-02 & 6.277755e-02 & 1.000000 & 0.006000 & 0.000000 & 0.000000 & 0.000000
OOD-X+PQ & 1000 & 5.563136e-02 & 1.617069e-01 & 0.986000 & 0.000000 & 0.000000 & 0.000000 & 0.000000

===== Stop Reason Breakdown =====
  converged   : 0
  max_blocks  : 4000
  numerical_failure: 0

Active sample-block evaluations  : 80000/80000 (skipped 0)
Test iterative compute time      : 7.922563 s
Ill-conditioned mismatch CSV saved: D:\Software\Python_Code\Slover\RJMNC\ckpt\IEEE_118_ill.csv

===== Ill-Conditioned Test Summary =====
Samples & Maximal mismatch & Minimal mismatch & Avg. mismatch & Success rate (<0.1) & Success rate (<0.01) & Success rate (<0.001) & Avg. mismatch With N-R PF refine & Success rate With N-R PF refine & Average N-R PF Iteration time
100 & 1.568783e-01 & 3.595220e-02 & 6.517110e-02 & 0.960000 & 0.000000 & 0.000000 & 8.801089e-06 & 0.180000 & 6.388889
