Log file           : D:\Software\Python_Code\Slover\GIN\ckpt\ieee14_GIN_best.pt.log
Using device       : cuda
Data directory     : D:\Software\Python_Code\Slover\Data\IEEE_14
Model              : Global-Receptive Graph Iteration Network
Checkpoint         : D:\Software\Python_Code\Slover\GIN\ckpt\ieee14_GIN_best.pt
Dataset sizes      : train=36000, val=4000, heatmap_test=4000, ill_test=100
Test batch size    : 512
Load trained model : True
Checkpoint not found for load_trained_model; start training: D:\Software\Python_Code\Slover\GIN\ckpt\ieee14_GIN_best.pt
Epoch 0001/2000 | lr=1.000e-03 | train loss=1.776889e-04 | val loss=1.181199e-04 | time=6.37s
🟩 saved best checkpoint: D:\Software\Python_Code\Slover\GIN\ckpt\ieee14_GIN_best.pt
Epoch 0002/2000 | lr=1.000e-03 | train loss=1.116475e-04 | val loss=1.123215e-04 | time=4.95s
🟩 saved best checkpoint: D:\Software\Python_Code\Slover\GIN\ckpt\ieee14_GIN_best.pt
Epoch 0003/2000 | lr=1.000e-03 | train loss=1.087297e-04 | val loss=1.113355e-04 | time=5.00s
🔘 no improvement (1/40) | best val=1.123215e-04
Epoch 0004/2000 | lr=1.000e-03 | train loss=1.116655e-04 | val loss=8.947312e-05 | time=4.93s
🟩 saved best checkpoint: D:\Software\Python_Code\Slover\GIN\ckpt\ieee14_GIN_best.pt
Epoch 0005/2000 | lr=1.000e-03 | train loss=1.130948e-04 | val loss=8.082800e-05 | time=4.93s
🟩 saved best checkpoint: D:\Software\Python_Code\Slover\GIN\ckpt\ieee14_GIN_best.pt
Epoch 0006/2000 | lr=1.000e-03 | train loss=1.037518e-04 | val loss=1.357332e-04 | time=4.58s
🔘 no improvement (1/40) | best val=8.082800e-05
Epoch 0007/2000 | lr=1.000e-03 | train loss=1.174138e-04 | val loss=1.546981e-04 | time=4.61s
🔘 no improvement (2/40) | best val=8.082800e-05
Epoch 0008/2000 | lr=1.000e-03 | train loss=1.108703e-04 | val loss=1.146533e-04 | time=4.45s
🔘 no improvement (3/40) | best val=8.082800e-05
Epoch 0009/2000 | lr=1.000e-03 | train loss=1.061057e-04 | val loss=9.307912e-05 | time=4.62s
🔘 no improvement (4/40) | best val=8.082800e-05
Epoch 0010/2000 | lr=1.000e-03 | train loss=1.001843e-04 | val loss=7.760418e-05 | time=4.69s
🟩 saved best checkpoint: D:\Software\Python_Code\Slover\GIN\ckpt\ieee14_GIN_best.pt
Epoch 0011/2000 | lr=1.000e-03 | train loss=9.757799e-05 | val loss=9.161542e-05 | time=4.85s
🔘 no improvement (1/40) | best val=7.760418e-05
Epoch 0012/2000 | lr=1.000e-03 | train loss=9.985974e-05 | val loss=1.129607e-04 | time=4.68s
🔘 no improvement (2/40) | best val=7.760418e-05
Epoch 0013/2000 | lr=1.000e-03 | train loss=9.739369e-05 | val loss=1.042863e-04 | time=4.87s
🔘 no improvement (3/40) | best val=7.760418e-05
Epoch 0014/2000 | lr=1.000e-03 | train loss=9.807406e-05 | val loss=8.422137e-05 | time=4.45s
🔘 no improvement (4/40) | best val=7.760418e-05
Epoch 0015/2000 | lr=1.000e-03 | train loss=9.463499e-05 | val loss=8.897297e-05 | time=4.49s
🔘 no improvement (5/40) | best val=7.760418e-05
Epoch 0016/2000 | lr=1.000e-03 | train loss=9.240307e-05 | val loss=9.197093e-05 | time=4.58s
🔘 no improvement (6/40) | best val=7.760418e-05
Epoch 0017/2000 | lr=1.000e-03 | train loss=9.402512e-05 | val loss=8.522872e-05 | time=4.99s
🔘 no improvement (7/40) | best val=7.760418e-05
Epoch 0018/2000 | lr=1.000e-03 | train loss=9.199759e-05 | val loss=8.256187e-05 | time=4.79s
🔘 no improvement (8/40) | best val=7.760418e-05
Epoch 0019/2000 | lr=1.000e-03 | train loss=8.929638e-05 | val loss=9.641006e-05 | time=4.75s
🔘 no improvement (9/40) | best val=7.760418e-05
Epoch 0020/2000 | lr=1.000e-03 | train loss=9.035108e-05 | val loss=9.548863e-05 | time=4.54s
🔘 no improvement (10/40) | best val=7.760418e-05
Epoch 0021/2000 | lr=1.000e-03 | train loss=9.324774e-05 | val loss=1.163705e-04 | time=4.73s
🔘 no improvement (11/40) | best val=7.760418e-05
Epoch 0022/2000 | lr=1.000e-03 | train loss=9.313697e-05 | val loss=8.085692e-05 | time=4.94s
🔘 no improvement (12/40) | best val=7.760418e-05
Epoch 0023/2000 | lr=1.000e-03 | train loss=1.080174e-04 | val loss=1.263823e-04 | time=5.22s
🔘 no improvement (13/40) | best val=7.760418e-05
Epoch 0024/2000 | lr=1.000e-03 | train loss=1.250855e-04 | val loss=1.200599e-04 | time=5.43s
🔘 no improvement (14/40) | best val=7.760418e-05
Epoch 0025/2000 | lr=1.000e-03 | train loss=1.094962e-04 | val loss=1.025181e-04 | time=6.11s
🔘 no improvement (15/40) | best val=7.760418e-05
Epoch 0026/2000 | lr=1.000e-03 | train loss=9.846234e-05 | val loss=6.767536e-05 | time=6.16s
🟩 saved best checkpoint: D:\Software\Python_Code\Slover\GIN\ckpt\ieee14_GIN_best.pt
Epoch 0027/2000 | lr=1.000e-03 | train loss=1.020256e-04 | val loss=8.799325e-05 | time=5.98s
🔘 no improvement (1/40) | best val=6.767536e-05
Epoch 0028/2000 | lr=1.000e-03 | train loss=1.046467e-04 | val loss=1.220796e-04 | time=5.98s
🔘 no improvement (2/40) | best val=6.767536e-05
Epoch 0029/2000 | lr=1.000e-03 | train loss=1.066929e-04 | val loss=8.897701e-05 | time=5.93s
🔘 no improvement (3/40) | best val=6.767536e-05
Epoch 0030/2000 | lr=1.000e-03 | train loss=1.047966e-04 | val loss=9.853108e-05 | time=6.38s
🔘 no improvement (4/40) | best val=6.767536e-05
Epoch 0031/2000 | lr=1.000e-03 | train loss=1.153762e-04 | val loss=9.874625e-05 | time=5.99s
🔘 no improvement (5/40) | best val=6.767536e-05
Epoch 0032/2000 | lr=1.000e-03 | train loss=1.255690e-04 | val loss=1.387378e-04 | time=6.03s
🔘 no improvement (6/40) | best val=6.767536e-05
Epoch 0033/2000 | lr=1.000e-03 | train loss=1.194559e-04 | val loss=1.235694e-04 | time=6.19s
🔘 no improvement (7/40) | best val=6.767536e-05
Epoch 0034/2000 | lr=1.000e-03 | train loss=1.098229e-04 | val loss=9.151591e-05 | time=6.14s
🔘 no improvement (8/40) | best val=6.767536e-05
Epoch 0035/2000 | lr=1.000e-03 | train loss=1.166344e-04 | val loss=1.080975e-04 | time=6.08s
🔘 no improvement (9/40) | best val=6.767536e-05
Epoch 0036/2000 | lr=1.000e-03 | train loss=1.200275e-04 | val loss=1.171571e-04 | time=5.85s
🔘 no improvement (10/40) | best val=6.767536e-05
Epoch 0037/2000 | lr=1.000e-03 | train loss=1.204624e-04 | val loss=1.105240e-04 | time=5.84s
🔘 no improvement (11/40) | best val=6.767536e-05
Epoch 0038/2000 | lr=1.000e-03 | train loss=1.199813e-04 | val loss=1.065279e-04 | time=5.91s
🔘 no improvement (12/40) | best val=6.767536e-05
Epoch 0039/2000 | lr=1.000e-03 | train loss=1.192970e-04 | val loss=1.212601e-04 | time=5.87s
🔘 no improvement (13/40) | best val=6.767536e-05
Epoch 0040/2000 | lr=1.000e-03 | train loss=1.185901e-04 | val loss=1.331787e-04 | time=6.00s
🔘 no improvement (14/40) | best val=6.767536e-05
Epoch 0041/2000 | lr=1.000e-03 | train loss=1.238000e-04 | val loss=9.697760e-05 | time=5.89s
🔘 no improvement (15/40) | best val=6.767536e-05
Epoch 0042/2000 | lr=1.000e-03 | train loss=1.142160e-04 | val loss=1.174473e-04 | time=5.99s
🔘 no improvement (16/40) | best val=6.767536e-05
Epoch 0043/2000 | lr=1.000e-03 | train loss=1.161163e-04 | val loss=1.291426e-04 | time=6.35s
🔘 no improvement (17/40) | best val=6.767536e-05
Epoch 0044/2000 | lr=1.000e-03 | train loss=1.175164e-04 | val loss=1.348208e-04 | time=6.04s
🔘 no improvement (18/40) | best val=6.767536e-05
Epoch 0045/2000 | lr=1.000e-03 | train loss=1.186947e-04 | val loss=1.237199e-04 | time=5.93s
🔘 no improvement (19/40) | best val=6.767536e-05
Epoch 0046/2000 | lr=1.000e-03 | train loss=1.191140e-04 | val loss=1.017153e-04 | time=6.03s
🔘 no improvement (20/40) | best val=6.767536e-05
Epoch 0047/2000 | lr=5.000e-04 | train loss=1.193640e-04 | val loss=1.034846e-04 | time=6.02s
🔻 LR reduced: 1.000e-03 -> 5.000e-04
🔘 no improvement (21/40) | best val=6.767536e-05
Epoch 0048/2000 | lr=5.000e-04 | train loss=5.538245e-05 | val loss=4.511152e-05 | time=5.99s
🟩 saved best checkpoint: D:\Software\Python_Code\Slover\GIN\ckpt\ieee14_GIN_best.pt
Epoch 0049/2000 | lr=5.000e-04 | train loss=4.889749e-05 | val loss=4.933671e-05 | time=6.33s
🔘 no improvement (1/40) | best val=4.511152e-05
Epoch 0050/2000 | lr=5.000e-04 | train loss=4.825556e-05 | val loss=5.039993e-05 | time=5.90s
🔘 no improvement (2/40) | best val=4.511152e-05
Epoch 0051/2000 | lr=5.000e-04 | train loss=4.750785e-05 | val loss=4.373066e-05 | time=5.83s
🟩 saved best checkpoint: D:\Software\Python_Code\Slover\GIN\ckpt\ieee14_GIN_best.pt
Epoch 0052/2000 | lr=5.000e-04 | train loss=4.644152e-05 | val loss=6.328328e-05 | time=6.00s
🔘 no improvement (1/40) | best val=4.373066e-05
Epoch 0053/2000 | lr=5.000e-04 | train loss=4.748189e-05 | val loss=4.513926e-05 | time=6.06s
🔘 no improvement (2/40) | best val=4.373066e-05
Epoch 0054/2000 | lr=5.000e-04 | train loss=4.780051e-05 | val loss=5.078422e-05 | time=5.69s
🔘 no improvement (3/40) | best val=4.373066e-05
Epoch 0055/2000 | lr=5.000e-04 | train loss=4.779607e-05 | val loss=5.337483e-05 | time=5.98s
🔘 no improvement (4/40) | best val=4.373066e-05
Epoch 0056/2000 | lr=5.000e-04 | train loss=4.650096e-05 | val loss=3.744931e-05 | time=5.89s
🟩 saved best checkpoint: D:\Software\Python_Code\Slover\GIN\ckpt\ieee14_GIN_best.pt
Epoch 0057/2000 | lr=5.000e-04 | train loss=4.615974e-05 | val loss=4.228436e-05 | time=6.03s
🔘 no improvement (1/40) | best val=3.744931e-05
Epoch 0058/2000 | lr=5.000e-04 | train loss=4.645335e-05 | val loss=5.598743e-05 | time=6.04s
🔘 no improvement (2/40) | best val=3.744931e-05
Epoch 0059/2000 | lr=5.000e-04 | train loss=4.664451e-05 | val loss=4.013809e-05 | time=6.05s
🔘 no improvement (3/40) | best val=3.744931e-05
Epoch 0060/2000 | lr=5.000e-04 | train loss=4.734560e-05 | val loss=4.727442e-05 | time=6.25s
🔘 no improvement (4/40) | best val=3.744931e-05
Epoch 0061/2000 | lr=5.000e-04 | train loss=4.707146e-05 | val loss=5.384845e-05 | time=6.05s
🔘 no improvement (5/40) | best val=3.744931e-05
Epoch 0062/2000 | lr=5.000e-04 | train loss=4.351521e-05 | val loss=4.248551e-05 | time=5.94s
🔘 no improvement (6/40) | best val=3.744931e-05
Epoch 0063/2000 | lr=5.000e-04 | train loss=4.370931e-05 | val loss=4.422139e-05 | time=5.99s
🔘 no improvement (7/40) | best val=3.744931e-05
Epoch 0064/2000 | lr=5.000e-04 | train loss=4.249101e-05 | val loss=4.734843e-05 | time=6.12s
🔘 no improvement (8/40) | best val=3.744931e-05
Epoch 0065/2000 | lr=5.000e-04 | train loss=4.157127e-05 | val loss=4.168628e-05 | time=6.29s
🔘 no improvement (9/40) | best val=3.744931e-05
Epoch 0066/2000 | lr=5.000e-04 | train loss=4.263633e-05 | val loss=4.533439e-05 | time=5.99s
🔘 no improvement (10/40) | best val=3.744931e-05
Epoch 0067/2000 | lr=5.000e-04 | train loss=4.166857e-05 | val loss=4.614126e-05 | time=6.03s
🔘 no improvement (11/40) | best val=3.744931e-05
Epoch 0068/2000 | lr=5.000e-04 | train loss=4.147521e-05 | val loss=4.238498e-05 | time=6.38s
🔘 no improvement (12/40) | best val=3.744931e-05
Epoch 0069/2000 | lr=5.000e-04 | train loss=4.209860e-05 | val loss=3.838800e-05 | time=6.02s
🔘 no improvement (13/40) | best val=3.744931e-05
Epoch 0070/2000 | lr=5.000e-04 | train loss=4.220761e-05 | val loss=4.329125e-05 | time=5.67s
🔘 no improvement (14/40) | best val=3.744931e-05
Epoch 0071/2000 | lr=5.000e-04 | train loss=4.179191e-05 | val loss=3.501628e-05 | time=5.94s
🟩 saved best checkpoint: D:\Software\Python_Code\Slover\GIN\ckpt\ieee14_GIN_best.pt
Epoch 0072/2000 | lr=5.000e-04 | train loss=3.930985e-05 | val loss=3.947685e-05 | time=5.82s
🔘 no improvement (1/40) | best val=3.501628e-05
Epoch 0073/2000 | lr=5.000e-04 | train loss=3.871524e-05 | val loss=4.610204e-05 | time=6.17s
🔘 no improvement (2/40) | best val=3.501628e-05
Epoch 0074/2000 | lr=5.000e-04 | train loss=3.926598e-05 | val loss=4.170426e-05 | time=6.14s
🔘 no improvement (3/40) | best val=3.501628e-05
Epoch 0075/2000 | lr=5.000e-04 | train loss=3.949734e-05 | val loss=4.064683e-05 | time=6.08s
🔘 no improvement (4/40) | best val=3.501628e-05
Epoch 0076/2000 | lr=5.000e-04 | train loss=3.895197e-05 | val loss=4.892733e-05 | time=5.97s
🔘 no improvement (5/40) | best val=3.501628e-05
Epoch 0077/2000 | lr=5.000e-04 | train loss=3.967719e-05 | val loss=4.600414e-05 | time=6.04s
🔘 no improvement (6/40) | best val=3.501628e-05
Epoch 0078/2000 | lr=5.000e-04 | train loss=3.946682e-05 | val loss=3.295785e-05 | time=5.83s
🟩 saved best checkpoint: D:\Software\Python_Code\Slover\GIN\ckpt\ieee14_GIN_best.pt
Epoch 0079/2000 | lr=5.000e-04 | train loss=3.923669e-05 | val loss=3.835051e-05 | time=5.75s
🔘 no improvement (1/40) | best val=3.295785e-05
Epoch 0080/2000 | lr=5.000e-04 | train loss=3.934812e-05 | val loss=3.959898e-05 | time=6.20s
🔘 no improvement (2/40) | best val=3.295785e-05
Epoch 0081/2000 | lr=5.000e-04 | train loss=4.195600e-05 | val loss=4.526422e-05 | time=6.15s
🔘 no improvement (3/40) | best val=3.295785e-05
Epoch 0082/2000 | lr=5.000e-04 | train loss=4.455619e-05 | val loss=4.724967e-05 | time=6.09s
🔘 no improvement (4/40) | best val=3.295785e-05
Epoch 0083/2000 | lr=5.000e-04 | train loss=4.964652e-05 | val loss=5.166794e-05 | time=5.86s
🔘 no improvement (5/40) | best val=3.295785e-05
Epoch 0084/2000 | lr=5.000e-04 | train loss=5.945913e-05 | val loss=4.945378e-05 | time=5.70s
🔘 no improvement (6/40) | best val=3.295785e-05
Epoch 0085/2000 | lr=5.000e-04 | train loss=5.772331e-05 | val loss=6.607682e-05 | time=5.94s
🔘 no improvement (7/40) | best val=3.295785e-05
Epoch 0086/2000 | lr=5.000e-04 | train loss=5.826630e-05 | val loss=7.594417e-05 | time=6.07s
🔘 no improvement (8/40) | best val=3.295785e-05
Epoch 0087/2000 | lr=5.000e-04 | train loss=5.876940e-05 | val loss=5.322344e-05 | time=5.96s
🔘 no improvement (9/40) | best val=3.295785e-05
Epoch 0088/2000 | lr=5.000e-04 | train loss=5.452097e-05 | val loss=4.832606e-05 | time=5.79s
🔘 no improvement (10/40) | best val=3.295785e-05
Epoch 0089/2000 | lr=5.000e-04 | train loss=5.378068e-05 | val loss=4.645403e-05 | time=5.90s
🔘 no improvement (11/40) | best val=3.295785e-05
Epoch 0090/2000 | lr=5.000e-04 | train loss=5.300529e-05 | val loss=6.019436e-05 | time=5.85s
🔘 no improvement (12/40) | best val=3.295785e-05
Epoch 0091/2000 | lr=5.000e-04 | train loss=5.236512e-05 | val loss=5.023036e-05 | time=5.67s
🔘 no improvement (13/40) | best val=3.295785e-05
Epoch 0092/2000 | lr=5.000e-04 | train loss=5.260029e-05 | val loss=5.184647e-05 | time=5.87s
🔘 no improvement (14/40) | best val=3.295785e-05
Epoch 0093/2000 | lr=5.000e-04 | train loss=5.273135e-05 | val loss=5.439945e-05 | time=5.95s
🔘 no improvement (15/40) | best val=3.295785e-05
Epoch 0094/2000 | lr=5.000e-04 | train loss=5.409804e-05 | val loss=6.262758e-05 | time=5.97s
🔘 no improvement (16/40) | best val=3.295785e-05
Epoch 0095/2000 | lr=5.000e-04 | train loss=5.184989e-05 | val loss=5.527790e-05 | time=5.83s
🔘 no improvement (17/40) | best val=3.295785e-05
Epoch 0096/2000 | lr=5.000e-04 | train loss=5.174676e-05 | val loss=4.497041e-05 | time=5.87s
🔘 no improvement (18/40) | best val=3.295785e-05
Epoch 0097/2000 | lr=5.000e-04 | train loss=5.206383e-05 | val loss=4.497731e-05 | time=5.99s
🔘 no improvement (19/40) | best val=3.295785e-05
Epoch 0098/2000 | lr=5.000e-04 | train loss=5.163076e-05 | val loss=4.646833e-05 | time=6.40s
🔘 no improvement (20/40) | best val=3.295785e-05
Epoch 0099/2000 | lr=2.500e-04 | train loss=5.130332e-05 | val loss=4.605718e-05 | time=6.04s
🔻 LR reduced: 5.000e-04 -> 2.500e-04
🔘 no improvement (21/40) | best val=3.295785e-05
Epoch 0100/2000 | lr=2.500e-04 | train loss=2.465237e-05 | val loss=2.016811e-05 | time=6.10s
🟩 saved best checkpoint: D:\Software\Python_Code\Slover\GIN\ckpt\ieee14_GIN_best.pt
Epoch 0101/2000 | lr=2.500e-04 | train loss=2.183795e-05 | val loss=2.118265e-05 | time=6.12s
🔘 no improvement (1/40) | best val=2.016811e-05
Epoch 0102/2000 | lr=2.500e-04 | train loss=2.237571e-05 | val loss=1.864992e-05 | time=5.88s
🟩 saved best checkpoint: D:\Software\Python_Code\Slover\GIN\ckpt\ieee14_GIN_best.pt
Epoch 0103/2000 | lr=2.500e-04 | train loss=2.046280e-05 | val loss=1.865590e-05 | time=6.15s
🔘 no improvement (1/40) | best val=1.864992e-05
Epoch 0104/2000 | lr=2.500e-04 | train loss=2.033823e-05 | val loss=2.050736e-05 | time=6.10s
🔘 no improvement (2/40) | best val=1.864992e-05
Epoch 0105/2000 | lr=2.500e-04 | train loss=2.016509e-05 | val loss=2.352101e-05 | time=6.03s
🔘 no improvement (3/40) | best val=1.864992e-05
Epoch 0106/2000 | lr=2.500e-04 | train loss=2.087841e-05 | val loss=1.890931e-05 | time=6.05s
🔘 no improvement (4/40) | best val=1.864992e-05
Epoch 0107/2000 | lr=2.500e-04 | train loss=2.030820e-05 | val loss=2.478749e-05 | time=6.09s
🔘 no improvement (5/40) | best val=1.864992e-05
Epoch 0108/2000 | lr=2.500e-04 | train loss=2.045556e-05 | val loss=1.849183e-05 | time=6.15s
🔘 no improvement (6/40) | best val=1.864992e-05
Epoch 0109/2000 | lr=2.500e-04 | train loss=2.053776e-05 | val loss=2.258247e-05 | time=5.76s
🔘 no improvement (7/40) | best val=1.864992e-05
Epoch 0110/2000 | lr=2.500e-04 | train loss=1.962301e-05 | val loss=1.870437e-05 | time=6.04s
🔘 no improvement (8/40) | best val=1.864992e-05
Epoch 0111/2000 | lr=2.500e-04 | train loss=1.904716e-05 | val loss=2.139231e-05 | time=6.09s
🔘 no improvement (9/40) | best val=1.864992e-05
Epoch 0112/2000 | lr=2.500e-04 | train loss=1.821548e-05 | val loss=1.660474e-05 | time=5.89s
🟩 saved best checkpoint: D:\Software\Python_Code\Slover\GIN\ckpt\ieee14_GIN_best.pt
Epoch 0113/2000 | lr=2.500e-04 | train loss=1.850015e-05 | val loss=1.951408e-05 | time=6.19s
🔘 no improvement (1/40) | best val=1.660474e-05
Epoch 0114/2000 | lr=2.500e-04 | train loss=1.816057e-05 | val loss=2.097581e-05 | time=6.12s
🔘 no improvement (2/40) | best val=1.660474e-05
Epoch 0115/2000 | lr=2.500e-04 | train loss=1.856814e-05 | val loss=1.484698e-05 | time=6.16s
🟩 saved best checkpoint: D:\Software\Python_Code\Slover\GIN\ckpt\ieee14_GIN_best.pt
Epoch 0116/2000 | lr=2.500e-04 | train loss=1.823963e-05 | val loss=1.501695e-05 | time=5.95s
🔘 no improvement (1/40) | best val=1.484698e-05
Epoch 0117/2000 | lr=2.500e-04 | train loss=1.855663e-05 | val loss=1.653670e-05 | time=5.89s
🔘 no improvement (2/40) | best val=1.484698e-05
Epoch 0118/2000 | lr=2.500e-04 | train loss=1.827542e-05 | val loss=1.541235e-05 | time=6.22s
🔘 no improvement (3/40) | best val=1.484698e-05
Epoch 0119/2000 | lr=2.500e-04 | train loss=1.849541e-05 | val loss=1.628556e-05 | time=6.01s
🔘 no improvement (4/40) | best val=1.484698e-05
Epoch 0120/2000 | lr=2.500e-04 | train loss=1.840307e-05 | val loss=2.191111e-05 | time=5.88s
🔘 no improvement (5/40) | best val=1.484698e-05
Epoch 0121/2000 | lr=2.500e-04 | train loss=1.918165e-05 | val loss=1.606032e-05 | time=5.90s
🔘 no improvement (6/40) | best val=1.484698e-05
Epoch 0122/2000 | lr=2.500e-04 | train loss=1.923974e-05 | val loss=2.037668e-05 | time=6.02s
🔘 no improvement (7/40) | best val=1.484698e-05
Epoch 0123/2000 | lr=2.500e-04 | train loss=2.009609e-05 | val loss=2.371937e-05 | time=6.07s
🔘 no improvement (8/40) | best val=1.484698e-05
Epoch 0124/2000 | lr=2.500e-04 | train loss=2.044742e-05 | val loss=1.910269e-05 | time=5.92s
🔘 no improvement (9/40) | best val=1.484698e-05
Epoch 0125/2000 | lr=2.500e-04 | train loss=1.913415e-05 | val loss=2.169318e-05 | time=5.92s
🔘 no improvement (10/40) | best val=1.484698e-05
Epoch 0126/2000 | lr=2.500e-04 | train loss=1.917517e-05 | val loss=2.141455e-05 | time=5.95s
🔘 no improvement (11/40) | best val=1.484698e-05
Epoch 0127/2000 | lr=2.500e-04 | train loss=1.921338e-05 | val loss=1.786363e-05 | time=6.04s
🔘 no improvement (12/40) | best val=1.484698e-05
Epoch 0128/2000 | lr=2.500e-04 | train loss=1.920134e-05 | val loss=1.901057e-05 | time=6.01s
🔘 no improvement (13/40) | best val=1.484698e-05
Epoch 0129/2000 | lr=2.500e-04 | train loss=1.924596e-05 | val loss=1.897070e-05 | time=5.95s
🔘 no improvement (14/40) | best val=1.484698e-05
Epoch 0130/2000 | lr=2.500e-04 | train loss=1.983020e-05 | val loss=1.597219e-05 | time=5.99s
🔘 no improvement (15/40) | best val=1.484698e-05
Epoch 0131/2000 | lr=2.500e-04 | train loss=1.992938e-05 | val loss=2.064416e-05 | time=6.13s
🔘 no improvement (16/40) | best val=1.484698e-05
Epoch 0132/2000 | lr=2.500e-04 | train loss=1.997616e-05 | val loss=2.003236e-05 | time=6.01s
🔘 no improvement (17/40) | best val=1.484698e-05
Epoch 0133/2000 | lr=2.500e-04 | train loss=1.989271e-05 | val loss=1.696894e-05 | time=5.82s
🔘 no improvement (18/40) | best val=1.484698e-05
Epoch 0134/2000 | lr=2.500e-04 | train loss=1.969768e-05 | val loss=1.920437e-05 | time=5.88s
🔘 no improvement (19/40) | best val=1.484698e-05
Epoch 0135/2000 | lr=2.500e-04 | train loss=1.971327e-05 | val loss=1.822106e-05 | time=5.95s
🔘 no improvement (20/40) | best val=1.484698e-05
Epoch 0136/2000 | lr=1.250e-04 | train loss=1.967845e-05 | val loss=1.902747e-05 | time=6.03s
🔻 LR reduced: 2.500e-04 -> 1.250e-04
🔘 no improvement (21/40) | best val=1.484698e-05
Epoch 0137/2000 | lr=1.250e-04 | train loss=1.359794e-05 | val loss=1.216352e-05 | time=6.07s
🟩 saved best checkpoint: D:\Software\Python_Code\Slover\GIN\ckpt\ieee14_GIN_best.pt
Epoch 0138/2000 | lr=1.250e-04 | train loss=1.236033e-05 | val loss=9.504921e-06 | time=6.06s
🟩 saved best checkpoint: D:\Software\Python_Code\Slover\GIN\ckpt\ieee14_GIN_best.pt
Epoch 0139/2000 | lr=1.250e-04 | train loss=1.247359e-05 | val loss=1.231880e-05 | time=6.10s
🔘 no improvement (1/40) | best val=9.504921e-06
Epoch 0140/2000 | lr=1.250e-04 | train loss=1.274743e-05 | val loss=1.532960e-05 | time=5.92s
🔘 no improvement (2/40) | best val=9.504921e-06
Epoch 0141/2000 | lr=1.250e-04 | train loss=1.297803e-05 | val loss=1.283748e-05 | time=6.28s
🔘 no improvement (3/40) | best val=9.504921e-06
Epoch 0142/2000 | lr=1.250e-04 | train loss=1.275525e-05 | val loss=1.169889e-05 | time=5.88s
🔘 no improvement (4/40) | best val=9.504921e-06
Epoch 0143/2000 | lr=1.250e-04 | train loss=1.312057e-05 | val loss=1.094751e-05 | time=5.88s
🔘 no improvement (5/40) | best val=9.504921e-06
Epoch 0144/2000 | lr=1.250e-04 | train loss=1.372338e-05 | val loss=1.434892e-05 | time=5.94s
🔘 no improvement (6/40) | best val=9.504921e-06
Epoch 0145/2000 | lr=1.250e-04 | train loss=1.305004e-05 | val loss=1.361750e-05 | time=5.92s
🔘 no improvement (7/40) | best val=9.504921e-06
Epoch 0146/2000 | lr=1.250e-04 | train loss=1.309424e-05 | val loss=1.238280e-05 | time=5.94s
🔘 no improvement (8/40) | best val=9.504921e-06
Epoch 0147/2000 | lr=1.250e-04 | train loss=1.284841e-05 | val loss=1.209204e-05 | time=5.96s
🔘 no improvement (9/40) | best val=9.504921e-06
Epoch 0148/2000 | lr=1.250e-04 | train loss=1.283519e-05 | val loss=1.312460e-05 | time=6.28s
🔘 no improvement (10/40) | best val=9.504921e-06
Epoch 0149/2000 | lr=1.250e-04 | train loss=1.288566e-05 | val loss=1.229824e-05 | time=5.97s
🔘 no improvement (11/40) | best val=9.504921e-06
Epoch 0150/2000 | lr=1.250e-04 | train loss=1.287996e-05 | val loss=1.116168e-05 | time=5.77s
🔘 no improvement (12/40) | best val=9.504921e-06
Epoch 0151/2000 | lr=1.250e-04 | train loss=1.283382e-05 | val loss=1.264548e-05 | time=5.87s
🔘 no improvement (13/40) | best val=9.504921e-06
Epoch 0152/2000 | lr=1.250e-04 | train loss=1.279309e-05 | val loss=1.469668e-05 | time=6.01s
🔘 no improvement (14/40) | best val=9.504921e-06
Epoch 0153/2000 | lr=1.250e-04 | train loss=1.245386e-05 | val loss=1.546630e-05 | time=6.00s
🔘 no improvement (15/40) | best val=9.504921e-06
Epoch 0154/2000 | lr=1.250e-04 | train loss=1.229596e-05 | val loss=1.161152e-05 | time=6.07s
🔘 no improvement (16/40) | best val=9.504921e-06
Epoch 0155/2000 | lr=1.250e-04 | train loss=1.230116e-05 | val loss=1.046376e-05 | time=6.03s
🔘 no improvement (17/40) | best val=9.504921e-06
Epoch 0156/2000 | lr=1.250e-04 | train loss=1.227931e-05 | val loss=1.114493e-05 | time=5.72s
🔘 no improvement (18/40) | best val=9.504921e-06
Epoch 0157/2000 | lr=1.250e-04 | train loss=1.228124e-05 | val loss=1.239885e-05 | time=5.81s
🔘 no improvement (19/40) | best val=9.504921e-06
Epoch 0158/2000 | lr=1.250e-04 | train loss=1.227389e-05 | val loss=1.164373e-05 | time=5.86s
🔘 no improvement (20/40) | best val=9.504921e-06
Epoch 0159/2000 | lr=6.250e-05 | train loss=1.224758e-05 | val loss=1.316568e-05 | time=6.19s
🔻 LR reduced: 1.250e-04 -> 6.250e-05
🔘 no improvement (21/40) | best val=9.504921e-06
Epoch 0160/2000 | lr=6.250e-05 | train loss=6.656276e-06 | val loss=6.379268e-06 | time=5.96s
🟩 saved best checkpoint: D:\Software\Python_Code\Slover\GIN\ckpt\ieee14_GIN_best.pt
Epoch 0161/2000 | lr=6.250e-05 | train loss=5.874670e-06 | val loss=6.508480e-06 | time=5.76s
🔘 no improvement (1/40) | best val=6.379268e-06
Epoch 0162/2000 | lr=6.250e-05 | train loss=5.794668e-06 | val loss=5.969530e-06 | time=5.79s
🔘 no improvement (2/40) | best val=6.379268e-06
Epoch 0163/2000 | lr=6.250e-05 | train loss=5.631325e-06 | val loss=3.899745e-06 | time=6.13s
🟩 saved best checkpoint: D:\Software\Python_Code\Slover\GIN\ckpt\ieee14_GIN_best.pt
Epoch 0164/2000 | lr=6.250e-05 | train loss=5.435811e-06 | val loss=6.157512e-06 | time=5.99s
🔘 no improvement (1/40) | best val=3.899745e-06
Epoch 0165/2000 | lr=6.250e-05 | train loss=5.450857e-06 | val loss=5.814356e-06 | time=5.85s
🔘 no improvement (2/40) | best val=3.899745e-06
Epoch 0166/2000 | lr=6.250e-05 | train loss=5.255795e-06 | val loss=4.348567e-06 | time=5.91s
🔘 no improvement (3/40) | best val=3.899745e-06
Epoch 0167/2000 | lr=6.250e-05 | train loss=5.226435e-06 | val loss=4.342621e-06 | time=6.26s
🔘 no improvement (4/40) | best val=3.899745e-06
Epoch 0168/2000 | lr=6.250e-05 | train loss=5.074854e-06 | val loss=5.398561e-06 | time=5.81s
🔘 no improvement (5/40) | best val=3.899745e-06
Epoch 0169/2000 | lr=6.250e-05 | train loss=5.053474e-06 | val loss=6.145119e-06 | time=5.71s
🔘 no improvement (6/40) | best val=3.899745e-06
Epoch 0170/2000 | lr=6.250e-05 | train loss=5.067720e-06 | val loss=5.541123e-06 | time=5.89s
🔘 no improvement (7/40) | best val=3.899745e-06
Epoch 0171/2000 | lr=6.250e-05 | train loss=5.073232e-06 | val loss=4.995554e-06 | time=5.89s
🔘 no improvement (8/40) | best val=3.899745e-06
Epoch 0172/2000 | lr=6.250e-05 | train loss=5.004335e-06 | val loss=4.267576e-06 | time=5.91s
🔘 no improvement (9/40) | best val=3.899745e-06
Epoch 0173/2000 | lr=6.250e-05 | train loss=4.884808e-06 | val loss=4.404238e-06 | time=5.86s
🔘 no improvement (10/40) | best val=3.899745e-06
Epoch 0174/2000 | lr=6.250e-05 | train loss=4.879955e-06 | val loss=4.602136e-06 | time=5.85s
🔘 no improvement (11/40) | best val=3.899745e-06
Epoch 0175/2000 | lr=6.250e-05 | train loss=4.871614e-06 | val loss=4.979916e-06 | time=6.03s
🔘 no improvement (12/40) | best val=3.899745e-06
Epoch 0176/2000 | lr=6.250e-05 | train loss=4.864872e-06 | val loss=5.050953e-06 | time=5.71s
🔘 no improvement (13/40) | best val=3.899745e-06
Epoch 0177/2000 | lr=6.250e-05 | train loss=4.866869e-06 | val loss=4.856857e-06 | time=5.91s
🔘 no improvement (14/40) | best val=3.899745e-06
Epoch 0178/2000 | lr=6.250e-05 | train loss=4.877436e-06 | val loss=4.674059e-06 | time=6.02s
🔘 no improvement (15/40) | best val=3.899745e-06
Epoch 0179/2000 | lr=6.250e-05 | train loss=4.872185e-06 | val loss=4.963670e-06 | time=6.07s
🔘 no improvement (16/40) | best val=3.899745e-06
Epoch 0180/2000 | lr=6.250e-05 | train loss=4.867541e-06 | val loss=5.956951e-06 | time=5.95s
🔘 no improvement (17/40) | best val=3.899745e-06
Epoch 0181/2000 | lr=6.250e-05 | train loss=4.881219e-06 | val loss=5.314260e-06 | time=5.88s
🔘 no improvement (18/40) | best val=3.899745e-06
Epoch 0182/2000 | lr=6.250e-05 | train loss=4.882708e-06 | val loss=4.385624e-06 | time=5.94s
🔘 no improvement (19/40) | best val=3.899745e-06
Epoch 0183/2000 | lr=6.250e-05 | train loss=4.871692e-06 | val loss=4.803953e-06 | time=5.85s
🔘 no improvement (20/40) | best val=3.899745e-06
Epoch 0184/2000 | lr=3.125e-05 | train loss=4.875044e-06 | val loss=5.227103e-06 | time=6.06s
🔻 LR reduced: 6.250e-05 -> 3.125e-05
🔘 no improvement (21/40) | best val=3.899745e-06
Epoch 0185/2000 | lr=3.125e-05 | train loss=3.051817e-06 | val loss=3.189215e-06 | time=6.02s
🔘 no improvement (22/40) | best val=3.899745e-06
Epoch 0186/2000 | lr=3.125e-05 | train loss=2.896690e-06 | val loss=2.756818e-06 | time=5.92s
🟩 saved best checkpoint: D:\Software\Python_Code\Slover\GIN\ckpt\ieee14_GIN_best.pt
Epoch 0187/2000 | lr=3.125e-05 | train loss=2.783738e-06 | val loss=2.546478e-06 | time=5.87s
🔘 no improvement (1/40) | best val=2.756818e-06
Epoch 0188/2000 | lr=3.125e-05 | train loss=2.809123e-06 | val loss=2.231804e-06 | time=6.21s
🔘 no improvement (2/40) | best val=2.756818e-06
Epoch 0189/2000 | lr=3.125e-05 | train loss=2.803714e-06 | val loss=2.859659e-06 | time=5.91s
🔘 no improvement (3/40) | best val=2.756818e-06
Epoch 0190/2000 | lr=3.125e-05 | train loss=2.805987e-06 | val loss=2.647766e-06 | time=5.81s
🔘 no improvement (4/40) | best val=2.756818e-06
Epoch 0191/2000 | lr=3.125e-05 | train loss=2.802982e-06 | val loss=2.285360e-06 | time=5.88s
🔘 no improvement (5/40) | best val=2.756818e-06
Epoch 0192/2000 | lr=3.125e-05 | train loss=2.791564e-06 | val loss=2.962652e-06 | time=5.93s
🔘 no improvement (6/40) | best val=2.756818e-06
Epoch 0193/2000 | lr=3.125e-05 | train loss=2.789654e-06 | val loss=3.640763e-06 | time=5.86s
🔘 no improvement (7/40) | best val=2.756818e-06
Epoch 0194/2000 | lr=3.125e-05 | train loss=2.802142e-06 | val loss=3.286525e-06 | time=5.88s
🔘 no improvement (8/40) | best val=2.756818e-06
Epoch 0195/2000 | lr=3.125e-05 | train loss=2.811103e-06 | val loss=2.512337e-06 | time=5.83s
🔘 no improvement (9/40) | best val=2.756818e-06
Epoch 0196/2000 | lr=3.125e-05 | train loss=2.807795e-06 | val loss=2.203297e-06 | time=5.92s
🔘 no improvement (10/40) | best val=2.756818e-06
Epoch 0197/2000 | lr=3.125e-05 | train loss=2.817750e-06 | val loss=2.556110e-06 | time=5.95s
🔘 no improvement (11/40) | best val=2.756818e-06
Epoch 0198/2000 | lr=3.125e-05 | train loss=2.894812e-06 | val loss=2.987529e-06 | time=6.01s
🔘 no improvement (12/40) | best val=2.756818e-06
Epoch 0199/2000 | lr=3.125e-05 | train loss=2.896468e-06 | val loss=3.020750e-06 | time=6.27s
🔘 no improvement (13/40) | best val=2.756818e-06
Epoch 0200/2000 | lr=3.125e-05 | train loss=2.893312e-06 | val loss=2.884552e-06 | time=6.02s
🔘 no improvement (14/40) | best val=2.756818e-06
Epoch 0201/2000 | lr=3.125e-05 | train loss=2.885244e-06 | val loss=2.985150e-06 | time=5.93s
🔘 no improvement (15/40) | best val=2.756818e-06
Epoch 0202/2000 | lr=3.125e-05 | train loss=2.894095e-06 | val loss=3.324407e-06 | time=5.94s
🔘 no improvement (16/40) | best val=2.756818e-06
Epoch 0203/2000 | lr=3.125e-05 | train loss=2.908313e-06 | val loss=2.548655e-06 | time=6.13s
🔘 no improvement (17/40) | best val=2.756818e-06
Epoch 0204/2000 | lr=3.125e-05 | train loss=2.898645e-06 | val loss=2.835942e-06 | time=5.97s
🔘 no improvement (18/40) | best val=2.756818e-06
Epoch 0205/2000 | lr=3.125e-05 | train loss=2.893249e-06 | val loss=3.358419e-06 | time=5.79s
🔘 no improvement (19/40) | best val=2.756818e-06
Epoch 0206/2000 | lr=3.125e-05 | train loss=2.902919e-06 | val loss=2.635493e-06 | time=6.01s
🔘 no improvement (20/40) | best val=2.756818e-06
Epoch 0207/2000 | lr=1.563e-05 | train loss=2.901787e-06 | val loss=2.384586e-06 | time=5.87s
🔻 LR reduced: 3.125e-05 -> 1.563e-05
🔘 no improvement (21/40) | best val=2.756818e-06
Epoch 0208/2000 | lr=1.563e-05 | train loss=1.603454e-06 | val loss=1.692372e-06 | time=5.83s
🟩 saved best checkpoint: D:\Software\Python_Code\Slover\GIN\ckpt\ieee14_GIN_best.pt
Epoch 0209/2000 | lr=1.563e-05 | train loss=1.416925e-06 | val loss=1.608881e-06 | time=5.95s
🔘 no improvement (1/40) | best val=1.692372e-06
Epoch 0210/2000 | lr=1.563e-05 | train loss=1.418963e-06 | val loss=1.590604e-06 | time=6.11s
🔘 no improvement (2/40) | best val=1.692372e-06
Epoch 0211/2000 | lr=1.563e-05 | train loss=1.362258e-06 | val loss=1.442532e-06 | time=6.02s
🔘 no improvement (3/40) | best val=1.692372e-06
Epoch 0212/2000 | lr=1.563e-05 | train loss=1.366893e-06 | val loss=1.233081e-06 | time=6.01s
🔘 no improvement (4/40) | best val=1.692372e-06
Epoch 0213/2000 | lr=1.563e-05 | train loss=1.366577e-06 | val loss=1.228194e-06 | time=5.73s
🔘 no improvement (5/40) | best val=1.692372e-06
Epoch 0214/2000 | lr=1.563e-05 | train loss=1.386607e-06 | val loss=1.358008e-06 | time=5.78s
🔘 no improvement (6/40) | best val=1.692372e-06
Epoch 0215/2000 | lr=1.563e-05 | train loss=1.377537e-06 | val loss=1.391366e-06 | time=5.76s
🔘 no improvement (7/40) | best val=1.692372e-06
Epoch 0216/2000 | lr=1.563e-05 | train loss=1.373831e-06 | val loss=1.554457e-06 | time=5.92s
🔘 no improvement (8/40) | best val=1.692372e-06
Epoch 0217/2000 | lr=1.563e-05 | train loss=1.377495e-06 | val loss=1.573258e-06 | time=6.02s
🔘 no improvement (9/40) | best val=1.692372e-06
Epoch 0218/2000 | lr=1.563e-05 | train loss=1.384582e-06 | val loss=1.248796e-06 | time=5.83s
🔘 no improvement (10/40) | best val=1.692372e-06
Epoch 0219/2000 | lr=1.563e-05 | train loss=1.380742e-06 | val loss=1.238150e-06 | time=5.84s
🔘 no improvement (11/40) | best val=1.692372e-06
Epoch 0220/2000 | lr=1.563e-05 | train loss=1.377859e-06 | val loss=1.378025e-06 | time=5.86s
🔘 no improvement (12/40) | best val=1.692372e-06
Epoch 0221/2000 | lr=1.563e-05 | train loss=1.377441e-06 | val loss=1.363277e-06 | time=5.71s
🔘 no improvement (13/40) | best val=1.692372e-06
Epoch 0222/2000 | lr=1.563e-05 | train loss=1.376879e-06 | val loss=1.418809e-06 | time=5.68s
🔘 no improvement (14/40) | best val=1.692372e-06
Epoch 0223/2000 | lr=1.563e-05 | train loss=1.377785e-06 | val loss=1.415933e-06 | time=5.94s
🔘 no improvement (15/40) | best val=1.692372e-06
Epoch 0224/2000 | lr=1.563e-05 | train loss=1.379471e-06 | val loss=1.338667e-06 | time=6.03s
🔘 no improvement (16/40) | best val=1.692372e-06
Epoch 0225/2000 | lr=1.563e-05 | train loss=1.377869e-06 | val loss=1.359122e-06 | time=5.98s
🔘 no improvement (17/40) | best val=1.692372e-06
Epoch 0226/2000 | lr=1.563e-05 | train loss=1.376629e-06 | val loss=1.444761e-06 | time=5.87s
🔘 no improvement (18/40) | best val=1.692372e-06
Epoch 0227/2000 | lr=1.563e-05 | train loss=1.377091e-06 | val loss=1.348286e-06 | time=5.87s
🔘 no improvement (19/40) | best val=1.692372e-06
Epoch 0228/2000 | lr=1.563e-05 | train loss=1.377383e-06 | val loss=1.375599e-06 | time=5.92s
🔘 no improvement (20/40) | best val=1.692372e-06
Epoch 0229/2000 | lr=7.813e-06 | train loss=1.380552e-06 | val loss=1.409716e-06 | time=5.93s
🔻 LR reduced: 1.563e-05 -> 7.813e-06
🔘 no improvement (21/40) | best val=1.692372e-06
Epoch 0230/2000 | lr=7.813e-06 | train loss=6.766885e-07 | val loss=5.915350e-07 | time=5.96s
🟩 saved best checkpoint: D:\Software\Python_Code\Slover\GIN\ckpt\ieee14_GIN_best.pt
Epoch 0231/2000 | lr=7.813e-06 | train loss=5.440681e-07 | val loss=5.610841e-07 | time=5.80s
🔘 no improvement (1/40) | best val=5.915350e-07
Epoch 0232/2000 | lr=7.813e-06 | train loss=5.475030e-07 | val loss=6.294176e-07 | time=5.89s
🔘 no improvement (2/40) | best val=5.915350e-07
Epoch 0233/2000 | lr=7.813e-06 | train loss=5.621752e-07 | val loss=5.919000e-07 | time=5.86s
🔘 no improvement (3/40) | best val=5.915350e-07
Epoch 0234/2000 | lr=7.813e-06 | train loss=5.819405e-07 | val loss=5.782615e-07 | time=5.77s
🔘 no improvement (4/40) | best val=5.915350e-07
Epoch 0235/2000 | lr=7.813e-06 | train loss=5.716816e-07 | val loss=5.172067e-07 | time=6.01s
🔘 no improvement (5/40) | best val=5.915350e-07
Epoch 0236/2000 | lr=7.813e-06 | train loss=5.899154e-07 | val loss=5.014300e-07 | time=6.33s
🔘 no improvement (6/40) | best val=5.915350e-07
Epoch 0237/2000 | lr=7.813e-06 | train loss=6.088462e-07 | val loss=6.430368e-07 | time=5.99s
🔘 no improvement (7/40) | best val=5.915350e-07
Epoch 0238/2000 | lr=7.813e-06 | train loss=6.193006e-07 | val loss=6.815442e-07 | time=6.21s
🔘 no improvement (8/40) | best val=5.915350e-07
Epoch 0239/2000 | lr=7.813e-06 | train loss=6.158421e-07 | val loss=6.313001e-07 | time=5.92s
🔘 no improvement (9/40) | best val=5.915350e-07
Epoch 0240/2000 | lr=7.813e-06 | train loss=6.126429e-07 | val loss=6.326022e-07 | time=5.93s
🔘 no improvement (10/40) | best val=5.915350e-07
Epoch 0241/2000 | lr=7.813e-06 | train loss=6.415869e-07 | val loss=5.889659e-07 | time=5.90s
🔘 no improvement (11/40) | best val=5.915350e-07
Epoch 0242/2000 | lr=7.813e-06 | train loss=6.421959e-07 | val loss=5.872443e-07 | time=5.85s
🔘 no improvement (12/40) | best val=5.915350e-07
Epoch 0243/2000 | lr=7.813e-06 | train loss=6.409582e-07 | val loss=6.732440e-07 | time=5.97s
🔘 no improvement (13/40) | best val=5.915350e-07
Epoch 0244/2000 | lr=7.813e-06 | train loss=6.406575e-07 | val loss=6.503691e-07 | time=5.98s
🔘 no improvement (14/40) | best val=5.915350e-07
Epoch 0245/2000 | lr=7.813e-06 | train loss=6.404040e-07 | val loss=6.628857e-07 | time=6.09s
🔘 no improvement (15/40) | best val=5.915350e-07
Epoch 0246/2000 | lr=7.813e-06 | train loss=6.403509e-07 | val loss=6.380580e-07 | time=5.71s
🔘 no improvement (16/40) | best val=5.915350e-07
Epoch 0247/2000 | lr=7.813e-06 | train loss=6.522168e-07 | val loss=6.068599e-07 | time=5.83s
🔘 no improvement (17/40) | best val=5.915350e-07
Epoch 0248/2000 | lr=7.813e-06 | train loss=6.521709e-07 | val loss=5.993676e-07 | time=5.79s
🔘 no improvement (18/40) | best val=5.915350e-07
Epoch 0249/2000 | lr=7.813e-06 | train loss=6.496371e-07 | val loss=6.807038e-07 | time=5.81s
🔘 no improvement (19/40) | best val=5.915350e-07
Epoch 0250/2000 | lr=7.813e-06 | train loss=6.491310e-07 | val loss=6.698432e-07 | time=6.12s
🔘 no improvement (20/40) | best val=5.915350e-07
Epoch 0251/2000 | lr=3.906e-06 | train loss=6.490511e-07 | val loss=6.799675e-07 | time=5.87s
🔻 LR reduced: 7.813e-06 -> 3.906e-06
🔘 no improvement (21/40) | best val=5.915350e-07
Epoch 0252/2000 | lr=3.906e-06 | train loss=3.264187e-07 | val loss=2.219761e-07 | time=5.96s
🔘 no improvement (22/40) | best val=5.915350e-07
Epoch 0253/2000 | lr=3.906e-06 | train loss=2.660690e-07 | val loss=2.269827e-07 | time=6.37s
🔘 no improvement (23/40) | best val=5.915350e-07
Epoch 0254/2000 | lr=3.906e-06 | train loss=2.680848e-07 | val loss=2.728846e-07 | time=5.90s
🔘 no improvement (24/40) | best val=5.915350e-07
Epoch 0255/2000 | lr=3.906e-06 | train loss=2.600096e-07 | val loss=2.980139e-07 | time=5.67s
🔘 no improvement (25/40) | best val=5.915350e-07
Epoch 0256/2000 | lr=3.906e-06 | train loss=2.604164e-07 | val loss=2.326865e-07 | time=6.04s
🔘 no improvement (26/40) | best val=5.915350e-07
Epoch 0257/2000 | lr=3.906e-06 | train loss=2.511800e-07 | val loss=2.120136e-07 | time=5.91s
🔘 no improvement (27/40) | best val=5.915350e-07
Epoch 0258/2000 | lr=3.906e-06 | train loss=2.611931e-07 | val loss=2.972496e-07 | time=6.00s
🔘 no improvement (28/40) | best val=5.915350e-07
Epoch 0259/2000 | lr=3.906e-06 | train loss=2.616954e-07 | val loss=2.932821e-07 | time=6.13s
🔘 no improvement (29/40) | best val=5.915350e-07
Epoch 0260/2000 | lr=3.906e-06 | train loss=2.793176e-07 | val loss=2.686272e-07 | time=6.00s
🔘 no improvement (30/40) | best val=5.915350e-07
Epoch 0261/2000 | lr=3.906e-06 | train loss=2.932824e-07 | val loss=3.131195e-07 | time=5.88s
🔘 no improvement (31/40) | best val=5.915350e-07
Epoch 0262/2000 | lr=3.906e-06 | train loss=2.963232e-07 | val loss=3.085435e-07 | time=5.86s
🔘 no improvement (32/40) | best val=5.915350e-07
Epoch 0263/2000 | lr=3.906e-06 | train loss=3.013292e-07 | val loss=2.971082e-07 | time=5.86s
🔘 no improvement (33/40) | best val=5.915350e-07
Epoch 0264/2000 | lr=3.906e-06 | train loss=3.152212e-07 | val loss=3.397798e-07 | time=5.95s
🔘 no improvement (34/40) | best val=5.915350e-07
Epoch 0265/2000 | lr=3.906e-06 | train loss=3.218224e-07 | val loss=3.093774e-07 | time=5.84s
🔘 no improvement (35/40) | best val=5.915350e-07
Epoch 0266/2000 | lr=3.906e-06 | train loss=3.139631e-07 | val loss=3.372886e-07 | time=5.76s
🔘 no improvement (36/40) | best val=5.915350e-07
Epoch 0267/2000 | lr=3.906e-06 | train loss=3.116948e-07 | val loss=2.889379e-07 | time=5.85s
🔘 no improvement (37/40) | best val=5.915350e-07
Epoch 0268/2000 | lr=3.906e-06 | train loss=3.077426e-07 | val loss=3.016700e-07 | time=5.88s
🔘 no improvement (38/40) | best val=5.915350e-07
Epoch 0269/2000 | lr=3.906e-06 | train loss=2.893416e-07 | val loss=3.070260e-07 | time=5.94s
🔘 no improvement (39/40) | best val=5.915350e-07
Epoch 0270/2000 | lr=3.906e-06 | train loss=2.922498e-07 | val loss=2.899474e-07 | time=5.81s
🔘 no improvement (40/40) | best val=5.915350e-07
 early stopping
Loading checkpoint : D:\Software\Python_Code\Slover\GIN\ckpt\ieee14_GIN_best.pt
Checkpoint loaded  : OK
Testing summary    : running full metrics

===== test metrics (tol=0.001) =====
samples                         : 4000
mean max |dP| over non-slack    : 2.124193e-04
worst max |dP| over non-slack   : 9.367034e-02
mean max |dQ| over PQ           : 1.870577e-04
worst max |dQ| over PQ          : 6.697676e-02
RMSE |dP| over non-slack        : 9.198636e-04
RMSE |dQ| over PQ               : 5.959178e-04
convergence rate                : 0.979000
Success rate (<0.1)             : 1.000000
Success rate (<0.01)            : 0.997000
Success rate (<0.001)           : 0.979000
Test evaluation time             : 0.316669 s
Testing heatmap    : running cell metrics

===== Batch Full-Test Summary By Heatmap Cell =====
X=[-2.0,-1.8], PQ=[-2.0,-1.8]: count:10, ill:0, Ang_MAX:1.047730e-03, Vol_MAX:1.082778e-03, Ang_mean±std:2.674595e-04±3.563310e-04, Vol_mean±std:2.075315e-04±3.191601e-04, P_MAX:1.553e-02, Q_MAX:5.931e-03, P_mean±std:3.548e-03±4.988e-03, Q_mean±std:1.628e-03±2.104e-03, P_RMSE:1.980e-03, Q_RMSE:1.033e-03, Success rate (<0.1):1.000000, Success rate (<0.01):0.900000, Success rate (<0.001):0.600000
X=[-2.0,-1.8], PQ=[-1.8,-1.6]: count:10, ill:0, Ang_MAX:1.232922e-04, Vol_MAX:1.260042e-04, Ang_mean±std:4.916042e-05±4.682704e-05, Vol_mean±std:3.874302e-05±4.232108e-05, P_MAX:2.789e-03, Q_MAX:1.403e-03, P_mean±std:7.610e-04±1.029e-03, Q_mean±std:4.273e-04±5.182e-04, P_RMSE:4.144e-04, Q_RMSE:2.508e-04, Success rate (<0.1):1.000000, Success rate (<0.01):1.000000, Success rate (<0.001):0.700000
X=[-2.0,-1.8], PQ=[-1.6,-1.4]: count:10, ill:0, Ang_MAX:1.651049e-05, Vol_MAX:1.680851e-05, Ang_mean±std:7.645786e-06±5.829545e-06, Vol_mean±std:6.306171e-06±4.766717e-06, P_MAX:3.354e-04, Q_MAX:1.662e-04, P_mean±std:7.684e-05±9.043e-05, Q_mean±std:8.953e-05±2.940e-05, P_RMSE:4.040e-05, Q_RMSE:3.804e-05, Success rate (<0.1):1.000000, Success rate (<0.01):1.000000, Success rate (<0.001):1.000000
X=[-2.0,-1.8], PQ=[-1.4,-1.2]: count:10, ill:0, Ang_MAX:2.156794e-04, Vol_MAX:1.202822e-04, Ang_mean±std:4.627556e-05±7.194399e-05, Vol_mean±std:2.701283e-05±4.146774e-05, P_MAX:3.548e-03, Q_MAX:1.708e-03, P_mean±std:4.689e-04±1.050e-03, Q_mean±std:2.997e-04±4.914e-04, P_RMSE:3.588e-04, Q_RMSE:2.267e-04, Success rate (<0.1):1.000000, Success rate (<0.01):1.000000, Success rate (<0.001):0.900000
X=[-2.0,-1.8], PQ=[-1.2,-1.0]: count:10, ill:0, Ang_MAX:5.063474e-03, Vol_MAX:6.208777e-03, Ang_mean±std:5.216956e-04±1.514050e-03, Vol_mean±std:6.349802e-04±1.858029e-03, P_MAX:8.359e-02, Q_MAX:3.826e-02, P_mean±std:8.533e-03±2.502e-02, Q_mean±std:3.977e-03±1.143e-02, P_RMSE:8.785e-03, Q_RMSE:4.310e-03, Success rate (<0.1):1.000000, Success rate (<0.01):0.900000, Success rate (<0.001):0.900000
X=[-2.0,-1.8], PQ=[-1.0,-0.8]: count:10, ill:0, Ang_MAX:1.410514e-03, Vol_MAX:1.733422e-03, Ang_mean±std:2.311364e-04±4.211471e-04, Vol_mean±std:2.625823e-04±5.158381e-04, P_MAX:9.943e-03, Q_MAX:1.226e-02, P_mean±std:2.319e-03±3.536e-03, Q_mean±std:2.091e-03±3.725e-03, P_RMSE:1.531e-03, Q_RMSE:1.477e-03, Success rate (<0.1):1.000000, Success rate (<0.01):0.900000, Success rate (<0.001):0.700000
X=[-2.0,-1.8], PQ=[-0.8,-0.6]: count:10, ill:0, Ang_MAX:9.250641e-05, Vol_MAX:8.499622e-05, Ang_mean±std:2.214760e-05±2.539267e-05, Vol_mean±std:1.636744e-05±2.328954e-05, P_MAX:5.146e-04, Q_MAX:3.106e-04, P_mean±std:1.031e-04±1.456e-04, Q_mean±std:1.178e-04±6.864e-05, P_RMSE:6.390e-05, Q_RMSE:5.989e-05, Success rate (<0.1):1.000000, Success rate (<0.01):1.000000, Success rate (<0.001):1.000000
X=[-2.0,-1.8], PQ=[-0.6,-0.4]: count:10, ill:0, Ang_MAX:8.589923e-04, Vol_MAX:7.662773e-04, Ang_mean±std:1.597091e-04±2.468035e-04, Vol_mean±std:1.339555e-04±2.211270e-04, P_MAX:1.998e-02, Q_MAX:8.877e-03, P_mean±std:2.801e-03±5.836e-03, Q_mean±std:1.539e-03±2.693e-03, P_RMSE:2.104e-03, Q_RMSE:1.332e-03, Success rate (<0.1):1.000000, Success rate (<0.01):0.900000, Success rate (<0.001):0.600000
X=[-2.0,-1.8], PQ=[-0.4,-0.2]: count:10, ill:0, Ang_MAX:4.996657e-04, Vol_MAX:4.715919e-04, Ang_mean±std:1.025081e-04±1.454579e-04, Vol_mean±std:9.067059e-05±1.362117e-04, P_MAX:1.139e-02, Q_MAX:1.065e-02, P_mean±std:2.058e-03±3.439e-03, Q_mean±std:1.788e-03±3.053e-03, P_RMSE:1.413e-03, Q_RMSE:1.204e-03, Success rate (<0.1):1.000000, Success rate (<0.01):0.900000, Success rate (<0.001):0.500000
X=[-2.0,-1.8], PQ=[-0.2,0.0]: count:10, ill:0, Ang_MAX:9.929538e-04, Vol_MAX:1.193166e-03, Ang_mean±std:1.056716e-04±2.958180e-04, Vol_mean±std:1.270294e-04±3.554665e-04, P_MAX:1.584e-02, Q_MAX:7.574e-03, P_mean±std:1.628e-03±4.739e-03, Q_mean±std:8.349e-04±2.246e-03, P_RMSE:1.644e-03, Q_RMSE:8.334e-04, Success rate (<0.1):1.000000, Success rate (<0.01):0.900000, Success rate (<0.001):0.900000
X=[-2.0,-1.8], PQ=[0.0,0.2]: count:10, ill:0, Ang_MAX:1.222491e-04, Vol_MAX:7.796288e-05, Ang_mean±std:2.189577e-05±3.508741e-05, Vol_mean±std:1.515150e-05±2.215199e-05, P_MAX:1.658e-03, Q_MAX:1.464e-03, P_mean±std:2.278e-04±4.796e-04, Q_mean±std:2.542e-04±4.203e-04, P_RMSE:1.819e-04, Q_RMSE:1.746e-04, Success rate (<0.1):1.000000, Success rate (<0.01):1.000000, Success rate (<0.001):0.900000
X=[-2.0,-1.8], PQ=[0.2,0.4]: count:10, ill:0, Ang_MAX:2.086461e-04, Vol_MAX:1.162291e-04, Ang_mean±std:5.534440e-05±7.018068e-05, Vol_mean±std:4.112720e-05±4.394291e-05, P_MAX:2.986e-03, Q_MAX:1.433e-03, P_mean±std:4.935e-04±8.679e-04, Q_mean±std:5.209e-04±5.527e-04, P_RMSE:3.292e-04, Q_RMSE:2.901e-04, Success rate (<0.1):1.000000, Success rate (<0.01):1.000000, Success rate (<0.001):0.700000
X=[-2.0,-1.8], PQ=[0.4,0.6]: count:10, ill:0, Ang_MAX:1.249611e-04, Vol_MAX:1.465082e-04, Ang_mean±std:3.680140e-05±4.767805e-05, Vol_mean±std:3.529787e-05±4.891773e-05, P_MAX:1.927e-03, Q_MAX:2.017e-03, P_mean±std:5.223e-04±7.285e-04, Q_mean±std:4.152e-04±6.007e-04, P_RMSE:2.899e-04, Q_RMSE:2.579e-04, Success rate (<0.1):1.000000, Success rate (<0.01):1.000000, Success rate (<0.001):0.700000
X=[-2.0,-1.8], PQ=[0.6,0.8]: count:10, ill:0, Ang_MAX:2.382994e-04, Vol_MAX:2.248287e-04, Ang_mean±std:5.219728e-05±9.022794e-05, Vol_mean±std:4.671812e-05±8.135472e-05, P_MAX:2.081e-03, Q_MAX:1.429e-03, P_mean±std:4.794e-04±7.600e-04, Q_mean±std:3.319e-04±4.443e-04, P_RMSE:3.192e-04, Q_RMSE:1.969e-04, Success rate (<0.1):1.000000, Success rate (<0.01):1.000000, Success rate (<0.001):0.800000
X=[-2.0,-1.8], PQ=[0.8,1.0]: count:10, ill:0, Ang_MAX:7.743537e-04, Vol_MAX:7.774830e-04, Ang_mean±std:1.026779e-04±2.286801e-04, Vol_mean±std:9.790659e-05±2.296837e-04, P_MAX:6.702e-03, Q_MAX:7.837e-03, P_mean±std:1.093e-03±2.160e-03, Q_mean±std:1.073e-03±2.342e-03, P_RMSE:9.047e-04, Q_RMSE:8.868e-04, Success rate (<0.1):1.000000, Success rate (<0.01):1.000000, Success rate (<0.001):0.800000
X=[-2.0,-1.8], PQ=[1.0,1.2]: count:10, ill:0, Ang_MAX:2.165139e-03, Vol_MAX:1.914263e-03, Ang_mean±std:2.646253e-04±6.354171e-04, Vol_mean±std:2.371907e-04±5.616986e-04, P_MAX:5.087e-02, Q_MAX:2.224e-02, P_mean±std:5.867e-03±1.503e-02, Q_mean±std:2.627e-03±6.546e-03, P_RMSE:5.155e-03, Q_RMSE:3.138e-03, Success rate (<0.1):1.000000, Success rate (<0.01):0.900000, Success rate (<0.001):0.600000
X=[-2.0,-1.8], PQ=[1.2,1.4]: count:10, ill:0, Ang_MAX:5.820006e-03, Vol_MAX:8.653164e-03, Ang_mean±std:6.688029e-04±1.719896e-03, Vol_mean±std:9.169817e-04±2.579670e-03, P_MAX:8.214e-02, Q_MAX:6.698e-02, P_mean±std:8.674e-03±2.450e-02, Q_mean±std:6.994e-03±2.000e-02, P_RMSE:8.962e-03, Q_RMSE:7.109e-03, Success rate (<0.1):1.000000, Success rate (<0.01):0.900000, Success rate (<0.001):0.800000
X=[-2.0,-1.8], PQ=[1.4,1.6]: count:10, ill:0, Ang_MAX:2.187818e-03, Vol_MAX:2.688527e-03, Ang_mean±std:2.507687e-04±6.464679e-04, Vol_mean±std:2.920389e-04±7.990972e-04, P_MAX:3.973e-02, Q_MAX:1.365e-02, P_mean±std:4.133e-03±1.187e-02, Q_mean±std:1.516e-03±4.047e-03, P_RMSE:4.148e-03, Q_RMSE:1.797e-03, Success rate (<0.1):1.000000, Success rate (<0.01):0.900000, Success rate (<0.001):0.900000
X=[-2.0,-1.8], PQ=[1.6,1.8]: count:10, ill:0, Ang_MAX:3.101230e-04, Vol_MAX:3.610849e-04, Ang_mean±std:5.923212e-05±9.421660e-05, Vol_mean±std:6.366968e-05±1.151948e-04, P_MAX:5.062e-03, Q_MAX:1.698e-03, P_mean±std:8.366e-04±1.604e-03, Q_mean±std:4.136e-04±6.085e-04, P_RMSE:6.378e-04, Q_RMSE:3.074e-04, Success rate (<0.1):1.000000, Success rate (<0.01):1.000000, Success rate (<0.001):0.800000
X=[-2.0,-1.8], PQ=[1.8,2.0]: count:10, ill:0, Ang_MAX:2.993197e-04, Vol_MAX:2.515316e-04, Ang_mean±std:7.366836e-05±8.860756e-05, Vol_mean±std:6.058216e-05±7.517788e-05, P_MAX:7.634e-03, Q_MAX:3.822e-03, P_mean±std:1.264e-03±2.242e-03, Q_mean±std:7.901e-04±1.098e-03, P_RMSE:8.342e-04, Q_RMSE:5.103e-04, Success rate (<0.1):1.000000, Success rate (<0.01):1.000000, Success rate (<0.001):0.700000
X=[-1.8,-1.6], PQ=[-2.0,-1.8]: count:10, ill:0, Ang_MAX:3.700852e-04, Vol_MAX:4.235506e-04, Ang_mean±std:7.111877e-05±1.071850e-04, Vol_mean±std:7.815361e-05±1.247086e-04, P_MAX:5.817e-03, Q_MAX:2.434e-03, P_mean±std:1.022e-03±1.704e-03, Q_mean±std:5.577e-04±7.946e-04, P_RMSE:6.584e-04, Q_RMSE:3.509e-04, Success rate (<0.1):1.000000, Success rate (<0.01):1.000000, Success rate (<0.001):0.700000
X=[-1.8,-1.6], PQ=[-1.8,-1.6]: count:10, ill:0, Ang_MAX:6.159842e-04, Vol_MAX:4.825592e-04, Ang_mean±std:7.410944e-05±1.820224e-04, Vol_mean±std:5.873442e-05±1.422730e-04, P_MAX:5.448e-03, Q_MAX:2.443e-03, P_mean±std:6.967e-04±1.606e-03, Q_mean±std:3.553e-04±7.037e-04, P_RMSE:5.396e-04, Q_RMSE:3.216e-04, Success rate (<0.1):1.000000, Success rate (<0.01):1.000000, Success rate (<0.001):0.900000
X=[-1.8,-1.6], PQ=[-1.6,-1.4]: count:10, ill:0, Ang_MAX:6.005168e-05, Vol_MAX:4.720688e-05, Ang_mean±std:1.251101e-05±1.705656e-05, Vol_mean±std:1.075268e-05±1.367615e-05, P_MAX:4.308e-04, Q_MAX:8.618e-04, P_mean±std:1.150e-04±1.359e-04, Q_mean±std:1.878e-04±2.353e-04, P_RMSE:5.827e-05, Q_RMSE:1.026e-04, Success rate (<0.1):1.000000, Success rate (<0.01):1.000000, Success rate (<0.001):1.000000
X=[-1.8,-1.6], PQ=[-1.4,-1.2]: count:10, ill:0, Ang_MAX:1.067221e-04, Vol_MAX:1.181364e-04, Ang_mean±std:2.350807e-05±3.235817e-05, Vol_mean±std:2.294779e-05±3.405658e-05, P_MAX:1.027e-03, Q_MAX:1.061e-03, P_mean±std:2.101e-04±2.964e-04, Q_mean±std:2.428e-04±2.975e-04, P_RMSE:1.309e-04, Q_RMSE:1.369e-04, Success rate (<0.1):1.000000, Success rate (<0.01):1.000000, Success rate (<0.001):0.900000
X=[-1.8,-1.6], PQ=[-1.2,-1.0]: count:10, ill:0, Ang_MAX:2.036393e-04, Vol_MAX:1.988411e-04, Ang_mean±std:2.330244e-05±6.015902e-05, Vol_mean±std:2.316236e-05±5.860109e-05, P_MAX:7.337e-04, Q_MAX:1.687e-03, P_mean±std:1.097e-04±2.091e-04, Q_mean±std:2.361e-04±4.835e-04, P_RMSE:1.007e-04, Q_RMSE:1.871e-04, Success rate (<0.1):1.000000, Success rate (<0.01):1.000000, Success rate (<0.001):0.900000
X=[-1.8,-1.6], PQ=[-1.0,-0.8]: count:10, ill:0, Ang_MAX:8.793175e-05, Vol_MAX:6.914139e-05, Ang_mean±std:1.471937e-05±2.575538e-05, Vol_mean±std:1.249313e-05±1.998851e-05, P_MAX:1.943e-03, Q_MAX:1.341e-03, P_mean±std:3.026e-04±5.717e-04, Q_mean±std:2.317e-04±3.756e-04, P_RMSE:2.115e-04, Q_RMSE:1.532e-04, Success rate (<0.1):1.000000, Success rate (<0.01):1.000000, Success rate (<0.001):0.900000
X=[-1.8,-1.6], PQ=[-0.8,-0.6]: count:10, ill:0, Ang_MAX:4.300475e-05, Vol_MAX:2.789497e-05, Ang_mean±std:1.038462e-05±1.379513e-05, Vol_mean±std:7.927418e-06±9.382195e-06, P_MAX:7.051e-04, Q_MAX:5.300e-04, P_mean±std:1.619e-04±2.619e-04, Q_mean±std:1.451e-04±1.487e-04, P_RMSE:1.024e-04, Q_RMSE:7.683e-05, Success rate (<0.1):1.000000, Success rate (<0.01):1.000000, Success rate (<0.001):1.000000
X=[-1.8,-1.6], PQ=[-0.6,-0.4]: count:10, ill:0, Ang_MAX:6.799400e-05, Vol_MAX:5.197525e-05, Ang_mean±std:1.117736e-05±1.949965e-05, Vol_mean±std:1.085997e-05±1.518461e-05, P_MAX:1.490e-03, Q_MAX:6.916e-04, P_mean±std:2.064e-04±4.317e-04, Q_mean±std:1.453e-04±1.848e-04, P_RMSE:1.501e-04, Q_RMSE:9.314e-05, Success rate (<0.1):1.000000, Success rate (<0.01):1.000000, Success rate (<0.001):0.900000
X=[-1.8,-1.6], PQ=[-0.4,-0.2]: count:10, ill:0, Ang_MAX:2.297759e-05, Vol_MAX:1.657009e-05, Ang_mean±std:4.361570e-06±6.307752e-06, Vol_mean±std:4.029274e-06±4.198740e-06, P_MAX:1.400e-04, Q_MAX:9.301e-05, P_mean±std:4.230e-05±3.260e-05, Q_mean±std:7.382e-05±6.746e-06, P_RMSE:1.998e-05, Q_RMSE:2.718e-05, Success rate (<0.1):1.000000, Success rate (<0.01):1.000000, Success rate (<0.001):1.000000
X=[-1.8,-1.6], PQ=[-0.2,0.0]: count:10, ill:0, Ang_MAX:1.036078e-04, Vol_MAX:9.226799e-05, Ang_mean±std:1.556277e-05±3.026676e-05, Vol_mean±std:1.353025e-05±2.657588e-05, P_MAX:9.489e-04, Q_MAX:1.633e-03, P_mean±std:1.370e-04±2.721e-04, Q_mean±std:2.375e-04±4.659e-04, P_RMSE:9.882e-05, Q_RMSE:1.786e-04, Success rate (<0.1):1.000000, Success rate (<0.01):1.000000, Success rate (<0.001):0.900000
X=[-1.8,-1.6], PQ=[0.0,0.2]: count:10, ill:0, Ang_MAX:7.694960e-05, Vol_MAX:7.069111e-05, Ang_mean±std:1.832545e-05±2.338014e-05, Vol_mean±std:1.689196e-05±2.075078e-05, P_MAX:1.599e-03, Q_MAX:1.513e-03, P_mean±std:3.278e-04±5.020e-04, Q_mean±std:2.928e-04±4.314e-04, P_RMSE:1.950e-04, Q_RMSE:1.788e-04, Success rate (<0.1):1.000000, Success rate (<0.01):1.000000, Success rate (<0.001):0.900000
X=[-1.8,-1.6], PQ=[0.2,0.4]: count:10, ill:0, Ang_MAX:4.938245e-05, Vol_MAX:3.552437e-05, Ang_mean±std:1.220107e-05±1.681447e-05, Vol_mean±std:9.620190e-06±1.141824e-05, P_MAX:2.706e-04, Q_MAX:2.486e-04, P_mean±std:7.399e-05±7.980e-05, Q_mean±std:1.178e-04±6.831e-05, P_RMSE:5.280e-05, Q_RMSE:5.542e-05, Success rate (<0.1):1.000000, Success rate (<0.01):1.000000, Success rate (<0.001):1.000000
X=[-1.8,-1.6], PQ=[0.4,0.6]: count:10, ill:0, Ang_MAX:3.810674e-04, Vol_MAX:3.002882e-04, Ang_mean±std:4.968196e-05±1.120892e-04, Vol_mean±std:3.768206e-05±8.817935e-05, P_MAX:8.976e-03, Q_MAX:4.327e-03, P_mean±std:9.708e-04±2.670e-03, Q_mean±std:5.338e-04±1.267e-03, P_RMSE:9.059e-04, Q_RMSE:5.281e-04, Success rate (<0.1):1.000000, Success rate (<0.01):1.000000, Success rate (<0.001):0.900000
X=[-1.8,-1.6], PQ=[0.6,0.8]: count:10, ill:0, Ang_MAX:7.662177e-05, Vol_MAX:4.982948e-05, Ang_mean±std:2.344251e-05±2.196957e-05, Vol_mean±std:1.772642e-05±1.358327e-05, P_MAX:7.165e-04, Q_MAX:4.431e-04, P_mean±std:2.509e-04±2.398e-04, Q_mean±std:1.903e-04±1.230e-04, P_RMSE:1.133e-04, Q_RMSE:9.222e-05, Success rate (<0.1):1.000000, Success rate (<0.01):1.000000, Success rate (<0.001):1.000000
X=[-1.8,-1.6], PQ=[0.8,1.0]: count:10, ill:0, Ang_MAX:3.112853e-05, Vol_MAX:2.670288e-05, Ang_mean±std:8.246303e-06±8.506543e-06, Vol_mean±std:7.438660e-06±7.003016e-06, P_MAX:6.983e-04, Q_MAX:4.095e-04, P_mean±std:1.289e-04±2.009e-04, Q_mean±std:1.186e-04±9.899e-05, P_RMSE:8.040e-05, Q_RMSE:5.923e-05, Success rate (<0.1):1.000000, Success rate (<0.01):1.000000, Success rate (<0.001):1.000000
X=[-1.8,-1.6], PQ=[1.0,1.2]: count:10, ill:0, Ang_MAX:5.489588e-05, Vol_MAX:5.531311e-05, Ang_mean±std:1.743138e-05±1.891498e-05, Vol_mean±std:1.710653e-05±1.820168e-05, P_MAX:6.763e-04, Q_MAX:3.900e-04, P_mean±std:1.979e-04±2.178e-04, Q_mean±std:1.485e-04±1.053e-04, P_RMSE:1.017e-04, Q_RMSE:7.432e-05, Success rate (<0.1):1.000000, Success rate (<0.01):1.000000, Success rate (<0.001):1.000000
X=[-1.8,-1.6], PQ=[1.2,1.4]: count:10, ill:0, Ang_MAX:2.001226e-05, Vol_MAX:1.728535e-05, Ang_mean±std:5.006790e-06±5.336796e-06, Vol_mean±std:4.732609e-06±4.274297e-06, P_MAX:1.216e-04, Q_MAX:4.041e-04, P_mean±std:4.267e-05±2.735e-05, Q_mean±std:1.083e-04±9.864e-05, P_RMSE:2.274e-05, Q_RMSE:4.993e-05, Success rate (<0.1):1.000000, Success rate (<0.01):1.000000, Success rate (<0.001):1.000000
X=[-1.8,-1.6], PQ=[1.4,1.6]: count:10, ill:0, Ang_MAX:3.705472e-04, Vol_MAX:3.547668e-04, Ang_mean±std:4.923940e-05±1.082169e-04, Vol_mean±std:4.775524e-05±1.042870e-04, P_MAX:8.650e-03, Q_MAX:7.944e-03, P_mean±std:9.886e-04±2.566e-03, Q_mean±std:9.155e-04±2.347e-03, P_RMSE:9.308e-04, Q_RMSE:8.426e-04, Success rate (<0.1):1.000000, Success rate (<0.01):1.000000, Success rate (<0.001):0.900000
X=[-1.8,-1.6], PQ=[1.6,1.8]: count:10, ill:0, Ang_MAX:3.558397e-05, Vol_MAX:3.933907e-05, Ang_mean±std:9.664893e-06±1.073867e-05, Vol_mean±std:9.095669e-06±1.074129e-05, P_MAX:3.423e-04, Q_MAX:2.938e-04, P_mean±std:8.333e-05±9.116e-05, Q_mean±std:1.103e-04±7.001e-05, P_RMSE:4.792e-05, Q_RMSE:4.656e-05, Success rate (<0.1):1.000000, Success rate (<0.01):1.000000, Success rate (<0.001):1.000000
X=[-1.8,-1.6], PQ=[1.8,2.0]: count:10, ill:0, Ang_MAX:8.456409e-05, Vol_MAX:9.739399e-05, Ang_mean±std:1.491010e-05±2.488699e-05, Vol_mean±std:1.577139e-05±2.785205e-05, P_MAX:8.214e-04, Q_MAX:7.496e-04, P_mean±std:1.427e-04±2.319e-04, Q_mean±std:1.521e-04±2.000e-04, P_RMSE:1.024e-04, Q_RMSE:8.786e-05, Success rate (<0.1):1.000000, Success rate (<0.01):1.000000, Success rate (<0.001):1.000000
X=[-1.6,-1.4], PQ=[-2.0,-1.8]: count:10, ill:0, Ang_MAX:6.645918e-06, Vol_MAX:6.556511e-06, Ang_mean±std:1.990795e-06±1.724859e-06, Vol_mean±std:2.980232e-06±1.347645e-06, P_MAX:9.892e-05, Q_MAX:1.134e-04, P_mean±std:3.804e-05±2.041e-05, Q_mean±std:8.071e-05±1.462e-05, P_RMSE:1.636e-05, Q_RMSE:2.917e-05, Success rate (<0.1):1.000000, Success rate (<0.01):1.000000, Success rate (<0.001):1.000000
X=[-1.6,-1.4], PQ=[-1.8,-1.6]: count:10, ill:0, Ang_MAX:1.171231e-04, Vol_MAX:9.119511e-05, Ang_mean±std:1.531392e-05±3.425808e-05, Vol_mean±std:1.406670e-05±2.609649e-05, P_MAX:9.965e-04, Q_MAX:5.921e-04, P_mean±std:1.555e-04±2.912e-04, Q_mean±std:1.466e-04±1.585e-04, P_RMSE:1.145e-04, Q_RMSE:7.683e-05, Success rate (<0.1):1.000000, Success rate (<0.01):1.000000, Success rate (<0.001):1.000000
X=[-1.6,-1.4], PQ=[-1.6,-1.4]: count:10, ill:0, Ang_MAX:1.886487e-05, Vol_MAX:1.144409e-05, Ang_mean±std:4.002452e-06±5.468962e-06, Vol_mean±std:3.957748e-06±3.150736e-06, P_MAX:1.017e-04, Q_MAX:8.054e-05, P_mean±std:4.289e-05±2.564e-05, Q_mean±std:7.298e-05±3.670e-06, P_RMSE:1.856e-05, Q_RMSE:2.728e-05, Success rate (<0.1):1.000000, Success rate (<0.01):1.000000, Success rate (<0.001):1.000000
X=[-1.6,-1.4], PQ=[-1.4,-1.2]: count:10, ill:0, Ang_MAX:3.486872e-06, Vol_MAX:4.887581e-06, Ang_mean±std:1.928210e-06±9.428373e-07, Vol_mean±std:3.027916e-06±1.024368e-06, P_MAX:5.001e-05, Q_MAX:9.058e-05, P_mean±std:3.462e-05±6.639e-06, Q_mean±std:7.446e-05±6.080e-06, P_RMSE:1.517e-05, Q_RMSE:2.632e-05, Success rate (<0.1):1.000000, Success rate (<0.01):1.000000, Success rate (<0.001):1.000000
X=[-1.6,-1.4], PQ=[-1.2,-1.0]: count:10, ill:0, Ang_MAX:1.244247e-05, Vol_MAX:8.583069e-06, Ang_mean±std:4.458427e-06±4.145940e-06, Vol_mean±std:4.208088e-06±2.421475e-06, P_MAX:1.070e-04, Q_MAX:9.530e-05, P_mean±std:4.687e-05±2.664e-05, Q_mean±std:7.873e-05±8.504e-06, P_RMSE:2.168e-05, Q_RMSE:2.958e-05, Success rate (<0.1):1.000000, Success rate (<0.01):1.000000, Success rate (<0.001):1.000000
X=[-1.6,-1.4], PQ=[-1.0,-0.8]: count:10, ill:0, Ang_MAX:4.962087e-05, Vol_MAX:5.078316e-05, Ang_mean±std:9.369850e-06±1.484061e-05, Vol_mean±std:1.047850e-05±1.578067e-05, P_MAX:3.904e-04, Q_MAX:2.757e-04, P_mean±std:9.174e-05±1.210e-04, Q_mean±std:1.157e-04±7.866e-05, P_RMSE:5.644e-05, Q_RMSE:5.238e-05, Success rate (<0.1):1.000000, Success rate (<0.01):1.000000, Success rate (<0.001):1.000000
X=[-1.6,-1.4], PQ=[-0.8,-0.6]: count:10, ill:0, Ang_MAX:3.023446e-05, Vol_MAX:2.551079e-05, Ang_mean±std:4.349649e-06±8.640151e-06, Vol_mean±std:4.816055e-06±6.918084e-06, P_MAX:6.914e-04, Q_MAX:3.449e-04, P_mean±std:9.635e-05±1.984e-04, Q_mean±std:1.016e-04±8.138e-05, P_RMSE:7.086e-05, Q_RMSE:5.103e-05, Success rate (<0.1):1.000000, Success rate (<0.01):1.000000, Success rate (<0.001):1.000000
X=[-1.6,-1.4], PQ=[-0.6,-0.4]: count:10, ill:0, Ang_MAX:2.515316e-05, Vol_MAX:2.467632e-05, Ang_mean±std:5.769730e-06±7.233156e-06, Vol_mean±std:6.663799e-06±6.947857e-06, P_MAX:3.188e-04, Q_MAX:2.121e-04, P_mean±std:8.376e-05±9.609e-05, Q_mean±std:9.242e-05±4.063e-05, P_RMSE:4.603e-05, Q_RMSE:3.985e-05, Success rate (<0.1):1.000000, Success rate (<0.01):1.000000, Success rate (<0.001):1.000000
X=[-1.6,-1.4], PQ=[-0.4,-0.2]: count:10, ill:0, Ang_MAX:1.654029e-05, Vol_MAX:1.668930e-05, Ang_mean±std:4.366040e-06±5.907197e-06, Vol_mean±std:5.173683e-06±5.415619e-06, P_MAX:1.238e-04, Q_MAX:3.825e-04, P_mean±std:4.675e-05±3.429e-05, Q_mean±std:1.267e-04±1.075e-04, P_RMSE:2.324e-05, Q_RMSE:5.627e-05, Success rate (<0.1):1.000000, Success rate (<0.01):1.000000, Success rate (<0.001):1.000000
X=[-1.6,-1.4], PQ=[-0.2,0.0]: count:10, ill:0, Ang_MAX:5.304813e-06, Vol_MAX:6.079674e-06, Ang_mean±std:1.935661e-06±1.171282e-06, Vol_mean±std:2.956390e-06±1.085787e-06, P_MAX:9.608e-05, Q_MAX:9.484e-05, P_mean±std:3.737e-05±1.964e-05, Q_mean±std:7.714e-05±7.031e-06, P_RMSE:1.754e-05, Q_RMSE:2.753e-05, Success rate (<0.1):1.000000, Success rate (<0.01):1.000000, Success rate (<0.001):1.000000
X=[-1.6,-1.4], PQ=[0.0,0.2]: count:10, ill:0, Ang_MAX:9.804964e-06, Vol_MAX:8.344650e-06, Ang_mean±std:5.115569e-06±2.805521e-06, Vol_mean±std:5.114079e-06±2.382665e-06, P_MAX:1.293e-04, Q_MAX:1.007e-04, P_mean±std:6.054e-05±3.565e-05, Q_mean±std:7.910e-05±9.900e-06, P_RMSE:2.690e-05, Q_RMSE:3.104e-05, Success rate (<0.1):1.000000, Success rate (<0.01):1.000000, Success rate (<0.001):1.000000
X=[-1.6,-1.4], PQ=[0.2,0.4]: count:10, ill:0, Ang_MAX:1.147389e-05, Vol_MAX:1.144409e-05, Ang_mean±std:3.145635e-06±3.439880e-06, Vol_mean±std:3.600121e-06±2.751540e-06, P_MAX:8.211e-05, Q_MAX:7.723e-05, P_mean±std:3.621e-05±1.542e-05, Q_mean±std:7.210e-05±3.612e-06, P_RMSE:1.681e-05, Q_RMSE:2.654e-05, Success rate (<0.1):1.000000, Success rate (<0.01):1.000000, Success rate (<0.001):1.000000
X=[-1.6,-1.4], PQ=[0.4,0.6]: count:10, ill:0, Ang_MAX:2.500415e-05, Vol_MAX:2.455711e-05, Ang_mean±std:6.729364e-06±7.468869e-06, Vol_mean±std:7.843971e-06±7.231751e-06, P_MAX:3.119e-04, Q_MAX:5.803e-04, P_mean±std:1.059e-04±1.097e-04, Q_mean±std:1.446e-04±1.483e-04, P_RMSE:5.270e-05, Q_RMSE:7.227e-05, Success rate (<0.1):1.000000, Success rate (<0.01):1.000000, Success rate (<0.001):1.000000
X=[-1.6,-1.4], PQ=[0.6,0.8]: count:10, ill:0, Ang_MAX:1.767278e-05, Vol_MAX:1.633167e-05, Ang_mean±std:6.885827e-06±6.801209e-06, Vol_mean±std:5.674362e-06±4.579313e-06, P_MAX:3.732e-04, Q_MAX:2.198e-04, P_mean±std:7.230e-05±1.010e-04, Q_mean±std:8.999e-05±4.358e-05, P_RMSE:4.187e-05, Q_RMSE:3.855e-05, Success rate (<0.1):1.000000, Success rate (<0.01):1.000000, Success rate (<0.001):1.000000
X=[-1.6,-1.4], PQ=[0.8,1.0]: count:10, ill:0, Ang_MAX:3.448129e-05, Vol_MAX:3.135204e-05, Ang_mean±std:7.739663e-06±1.224451e-05, Vol_mean±std:7.259846e-06±9.713538e-06, P_MAX:7.364e-04, Q_MAX:6.861e-04, P_mean±std:1.456e-04±2.369e-04, Q_mean±std:1.718e-04±2.021e-04, P_RMSE:9.820e-05, Q_RMSE:9.068e-05, Success rate (<0.1):1.000000, Success rate (<0.01):1.000000, Success rate (<0.001):1.000000
X=[-1.6,-1.4], PQ=[1.0,1.2]: count:10, ill:0, Ang_MAX:2.712011e-06, Vol_MAX:2.861023e-06, Ang_mean±std:1.755357e-06±4.965822e-07, Vol_mean±std:2.515316e-06±1.549721e-07, P_MAX:4.684e-05, Q_MAX:8.282e-05, P_mean±std:3.288e-05±4.882e-06, Q_mean±std:7.348e-05±3.497e-06, P_RMSE:1.416e-05, Q_RMSE:2.575e-05, Success rate (<0.1):1.000000, Success rate (<0.01):1.000000, Success rate (<0.001):1.000000
X=[-1.6,-1.4], PQ=[1.2,1.4]: count:10, ill:0, Ang_MAX:6.020069e-06, Vol_MAX:5.841255e-06, Ang_mean±std:2.457201e-06±1.716242e-06, Vol_mean±std:3.015995e-06±1.086114e-06, P_MAX:6.571e-05, Q_MAX:9.150e-05, P_mean±std:3.502e-05±1.052e-05, Q_mean±std:7.566e-05±7.481e-06, P_RMSE:1.537e-05, Q_RMSE:2.727e-05, Success rate (<0.1):1.000000, Success rate (<0.01):1.000000, Success rate (<0.001):1.000000
X=[-1.6,-1.4], PQ=[1.4,1.6]: count:10, ill:0, Ang_MAX:3.996491e-05, Vol_MAX:2.968311e-05, Ang_mean±std:5.495548e-06±1.154812e-05, Vol_mean±std:5.197525e-06±8.172960e-06, P_MAX:1.651e-04, Q_MAX:1.177e-04, P_mean±std:4.460e-05±4.043e-05, Q_mean±std:7.795e-05±1.381e-05, P_RMSE:2.529e-05, Q_RMSE:3.106e-05, Success rate (<0.1):1.000000, Success rate (<0.01):1.000000, Success rate (<0.001):1.000000
X=[-1.6,-1.4], PQ=[1.6,1.8]: count:10, ill:0, Ang_MAX:2.942979e-05, Vol_MAX:2.455711e-05, Ang_mean±std:5.932152e-06±9.582041e-06, Vol_mean±std:5.912781e-06±7.306897e-06, P_MAX:3.907e-04, Q_MAX:3.384e-04, P_mean±std:7.435e-05±1.081e-04, Q_mean±std:1.022e-04±7.914e-05, P_RMSE:3.962e-05, Q_RMSE:5.001e-05, Success rate (<0.1):1.000000, Success rate (<0.01):1.000000, Success rate (<0.001):1.000000
X=[-1.6,-1.4], PQ=[1.8,2.0]: count:10, ill:0, Ang_MAX:9.283423e-06, Vol_MAX:5.006790e-06, Ang_mean±std:2.498925e-06±2.427664e-06, Vol_mean±std:2.729893e-06±7.969210e-07, P_MAX:3.919e-05, Q_MAX:7.730e-05, P_mean±std:3.233e-05±3.322e-06, Q_mean±std:7.234e-05±2.687e-06, P_RMSE:1.456e-05, Q_RMSE:2.564e-05, Success rate (<0.1):1.000000, Success rate (<0.01):1.000000, Success rate (<0.001):1.000000
X=[-1.4,-1.2], PQ=[-2.0,-1.8]: count:10, ill:0, Ang_MAX:3.144145e-06, Vol_MAX:4.410744e-06, Ang_mean±std:1.601875e-06±7.863028e-07, Vol_mean±std:2.646446e-06±7.286409e-07, P_MAX:4.578e-05, Q_MAX:9.210e-05, P_mean±std:3.270e-05±5.260e-06, Q_mean±std:7.509e-05±6.616e-06, P_RMSE:1.466e-05, Q_RMSE:2.630e-05, Success rate (<0.1):1.000000, Success rate (<0.01):1.000000, Success rate (<0.001):1.000000
X=[-1.4,-1.2], PQ=[-1.8,-1.6]: count:10, ill:0, Ang_MAX:5.707145e-06, Vol_MAX:6.198883e-06, Ang_mean±std:2.135336e-06±1.797688e-06, Vol_mean±std:2.920628e-06±1.191198e-06, P_MAX:9.763e-05, Q_MAX:1.079e-04, P_mean±std:3.712e-05±2.023e-05, Q_mean±std:7.711e-05±1.089e-05, P_RMSE:1.703e-05, Q_RMSE:2.737e-05, Success rate (<0.1):1.000000, Success rate (<0.01):1.000000, Success rate (<0.001):1.000000
X=[-1.4,-1.2], PQ=[-1.6,-1.4]: count:10, ill:0, Ang_MAX:1.156330e-05, Vol_MAX:1.215935e-05, Ang_mean±std:2.320111e-06±3.113994e-06, Vol_mean±std:3.361702e-06±2.936907e-06, P_MAX:2.712e-04, Q_MAX:1.703e-04, P_mean±std:5.522e-05±7.206e-05, Q_mean±std:8.368e-05±2.895e-05, P_RMSE:3.085e-05, Q_RMSE:3.242e-05, Success rate (<0.1):1.000000, Success rate (<0.01):1.000000, Success rate (<0.001):1.000000
X=[-1.4,-1.2], PQ=[-1.4,-1.2]: count:10, ill:0, Ang_MAX:3.159046e-06, Vol_MAX:4.053116e-06, Ang_mean±std:1.569092e-06±6.007977e-07, Vol_mean±std:2.563000e-06±5.175660e-07, P_MAX:3.654e-05, Q_MAX:7.792e-05, P_mean±std:3.169e-05±2.476e-06, Q_mean±std:7.354e-05±3.078e-06, P_RMSE:1.434e-05, Q_RMSE:2.595e-05, Success rate (<0.1):1.000000, Success rate (<0.01):1.000000, Success rate (<0.001):1.000000
X=[-1.4,-1.2], PQ=[-1.2,-1.0]: count:10, ill:0, Ang_MAX:1.937151e-06, Vol_MAX:2.503395e-06, Ang_mean±std:1.224875e-06±2.757963e-07, Vol_mean±std:2.276897e-06±9.902267e-08, P_MAX:3.110e-05, Q_MAX:7.734e-05, P_mean±std:3.024e-05±6.660e-07, Q_mean±std:7.197e-05±3.998e-06, P_RMSE:1.367e-05, Q_RMSE:2.536e-05, Success rate (<0.1):1.000000, Success rate (<0.01):1.000000, Success rate (<0.001):1.000000
X=[-1.4,-1.2], PQ=[-1.0,-0.8]: count:10, ill:0, Ang_MAX:2.279878e-06, Vol_MAX:3.695488e-06, Ang_mean±std:1.229346e-06±3.807385e-07, Vol_mean±std:2.455711e-06±4.204557e-07, P_MAX:3.842e-05, Q_MAX:9.365e-05, P_mean±std:3.071e-05±2.659e-06, Q_mean±std:7.550e-05±6.385e-06, P_RMSE:1.421e-05, Q_RMSE:2.661e-05, Success rate (<0.1):1.000000, Success rate (<0.01):1.000000, Success rate (<0.001):1.000000
X=[-1.4,-1.2], PQ=[-0.8,-0.6]: count:10, ill:0, Ang_MAX:1.817942e-06, Vol_MAX:3.337860e-06, Ang_mean±std:1.230836e-06±3.000429e-07, Vol_mean±std:2.384186e-06±3.844384e-07, P_MAX:3.269e-05, Q_MAX:9.683e-05, P_mean±std:3.067e-05±9.925e-07, Q_mean±std:7.388e-05±8.061e-06, P_RMSE:1.385e-05, Q_RMSE:2.605e-05, Success rate (<0.1):1.000000, Success rate (<0.01):1.000000, Success rate (<0.001):1.000000
X=[-1.4,-1.2], PQ=[-0.6,-0.4]: count:10, ill:0, Ang_MAX:3.263354e-06, Vol_MAX:5.006790e-06, Ang_mean±std:1.430511e-06±6.582874e-07, Vol_mean±std:2.634525e-06±8.301110e-07, P_MAX:6.080e-05, Q_MAX:1.014e-04, P_mean±std:3.559e-05±9.294e-06, Q_mean±std:7.682e-05±8.832e-06, P_RMSE:1.574e-05, Q_RMSE:2.729e-05, Success rate (<0.1):1.000000, Success rate (<0.01):1.000000, Success rate (<0.001):1.000000
X=[-1.4,-1.2], PQ=[-0.4,-0.2]: count:10, ill:0, Ang_MAX:4.053116e-06, Vol_MAX:3.218651e-06, Ang_mean±std:1.528859e-06±8.603327e-07, Vol_mean±std:2.467632e-06±2.873414e-07, P_MAX:3.129e-05, Q_MAX:7.817e-05, P_mean±std:3.022e-05±6.792e-07, Q_mean±std:7.484e-05±2.288e-06, P_RMSE:1.386e-05, Q_RMSE:2.629e-05, Success rate (<0.1):1.000000, Success rate (<0.01):1.000000, Success rate (<0.001):1.000000
X=[-1.4,-1.2], PQ=[-0.2,0.0]: count:10, ill:0, Ang_MAX:8.404255e-06, Vol_MAX:9.417534e-06, Ang_mean±std:1.879036e-06±2.194466e-06, Vol_mean±std:2.956390e-06±2.156865e-06, P_MAX:1.995e-04, Q_MAX:1.392e-04, P_mean±std:4.700e-05±5.084e-05, Q_mean±std:7.802e-05±2.054e-05, P_RMSE:2.428e-05, Q_RMSE:2.916e-05, Success rate (<0.1):1.000000, Success rate (<0.01):1.000000, Success rate (<0.001):1.000000
X=[-1.4,-1.2], PQ=[0.0,0.2]: count:10, ill:0, Ang_MAX:3.665686e-06, Vol_MAX:3.695488e-06, Ang_mean±std:1.545250e-06±7.483603e-07, Vol_mean±std:2.563000e-06±4.715929e-07, P_MAX:3.615e-05, Q_MAX:7.910e-05, P_mean±std:3.067e-05±2.057e-06, Q_mean±std:7.364e-05±3.363e-06, P_RMSE:1.385e-05, Q_RMSE:2.583e-05, Success rate (<0.1):1.000000, Success rate (<0.01):1.000000, Success rate (<0.001):1.000000
X=[-1.4,-1.2], PQ=[0.2,0.4]: count:10, ill:0, Ang_MAX:2.190471e-06, Vol_MAX:3.814697e-06, Ang_mean±std:1.361966e-06±4.129638e-07, Vol_mean±std:2.491474e-06±4.751952e-07, P_MAX:3.999e-05, Q_MAX:1.007e-04, P_mean±std:3.326e-05±3.935e-06, Q_mean±std:7.413e-05±9.987e-06, P_RMSE:1.491e-05, Q_RMSE:2.611e-05, Success rate (<0.1):1.000000, Success rate (<0.01):1.000000, Success rate (<0.001):1.000000
X=[-1.4,-1.2], PQ=[0.4,0.6]: count:10, ill:0, Ang_MAX:9.089708e-06, Vol_MAX:1.144409e-05, Ang_mean±std:2.071261e-06±2.421115e-06, Vol_mean±std:3.266335e-06±2.737768e-06, P_MAX:1.233e-04, Q_MAX:7.628e-05, P_mean±std:3.954e-05±2.793e-05, Q_mean±std:7.382e-05±2.030e-06, P_RMSE:1.900e-05, Q_RMSE:2.701e-05, Success rate (<0.1):1.000000, Success rate (<0.01):1.000000, Success rate (<0.001):1.000000
X=[-1.4,-1.2], PQ=[0.6,0.8]: count:10, ill:0, Ang_MAX:1.227856e-05, Vol_MAX:1.287460e-05, Ang_mean±std:2.446771e-06±3.297953e-06, Vol_mean±std:3.564358e-06±3.124307e-06, P_MAX:5.205e-05, Q_MAX:8.889e-05, P_mean±std:3.318e-05±6.771e-06, Q_mean±std:7.677e-05±5.581e-06, P_RMSE:1.474e-05, Q_RMSE:2.837e-05, Success rate (<0.1):1.000000, Success rate (<0.01):1.000000, Success rate (<0.001):1.000000
X=[-1.4,-1.2], PQ=[0.8,1.0]: count:10, ill:0, Ang_MAX:2.145767e-06, Vol_MAX:2.622604e-06, Ang_mean±std:1.405180e-06±3.749086e-07, Vol_mean±std:2.396107e-06±1.455135e-07, P_MAX:3.483e-05, Q_MAX:7.639e-05, P_mean±std:3.115e-05±1.500e-06, Q_mean±std:7.387e-05±1.785e-06, P_RMSE:1.364e-05, Q_RMSE:2.591e-05, Success rate (<0.1):1.000000, Success rate (<0.01):1.000000, Success rate (<0.001):1.000000
X=[-1.4,-1.2], PQ=[1.0,1.2]: count:10, ill:0, Ang_MAX:3.457069e-06, Vol_MAX:3.457069e-06, Ang_mean±std:1.399219e-06±6.939991e-07, Vol_mean±std:2.491474e-06±3.514148e-07, P_MAX:3.122e-05, Q_MAX:8.166e-05, P_mean±std:3.038e-05±5.504e-07, Q_mean±std:7.543e-05±3.221e-06, P_RMSE:1.380e-05, Q_RMSE:2.664e-05, Success rate (<0.1):1.000000, Success rate (<0.01):1.000000, Success rate (<0.001):1.000000
X=[-1.4,-1.2], PQ=[1.2,1.4]: count:10, ill:0, Ang_MAX:6.735325e-06, Vol_MAX:6.914139e-06, Ang_mean±std:2.844632e-06±2.100688e-06, Vol_mean±std:3.719330e-06±1.750226e-06, P_MAX:1.509e-04, Q_MAX:1.459e-04, P_mean±std:5.220e-05±3.692e-05, Q_mean±std:8.133e-05±2.186e-05, P_RMSE:2.375e-05, Q_RMSE:3.033e-05, Success rate (<0.1):1.000000, Success rate (<0.01):1.000000, Success rate (<0.001):1.000000
X=[-1.4,-1.2], PQ=[1.4,1.6]: count:10, ill:0, Ang_MAX:7.197261e-06, Vol_MAX:7.748604e-06, Ang_mean±std:1.727045e-06±1.829283e-06, Vol_mean±std:2.861023e-06±1.637122e-06, P_MAX:6.660e-05, Q_MAX:8.638e-05, P_mean±std:3.410e-05±1.085e-05, Q_mean±std:7.490e-05±4.977e-06, P_RMSE:1.582e-05, Q_RMSE:2.660e-05, Success rate (<0.1):1.000000, Success rate (<0.01):1.000000, Success rate (<0.001):1.000000
X=[-1.4,-1.2], PQ=[1.6,1.8]: count:10, ill:0, Ang_MAX:1.907349e-06, Vol_MAX:2.622604e-06, Ang_mean±std:1.353025e-06±2.744242e-07, Vol_mean±std:2.408028e-06±1.488924e-07, P_MAX:3.067e-05, Q_MAX:7.762e-05, P_mean±std:3.010e-05±5.018e-07, Q_mean±std:7.420e-05±2.483e-06, P_RMSE:1.351e-05, Q_RMSE:2.617e-05, Success rate (<0.1):1.000000, Success rate (<0.01):1.000000, Success rate (<0.001):1.000000
X=[-1.4,-1.2], PQ=[1.8,2.0]: count:10, ill:0, Ang_MAX:1.639128e-06, Vol_MAX:2.503395e-06, Ang_mean±std:1.244247e-06±1.651611e-07, Vol_mean±std:2.288818e-06±8.920806e-08, P_MAX:3.104e-05, Q_MAX:7.788e-05, P_mean±std:3.029e-05±4.057e-07, Q_mean±std:7.389e-05±2.751e-06, P_RMSE:1.364e-05, Q_RMSE:2.614e-05, Success rate (<0.1):1.000000, Success rate (<0.01):1.000000, Success rate (<0.001):1.000000
X=[-1.2,-1.0], PQ=[-2.0,-1.8]: count:10, ill:0, Ang_MAX:1.400709e-06, Vol_MAX:2.384186e-06, Ang_mean±std:1.180172e-06±1.246364e-07, Vol_mean±std:2.253056e-06±1.124618e-07, P_MAX:3.152e-05, Q_MAX:7.799e-05, P_mean±std:3.054e-05±7.140e-07, Q_mean±std:7.387e-05±2.526e-06, P_RMSE:1.385e-05, Q_RMSE:2.608e-05, Success rate (<0.1):1.000000, Success rate (<0.01):1.000000, Success rate (<0.001):1.000000
X=[-1.2,-1.0], PQ=[-1.8,-1.6]: count:10, ill:0, Ang_MAX:1.281500e-06, Vol_MAX:2.384186e-06, Ang_mean±std:1.153350e-06±1.125408e-07, Vol_mean±std:2.276897e-06±9.902267e-08, P_MAX:3.159e-05, Q_MAX:8.013e-05, P_mean±std:3.024e-05±9.674e-07, Q_mean±std:7.270e-05±3.742e-06, P_RMSE:1.366e-05, Q_RMSE:2.564e-05, Success rate (<0.1):1.000000, Success rate (<0.01):1.000000, Success rate (<0.001):1.000000
X=[-1.2,-1.0], PQ=[-1.6,-1.4]: count:10, ill:0, Ang_MAX:2.056360e-06, Vol_MAX:3.218651e-06, Ang_mean±std:1.204014e-06±2.961397e-07, Vol_mean±std:2.384186e-06±2.920019e-07, P_MAX:3.182e-05, Q_MAX:7.566e-05, P_mean±std:3.018e-05±1.011e-06, Q_mean±std:7.259e-05±2.383e-06, P_RMSE:1.373e-05, Q_RMSE:2.531e-05, Success rate (<0.1):1.000000, Success rate (<0.01):1.000000, Success rate (<0.001):1.000000
X=[-1.2,-1.0], PQ=[-1.4,-1.2]: count:10, ill:0, Ang_MAX:2.235174e-06, Vol_MAX:2.622604e-06, Ang_mean±std:1.263618e-06±3.562468e-07, Vol_mean±std:2.288818e-06±1.283923e-07, P_MAX:3.491e-05, Q_MAX:7.534e-05, P_mean±std:3.125e-05±1.285e-06, Q_mean±std:7.207e-05±2.698e-06, P_RMSE:1.386e-05, Q_RMSE:2.537e-05, Success rate (<0.1):1.000000, Success rate (<0.01):1.000000, Success rate (<0.001):1.000000
X=[-1.2,-1.0], PQ=[-1.2,-1.0]: count:10, ill:0, Ang_MAX:3.010035e-06, Vol_MAX:2.980232e-06, Ang_mean±std:1.336634e-06±5.748469e-07, Vol_mean±std:2.324581e-06±2.339055e-07, P_MAX:3.359e-05, Q_MAX:7.665e-05, P_mean±std:3.083e-05±1.119e-06, Q_mean±std:7.213e-05±3.080e-06, P_RMSE:1.413e-05, Q_RMSE:2.541e-05, Success rate (<0.1):1.000000, Success rate (<0.01):1.000000, Success rate (<0.001):1.000000
X=[-1.2,-1.0], PQ=[-1.0,-0.8]: count:10, ill:0, Ang_MAX:1.192093e-06, Vol_MAX:2.384186e-06, Ang_mean±std:1.066923e-06±8.167141e-08, Vol_mean±std:2.300739e-06±5.462856e-08, P_MAX:3.140e-05, Q_MAX:7.531e-05, P_mean±std:3.022e-05±7.493e-07, Q_mean±std:7.257e-05±2.474e-06, P_RMSE:1.370e-05, Q_RMSE:2.548e-05, Success rate (<0.1):1.000000, Success rate (<0.01):1.000000, Success rate (<0.001):1.000000
X=[-1.2,-1.0], PQ=[-0.8,-0.6]: count:10, ill:0, Ang_MAX:1.311302e-06, Vol_MAX:2.384186e-06, Ang_mean±std:1.111627e-06±1.290822e-07, Vol_mean±std:2.312660e-06±7.907450e-08, P_MAX:3.103e-05, Q_MAX:7.862e-05, P_mean±std:3.003e-05±6.678e-07, Q_mean±std:7.360e-05±2.625e-06, P_RMSE:1.357e-05, Q_RMSE:2.590e-05, Success rate (<0.1):1.000000, Success rate (<0.01):1.000000, Success rate (<0.001):1.000000
X=[-1.2,-1.0], PQ=[-0.6,-0.4]: count:10, ill:0, Ang_MAX:1.341105e-06, Vol_MAX:2.622604e-06, Ang_mean±std:1.123548e-06±1.209108e-07, Vol_mean±std:2.276897e-06±1.638857e-07, P_MAX:3.206e-05, Q_MAX:7.851e-05, P_mean±std:3.056e-05±7.070e-07, Q_mean±std:7.224e-05±3.986e-06, P_RMSE:1.379e-05, Q_RMSE:2.532e-05, Success rate (<0.1):1.000000, Success rate (<0.01):1.000000, Success rate (<0.001):1.000000
X=[-1.2,-1.0], PQ=[-0.4,-0.2]: count:10, ill:0, Ang_MAX:1.251698e-06, Vol_MAX:2.384186e-06, Ang_mean±std:1.111627e-06±7.515860e-08, Vol_mean±std:2.300739e-06±1.198039e-07, P_MAX:3.132e-05, Q_MAX:8.107e-05, P_mean±std:3.047e-05±5.413e-07, Q_mean±std:7.377e-05±4.070e-06, P_RMSE:1.367e-05, Q_RMSE:2.584e-05, Success rate (<0.1):1.000000, Success rate (<0.01):1.000000, Success rate (<0.001):1.000000
X=[-1.2,-1.0], PQ=[-0.2,0.0]: count:10, ill:0, Ang_MAX:1.415610e-06, Vol_MAX:2.861023e-06, Ang_mean±std:1.102686e-06±1.695068e-07, Vol_mean±std:2.360344e-06±1.980453e-07, P_MAX:3.181e-05, Q_MAX:8.152e-05, P_mean±std:3.052e-05±7.942e-07, Q_mean±std:7.463e-05±5.025e-06, P_RMSE:1.364e-05, Q_RMSE:2.606e-05, Success rate (<0.1):1.000000, Success rate (<0.01):1.000000, Success rate (<0.001):1.000000
X=[-1.2,-1.0], PQ=[0.0,0.2]: count:10, ill:0, Ang_MAX:1.430511e-06, Vol_MAX:2.384186e-06, Ang_mean±std:1.080334e-06±1.508260e-07, Vol_mean±std:2.253056e-06±9.902267e-08, P_MAX:3.250e-05, Q_MAX:7.723e-05, P_mean±std:3.040e-05±7.967e-07, Q_mean±std:7.194e-05±2.611e-06, P_RMSE:1.373e-05, Q_RMSE:2.535e-05, Success rate (<0.1):1.000000, Success rate (<0.01):1.000000, Success rate (<0.001):1.000000
X=[-1.2,-1.0], PQ=[0.2,0.4]: count:10, ill:0, Ang_MAX:2.697110e-06, Vol_MAX:3.337860e-06, Ang_mean±std:1.353025e-06±4.576282e-07, Vol_mean±std:2.396107e-06±3.218651e-07, P_MAX:4.112e-05, Q_MAX:8.322e-05, P_mean±std:3.141e-05±3.327e-06, Q_mean±std:7.329e-05±4.383e-06, P_RMSE:1.385e-05, Q_RMSE:2.570e-05, Success rate (<0.1):1.000000, Success rate (<0.01):1.000000, Success rate (<0.001):1.000000
X=[-1.2,-1.0], PQ=[0.4,0.6]: count:10, ill:0, Ang_MAX:1.221895e-06, Vol_MAX:2.503395e-06, Ang_mean±std:1.090765e-06±1.065824e-07, Vol_mean±std:2.253056e-06±1.244582e-07, P_MAX:3.497e-05, Q_MAX:7.756e-05, P_mean±std:3.114e-05±1.409e-06, Q_mean±std:7.232e-05±3.594e-06, P_RMSE:1.404e-05, Q_RMSE:2.554e-05, Success rate (<0.1):1.000000, Success rate (<0.01):1.000000, Success rate (<0.001):1.000000
X=[-1.2,-1.0], PQ=[0.6,0.8]: count:10, ill:0, Ang_MAX:1.341105e-06, Vol_MAX:2.503395e-06, Ang_mean±std:1.153350e-06±1.290822e-07, Vol_mean±std:2.312660e-06±1.526624e-07, P_MAX:3.139e-05, Q_MAX:7.782e-05, P_mean±std:3.059e-05±6.009e-07, Q_mean±std:7.302e-05±2.674e-06, P_RMSE:1.372e-05, Q_RMSE:2.571e-05, Success rate (<0.1):1.000000, Success rate (<0.01):1.000000, Success rate (<0.001):1.000000
X=[-1.2,-1.0], PQ=[0.8,1.0]: count:10, ill:0, Ang_MAX:1.311302e-06, Vol_MAX:2.384186e-06, Ang_mean±std:1.111627e-06±1.131311e-07, Vol_mean±std:2.288818e-06±8.920806e-08, P_MAX:3.148e-05, Q_MAX:7.512e-05, P_mean±std:3.036e-05±8.334e-07, Q_mean±std:7.107e-05±3.983e-06, P_RMSE:1.361e-05, Q_RMSE:2.495e-05, Success rate (<0.1):1.000000, Success rate (<0.01):1.000000, Success rate (<0.001):1.000000
X=[-1.2,-1.0], PQ=[1.0,1.2]: count:10, ill:0, Ang_MAX:1.713634e-06, Vol_MAX:3.099442e-06, Ang_mean±std:1.172721e-06±2.361775e-07, Vol_mean±std:2.372265e-06±2.526000e-07, P_MAX:3.157e-05, Q_MAX:8.401e-05, P_mean±std:3.005e-05±8.797e-07, Q_mean±std:7.442e-05±5.075e-06, P_RMSE:1.364e-05, Q_RMSE:2.613e-05, Success rate (<0.1):1.000000, Success rate (<0.01):1.000000, Success rate (<0.001):1.000000
X=[-1.2,-1.0], PQ=[1.2,1.4]: count:10, ill:0, Ang_MAX:1.311302e-06, Vol_MAX:2.503395e-06, Ang_mean±std:1.078844e-06±1.229143e-07, Vol_mean±std:2.241135e-06±1.168008e-07, P_MAX:3.065e-05, Q_MAX:7.704e-05, P_mean±std:2.993e-05±3.476e-07, Q_mean±std:7.312e-05±2.186e-06, P_RMSE:1.358e-05, Q_RMSE:2.569e-05, Success rate (<0.1):1.000000, Success rate (<0.01):1.000000, Success rate (<0.001):1.000000
X=[-1.2,-1.0], PQ=[1.4,1.6]: count:10, ill:0, Ang_MAX:5.483627e-06, Vol_MAX:8.463860e-06, Ang_mean±std:1.549721e-06±1.316305e-06, Vol_mean±std:2.896786e-06±1.858327e-06, P_MAX:6.142e-05, Q_MAX:7.844e-05, P_mean±std:3.333e-05±9.429e-06, Q_mean±std:7.227e-05±3.606e-06, P_RMSE:1.552e-05, Q_RMSE:2.607e-05, Success rate (<0.1):1.000000, Success rate (<0.01):1.000000, Success rate (<0.001):1.000000
X=[-1.2,-1.0], PQ=[1.6,1.8]: count:10, ill:0, Ang_MAX:1.713634e-06, Vol_MAX:3.099442e-06, Ang_mean±std:1.238286e-06±2.081314e-07, Vol_mean±std:2.336502e-06±2.622604e-07, P_MAX:4.498e-05, Q_MAX:7.746e-05, P_mean±std:3.199e-05±4.584e-06, Q_mean±std:7.314e-05±3.096e-06, P_RMSE:1.428e-05, Q_RMSE:2.581e-05, Success rate (<0.1):1.000000, Success rate (<0.01):1.000000, Success rate (<0.001):1.000000
X=[-1.2,-1.0], PQ=[1.8,2.0]: count:10, ill:0, Ang_MAX:1.445413e-06, Vol_MAX:2.264977e-06, Ang_mean±std:1.129508e-06±1.572479e-07, Vol_mean±std:2.229214e-06±5.462856e-08, P_MAX:3.590e-05, Q_MAX:7.388e-05, P_mean±std:3.079e-05±1.867e-06, Q_mean±std:7.033e-05±2.042e-06, P_RMSE:1.394e-05, Q_RMSE:2.480e-05, Success rate (<0.1):1.000000, Success rate (<0.01):1.000000, Success rate (<0.001):1.000000
X=[-1.0,-0.8], PQ=[-2.0,-1.8]: count:10, ill:0, Ang_MAX:1.400709e-06, Vol_MAX:2.384186e-06, Ang_mean±std:1.105666e-06±1.523712e-07, Vol_mean±std:2.300739e-06±9.310543e-08, P_MAX:3.117e-05, Q_MAX:7.960e-05, P_mean±std:3.059e-05±4.818e-07, Q_mean±std:7.424e-05±2.787e-06, P_RMSE:1.372e-05, Q_RMSE:2.615e-05, Success rate (<0.1):1.000000, Success rate (<0.01):1.000000, Success rate (<0.001):1.000000
X=[-1.0,-0.8], PQ=[-1.8,-1.6]: count:10, ill:0, Ang_MAX:1.311302e-06, Vol_MAX:2.384186e-06, Ang_mean±std:1.133978e-06±1.115997e-07, Vol_mean±std:2.145767e-06±1.066240e-07, P_MAX:3.108e-05, Q_MAX:7.698e-05, P_mean±std:3.028e-05±4.953e-07, Q_mean±std:7.104e-05±4.077e-06, P_RMSE:1.379e-05, Q_RMSE:2.522e-05, Success rate (<0.1):1.000000, Success rate (<0.01):1.000000, Success rate (<0.001):1.000000
X=[-1.0,-0.8], PQ=[-1.6,-1.4]: count:10, ill:0, Ang_MAX:1.400709e-06, Vol_MAX:2.384186e-06, Ang_mean±std:1.116097e-06±1.252850e-07, Vol_mean±std:2.253056e-06±9.902267e-08, P_MAX:3.086e-05, Q_MAX:7.853e-05, P_mean±std:3.025e-05±5.351e-07, Q_mean±std:7.267e-05±2.785e-06, P_RMSE:1.375e-05, Q_RMSE:2.564e-05, Success rate (<0.1):1.000000, Success rate (<0.01):1.000000, Success rate (<0.001):1.000000
X=[-1.0,-0.8], PQ=[-1.4,-1.2]: count:10, ill:0, Ang_MAX:1.162291e-06, Vol_MAX:2.384186e-06, Ang_mean±std:1.050532e-06±8.383145e-08, Vol_mean±std:2.264977e-06±1.066240e-07, P_MAX:3.143e-05, Q_MAX:7.989e-05, P_mean±std:3.039e-05±8.034e-07, Q_mean±std:7.378e-05±2.747e-06, P_RMSE:1.371e-05, Q_RMSE:2.598e-05, Success rate (<0.1):1.000000, Success rate (<0.01):1.000000, Success rate (<0.001):1.000000
X=[-1.0,-0.8], PQ=[-1.2,-1.0]: count:10, ill:0, Ang_MAX:1.221895e-06, Vol_MAX:2.384186e-06, Ang_mean±std:1.123548e-06±6.995615e-08, Vol_mean±std:2.264977e-06±7.539457e-08, P_MAX:3.158e-05, Q_MAX:7.727e-05, P_mean±std:3.042e-05±8.153e-07, Q_mean±std:7.407e-05±2.569e-06, P_RMSE:1.376e-05, Q_RMSE:2.608e-05, Success rate (<0.1):1.000000, Success rate (<0.01):1.000000, Success rate (<0.001):1.000000
X=[-1.0,-0.8], PQ=[-1.0,-0.8]: count:10, ill:0, Ang_MAX:1.132488e-06, Vol_MAX:2.384186e-06, Ang_mean±std:1.066923e-06±5.040030e-08, Vol_mean±std:2.253056e-06±8.344650e-08, P_MAX:3.148e-05, Q_MAX:7.796e-05, P_mean±std:3.079e-05±4.786e-07, Q_mean±std:7.346e-05±3.250e-06, P_RMSE:1.385e-05, Q_RMSE:2.591e-05, Success rate (<0.1):1.000000, Success rate (<0.01):1.000000, Success rate (<0.001):1.000000
X=[-1.0,-0.8], PQ=[-0.8,-0.6]: count:10, ill:0, Ang_MAX:1.460314e-06, Vol_MAX:2.384186e-06, Ang_mean±std:1.113117e-06±1.405852e-07, Vol_mean±std:2.288818e-06±8.920806e-08, P_MAX:3.178e-05, Q_MAX:7.913e-05, P_mean±std:3.058e-05±6.091e-07, Q_mean±std:7.263e-05±3.227e-06, P_RMSE:1.369e-05, Q_RMSE:2.545e-05, Success rate (<0.1):1.000000, Success rate (<0.01):1.000000, Success rate (<0.001):1.000000
X=[-1.0,-0.8], PQ=[-0.6,-0.4]: count:10, ill:0, Ang_MAX:1.147389e-06, Vol_MAX:2.384186e-06, Ang_mean±std:1.059473e-06±4.826228e-08, Vol_mean±std:2.253056e-06±8.344650e-08, P_MAX:3.140e-05, Q_MAX:7.521e-05, P_mean±std:3.074e-05±4.853e-07, Q_mean±std:7.217e-05±3.080e-06, P_RMSE:1.379e-05, Q_RMSE:2.533e-05, Success rate (<0.1):1.000000, Success rate (<0.01):1.000000, Success rate (<0.001):1.000000
X=[-1.0,-0.8], PQ=[-0.4,-0.2]: count:10, ill:0, Ang_MAX:1.296401e-06, Vol_MAX:2.503395e-06, Ang_mean±std:1.077354e-06±1.227063e-07, Vol_mean±std:2.264977e-06±1.192093e-07, P_MAX:3.109e-05, Q_MAX:7.865e-05, P_mean±std:3.023e-05±4.593e-07, Q_mean±std:7.174e-05±3.284e-06, P_RMSE:1.363e-05, Q_RMSE:2.517e-05, Success rate (<0.1):1.000000, Success rate (<0.01):1.000000, Success rate (<0.001):1.000000
X=[-1.0,-0.8], PQ=[-0.2,0.0]: count:10, ill:0, Ang_MAX:1.236796e-06, Vol_MAX:2.503395e-06, Ang_mean±std:1.077354e-06±9.726932e-08, Vol_mean±std:2.229214e-06±1.603797e-07, P_MAX:3.105e-05, Q_MAX:7.793e-05, P_mean±std:3.000e-05±5.317e-07, Q_mean±std:7.300e-05±2.975e-06, P_RMSE:1.359e-05, Q_RMSE:2.573e-05, Success rate (<0.1):1.000000, Success rate (<0.01):1.000000, Success rate (<0.001):1.000000
X=[-1.0,-0.8], PQ=[0.0,0.2]: count:10, ill:0, Ang_MAX:1.341105e-06, Vol_MAX:2.384186e-06, Ang_mean±std:1.074374e-06±1.460694e-07, Vol_mean±std:2.264977e-06±1.410503e-07, P_MAX:3.109e-05, Q_MAX:7.941e-05, P_mean±std:3.043e-05±3.735e-07, Q_mean±std:7.335e-05±3.318e-06, P_RMSE:1.368e-05, Q_RMSE:2.577e-05, Success rate (<0.1):1.000000, Success rate (<0.01):1.000000, Success rate (<0.001):1.000000
X=[-1.0,-0.8], PQ=[0.2,0.4]: count:10, ill:0, Ang_MAX:1.400709e-06, Vol_MAX:2.384186e-06, Ang_mean±std:1.113117e-06±1.460086e-07, Vol_mean±std:2.241135e-06±1.168008e-07, P_MAX:3.159e-05, Q_MAX:7.813e-05, P_mean±std:3.060e-05±7.019e-07, Q_mean±std:7.311e-05±3.120e-06, P_RMSE:1.375e-05, Q_RMSE:2.593e-05, Success rate (<0.1):1.000000, Success rate (<0.01):1.000000, Success rate (<0.001):1.000000
X=[-1.0,-0.8], PQ=[0.4,0.6]: count:10, ill:0, Ang_MAX:1.281500e-06, Vol_MAX:2.384186e-06, Ang_mean±std:1.052022e-06±1.311302e-07, Vol_mean±std:2.217293e-06±9.536743e-08, P_MAX:3.199e-05, Q_MAX:7.373e-05, P_mean±std:3.063e-05±7.863e-07, Q_mean±std:7.095e-05±2.290e-06, P_RMSE:1.392e-05, Q_RMSE:2.496e-05, Success rate (<0.1):1.000000, Success rate (<0.01):1.000000, Success rate (<0.001):1.000000
X=[-1.0,-0.8], PQ=[0.6,0.8]: count:10, ill:0, Ang_MAX:1.281500e-06, Vol_MAX:2.384186e-06, Ang_mean±std:1.123548e-06±1.285652e-07, Vol_mean±std:2.300739e-06±7.633119e-08, P_MAX:3.154e-05, Q_MAX:7.835e-05, P_mean±std:3.090e-05±5.159e-07, Q_mean±std:7.390e-05±2.249e-06, P_RMSE:1.377e-05, Q_RMSE:2.594e-05, Success rate (<0.1):1.000000, Success rate (<0.01):1.000000, Success rate (<0.001):1.000000
X=[-1.0,-0.8], PQ=[0.8,1.0]: count:10, ill:0, Ang_MAX:1.147389e-06, Vol_MAX:2.384186e-06, Ang_mean±std:1.031160e-06±1.036247e-07, Vol_mean±std:2.241135e-06±1.168008e-07, P_MAX:3.081e-05, Q_MAX:7.770e-05, P_mean±std:3.019e-05±4.444e-07, Q_mean±std:7.255e-05±3.293e-06, P_RMSE:1.375e-05, Q_RMSE:2.566e-05, Success rate (<0.1):1.000000, Success rate (<0.01):1.000000, Success rate (<0.001):1.000000
X=[-1.0,-0.8], PQ=[1.0,1.2]: count:10, ill:0, Ang_MAX:1.430511e-06, Vol_MAX:2.384186e-06, Ang_mean±std:1.175702e-06±1.369692e-07, Vol_mean±std:2.264977e-06±9.233912e-08, P_MAX:3.185e-05, Q_MAX:7.560e-05, P_mean±std:3.092e-05±6.186e-07, Q_mean±std:7.183e-05±2.339e-06, P_RMSE:1.375e-05, Q_RMSE:2.521e-05, Success rate (<0.1):1.000000, Success rate (<0.01):1.000000, Success rate (<0.001):1.000000
X=[-1.0,-0.8], PQ=[1.2,1.4]: count:10, ill:0, Ang_MAX:1.430511e-06, Vol_MAX:2.503395e-06, Ang_mean±std:1.133978e-06±1.426859e-07, Vol_mean±std:2.312660e-06±1.327458e-07, P_MAX:3.176e-05, Q_MAX:7.698e-05, P_mean±std:3.036e-05±8.265e-07, Q_mean±std:7.408e-05±2.971e-06, P_RMSE:1.376e-05, Q_RMSE:2.600e-05, Success rate (<0.1):1.000000, Success rate (<0.01):1.000000, Success rate (<0.001):1.000000
X=[-1.0,-0.8], PQ=[1.4,1.6]: count:10, ill:0, Ang_MAX:1.326203e-06, Vol_MAX:2.384186e-06, Ang_mean±std:1.110137e-06±1.220168e-07, Vol_mean±std:2.300739e-06±7.633119e-08, P_MAX:3.160e-05, Q_MAX:7.750e-05, P_mean±std:3.055e-05±5.352e-07, Q_mean±std:7.369e-05±1.947e-06, P_RMSE:1.364e-05, Q_RMSE:2.586e-05, Success rate (<0.1):1.000000, Success rate (<0.01):1.000000, Success rate (<0.001):1.000000
X=[-1.0,-0.8], PQ=[1.6,1.8]: count:10, ill:0, Ang_MAX:1.356006e-06, Vol_MAX:2.503395e-06, Ang_mean±std:1.055002e-06±1.485340e-07, Vol_mean±std:2.324581e-06±9.610960e-08, P_MAX:3.313e-05, Q_MAX:7.692e-05, P_mean±std:3.087e-05±9.250e-07, Q_mean±std:7.401e-05±1.446e-06, P_RMSE:1.370e-05, Q_RMSE:2.595e-05, Success rate (<0.1):1.000000, Success rate (<0.01):1.000000, Success rate (<0.001):1.000000
X=[-1.0,-0.8], PQ=[1.8,2.0]: count:10, ill:0, Ang_MAX:1.266599e-06, Vol_MAX:2.384186e-06, Ang_mean±std:1.029670e-06±9.411354e-08, Vol_mean±std:2.205372e-06±1.332800e-07, P_MAX:3.105e-05, Q_MAX:7.879e-05, P_mean±std:3.018e-05±6.969e-07, Q_mean±std:7.096e-05±4.136e-06, P_RMSE:1.360e-05, Q_RMSE:2.498e-05, Success rate (<0.1):1.000000, Success rate (<0.01):1.000000, Success rate (<0.001):1.000000
X=[-0.8,-0.6], PQ=[-2.0,-1.8]: count:10, ill:0, Ang_MAX:1.162291e-06, Vol_MAX:2.384186e-06, Ang_mean±std:1.011789e-06±8.173936e-08, Vol_mean±std:2.241135e-06±7.152557e-08, P_MAX:3.102e-05, Q_MAX:7.932e-05, P_mean±std:2.988e-05±6.650e-07, Q_mean±std:7.397e-05±2.992e-06, P_RMSE:1.360e-05, Q_RMSE:2.611e-05, Success rate (<0.1):1.000000, Success rate (<0.01):1.000000, Success rate (<0.001):1.000000
X=[-0.8,-0.6], PQ=[-1.8,-1.6]: count:10, ill:0, Ang_MAX:1.296401e-06, Vol_MAX:2.503395e-06, Ang_mean±std:1.086295e-06±9.364049e-08, Vol_mean±std:2.300739e-06±1.072884e-07, P_MAX:3.127e-05, Q_MAX:7.870e-05, P_mean±std:3.014e-05±7.779e-07, Q_mean±std:7.331e-05±2.908e-06, P_RMSE:1.348e-05, Q_RMSE:2.584e-05, Success rate (<0.1):1.000000, Success rate (<0.01):1.000000, Success rate (<0.001):1.000000
X=[-0.8,-0.6], PQ=[-1.6,-1.4]: count:10, ill:0, Ang_MAX:1.251698e-06, Vol_MAX:2.503395e-06, Ang_mean±std:1.098216e-06±1.089009e-07, Vol_mean±std:2.276897e-06±1.353957e-07, P_MAX:3.183e-05, Q_MAX:7.709e-05, P_mean±std:3.073e-05±5.785e-07, Q_mean±std:7.131e-05±3.822e-06, P_RMSE:1.382e-05, Q_RMSE:2.507e-05, Success rate (<0.1):1.000000, Success rate (<0.01):1.000000, Success rate (<0.001):1.000000
X=[-0.8,-0.6], PQ=[-1.4,-1.2]: count:10, ill:0, Ang_MAX:1.356006e-06, Vol_MAX:2.384186e-06, Ang_mean±std:1.108646e-06±1.205429e-07, Vol_mean±std:2.264977e-06±7.539457e-08, P_MAX:3.227e-05, Q_MAX:7.858e-05, P_mean±std:3.083e-05±8.195e-07, Q_mean±std:7.273e-05±3.337e-06, P_RMSE:1.379e-05, Q_RMSE:2.554e-05, Success rate (<0.1):1.000000, Success rate (<0.01):1.000000, Success rate (<0.001):1.000000
X=[-0.8,-0.6], PQ=[-1.2,-1.0]: count:10, ill:0, Ang_MAX:1.281500e-06, Vol_MAX:2.384186e-06, Ang_mean±std:1.113117e-06±1.160092e-07, Vol_mean±std:2.241135e-06±1.039242e-07, P_MAX:3.180e-05, Q_MAX:7.906e-05, P_mean±std:3.064e-05±6.780e-07, Q_mean±std:7.472e-05±2.495e-06, P_RMSE:1.372e-05, Q_RMSE:2.657e-05, Success rate (<0.1):1.000000, Success rate (<0.01):1.000000, Success rate (<0.001):1.000000
X=[-0.8,-0.6], PQ=[-1.0,-0.8]: count:10, ill:0, Ang_MAX:1.221895e-06, Vol_MAX:2.264977e-06, Ang_mean±std:1.062453e-06±8.613077e-08, Vol_mean±std:2.217293e-06±5.840039e-08, P_MAX:3.178e-05, Q_MAX:7.768e-05, P_mean±std:3.081e-05±5.749e-07, Q_mean±std:7.253e-05±2.460e-06, P_RMSE:1.377e-05, Q_RMSE:2.554e-05, Success rate (<0.1):1.000000, Success rate (<0.01):1.000000, Success rate (<0.001):1.000000
X=[-0.8,-0.6], PQ=[-0.8,-0.6]: count:10, ill:0, Ang_MAX:1.251698e-06, Vol_MAX:2.503395e-06, Ang_mean±std:1.075864e-06±1.098651e-07, Vol_mean±std:2.253056e-06±1.244582e-07, P_MAX:3.150e-05, Q_MAX:7.674e-05, P_mean±std:3.065e-05±4.304e-07, Q_mean±std:7.078e-05±3.617e-06, P_RMSE:1.383e-05, Q_RMSE:2.482e-05, Success rate (<0.1):1.000000, Success rate (<0.01):1.000000, Success rate (<0.001):1.000000
X=[-0.8,-0.6], PQ=[-0.6,-0.4]: count:10, ill:0, Ang_MAX:1.281500e-06, Vol_MAX:2.384186e-06, Ang_mean±std:1.043081e-06±1.230587e-07, Vol_mean±std:2.276897e-06±9.902267e-08, P_MAX:3.103e-05, Q_MAX:7.660e-05, P_mean±std:3.034e-05±4.729e-07, Q_mean±std:7.218e-05±3.022e-06, P_RMSE:1.361e-05, Q_RMSE:2.533e-05, Success rate (<0.1):1.000000, Success rate (<0.01):1.000000, Success rate (<0.001):1.000000
X=[-0.8,-0.6], PQ=[-0.4,-0.2]: count:10, ill:0, Ang_MAX:1.162291e-06, Vol_MAX:2.264977e-06, Ang_mean±std:1.057982e-06±7.390736e-08, Vol_mean±std:2.205372e-06±5.960464e-08, P_MAX:3.198e-05, Q_MAX:7.656e-05, P_mean±std:3.095e-05±5.369e-07, Q_mean±std:7.324e-05±2.193e-06, P_RMSE:1.382e-05, Q_RMSE:2.585e-05, Success rate (<0.1):1.000000, Success rate (<0.01):1.000000, Success rate (<0.001):1.000000
X=[-0.8,-0.6], PQ=[-0.2,0.0]: count:10, ill:0, Ang_MAX:1.266599e-06, Vol_MAX:2.384186e-06, Ang_mean±std:1.122057e-06±1.070501e-07, Vol_mean±std:2.169609e-06±8.920806e-08, P_MAX:3.178e-05, Q_MAX:7.544e-05, P_mean±std:3.089e-05±3.785e-07, Q_mean±std:6.966e-05±3.366e-06, P_RMSE:1.374e-05, Q_RMSE:2.460e-05, Success rate (<0.1):1.000000, Success rate (<0.01):1.000000, Success rate (<0.001):1.000000
X=[-0.8,-0.6], PQ=[0.0,0.2]: count:10, ill:0, Ang_MAX:1.385808e-06, Vol_MAX:2.384186e-06, Ang_mean±std:1.068413e-06±1.216158e-07, Vol_mean±std:2.300739e-06±9.310543e-08, P_MAX:3.154e-05, Q_MAX:7.851e-05, P_mean±std:3.096e-05±4.560e-07, Q_mean±std:7.364e-05±3.508e-06, P_RMSE:1.376e-05, Q_RMSE:2.589e-05, Success rate (<0.1):1.000000, Success rate (<0.01):1.000000, Success rate (<0.001):1.000000
X=[-0.8,-0.6], PQ=[0.2,0.4]: count:10, ill:0, Ang_MAX:1.177192e-06, Vol_MAX:2.384186e-06, Ang_mean±std:1.029670e-06±7.925681e-08, Vol_mean±std:2.217293e-06±7.907450e-08, P_MAX:3.203e-05, Q_MAX:7.692e-05, P_mean±std:3.061e-05±7.366e-07, Q_mean±std:7.357e-05±2.743e-06, P_RMSE:1.369e-05, Q_RMSE:2.599e-05, Success rate (<0.1):1.000000, Success rate (<0.01):1.000000, Success rate (<0.001):1.000000
X=[-0.8,-0.6], PQ=[0.4,0.6]: count:10, ill:0, Ang_MAX:1.192093e-06, Vol_MAX:2.384186e-06, Ang_mean±std:1.055002e-06±9.348623e-08, Vol_mean±std:2.253056e-06±6.419617e-08, P_MAX:3.166e-05, Q_MAX:7.774e-05, P_mean±std:3.054e-05±6.025e-07, Q_mean±std:7.210e-05±3.012e-06, P_RMSE:1.374e-05, Q_RMSE:2.554e-05, Success rate (<0.1):1.000000, Success rate (<0.01):1.000000, Success rate (<0.001):1.000000
X=[-0.8,-0.6], PQ=[0.6,0.8]: count:10, ill:0, Ang_MAX:1.281500e-06, Vol_MAX:2.264977e-06, Ang_mean±std:1.057982e-06±1.178982e-07, Vol_mean±std:2.241135e-06±4.768372e-08, P_MAX:3.135e-05, Q_MAX:7.509e-05, P_mean±std:3.048e-05±4.702e-07, Q_mean±std:7.241e-05±2.159e-06, P_RMSE:1.364e-05, Q_RMSE:2.543e-05, Success rate (<0.1):1.000000, Success rate (<0.01):1.000000, Success rate (<0.001):1.000000
X=[-0.8,-0.6], PQ=[0.8,1.0]: count:10, ill:0, Ang_MAX:1.370907e-06, Vol_MAX:2.384186e-06, Ang_mean±std:1.101196e-06±1.355023e-07, Vol_mean±std:2.205372e-06±7.996802e-08, P_MAX:3.200e-05, Q_MAX:7.665e-05, P_mean±std:3.084e-05±7.635e-07, Q_mean±std:7.182e-05±2.224e-06, P_RMSE:1.377e-05, Q_RMSE:2.532e-05, Success rate (<0.1):1.000000, Success rate (<0.01):1.000000, Success rate (<0.001):1.000000
X=[-0.8,-0.6], PQ=[1.0,1.2]: count:10, ill:0, Ang_MAX:1.221895e-06, Vol_MAX:2.384186e-06, Ang_mean±std:1.142919e-06±8.430687e-08, Vol_mean±std:2.229214e-06±7.633119e-08, P_MAX:3.150e-05, Q_MAX:7.890e-05, P_mean±std:3.075e-05±3.466e-07, Q_mean±std:7.302e-05±3.303e-06, P_RMSE:1.368e-05, Q_RMSE:2.569e-05, Success rate (<0.1):1.000000, Success rate (<0.01):1.000000, Success rate (<0.001):1.000000
X=[-0.8,-0.6], PQ=[1.2,1.4]: count:10, ill:0, Ang_MAX:1.266599e-06, Vol_MAX:2.384186e-06, Ang_mean±std:1.086295e-06±1.089824e-07, Vol_mean±std:2.241135e-06±7.152557e-08, P_MAX:3.148e-05, Q_MAX:7.772e-05, P_mean±std:3.055e-05±6.482e-07, Q_mean±std:7.300e-05±1.906e-06, P_RMSE:1.375e-05, Q_RMSE:2.571e-05, Success rate (<0.1):1.000000, Success rate (<0.01):1.000000, Success rate (<0.001):1.000000
X=[-0.8,-0.6], PQ=[1.4,1.6]: count:10, ill:0, Ang_MAX:1.370907e-06, Vol_MAX:2.384186e-06, Ang_mean±std:1.050532e-06±1.348123e-07, Vol_mean±std:2.193451e-06±1.215701e-07, P_MAX:3.186e-05, Q_MAX:7.687e-05, P_mean±std:3.056e-05±6.674e-07, Q_mean±std:7.062e-05±4.192e-06, P_RMSE:1.373e-05, Q_RMSE:2.485e-05, Success rate (<0.1):1.000000, Success rate (<0.01):1.000000, Success rate (<0.001):1.000000
X=[-0.8,-0.6], PQ=[1.6,1.8]: count:10, ill:0, Ang_MAX:1.281500e-06, Vol_MAX:2.384186e-06, Ang_mean±std:1.099706e-06±1.174832e-07, Vol_mean±std:2.241135e-06±1.168008e-07, P_MAX:3.161e-05, Q_MAX:7.574e-05, P_mean±std:3.067e-05±8.530e-07, Q_mean±std:7.134e-05±2.279e-06, P_RMSE:1.369e-05, Q_RMSE:2.507e-05, Success rate (<0.1):1.000000, Success rate (<0.01):1.000000, Success rate (<0.001):1.000000
X=[-0.8,-0.6], PQ=[1.8,2.0]: count:10, ill:0, Ang_MAX:1.266599e-06, Vol_MAX:2.384186e-06, Ang_mean±std:1.089275e-06±1.048284e-07, Vol_mean±std:2.276897e-06±1.244582e-07, P_MAX:3.148e-05, Q_MAX:7.821e-05, P_mean±std:3.063e-05±4.773e-07, Q_mean±std:7.267e-05±3.117e-06, P_RMSE:1.373e-05, Q_RMSE:2.547e-05, Success rate (<0.1):1.000000, Success rate (<0.01):1.000000, Success rate (<0.001):1.000000
X=[-0.6,-0.4], PQ=[-2.0,-1.8]: count:10, ill:0, Ang_MAX:1.132488e-06, Vol_MAX:2.384186e-06, Ang_mean±std:1.044571e-06±7.493669e-08, Vol_mean±std:2.217293e-06±7.907450e-08, P_MAX:3.155e-05, Q_MAX:7.804e-05, P_mean±std:3.057e-05±8.709e-07, Q_mean±std:7.247e-05±2.418e-06, P_RMSE:1.376e-05, Q_RMSE:2.555e-05, Success rate (<0.1):1.000000, Success rate (<0.01):1.000000, Success rate (<0.001):1.000000
X=[-0.6,-0.4], PQ=[-1.8,-1.6]: count:10, ill:0, Ang_MAX:1.221895e-06, Vol_MAX:2.384186e-06, Ang_mean±std:1.060963e-06±9.253129e-08, Vol_mean±std:2.253056e-06±1.244582e-07, P_MAX:3.206e-05, Q_MAX:7.914e-05, P_mean±std:3.078e-05±8.015e-07, Q_mean±std:7.265e-05±3.218e-06, P_RMSE:1.378e-05, Q_RMSE:2.550e-05, Success rate (<0.1):1.000000, Success rate (<0.01):1.000000, Success rate (<0.001):1.000000
X=[-0.6,-0.4], PQ=[-1.6,-1.4]: count:10, ill:0, Ang_MAX:1.206994e-06, Vol_MAX:2.264977e-06, Ang_mean±std:1.074374e-06±8.597596e-08, Vol_mean±std:2.229214e-06±5.462856e-08, P_MAX:3.148e-05, Q_MAX:7.501e-05, P_mean±std:3.064e-05±5.998e-07, Q_mean±std:7.199e-05±1.930e-06, P_RMSE:1.367e-05, Q_RMSE:2.537e-05, Success rate (<0.1):1.000000, Success rate (<0.01):1.000000, Success rate (<0.001):1.000000
X=[-0.6,-0.4], PQ=[-1.4,-1.2]: count:10, ill:0, Ang_MAX:1.162291e-06, Vol_MAX:2.384186e-06, Ang_mean±std:1.019239e-06±1.047754e-07, Vol_mean±std:2.253056e-06±8.344650e-08, P_MAX:3.161e-05, Q_MAX:7.720e-05, P_mean±std:3.063e-05±5.060e-07, Q_mean±std:7.499e-05±1.846e-06, P_RMSE:1.371e-05, Q_RMSE:2.643e-05, Success rate (<0.1):1.000000, Success rate (<0.01):1.000000, Success rate (<0.001):1.000000
X=[-0.6,-0.4], PQ=[-1.2,-1.0]: count:10, ill:0, Ang_MAX:1.281500e-06, Vol_MAX:2.503395e-06, Ang_mean±std:1.123548e-06±1.238142e-07, Vol_mean±std:2.324581e-06±1.099055e-07, P_MAX:3.161e-05, Q_MAX:7.699e-05, P_mean±std:3.064e-05±6.261e-07, Q_mean±std:7.373e-05±2.396e-06, P_RMSE:1.378e-05, Q_RMSE:2.585e-05, Success rate (<0.1):1.000000, Success rate (<0.01):1.000000, Success rate (<0.001):1.000000
X=[-0.6,-0.4], PQ=[-1.0,-0.8]: count:10, ill:0, Ang_MAX:1.236796e-06, Vol_MAX:2.384186e-06, Ang_mean±std:1.122057e-06±9.472498e-08, Vol_mean±std:2.264977e-06±7.539457e-08, P_MAX:3.138e-05, Q_MAX:7.769e-05, P_mean±std:3.049e-05±7.559e-07, Q_mean±std:7.156e-05±2.852e-06, P_RMSE:1.358e-05, Q_RMSE:2.522e-05, Success rate (<0.1):1.000000, Success rate (<0.01):1.000000, Success rate (<0.001):1.000000
X=[-0.6,-0.4], PQ=[-0.8,-0.6]: count:10, ill:0, Ang_MAX:1.221895e-06, Vol_MAX:2.384186e-06, Ang_mean±std:1.062453e-06±1.190322e-07, Vol_mean±std:2.217293e-06±1.092571e-07, P_MAX:3.146e-05, Q_MAX:7.846e-05, P_mean±std:3.055e-05±5.574e-07, Q_mean±std:7.441e-05±2.494e-06, P_RMSE:1.367e-05, Q_RMSE:2.623e-05, Success rate (<0.1):1.000000, Success rate (<0.01):1.000000, Success rate (<0.001):1.000000
X=[-0.6,-0.4], PQ=[-0.6,-0.4]: count:10, ill:0, Ang_MAX:1.311302e-06, Vol_MAX:2.264977e-06, Ang_mean±std:1.059473e-06±1.301529e-07, Vol_mean±std:2.205372e-06±7.996802e-08, P_MAX:3.192e-05, Q_MAX:7.489e-05, P_mean±std:3.070e-05±6.055e-07, Q_mean±std:7.155e-05±2.188e-06, P_RMSE:1.380e-05, Q_RMSE:2.511e-05, Success rate (<0.1):1.000000, Success rate (<0.01):1.000000, Success rate (<0.001):1.000000
X=[-0.6,-0.4], PQ=[-0.4,-0.2]: count:10, ill:0, Ang_MAX:1.221895e-06, Vol_MAX:2.384186e-06, Ang_mean±std:1.034141e-06±1.143027e-07, Vol_mean±std:2.253056e-06±8.344650e-08, P_MAX:3.151e-05, Q_MAX:7.713e-05, P_mean±std:3.073e-05±4.046e-07, Q_mean±std:7.260e-05±2.922e-06, P_RMSE:1.376e-05, Q_RMSE:2.543e-05, Success rate (<0.1):1.000000, Success rate (<0.01):1.000000, Success rate (<0.001):1.000000
X=[-0.6,-0.4], PQ=[-0.2,0.0]: count:10, ill:0, Ang_MAX:1.192093e-06, Vol_MAX:2.384186e-06, Ang_mean±std:1.060963e-06±7.384724e-08, Vol_mean±std:2.241135e-06±8.920806e-08, P_MAX:3.128e-05, Q_MAX:7.868e-05, P_mean±std:3.052e-05±4.877e-07, Q_mean±std:7.341e-05±2.499e-06, P_RMSE:1.374e-05, Q_RMSE:2.584e-05, Success rate (<0.1):1.000000, Success rate (<0.01):1.000000, Success rate (<0.001):1.000000
X=[-0.6,-0.4], PQ=[0.0,0.2]: count:10, ill:0, Ang_MAX:1.341105e-06, Vol_MAX:2.384186e-06, Ang_mean±std:1.066923e-06±1.339779e-07, Vol_mean±std:2.229214e-06±9.310543e-08, P_MAX:3.225e-05, Q_MAX:7.921e-05, P_mean±std:3.059e-05±7.895e-07, Q_mean±std:7.365e-05±3.438e-06, P_RMSE:1.371e-05, Q_RMSE:2.607e-05, Success rate (<0.1):1.000000, Success rate (<0.01):1.000000, Success rate (<0.001):1.000000
X=[-0.6,-0.4], PQ=[0.2,0.4]: count:10, ill:0, Ang_MAX:1.490116e-06, Vol_MAX:2.384186e-06, Ang_mean±std:1.150370e-06±1.368637e-07, Vol_mean±std:2.264977e-06±1.305872e-07, P_MAX:3.155e-05, Q_MAX:7.666e-05, P_mean±std:3.051e-05±6.286e-07, Q_mean±std:7.166e-05±3.615e-06, P_RMSE:1.369e-05, Q_RMSE:2.529e-05, Success rate (<0.1):1.000000, Success rate (<0.01):1.000000, Success rate (<0.001):1.000000
X=[-0.6,-0.4], PQ=[0.4,0.6]: count:10, ill:0, Ang_MAX:1.430511e-06, Vol_MAX:2.384186e-06, Ang_mean±std:1.090765e-06±1.344081e-07, Vol_mean±std:2.205372e-06±1.099055e-07, P_MAX:3.162e-05, Q_MAX:7.460e-05, P_mean±std:3.080e-05±4.924e-07, Q_mean±std:7.092e-05±2.794e-06, P_RMSE:1.374e-05, Q_RMSE:2.499e-05, Success rate (<0.1):1.000000, Success rate (<0.01):1.000000, Success rate (<0.001):1.000000
X=[-0.6,-0.4], PQ=[0.6,0.8]: count:10, ill:0, Ang_MAX:1.311302e-06, Vol_MAX:2.384186e-06, Ang_mean±std:1.110137e-06±1.357969e-07, Vol_mean±std:2.276897e-06±1.244582e-07, P_MAX:3.182e-05, Q_MAX:7.897e-05, P_mean±std:3.077e-05±4.043e-07, Q_mean±std:7.456e-05±2.940e-06, P_RMSE:1.371e-05, Q_RMSE:2.635e-05, Success rate (<0.1):1.000000, Success rate (<0.01):1.000000, Success rate (<0.001):1.000000
X=[-0.6,-0.4], PQ=[0.8,1.0]: count:10, ill:0, Ang_MAX:1.251698e-06, Vol_MAX:2.264977e-06, Ang_mean±std:1.001358e-06±1.114702e-07, Vol_mean±std:2.217293e-06±5.840039e-08, P_MAX:3.082e-05, Q_MAX:7.882e-05, P_mean±std:3.029e-05±4.468e-07, Q_mean±std:7.260e-05±4.260e-06, P_RMSE:1.365e-05, Q_RMSE:2.569e-05, Success rate (<0.1):1.000000, Success rate (<0.01):1.000000, Success rate (<0.001):1.000000
X=[-0.6,-0.4], PQ=[1.0,1.2]: count:10, ill:0, Ang_MAX:1.206994e-06, Vol_MAX:2.264977e-06, Ang_mean±std:1.069903e-06±9.229101e-08, Vol_mean±std:2.169609e-06±1.039242e-07, P_MAX:3.219e-05, Q_MAX:7.632e-05, P_mean±std:3.103e-05±8.592e-07, Q_mean±std:7.090e-05±2.460e-06, P_RMSE:1.389e-05, Q_RMSE:2.489e-05, Success rate (<0.1):1.000000, Success rate (<0.01):1.000000, Success rate (<0.001):1.000000
X=[-0.6,-0.4], PQ=[1.2,1.4]: count:10, ill:0, Ang_MAX:1.221895e-06, Vol_MAX:2.384186e-06, Ang_mean±std:1.075864e-06±9.744038e-08, Vol_mean±std:2.264977e-06±9.233912e-08, P_MAX:3.160e-05, Q_MAX:7.801e-05, P_mean±std:3.059e-05±5.095e-07, Q_mean±std:7.248e-05±2.404e-06, P_RMSE:1.371e-05, Q_RMSE:2.553e-05, Success rate (<0.1):1.000000, Success rate (<0.01):1.000000, Success rate (<0.001):1.000000
X=[-0.6,-0.4], PQ=[1.4,1.6]: count:10, ill:0, Ang_MAX:1.251698e-06, Vol_MAX:2.503395e-06, Ang_mean±std:1.078844e-06±9.798576e-08, Vol_mean±std:2.276897e-06±1.124618e-07, P_MAX:3.197e-05, Q_MAX:7.543e-05, P_mean±std:3.077e-05±6.260e-07, Q_mean±std:7.244e-05±1.414e-06, P_RMSE:1.377e-05, Q_RMSE:2.537e-05, Success rate (<0.1):1.000000, Success rate (<0.01):1.000000, Success rate (<0.001):1.000000
X=[-0.6,-0.4], PQ=[1.6,1.8]: count:10, ill:0, Ang_MAX:1.356006e-06, Vol_MAX:2.384186e-06, Ang_mean±std:1.066923e-06±1.278725e-07, Vol_mean±std:2.217293e-06±7.907450e-08, P_MAX:3.283e-05, Q_MAX:7.841e-05, P_mean±std:3.096e-05±8.437e-07, Q_mean±std:7.282e-05±3.325e-06, P_RMSE:1.373e-05, Q_RMSE:2.578e-05, Success rate (<0.1):1.000000, Success rate (<0.01):1.000000, Success rate (<0.001):1.000000
X=[-0.6,-0.4], PQ=[1.8,2.0]: count:10, ill:0, Ang_MAX:1.192093e-06, Vol_MAX:2.503395e-06, Ang_mean±std:1.087785e-06±6.495266e-08, Vol_mean±std:2.229214e-06±1.198039e-07, P_MAX:3.140e-05, Q_MAX:7.578e-05, P_mean±std:3.075e-05±4.441e-07, Q_mean±std:7.181e-05±2.623e-06, P_RMSE:1.371e-05, Q_RMSE:2.520e-05, Success rate (<0.1):1.000000, Success rate (<0.01):1.000000, Success rate (<0.001):1.000000
X=[-0.4,-0.2], PQ=[-2.0,-1.8]: count:10, ill:0, Ang_MAX:1.162291e-06, Vol_MAX:2.384186e-06, Ang_mean±std:1.047552e-06±9.930257e-08, Vol_mean±std:2.205372e-06±1.099055e-07, P_MAX:3.151e-05, Q_MAX:7.619e-05, P_mean±std:3.058e-05±7.412e-07, Q_mean±std:7.358e-05±1.466e-06, P_RMSE:1.371e-05, Q_RMSE:2.587e-05, Success rate (<0.1):1.000000, Success rate (<0.01):1.000000, Success rate (<0.001):1.000000
X=[-0.4,-0.2], PQ=[-1.8,-1.6]: count:10, ill:0, Ang_MAX:1.192093e-06, Vol_MAX:2.384186e-06, Ang_mean±std:1.026690e-06±8.036963e-08, Vol_mean±std:2.276897e-06±1.124618e-07, P_MAX:3.104e-05, Q_MAX:7.757e-05, P_mean±std:3.050e-05±4.241e-07, Q_mean±std:7.410e-05±2.232e-06, P_RMSE:1.366e-05, Q_RMSE:2.619e-05, Success rate (<0.1):1.000000, Success rate (<0.01):1.000000, Success rate (<0.001):1.000000
X=[-0.4,-0.2], PQ=[-1.6,-1.4]: count:10, ill:0, Ang_MAX:1.251698e-06, Vol_MAX:2.384186e-06, Ang_mean±std:1.080334e-06±1.139233e-07, Vol_mean±std:2.217293e-06±9.536743e-08, P_MAX:3.216e-05, Q_MAX:7.563e-05, P_mean±std:3.077e-05±8.753e-07, Q_mean±std:7.133e-05±3.041e-06, P_RMSE:1.375e-05, Q_RMSE:2.520e-05, Success rate (<0.1):1.000000, Success rate (<0.01):1.000000, Success rate (<0.001):1.000000
X=[-0.4,-0.2], PQ=[-1.4,-1.2]: count:10, ill:0, Ang_MAX:1.296401e-06, Vol_MAX:2.384186e-06, Ang_mean±std:1.104176e-06±1.191068e-07, Vol_mean±std:2.264977e-06±7.539457e-08, P_MAX:3.131e-05, Q_MAX:7.776e-05, P_mean±std:3.059e-05±6.260e-07, Q_mean±std:7.434e-05±2.686e-06, P_RMSE:1.358e-05, Q_RMSE:2.629e-05, Success rate (<0.1):1.000000, Success rate (<0.01):1.000000, Success rate (<0.001):1.000000
X=[-0.4,-0.2], PQ=[-1.2,-1.0]: count:10, ill:0, Ang_MAX:1.117587e-06, Vol_MAX:2.264977e-06, Ang_mean±std:9.819865e-07±6.302680e-08, Vol_mean±std:2.181530e-06±7.633119e-08, P_MAX:3.115e-05, Q_MAX:7.733e-05, P_mean±std:3.071e-05±3.071e-07, Q_mean±std:7.240e-05±3.940e-06, P_RMSE:1.385e-05, Q_RMSE:2.555e-05, Success rate (<0.1):1.000000, Success rate (<0.01):1.000000, Success rate (<0.001):1.000000
X=[-0.4,-0.2], PQ=[-1.0,-0.8]: count:10, ill:0, Ang_MAX:1.415610e-06, Vol_MAX:2.384186e-06, Ang_mean±std:1.050532e-06±1.480024e-07, Vol_mean±std:2.229214e-06±7.633119e-08, P_MAX:3.174e-05, Q_MAX:7.962e-05, P_mean±std:3.070e-05±5.567e-07, Q_mean±std:7.163e-05±3.107e-06, P_RMSE:1.376e-05, Q_RMSE:2.525e-05, Success rate (<0.1):1.000000, Success rate (<0.01):1.000000, Success rate (<0.001):1.000000
X=[-0.4,-0.2], PQ=[-0.8,-0.6]: count:10, ill:0, Ang_MAX:1.206994e-06, Vol_MAX:2.384186e-06, Ang_mean±std:1.011789e-06±8.414869e-08, Vol_mean±std:2.229214e-06±1.072884e-07, P_MAX:3.128e-05, Q_MAX:8.075e-05, P_mean±std:3.059e-05±4.738e-07, Q_mean±std:7.305e-05±3.447e-06, P_RMSE:1.375e-05, Q_RMSE:2.566e-05, Success rate (<0.1):1.000000, Success rate (<0.01):1.000000, Success rate (<0.001):1.000000
X=[-0.4,-0.2], PQ=[-0.6,-0.4]: count:10, ill:0, Ang_MAX:1.221895e-06, Vol_MAX:2.384186e-06, Ang_mean±std:1.035631e-06±1.148937e-07, Vol_mean±std:2.217293e-06±1.327458e-07, P_MAX:3.197e-05, Q_MAX:7.850e-05, P_mean±std:3.064e-05±6.081e-07, Q_mean±std:7.268e-05±3.960e-06, P_RMSE:1.382e-05, Q_RMSE:2.573e-05, Success rate (<0.1):1.000000, Success rate (<0.01):1.000000, Success rate (<0.001):1.000000
X=[-0.4,-0.2], PQ=[-0.4,-0.2]: count:10, ill:0, Ang_MAX:1.162291e-06, Vol_MAX:2.503395e-06, Ang_mean±std:1.080334e-06±7.215917e-08, Vol_mean±std:2.217293e-06±1.092571e-07, P_MAX:3.157e-05, Q_MAX:7.538e-05, P_mean±std:3.080e-05±5.494e-07, Q_mean±std:7.159e-05±1.822e-06, P_RMSE:1.368e-05, Q_RMSE:2.517e-05, Success rate (<0.1):1.000000, Success rate (<0.01):1.000000, Success rate (<0.001):1.000000
X=[-0.4,-0.2], PQ=[-0.2,0.0]: count:10, ill:0, Ang_MAX:1.251698e-06, Vol_MAX:2.384186e-06, Ang_mean±std:1.059473e-06±1.426859e-07, Vol_mean±std:2.253056e-06±9.902267e-08, P_MAX:3.156e-05, Q_MAX:8.022e-05, P_mean±std:3.052e-05±7.263e-07, Q_mean±std:7.369e-05±2.559e-06, P_RMSE:1.366e-05, Q_RMSE:2.599e-05, Success rate (<0.1):1.000000, Success rate (<0.01):1.000000, Success rate (<0.001):1.000000
X=[-0.4,-0.2], PQ=[0.0,0.2]: count:10, ill:0, Ang_MAX:1.236796e-06, Vol_MAX:2.503395e-06, Ang_mean±std:1.098216e-06±1.076706e-07, Vol_mean±std:2.253056e-06±1.124618e-07, P_MAX:3.133e-05, Q_MAX:7.756e-05, P_mean±std:3.038e-05±5.958e-07, Q_mean±std:7.308e-05±2.149e-06, P_RMSE:1.369e-05, Q_RMSE:2.571e-05, Success rate (<0.1):1.000000, Success rate (<0.01):1.000000, Success rate (<0.001):1.000000
X=[-0.4,-0.2], PQ=[0.2,0.4]: count:10, ill:0, Ang_MAX:1.192093e-06, Vol_MAX:2.384186e-06, Ang_mean±std:1.055002e-06±1.102686e-07, Vol_mean±std:2.229214e-06±1.072884e-07, P_MAX:3.178e-05, Q_MAX:7.769e-05, P_mean±std:3.098e-05±5.987e-07, Q_mean±std:7.185e-05±2.840e-06, P_RMSE:1.369e-05, Q_RMSE:2.528e-05, Success rate (<0.1):1.000000, Success rate (<0.01):1.000000, Success rate (<0.001):1.000000
X=[-0.4,-0.2], PQ=[0.4,0.6]: count:10, ill:0, Ang_MAX:1.162291e-06, Vol_MAX:2.264977e-06, Ang_mean±std:1.037121e-06±7.862393e-08, Vol_mean±std:2.229214e-06±5.462856e-08, P_MAX:3.182e-05, Q_MAX:7.878e-05, P_mean±std:3.071e-05±4.964e-07, Q_mean±std:7.208e-05±3.048e-06, P_RMSE:1.370e-05, Q_RMSE:2.541e-05, Success rate (<0.1):1.000000, Success rate (<0.01):1.000000, Success rate (<0.001):1.000000
X=[-0.4,-0.2], PQ=[0.6,0.8]: count:10, ill:0, Ang_MAX:1.192093e-06, Vol_MAX:2.384186e-06, Ang_mean±std:1.044571e-06±8.308650e-08, Vol_mean±std:2.264977e-06±9.233912e-08, P_MAX:3.113e-05, Q_MAX:7.754e-05, P_mean±std:3.072e-05±4.546e-07, Q_mean±std:7.172e-05±3.294e-06, P_RMSE:1.371e-05, Q_RMSE:2.517e-05, Success rate (<0.1):1.000000, Success rate (<0.01):1.000000, Success rate (<0.001):1.000000
X=[-0.4,-0.2], PQ=[0.8,1.0]: count:10, ill:0, Ang_MAX:1.251698e-06, Vol_MAX:2.384186e-06, Ang_mean±std:1.032650e-06±1.142735e-07, Vol_mean±std:2.241135e-06±7.152557e-08, P_MAX:3.105e-05, Q_MAX:7.474e-05, P_mean±std:3.047e-05±4.333e-07, Q_mean±std:7.136e-05±2.716e-06, P_RMSE:1.369e-05, Q_RMSE:2.502e-05, Success rate (<0.1):1.000000, Success rate (<0.01):1.000000, Success rate (<0.001):1.000000
X=[-0.4,-0.2], PQ=[1.0,1.2]: count:10, ill:0, Ang_MAX:1.236796e-06, Vol_MAX:2.503395e-06, Ang_mean±std:1.052022e-06±1.083182e-07, Vol_mean±std:2.229214e-06±1.198039e-07, P_MAX:3.167e-05, Q_MAX:7.836e-05, P_mean±std:3.093e-05±5.462e-07, Q_mean±std:7.312e-05±2.192e-06, P_RMSE:1.380e-05, Q_RMSE:2.571e-05, Success rate (<0.1):1.000000, Success rate (<0.01):1.000000, Success rate (<0.001):1.000000
X=[-0.4,-0.2], PQ=[1.2,1.4]: count:10, ill:0, Ang_MAX:1.251698e-06, Vol_MAX:2.384186e-06, Ang_mean±std:1.031160e-06±8.658075e-08, Vol_mean±std:2.217293e-06±1.092571e-07, P_MAX:3.238e-05, Q_MAX:7.581e-05, P_mean±std:3.069e-05±7.794e-07, Q_mean±std:7.277e-05±2.349e-06, P_RMSE:1.372e-05, Q_RMSE:2.554e-05, Success rate (<0.1):1.000000, Success rate (<0.01):1.000000, Success rate (<0.001):1.000000
X=[-0.4,-0.2], PQ=[1.4,1.6]: count:10, ill:0, Ang_MAX:1.221895e-06, Vol_MAX:2.384186e-06, Ang_mean±std:1.032650e-06±1.111211e-07, Vol_mean±std:2.193451e-06±9.536743e-08, P_MAX:3.139e-05, Q_MAX:7.912e-05, P_mean±std:3.059e-05±4.309e-07, Q_mean±std:7.286e-05±3.415e-06, P_RMSE:1.373e-05, Q_RMSE:2.579e-05, Success rate (<0.1):1.000000, Success rate (<0.01):1.000000, Success rate (<0.001):1.000000
X=[-0.4,-0.2], PQ=[1.6,1.8]: count:10, ill:0, Ang_MAX:1.311302e-06, Vol_MAX:2.264977e-06, Ang_mean±std:1.056492e-06±1.183588e-07, Vol_mean±std:2.205372e-06±5.960464e-08, P_MAX:3.219e-05, Q_MAX:7.462e-05, P_mean±std:3.066e-05±8.025e-07, Q_mean±std:7.161e-05±2.545e-06, P_RMSE:1.367e-05, Q_RMSE:2.519e-05, Success rate (<0.1):1.000000, Success rate (<0.01):1.000000, Success rate (<0.001):1.000000
X=[-0.4,-0.2], PQ=[1.8,2.0]: count:10, ill:0, Ang_MAX:1.326203e-06, Vol_MAX:2.384186e-06, Ang_mean±std:1.050532e-06±1.318142e-07, Vol_mean±std:2.241135e-06±7.152557e-08, P_MAX:3.166e-05, Q_MAX:7.351e-05, P_mean±std:3.108e-05±4.662e-07, Q_mean±std:7.154e-05±1.295e-06, P_RMSE:1.383e-05, Q_RMSE:2.517e-05, Success rate (<0.1):1.000000, Success rate (<0.01):1.000000, Success rate (<0.001):1.000000
X=[-0.2,0.0], PQ=[-2.0,-1.8]: count:10, ill:0, Ang_MAX:1.206994e-06, Vol_MAX:2.503395e-06, Ang_mean±std:1.047552e-06±8.430687e-08, Vol_mean±std:2.229214e-06±1.415532e-07, P_MAX:3.172e-05, Q_MAX:7.641e-05, P_mean±std:3.062e-05±5.850e-07, Q_mean±std:7.299e-05±1.996e-06, P_RMSE:1.359e-05, Q_RMSE:2.570e-05, Success rate (<0.1):1.000000, Success rate (<0.01):1.000000, Success rate (<0.001):1.000000
X=[-0.2,0.0], PQ=[-1.8,-1.6]: count:10, ill:0, Ang_MAX:1.057982e-06, Vol_MAX:2.384186e-06, Ang_mean±std:9.745359e-07±5.967910e-08, Vol_mean±std:2.193451e-06±1.092571e-07, P_MAX:3.177e-05, Q_MAX:7.517e-05, P_mean±std:3.064e-05±7.533e-07, Q_mean±std:7.066e-05±2.959e-06, P_RMSE:1.376e-05, Q_RMSE:2.476e-05, Success rate (<0.1):1.000000, Success rate (<0.01):1.000000, Success rate (<0.001):1.000000
X=[-0.2,0.0], PQ=[-1.6,-1.4]: count:10, ill:0, Ang_MAX:1.356006e-06, Vol_MAX:2.384186e-06, Ang_mean±std:1.025200e-06±1.349028e-07, Vol_mean±std:2.229214e-06±1.072884e-07, P_MAX:3.129e-05, Q_MAX:8.110e-05, P_mean±std:3.059e-05±5.134e-07, Q_mean±std:7.355e-05±3.418e-06, P_RMSE:1.373e-05, Q_RMSE:2.594e-05, Success rate (<0.1):1.000000, Success rate (<0.01):1.000000, Success rate (<0.001):1.000000
X=[-0.2,0.0], PQ=[-1.4,-1.2]: count:10, ill:0, Ang_MAX:1.117587e-06, Vol_MAX:2.503395e-06, Ang_mean±std:1.004338e-06±5.543552e-08, Vol_mean±std:2.229214e-06±1.311302e-07, P_MAX:3.162e-05, Q_MAX:8.067e-05, P_mean±std:3.060e-05±5.490e-07, Q_mean±std:7.220e-05±3.889e-06, P_RMSE:1.372e-05, Q_RMSE:2.547e-05, Success rate (<0.1):1.000000, Success rate (<0.01):1.000000, Success rate (<0.001):1.000000
X=[-0.2,0.0], PQ=[-1.2,-1.0]: count:10, ill:0, Ang_MAX:1.206994e-06, Vol_MAX:2.503395e-06, Ang_mean±std:1.011789e-06±1.204047e-07, Vol_mean±std:2.241135e-06±1.390207e-07, P_MAX:3.146e-05, Q_MAX:8.049e-05, P_mean±std:3.068e-05±6.869e-07, Q_mean±std:7.395e-05±3.777e-06, P_RMSE:1.370e-05, Q_RMSE:2.603e-05, Success rate (<0.1):1.000000, Success rate (<0.01):1.000000, Success rate (<0.001):1.000000
X=[-0.2,0.0], PQ=[-1.0,-0.8]: count:10, ill:0, Ang_MAX:1.117587e-06, Vol_MAX:2.503395e-06, Ang_mean±std:9.968877e-07±5.473008e-08, Vol_mean±std:2.241135e-06±1.283923e-07, P_MAX:3.146e-05, Q_MAX:7.897e-05, P_mean±std:3.067e-05±5.158e-07, Q_mean±std:7.329e-05±3.053e-06, P_RMSE:1.373e-05, Q_RMSE:2.587e-05, Success rate (<0.1):1.000000, Success rate (<0.01):1.000000, Success rate (<0.001):1.000000
X=[-0.2,0.0], PQ=[-0.8,-0.6]: count:10, ill:0, Ang_MAX:1.281500e-06, Vol_MAX:2.384186e-06, Ang_mean±std:1.041591e-06±1.256390e-07, Vol_mean±std:2.276897e-06±8.344650e-08, P_MAX:3.152e-05, Q_MAX:7.883e-05, P_mean±std:3.065e-05±6.613e-07, Q_mean±std:7.323e-05±2.448e-06, P_RMSE:1.363e-05, Q_RMSE:2.572e-05, Success rate (<0.1):1.000000, Success rate (<0.01):1.000000, Success rate (<0.001):1.000000
X=[-0.2,0.0], PQ=[-0.6,-0.4]: count:10, ill:0, Ang_MAX:1.192093e-06, Vol_MAX:2.384186e-06, Ang_mean±std:1.031160e-06±9.443152e-08, Vol_mean±std:2.241135e-06±7.152557e-08, P_MAX:3.197e-05, Q_MAX:7.796e-05, P_mean±std:3.085e-05±5.673e-07, Q_mean±std:7.332e-05±2.018e-06, P_RMSE:1.377e-05, Q_RMSE:2.593e-05, Success rate (<0.1):1.000000, Success rate (<0.01):1.000000, Success rate (<0.001):1.000000
X=[-0.2,0.0], PQ=[-0.4,-0.2]: count:10, ill:0, Ang_MAX:1.206994e-06, Vol_MAX:2.384186e-06, Ang_mean±std:1.078844e-06±8.381820e-08, Vol_mean±std:2.241135e-06±8.920806e-08, P_MAX:3.205e-05, Q_MAX:7.706e-05, P_mean±std:3.061e-05±7.244e-07, Q_mean±std:7.112e-05±3.498e-06, P_RMSE:1.374e-05, Q_RMSE:2.503e-05, Success rate (<0.1):1.000000, Success rate (<0.01):1.000000, Success rate (<0.001):1.000000
X=[-0.2,0.0], PQ=[-0.2,0.0]: count:10, ill:0, Ang_MAX:1.326203e-06, Vol_MAX:2.384186e-06, Ang_mean±std:1.116097e-06±1.326873e-07, Vol_mean±std:2.253056e-06±1.124618e-07, P_MAX:3.204e-05, Q_MAX:7.909e-05, P_mean±std:3.069e-05±7.743e-07, Q_mean±std:7.273e-05±3.941e-06, P_RMSE:1.365e-05, Q_RMSE:2.565e-05, Success rate (<0.1):1.000000, Success rate (<0.01):1.000000, Success rate (<0.001):1.000000
X=[-0.2,0.0], PQ=[0.0,0.2]: count:10, ill:0, Ang_MAX:1.281500e-06, Vol_MAX:2.384186e-06, Ang_mean±std:1.077354e-06±9.612115e-08, Vol_mean±std:2.241135e-06±8.920806e-08, P_MAX:3.205e-05, Q_MAX:7.816e-05, P_mean±std:3.085e-05±5.943e-07, Q_mean±std:7.175e-05±3.126e-06, P_RMSE:1.385e-05, Q_RMSE:2.529e-05, Success rate (<0.1):1.000000, Success rate (<0.01):1.000000, Success rate (<0.001):1.000000
X=[-0.2,0.0], PQ=[0.2,0.4]: count:10, ill:0, Ang_MAX:1.266599e-06, Vol_MAX:2.264977e-06, Ang_mean±std:1.005828e-06±1.252496e-07, Vol_mean±std:2.205372e-06±7.996802e-08, P_MAX:3.106e-05, Q_MAX:7.874e-05, P_mean±std:3.064e-05±4.378e-07, Q_mean±std:7.257e-05±3.350e-06, P_RMSE:1.366e-05, Q_RMSE:2.555e-05, Success rate (<0.1):1.000000, Success rate (<0.01):1.000000, Success rate (<0.001):1.000000
X=[-0.2,0.0], PQ=[0.4,0.6]: count:10, ill:0, Ang_MAX:1.192093e-06, Vol_MAX:2.384186e-06, Ang_mean±std:1.028180e-06±1.173319e-07, Vol_mean±std:2.241135e-06±1.039242e-07, P_MAX:3.093e-05, Q_MAX:7.882e-05, P_mean±std:3.026e-05±3.749e-07, Q_mean±std:7.223e-05±3.347e-06, P_RMSE:1.359e-05, Q_RMSE:2.548e-05, Success rate (<0.1):1.000000, Success rate (<0.01):1.000000, Success rate (<0.001):1.000000
X=[-0.2,0.0], PQ=[0.6,0.8]: count:10, ill:0, Ang_MAX:1.266599e-06, Vol_MAX:2.384186e-06, Ang_mean±std:1.062453e-06±1.369043e-07, Vol_mean±std:2.241135e-06±8.920806e-08, P_MAX:3.149e-05, Q_MAX:7.941e-05, P_mean±std:3.088e-05±4.991e-07, Q_mean±std:7.299e-05±4.560e-06, P_RMSE:1.378e-05, Q_RMSE:2.569e-05, Success rate (<0.1):1.000000, Success rate (<0.01):1.000000, Success rate (<0.001):1.000000
X=[-0.2,0.0], PQ=[0.8,1.0]: count:10, ill:0, Ang_MAX:1.236796e-06, Vol_MAX:2.384186e-06, Ang_mean±std:1.081824e-06±1.091351e-07, Vol_mean±std:2.253056e-06±8.344650e-08, P_MAX:3.189e-05, Q_MAX:7.623e-05, P_mean±std:3.068e-05±5.268e-07, Q_mean±std:7.301e-05±2.218e-06, P_RMSE:1.372e-05, Q_RMSE:2.563e-05, Success rate (<0.1):1.000000, Success rate (<0.01):1.000000, Success rate (<0.001):1.000000
X=[-0.2,0.0], PQ=[1.0,1.2]: count:10, ill:0, Ang_MAX:1.192093e-06, Vol_MAX:2.264977e-06, Ang_mean±std:1.016259e-06±9.490063e-08, Vol_mean±std:2.193451e-06±7.907450e-08, P_MAX:3.154e-05, Q_MAX:8.064e-05, P_mean±std:3.080e-05±4.072e-07, Q_mean±std:7.232e-05±3.928e-06, P_RMSE:1.377e-05, Q_RMSE:2.556e-05, Success rate (<0.1):1.000000, Success rate (<0.01):1.000000, Success rate (<0.001):1.000000
X=[-0.2,0.0], PQ=[1.2,1.4]: count:10, ill:0, Ang_MAX:1.281500e-06, Vol_MAX:2.384186e-06, Ang_mean±std:1.078844e-06±1.091351e-07, Vol_mean±std:2.253056e-06±1.124618e-07, P_MAX:3.180e-05, Q_MAX:7.867e-05, P_mean±std:3.086e-05±5.877e-07, Q_mean±std:7.295e-05±2.617e-06, P_RMSE:1.377e-05, Q_RMSE:2.568e-05, Success rate (<0.1):1.000000, Success rate (<0.01):1.000000, Success rate (<0.001):1.000000
X=[-0.2,0.0], PQ=[1.4,1.6]: count:10, ill:0, Ang_MAX:1.192093e-06, Vol_MAX:2.384186e-06, Ang_mean±std:1.019239e-06±1.000044e-07, Vol_mean±std:2.253056e-06±6.419617e-08, P_MAX:3.178e-05, Q_MAX:7.880e-05, P_mean±std:3.084e-05±5.519e-07, Q_mean±std:7.390e-05±3.024e-06, P_RMSE:1.370e-05, Q_RMSE:2.603e-05, Success rate (<0.1):1.000000, Success rate (<0.01):1.000000, Success rate (<0.001):1.000000
X=[-0.2,0.0], PQ=[1.6,1.8]: count:10, ill:0, Ang_MAX:1.192093e-06, Vol_MAX:2.384186e-06, Ang_mean±std:1.031160e-06±1.096628e-07, Vol_mean±std:2.169609e-06±1.168008e-07, P_MAX:3.169e-05, Q_MAX:8.179e-05, P_mean±std:3.080e-05±6.314e-07, Q_mean±std:7.389e-05±3.811e-06, P_RMSE:1.378e-05, Q_RMSE:2.622e-05, Success rate (<0.1):1.000000, Success rate (<0.01):1.000000, Success rate (<0.001):1.000000
X=[-0.2,0.0], PQ=[1.8,2.0]: count:10, ill:0, Ang_MAX:1.311302e-06, Vol_MAX:2.384186e-06, Ang_mean±std:1.043081e-06±1.408928e-07, Vol_mean±std:2.229214e-06±1.072884e-07, P_MAX:3.132e-05, Q_MAX:7.940e-05, P_mean±std:3.082e-05±3.248e-07, Q_mean±std:7.390e-05±2.612e-06, P_RMSE:1.377e-05, Q_RMSE:2.602e-05, Success rate (<0.1):1.000000, Success rate (<0.01):1.000000, Success rate (<0.001):1.000000
X=[0.0,0.2], PQ=[-2.0,-1.8]: count:10, ill:0, Ang_MAX:1.236796e-06, Vol_MAX:2.264977e-06, Ang_mean±std:1.020730e-06±1.117587e-07, Vol_mean±std:2.217293e-06±5.840039e-08, P_MAX:3.145e-05, Q_MAX:7.455e-05, P_mean±std:3.087e-05±5.409e-07, Q_mean±std:7.123e-05±1.888e-06, P_RMSE:1.372e-05, Q_RMSE:2.516e-05, Success rate (<0.1):1.000000, Success rate (<0.01):1.000000, Success rate (<0.001):1.000000
X=[0.0,0.2], PQ=[-1.8,-1.6]: count:10, ill:0, Ang_MAX:1.236796e-06, Vol_MAX:2.384186e-06, Ang_mean±std:1.055002e-06±1.005801e-07, Vol_mean±std:2.205372e-06±1.221532e-07, P_MAX:3.207e-05, Q_MAX:7.756e-05, P_mean±std:3.064e-05±6.506e-07, Q_mean±std:7.077e-05±4.078e-06, P_RMSE:1.373e-05, Q_RMSE:2.498e-05, Success rate (<0.1):1.000000, Success rate (<0.01):1.000000, Success rate (<0.001):1.000000
X=[0.0,0.2], PQ=[-1.6,-1.4]: count:10, ill:0, Ang_MAX:1.192093e-06, Vol_MAX:2.384186e-06, Ang_mean±std:9.790063e-07±8.766393e-08, Vol_mean±std:2.205372e-06±9.610960e-08, P_MAX:3.106e-05, Q_MAX:7.751e-05, P_mean±std:3.056e-05±3.772e-07, Q_mean±std:7.259e-05±3.675e-06, P_RMSE:1.375e-05, Q_RMSE:2.568e-05, Success rate (<0.1):1.000000, Success rate (<0.01):1.000000, Success rate (<0.001):1.000000
X=[0.0,0.2], PQ=[-1.4,-1.2]: count:10, ill:0, Ang_MAX:1.147389e-06, Vol_MAX:2.264977e-06, Ang_mean±std:1.032650e-06±6.665668e-08, Vol_mean±std:2.169609e-06±8.920806e-08, P_MAX:3.147e-05, Q_MAX:7.760e-05, P_mean±std:3.066e-05±4.360e-07, Q_mean±std:7.208e-05±2.741e-06, P_RMSE:1.375e-05, Q_RMSE:2.546e-05, Success rate (<0.1):1.000000, Success rate (<0.01):1.000000, Success rate (<0.001):1.000000
X=[0.0,0.2], PQ=[-1.2,-1.0]: count:10, ill:0, Ang_MAX:1.370907e-06, Vol_MAX:2.264977e-06, Ang_mean±std:1.098216e-06±1.337872e-07, Vol_mean±std:2.205372e-06±7.996802e-08, P_MAX:3.098e-05, Q_MAX:7.689e-05, P_mean±std:3.033e-05±4.155e-07, Q_mean±std:7.197e-05±3.349e-06, P_RMSE:1.365e-05, Q_RMSE:2.536e-05, Success rate (<0.1):1.000000, Success rate (<0.01):1.000000, Success rate (<0.001):1.000000
X=[0.0,0.2], PQ=[-1.0,-0.8]: count:10, ill:0, Ang_MAX:1.147389e-06, Vol_MAX:2.264977e-06, Ang_mean±std:1.007318e-06±8.248301e-08, Vol_mean±std:2.193451e-06±7.907450e-08, P_MAX:3.187e-05, Q_MAX:7.670e-05, P_mean±std:3.065e-05±7.809e-07, Q_mean±std:7.179e-05±2.849e-06, P_RMSE:1.380e-05, Q_RMSE:2.530e-05, Success rate (<0.1):1.000000, Success rate (<0.01):1.000000, Success rate (<0.001):1.000000
X=[0.0,0.2], PQ=[-0.8,-0.6]: count:10, ill:0, Ang_MAX:1.206994e-06, Vol_MAX:2.384186e-06, Ang_mean±std:1.074374e-06±8.976636e-08, Vol_mean±std:2.229214e-06±1.072884e-07, P_MAX:3.105e-05, Q_MAX:7.636e-05, P_mean±std:3.065e-05±3.082e-07, Q_mean±std:7.238e-05±2.757e-06, P_RMSE:1.373e-05, Q_RMSE:2.544e-05, Success rate (<0.1):1.000000, Success rate (<0.01):1.000000, Success rate (<0.001):1.000000
X=[0.0,0.2], PQ=[-0.6,-0.4]: count:10, ill:0, Ang_MAX:1.102686e-06, Vol_MAX:2.384186e-06, Ang_mean±std:9.834766e-07±8.349970e-08, Vol_mean±std:2.181530e-06±1.072884e-07, P_MAX:3.153e-05, Q_MAX:7.686e-05, P_mean±std:3.068e-05±5.267e-07, Q_mean±std:7.160e-05±2.770e-06, P_RMSE:1.371e-05, Q_RMSE:2.519e-05, Success rate (<0.1):1.000000, Success rate (<0.01):1.000000, Success rate (<0.001):1.000000
X=[0.0,0.2], PQ=[-0.4,-0.2]: count:10, ill:0, Ang_MAX:1.221895e-06, Vol_MAX:2.384186e-06, Ang_mean±std:1.025200e-06±1.025477e-07, Vol_mean±std:2.229214e-06±1.198039e-07, P_MAX:3.132e-05, Q_MAX:7.605e-05, P_mean±std:3.068e-05±3.983e-07, Q_mean±std:7.263e-05±2.952e-06, P_RMSE:1.372e-05, Q_RMSE:2.554e-05, Success rate (<0.1):1.000000, Success rate (<0.01):1.000000, Success rate (<0.001):1.000000
X=[0.0,0.2], PQ=[-0.2,0.0]: count:10, ill:0, Ang_MAX:1.236796e-06, Vol_MAX:2.384186e-06, Ang_mean±std:1.055002e-06±1.144192e-07, Vol_mean±std:2.276897e-06±8.344650e-08, P_MAX:3.179e-05, Q_MAX:7.800e-05, P_mean±std:3.080e-05±5.106e-07, Q_mean±std:7.268e-05±3.022e-06, P_RMSE:1.361e-05, Q_RMSE:2.543e-05, Success rate (<0.1):1.000000, Success rate (<0.01):1.000000, Success rate (<0.001):1.000000
X=[0.0,0.2], PQ=[0.0,0.2]: count:10, ill:0, Ang_MAX:1.132488e-06, Vol_MAX:2.384186e-06, Ang_mean±std:1.001358e-06±7.592284e-08, Vol_mean±std:2.193451e-06±9.536743e-08, P_MAX:3.177e-05, Q_MAX:7.738e-05, P_mean±std:3.081e-05±4.779e-07, Q_mean±std:7.197e-05±2.988e-06, P_RMSE:1.377e-05, Q_RMSE:2.550e-05, Success rate (<0.1):1.000000, Success rate (<0.01):1.000000, Success rate (<0.001):1.000000
X=[0.0,0.2], PQ=[0.2,0.4]: count:10, ill:0, Ang_MAX:1.192093e-06, Vol_MAX:2.384186e-06, Ang_mean±std:1.032650e-06±9.749733e-08, Vol_mean±std:2.229214e-06±1.072884e-07, P_MAX:3.153e-05, Q_MAX:7.652e-05, P_mean±std:3.076e-05±5.182e-07, Q_mean±std:7.269e-05±2.390e-06, P_RMSE:1.373e-05, Q_RMSE:2.564e-05, Success rate (<0.1):1.000000, Success rate (<0.01):1.000000, Success rate (<0.001):1.000000
X=[0.0,0.2], PQ=[0.4,0.6]: count:10, ill:0, Ang_MAX:1.177192e-06, Vol_MAX:2.384186e-06, Ang_mean±std:1.031160e-06±1.008006e-07, Vol_mean±std:2.205372e-06±9.610960e-08, P_MAX:3.156e-05, Q_MAX:7.944e-05, P_mean±std:3.078e-05±3.910e-07, Q_mean±std:7.229e-05±3.340e-06, P_RMSE:1.380e-05, Q_RMSE:2.572e-05, Success rate (<0.1):1.000000, Success rate (<0.01):1.000000, Success rate (<0.001):1.000000
X=[0.0,0.2], PQ=[0.6,0.8]: count:10, ill:0, Ang_MAX:1.132488e-06, Vol_MAX:2.384186e-06, Ang_mean±std:1.052022e-06±7.486258e-08, Vol_mean±std:2.241135e-06±8.920806e-08, P_MAX:3.152e-05, Q_MAX:7.540e-05, P_mean±std:3.071e-05±6.292e-07, Q_mean±std:7.164e-05±2.201e-06, P_RMSE:1.367e-05, Q_RMSE:2.512e-05, Success rate (<0.1):1.000000, Success rate (<0.01):1.000000, Success rate (<0.001):1.000000
X=[0.0,0.2], PQ=[0.8,1.0]: count:10, ill:0, Ang_MAX:1.162291e-06, Vol_MAX:2.384186e-06, Ang_mean±std:1.043081e-06±9.587829e-08, Vol_mean±std:2.241135e-06±7.152557e-08, P_MAX:3.169e-05, Q_MAX:7.640e-05, P_mean±std:3.094e-05±4.313e-07, Q_mean±std:7.321e-05±2.238e-06, P_RMSE:1.375e-05, Q_RMSE:2.572e-05, Success rate (<0.1):1.000000, Success rate (<0.01):1.000000, Success rate (<0.001):1.000000
X=[0.0,0.2], PQ=[1.0,1.2]: count:10, ill:0, Ang_MAX:1.206994e-06, Vol_MAX:2.384186e-06, Ang_mean±std:1.093745e-06±8.920806e-08, Vol_mean±std:2.253056e-06±6.419617e-08, P_MAX:3.156e-05, Q_MAX:7.908e-05, P_mean±std:3.074e-05±4.762e-07, Q_mean±std:7.413e-05±2.682e-06, P_RMSE:1.369e-05, Q_RMSE:2.601e-05, Success rate (<0.1):1.000000, Success rate (<0.01):1.000000, Success rate (<0.001):1.000000
X=[0.0,0.2], PQ=[1.2,1.4]: count:10, ill:0, Ang_MAX:1.221895e-06, Vol_MAX:2.384186e-06, Ang_mean±std:1.025200e-06±1.076190e-07, Vol_mean±std:2.229214e-06±1.072884e-07, P_MAX:3.172e-05, Q_MAX:7.785e-05, P_mean±std:3.084e-05±5.515e-07, Q_mean±std:7.238e-05±2.502e-06, P_RMSE:1.371e-05, Q_RMSE:2.546e-05, Success rate (<0.1):1.000000, Success rate (<0.01):1.000000, Success rate (<0.001):1.000000
X=[0.0,0.2], PQ=[1.4,1.6]: count:10, ill:0, Ang_MAX:1.162291e-06, Vol_MAX:2.384186e-06, Ang_mean±std:1.034141e-06±7.515860e-08, Vol_mean±std:2.217293e-06±9.536743e-08, P_MAX:3.170e-05, Q_MAX:8.129e-05, P_mean±std:3.076e-05±5.434e-07, Q_mean±std:7.292e-05±4.393e-06, P_RMSE:1.372e-05, Q_RMSE:2.575e-05, Success rate (<0.1):1.000000, Success rate (<0.01):1.000000, Success rate (<0.001):1.000000
X=[0.0,0.2], PQ=[1.6,1.8]: count:10, ill:0, Ang_MAX:1.162291e-06, Vol_MAX:2.264977e-06, Ang_mean±std:1.031160e-06±8.101629e-08, Vol_mean±std:2.157688e-06±9.902267e-08, P_MAX:3.151e-05, Q_MAX:7.565e-05, P_mean±std:3.089e-05±3.578e-07, Q_mean±std:7.164e-05±2.828e-06, P_RMSE:1.380e-05, Q_RMSE:2.534e-05, Success rate (<0.1):1.000000, Success rate (<0.01):1.000000, Success rate (<0.001):1.000000
X=[0.0,0.2], PQ=[1.8,2.0]: count:10, ill:0, Ang_MAX:1.102686e-06, Vol_MAX:2.264977e-06, Ang_mean±std:1.007318e-06±6.995615e-08, Vol_mean±std:2.157688e-06±6.419617e-08, P_MAX:3.232e-05, Q_MAX:7.282e-05, P_mean±std:3.105e-05±6.782e-07, Q_mean±std:6.904e-05±1.977e-06, P_RMSE:1.383e-05, Q_RMSE:2.432e-05, Success rate (<0.1):1.000000, Success rate (<0.01):1.000000, Success rate (<0.001):1.000000
X=[0.2,0.4], PQ=[-2.0,-1.8]: count:10, ill:0, Ang_MAX:1.266599e-06, Vol_MAX:2.384186e-06, Ang_mean±std:1.046062e-06±1.174832e-07, Vol_mean±std:2.241135e-06±7.152557e-08, P_MAX:3.100e-05, Q_MAX:7.727e-05, P_mean±std:3.048e-05±3.930e-07, Q_mean±std:7.402e-05±1.806e-06, P_RMSE:1.366e-05, Q_RMSE:2.606e-05, Success rate (<0.1):1.000000, Success rate (<0.01):1.000000, Success rate (<0.001):1.000000
X=[0.2,0.4], PQ=[-1.8,-1.6]: count:10, ill:0, Ang_MAX:1.251698e-06, Vol_MAX:2.384186e-06, Ang_mean±std:1.068413e-06±1.188455e-07, Vol_mean±std:2.253056e-06±9.902267e-08, P_MAX:3.152e-05, Q_MAX:7.831e-05, P_mean±std:3.049e-05±4.829e-07, Q_mean±std:7.263e-05±3.198e-06, P_RMSE:1.362e-05, Q_RMSE:2.553e-05, Success rate (<0.1):1.000000, Success rate (<0.01):1.000000, Success rate (<0.001):1.000000
X=[0.2,0.4], PQ=[-1.6,-1.4]: count:10, ill:0, Ang_MAX:1.221895e-06, Vol_MAX:2.384186e-06, Ang_mean±std:1.031160e-06±8.960543e-08, Vol_mean±std:2.205372e-06±1.099055e-07, P_MAX:3.111e-05, Q_MAX:7.939e-05, P_mean±std:3.043e-05±6.451e-07, Q_mean±std:7.410e-05±2.573e-06, P_RMSE:1.366e-05, Q_RMSE:2.614e-05, Success rate (<0.1):1.000000, Success rate (<0.01):1.000000, Success rate (<0.001):1.000000
X=[0.2,0.4], PQ=[-1.4,-1.2]: count:10, ill:0, Ang_MAX:1.117587e-06, Vol_MAX:2.264977e-06, Ang_mean±std:1.017749e-06±7.970380e-08, Vol_mean±std:2.181530e-06±5.462856e-08, P_MAX:3.168e-05, Q_MAX:7.517e-05, P_mean±std:3.066e-05±5.408e-07, Q_mean±std:7.176e-05±1.972e-06, P_RMSE:1.369e-05, Q_RMSE:2.533e-05, Success rate (<0.1):1.000000, Success rate (<0.01):1.000000, Success rate (<0.001):1.000000
X=[0.2,0.4], PQ=[-1.2,-1.0]: count:10, ill:0, Ang_MAX:1.206994e-06, Vol_MAX:2.264977e-06, Ang_mean±std:1.026690e-06±9.025972e-08, Vol_mean±std:2.157688e-06±6.419617e-08, P_MAX:3.202e-05, Q_MAX:7.781e-05, P_mean±std:3.078e-05±5.231e-07, Q_mean±std:7.203e-05±3.231e-06, P_RMSE:1.379e-05, Q_RMSE:2.547e-05, Success rate (<0.1):1.000000, Success rate (<0.01):1.000000, Success rate (<0.001):1.000000
X=[0.2,0.4], PQ=[-1.0,-0.8]: count:10, ill:0, Ang_MAX:1.162291e-06, Vol_MAX:2.264977e-06, Ang_mean±std:1.041591e-06±7.066670e-08, Vol_mean±std:2.181530e-06±9.310543e-08, P_MAX:3.163e-05, Q_MAX:7.479e-05, P_mean±std:3.089e-05±6.400e-07, Q_mean±std:7.145e-05±2.244e-06, P_RMSE:1.380e-05, Q_RMSE:2.518e-05, Success rate (<0.1):1.000000, Success rate (<0.01):1.000000, Success rate (<0.001):1.000000
X=[0.2,0.4], PQ=[-0.8,-0.6]: count:10, ill:0, Ang_MAX:1.102686e-06, Vol_MAX:2.384186e-06, Ang_mean±std:9.804964e-07±7.014634e-08, Vol_mean±std:2.205372e-06±9.610960e-08, P_MAX:3.166e-05, Q_MAX:7.440e-05, P_mean±std:3.076e-05±6.156e-07, Q_mean±std:7.194e-05±2.749e-06, P_RMSE:1.377e-05, Q_RMSE:2.536e-05, Success rate (<0.1):1.000000, Success rate (<0.01):1.000000, Success rate (<0.001):1.000000
X=[0.2,0.4], PQ=[-0.6,-0.4]: count:10, ill:0, Ang_MAX:1.206994e-06, Vol_MAX:2.384186e-06, Ang_mean±std:1.035631e-06±1.198131e-07, Vol_mean±std:2.193451e-06±1.092571e-07, P_MAX:3.130e-05, Q_MAX:7.439e-05, P_mean±std:3.055e-05±4.360e-07, Q_mean±std:7.073e-05±2.457e-06, P_RMSE:1.383e-05, Q_RMSE:2.488e-05, Success rate (<0.1):1.000000, Success rate (<0.01):1.000000, Success rate (<0.001):1.000000
X=[0.2,0.4], PQ=[-0.4,-0.2]: count:10, ill:0, Ang_MAX:1.266599e-06, Vol_MAX:2.503395e-06, Ang_mean±std:1.038611e-06±1.217982e-07, Vol_mean±std:2.205372e-06±1.221532e-07, P_MAX:3.155e-05, Q_MAX:7.525e-05, P_mean±std:3.086e-05±4.864e-07, Q_mean±std:7.189e-05±1.628e-06, P_RMSE:1.383e-05, Q_RMSE:2.539e-05, Success rate (<0.1):1.000000, Success rate (<0.01):1.000000, Success rate (<0.001):1.000000
X=[0.2,0.4], PQ=[-0.2,0.0]: count:10, ill:0, Ang_MAX:1.177192e-06, Vol_MAX:2.384186e-06, Ang_mean±std:1.022220e-06±9.476014e-08, Vol_mean±std:2.205372e-06±9.610960e-08, P_MAX:3.108e-05, Q_MAX:7.660e-05, P_mean±std:3.061e-05±5.385e-07, Q_mean±std:7.298e-05±2.581e-06, P_RMSE:1.373e-05, Q_RMSE:2.585e-05, Success rate (<0.1):1.000000, Success rate (<0.01):1.000000, Success rate (<0.001):1.000000
X=[0.2,0.4], PQ=[0.0,0.2]: count:10, ill:0, Ang_MAX:1.162291e-06, Vol_MAX:2.503395e-06, Ang_mean±std:1.020730e-06±9.263921e-08, Vol_mean±std:2.276897e-06±1.124618e-07, P_MAX:3.110e-05, Q_MAX:7.874e-05, P_mean±std:3.056e-05±3.693e-07, Q_mean±std:7.372e-05±3.059e-06, P_RMSE:1.377e-05, Q_RMSE:2.607e-05, Success rate (<0.1):1.000000, Success rate (<0.01):1.000000, Success rate (<0.001):1.000000
X=[0.2,0.4], PQ=[0.2,0.4]: count:10, ill:0, Ang_MAX:1.266599e-06, Vol_MAX:2.384186e-06, Ang_mean±std:1.105666e-06±9.559998e-08, Vol_mean±std:2.229214e-06±1.198039e-07, P_MAX:3.135e-05, Q_MAX:7.837e-05, P_mean±std:3.072e-05±4.166e-07, Q_mean±std:7.296e-05±3.937e-06, P_RMSE:1.378e-05, Q_RMSE:2.577e-05, Success rate (<0.1):1.000000, Success rate (<0.01):1.000000, Success rate (<0.001):1.000000
X=[0.2,0.4], PQ=[0.4,0.6]: count:10, ill:0, Ang_MAX:1.281500e-06, Vol_MAX:2.264977e-06, Ang_mean±std:1.074374e-06±1.119969e-07, Vol_mean±std:2.193451e-06±5.840039e-08, P_MAX:3.134e-05, Q_MAX:7.525e-05, P_mean±std:3.066e-05±5.683e-07, Q_mean±std:7.277e-05±1.724e-06, P_RMSE:1.362e-05, Q_RMSE:2.575e-05, Success rate (<0.1):1.000000, Success rate (<0.01):1.000000, Success rate (<0.001):1.000000
X=[0.2,0.4], PQ=[0.6,0.8]: count:10, ill:0, Ang_MAX:1.221895e-06, Vol_MAX:2.384186e-06, Ang_mean±std:1.035631e-06±1.282279e-07, Vol_mean±std:2.193451e-06±9.536743e-08, P_MAX:3.152e-05, Q_MAX:7.395e-05, P_mean±std:3.083e-05±5.302e-07, Q_mean±std:6.976e-05±2.123e-06, P_RMSE:1.377e-05, Q_RMSE:2.453e-05, Success rate (<0.1):1.000000, Success rate (<0.01):1.000000, Success rate (<0.001):1.000000
X=[0.2,0.4], PQ=[0.8,1.0]: count:10, ill:0, Ang_MAX:1.281500e-06, Vol_MAX:2.264977e-06, Ang_mean±std:1.017749e-06±1.290564e-07, Vol_mean±std:2.181530e-06±5.462856e-08, P_MAX:3.135e-05, Q_MAX:7.362e-05, P_mean±std:3.064e-05±5.919e-07, Q_mean±std:7.079e-05±2.084e-06, P_RMSE:1.379e-05, Q_RMSE:2.497e-05, Success rate (<0.1):1.000000, Success rate (<0.01):1.000000, Success rate (<0.001):1.000000
X=[0.2,0.4], PQ=[1.0,1.2]: count:10, ill:0, Ang_MAX:1.311302e-06, Vol_MAX:2.264977e-06, Ang_mean±std:1.114607e-06±1.342428e-07, Vol_mean±std:2.181530e-06±5.462856e-08, P_MAX:3.195e-05, Q_MAX:7.502e-05, P_mean±std:3.098e-05±5.220e-07, Q_mean±std:7.224e-05±2.118e-06, P_RMSE:1.379e-05, Q_RMSE:2.548e-05, Success rate (<0.1):1.000000, Success rate (<0.01):1.000000, Success rate (<0.001):1.000000
X=[0.2,0.4], PQ=[1.2,1.4]: count:10, ill:0, Ang_MAX:1.192093e-06, Vol_MAX:2.264977e-06, Ang_mean±std:1.056492e-06±7.640388e-08, Vol_mean±std:2.181530e-06±9.310543e-08, P_MAX:3.145e-05, Q_MAX:7.787e-05, P_mean±std:3.078e-05±4.194e-07, Q_mean±std:7.116e-05±3.228e-06, P_RMSE:1.378e-05, Q_RMSE:2.503e-05, Success rate (<0.1):1.000000, Success rate (<0.01):1.000000, Success rate (<0.001):1.000000
X=[0.2,0.4], PQ=[1.4,1.6]: count:10, ill:0, Ang_MAX:1.236796e-06, Vol_MAX:2.384186e-06, Ang_mean±std:1.081824e-06±9.888804e-08, Vol_mean±std:2.253056e-06±1.244582e-07, P_MAX:3.205e-05, Q_MAX:7.894e-05, P_mean±std:3.073e-05±7.081e-07, Q_mean±std:7.171e-05±3.082e-06, P_RMSE:1.366e-05, Q_RMSE:2.516e-05, Success rate (<0.1):1.000000, Success rate (<0.01):1.000000, Success rate (<0.001):1.000000
X=[0.2,0.4], PQ=[1.6,1.8]: count:10, ill:0, Ang_MAX:1.281500e-06, Vol_MAX:2.384186e-06, Ang_mean±std:1.066923e-06±1.095413e-07, Vol_mean±std:2.181530e-06±1.072884e-07, P_MAX:3.186e-05, Q_MAX:7.655e-05, P_mean±std:3.084e-05±5.056e-07, Q_mean±std:7.141e-05±3.078e-06, P_RMSE:1.376e-05, Q_RMSE:2.513e-05, Success rate (<0.1):1.000000, Success rate (<0.01):1.000000, Success rate (<0.001):1.000000
X=[0.2,0.4], PQ=[1.8,2.0]: count:10, ill:0, Ang_MAX:1.221895e-06, Vol_MAX:2.384186e-06, Ang_mean±std:1.035631e-06±9.912353e-08, Vol_mean±std:2.264977e-06±7.539457e-08, P_MAX:3.208e-05, Q_MAX:8.035e-05, P_mean±std:3.081e-05±8.089e-07, Q_mean±std:7.373e-05±2.750e-06, P_RMSE:1.371e-05, Q_RMSE:2.600e-05, Success rate (<0.1):1.000000, Success rate (<0.01):1.000000, Success rate (<0.001):1.000000
X=[0.4,0.6], PQ=[-2.0,-1.8]: count:10, ill:0, Ang_MAX:1.251698e-06, Vol_MAX:2.384186e-06, Ang_mean±std:1.083314e-06±1.105200e-07, Vol_mean±std:2.181530e-06±1.072884e-07, P_MAX:3.245e-05, Q_MAX:7.585e-05, P_mean±std:3.101e-05±5.599e-07, Q_mean±std:7.175e-05±2.566e-06, P_RMSE:1.384e-05, Q_RMSE:2.541e-05, Success rate (<0.1):1.000000, Success rate (<0.01):1.000000, Success rate (<0.001):1.000000
X=[0.4,0.6], PQ=[-1.8,-1.6]: count:10, ill:0, Ang_MAX:1.192093e-06, Vol_MAX:2.503395e-06, Ang_mean±std:1.090765e-06±8.528881e-08, Vol_mean±std:2.300739e-06±9.310543e-08, P_MAX:3.205e-05, Q_MAX:7.651e-05, P_mean±std:3.058e-05±9.312e-07, Q_mean±std:7.297e-05±2.485e-06, P_RMSE:1.372e-05, Q_RMSE:2.558e-05, Success rate (<0.1):1.000000, Success rate (<0.01):1.000000, Success rate (<0.001):1.000000
X=[0.4,0.6], PQ=[-1.6,-1.4]: count:10, ill:0, Ang_MAX:1.296401e-06, Vol_MAX:2.384186e-06, Ang_mean±std:1.040101e-06±1.529530e-07, Vol_mean±std:2.193451e-06±9.536743e-08, P_MAX:3.161e-05, Q_MAX:7.717e-05, P_mean±std:3.040e-05±8.774e-07, Q_mean±std:7.254e-05±2.963e-06, P_RMSE:1.359e-05, Q_RMSE:2.563e-05, Success rate (<0.1):1.000000, Success rate (<0.01):1.000000, Success rate (<0.001):1.000000
X=[0.4,0.6], PQ=[-1.4,-1.2]: count:10, ill:0, Ang_MAX:1.132488e-06, Vol_MAX:2.384186e-06, Ang_mean±std:1.041591e-06±7.434171e-08, Vol_mean±std:2.217293e-06±1.092571e-07, P_MAX:3.142e-05, Q_MAX:8.146e-05, P_mean±std:3.094e-05±3.675e-07, Q_mean±std:7.311e-05±3.432e-06, P_RMSE:1.369e-05, Q_RMSE:2.582e-05, Success rate (<0.1):1.000000, Success rate (<0.01):1.000000, Success rate (<0.001):1.000000
X=[0.4,0.6], PQ=[-1.2,-1.0]: count:10, ill:0, Ang_MAX:1.192093e-06, Vol_MAX:2.384186e-06, Ang_mean±std:1.034141e-06±9.238720e-08, Vol_mean±std:2.217293e-06±9.536743e-08, P_MAX:3.200e-05, Q_MAX:7.716e-05, P_mean±std:3.078e-05±6.580e-07, Q_mean±std:7.215e-05±3.572e-06, P_RMSE:1.383e-05, Q_RMSE:2.539e-05, Success rate (<0.1):1.000000, Success rate (<0.01):1.000000, Success rate (<0.001):1.000000
X=[0.4,0.6], PQ=[-1.0,-0.8]: count:10, ill:0, Ang_MAX:1.341105e-06, Vol_MAX:2.384186e-06, Ang_mean±std:1.065433e-06±1.261329e-07, Vol_mean±std:2.264977e-06±9.233912e-08, P_MAX:3.197e-05, Q_MAX:7.623e-05, P_mean±std:3.032e-05±8.086e-07, Q_mean±std:7.117e-05±3.066e-06, P_RMSE:1.371e-05, Q_RMSE:2.499e-05, Success rate (<0.1):1.000000, Success rate (<0.01):1.000000, Success rate (<0.001):1.000000
X=[0.4,0.6], PQ=[-0.8,-0.6]: count:10, ill:0, Ang_MAX:1.192093e-06, Vol_MAX:2.384186e-06, Ang_mean±std:1.031160e-06±8.424100e-08, Vol_mean±std:2.205372e-06±1.332800e-07, P_MAX:3.138e-05, Q_MAX:8.026e-05, P_mean±std:3.063e-05±5.636e-07, Q_mean±std:7.208e-05±5.454e-06, P_RMSE:1.370e-05, Q_RMSE:2.553e-05, Success rate (<0.1):1.000000, Success rate (<0.01):1.000000, Success rate (<0.001):1.000000
X=[0.4,0.6], PQ=[-0.6,-0.4]: count:10, ill:0, Ang_MAX:1.341105e-06, Vol_MAX:2.384186e-06, Ang_mean±std:1.130998e-06±1.227787e-07, Vol_mean±std:2.288818e-06±7.152557e-08, P_MAX:3.159e-05, Q_MAX:7.576e-05, P_mean±std:3.112e-05±4.305e-07, Q_mean±std:7.162e-05±1.984e-06, P_RMSE:1.383e-05, Q_RMSE:2.514e-05, Success rate (<0.1):1.000000, Success rate (<0.01):1.000000, Success rate (<0.001):1.000000
X=[0.4,0.6], PQ=[-0.4,-0.2]: count:10, ill:0, Ang_MAX:1.206994e-06, Vol_MAX:2.384186e-06, Ang_mean±std:1.078844e-06±9.476014e-08, Vol_mean±std:2.264977e-06±9.233912e-08, P_MAX:3.178e-05, Q_MAX:7.638e-05, P_mean±std:3.087e-05±4.253e-07, Q_mean±std:7.283e-05±3.196e-06, P_RMSE:1.372e-05, Q_RMSE:2.573e-05, Success rate (<0.1):1.000000, Success rate (<0.01):1.000000, Success rate (<0.001):1.000000
X=[0.4,0.6], PQ=[-0.2,0.0]: count:10, ill:0, Ang_MAX:1.236796e-06, Vol_MAX:2.384186e-06, Ang_mean±std:1.055002e-06±7.907450e-08, Vol_mean±std:2.253056e-06±8.344650e-08, P_MAX:3.132e-05, Q_MAX:7.540e-05, P_mean±std:3.057e-05±4.406e-07, Q_mean±std:7.242e-05±2.445e-06, P_RMSE:1.371e-05, Q_RMSE:2.555e-05, Success rate (<0.1):1.000000, Success rate (<0.01):1.000000, Success rate (<0.001):1.000000
X=[0.4,0.6], PQ=[0.0,0.2]: count:10, ill:0, Ang_MAX:1.311302e-06, Vol_MAX:2.384186e-06, Ang_mean±std:1.081824e-06±1.111511e-07, Vol_mean±std:2.217293e-06±9.536743e-08, P_MAX:3.179e-05, Q_MAX:7.936e-05, P_mean±std:3.047e-05±8.143e-07, Q_mean±std:7.178e-05±3.018e-06, P_RMSE:1.366e-05, Q_RMSE:2.532e-05, Success rate (<0.1):1.000000, Success rate (<0.01):1.000000, Success rate (<0.001):1.000000
X=[0.4,0.6], PQ=[0.2,0.4]: count:10, ill:0, Ang_MAX:1.311302e-06, Vol_MAX:2.384186e-06, Ang_mean±std:1.066923e-06±1.331467e-07, Vol_mean±std:2.229214e-06±9.310543e-08, P_MAX:3.156e-05, Q_MAX:7.853e-05, P_mean±std:3.062e-05±6.753e-07, Q_mean±std:7.197e-05±3.510e-06, P_RMSE:1.373e-05, Q_RMSE:2.534e-05, Success rate (<0.1):1.000000, Success rate (<0.01):1.000000, Success rate (<0.001):1.000000
X=[0.4,0.6], PQ=[0.4,0.6]: count:10, ill:0, Ang_MAX:1.147389e-06, Vol_MAX:2.384186e-06, Ang_mean±std:9.834766e-07±8.402987e-08, Vol_mean±std:2.205372e-06±9.610960e-08, P_MAX:3.156e-05, Q_MAX:7.576e-05, P_mean±std:3.087e-05±4.751e-07, Q_mean±std:7.247e-05±2.058e-06, P_RMSE:1.376e-05, Q_RMSE:2.556e-05, Success rate (<0.1):1.000000, Success rate (<0.01):1.000000, Success rate (<0.001):1.000000
X=[0.4,0.6], PQ=[0.6,0.8]: count:10, ill:0, Ang_MAX:1.251698e-06, Vol_MAX:2.384186e-06, Ang_mean±std:1.046062e-06±1.178606e-07, Vol_mean±std:2.205372e-06±9.610960e-08, P_MAX:3.144e-05, Q_MAX:7.761e-05, P_mean±std:3.075e-05±5.515e-07, Q_mean±std:7.245e-05±2.871e-06, P_RMSE:1.377e-05, Q_RMSE:2.549e-05, Success rate (<0.1):1.000000, Success rate (<0.01):1.000000, Success rate (<0.001):1.000000
X=[0.4,0.6], PQ=[0.8,1.0]: count:10, ill:0, Ang_MAX:1.236796e-06, Vol_MAX:2.384186e-06, Ang_mean±std:1.098216e-06±9.907872e-08, Vol_mean±std:2.264977e-06±1.192093e-07, P_MAX:3.124e-05, Q_MAX:7.714e-05, P_mean±std:3.048e-05±6.064e-07, Q_mean±std:7.286e-05±2.538e-06, P_RMSE:1.363e-05, Q_RMSE:2.560e-05, Success rate (<0.1):1.000000, Success rate (<0.01):1.000000, Success rate (<0.001):1.000000
X=[0.4,0.6], PQ=[1.0,1.2]: count:10, ill:0, Ang_MAX:1.251698e-06, Vol_MAX:2.384186e-06, Ang_mean±std:1.086295e-06±1.194791e-07, Vol_mean±std:2.276897e-06±1.124618e-07, P_MAX:3.232e-05, Q_MAX:7.704e-05, P_mean±std:3.108e-05±4.790e-07, Q_mean±std:7.226e-05±3.500e-06, P_RMSE:1.373e-05, Q_RMSE:2.531e-05, Success rate (<0.1):1.000000, Success rate (<0.01):1.000000, Success rate (<0.001):1.000000
X=[0.4,0.6], PQ=[1.2,1.4]: count:10, ill:0, Ang_MAX:1.132488e-06, Vol_MAX:2.384186e-06, Ang_mean±std:1.020730e-06±9.731496e-08, Vol_mean±std:2.241135e-06±1.168008e-07, P_MAX:3.167e-05, Q_MAX:7.657e-05, P_mean±std:3.082e-05±5.091e-07, Q_mean±std:7.272e-05±3.057e-06, P_RMSE:1.374e-05, Q_RMSE:2.550e-05, Success rate (<0.1):1.000000, Success rate (<0.01):1.000000, Success rate (<0.001):1.000000
X=[0.4,0.6], PQ=[1.4,1.6]: count:10, ill:0, Ang_MAX:1.162291e-06, Vol_MAX:2.264977e-06, Ang_mean±std:1.052022e-06±5.778885e-08, Vol_mean±std:2.193451e-06±7.907450e-08, P_MAX:3.116e-05, Q_MAX:8.029e-05, P_mean±std:3.068e-05±2.724e-07, Q_mean±std:7.226e-05±3.741e-06, P_RMSE:1.376e-05, Q_RMSE:2.565e-05, Success rate (<0.1):1.000000, Success rate (<0.01):1.000000, Success rate (<0.001):1.000000
X=[0.4,0.6], PQ=[1.6,1.8]: count:10, ill:0, Ang_MAX:1.162291e-06, Vol_MAX:2.264977e-06, Ang_mean±std:1.029670e-06±7.953647e-08, Vol_mean±std:2.181530e-06±5.462856e-08, P_MAX:3.112e-05, Q_MAX:7.903e-05, P_mean±std:3.057e-05±4.347e-07, Q_mean±std:7.268e-05±3.492e-06, P_RMSE:1.367e-05, Q_RMSE:2.557e-05, Success rate (<0.1):1.000000, Success rate (<0.01):1.000000, Success rate (<0.001):1.000000
X=[0.4,0.6], PQ=[1.8,2.0]: count:10, ill:0, Ang_MAX:1.311302e-06, Vol_MAX:2.264977e-06, Ang_mean±std:1.075864e-06±1.212043e-07, Vol_mean±std:2.229214e-06±7.633119e-08, P_MAX:3.210e-05, Q_MAX:7.430e-05, P_mean±std:3.123e-05±5.185e-07, Q_mean±std:7.157e-05±2.290e-06, P_RMSE:1.378e-05, Q_RMSE:2.514e-05, Success rate (<0.1):1.000000, Success rate (<0.01):1.000000, Success rate (<0.001):1.000000
X=[0.6,0.8], PQ=[-2.0,-1.8]: count:10, ill:0, Ang_MAX:1.221895e-06, Vol_MAX:2.384186e-06, Ang_mean±std:1.065433e-06±8.303304e-08, Vol_mean±std:2.264977e-06±9.233912e-08, P_MAX:3.167e-05, Q_MAX:7.830e-05, P_mean±std:3.073e-05±5.355e-07, Q_mean±std:7.400e-05±3.523e-06, P_RMSE:1.376e-05, Q_RMSE:2.616e-05, Success rate (<0.1):1.000000, Success rate (<0.01):1.000000, Success rate (<0.001):1.000000
X=[0.6,0.8], PQ=[-1.8,-1.6]: count:10, ill:0, Ang_MAX:1.311302e-06, Vol_MAX:2.384186e-06, Ang_mean±std:1.111627e-06±8.945662e-08, Vol_mean±std:2.264977e-06±7.539457e-08, P_MAX:3.167e-05, Q_MAX:7.742e-05, P_mean±std:3.085e-05±5.106e-07, Q_mean±std:7.364e-05±2.208e-06, P_RMSE:1.374e-05, Q_RMSE:2.589e-05, Success rate (<0.1):1.000000, Success rate (<0.01):1.000000, Success rate (<0.001):1.000000
X=[0.6,0.8], PQ=[-1.6,-1.4]: count:10, ill:0, Ang_MAX:1.460314e-06, Vol_MAX:2.503395e-06, Ang_mean±std:1.084805e-06±1.833267e-07, Vol_mean±std:2.241135e-06±1.039242e-07, P_MAX:3.142e-05, Q_MAX:7.565e-05, P_mean±std:3.043e-05±3.913e-07, Q_mean±std:7.121e-05±2.890e-06, P_RMSE:1.374e-05, Q_RMSE:2.509e-05, Success rate (<0.1):1.000000, Success rate (<0.01):1.000000, Success rate (<0.001):1.000000
X=[0.6,0.8], PQ=[-1.4,-1.2]: count:10, ill:0, Ang_MAX:1.311302e-06, Vol_MAX:2.384186e-06, Ang_mean±std:1.150370e-06±1.281500e-07, Vol_mean±std:2.241135e-06±8.920806e-08, P_MAX:3.161e-05, Q_MAX:7.865e-05, P_mean±std:3.072e-05±7.550e-07, Q_mean±std:7.267e-05±3.344e-06, P_RMSE:1.375e-05, Q_RMSE:2.560e-05, Success rate (<0.1):1.000000, Success rate (<0.01):1.000000, Success rate (<0.001):1.000000
X=[0.6,0.8], PQ=[-1.2,-1.0]: count:10, ill:0, Ang_MAX:1.341105e-06, Vol_MAX:2.384186e-06, Ang_mean±std:1.113117e-06±1.084923e-07, Vol_mean±std:2.300739e-06±7.633119e-08, P_MAX:3.178e-05, Q_MAX:8.066e-05, P_mean±std:3.046e-05±9.827e-07, Q_mean±std:7.405e-05±3.548e-06, P_RMSE:1.360e-05, Q_RMSE:2.593e-05, Success rate (<0.1):1.000000, Success rate (<0.01):1.000000, Success rate (<0.001):1.000000
X=[0.6,0.8], PQ=[-1.0,-0.8]: count:10, ill:0, Ang_MAX:1.430511e-06, Vol_MAX:2.384186e-06, Ang_mean±std:1.139939e-06±1.241813e-07, Vol_mean±std:2.229214e-06±7.633119e-08, P_MAX:3.150e-05, Q_MAX:7.774e-05, P_mean±std:3.075e-05±5.841e-07, Q_mean±std:7.169e-05±3.308e-06, P_RMSE:1.369e-05, Q_RMSE:2.534e-05, Success rate (<0.1):1.000000, Success rate (<0.01):1.000000, Success rate (<0.001):1.000000
X=[0.6,0.8], PQ=[-0.8,-0.6]: count:10, ill:0, Ang_MAX:1.281500e-06, Vol_MAX:2.384186e-06, Ang_mean±std:1.044571e-06±1.336876e-07, Vol_mean±std:2.241135e-06±8.920806e-08, P_MAX:3.136e-05, Q_MAX:7.877e-05, P_mean±std:3.068e-05±6.410e-07, Q_mean±std:7.262e-05±3.434e-06, P_RMSE:1.371e-05, Q_RMSE:2.552e-05, Success rate (<0.1):1.000000, Success rate (<0.01):1.000000, Success rate (<0.001):1.000000
X=[0.6,0.8], PQ=[-0.6,-0.4]: count:10, ill:0, Ang_MAX:1.311302e-06, Vol_MAX:2.384186e-06, Ang_mean±std:1.093745e-06±1.169907e-07, Vol_mean±std:2.253056e-06±8.344650e-08, P_MAX:3.153e-05, Q_MAX:7.596e-05, P_mean±std:3.067e-05±4.542e-07, Q_mean±std:7.330e-05±1.971e-06, P_RMSE:1.376e-05, Q_RMSE:2.569e-05, Success rate (<0.1):1.000000, Success rate (<0.01):1.000000, Success rate (<0.001):1.000000
X=[0.6,0.8], PQ=[-0.4,-0.2]: count:10, ill:0, Ang_MAX:1.162291e-06, Vol_MAX:2.384186e-06, Ang_mean±std:1.049042e-06±7.486258e-08, Vol_mean±std:2.229214e-06±1.311302e-07, P_MAX:3.154e-05, Q_MAX:7.943e-05, P_mean±std:3.063e-05±4.668e-07, Q_mean±std:7.357e-05±3.456e-06, P_RMSE:1.379e-05, Q_RMSE:2.595e-05, Success rate (<0.1):1.000000, Success rate (<0.01):1.000000, Success rate (<0.001):1.000000
X=[0.6,0.8], PQ=[-0.2,0.0]: count:10, ill:0, Ang_MAX:1.177192e-06, Vol_MAX:2.384186e-06, Ang_mean±std:1.062453e-06±1.095109e-07, Vol_mean±std:2.229214e-06±1.072884e-07, P_MAX:3.129e-05, Q_MAX:7.994e-05, P_mean±std:3.062e-05±4.877e-07, Q_mean±std:7.340e-05±4.090e-06, P_RMSE:1.381e-05, Q_RMSE:2.597e-05, Success rate (<0.1):1.000000, Success rate (<0.01):1.000000, Success rate (<0.001):1.000000
X=[0.6,0.8], PQ=[0.0,0.2]: count:10, ill:0, Ang_MAX:1.251698e-06, Vol_MAX:2.384186e-06, Ang_mean±std:1.092255e-06±1.274986e-07, Vol_mean±std:2.229214e-06±7.633119e-08, P_MAX:3.178e-05, Q_MAX:7.935e-05, P_mean±std:3.040e-05±6.642e-07, Q_mean±std:7.292e-05±3.257e-06, P_RMSE:1.358e-05, Q_RMSE:2.576e-05, Success rate (<0.1):1.000000, Success rate (<0.01):1.000000, Success rate (<0.001):1.000000
X=[0.6,0.8], PQ=[0.2,0.4]: count:10, ill:0, Ang_MAX:1.460314e-06, Vol_MAX:2.384186e-06, Ang_mean±std:1.111627e-06±1.375757e-07, Vol_mean±std:2.288818e-06±1.039242e-07, P_MAX:3.208e-05, Q_MAX:7.793e-05, P_mean±std:3.089e-05±6.573e-07, Q_mean±std:7.448e-05±2.874e-06, P_RMSE:1.361e-05, Q_RMSE:2.615e-05, Success rate (<0.1):1.000000, Success rate (<0.01):1.000000, Success rate (<0.001):1.000000
X=[0.6,0.8], PQ=[0.4,0.6]: count:10, ill:0, Ang_MAX:1.132488e-06, Vol_MAX:2.264977e-06, Ang_mean±std:9.804964e-07±1.023310e-07, Vol_mean±std:2.205372e-06±5.960464e-08, P_MAX:3.147e-05, Q_MAX:7.625e-05, P_mean±std:3.037e-05±5.404e-07, Q_mean±std:7.316e-05±2.570e-06, P_RMSE:1.370e-05, Q_RMSE:2.573e-05, Success rate (<0.1):1.000000, Success rate (<0.01):1.000000, Success rate (<0.001):1.000000
X=[0.6,0.8], PQ=[0.6,0.8]: count:10, ill:0, Ang_MAX:1.281500e-06, Vol_MAX:2.384186e-06, Ang_mean±std:1.050532e-06±1.188829e-07, Vol_mean±std:2.241135e-06±7.152557e-08, P_MAX:3.108e-05, Q_MAX:7.666e-05, P_mean±std:3.037e-05±6.465e-07, Q_mean±std:7.181e-05±2.724e-06, P_RMSE:1.364e-05, Q_RMSE:2.526e-05, Success rate (<0.1):1.000000, Success rate (<0.01):1.000000, Success rate (<0.001):1.000000
X=[0.6,0.8], PQ=[0.8,1.0]: count:10, ill:0, Ang_MAX:1.311302e-06, Vol_MAX:2.384186e-06, Ang_mean±std:1.034141e-06±1.220077e-07, Vol_mean±std:2.205372e-06±9.610960e-08, P_MAX:3.146e-05, Q_MAX:7.664e-05, P_mean±std:3.074e-05±3.845e-07, Q_mean±std:7.078e-05±3.959e-06, P_RMSE:1.373e-05, Q_RMSE:2.496e-05, Success rate (<0.1):1.000000, Success rate (<0.01):1.000000, Success rate (<0.001):1.000000
X=[0.6,0.8], PQ=[1.0,1.2]: count:10, ill:0, Ang_MAX:1.206994e-06, Vol_MAX:2.384186e-06, Ang_mean±std:1.063943e-06±8.030053e-08, Vol_mean±std:2.217293e-06±7.907450e-08, P_MAX:3.180e-05, Q_MAX:7.744e-05, P_mean±std:3.079e-05±5.962e-07, Q_mean±std:7.341e-05±2.217e-06, P_RMSE:1.377e-05, Q_RMSE:2.591e-05, Success rate (<0.1):1.000000, Success rate (<0.01):1.000000, Success rate (<0.001):1.000000
X=[0.6,0.8], PQ=[1.2,1.4]: count:10, ill:0, Ang_MAX:1.266599e-06, Vol_MAX:2.264977e-06, Ang_mean±std:1.072884e-06±9.209834e-08, Vol_mean±std:2.193451e-06±9.536743e-08, P_MAX:3.157e-05, Q_MAX:7.445e-05, P_mean±std:3.100e-05±5.734e-07, Q_mean±std:7.104e-05±2.532e-06, P_RMSE:1.393e-05, Q_RMSE:2.507e-05, Success rate (<0.1):1.000000, Success rate (<0.01):1.000000, Success rate (<0.001):1.000000
X=[0.6,0.8], PQ=[1.4,1.6]: count:10, ill:0, Ang_MAX:1.206994e-06, Vol_MAX:2.503395e-06, Ang_mean±std:1.081824e-06±7.946665e-08, Vol_mean±std:2.253056e-06±1.124618e-07, P_MAX:3.127e-05, Q_MAX:7.685e-05, P_mean±std:3.051e-05±5.481e-07, Q_mean±std:7.295e-05±3.036e-06, P_RMSE:1.372e-05, Q_RMSE:2.569e-05, Success rate (<0.1):1.000000, Success rate (<0.01):1.000000, Success rate (<0.001):1.000000
X=[0.6,0.8], PQ=[1.6,1.8]: count:10, ill:0, Ang_MAX:1.236796e-06, Vol_MAX:2.264977e-06, Ang_mean±std:1.038611e-06±1.023852e-07, Vol_mean±std:2.229214e-06±5.462856e-08, P_MAX:3.224e-05, Q_MAX:7.595e-05, P_mean±std:3.085e-05±7.670e-07, Q_mean±std:7.188e-05±3.019e-06, P_RMSE:1.379e-05, Q_RMSE:2.530e-05, Success rate (<0.1):1.000000, Success rate (<0.01):1.000000, Success rate (<0.001):1.000000
X=[0.6,0.8], PQ=[1.8,2.0]: count:10, ill:0, Ang_MAX:1.132488e-06, Vol_MAX:2.384186e-06, Ang_mean±std:1.007318e-06±6.364035e-08, Vol_mean±std:2.241135e-06±7.152557e-08, P_MAX:3.173e-05, Q_MAX:7.635e-05, P_mean±std:3.066e-05±5.313e-07, Q_mean±std:7.268e-05±2.016e-06, P_RMSE:1.378e-05, Q_RMSE:2.565e-05, Success rate (<0.1):1.000000, Success rate (<0.01):1.000000, Success rate (<0.001):1.000000
X=[0.8,1.0], PQ=[-2.0,-1.8]: count:10, ill:0, Ang_MAX:1.177192e-06, Vol_MAX:2.264977e-06, Ang_mean±std:1.013279e-06±9.353372e-08, Vol_mean±std:2.157688e-06±9.902267e-08, P_MAX:3.206e-05, Q_MAX:7.312e-05, P_mean±std:3.031e-05±8.525e-07, Q_mean±std:7.044e-05±1.781e-06, P_RMSE:1.389e-05, Q_RMSE:2.490e-05, Success rate (<0.1):1.000000, Success rate (<0.01):1.000000, Success rate (<0.001):1.000000
X=[0.8,1.0], PQ=[-1.8,-1.6]: count:10, ill:0, Ang_MAX:1.490116e-06, Vol_MAX:2.384186e-06, Ang_mean±std:1.126528e-06±1.514064e-07, Vol_mean±std:2.276897e-06±6.419617e-08, P_MAX:3.123e-05, Q_MAX:7.463e-05, P_mean±std:3.024e-05±6.769e-07, Q_mean±std:7.234e-05±1.134e-06, P_RMSE:1.374e-05, Q_RMSE:2.538e-05, Success rate (<0.1):1.000000, Success rate (<0.01):1.000000, Success rate (<0.001):1.000000
X=[0.8,1.0], PQ=[-1.6,-1.4]: count:10, ill:0, Ang_MAX:1.668930e-06, Vol_MAX:2.503395e-06, Ang_mean±std:1.180172e-06±2.282165e-07, Vol_mean±std:2.253056e-06±1.353957e-07, P_MAX:3.121e-05, Q_MAX:7.538e-05, P_mean±std:3.020e-05±7.554e-07, Q_mean±std:7.233e-05±3.127e-06, P_RMSE:1.368e-05, Q_RMSE:2.553e-05, Success rate (<0.1):1.000000, Success rate (<0.01):1.000000, Success rate (<0.001):1.000000
X=[0.8,1.0], PQ=[-1.4,-1.2]: count:10, ill:0, Ang_MAX:1.341105e-06, Vol_MAX:2.384186e-06, Ang_mean±std:1.095235e-06±1.087376e-07, Vol_mean±std:2.288818e-06±7.152557e-08, P_MAX:3.167e-05, Q_MAX:7.626e-05, P_mean±std:3.034e-05±7.606e-07, Q_mean±std:7.232e-05±2.795e-06, P_RMSE:1.367e-05, Q_RMSE:2.544e-05, Success rate (<0.1):1.000000, Success rate (<0.01):1.000000, Success rate (<0.001):1.000000
X=[0.8,1.0], PQ=[-1.2,-1.0]: count:10, ill:0, Ang_MAX:1.072884e-06, Vol_MAX:2.384186e-06, Ang_mean±std:1.001358e-06±6.172751e-08, Vol_mean±std:2.229214e-06±7.633119e-08, P_MAX:3.097e-05, Q_MAX:7.816e-05, P_mean±std:3.003e-05±6.253e-07, Q_mean±std:7.288e-05±2.539e-06, P_RMSE:1.363e-05, Q_RMSE:2.574e-05, Success rate (<0.1):1.000000, Success rate (<0.01):1.000000, Success rate (<0.001):1.000000
X=[0.8,1.0], PQ=[-1.0,-0.8]: count:10, ill:0, Ang_MAX:1.370907e-06, Vol_MAX:2.503395e-06, Ang_mean±std:1.120567e-06±1.212043e-07, Vol_mean±std:2.217293e-06±1.430511e-07, P_MAX:3.233e-05, Q_MAX:7.601e-05, P_mean±std:3.070e-05±8.425e-07, Q_mean±std:7.211e-05±3.484e-06, P_RMSE:1.388e-05, Q_RMSE:2.548e-05, Success rate (<0.1):1.000000, Success rate (<0.01):1.000000, Success rate (<0.001):1.000000
X=[0.8,1.0], PQ=[-0.8,-0.6]: count:10, ill:0, Ang_MAX:1.311302e-06, Vol_MAX:2.503395e-06, Ang_mean±std:1.135468e-06±9.108011e-08, Vol_mean±std:2.288818e-06±8.920806e-08, P_MAX:3.113e-05, Q_MAX:7.666e-05, P_mean±std:3.056e-05±4.101e-07, Q_mean±std:7.331e-05±2.056e-06, P_RMSE:1.372e-05, Q_RMSE:2.584e-05, Success rate (<0.1):1.000000, Success rate (<0.01):1.000000, Success rate (<0.001):1.000000
X=[0.8,1.0], PQ=[-0.6,-0.4]: count:10, ill:0, Ang_MAX:1.430511e-06, Vol_MAX:2.384186e-06, Ang_mean±std:1.074374e-06±1.735777e-07, Vol_mean±std:2.205372e-06±9.610960e-08, P_MAX:3.155e-05, Q_MAX:7.558e-05, P_mean±std:3.045e-05±5.861e-07, Q_mean±std:7.297e-05±1.866e-06, P_RMSE:1.367e-05, Q_RMSE:2.567e-05, Success rate (<0.1):1.000000, Success rate (<0.01):1.000000, Success rate (<0.001):1.000000
X=[0.8,1.0], PQ=[-0.4,-0.2]: count:10, ill:0, Ang_MAX:1.311302e-06, Vol_MAX:2.384186e-06, Ang_mean±std:1.132488e-06±1.380269e-07, Vol_mean±std:2.229214e-06±1.311302e-07, P_MAX:3.205e-05, Q_MAX:8.012e-05, P_mean±std:3.076e-05±7.923e-07, Q_mean±std:7.214e-05±4.337e-06, P_RMSE:1.392e-05, Q_RMSE:2.543e-05, Success rate (<0.1):1.000000, Success rate (<0.01):1.000000, Success rate (<0.001):1.000000
X=[0.8,1.0], PQ=[-0.2,0.0]: count:10, ill:0, Ang_MAX:1.177192e-06, Vol_MAX:2.503395e-06, Ang_mean±std:1.059473e-06±9.148148e-08, Vol_mean±std:2.276897e-06±9.902267e-08, P_MAX:3.106e-05, Q_MAX:7.948e-05, P_mean±std:3.025e-05±4.420e-07, Q_mean±std:7.448e-05±3.311e-06, P_RMSE:1.371e-05, Q_RMSE:2.631e-05, Success rate (<0.1):1.000000, Success rate (<0.01):1.000000, Success rate (<0.001):1.000000
X=[0.8,1.0], PQ=[0.0,0.2]: count:10, ill:0, Ang_MAX:1.236796e-06, Vol_MAX:2.384186e-06, Ang_mean±std:1.122057e-06±7.914467e-08, Vol_mean±std:2.264977e-06±9.233912e-08, P_MAX:3.135e-05, Q_MAX:7.557e-05, P_mean±std:3.058e-05±6.491e-07, Q_mean±std:7.259e-05±2.461e-06, P_RMSE:1.380e-05, Q_RMSE:2.545e-05, Success rate (<0.1):1.000000, Success rate (<0.01):1.000000, Success rate (<0.001):1.000000
X=[0.8,1.0], PQ=[0.2,0.4]: count:10, ill:0, Ang_MAX:1.430511e-06, Vol_MAX:2.384186e-06, Ang_mean±std:1.147389e-06±1.518164e-07, Vol_mean±std:2.205372e-06±1.099055e-07, P_MAX:3.234e-05, Q_MAX:7.580e-05, P_mean±std:3.074e-05±8.942e-07, Q_mean±std:7.039e-05±2.334e-06, P_RMSE:1.387e-05, Q_RMSE:2.470e-05, Success rate (<0.1):1.000000, Success rate (<0.01):1.000000, Success rate (<0.001):1.000000
X=[0.8,1.0], PQ=[0.4,0.6]: count:10, ill:0, Ang_MAX:1.281500e-06, Vol_MAX:2.503395e-06, Ang_mean±std:1.110137e-06±1.148937e-07, Vol_mean±std:2.348423e-06±7.633119e-08, P_MAX:3.082e-05, Q_MAX:8.170e-05, P_mean±std:3.026e-05±4.614e-07, Q_mean±std:7.464e-05±3.541e-06, P_RMSE:1.354e-05, Q_RMSE:2.623e-05, Success rate (<0.1):1.000000, Success rate (<0.01):1.000000, Success rate (<0.001):1.000000
X=[0.8,1.0], PQ=[0.6,0.8]: count:10, ill:0, Ang_MAX:1.117587e-06, Vol_MAX:2.264977e-06, Ang_mean±std:1.029670e-06±6.337813e-08, Vol_mean±std:2.217293e-06±5.840039e-08, P_MAX:3.132e-05, Q_MAX:7.832e-05, P_mean±std:3.046e-05±6.663e-07, Q_mean±std:7.277e-05±3.393e-06, P_RMSE:1.379e-05, Q_RMSE:2.575e-05, Success rate (<0.1):1.000000, Success rate (<0.01):1.000000, Success rate (<0.001):1.000000
X=[0.8,1.0], PQ=[0.8,1.0]: count:10, ill:0, Ang_MAX:1.296401e-06, Vol_MAX:2.503395e-06, Ang_mean±std:1.096725e-06±1.441952e-07, Vol_mean±std:2.217293e-06±1.526624e-07, P_MAX:3.094e-05, Q_MAX:8.054e-05, P_mean±std:3.045e-05±4.143e-07, Q_mean±std:7.344e-05±3.436e-06, P_RMSE:1.376e-05, Q_RMSE:2.587e-05, Success rate (<0.1):1.000000, Success rate (<0.01):1.000000, Success rate (<0.001):1.000000
X=[0.8,1.0], PQ=[1.0,1.2]: count:10, ill:0, Ang_MAX:1.192093e-06, Vol_MAX:2.384186e-06, Ang_mean±std:1.063943e-06±9.358119e-08, Vol_mean±std:2.241135e-06±8.920806e-08, P_MAX:3.166e-05, Q_MAX:7.595e-05, P_mean±std:3.041e-05±6.037e-07, Q_mean±std:7.145e-05±3.565e-06, P_RMSE:1.376e-05, Q_RMSE:2.519e-05, Success rate (<0.1):1.000000, Success rate (<0.01):1.000000, Success rate (<0.001):1.000000
X=[0.8,1.0], PQ=[1.2,1.4]: count:10, ill:0, Ang_MAX:1.311302e-06, Vol_MAX:2.384186e-06, Ang_mean±std:1.102686e-06±1.287033e-07, Vol_mean±std:2.264977e-06±1.066240e-07, P_MAX:3.146e-05, Q_MAX:7.820e-05, P_mean±std:3.053e-05±5.312e-07, Q_mean±std:7.319e-05±3.682e-06, P_RMSE:1.371e-05, Q_RMSE:2.580e-05, Success rate (<0.1):1.000000, Success rate (<0.01):1.000000, Success rate (<0.001):1.000000
X=[0.8,1.0], PQ=[1.4,1.6]: count:10, ill:0, Ang_MAX:1.281500e-06, Vol_MAX:2.384186e-06, Ang_mean±std:1.105666e-06±1.186117e-07, Vol_mean±std:2.264977e-06±7.539457e-08, P_MAX:3.147e-05, Q_MAX:7.817e-05, P_mean±std:3.072e-05±4.959e-07, Q_mean±std:7.331e-05±3.150e-06, P_RMSE:1.375e-05, Q_RMSE:2.577e-05, Success rate (<0.1):1.000000, Success rate (<0.01):1.000000, Success rate (<0.001):1.000000
X=[0.8,1.0], PQ=[1.6,1.8]: count:10, ill:0, Ang_MAX:1.326203e-06, Vol_MAX:2.384186e-06, Ang_mean±std:1.078844e-06±1.351331e-07, Vol_mean±std:2.229214e-06±7.633119e-08, P_MAX:3.122e-05, Q_MAX:7.445e-05, P_mean±std:3.038e-05±5.998e-07, Q_mean±std:7.140e-05±2.435e-06, P_RMSE:1.370e-05, Q_RMSE:2.510e-05, Success rate (<0.1):1.000000, Success rate (<0.01):1.000000, Success rate (<0.001):1.000000
X=[0.8,1.0], PQ=[1.8,2.0]: count:10, ill:0, Ang_MAX:1.266599e-06, Vol_MAX:2.384186e-06, Ang_mean±std:1.099706e-06±1.239218e-07, Vol_mean±std:2.253056e-06±9.902267e-08, P_MAX:3.180e-05, Q_MAX:7.842e-05, P_mean±std:3.077e-05±6.143e-07, Q_mean±std:7.272e-05±2.712e-06, P_RMSE:1.376e-05, Q_RMSE:2.560e-05, Success rate (<0.1):1.000000, Success rate (<0.01):1.000000, Success rate (<0.001):1.000000
X=[1.0,1.2], PQ=[-2.0,-1.8]: count:10, ill:0, Ang_MAX:2.175570e-06, Vol_MAX:3.099442e-06, Ang_mean±std:1.202524e-06±3.676120e-07, Vol_mean±std:2.324581e-06±2.625312e-07, P_MAX:3.315e-05, Q_MAX:7.611e-05, P_mean±std:3.044e-05±1.051e-06, Q_mean±std:7.267e-05±2.890e-06, P_RMSE:1.388e-05, Q_RMSE:2.573e-05, Success rate (<0.1):1.000000, Success rate (<0.01):1.000000, Success rate (<0.001):1.000000
X=[1.0,1.2], PQ=[-1.8,-1.6]: count:10, ill:0, Ang_MAX:1.385808e-06, Vol_MAX:2.503395e-06, Ang_mean±std:1.071393e-06±1.453073e-07, Vol_mean±std:2.300739e-06±9.310543e-08, P_MAX:3.269e-05, Q_MAX:7.618e-05, P_mean±std:3.071e-05±9.312e-07, Q_mean±std:7.289e-05±3.000e-06, P_RMSE:1.385e-05, Q_RMSE:2.557e-05, Success rate (<0.1):1.000000, Success rate (<0.01):1.000000, Success rate (<0.001):1.000000
X=[1.0,1.2], PQ=[-1.6,-1.4]: count:10, ill:0, Ang_MAX:1.460314e-06, Vol_MAX:2.503395e-06, Ang_mean±std:1.116097e-06±1.747252e-07, Vol_mean±std:2.288818e-06±8.920806e-08, P_MAX:3.145e-05, Q_MAX:7.619e-05, P_mean±std:2.974e-05±1.054e-06, Q_mean±std:7.239e-05±2.155e-06, P_RMSE:1.359e-05, Q_RMSE:2.549e-05, Success rate (<0.1):1.000000, Success rate (<0.01):1.000000, Success rate (<0.001):1.000000
X=[1.0,1.2], PQ=[-1.4,-1.2]: count:10, ill:0, Ang_MAX:1.221895e-06, Vol_MAX:2.384186e-06, Ang_mean±std:1.049042e-06±1.105501e-07, Vol_mean±std:2.253056e-06±1.244582e-07, P_MAX:3.154e-05, Q_MAX:7.861e-05, P_mean±std:3.065e-05±5.253e-07, Q_mean±std:7.312e-05±3.153e-06, P_RMSE:1.381e-05, Q_RMSE:2.570e-05, Success rate (<0.1):1.000000, Success rate (<0.01):1.000000, Success rate (<0.001):1.000000
X=[1.0,1.2], PQ=[-1.2,-1.0]: count:10, ill:0, Ang_MAX:3.308058e-06, Vol_MAX:6.079674e-06, Ang_mean±std:1.345575e-06±6.622908e-07, Vol_mean±std:2.682209e-06±1.137497e-06, P_MAX:4.280e-05, Q_MAX:7.601e-05, P_mean±std:3.154e-05±3.780e-06, Q_mean±std:7.174e-05±2.458e-06, P_RMSE:1.434e-05, Q_RMSE:2.556e-05, Success rate (<0.1):1.000000, Success rate (<0.01):1.000000, Success rate (<0.001):1.000000
X=[1.0,1.2], PQ=[-1.0,-0.8]: count:10, ill:0, Ang_MAX:1.966953e-06, Vol_MAX:2.861023e-06, Ang_mean±std:1.253188e-06±2.964133e-07, Vol_mean±std:2.348423e-06±2.264977e-07, P_MAX:3.142e-05, Q_MAX:7.554e-05, P_mean±std:2.987e-05±9.219e-07, Q_mean±std:7.194e-05±3.574e-06, P_RMSE:1.361e-05, Q_RMSE:2.555e-05, Success rate (<0.1):1.000000, Success rate (<0.01):1.000000, Success rate (<0.001):1.000000
X=[1.0,1.2], PQ=[-0.8,-0.6]: count:10, ill:0, Ang_MAX:1.713634e-06, Vol_MAX:2.980232e-06, Ang_mean±std:1.278520e-06±2.496823e-07, Vol_mean±std:2.396107e-06±2.636116e-07, P_MAX:4.231e-05, Q_MAX:7.375e-05, P_mean±std:3.192e-05±3.573e-06, Q_mean±std:7.204e-05±1.784e-06, P_RMSE:1.409e-05, Q_RMSE:2.545e-05, Success rate (<0.1):1.000000, Success rate (<0.01):1.000000, Success rate (<0.001):1.000000
X=[1.0,1.2], PQ=[-0.6,-0.4]: count:10, ill:0, Ang_MAX:1.192093e-06, Vol_MAX:2.384186e-06, Ang_mean±std:1.062453e-06±1.026018e-07, Vol_mean±std:2.241135e-06±7.152557e-08, P_MAX:3.127e-05, Q_MAX:7.527e-05, P_mean±std:3.053e-05±4.385e-07, Q_mean±std:7.180e-05±2.325e-06, P_RMSE:1.389e-05, Q_RMSE:2.532e-05, Success rate (<0.1):1.000000, Success rate (<0.01):1.000000, Success rate (<0.001):1.000000
X=[1.0,1.2], PQ=[-0.4,-0.2]: count:10, ill:0, Ang_MAX:1.206994e-06, Vol_MAX:2.384186e-06, Ang_mean±std:1.069903e-06±8.210526e-08, Vol_mean±std:2.264977e-06±9.233912e-08, P_MAX:3.180e-05, Q_MAX:7.616e-05, P_mean±std:3.070e-05±5.799e-07, Q_mean±std:7.250e-05±2.650e-06, P_RMSE:1.386e-05, Q_RMSE:2.552e-05, Success rate (<0.1):1.000000, Success rate (<0.01):1.000000, Success rate (<0.001):1.000000
X=[1.0,1.2], PQ=[-0.2,0.0]: count:10, ill:0, Ang_MAX:1.430511e-06, Vol_MAX:2.384186e-06, Ang_mean±std:1.066923e-06±1.402927e-07, Vol_mean±std:2.229214e-06±1.072884e-07, P_MAX:3.108e-05, Q_MAX:8.005e-05, P_mean±std:3.030e-05±8.241e-07, Q_mean±std:7.344e-05±3.260e-06, P_RMSE:1.362e-05, Q_RMSE:2.594e-05, Success rate (<0.1):1.000000, Success rate (<0.01):1.000000, Success rate (<0.001):1.000000
X=[1.0,1.2], PQ=[0.0,0.2]: count:10, ill:0, Ang_MAX:2.712011e-06, Vol_MAX:3.337860e-06, Ang_mean±std:1.370907e-06±5.174802e-07, Vol_mean±std:2.396107e-06±3.262504e-07, P_MAX:3.450e-05, Q_MAX:7.670e-05, P_mean±std:3.103e-05±1.282e-06, Q_mean±std:7.408e-05±2.164e-06, P_RMSE:1.397e-05, Q_RMSE:2.625e-05, Success rate (<0.1):1.000000, Success rate (<0.01):1.000000, Success rate (<0.001):1.000000
X=[1.0,1.2], PQ=[0.2,0.4]: count:10, ill:0, Ang_MAX:2.264977e-06, Vol_MAX:2.980232e-06, Ang_mean±std:1.399219e-06±4.732591e-07, Vol_mean±std:2.467632e-06±2.772737e-07, P_MAX:3.157e-05, Q_MAX:7.406e-05, P_mean±std:2.932e-05±1.745e-06, Q_mean±std:7.134e-05±3.116e-06, P_RMSE:1.347e-05, Q_RMSE:2.515e-05, Success rate (<0.1):1.000000, Success rate (<0.01):1.000000, Success rate (<0.001):1.000000
X=[1.0,1.2], PQ=[0.4,0.6]: count:10, ill:0, Ang_MAX:1.281500e-06, Vol_MAX:2.384186e-06, Ang_mean±std:1.065433e-06±1.171898e-07, Vol_mean±std:2.264977e-06±7.539457e-08, P_MAX:3.133e-05, Q_MAX:7.642e-05, P_mean±std:3.024e-05±9.616e-07, Q_mean±std:7.420e-05±1.784e-06, P_RMSE:1.364e-05, Q_RMSE:2.611e-05, Success rate (<0.1):1.000000, Success rate (<0.01):1.000000, Success rate (<0.001):1.000000
X=[1.0,1.2], PQ=[0.6,0.8]: count:10, ill:0, Ang_MAX:1.445413e-06, Vol_MAX:2.503395e-06, Ang_mean±std:1.098216e-06±1.427793e-07, Vol_mean±std:2.312660e-06±1.430511e-07, P_MAX:3.646e-05, Q_MAX:7.710e-05, P_mean±std:3.119e-05±2.142e-06, Q_mean±std:7.322e-05±2.489e-06, P_RMSE:1.392e-05, Q_RMSE:2.580e-05, Success rate (<0.1):1.000000, Success rate (<0.01):1.000000, Success rate (<0.001):1.000000
X=[1.0,1.2], PQ=[0.8,1.0]: count:10, ill:0, Ang_MAX:2.801418e-06, Vol_MAX:3.337860e-06, Ang_mean±std:1.309812e-06±5.174137e-07, Vol_mean±std:2.348423e-06±3.373855e-07, P_MAX:3.795e-05, Q_MAX:7.637e-05, P_mean±std:3.124e-05±2.304e-06, Q_mean±std:7.194e-05±3.314e-06, P_RMSE:1.401e-05, Q_RMSE:2.528e-05, Success rate (<0.1):1.000000, Success rate (<0.01):1.000000, Success rate (<0.001):1.000000
X=[1.0,1.2], PQ=[1.0,1.2]: count:10, ill:0, Ang_MAX:1.668930e-06, Vol_MAX:2.384186e-06, Ang_mean±std:1.253188e-06±1.993027e-07, Vol_mean±std:2.288818e-06±1.039242e-07, P_MAX:3.159e-05, Q_MAX:7.539e-05, P_mean±std:3.035e-05±1.051e-06, Q_mean±std:7.166e-05±2.671e-06, P_RMSE:1.367e-05, Q_RMSE:2.516e-05, Success rate (<0.1):1.000000, Success rate (<0.01):1.000000, Success rate (<0.001):1.000000
X=[1.0,1.2], PQ=[1.2,1.4]: count:10, ill:0, Ang_MAX:1.698732e-06, Vol_MAX:2.741814e-06, Ang_mean±std:1.120567e-06±2.098685e-07, Vol_mean±std:2.348423e-06±1.690083e-07, P_MAX:3.218e-05, Q_MAX:7.705e-05, P_mean±std:3.036e-05±1.065e-06, Q_mean±std:7.349e-05±1.906e-06, P_RMSE:1.381e-05, Q_RMSE:2.574e-05, Success rate (<0.1):1.000000, Success rate (<0.01):1.000000, Success rate (<0.001):1.000000
X=[1.0,1.2], PQ=[1.4,1.6]: count:10, ill:0, Ang_MAX:1.341105e-06, Vol_MAX:2.384186e-06, Ang_mean±std:1.142919e-06±1.341187e-07, Vol_mean±std:2.264977e-06±5.331201e-08, P_MAX:3.147e-05, Q_MAX:7.648e-05, P_mean±std:3.085e-05±6.201e-07, Q_mean±std:7.261e-05±2.736e-06, P_RMSE:1.370e-05, Q_RMSE:2.562e-05, Success rate (<0.1):1.000000, Success rate (<0.01):1.000000, Success rate (<0.001):1.000000
X=[1.0,1.2], PQ=[1.6,1.8]: count:10, ill:0, Ang_MAX:2.250075e-06, Vol_MAX:3.337860e-06, Ang_mean±std:1.233816e-06±3.731722e-07, Vol_mean±std:2.431870e-06±3.295010e-07, P_MAX:3.261e-05, Q_MAX:7.824e-05, P_mean±std:3.065e-05±1.990e-06, Q_mean±std:7.270e-05±3.442e-06, P_RMSE:1.385e-05, Q_RMSE:2.551e-05, Success rate (<0.1):1.000000, Success rate (<0.01):1.000000, Success rate (<0.001):1.000000
X=[1.0,1.2], PQ=[1.8,2.0]: count:10, ill:0, Ang_MAX:1.490116e-06, Vol_MAX:2.384186e-06, Ang_mean±std:1.071393e-06±1.573396e-07, Vol_mean±std:2.253056e-06±8.344650e-08, P_MAX:3.288e-05, Q_MAX:7.832e-05, P_mean±std:3.060e-05±8.772e-07, Q_mean±std:7.239e-05±3.256e-06, P_RMSE:1.378e-05, Q_RMSE:2.546e-05, Success rate (<0.1):1.000000, Success rate (<0.01):1.000000, Success rate (<0.001):1.000000
X=[1.2,1.4], PQ=[-2.0,-1.8]: count:10, ill:0, Ang_MAX:1.609325e-06, Vol_MAX:2.622604e-06, Ang_mean±std:1.177192e-06±1.911767e-07, Vol_mean±std:2.312660e-06±1.526624e-07, P_MAX:3.304e-05, Q_MAX:7.582e-05, P_mean±std:2.998e-05±2.355e-06, Q_mean±std:7.211e-05±2.069e-06, P_RMSE:1.343e-05, Q_RMSE:2.523e-05, Success rate (<0.1):1.000000, Success rate (<0.01):1.000000, Success rate (<0.001):1.000000
X=[1.2,1.4], PQ=[-1.8,-1.6]: count:10, ill:0, Ang_MAX:1.460314e-06, Vol_MAX:2.622604e-06, Ang_mean±std:1.154840e-06±1.782231e-07, Vol_mean±std:2.312660e-06±1.526624e-07, P_MAX:3.133e-05, Q_MAX:8.059e-05, P_mean±std:2.996e-05±9.097e-07, Q_mean±std:7.365e-05±4.213e-06, P_RMSE:1.367e-05, Q_RMSE:2.604e-05, Success rate (<0.1):1.000000, Success rate (<0.01):1.000000, Success rate (<0.001):1.000000
X=[1.2,1.4], PQ=[-1.6,-1.4]: count:10, ill:0, Ang_MAX:2.950430e-06, Vol_MAX:3.576279e-06, Ang_mean±std:1.448393e-06±6.241008e-07, Vol_mean±std:2.551079e-06±5.228928e-07, P_MAX:3.725e-05, Q_MAX:9.763e-05, P_mean±std:3.070e-05±2.370e-06, Q_mean±std:7.641e-05±7.670e-06, P_RMSE:1.396e-05, Q_RMSE:2.697e-05, Success rate (<0.1):1.000000, Success rate (<0.01):1.000000, Success rate (<0.001):1.000000
X=[1.2,1.4], PQ=[-1.4,-1.2]: count:10, ill:0, Ang_MAX:1.564622e-06, Vol_MAX:2.622604e-06, Ang_mean±std:1.236796e-06±1.576991e-07, Vol_mean±std:2.324581e-06±1.706817e-07, P_MAX:3.190e-05, Q_MAX:8.210e-05, P_mean±std:3.063e-05±1.022e-06, Q_mean±std:7.380e-05±4.482e-06, P_RMSE:1.363e-05, Q_RMSE:2.612e-05, Success rate (<0.1):1.000000, Success rate (<0.01):1.000000, Success rate (<0.001):1.000000
X=[1.2,1.4], PQ=[-1.2,-1.0]: count:10, ill:0, Ang_MAX:2.354383e-06, Vol_MAX:3.814697e-06, Ang_mean±std:1.288950e-06±4.332242e-07, Vol_mean±std:2.527237e-06±4.672031e-07, P_MAX:3.169e-05, Q_MAX:7.790e-05, P_mean±std:3.040e-05±6.730e-07, Q_mean±std:7.262e-05±2.617e-06, P_RMSE:1.353e-05, Q_RMSE:2.554e-05, Success rate (<0.1):1.000000, Success rate (<0.01):1.000000, Success rate (<0.001):1.000000
X=[1.2,1.4], PQ=[-1.0,-0.8]: count:10, ill:0, Ang_MAX:1.642108e-05, Vol_MAX:1.966953e-05, Ang_mean±std:3.983080e-06±4.687769e-06, Vol_mean±std:4.935265e-06±5.220550e-06, P_MAX:2.466e-04, Q_MAX:1.205e-04, P_mean±std:5.921e-05±6.429e-05, Q_mean±std:8.004e-05±1.620e-05, P_RMSE:3.149e-05, Q_RMSE:2.999e-05, Success rate (<0.1):1.000000, Success rate (<0.01):1.000000, Success rate (<0.001):1.000000
X=[1.2,1.4], PQ=[-0.8,-0.6]: count:10, ill:0, Ang_MAX:1.847744e-06, Vol_MAX:2.980232e-06, Ang_mean±std:1.172721e-06±2.861683e-07, Vol_mean±std:2.336502e-06±2.880823e-07, P_MAX:3.195e-05, Q_MAX:8.375e-05, P_mean±std:3.036e-05±8.060e-07, Q_mean±std:7.296e-05±4.557e-06, P_RMSE:1.358e-05, Q_RMSE:2.571e-05, Success rate (<0.1):1.000000, Success rate (<0.01):1.000000, Success rate (<0.001):1.000000
X=[1.2,1.4], PQ=[-0.6,-0.4]: count:10, ill:0, Ang_MAX:1.430511e-06, Vol_MAX:2.503395e-06, Ang_mean±std:1.145899e-06±1.345155e-07, Vol_mean±std:2.300739e-06±1.072884e-07, P_MAX:3.124e-05, Q_MAX:7.987e-05, P_mean±std:2.981e-05±7.943e-07, Q_mean±std:7.360e-05±3.258e-06, P_RMSE:1.349e-05, Q_RMSE:2.583e-05, Success rate (<0.1):1.000000, Success rate (<0.01):1.000000, Success rate (<0.001):1.000000
X=[1.2,1.4], PQ=[-0.4,-0.2]: count:10, ill:0, Ang_MAX:1.400709e-06, Vol_MAX:2.384186e-06, Ang_mean±std:1.232326e-06±1.171519e-07, Vol_mean±std:2.241135e-06±1.168008e-07, P_MAX:3.105e-05, Q_MAX:7.550e-05, P_mean±std:3.035e-05±6.794e-07, Q_mean±std:7.059e-05±2.830e-06, P_RMSE:1.373e-05, Q_RMSE:2.476e-05, Success rate (<0.1):1.000000, Success rate (<0.01):1.000000, Success rate (<0.001):1.000000
X=[1.2,1.4], PQ=[-0.2,0.0]: count:10, ill:0, Ang_MAX:1.937151e-06, Vol_MAX:2.741814e-06, Ang_mean±std:1.133978e-06±2.742340e-07, Vol_mean±std:2.312660e-06±1.784161e-07, P_MAX:3.132e-05, Q_MAX:7.807e-05, P_mean±std:2.964e-05±1.315e-06, Q_mean±std:7.138e-05±2.942e-06, P_RMSE:1.380e-05, Q_RMSE:2.521e-05, Success rate (<0.1):1.000000, Success rate (<0.01):1.000000, Success rate (<0.001):1.000000
X=[1.2,1.4], PQ=[0.0,0.2]: count:10, ill:0, Ang_MAX:1.192093e-05, Vol_MAX:1.442432e-05, Ang_mean±std:2.662838e-06±3.216422e-06, Vol_mean±std:3.600121e-06±3.614146e-06, P_MAX:1.203e-04, Q_MAX:8.265e-05, P_mean±std:3.954e-05±2.695e-05, Q_mean±std:7.637e-05±3.678e-06, P_RMSE:1.867e-05, Q_RMSE:2.843e-05, Success rate (<0.1):1.000000, Success rate (<0.01):1.000000, Success rate (<0.001):1.000000
X=[1.2,1.4], PQ=[0.2,0.4]: count:10, ill:0, Ang_MAX:3.546476e-06, Vol_MAX:4.172325e-06, Ang_mean±std:1.507998e-06±7.118265e-07, Vol_mean±std:2.598763e-06±5.405323e-07, P_MAX:3.670e-05, Q_MAX:8.264e-05, P_mean±std:3.093e-05±2.059e-06, Q_mean±std:7.385e-05±3.909e-06, P_RMSE:1.391e-05, Q_RMSE:2.631e-05, Success rate (<0.1):1.000000, Success rate (<0.01):1.000000, Success rate (<0.001):1.000000
X=[1.2,1.4], PQ=[0.4,0.6]: count:10, ill:0, Ang_MAX:2.950430e-06, Vol_MAX:5.245209e-06, Ang_mean±std:1.391768e-06±5.758947e-07, Vol_mean±std:2.658367e-06±8.809397e-07, P_MAX:3.547e-05, Q_MAX:7.556e-05, P_mean±std:3.079e-05±2.112e-06, Q_mean±std:7.182e-05±2.708e-06, P_RMSE:1.403e-05, Q_RMSE:2.534e-05, Success rate (<0.1):1.000000, Success rate (<0.01):1.000000, Success rate (<0.001):1.000000
X=[1.2,1.4], PQ=[0.6,0.8]: count:10, ill:0, Ang_MAX:4.082918e-06, Vol_MAX:5.483627e-06, Ang_mean±std:1.911819e-06±1.184264e-06, Vol_mean±std:2.908707e-06±9.976614e-07, P_MAX:4.012e-05, Q_MAX:7.595e-05, P_mean±std:3.113e-05±3.375e-06, Q_mean±std:7.129e-05±2.820e-06, P_RMSE:1.448e-05, Q_RMSE:2.571e-05, Success rate (<0.1):1.000000, Success rate (<0.01):1.000000, Success rate (<0.001):1.000000
X=[1.2,1.4], PQ=[0.8,1.0]: count:10, ill:0, Ang_MAX:2.369285e-06, Vol_MAX:3.099442e-06, Ang_mean±std:1.324713e-06±4.184256e-07, Vol_mean±std:2.443790e-06±2.833572e-07, P_MAX:3.569e-05, Q_MAX:8.427e-05, P_mean±std:3.078e-05±2.868e-06, Q_mean±std:7.245e-05±5.027e-06, P_RMSE:1.397e-05, Q_RMSE:2.557e-05, Success rate (<0.1):1.000000, Success rate (<0.01):1.000000, Success rate (<0.001):1.000000
X=[1.2,1.4], PQ=[1.0,1.2]: count:10, ill:0, Ang_MAX:1.341105e-06, Vol_MAX:2.503395e-06, Ang_mean±std:1.150370e-06±1.237425e-07, Vol_mean±std:2.276897e-06±1.244582e-07, P_MAX:3.349e-05, Q_MAX:8.146e-05, P_mean±std:3.036e-05±1.291e-06, Q_mean±std:7.317e-05±4.311e-06, P_RMSE:1.374e-05, Q_RMSE:2.579e-05, Success rate (<0.1):1.000000, Success rate (<0.01):1.000000, Success rate (<0.001):1.000000
X=[1.2,1.4], PQ=[1.2,1.4]: count:10, ill:0, Ang_MAX:1.713634e-06, Vol_MAX:2.622604e-06, Ang_mean±std:1.169741e-06±2.177049e-07, Vol_mean±std:2.276897e-06±1.723389e-07, P_MAX:3.131e-05, Q_MAX:7.636e-05, P_mean±std:3.041e-05±7.633e-07, Q_mean±std:7.337e-05±3.022e-06, P_RMSE:1.367e-05, Q_RMSE:2.591e-05, Success rate (<0.1):1.000000, Success rate (<0.01):1.000000, Success rate (<0.001):1.000000
X=[1.2,1.4], PQ=[1.4,1.6]: count:10, ill:0, Ang_MAX:3.367662e-06, Vol_MAX:3.218651e-06, Ang_mean±std:1.315773e-06±6.989915e-07, Vol_mean±std:2.324581e-06±3.027540e-07, P_MAX:3.125e-05, Q_MAX:7.505e-05, P_mean±std:2.981e-05±1.519e-06, Q_mean±std:7.280e-05±2.046e-06, P_RMSE:1.379e-05, Q_RMSE:2.583e-05, Success rate (<0.1):1.000000, Success rate (<0.01):1.000000, Success rate (<0.001):1.000000
X=[1.2,1.4], PQ=[1.6,1.8]: count:10, ill:0, Ang_MAX:2.518296e-06, Vol_MAX:3.695488e-06, Ang_mean±std:1.348555e-06±4.475437e-07, Vol_mean±std:2.419949e-06±4.461996e-07, P_MAX:3.806e-05, Q_MAX:8.774e-05, P_mean±std:3.103e-05±2.464e-06, Q_mean±std:7.370e-05±5.800e-06, P_RMSE:1.410e-05, Q_RMSE:2.584e-05, Success rate (<0.1):1.000000, Success rate (<0.01):1.000000, Success rate (<0.001):1.000000
X=[1.2,1.4], PQ=[1.8,2.0]: count:10, ill:0, Ang_MAX:1.728535e-06, Vol_MAX:2.622604e-06, Ang_mean±std:1.271069e-06±1.863599e-07, Vol_mean±std:2.384186e-06±1.410503e-07, P_MAX:3.075e-05, Q_MAX:7.977e-05, P_mean±std:3.008e-05±7.579e-07, Q_mean±std:7.465e-05±3.623e-06, P_RMSE:1.356e-05, Q_RMSE:2.634e-05, Success rate (<0.1):1.000000, Success rate (<0.01):1.000000, Success rate (<0.001):1.000000
X=[1.4,1.6], PQ=[-2.0,-1.8]: count:10, ill:0, Ang_MAX:7.972121e-06, Vol_MAX:1.382828e-05, Ang_mean±std:2.631545e-06±2.385091e-06, Vol_mean±std:4.100800e-06±3.496797e-06, P_MAX:6.318e-05, Q_MAX:1.398e-04, P_mean±std:3.351e-05±1.000e-05, Q_mean±std:7.908e-05±2.040e-05, P_RMSE:1.481e-05, Q_RMSE:2.969e-05, Success rate (<0.1):1.000000, Success rate (<0.01):1.000000, Success rate (<0.001):1.000000
X=[1.4,1.6], PQ=[-1.8,-1.6]: count:10, ill:0, Ang_MAX:3.486872e-05, Vol_MAX:2.682209e-05, Ang_mean±std:5.327165e-06±9.915587e-06, Vol_mean±std:5.352497e-06±7.240127e-06, P_MAX:2.419e-04, Q_MAX:1.647e-04, P_mean±std:5.445e-05±6.316e-05, Q_mean±std:8.123e-05±2.808e-05, P_RMSE:3.276e-05, Q_RMSE:3.443e-05, Success rate (<0.1):1.000000, Success rate (<0.01):1.000000, Success rate (<0.001):1.000000
X=[1.4,1.6], PQ=[-1.6,-1.4]: count:10, ill:0, Ang_MAX:2.676249e-05, Vol_MAX:3.290176e-05, Ang_mean±std:3.919005e-06±7.632438e-06, Vol_mean±std:5.483627e-06±9.149653e-06, P_MAX:3.283e-04, Q_MAX:2.385e-04, P_mean±std:5.914e-05±8.974e-05, Q_mean±std:8.860e-05±5.006e-05, P_RMSE:4.144e-05, Q_RMSE:3.614e-05, Success rate (<0.1):1.000000, Success rate (<0.01):1.000000, Success rate (<0.001):1.000000
X=[1.4,1.6], PQ=[-1.4,-1.2]: count:10, ill:0, Ang_MAX:2.321601e-05, Vol_MAX:3.159046e-05, Ang_mean±std:3.375113e-06±6.616405e-06, Vol_mean±std:5.257130e-06±8.778767e-06, P_MAX:2.769e-04, Q_MAX:3.448e-04, P_mean±std:5.492e-05±7.399e-05, Q_mean±std:1.006e-04±8.147e-05, P_RMSE:3.488e-05, Q_RMSE:4.516e-05, Success rate (<0.1):1.000000, Success rate (<0.01):1.000000, Success rate (<0.001):1.000000
X=[1.4,1.6], PQ=[-1.2,-1.0]: count:10, ill:0, Ang_MAX:2.458692e-06, Vol_MAX:2.861023e-06, Ang_mean±std:1.573563e-06±3.966733e-07, Vol_mean±std:2.443790e-06±2.149076e-07, P_MAX:3.265e-05, Q_MAX:7.686e-05, P_mean±std:3.085e-05±9.090e-07, Q_mean±std:7.309e-05±2.768e-06, P_RMSE:1.365e-05, Q_RMSE:2.570e-05, Success rate (<0.1):1.000000, Success rate (<0.01):1.000000, Success rate (<0.001):1.000000
X=[1.4,1.6], PQ=[-1.0,-0.8]: count:10, ill:0, Ang_MAX:3.367662e-06, Vol_MAX:3.695488e-06, Ang_mean±std:1.725554e-06±8.106506e-07, Vol_mean±std:2.574921e-06±4.684182e-07, P_MAX:3.821e-05, Q_MAX:9.178e-05, P_mean±std:3.063e-05±3.040e-06, Q_mean±std:7.465e-05±6.273e-06, P_RMSE:1.377e-05, Q_RMSE:2.629e-05, Success rate (<0.1):1.000000, Success rate (<0.01):1.000000, Success rate (<0.001):1.000000
X=[1.4,1.6], PQ=[-0.8,-0.6]: count:10, ill:0, Ang_MAX:3.412366e-06, Vol_MAX:4.053116e-06, Ang_mean±std:1.870096e-06±6.196536e-07, Vol_mean±std:2.777576e-06±5.332534e-07, P_MAX:3.287e-05, Q_MAX:9.753e-05, P_mean±std:3.014e-05±2.033e-06, Q_mean±std:7.626e-05±8.143e-06, P_RMSE:1.362e-05, Q_RMSE:2.681e-05, Success rate (<0.1):1.000000, Success rate (<0.01):1.000000, Success rate (<0.001):1.000000
X=[1.4,1.6], PQ=[-0.6,-0.4]: count:10, ill:0, Ang_MAX:2.110004e-05, Vol_MAX:1.835823e-05, Ang_mean±std:3.549457e-06±5.895615e-06, Vol_mean±std:4.208088e-06±4.740290e-06, P_MAX:1.930e-04, Q_MAX:1.156e-04, P_mean±std:4.697e-05±4.869e-05, Q_mean±std:7.987e-05±1.299e-05, P_RMSE:2.459e-05, Q_RMSE:2.933e-05, Success rate (<0.1):1.000000, Success rate (<0.01):1.000000, Success rate (<0.001):1.000000
X=[1.4,1.6], PQ=[-0.4,-0.2]: count:10, ill:0, Ang_MAX:5.394220e-06, Vol_MAX:5.006790e-06, Ang_mean±std:2.454221e-06±1.541907e-06, Vol_mean±std:2.837181e-06±7.629395e-07, P_MAX:3.943e-05, Q_MAX:8.246e-05, P_mean±std:3.119e-05±2.872e-06, Q_mean±std:7.554e-05±4.078e-06, P_RMSE:1.440e-05, Q_RMSE:2.659e-05, Success rate (<0.1):1.000000, Success rate (<0.01):1.000000, Success rate (<0.001):1.000000
X=[1.4,1.6], PQ=[-0.2,0.0]: count:10, ill:0, Ang_MAX:4.249811e-05, Vol_MAX:5.304813e-05, Ang_mean±std:5.933642e-06±1.224672e-05, Vol_mean±std:7.677078e-06±1.513594e-05, P_MAX:1.372e-04, Q_MAX:2.997e-04, P_mean±std:4.221e-05±3.181e-05, Q_mean±std:9.740e-05±6.759e-05, P_RMSE:2.369e-05, Q_RMSE:4.420e-05, Success rate (<0.1):1.000000, Success rate (<0.01):1.000000, Success rate (<0.001):1.000000
X=[1.4,1.6], PQ=[0.0,0.2]: count:10, ill:0, Ang_MAX:1.382828e-05, Vol_MAX:1.835823e-05, Ang_mean±std:3.007054e-06±3.651884e-06, Vol_mean±std:4.410744e-06±4.740574e-06, P_MAX:1.566e-04, Q_MAX:1.434e-04, P_mean±std:4.251e-05±3.812e-05, Q_mean±std:8.017e-05±2.135e-05, P_RMSE:2.073e-05, Q_RMSE:3.261e-05, Success rate (<0.1):1.000000, Success rate (<0.01):1.000000, Success rate (<0.001):1.000000
X=[1.4,1.6], PQ=[0.2,0.4]: count:10, ill:0, Ang_MAX:1.513958e-05, Vol_MAX:1.490116e-05, Ang_mean±std:3.524125e-06±4.094292e-06, Vol_mean±std:4.458427e-06±3.743703e-06, P_MAX:3.598e-04, Q_MAX:2.405e-04, P_mean±std:6.428e-05±9.853e-05, Q_mean±std:8.895e-05±5.064e-05, P_RMSE:4.196e-05, Q_RMSE:3.879e-05, Success rate (<0.1):1.000000, Success rate (<0.01):1.000000, Success rate (<0.001):1.000000
X=[1.4,1.6], PQ=[0.4,0.6]: count:10, ill:0, Ang_MAX:1.284480e-05, Vol_MAX:2.551079e-05, Ang_mean±std:4.924834e-06±4.216198e-06, Vol_mean±std:6.604195e-06±6.932243e-06, P_MAX:1.127e-04, Q_MAX:2.668e-04, P_mean±std:4.705e-05±2.456e-05, Q_mean±std:9.649e-05±5.688e-05, P_RMSE:2.159e-05, Q_RMSE:3.982e-05, Success rate (<0.1):1.000000, Success rate (<0.01):1.000000, Success rate (<0.001):1.000000
X=[1.4,1.6], PQ=[0.6,0.8]: count:10, ill:0, Ang_MAX:5.152822e-05, Vol_MAX:4.720688e-05, Ang_mean±std:1.105368e-05±1.607655e-05, Vol_mean±std:9.512901e-06±1.378637e-05, P_MAX:4.212e-04, Q_MAX:3.142e-04, P_mean±std:8.861e-05±1.249e-04, Q_mean±std:1.052e-04±7.051e-05, P_RMSE:5.522e-05, Q_RMSE:4.690e-05, Success rate (<0.1):1.000000, Success rate (<0.01):1.000000, Success rate (<0.001):1.000000
X=[1.4,1.6], PQ=[0.8,1.0]: count:10, ill:0, Ang_MAX:1.528859e-05, Vol_MAX:2.598763e-05, Ang_mean±std:4.693866e-06±5.209136e-06, Vol_mean±std:6.711483e-06±7.770407e-06, P_MAX:2.134e-04, Q_MAX:2.168e-04, P_mean±std:6.616e-05±6.182e-05, Q_mean±std:9.016e-05±4.261e-05, P_RMSE:3.004e-05, Q_RMSE:3.666e-05, Success rate (<0.1):1.000000, Success rate (<0.01):1.000000, Success rate (<0.001):1.000000
X=[1.4,1.6], PQ=[1.0,1.2]: count:10, ill:0, Ang_MAX:6.169081e-06, Vol_MAX:7.748604e-06, Ang_mean±std:1.859665e-06±1.553996e-06, Vol_mean±std:2.920628e-06±1.630380e-06, P_MAX:7.948e-05, Q_MAX:7.795e-05, P_mean±std:3.636e-05±1.466e-05, Q_mean±std:7.263e-05±3.078e-06, P_RMSE:1.639e-05, Q_RMSE:2.610e-05, Success rate (<0.1):1.000000, Success rate (<0.01):1.000000, Success rate (<0.001):1.000000
X=[1.4,1.6], PQ=[1.2,1.4]: count:10, ill:0, Ang_MAX:5.692244e-06, Vol_MAX:5.960464e-06, Ang_mean±std:2.294779e-06±1.705164e-06, Vol_mean±std:3.135204e-06±1.418591e-06, P_MAX:9.394e-05, Q_MAX:9.134e-05, P_mean±std:3.864e-05±1.938e-05, Q_mean±std:7.555e-05±5.886e-06, P_RMSE:1.836e-05, Q_RMSE:2.727e-05, Success rate (<0.1):1.000000, Success rate (<0.01):1.000000, Success rate (<0.001):1.000000
X=[1.4,1.6], PQ=[1.4,1.6]: count:10, ill:0, Ang_MAX:6.695092e-05, Vol_MAX:5.686283e-05, Ang_mean±std:8.925796e-06±1.943622e-05, Vol_mean±std:9.036064e-06±1.607353e-05, P_MAX:1.662e-03, Q_MAX:9.295e-04, P_mean±std:1.967e-04±4.884e-04, Q_mean±std:1.625e-04±2.557e-04, P_RMSE:1.736e-04, Q_RMSE:1.114e-04, Success rate (<0.1):1.000000, Success rate (<0.01):1.000000, Success rate (<0.001):0.900000
X=[1.4,1.6], PQ=[1.6,1.8]: count:10, ill:0, Ang_MAX:3.755093e-06, Vol_MAX:3.933907e-06, Ang_mean±std:1.707673e-06±8.884442e-07, Vol_mean±std:2.622604e-06±5.001110e-07, P_MAX:4.307e-05, Q_MAX:1.076e-04, P_mean±std:3.225e-05±4.171e-06, Q_mean±std:7.597e-05±1.093e-05, P_RMSE:1.437e-05, Q_RMSE:2.684e-05, Success rate (<0.1):1.000000, Success rate (<0.01):1.000000, Success rate (<0.001):1.000000
X=[1.4,1.6], PQ=[1.8,2.0]: count:10, ill:0, Ang_MAX:4.082918e-06, Vol_MAX:3.933907e-06, Ang_mean±std:2.039969e-06±1.049606e-06, Vol_mean±std:2.777576e-06±5.438087e-07, P_MAX:3.522e-05, Q_MAX:8.235e-05, P_mean±std:3.006e-05±1.914e-06, Q_mean±std:7.599e-05±2.766e-06, P_RMSE:1.396e-05, Q_RMSE:2.672e-05, Success rate (<0.1):1.000000, Success rate (<0.01):1.000000, Success rate (<0.001):1.000000
X=[1.6,1.8], PQ=[-2.0,-1.8]: count:10, ill:0, Ang_MAX:2.872944e-05, Vol_MAX:1.454353e-05, Ang_mean±std:5.665421e-06±7.872865e-06, Vol_mean±std:4.422665e-06±3.761596e-06, P_MAX:1.485e-04, Q_MAX:2.303e-04, P_mean±std:5.228e-05±4.142e-05, Q_mean±std:9.145e-05±4.725e-05, P_RMSE:2.675e-05, Q_RMSE:3.792e-05, Success rate (<0.1):1.000000, Success rate (<0.01):1.000000, Success rate (<0.001):1.000000
X=[1.6,1.8], PQ=[-1.8,-1.6]: count:10, ill:0, Ang_MAX:1.661330e-04, Vol_MAX:1.271963e-04, Ang_mean±std:3.521293e-05±5.428729e-05, Vol_mean±std:3.247261e-05±4.570243e-05, P_MAX:2.021e-03, Q_MAX:2.398e-03, P_mean±std:3.972e-04±7.039e-04, Q_mean±std:4.469e-04±7.286e-04, P_RMSE:3.491e-04, Q_RMSE:3.071e-04, Success rate (<0.1):1.000000, Success rate (<0.01):1.000000, Success rate (<0.001):0.800000
X=[1.6,1.8], PQ=[-1.6,-1.4]: count:10, ill:0, Ang_MAX:2.086163e-05, Vol_MAX:2.503395e-05, Ang_mean±std:5.868077e-06±6.669094e-06, Vol_mean±std:7.522106e-06±8.261204e-06, P_MAX:2.611e-04, Q_MAX:1.690e-04, P_mean±std:7.865e-05±8.038e-05, Q_mean±std:8.388e-05±2.848e-05, P_RMSE:3.867e-05, Q_RMSE:3.393e-05, Success rate (<0.1):1.000000, Success rate (<0.01):1.000000, Success rate (<0.001):1.000000
X=[1.6,1.8], PQ=[-1.4,-1.2]: count:10, ill:0, Ang_MAX:1.507998e-05, Vol_MAX:1.144409e-05, Ang_mean±std:4.765391e-06±4.988195e-06, Vol_mean±std:4.518032e-06±2.679665e-06, P_MAX:3.761e-05, Q_MAX:8.439e-05, P_mean±std:3.096e-05±3.612e-06, Q_mean±std:7.480e-05±4.808e-06, P_RMSE:1.411e-05, Q_RMSE:2.976e-05, Success rate (<0.1):1.000000, Success rate (<0.01):1.000000, Success rate (<0.001):1.000000
X=[1.6,1.8], PQ=[-1.2,-1.0]: count:10, ill:0, Ang_MAX:7.480383e-06, Vol_MAX:8.106232e-06, Ang_mean±std:3.212690e-06±2.116880e-06, Vol_mean±std:3.659725e-06±1.917047e-06, P_MAX:1.500e-04, Q_MAX:1.034e-04, P_mean±std:4.263e-05±3.588e-05, Q_mean±std:7.555e-05±9.783e-06, P_RMSE:2.132e-05, Q_RMSE:2.892e-05, Success rate (<0.1):1.000000, Success rate (<0.01):1.000000, Success rate (<0.001):1.000000
X=[1.6,1.8], PQ=[-1.0,-0.8]: count:10, ill:0, Ang_MAX:1.218915e-05, Vol_MAX:8.821487e-06, Ang_mean±std:4.404783e-06±3.867506e-06, Vol_mean±std:4.339218e-06±2.490419e-06, P_MAX:9.173e-05, Q_MAX:7.790e-05, P_mean±std:3.941e-05±1.843e-05, Q_mean±std:7.139e-05±2.800e-06, P_RMSE:1.790e-05, Q_RMSE:2.700e-05, Success rate (<0.1):1.000000, Success rate (<0.01):1.000000, Success rate (<0.001):1.000000
X=[1.6,1.8], PQ=[-0.8,-0.6]: count:10, ill:0, Ang_MAX:5.840063e-04, Vol_MAX:6.433725e-04, Ang_mean±std:6.183088e-05±1.741004e-04, Vol_mean±std:6.744862e-05±1.919811e-04, P_MAX:7.672e-03, Q_MAX:5.215e-03, P_mean±std:7.989e-04±2.291e-03, Q_mean±std:5.876e-04±1.542e-03, P_RMSE:8.820e-04, Q_RMSE:5.621e-04, Success rate (<0.1):1.000000, Success rate (<0.01):1.000000, Success rate (<0.001):0.900000
X=[1.6,1.8], PQ=[-0.6,-0.4]: count:10, ill:0, Ang_MAX:7.608533e-05, Vol_MAX:5.424023e-05, Ang_mean±std:2.134740e-05±2.415934e-05, Vol_mean±std:1.928806e-05±1.801700e-05, P_MAX:1.228e-03, Q_MAX:7.284e-04, P_mean±std:2.416e-04±3.482e-04, Q_mean±std:1.923e-04±2.021e-04, P_RMSE:1.411e-04, Q_RMSE:1.039e-04, Success rate (<0.1):1.000000, Success rate (<0.01):1.000000, Success rate (<0.001):0.900000
X=[1.6,1.8], PQ=[-0.4,-0.2]: count:10, ill:0, Ang_MAX:6.601214e-05, Vol_MAX:5.543232e-05, Ang_mean±std:1.724511e-05±1.969373e-05, Vol_mean±std:1.689196e-05±1.794597e-05, P_MAX:5.605e-04, Q_MAX:4.403e-04, P_mean±std:1.181e-04±1.595e-04, Q_mean±std:1.558e-04±1.169e-04, P_RMSE:7.646e-05, Q_RMSE:7.311e-05, Success rate (<0.1):1.000000, Success rate (<0.01):1.000000, Success rate (<0.001):1.000000
X=[1.6,1.8], PQ=[-0.2,0.0]: count:10, ill:0, Ang_MAX:1.830757e-04, Vol_MAX:1.432896e-04, Ang_mean±std:2.654642e-05±5.381907e-05, Vol_mean±std:2.527237e-05±4.486329e-05, P_MAX:1.566e-03, Q_MAX:1.038e-03, P_mean±std:2.097e-04±4.538e-04, Q_mean±std:2.404e-04±3.274e-04, P_RMSE:1.630e-04, Q_RMSE:1.401e-04, Success rate (<0.1):1.000000, Success rate (<0.01):1.000000, Success rate (<0.001):0.900000
X=[1.6,1.8], PQ=[0.0,0.2]: count:10, ill:0, Ang_MAX:2.662838e-05, Vol_MAX:2.777576e-05, Ang_mean±std:4.486740e-06±7.425712e-06, Vol_mean±std:5.376339e-06±7.496824e-06, P_MAX:3.642e-04, Q_MAX:1.954e-04, P_mean±std:6.486e-05±9.986e-05, Q_mean±std:8.752e-05±3.612e-05, P_RMSE:4.644e-05, Q_RMSE:3.791e-05, Success rate (<0.1):1.000000, Success rate (<0.01):1.000000, Success rate (<0.001):1.000000
X=[1.6,1.8], PQ=[0.2,0.4]: count:10, ill:0, Ang_MAX:1.225770e-04, Vol_MAX:1.292229e-04, Ang_mean±std:1.751482e-05±3.571090e-05, Vol_mean±std:1.641512e-05±3.764844e-05, P_MAX:1.107e-03, Q_MAX:9.512e-04, P_mean±std:1.419e-04±3.217e-04, Q_mean±std:1.629e-04±2.628e-04, P_RMSE:1.337e-04, Q_RMSE:1.065e-04, Success rate (<0.1):1.000000, Success rate (<0.01):1.000000, Success rate (<0.001):0.900000
X=[1.6,1.8], PQ=[0.4,0.6]: count:10, ill:0, Ang_MAX:1.835823e-05, Vol_MAX:2.276897e-05, Ang_mean±std:6.169081e-06±4.908543e-06, Vol_mean±std:6.330013e-06±6.175789e-06, P_MAX:1.168e-04, Q_MAX:2.059e-04, P_mean±std:5.130e-05±2.865e-05, Q_mean±std:1.001e-04±5.179e-05, P_RMSE:2.117e-05, Q_RMSE:4.102e-05, Success rate (<0.1):1.000000, Success rate (<0.01):1.000000, Success rate (<0.001):1.000000
X=[1.6,1.8], PQ=[0.6,0.8]: count:10, ill:0, Ang_MAX:2.434850e-05, Vol_MAX:3.015995e-05, Ang_mean±std:8.818507e-06±8.400293e-06, Vol_mean±std:8.368492e-06±9.583389e-06, P_MAX:2.090e-04, Q_MAX:1.238e-04, P_mean±std:5.187e-05±5.282e-05, Q_mean±std:8.418e-05±1.672e-05, P_RMSE:2.602e-05, Q_RMSE:3.415e-05, Success rate (<0.1):1.000000, Success rate (<0.01):1.000000, Success rate (<0.001):1.000000
X=[1.6,1.8], PQ=[0.8,1.0]: count:10, ill:0, Ang_MAX:4.932284e-05, Vol_MAX:3.468990e-05, Ang_mean±std:1.214445e-05±1.719426e-05, Vol_mean±std:8.451939e-06±1.014547e-05, P_MAX:8.819e-04, Q_MAX:5.929e-04, P_mean±std:1.327e-04±2.541e-04, Q_mean±std:1.313e-04±1.541e-04, P_RMSE:9.643e-05, Q_RMSE:7.391e-05, Success rate (<0.1):1.000000, Success rate (<0.01):1.000000, Success rate (<0.001):1.000000
X=[1.6,1.8], PQ=[1.0,1.2]: count:10, ill:0, Ang_MAX:5.501509e-05, Vol_MAX:4.780293e-05, Ang_mean±std:9.596348e-06±1.545537e-05, Vol_mean±std:9.238720e-06±1.318664e-05, P_MAX:9.781e-04, Q_MAX:9.566e-04, P_mean±std:1.365e-04±2.812e-04, Q_mean±std:1.662e-04±2.637e-04, P_RMSE:1.036e-04, Q_RMSE:1.081e-04, Success rate (<0.1):1.000000, Success rate (<0.01):1.000000, Success rate (<0.001):1.000000
X=[1.6,1.8], PQ=[1.2,1.4]: count:10, ill:0, Ang_MAX:5.063415e-05, Vol_MAX:5.626678e-05, Ang_mean±std:1.636446e-05±1.570818e-05, Vol_mean±std:1.882315e-05±2.018417e-05, P_MAX:5.121e-04, Q_MAX:6.255e-04, P_mean±std:1.968e-04±1.957e-04, Q_mean±std:2.127e-04±1.856e-04, P_RMSE:9.689e-05, Q_RMSE:9.778e-05, Success rate (<0.1):1.000000, Success rate (<0.01):1.000000, Success rate (<0.001):1.000000
X=[1.6,1.8], PQ=[1.4,1.6]: count:10, ill:0, Ang_MAX:8.754730e-04, Vol_MAX:7.936954e-04, Ang_mean±std:9.399354e-05±2.605792e-04, Vol_mean±std:8.858442e-05±2.353465e-04, P_MAX:8.377e-03, Q_MAX:6.332e-03, P_mean±std:8.980e-04±2.493e-03, Q_mean±std:7.557e-04±1.862e-03, P_RMSE:9.667e-04, Q_RMSE:6.754e-04, Success rate (<0.1):1.000000, Success rate (<0.01):1.000000, Success rate (<0.001):0.900000
X=[1.6,1.8], PQ=[1.6,1.8]: count:10, ill:0, Ang_MAX:2.247095e-05, Vol_MAX:8.106232e-06, Ang_mean±std:4.658103e-06±6.063803e-06, Vol_mean±std:3.814697e-06±1.743066e-06, P_MAX:4.730e-05, Q_MAX:9.378e-05, P_mean±std:3.423e-05±6.609e-06, Q_mean±std:7.810e-05±6.678e-06, P_RMSE:1.551e-05, Q_RMSE:2.903e-05, Success rate (<0.1):1.000000, Success rate (<0.01):1.000000, Success rate (<0.001):1.000000
X=[1.6,1.8], PQ=[1.8,2.0]: count:10, ill:0, Ang_MAX:2.965331e-05, Vol_MAX:4.065037e-05, Ang_mean±std:9.614229e-06±9.100538e-06, Vol_mean±std:1.282692e-05±1.335731e-05, P_MAX:2.690e-04, Q_MAX:3.550e-04, P_mean±std:8.858e-05±9.130e-05, Q_mean±std:1.349e-04±9.571e-05, P_RMSE:4.800e-05, Q_RMSE:5.940e-05, Success rate (<0.1):1.000000, Success rate (<0.01):1.000000, Success rate (<0.001):1.000000
X=[1.8,2.0], PQ=[-2.0,-1.8]: count:10, ill:0, Ang_MAX:4.139543e-05, Vol_MAX:2.086163e-05, Ang_mean±std:1.553893e-05±1.511604e-05, Vol_mean±std:8.273125e-06±6.204428e-06, P_MAX:1.349e-04, Q_MAX:2.815e-04, P_mean±std:6.000e-05±3.744e-05, Q_mean±std:1.219e-04±8.079e-05, P_RMSE:2.867e-05, Q_RMSE:5.578e-05, Success rate (<0.1):1.000000, Success rate (<0.01):1.000000, Success rate (<0.001):1.000000
X=[1.8,2.0], PQ=[-1.8,-1.6]: count:10, ill:0, Ang_MAX:4.568696e-05, Vol_MAX:4.458427e-05, Ang_mean±std:2.146661e-05±1.295530e-05, Vol_mean±std:1.434088e-05±1.203861e-05, P_MAX:2.228e-04, Q_MAX:3.573e-04, P_mean±std:1.076e-04±6.574e-05, Q_mean±std:1.401e-04±8.220e-05, P_RMSE:4.827e-05, Q_RMSE:6.385e-05, Success rate (<0.1):1.000000, Success rate (<0.01):1.000000, Success rate (<0.001):1.000000
X=[1.8,2.0], PQ=[-1.6,-1.4]: count:10, ill:0, Ang_MAX:1.210660e-03, Vol_MAX:1.161933e-03, Ang_mean±std:1.483083e-04±3.564187e-04, Vol_mean±std:1.411438e-04±3.423923e-04, P_MAX:1.228e-02, Q_MAX:8.272e-03, P_mean±std:1.436e-03±3.631e-03, Q_mean±std:1.055e-03±2.420e-03, P_RMSE:1.509e-03, Q_RMSE:8.957e-04, Success rate (<0.1):1.000000, Success rate (<0.01):0.900000, Success rate (<0.001):0.800000
X=[1.8,2.0], PQ=[-1.4,-1.2]: count:10, ill:0, Ang_MAX:3.516674e-05, Vol_MAX:3.898144e-05, Ang_mean±std:1.304150e-05±1.118167e-05, Vol_mean±std:1.220703e-05±1.249518e-05, P_MAX:1.476e-04, Q_MAX:3.607e-04, P_mean±std:7.311e-05±3.978e-05, Q_mean±std:1.409e-04±9.519e-05, P_RMSE:3.380e-05, Q_RMSE:6.022e-05, Success rate (<0.1):1.000000, Success rate (<0.01):1.000000, Success rate (<0.001):1.000000
X=[1.8,2.0], PQ=[-1.2,-1.0]: count:10, ill:0, Ang_MAX:5.441904e-05, Vol_MAX:2.932549e-05, Ang_mean±std:2.083927e-05±1.647440e-05, Vol_mean±std:1.258850e-05±9.070754e-06, P_MAX:3.020e-04, Q_MAX:4.413e-04, P_mean±std:1.023e-04±8.057e-05, Q_mean±std:1.371e-04±1.081e-04, P_RMSE:4.686e-05, Q_RMSE:6.819e-05, Success rate (<0.1):1.000000, Success rate (<0.01):1.000000, Success rate (<0.001):1.000000
X=[1.8,2.0], PQ=[-1.0,-0.8]: count:10, ill:0, Ang_MAX:1.599789e-04, Vol_MAX:1.318455e-04, Ang_mean±std:2.871305e-05±4.536584e-05, Vol_mean±std:2.219677e-05±3.729319e-05, P_MAX:3.800e-03, Q_MAX:2.432e-03, P_mean±std:5.233e-04±1.106e-03, Q_mean±std:3.705e-04±6.967e-04, P_RMSE:4.077e-04, Q_RMSE:2.781e-04, Success rate (<0.1):1.000000, Success rate (<0.01):1.000000, Success rate (<0.001):0.900000
X=[1.8,2.0], PQ=[-0.8,-0.6]: count:10, ill:0, Ang_MAX:1.120865e-04, Vol_MAX:1.398325e-04, Ang_mean±std:2.030432e-05±3.292942e-05, Vol_mean±std:2.045631e-05±4.073335e-05, P_MAX:3.923e-04, Q_MAX:1.293e-03, P_mean±std:8.520e-05±1.118e-04, Q_mean±std:2.356e-04±3.701e-04, P_RMSE:4.711e-05, Q_RMSE:1.516e-04, Success rate (<0.1):1.000000, Success rate (<0.01):1.000000, Success rate (<0.001):0.900000
X=[1.8,2.0], PQ=[-0.6,-0.4]: count:10, ill:0, Ang_MAX:4.342497e-04, Vol_MAX:3.917217e-04, Ang_mean±std:7.519126e-05±1.263978e-04, Vol_mean±std:8.242130e-05±1.211051e-04, P_MAX:4.219e-03, Q_MAX:3.364e-03, P_mean±std:6.217e-04±1.235e-03, Q_mean±std:6.751e-04±1.010e-03, P_RMSE:5.245e-04, Q_RMSE:4.222e-04, Success rate (<0.1):1.000000, Success rate (<0.01):1.000000, Success rate (<0.001):0.800000
X=[1.8,2.0], PQ=[-0.4,-0.2]: count:10, ill:0, Ang_MAX:3.638864e-05, Vol_MAX:3.015995e-05, Ang_mean±std:1.267791e-05±1.094119e-05, Vol_mean±std:1.121759e-05±9.629196e-06, P_MAX:5.452e-04, Q_MAX:5.900e-04, P_mean±std:1.378e-04±1.511e-04, Q_mean±std:1.599e-04±1.538e-04, P_RMSE:7.917e-05, Q_RMSE:7.860e-05, Success rate (<0.1):1.000000, Success rate (<0.01):1.000000, Success rate (<0.001):1.000000
X=[1.8,2.0], PQ=[-0.2,0.0]: count:10, ill:0, Ang_MAX:6.181300e-04, Vol_MAX:4.826784e-04, Ang_mean±std:7.757097e-05±1.812075e-04, Vol_mean±std:6.752014e-05±1.415586e-04, P_MAX:5.503e-03, Q_MAX:3.083e-03, P_mean±std:6.169e-04±1.630e-03, Q_mean±std:4.965e-04±9.028e-04, P_RMSE:5.571e-04, Q_RMSE:3.602e-04, Success rate (<0.1):1.000000, Success rate (<0.01):1.000000, Success rate (<0.001):0.900000
X=[1.8,2.0], PQ=[0.0,0.2]: count:10, ill:0, Ang_MAX:1.233220e-04, Vol_MAX:1.791716e-04, Ang_mean±std:3.075153e-05±4.499490e-05, Vol_mean±std:3.272295e-05±5.443818e-05, P_MAX:7.760e-04, Q_MAX:1.509e-03, P_mean±std:2.137e-04±2.669e-04, Q_mean±std:2.928e-04±4.382e-04, P_RMSE:1.066e-04, Q_RMSE:1.874e-04, Success rate (<0.1):1.000000, Success rate (<0.01):1.000000, Success rate (<0.001):0.900000
X=[1.8,2.0], PQ=[0.2,0.4]: count:10, ill:0, Ang_MAX:1.457334e-04, Vol_MAX:1.127720e-04, Ang_mean±std:2.197623e-05±4.152918e-05, Vol_mean±std:1.788139e-05±3.198148e-05, P_MAX:1.306e-03, Q_MAX:8.443e-04, P_mean±std:1.879e-04±3.755e-04, Q_mean±std:1.650e-04±2.272e-04, P_RMSE:1.546e-04, Q_RMSE:1.155e-04, Success rate (<0.1):1.000000, Success rate (<0.01):1.000000, Success rate (<0.001):0.900000
X=[1.8,2.0], PQ=[0.4,0.6]: count:10, ill:0, Ang_MAX:4.649162e-05, Vol_MAX:2.622604e-05, Ang_mean±std:1.491457e-05±1.260154e-05, Vol_mean±std:9.059906e-06±6.443259e-06, P_MAX:5.409e-04, Q_MAX:3.060e-04, P_mean±std:1.314e-04±1.534e-04, Q_mean±std:1.246e-04±6.760e-05, P_RMSE:6.883e-05, Q_RMSE:5.819e-05, Success rate (<0.1):1.000000, Success rate (<0.01):1.000000, Success rate (<0.001):1.000000
X=[1.8,2.0], PQ=[0.6,0.8]: count:10, ill:0, Ang_MAX:8.764863e-05, Vol_MAX:5.662441e-05, Ang_mean±std:2.286136e-05±3.162741e-05, Vol_mean±std:1.611710e-05±1.986721e-05, P_MAX:1.309e-03, Q_MAX:1.095e-03, P_mean±std:2.757e-04±4.109e-04, Q_mean±std:2.681e-04±3.144e-04, P_RMSE:1.709e-04, Q_RMSE:1.562e-04, Success rate (<0.1):1.000000, Success rate (<0.01):1.000000, Success rate (<0.001):0.900000
X=[1.8,2.0], PQ=[0.8,1.0]: count:10, ill:0, Ang_MAX:1.386106e-04, Vol_MAX:1.116991e-04, Ang_mean±std:2.127290e-05±3.977638e-05, Vol_mean±std:1.618862e-05±3.214086e-05, P_MAX:2.371e-03, Q_MAX:2.490e-03, P_mean±std:2.908e-04±6.955e-04, Q_mean±std:3.177e-04±7.242e-04, P_RMSE:2.824e-04, Q_RMSE:2.679e-04, Success rate (<0.1):1.000000, Success rate (<0.01):1.000000, Success rate (<0.001):0.900000
X=[1.8,2.0], PQ=[1.0,1.2]: count:10, ill:0, Ang_MAX:1.506120e-03, Vol_MAX:1.526952e-03, Ang_mean±std:1.710787e-04±4.464444e-04, Vol_mean±std:1.758218e-04±4.521384e-04, P_MAX:1.687e-02, Q_MAX:1.255e-02, P_mean±std:1.829e-03±5.020e-03, Q_mean±std:1.484e-03±3.708e-03, P_RMSE:1.984e-03, Q_RMSE:1.348e-03, Success rate (<0.1):1.000000, Success rate (<0.01):0.900000, Success rate (<0.001):0.800000
X=[1.8,2.0], PQ=[1.2,1.4]: count:10, ill:0, Ang_MAX:6.315112e-05, Vol_MAX:9.870529e-05, Ang_mean±std:1.968443e-05±2.124303e-05, Vol_mean±std:2.105236e-05±2.815542e-05, P_MAX:1.670e-03, Q_MAX:8.062e-04, P_mean±std:2.671e-04±4.839e-04, Q_mean±std:2.042e-04±2.167e-04, P_RMSE:2.130e-04, Q_RMSE:1.357e-04, Success rate (<0.1):1.000000, Success rate (<0.01):1.000000, Success rate (<0.001):0.900000
X=[1.8,2.0], PQ=[1.4,1.6]: count:10, ill:0, Ang_MAX:6.337464e-05, Vol_MAX:5.018711e-05, Ang_mean±std:2.667010e-05±2.429570e-05, Vol_mean±std:2.050400e-05±1.650883e-05, P_MAX:1.107e-03, Q_MAX:8.409e-04, P_mean±std:2.452e-04±3.174e-04, Q_mean±std:2.308e-04±2.404e-04, P_RMSE:1.412e-04, Q_RMSE:1.208e-04, Success rate (<0.1):1.000000, Success rate (<0.01):1.000000, Success rate (<0.001):0.900000
X=[1.8,2.0], PQ=[1.6,1.8]: count:10, ill:0, Ang_MAX:3.563166e-04, Vol_MAX:3.941059e-04, Ang_mean±std:5.695522e-05±1.045105e-04, Vol_mean±std:5.801916e-05±1.150240e-04, P_MAX:4.215e-03, Q_MAX:3.187e-03, P_mean±std:5.829e-04±1.233e-03, Q_mean±std:5.189e-04±9.119e-04, P_RMSE:5.051e-04, Q_RMSE:3.577e-04, Success rate (<0.1):1.000000, Success rate (<0.01):1.000000, Success rate (<0.001):0.900000
X=[1.8,2.0], PQ=[1.8,2.0]: count:10, ill:0, Ang_MAX:6.070301e-03, Vol_MAX:8.699298e-03, Ang_mean±std:6.646618e-04±1.803438e-03, Vol_mean±std:9.323597e-04±2.591119e-03, P_MAX:9.367e-02, Q_MAX:6.305e-02, P_mean±std:1.020e-02±2.786e-02, Q_mean±std:6.852e-03±1.875e-02, P_RMSE:1.035e-02, Q_RMSE:6.725e-03, Success rate (<0.1):1.000000, Success rate (<0.01):0.900000, Success rate (<0.001):0.700000

===== Region Mismatch Summary =====
Region & Samples & Avg. mismatch & Worst mismatch & Success rate (<0.1) & Success rate (<0.01) & Success rate (<0.001) 
ID & 1000 & 7.244797e-05 & 8.169934e-05 & 1.000000 & 1.000000 & 1.000000
OOD-X & 1000 & 2.727242e-04 & 1.998413e-02 & 1.000000 & 0.996000 & 0.958000
OOD-PQ & 1000 & 7.258766e-05 & 8.178502e-05 & 1.000000 & 1.000000 & 1.000000
OOD-X+PQ & 1000 & 6.130057e-04 & 9.367034e-02 & 1.000000 & 0.992000 & 0.958000
Heatmap CSV saved: D:\Software\Python_Code\Slover\GIN\ckpt\ieee14.csv
Testing ill-conditioned: running success metrics

===== Ill-Conditioned Test Summary =====
Samples & Maximal mismatch & Minimal mismatch & Avg. mismatch & Success rate (<0.1) & Success rate (<0.01) & Avg. mismatch With N-R PF refine & Success rate With N-R PF refine & Average N-R PF Iteration time
100 & 2.379345e+02 & 5.420113e-01 & 1.120089e+01 & 0.000000 & 0.000000 & 9.915314e-07 & 0.020000 & 14.000000
Ill-conditioned mismatch CSV saved: D:\Software\Python_Code\Slover\GIN\ckpt\IEEE_14_ill.csv
