Log file           : D:\Software\Python_Code\Slover\GIN\ckpt\ieee118_GIN_best.pt.log
Using device       : cuda
Data directory     : D:\Software\Python_Code\Slover\Data\IEEE_118
Model              : Global-Receptive Graph Iteration Network
Checkpoint         : D:\Software\Python_Code\Slover\GIN\ckpt\ieee118_GIN_best.pt
Dataset sizes      : train=36000, val=4000, heatmap_test=4000, ill_test=100
Test batch size    : 512
Load trained model : True
Checkpoint not found for load_trained_model; start training: D:\Software\Python_Code\Slover\GIN\ckpt\ieee118_GIN_best.pt
Epoch 0001/2000 | lr=1.000e-03 | train loss=1.683301e-04 | val loss=1.123896e-04 | time=9.65s
🟩 saved best checkpoint: D:\Software\Python_Code\Slover\GIN\ckpt\ieee118_GIN_best.pt
Epoch 0002/2000 | lr=1.000e-03 | train loss=1.051936e-04 | val loss=1.039841e-04 | time=8.51s
🟩 saved best checkpoint: D:\Software\Python_Code\Slover\GIN\ckpt\ieee118_GIN_best.pt
Epoch 0003/2000 | lr=1.000e-03 | train loss=1.071807e-04 | val loss=1.025461e-04 | time=10.50s
🟩 saved best checkpoint: D:\Software\Python_Code\Slover\GIN\ckpt\ieee118_GIN_best.pt
Epoch 0004/2000 | lr=1.000e-03 | train loss=1.082677e-04 | val loss=1.045106e-04 | time=10.08s
🔘 no improvement (1/40) | best val=1.025461e-04
Epoch 0005/2000 | lr=1.000e-03 | train loss=1.040682e-04 | val loss=9.701507e-05 | time=10.30s
🟩 saved best checkpoint: D:\Software\Python_Code\Slover\GIN\ckpt\ieee118_GIN_best.pt
Epoch 0006/2000 | lr=1.000e-03 | train loss=1.006466e-04 | val loss=1.028373e-04 | time=10.07s
🔘 no improvement (1/40) | best val=9.701507e-05
Epoch 0007/2000 | lr=1.000e-03 | train loss=9.737262e-05 | val loss=9.514898e-05 | time=10.30s
🟩 saved best checkpoint: D:\Software\Python_Code\Slover\GIN\ckpt\ieee118_GIN_best.pt
Epoch 0008/2000 | lr=1.000e-03 | train loss=9.658906e-05 | val loss=9.558620e-05 | time=10.27s
🔘 no improvement (1/40) | best val=9.514898e-05
Epoch 0009/2000 | lr=1.000e-03 | train loss=9.666560e-05 | val loss=9.632714e-05 | time=10.59s
🔘 no improvement (2/40) | best val=9.514898e-05
Epoch 0010/2000 | lr=1.000e-03 | train loss=9.591115e-05 | val loss=1.040557e-04 | time=10.17s
🔘 no improvement (3/40) | best val=9.514898e-05
Epoch 0011/2000 | lr=1.000e-03 | train loss=9.779741e-05 | val loss=1.034626e-04 | time=9.91s
🔘 no improvement (4/40) | best val=9.514898e-05
Epoch 0012/2000 | lr=1.000e-03 | train loss=1.014916e-04 | val loss=1.003742e-04 | time=10.35s
🔘 no improvement (5/40) | best val=9.514898e-05
Epoch 0013/2000 | lr=1.000e-03 | train loss=1.010271e-04 | val loss=9.650448e-05 | time=10.41s
🔘 no improvement (6/40) | best val=9.514898e-05
Epoch 0014/2000 | lr=1.000e-03 | train loss=1.011591e-04 | val loss=9.572405e-05 | time=10.22s
🔘 no improvement (7/40) | best val=9.514898e-05
Epoch 0015/2000 | lr=1.000e-03 | train loss=1.015847e-04 | val loss=1.154652e-04 | time=10.17s
🔘 no improvement (8/40) | best val=9.514898e-05
Epoch 0016/2000 | lr=1.000e-03 | train loss=1.028907e-04 | val loss=1.011743e-04 | time=10.64s
🔘 no improvement (9/40) | best val=9.514898e-05
Epoch 0017/2000 | lr=1.000e-03 | train loss=1.014593e-04 | val loss=9.758260e-05 | time=10.32s
🔘 no improvement (10/40) | best val=9.514898e-05
Epoch 0018/2000 | lr=1.000e-03 | train loss=1.055881e-04 | val loss=9.828705e-05 | time=10.27s
🔘 no improvement (11/40) | best val=9.514898e-05
Epoch 0019/2000 | lr=1.000e-03 | train loss=1.031566e-04 | val loss=1.035591e-04 | time=10.01s
🔘 no improvement (12/40) | best val=9.514898e-05
Epoch 0020/2000 | lr=1.000e-03 | train loss=1.007975e-04 | val loss=9.863713e-05 | time=9.54s
🔘 no improvement (13/40) | best val=9.514898e-05
Epoch 0021/2000 | lr=1.000e-03 | train loss=1.002898e-04 | val loss=1.050204e-04 | time=10.02s
🔘 no improvement (14/40) | best val=9.514898e-05
Epoch 0022/2000 | lr=1.000e-03 | train loss=1.000912e-04 | val loss=9.899264e-05 | time=10.15s
🔘 no improvement (15/40) | best val=9.514898e-05
Epoch 0023/2000 | lr=1.000e-03 | train loss=1.001076e-04 | val loss=9.823297e-05 | time=9.79s
🔘 no improvement (16/40) | best val=9.514898e-05
Epoch 0024/2000 | lr=1.000e-03 | train loss=9.893615e-05 | val loss=9.873236e-05 | time=9.92s
🔘 no improvement (17/40) | best val=9.514898e-05
Epoch 0025/2000 | lr=1.000e-03 | train loss=1.006230e-04 | val loss=1.000507e-04 | time=9.76s
🔘 no improvement (18/40) | best val=9.514898e-05
Epoch 0026/2000 | lr=1.000e-03 | train loss=1.029403e-04 | val loss=1.009438e-04 | time=10.12s
🔘 no improvement (19/40) | best val=9.514898e-05
Epoch 0027/2000 | lr=1.000e-03 | train loss=1.037484e-04 | val loss=1.192893e-04 | time=10.09s
🔘 no improvement (20/40) | best val=9.514898e-05
Epoch 0028/2000 | lr=5.000e-04 | train loss=1.025225e-04 | val loss=1.027868e-04 | time=9.82s
🔻 LR reduced: 1.000e-03 -> 5.000e-04
🔘 no improvement (21/40) | best val=9.514898e-05
Epoch 0029/2000 | lr=5.000e-04 | train loss=5.489383e-05 | val loss=4.846554e-05 | time=10.04s
🟩 saved best checkpoint: D:\Software\Python_Code\Slover\GIN\ckpt\ieee118_GIN_best.pt
Epoch 0030/2000 | lr=5.000e-04 | train loss=4.784637e-05 | val loss=5.088901e-05 | time=9.78s
🔘 no improvement (1/40) | best val=4.846554e-05
Epoch 0031/2000 | lr=5.000e-04 | train loss=4.751196e-05 | val loss=4.524825e-05 | time=9.98s
🟩 saved best checkpoint: D:\Software\Python_Code\Slover\GIN\ckpt\ieee118_GIN_best.pt
Epoch 0032/2000 | lr=5.000e-04 | train loss=4.716057e-05 | val loss=4.808410e-05 | time=9.98s
🔘 no improvement (1/40) | best val=4.524825e-05
Epoch 0033/2000 | lr=5.000e-04 | train loss=4.688164e-05 | val loss=4.807371e-05 | time=9.94s
🔘 no improvement (2/40) | best val=4.524825e-05
Epoch 0034/2000 | lr=5.000e-04 | train loss=4.714116e-05 | val loss=4.565435e-05 | time=9.82s
🔘 no improvement (3/40) | best val=4.524825e-05
Epoch 0035/2000 | lr=5.000e-04 | train loss=4.633195e-05 | val loss=4.560971e-05 | time=10.22s
🔘 no improvement (4/40) | best val=4.524825e-05
Epoch 0036/2000 | lr=5.000e-04 | train loss=4.583919e-05 | val loss=4.367680e-05 | time=10.34s
🟩 saved best checkpoint: D:\Software\Python_Code\Slover\GIN\ckpt\ieee118_GIN_best.pt
Epoch 0037/2000 | lr=5.000e-04 | train loss=4.558264e-05 | val loss=4.353794e-05 | time=10.18s
🔘 no improvement (1/40) | best val=4.367680e-05
Epoch 0038/2000 | lr=5.000e-04 | train loss=4.581843e-05 | val loss=4.396018e-05 | time=9.97s
🔘 no improvement (2/40) | best val=4.367680e-05
Epoch 0039/2000 | lr=5.000e-04 | train loss=4.577040e-05 | val loss=4.581904e-05 | time=9.86s
🔘 no improvement (3/40) | best val=4.367680e-05
Epoch 0040/2000 | lr=5.000e-04 | train loss=4.589977e-05 | val loss=4.347713e-05 | time=9.89s
🔘 no improvement (4/40) | best val=4.367680e-05
Epoch 0041/2000 | lr=5.000e-04 | train loss=4.557545e-05 | val loss=4.509272e-05 | time=9.76s
🔘 no improvement (5/40) | best val=4.367680e-05
Epoch 0042/2000 | lr=5.000e-04 | train loss=4.542262e-05 | val loss=4.636900e-05 | time=9.91s
🔘 no improvement (6/40) | best val=4.367680e-05
Epoch 0043/2000 | lr=5.000e-04 | train loss=4.536788e-05 | val loss=4.776538e-05 | time=10.21s
🔘 no improvement (7/40) | best val=4.367680e-05
Epoch 0044/2000 | lr=5.000e-04 | train loss=4.514653e-05 | val loss=4.518029e-05 | time=10.19s
🔘 no improvement (8/40) | best val=4.367680e-05
Epoch 0045/2000 | lr=5.000e-04 | train loss=4.587311e-05 | val loss=5.163639e-05 | time=10.31s
🔘 no improvement (9/40) | best val=4.367680e-05
Epoch 0046/2000 | lr=5.000e-04 | train loss=5.050590e-05 | val loss=4.893534e-05 | time=10.39s
🔘 no improvement (10/40) | best val=4.367680e-05
Epoch 0047/2000 | lr=5.000e-04 | train loss=4.962451e-05 | val loss=4.690843e-05 | time=10.21s
🔘 no improvement (11/40) | best val=4.367680e-05
Epoch 0048/2000 | lr=5.000e-04 | train loss=4.876945e-05 | val loss=4.837835e-05 | time=10.29s
🔘 no improvement (12/40) | best val=4.367680e-05
Epoch 0049/2000 | lr=5.000e-04 | train loss=4.812706e-05 | val loss=4.988762e-05 | time=10.45s
🔘 no improvement (13/40) | best val=4.367680e-05
Epoch 0050/2000 | lr=5.000e-04 | train loss=4.804106e-05 | val loss=5.231376e-05 | time=10.37s
🔘 no improvement (14/40) | best val=4.367680e-05
Epoch 0051/2000 | lr=5.000e-04 | train loss=4.824958e-05 | val loss=4.845020e-05 | time=10.38s
🔘 no improvement (15/40) | best val=4.367680e-05
Epoch 0052/2000 | lr=5.000e-04 | train loss=4.847747e-05 | val loss=4.534670e-05 | time=10.25s
🔘 no improvement (16/40) | best val=4.367680e-05
Epoch 0053/2000 | lr=5.000e-04 | train loss=4.844142e-05 | val loss=5.131348e-05 | time=10.55s
🔘 no improvement (17/40) | best val=4.367680e-05
Epoch 0054/2000 | lr=5.000e-04 | train loss=4.841040e-05 | val loss=5.076975e-05 | time=10.20s
🔘 no improvement (18/40) | best val=4.367680e-05
Epoch 0055/2000 | lr=5.000e-04 | train loss=4.826984e-05 | val loss=4.768297e-05 | time=10.16s
🔘 no improvement (19/40) | best val=4.367680e-05
Epoch 0056/2000 | lr=5.000e-04 | train loss=4.825113e-05 | val loss=4.571684e-05 | time=10.24s
🔘 no improvement (20/40) | best val=4.367680e-05
Epoch 0057/2000 | lr=2.500e-04 | train loss=4.852151e-05 | val loss=4.698680e-05 | time=10.09s
🔻 LR reduced: 5.000e-04 -> 2.500e-04
🔘 no improvement (21/40) | best val=4.367680e-05
Epoch 0058/2000 | lr=2.500e-04 | train loss=3.017020e-05 | val loss=2.457860e-05 | time=9.85s
🟩 saved best checkpoint: D:\Software\Python_Code\Slover\GIN\ckpt\ieee118_GIN_best.pt
Epoch 0059/2000 | lr=2.500e-04 | train loss=2.642733e-05 | val loss=2.593139e-05 | time=10.42s
🔘 no improvement (1/40) | best val=2.457860e-05
Epoch 0060/2000 | lr=2.500e-04 | train loss=2.604860e-05 | val loss=2.730035e-05 | time=9.94s
🔘 no improvement (2/40) | best val=2.457860e-05
Epoch 0061/2000 | lr=2.500e-04 | train loss=2.586587e-05 | val loss=2.887541e-05 | time=9.78s
🔘 no improvement (3/40) | best val=2.457860e-05
Epoch 0062/2000 | lr=2.500e-04 | train loss=2.562068e-05 | val loss=2.468598e-05 | time=9.77s
🔘 no improvement (4/40) | best val=2.457860e-05
Epoch 0063/2000 | lr=2.500e-04 | train loss=2.524591e-05 | val loss=2.379923e-05 | time=10.33s
🔘 no improvement (5/40) | best val=2.457860e-05
Epoch 0064/2000 | lr=2.500e-04 | train loss=2.493504e-05 | val loss=2.467021e-05 | time=10.54s
🔘 no improvement (6/40) | best val=2.457860e-05
Epoch 0065/2000 | lr=2.500e-04 | train loss=2.500133e-05 | val loss=2.396416e-05 | time=10.43s
🔘 no improvement (7/40) | best val=2.457860e-05
Epoch 0066/2000 | lr=2.500e-04 | train loss=2.477126e-05 | val loss=2.581972e-05 | time=10.41s
🔘 no improvement (8/40) | best val=2.457860e-05
Epoch 0067/2000 | lr=2.500e-04 | train loss=2.481196e-05 | val loss=2.833728e-05 | time=10.09s
🔘 no improvement (9/40) | best val=2.457860e-05
Epoch 0068/2000 | lr=2.500e-04 | train loss=2.487237e-05 | val loss=2.543002e-05 | time=10.03s
🔘 no improvement (10/40) | best val=2.457860e-05
Epoch 0069/2000 | lr=2.500e-04 | train loss=2.526911e-05 | val loss=2.312984e-05 | time=10.79s
🟩 saved best checkpoint: D:\Software\Python_Code\Slover\GIN\ckpt\ieee118_GIN_best.pt
Epoch 0070/2000 | lr=2.500e-04 | train loss=2.583787e-05 | val loss=2.363331e-05 | time=9.97s
🔘 no improvement (1/40) | best val=2.312984e-05
Epoch 0071/2000 | lr=2.500e-04 | train loss=2.560775e-05 | val loss=2.686483e-05 | time=10.17s
🔘 no improvement (2/40) | best val=2.312984e-05
Epoch 0072/2000 | lr=2.500e-04 | train loss=2.549874e-05 | val loss=2.889936e-05 | time=10.38s
🔘 no improvement (3/40) | best val=2.312984e-05
Epoch 0073/2000 | lr=2.500e-04 | train loss=2.550587e-05 | val loss=2.703340e-05 | time=9.97s
🔘 no improvement (4/40) | best val=2.312984e-05
Epoch 0074/2000 | lr=2.500e-04 | train loss=2.547002e-05 | val loss=2.382133e-05 | time=10.20s
🔘 no improvement (5/40) | best val=2.312984e-05
Epoch 0075/2000 | lr=2.500e-04 | train loss=2.524599e-05 | val loss=2.376913e-05 | time=10.36s
🔘 no improvement (6/40) | best val=2.312984e-05
Epoch 0076/2000 | lr=2.500e-04 | train loss=2.534211e-05 | val loss=2.684084e-05 | time=10.39s
🔘 no improvement (7/40) | best val=2.312984e-05
Epoch 0077/2000 | lr=2.500e-04 | train loss=2.558697e-05 | val loss=2.623773e-05 | time=9.95s
🔘 no improvement (8/40) | best val=2.312984e-05
Epoch 0078/2000 | lr=2.500e-04 | train loss=2.685173e-05 | val loss=2.602484e-05 | time=9.86s
🔘 no improvement (9/40) | best val=2.312984e-05
Epoch 0079/2000 | lr=2.500e-04 | train loss=2.600552e-05 | val loss=2.598131e-05 | time=10.17s
🔘 no improvement (10/40) | best val=2.312984e-05
Epoch 0080/2000 | lr=2.500e-04 | train loss=2.572219e-05 | val loss=2.597035e-05 | time=9.85s
🔘 no improvement (11/40) | best val=2.312984e-05
Epoch 0081/2000 | lr=2.500e-04 | train loss=2.609366e-05 | val loss=2.811038e-05 | time=9.75s
🔘 no improvement (12/40) | best val=2.312984e-05
Epoch 0082/2000 | lr=2.500e-04 | train loss=2.685597e-05 | val loss=2.649451e-05 | time=10.21s
🔘 no improvement (13/40) | best val=2.312984e-05
Epoch 0083/2000 | lr=2.500e-04 | train loss=2.632442e-05 | val loss=2.743885e-05 | time=9.99s
🔘 no improvement (14/40) | best val=2.312984e-05
Epoch 0084/2000 | lr=2.500e-04 | train loss=2.616272e-05 | val loss=2.459284e-05 | time=9.63s
🔘 no improvement (15/40) | best val=2.312984e-05
Epoch 0085/2000 | lr=2.500e-04 | train loss=2.607432e-05 | val loss=2.518056e-05 | time=9.91s
🔘 no improvement (16/40) | best val=2.312984e-05
Epoch 0086/2000 | lr=2.500e-04 | train loss=2.601969e-05 | val loss=2.457881e-05 | time=9.94s
🔘 no improvement (17/40) | best val=2.312984e-05
Epoch 0087/2000 | lr=2.500e-04 | train loss=2.581725e-05 | val loss=2.629287e-05 | time=10.03s
🔘 no improvement (18/40) | best val=2.312984e-05
Epoch 0088/2000 | lr=2.500e-04 | train loss=2.571658e-05 | val loss=2.501480e-05 | time=10.03s
🔘 no improvement (19/40) | best val=2.312984e-05
Epoch 0089/2000 | lr=2.500e-04 | train loss=2.569323e-05 | val loss=2.512370e-05 | time=9.66s
🔘 no improvement (20/40) | best val=2.312984e-05
Epoch 0090/2000 | lr=1.250e-04 | train loss=2.593786e-05 | val loss=2.818833e-05 | time=9.75s
🔻 LR reduced: 2.500e-04 -> 1.250e-04
🔘 no improvement (21/40) | best val=2.312984e-05
Epoch 0091/2000 | lr=1.250e-04 | train loss=1.458816e-05 | val loss=1.263532e-05 | time=9.85s
🟩 saved best checkpoint: D:\Software\Python_Code\Slover\GIN\ckpt\ieee118_GIN_best.pt
Epoch 0092/2000 | lr=1.250e-04 | train loss=1.243912e-05 | val loss=1.228908e-05 | time=9.99s
🔘 no improvement (1/40) | best val=1.263532e-05
Epoch 0093/2000 | lr=1.250e-04 | train loss=1.205774e-05 | val loss=1.186422e-05 | time=10.00s
🔘 no improvement (2/40) | best val=1.263532e-05
Epoch 0094/2000 | lr=1.250e-04 | train loss=1.183706e-05 | val loss=1.288137e-05 | time=9.91s
🔘 no improvement (3/40) | best val=1.263532e-05
Epoch 0095/2000 | lr=1.250e-04 | train loss=1.194378e-05 | val loss=1.139591e-05 | time=10.00s
🟩 saved best checkpoint: D:\Software\Python_Code\Slover\GIN\ckpt\ieee118_GIN_best.pt
Epoch 0096/2000 | lr=1.250e-04 | train loss=1.182500e-05 | val loss=1.188256e-05 | time=10.21s
🔘 no improvement (1/40) | best val=1.139591e-05
Epoch 0097/2000 | lr=1.250e-04 | train loss=1.179878e-05 | val loss=1.215106e-05 | time=10.02s
🔘 no improvement (2/40) | best val=1.139591e-05
Epoch 0098/2000 | lr=1.250e-04 | train loss=1.181229e-05 | val loss=1.159740e-05 | time=10.03s
🔘 no improvement (3/40) | best val=1.139591e-05
Epoch 0099/2000 | lr=1.250e-04 | train loss=1.177042e-05 | val loss=1.176439e-05 | time=10.07s
🔘 no improvement (4/40) | best val=1.139591e-05
Epoch 0100/2000 | lr=1.250e-04 | train loss=1.176843e-05 | val loss=1.177300e-05 | time=9.98s
🔘 no improvement (5/40) | best val=1.139591e-05
Epoch 0101/2000 | lr=1.250e-04 | train loss=1.181373e-05 | val loss=1.146446e-05 | time=9.95s
🔘 no improvement (6/40) | best val=1.139591e-05
Epoch 0102/2000 | lr=1.250e-04 | train loss=1.178345e-05 | val loss=1.162043e-05 | time=9.97s
🔘 no improvement (7/40) | best val=1.139591e-05
Epoch 0103/2000 | lr=1.250e-04 | train loss=1.174545e-05 | val loss=1.177959e-05 | time=10.07s
🔘 no improvement (8/40) | best val=1.139591e-05
Epoch 0104/2000 | lr=1.250e-04 | train loss=1.181006e-05 | val loss=1.167242e-05 | time=10.08s
🔘 no improvement (9/40) | best val=1.139591e-05
Epoch 0105/2000 | lr=1.250e-04 | train loss=1.177029e-05 | val loss=1.188993e-05 | time=10.01s
🔘 no improvement (10/40) | best val=1.139591e-05
Epoch 0106/2000 | lr=1.250e-04 | train loss=1.177314e-05 | val loss=1.151878e-05 | time=9.84s
🔘 no improvement (11/40) | best val=1.139591e-05
Epoch 0107/2000 | lr=1.250e-04 | train loss=1.168851e-05 | val loss=1.207582e-05 | time=10.09s
🔘 no improvement (12/40) | best val=1.139591e-05
Epoch 0108/2000 | lr=1.250e-04 | train loss=1.168828e-05 | val loss=1.159096e-05 | time=9.87s
🔘 no improvement (13/40) | best val=1.139591e-05
Epoch 0109/2000 | lr=1.250e-04 | train loss=1.169654e-05 | val loss=1.229063e-05 | time=10.11s
🔘 no improvement (14/40) | best val=1.139591e-05
Epoch 0110/2000 | lr=1.250e-04 | train loss=1.165695e-05 | val loss=1.138857e-05 | time=9.76s
🔘 no improvement (15/40) | best val=1.139591e-05
Epoch 0111/2000 | lr=1.250e-04 | train loss=1.168565e-05 | val loss=1.115927e-05 | time=9.77s
🔘 no improvement (16/40) | best val=1.139591e-05
Epoch 0112/2000 | lr=1.250e-04 | train loss=1.163905e-05 | val loss=1.140895e-05 | time=9.91s
🔘 no improvement (17/40) | best val=1.139591e-05
Epoch 0113/2000 | lr=1.250e-04 | train loss=1.162571e-05 | val loss=1.179450e-05 | time=9.90s
🔘 no improvement (18/40) | best val=1.139591e-05
Epoch 0114/2000 | lr=1.250e-04 | train loss=1.163008e-05 | val loss=1.225620e-05 | time=9.77s
🔘 no improvement (19/40) | best val=1.139591e-05
Epoch 0115/2000 | lr=1.250e-04 | train loss=1.165652e-05 | val loss=1.216877e-05 | time=9.93s
🔘 no improvement (20/40) | best val=1.139591e-05
Epoch 0116/2000 | lr=6.250e-05 | train loss=1.159481e-05 | val loss=1.131438e-05 | time=10.03s
🔻 LR reduced: 1.250e-04 -> 6.250e-05
🔘 no improvement (21/40) | best val=1.139591e-05
Epoch 0117/2000 | lr=6.250e-05 | train loss=6.269439e-06 | val loss=6.264353e-06 | time=9.77s
🟩 saved best checkpoint: D:\Software\Python_Code\Slover\GIN\ckpt\ieee118_GIN_best.pt
Epoch 0118/2000 | lr=6.250e-05 | train loss=5.669549e-06 | val loss=5.221752e-06 | time=9.84s
🟩 saved best checkpoint: D:\Software\Python_Code\Slover\GIN\ckpt\ieee118_GIN_best.pt
Epoch 0119/2000 | lr=6.250e-05 | train loss=5.680573e-06 | val loss=5.534799e-06 | time=10.04s
🔘 no improvement (1/40) | best val=5.221752e-06
Epoch 0120/2000 | lr=6.250e-05 | train loss=5.700893e-06 | val loss=5.442738e-06 | time=10.08s
🔘 no improvement (2/40) | best val=5.221752e-06
Epoch 0121/2000 | lr=6.250e-05 | train loss=5.638824e-06 | val loss=5.877037e-06 | time=9.94s
🔘 no improvement (3/40) | best val=5.221752e-06
Epoch 0122/2000 | lr=6.250e-05 | train loss=5.655421e-06 | val loss=5.592180e-06 | time=9.70s
🔘 no improvement (4/40) | best val=5.221752e-06
Epoch 0123/2000 | lr=6.250e-05 | train loss=5.666759e-06 | val loss=5.973843e-06 | time=10.02s
🔘 no improvement (5/40) | best val=5.221752e-06
Epoch 0124/2000 | lr=6.250e-05 | train loss=5.725230e-06 | val loss=5.558094e-06 | time=9.99s
🔘 no improvement (6/40) | best val=5.221752e-06
Epoch 0125/2000 | lr=6.250e-05 | train loss=5.711907e-06 | val loss=6.095781e-06 | time=10.02s
🔘 no improvement (7/40) | best val=5.221752e-06
Epoch 0126/2000 | lr=6.250e-05 | train loss=5.715487e-06 | val loss=5.496655e-06 | time=10.22s
🔘 no improvement (8/40) | best val=5.221752e-06
Epoch 0127/2000 | lr=6.250e-05 | train loss=5.739173e-06 | val loss=5.554943e-06 | time=10.00s
🔘 no improvement (9/40) | best val=5.221752e-06
Epoch 0128/2000 | lr=6.250e-05 | train loss=5.731600e-06 | val loss=5.705040e-06 | time=9.92s
🔘 no improvement (10/40) | best val=5.221752e-06
Epoch 0129/2000 | lr=6.250e-05 | train loss=5.744481e-06 | val loss=5.968193e-06 | time=9.78s
🔘 no improvement (11/40) | best val=5.221752e-06
Epoch 0130/2000 | lr=6.250e-05 | train loss=5.727060e-06 | val loss=5.495823e-06 | time=9.76s
🔘 no improvement (12/40) | best val=5.221752e-06
Epoch 0131/2000 | lr=6.250e-05 | train loss=5.737391e-06 | val loss=5.612079e-06 | time=9.85s
🔘 no improvement (13/40) | best val=5.221752e-06
Epoch 0132/2000 | lr=6.250e-05 | train loss=5.744374e-06 | val loss=5.566225e-06 | time=9.99s
🔘 no improvement (14/40) | best val=5.221752e-06
Epoch 0133/2000 | lr=6.250e-05 | train loss=5.728594e-06 | val loss=6.222287e-06 | time=9.92s
🔘 no improvement (15/40) | best val=5.221752e-06
Epoch 0134/2000 | lr=6.250e-05 | train loss=5.735261e-06 | val loss=5.917185e-06 | time=9.93s
🔘 no improvement (16/40) | best val=5.221752e-06
Epoch 0135/2000 | lr=6.250e-05 | train loss=5.750133e-06 | val loss=5.696661e-06 | time=10.06s
🔘 no improvement (17/40) | best val=5.221752e-06
Epoch 0136/2000 | lr=6.250e-05 | train loss=5.746102e-06 | val loss=5.544293e-06 | time=10.11s
🔘 no improvement (18/40) | best val=5.221752e-06
Epoch 0137/2000 | lr=6.250e-05 | train loss=5.721640e-06 | val loss=5.700586e-06 | time=9.94s
🔘 no improvement (19/40) | best val=5.221752e-06
Epoch 0138/2000 | lr=6.250e-05 | train loss=5.716856e-06 | val loss=5.454872e-06 | time=9.93s
🔘 no improvement (20/40) | best val=5.221752e-06
Epoch 0139/2000 | lr=3.125e-05 | train loss=5.725171e-06 | val loss=5.958797e-06 | time=9.87s
🔻 LR reduced: 6.250e-05 -> 3.125e-05
🔘 no improvement (21/40) | best val=5.221752e-06
Epoch 0140/2000 | lr=3.125e-05 | train loss=2.684975e-06 | val loss=2.253913e-06 | time=9.96s
🟩 saved best checkpoint: D:\Software\Python_Code\Slover\GIN\ckpt\ieee118_GIN_best.pt
Epoch 0141/2000 | lr=3.125e-05 | train loss=2.166742e-06 | val loss=2.106841e-06 | time=10.12s
🔘 no improvement (1/40) | best val=2.253913e-06
Epoch 0142/2000 | lr=3.125e-05 | train loss=2.134829e-06 | val loss=1.884106e-06 | time=9.94s
🔘 no improvement (2/40) | best val=2.253913e-06
Epoch 0143/2000 | lr=3.125e-05 | train loss=2.138082e-06 | val loss=2.092634e-06 | time=9.90s
🔘 no improvement (3/40) | best val=2.253913e-06
Epoch 0144/2000 | lr=3.125e-05 | train loss=2.154100e-06 | val loss=2.234141e-06 | time=9.79s
🔘 no improvement (4/40) | best val=2.253913e-06
Epoch 0145/2000 | lr=3.125e-05 | train loss=2.163116e-06 | val loss=2.238339e-06 | time=10.04s
🔘 no improvement (5/40) | best val=2.253913e-06
Epoch 0146/2000 | lr=3.125e-05 | train loss=2.157376e-06 | val loss=2.164897e-06 | time=9.99s
🔘 no improvement (6/40) | best val=2.253913e-06
Epoch 0147/2000 | lr=3.125e-05 | train loss=2.160412e-06 | val loss=2.073581e-06 | time=9.76s
🔘 no improvement (7/40) | best val=2.253913e-06
Epoch 0148/2000 | lr=3.125e-05 | train loss=2.155709e-06 | val loss=2.159595e-06 | time=9.79s
🔘 no improvement (8/40) | best val=2.253913e-06
Epoch 0149/2000 | lr=3.125e-05 | train loss=2.150311e-06 | val loss=2.239991e-06 | time=8.79s
🔘 no improvement (9/40) | best val=2.253913e-06
Epoch 0150/2000 | lr=3.125e-05 | train loss=2.163108e-06 | val loss=2.250156e-06 | time=8.59s
🔘 no improvement (10/40) | best val=2.253913e-06
Epoch 0151/2000 | lr=3.125e-05 | train loss=2.155151e-06 | val loss=2.112514e-06 | time=8.26s
🔘 no improvement (11/40) | best val=2.253913e-06
Epoch 0152/2000 | lr=3.125e-05 | train loss=2.145476e-06 | val loss=2.160115e-06 | time=8.77s
🔘 no improvement (12/40) | best val=2.253913e-06
Epoch 0153/2000 | lr=3.125e-05 | train loss=2.143340e-06 | val loss=2.310570e-06 | time=8.37s
🔘 no improvement (13/40) | best val=2.253913e-06
Epoch 0154/2000 | lr=3.125e-05 | train loss=2.150768e-06 | val loss=2.192734e-06 | time=8.24s
🔘 no improvement (14/40) | best val=2.253913e-06
Epoch 0155/2000 | lr=3.125e-05 | train loss=2.207388e-06 | val loss=2.167648e-06 | time=8.41s
🔘 no improvement (15/40) | best val=2.253913e-06
Epoch 0156/2000 | lr=3.125e-05 | train loss=2.215597e-06 | val loss=2.321022e-06 | time=9.04s
🔘 no improvement (16/40) | best val=2.253913e-06
Epoch 0157/2000 | lr=3.125e-05 | train loss=2.206466e-06 | val loss=2.343467e-06 | time=8.45s
🔘 no improvement (17/40) | best val=2.253913e-06
Epoch 0158/2000 | lr=3.125e-05 | train loss=2.213615e-06 | val loss=2.196711e-06 | time=8.56s
🔘 no improvement (18/40) | best val=2.253913e-06
Epoch 0159/2000 | lr=3.125e-05 | train loss=2.243961e-06 | val loss=2.244928e-06 | time=8.96s
🔘 no improvement (19/40) | best val=2.253913e-06
Epoch 0160/2000 | lr=3.125e-05 | train loss=2.265929e-06 | val loss=2.270098e-06 | time=8.86s
🔘 no improvement (20/40) | best val=2.253913e-06
Epoch 0161/2000 | lr=1.563e-05 | train loss=2.245746e-06 | val loss=2.279212e-06 | time=8.95s
🔻 LR reduced: 3.125e-05 -> 1.563e-05
🔘 no improvement (21/40) | best val=2.253913e-06
Epoch 0162/2000 | lr=1.563e-05 | train loss=1.177506e-06 | val loss=1.050371e-06 | time=8.85s
🟩 saved best checkpoint: D:\Software\Python_Code\Slover\GIN\ckpt\ieee118_GIN_best.pt
Epoch 0163/2000 | lr=1.563e-05 | train loss=1.012930e-06 | val loss=1.016144e-06 | time=8.77s
🔘 no improvement (1/40) | best val=1.050371e-06
Epoch 0164/2000 | lr=1.563e-05 | train loss=9.918312e-07 | val loss=1.046513e-06 | time=8.56s
🔘 no improvement (2/40) | best val=1.050371e-06
Epoch 0165/2000 | lr=1.563e-05 | train loss=9.816573e-07 | val loss=9.889892e-07 | time=8.50s
🔘 no improvement (3/40) | best val=1.050371e-06
Epoch 0166/2000 | lr=1.563e-05 | train loss=9.692397e-07 | val loss=9.593673e-07 | time=8.91s
🔘 no improvement (4/40) | best val=1.050371e-06
Epoch 0167/2000 | lr=1.563e-05 | train loss=9.897220e-07 | val loss=1.018556e-06 | time=8.75s
🔘 no improvement (5/40) | best val=1.050371e-06
Epoch 0168/2000 | lr=1.563e-05 | train loss=9.980805e-07 | val loss=1.049961e-06 | time=8.78s
🔘 no improvement (6/40) | best val=1.050371e-06
Epoch 0169/2000 | lr=1.563e-05 | train loss=9.859392e-07 | val loss=9.604381e-07 | time=8.73s
🔘 no improvement (7/40) | best val=1.050371e-06
Epoch 0170/2000 | lr=1.563e-05 | train loss=9.749366e-07 | val loss=1.023134e-06 | time=8.78s
🔘 no improvement (8/40) | best val=1.050371e-06
Epoch 0171/2000 | lr=1.563e-05 | train loss=9.900620e-07 | val loss=1.021928e-06 | time=8.62s
🔘 no improvement (9/40) | best val=1.050371e-06
Epoch 0172/2000 | lr=1.563e-05 | train loss=9.932161e-07 | val loss=1.008411e-06 | time=8.92s
🔘 no improvement (10/40) | best val=1.050371e-06
Epoch 0173/2000 | lr=1.563e-05 | train loss=1.006643e-06 | val loss=1.013430e-06 | time=8.56s
🔘 no improvement (11/40) | best val=1.050371e-06
Epoch 0174/2000 | lr=1.563e-05 | train loss=1.019751e-06 | val loss=1.010208e-06 | time=8.37s
🔘 no improvement (12/40) | best val=1.050371e-06
Epoch 0175/2000 | lr=1.563e-05 | train loss=1.019150e-06 | val loss=1.053808e-06 | time=8.64s
🔘 no improvement (13/40) | best val=1.050371e-06
Epoch 0176/2000 | lr=1.563e-05 | train loss=1.012567e-06 | val loss=1.116058e-06 | time=8.50s
🔘 no improvement (14/40) | best val=1.050371e-06
Epoch 0177/2000 | lr=1.563e-05 | train loss=1.026414e-06 | val loss=1.007358e-06 | time=8.17s
🔘 no improvement (15/40) | best val=1.050371e-06
Epoch 0178/2000 | lr=1.563e-05 | train loss=1.029859e-06 | val loss=1.037009e-06 | time=8.52s
🔘 no improvement (16/40) | best val=1.050371e-06
Epoch 0179/2000 | lr=1.563e-05 | train loss=1.044738e-06 | val loss=1.010893e-06 | time=8.35s
🔘 no improvement (17/40) | best val=1.050371e-06
Epoch 0180/2000 | lr=1.563e-05 | train loss=1.036261e-06 | val loss=1.052259e-06 | time=8.78s
🔘 no improvement (18/40) | best val=1.050371e-06
Epoch 0181/2000 | lr=1.563e-05 | train loss=1.037551e-06 | val loss=1.062805e-06 | time=8.21s
🔘 no improvement (19/40) | best val=1.050371e-06
Epoch 0182/2000 | lr=1.563e-05 | train loss=1.030824e-06 | val loss=1.123360e-06 | time=8.58s
🔘 no improvement (20/40) | best val=1.050371e-06
Epoch 0183/2000 | lr=7.813e-06 | train loss=1.048627e-06 | val loss=1.055858e-06 | time=8.86s
🔻 LR reduced: 1.563e-05 -> 7.813e-06
🔘 no improvement (21/40) | best val=1.050371e-06
Epoch 0184/2000 | lr=7.813e-06 | train loss=7.305153e-07 | val loss=7.301231e-07 | time=8.32s
🔘 no improvement (22/40) | best val=1.050371e-06
Epoch 0185/2000 | lr=7.813e-06 | train loss=6.940101e-07 | val loss=7.257479e-07 | time=8.36s
🔘 no improvement (23/40) | best val=1.050371e-06
Epoch 0186/2000 | lr=7.813e-06 | train loss=6.961045e-07 | val loss=7.345888e-07 | time=8.48s
🔘 no improvement (24/40) | best val=1.050371e-06
Epoch 0187/2000 | lr=7.813e-06 | train loss=7.023047e-07 | val loss=7.174058e-07 | time=8.25s
🔘 no improvement (25/40) | best val=1.050371e-06
Epoch 0188/2000 | lr=7.813e-06 | train loss=7.038148e-07 | val loss=7.289909e-07 | time=8.48s
🔘 no improvement (26/40) | best val=1.050371e-06
Epoch 0189/2000 | lr=7.813e-06 | train loss=7.069086e-07 | val loss=7.324798e-07 | time=8.61s
🔘 no improvement (27/40) | best val=1.050371e-06
Epoch 0190/2000 | lr=7.813e-06 | train loss=7.086564e-07 | val loss=7.443859e-07 | time=8.48s
🔘 no improvement (28/40) | best val=1.050371e-06
Epoch 0191/2000 | lr=7.813e-06 | train loss=7.038587e-07 | val loss=6.653542e-07 | time=8.59s
🔘 no improvement (29/40) | best val=1.050371e-06
Epoch 0192/2000 | lr=7.813e-06 | train loss=7.044783e-07 | val loss=7.002590e-07 | time=8.51s
🔘 no improvement (30/40) | best val=1.050371e-06
Epoch 0193/2000 | lr=7.813e-06 | train loss=7.017029e-07 | val loss=7.583467e-07 | time=8.51s
🔘 no improvement (31/40) | best val=1.050371e-06
Epoch 0194/2000 | lr=7.813e-06 | train loss=7.024146e-07 | val loss=7.360248e-07 | time=8.46s
🔘 no improvement (32/40) | best val=1.050371e-06
Epoch 0195/2000 | lr=7.813e-06 | train loss=6.994768e-07 | val loss=6.912984e-07 | time=8.77s
🔘 no improvement (33/40) | best val=1.050371e-06
Epoch 0196/2000 | lr=7.813e-06 | train loss=7.055036e-07 | val loss=7.486430e-07 | time=8.60s
🔘 no improvement (34/40) | best val=1.050371e-06
Epoch 0197/2000 | lr=7.813e-06 | train loss=7.169392e-07 | val loss=7.466869e-07 | time=8.48s
🔘 no improvement (35/40) | best val=1.050371e-06
Epoch 0198/2000 | lr=7.813e-06 | train loss=7.115987e-07 | val loss=7.345888e-07 | time=8.58s
🔘 no improvement (36/40) | best val=1.050371e-06
Epoch 0199/2000 | lr=7.813e-06 | train loss=7.116414e-07 | val loss=7.142810e-07 | time=8.94s
🔘 no improvement (37/40) | best val=1.050371e-06
Epoch 0200/2000 | lr=7.813e-06 | train loss=7.094957e-07 | val loss=7.165784e-07 | time=8.81s
🔘 no improvement (38/40) | best val=1.050371e-06
Epoch 0201/2000 | lr=7.813e-06 | train loss=7.090934e-07 | val loss=7.345207e-07 | time=8.90s
🔘 no improvement (39/40) | best val=1.050371e-06
Epoch 0202/2000 | lr=7.813e-06 | train loss=7.103222e-07 | val loss=8.088488e-07 | time=8.84s
🔘 no improvement (40/40) | best val=1.050371e-06
 early stopping
Loading checkpoint : D:\Software\Python_Code\Slover\GIN\ckpt\ieee118_GIN_best.pt
Checkpoint loaded  : OK
Testing summary    : running full metrics

===== test metrics (tol=0.001) =====
samples                         : 4000
mean max |dP| over non-slack    : 7.935815e-04
worst max |dP| over non-slack   : 7.225493e-01
mean max |dQ| over PQ           : 1.056322e-03
worst max |dQ| over PQ          : 3.522103e-01
RMSE |dP| over non-slack        : 1.581442e-03
RMSE |dQ| over PQ               : 9.495131e-04
convergence rate                : 0.922000
Success rate (<0.1)             : 0.999250
Success rate (<0.01)            : 0.992750
Success rate (<0.001)           : 0.922000
Test evaluation time             : 0.617724 s
Testing heatmap    : running cell metrics

===== Batch Full-Test Summary By Heatmap Cell =====
X=[-2.0,-1.8], PQ=[-2.0,-1.8]: count:10, ill:0, Ang_MAX:4.389286e-04, Vol_MAX:4.171133e-04, Ang_mean±std:1.009241e-04±1.534646e-04, Vol_mean±std:9.066463e-05±1.313438e-04, P_MAX:1.142e-02, Q_MAX:6.694e-03, P_mean±std:2.507e-03±4.025e-03, Q_mean±std:1.813e-03±1.723e-03, P_RMSE:5.657e-04, Q_RMSE:4.340e-04, Success rate (<0.1):1.000000, Success rate (<0.01):0.900000, Success rate (<0.001):0.400000
X=[-2.0,-1.8], PQ=[-1.8,-1.6]: count:10, ill:0, Ang_MAX:2.070963e-04, Vol_MAX:1.345277e-04, Ang_mean±std:3.389716e-05±6.017425e-05, Vol_mean±std:2.239943e-05±3.795712e-05, P_MAX:6.505e-03, Q_MAX:2.793e-03, P_mean±std:8.268e-04±1.893e-03, Q_mean±std:1.170e-03±5.571e-04, P_RMSE:2.595e-04, Q_RMSE:2.289e-04, Success rate (<0.1):1.000000, Success rate (<0.01):1.000000, Success rate (<0.001):0.500000
X=[-2.0,-1.8], PQ=[-1.6,-1.4]: count:10, ill:0, Ang_MAX:2.296738e-02, Vol_MAX:1.860702e-02, Ang_mean±std:2.366126e-03±6.867705e-03, Vol_mean±std:1.899731e-03±5.569226e-03, P_MAX:7.225e-01, Q_MAX:3.522e-01, P_mean±std:7.324e-02±2.164e-01, Q_mean±std:3.674e-02±1.052e-01, P_RMSE:2.806e-02, Q_RMSE:1.506e-02, Success rate (<0.1):0.900000, Success rate (<0.01):0.900000, Success rate (<0.001):0.200000
X=[-2.0,-1.8], PQ=[-1.4,-1.2]: count:10, ill:0, Ang_MAX:1.974940e-03, Vol_MAX:3.355443e-03, Ang_mean±std:4.515223e-04±7.272175e-04, Vol_mean±std:5.481839e-04±1.002528e-03, P_MAX:6.541e-02, Q_MAX:2.883e-02, P_mean±std:1.088e-02±1.957e-02, Q_mean±std:7.637e-03±9.496e-03, P_RMSE:2.724e-03, Q_RMSE:1.568e-03, Success rate (<0.1):1.000000, Success rate (<0.01):0.700000, Success rate (<0.001):0.100000
X=[-2.0,-1.8], PQ=[-1.2,-1.0]: count:10, ill:0, Ang_MAX:7.317662e-04, Vol_MAX:5.729795e-04, Ang_mean±std:9.374022e-05±2.140795e-04, Vol_mean±std:7.165074e-05±1.675305e-04, P_MAX:1.342e-02, Q_MAX:1.863e-02, P_mean±std:1.784e-03±3.917e-03, Q_mean±std:2.827e-03±5.270e-03, P_RMSE:5.186e-04, Q_RMSE:7.684e-04, Success rate (<0.1):1.000000, Success rate (<0.01):0.900000, Success rate (<0.001):0.500000
X=[-2.0,-1.8], PQ=[-1.0,-0.8]: count:10, ill:0, Ang_MAX:3.059805e-04, Vol_MAX:8.407235e-04, Ang_mean±std:6.321371e-05±9.271196e-05, Vol_mean±std:1.197219e-04±2.472758e-04, P_MAX:9.005e-03, Q_MAX:9.527e-03, P_mean±std:1.389e-03±2.611e-03, Q_mean±std:1.994e-03±2.545e-03, P_RMSE:3.464e-04, Q_RMSE:4.432e-04, Success rate (<0.1):1.000000, Success rate (<0.01):1.000000, Success rate (<0.001):0.500000
X=[-2.0,-1.8], PQ=[-0.8,-0.6]: count:10, ill:0, Ang_MAX:3.357828e-04, Vol_MAX:1.101494e-04, Ang_mean±std:4.514903e-05±9.700524e-05, Vol_mean±std:1.974106e-05±3.042065e-05, P_MAX:2.983e-03, Q_MAX:2.341e-03, P_mean±std:4.818e-04±8.342e-04, Q_mean±std:1.146e-03±4.205e-04, P_RMSE:1.174e-04, Q_RMSE:2.199e-04, Success rate (<0.1):1.000000, Success rate (<0.01):1.000000, Success rate (<0.001):0.500000
X=[-2.0,-1.8], PQ=[-0.6,-0.4]: count:10, ill:0, Ang_MAX:4.664063e-05, Vol_MAX:2.592802e-05, Ang_mean±std:2.283305e-05±1.179241e-05, Vol_mean±std:1.351833e-05±6.245577e-06, P_MAX:3.321e-04, Q_MAX:2.264e-03, P_mean±std:2.140e-04±3.990e-05, Q_mean±std:1.235e-03±3.625e-04, P_RMSE:5.536e-05, Q_RMSE:2.353e-04, Success rate (<0.1):1.000000, Success rate (<0.01):1.000000, Success rate (<0.001):0.200000
X=[-2.0,-1.8], PQ=[-0.4,-0.2]: count:10, ill:0, Ang_MAX:3.326536e-04, Vol_MAX:2.291203e-04, Ang_mean±std:7.013530e-05±9.203114e-05, Vol_mean±std:5.356669e-05±6.824146e-05, P_MAX:1.161e-02, Q_MAX:4.842e-03, P_mean±std:1.686e-03±3.339e-03, Q_mean±std:1.379e-03±1.165e-03, P_RMSE:4.721e-04, Q_RMSE:2.937e-04, Success rate (<0.1):1.000000, Success rate (<0.01):0.900000, Success rate (<0.001):0.300000
X=[-2.0,-1.8], PQ=[-0.2,0.0]: count:10, ill:0, Ang_MAX:1.312107e-03, Vol_MAX:6.115437e-04, Ang_mean±std:1.890048e-04±3.798455e-04, Vol_mean±std:9.062290e-05±1.757987e-04, P_MAX:1.113e-02, Q_MAX:9.106e-03, P_mean±std:1.659e-03±3.197e-03, Q_mean±std:2.104e-03±2.400e-03, P_RMSE:4.142e-04, Q_RMSE:4.967e-04, Success rate (<0.1):1.000000, Success rate (<0.01):0.900000, Success rate (<0.001):0.300000
X=[-2.0,-1.8], PQ=[0.0,0.2]: count:10, ill:0, Ang_MAX:1.306236e-03, Vol_MAX:1.222312e-03, Ang_mean±std:1.877248e-04±3.814229e-04, Vol_mean±std:1.608849e-04±3.574773e-04, P_MAX:3.367e-02, Q_MAX:2.166e-02, P_mean±std:4.689e-03±9.990e-03, Q_mean±std:3.434e-03±6.193e-03, P_RMSE:1.131e-03, Q_RMSE:9.581e-04, Success rate (<0.1):1.000000, Success rate (<0.01):0.900000, Success rate (<0.001):0.400000
X=[-2.0,-1.8], PQ=[0.2,0.4]: count:10, ill:0, Ang_MAX:1.160413e-03, Vol_MAX:8.231401e-04, Ang_mean±std:2.058491e-04±4.000936e-04, Vol_mean±std:1.715004e-04±3.217107e-04, P_MAX:4.132e-02, Q_MAX:1.720e-02, P_mean±std:5.389e-03±1.239e-02, Q_mean±std:3.019e-03±4.922e-03, P_RMSE:1.647e-03, Q_RMSE:7.745e-04, Success rate (<0.1):1.000000, Success rate (<0.01):0.800000, Success rate (<0.001):0.700000
X=[-2.0,-1.8], PQ=[0.4,0.6]: count:10, ill:0, Ang_MAX:3.209710e-04, Vol_MAX:4.917979e-04, Ang_mean±std:7.856787e-05±9.017161e-05, Vol_mean±std:7.534027e-05±1.412327e-04, P_MAX:5.058e-03, Q_MAX:1.149e-02, P_mean±std:1.495e-03±1.709e-03, Q_mean±std:2.521e-03±3.102e-03, P_RMSE:3.042e-04, Q_RMSE:5.414e-04, Success rate (<0.1):1.000000, Success rate (<0.01):0.900000, Success rate (<0.001):0.300000
X=[-2.0,-1.8], PQ=[0.6,0.8]: count:10, ill:0, Ang_MAX:3.139436e-03, Vol_MAX:2.539039e-03, Ang_mean±std:4.009947e-04±9.219590e-04, Vol_mean±std:3.558397e-04±7.507858e-04, P_MAX:6.100e-02, Q_MAX:3.219e-02, P_mean±std:7.711e-03±1.792e-02, Q_mean±std:4.629e-03±9.239e-03, P_RMSE:2.204e-03, Q_RMSE:1.748e-03, Success rate (<0.1):1.000000, Success rate (<0.01):0.900000, Success rate (<0.001):0.500000
X=[-2.0,-1.8], PQ=[0.8,1.0]: count:10, ill:0, Ang_MAX:2.478659e-04, Vol_MAX:9.745359e-05, Ang_mean±std:5.084127e-05±7.547248e-05, Vol_mean±std:2.865195e-05±2.991549e-05, P_MAX:1.425e-03, Q_MAX:2.087e-03, P_mean±std:4.028e-04±3.782e-04, Q_mean±std:1.157e-03±3.974e-04, P_RMSE:8.321e-05, Q_RMSE:2.607e-04, Success rate (<0.1):1.000000, Success rate (<0.01):1.000000, Success rate (<0.001):0.700000
X=[-2.0,-1.8], PQ=[1.0,1.2]: count:10, ill:0, Ang_MAX:1.310259e-03, Vol_MAX:1.002789e-03, Ang_mean±std:1.612738e-04±3.850061e-04, Vol_mean±std:1.271784e-04±2.941631e-04, P_MAX:3.832e-03, Q_MAX:2.535e-02, P_mean±std:8.203e-04±1.121e-03, Q_mean±std:3.519e-03±7.281e-03, P_RMSE:2.120e-04, Q_RMSE:1.040e-03, Success rate (<0.1):1.000000, Success rate (<0.01):0.900000, Success rate (<0.001):0.300000
X=[-2.0,-1.8], PQ=[1.2,1.4]: count:10, ill:0, Ang_MAX:2.553761e-04, Vol_MAX:1.369715e-04, Ang_mean±std:5.294085e-05±6.895459e-05, Vol_mean±std:3.389716e-05±3.862614e-05, P_MAX:7.041e-03, Q_MAX:3.033e-03, P_mean±std:9.932e-04±2.023e-03, Q_mean±std:1.331e-03±6.433e-04, P_RMSE:2.845e-04, Q_RMSE:2.735e-04, Success rate (<0.1):1.000000, Success rate (<0.01):1.000000, Success rate (<0.001):0.300000
X=[-2.0,-1.8], PQ=[1.4,1.6]: count:10, ill:0, Ang_MAX:1.657516e-03, Vol_MAX:3.676355e-03, Ang_mean±std:1.868784e-04±4.908401e-04, Vol_mean±std:3.798008e-04±1.098881e-03, P_MAX:3.147e-02, Q_MAX:3.038e-02, P_mean±std:3.413e-03±9.356e-03, Q_mean±std:3.977e-03±8.802e-03, P_RMSE:1.287e-03, Q_RMSE:1.222e-03, Success rate (<0.1):1.000000, Success rate (<0.01):0.900000, Success rate (<0.001):0.300000
X=[-2.0,-1.8], PQ=[1.6,1.8]: count:10, ill:0, Ang_MAX:5.763769e-05, Vol_MAX:2.801418e-05, Ang_mean±std:1.465380e-05±1.676187e-05, Vol_mean±std:1.004934e-05±6.855011e-06, P_MAX:8.973e-04, Q_MAX:2.675e-03, P_mean±std:2.688e-04±2.103e-04, Q_mean±std:1.150e-03±5.169e-04, P_RMSE:6.249e-05, Q_RMSE:2.213e-04, Success rate (<0.1):1.000000, Success rate (<0.01):1.000000, Success rate (<0.001):0.500000
X=[-2.0,-1.8], PQ=[1.8,2.0]: count:10, ill:0, Ang_MAX:1.367331e-04, Vol_MAX:1.248717e-04, Ang_mean±std:3.500432e-05±3.983902e-05, Vol_mean±std:3.188252e-05±3.766377e-05, P_MAX:4.221e-03, Q_MAX:1.937e-03, P_mean±std:7.600e-04±1.171e-03, Q_mean±std:1.146e-03±3.842e-04, P_RMSE:1.582e-04, Q_RMSE:2.327e-04, Success rate (<0.1):1.000000, Success rate (<0.01):1.000000, Success rate (<0.001):0.600000
X=[-1.8,-1.6], PQ=[-2.0,-1.8]: count:10, ill:0, Ang_MAX:1.021624e-04, Vol_MAX:4.750490e-05, Ang_mean±std:2.872050e-05±3.131082e-05, Vol_mean±std:1.738071e-05±1.499611e-05, P_MAX:6.574e-04, Q_MAX:1.399e-03, P_mean±std:3.128e-04±1.398e-04, Q_mean±std:9.937e-04±1.876e-04, P_RMSE:6.392e-05, Q_RMSE:2.047e-04, Success rate (<0.1):1.000000, Success rate (<0.01):1.000000, Success rate (<0.001):0.700000
X=[-1.8,-1.6], PQ=[-1.8,-1.6]: count:10, ill:0, Ang_MAX:1.046658e-04, Vol_MAX:7.426739e-05, Ang_mean±std:1.568794e-05±3.039856e-05, Vol_mean±std:1.305342e-05±2.042275e-05, P_MAX:4.137e-04, Q_MAX:1.688e-03, P_mean±std:2.200e-04±6.499e-05, Q_mean±std:9.324e-04±2.541e-04, P_RMSE:5.046e-05, Q_RMSE:1.771e-04, Success rate (<0.1):1.000000, Success rate (<0.01):1.000000, Success rate (<0.001):0.900000
X=[-1.8,-1.6], PQ=[-1.6,-1.4]: count:10, ill:0, Ang_MAX:2.914667e-05, Vol_MAX:2.443790e-05, Ang_mean±std:1.015812e-05±8.917505e-06, Vol_mean±std:9.477139e-06±6.563389e-06, P_MAX:3.808e-04, Q_MAX:1.182e-03, P_mean±std:2.162e-04±5.740e-05, Q_mean±std:9.207e-04±1.077e-04, P_RMSE:4.955e-05, Q_RMSE:1.807e-04, Success rate (<0.1):1.000000, Success rate (<0.01):1.000000, Success rate (<0.001):0.800000
X=[-1.8,-1.6], PQ=[-1.4,-1.2]: count:10, ill:0, Ang_MAX:6.595254e-05, Vol_MAX:4.231930e-05, Ang_mean±std:1.033545e-05±1.859810e-05, Vol_mean±std:1.137853e-05±1.144761e-05, P_MAX:3.160e-03, Q_MAX:1.676e-03, P_mean±std:4.998e-04±8.869e-04, Q_mean±std:9.220e-04±2.621e-04, P_RMSE:1.166e-04, Q_RMSE:1.864e-04, Success rate (<0.1):1.000000, Success rate (<0.01):1.000000, Success rate (<0.001):0.800000
X=[-1.8,-1.6], PQ=[-1.2,-1.0]: count:10, ill:0, Ang_MAX:1.506329e-03, Vol_MAX:1.874745e-03, Ang_mean±std:2.101302e-04±4.592111e-04, Vol_mean±std:3.496587e-04±6.882881e-04, P_MAX:2.401e-02, Q_MAX:1.763e-02, P_mean±std:3.908e-03±7.786e-03, Q_mean±std:3.437e-03±5.383e-03, P_RMSE:9.783e-04, Q_RMSE:8.866e-04, Success rate (<0.1):1.000000, Success rate (<0.01):0.800000, Success rate (<0.001):0.700000
X=[-1.8,-1.6], PQ=[-1.0,-0.8]: count:10, ill:0, Ang_MAX:6.536841e-04, Vol_MAX:2.352595e-04, Ang_mean±std:1.034021e-04±2.017213e-04, Vol_mean±std:5.025864e-05±8.199975e-05, P_MAX:9.488e-03, Q_MAX:5.230e-03, P_mean±std:1.666e-03±2.990e-03, Q_mean±std:1.845e-03±1.704e-03, P_RMSE:4.303e-04, Q_RMSE:3.615e-04, Success rate (<0.1):1.000000, Success rate (<0.01):1.000000, Success rate (<0.001):0.700000
X=[-1.8,-1.6], PQ=[-0.8,-0.6]: count:10, ill:0, Ang_MAX:1.766086e-03, Vol_MAX:7.335544e-04, Ang_mean±std:1.950994e-04±5.245262e-04, Vol_mean±std:9.773374e-05±2.179600e-04, P_MAX:2.250e-02, Q_MAX:1.075e-02, P_mean±std:2.577e-03±6.655e-03, Q_mean±std:1.939e-03±2.960e-03, P_RMSE:7.933e-04, Q_RMSE:5.023e-04, Success rate (<0.1):1.000000, Success rate (<0.01):0.900000, Success rate (<0.001):0.800000
X=[-1.8,-1.6], PQ=[-0.6,-0.4]: count:10, ill:0, Ang_MAX:1.353025e-04, Vol_MAX:1.970530e-04, Ang_mean±std:3.930628e-05±3.989214e-05, Vol_mean±std:3.820062e-05±5.530884e-05, P_MAX:2.279e-03, Q_MAX:1.218e-03, P_mean±std:5.773e-04±6.324e-04, Q_mean±std:9.588e-04±1.375e-04, P_RMSE:1.101e-04, Q_RMSE:2.053e-04, Success rate (<0.1):1.000000, Success rate (<0.01):1.000000, Success rate (<0.001):0.700000
X=[-1.8,-1.6], PQ=[-0.4,-0.2]: count:10, ill:0, Ang_MAX:5.255640e-05, Vol_MAX:4.541874e-05, Ang_mean±std:2.282262e-05±1.649656e-05, Vol_mean±std:1.712441e-05±1.207726e-05, P_MAX:7.128e-04, Q_MAX:2.042e-03, P_mean±std:2.921e-04±1.524e-04, Q_mean±std:1.043e-03±3.407e-04, P_RMSE:6.045e-05, Q_RMSE:2.032e-04, Success rate (<0.1):1.000000, Success rate (<0.01):1.000000, Success rate (<0.001):0.700000
X=[-1.8,-1.6], PQ=[-0.2,0.0]: count:10, ill:0, Ang_MAX:1.630187e-05, Vol_MAX:1.293421e-05, Ang_mean±std:6.358325e-06±4.998304e-06, Vol_mean±std:6.556511e-06±2.238946e-06, P_MAX:4.126e-04, Q_MAX:1.035e-03, P_mean±std:2.258e-04±6.347e-05, Q_mean±std:8.857e-04±7.986e-05, P_RMSE:5.135e-05, Q_RMSE:1.654e-04, Success rate (<0.1):1.000000, Success rate (<0.01):1.000000, Success rate (<0.001):0.900000
X=[-1.8,-1.6], PQ=[0.0,0.2]: count:10, ill:0, Ang_MAX:9.191036e-05, Vol_MAX:1.354814e-04, Ang_mean±std:2.280027e-05±2.844201e-05, Vol_mean±std:2.853870e-05±4.291061e-05, P_MAX:9.297e-04, Q_MAX:2.010e-03, P_mean±std:3.390e-04±2.640e-04, Q_mean±std:1.077e-03±3.620e-04, P_RMSE:6.478e-05, Q_RMSE:2.004e-04, Success rate (<0.1):1.000000, Success rate (<0.01):1.000000, Success rate (<0.001):0.600000
X=[-1.8,-1.6], PQ=[0.2,0.4]: count:10, ill:0, Ang_MAX:1.728535e-05, Vol_MAX:1.549721e-05, Ang_mean±std:7.303059e-06±4.566366e-06, Vol_mean±std:7.140636e-06±2.885480e-06, P_MAX:3.680e-04, Q_MAX:9.807e-04, P_mean±std:2.122e-04±5.266e-05, Q_mean±std:8.878e-04±6.738e-05, P_RMSE:4.957e-05, Q_RMSE:1.717e-04, Success rate (<0.1):1.000000, Success rate (<0.01):1.000000, Success rate (<0.001):1.000000
X=[-1.8,-1.6], PQ=[0.4,0.6]: count:10, ill:0, Ang_MAX:5.272031e-05, Vol_MAX:2.533197e-05, Ang_mean±std:1.637936e-05±1.547115e-05, Vol_mean±std:1.208186e-05±7.348025e-06, P_MAX:8.915e-04, Q_MAX:1.784e-03, P_mean±std:3.257e-04±2.262e-04, Q_mean±std:9.876e-04±2.816e-04, P_RMSE:6.576e-05, Q_RMSE:1.987e-04, Success rate (<0.1):1.000000, Success rate (<0.01):1.000000, Success rate (<0.001):0.800000
X=[-1.8,-1.6], PQ=[0.6,0.8]: count:10, ill:0, Ang_MAX:6.595850e-04, Vol_MAX:6.271005e-04, Ang_mean±std:8.155555e-05±1.953927e-04, Vol_mean±std:7.697940e-05±1.847401e-04, P_MAX:9.139e-03, Q_MAX:9.473e-03, P_mean±std:1.332e-03±2.680e-03, Q_mean±std:1.895e-03±2.559e-03, P_RMSE:3.561e-04, Q_RMSE:4.230e-04, Success rate (<0.1):1.000000, Success rate (<0.01):1.000000, Success rate (<0.001):0.700000
X=[-1.8,-1.6], PQ=[0.8,1.0]: count:10, ill:0, Ang_MAX:6.479025e-05, Vol_MAX:2.592802e-05, Ang_mean±std:1.964718e-05±1.829170e-05, Vol_mean±std:1.264215e-05±6.950344e-06, P_MAX:7.441e-04, Q_MAX:1.829e-03, P_mean±std:3.060e-04±1.941e-04, Q_mean±std:9.710e-04±2.985e-04, P_RMSE:6.103e-05, Q_RMSE:1.881e-04, Success rate (<0.1):1.000000, Success rate (<0.01):1.000000, Success rate (<0.001):0.800000
X=[-1.8,-1.6], PQ=[1.0,1.2]: count:10, ill:0, Ang_MAX:2.716333e-04, Vol_MAX:3.082752e-04, Ang_mean±std:3.294945e-05±7.969155e-05, Vol_mean±std:3.663301e-05±9.057301e-05, P_MAX:3.246e-03, Q_MAX:1.618e-03, P_mean±std:5.149e-04±9.113e-04, Q_mean±std:9.501e-04±2.273e-04, P_RMSE:1.232e-04, Q_RMSE:1.862e-04, Success rate (<0.1):1.000000, Success rate (<0.01):1.000000, Success rate (<0.001):0.900000
X=[-1.8,-1.6], PQ=[1.2,1.4]: count:10, ill:0, Ang_MAX:2.691150e-05, Vol_MAX:1.484156e-05, Ang_mean±std:7.720292e-06±8.413430e-06, Vol_mean±std:7.534027e-06±3.387537e-06, P_MAX:4.483e-04, Q_MAX:1.326e-03, P_mean±std:2.352e-04±7.669e-05, Q_mean±std:9.335e-04±1.543e-04, P_RMSE:5.272e-05, Q_RMSE:1.755e-04, Success rate (<0.1):1.000000, Success rate (<0.01):1.000000, Success rate (<0.001):0.700000
X=[-1.8,-1.6], PQ=[1.4,1.6]: count:10, ill:0, Ang_MAX:5.570055e-04, Vol_MAX:5.568266e-04, Ang_mean±std:6.513596e-05±1.641905e-04, Vol_mean±std:6.642342e-05±1.636733e-04, P_MAX:8.540e-03, Q_MAX:4.001e-03, P_mean±std:1.052e-03±2.496e-03, Q_mean±std:1.187e-03±9.404e-04, P_RMSE:3.014e-04, Q_RMSE:2.427e-04, Success rate (<0.1):1.000000, Success rate (<0.01):1.000000, Success rate (<0.001):0.800000
X=[-1.8,-1.6], PQ=[1.6,1.8]: count:10, ill:0, Ang_MAX:3.695488e-05, Vol_MAX:3.689528e-05, Ang_mean±std:8.875132e-06±1.057624e-05, Vol_mean±std:9.584427e-06±9.248282e-06, P_MAX:1.138e-03, Q_MAX:1.994e-03, P_mean±std:3.415e-04±2.925e-04, Q_mean±std:9.562e-04±3.510e-04, P_RMSE:6.641e-05, Q_RMSE:1.797e-04, Success rate (<0.1):1.000000, Success rate (<0.01):1.000000, Success rate (<0.001):0.900000
X=[-1.8,-1.6], PQ=[1.8,2.0]: count:10, ill:0, Ang_MAX:4.026294e-05, Vol_MAX:3.063679e-05, Ang_mean±std:8.004904e-06±1.095844e-05, Vol_mean±std:8.887053e-06±7.590433e-06, P_MAX:7.372e-04, Q_MAX:9.616e-04, P_mean±std:2.587e-04±1.603e-04, Q_mean±std:8.604e-04±6.877e-05, P_RMSE:5.482e-05, Q_RMSE:1.647e-04, Success rate (<0.1):1.000000, Success rate (<0.01):1.000000, Success rate (<0.001):1.000000
X=[-1.6,-1.4], PQ=[-2.0,-1.8]: count:10, ill:0, Ang_MAX:6.735325e-06, Vol_MAX:7.450581e-06, Ang_mean±std:3.223121e-06±1.212593e-06, Vol_mean±std:5.477667e-06±7.263212e-07, P_MAX:2.577e-04, Q_MAX:8.802e-04, P_mean±std:2.258e-04±1.707e-05, Q_mean±std:7.841e-04±5.009e-05, P_RMSE:5.271e-05, Q_RMSE:1.507e-04, Success rate (<0.1):1.000000, Success rate (<0.01):1.000000, Success rate (<0.001):1.000000
X=[-1.6,-1.4], PQ=[-1.8,-1.6]: count:10, ill:0, Ang_MAX:5.543232e-06, Vol_MAX:5.722046e-06, Ang_mean±std:2.920628e-06±9.644172e-07, Vol_mean±std:5.114079e-06±3.316504e-07, P_MAX:2.655e-04, Q_MAX:8.874e-04, P_mean±std:2.359e-04±1.984e-05, Q_mean±std:7.917e-04±3.719e-05, P_RMSE:5.321e-05, Q_RMSE:1.518e-04, Success rate (<0.1):1.000000, Success rate (<0.01):1.000000, Success rate (<0.001):1.000000
X=[-1.6,-1.4], PQ=[-1.6,-1.4]: count:10, ill:0, Ang_MAX:1.773536e-04, Vol_MAX:1.265407e-04, Ang_mean±std:2.086759e-05±5.217274e-05, Vol_mean±std:1.729131e-05±3.641707e-05, P_MAX:3.821e-03, Q_MAX:3.897e-03, P_mean±std:5.918e-04±1.077e-03, Q_mean±std:1.088e-03±9.374e-04, P_RMSE:1.563e-04, Q_RMSE:2.186e-04, Success rate (<0.1):1.000000, Success rate (<0.01):1.000000, Success rate (<0.001):0.900000
X=[-1.6,-1.4], PQ=[-1.4,-1.2]: count:10, ill:0, Ang_MAX:1.466274e-05, Vol_MAX:1.114607e-05, Ang_mean±std:3.902614e-06±3.621739e-06, Vol_mean±std:5.912781e-06±1.779935e-06, P_MAX:2.423e-04, Q_MAX:9.567e-04, P_mean±std:2.143e-04±2.107e-05, Q_mean±std:8.189e-04±6.529e-05, P_RMSE:5.079e-05, Q_RMSE:1.555e-04, Success rate (<0.1):1.000000, Success rate (<0.01):1.000000, Success rate (<0.001):1.000000
X=[-1.6,-1.4], PQ=[-1.2,-1.0]: count:10, ill:0, Ang_MAX:5.009770e-05, Vol_MAX:9.340048e-05, Ang_mean±std:7.773936e-06±1.411997e-05, Vol_mean±std:1.412630e-05±2.642808e-05, P_MAX:7.508e-04, Q_MAX:9.465e-04, P_mean±std:2.726e-04±1.601e-04, Q_mean±std:8.270e-04±5.195e-05, P_RMSE:5.886e-05, Q_RMSE:1.565e-04, Success rate (<0.1):1.000000, Success rate (<0.01):1.000000, Success rate (<0.001):1.000000
X=[-1.6,-1.4], PQ=[-1.0,-0.8]: count:10, ill:0, Ang_MAX:5.275011e-06, Vol_MAX:9.477139e-06, Ang_mean±std:3.272295e-06±9.157173e-07, Vol_mean±std:5.596876e-06±1.305995e-06, P_MAX:2.483e-04, Q_MAX:8.865e-04, P_mean±std:2.200e-04±1.650e-05, Q_mean±std:8.113e-04±3.371e-05, P_RMSE:5.127e-05, Q_RMSE:1.539e-04, Success rate (<0.1):1.000000, Success rate (<0.01):1.000000, Success rate (<0.001):1.000000
X=[-1.6,-1.4], PQ=[-0.8,-0.6]: count:10, ill:0, Ang_MAX:1.041675e-02, Vol_MAX:8.453012e-03, Ang_mean±std:1.052558e-03±3.121457e-03, Vol_mean±std:8.551896e-04±2.532645e-03, P_MAX:3.345e-01, Q_MAX:2.573e-01, P_mean±std:3.378e-02±1.003e-01, Q_mean±std:2.649e-02±7.694e-02, P_RMSE:1.303e-02, Q_RMSE:1.027e-02, Success rate (<0.1):0.900000, Success rate (<0.01):0.900000, Success rate (<0.001):0.800000
X=[-1.6,-1.4], PQ=[-0.6,-0.4]: count:10, ill:0, Ang_MAX:9.594858e-05, Vol_MAX:6.717443e-05, Ang_mean±std:1.308471e-05±2.768436e-05, Vol_mean±std:1.185536e-05±1.846774e-05, P_MAX:3.364e-03, Q_MAX:1.814e-03, P_mean±std:5.446e-04±9.403e-04, Q_mean±std:9.267e-04±3.018e-04, P_RMSE:1.433e-04, Q_RMSE:1.715e-04, Success rate (<0.1):1.000000, Success rate (<0.01):1.000000, Success rate (<0.001):0.900000
X=[-1.6,-1.4], PQ=[-0.4,-0.2]: count:10, ill:0, Ang_MAX:1.809895e-04, Vol_MAX:7.289648e-05, Ang_mean±std:2.271533e-05±5.290443e-05, Vol_mean±std:1.488328e-05±2.024604e-05, P_MAX:2.139e-03, Q_MAX:1.608e-03, P_mean±std:4.295e-04±5.739e-04, Q_mean±std:8.757e-04±2.458e-04, P_RMSE:9.467e-05, Q_RMSE:1.677e-04, Success rate (<0.1):1.000000, Success rate (<0.01):1.000000, Success rate (<0.001):0.900000
X=[-1.6,-1.4], PQ=[-0.2,0.0]: count:10, ill:0, Ang_MAX:1.014471e-04, Vol_MAX:1.013875e-04, Ang_mean±std:1.278818e-05±2.956702e-05, Vol_mean±std:1.484156e-05±2.885082e-05, P_MAX:1.316e-03, Q_MAX:1.619e-03, P_mean±std:3.280e-04±3.303e-04, Q_mean±std:8.867e-04±2.487e-04, P_RMSE:7.028e-05, Q_RMSE:1.662e-04, Success rate (<0.1):1.000000, Success rate (<0.01):1.000000, Success rate (<0.001):0.900000
X=[-1.6,-1.4], PQ=[0.0,0.2]: count:10, ill:0, Ang_MAX:2.480746e-04, Vol_MAX:1.024604e-04, Ang_mean±std:2.758205e-05±7.350276e-05, Vol_mean±std:1.474619e-05±2.923841e-05, P_MAX:3.085e-03, Q_MAX:2.236e-03, P_mean±std:5.228e-04±8.544e-04, Q_mean±std:9.152e-04±4.413e-04, P_RMSE:1.240e-04, Q_RMSE:1.741e-04, Success rate (<0.1):1.000000, Success rate (<0.01):1.000000, Success rate (<0.001):0.900000
X=[-1.6,-1.4], PQ=[0.2,0.4]: count:10, ill:0, Ang_MAX:1.910329e-05, Vol_MAX:1.972914e-05, Ang_mean±std:5.385280e-06±4.817258e-06, Vol_mean±std:6.783009e-06±4.330170e-06, P_MAX:3.248e-04, Q_MAX:9.074e-04, P_mean±std:2.401e-04±3.601e-05, Q_mean±std:8.047e-04±5.789e-05, P_RMSE:5.239e-05, Q_RMSE:1.561e-04, Success rate (<0.1):1.000000, Success rate (<0.01):1.000000, Success rate (<0.001):1.000000
X=[-1.6,-1.4], PQ=[0.4,0.6]: count:10, ill:0, Ang_MAX:5.096197e-06, Vol_MAX:5.781651e-06, Ang_mean±std:2.972782e-06±8.327136e-07, Vol_mean±std:5.114079e-06±2.728825e-07, P_MAX:2.690e-04, Q_MAX:8.351e-04, P_mean±std:2.260e-04±2.461e-05, Q_mean±std:7.781e-04±2.701e-05, P_RMSE:5.213e-05, Q_RMSE:1.495e-04, Success rate (<0.1):1.000000, Success rate (<0.01):1.000000, Success rate (<0.001):1.000000
X=[-1.6,-1.4], PQ=[0.6,0.8]: count:10, ill:0, Ang_MAX:1.454353e-05, Vol_MAX:1.740456e-05, Ang_mean±std:4.868209e-06±4.004106e-06, Vol_mean±std:6.663799e-06±3.662539e-06, P_MAX:4.722e-04, Q_MAX:8.562e-04, P_mean±std:2.452e-04±7.899e-05, Q_mean±std:7.889e-04±4.919e-05, P_RMSE:5.262e-05, Q_RMSE:1.532e-04, Success rate (<0.1):1.000000, Success rate (<0.01):1.000000, Success rate (<0.001):1.000000
X=[-1.6,-1.4], PQ=[0.8,1.0]: count:10, ill:0, Ang_MAX:3.963709e-06, Vol_MAX:5.841255e-06, Ang_mean±std:2.756715e-06±6.299861e-07, Vol_mean±std:5.233288e-06±3.359080e-07, P_MAX:2.828e-04, Q_MAX:8.949e-04, P_mean±std:2.191e-04±2.492e-05, Q_mean±std:7.758e-04±4.785e-05, P_RMSE:5.224e-05, Q_RMSE:1.510e-04, Success rate (<0.1):1.000000, Success rate (<0.01):1.000000, Success rate (<0.001):1.000000
X=[-1.6,-1.4], PQ=[1.0,1.2]: count:10, ill:0, Ang_MAX:5.006790e-06, Vol_MAX:6.377697e-06, Ang_mean±std:2.846122e-06±8.476914e-07, Vol_mean±std:5.424023e-06±4.670510e-07, P_MAX:2.650e-04, Q_MAX:8.792e-04, P_mean±std:2.246e-04±1.746e-05, Q_mean±std:8.040e-04±4.422e-05, P_RMSE:5.163e-05, Q_RMSE:1.534e-04, Success rate (<0.1):1.000000, Success rate (<0.01):1.000000, Success rate (<0.001):1.000000
X=[-1.6,-1.4], PQ=[1.2,1.4]: count:10, ill:0, Ang_MAX:5.990267e-06, Vol_MAX:1.257658e-05, Ang_mean±std:3.057718e-06±1.068358e-06, Vol_mean±std:6.157160e-06±2.283574e-06, P_MAX:2.357e-04, Q_MAX:8.528e-04, P_mean±std:2.135e-04±1.651e-05, Q_mean±std:7.855e-04±3.947e-05, P_RMSE:5.192e-05, Q_RMSE:1.513e-04, Success rate (<0.1):1.000000, Success rate (<0.01):1.000000, Success rate (<0.001):1.000000
X=[-1.6,-1.4], PQ=[1.4,1.6]: count:10, ill:0, Ang_MAX:4.017353e-05, Vol_MAX:1.347065e-05, Ang_mean±std:6.690621e-06±1.119346e-05, Vol_mean±std:5.972385e-06±2.511301e-06, P_MAX:2.869e-04, Q_MAX:1.000e-03, P_mean±std:2.237e-04±2.752e-05, Q_mean±std:8.128e-04±8.790e-05, P_RMSE:5.170e-05, Q_RMSE:1.559e-04, Success rate (<0.1):1.000000, Success rate (<0.01):1.000000, Success rate (<0.001):0.900000
X=[-1.6,-1.4], PQ=[1.6,1.8]: count:10, ill:0, Ang_MAX:4.425645e-05, Vol_MAX:5.030632e-05, Ang_mean±std:7.958710e-06±1.218071e-05, Vol_mean±std:1.029372e-05±1.336923e-05, P_MAX:6.281e-04, Q_MAX:9.026e-04, P_mean±std:2.572e-04±1.258e-04, Q_mean±std:7.925e-04±4.902e-05, P_RMSE:5.658e-05, Q_RMSE:1.551e-04, Success rate (<0.1):1.000000, Success rate (<0.01):1.000000, Success rate (<0.001):1.000000
X=[-1.6,-1.4], PQ=[1.8,2.0]: count:10, ill:0, Ang_MAX:9.435415e-05, Vol_MAX:1.740456e-04, Ang_mean±std:1.710355e-05±2.779453e-05, Vol_mean±std:2.779365e-05±5.010237e-05, P_MAX:2.011e-03, Q_MAX:1.521e-03, P_mean±std:4.017e-04±5.372e-04, Q_mean±std:9.606e-04±2.696e-04, P_RMSE:9.559e-05, Q_RMSE:1.864e-04, Success rate (<0.1):1.000000, Success rate (<0.01):1.000000, Success rate (<0.001):0.700000
X=[-1.4,-1.2], PQ=[-2.0,-1.8]: count:10, ill:0, Ang_MAX:2.831221e-06, Vol_MAX:5.066395e-06, Ang_mean±std:2.460182e-06±2.145405e-07, Vol_mean±std:4.905462e-06±8.450417e-08, P_MAX:3.115e-04, Q_MAX:8.160e-04, P_mean±std:2.566e-04±2.986e-05, Q_mean±std:7.646e-04±3.196e-05, P_RMSE:5.516e-05, Q_RMSE:1.480e-04, Success rate (<0.1):1.000000, Success rate (<0.01):1.000000, Success rate (<0.001):1.000000
X=[-1.4,-1.2], PQ=[-1.8,-1.6]: count:10, ill:0, Ang_MAX:1.212955e-05, Vol_MAX:5.364418e-06, Ang_mean±std:3.394485e-06±2.917081e-06, Vol_mean±std:4.935265e-06±1.918492e-07, P_MAX:3.234e-04, Q_MAX:9.173e-04, P_mean±std:2.451e-04±3.403e-05, Q_mean±std:7.581e-04±5.811e-05, P_RMSE:5.426e-05, Q_RMSE:1.486e-04, Success rate (<0.1):1.000000, Success rate (<0.01):1.000000, Success rate (<0.001):1.000000
X=[-1.4,-1.2], PQ=[-1.6,-1.4]: count:10, ill:0, Ang_MAX:3.039837e-06, Vol_MAX:5.304813e-06, Ang_mean±std:2.452731e-06±3.432576e-07, Vol_mean±std:4.947186e-06±2.081901e-07, P_MAX:3.025e-04, Q_MAX:8.335e-04, P_mean±std:2.584e-04±2.230e-05, Q_mean±std:7.447e-04±3.625e-05, P_RMSE:5.532e-05, Q_RMSE:1.460e-04, Success rate (<0.1):1.000000, Success rate (<0.01):1.000000, Success rate (<0.001):1.000000
X=[-1.4,-1.2], PQ=[-1.4,-1.2]: count:10, ill:0, Ang_MAX:5.304813e-06, Vol_MAX:6.139278e-06, Ang_mean±std:3.048778e-06±8.487176e-07, Vol_mean±std:5.024672e-06±4.129961e-07, P_MAX:3.301e-04, Q_MAX:8.052e-04, P_mean±std:2.696e-04±3.691e-05, Q_mean±std:7.381e-04±3.280e-05, P_RMSE:5.703e-05, Q_RMSE:1.460e-04, Success rate (<0.1):1.000000, Success rate (<0.01):1.000000, Success rate (<0.001):1.000000
X=[-1.4,-1.2], PQ=[-1.2,-1.0]: count:10, ill:0, Ang_MAX:3.100336e-04, Vol_MAX:2.312064e-04, Ang_mean±std:3.369004e-05±9.211844e-05, Vol_mean±std:2.760887e-05±6.786632e-05, P_MAX:1.178e-02, Q_MAX:5.118e-03, P_mean±std:1.412e-03±3.455e-03, Q_mean±std:1.189e-03±1.310e-03, P_RMSE:4.629e-04, Q_RMSE:2.549e-04, Success rate (<0.1):1.000000, Success rate (<0.01):0.900000, Success rate (<0.001):0.900000
X=[-1.4,-1.2], PQ=[-1.0,-0.8]: count:10, ill:0, Ang_MAX:3.084540e-06, Vol_MAX:5.185604e-06, Ang_mean±std:2.460182e-06±3.055610e-07, Vol_mean±std:4.929304e-06±1.193582e-07, P_MAX:2.680e-04, Q_MAX:7.581e-04, P_mean±std:2.477e-04±9.738e-06, Q_mean±std:7.332e-04±1.508e-05, P_RMSE:5.493e-05, Q_RMSE:1.453e-04, Success rate (<0.1):1.000000, Success rate (<0.01):1.000000, Success rate (<0.001):1.000000
X=[-1.4,-1.2], PQ=[-0.8,-0.6]: count:10, ill:0, Ang_MAX:1.788139e-05, Vol_MAX:2.217293e-05, Ang_mean±std:4.419684e-06±4.529949e-06, Vol_mean±std:6.574392e-06±5.200726e-06, P_MAX:4.796e-04, Q_MAX:7.982e-04, P_mean±std:2.767e-04±7.234e-05, Q_mean±std:7.411e-04±2.547e-05, P_RMSE:5.706e-05, Q_RMSE:1.465e-04, Success rate (<0.1):1.000000, Success rate (<0.01):1.000000, Success rate (<0.001):1.000000
X=[-1.4,-1.2], PQ=[-0.6,-0.4]: count:10, ill:0, Ang_MAX:3.635883e-06, Vol_MAX:5.662441e-06, Ang_mean±std:2.765656e-06±4.430033e-07, Vol_mean±std:5.102158e-06±2.759895e-07, P_MAX:2.887e-04, Q_MAX:8.580e-04, P_mean±std:2.503e-04±2.467e-05, Q_mean±std:7.752e-04±3.875e-05, P_RMSE:5.517e-05, Q_RMSE:1.486e-04, Success rate (<0.1):1.000000, Success rate (<0.01):1.000000, Success rate (<0.001):1.000000
X=[-1.4,-1.2], PQ=[-0.4,-0.2]: count:10, ill:0, Ang_MAX:4.872680e-06, Vol_MAX:6.020069e-06, Ang_mean±std:2.820790e-06±8.530456e-07, Vol_mean±std:4.929304e-06±3.674760e-07, P_MAX:3.093e-04, Q_MAX:7.550e-04, P_mean±std:2.750e-04±2.162e-05, Q_mean±std:7.307e-04±1.902e-05, P_RMSE:5.680e-05, Q_RMSE:1.449e-04, Success rate (<0.1):1.000000, Success rate (<0.01):1.000000, Success rate (<0.001):1.000000
X=[-1.4,-1.2], PQ=[-0.2,0.0]: count:10, ill:0, Ang_MAX:2.036989e-05, Vol_MAX:3.165007e-05, Ang_mean±std:4.127622e-06±5.419190e-06, Vol_mean±std:7.605553e-06±8.016069e-06, P_MAX:3.013e-04, Q_MAX:7.812e-04, P_mean±std:2.755e-04±2.527e-05, Q_mean±std:7.435e-04±2.926e-05, P_RMSE:5.715e-05, Q_RMSE:1.466e-04, Success rate (<0.1):1.000000, Success rate (<0.01):1.000000, Success rate (<0.001):1.000000
X=[-1.4,-1.2], PQ=[0.0,0.2]: count:10, ill:0, Ang_MAX:3.427267e-06, Vol_MAX:6.139278e-06, Ang_mean±std:2.609193e-06±4.931564e-07, Vol_mean±std:5.096197e-06±4.895207e-07, P_MAX:3.317e-04, Q_MAX:8.582e-04, P_mean±std:2.526e-04±3.552e-05, Q_mean±std:7.677e-04±4.790e-05, P_RMSE:5.502e-05, Q_RMSE:1.486e-04, Success rate (<0.1):1.000000, Success rate (<0.01):1.000000, Success rate (<0.001):1.000000
X=[-1.4,-1.2], PQ=[0.2,0.4]: count:10, ill:0, Ang_MAX:2.905726e-06, Vol_MAX:4.947186e-06, Ang_mean±std:2.446771e-06±2.722308e-07, Vol_mean±std:4.822016e-06±8.616944e-08, P_MAX:2.903e-04, Q_MAX:7.830e-04, P_mean±std:2.623e-04±1.985e-05, Q_mean±std:7.407e-04±2.052e-05, P_RMSE:5.596e-05, Q_RMSE:1.457e-04, Success rate (<0.1):1.000000, Success rate (<0.01):1.000000, Success rate (<0.001):1.000000
X=[-1.4,-1.2], PQ=[0.4,0.6]: count:10, ill:0, Ang_MAX:2.831221e-06, Vol_MAX:5.125999e-06, Ang_mean±std:2.478063e-06±2.371158e-07, Vol_mean±std:4.893541e-06±1.263000e-07, P_MAX:2.977e-04, Q_MAX:7.713e-04, P_mean±std:2.560e-04±3.120e-05, Q_mean±std:7.347e-04±2.124e-05, P_RMSE:5.551e-05, Q_RMSE:1.457e-04, Success rate (<0.1):1.000000, Success rate (<0.01):1.000000, Success rate (<0.001):1.000000
X=[-1.4,-1.2], PQ=[0.6,0.8]: count:10, ill:0, Ang_MAX:4.261732e-06, Vol_MAX:4.947186e-06, Ang_mean±std:2.799928e-06±7.629758e-07, Vol_mean±std:4.816055e-06±6.419617e-08, P_MAX:3.135e-04, Q_MAX:7.948e-04, P_mean±std:2.795e-04±2.391e-05, Q_mean±std:7.400e-04±2.613e-05, P_RMSE:5.735e-05, Q_RMSE:1.464e-04, Success rate (<0.1):1.000000, Success rate (<0.01):1.000000, Success rate (<0.001):1.000000
X=[-1.4,-1.2], PQ=[0.8,1.0]: count:10, ill:0, Ang_MAX:3.576279e-06, Vol_MAX:5.781651e-06, Ang_mean±std:2.585351e-06±5.387239e-07, Vol_mean±std:5.012751e-06±3.344771e-07, P_MAX:3.024e-04, Q_MAX:8.495e-04, P_mean±std:2.579e-04±3.382e-05, Q_mean±std:7.563e-04±4.247e-05, P_RMSE:5.557e-05, Q_RMSE:1.478e-04, Success rate (<0.1):1.000000, Success rate (<0.01):1.000000, Success rate (<0.001):1.000000
X=[-1.4,-1.2], PQ=[1.0,1.2]: count:10, ill:0, Ang_MAX:2.741814e-06, Vol_MAX:5.066395e-06, Ang_mean±std:2.443790e-06±2.000311e-07, Vol_mean±std:4.857779e-06±1.416786e-07, P_MAX:3.161e-04, Q_MAX:7.544e-04, P_mean±std:2.776e-04±2.813e-05, Q_mean±std:7.297e-04±1.282e-05, P_RMSE:5.738e-05, Q_RMSE:1.443e-04, Success rate (<0.1):1.000000, Success rate (<0.01):1.000000, Success rate (<0.001):1.000000
X=[-1.4,-1.2], PQ=[1.2,1.4]: count:10, ill:0, Ang_MAX:3.010035e-06, Vol_MAX:5.066395e-06, Ang_mean±std:2.479553e-06±2.885751e-07, Vol_mean±std:4.881620e-06±1.144968e-07, P_MAX:3.296e-04, Q_MAX:7.751e-04, P_mean±std:2.788e-04±3.163e-05, Q_mean±std:7.442e-04±1.690e-05, P_RMSE:5.725e-05, Q_RMSE:1.455e-04, Success rate (<0.1):1.000000, Success rate (<0.01):1.000000, Success rate (<0.001):1.000000
X=[-1.4,-1.2], PQ=[1.4,1.6]: count:10, ill:0, Ang_MAX:3.689528e-05, Vol_MAX:7.122755e-05, Ang_mean±std:5.990267e-06±1.030996e-05, Vol_mean±std:1.153946e-05±1.989628e-05, P_MAX:7.372e-04, Q_MAX:8.131e-04, P_mean±std:3.059e-04±1.456e-04, Q_mean±std:7.407e-04±3.141e-05, P_RMSE:6.316e-05, Q_RMSE:1.477e-04, Success rate (<0.1):1.000000, Success rate (<0.01):1.000000, Success rate (<0.001):1.000000
X=[-1.4,-1.2], PQ=[1.6,1.8]: count:10, ill:0, Ang_MAX:4.440546e-06, Vol_MAX:9.596348e-06, Ang_mean±std:2.825260e-06±6.874977e-07, Vol_mean±std:5.465746e-06±1.395831e-06, P_MAX:2.839e-04, Q_MAX:7.967e-04, P_mean±std:2.533e-04±1.743e-05, Q_mean±std:7.594e-04±2.648e-05, P_RMSE:5.577e-05, Q_RMSE:1.466e-04, Success rate (<0.1):1.000000, Success rate (<0.01):1.000000, Success rate (<0.001):1.000000
X=[-1.4,-1.2], PQ=[1.8,2.0]: count:10, ill:0, Ang_MAX:5.841255e-06, Vol_MAX:5.483627e-06, Ang_mean±std:3.160536e-06±1.044452e-06, Vol_mean±std:4.953146e-06±2.189203e-07, P_MAX:2.916e-04, Q_MAX:8.180e-04, P_mean±std:2.674e-04±1.822e-05, Q_mean±std:7.551e-04±3.627e-05, P_RMSE:5.591e-05, Q_RMSE:1.470e-04, Success rate (<0.1):1.000000, Success rate (<0.01):1.000000, Success rate (<0.001):1.000000
X=[-1.2,-1.0], PQ=[-2.0,-1.8]: count:10, ill:0, Ang_MAX:3.606081e-06, Vol_MAX:5.066395e-06, Ang_mean±std:2.667308e-06±5.614001e-07, Vol_mean±std:4.804134e-06±1.311302e-07, P_MAX:3.518e-04, Q_MAX:7.668e-04, P_mean±std:3.031e-04±2.309e-05, Q_mean±std:7.209e-04±2.460e-05, P_RMSE:5.966e-05, Q_RMSE:1.444e-04, Success rate (<0.1):1.000000, Success rate (<0.01):1.000000, Success rate (<0.001):1.000000
X=[-1.2,-1.0], PQ=[-1.8,-1.6]: count:10, ill:0, Ang_MAX:3.650784e-06, Vol_MAX:4.887581e-06, Ang_mean±std:2.686679e-06±5.012663e-07, Vol_mean±std:4.750490e-06±8.450417e-08, P_MAX:3.325e-04, Q_MAX:7.537e-04, P_mean±std:3.013e-04±2.276e-05, Q_mean±std:7.132e-04±1.827e-05, P_RMSE:5.922e-05, Q_RMSE:1.435e-04, Success rate (<0.1):1.000000, Success rate (<0.01):1.000000, Success rate (<0.001):1.000000
X=[-1.2,-1.0], PQ=[-1.6,-1.4]: count:10, ill:0, Ang_MAX:3.397465e-06, Vol_MAX:5.066395e-06, Ang_mean±std:2.728403e-06±3.836550e-07, Vol_mean±std:4.738569e-06±1.199520e-07, P_MAX:3.181e-04, Q_MAX:8.177e-04, P_mean±std:2.905e-04±2.615e-05, Q_mean±std:7.320e-04±3.396e-05, P_RMSE:5.869e-05, Q_RMSE:1.456e-04, Success rate (<0.1):1.000000, Success rate (<0.01):1.000000, Success rate (<0.001):1.000000
X=[-1.2,-1.0], PQ=[-1.4,-1.2]: count:10, ill:0, Ang_MAX:3.039837e-06, Vol_MAX:4.827976e-06, Ang_mean±std:2.367795e-06±3.052702e-07, Vol_mean±std:4.702806e-06±5.623091e-08, P_MAX:3.602e-04, Q_MAX:7.424e-04, P_mean±std:3.022e-04±2.535e-05, Q_mean±std:7.174e-04±1.654e-05, P_RMSE:5.970e-05, Q_RMSE:1.431e-04, Success rate (<0.1):1.000000, Success rate (<0.01):1.000000, Success rate (<0.001):1.000000
X=[-1.2,-1.0], PQ=[-1.2,-1.0]: count:10, ill:0, Ang_MAX:3.129244e-06, Vol_MAX:4.947186e-06, Ang_mean±std:2.488494e-06±3.240788e-07, Vol_mean±std:4.810095e-06±1.067905e-07, P_MAX:3.145e-04, Q_MAX:7.378e-04, P_mean±std:3.019e-04±1.494e-05, Q_mean±std:7.173e-04±1.288e-05, P_RMSE:5.994e-05, Q_RMSE:1.438e-04, Success rate (<0.1):1.000000, Success rate (<0.01):1.000000, Success rate (<0.001):1.000000
X=[-1.2,-1.0], PQ=[-1.0,-0.8]: count:10, ill:0, Ang_MAX:3.173947e-06, Vol_MAX:4.827976e-06, Ang_mean±std:2.561510e-06±3.288028e-07, Vol_mean±std:4.726648e-06±8.450417e-08, P_MAX:3.143e-04, Q_MAX:7.483e-04, P_mean±std:2.966e-04±1.664e-05, Q_mean±std:7.128e-04±1.972e-05, P_RMSE:5.933e-05, Q_RMSE:1.432e-04, Success rate (<0.1):1.000000, Success rate (<0.01):1.000000, Success rate (<0.001):1.000000
X=[-1.2,-1.0], PQ=[-0.8,-0.6]: count:10, ill:0, Ang_MAX:2.890825e-06, Vol_MAX:4.887581e-06, Ang_mean±std:2.536178e-06±2.739383e-07, Vol_mean±std:4.768372e-06±7.052517e-08, P_MAX:3.385e-04, Q_MAX:7.625e-04, P_mean±std:2.972e-04±2.830e-05, Q_mean±std:7.217e-04±1.940e-05, P_RMSE:5.906e-05, Q_RMSE:1.431e-04, Success rate (<0.1):1.000000, Success rate (<0.01):1.000000, Success rate (<0.001):1.000000
X=[-1.2,-1.0], PQ=[-0.6,-0.4]: count:10, ill:0, Ang_MAX:3.382564e-06, Vol_MAX:5.006790e-06, Ang_mean±std:2.522767e-06±4.076523e-07, Vol_mean±std:4.732609e-06±1.039242e-07, P_MAX:3.499e-04, Q_MAX:7.619e-04, P_mean±std:2.986e-04±2.749e-05, Q_mean±std:7.133e-04±1.901e-05, P_RMSE:5.954e-05, Q_RMSE:1.431e-04, Success rate (<0.1):1.000000, Success rate (<0.01):1.000000, Success rate (<0.001):1.000000
X=[-1.2,-1.0], PQ=[-0.4,-0.2]: count:10, ill:0, Ang_MAX:3.188848e-06, Vol_MAX:4.827976e-06, Ang_mean±std:2.503395e-06±2.750869e-07, Vol_mean±std:4.744530e-06±7.633119e-08, P_MAX:3.667e-04, Q_MAX:7.436e-04, P_mean±std:3.063e-04±2.928e-05, Q_mean±std:7.145e-04±1.645e-05, P_RMSE:5.985e-05, Q_RMSE:1.425e-04, Success rate (<0.1):1.000000, Success rate (<0.01):1.000000, Success rate (<0.001):1.000000
X=[-1.2,-1.0], PQ=[-0.2,0.0]: count:10, ill:0, Ang_MAX:3.397465e-06, Vol_MAX:5.125999e-06, Ang_mean±std:2.700090e-06±3.983267e-07, Vol_mean±std:4.762411e-06±1.494877e-07, P_MAX:3.355e-04, Q_MAX:7.702e-04, P_mean±std:3.045e-04±2.557e-05, Q_mean±std:7.185e-04±3.001e-05, P_RMSE:5.949e-05, Q_RMSE:1.441e-04, Success rate (<0.1):1.000000, Success rate (<0.01):1.000000, Success rate (<0.001):1.000000
X=[-1.2,-1.0], PQ=[0.0,0.2]: count:10, ill:0, Ang_MAX:7.987022e-06, Vol_MAX:6.258488e-06, Ang_mean±std:2.983212e-06±1.678717e-06, Vol_mean±std:4.881620e-06±4.658705e-07, P_MAX:3.385e-04, Q_MAX:7.457e-04, P_mean±std:3.012e-04±1.664e-05, Q_mean±std:7.115e-04±1.535e-05, P_RMSE:5.980e-05, Q_RMSE:1.436e-04, Success rate (<0.1):1.000000, Success rate (<0.01):1.000000, Success rate (<0.001):1.000000
X=[-1.2,-1.0], PQ=[0.2,0.4]: count:10, ill:0, Ang_MAX:3.531575e-06, Vol_MAX:4.887581e-06, Ang_mean±std:2.716482e-06±4.566689e-07, Vol_mean±std:4.792213e-06±8.085167e-08, P_MAX:3.495e-04, Q_MAX:7.340e-04, P_mean±std:2.947e-04±2.848e-05, Q_mean±std:7.153e-04±1.360e-05, P_RMSE:5.946e-05, Q_RMSE:1.437e-04, Success rate (<0.1):1.000000, Success rate (<0.01):1.000000, Success rate (<0.001):1.000000
X=[-1.2,-1.0], PQ=[0.4,0.6]: count:10, ill:0, Ang_MAX:3.159046e-06, Vol_MAX:4.827976e-06, Ang_mean±std:2.574921e-06±2.883904e-07, Vol_mean±std:4.708767e-06±5.960464e-08, P_MAX:3.290e-04, Q_MAX:7.389e-04, P_mean±std:3.014e-04±2.362e-05, Q_mean±std:7.211e-04±1.333e-05, P_RMSE:5.952e-05, Q_RMSE:1.433e-04, Success rate (<0.1):1.000000, Success rate (<0.01):1.000000, Success rate (<0.001):1.000000
X=[-1.2,-1.0], PQ=[0.6,0.8]: count:10, ill:0, Ang_MAX:3.188848e-06, Vol_MAX:4.887581e-06, Ang_mean±std:2.679229e-06±2.957646e-07, Vol_mean±std:4.720688e-06±6.951036e-08, P_MAX:3.418e-04, Q_MAX:7.353e-04, P_mean±std:3.190e-04±1.358e-05, Q_mean±std:7.176e-04±1.394e-05, P_RMSE:6.085e-05, Q_RMSE:1.438e-04, Success rate (<0.1):1.000000, Success rate (<0.01):1.000000, Success rate (<0.001):1.000000
X=[-1.2,-1.0], PQ=[0.8,1.0]: count:10, ill:0, Ang_MAX:4.589558e-06, Vol_MAX:4.887581e-06, Ang_mean±std:2.707541e-06±7.110852e-07, Vol_mean±std:4.762411e-06±8.194284e-08, P_MAX:3.445e-04, Q_MAX:7.613e-04, P_mean±std:3.098e-04±2.478e-05, Q_mean±std:7.314e-04±1.975e-05, P_RMSE:5.957e-05, Q_RMSE:1.450e-04, Success rate (<0.1):1.000000, Success rate (<0.01):1.000000, Success rate (<0.001):1.000000
X=[-1.2,-1.0], PQ=[1.0,1.2]: count:10, ill:0, Ang_MAX:4.470348e-06, Vol_MAX:4.947186e-06, Ang_mean±std:2.886355e-06±7.760644e-07, Vol_mean±std:4.756451e-06±9.156639e-08, P_MAX:3.316e-04, Q_MAX:7.547e-04, P_mean±std:3.089e-04±1.622e-05, Q_mean±std:7.240e-04±1.809e-05, P_RMSE:5.982e-05, Q_RMSE:1.439e-04, Success rate (<0.1):1.000000, Success rate (<0.01):1.000000, Success rate (<0.001):1.000000
X=[-1.2,-1.0], PQ=[1.2,1.4]: count:10, ill:0, Ang_MAX:3.963709e-06, Vol_MAX:4.947186e-06, Ang_mean±std:2.586842e-06±5.236735e-07, Vol_mean±std:4.768372e-06±7.996802e-08, P_MAX:3.466e-04, Q_MAX:7.562e-04, P_mean±std:3.018e-04±2.779e-05, Q_mean±std:7.158e-04±2.194e-05, P_RMSE:5.951e-05, Q_RMSE:1.429e-04, Success rate (<0.1):1.000000, Success rate (<0.01):1.000000, Success rate (<0.001):1.000000
X=[-1.2,-1.0], PQ=[1.4,1.6]: count:10, ill:0, Ang_MAX:3.665686e-06, Vol_MAX:4.768372e-06, Ang_mean±std:2.487004e-06±4.750854e-07, Vol_mean±std:4.690886e-06±5.364418e-08, P_MAX:3.351e-04, Q_MAX:7.500e-04, P_mean±std:3.076e-04±1.807e-05, Q_mean±std:7.017e-04±1.709e-05, P_RMSE:6.025e-05, Q_RMSE:1.416e-04, Success rate (<0.1):1.000000, Success rate (<0.01):1.000000, Success rate (<0.001):1.000000
X=[-1.2,-1.0], PQ=[1.6,1.8]: count:10, ill:0, Ang_MAX:3.069639e-06, Vol_MAX:4.887581e-06, Ang_mean±std:2.413988e-06±3.237361e-07, Vol_mean±std:4.762411e-06±9.019819e-08, P_MAX:3.123e-04, Q_MAX:7.564e-04, P_mean±std:2.937e-04±1.580e-05, Q_mean±std:7.239e-04±2.000e-05, P_RMSE:5.854e-05, Q_RMSE:1.439e-04, Success rate (<0.1):1.000000, Success rate (<0.01):1.000000, Success rate (<0.001):1.000000
X=[-1.2,-1.0], PQ=[1.8,2.0]: count:10, ill:0, Ang_MAX:5.036592e-06, Vol_MAX:5.066395e-06, Ang_mean±std:2.872944e-06±9.206168e-07, Vol_mean±std:4.768372e-06±1.359195e-07, P_MAX:3.098e-04, Q_MAX:7.600e-04, P_mean±std:2.893e-04±2.076e-05, Q_mean±std:7.244e-04±2.130e-05, P_RMSE:5.867e-05, Q_RMSE:1.443e-04, Success rate (<0.1):1.000000, Success rate (<0.01):1.000000, Success rate (<0.001):1.000000
X=[-1.0,-0.8], PQ=[-2.0,-1.8]: count:10, ill:0, Ang_MAX:3.546476e-06, Vol_MAX:4.768372e-06, Ang_mean±std:2.533197e-06±4.317224e-07, Vol_mean±std:4.696846e-06±6.951036e-08, P_MAX:3.652e-04, Q_MAX:7.277e-04, P_mean±std:3.317e-04±2.194e-05, Q_mean±std:7.006e-04±1.568e-05, P_RMSE:6.174e-05, Q_RMSE:1.422e-04, Success rate (<0.1):1.000000, Success rate (<0.01):1.000000, Success rate (<0.001):1.000000
X=[-1.0,-0.8], PQ=[-1.8,-1.6]: count:10, ill:0, Ang_MAX:3.606081e-06, Vol_MAX:4.827976e-06, Ang_mean±std:2.563000e-06±4.858784e-07, Vol_mean±std:4.714727e-06±5.623091e-08, P_MAX:3.597e-04, Q_MAX:7.429e-04, P_mean±std:3.348e-04±1.880e-05, Q_mean±std:7.202e-04±1.565e-05, P_RMSE:6.236e-05, Q_RMSE:1.430e-04, Success rate (<0.1):1.000000, Success rate (<0.01):1.000000, Success rate (<0.001):1.000000
X=[-1.0,-0.8], PQ=[-1.6,-1.4]: count:10, ill:0, Ang_MAX:3.576279e-06, Vol_MAX:4.768372e-06, Ang_mean±std:2.735853e-06±4.548737e-07, Vol_mean±std:4.667044e-06±5.990193e-08, P_MAX:3.448e-04, Q_MAX:7.444e-04, P_mean±std:3.283e-04±1.462e-05, Q_mean±std:7.096e-04±1.801e-05, P_RMSE:6.149e-05, Q_RMSE:1.428e-04, Success rate (<0.1):1.000000, Success rate (<0.01):1.000000, Success rate (<0.001):1.000000
X=[-1.0,-0.8], PQ=[-1.4,-1.2]: count:10, ill:0, Ang_MAX:3.933907e-06, Vol_MAX:4.768372e-06, Ang_mean±std:2.658367e-06±6.759020e-07, Vol_mean±std:4.702806e-06±4.951134e-08, P_MAX:3.680e-04, Q_MAX:7.280e-04, P_mean±std:3.335e-04±2.575e-05, Q_mean±std:7.087e-04±1.104e-05, P_RMSE:6.166e-05, Q_RMSE:1.434e-04, Success rate (<0.1):1.000000, Success rate (<0.01):1.000000, Success rate (<0.001):1.000000
X=[-1.0,-0.8], PQ=[-1.2,-1.0]: count:10, ill:0, Ang_MAX:3.546476e-06, Vol_MAX:4.887581e-06, Ang_mean±std:2.488494e-06±4.817018e-07, Vol_mean±std:4.720688e-06±8.760058e-08, P_MAX:3.693e-04, Q_MAX:7.255e-04, P_mean±std:3.312e-04±2.440e-05, Q_mean±std:7.093e-04±1.064e-05, P_RMSE:6.165e-05, Q_RMSE:1.426e-04, Success rate (<0.1):1.000000, Success rate (<0.01):1.000000, Success rate (<0.001):1.000000
X=[-1.0,-0.8], PQ=[-1.0,-0.8]: count:10, ill:0, Ang_MAX:4.023314e-06, Vol_MAX:4.947186e-06, Ang_mean±std:2.843142e-06±5.405980e-07, Vol_mean±std:4.696846e-06±1.092571e-07, P_MAX:3.565e-04, Q_MAX:7.250e-04, P_mean±std:3.288e-04±2.073e-05, Q_mean±std:7.004e-04±1.782e-05, P_RMSE:6.200e-05, Q_RMSE:1.426e-04, Success rate (<0.1):1.000000, Success rate (<0.01):1.000000, Success rate (<0.001):1.000000
X=[-1.0,-0.8], PQ=[-0.8,-0.6]: count:10, ill:0, Ang_MAX:2.980232e-06, Vol_MAX:4.827976e-06, Ang_mean±std:2.577901e-06±2.957045e-07, Vol_mean±std:4.714727e-06±6.222908e-08, P_MAX:3.693e-04, Q_MAX:7.314e-04, P_mean±std:3.287e-04±2.638e-05, Q_mean±std:7.085e-04±1.593e-05, P_RMSE:6.171e-05, Q_RMSE:1.432e-04, Success rate (<0.1):1.000000, Success rate (<0.01):1.000000, Success rate (<0.001):1.000000
X=[-1.0,-0.8], PQ=[-0.6,-0.4]: count:10, ill:0, Ang_MAX:3.099442e-06, Vol_MAX:4.827976e-06, Ang_mean±std:2.402067e-06±3.051502e-07, Vol_mean±std:4.714727e-06±6.222908e-08, P_MAX:3.527e-04, Q_MAX:7.348e-04, P_mean±std:3.289e-04±1.606e-05, Q_mean±std:7.141e-04±1.112e-05, P_RMSE:6.168e-05, Q_RMSE:1.438e-04, Success rate (<0.1):1.000000, Success rate (<0.01):1.000000, Success rate (<0.001):1.000000
X=[-1.0,-0.8], PQ=[-0.4,-0.2]: count:10, ill:0, Ang_MAX:2.980232e-06, Vol_MAX:4.768372e-06, Ang_mean±std:2.583861e-06±2.111763e-07, Vol_mean±std:4.673004e-06±8.085167e-08, P_MAX:3.602e-04, Q_MAX:7.375e-04, P_mean±std:3.405e-04±1.435e-05, Q_mean±std:7.109e-04±1.623e-05, P_RMSE:6.258e-05, Q_RMSE:1.423e-04, Success rate (<0.1):1.000000, Success rate (<0.01):1.000000, Success rate (<0.001):1.000000
X=[-1.0,-0.8], PQ=[-0.2,0.0]: count:10, ill:0, Ang_MAX:3.725290e-06, Vol_MAX:4.768372e-06, Ang_mean±std:2.759695e-06±5.072002e-07, Vol_mean±std:4.708767e-06±4.616956e-08, P_MAX:3.499e-04, Q_MAX:7.367e-04, P_mean±std:3.323e-04±1.155e-05, Q_mean±std:7.059e-04±1.760e-05, P_RMSE:6.191e-05, Q_RMSE:1.432e-04, Success rate (<0.1):1.000000, Success rate (<0.01):1.000000, Success rate (<0.001):1.000000
X=[-1.0,-0.8], PQ=[0.0,0.2]: count:10, ill:0, Ang_MAX:3.606081e-06, Vol_MAX:4.768372e-06, Ang_mean±std:2.855062e-06±4.953913e-07, Vol_mean±std:4.696846e-06±3.576279e-08, P_MAX:3.739e-04, Q_MAX:7.166e-04, P_mean±std:3.400e-04±2.156e-05, Q_mean±std:7.023e-04±1.158e-05, P_RMSE:6.266e-05, Q_RMSE:1.432e-04, Success rate (<0.1):1.000000, Success rate (<0.01):1.000000, Success rate (<0.001):1.000000
X=[-1.0,-0.8], PQ=[0.2,0.4]: count:10, ill:0, Ang_MAX:3.933907e-06, Vol_MAX:4.827976e-06, Ang_mean±std:2.503395e-06±5.213277e-07, Vol_mean±std:4.720688e-06±6.419617e-08, P_MAX:3.706e-04, Q_MAX:7.284e-04, P_mean±std:3.463e-04±1.509e-05, Q_mean±std:7.009e-04±2.077e-05, P_RMSE:6.258e-05, Q_RMSE:1.414e-04, Success rate (<0.1):1.000000, Success rate (<0.01):1.000000, Success rate (<0.001):1.000000
X=[-1.0,-0.8], PQ=[0.4,0.6]: count:10, ill:0, Ang_MAX:3.486872e-06, Vol_MAX:4.708767e-06, Ang_mean±std:2.634525e-06±4.933522e-07, Vol_mean±std:4.649162e-06±4.616956e-08, P_MAX:3.954e-04, Q_MAX:7.236e-04, P_mean±std:3.296e-04±3.353e-05, Q_mean±std:6.970e-04±1.343e-05, P_RMSE:6.199e-05, Q_RMSE:1.418e-04, Success rate (<0.1):1.000000, Success rate (<0.01):1.000000, Success rate (<0.001):1.000000
X=[-1.0,-0.8], PQ=[0.6,0.8]: count:10, ill:0, Ang_MAX:4.261732e-06, Vol_MAX:4.827976e-06, Ang_mean±std:2.738833e-06±6.620477e-07, Vol_mean±std:4.696846e-06±8.760058e-08, P_MAX:3.784e-04, Q_MAX:7.378e-04, P_mean±std:3.469e-04±1.900e-05, Q_mean±std:7.031e-04±2.105e-05, P_RMSE:6.314e-05, Q_RMSE:1.425e-04, Success rate (<0.1):1.000000, Success rate (<0.01):1.000000, Success rate (<0.001):1.000000
X=[-1.0,-0.8], PQ=[0.8,1.0]: count:10, ill:0, Ang_MAX:3.814697e-06, Vol_MAX:4.768372e-06, Ang_mean±std:2.788007e-06±4.818608e-07, Vol_mean±std:4.678965e-06±5.495277e-08, P_MAX:3.790e-04, Q_MAX:7.448e-04, P_mean±std:3.342e-04±2.249e-05, Q_mean±std:7.077e-04±1.847e-05, P_RMSE:6.181e-05, Q_RMSE:1.428e-04, Success rate (<0.1):1.000000, Success rate (<0.01):1.000000, Success rate (<0.001):1.000000
X=[-1.0,-0.8], PQ=[1.0,1.2]: count:10, ill:0, Ang_MAX:3.755093e-06, Vol_MAX:4.768372e-06, Ang_mean±std:2.607703e-06±4.768837e-07, Vol_mean±std:4.678965e-06±4.805480e-08, P_MAX:3.719e-04, Q_MAX:7.181e-04, P_mean±std:3.378e-04±2.088e-05, Q_mean±std:7.054e-04±1.240e-05, P_RMSE:6.225e-05, Q_RMSE:1.418e-04, Success rate (<0.1):1.000000, Success rate (<0.01):1.000000, Success rate (<0.001):1.000000
X=[-1.0,-0.8], PQ=[1.2,1.4]: count:10, ill:0, Ang_MAX:3.546476e-06, Vol_MAX:4.768372e-06, Ang_mean±std:2.604723e-06±5.328202e-07, Vol_mean±std:4.684925e-06±6.078505e-08, P_MAX:3.611e-04, Q_MAX:7.512e-04, P_mean±std:3.271e-04±1.848e-05, Q_mean±std:7.154e-04±1.727e-05, P_RMSE:6.148e-05, Q_RMSE:1.436e-04, Success rate (<0.1):1.000000, Success rate (<0.01):1.000000, Success rate (<0.001):1.000000
X=[-1.0,-0.8], PQ=[1.4,1.6]: count:10, ill:0, Ang_MAX:2.920628e-06, Vol_MAX:4.827976e-06, Ang_mean±std:2.413988e-06±2.998060e-07, Vol_mean±std:4.684925e-06±6.078505e-08, P_MAX:3.414e-04, Q_MAX:7.205e-04, P_mean±std:3.238e-04±1.363e-05, Q_mean±std:6.990e-04±1.578e-05, P_RMSE:6.158e-05, Q_RMSE:1.418e-04, Success rate (<0.1):1.000000, Success rate (<0.01):1.000000, Success rate (<0.001):1.000000
X=[-1.0,-0.8], PQ=[1.6,1.8]: count:10, ill:0, Ang_MAX:3.099442e-06, Vol_MAX:4.827976e-06, Ang_mean±std:2.598763e-06±2.674914e-07, Vol_mean±std:4.720688e-06±5.840039e-08, P_MAX:3.577e-04, Q_MAX:7.401e-04, P_mean±std:3.372e-04±1.643e-05, Q_mean±std:7.172e-04±1.513e-05, P_RMSE:6.218e-05, Q_RMSE:1.435e-04, Success rate (<0.1):1.000000, Success rate (<0.01):1.000000, Success rate (<0.001):1.000000
X=[-1.0,-0.8], PQ=[1.8,2.0]: count:10, ill:0, Ang_MAX:2.682209e-06, Vol_MAX:4.768372e-06, Ang_mean±std:2.348423e-06±1.948808e-07, Vol_mean±std:4.678965e-06±6.107659e-08, P_MAX:3.603e-04, Q_MAX:7.312e-04, P_mean±std:3.320e-04±1.747e-05, Q_mean±std:7.078e-04±1.693e-05, P_RMSE:6.189e-05, Q_RMSE:1.429e-04, Success rate (<0.1):1.000000, Success rate (<0.01):1.000000, Success rate (<0.001):1.000000
X=[-0.8,-0.6], PQ=[-2.0,-1.8]: count:10, ill:0, Ang_MAX:4.470348e-06, Vol_MAX:4.768372e-06, Ang_mean±std:2.726912e-06±6.379716e-07, Vol_mean±std:4.673004e-06±6.637292e-08, P_MAX:3.788e-04, Q_MAX:7.186e-04, P_mean±std:3.623e-04±1.044e-05, Q_mean±std:7.028e-04±8.430e-06, P_RMSE:6.396e-05, Q_RMSE:1.421e-04, Success rate (<0.1):1.000000, Success rate (<0.01):1.000000, Success rate (<0.001):1.000000
X=[-0.8,-0.6], PQ=[-1.8,-1.6]: count:10, ill:0, Ang_MAX:3.367662e-06, Vol_MAX:4.768372e-06, Ang_mean±std:2.495944e-06±3.520744e-07, Vol_mean±std:4.673004e-06±4.768372e-08, P_MAX:3.861e-04, Q_MAX:7.361e-04, P_mean±std:3.656e-04±1.513e-05, Q_mean±std:7.118e-04±1.161e-05, P_RMSE:6.363e-05, Q_RMSE:1.431e-04, Success rate (<0.1):1.000000, Success rate (<0.01):1.000000, Success rate (<0.001):1.000000
X=[-0.8,-0.6], PQ=[-1.6,-1.4]: count:10, ill:0, Ang_MAX:3.188848e-06, Vol_MAX:4.827976e-06, Ang_mean±std:2.527237e-06±3.811436e-07, Vol_mean±std:4.667044e-06±6.556511e-08, P_MAX:3.844e-04, Q_MAX:7.275e-04, P_mean±std:3.562e-04±1.921e-05, Q_mean±std:7.055e-04±1.282e-05, P_RMSE:6.358e-05, Q_RMSE:1.426e-04, Success rate (<0.1):1.000000, Success rate (<0.01):1.000000, Success rate (<0.001):1.000000
X=[-0.8,-0.6], PQ=[-1.4,-1.2]: count:10, ill:0, Ang_MAX:3.248453e-06, Vol_MAX:4.827976e-06, Ang_mean±std:2.551079e-06±3.737073e-07, Vol_mean±std:4.690886e-06±8.018985e-08, P_MAX:3.869e-04, Q_MAX:7.350e-04, P_mean±std:3.481e-04±1.908e-05, Q_mean±std:7.066e-04±1.978e-05, P_RMSE:6.284e-05, Q_RMSE:1.427e-04, Success rate (<0.1):1.000000, Success rate (<0.01):1.000000, Success rate (<0.001):1.000000
X=[-0.8,-0.6], PQ=[-1.2,-1.0]: count:10, ill:0, Ang_MAX:3.546476e-06, Vol_MAX:4.708767e-06, Ang_mean±std:2.789497e-06±4.183380e-07, Vol_mean±std:4.667044e-06±2.731428e-08, P_MAX:3.895e-04, Q_MAX:7.316e-04, P_mean±std:3.579e-04±1.514e-05, Q_mean±std:7.127e-04±1.476e-05, P_RMSE:6.353e-05, Q_RMSE:1.445e-04, Success rate (<0.1):1.000000, Success rate (<0.01):1.000000, Success rate (<0.001):1.000000
X=[-0.8,-0.6], PQ=[-1.0,-0.8]: count:10, ill:0, Ang_MAX:3.010035e-06, Vol_MAX:4.827976e-06, Ang_mean±std:2.565980e-06±2.713321e-07, Vol_mean±std:4.696846e-06±8.344650e-08, P_MAX:3.789e-04, Q_MAX:7.126e-04, P_mean±std:3.579e-04±1.352e-05, Q_mean±std:6.944e-04±1.323e-05, P_RMSE:6.353e-05, Q_RMSE:1.421e-04, Success rate (<0.1):1.000000, Success rate (<0.01):1.000000, Success rate (<0.001):1.000000
X=[-0.8,-0.6], PQ=[-0.8,-0.6]: count:10, ill:0, Ang_MAX:4.500151e-06, Vol_MAX:4.768372e-06, Ang_mean±std:2.744794e-06±6.728266e-07, Vol_mean±std:4.661083e-06±5.196212e-08, P_MAX:4.008e-04, Q_MAX:7.392e-04, P_mean±std:3.594e-04±2.162e-05, Q_mean±std:7.100e-04±2.022e-05, P_RMSE:6.363e-05, Q_RMSE:1.430e-04, Success rate (<0.1):1.000000, Success rate (<0.01):1.000000, Success rate (<0.001):1.000000
X=[-0.8,-0.6], PQ=[-0.6,-0.4]: count:10, ill:0, Ang_MAX:3.665686e-06, Vol_MAX:4.768372e-06, Ang_mean±std:2.571940e-06±5.741957e-07, Vol_mean±std:4.655123e-06±4.951134e-08, P_MAX:3.918e-04, Q_MAX:7.279e-04, P_mean±std:3.701e-04±1.977e-05, Q_mean±std:7.055e-04±1.431e-05, P_RMSE:6.416e-05, Q_RMSE:1.428e-04, Success rate (<0.1):1.000000, Success rate (<0.01):1.000000, Success rate (<0.001):1.000000
X=[-0.8,-0.6], PQ=[-0.4,-0.2]: count:10, ill:0, Ang_MAX:4.112720e-06, Vol_MAX:4.708767e-06, Ang_mean±std:2.744794e-06±6.968201e-07, Vol_mean±std:4.655123e-06±4.172325e-08, P_MAX:3.832e-04, Q_MAX:7.314e-04, P_mean±std:3.610e-04±1.537e-05, Q_mean±std:7.123e-04±1.591e-05, P_RMSE:6.363e-05, Q_RMSE:1.433e-04, Success rate (<0.1):1.000000, Success rate (<0.01):1.000000, Success rate (<0.001):1.000000
X=[-0.8,-0.6], PQ=[-0.2,0.0]: count:10, ill:0, Ang_MAX:3.576279e-06, Vol_MAX:4.708767e-06, Ang_mean±std:2.665818e-06±5.019038e-07, Vol_mean±std:4.661083e-06±3.576279e-08, P_MAX:3.873e-04, Q_MAX:7.242e-04, P_mean±std:3.534e-04±1.910e-05, Q_mean±std:7.122e-04±9.220e-06, P_RMSE:6.345e-05, Q_RMSE:1.437e-04, Success rate (<0.1):1.000000, Success rate (<0.01):1.000000, Success rate (<0.001):1.000000
X=[-0.8,-0.6], PQ=[0.0,0.2]: count:10, ill:0, Ang_MAX:3.486872e-06, Vol_MAX:4.827976e-06, Ang_mean±std:2.598763e-06±4.896659e-07, Vol_mean±std:4.714727e-06±6.769786e-08, P_MAX:3.908e-04, Q_MAX:7.323e-04, P_mean±std:3.630e-04±1.629e-05, Q_mean±std:7.138e-04±1.148e-05, P_RMSE:6.342e-05, Q_RMSE:1.437e-04, Success rate (<0.1):1.000000, Success rate (<0.01):1.000000, Success rate (<0.001):1.000000
X=[-0.8,-0.6], PQ=[0.2,0.4]: count:10, ill:0, Ang_MAX:3.635883e-06, Vol_MAX:4.708767e-06, Ang_mean±std:2.928078e-06±5.195892e-07, Vol_mean±std:4.661083e-06±3.576279e-08, P_MAX:3.928e-04, Q_MAX:7.384e-04, P_mean±std:3.546e-04±1.868e-05, Q_mean±std:7.135e-04±1.941e-05, P_RMSE:6.330e-05, Q_RMSE:1.435e-04, Success rate (<0.1):1.000000, Success rate (<0.01):1.000000, Success rate (<0.001):1.000000
X=[-0.8,-0.6], PQ=[0.4,0.6]: count:10, ill:0, Ang_MAX:3.159046e-06, Vol_MAX:4.768372e-06, Ang_mean±std:2.777576e-06±3.719444e-07, Vol_mean±std:4.661083e-06±7.444618e-08, P_MAX:3.952e-04, Q_MAX:7.332e-04, P_mean±std:3.614e-04±1.909e-05, Q_mean±std:7.140e-04±1.351e-05, P_RMSE:6.354e-05, Q_RMSE:1.432e-04, Success rate (<0.1):1.000000, Success rate (<0.01):1.000000, Success rate (<0.001):1.000000
X=[-0.8,-0.6], PQ=[0.6,0.8]: count:10, ill:0, Ang_MAX:3.546476e-06, Vol_MAX:4.708767e-06, Ang_mean±std:2.753735e-06±4.183380e-07, Vol_mean±std:4.655123e-06±4.951134e-08, P_MAX:3.988e-04, Q_MAX:7.229e-04, P_mean±std:3.729e-04±1.561e-05, Q_mean±std:7.043e-04±1.293e-05, P_RMSE:6.453e-05, Q_RMSE:1.425e-04, Success rate (<0.1):1.000000, Success rate (<0.01):1.000000, Success rate (<0.001):1.000000
X=[-0.8,-0.6], PQ=[0.8,1.0]: count:10, ill:0, Ang_MAX:3.427267e-06, Vol_MAX:4.708767e-06, Ang_mean±std:2.631545e-06±4.871654e-07, Vol_mean±std:4.643202e-06±6.222908e-08, P_MAX:3.788e-04, Q_MAX:7.294e-04, P_mean±std:3.517e-04±1.878e-05, Q_mean±std:7.081e-04±1.692e-05, P_RMSE:6.314e-05, Q_RMSE:1.430e-04, Success rate (<0.1):1.000000, Success rate (<0.01):1.000000, Success rate (<0.001):1.000000
X=[-0.8,-0.6], PQ=[1.0,1.2]: count:10, ill:0, Ang_MAX:5.006790e-06, Vol_MAX:4.768372e-06, Ang_mean±std:2.664328e-06±8.307528e-07, Vol_mean±std:4.673004e-06±6.078505e-08, P_MAX:3.776e-04, Q_MAX:7.374e-04, P_mean±std:3.631e-04±9.829e-06, Q_mean±std:7.192e-04±1.090e-05, P_RMSE:6.366e-05, Q_RMSE:1.444e-04, Success rate (<0.1):1.000000, Success rate (<0.01):1.000000, Success rate (<0.001):1.000000
X=[-0.8,-0.6], PQ=[1.2,1.4]: count:10, ill:0, Ang_MAX:3.397465e-06, Vol_MAX:4.768372e-06, Ang_mean±std:2.662838e-06±4.228387e-07, Vol_mean±std:4.655123e-06±7.748604e-08, P_MAX:3.824e-04, Q_MAX:7.537e-04, P_mean±std:3.547e-04±1.834e-05, Q_mean±std:7.181e-04±1.531e-05, P_RMSE:6.327e-05, Q_RMSE:1.435e-04, Success rate (<0.1):1.000000, Success rate (<0.01):1.000000, Success rate (<0.001):1.000000
X=[-0.8,-0.6], PQ=[1.4,1.6]: count:10, ill:0, Ang_MAX:3.248453e-06, Vol_MAX:4.768372e-06, Ang_mean±std:2.540648e-06±3.419646e-07, Vol_mean±std:4.655123e-06±6.222908e-08, P_MAX:3.845e-04, Q_MAX:7.404e-04, P_mean±std:3.659e-04±1.163e-05, Q_mean±std:7.117e-04±1.716e-05, P_RMSE:6.372e-05, Q_RMSE:1.438e-04, Success rate (<0.1):1.000000, Success rate (<0.01):1.000000, Success rate (<0.001):1.000000
X=[-0.8,-0.6], PQ=[1.6,1.8]: count:10, ill:0, Ang_MAX:3.546476e-06, Vol_MAX:4.708767e-06, Ang_mean±std:2.622604e-06±4.729094e-07, Vol_mean±std:4.637241e-06±5.196212e-08, P_MAX:3.776e-04, Q_MAX:7.441e-04, P_mean±std:3.558e-04±1.378e-05, Q_mean±std:7.109e-04±2.174e-05, P_RMSE:6.318e-05, Q_RMSE:1.426e-04, Success rate (<0.1):1.000000, Success rate (<0.01):1.000000, Success rate (<0.001):1.000000
X=[-0.8,-0.6], PQ=[1.8,2.0]: count:10, ill:0, Ang_MAX:2.831221e-06, Vol_MAX:4.768372e-06, Ang_mean±std:2.479553e-06±2.750223e-07, Vol_mean±std:4.661083e-06±5.840039e-08, P_MAX:3.821e-04, Q_MAX:7.345e-04, P_mean±std:3.615e-04±1.349e-05, Q_mean±std:7.061e-04±1.452e-05, P_RMSE:6.357e-05, Q_RMSE:1.427e-04, Success rate (<0.1):1.000000, Success rate (<0.01):1.000000, Success rate (<0.001):1.000000
X=[-0.6,-0.4], PQ=[-2.0,-1.8]: count:10, ill:0, Ang_MAX:3.933907e-06, Vol_MAX:4.768372e-06, Ang_mean±std:2.682209e-06±5.840039e-07, Vol_mean±std:4.684925e-06±3.953725e-08, P_MAX:4.049e-04, Q_MAX:7.296e-04, P_mean±std:3.783e-04±1.536e-05, Q_mean±std:7.150e-04±1.177e-05, P_RMSE:6.427e-05, Q_RMSE:1.434e-04, Success rate (<0.1):1.000000, Success rate (<0.01):1.000000, Success rate (<0.001):1.000000
X=[-0.6,-0.4], PQ=[-1.8,-1.6]: count:10, ill:0, Ang_MAX:3.129244e-06, Vol_MAX:4.827976e-06, Ang_mean±std:2.519786e-06±3.001354e-07, Vol_mean±std:4.714727e-06±4.951134e-08, P_MAX:3.919e-04, Q_MAX:7.609e-04, P_mean±std:3.693e-04±1.502e-05, Q_mean±std:7.205e-04±2.705e-05, P_RMSE:6.381e-05, Q_RMSE:1.439e-04, Success rate (<0.1):1.000000, Success rate (<0.01):1.000000, Success rate (<0.001):1.000000
X=[-0.6,-0.4], PQ=[-1.6,-1.4]: count:10, ill:0, Ang_MAX:3.427267e-06, Vol_MAX:4.768372e-06, Ang_mean±std:2.649426e-06±4.769210e-07, Vol_mean±std:4.673004e-06±7.152557e-08, P_MAX:4.026e-04, Q_MAX:7.272e-04, P_mean±std:3.663e-04±2.458e-05, Q_mean±std:7.088e-04±1.684e-05, P_RMSE:6.333e-05, Q_RMSE:1.426e-04, Success rate (<0.1):1.000000, Success rate (<0.01):1.000000, Success rate (<0.001):1.000000
X=[-0.6,-0.4], PQ=[-1.4,-1.2]: count:10, ill:0, Ang_MAX:2.652407e-06, Vol_MAX:4.768372e-06, Ang_mean±std:2.235174e-06±2.115755e-07, Vol_mean±std:4.631281e-06±5.990193e-08, P_MAX:4.067e-04, Q_MAX:7.439e-04, P_mean±std:3.705e-04±2.463e-05, Q_mean±std:7.129e-04±1.950e-05, P_RMSE:6.430e-05, Q_RMSE:1.432e-04, Success rate (<0.1):1.000000, Success rate (<0.01):1.000000, Success rate (<0.001):1.000000
X=[-0.6,-0.4], PQ=[-1.2,-1.0]: count:10, ill:0, Ang_MAX:2.890825e-06, Vol_MAX:4.827976e-06, Ang_mean±std:2.546608e-06±3.055610e-07, Vol_mean±std:4.696846e-06±6.951036e-08, P_MAX:4.037e-04, Q_MAX:7.413e-04, P_mean±std:3.745e-04±1.912e-05, Q_mean±std:7.212e-04±1.322e-05, P_RMSE:6.423e-05, Q_RMSE:1.437e-04, Success rate (<0.1):1.000000, Success rate (<0.01):1.000000, Success rate (<0.001):1.000000
X=[-0.6,-0.4], PQ=[-1.0,-0.8]: count:10, ill:0, Ang_MAX:2.950430e-06, Vol_MAX:4.768372e-06, Ang_mean±std:2.464652e-06±2.871095e-07, Vol_mean±std:4.702806e-06±4.951134e-08, P_MAX:4.195e-04, Q_MAX:7.420e-04, P_mean±std:3.839e-04±1.895e-05, Q_mean±std:7.154e-04±1.842e-05, P_RMSE:6.480e-05, Q_RMSE:1.432e-04, Success rate (<0.1):1.000000, Success rate (<0.01):1.000000, Success rate (<0.001):1.000000
X=[-0.6,-0.4], PQ=[-0.8,-0.6]: count:10, ill:0, Ang_MAX:3.457069e-06, Vol_MAX:4.708767e-06, Ang_mean±std:2.521276e-06±4.572885e-07, Vol_mean±std:4.655123e-06±4.172325e-08, P_MAX:4.015e-04, Q_MAX:7.322e-04, P_mean±std:3.698e-04±1.845e-05, Q_mean±std:7.060e-04±1.411e-05, P_RMSE:6.396e-05, Q_RMSE:1.427e-04, Success rate (<0.1):1.000000, Success rate (<0.01):1.000000, Success rate (<0.001):1.000000
X=[-0.6,-0.4], PQ=[-0.6,-0.4]: count:10, ill:0, Ang_MAX:3.725290e-06, Vol_MAX:4.768372e-06, Ang_mean±std:2.723932e-06±4.842671e-07, Vol_mean±std:4.673004e-06±4.768372e-08, P_MAX:4.095e-04, Q_MAX:7.345e-04, P_mean±std:3.859e-04±1.553e-05, Q_mean±std:7.159e-04±1.303e-05, P_RMSE:6.471e-05, Q_RMSE:1.436e-04, Success rate (<0.1):1.000000, Success rate (<0.01):1.000000, Success rate (<0.001):1.000000
X=[-0.6,-0.4], PQ=[-0.4,-0.2]: count:10, ill:0, Ang_MAX:4.649162e-06, Vol_MAX:4.768372e-06, Ang_mean±std:2.616644e-06±7.343476e-07, Vol_mean±std:4.690886e-06±6.556511e-08, P_MAX:4.074e-04, Q_MAX:7.433e-04, P_mean±std:3.866e-04±1.381e-05, Q_mean±std:7.108e-04±1.757e-05, P_RMSE:6.506e-05, Q_RMSE:1.435e-04, Success rate (<0.1):1.000000, Success rate (<0.01):1.000000, Success rate (<0.001):1.000000
X=[-0.6,-0.4], PQ=[-0.2,0.0]: count:10, ill:0, Ang_MAX:2.980232e-06, Vol_MAX:4.768372e-06, Ang_mean±std:2.470613e-06±3.476029e-07, Vol_mean±std:4.696846e-06±5.196212e-08, P_MAX:4.006e-04, Q_MAX:7.310e-04, P_mean±std:3.724e-04±1.466e-05, Q_mean±std:7.097e-04±1.823e-05, P_RMSE:6.402e-05, Q_RMSE:1.431e-04, Success rate (<0.1):1.000000, Success rate (<0.01):1.000000, Success rate (<0.001):1.000000
X=[-0.6,-0.4], PQ=[0.0,0.2]: count:10, ill:0, Ang_MAX:3.397465e-06, Vol_MAX:4.768372e-06, Ang_mean±std:2.697110e-06±4.040936e-07, Vol_mean±std:4.690886e-06±4.655272e-08, P_MAX:4.042e-04, Q_MAX:7.334e-04, P_mean±std:3.735e-04±1.903e-05, Q_mean±std:7.101e-04±1.421e-05, P_RMSE:6.470e-05, Q_RMSE:1.435e-04, Success rate (<0.1):1.000000, Success rate (<0.01):1.000000, Success rate (<0.001):1.000000
X=[-0.6,-0.4], PQ=[0.2,0.4]: count:10, ill:0, Ang_MAX:3.606081e-06, Vol_MAX:4.827976e-06, Ang_mean±std:2.607703e-06±4.435443e-07, Vol_mean±std:4.690886e-06±6.556511e-08, P_MAX:4.251e-04, Q_MAX:7.318e-04, P_mean±std:3.784e-04±1.979e-05, Q_mean±std:7.080e-04±1.661e-05, P_RMSE:6.437e-05, Q_RMSE:1.428e-04, Success rate (<0.1):1.000000, Success rate (<0.01):1.000000, Success rate (<0.001):1.000000
X=[-0.6,-0.4], PQ=[0.4,0.6]: count:10, ill:0, Ang_MAX:2.801418e-06, Vol_MAX:4.768372e-06, Ang_mean±std:2.482533e-06±2.867999e-07, Vol_mean±std:4.667044e-06±5.990193e-08, P_MAX:4.067e-04, Q_MAX:7.498e-04, P_mean±std:3.753e-04±1.763e-05, Q_mean±std:7.264e-04±1.296e-05, P_RMSE:6.454e-05, Q_RMSE:1.449e-04, Success rate (<0.1):1.000000, Success rate (<0.01):1.000000, Success rate (<0.001):1.000000
X=[-0.6,-0.4], PQ=[0.6,0.8]: count:10, ill:0, Ang_MAX:3.874302e-06, Vol_MAX:4.768372e-06, Ang_mean±std:2.643466e-06±5.101423e-07, Vol_mean±std:4.661083e-06±6.951036e-08, P_MAX:4.009e-04, Q_MAX:7.418e-04, P_mean±std:3.803e-04±1.438e-05, Q_mean±std:7.212e-04±1.173e-05, P_RMSE:6.466e-05, Q_RMSE:1.444e-04, Success rate (<0.1):1.000000, Success rate (<0.01):1.000000, Success rate (<0.001):1.000000
X=[-0.6,-0.4], PQ=[0.8,1.0]: count:10, ill:0, Ang_MAX:6.407499e-06, Vol_MAX:4.768372e-06, Ang_mean±std:3.242493e-06±1.158985e-06, Vol_mean±std:4.684925e-06±3.953725e-08, P_MAX:4.105e-04, Q_MAX:7.208e-04, P_mean±std:3.788e-04±1.618e-05, Q_mean±std:7.027e-04±1.025e-05, P_RMSE:6.463e-05, Q_RMSE:1.428e-04, Success rate (<0.1):1.000000, Success rate (<0.01):1.000000, Success rate (<0.001):1.000000
X=[-0.6,-0.4], PQ=[1.0,1.2]: count:10, ill:0, Ang_MAX:3.695488e-06, Vol_MAX:4.768372e-06, Ang_mean±std:2.476573e-06±5.328619e-07, Vol_mean±std:4.690886e-06±5.364418e-08, P_MAX:3.988e-04, Q_MAX:7.311e-04, P_mean±std:3.790e-04±1.027e-05, Q_mean±std:7.131e-04±9.827e-06, P_RMSE:6.445e-05, Q_RMSE:1.432e-04, Success rate (<0.1):1.000000, Success rate (<0.01):1.000000, Success rate (<0.001):1.000000
X=[-0.6,-0.4], PQ=[1.2,1.4]: count:10, ill:0, Ang_MAX:2.861023e-06, Vol_MAX:4.708767e-06, Ang_mean±std:2.363324e-06±2.635611e-07, Vol_mean±std:4.631281e-06±5.364418e-08, P_MAX:4.122e-04, Q_MAX:7.352e-04, P_mean±std:3.831e-04±2.021e-05, Q_mean±std:7.105e-04±1.385e-05, P_RMSE:6.467e-05, Q_RMSE:1.431e-04, Success rate (<0.1):1.000000, Success rate (<0.01):1.000000, Success rate (<0.001):1.000000
X=[-0.6,-0.4], PQ=[1.4,1.6]: count:10, ill:0, Ang_MAX:3.665686e-06, Vol_MAX:4.768372e-06, Ang_mean±std:2.691150e-06±3.821327e-07, Vol_mean±std:4.720688e-06±5.840039e-08, P_MAX:4.024e-04, Q_MAX:7.268e-04, P_mean±std:3.769e-04±1.426e-05, Q_mean±std:7.094e-04±1.170e-05, P_RMSE:6.479e-05, Q_RMSE:1.434e-04, Success rate (<0.1):1.000000, Success rate (<0.01):1.000000, Success rate (<0.001):1.000000
X=[-0.6,-0.4], PQ=[1.6,1.8]: count:10, ill:0, Ang_MAX:3.010035e-06, Vol_MAX:4.827976e-06, Ang_mean±std:2.530217e-06±2.816122e-07, Vol_mean±std:4.690886e-06±7.562982e-08, P_MAX:4.090e-04, Q_MAX:7.448e-04, P_mean±std:3.797e-04±2.136e-05, Q_mean±std:7.221e-04±1.355e-05, P_RMSE:6.420e-05, Q_RMSE:1.439e-04, Success rate (<0.1):1.000000, Success rate (<0.01):1.000000, Success rate (<0.001):1.000000
X=[-0.6,-0.4], PQ=[1.8,2.0]: count:10, ill:0, Ang_MAX:3.367662e-06, Vol_MAX:4.768372e-06, Ang_mean±std:2.667308e-06±3.601645e-07, Vol_mean±std:4.690886e-06±4.655272e-08, P_MAX:4.049e-04, Q_MAX:7.167e-04, P_mean±std:3.773e-04±1.454e-05, Q_mean±std:7.034e-04±1.118e-05, P_RMSE:6.453e-05, Q_RMSE:1.427e-04, Success rate (<0.1):1.000000, Success rate (<0.01):1.000000, Success rate (<0.001):1.000000
X=[-0.4,-0.2], PQ=[-2.0,-1.8]: count:10, ill:0, Ang_MAX:3.963709e-06, Vol_MAX:4.768372e-06, Ang_mean±std:2.513826e-06±5.413061e-07, Vol_mean±std:4.667044e-06±7.562982e-08, P_MAX:4.040e-04, Q_MAX:7.516e-04, P_mean±std:3.766e-04±1.204e-05, Q_mean±std:7.219e-04±1.679e-05, P_RMSE:6.426e-05, Q_RMSE:1.436e-04, Success rate (<0.1):1.000000, Success rate (<0.01):1.000000, Success rate (<0.001):1.000000
X=[-0.4,-0.2], PQ=[-1.8,-1.6]: count:10, ill:0, Ang_MAX:2.861023e-06, Vol_MAX:4.827976e-06, Ang_mean±std:2.412498e-06±3.004312e-07, Vol_mean±std:4.738569e-06±3.998401e-08, P_MAX:4.124e-04, Q_MAX:7.406e-04, P_mean±std:3.923e-04±9.908e-06, Q_mean±std:7.160e-04±1.835e-05, P_RMSE:6.489e-05, Q_RMSE:1.438e-04, Success rate (<0.1):1.000000, Success rate (<0.01):1.000000, Success rate (<0.001):1.000000
X=[-0.4,-0.2], PQ=[-1.6,-1.4]: count:10, ill:0, Ang_MAX:4.142523e-06, Vol_MAX:4.768372e-06, Ang_mean±std:2.793968e-06±6.873701e-07, Vol_mean±std:4.696846e-06±5.840039e-08, P_MAX:3.909e-04, Q_MAX:7.470e-04, P_mean±std:3.775e-04±1.418e-05, Q_mean±std:7.200e-04±2.015e-05, P_RMSE:6.414e-05, Q_RMSE:1.441e-04, Success rate (<0.1):1.000000, Success rate (<0.01):1.000000, Success rate (<0.001):1.000000
X=[-0.4,-0.2], PQ=[-1.4,-1.2]: count:10, ill:0, Ang_MAX:2.861023e-06, Vol_MAX:4.827976e-06, Ang_mean±std:2.622604e-06±1.408928e-07, Vol_mean±std:4.714727e-06±5.623091e-08, P_MAX:4.089e-04, Q_MAX:7.599e-04, P_mean±std:3.846e-04±1.521e-05, Q_mean±std:7.273e-04±1.708e-05, P_RMSE:6.471e-05, Q_RMSE:1.447e-04, Success rate (<0.1):1.000000, Success rate (<0.01):1.000000, Success rate (<0.001):1.000000
X=[-0.4,-0.2], PQ=[-1.2,-1.0]: count:10, ill:0, Ang_MAX:2.682209e-06, Vol_MAX:4.768372e-06, Ang_mean±std:2.342463e-06±1.964242e-07, Vol_mean±std:4.702806e-06±4.172325e-08, P_MAX:3.968e-04, Q_MAX:7.571e-04, P_mean±std:3.801e-04±1.721e-05, Q_mean±std:7.211e-04±1.680e-05, P_RMSE:6.456e-05, Q_RMSE:1.442e-04, Success rate (<0.1):1.000000, Success rate (<0.01):1.000000, Success rate (<0.001):1.000000
X=[-0.4,-0.2], PQ=[-1.0,-0.8]: count:10, ill:0, Ang_MAX:3.516674e-06, Vol_MAX:4.708767e-06, Ang_mean±std:2.594292e-06±5.049911e-07, Vol_mean±std:4.673004e-06±3.953725e-08, P_MAX:4.074e-04, Q_MAX:7.374e-04, P_mean±std:3.804e-04±1.555e-05, Q_mean±std:7.127e-04±1.488e-05, P_RMSE:6.460e-05, Q_RMSE:1.434e-04, Success rate (<0.1):1.000000, Success rate (<0.01):1.000000, Success rate (<0.001):1.000000
X=[-0.4,-0.2], PQ=[-0.8,-0.6]: count:10, ill:0, Ang_MAX:3.606081e-06, Vol_MAX:4.768372e-06, Ang_mean±std:2.472103e-06±4.886331e-07, Vol_mean±std:4.684925e-06±3.953725e-08, P_MAX:3.952e-04, Q_MAX:7.515e-04, P_mean±std:3.734e-04±1.330e-05, Q_mean±std:7.166e-04±1.783e-05, P_RMSE:6.397e-05, Q_RMSE:1.442e-04, Success rate (<0.1):1.000000, Success rate (<0.01):1.000000, Success rate (<0.001):1.000000
X=[-0.4,-0.2], PQ=[-0.6,-0.4]: count:10, ill:0, Ang_MAX:2.950430e-06, Vol_MAX:4.768372e-06, Ang_mean±std:2.393126e-06±3.358683e-07, Vol_mean±std:4.696846e-06±5.196212e-08, P_MAX:4.257e-04, Q_MAX:7.434e-04, P_mean±std:3.905e-04±2.058e-05, Q_mean±std:7.152e-04±2.001e-05, P_RMSE:6.499e-05, Q_RMSE:1.440e-04, Success rate (<0.1):1.000000, Success rate (<0.01):1.000000, Success rate (<0.001):1.000000
X=[-0.4,-0.2], PQ=[-0.4,-0.2]: count:10, ill:0, Ang_MAX:4.589558e-06, Vol_MAX:4.827976e-06, Ang_mean±std:2.650917e-06±6.792854e-07, Vol_mean±std:4.720688e-06±5.840039e-08, P_MAX:4.218e-04, Q_MAX:7.409e-04, P_mean±std:3.886e-04±1.366e-05, Q_mean±std:7.176e-04±1.372e-05, P_RMSE:6.462e-05, Q_RMSE:1.442e-04, Success rate (<0.1):1.000000, Success rate (<0.01):1.000000, Success rate (<0.001):1.000000
X=[-0.4,-0.2], PQ=[-0.2,0.0]: count:10, ill:0, Ang_MAX:4.187226e-06, Vol_MAX:4.768372e-06, Ang_mean±std:2.673268e-06±6.173183e-07, Vol_mean±std:4.690886e-06±5.364418e-08, P_MAX:4.044e-04, Q_MAX:7.624e-04, P_mean±std:3.815e-04±1.694e-05, Q_mean±std:7.210e-04±1.993e-05, P_RMSE:6.457e-05, Q_RMSE:1.446e-04, Success rate (<0.1):1.000000, Success rate (<0.01):1.000000, Success rate (<0.001):1.000000
X=[-0.4,-0.2], PQ=[0.0,0.2]: count:10, ill:0, Ang_MAX:3.099442e-06, Vol_MAX:4.708767e-06, Ang_mean±std:2.637506e-06±2.960047e-07, Vol_mean±std:4.690886e-06±2.731428e-08, P_MAX:4.039e-04, Q_MAX:7.478e-04, P_mean±std:3.852e-04±1.367e-05, Q_mean±std:7.262e-04±1.140e-05, P_RMSE:6.435e-05, Q_RMSE:1.440e-04, Success rate (<0.1):1.000000, Success rate (<0.01):1.000000, Success rate (<0.001):1.000000
X=[-0.4,-0.2], PQ=[0.2,0.4]: count:10, ill:0, Ang_MAX:3.397465e-06, Vol_MAX:4.827976e-06, Ang_mean±std:2.586842e-06±3.880716e-07, Vol_mean±std:4.714727e-06±6.222908e-08, P_MAX:4.095e-04, Q_MAX:7.354e-04, P_mean±std:3.835e-04±1.464e-05, Q_mean±std:7.217e-04±9.013e-06, P_RMSE:6.452e-05, Q_RMSE:1.444e-04, Success rate (<0.1):1.000000, Success rate (<0.01):1.000000, Success rate (<0.001):1.000000
X=[-0.4,-0.2], PQ=[0.4,0.6]: count:10, ill:0, Ang_MAX:4.231930e-06, Vol_MAX:4.827976e-06, Ang_mean±std:2.704561e-06±7.042829e-07, Vol_mean±std:4.696846e-06±6.419617e-08, P_MAX:4.086e-04, Q_MAX:7.377e-04, P_mean±std:3.843e-04±1.427e-05, Q_mean±std:7.161e-04±1.549e-05, P_RMSE:6.459e-05, Q_RMSE:1.438e-04, Success rate (<0.1):1.000000, Success rate (<0.01):1.000000, Success rate (<0.001):1.000000
X=[-0.4,-0.2], PQ=[0.6,0.8]: count:10, ill:0, Ang_MAX:3.188848e-06, Vol_MAX:4.827976e-06, Ang_mean±std:2.503395e-06±4.053554e-07, Vol_mean±std:4.690886e-06±7.077659e-08, P_MAX:4.072e-04, Q_MAX:7.421e-04, P_mean±std:3.857e-04±1.791e-05, Q_mean±std:7.215e-04±1.674e-05, P_RMSE:6.480e-05, Q_RMSE:1.441e-04, Success rate (<0.1):1.000000, Success rate (<0.01):1.000000, Success rate (<0.001):1.000000
X=[-0.4,-0.2], PQ=[0.8,1.0]: count:10, ill:0, Ang_MAX:3.308058e-06, Vol_MAX:4.768372e-06, Ang_mean±std:2.557039e-06±3.570811e-07, Vol_mean±std:4.696846e-06±5.196212e-08, P_MAX:4.105e-04, Q_MAX:7.405e-04, P_mean±std:3.853e-04±1.307e-05, Q_mean±std:7.217e-04±1.220e-05, P_RMSE:6.463e-05, Q_RMSE:1.442e-04, Success rate (<0.1):1.000000, Success rate (<0.01):1.000000, Success rate (<0.001):1.000000
X=[-0.4,-0.2], PQ=[1.0,1.2]: count:10, ill:0, Ang_MAX:3.814697e-06, Vol_MAX:4.827976e-06, Ang_mean±std:2.816319e-06±5.851054e-07, Vol_mean±std:4.726648e-06±5.990193e-08, P_MAX:4.106e-04, Q_MAX:7.497e-04, P_mean±std:3.891e-04±1.155e-05, Q_mean±std:7.147e-04±2.084e-05, P_RMSE:6.472e-05, Q_RMSE:1.436e-04, Success rate (<0.1):1.000000, Success rate (<0.01):1.000000, Success rate (<0.001):1.000000
X=[-0.4,-0.2], PQ=[1.2,1.4]: count:10, ill:0, Ang_MAX:3.755093e-06, Vol_MAX:4.827976e-06, Ang_mean±std:2.688169e-06±4.894844e-07, Vol_mean±std:4.720688e-06±6.951036e-08, P_MAX:4.129e-04, Q_MAX:7.544e-04, P_mean±std:3.925e-04±1.541e-05, Q_mean±std:7.174e-04±2.065e-05, P_RMSE:6.542e-05, Q_RMSE:1.436e-04, Success rate (<0.1):1.000000, Success rate (<0.01):1.000000, Success rate (<0.001):1.000000
X=[-0.4,-0.2], PQ=[1.4,1.6]: count:10, ill:0, Ang_MAX:3.069639e-06, Vol_MAX:4.768372e-06, Ang_mean±std:2.357364e-06±3.046404e-07, Vol_mean±std:4.714727e-06±6.222908e-08, P_MAX:4.148e-04, Q_MAX:7.353e-04, P_mean±std:3.870e-04±1.953e-05, Q_mean±std:7.195e-04±1.296e-05, P_RMSE:6.447e-05, Q_RMSE:1.443e-04, Success rate (<0.1):1.000000, Success rate (<0.01):1.000000, Success rate (<0.001):1.000000
X=[-0.4,-0.2], PQ=[1.6,1.8]: count:10, ill:0, Ang_MAX:4.053116e-06, Vol_MAX:4.768372e-06, Ang_mean±std:2.565980e-06±5.589346e-07, Vol_mean±std:4.708767e-06±4.616956e-08, P_MAX:4.067e-04, Q_MAX:7.528e-04, P_mean±std:3.830e-04±1.479e-05, Q_mean±std:7.162e-04±2.151e-05, P_RMSE:6.451e-05, Q_RMSE:1.440e-04, Success rate (<0.1):1.000000, Success rate (<0.01):1.000000, Success rate (<0.001):1.000000
X=[-0.4,-0.2], PQ=[1.8,2.0]: count:10, ill:0, Ang_MAX:3.337860e-06, Vol_MAX:4.768372e-06, Ang_mean±std:2.472103e-06±3.760558e-07, Vol_mean±std:4.702806e-06±3.209808e-08, P_MAX:4.045e-04, Q_MAX:7.429e-04, P_mean±std:3.797e-04±1.501e-05, Q_mean±std:7.140e-04±1.432e-05, P_RMSE:6.427e-05, Q_RMSE:1.436e-04, Success rate (<0.1):1.000000, Success rate (<0.01):1.000000, Success rate (<0.001):1.000000
X=[-0.2,0.0], PQ=[-2.0,-1.8]: count:10, ill:0, Ang_MAX:3.278255e-06, Vol_MAX:4.827976e-06, Ang_mean±std:2.712011e-06±3.802571e-07, Vol_mean±std:4.738569e-06±3.998401e-08, P_MAX:4.077e-04, Q_MAX:7.593e-04, P_mean±std:3.868e-04±1.712e-05, Q_mean±std:7.283e-04±1.445e-05, P_RMSE:6.453e-05, Q_RMSE:1.448e-04, Success rate (<0.1):1.000000, Success rate (<0.01):1.000000, Success rate (<0.001):1.000000
X=[-0.2,0.0], PQ=[-1.8,-1.6]: count:10, ill:0, Ang_MAX:3.248453e-06, Vol_MAX:4.827976e-06, Ang_mean±std:2.717972e-06±2.970680e-07, Vol_mean±std:4.714727e-06±6.222908e-08, P_MAX:4.138e-04, Q_MAX:7.484e-04, P_mean±std:3.855e-04±1.577e-05, Q_mean±std:7.188e-04±2.057e-05, P_RMSE:6.446e-05, Q_RMSE:1.439e-04, Success rate (<0.1):1.000000, Success rate (<0.01):1.000000, Success rate (<0.001):1.000000
X=[-0.2,0.0], PQ=[-1.6,-1.4]: count:10, ill:0, Ang_MAX:3.218651e-06, Vol_MAX:4.827976e-06, Ang_mean±std:2.600253e-06±3.670196e-07, Vol_mean±std:4.702806e-06±4.951134e-08, P_MAX:4.348e-04, Q_MAX:7.484e-04, P_mean±std:3.946e-04±2.278e-05, Q_mean±std:7.240e-04±1.574e-05, P_RMSE:6.507e-05, Q_RMSE:1.442e-04, Success rate (<0.1):1.000000, Success rate (<0.01):1.000000, Success rate (<0.001):1.000000
X=[-0.2,0.0], PQ=[-1.4,-1.2]: count:10, ill:0, Ang_MAX:2.831221e-06, Vol_MAX:4.827976e-06, Ang_mean±std:2.408028e-06±2.819590e-07, Vol_mean±std:4.726648e-06±7.077659e-08, P_MAX:4.235e-04, Q_MAX:7.521e-04, P_mean±std:3.792e-04±2.316e-05, Q_mean±std:7.200e-04±1.267e-05, P_RMSE:6.418e-05, Q_RMSE:1.439e-04, Success rate (<0.1):1.000000, Success rate (<0.01):1.000000, Success rate (<0.001):1.000000
X=[-0.2,0.0], PQ=[-1.2,-1.0]: count:10, ill:0, Ang_MAX:3.695488e-06, Vol_MAX:4.827976e-06, Ang_mean±std:2.598763e-06±4.356749e-07, Vol_mean±std:4.726648e-06±5.990193e-08, P_MAX:4.048e-04, Q_MAX:7.441e-04, P_mean±std:3.912e-04±1.078e-05, Q_mean±std:7.246e-04±8.323e-06, P_RMSE:6.480e-05, Q_RMSE:1.444e-04, Success rate (<0.1):1.000000, Success rate (<0.01):1.000000, Success rate (<0.001):1.000000
X=[-0.2,0.0], PQ=[-1.0,-0.8]: count:10, ill:0, Ang_MAX:4.649162e-06, Vol_MAX:4.887581e-06, Ang_mean±std:2.638996e-06±7.444752e-07, Vol_mean±std:4.738569e-06±6.107659e-08, P_MAX:4.143e-04, Q_MAX:7.436e-04, P_mean±std:3.887e-04±1.722e-05, Q_mean±std:7.181e-04±1.361e-05, P_RMSE:6.463e-05, Q_RMSE:1.442e-04, Success rate (<0.1):1.000000, Success rate (<0.01):1.000000, Success rate (<0.001):1.000000
X=[-0.2,0.0], PQ=[-0.8,-0.6]: count:10, ill:0, Ang_MAX:3.576279e-06, Vol_MAX:4.768372e-06, Ang_mean±std:2.633035e-06±5.809561e-07, Vol_mean±std:4.667044e-06±5.364418e-08, P_MAX:4.314e-04, Q_MAX:7.509e-04, P_mean±std:3.901e-04±1.843e-05, Q_mean±std:7.239e-04±1.280e-05, P_RMSE:6.455e-05, Q_RMSE:1.448e-04, Success rate (<0.1):1.000000, Success rate (<0.01):1.000000, Success rate (<0.001):1.000000
X=[-0.2,0.0], PQ=[-0.6,-0.4]: count:10, ill:0, Ang_MAX:2.890825e-06, Vol_MAX:4.827976e-06, Ang_mean±std:2.472103e-06±2.659304e-07, Vol_mean±std:4.744530e-06±5.462856e-08, P_MAX:4.116e-04, Q_MAX:7.470e-04, P_mean±std:3.882e-04±1.055e-05, Q_mean±std:7.233e-04±1.466e-05, P_RMSE:6.464e-05, Q_RMSE:1.448e-04, Success rate (<0.1):1.000000, Success rate (<0.01):1.000000, Success rate (<0.001):1.000000
X=[-0.2,0.0], PQ=[-0.4,-0.2]: count:10, ill:0, Ang_MAX:3.233552e-06, Vol_MAX:4.947186e-06, Ang_mean±std:2.478063e-06±3.805519e-07, Vol_mean±std:4.726648e-06±9.629425e-08, P_MAX:4.051e-04, Q_MAX:7.353e-04, P_mean±std:3.863e-04±1.544e-05, Q_mean±std:7.219e-04±1.360e-05, P_RMSE:6.464e-05, Q_RMSE:1.442e-04, Success rate (<0.1):1.000000, Success rate (<0.01):1.000000, Success rate (<0.001):1.000000
X=[-0.2,0.0], PQ=[-0.2,0.0]: count:10, ill:0, Ang_MAX:3.263354e-06, Vol_MAX:4.827976e-06, Ang_mean±std:2.478063e-06±4.215765e-07, Vol_mean±std:4.714727e-06±6.222908e-08, P_MAX:4.019e-04, Q_MAX:7.488e-04, P_mean±std:3.910e-04±7.744e-06, Q_mean±std:7.291e-04±1.091e-05, P_RMSE:6.480e-05, Q_RMSE:1.444e-04, Success rate (<0.1):1.000000, Success rate (<0.01):1.000000, Success rate (<0.001):1.000000
X=[-0.2,0.0], PQ=[0.0,0.2]: count:10, ill:0, Ang_MAX:3.159046e-06, Vol_MAX:4.887581e-06, Ang_mean±std:2.434850e-06±3.701492e-07, Vol_mean±std:4.774332e-06±7.275674e-08, P_MAX:4.145e-04, Q_MAX:7.342e-04, P_mean±std:3.919e-04±1.953e-05, Q_mean±std:7.164e-04±9.809e-06, P_RMSE:6.514e-05, Q_RMSE:1.443e-04, Success rate (<0.1):1.000000, Success rate (<0.01):1.000000, Success rate (<0.001):1.000000
X=[-0.2,0.0], PQ=[0.2,0.4]: count:10, ill:0, Ang_MAX:2.890825e-06, Vol_MAX:4.768372e-06, Ang_mean±std:2.336502e-06±2.789981e-07, Vol_mean±std:4.720688e-06±4.460403e-08, P_MAX:4.140e-04, Q_MAX:7.452e-04, P_mean±std:3.866e-04±1.166e-05, Q_mean±std:7.143e-04±1.529e-05, P_RMSE:6.466e-05, Q_RMSE:1.435e-04, Success rate (<0.1):1.000000, Success rate (<0.01):1.000000, Success rate (<0.001):1.000000
X=[-0.2,0.0], PQ=[0.4,0.6]: count:10, ill:0, Ang_MAX:3.829598e-06, Vol_MAX:4.827976e-06, Ang_mean±std:2.568960e-06±5.042761e-07, Vol_mean±std:4.744530e-06±6.078505e-08, P_MAX:4.174e-04, Q_MAX:7.412e-04, P_mean±std:3.859e-04±1.955e-05, Q_mean±std:7.227e-04±1.121e-05, P_RMSE:6.452e-05, Q_RMSE:1.449e-04, Success rate (<0.1):1.000000, Success rate (<0.01):1.000000, Success rate (<0.001):1.000000
X=[-0.2,0.0], PQ=[0.6,0.8]: count:10, ill:0, Ang_MAX:3.159046e-06, Vol_MAX:4.827976e-06, Ang_mean±std:2.485514e-06±3.758403e-07, Vol_mean±std:4.738569e-06±4.805480e-08, P_MAX:4.012e-04, Q_MAX:7.502e-04, P_mean±std:3.866e-04±1.663e-05, Q_mean±std:7.226e-04±1.605e-05, P_RMSE:6.445e-05, Q_RMSE:1.447e-04, Success rate (<0.1):1.000000, Success rate (<0.01):1.000000, Success rate (<0.001):1.000000
X=[-0.2,0.0], PQ=[0.8,1.0]: count:10, ill:0, Ang_MAX:3.382564e-06, Vol_MAX:4.768372e-06, Ang_mean±std:2.656877e-06±4.065615e-07, Vol_mean±std:4.690886e-06±5.364418e-08, P_MAX:4.223e-04, Q_MAX:7.646e-04, P_mean±std:3.881e-04±1.920e-05, Q_mean±std:7.289e-04±1.656e-05, P_RMSE:6.486e-05, Q_RMSE:1.446e-04, Success rate (<0.1):1.000000, Success rate (<0.01):1.000000, Success rate (<0.001):1.000000
X=[-0.2,0.0], PQ=[1.0,1.2]: count:10, ill:0, Ang_MAX:4.947186e-06, Vol_MAX:4.827976e-06, Ang_mean±std:2.630055e-06±8.220594e-07, Vol_mean±std:4.756451e-06±3.576279e-08, P_MAX:4.211e-04, Q_MAX:7.500e-04, P_mean±std:3.887e-04±1.981e-05, Q_mean±std:7.264e-04±1.326e-05, P_RMSE:6.475e-05, Q_RMSE:1.449e-04, Success rate (<0.1):1.000000, Success rate (<0.01):1.000000, Success rate (<0.001):1.000000
X=[-0.2,0.0], PQ=[1.2,1.4]: count:10, ill:0, Ang_MAX:3.159046e-06, Vol_MAX:4.827976e-06, Ang_mean±std:2.445281e-06±3.576558e-07, Vol_mean±std:4.744530e-06±4.768372e-08, P_MAX:4.144e-04, Q_MAX:7.399e-04, P_mean±std:3.855e-04±1.432e-05, Q_mean±std:7.212e-04±1.244e-05, P_RMSE:6.435e-05, Q_RMSE:1.440e-04, Success rate (<0.1):1.000000, Success rate (<0.01):1.000000, Success rate (<0.001):1.000000
X=[-0.2,0.0], PQ=[1.4,1.6]: count:10, ill:0, Ang_MAX:2.890825e-06, Vol_MAX:4.827976e-06, Ang_mean±std:2.413988e-06±2.265761e-07, Vol_mean±std:4.726648e-06±5.364418e-08, P_MAX:3.994e-04, Q_MAX:7.515e-04, P_mean±std:3.890e-04±8.973e-06, Q_mean±std:7.238e-04±1.521e-05, P_RMSE:6.481e-05, Q_RMSE:1.438e-04, Success rate (<0.1):1.000000, Success rate (<0.01):1.000000, Success rate (<0.001):1.000000
X=[-0.2,0.0], PQ=[1.6,1.8]: count:10, ill:0, Ang_MAX:3.963709e-06, Vol_MAX:4.768372e-06, Ang_mean±std:2.540648e-06±6.037913e-07, Vol_mean±std:4.714727e-06±4.951134e-08, P_MAX:4.225e-04, Q_MAX:7.437e-04, P_mean±std:3.904e-04±1.272e-05, Q_mean±std:7.296e-04±1.123e-05, P_RMSE:6.479e-05, Q_RMSE:1.448e-04, Success rate (<0.1):1.000000, Success rate (<0.01):1.000000, Success rate (<0.001):1.000000
X=[-0.2,0.0], PQ=[1.8,2.0]: count:10, ill:0, Ang_MAX:3.904104e-06, Vol_MAX:4.827976e-06, Ang_mean±std:2.543628e-06±5.449854e-07, Vol_mean±std:4.732609e-06±5.462856e-08, P_MAX:4.122e-04, Q_MAX:7.474e-04, P_mean±std:3.850e-04±1.488e-05, Q_mean±std:7.224e-04±2.347e-05, P_RMSE:6.457e-05, Q_RMSE:1.443e-04, Success rate (<0.1):1.000000, Success rate (<0.01):1.000000, Success rate (<0.001):1.000000
X=[0.0,0.2], PQ=[-2.0,-1.8]: count:10, ill:0, Ang_MAX:3.471971e-06, Vol_MAX:4.827976e-06, Ang_mean±std:2.600253e-06±4.174586e-07, Vol_mean±std:4.744530e-06±3.953725e-08, P_MAX:4.280e-04, Q_MAX:7.403e-04, P_mean±std:3.905e-04±1.906e-05, Q_mean±std:7.143e-04±1.587e-05, P_RMSE:6.486e-05, Q_RMSE:1.436e-04, Success rate (<0.1):1.000000, Success rate (<0.01):1.000000, Success rate (<0.001):1.000000
X=[0.0,0.2], PQ=[-1.8,-1.6]: count:10, ill:0, Ang_MAX:3.218651e-06, Vol_MAX:4.827976e-06, Ang_mean±std:2.485514e-06±3.677177e-07, Vol_mean±std:4.732609e-06±5.462856e-08, P_MAX:4.003e-04, Q_MAX:7.359e-04, P_mean±std:3.815e-04±1.609e-05, Q_mean±std:7.112e-04±1.788e-05, P_RMSE:6.417e-05, Q_RMSE:1.432e-04, Success rate (<0.1):1.000000, Success rate (<0.01):1.000000, Success rate (<0.001):1.000000
X=[0.0,0.2], PQ=[-1.6,-1.4]: count:10, ill:0, Ang_MAX:3.725290e-06, Vol_MAX:4.768372e-06, Ang_mean±std:2.676249e-06±4.660611e-07, Vol_mean±std:4.720688e-06±4.460403e-08, P_MAX:4.159e-04, Q_MAX:7.312e-04, P_mean±std:3.955e-04±1.648e-05, Q_mean±std:7.141e-04±1.396e-05, P_RMSE:6.499e-05, Q_RMSE:1.441e-04, Success rate (<0.1):1.000000, Success rate (<0.01):1.000000, Success rate (<0.001):1.000000
X=[0.0,0.2], PQ=[-1.4,-1.2]: count:10, ill:0, Ang_MAX:4.291534e-06, Vol_MAX:4.768372e-06, Ang_mean±std:2.673268e-06±6.015051e-07, Vol_mean±std:4.720688e-06±4.460403e-08, P_MAX:4.173e-04, Q_MAX:7.535e-04, P_mean±std:3.863e-04±2.291e-05, Q_mean±std:7.246e-04±2.044e-05, P_RMSE:6.429e-05, Q_RMSE:1.443e-04, Success rate (<0.1):1.000000, Success rate (<0.01):1.000000, Success rate (<0.001):1.000000
X=[0.0,0.2], PQ=[-1.2,-1.0]: count:10, ill:0, Ang_MAX:3.308058e-06, Vol_MAX:4.827976e-06, Ang_mean±std:2.542138e-06±4.529659e-07, Vol_mean±std:4.732609e-06±8.085167e-08, P_MAX:4.164e-04, Q_MAX:7.376e-04, P_mean±std:3.910e-04±1.134e-05, Q_mean±std:7.203e-04±1.292e-05, P_RMSE:6.473e-05, Q_RMSE:1.442e-04, Success rate (<0.1):1.000000, Success rate (<0.01):1.000000, Success rate (<0.001):1.000000
X=[0.0,0.2], PQ=[-1.0,-0.8]: count:10, ill:0, Ang_MAX:2.980232e-06, Vol_MAX:4.768372e-06, Ang_mean±std:2.419949e-06±2.743757e-07, Vol_mean±std:4.720688e-06±4.460403e-08, P_MAX:4.024e-04, Q_MAX:7.514e-04, P_mean±std:3.867e-04±1.147e-05, Q_mean±std:7.213e-04±1.490e-05, P_RMSE:6.478e-05, Q_RMSE:1.441e-04, Success rate (<0.1):1.000000, Success rate (<0.01):1.000000, Success rate (<0.001):1.000000
X=[0.0,0.2], PQ=[-0.8,-0.6]: count:10, ill:0, Ang_MAX:2.831221e-06, Vol_MAX:4.827976e-06, Ang_mean±std:2.291799e-06±2.495044e-07, Vol_mean±std:4.726648e-06±5.364418e-08, P_MAX:4.049e-04, Q_MAX:7.504e-04, P_mean±std:3.861e-04±1.035e-05, Q_mean±std:7.196e-04±2.022e-05, P_RMSE:6.448e-05, Q_RMSE:1.439e-04, Success rate (<0.1):1.000000, Success rate (<0.01):1.000000, Success rate (<0.001):1.000000
X=[0.0,0.2], PQ=[-0.6,-0.4]: count:10, ill:0, Ang_MAX:3.099442e-06, Vol_MAX:4.768372e-06, Ang_mean±std:2.501905e-06±3.061418e-07, Vol_mean±std:4.726648e-06±4.655272e-08, P_MAX:4.330e-04, Q_MAX:7.552e-04, P_mean±std:3.973e-04±1.489e-05, Q_mean±std:7.210e-04±1.715e-05, P_RMSE:6.517e-05, Q_RMSE:1.440e-04, Success rate (<0.1):1.000000, Success rate (<0.01):1.000000, Success rate (<0.001):1.000000
X=[0.0,0.2], PQ=[-0.4,-0.2]: count:10, ill:0, Ang_MAX:2.801418e-06, Vol_MAX:4.887581e-06, Ang_mean±std:2.229214e-06±2.326873e-07, Vol_mean±std:4.756451e-06±7.907450e-08, P_MAX:4.217e-04, Q_MAX:7.510e-04, P_mean±std:3.912e-04±1.919e-05, Q_mean±std:7.177e-04±1.500e-05, P_RMSE:6.496e-05, Q_RMSE:1.440e-04, Success rate (<0.1):1.000000, Success rate (<0.01):1.000000, Success rate (<0.001):1.000000
X=[0.0,0.2], PQ=[-0.2,0.0]: count:10, ill:0, Ang_MAX:3.367662e-06, Vol_MAX:4.827976e-06, Ang_mean±std:2.549589e-06±3.506335e-07, Vol_mean±std:4.726648e-06±4.655272e-08, P_MAX:4.279e-04, Q_MAX:7.487e-04, P_mean±std:3.949e-04±2.009e-05, Q_mean±std:7.185e-04±1.471e-05, P_RMSE:6.524e-05, Q_RMSE:1.437e-04, Success rate (<0.1):1.000000, Success rate (<0.01):1.000000, Success rate (<0.001):1.000000
X=[0.0,0.2], PQ=[0.0,0.2]: count:10, ill:0, Ang_MAX:3.606081e-06, Vol_MAX:4.827976e-06, Ang_mean±std:2.582371e-06±5.069046e-07, Vol_mean±std:4.720688e-06±6.951036e-08, P_MAX:4.045e-04, Q_MAX:7.464e-04, P_mean±std:3.855e-04±1.432e-05, Q_mean±std:7.228e-04±1.544e-05, P_RMSE:6.435e-05, Q_RMSE:1.449e-04, Success rate (<0.1):1.000000, Success rate (<0.01):1.000000, Success rate (<0.001):1.000000
X=[0.0,0.2], PQ=[0.2,0.4]: count:10, ill:0, Ang_MAX:2.950430e-06, Vol_MAX:4.827976e-06, Ang_mean±std:2.433360e-06±2.921578e-07, Vol_mean±std:4.756451e-06±4.460403e-08, P_MAX:4.136e-04, Q_MAX:7.553e-04, P_mean±std:3.882e-04±1.325e-05, Q_mean±std:7.347e-04±1.401e-05, P_RMSE:6.472e-05, Q_RMSE:1.451e-04, Success rate (<0.1):1.000000, Success rate (<0.01):1.000000, Success rate (<0.001):1.000000
X=[0.0,0.2], PQ=[0.4,0.6]: count:10, ill:0, Ang_MAX:3.397465e-06, Vol_MAX:4.827976e-06, Ang_mean±std:2.545118e-06±3.652943e-07, Vol_mean±std:4.720688e-06±6.419617e-08, P_MAX:4.215e-04, Q_MAX:7.459e-04, P_mean±std:3.936e-04±1.531e-05, Q_mean±std:7.228e-04±2.172e-05, P_RMSE:6.510e-05, Q_RMSE:1.442e-04, Success rate (<0.1):1.000000, Success rate (<0.01):1.000000, Success rate (<0.001):1.000000
X=[0.0,0.2], PQ=[0.6,0.8]: count:10, ill:0, Ang_MAX:3.010035e-06, Vol_MAX:4.827976e-06, Ang_mean±std:2.393126e-06±2.435964e-07, Vol_mean±std:4.726648e-06±5.364418e-08, P_MAX:4.044e-04, Q_MAX:7.527e-04, P_mean±std:3.909e-04±1.135e-05, Q_mean±std:7.118e-04±2.021e-05, P_RMSE:6.510e-05, Q_RMSE:1.440e-04, Success rate (<0.1):1.000000, Success rate (<0.01):1.000000, Success rate (<0.001):1.000000
X=[0.0,0.2], PQ=[0.8,1.0]: count:10, ill:0, Ang_MAX:2.980232e-06, Vol_MAX:4.827976e-06, Ang_mean±std:2.516806e-06±2.456162e-07, Vol_mean±std:4.750490e-06±4.655272e-08, P_MAX:4.390e-04, Q_MAX:7.437e-04, P_mean±std:3.912e-04±2.362e-05, Q_mean±std:7.140e-04±1.541e-05, P_RMSE:6.463e-05, Q_RMSE:1.434e-04, Success rate (<0.1):1.000000, Success rate (<0.01):1.000000, Success rate (<0.001):1.000000
X=[0.0,0.2], PQ=[1.0,1.2]: count:10, ill:0, Ang_MAX:3.457069e-06, Vol_MAX:4.827976e-06, Ang_mean±std:2.530217e-06±3.945742e-07, Vol_mean±std:4.708767e-06±8.429370e-08, P_MAX:4.222e-04, Q_MAX:7.513e-04, P_mean±std:3.929e-04±1.261e-05, Q_mean±std:7.234e-04±1.971e-05, P_RMSE:6.483e-05, Q_RMSE:1.442e-04, Success rate (<0.1):1.000000, Success rate (<0.01):1.000000, Success rate (<0.001):1.000000
X=[0.0,0.2], PQ=[1.2,1.4]: count:10, ill:0, Ang_MAX:4.261732e-06, Vol_MAX:4.768372e-06, Ang_mean±std:2.494454e-06±6.055154e-07, Vol_mean±std:4.714727e-06±5.623091e-08, P_MAX:4.269e-04, Q_MAX:7.406e-04, P_mean±std:3.905e-04±1.626e-05, Q_mean±std:7.185e-04±1.705e-05, P_RMSE:6.474e-05, Q_RMSE:1.443e-04, Success rate (<0.1):1.000000, Success rate (<0.01):1.000000, Success rate (<0.001):1.000000
X=[0.0,0.2], PQ=[1.4,1.6]: count:10, ill:0, Ang_MAX:4.172325e-06, Vol_MAX:4.827976e-06, Ang_mean±std:2.853572e-06±5.812312e-07, Vol_mean±std:4.714727e-06±6.222908e-08, P_MAX:4.073e-04, Q_MAX:7.531e-04, P_mean±std:3.810e-04±1.971e-05, Q_mean±std:7.192e-04±1.897e-05, P_RMSE:6.446e-05, Q_RMSE:1.440e-04, Success rate (<0.1):1.000000, Success rate (<0.01):1.000000, Success rate (<0.001):1.000000
X=[0.0,0.2], PQ=[1.6,1.8]: count:10, ill:0, Ang_MAX:3.278255e-06, Vol_MAX:4.768372e-06, Ang_mean±std:2.484024e-06±3.691189e-07, Vol_mean±std:4.708767e-06±3.769729e-08, P_MAX:4.177e-04, Q_MAX:7.513e-04, P_mean±std:3.906e-04±2.173e-05, Q_mean±std:7.186e-04±1.714e-05, P_RMSE:6.482e-05, Q_RMSE:1.442e-04, Success rate (<0.1):1.000000, Success rate (<0.01):1.000000, Success rate (<0.001):1.000000
X=[0.0,0.2], PQ=[1.8,2.0]: count:10, ill:0, Ang_MAX:2.652407e-06, Vol_MAX:4.827976e-06, Ang_mean±std:2.381206e-06±1.450550e-07, Vol_mean±std:4.750490e-06±4.655272e-08, P_MAX:3.992e-04, Q_MAX:7.476e-04, P_mean±std:3.790e-04±1.665e-05, Q_mean±std:7.271e-04±1.064e-05, P_RMSE:6.411e-05, Q_RMSE:1.452e-04, Success rate (<0.1):1.000000, Success rate (<0.01):1.000000, Success rate (<0.001):1.000000
X=[0.2,0.4], PQ=[-2.0,-1.8]: count:10, ill:0, Ang_MAX:2.950430e-06, Vol_MAX:4.768372e-06, Ang_mean±std:2.356619e-06±3.325005e-07, Vol_mean±std:4.726648e-06±3.816559e-08, P_MAX:4.041e-04, Q_MAX:7.395e-04, P_mean±std:3.810e-04±1.623e-05, Q_mean±std:7.110e-04±1.655e-05, P_RMSE:6.436e-05, Q_RMSE:1.437e-04, Success rate (<0.1):1.000000, Success rate (<0.01):1.000000, Success rate (<0.001):1.000000
X=[0.2,0.4], PQ=[-1.8,-1.6]: count:10, ill:0, Ang_MAX:3.263354e-06, Vol_MAX:4.827976e-06, Ang_mean±std:2.676249e-06±2.888059e-07, Vol_mean±std:4.696846e-06±6.419617e-08, P_MAX:4.018e-04, Q_MAX:7.503e-04, P_mean±std:3.871e-04±1.179e-05, Q_mean±std:7.199e-04±1.339e-05, P_RMSE:6.502e-05, Q_RMSE:1.441e-04, Success rate (<0.1):1.000000, Success rate (<0.01):1.000000, Success rate (<0.001):1.000000
X=[0.2,0.4], PQ=[-1.6,-1.4]: count:10, ill:0, Ang_MAX:3.188848e-06, Vol_MAX:4.827976e-06, Ang_mean±std:2.694130e-06±3.551857e-07, Vol_mean±std:4.714727e-06±6.222908e-08, P_MAX:4.209e-04, Q_MAX:7.538e-04, P_mean±std:3.907e-04±1.632e-05, Q_mean±std:7.229e-04±1.682e-05, P_RMSE:6.492e-05, Q_RMSE:1.442e-04, Success rate (<0.1):1.000000, Success rate (<0.01):1.000000, Success rate (<0.001):1.000000
X=[0.2,0.4], PQ=[-1.4,-1.2]: count:10, ill:0, Ang_MAX:4.291534e-06, Vol_MAX:4.768372e-06, Ang_mean±std:2.545118e-06±6.070024e-07, Vol_mean±std:4.702806e-06±4.172325e-08, P_MAX:4.125e-04, Q_MAX:7.400e-04, P_mean±std:3.932e-04±1.226e-05, Q_mean±std:7.160e-04±1.913e-05, P_RMSE:6.514e-05, Q_RMSE:1.435e-04, Success rate (<0.1):1.000000, Success rate (<0.01):1.000000, Success rate (<0.001):1.000000
X=[0.2,0.4], PQ=[-1.2,-1.0]: count:10, ill:0, Ang_MAX:3.337860e-06, Vol_MAX:4.768372e-06, Ang_mean±std:2.565980e-06±4.570942e-07, Vol_mean±std:4.732609e-06±3.953725e-08, P_MAX:3.926e-04, Q_MAX:7.417e-04, P_mean±std:3.682e-04±1.391e-05, Q_mean±std:7.159e-04±1.904e-05, P_RMSE:6.365e-05, Q_RMSE:1.442e-04, Success rate (<0.1):1.000000, Success rate (<0.01):1.000000, Success rate (<0.001):1.000000
X=[0.2,0.4], PQ=[-1.0,-0.8]: count:10, ill:0, Ang_MAX:3.069639e-06, Vol_MAX:4.827976e-06, Ang_mean±std:2.557039e-06±3.459638e-07, Vol_mean±std:4.696846e-06±6.419617e-08, P_MAX:4.154e-04, Q_MAX:7.292e-04, P_mean±std:3.852e-04±1.309e-05, Q_mean±std:7.110e-04±1.111e-05, P_RMSE:6.481e-05, Q_RMSE:1.434e-04, Success rate (<0.1):1.000000, Success rate (<0.01):1.000000, Success rate (<0.001):1.000000
X=[0.2,0.4], PQ=[-0.8,-0.6]: count:10, ill:0, Ang_MAX:2.831221e-06, Vol_MAX:4.768372e-06, Ang_mean±std:2.408028e-06±2.628017e-07, Vol_mean±std:4.702806e-06±4.172325e-08, P_MAX:3.960e-04, Q_MAX:7.448e-04, P_mean±std:3.853e-04±7.436e-06, Q_mean±std:7.215e-04±1.714e-05, P_RMSE:6.471e-05, Q_RMSE:1.445e-04, Success rate (<0.1):1.000000, Success rate (<0.01):1.000000, Success rate (<0.001):1.000000
X=[0.2,0.4], PQ=[-0.6,-0.4]: count:10, ill:0, Ang_MAX:3.308058e-06, Vol_MAX:4.768372e-06, Ang_mean±std:2.583861e-06±3.310742e-07, Vol_mean±std:4.690886e-06±5.364418e-08, P_MAX:3.880e-04, Q_MAX:7.448e-04, P_mean±std:3.723e-04±1.285e-05, Q_mean±std:7.231e-04±1.720e-05, P_RMSE:6.373e-05, Q_RMSE:1.443e-04, Success rate (<0.1):1.000000, Success rate (<0.01):1.000000, Success rate (<0.001):1.000000
X=[0.2,0.4], PQ=[-0.4,-0.2]: count:10, ill:0, Ang_MAX:3.248453e-06, Vol_MAX:4.768372e-06, Ang_mean±std:2.652407e-06±2.598106e-07, Vol_mean±std:4.708767e-06±4.616956e-08, P_MAX:4.102e-04, Q_MAX:7.676e-04, P_mean±std:3.881e-04±1.145e-05, Q_mean±std:7.307e-04±2.024e-05, P_RMSE:6.491e-05, Q_RMSE:1.445e-04, Success rate (<0.1):1.000000, Success rate (<0.01):1.000000, Success rate (<0.001):1.000000
X=[0.2,0.4], PQ=[-0.2,0.0]: count:10, ill:0, Ang_MAX:2.741814e-06, Vol_MAX:4.827976e-06, Ang_mean±std:2.382696e-06±2.844873e-07, Vol_mean±std:4.720688e-06±5.196212e-08, P_MAX:4.150e-04, Q_MAX:7.457e-04, P_mean±std:3.855e-04±1.861e-05, Q_mean±std:7.250e-04±1.174e-05, P_RMSE:6.458e-05, Q_RMSE:1.443e-04, Success rate (<0.1):1.000000, Success rate (<0.01):1.000000, Success rate (<0.001):1.000000
X=[0.2,0.4], PQ=[0.0,0.2]: count:10, ill:0, Ang_MAX:3.129244e-06, Vol_MAX:4.827976e-06, Ang_mean±std:2.489984e-06±3.491104e-07, Vol_mean±std:4.714727e-06±5.623091e-08, P_MAX:4.080e-04, Q_MAX:7.332e-04, P_mean±std:3.827e-04±1.457e-05, Q_mean±std:7.156e-04±1.584e-05, P_RMSE:6.445e-05, Q_RMSE:1.440e-04, Success rate (<0.1):1.000000, Success rate (<0.01):1.000000, Success rate (<0.001):1.000000
X=[0.2,0.4], PQ=[0.2,0.4]: count:10, ill:0, Ang_MAX:3.397465e-06, Vol_MAX:4.768372e-06, Ang_mean±std:2.512336e-06±4.988752e-07, Vol_mean±std:4.702806e-06±4.951134e-08, P_MAX:4.077e-04, Q_MAX:7.412e-04, P_mean±std:3.944e-04±1.169e-05, Q_mean±std:7.193e-04±1.680e-05, P_RMSE:6.499e-05, Q_RMSE:1.442e-04, Success rate (<0.1):1.000000, Success rate (<0.01):1.000000, Success rate (<0.001):1.000000
X=[0.2,0.4], PQ=[0.4,0.6]: count:10, ill:0, Ang_MAX:3.159046e-06, Vol_MAX:4.768372e-06, Ang_mean±std:2.494454e-06±3.523865e-07, Vol_mean±std:4.696846e-06±5.196212e-08, P_MAX:4.042e-04, Q_MAX:7.417e-04, P_mean±std:3.808e-04±1.186e-05, Q_mean±std:7.163e-04±1.820e-05, P_RMSE:6.462e-05, Q_RMSE:1.442e-04, Success rate (<0.1):1.000000, Success rate (<0.01):1.000000, Success rate (<0.001):1.000000
X=[0.2,0.4], PQ=[0.6,0.8]: count:10, ill:0, Ang_MAX:3.278255e-06, Vol_MAX:4.768372e-06, Ang_mean±std:2.442300e-06±3.617301e-07, Vol_mean±std:4.702806e-06±4.951134e-08, P_MAX:4.227e-04, Q_MAX:7.394e-04, P_mean±std:4.046e-04±1.266e-05, Q_mean±std:7.078e-04±1.886e-05, P_RMSE:6.615e-05, Q_RMSE:1.432e-04, Success rate (<0.1):1.000000, Success rate (<0.01):1.000000, Success rate (<0.001):1.000000
X=[0.2,0.4], PQ=[0.8,1.0]: count:10, ill:0, Ang_MAX:3.457069e-06, Vol_MAX:4.768372e-06, Ang_mean±std:2.500415e-06±3.728150e-07, Vol_mean±std:4.714727e-06±1.788139e-08, P_MAX:4.142e-04, Q_MAX:7.334e-04, P_mean±std:3.844e-04±1.708e-05, Q_mean±std:7.087e-04±1.583e-05, P_RMSE:6.469e-05, Q_RMSE:1.432e-04, Success rate (<0.1):1.000000, Success rate (<0.01):1.000000, Success rate (<0.001):1.000000
X=[0.2,0.4], PQ=[1.0,1.2]: count:10, ill:0, Ang_MAX:2.801418e-06, Vol_MAX:4.768372e-06, Ang_mean±std:2.300739e-06±2.003860e-07, Vol_mean±std:4.702806e-06±4.172325e-08, P_MAX:4.095e-04, Q_MAX:7.282e-04, P_mean±std:3.872e-04±1.431e-05, Q_mean±std:7.118e-04±1.511e-05, P_RMSE:6.535e-05, Q_RMSE:1.435e-04, Success rate (<0.1):1.000000, Success rate (<0.01):1.000000, Success rate (<0.001):1.000000
X=[0.2,0.4], PQ=[1.2,1.4]: count:10, ill:0, Ang_MAX:3.010035e-06, Vol_MAX:4.768372e-06, Ang_mean±std:2.439320e-06±3.488304e-07, Vol_mean±std:4.708767e-06±4.616956e-08, P_MAX:4.233e-04, Q_MAX:7.418e-04, P_mean±std:3.835e-04±2.332e-05, Q_mean±std:7.179e-04±2.012e-05, P_RMSE:6.440e-05, Q_RMSE:1.440e-04, Success rate (<0.1):1.000000, Success rate (<0.01):1.000000, Success rate (<0.001):1.000000
X=[0.2,0.4], PQ=[1.4,1.6]: count:10, ill:0, Ang_MAX:3.278255e-06, Vol_MAX:4.887581e-06, Ang_mean±std:2.485514e-06±3.933907e-07, Vol_mean±std:4.732609e-06±9.310543e-08, P_MAX:4.108e-04, Q_MAX:7.530e-04, P_mean±std:3.897e-04±1.468e-05, Q_mean±std:7.141e-04±2.009e-05, P_RMSE:6.495e-05, Q_RMSE:1.434e-04, Success rate (<0.1):1.000000, Success rate (<0.01):1.000000, Success rate (<0.001):1.000000
X=[0.2,0.4], PQ=[1.6,1.8]: count:10, ill:0, Ang_MAX:5.304813e-06, Vol_MAX:4.768372e-06, Ang_mean±std:2.877414e-06±9.570780e-07, Vol_mean±std:4.702806e-06±3.209808e-08, P_MAX:4.139e-04, Q_MAX:7.380e-04, P_mean±std:3.914e-04±1.703e-05, Q_mean±std:7.171e-04±1.363e-05, P_RMSE:6.504e-05, Q_RMSE:1.438e-04, Success rate (<0.1):1.000000, Success rate (<0.01):1.000000, Success rate (<0.001):1.000000
X=[0.2,0.4], PQ=[1.8,2.0]: count:10, ill:0, Ang_MAX:3.695488e-06, Vol_MAX:4.768372e-06, Ang_mean±std:2.540648e-06±5.325055e-07, Vol_mean±std:4.690886e-06±3.816559e-08, P_MAX:4.177e-04, Q_MAX:7.370e-04, P_mean±std:3.793e-04±2.461e-05, Q_mean±std:7.120e-04±1.295e-05, P_RMSE:6.427e-05, Q_RMSE:1.438e-04, Success rate (<0.1):1.000000, Success rate (<0.01):1.000000, Success rate (<0.001):1.000000
X=[0.4,0.6], PQ=[-2.0,-1.8]: count:10, ill:0, Ang_MAX:3.337860e-06, Vol_MAX:4.708767e-06, Ang_mean±std:2.372265e-06±3.571806e-07, Vol_mean±std:4.637241e-06±6.419617e-08, P_MAX:3.912e-04, Q_MAX:7.333e-04, P_mean±std:3.660e-04±1.342e-05, Q_mean±std:7.134e-04±1.058e-05, P_RMSE:6.390e-05, Q_RMSE:1.438e-04, Success rate (<0.1):1.000000, Success rate (<0.01):1.000000, Success rate (<0.001):1.000000
X=[0.4,0.6], PQ=[-1.8,-1.6]: count:10, ill:0, Ang_MAX:2.980232e-06, Vol_MAX:4.768372e-06, Ang_mean±std:2.491474e-06±3.327199e-07, Vol_mean±std:4.714727e-06±5.623091e-08, P_MAX:4.094e-04, Q_MAX:7.304e-04, P_mean±std:3.776e-04±2.101e-05, Q_mean±std:7.169e-04±8.566e-06, P_RMSE:6.442e-05, Q_RMSE:1.438e-04, Success rate (<0.1):1.000000, Success rate (<0.01):1.000000, Success rate (<0.001):1.000000
X=[0.4,0.6], PQ=[-1.6,-1.4]: count:10, ill:0, Ang_MAX:3.486872e-06, Vol_MAX:4.768372e-06, Ang_mean±std:2.664328e-06±4.386513e-07, Vol_mean±std:4.690886e-06±3.816559e-08, P_MAX:4.042e-04, Q_MAX:7.377e-04, P_mean±std:3.695e-04±2.116e-05, Q_mean±std:7.131e-04±1.078e-05, P_RMSE:6.404e-05, Q_RMSE:1.439e-04, Success rate (<0.1):1.000000, Success rate (<0.01):1.000000, Success rate (<0.001):1.000000
X=[0.4,0.6], PQ=[-1.4,-1.2]: count:10, ill:0, Ang_MAX:4.038215e-06, Vol_MAX:4.768372e-06, Ang_mean±std:2.725422e-06±5.353002e-07, Vol_mean±std:4.655123e-06±6.222908e-08, P_MAX:4.072e-04, Q_MAX:7.506e-04, P_mean±std:3.747e-04±2.032e-05, Q_mean±std:7.156e-04±2.185e-05, P_RMSE:6.404e-05, Q_RMSE:1.437e-04, Success rate (<0.1):1.000000, Success rate (<0.01):1.000000, Success rate (<0.001):1.000000
X=[0.4,0.6], PQ=[-1.2,-1.0]: count:10, ill:0, Ang_MAX:3.576279e-06, Vol_MAX:4.827976e-06, Ang_mean±std:2.694130e-06±4.384488e-07, Vol_mean±std:4.702806e-06±5.623091e-08, P_MAX:4.043e-04, Q_MAX:7.311e-04, P_mean±std:3.818e-04±1.880e-05, Q_mean±std:7.104e-04±1.255e-05, P_RMSE:6.462e-05, Q_RMSE:1.435e-04, Success rate (<0.1):1.000000, Success rate (<0.01):1.000000, Success rate (<0.001):1.000000
X=[0.4,0.6], PQ=[-1.0,-0.8]: count:10, ill:0, Ang_MAX:2.741814e-06, Vol_MAX:4.768372e-06, Ang_mean±std:2.361834e-06±1.946584e-07, Vol_mean±std:4.678965e-06±5.495277e-08, P_MAX:4.056e-04, Q_MAX:7.261e-04, P_mean±std:3.813e-04±1.529e-05, Q_mean±std:7.132e-04±1.019e-05, P_RMSE:6.452e-05, Q_RMSE:1.439e-04, Success rate (<0.1):1.000000, Success rate (<0.01):1.000000, Success rate (<0.001):1.000000
X=[0.4,0.6], PQ=[-0.8,-0.6]: count:10, ill:0, Ang_MAX:4.440546e-06, Vol_MAX:4.768372e-06, Ang_mean±std:2.932549e-06±7.834327e-07, Vol_mean±std:4.678965e-06±5.495277e-08, P_MAX:3.920e-04, Q_MAX:7.651e-04, P_mean±std:3.748e-04±9.280e-06, Q_mean±std:7.204e-04±2.134e-05, P_RMSE:6.418e-05, Q_RMSE:1.445e-04, Success rate (<0.1):1.000000, Success rate (<0.01):1.000000, Success rate (<0.001):1.000000
X=[0.4,0.6], PQ=[-0.6,-0.4]: count:10, ill:0, Ang_MAX:3.486872e-06, Vol_MAX:4.768372e-06, Ang_mean±std:2.512336e-06±4.258813e-07, Vol_mean±std:4.708767e-06±5.331201e-08, P_MAX:3.972e-04, Q_MAX:7.625e-04, P_mean±std:3.670e-04±1.299e-05, Q_mean±std:7.179e-04±2.067e-05, P_RMSE:6.375e-05, Q_RMSE:1.440e-04, Success rate (<0.1):1.000000, Success rate (<0.01):1.000000, Success rate (<0.001):1.000000
X=[0.4,0.6], PQ=[-0.4,-0.2]: count:10, ill:0, Ang_MAX:3.874302e-06, Vol_MAX:4.827976e-06, Ang_mean±std:2.752244e-06±6.292473e-07, Vol_mean±std:4.696846e-06±5.840039e-08, P_MAX:3.856e-04, Q_MAX:7.294e-04, P_mean±std:3.754e-04±8.757e-06, Q_mean±std:7.097e-04±9.221e-06, P_RMSE:6.412e-05, Q_RMSE:1.432e-04, Success rate (<0.1):1.000000, Success rate (<0.01):1.000000, Success rate (<0.001):1.000000
X=[0.4,0.6], PQ=[-0.2,0.0]: count:10, ill:0, Ang_MAX:3.904104e-06, Vol_MAX:4.768372e-06, Ang_mean±std:2.783537e-06±5.343183e-07, Vol_mean±std:4.673004e-06±3.953725e-08, P_MAX:4.013e-04, Q_MAX:7.189e-04, P_mean±std:3.758e-04±1.388e-05, Q_mean±std:7.037e-04±1.083e-05, P_RMSE:6.431e-05, Q_RMSE:1.419e-04, Success rate (<0.1):1.000000, Success rate (<0.01):1.000000, Success rate (<0.001):1.000000
X=[0.4,0.6], PQ=[0.0,0.2]: count:10, ill:0, Ang_MAX:3.606081e-06, Vol_MAX:4.827976e-06, Ang_mean±std:2.649426e-06±5.166127e-07, Vol_mean±std:4.702806e-06±5.623091e-08, P_MAX:4.075e-04, Q_MAX:7.457e-04, P_mean±std:3.770e-04±1.522e-05, Q_mean±std:7.175e-04±1.420e-05, P_RMSE:6.434e-05, Q_RMSE:1.439e-04, Success rate (<0.1):1.000000, Success rate (<0.01):1.000000, Success rate (<0.001):1.000000
X=[0.4,0.6], PQ=[0.2,0.4]: count:10, ill:0, Ang_MAX:3.427267e-06, Vol_MAX:4.768372e-06, Ang_mean±std:2.555549e-06±4.154860e-07, Vol_mean±std:4.696846e-06±5.196212e-08, P_MAX:4.014e-04, Q_MAX:7.428e-04, P_mean±std:3.692e-04±2.147e-05, Q_mean±std:7.161e-04±1.333e-05, P_RMSE:6.390e-05, Q_RMSE:1.438e-04, Success rate (<0.1):1.000000, Success rate (<0.01):1.000000, Success rate (<0.001):1.000000
X=[0.4,0.6], PQ=[0.4,0.6]: count:10, ill:0, Ang_MAX:3.263354e-06, Vol_MAX:4.768372e-06, Ang_mean±std:2.524257e-06±2.904159e-07, Vol_mean±std:4.726648e-06±2.731428e-08, P_MAX:4.068e-04, Q_MAX:7.445e-04, P_mean±std:3.794e-04±1.852e-05, Q_mean±std:7.142e-04±1.870e-05, P_RMSE:6.447e-05, Q_RMSE:1.439e-04, Success rate (<0.1):1.000000, Success rate (<0.01):1.000000, Success rate (<0.001):1.000000
X=[0.4,0.6], PQ=[0.6,0.8]: count:10, ill:0, Ang_MAX:3.069639e-06, Vol_MAX:4.768372e-06, Ang_mean±std:2.568960e-06±3.747990e-07, Vol_mean±std:4.673004e-06±6.637292e-08, P_MAX:3.967e-04, Q_MAX:7.316e-04, P_mean±std:3.795e-04±1.533e-05, Q_mean±std:7.144e-04±1.411e-05, P_RMSE:6.470e-05, Q_RMSE:1.433e-04, Success rate (<0.1):1.000000, Success rate (<0.01):1.000000, Success rate (<0.001):1.000000
X=[0.4,0.6], PQ=[0.8,1.0]: count:10, ill:0, Ang_MAX:4.276633e-06, Vol_MAX:4.768372e-06, Ang_mean±std:2.968311e-06±7.097021e-07, Vol_mean±std:4.631281e-06±5.990193e-08, P_MAX:4.010e-04, Q_MAX:7.215e-04, P_mean±std:3.705e-04±1.723e-05, Q_mean±std:7.074e-04±1.386e-05, P_RMSE:6.429e-05, Q_RMSE:1.432e-04, Success rate (<0.1):1.000000, Success rate (<0.01):1.000000, Success rate (<0.001):1.000000
X=[0.4,0.6], PQ=[1.0,1.2]: count:10, ill:0, Ang_MAX:4.217029e-06, Vol_MAX:4.708767e-06, Ang_mean±std:2.819300e-06±6.578082e-07, Vol_mean±std:4.655123e-06±4.172325e-08, P_MAX:4.092e-04, Q_MAX:7.375e-04, P_mean±std:3.756e-04±2.117e-05, Q_mean±std:7.203e-04±1.434e-05, P_RMSE:6.427e-05, Q_RMSE:1.441e-04, Success rate (<0.1):1.000000, Success rate (<0.01):1.000000, Success rate (<0.001):1.000000
X=[0.4,0.6], PQ=[1.2,1.4]: count:10, ill:0, Ang_MAX:3.248453e-06, Vol_MAX:4.768372e-06, Ang_mean±std:2.470613e-06±4.249209e-07, Vol_mean±std:4.684925e-06±4.768372e-08, P_MAX:4.029e-04, Q_MAX:7.425e-04, P_mean±std:3.693e-04±1.928e-05, Q_mean±std:7.205e-04±1.179e-05, P_RMSE:6.383e-05, Q_RMSE:1.442e-04, Success rate (<0.1):1.000000, Success rate (<0.01):1.000000, Success rate (<0.001):1.000000
X=[0.4,0.6], PQ=[1.4,1.6]: count:10, ill:0, Ang_MAX:3.039837e-06, Vol_MAX:4.768372e-06, Ang_mean±std:2.560019e-06±2.415459e-07, Vol_mean±std:4.673004e-06±4.768372e-08, P_MAX:4.083e-04, Q_MAX:7.285e-04, P_mean±std:3.740e-04±1.888e-05, Q_mean±std:7.079e-04±1.674e-05, P_RMSE:6.405e-05, Q_RMSE:1.429e-04, Success rate (<0.1):1.000000, Success rate (<0.01):1.000000, Success rate (<0.001):1.000000
X=[0.4,0.6], PQ=[1.6,1.8]: count:10, ill:0, Ang_MAX:2.920628e-06, Vol_MAX:4.768372e-06, Ang_mean±std:2.431870e-06±2.735327e-07, Vol_mean±std:4.667044e-06±5.364418e-08, P_MAX:4.110e-04, Q_MAX:7.241e-04, P_mean±std:3.745e-04±1.949e-05, Q_mean±std:7.081e-04±9.907e-06, P_RMSE:6.418e-05, Q_RMSE:1.435e-04, Success rate (<0.1):1.000000, Success rate (<0.01):1.000000, Success rate (<0.001):1.000000
X=[0.4,0.6], PQ=[1.8,2.0]: count:10, ill:0, Ang_MAX:3.665686e-06, Vol_MAX:4.827976e-06, Ang_mean±std:2.521276e-06±4.742597e-07, Vol_mean±std:4.696846e-06±7.907450e-08, P_MAX:3.910e-04, Q_MAX:7.309e-04, P_mean±std:3.580e-04±1.835e-05, Q_mean±std:7.084e-04±1.480e-05, P_RMSE:6.328e-05, Q_RMSE:1.433e-04, Success rate (<0.1):1.000000, Success rate (<0.01):1.000000, Success rate (<0.001):1.000000
X=[0.6,0.8], PQ=[-2.0,-1.8]: count:10, ill:0, Ang_MAX:3.933907e-06, Vol_MAX:4.768372e-06, Ang_mean±std:2.539158e-06±5.610124e-07, Vol_mean±std:4.667044e-06±5.364418e-08, P_MAX:3.844e-04, Q_MAX:7.268e-04, P_mean±std:3.596e-04±1.597e-05, Q_mean±std:7.118e-04±1.081e-05, P_RMSE:6.398e-05, Q_RMSE:1.433e-04, Success rate (<0.1):1.000000, Success rate (<0.01):1.000000, Success rate (<0.001):1.000000
X=[0.6,0.8], PQ=[-1.8,-1.6]: count:10, ill:0, Ang_MAX:4.440546e-06, Vol_MAX:4.708767e-06, Ang_mean±std:2.852082e-06±6.996948e-07, Vol_mean±std:4.655123e-06±4.172325e-08, P_MAX:3.999e-04, Q_MAX:7.291e-04, P_mean±std:3.557e-04±1.844e-05, Q_mean±std:7.069e-04±1.272e-05, P_RMSE:6.361e-05, Q_RMSE:1.426e-04, Success rate (<0.1):1.000000, Success rate (<0.01):1.000000, Success rate (<0.001):1.000000
X=[0.6,0.8], PQ=[-1.6,-1.4]: count:10, ill:0, Ang_MAX:3.635883e-06, Vol_MAX:4.768372e-06, Ang_mean±std:2.697110e-06±3.867418e-07, Vol_mean±std:4.655123e-06±5.623091e-08, P_MAX:4.040e-04, Q_MAX:7.350e-04, P_mean±std:3.742e-04±1.563e-05, Q_mean±std:7.093e-04±1.489e-05, P_RMSE:6.448e-05, Q_RMSE:1.430e-04, Success rate (<0.1):1.000000, Success rate (<0.01):1.000000, Success rate (<0.001):1.000000
X=[0.6,0.8], PQ=[-1.4,-1.2]: count:10, ill:0, Ang_MAX:4.053116e-06, Vol_MAX:4.768372e-06, Ang_mean±std:2.557039e-06±6.394387e-07, Vol_mean±std:4.696846e-06±5.840039e-08, P_MAX:3.802e-04, Q_MAX:7.395e-04, P_mean±std:3.617e-04±1.460e-05, Q_mean±std:7.106e-04±1.390e-05, P_RMSE:6.399e-05, Q_RMSE:1.433e-04, Success rate (<0.1):1.000000, Success rate (<0.01):1.000000, Success rate (<0.001):1.000000
X=[0.6,0.8], PQ=[-1.2,-1.0]: count:10, ill:0, Ang_MAX:3.397465e-06, Vol_MAX:4.827976e-06, Ang_mean±std:2.527237e-06±4.332729e-07, Vol_mean±std:4.661083e-06±6.419617e-08, P_MAX:4.003e-04, Q_MAX:7.383e-04, P_mean±std:3.587e-04±1.655e-05, Q_mean±std:7.110e-04±1.604e-05, P_RMSE:6.366e-05, Q_RMSE:1.435e-04, Success rate (<0.1):1.000000, Success rate (<0.01):1.000000, Success rate (<0.001):1.000000
X=[0.6,0.8], PQ=[-1.0,-0.8]: count:10, ill:0, Ang_MAX:3.010035e-06, Vol_MAX:4.827976e-06, Ang_mean±std:2.425909e-06±3.385418e-07, Vol_mean±std:4.673004e-06±7.633119e-08, P_MAX:4.263e-04, Q_MAX:7.461e-04, P_mean±std:3.792e-04±2.079e-05, Q_mean±std:7.153e-04±1.491e-05, P_RMSE:6.474e-05, Q_RMSE:1.434e-04, Success rate (<0.1):1.000000, Success rate (<0.01):1.000000, Success rate (<0.001):1.000000
X=[0.6,0.8], PQ=[-0.8,-0.6]: count:10, ill:0, Ang_MAX:3.486872e-06, Vol_MAX:4.768372e-06, Ang_mean±std:2.641976e-06±5.041814e-07, Vol_mean±std:4.678965e-06±6.107659e-08, P_MAX:3.794e-04, Q_MAX:7.441e-04, P_mean±std:3.567e-04±1.430e-05, Q_mean±std:7.052e-04±2.293e-05, P_RMSE:6.347e-05, Q_RMSE:1.432e-04, Success rate (<0.1):1.000000, Success rate (<0.01):1.000000, Success rate (<0.001):1.000000
X=[0.6,0.8], PQ=[-0.6,-0.4]: count:10, ill:0, Ang_MAX:3.218651e-06, Vol_MAX:4.708767e-06, Ang_mean±std:2.509356e-06±4.345011e-07, Vol_mean±std:4.655123e-06±7.275674e-08, P_MAX:3.893e-04, Q_MAX:7.305e-04, P_mean±std:3.630e-04±1.976e-05, Q_mean±std:7.112e-04±1.591e-05, P_RMSE:6.361e-05, Q_RMSE:1.426e-04, Success rate (<0.1):1.000000, Success rate (<0.01):1.000000, Success rate (<0.001):1.000000
X=[0.6,0.8], PQ=[-0.4,-0.2]: count:10, ill:0, Ang_MAX:2.831221e-06, Vol_MAX:4.768372e-06, Ang_mean±std:2.506375e-06±1.760356e-07, Vol_mean±std:4.667044e-06±5.364418e-08, P_MAX:3.849e-04, Q_MAX:7.365e-04, P_mean±std:3.639e-04±1.060e-05, Q_mean±std:7.072e-04±1.565e-05, P_RMSE:6.376e-05, Q_RMSE:1.435e-04, Success rate (<0.1):1.000000, Success rate (<0.01):1.000000, Success rate (<0.001):1.000000
X=[0.6,0.8], PQ=[-0.2,0.0]: count:10, ill:0, Ang_MAX:2.950430e-06, Vol_MAX:4.649162e-06, Ang_mean±std:2.345443e-06±3.097292e-07, Vol_mean±std:4.631281e-06±2.731428e-08, P_MAX:3.970e-04, Q_MAX:7.164e-04, P_mean±std:3.667e-04±1.508e-05, Q_mean±std:7.072e-04±1.391e-05, P_RMSE:6.416e-05, Q_RMSE:1.428e-04, Success rate (<0.1):1.000000, Success rate (<0.01):1.000000, Success rate (<0.001):1.000000
X=[0.6,0.8], PQ=[0.0,0.2]: count:10, ill:0, Ang_MAX:3.457069e-06, Vol_MAX:4.768372e-06, Ang_mean±std:2.676249e-06±3.702691e-07, Vol_mean±std:4.655123e-06±9.019819e-08, P_MAX:3.873e-04, Q_MAX:7.310e-04, P_mean±std:3.592e-04±2.040e-05, Q_mean±std:7.058e-04±1.265e-05, P_RMSE:6.382e-05, Q_RMSE:1.429e-04, Success rate (<0.1):1.000000, Success rate (<0.01):1.000000, Success rate (<0.001):1.000000
X=[0.6,0.8], PQ=[0.2,0.4]: count:10, ill:0, Ang_MAX:3.486872e-06, Vol_MAX:4.768372e-06, Ang_mean±std:2.549589e-06±4.045027e-07, Vol_mean±std:4.667044e-06±4.655272e-08, P_MAX:4.030e-04, Q_MAX:7.462e-04, P_mean±std:3.590e-04±1.973e-05, Q_mean±std:7.196e-04±1.991e-05, P_RMSE:6.343e-05, Q_RMSE:1.438e-04, Success rate (<0.1):1.000000, Success rate (<0.01):1.000000, Success rate (<0.001):1.000000
X=[0.6,0.8], PQ=[0.4,0.6]: count:10, ill:0, Ang_MAX:3.218651e-06, Vol_MAX:4.827976e-06, Ang_mean±std:2.479553e-06±3.530789e-07, Vol_mean±std:4.720688e-06±7.444618e-08, P_MAX:3.888e-04, Q_MAX:7.303e-04, P_mean±std:3.732e-04±1.152e-05, Q_mean±std:7.091e-04±9.654e-06, P_RMSE:6.402e-05, Q_RMSE:1.433e-04, Success rate (<0.1):1.000000, Success rate (<0.01):1.000000, Success rate (<0.001):1.000000
X=[0.6,0.8], PQ=[0.6,0.8]: count:10, ill:0, Ang_MAX:3.859401e-06, Vol_MAX:4.827976e-06, Ang_mean±std:2.743304e-06±5.105882e-07, Vol_mean±std:4.690886e-06±6.556511e-08, P_MAX:3.868e-04, Q_MAX:7.248e-04, P_mean±std:3.696e-04±1.138e-05, Q_mean±std:7.142e-04±1.013e-05, P_RMSE:6.388e-05, Q_RMSE:1.436e-04, Success rate (<0.1):1.000000, Success rate (<0.01):1.000000, Success rate (<0.001):1.000000
X=[0.6,0.8], PQ=[0.8,1.0]: count:10, ill:0, Ang_MAX:3.129244e-06, Vol_MAX:4.768372e-06, Ang_mean±std:2.616644e-06±2.785521e-07, Vol_mean±std:4.661083e-06±5.196212e-08, P_MAX:3.974e-04, Q_MAX:7.471e-04, P_mean±std:3.609e-04±1.829e-05, Q_mean±std:7.142e-04±1.660e-05, P_RMSE:6.371e-05, Q_RMSE:1.435e-04, Success rate (<0.1):1.000000, Success rate (<0.01):1.000000, Success rate (<0.001):1.000000
X=[0.6,0.8], PQ=[1.0,1.2]: count:10, ill:0, Ang_MAX:4.470348e-06, Vol_MAX:4.708767e-06, Ang_mean±std:2.691150e-06±7.008363e-07, Vol_mean±std:4.655123e-06±4.951134e-08, P_MAX:3.689e-04, Q_MAX:7.384e-04, P_mean±std:3.520e-04±9.851e-06, Q_mean±std:7.091e-04±1.497e-05, P_RMSE:6.291e-05, Q_RMSE:1.432e-04, Success rate (<0.1):1.000000, Success rate (<0.01):1.000000, Success rate (<0.001):1.000000
X=[0.6,0.8], PQ=[1.2,1.4]: count:10, ill:0, Ang_MAX:3.427267e-06, Vol_MAX:4.768372e-06, Ang_mean±std:2.700090e-06±4.804001e-07, Vol_mean±std:4.667044e-06±5.364418e-08, P_MAX:3.978e-04, Q_MAX:7.524e-04, P_mean±std:3.720e-04±1.684e-05, Q_mean±std:7.085e-04±1.890e-05, P_RMSE:6.407e-05, Q_RMSE:1.428e-04, Success rate (<0.1):1.000000, Success rate (<0.01):1.000000, Success rate (<0.001):1.000000
X=[0.6,0.8], PQ=[1.4,1.6]: count:10, ill:0, Ang_MAX:3.069639e-06, Vol_MAX:4.768372e-06, Ang_mean±std:2.416968e-06±2.710046e-07, Vol_mean±std:4.661083e-06±6.419617e-08, P_MAX:4.007e-04, Q_MAX:7.252e-04, P_mean±std:3.637e-04±1.701e-05, Q_mean±std:7.068e-04±1.026e-05, P_RMSE:6.380e-05, Q_RMSE:1.428e-04, Success rate (<0.1):1.000000, Success rate (<0.01):1.000000, Success rate (<0.001):1.000000
X=[0.6,0.8], PQ=[1.6,1.8]: count:10, ill:0, Ang_MAX:3.129244e-06, Vol_MAX:4.708767e-06, Ang_mean±std:2.552569e-06±2.754136e-07, Vol_mean±std:4.673004e-06±3.953725e-08, P_MAX:4.013e-04, Q_MAX:7.247e-04, P_mean±std:3.610e-04±2.241e-05, Q_mean±std:7.104e-04±8.353e-06, P_RMSE:6.353e-05, Q_RMSE:1.432e-04, Success rate (<0.1):1.000000, Success rate (<0.01):1.000000, Success rate (<0.001):1.000000
X=[0.6,0.8], PQ=[1.8,2.0]: count:10, ill:0, Ang_MAX:3.039837e-06, Vol_MAX:4.708767e-06, Ang_mean±std:2.521276e-06±3.511619e-07, Vol_mean±std:4.631281e-06±3.816559e-08, P_MAX:3.892e-04, Q_MAX:7.196e-04, P_mean±std:3.614e-04±2.201e-05, Q_mean±std:7.015e-04±1.405e-05, P_RMSE:6.343e-05, Q_RMSE:1.426e-04, Success rate (<0.1):1.000000, Success rate (<0.01):1.000000, Success rate (<0.001):1.000000
X=[0.8,1.0], PQ=[-2.0,-1.8]: count:10, ill:0, Ang_MAX:4.157424e-06, Vol_MAX:4.708767e-06, Ang_mean±std:2.746284e-06±6.278342e-07, Vol_mean±std:4.667044e-06±5.364418e-08, P_MAX:3.497e-04, Q_MAX:7.367e-04, P_mean±std:3.257e-04±2.118e-05, Q_mean±std:7.117e-04±2.029e-05, P_RMSE:6.177e-05, Q_RMSE:1.433e-04, Success rate (<0.1):1.000000, Success rate (<0.01):1.000000, Success rate (<0.001):1.000000
X=[0.8,1.0], PQ=[-1.8,-1.6]: count:10, ill:0, Ang_MAX:3.784895e-06, Vol_MAX:4.827976e-06, Ang_mean±std:2.636015e-06±5.033175e-07, Vol_mean±std:4.690886e-06±7.077659e-08, P_MAX:3.528e-04, Q_MAX:7.574e-04, P_mean±std:3.330e-04±1.717e-05, Q_mean±std:7.102e-04±2.184e-05, P_RMSE:6.216e-05, Q_RMSE:1.426e-04, Success rate (<0.1):1.000000, Success rate (<0.01):1.000000, Success rate (<0.001):1.000000
X=[0.8,1.0], PQ=[-1.6,-1.4]: count:10, ill:0, Ang_MAX:3.486872e-06, Vol_MAX:4.947186e-06, Ang_mean±std:2.789497e-06±4.261211e-07, Vol_mean±std:4.720688e-06±8.344650e-08, P_MAX:3.786e-04, Q_MAX:7.488e-04, P_mean±std:3.368e-04±2.563e-05, Q_mean±std:7.110e-04±1.915e-05, P_RMSE:6.185e-05, Q_RMSE:1.434e-04, Success rate (<0.1):1.000000, Success rate (<0.01):1.000000, Success rate (<0.001):1.000000
X=[0.8,1.0], PQ=[-1.4,-1.2]: count:10, ill:0, Ang_MAX:4.187226e-06, Vol_MAX:4.827976e-06, Ang_mean±std:2.658367e-06±5.651529e-07, Vol_mean±std:4.684925e-06±7.152557e-08, P_MAX:3.519e-04, Q_MAX:7.263e-04, P_mean±std:3.248e-04±1.623e-05, Q_mean±std:7.042e-04±1.515e-05, P_RMSE:6.125e-05, Q_RMSE:1.427e-04, Success rate (<0.1):1.000000, Success rate (<0.01):1.000000, Success rate (<0.001):1.000000
X=[0.8,1.0], PQ=[-1.2,-1.0]: count:10, ill:0, Ang_MAX:3.218651e-06, Vol_MAX:4.768372e-06, Ang_mean±std:2.419949e-06±3.668955e-07, Vol_mean±std:4.667044e-06±6.556511e-08, P_MAX:3.619e-04, Q_MAX:7.330e-04, P_mean±std:3.434e-04±1.217e-05, Q_mean±std:7.012e-04±1.860e-05, P_RMSE:6.255e-05, Q_RMSE:1.431e-04, Success rate (<0.1):1.000000, Success rate (<0.01):1.000000, Success rate (<0.001):1.000000
X=[0.8,1.0], PQ=[-1.0,-0.8]: count:10, ill:0, Ang_MAX:3.278255e-06, Vol_MAX:4.768372e-06, Ang_mean±std:2.497435e-06±3.558352e-07, Vol_mean±std:4.690886e-06±4.655272e-08, P_MAX:3.506e-04, Q_MAX:7.420e-04, P_mean±std:3.384e-04±7.650e-06, Q_mean±std:7.095e-04±1.601e-05, P_RMSE:6.241e-05, Q_RMSE:1.428e-04, Success rate (<0.1):1.000000, Success rate (<0.01):1.000000, Success rate (<0.001):1.000000
X=[0.8,1.0], PQ=[-0.8,-0.6]: count:10, ill:0, Ang_MAX:2.801418e-06, Vol_MAX:4.827976e-06, Ang_mean±std:2.387166e-06±2.626834e-07, Vol_mean±std:4.726648e-06±5.990193e-08, P_MAX:3.432e-04, Q_MAX:7.554e-04, P_mean±std:3.232e-04±1.630e-05, Q_mean±std:7.110e-04±2.922e-05, P_RMSE:6.146e-05, Q_RMSE:1.431e-04, Success rate (<0.1):1.000000, Success rate (<0.01):1.000000, Success rate (<0.001):1.000000
X=[0.8,1.0], PQ=[-0.6,-0.4]: count:10, ill:0, Ang_MAX:3.576279e-06, Vol_MAX:4.768372e-06, Ang_mean±std:2.624094e-06±4.121161e-07, Vol_mean±std:4.678965e-06±3.998401e-08, P_MAX:3.630e-04, Q_MAX:7.232e-04, P_mean±std:3.430e-04±1.103e-05, Q_mean±std:7.080e-04±1.254e-05, P_RMSE:6.256e-05, Q_RMSE:1.435e-04, Success rate (<0.1):1.000000, Success rate (<0.01):1.000000, Success rate (<0.001):1.000000
X=[0.8,1.0], PQ=[-0.4,-0.2]: count:10, ill:0, Ang_MAX:3.397465e-06, Vol_MAX:4.887581e-06, Ang_mean±std:2.674758e-06±3.718280e-07, Vol_mean±std:4.720688e-06±9.156639e-08, P_MAX:3.769e-04, Q_MAX:7.342e-04, P_mean±std:3.391e-04±1.616e-05, Q_mean±std:7.048e-04±1.816e-05, P_RMSE:6.227e-05, Q_RMSE:1.430e-04, Success rate (<0.1):1.000000, Success rate (<0.01):1.000000, Success rate (<0.001):1.000000
X=[0.8,1.0], PQ=[-0.2,0.0]: count:10, ill:0, Ang_MAX:3.248453e-06, Vol_MAX:4.768372e-06, Ang_mean±std:2.691150e-06±4.985190e-07, Vol_mean±std:4.708767e-06±5.331201e-08, P_MAX:3.630e-04, Q_MAX:7.479e-04, P_mean±std:3.355e-04±1.650e-05, Q_mean±std:7.192e-04±1.858e-05, P_RMSE:6.227e-05, Q_RMSE:1.427e-04, Success rate (<0.1):1.000000, Success rate (<0.01):1.000000, Success rate (<0.001):1.000000
X=[0.8,1.0], PQ=[0.0,0.2]: count:10, ill:0, Ang_MAX:3.129244e-06, Vol_MAX:4.887581e-06, Ang_mean±std:2.501905e-06±3.951731e-07, Vol_mean±std:4.732609e-06±8.513246e-08, P_MAX:3.732e-04, Q_MAX:7.404e-04, P_mean±std:3.299e-04±2.224e-05, Q_mean±std:7.150e-04±1.156e-05, P_RMSE:6.124e-05, Q_RMSE:1.433e-04, Success rate (<0.1):1.000000, Success rate (<0.01):1.000000, Success rate (<0.001):1.000000
X=[0.8,1.0], PQ=[0.2,0.4]: count:10, ill:0, Ang_MAX:3.218651e-06, Vol_MAX:4.827976e-06, Ang_mean±std:2.561510e-06±3.633226e-07, Vol_mean±std:4.708767e-06±7.539457e-08, P_MAX:3.748e-04, Q_MAX:7.332e-04, P_mean±std:3.398e-04±1.735e-05, Q_mean±std:7.100e-04±1.296e-05, P_RMSE:6.247e-05, Q_RMSE:1.433e-04, Success rate (<0.1):1.000000, Success rate (<0.01):1.000000, Success rate (<0.001):1.000000
X=[0.8,1.0], PQ=[0.4,0.6]: count:10, ill:0, Ang_MAX:3.293157e-06, Vol_MAX:4.708767e-06, Ang_mean±std:2.627075e-06±4.132783e-07, Vol_mean±std:4.661083e-06±6.951036e-08, P_MAX:3.791e-04, Q_MAX:7.396e-04, P_mean±std:3.464e-04±1.841e-05, Q_mean±std:7.119e-04±1.448e-05, P_RMSE:6.296e-05, Q_RMSE:1.426e-04, Success rate (<0.1):1.000000, Success rate (<0.01):1.000000, Success rate (<0.001):1.000000
X=[0.8,1.0], PQ=[0.6,0.8]: count:10, ill:0, Ang_MAX:3.457069e-06, Vol_MAX:4.827976e-06, Ang_mean±std:2.551079e-06±4.613492e-07, Vol_mean±std:4.684925e-06±6.637292e-08, P_MAX:3.661e-04, Q_MAX:7.237e-04, P_mean±std:3.416e-04±1.657e-05, Q_mean±std:7.046e-04±1.609e-05, P_RMSE:6.215e-05, Q_RMSE:1.430e-04, Success rate (<0.1):1.000000, Success rate (<0.01):1.000000, Success rate (<0.001):1.000000
X=[0.8,1.0], PQ=[0.8,1.0]: count:10, ill:0, Ang_MAX:4.231930e-06, Vol_MAX:5.125999e-06, Ang_mean±std:2.627075e-06±6.304459e-07, Vol_mean±std:4.732609e-06±1.364413e-07, P_MAX:3.697e-04, Q_MAX:7.565e-04, P_mean±std:3.447e-04±1.097e-05, Q_mean±std:7.016e-04±2.177e-05, P_RMSE:6.232e-05, Q_RMSE:1.421e-04, Success rate (<0.1):1.000000, Success rate (<0.01):1.000000, Success rate (<0.001):1.000000
X=[0.8,1.0], PQ=[1.0,1.2]: count:10, ill:0, Ang_MAX:3.784895e-06, Vol_MAX:4.827976e-06, Ang_mean±std:2.713501e-06±4.545440e-07, Vol_mean±std:4.684925e-06±7.633119e-08, P_MAX:3.760e-04, Q_MAX:7.210e-04, P_mean±std:3.341e-04±2.307e-05, Q_mean±std:7.069e-04±8.477e-06, P_RMSE:6.243e-05, Q_RMSE:1.425e-04, Success rate (<0.1):1.000000, Success rate (<0.01):1.000000, Success rate (<0.001):1.000000
X=[0.8,1.0], PQ=[1.2,1.4]: count:10, ill:0, Ang_MAX:3.457069e-06, Vol_MAX:4.768372e-06, Ang_mean±std:2.464652e-06±4.159640e-07, Vol_mean±std:4.667044e-06±7.562982e-08, P_MAX:3.749e-04, Q_MAX:7.410e-04, P_mean±std:3.484e-04±1.893e-05, Q_mean±std:7.218e-04±1.205e-05, P_RMSE:6.279e-05, Q_RMSE:1.441e-04, Success rate (<0.1):1.000000, Success rate (<0.01):1.000000, Success rate (<0.001):1.000000
X=[0.8,1.0], PQ=[1.4,1.6]: count:10, ill:0, Ang_MAX:3.457069e-06, Vol_MAX:4.768372e-06, Ang_mean±std:2.802908e-06±4.402505e-07, Vol_mean±std:4.714727e-06±4.951134e-08, P_MAX:3.709e-04, Q_MAX:7.272e-04, P_mean±std:3.386e-04±2.270e-05, Q_mean±std:7.086e-04±9.828e-06, P_RMSE:6.221e-05, Q_RMSE:1.425e-04, Success rate (<0.1):1.000000, Success rate (<0.01):1.000000, Success rate (<0.001):1.000000
X=[0.8,1.0], PQ=[1.6,1.8]: count:10, ill:0, Ang_MAX:3.039837e-06, Vol_MAX:4.827976e-06, Ang_mean±std:2.396107e-06±2.815334e-07, Vol_mean±std:4.673004e-06±8.513246e-08, P_MAX:3.745e-04, Q_MAX:7.330e-04, P_mean±std:3.287e-04±2.220e-05, Q_mean±std:7.072e-04±1.693e-05, P_RMSE:6.204e-05, Q_RMSE:1.431e-04, Success rate (<0.1):1.000000, Success rate (<0.01):1.000000, Success rate (<0.001):1.000000
X=[0.8,1.0], PQ=[1.8,2.0]: count:10, ill:0, Ang_MAX:3.576279e-06, Vol_MAX:4.768372e-06, Ang_mean±std:2.813339e-06±4.520139e-07, Vol_mean±std:4.684925e-06±7.633119e-08, P_MAX:3.519e-04, Q_MAX:7.523e-04, P_mean±std:3.310e-04±1.327e-05, Q_mean±std:7.126e-04±2.008e-05, P_RMSE:6.172e-05, Q_RMSE:1.430e-04, Success rate (<0.1):1.000000, Success rate (<0.01):1.000000, Success rate (<0.001):1.000000
X=[1.0,1.2], PQ=[-2.0,-1.8]: count:10, ill:0, Ang_MAX:3.546476e-06, Vol_MAX:4.947186e-06, Ang_mean±std:2.527237e-06±4.577932e-07, Vol_mean±std:4.720688e-06±1.124618e-07, P_MAX:3.454e-04, Q_MAX:7.528e-04, P_mean±std:3.126e-04±2.016e-05, Q_mean±std:7.243e-04±1.286e-05, P_RMSE:5.992e-05, Q_RMSE:1.446e-04, Success rate (<0.1):1.000000, Success rate (<0.01):1.000000, Success rate (<0.001):1.000000
X=[1.0,1.2], PQ=[-1.8,-1.6]: count:10, ill:0, Ang_MAX:3.755093e-06, Vol_MAX:4.887581e-06, Ang_mean±std:2.533197e-06±4.869740e-07, Vol_mean±std:4.732609e-06±9.310543e-08, P_MAX:3.432e-04, Q_MAX:7.441e-04, P_mean±std:3.040e-04±2.348e-05, Q_mean±std:7.187e-04±1.768e-05, P_RMSE:5.998e-05, Q_RMSE:1.439e-04, Success rate (<0.1):1.000000, Success rate (<0.01):1.000000, Success rate (<0.001):1.000000
X=[1.0,1.2], PQ=[-1.6,-1.4]: count:10, ill:0, Ang_MAX:3.099442e-06, Vol_MAX:4.887581e-06, Ang_mean±std:2.585351e-06±3.569598e-07, Vol_mean±std:4.726648e-06±9.253129e-08, P_MAX:3.421e-04, Q_MAX:7.376e-04, P_mean±std:3.036e-04±2.653e-05, Q_mean±std:7.027e-04±2.374e-05, P_RMSE:5.936e-05, Q_RMSE:1.427e-04, Success rate (<0.1):1.000000, Success rate (<0.01):1.000000, Success rate (<0.001):1.000000
X=[1.0,1.2], PQ=[-1.4,-1.2]: count:10, ill:0, Ang_MAX:3.367662e-06, Vol_MAX:5.006790e-06, Ang_mean±std:2.336502e-06±3.858682e-07, Vol_mean±std:4.732609e-06±1.364413e-07, P_MAX:3.305e-04, Q_MAX:7.768e-04, P_mean±std:3.068e-04±2.366e-05, Q_mean±std:7.242e-04±2.140e-05, P_RMSE:5.919e-05, Q_RMSE:1.436e-04, Success rate (<0.1):1.000000, Success rate (<0.01):1.000000, Success rate (<0.001):1.000000
X=[1.0,1.2], PQ=[-1.2,-1.0]: count:10, ill:0, Ang_MAX:5.096197e-06, Vol_MAX:4.947186e-06, Ang_mean±std:2.947450e-06±9.631915e-07, Vol_mean±std:4.756451e-06±9.536743e-08, P_MAX:3.406e-04, Q_MAX:7.774e-04, P_mean±std:3.136e-04±2.119e-05, Q_mean±std:7.309e-04±1.946e-05, P_RMSE:6.063e-05, Q_RMSE:1.447e-04, Success rate (<0.1):1.000000, Success rate (<0.01):1.000000, Success rate (<0.001):1.000000
X=[1.0,1.2], PQ=[-1.0,-0.8]: count:10, ill:0, Ang_MAX:3.457069e-06, Vol_MAX:4.827976e-06, Ang_mean±std:2.720952e-06±3.956083e-07, Vol_mean±std:4.720688e-06±9.156639e-08, P_MAX:3.237e-04, Q_MAX:7.572e-04, P_mean±std:2.926e-04±2.310e-05, Q_mean±std:7.249e-04±1.976e-05, P_RMSE:5.846e-05, Q_RMSE:1.448e-04, Success rate (<0.1):1.000000, Success rate (<0.01):1.000000, Success rate (<0.001):1.000000
X=[1.0,1.2], PQ=[-0.8,-0.6]: count:10, ill:0, Ang_MAX:3.457069e-06, Vol_MAX:4.827976e-06, Ang_mean±std:2.504885e-06±4.299418e-07, Vol_mean±std:4.726648e-06±8.860867e-08, P_MAX:3.282e-04, Q_MAX:7.448e-04, P_mean±std:2.951e-04±2.135e-05, Q_mean±std:7.207e-04±1.158e-05, P_RMSE:5.887e-05, Q_RMSE:1.434e-04, Success rate (<0.1):1.000000, Success rate (<0.01):1.000000, Success rate (<0.001):1.000000
X=[1.0,1.2], PQ=[-0.6,-0.4]: count:10, ill:0, Ang_MAX:3.099442e-06, Vol_MAX:4.827976e-06, Ang_mean±std:2.476573e-06±2.909201e-07, Vol_mean±std:4.708767e-06±5.960464e-08, P_MAX:3.240e-04, Q_MAX:7.397e-04, P_mean±std:2.950e-04±1.918e-05, Q_mean±std:7.202e-04±1.139e-05, P_RMSE:5.920e-05, Q_RMSE:1.438e-04, Success rate (<0.1):1.000000, Success rate (<0.01):1.000000, Success rate (<0.001):1.000000
X=[1.0,1.2], PQ=[-0.4,-0.2]: count:10, ill:0, Ang_MAX:3.248453e-06, Vol_MAX:5.066395e-06, Ang_mean±std:2.433360e-06±3.303927e-07, Vol_mean±std:4.774332e-06±1.144968e-07, P_MAX:3.393e-04, Q_MAX:7.375e-04, P_mean±std:3.105e-04±2.441e-05, Q_mean±std:7.146e-04±1.451e-05, P_RMSE:6.051e-05, Q_RMSE:1.424e-04, Success rate (<0.1):1.000000, Success rate (<0.01):1.000000, Success rate (<0.001):1.000000
X=[1.0,1.2], PQ=[-0.2,0.0]: count:10, ill:0, Ang_MAX:2.920628e-06, Vol_MAX:4.768372e-06, Ang_mean±std:2.449751e-06±2.928524e-07, Vol_mean±std:4.720688e-06±3.576279e-08, P_MAX:3.422e-04, Q_MAX:7.562e-04, P_mean±std:3.040e-04±2.196e-05, Q_mean±std:7.217e-04±1.910e-05, P_RMSE:5.951e-05, Q_RMSE:1.433e-04, Success rate (<0.1):1.000000, Success rate (<0.01):1.000000, Success rate (<0.001):1.000000
X=[1.0,1.2], PQ=[0.0,0.2]: count:10, ill:0, Ang_MAX:3.099442e-06, Vol_MAX:4.827976e-06, Ang_mean±std:2.613664e-06±3.956083e-07, Vol_mean±std:4.774332e-06±4.172325e-08, P_MAX:3.302e-04, Q_MAX:7.585e-04, P_mean±std:3.026e-04±1.342e-05, Q_mean±std:7.147e-04±1.900e-05, P_RMSE:5.998e-05, Q_RMSE:1.425e-04, Success rate (<0.1):1.000000, Success rate (<0.01):1.000000, Success rate (<0.001):1.000000
X=[1.0,1.2], PQ=[0.2,0.4]: count:10, ill:0, Ang_MAX:3.755093e-06, Vol_MAX:4.768372e-06, Ang_mean±std:2.598763e-06±5.243515e-07, Vol_mean±std:4.732609e-06±3.953725e-08, P_MAX:3.249e-04, Q_MAX:7.378e-04, P_mean±std:3.011e-04±1.494e-05, Q_mean±std:7.181e-04±1.437e-05, P_RMSE:5.938e-05, Q_RMSE:1.438e-04, Success rate (<0.1):1.000000, Success rate (<0.01):1.000000, Success rate (<0.001):1.000000
X=[1.0,1.2], PQ=[0.4,0.6]: count:10, ill:0, Ang_MAX:2.950430e-06, Vol_MAX:4.887581e-06, Ang_mean±std:2.402067e-06±2.301542e-07, Vol_mean±std:4.726648e-06±7.562982e-08, P_MAX:3.273e-04, Q_MAX:7.567e-04, P_mean±std:2.896e-04±2.821e-05, Q_mean±std:7.221e-04±2.106e-05, P_RMSE:5.857e-05, Q_RMSE:1.439e-04, Success rate (<0.1):1.000000, Success rate (<0.01):1.000000, Success rate (<0.001):1.000000
X=[1.0,1.2], PQ=[0.6,0.8]: count:10, ill:0, Ang_MAX:4.321337e-06, Vol_MAX:4.827976e-06, Ang_mean±std:2.756715e-06±5.790017e-07, Vol_mean±std:4.768372e-06±5.960464e-08, P_MAX:3.288e-04, Q_MAX:7.354e-04, P_mean±std:3.093e-04±1.876e-05, Q_mean±std:7.164e-04±1.570e-05, P_RMSE:6.027e-05, Q_RMSE:1.425e-04, Success rate (<0.1):1.000000, Success rate (<0.01):1.000000, Success rate (<0.001):1.000000
X=[1.0,1.2], PQ=[0.8,1.0]: count:10, ill:0, Ang_MAX:3.606081e-06, Vol_MAX:5.483627e-06, Ang_mean±std:2.753735e-06±4.603856e-07, Vol_mean±std:4.833937e-06±2.330686e-07, P_MAX:3.244e-04, Q_MAX:7.766e-04, P_mean±std:2.966e-04±2.348e-05, Q_mean±std:7.286e-04±2.963e-05, P_RMSE:5.916e-05, Q_RMSE:1.436e-04, Success rate (<0.1):1.000000, Success rate (<0.01):1.000000, Success rate (<0.001):1.000000
X=[1.0,1.2], PQ=[1.0,1.2]: count:10, ill:0, Ang_MAX:4.053116e-06, Vol_MAX:4.827976e-06, Ang_mean±std:2.664328e-06±6.005297e-07, Vol_mean±std:4.720688e-06±5.840039e-08, P_MAX:3.534e-04, Q_MAX:7.310e-04, P_mean±std:3.178e-04±1.679e-05, Q_mean±std:7.187e-04±9.620e-06, P_RMSE:6.054e-05, Q_RMSE:1.439e-04, Success rate (<0.1):1.000000, Success rate (<0.01):1.000000, Success rate (<0.001):1.000000
X=[1.0,1.2], PQ=[1.2,1.4]: count:10, ill:0, Ang_MAX:4.470348e-06, Vol_MAX:5.006790e-06, Ang_mean±std:2.750754e-06±6.485755e-07, Vol_mean±std:4.762411e-06±1.113507e-07, P_MAX:3.427e-04, Q_MAX:7.664e-04, P_mean±std:3.022e-04±2.654e-05, Q_mean±std:7.292e-04±2.528e-05, P_RMSE:5.927e-05, Q_RMSE:1.440e-04, Success rate (<0.1):1.000000, Success rate (<0.01):1.000000, Success rate (<0.001):1.000000
X=[1.0,1.2], PQ=[1.4,1.6]: count:10, ill:0, Ang_MAX:3.993511e-06, Vol_MAX:4.827976e-06, Ang_mean±std:2.467632e-06±5.966124e-07, Vol_mean±std:4.720688e-06±7.907450e-08, P_MAX:3.330e-04, Q_MAX:7.402e-04, P_mean±std:3.030e-04±2.083e-05, Q_mean±std:7.235e-04±1.196e-05, P_RMSE:5.966e-05, Q_RMSE:1.436e-04, Success rate (<0.1):1.000000, Success rate (<0.01):1.000000, Success rate (<0.001):1.000000
X=[1.0,1.2], PQ=[1.6,1.8]: count:10, ill:0, Ang_MAX:3.069639e-06, Vol_MAX:5.185604e-06, Ang_mean±std:2.413988e-06±2.883288e-07, Vol_mean±std:4.816055e-06±1.594912e-07, P_MAX:3.246e-04, Q_MAX:7.520e-04, P_mean±std:3.012e-04±1.552e-05, Q_mean±std:7.157e-04±1.868e-05, P_RMSE:5.942e-05, Q_RMSE:1.446e-04, Success rate (<0.1):1.000000, Success rate (<0.01):1.000000, Success rate (<0.001):1.000000
X=[1.0,1.2], PQ=[1.8,2.0]: count:10, ill:0, Ang_MAX:3.397465e-06, Vol_MAX:4.827976e-06, Ang_mean±std:2.697110e-06±4.259230e-07, Vol_mean±std:4.732609e-06±6.078505e-08, P_MAX:3.341e-04, Q_MAX:7.496e-04, P_mean±std:3.046e-04±2.454e-05, Q_mean±std:7.170e-04±1.926e-05, P_RMSE:5.962e-05, Q_RMSE:1.437e-04, Success rate (<0.1):1.000000, Success rate (<0.01):1.000000, Success rate (<0.001):1.000000
X=[1.2,1.4], PQ=[-2.0,-1.8]: count:10, ill:0, Ang_MAX:6.899238e-06, Vol_MAX:5.185604e-06, Ang_mean±std:3.063679e-06±1.331804e-06, Vol_mean±std:4.839897e-06±1.617033e-07, P_MAX:2.962e-04, Q_MAX:7.843e-04, P_mean±std:2.524e-04±2.980e-05, Q_mean±std:7.462e-04±2.459e-05, P_RMSE:5.556e-05, Q_RMSE:1.460e-04, Success rate (<0.1):1.000000, Success rate (<0.01):1.000000, Success rate (<0.001):1.000000
X=[1.2,1.4], PQ=[-1.8,-1.6]: count:10, ill:0, Ang_MAX:1.569241e-04, Vol_MAX:1.195073e-04, Ang_mean±std:1.776218e-05±4.638791e-05, Vol_mean±std:1.633763e-05±3.439015e-05, P_MAX:2.418e-03, Q_MAX:1.675e-03, P_mean±std:4.692e-04±6.500e-04, Q_mean±std:8.360e-04±2.813e-04, P_RMSE:1.080e-04, Q_RMSE:1.738e-04, Success rate (<0.1):1.000000, Success rate (<0.01):1.000000, Success rate (<0.001):0.900000
X=[1.2,1.4], PQ=[-1.6,-1.4]: count:10, ill:0, Ang_MAX:5.304813e-06, Vol_MAX:5.364418e-06, Ang_mean±std:3.094971e-06±9.880279e-07, Vol_mean±std:4.935265e-06±1.823551e-07, P_MAX:3.053e-04, Q_MAX:7.753e-04, P_mean±std:2.717e-04±2.024e-05, Q_mean±std:7.284e-04±2.067e-05, P_RMSE:5.689e-05, Q_RMSE:1.441e-04, Success rate (<0.1):1.000000, Success rate (<0.01):1.000000, Success rate (<0.001):1.000000
X=[1.2,1.4], PQ=[-1.4,-1.2]: count:10, ill:0, Ang_MAX:3.457069e-06, Vol_MAX:5.364418e-06, Ang_mean±std:2.536178e-06±3.687428e-07, Vol_mean±std:4.875660e-06±1.881091e-07, P_MAX:3.015e-04, Q_MAX:8.333e-04, P_mean±std:2.645e-04±1.895e-05, Q_mean±std:7.439e-04±3.243e-05, P_RMSE:5.590e-05, Q_RMSE:1.452e-04, Success rate (<0.1):1.000000, Success rate (<0.01):1.000000, Success rate (<0.001):1.000000
X=[1.2,1.4], PQ=[-1.2,-1.0]: count:10, ill:0, Ang_MAX:3.159046e-06, Vol_MAX:5.006790e-06, Ang_mean±std:2.649426e-06±2.982318e-07, Vol_mean±std:4.827976e-06±9.973765e-08, P_MAX:3.500e-04, Q_MAX:7.781e-04, P_mean±std:2.726e-04±3.270e-05, Q_mean±std:7.392e-04±2.301e-05, P_RMSE:5.692e-05, Q_RMSE:1.451e-04, Success rate (<0.1):1.000000, Success rate (<0.01):1.000000, Success rate (<0.001):1.000000
X=[1.2,1.4], PQ=[-1.0,-0.8]: count:10, ill:0, Ang_MAX:3.889203e-06, Vol_MAX:5.722046e-06, Ang_mean±std:2.646446e-06±5.366984e-07, Vol_mean±std:4.899502e-06±2.868464e-07, P_MAX:3.132e-04, Q_MAX:8.405e-04, P_mean±std:2.858e-04±1.956e-05, Q_mean±std:7.434e-04±4.099e-05, P_RMSE:5.757e-05, Q_RMSE:1.454e-04, Success rate (<0.1):1.000000, Success rate (<0.01):1.000000, Success rate (<0.001):1.000000
X=[1.2,1.4], PQ=[-0.8,-0.6]: count:10, ill:0, Ang_MAX:3.230870e-04, Vol_MAX:2.310872e-04, Ang_mean±std:3.465712e-05±9.614389e-05, Vol_mean±std:2.750158e-05±6.786199e-05, P_MAX:1.169e-02, Q_MAX:6.086e-03, P_mean±std:1.403e-03±3.428e-03, Q_mean±std:1.273e-03±1.604e-03, P_RMSE:4.651e-04, Q_RMSE:2.816e-04, Success rate (<0.1):1.000000, Success rate (<0.01):0.900000, Success rate (<0.001):0.900000
X=[1.2,1.4], PQ=[-0.6,-0.4]: count:10, ill:0, Ang_MAX:3.159046e-06, Vol_MAX:5.006790e-06, Ang_mean±std:2.372265e-06±3.897615e-07, Vol_mean±std:4.810095e-06±1.222985e-07, P_MAX:3.221e-04, Q_MAX:8.157e-04, P_mean±std:2.610e-04±3.475e-05, Q_mean±std:7.309e-04±3.084e-05, P_RMSE:5.621e-05, Q_RMSE:1.456e-04, Success rate (<0.1):1.000000, Success rate (<0.01):1.000000, Success rate (<0.001):1.000000
X=[1.2,1.4], PQ=[-0.4,-0.2]: count:10, ill:0, Ang_MAX:2.443790e-06, Vol_MAX:5.364418e-06, Ang_mean±std:2.220273e-06±1.461530e-07, Vol_mean±std:4.923344e-06±1.962433e-07, P_MAX:3.050e-04, Q_MAX:7.975e-04, P_mean±std:2.662e-04±1.870e-05, Q_mean±std:7.432e-04±3.304e-05, P_RMSE:5.669e-05, Q_RMSE:1.467e-04, Success rate (<0.1):1.000000, Success rate (<0.01):1.000000, Success rate (<0.001):1.000000
X=[1.2,1.4], PQ=[-0.2,0.0]: count:10, ill:0, Ang_MAX:3.546476e-06, Vol_MAX:6.258488e-06, Ang_mean±std:2.588332e-06±4.368887e-07, Vol_mean±std:5.275011e-06±4.995780e-07, P_MAX:2.671e-04, Q_MAX:9.978e-04, P_mean±std:2.382e-04±1.859e-05, Q_mean±std:7.833e-04±7.577e-05, P_RMSE:5.362e-05, Q_RMSE:1.504e-04, Success rate (<0.1):1.000000, Success rate (<0.01):1.000000, Success rate (<0.001):1.000000
X=[1.2,1.4], PQ=[0.0,0.2]: count:10, ill:0, Ang_MAX:4.172325e-06, Vol_MAX:5.781651e-06, Ang_mean±std:2.548099e-06±5.591808e-07, Vol_mean±std:5.090237e-06±2.810914e-07, P_MAX:3.013e-04, Q_MAX:7.823e-04, P_mean±std:2.626e-04±2.944e-05, Q_mean±std:7.331e-04±2.923e-05, P_RMSE:5.647e-05, Q_RMSE:1.452e-04, Success rate (<0.1):1.000000, Success rate (<0.01):1.000000, Success rate (<0.001):1.000000
X=[1.2,1.4], PQ=[0.2,0.4]: count:10, ill:0, Ang_MAX:3.129244e-06, Vol_MAX:5.304813e-06, Ang_mean±std:2.619624e-06±4.039177e-07, Vol_mean±std:4.923344e-06±1.647505e-07, P_MAX:2.917e-04, Q_MAX:7.881e-04, P_mean±std:2.650e-04±1.737e-05, Q_mean±std:7.416e-04±1.824e-05, P_RMSE:5.594e-05, Q_RMSE:1.452e-04, Success rate (<0.1):1.000000, Success rate (<0.01):1.000000, Success rate (<0.001):1.000000
X=[1.2,1.4], PQ=[0.4,0.6]: count:10, ill:0, Ang_MAX:3.173947e-06, Vol_MAX:5.245209e-06, Ang_mean±std:2.540648e-06±3.329501e-07, Vol_mean±std:4.887581e-06±1.664667e-07, P_MAX:2.981e-04, Q_MAX:7.639e-04, P_mean±std:2.589e-04±2.385e-05, Q_mean±std:7.354e-04±2.096e-05, P_RMSE:5.610e-05, Q_RMSE:1.456e-04, Success rate (<0.1):1.000000, Success rate (<0.01):1.000000, Success rate (<0.001):1.000000
X=[1.2,1.4], PQ=[0.6,0.8]: count:10, ill:0, Ang_MAX:2.920628e-06, Vol_MAX:5.125999e-06, Ang_mean±std:2.476573e-06±3.343842e-07, Vol_mean±std:4.857779e-06±1.138745e-07, P_MAX:3.014e-04, Q_MAX:7.664e-04, P_mean±std:2.635e-04±2.643e-05, Q_mean±std:7.359e-04±1.648e-05, P_RMSE:5.651e-05, Q_RMSE:1.448e-04, Success rate (<0.1):1.000000, Success rate (<0.01):1.000000, Success rate (<0.001):1.000000
X=[1.2,1.4], PQ=[0.8,1.0]: count:10, ill:0, Ang_MAX:4.678965e-06, Vol_MAX:5.364418e-06, Ang_mean±std:2.819300e-06±8.131393e-07, Vol_mean±std:4.971027e-06±2.233385e-07, P_MAX:3.108e-04, Q_MAX:8.085e-04, P_mean±std:2.562e-04±2.550e-05, Q_mean±std:7.453e-04±3.681e-05, P_RMSE:5.555e-05, Q_RMSE:1.464e-04, Success rate (<0.1):1.000000, Success rate (<0.01):1.000000, Success rate (<0.001):1.000000
X=[1.2,1.4], PQ=[1.0,1.2]: count:10, ill:0, Ang_MAX:3.367662e-06, Vol_MAX:5.245209e-06, Ang_mean±std:2.717972e-06±4.407924e-07, Vol_mean±std:4.839897e-06±1.430511e-07, P_MAX:2.932e-04, Q_MAX:7.597e-04, P_mean±std:2.629e-04±2.206e-05, Q_mean±std:7.420e-04±1.041e-05, P_RMSE:5.578e-05, Q_RMSE:1.454e-04, Success rate (<0.1):1.000000, Success rate (<0.01):1.000000, Success rate (<0.001):1.000000
X=[1.2,1.4], PQ=[1.2,1.4]: count:10, ill:0, Ang_MAX:4.082918e-06, Vol_MAX:5.304813e-06, Ang_mean±std:2.750754e-06±6.520241e-07, Vol_mean±std:4.827976e-06±1.827444e-07, P_MAX:3.143e-04, Q_MAX:7.790e-04, P_mean±std:2.774e-04±2.932e-05, Q_mean±std:7.330e-04±3.035e-05, P_RMSE:5.719e-05, Q_RMSE:1.452e-04, Success rate (<0.1):1.000000, Success rate (<0.01):1.000000, Success rate (<0.001):1.000000
X=[1.2,1.4], PQ=[1.4,1.6]: count:10, ill:0, Ang_MAX:4.053116e-06, Vol_MAX:5.185604e-06, Ang_mean±std:2.792478e-06±5.532406e-07, Vol_mean±std:4.869699e-06±1.360501e-07, P_MAX:2.894e-04, Q_MAX:7.852e-04, P_mean±std:2.618e-04±2.018e-05, Q_mean±std:7.357e-04±3.124e-05, P_RMSE:5.605e-05, Q_RMSE:1.459e-04, Success rate (<0.1):1.000000, Success rate (<0.01):1.000000, Success rate (<0.001):1.000000
X=[1.2,1.4], PQ=[1.6,1.8]: count:10, ill:0, Ang_MAX:3.516674e-06, Vol_MAX:5.245209e-06, Ang_mean±std:2.582371e-06±4.259778e-07, Vol_mean±std:4.851818e-06±1.888630e-07, P_MAX:3.073e-04, Q_MAX:7.941e-04, P_mean±std:2.661e-04±3.079e-05, Q_mean±std:7.426e-04±2.714e-05, P_RMSE:5.678e-05, Q_RMSE:1.455e-04, Success rate (<0.1):1.000000, Success rate (<0.01):1.000000, Success rate (<0.001):1.000000
X=[1.2,1.4], PQ=[1.8,2.0]: count:10, ill:0, Ang_MAX:8.270144e-06, Vol_MAX:7.390976e-06, Ang_mean±std:3.130734e-06±1.762833e-06, Vol_mean±std:5.125999e-06±7.674894e-07, P_MAX:3.040e-04, Q_MAX:7.679e-04, P_mean±std:2.633e-04±2.157e-05, Q_mean±std:7.400e-04±1.736e-05, P_RMSE:5.623e-05, Q_RMSE:1.454e-04, Success rate (<0.1):1.000000, Success rate (<0.01):1.000000, Success rate (<0.001):1.000000
X=[1.4,1.6], PQ=[-2.0,-1.8]: count:10, ill:0, Ang_MAX:3.442168e-06, Vol_MAX:5.722046e-06, Ang_mean±std:2.710521e-06±3.829598e-07, Vol_mean±std:5.090237e-06±3.087958e-07, P_MAX:2.587e-04, Q_MAX:8.647e-04, P_mean±std:2.303e-04±2.133e-05, Q_mean±std:7.799e-04±4.385e-05, P_RMSE:5.218e-05, Q_RMSE:1.499e-04, Success rate (<0.1):1.000000, Success rate (<0.01):1.000000, Success rate (<0.001):1.000000
X=[1.4,1.6], PQ=[-1.8,-1.6]: count:10, ill:0, Ang_MAX:5.453825e-06, Vol_MAX:5.960464e-06, Ang_mean±std:3.071129e-06±8.976500e-07, Vol_mean±std:5.239248e-06±2.814072e-07, P_MAX:2.662e-04, Q_MAX:8.374e-04, P_mean±std:2.174e-04±2.075e-05, Q_mean±std:7.919e-04±2.408e-05, P_RMSE:5.185e-05, Q_RMSE:1.525e-04, Success rate (<0.1):1.000000, Success rate (<0.01):1.000000, Success rate (<0.001):1.000000
X=[1.4,1.6], PQ=[-1.6,-1.4]: count:10, ill:0, Ang_MAX:7.003546e-06, Vol_MAX:5.364418e-06, Ang_mean±std:3.068149e-06±1.458312e-06, Vol_mean±std:5.024672e-06±1.707858e-07, P_MAX:2.823e-04, Q_MAX:8.551e-04, P_mean±std:2.343e-04±3.006e-05, Q_mean±std:7.675e-04±4.778e-05, P_RMSE:5.352e-05, Q_RMSE:1.484e-04, Success rate (<0.1):1.000000, Success rate (<0.01):1.000000, Success rate (<0.001):1.000000
X=[1.4,1.6], PQ=[-1.4,-1.2]: count:10, ill:0, Ang_MAX:5.903840e-05, Vol_MAX:2.765656e-05, Ang_mean±std:8.982420e-06±1.679494e-05, Vol_mean±std:8.261204e-06±6.989376e-06, P_MAX:1.231e-03, Q_MAX:1.106e-03, P_mean±std:3.319e-04±3.001e-04, Q_mean±std:8.209e-04±9.789e-05, P_RMSE:7.305e-05, Q_RMSE:1.605e-04, Success rate (<0.1):1.000000, Success rate (<0.01):1.000000, Success rate (<0.001):0.900000
X=[1.4,1.6], PQ=[-1.2,-1.0]: count:10, ill:0, Ang_MAX:1.168251e-05, Vol_MAX:1.025200e-05, Ang_mean±std:3.878772e-06±2.687023e-06, Vol_mean±std:5.900860e-06±1.757882e-06, P_MAX:3.048e-04, Q_MAX:8.917e-04, P_mean±std:2.451e-04±3.813e-05, Q_mean±std:7.834e-04±5.155e-05, P_RMSE:5.380e-05, Q_RMSE:1.503e-04, Success rate (<0.1):1.000000, Success rate (<0.01):1.000000, Success rate (<0.001):1.000000
X=[1.4,1.6], PQ=[-1.0,-0.8]: count:10, ill:0, Ang_MAX:3.680587e-05, Vol_MAX:1.239777e-05, Ang_mean±std:7.288158e-06±1.019691e-05, Vol_mean±std:6.806850e-06±2.807474e-06, P_MAX:3.305e-04, Q_MAX:9.489e-04, P_mean±std:2.329e-04±3.820e-05, Q_mean±std:8.200e-04±6.243e-05, P_RMSE:5.207e-05, Q_RMSE:1.567e-04, Success rate (<0.1):1.000000, Success rate (<0.01):1.000000, Success rate (<0.001):1.000000
X=[1.4,1.6], PQ=[-0.8,-0.6]: count:10, ill:0, Ang_MAX:3.725290e-06, Vol_MAX:5.900860e-06, Ang_mean±std:2.793968e-06±5.244383e-07, Vol_mean±std:5.120039e-06±3.136473e-07, P_MAX:2.720e-04, Q_MAX:8.583e-04, P_mean±std:2.302e-04±2.601e-05, Q_mean±std:7.905e-04±4.318e-05, P_RMSE:5.213e-05, Q_RMSE:1.520e-04, Success rate (<0.1):1.000000, Success rate (<0.01):1.000000, Success rate (<0.001):1.000000
X=[1.4,1.6], PQ=[-0.6,-0.4]: count:10, ill:0, Ang_MAX:4.738569e-06, Vol_MAX:6.616116e-06, Ang_mean±std:2.978742e-06±8.169438e-07, Vol_mean±std:5.406141e-06±5.029799e-07, P_MAX:2.546e-04, Q_MAX:8.919e-04, P_mean±std:2.150e-04±2.220e-05, Q_mean±std:8.074e-04±4.161e-05, P_RMSE:5.087e-05, Q_RMSE:1.542e-04, Success rate (<0.1):1.000000, Success rate (<0.01):1.000000, Success rate (<0.001):1.000000
X=[1.4,1.6], PQ=[-0.4,-0.2]: count:10, ill:0, Ang_MAX:4.470348e-06, Vol_MAX:5.960464e-06, Ang_mean±std:2.714992e-06±6.512268e-07, Vol_mean±std:5.215406e-06±3.753200e-07, P_MAX:2.330e-04, Q_MAX:9.148e-04, P_mean±std:2.177e-04±9.705e-06, Q_mean±std:7.787e-04±5.634e-05, P_RMSE:5.183e-05, Q_RMSE:1.502e-04, Success rate (<0.1):1.000000, Success rate (<0.01):1.000000, Success rate (<0.001):1.000000
X=[1.4,1.6], PQ=[-0.2,0.0]: count:10, ill:0, Ang_MAX:4.202127e-06, Vol_MAX:6.854534e-06, Ang_mean±std:3.179908e-06±5.456023e-07, Vol_mean±std:5.531311e-06±5.316520e-07, P_MAX:2.587e-04, Q_MAX:8.963e-04, P_mean±std:2.296e-04±2.303e-05, Q_mean±std:8.214e-04±4.726e-05, P_RMSE:5.130e-05, Q_RMSE:1.549e-04, Success rate (<0.1):1.000000, Success rate (<0.01):1.000000, Success rate (<0.001):1.000000
X=[1.4,1.6], PQ=[0.0,0.2]: count:10, ill:0, Ang_MAX:3.904104e-06, Vol_MAX:5.483627e-06, Ang_mean±std:2.831221e-06±4.762314e-07, Vol_mean±std:5.054474e-06±1.743882e-07, P_MAX:2.595e-04, Q_MAX:8.550e-04, P_mean±std:2.374e-04±1.693e-05, Q_mean±std:7.843e-04±3.159e-05, P_RMSE:5.273e-05, Q_RMSE:1.505e-04, Success rate (<0.1):1.000000, Success rate (<0.01):1.000000, Success rate (<0.001):1.000000
X=[1.4,1.6], PQ=[0.2,0.4]: count:10, ill:0, Ang_MAX:1.201034e-05, Vol_MAX:1.525879e-05, Ang_mean±std:4.270673e-06±2.778339e-06, Vol_mean±std:6.592274e-06±3.234968e-06, P_MAX:2.977e-04, Q_MAX:9.789e-04, P_mean±std:2.445e-04±2.599e-05, Q_mean±std:8.042e-04±7.930e-05, P_RMSE:5.354e-05, Q_RMSE:1.534e-04, Success rate (<0.1):1.000000, Success rate (<0.01):1.000000, Success rate (<0.001):1.000000
X=[1.4,1.6], PQ=[0.4,0.6]: count:10, ill:0, Ang_MAX:5.662441e-06, Vol_MAX:1.084805e-05, Ang_mean±std:3.337860e-06±9.916608e-07, Vol_mean±std:5.722046e-06±1.723595e-06, P_MAX:2.776e-04, Q_MAX:8.775e-04, P_mean±std:2.346e-04±2.210e-05, Q_mean±std:7.926e-04±4.909e-05, P_RMSE:5.210e-05, Q_RMSE:1.530e-04, Success rate (<0.1):1.000000, Success rate (<0.01):1.000000, Success rate (<0.001):1.000000
X=[1.4,1.6], PQ=[0.6,0.8]: count:10, ill:0, Ang_MAX:1.388788e-05, Vol_MAX:1.239777e-05, Ang_mean±std:3.939867e-06±3.340222e-06, Vol_mean±std:5.823374e-06±2.202317e-06, P_MAX:6.373e-04, Q_MAX:8.605e-04, P_mean±std:2.832e-04±1.202e-04, Q_mean±std:7.863e-04±3.663e-05, P_RMSE:5.875e-05, Q_RMSE:1.507e-04, Success rate (<0.1):1.000000, Success rate (<0.01):1.000000, Success rate (<0.001):1.000000
X=[1.4,1.6], PQ=[0.8,1.0]: count:10, ill:0, Ang_MAX:8.165836e-06, Vol_MAX:8.165836e-06, Ang_mean±std:3.114343e-06±1.738130e-06, Vol_mean±std:5.525351e-06±1.087046e-06, P_MAX:2.737e-04, Q_MAX:9.915e-04, P_mean±std:2.279e-04±3.156e-05, Q_mean±std:7.895e-04±7.819e-05, P_RMSE:5.310e-05, Q_RMSE:1.519e-04, Success rate (<0.1):1.000000, Success rate (<0.01):1.000000, Success rate (<0.001):1.000000
X=[1.4,1.6], PQ=[1.0,1.2]: count:10, ill:0, Ang_MAX:2.554059e-05, Vol_MAX:4.911423e-05, Ang_mean±std:5.161762e-06±6.882773e-06, Vol_mean±std:9.471178e-06±1.321489e-05, P_MAX:4.161e-04, Q_MAX:8.631e-04, P_mean±std:2.513e-04±5.957e-05, Q_mean±std:7.769e-04±3.698e-05, P_RMSE:5.440e-05, Q_RMSE:1.508e-04, Success rate (<0.1):1.000000, Success rate (<0.01):1.000000, Success rate (<0.001):1.000000
X=[1.4,1.6], PQ=[1.2,1.4]: count:10, ill:0, Ang_MAX:1.356006e-05, Vol_MAX:1.281500e-05, Ang_mean±std:4.003942e-06±3.273484e-06, Vol_mean±std:5.882978e-06±2.338303e-06, P_MAX:2.636e-04, Q_MAX:8.906e-04, P_mean±std:2.289e-04±2.409e-05, Q_mean±std:7.835e-04±5.611e-05, P_RMSE:5.339e-05, Q_RMSE:1.509e-04, Success rate (<0.1):1.000000, Success rate (<0.01):1.000000, Success rate (<0.001):1.000000
X=[1.4,1.6], PQ=[1.4,1.6]: count:10, ill:0, Ang_MAX:1.907349e-05, Vol_MAX:1.698732e-05, Ang_mean±std:4.616380e-06±4.884262e-06, Vol_mean±std:6.562471e-06±3.484752e-06, P_MAX:5.773e-04, Q_MAX:9.161e-04, P_mean±std:2.505e-04±1.114e-04, Q_mean±std:8.229e-04±5.007e-05, P_RMSE:5.495e-05, Q_RMSE:1.568e-04, Success rate (<0.1):1.000000, Success rate (<0.01):1.000000, Success rate (<0.001):1.000000
X=[1.4,1.6], PQ=[1.6,1.8]: count:10, ill:0, Ang_MAX:5.751848e-06, Vol_MAX:1.263618e-05, Ang_mean±std:3.288686e-06±9.502701e-07, Vol_mean±std:6.169081e-06±2.222422e-06, P_MAX:2.448e-04, Q_MAX:9.584e-04, P_mean±std:2.102e-04±1.921e-05, Q_mean±std:8.083e-04±6.584e-05, P_RMSE:5.105e-05, Q_RMSE:1.560e-04, Success rate (<0.1):1.000000, Success rate (<0.01):1.000000, Success rate (<0.001):1.000000
X=[1.4,1.6], PQ=[1.8,2.0]: count:10, ill:0, Ang_MAX:6.422400e-06, Vol_MAX:8.106232e-06, Ang_mean±std:3.130734e-06±1.192604e-06, Vol_mean±std:5.346537e-06±9.299280e-07, P_MAX:2.394e-04, Q_MAX:8.567e-04, P_mean±std:2.129e-04±1.660e-05, Q_mean±std:8.034e-04±3.329e-05, P_RMSE:5.050e-05, Q_RMSE:1.534e-04, Success rate (<0.1):1.000000, Success rate (<0.01):1.000000, Success rate (<0.001):1.000000
X=[1.6,1.8], PQ=[-2.0,-1.8]: count:10, ill:0, Ang_MAX:6.958842e-06, Vol_MAX:7.033348e-06, Ang_mean±std:3.845990e-06±1.411266e-06, Vol_mean±std:5.733967e-06±6.587864e-07, P_MAX:2.352e-04, Q_MAX:9.891e-04, P_mean±std:1.995e-04±1.611e-05, Q_mean±std:8.561e-04±7.181e-05, P_RMSE:4.773e-05, Q_RMSE:1.613e-04, Success rate (<0.1):1.000000, Success rate (<0.01):1.000000, Success rate (<0.001):1.000000
X=[1.6,1.8], PQ=[-1.8,-1.6]: count:10, ill:0, Ang_MAX:1.473725e-05, Vol_MAX:1.239777e-05, Ang_mean±std:6.064773e-06±3.981650e-06, Vol_mean±std:6.568432e-06±2.160091e-06, P_MAX:2.195e-04, Q_MAX:1.122e-03, P_mean±std:2.017e-04±1.313e-05, Q_mean±std:8.679e-04±1.262e-04, P_RMSE:5.020e-05, Q_RMSE:1.666e-04, Success rate (<0.1):1.000000, Success rate (<0.01):1.000000, Success rate (<0.001):0.800000
X=[1.6,1.8], PQ=[-1.6,-1.4]: count:10, ill:0, Ang_MAX:2.431273e-04, Vol_MAX:2.617240e-04, Ang_mean±std:2.918541e-05±7.145553e-05, Vol_mean±std:3.324747e-05±7.638226e-05, P_MAX:3.515e-03, Q_MAX:1.178e-03, P_mean±std:6.160e-04±9.924e-04, Q_mean±std:9.061e-04±1.214e-04, P_RMSE:1.343e-04, Q_RMSE:1.775e-04, Success rate (<0.1):1.000000, Success rate (<0.01):1.000000, Success rate (<0.001):0.800000
X=[1.6,1.8], PQ=[-1.4,-1.2]: count:10, ill:0, Ang_MAX:1.007318e-05, Vol_MAX:7.867813e-06, Ang_mean±std:4.595518e-06±2.421658e-06, Vol_mean±std:6.133318e-06±8.610551e-07, P_MAX:2.307e-04, Q_MAX:1.012e-03, P_mean±std:1.973e-04±1.276e-05, Q_mean±std:8.999e-04±7.309e-05, P_RMSE:4.875e-05, Q_RMSE:1.675e-04, Success rate (<0.1):1.000000, Success rate (<0.01):1.000000, Success rate (<0.001):0.900000
X=[1.6,1.8], PQ=[-1.2,-1.0]: count:10, ill:0, Ang_MAX:1.883656e-04, Vol_MAX:1.367927e-04, Ang_mean±std:2.339929e-05±5.503447e-05, Vol_mean±std:1.941323e-05±3.913340e-05, P_MAX:8.367e-04, Q_MAX:3.924e-03, P_mean±std:2.546e-04±1.941e-04, Q_mean±std:1.216e-03±9.070e-04, P_RMSE:5.461e-05, Q_RMSE:2.373e-04, Success rate (<0.1):1.000000, Success rate (<0.01):1.000000, Success rate (<0.001):0.700000
X=[1.6,1.8], PQ=[-1.0,-0.8]: count:10, ill:0, Ang_MAX:5.799532e-05, Vol_MAX:3.433228e-05, Ang_mean±std:9.606779e-06±1.617537e-05, Vol_mean±std:1.013279e-05±9.093645e-06, P_MAX:1.011e-03, Q_MAX:8.965e-04, P_mean±std:2.830e-04±2.434e-04, Q_mean±std:8.283e-04±3.838e-05, P_RMSE:5.792e-05, Q_RMSE:1.607e-04, Success rate (<0.1):1.000000, Success rate (<0.01):1.000000, Success rate (<0.001):0.900000
X=[1.6,1.8], PQ=[-0.8,-0.6]: count:10, ill:0, Ang_MAX:1.037121e-05, Vol_MAX:1.174212e-05, Ang_mean±std:4.702806e-06±2.335894e-06, Vol_mean±std:6.687641e-06±2.105453e-06, P_MAX:2.505e-04, Q_MAX:8.873e-04, P_mean±std:2.045e-04±1.813e-05, Q_mean±std:8.388e-04±2.678e-05, P_RMSE:4.990e-05, Q_RMSE:1.590e-04, Success rate (<0.1):1.000000, Success rate (<0.01):1.000000, Success rate (<0.001):1.000000
X=[1.6,1.8], PQ=[-0.6,-0.4]: count:10, ill:0, Ang_MAX:2.556742e-04, Vol_MAX:1.889467e-04, Ang_mean±std:3.006608e-05±7.528802e-05, Vol_mean±std:2.483726e-05±5.475582e-05, P_MAX:9.427e-03, Q_MAX:3.783e-03, P_mean±std:1.131e-03±2.765e-03, Q_mean±std:1.116e-03±8.916e-04, P_RMSE:3.759e-04, Q_RMSE:2.267e-04, Success rate (<0.1):1.000000, Success rate (<0.01):1.000000, Success rate (<0.001):0.900000
X=[1.6,1.8], PQ=[-0.4,-0.2]: count:10, ill:0, Ang_MAX:2.785027e-04, Vol_MAX:1.929998e-04, Ang_mean±std:3.288687e-05±8.198766e-05, Vol_mean±std:2.487302e-05±5.605609e-05, P_MAX:9.241e-03, Q_MAX:4.579e-03, P_mean±std:1.104e-03±2.712e-03, Q_mean±std:1.267e-03±1.110e-03, P_RMSE:3.632e-04, Q_RMSE:2.530e-04, Success rate (<0.1):1.000000, Success rate (<0.01):1.000000, Success rate (<0.001):0.700000
X=[1.6,1.8], PQ=[-0.2,0.0]: count:10, ill:0, Ang_MAX:9.757280e-05, Vol_MAX:8.046627e-05, Ang_mean±std:1.537651e-05±2.768730e-05, Vol_mean±std:1.592636e-05±2.231037e-05, P_MAX:2.733e-03, Q_MAX:2.490e-03, P_mean±std:4.560e-04±7.594e-04, Q_mean±std:1.099e-03±4.741e-04, P_RMSE:1.071e-04, Q_RMSE:2.002e-04, Success rate (<0.1):1.000000, Success rate (<0.01):1.000000, Success rate (<0.001):0.700000
X=[1.6,1.8], PQ=[0.0,0.2]: count:10, ill:0, Ang_MAX:2.143085e-04, Vol_MAX:1.680255e-04, Ang_mean±std:3.259629e-05±6.154130e-05, Vol_mean±std:2.451539e-05±4.794613e-05, P_MAX:1.200e-03, Q_MAX:4.426e-03, P_mean±std:3.415e-04±3.132e-04, Q_mean±std:1.377e-03±1.035e-03, P_RMSE:7.114e-05, Q_RMSE:2.637e-04, Success rate (<0.1):1.000000, Success rate (<0.01):1.000000, Success rate (<0.001):0.500000
X=[1.6,1.8], PQ=[0.2,0.4]: count:10, ill:0, Ang_MAX:3.281236e-05, Vol_MAX:2.878904e-05, Ang_mean±std:9.329617e-06±8.962893e-06, Vol_mean±std:9.053946e-06±6.788310e-06, P_MAX:4.578e-04, Q_MAX:1.140e-03, P_mean±std:2.249e-04±7.922e-05, Q_mean±std:9.088e-04±1.116e-04, P_RMSE:5.151e-05, Q_RMSE:1.711e-04, Success rate (<0.1):1.000000, Success rate (<0.01):1.000000, Success rate (<0.001):0.800000
X=[1.6,1.8], PQ=[0.4,0.6]: count:10, ill:0, Ang_MAX:6.803870e-05, Vol_MAX:4.529953e-05, Ang_mean±std:1.104027e-05±1.922276e-05, Vol_mean±std:1.019835e-05±1.182089e-05, P_MAX:1.749e-03, Q_MAX:1.213e-03, P_mean±std:3.573e-04±4.642e-04, Q_mean±std:9.067e-04±1.292e-04, P_RMSE:8.383e-05, Q_RMSE:1.733e-04, Success rate (<0.1):1.000000, Success rate (<0.01):1.000000, Success rate (<0.001):0.800000
X=[1.6,1.8], PQ=[0.6,0.8]: count:10, ill:0, Ang_MAX:1.078844e-05, Vol_MAX:1.084805e-05, Ang_mean±std:4.442036e-06±2.478619e-06, Vol_mean±std:6.222725e-06±1.641066e-06, P_MAX:2.320e-04, Q_MAX:1.004e-03, P_mean±std:2.054e-04±1.644e-05, Q_mean±std:8.481e-04±6.745e-05, P_RMSE:4.924e-05, Q_RMSE:1.616e-04, Success rate (<0.1):1.000000, Success rate (<0.01):1.000000, Success rate (<0.001):0.900000
X=[1.6,1.8], PQ=[0.8,1.0]: count:10, ill:0, Ang_MAX:2.206862e-05, Vol_MAX:1.567602e-05, Ang_mean±std:6.420910e-06±5.690178e-06, Vol_mean±std:7.110834e-06±3.115795e-06, P_MAX:2.778e-04, Q_MAX:1.022e-03, P_mean±std:2.056e-04±3.093e-05, Q_mean±std:9.044e-04±8.070e-05, P_RMSE:4.998e-05, Q_RMSE:1.691e-04, Success rate (<0.1):1.000000, Success rate (<0.01):1.000000, Success rate (<0.001):0.800000
X=[1.6,1.8], PQ=[1.0,1.2]: count:10, ill:0, Ang_MAX:1.519918e-05, Vol_MAX:8.642673e-06, Ang_mean±std:4.701316e-06±3.617057e-06, Vol_mean±std:6.097555e-06±1.331747e-06, P_MAX:2.453e-04, Q_MAX:1.043e-03, P_mean±std:2.024e-04±1.849e-05, Q_mean±std:8.530e-04±7.299e-05, P_RMSE:4.919e-05, Q_RMSE:1.620e-04, Success rate (<0.1):1.000000, Success rate (<0.01):1.000000, Success rate (<0.001):0.900000
X=[1.6,1.8], PQ=[1.2,1.4]: count:10, ill:0, Ang_MAX:8.755922e-05, Vol_MAX:1.201630e-04, Ang_mean±std:1.624227e-05±2.458154e-05, Vol_mean±std:1.943111e-05±3.382469e-05, P_MAX:1.324e-03, Q_MAX:9.720e-04, P_mean±std:3.456e-04±3.315e-04, Q_mean±std:8.547e-04±5.787e-05, P_RMSE:7.258e-05, Q_RMSE:1.672e-04, Success rate (<0.1):1.000000, Success rate (<0.01):1.000000, Success rate (<0.001):0.900000
X=[1.6,1.8], PQ=[1.4,1.6]: count:10, ill:0, Ang_MAX:7.808208e-06, Vol_MAX:8.285046e-06, Ang_mean±std:4.366040e-06±1.887419e-06, Vol_mean±std:6.157160e-06±1.120520e-06, P_MAX:2.619e-04, Q_MAX:9.970e-04, P_mean±std:2.032e-04±2.114e-05, Q_mean±std:8.679e-04±8.717e-05, P_RMSE:4.858e-05, Q_RMSE:1.639e-04, Success rate (<0.1):1.000000, Success rate (<0.01):1.000000, Success rate (<0.001):1.000000
X=[1.6,1.8], PQ=[1.6,1.8]: count:10, ill:0, Ang_MAX:1.285374e-04, Vol_MAX:4.076958e-05, Ang_mean±std:1.668334e-05±3.732234e-05, Vol_mean±std:9.566545e-06±1.045932e-05, P_MAX:1.242e-03, Q_MAX:1.208e-03, P_mean±std:3.083e-04±3.113e-04, Q_mean±std:9.116e-04±1.337e-04, P_RMSE:6.723e-05, Q_RMSE:1.763e-04, Success rate (<0.1):1.000000, Success rate (<0.01):1.000000, Success rate (<0.001):0.800000
X=[1.6,1.8], PQ=[1.8,2.0]: count:10, ill:0, Ang_MAX:3.704429e-05, Vol_MAX:5.179644e-05, Ang_mean±std:1.050681e-05±1.142853e-05, Vol_mean±std:1.292825e-05±1.447547e-05, P_MAX:1.022e-03, Q_MAX:9.621e-04, P_mean±std:3.235e-04±2.564e-04, Q_mean±std:8.592e-04±6.377e-05, P_RMSE:6.712e-05, Q_RMSE:1.732e-04, Success rate (<0.1):1.000000, Success rate (<0.01):1.000000, Success rate (<0.001):0.900000
X=[1.8,2.0], PQ=[-2.0,-1.8]: count:10, ill:0, Ang_MAX:5.002320e-04, Vol_MAX:5.792975e-04, Ang_mean±std:1.018301e-04±1.507192e-04, Vol_mean±std:8.218288e-05±1.675848e-04, P_MAX:6.167e-03, Q_MAX:4.097e-03, P_mean±std:1.209e-03±1.936e-03, Q_mean±std:1.643e-03±9.450e-04, P_RMSE:2.793e-04, Q_RMSE:3.337e-04, Success rate (<0.1):1.000000, Success rate (<0.01):1.000000, Success rate (<0.001):0.300000
X=[1.8,2.0], PQ=[-1.8,-1.6]: count:10, ill:0, Ang_MAX:2.519340e-04, Vol_MAX:2.512336e-04, Ang_mean±std:5.448610e-05±7.721856e-05, Vol_mean±std:4.767179e-05±7.296904e-05, P_MAX:2.492e-03, Q_MAX:3.472e-03, P_mean±std:5.318e-04±6.734e-04, Q_mean±std:1.374e-03±8.245e-04, P_RMSE:1.395e-04, Q_RMSE:3.108e-04, Success rate (<0.1):1.000000, Success rate (<0.01):1.000000, Success rate (<0.001):0.500000
X=[1.8,2.0], PQ=[-1.6,-1.4]: count:10, ill:0, Ang_MAX:8.618832e-05, Vol_MAX:8.761883e-05, Ang_mean±std:1.998395e-05±2.510652e-05, Vol_mean±std:1.770258e-05±2.464301e-05, P_MAX:9.548e-04, Q_MAX:1.305e-03, P_mean±std:2.948e-04±2.309e-04, Q_mean±std:9.885e-04±1.211e-04, P_RMSE:5.919e-05, Q_RMSE:1.886e-04, Success rate (<0.1):1.000000, Success rate (<0.01):1.000000, Success rate (<0.001):0.600000
X=[1.8,2.0], PQ=[-1.4,-1.2]: count:10, ill:0, Ang_MAX:3.633797e-04, Vol_MAX:2.347827e-04, Ang_mean±std:6.417632e-05±1.022610e-04, Vol_mean±std:3.737211e-05±6.638428e-05, P_MAX:1.185e-02, Q_MAX:6.187e-03, P_mean±std:1.540e-03±3.462e-03, Q_mean±std:1.711e-03±1.567e-03, P_RMSE:4.794e-04, Q_RMSE:3.467e-04, Success rate (<0.1):1.000000, Success rate (<0.01):0.900000, Success rate (<0.001):0.400000
X=[1.8,2.0], PQ=[-1.2,-1.0]: count:10, ill:0, Ang_MAX:5.030781e-04, Vol_MAX:3.464222e-04, Ang_mean±std:7.345825e-05±1.455728e-04, Vol_mean±std:5.055666e-05±9.954250e-05, P_MAX:1.715e-02, Q_MAX:9.303e-03, P_mean±std:1.945e-03±5.070e-03, Q_mean±std:1.954e-03±2.487e-03, P_RMSE:6.816e-04, Q_RMSE:4.420e-04, Success rate (<0.1):1.000000, Success rate (<0.01):0.900000, Success rate (<0.001):0.400000
X=[1.8,2.0], PQ=[-1.0,-0.8]: count:10, ill:0, Ang_MAX:7.531047e-05, Vol_MAX:4.112720e-05, Ang_mean±std:1.776963e-05±2.046219e-05, Vol_mean±std:1.179576e-05±1.029776e-05, P_MAX:1.809e-03, Q_MAX:1.316e-03, P_mean±std:3.872e-04±4.788e-04, Q_mean±std:9.585e-04±1.548e-04, P_RMSE:8.727e-05, Q_RMSE:1.913e-04, Success rate (<0.1):1.000000, Success rate (<0.01):1.000000, Success rate (<0.001):0.800000
X=[1.8,2.0], PQ=[-0.8,-0.6]: count:10, ill:0, Ang_MAX:2.880350e-03, Vol_MAX:2.160966e-03, Ang_mean±std:3.017709e-04±8.595851e-04, Vol_mean±std:2.260268e-04±6.450030e-04, P_MAX:1.017e-01, Q_MAX:5.701e-02, P_mean±std:1.042e-02±3.043e-02, Q_mean±std:6.611e-03±1.680e-02, P_RMSE:4.031e-03, Q_RMSE:2.275e-03, Success rate (<0.1):0.900000, Success rate (<0.01):0.900000, Success rate (<0.001):0.600000
X=[1.8,2.0], PQ=[-0.6,-0.4]: count:10, ill:0, Ang_MAX:2.568960e-04, Vol_MAX:1.704693e-04, Ang_mean±std:5.654842e-05±7.083207e-05, Vol_mean±std:3.804564e-05±5.161764e-05, P_MAX:8.864e-03, Q_MAX:3.830e-03, P_mean±std:1.183e-03±2.572e-03, Q_mean±std:1.472e-03±8.097e-04, P_RMSE:3.560e-04, Q_RMSE:2.832e-04, Success rate (<0.1):1.000000, Success rate (<0.01):1.000000, Success rate (<0.001):0.100000
X=[1.8,2.0], PQ=[-0.4,-0.2]: count:10, ill:0, Ang_MAX:1.794100e-05, Vol_MAX:1.227856e-05, Ang_mean±std:1.026988e-05±4.890873e-06, Vol_mean±std:8.594990e-06±2.709331e-06, P_MAX:2.714e-04, Q_MAX:1.054e-03, P_mean±std:2.044e-04±2.985e-05, Q_mean±std:9.426e-04±7.100e-05, P_RMSE:4.927e-05, Q_RMSE:1.815e-04, Success rate (<0.1):1.000000, Success rate (<0.01):1.000000, Success rate (<0.001):0.700000
X=[1.8,2.0], PQ=[-0.2,0.0]: count:10, ill:0, Ang_MAX:1.259446e-04, Vol_MAX:5.912781e-05, Ang_mean±std:2.919734e-05±3.591273e-05, Vol_mean±std:1.972914e-05±1.849940e-05, P_MAX:1.216e-03, Q_MAX:1.301e-03, P_mean±std:3.806e-04±3.159e-04, Q_mean±std:1.038e-03±1.658e-04, P_RMSE:7.898e-05, Q_RMSE:2.143e-04, Success rate (<0.1):1.000000, Success rate (<0.01):1.000000, Success rate (<0.001):0.600000
X=[1.8,2.0], PQ=[0.0,0.2]: count:10, ill:0, Ang_MAX:3.158450e-04, Vol_MAX:3.973842e-04, Ang_mean±std:5.445034e-05±8.994917e-05, Vol_mean±std:5.082488e-05±1.156678e-04, P_MAX:4.298e-03, Q_MAX:2.832e-03, P_mean±std:6.356e-04±1.221e-03, Q_mean±std:1.439e-03±5.877e-04, P_RMSE:1.744e-04, Q_RMSE:2.827e-04, Success rate (<0.1):1.000000, Success rate (<0.01):1.000000, Success rate (<0.001):0.300000
X=[1.8,2.0], PQ=[0.2,0.4]: count:10, ill:0, Ang_MAX:3.979206e-04, Vol_MAX:2.686381e-04, Ang_mean±std:6.773025e-05±1.126331e-04, Vol_mean±std:4.491806e-05±7.583099e-05, P_MAX:1.370e-02, Q_MAX:6.303e-03, P_mean±std:1.875e-03±3.990e-03, Q_mean±std:1.585e-03±1.580e-03, P_RMSE:5.512e-04, Q_RMSE:3.315e-04, Success rate (<0.1):1.000000, Success rate (<0.01):0.900000, Success rate (<0.001):0.300000
X=[1.8,2.0], PQ=[0.4,0.6]: count:10, ill:0, Ang_MAX:1.617521e-04, Vol_MAX:2.804995e-04, Ang_mean±std:2.817065e-05±4.599190e-05, Vol_mean±std:3.660917e-05±8.136944e-05, P_MAX:2.662e-03, Q_MAX:2.282e-03, P_mean±std:4.790e-04±7.337e-04, Q_mean±std:1.178e-03±4.492e-04, P_RMSE:1.228e-04, Q_RMSE:2.385e-04, Success rate (<0.1):1.000000, Success rate (<0.01):1.000000, Success rate (<0.001):0.600000
X=[1.8,2.0], PQ=[0.6,0.8]: count:10, ill:0, Ang_MAX:4.521310e-04, Vol_MAX:3.052354e-04, Ang_mean±std:6.622970e-05±1.303111e-04, Vol_mean±std:4.686713e-05±8.703211e-05, P_MAX:1.548e-02, Q_MAX:7.954e-03, P_mean±std:1.898e-03±4.540e-03, Q_mean±std:1.794e-03±2.069e-03, P_RMSE:6.169e-04, Q_RMSE:3.851e-04, Success rate (<0.1):1.000000, Success rate (<0.01):0.900000, Success rate (<0.001):0.500000
X=[1.8,2.0], PQ=[0.8,1.0]: count:10, ill:0, Ang_MAX:8.421242e-04, Vol_MAX:5.627275e-04, Ang_mean±std:1.624346e-04±2.831774e-04, Vol_mean±std:9.469986e-05±1.750811e-04, P_MAX:2.805e-02, Q_MAX:1.473e-02, P_mean±std:4.385e-03±8.848e-03, Q_mean±std:3.066e-03±4.289e-03, P_RMSE:1.239e-03, Q_RMSE:7.251e-04, Success rate (<0.1):1.000000, Success rate (<0.01):0.800000, Success rate (<0.001):0.400000
X=[1.8,2.0], PQ=[1.0,1.2]: count:10, ill:0, Ang_MAX:9.512306e-04, Vol_MAX:9.333491e-04, Ang_mean±std:1.305416e-04±2.783948e-04, Vol_mean±std:1.099288e-04±2.749282e-04, P_MAX:1.214e-02, Q_MAX:5.674e-03, P_mean±std:1.477e-03±3.556e-03, Q_mean±std:1.743e-03±1.460e-03, P_RMSE:4.521e-04, Q_RMSE:4.019e-04, Success rate (<0.1):1.000000, Success rate (<0.01):0.900000, Success rate (<0.001):0.500000
X=[1.8,2.0], PQ=[1.2,1.4]: count:10, ill:0, Ang_MAX:1.225471e-04, Vol_MAX:8.982420e-05, Ang_mean±std:2.373159e-05±3.532926e-05, Vol_mean±std:1.979470e-05±2.555600e-05, P_MAX:6.332e-04, Q_MAX:1.294e-03, P_mean±std:2.976e-04±1.626e-04, Q_mean±std:9.655e-04±1.445e-04, P_RMSE:7.008e-05, Q_RMSE:1.990e-04, Success rate (<0.1):1.000000, Success rate (<0.01):1.000000, Success rate (<0.001):0.700000
X=[1.8,2.0], PQ=[1.4,1.6]: count:10, ill:0, Ang_MAX:4.151464e-05, Vol_MAX:3.069639e-05, Ang_mean±std:1.782030e-05±1.213782e-05, Vol_mean±std:1.304746e-05±8.298990e-06, P_MAX:8.939e-04, Q_MAX:1.174e-03, P_mean±std:2.916e-04±2.049e-04, Q_mean±std:1.010e-03±1.054e-04, P_RMSE:6.237e-05, Q_RMSE:1.980e-04, Success rate (<0.1):1.000000, Success rate (<0.01):1.000000, Success rate (<0.001):0.600000
X=[1.8,2.0], PQ=[1.6,1.8]: count:10, ill:0, Ang_MAX:1.623631e-04, Vol_MAX:6.043911e-05, Ang_mean±std:3.879219e-05±4.832676e-05, Vol_mean±std:2.178550e-05±1.990710e-05, P_MAX:1.853e-03, Q_MAX:2.675e-03, P_mean±std:5.201e-04±6.006e-04, Q_mean±std:1.241e-03±5.534e-04, P_RMSE:1.127e-04, Q_RMSE:2.715e-04, Success rate (<0.1):1.000000, Success rate (<0.01):1.000000, Success rate (<0.001):0.400000
X=[1.8,2.0], PQ=[1.8,2.0]: count:10, ill:0, Ang_MAX:9.647012e-05, Vol_MAX:8.976460e-05, Ang_mean±std:2.126172e-05±2.748061e-05, Vol_mean±std:1.648068e-05±2.456496e-05, P_MAX:5.140e-03, Q_MAX:3.320e-03, P_mean±std:7.120e-04±1.476e-03, Q_mean±std:1.249e-03±7.011e-04, P_RMSE:1.864e-04, Q_RMSE:2.526e-04, Success rate (<0.1):1.000000, Success rate (<0.01):1.000000, Success rate (<0.001):0.300000

===== Region Mismatch Summary =====
Region & Samples & Avg. mismatch & Worst mismatch & Success rate (<0.1) & Success rate (<0.01) & Success rate (<0.001)
ID & 1000 & 7.139852e-04 & 7.675887e-04 & 1.000000 & 1.000000 & 1.000000
OOD-X & 1000 & 1.668961e-03 & 3.345379e-01 & 0.998000 & 0.985000 & 0.843000
OOD-PQ & 1000 & 7.142809e-04 & 7.609039e-04 & 1.000000 & 1.000000 & 1.000000
OOD-X+PQ & 1000 & 1.924613e-03 & 7.225493e-01 & 0.999000 & 0.986000 & 0.845000
Heatmap CSV saved: D:\Software\Python_Code\Slover\GIN\ckpt\ieee118.csv
Testing ill-conditioned: running success metrics

===== Ill-Conditioned Test Summary =====
Samples & Maximal mismatch & Minimal mismatch & Avg. mismatch & Success rate (<0.1) & Success rate (<0.01) & Avg. mismatch With N-R PF refine & Success rate With N-R PF refine & Average N-R PF Iteration time
100 & 1.945793e+03 & 1.687990e+00 & 2.718533e+02 & 0.000000 & 0.000000 & N/A & 0.000000 & N/A
Ill-conditioned mismatch CSV saved: D:\Software\Python_Code\Slover\GIN\ckpt\IEEE_118_ill.csv
