sample_id,split,source,is_pf_from_start_converged,valid_label,nr_iter,x_low,x_high,pq_low,pq_high,x_signed,pq_signed,max_abs_dtheta_start,max_abs_dv_start,max_abs_dp_injection,max_abs_dq_injection,max_abs_dp_start,max_abs_dq_start
0,train,nr_verified_start,1,1,-1,0.000000000000000,0.000000000000000,0.000000000000000,0.000000000000000,0.000000000000000,0.000000000000000,0.002774490945475,0.000002413687819,0.196936054206674,0.178998384859400,0.164312794860103,0.047617923896507
1,train,nr_verified_start,1,1,-1,0.000000000000000,0.000000000000000,0.000000000000000,0.000000000000000,0.000000000000000,0.000000000000000,0.000039400295176,0.000001557835894,0.196936054206674,0.178998384859400,0.001154258305686,0.000171197367486
2,train,nr_verified_start,1,1,-1,0.000000000000000,0.000000000000000,0.000000000000000,0.000000000000000,0.000000000000000,0.000000000000000,0.000787026163459,0.000662395546001,0.163839457962432,0.184444642176811,0.036614280544763,0.024690942823869
3,train,nr_verified_start,1,1,-1,0.000000000000000,0.000000000000000,0.000000000000000,0.000000000000000,0.000000000000000,0.000000000000000,0.000510747863934,0.000094799033250,0.163839457962432,0.184444642176811,0.018335847968141,0.003969031330472
4,train,nr_verified_start,1,1,-1,0.000000000000000,0.000000000000000,0.000000000000000,0.000000000000000,0.000000000000000,0.000000000000000,0.000025549224668,0.000001801013721,0.124796536837806,0.199576502890284,0.001535050714569,0.000546684978466
5,train,nr_verified_start,1,1,-1,0.000000000000000,0.000000000000000,0.000000000000000,0.000000000000000,0.000000000000000,0.000000000000000,0.000382744353278,0.000127695566694,0.124796536837806,0.199576502890284,0.010008830379345,0.006021893534584
6,train,nr_verified_start,1,1,-1,0.000000000000000,0.000000000000000,0.000000000000000,0.000000000000000,0.000000000000000,0.000000000000000,0.037102305529571,0.000005759728136,0.194314698548041,0.189025527683420,0.807560336546467,0.167966542003366
7,train,nr_verified_start,1,1,-1,0.000000000000000,0.000000000000000,0.000000000000000,0.000000000000000,0.000000000000000,0.000000000000000,0.090364856862350,0.000012238349951,0.194314698548041,0.189025527683420,4.283962709589385,1.366620692028363
8,train,nr_verified_start,1,1,-1,0.000000000000000,0.000000000000000,0.000000000000000,0.000000000000000,0.000000000000000,0.000000000000000,0.000151533773244,0.000196570686298,0.190801915889598,0.184520071365429,0.004876228231947,0.010198169290231
9,train,nr_verified_start,1,1,-1,0.000000000000000,0.000000000000000,0.000000000000000,0.000000000000000,0.000000000000000,0.000000000000000,0.000002579047622,0.000021675246809,0.190801915889598,0.184520071365429,0.000275900571716,0.001120865227530
10,train,nr_verified_start,1,1,-1,0.000000000000000,0.000000000000000,0.000000000000000,0.000000000000000,0.000000000000000,0.000000000000000,0.000030382038040,0.000001183221369,0.189591946653009,0.194770960515119,0.000711703685820,0.000309747487615
11,train,nr_verified_start,1,1,-1,0.000000000000000,0.000000000000000,0.000000000000000,0.000000000000000,0.000000000000000,0.000000000000000,0.001991932429953,0.000452809338005,0.189591946653009,0.194770960515119,0.065054271221511,0.023296820467790
12,train,nr_verified_start,1,1,-1,0.000000000000000,0.000000000000000,0.000000000000000,0.000000000000000,0.000000000000000,0.000000000000000,0.021558119520570,0.000003142969200,0.196339016083637,0.143444476780116,0.904246313300054,0.252513478971811
13,train,nr_verified_start,1,1,-1,0.000000000000000,0.000000000000000,0.000000000000000,0.000000000000000,0.000000000000000,0.000000000000000,0.034002909484372,0.000065351642517,0.196339016083637,0.143444476780116,1.891014475942785,0.626826670672597
14,train,nr_verified_start,1,1,-1,0.000000000000000,0.000000000000000,0.000000000000000,0.000000000000000,0.000000000000000,0.000000000000000,0.001082855383843,0.045273227131715,0.148389495187107,0.194988731038078,0.340548244173547,1.031238027758285
15,train,nr_verified_start,1,1,-1,0.000000000000000,0.000000000000000,0.000000000000000,0.000000000000000,0.000000000000000,0.000000000000000,0.001041438018714,0.001365120459754,0.148389495187107,0.194988731038078,0.030253131292172,0.034637487911255
16,train,nr_verified_start,1,1,-1,0.000000000000000,0.000000000000000,0.000000000000000,0.000000000000000,0.000000000000000,0.000000000000000,0.000181067893053,0.000014400634282,0.183234445508791,0.191471953076431,0.006389584943952,0.001879389460575
17,train,nr_verified_start,1,1,-1,0.000000000000000,0.000000000000000,0.000000000000000,0.000000000000000,0.000000000000000,0.000000000000000,0.001009201146537,0.017402856983773,0.183234445508791,0.191471953076431,0.085896099779874,0.507018880832450
18,train,nr_verified_start,1,1,-1,0.000000000000000,0.000000000000000,0.000000000000000,0.000000000000000,0.000000000000000,0.000000000000000,0.000013151351336,0.000034950115240,0.191892008148367,0.171605872946962,0.000812460256802,0.000610553711835
19,train,nr_verified_start,1,1,-1,0.000000000000000,0.000000000000000,0.000000000000000,0.000000000000000,0.000000000000000,0.000000000000000,0.000003212799490,0.000046433501059,0.191892008148367,0.171605872946962,0.000395876266242,0.001202181457263
20,train,nr_verified_start,1,1,-1,0.000000000000000,0.000000000000000,0.000000000000000,0.000000000000000,0.000000000000000,0.000000000000000,0.000002575476994,0.000031446187921,0.185965908615096,0.194196890411867,0.000122157750365,0.000537657183185
21,train,nr_verified_start,1,1,-1,0.000000000000000,0.000000000000000,0.000000000000000,0.000000000000000,0.000000000000000,0.000000000000000,0.000002325116753,0.000043752303953,0.185965908615096,0.194196890411867,0.000323065414073,0.000726418441443
22,train,nr_verified_start,1,1,-1,0.000000000000000,0.000000000000000,0.000000000000000,0.000000000000000,0.000000000000000,0.000000000000000,0.000020707596389,0.000065022795949,0.194370264632907,0.189729849860601,0.000934350127210,0.001692197822775
23,train,nr_verified_start,1,1,-1,0.000000000000000,0.000000000000000,0.000000000000000,0.000000000000000,0.000000000000000,0.000000000000000,0.000113334319371,0.002638643926766,0.194370264632907,0.189729849860601,0.018404802202812,0.078087602271074
24,train,nr_verified_start,1,1,-1,0.000000000000000,0.000000000000000,0.000000000000000,0.000000000000000,0.000000000000000,0.000000000000000,0.000597605776221,0.000009428473938,0.194061584645818,0.179846681583300,0.011176886901811,0.003565420607746
25,train,nr_verified_start,1,1,-1,0.000000000000000,0.000000000000000,0.000000000000000,0.000000000000000,0.000000000000000,0.000000000000000,0.002781963151333,0.000667570104991,0.194061584645818,0.179846681583300,0.103212610939939,0.036645706143194
26,train,nr_verified_start,1,1,-1,0.000000000000000,0.000000000000000,0.000000000000000,0.000000000000000,0.000000000000000,0.000000000000000,0.000005281109955,0.000141908266023,0.187158254932667,0.168338638094124,0.002237740900040,0.007818104454390
27,train,nr_verified_start,1,1,-1,0.000000000000000,0.000000000000000,0.000000000000000,0.000000000000000,0.000000000000000,0.000000000000000,0.000079745441519,0.000011217096904,0.187158254932667,0.168338638094124,0.001618146962069,0.000809299911604
28,train,nr_verified_start,1,1,-1,0.000000000000000,0.000000000000000,0.000000000000000,0.000000000000000,0.000000000000000,0.000000000000000,0.000052668433987,0.000938537569387,0.181214045348594,0.182747132845697,0.004583447970147,0.020805990184506
29,train,nr_verified_start,1,1,-1,0.000000000000000,0.000000000000000,0.000000000000000,0.000000000000000,0.000000000000000,0.000000000000000,0.000296004200511,0.000002535863528,0.181214045348594,0.182747132845697,0.008116838918949,0.001582059590183
30,train,nr_verified_start,1,1,-1,0.000000000000000,0.000000000000000,0.000000000000000,0.000000000000000,0.000000000000000,0.000000000000000,0.006245863738850,0.006769893568860,0.193384923773322,0.197409901904783,0.206829302636015,0.343722135431299
31,train,nr_verified_start,1,1,-1,0.000000000000000,0.000000000000000,0.000000000000000,0.000000000000000,0.000000000000000,0.000000000000000,0.000063811186178,0.006960613872287,0.193384923773322,0.197409901904783,0.057681457329978,0.205563570508453
32,train,nr_verified_start,1,1,-1,0.000000000000000,0.000000000000000,0.000000000000000,0.000000000000000,0.000000000000000,0.000000000000000,0.007319126087655,0.014510313950390,0.194398581627607,0.181901431047860,0.581996876238477,0.295973196525914
33,train,nr_verified_start,1,1,-1,0.000000000000000,0.000000000000000,0.000000000000000,0.000000000000000,0.000000000000000,0.000000000000000,0.000005045880003,0.000139643208889,0.194398581627607,0.181901431047860,0.000904188098038,0.003745202717820
34,train,nr_verified_start,1,1,-1,0.000000000000000,0.000000000000000,0.000000000000000,0.000000000000000,0.000000000000000,0.000000000000000,0.013067341941482,0.000020026957704,0.175465675052178,0.160204682756181,0.921528616230376,0.268025889632608
35,train,nr_verified_start,1,1,-1,0.000000000000000,0.000000000000000,0.000000000000000,0.000000000000000,0.000000000000000,0.000000000000000,0.003053008524509,0.000129096536138,0.175465675052178,0.160204682756181,0.119082014777523,0.024537217858960
36,train,nr_verified_start,1,1,-1,0.000000000000000,0.000000000000000,0.000000000000000,0.000000000000000,0.000000000000000,0.000000000000000,0.000538354224166,0.000060106879292,0.167631428318199,0.168672254687087,0.011997154134050,0.004358101285575
37,train,nr_verified_start,1,1,-1,0.000000000000000,0.000000000000000,0.000000000000000,0.000000000000000,0.000000000000000,0.000000000000000,0.000009912099343,0.023304113372027,0.167631428318199,0.168672254687087,0.176613740027724,0.584312845856730
38,train,nr_verified_start,1,1,-1,0.000000000000000,0.000000000000000,0.000000000000000,0.000000000000000,0.000000000000000,0.000000000000000,0.000013148806430,0.000334561937469,0.198404104881368,0.190570135460230,0.002915987908501,0.010500136398001
39,train,nr_verified_start,1,1,-1,0.000000000000000,0.000000000000000,0.000000000000000,0.000000000000000,0.000000000000000,0.000000000000000,0.000023221908497,0.000012975758091,0.198404104881368,0.190570135460230,0.000479122701198,0.000447191964617
40,test,heatmap_start,1,1,4,-2.000000000000000,-1.800000000000000,-2.000000000000000,-1.800000000000000,-1.983061215962744,-1.957439563101655,0.179199042929751,0.043611750836777,0.184948325822585,0.390658942622914,2.147311980878272,0.770616925826532
41,test,heatmap_start,1,1,5,-2.000000000000000,-1.800000000000000,-2.000000000000000,-1.800000000000000,-1.819565747022914,-1.968611038102391,0.164424798281360,0.035285638751853,0.167807365667267,0.392888506535687,2.418576078761842,0.826788470464282
42,test,heatmap_start,1,1,5,-2.000000000000000,-1.800000000000000,-1.800000000000000,-1.600000000000000,-1.950395411930561,-1.639703108510879,0.080161117823982,0.088300694480988,0.325323827515297,0.154886015856509,1.739486124296904,2.878191514463420
43,test,heatmap_start,1,1,4,-2.000000000000000,-1.800000000000000,-1.800000000000000,-1.600000000000000,-1.825894927758960,-1.711407620989304,0.164996733792629,0.037095262579222,0.165921086252035,0.341556748016826,3.069918457904142,0.794875135908540
44,test,heatmap_start,1,1,5,-2.000000000000000,-1.800000000000000,-1.600000000000000,-1.400000000000000,-1.987132678766819,-1.532774195784621,0.179566960083262,0.040667925172037,0.304108692299906,0.101476354262553,2.970114318655472,1.425867435312645
45,test,heatmap_start,1,1,5,-2.000000000000000,-1.800000000000000,-1.600000000000000,-1.400000000000000,-1.927292051887623,-1.551704371067364,0.074521987513060,0.087254730814258,0.307864516782126,0.134271749594142,3.660175786586390,1.214978320176800
46,test,heatmap_start,1,1,5,-2.000000000000000,-1.800000000000000,-1.400000000000000,-1.200000000000000,-1.957705775896431,-1.381495492469079,0.176907802217477,0.043524929974255,0.274094376580972,0.123433393720983,5.212511385504893,1.047302598725459
47,test,heatmap_start,1,1,5,-2.000000000000000,-1.800000000000000,-1.400000000000000,-1.200000000000000,-1.817952181345366,-1.238621529165365,0.164278988649871,0.040396817961619,0.245747595780845,0.121700779601793,1.786669111309152,1.812534970124429
48,test,heatmap_start,1,1,5,-2.000000000000000,-1.800000000000000,-1.200000000000000,-1.000000000000000,-1.889677445679531,-1.085882996940812,0.083366328223811,0.085551796203929,0.105391932159288,0.216716731077468,2.620353305854270,1.714665767768448
49,test,heatmap_start,1,1,5,-2.000000000000000,-1.800000000000000,-1.200000000000000,-1.000000000000000,-1.900473286607176,-1.103710180202103,0.171735996514977,0.036985685218836,0.090972932315928,0.220274617969141,5.375205238736385,2.937572388520826
50,test,heatmap_start,1,1,4,-2.000000000000000,-1.800000000000000,-1.000000000000000,-0.800000000000000,-1.867409185767805,-0.868454061652916,0.083028551627404,0.084543640215118,0.083539359848528,0.173323024545552,2.011524778252252,2.198900760454829
51,test,heatmap_start,1,1,5,-2.000000000000000,-1.800000000000000,-1.000000000000000,-0.800000000000000,-1.923229724282822,-0.975690667315798,0.079534195335724,0.087070816133923,0.095756845856492,0.194724931285575,2.422520492962240,0.955546081701065
52,test,heatmap_start,1,1,5,-2.000000000000000,-1.800000000000000,-0.800000000000000,-0.600000000000000,-1.808680856848838,-0.668852559465853,0.163441186738818,0.039152932736388,0.132703093358434,0.066551422025075,4.591440116782731,1.157568595411355
53,test,heatmap_start,1,1,5,-2.000000000000000,-1.800000000000000,-0.800000000000000,-0.600000000000000,-1.927147120648461,-0.634262397110853,0.174146373710088,0.033863941510450,0.052057229875831,0.126583871130193,5.688700306948970,1.275864873633572
54,test,heatmap_start,1,1,5,-2.000000000000000,-1.800000000000000,-0.600000000000000,-0.400000000000000,-1.862002331253862,-0.577343183284452,0.168259574141117,0.039600194299685,0.114547257488911,0.056507665472220,4.122546702285559,2.257916112035857
55,test,heatmap_start,1,1,5,-2.000000000000000,-1.800000000000000,-0.600000000000000,-0.400000000000000,-1.920523498085240,-0.431346621655838,0.083584118411522,0.086948296540610,0.041598182756311,0.086086650283611,2.573713907540919,1.958338575127776
56,test,heatmap_start,1,1,4,-2.000000000000000,-1.800000000000000,-0.400000000000000,-0.200000000000000,-1.860956249307431,-0.206416929269519,0.168165045095762,0.041798157912419,0.040953966084079,0.020086789967445,5.514319912692740,1.227831019080032
57,test,heatmap_start,1,1,5,-2.000000000000000,-1.800000000000000,-0.400000000000000,-0.200000000000000,-1.956615625723140,-0.219242116124872,0.176809290953109,0.037206741756135,0.021501275133875,0.043755574822467,3.946026563014892,1.011510309393711
58,test,heatmap_start,1,1,5,-2.000000000000000,-1.800000000000000,-0.200000000000000,0.000000000000000,-1.931211253275344,-0.101302316061548,0.174513628473186,0.036982843047767,0.009974335709936,0.020217561974250,2.746416830470782,2.389293138160990
59,test,heatmap_start,1,1,6,-2.000000000000000,-1.800000000000000,-0.200000000000000,0.000000000000000,-1.925938086394298,-0.059231791183140,0.174037119502769,0.042908864883505,0.003934420084413,0.011821273744259,5.998694983355604,1.254102443146748
60,test,heatmap_start,1,1,5,-2.000000000000000,-1.800000000000000,0.000000000000000,0.200000000000000,-1.858905585651032,0.119717980589648,0.082394445853739,0.084158654795594,0.023752538777094,0.011707605059921,2.360599720889850,2.037146094654352
61,test,heatmap_start,1,1,4,-2.000000000000000,-1.800000000000000,0.000000000000000,0.200000000000000,-1.853686152912709,0.132466663330849,0.079328276719621,0.083922354231733,0.026281929764779,0.011117250850132,3.508393845574110,1.378783495360064
62,test,heatmap_start,1,1,5,-2.000000000000000,-1.800000000000000,0.200000000000000,0.400000000000000,-1.823167768893405,0.238914683391036,0.082306031125598,0.082540688500334,0.022418864737701,0.047681757000322,2.524352554081291,4.894124250457407
63,test,heatmap_start,1,1,5,-2.000000000000000,-1.800000000000000,0.200000000000000,0.400000000000000,-1.944053100521788,0.304945078984816,0.175674080161459,0.043866361149379,0.060502355433960,0.030421245900591,2.889711223608278,1.465785558211704
64,test,heatmap_start,1,1,5,-2.000000000000000,-1.800000000000000,0.400000000000000,0.600000000000000,-1.802199339721977,0.486250002623335,0.162855485371398,0.039955517584286,0.047025969782416,0.097044075053957,2.878334378734307,1.406643570011310
65,test,heatmap_start,1,1,5,-2.000000000000000,-1.800000000000000,0.400000000000000,0.600000000000000,-1.917305766140504,0.514312012605352,0.173257061118645,0.041445262343119,0.047034148547824,0.102644592870240,5.738922290313717,1.561585849092191
66,test,heatmap_start,1,1,5,-2.000000000000000,-1.800000000000000,0.600000000000000,0.800000000000000,-1.961017140925901,0.793300482467805,0.177207033244384,0.037678451950245,0.066072169836076,0.158324136032100,2.963261036387237,0.628775579205955
67,test,heatmap_start,1,1,5,-2.000000000000000,-1.800000000000000,0.600000000000000,0.800000000000000,-1.966084205639954,0.730217796035146,0.177664917821981,0.042923961967217,0.144878208190798,0.069984631971802,2.380914499954362,1.614729064317582
68,test,heatmap_start,1,1,5,-2.000000000000000,-1.800000000000000,0.800000000000000,1.000000000000000,-1.803545933675417,0.818986150346504,0.162977170141252,0.038115906707044,0.162490214069735,0.079376697019355,2.390004220774695,1.352757582823874
69,test,heatmap_start,1,1,5,-2.000000000000000,-1.800000000000000,0.800000000000000,1.000000000000000,-1.953561061156975,0.867440180774104,0.176533265663310,0.043104515970099,0.077332326345415,0.173120677745412,2.168156778108909,2.286045743397971
70,test,heatmap_start,1,1,5,-2.000000000000000,-1.800000000000000,1.000000000000000,1.200000000000000,-1.915257790360969,1.026722142174114,0.078304442614760,0.086709900958800,0.088636690836251,0.204909614575131,1.888013967774028,2.761089255834265
71,test,heatmap_start,1,1,5,-2.000000000000000,-1.800000000000000,1.000000000000000,1.200000000000000,-1.807036806119371,1.027085338112862,0.163292622329975,0.039017520106208,0.203777947145059,0.100832261810865,3.054149119649018,1.627698605984502
72,test,heatmap_start,1,1,5,-2.000000000000000,-1.800000000000000,1.200000000000000,1.400000000000000,-1.937784547697490,1.229379900078345,0.175107623282757,0.042591083825726,0.243914018634189,0.102665643563445,3.875861567938047,1.836905700709133
73,test,heatmap_start,1,1,5,-2.000000000000000,-1.800000000000000,1.200000000000000,1.400000000000000,-1.983887894636605,1.336623260425219,0.079283188302575,0.089817007257744,0.120406377159081,0.266758595997475,2.782446448985333,1.955431310912131
74,test,heatmap_start,1,1,5,-2.000000000000000,-1.800000000000000,1.400000000000000,1.600000000000000,-1.953377141601936,1.596391497308562,0.176516645799045,0.042918047891939,0.316730626063732,0.109257843351761,4.781861105299261,0.722706171632358
75,test,heatmap_start,1,1,5,-2.000000000000000,-1.800000000000000,1.400000000000000,1.600000000000000,-1.853470193120632,1.506840801644257,0.079945053500055,0.083912577035015,0.147396662974822,0.300730017604553,2.171191665662031,1.488360984305275
76,test,heatmap_start,1,1,5,-2.000000000000000,-1.800000000000000,1.600000000000000,1.800000000000000,-1.923218253340938,1.636234524871636,0.173791342178213,0.038197455263628,0.150567781386609,0.326553964382227,2.780276378014360,1.816558445622101
77,test,heatmap_start,1,1,5,-2.000000000000000,-1.800000000000000,1.600000000000000,1.800000000000000,-1.840959880010619,1.641849180324870,0.166358076046488,0.036427469158673,0.160530507548113,0.327674517682517,3.630769825048952,1.937059458521399
78,test,heatmap_start,1,1,5,-2.000000000000000,-1.800000000000000,1.800000000000000,2.000000000000000,-1.816754252293251,1.830064207750620,0.164170737962545,0.037271355790610,0.363092251014191,0.180391151165801,3.500750356709320,0.755369416843121
79,test,heatmap_start,1,1,5,-2.000000000000000,-1.800000000000000,1.800000000000000,2.000000000000000,-1.802543551096643,1.836737323272601,0.162886589983000,0.036803300214427,0.364416224526100,0.181776290172929,3.876666196117879,0.932733806460515
80,test,heatmap_start,1,1,5,-1.800000000000000,-1.600000000000000,-2.000000000000000,-1.800000000000000,-1.732701368435534,-1.873289003047372,0.077265530165221,0.078444982604616,0.178665111342878,0.373864468131021,2.609893449626088,1.299608427608325
81,test,heatmap_start,1,1,5,-1.800000000000000,-1.600000000000000,-2.000000000000000,-1.800000000000000,-1.736906995982421,-1.971514368297175,0.156955352075166,0.034941754348913,0.391156543502756,0.134834618049866,1.621852551104060,2.169716716455681
82,test,heatmap_start,1,1,5,-1.800000000000000,-1.600000000000000,-1.800000000000000,-1.600000000000000,-1.769357352396873,-1.798724522444095,0.159887723887690,0.034451920501475,0.169150535102782,0.358983149852389,5.590340293416997,0.651663013180361
83,test,heatmap_start,1,1,4,-1.800000000000000,-1.600000000000000,-1.800000000000000,-1.600000000000000,-1.699709599289313,-1.646507066635742,0.153594014647341,0.027372781936727,0.326673760736711,0.081638218907694,2.062457270965302,0.679829225563168
84,test,heatmap_start,1,1,5,-1.800000000000000,-1.600000000000000,-1.600000000000000,-1.400000000000000,-1.714347903912238,-1.422791100930856,0.154916802949299,0.035899612288425,0.282287594813362,0.138831700360860,5.256887809995998,0.978654888815375
85,test,heatmap_start,1,1,5,-1.800000000000000,-1.600000000000000,-1.600000000000000,-1.400000000000000,-1.615917243161138,-1.490058543670016,0.072302555481243,0.073157788375690,0.295633731577684,0.124005406437283,2.114240600815163,1.802907534224975
86,test,heatmap_start,1,1,5,-1.800000000000000,-1.600000000000000,-1.400000000000000,-1.200000000000000,-1.720854039355241,-1.355462864045013,0.155504728947333,0.033405265760116,0.133796455710640,0.270518538203753,3.970883996188267,0.918105086902627
87,test,heatmap_start,1,1,5,-1.800000000000000,-1.600000000000000,-1.400000000000000,-1.200000000000000,-1.683446828647940,-1.271511218596562,0.152124431706148,0.036853894347495,0.252273045172268,0.125523656363802,1.975629590402789,1.280058478371972
88,test,heatmap_start,1,1,5,-1.800000000000000,-1.600000000000000,-1.200000000000000,-1.000000000000000,-1.755370376081313,-1.073086802246477,0.158623792774997,0.035080386206150,0.097903095046103,0.214162911290070,4.745568070771663,1.033456323295423
89,test,heatmap_start,1,1,4,-1.800000000000000,-1.600000000000000,-1.200000000000000,-1.000000000000000,-1.635191690869278,-1.138979555985309,0.147763863087906,0.031722575838384,0.225978219283443,0.108890691343767,2.034079987575367,0.919045401520703
90,test,heatmap_start,1,1,5,-1.800000000000000,-1.600000000000000,-1.000000000000000,-0.800000000000000,-1.717720847768155,-0.830399956819220,0.155221598538044,0.038598308083259,0.079700765667598,0.165728319382223,3.895624676586516,2.163796149290022
91,test,heatmap_start,1,1,5,-1.800000000000000,-1.600000000000000,-1.000000000000000,-0.800000000000000,-1.607271801164845,-0.875034097446955,0.145240886251153,0.034274014666956,0.173610356844639,0.085744460488944,3.104996092114006,1.679666026865979
92,test,heatmap_start,1,1,5,-1.800000000000000,-1.600000000000000,-0.800000000000000,-0.600000000000000,-1.745667678451847,-0.692708370296555,0.076575308402234,0.079032009303045,0.064240458369911,0.138248314066615,4.490191484590770,1.419704930590312
93,test,heatmap_start,1,1,5,-1.800000000000000,-1.600000000000000,-0.800000000000000,-0.600000000000000,-1.616293299622796,-0.648982529455028,0.146056112667989,0.035702153049879,0.053848990597598,0.129521663665525,1.956078610885379,1.131387817137569
94,test,heatmap_start,1,1,4,-1.800000000000000,-1.600000000000000,-0.600000000000000,-0.400000000000000,-1.794690399013944,-0.577145079710825,0.162176941019129,0.038985282548070,0.054964145315919,0.115184596669021,2.357102509397902,1.348266714984882
95,test,heatmap_start,1,1,5,-1.800000000000000,-1.600000000000000,-0.600000000000000,-0.400000000000000,-1.609901865531681,-0.456225553758989,0.062840321395339,0.072885452817988,0.037171234107041,0.091051900548402,1.201310974292231,2.382227799897091
96,test,heatmap_start,1,1,5,-1.800000000000000,-1.600000000000000,-0.400000000000000,-0.200000000000000,-1.634659469562362,-0.308923171199094,0.147715768985688,0.026579491316501,0.061291625258870,0.029685614092353,3.579788339275592,0.840151907834505
97,test,heatmap_start,1,1,5,-1.800000000000000,-1.600000000000000,-0.400000000000000,-0.200000000000000,-1.787178721483830,-0.297182391982262,0.161498149354324,0.034911483367445,0.058962206467745,0.025519631941138,3.933849319991131,1.679237368877581
98,test,heatmap_start,1,1,5,-1.800000000000000,-1.600000000000000,-0.200000000000000,0.000000000000000,-1.624359062880603,-0.066205863802221,0.070518779465706,0.073539976797254,0.006493683004985,0.013213134768478,1.520983060019262,1.329088763413727
99,test,heatmap_start,1,1,4,-1.800000000000000,-1.600000000000000,-0.200000000000000,0.000000000000000,-1.731339994911453,-0.095429030426390,0.075322940906846,0.078383348831849,0.009344061142662,0.019045392166710,1.971184300994716,1.078630682505633
100,test,heatmap_start,1,1,5,-1.800000000000000,-1.600000000000000,0.000000000000000,0.200000000000000,-1.642509168091554,0.168980278512525,0.148425105869691,0.031367191044736,0.016730896155702,0.033724493042956,2.684244820691434,1.285313834918219
101,test,heatmap_start,1,1,5,-1.800000000000000,-1.600000000000000,0.000000000000000,0.200000000000000,-1.605111497051897,0.036466154015860,0.145045670679207,0.035966252677936,0.007235034645983,0.003108983485524,2.365859800247272,0.919290204248396
102,test,heatmap_start,1,1,5,-1.800000000000000,-1.600000000000000,0.200000000000000,0.400000000000000,-1.662936685741486,0.216549725551826,0.150271035578180,0.036944049271942,0.020949247374003,0.043218236927484,4.383234383170511,2.028188744739144
103,test,heatmap_start,1,1,4,-1.800000000000000,-1.600000000000000,0.200000000000000,0.400000000000000,-1.727324683245649,0.362054028170728,0.075899192461290,0.078201562714799,0.031283556364563,0.072257476799654,1.989443115316504,1.832068922697768
104,test,heatmap_start,1,1,5,-1.800000000000000,-1.600000000000000,0.400000000000000,0.600000000000000,-1.661118274117720,0.473610150094348,0.150106715072082,0.030869238176072,0.093966197892199,0.045064418049925,2.114010562736876,1.107803783838752
105,test,heatmap_start,1,1,5,-1.800000000000000,-1.600000000000000,0.400000000000000,0.600000000000000,-1.688358380683415,0.502383666179837,0.152568263402806,0.033911739578823,0.046374488362179,0.100263975205372,3.786983061097730,1.372484612064927
106,test,heatmap_start,1,1,5,-1.800000000000000,-1.600000000000000,0.600000000000000,0.800000000000000,-1.642561269316206,0.794989860495944,0.148429813989399,0.033223991149826,0.157729251661461,0.067531247010151,2.985321225001622,0.426281669481104
107,test,heatmap_start,1,1,5,-1.800000000000000,-1.600000000000000,0.600000000000000,0.800000000000000,-1.640836771560354,0.715514120443216,0.071270594689823,0.074285975844923,0.141960938596516,0.068905714403157,2.480761624465827,0.841704289303396
108,test,heatmap_start,1,1,5,-1.800000000000000,-1.600000000000000,0.800000000000000,1.000000000000000,-1.793157174257155,0.884081765532605,0.162038391383444,0.034390907729649,0.175405451332436,0.079155908528556,2.392742353277258,1.225141683230974
109,test,heatmap_start,1,1,5,-1.800000000000000,-1.600000000000000,0.800000000000000,1.000000000000000,-1.648134942218703,0.836134037341942,0.148933478143430,0.032957717913562,0.082186474943397,0.166872707120239,4.366800626143205,0.855638605347148
110,test,heatmap_start,1,1,5,-1.800000000000000,-1.600000000000000,1.000000000000000,1.200000000000000,-1.753721746486728,1.143946020954794,0.079150140627117,0.079396642954522,0.226963586320138,0.107417338570088,3.703216749401952,2.212331132375676
111,test,heatmap_start,1,1,5,-1.800000000000000,-1.600000000000000,1.000000000000000,1.200000000000000,-1.718056031593125,1.001146791092091,0.071584443286135,0.077781940943329,0.093694849243878,0.199805375445989,1.855937504521693,1.153086880844292
112,test,heatmap_start,1,1,5,-1.800000000000000,-1.600000000000000,1.200000000000000,1.400000000000000,-1.643775233453215,1.248090329711627,0.148539513684876,0.035916812963954,0.109062946533401,0.249089503295028,3.102931363454420,1.679822265351916
113,test,heatmap_start,1,1,5,-1.800000000000000,-1.600000000000000,1.200000000000000,1.400000000000000,-1.634556369235919,1.335562395874064,0.147706452339446,0.028761982097679,0.111673890555455,0.266546872360315,1.960224555937834,1.565007120019687
114,test,heatmap_start,1,1,6,-1.800000000000000,-1.600000000000000,1.400000000000000,1.600000000000000,-1.707053338068814,1.595394497281038,0.154257630550985,0.037680037208117,0.157214297204495,0.318403254497753,4.935313370043922,1.732578744322694
115,test,heatmap_start,1,1,5,-1.800000000000000,-1.600000000000000,1.400000000000000,1.600000000000000,-1.785388361543057,1.429383510776116,0.161336363734544,0.037275513857721,0.283595555987722,0.133701609846185,2.798373364774204,1.853798210622331
116,test,heatmap_start,1,1,5,-1.800000000000000,-1.600000000000000,1.600000000000000,1.800000000000000,-1.756589399021266,1.764560033433860,0.158733949608478,0.036815075556490,0.350095953942881,0.174440282125800,5.286265885681077,2.342758416854448
117,test,heatmap_start,1,1,4,-1.800000000000000,-1.600000000000000,1.600000000000000,1.800000000000000,-1.612805333283648,1.644328232085099,0.072566742201286,0.073016902172993,0.326241471018006,0.158684484197823,2.296930491161294,1.145835696499803
118,test,heatmap_start,1,1,5,-1.800000000000000,-1.600000000000000,1.800000000000000,2.000000000000000,-1.648430028753305,1.895597609001975,0.066675377261117,0.074629747102489,0.180095398937191,0.378316741691799,2.018526286134332,1.656366184621783
119,test,heatmap_start,1,1,5,-1.800000000000000,-1.600000000000000,1.800000000000000,2.000000000000000,-1.773343068619087,1.833043049522623,0.160247892563604,0.034830361287014,0.363683265449549,0.174713841141830,3.763909173667800,0.895093158863680
120,test,heatmap_start,1,1,4,-1.600000000000000,-1.400000000000000,-2.000000000000000,-1.800000000000000,-1.403599943812566,-1.845826195274973,0.063272502275365,0.063545499058289,0.366219494040112,0.167135815513350,2.337036606228647,1.593263149547686
121,test,heatmap_start,1,1,5,-1.600000000000000,-1.400000000000000,-2.000000000000000,-1.800000000000000,-1.403772650934900,-1.913241944413828,0.126851714669014,0.029489286411405,0.169315684329195,0.381838136449119,4.232833279488700,0.927408381844392
122,test,heatmap_start,1,1,5,-1.600000000000000,-1.400000000000000,-1.800000000000000,-1.600000000000000,-1.509921879957851,-1.758280994372534,0.136443874555722,0.031387703989674,0.348850166818404,0.171165084430072,4.755881901607767,1.675973918292236
123,test,heatmap_start,1,1,5,-1.600000000000000,-1.400000000000000,-1.800000000000000,-1.600000000000000,-1.584611344173287,-1.758065020926873,0.143193177298675,0.035241703089558,0.348807316800239,0.171768437874032,4.606114608286143,1.675172820214428
124,test,heatmap_start,1,1,4,-1.600000000000000,-1.400000000000000,-1.600000000000000,-1.400000000000000,-1.486090535649618,-1.403788819077396,0.064346697368867,0.067280114358758,0.278517464091523,0.136898672278500,1.407126237139649,1.290481198696552
125,test,heatmap_start,1,1,5,-1.600000000000000,-1.400000000000000,-1.600000000000000,-1.400000000000000,-1.454710901283009,-1.406802447613151,0.064894523285284,0.065859457044768,0.279115380363605,0.139801615066974,1.314660506918420,1.971518556741776
126,test,heatmap_start,1,1,5,-1.600000000000000,-1.400000000000000,-1.400000000000000,-1.200000000000000,-1.559010625722101,-1.376467813214366,0.068151997191488,0.070581442159074,0.093520975613125,0.274710632502360,2.784920270052610,1.731769277093593
127,test,heatmap_start,1,1,4,-1.600000000000000,-1.400000000000000,-1.400000000000000,-1.200000000000000,-1.485260538600031,-1.313935217103544,0.134215355973889,0.032413251324516,0.113629521236466,0.262230595653912,3.052664099072781,0.515433177391225
128,test,heatmap_start,1,1,5,-1.600000000000000,-1.400000000000000,-1.200000000000000,-1.000000000000000,-1.550588298698326,-1.097416863101436,0.140118689664309,0.032700579056058,0.217732010405359,0.099611244987433,4.081822053682399,1.661544600336510
129,test,heatmap_start,1,1,5,-1.600000000000000,-1.400000000000000,-1.200000000000000,-1.000000000000000,-1.591701006318508,-1.064108330588195,0.143833833603630,0.033866309149863,0.102205799898159,0.212371019315210,4.910930585432867,2.066153038626577
130,test,heatmap_start,1,1,4,-1.600000000000000,-1.400000000000000,-1.000000000000000,-0.800000000000000,-1.553315549859025,-0.932232796913341,0.065955793852483,0.070323607695993,0.184958813612645,0.089853811727693,2.984882162227526,1.933010323147129
131,test,heatmap_start,1,1,4,-1.600000000000000,-1.400000000000000,-1.000000000000000,-0.800000000000000,-1.504887139752812,-0.808165254632531,0.135988910977754,0.033384489019423,0.054103087556691,0.161290795276997,1.999162190627223,1.770924790317363
132,test,heatmap_start,1,1,5,-1.600000000000000,-1.400000000000000,-0.800000000000000,-0.600000000000000,-1.582360254864071,-0.622893086720022,0.142989757935463,0.034798876306290,0.123584545307478,0.052628290142250,4.165376634583574,1.972234629341473
133,test,heatmap_start,1,1,5,-1.600000000000000,-1.400000000000000,-0.800000000000000,-0.600000000000000,-1.573561410405532,-0.757469081967270,0.142194651615413,0.028795212764086,0.150284975183028,0.061736910590868,2.730152285132074,0.663564839171643
134,test,heatmap_start,1,1,4,-1.600000000000000,-1.400000000000000,-0.600000000000000,-0.400000000000000,-1.432786879381343,-0.594776595685654,0.129473581269548,0.031711659270721,0.057561610607014,0.118703432967931,4.584060336689853,0.531726560429668
135,test,heatmap_start,1,1,5,-1.600000000000000,-1.400000000000000,-0.600000000000000,-0.400000000000000,-1.449125958374118,-0.576599214421816,0.065005728957139,0.065606608655936,0.055134005480963,0.115075654783591,3.172358977109150,1.556190260695911
136,test,heatmap_start,1,1,4,-1.600000000000000,-1.400000000000000,-0.400000000000000,-0.200000000000000,-1.532080829488133,-0.222430313432104,0.065435500168516,0.069362243377563,0.021241182088294,0.044391864091569,1.847795054931811,1.277144257307899
137,test,heatmap_start,1,1,5,-1.600000000000000,-1.400000000000000,-0.400000000000000,-0.200000000000000,-1.414826326923898,-0.245653175410212,0.127850578517562,0.026088568746573,0.048738598378529,0.021026829342788,2.985266337095617,0.716214004861802
138,test,heatmap_start,1,1,5,-1.600000000000000,-1.400000000000000,-0.200000000000000,0.000000000000000,-1.589288536595286,-0.165629852560259,0.143615831122407,0.035315920834827,0.015587477597776,0.033055826748210,1.605367816741039,1.419229236881427
139,test,heatmap_start,1,1,5,-1.600000000000000,-1.400000000000000,-0.200000000000000,0.000000000000000,-1.596862194995520,-0.102818382769203,0.144300223679668,0.035201206947763,0.008559181422860,0.020520133265912,2.256529744796883,2.023821878324230
140,test,heatmap_start,1,1,5,-1.600000000000000,-1.400000000000000,0.000000000000000,0.200000000000000,-1.497136288411217,0.061920389480014,0.135288506405709,0.026474200841128,0.005939980882281,0.012357854790025,2.238627917468342,1.660445466342643
141,test,heatmap_start,1,1,5,-1.600000000000000,-1.400000000000000,0.000000000000000,0.200000000000000,-1.481349886582103,0.054570154501742,0.133861970464050,0.029999955034965,0.005000603689131,0.010890920597640,2.681961144905866,0.917852993518627
142,test,heatmap_start,1,1,5,-1.600000000000000,-1.400000000000000,0.200000000000000,0.400000000000000,-1.536050339909098,0.309411462150548,0.138804969099250,0.034400531308906,0.029485443458272,0.061751257570176,4.442708874520286,2.567162321823298
143,test,heatmap_start,1,1,5,-1.600000000000000,-1.400000000000000,0.200000000000000,0.400000000000000,-1.550674944673520,0.246530300577443,0.140126519415455,0.033766328723726,0.048912623612202,0.023617233454157,6.235328420422150,4.211404828457069
144,test,heatmap_start,1,1,4,-1.600000000000000,-1.400000000000000,0.400000000000000,0.600000000000000,-1.528580320522150,0.463940983429414,0.064856398101650,0.069203764040070,0.039018182587942,0.092591719020322,2.156152748985358,1.103251950595928
145,test,heatmap_start,1,1,4,-1.600000000000000,-1.400000000000000,0.400000000000000,0.600000000000000,-1.545916899324597,0.502497192260394,0.139696559328555,0.032254687106905,0.099697505635824,0.031024655744396,2.673305601617225,0.840940238754582
146,test,heatmap_start,1,1,5,-1.600000000000000,-1.400000000000000,0.600000000000000,0.800000000000000,-1.449264204598216,0.732224624552473,0.130962552404245,0.029541053202786,0.145276371206429,0.065970372848232,3.863450055863897,0.827377684829100
147,test,heatmap_start,1,1,4,-1.600000000000000,-1.400000000000000,0.600000000000000,0.800000000000000,-1.514840404997074,0.742187495557411,0.055233832667045,0.068581713723732,0.147253045710212,0.060038685868520,1.807101132522057,1.601320630603171
148,test,heatmap_start,1,1,4,-1.600000000000000,-1.400000000000000,0.800000000000000,1.000000000000000,-1.593389691787585,0.909580235528066,0.143986431424329,0.029971559733536,0.180464452447730,0.090727928228049,3.668075728551831,1.769430721775997
149,test,heatmap_start,1,1,4,-1.600000000000000,-1.400000000000000,0.800000000000000,1.000000000000000,-1.411585657792457,0.951283545651496,0.127557735915361,0.027851613160406,0.188738560363359,0.094618200033601,2.146026460683655,0.572847889913688
150,test,heatmap_start,1,1,5,-1.600000000000000,-1.400000000000000,1.000000000000000,1.200000000000000,-1.539653186288794,1.160513631070375,0.139130539796648,0.026077887992707,0.104798852244495,0.231611252045531,5.138439146938377,0.585809320033136
151,test,heatmap_start,1,1,4,-1.600000000000000,-1.400000000000000,1.000000000000000,1.200000000000000,-1.518267368364513,1.187588351709848,0.066840906104788,0.068736863414638,0.113432662058574,0.237014730107488,1.694148987855822,0.729241487920197
152,test,heatmap_start,1,1,5,-1.600000000000000,-1.400000000000000,1.200000000000000,1.400000000000000,-1.561435109975452,1.343187965541448,0.141098860212779,0.028122755218145,0.266494005990677,0.122284213621456,3.571062006980802,0.809529238605996
153,test,heatmap_start,1,1,5,-1.600000000000000,-1.400000000000000,1.200000000000000,1.400000000000000,-1.432415721982964,1.305640528955338,0.129440041684370,0.030924006454374,0.259044440444220,0.118885126928911,3.444879130754868,0.850287605162951
154,test,heatmap_start,1,1,4,-1.600000000000000,-1.400000000000000,1.400000000000000,1.600000000000000,-1.403237267685019,1.586354030612436,0.063020399269070,0.063529079539592,0.314739151468610,0.137373952084149,1.098494441038113,0.550311429034623
155,test,heatmap_start,1,1,5,-1.600000000000000,-1.400000000000000,1.400000000000000,1.600000000000000,-1.440164528574243,1.532115731165791,0.130140261482845,0.031933624309759,0.303978050216611,0.124064961180867,2.516540495508069,1.570126197343515
156,test,heatmap_start,1,1,5,-1.600000000000000,-1.400000000000000,1.600000000000000,1.800000000000000,-1.555585862168174,1.689610463358784,0.069763789215397,0.070426392060825,0.150963616690749,0.337206547523979,1.758467751019396,1.407533676045961
157,test,heatmap_start,1,1,4,-1.600000000000000,-1.400000000000000,1.600000000000000,1.800000000000000,-1.464111050834636,1.760415190347171,0.132304185539257,0.031534415893270,0.115532898437938,0.351337507324422,2.249549523444365,1.039869863692958
158,test,heatmap_start,1,1,5,-1.600000000000000,-1.400000000000000,1.800000000000000,2.000000000000000,-1.549582495458236,1.970997373120666,0.066111692486260,0.070154600276211,0.391053969537533,0.181681583800065,4.062040047599896,1.973431093775794
159,test,heatmap_start,1,1,5,-1.600000000000000,-1.400000000000000,1.800000000000000,2.000000000000000,-1.503413324148855,1.985497598593110,0.135855729841661,0.029213914340991,0.180336811300525,0.396258667224270,3.468629833651976,0.825815541512948
160,test,heatmap_start,1,1,5,-1.400000000000000,-1.200000000000000,-2.000000000000000,-1.800000000000000,-1.383569214398180,-1.934491145231440,0.125026034018245,0.027709992574535,0.190957980615620,0.386078977637512,3.485795688323405,0.724241843413835
161,test,heatmap_start,1,1,5,-1.400000000000000,-1.200000000000000,-2.000000000000000,-1.800000000000000,-1.269702495882461,-1.934037439214759,0.114736484298187,0.028301529890153,0.383720966934457,0.185136864740109,5.141096571591545,0.568829707890080
162,test,heatmap_start,1,1,4,-1.400000000000000,-1.200000000000000,-1.800000000000000,-1.600000000000000,-1.286506162928962,-1.794269587150366,0.116254945265607,0.027749798153219,0.355990451354430,0.153618190158538,1.986081849209997,0.458793580191102
163,test,heatmap_start,1,1,4,-1.400000000000000,-1.200000000000000,-1.800000000000000,-1.600000000000000,-1.204894009193650,-1.754335498704798,0.108880074675087,0.026461090392294,0.348067364282134,0.132654906192326,3.655481297394243,2.575764903323214
164,test,heatmap_start,1,1,4,-1.400000000000000,-1.200000000000000,-1.600000000000000,-1.400000000000000,-1.362874148140343,-1.569265187004343,0.123155927318099,0.023948959714447,0.153928557305644,0.313188458129795,2.039807877906526,0.513451095063890
165,test,heatmap_start,1,1,5,-1.400000000000000,-1.200000000000000,-1.600000000000000,-1.400000000000000,-1.244723817850951,-1.455858291999404,0.112479289633259,0.025663321046471,0.288848261258259,0.138034052128054,5.254285851947907,2.220382775463105
166,test,heatmap_start,1,1,5,-1.400000000000000,-1.200000000000000,-1.400000000000000,-1.200000000000000,-1.339824562811553,-1.328735973999254,0.121073054839127,0.024995037222244,0.129402691996088,0.265184478955287,5.833377733610082,2.993044159528217
167,test,heatmap_start,1,1,4,-1.400000000000000,-1.200000000000000,-1.400000000000000,-1.200000000000000,-1.243339164453914,-1.363890144089048,0.112354165627232,0.027483702870058,0.132303666851239,0.272200425283818,1.354835927913119,1.579475285663839
168,test,heatmap_start,1,1,5,-1.400000000000000,-1.200000000000000,-1.200000000000000,-1.000000000000000,-1.255307315941484,-1.131130427053332,0.052995663314672,0.056831813234723,0.104735960597880,0.225747054944098,2.821323613617506,0.814780249681129
169,test,heatmap_start,1,1,5,-1.400000000000000,-1.200000000000000,-1.200000000000000,-1.000000000000000,-1.339894589164415,-1.095247314478111,0.121079382760480,0.029074515624848,0.217301563052752,0.100370829882816,3.888964630697273,0.676024433753962
170,test,heatmap_start,1,1,5,-1.400000000000000,-1.200000000000000,-1.000000000000000,-0.800000000000000,-1.343985932329645,-0.868048846930098,0.121449096399980,0.018965100287280,0.172224454468470,0.086131424233855,2.695845366008896,0.895794042532572
171,test,heatmap_start,1,1,5,-1.400000000000000,-1.200000000000000,-1.000000000000000,-0.800000000000000,-1.270023968093865,-0.955985847652364,0.114765534088556,0.025199814695909,0.189671516382723,0.089781674039522,2.869050253698942,1.794625213769232
172,test,heatmap_start,1,1,5,-1.400000000000000,-1.200000000000000,-0.800000000000000,-0.600000000000000,-1.244736402221922,-0.688268203164511,0.051822614147158,0.056353233856907,0.064746331963193,0.137362161038153,1.982172020864988,0.995773084477670
173,test,heatmap_start,1,1,4,-1.400000000000000,-1.200000000000000,-0.800000000000000,-0.600000000000000,-1.382896147140542,-0.664407196705283,0.124965212391850,0.031222232920013,0.131821115139051,0.062675691877510,2.326715621868155,1.118859667461224
174,test,heatmap_start,1,1,5,-1.400000000000000,-1.200000000000000,-0.600000000000000,-0.400000000000000,-1.205250560507740,-0.539446858821831,0.108912294383549,0.022547653180312,0.050928737558377,0.107660917578810,3.809753914481625,1.964343779376703
175,test,heatmap_start,1,1,5,-1.400000000000000,-1.200000000000000,-0.600000000000000,-0.400000000000000,-1.387999131287885,-0.460853864147811,0.125426342823896,0.021979477946532,0.041694305235363,0.091975602550094,2.645550572150848,1.032787634391284
176,test,heatmap_start,1,1,5,-1.400000000000000,-1.200000000000000,-0.400000000000000,-0.200000000000000,-1.227479339043973,-0.310289666969208,0.054027690410622,0.055571950916026,0.061562743628963,0.028947833949219,1.189550766021500,1.281605125807489
177,test,heatmap_start,1,1,5,-1.400000000000000,-1.200000000000000,-0.400000000000000,-0.200000000000000,-1.209190454863069,-0.303480341630830,0.109268322373021,0.024897293071092,0.025298873080432,0.060567545278630,4.156368732990306,1.144753325481176
178,test,heatmap_start,1,1,5,-1.400000000000000,-1.200000000000000,-0.200000000000000,0.000000000000000,-1.326825934552022,-0.126035145029559,0.056918151691242,0.060069691899224,0.011967578699866,0.025153653486269,0.529238824976539,1.647270914468998
179,test,heatmap_start,1,1,4,-1.400000000000000,-1.200000000000000,-0.200000000000000,0.000000000000000,-1.392507026329174,-0.186882235978824,0.125833698114052,0.030405046453654,0.037078202747607,0.014017769879494,3.691037560481162,2.734590584822095
180,test,heatmap_start,1,1,4,-1.400000000000000,-1.200000000000000,0.000000000000000,0.200000000000000,-1.395910143281059,0.151341465157429,0.126141220290295,0.027235928050268,0.014804496668222,0.030204200358411,3.161980742932735,0.942087603518319
181,test,heatmap_start,1,1,5,-1.400000000000000,-1.200000000000000,0.000000000000000,0.200000000000000,-1.294130978673331,0.185282286071640,0.116943960648948,0.025362363372279,0.036760766118417,0.018453201572563,2.587041000764068,0.842062262303871
182,test,heatmap_start,1,1,4,-1.400000000000000,-1.200000000000000,0.200000000000000,0.400000000000000,-1.250534906670304,0.287480241649960,0.030123518665511,0.056615750865823,0.023367809418746,0.057374301278553,1.208871567741072,2.831234903206413
183,test,heatmap_start,1,1,4,-1.400000000000000,-1.200000000000000,0.200000000000000,0.400000000000000,-1.380934062745268,0.235286300103801,0.059380250570745,0.062519341476589,0.023263974043884,0.046957616952711,2.484371668526863,1.997375898083254
184,test,heatmap_start,1,1,4,-1.400000000000000,-1.200000000000000,0.400000000000000,0.600000000000000,-1.259961217998861,0.561978113582637,0.113856215116579,0.027903981277653,0.111498764588283,0.053323817862252,3.647457847908066,1.873487867760919
185,test,heatmap_start,1,1,5,-1.400000000000000,-1.200000000000000,0.400000000000000,0.600000000000000,-1.323830366690272,0.569180760172378,0.119627741595999,0.028047617002760,0.112927799237697,0.053766962050328,3.699673271045498,2.125572063053356
186,test,heatmap_start,1,1,5,-1.400000000000000,-1.200000000000000,0.600000000000000,0.800000000000000,-1.313536050892418,0.737304317766616,0.058791104451318,0.059468015977749,0.071088582690924,0.147148617305768,2.137544674608659,1.858568439536355
187,test,heatmap_start,1,1,4,-1.400000000000000,-1.200000000000000,0.600000000000000,0.800000000000000,-1.206007707389667,0.736050595798455,0.108980713853158,0.023878471722030,0.060912586067700,0.146898403859766,1.617208396882178,1.351801971306692
188,test,heatmap_start,1,1,4,-1.400000000000000,-1.200000000000000,0.800000000000000,1.000000000000000,-1.396496557918386,0.805727302800748,0.061144611569756,0.063223905855298,0.159859604290661,0.066640795196885,2.734970664370949,1.935865967901635
189,test,heatmap_start,1,1,4,-1.400000000000000,-1.200000000000000,0.800000000000000,1.000000000000000,-1.390299367259784,0.935527940157669,0.055137672326597,0.062943339035032,0.088479511955977,0.186709394652819,1.838562814158696,1.314173176095909
190,test,heatmap_start,1,1,4,-1.400000000000000,-1.200000000000000,1.000000000000000,1.200000000000000,-1.223250945616911,1.183883549802609,0.110538896607406,0.025638474474974,0.107240075188959,0.236275338698940,2.360640961334174,0.926344202602897
191,test,heatmap_start,1,1,5,-1.400000000000000,-1.200000000000000,1.000000000000000,1.200000000000000,-1.252244727411510,1.171158246454268,0.113158915549174,0.027097764201220,0.113207691508477,0.233735667158460,3.456820635746434,0.813697745867506
192,test,heatmap_start,1,1,5,-1.400000000000000,-1.200000000000000,1.200000000000000,1.400000000000000,-1.384552269670926,1.225754521056723,0.125114867667255,0.030791231095253,0.091078244406914,0.244631800714456,4.383844052338230,2.361967783297412
193,test,heatmap_start,1,1,5,-1.400000000000000,-1.200000000000000,1.200000000000000,1.400000000000000,-1.305495706597503,1.368085524004149,0.117970932661096,0.022642787372583,0.271433783791200,0.127454626440504,5.350608389811457,2.984104362320447
194,test,heatmap_start,1,1,4,-1.400000000000000,-1.200000000000000,1.400000000000000,1.600000000000000,-1.213379206293137,1.517195981062418,0.043381173953840,0.054933592403410,0.301017910552298,0.141008403610451,0.954492255627257,1.201186630675865
195,test,heatmap_start,1,1,4,-1.400000000000000,-1.200000000000000,1.400000000000000,1.600000000000000,-1.225304606406132,1.495994084194824,0.049927931343011,0.055473493751362,0.108660933702502,0.298565267668156,1.684512179538004,0.896422329683919
196,test,heatmap_start,1,1,5,-1.400000000000000,-1.200000000000000,1.600000000000000,1.800000000000000,-1.303146300906407,1.669611836964969,0.117758628952108,0.029018634519908,0.331257842012371,0.133498046009192,3.641686347497873,1.158143809809242
197,test,heatmap_start,1,1,4,-1.400000000000000,-1.200000000000000,1.600000000000000,1.800000000000000,-1.222098020513568,1.735583381835375,0.110434712695470,0.025861172210248,0.344346867320025,0.166262398623307,1.788357217307533,1.190642227381233
198,test,heatmap_start,1,1,4,-1.400000000000000,-1.200000000000000,1.800000000000000,2.000000000000000,-1.242344893551740,1.985067186813600,0.112264318479474,0.026091671737512,0.393845478329127,0.176515835076235,3.846806201780933,1.222333204112777
199,test,heatmap_start,1,1,4,-1.400000000000000,-1.200000000000000,1.800000000000000,2.000000000000000,-1.347539343120846,1.885983133283458,0.121770199857500,0.027428828365560,0.149280345244269,0.376397918250773,1.128055580294498,0.761836297969204
200,test,heatmap_start,1,1,5,-1.200000000000000,-1.000000000000000,-2.000000000000000,-1.800000000000000,-1.184297788945283,-1.884390765061126,0.107018900180438,0.022970248593059,0.182003681440522,0.376080118969647,1.741660027858126,0.965545653297664
201,test,heatmap_start,1,1,4,-1.200000000000000,-1.000000000000000,-2.000000000000000,-1.800000000000000,-1.023935782620676,-1.914039513091959,0.092527810432756,0.017823077336838,0.379753296302579,0.175775228486507,1.857851616032849,0.989046126128755
202,test,heatmap_start,1,1,5,-1.200000000000000,-1.000000000000000,-1.800000000000000,-1.600000000000000,-1.151867272088323,-1.732753047278407,0.104088321166687,0.025353935461135,0.343785317325735,0.172588060108278,1.914621555737454,1.558893472398018
203,test,heatmap_start,1,1,5,-1.200000000000000,-1.000000000000000,-1.800000000000000,-1.600000000000000,-1.101513929790940,-1.757794329861616,0.099538148597443,0.017380579304787,0.348753610581738,0.118409840020943,2.765690326295180,0.615556729049322
204,test,heatmap_start,1,1,5,-1.200000000000000,-1.000000000000000,-1.600000000000000,-1.400000000000000,-1.148829413789988,-1.509942091310312,0.103813805536390,0.021891065827268,0.299578709049123,0.126737413155304,1.720090651082450,1.248359386842101
205,test,heatmap_start,1,1,5,-1.200000000000000,-1.000000000000000,-1.600000000000000,-1.400000000000000,-1.122817379767868,-1.400794156742537,0.101463231805282,0.024825885185377,0.135933896426367,0.279565599071820,2.074795491726166,0.429952901974802
206,test,heatmap_start,1,1,5,-1.200000000000000,-1.000000000000000,-1.400000000000000,-1.200000000000000,-1.157572228934723,-1.209913166396819,0.104603848775518,0.023052606533279,0.240051738763142,0.106364885368682,2.312081710541875,0.656943512470574
207,test,heatmap_start,1,1,4,-1.200000000000000,-1.000000000000000,-1.400000000000000,-1.200000000000000,-1.020321823574151,-1.379112673134166,0.092201235540810,0.019328781321078,0.130474097025590,0.275238484395788,1.627948677211659,0.320975796388364
208,test,heatmap_start,1,1,4,-1.200000000000000,-1.000000000000000,-1.200000000000000,-1.000000000000000,-1.004898434699794,-1.070013028836386,0.042092762315603,0.045494995078469,0.102023182271954,0.213549458342207,1.448954559001717,0.615635229134085
209,test,heatmap_start,1,1,4,-1.200000000000000,-1.000000000000000,-1.200000000000000,-1.000000000000000,-1.135207190567522,-1.171051866671243,0.102582835284745,0.022321963013690,0.109075425513404,0.233714436253386,3.400806611767797,0.881159849885615
210,test,heatmap_start,1,1,5,-1.200000000000000,-1.000000000000000,-1.000000000000000,-0.800000000000000,-1.167299825910702,-0.932635228094582,0.105482881683867,0.025050137283972,0.082683908794928,0.186132077295399,1.443296134966899,0.760800386419682
211,test,heatmap_start,1,1,5,-1.200000000000000,-1.000000000000000,-1.000000000000000,-0.800000000000000,-1.090962340870677,-0.868485638640040,0.098584655774993,0.022533387945524,0.172311115736700,0.084509170656702,3.056955201045639,1.501892414704754
212,test,heatmap_start,1,1,4,-1.200000000000000,-1.000000000000000,-0.800000000000000,-0.600000000000000,-1.140716215087384,-0.783043637747210,0.103080657496933,0.017725379954296,0.064424698915639,0.156277110832075,1.510952788637546,1.068234545831105
213,test,heatmap_start,1,1,5,-1.200000000000000,-1.000000000000000,-0.800000000000000,-0.600000000000000,-1.142326483937251,-0.720824849576319,0.103226169211061,0.025647444444029,0.143014609056436,0.063719620759196,1.440272789377577,0.820232540514913
214,test,heatmap_start,1,1,5,-1.200000000000000,-1.000000000000000,-0.600000000000000,-0.400000000000000,-1.104996048078545,-0.409829178271892,0.099852809718080,0.024738724148190,0.037233743021004,0.081792274181903,2.286094865514183,0.648159977295856
215,test,heatmap_start,1,1,5,-1.200000000000000,-1.000000000000000,-0.600000000000000,-0.400000000000000,-1.036487682294431,-0.433059982234579,0.044067947207045,0.046925142259741,0.041440595595268,0.086428596796106,1.117885863250984,1.912924431223459
216,test,heatmap_start,1,1,4,-1.200000000000000,-1.000000000000000,-0.400000000000000,-0.200000000000000,-1.112922109445642,-0.233229139280502,0.048223943134937,0.050385575440840,0.046273618611200,0.021615072628367,1.955240988721100,1.047206611194465
217,test,heatmap_start,1,1,5,-1.200000000000000,-1.000000000000000,-0.400000000000000,-0.200000000000000,-1.052108108108889,-0.298281193025281,0.095073598592978,0.019815447376142,0.059180213105127,0.026972958012536,2.588239876786746,1.082427625364410
218,test,heatmap_start,1,1,4,-1.200000000000000,-1.000000000000000,-0.200000000000000,0.000000000000000,-1.039778941030099,-0.061149280304551,0.046314335754181,0.047074148164030,0.005065973947524,0.012203959517440,3.542045618657260,0.455653332942725
219,test,heatmap_start,1,1,5,-1.200000000000000,-1.000000000000000,-0.200000000000000,0.000000000000000,-1.123094280564455,-0.087288914292039,0.101488253906131,0.024321415040210,0.008204839896729,0.017420816255495,1.131329736856432,0.659496916478266
220,test,heatmap_start,1,1,5,-1.200000000000000,-1.000000000000000,0.000000000000000,0.200000000000000,-1.185327700788605,0.041874422079792,0.045920027632016,0.053663610223317,0.004016918651949,0.008357150719237,2.494068792515018,1.837436376744772
221,test,heatmap_start,1,1,5,-1.200000000000000,-1.000000000000000,0.000000000000000,0.200000000000000,-1.139207339705738,0.016908861026558,0.102944308189047,0.025332982730767,0.003354787436538,0.001054817564854,4.580420548024475,0.675188210012349
222,test,heatmap_start,1,1,5,-1.200000000000000,-1.000000000000000,0.200000000000000,0.400000000000000,-1.043361842244161,0.321659057256093,0.094283243530031,0.022848671725171,0.063818477331880,0.030894728357963,2.151628349836229,1.114608367243825
223,test,heatmap_start,1,1,4,-1.200000000000000,-1.000000000000000,0.200000000000000,0.400000000000000,-1.137322398059118,0.222299925856532,0.047404180111139,0.051490255249318,0.021213215357028,0.044365841795216,2.361642424495439,1.354661779206605
224,test,heatmap_start,1,1,5,-1.200000000000000,-1.000000000000000,0.400000000000000,0.600000000000000,-1.028284706335319,0.502933758508141,0.092920800301735,0.018333000676275,0.046729385499184,0.100373760708522,2.021710850287904,0.812635440400786
225,test,heatmap_start,1,1,4,-1.200000000000000,-1.000000000000000,0.400000000000000,0.600000000000000,-1.044949783646094,0.557891728944904,0.094426737627523,0.022905429945492,0.110688009102032,0.041850442042423,1.827905825589086,1.699480604739700
226,test,heatmap_start,1,1,4,-1.200000000000000,-1.000000000000000,0.600000000000000,0.800000000000000,-1.184996956312104,0.609459173123012,0.053073218027564,0.053648636353509,0.057854685497722,0.121633730426295,1.928829881459801,1.530736386439312
227,test,heatmap_start,1,1,4,-1.200000000000000,-1.000000000000000,0.600000000000000,0.800000000000000,-1.010756547726907,0.611398890924359,0.044042991984823,0.045760210760109,0.059581210049714,0.122020852521682,1.499608018814325,1.116728020700359
228,test,heatmap_start,1,1,5,-1.200000000000000,-1.000000000000000,0.800000000000000,1.000000000000000,-1.190367346968897,0.840029046694977,0.051074057464093,0.053891771269500,0.082805872967246,0.167650059465643,1.622961799139865,1.647344342199743
229,test,heatmap_start,1,1,4,-1.200000000000000,-1.000000000000000,0.800000000000000,1.000000000000000,-1.156516381174281,0.991930644114311,0.051137490079559,0.052359228806453,0.196803111549899,0.076678743906925,0.932336878193201,2.137248090562792
230,test,heatmap_start,1,1,5,-1.200000000000000,-1.000000000000000,1.000000000000000,1.200000000000000,-1.029771365846765,1.117319671892047,0.093055142075690,0.022704137717950,0.221680809368085,0.103556089981587,3.211051927743533,2.194346564357319
231,test,heatmap_start,1,1,4,-1.200000000000000,-1.000000000000000,1.000000000000000,1.200000000000000,-1.022099388634344,1.136186816922762,0.039449429451421,0.046273737772830,0.102157442855990,0.226756191551488,0.941164808016725,0.608690937361368
232,test,heatmap_start,1,1,5,-1.200000000000000,-1.000000000000000,1.200000000000000,1.400000000000000,-1.081227157765776,1.275539298172294,0.048385969796834,0.048950642694509,0.126124998294566,0.254567672428354,0.973351760154096,1.949134415835587
233,test,heatmap_start,1,1,5,-1.200000000000000,-1.000000000000000,1.200000000000000,1.400000000000000,-1.159283263423958,1.228724674123610,0.052041096157680,0.052484494494989,0.243784019115145,0.110102442215340,1.254132751819730,1.838196653638001
234,test,heatmap_start,1,1,4,-1.200000000000000,-1.000000000000000,1.400000000000000,1.600000000000000,-1.102739411974172,1.448322973728579,0.042458858052080,0.049924571865401,0.139271556006893,0.289051234152407,1.256542513339526,2.485091307938395
235,test,heatmap_start,1,1,5,-1.200000000000000,-1.000000000000000,1.400000000000000,1.600000000000000,-1.106034971948413,1.497518587255459,0.099946691924872,0.023654484548052,0.143287583958471,0.298869522657643,1.050184686316456,1.255825209664068
236,test,heatmap_start,1,1,5,-1.200000000000000,-1.000000000000000,1.600000000000000,1.800000000000000,-1.174978121706635,1.763822973969871,0.049694290700265,0.053195051378821,0.349949718319684,0.102538261785321,1.726404995773902,0.763910780552683
237,test,heatmap_start,1,1,4,-1.200000000000000,-1.000000000000000,1.600000000000000,1.800000000000000,-1.107019617724594,1.710173358566436,0.046932148264542,0.050118350592510,0.339305414398336,0.154730592130360,1.499504019078034,1.514731406905101
238,test,heatmap_start,1,1,5,-1.200000000000000,-1.000000000000000,1.800000000000000,2.000000000000000,-1.123154026606493,1.948346951282270,0.101493652848668,0.024816744590395,0.386560032867501,0.171500378123069,1.597198979648504,0.976085012650729
239,test,heatmap_start,1,1,4,-1.200000000000000,-1.000000000000000,1.800000000000000,2.000000000000000,-1.000837925548180,1.827442155820194,0.090440575884572,0.019423024203864,0.175775388583209,0.364714514692876,3.308473744175500,0.298865813202123
240,test,heatmap_start,1,1,4,-1.000000000000000,-0.800000000000000,-2.000000000000000,-1.800000000000000,-0.870051648397326,-1.859625735296152,0.078622092670276,0.018762987585107,0.136365324232187,0.371137600935179,3.264462947235010,2.251611130189359
241,test,heatmap_start,1,1,4,-1.000000000000000,-0.800000000000000,-2.000000000000000,-1.800000000000000,-0.996517479431887,-1.932181232298604,0.090050159389692,0.020916532200672,0.186910380154650,0.385617973292395,1.526685899124981,1.162638711245025
242,test,heatmap_start,1,1,5,-1.000000000000000,-0.800000000000000,-1.800000000000000,-1.600000000000000,-0.841004613694111,-1.750073381130832,0.075997261537044,0.018115079147830,0.347221742659972,0.169977884734319,1.485863502267716,0.553733830034720
243,test,heatmap_start,1,1,4,-1.000000000000000,-0.800000000000000,-1.800000000000000,-1.600000000000000,-0.897890389028212,-1.771621228199260,0.081137736482614,0.013049844248729,0.155974623627156,0.353573969170198,1.527247557116507,1.054303215895605
244,test,heatmap_start,1,1,4,-1.000000000000000,-0.800000000000000,-1.600000000000000,-1.400000000000000,-0.860179797989831,-1.566483556708352,0.077730024321236,0.018062996548656,0.310796767880102,0.146008806443737,1.517006770921938,0.302646525321098
245,test,heatmap_start,1,1,4,-1.000000000000000,-0.800000000000000,-1.600000000000000,-1.400000000000000,-0.808482889461142,-1.425737256630048,0.073058440581815,0.017799049755453,0.282872124197702,0.120143118077233,1.455335087888043,1.426686935693787
246,test,heatmap_start,1,1,5,-1.000000000000000,-0.800000000000000,-1.400000000000000,-1.200000000000000,-0.908472943104458,-1.276258653144093,0.082094027466952,0.016242147129716,0.120659024160508,0.254711238777962,1.359124172509147,0.609867714070104
247,test,heatmap_start,1,1,4,-1.000000000000000,-0.800000000000000,-1.400000000000000,-1.200000000000000,-0.958303547622176,-1.262286005943780,0.086596962911560,0.019528576090865,0.125067010486283,0.251922626713604,0.921282599614302,0.674148326590001
248,test,heatmap_start,1,1,5,-1.000000000000000,-0.800000000000000,-1.200000000000000,-1.000000000000000,-0.949639426090612,-1.107020493174100,0.085814030809522,0.020639586610926,0.107044680696524,0.220935278655565,3.526081197282585,1.507088421877473
249,test,heatmap_start,1,1,4,-1.000000000000000,-0.800000000000000,-1.200000000000000,-1.000000000000000,-0.960014517120266,-1.137794827784226,0.086751574425351,0.017355676511437,0.109642480566577,0.227077112735829,3.475735242012949,2.071094245020679
250,test,heatmap_start,1,1,5,-1.000000000000000,-0.800000000000000,-1.000000000000000,-0.800000000000000,-0.960198925142235,-0.866038618860168,0.086768238429860,0.017577580635515,0.171825616967648,0.063309982070891,1.970992260221680,0.619363349853058
251,test,heatmap_start,1,1,4,-1.000000000000000,-0.800000000000000,-1.000000000000000,-0.800000000000000,-0.846961726833612,-0.924427086487586,0.037538315905233,0.038344690630808,0.089381087427196,0.184493925098247,1.056870827165188,0.773361943041261
252,test,heatmap_start,1,1,5,-1.000000000000000,-0.800000000000000,-0.800000000000000,-0.600000000000000,-0.824830389753099,-0.703368082750528,0.074535680105755,0.016528348936272,0.066207980236107,0.140375742199994,0.710069439412438,0.432051261645206
253,test,heatmap_start,1,1,5,-1.000000000000000,-0.800000000000000,-0.800000000000000,-0.600000000000000,-0.882291958980241,-0.666394909801902,0.079728186584052,0.016854539123619,0.065603561579102,0.132996765642150,2.747597065412838,0.554585930746354
254,test,heatmap_start,1,1,4,-1.000000000000000,-0.800000000000000,-0.600000000000000,-0.400000000000000,-0.898717693771248,-0.477520963551007,0.081212495757300,0.016736427385845,0.045608100620126,0.095301963962309,0.585741227572979,0.857553591359480
255,test,heatmap_start,1,1,5,-1.000000000000000,-0.800000000000000,-0.600000000000000,-0.400000000000000,-0.933109477719538,-0.417254010097127,0.084320304391028,0.019833573695531,0.082784908381482,0.033670475537067,1.327651316278974,1.059583327551379
256,test,heatmap_start,1,1,5,-1.000000000000000,-0.800000000000000,-0.400000000000000,-0.200000000000000,-0.886956688704692,-0.273213626824743,0.080149714217903,0.014883531636645,0.026379303931541,0.054527020183653,1.677594203929271,0.823129416932212
257,test,heatmap_start,1,1,4,-1.000000000000000,-0.800000000000000,-0.400000000000000,-0.200000000000000,-0.872496809522809,-0.212310919672193,0.078843049305386,0.016879077387512,0.042123357974101,0.019891386197172,1.291676525318240,0.634537355739822
258,test,heatmap_start,1,1,4,-1.000000000000000,-0.800000000000000,-0.200000000000000,0.000000000000000,-0.886838122959807,-0.183550607206771,0.080139000041338,0.017760985140284,0.036417193923291,0.016396054652145,1.366977689318319,0.289094697399820
259,test,heatmap_start,1,1,4,-1.000000000000000,-0.800000000000000,-0.200000000000000,0.000000000000000,-0.860146238717505,-0.140535751965712,0.031804785749389,0.038941596031948,0.013500277976475,0.028047633908373,0.814503074728634,0.980255829144653
260,test,heatmap_start,1,1,4,-1.000000000000000,-0.800000000000000,0.000000000000000,0.200000000000000,-0.948837118305380,0.165514955574558,0.039522556924678,0.042956918368042,0.032838846605250,0.016405682670132,2.119541878227087,0.778364657608976
261,test,heatmap_start,1,1,5,-1.000000000000000,-0.800000000000000,0.000000000000000,0.200000000000000,-0.857316846507796,0.181099688119085,0.077471314120358,0.018945229617764,0.015926489331606,0.036143242429328,2.605296159493329,0.739967480034065
262,test,heatmap_start,1,1,4,-1.000000000000000,-0.800000000000000,0.200000000000000,0.400000000000000,-0.899364505876508,0.211968703065766,0.039935078454827,0.040717133548750,0.015825741074017,0.042303972480055,1.451441639981234,0.735463255276066
263,test,heatmap_start,1,1,4,-1.000000000000000,-0.800000000000000,0.200000000000000,0.400000000000000,-0.981075912744049,0.314574345916295,0.043031315964852,0.044416472631116,0.029648099936553,0.062781647856973,0.582436615637638,1.673486760064105
264,test,heatmap_start,1,1,4,-1.000000000000000,-0.800000000000000,0.400000000000000,0.600000000000000,-0.938122548803213,0.454028178108148,0.084773309841945,0.019072317656549,0.041037472728616,0.090613356000471,1.446858569083352,0.716378288281106
265,test,heatmap_start,1,1,4,-1.000000000000000,-0.800000000000000,0.400000000000000,0.600000000000000,-0.833512246612220,0.464694007393143,0.075320214858129,0.018815983588968,0.040265555291233,0.092742004909595,0.865803139577308,0.784301744609398
266,test,heatmap_start,1,1,4,-1.000000000000000,-0.800000000000000,0.600000000000000,0.800000000000000,-0.873036292055673,0.659600854691629,0.078891799567248,0.015727825565915,0.130867517154078,0.062400087003521,1.526727273618127,0.645753754741539
267,test,heatmap_start,1,1,4,-1.000000000000000,-0.800000000000000,0.600000000000000,0.800000000000000,-0.810512742800072,0.643342601958017,0.031605967881176,0.036694527497937,0.058052711081868,0.128396066659117,0.699271356555929,0.563412542511999
268,test,heatmap_start,1,1,5,-1.000000000000000,-0.800000000000000,0.800000000000000,1.000000000000000,-0.811374336468880,0.866047831594522,0.073319725776794,0.016065660856347,0.171827444811961,0.086075892108864,1.412148686042136,0.335266297207634
269,test,heatmap_start,1,1,4,-1.000000000000000,-0.800000000000000,0.800000000000000,1.000000000000000,-0.890994621816482,0.889695952382784,0.037419740948531,0.040338201886635,0.082112907981433,0.177562406812197,0.410418746591203,0.957651828162710
270,test,heatmap_start,1,1,4,-1.000000000000000,-0.800000000000000,1.000000000000000,1.200000000000000,-0.896191710308272,1.163790915053567,0.040245498384843,0.040573490854347,0.230900894770271,0.112168555466167,1.698321340987175,1.808585212362356
271,test,heatmap_start,1,1,4,-1.000000000000000,-0.800000000000000,1.000000000000000,1.200000000000000,-0.840413642082530,1.195534730686913,0.034558726938760,0.038048237702595,0.117629074788965,0.238600640634372,0.770648845724375,0.437131908541689
272,test,heatmap_start,1,1,4,-1.000000000000000,-0.800000000000000,1.200000000000000,1.400000000000000,-0.871639711360955,1.298941902969440,0.078765597752673,0.017484864063251,0.119843847813284,0.259238282452292,1.490435289670224,0.569562408788169
273,test,heatmap_start,1,1,5,-1.000000000000000,-0.800000000000000,1.200000000000000,1.400000000000000,-0.868692334660917,1.281427057251948,0.078499258479054,0.016969177162617,0.125604121777297,0.255742730795332,2.810349948800252,0.730802355395388
274,test,heatmap_start,1,1,4,-1.000000000000000,-0.800000000000000,1.400000000000000,1.600000000000000,-0.843605536842843,1.558411814804096,0.076232293585089,0.013688063863863,0.145611455077030,0.311022380061503,0.791540658807770,0.440306567542601
275,test,heatmap_start,1,1,4,-1.000000000000000,-0.800000000000000,1.400000000000000,1.600000000000000,-0.998027164518150,1.455844966231674,0.090186581866420,0.021893997701698,0.133186203958354,0.290552447110941,1.592540011206007,0.585966459415004
276,test,heatmap_start,1,1,5,-1.000000000000000,-0.800000000000000,1.600000000000000,1.800000000000000,-0.948659283021044,1.752761149525395,0.085725460321336,0.015595071695988,0.347755006942423,0.156166997937016,3.176522992240680,0.582046551824400
277,test,heatmap_start,1,1,5,-1.000000000000000,-0.800000000000000,1.600000000000000,1.800000000000000,-0.819747428414292,1.711422371964195,0.074076359031937,0.015617592045686,0.168566986678958,0.341559691964809,3.297235657745594,1.506838786020285
278,test,heatmap_start,1,1,4,-1.000000000000000,-0.800000000000000,1.800000000000000,2.000000000000000,-0.991692193325901,1.898563857965351,0.089614123101405,0.018755883233761,0.376682862799732,0.186499314124318,3.220234562987649,2.234751171670880
279,test,heatmap_start,1,1,5,-1.000000000000000,-0.800000000000000,1.800000000000000,2.000000000000000,-0.909052476145161,1.983350804588951,0.082146396887222,0.019845829603909,0.393504941050211,0.161565473765175,2.288360386179126,0.725025450655039
280,test,heatmap_start,1,1,4,-0.800000000000000,-0.600000000000000,-2.000000000000000,-1.800000000000000,-0.746668446090065,-1.813297757612527,0.032026902459203,0.033804090151921,0.168229292305794,0.361891625163102,0.725240019578873,1.535801493094134
281,test,heatmap_start,1,1,4,-0.800000000000000,-0.600000000000000,-2.000000000000000,-1.800000000000000,-0.600885190575359,-1.812985220350808,0.054298904237048,0.013480063931557,0.359703709806852,0.175945774489905,0.732339206415711,0.255411223688076
282,test,heatmap_start,1,1,5,-0.800000000000000,-0.600000000000000,-1.800000000000000,-1.600000000000000,-0.697381869463569,-1.731489576770378,0.063018812812473,0.013124620254573,0.343534639590545,0.164629962139038,2.139151907193624,0.810964209730562
283,test,heatmap_start,1,1,5,-0.800000000000000,-0.600000000000000,-1.800000000000000,-1.600000000000000,-0.662070365216301,-1.751132642916701,0.059827893785575,0.009716422271628,0.347431904546432,0.129495201010510,2.476404358485869,0.385596740392349
284,test,heatmap_start,1,1,4,-0.800000000000000,-0.600000000000000,-1.600000000000000,-1.400000000000000,-0.604550431849011,-1.529295789079768,0.026179326227949,0.027369949013677,0.115064016485407,0.305211505469378,0.784060192475485,0.324187872451653
285,test,heatmap_start,1,1,5,-0.800000000000000,-0.600000000000000,-1.600000000000000,-1.400000000000000,-0.702407363437161,-1.497722560464454,0.063472940856060,0.015106737853924,0.297154303969580,0.147620731091685,1.147880428080534,0.532926111069507
286,test,heatmap_start,1,1,5,-0.800000000000000,-0.600000000000000,-1.400000000000000,-1.200000000000000,-0.750960779039153,-1.352347072549771,0.067860463307112,0.016434435488516,0.268311210418175,0.130362009380730,2.552793562518676,0.652448527333567
287,test,heatmap_start,1,1,5,-0.800000000000000,-0.600000000000000,-1.400000000000000,-1.200000000000000,-0.665397507750656,-1.365712937050281,0.060128550544452,0.014553442765789,0.133118489313185,0.272564211928514,0.601999897405619,0.319491176261168
288,test,heatmap_start,1,1,4,-0.800000000000000,-0.600000000000000,-1.200000000000000,-1.000000000000000,-0.603490489838993,-1.122262953477091,0.026660197293091,0.027321962018311,0.222661576726142,0.094067701387503,0.482136332841510,1.178897179457489
289,test,heatmap_start,1,1,4,-0.800000000000000,-0.600000000000000,-1.200000000000000,-1.000000000000000,-0.733031680971851,-1.027627669838343,0.066240302926589,0.013583923877307,0.089754951104347,0.205090336619628,0.886262426407279,0.364530118154894
290,test,heatmap_start,1,1,4,-0.800000000000000,-0.600000000000000,-1.000000000000000,-0.800000000000000,-0.798422933168155,-0.931882072047764,0.072149374071358,0.017443460602773,0.089559283860376,0.185981765045445,1.237013483626170,1.075045649235210
291,test,heatmap_start,1,1,4,-0.800000000000000,-0.600000000000000,-1.000000000000000,-0.800000000000000,-0.698478937243007,-0.986348487531325,0.031557199479302,0.031622395572522,0.087868520303043,0.196851981772623,0.617229502041268,0.291890114957767
292,test,heatmap_start,1,1,4,-0.800000000000000,-0.600000000000000,-0.800000000000000,-0.600000000000000,-0.762774797875936,-0.720323126308816,0.032962598466068,0.034533276674586,0.142915065100649,0.055351911818291,0.873946809357837,0.646215983903164
293,test,heatmap_start,1,1,4,-0.800000000000000,-0.600000000000000,-0.800000000000000,-0.600000000000000,-0.739767763981074,-0.770538028041600,0.028764090162301,0.033491674003436,0.073574779169811,0.153781284980518,1.123017442993797,1.064623816282437
294,test,heatmap_start,1,1,4,-0.800000000000000,-0.600000000000000,-0.600000000000000,-0.400000000000000,-0.610000431267115,-0.559484487362748,0.055122601657425,0.012037305599953,0.111004018910217,0.053735524600179,0.581189858831507,0.277951544439947
295,test,heatmap_start,1,1,5,-0.800000000000000,-0.600000000000000,-0.600000000000000,-0.400000000000000,-0.745495999965214,-0.557553600680481,0.033095302165127,0.033751009732210,0.053899799357266,0.111274597797696,0.764099417008489,0.799644233621152
296,test,heatmap_start,1,1,4,-0.800000000000000,-0.600000000000000,-0.400000000000000,-0.200000000000000,-0.754426275017961,-0.266046974894500,0.068173622355194,0.015745782705625,0.023089203381329,0.053096724853984,1.863824522260949,0.470351613406343
297,test,heatmap_start,1,1,5,-0.800000000000000,-0.600000000000000,-0.400000000000000,-0.200000000000000,-0.723013313755337,-0.328085859495402,0.065334994607074,0.015975688666575,0.065093581277420,0.026259045753830,0.778615448701031,0.396947816389807
298,test,heatmap_start,1,1,4,-0.800000000000000,-0.600000000000000,-0.200000000000000,0.000000000000000,-0.779585344475014,-0.054943352017994,0.034234735068080,0.035294344368974,0.010900986576312,0.005044677538404,1.071301625626047,0.537812282554337
299,test,heatmap_start,1,1,4,-0.800000000000000,-0.600000000000000,-0.200000000000000,0.000000000000000,-0.626312795684549,-0.083884943925208,0.056596666133092,0.011580758409162,0.016643117212505,0.007534203961037,1.037929430262796,0.276510644074285
300,test,heatmap_start,1,1,4,-0.800000000000000,-0.600000000000000,0.000000000000000,0.200000000000000,-0.653450306551903,0.057114084011401,0.026272741083855,0.029583804147813,0.011331668714401,0.005189966657628,0.645238422185170,0.464704951867631
301,test,heatmap_start,1,1,4,-0.800000000000000,-0.600000000000000,0.000000000000000,0.200000000000000,-0.658304056860490,0.149351018538539,0.059487551870102,0.011348668276244,0.029631855146259,0.014847493975765,0.969399449780078,0.538898391917477
302,test,heatmap_start,1,1,4,-0.800000000000000,-0.600000000000000,0.200000000000000,0.400000000000000,-0.613114399467217,0.221380348358462,0.055403994948101,0.012679241044871,0.017903558303824,0.044182315734015,1.064705951058149,0.652277757983695
303,test,heatmap_start,1,1,5,-0.800000000000000,-0.600000000000000,0.200000000000000,0.400000000000000,-0.770836301273295,0.248744771858701,0.069656512028865,0.013514980725104,0.049351983804546,0.019807677220150,1.423692267814096,0.595878071085931
304,test,heatmap_start,1,1,4,-0.800000000000000,-0.600000000000000,0.400000000000000,0.600000000000000,-0.697156414927140,0.418047790386795,0.062998439645560,0.014978564233662,0.040933785721591,0.083432516046407,1.235080932613103,0.499480363688122
305,test,heatmap_start,1,1,5,-0.800000000000000,-0.600000000000000,0.400000000000000,0.600000000000000,-0.748404441262836,0.517506896759710,0.067629460209863,0.015228967298393,0.037289480219176,0.103282216676906,1.397971189570770,0.353125299005620
306,test,heatmap_start,1,1,4,-0.800000000000000,-0.600000000000000,0.600000000000000,0.800000000000000,-0.600930125104885,0.728580589156048,0.026671748119213,0.027206046044164,0.071695683720932,0.145407566057507,0.635536341725129,0.231009959526589
307,test,heatmap_start,1,1,4,-0.800000000000000,-0.600000000000000,0.600000000000000,0.800000000000000,-0.799061800268917,0.649118570110196,0.027234624225428,0.036176106375852,0.064168664058203,0.129548814183735,1.192823919576510,0.362466496811146
308,test,heatmap_start,1,1,5,-0.800000000000000,-0.600000000000000,0.800000000000000,1.000000000000000,-0.768734960323170,0.875385822129500,0.069466624654688,0.016718592182281,0.076171808061861,0.174706441060342,1.702766196118451,0.793177374432028
309,test,heatmap_start,1,1,4,-0.800000000000000,-0.600000000000000,0.800000000000000,1.000000000000000,-0.710429335531464,0.810895108398286,0.064197845216115,0.014143575595268,0.160884918134442,0.075988184675889,1.985221080254136,0.459583788637730
310,test,heatmap_start,1,1,4,-0.800000000000000,-0.600000000000000,1.000000000000000,1.200000000000000,-0.782062823892528,1.037907095503477,0.070670995138413,0.017370192322190,0.205925028233388,0.090143982000266,3.609413204615010,0.973342104865584
311,test,heatmap_start,1,1,4,-0.800000000000000,-0.600000000000000,1.000000000000000,1.200000000000000,-0.740891137976183,1.072610555778895,0.066950521633801,0.014005144665888,0.212810337205618,0.052641896320270,1.479964243652349,0.682248364421028
312,test,heatmap_start,1,1,4,-0.800000000000000,-0.600000000000000,1.200000000000000,1.400000000000000,-0.704688538090088,1.215860673583022,0.063679078877049,0.013499403572058,0.118423650836896,0.242657221235525,2.849922533302904,0.565399184371043
313,test,heatmap_start,1,1,4,-0.800000000000000,-0.600000000000000,1.200000000000000,1.400000000000000,-0.790092873701552,1.352253211376057,0.029412579993424,0.035770054126240,0.130037590229865,0.269877966948590,0.865322988628403,1.507338788209839
314,test,heatmap_start,1,1,4,-0.800000000000000,-0.600000000000000,1.400000000000000,1.600000000000000,-0.698106165430282,1.429935156832936,0.063084263713831,0.012149063396379,0.125129680489554,0.285381457960587,2.075287148650598,0.862474486147492
315,test,heatmap_start,1,1,5,-0.800000000000000,-0.600000000000000,1.400000000000000,1.600000000000000,-0.659415815810163,1.456588519294065,0.059588015808455,0.012001665110453,0.288993141351016,0.130358127386676,2.609738175196344,1.427623297301614
316,test,heatmap_start,1,1,5,-0.800000000000000,-0.600000000000000,1.600000000000000,1.800000000000000,-0.782355543073362,1.755646020489631,0.070697446665290,0.016068742082299,0.348327377183781,0.168910566017219,1.432968755097759,0.689129334495805
317,test,heatmap_start,1,1,5,-0.800000000000000,-0.600000000000000,1.600000000000000,1.800000000000000,-0.635909872126283,1.710757273049319,0.057463904572047,0.013268295631035,0.339421265428640,0.151010325406671,2.893303285378662,0.981602285709174
318,test,heatmap_start,1,1,4,-0.800000000000000,-0.600000000000000,1.800000000000000,2.000000000000000,-0.651679794050074,1.824744419466795,0.058888951309421,0.014580339457686,0.179395261941095,0.364176109905745,1.661647996350029,1.109561077887959
319,test,heatmap_start,1,1,5,-0.800000000000000,-0.600000000000000,1.800000000000000,2.000000000000000,-0.763116480854115,1.957749493073880,0.068958911561682,0.014169303242397,0.388425535755275,0.175934282429507,1.861978108569252,0.284594324538154
320,test,heatmap_start,1,1,4,-0.600000000000000,-0.400000000000000,-2.000000000000000,-1.800000000000000,-0.404259372359357,-1.994074257302626,0.036530840318517,0.007452844472534,0.395632518087106,0.137477451912394,0.798479477664564,0.502957807887037
321,test,heatmap_start,1,1,5,-0.600000000000000,-0.400000000000000,-2.000000000000000,-1.800000000000000,-0.595439801026929,-1.984011744530830,0.053806832389945,0.012373892748914,0.393636074247760,0.197554603330726,1.247893956972324,0.834000152167825
322,test,heatmap_start,1,1,4,-0.600000000000000,-0.400000000000000,-1.800000000000000,-1.600000000000000,-0.568366075674327,-1.709753574752191,0.051360319073726,0.012552030267620,0.131284573963345,0.341226639253204,1.187673442063385,0.497860820746732
323,test,heatmap_start,1,1,4,-0.600000000000000,-0.400000000000000,-1.800000000000000,-1.600000000000000,-0.532030981365728,-1.726945035030644,0.048076903477450,0.011745811414112,0.138208017666043,0.344657650775155,1.600584850249725,0.950862976403155
324,test,heatmap_start,1,1,4,-0.600000000000000,-0.400000000000000,-1.600000000000000,-1.400000000000000,-0.458252169552470,-1.508199639759209,0.041409891708470,0.007080238951443,0.108584201500475,0.301001209763529,0.931391043548126,0.414586125382367
325,test,heatmap_start,1,1,5,-0.600000000000000,-0.400000000000000,-1.600000000000000,-1.400000000000000,-0.565165748885659,-1.481665993420000,0.051071122001555,0.012563480063226,0.293968615157658,0.145838234112751,2.361610759646617,0.399558426413037
326,test,heatmap_start,1,1,4,-0.600000000000000,-0.400000000000000,-1.400000000000000,-1.200000000000000,-0.557009622857485,-1.239725544560600,0.050334094840468,0.012397148910531,0.106114369650629,0.247420088727158,0.785209464971221,0.726707170225667
327,test,heatmap_start,1,1,4,-0.600000000000000,-0.400000000000000,-1.400000000000000,-1.200000000000000,-0.528124059791168,-1.242008809154681,0.047723855068592,0.011838351137858,0.246419646035108,0.108093555032712,0.649064698001643,0.439449210770863
328,test,heatmap_start,1,1,4,-0.600000000000000,-0.400000000000000,-1.200000000000000,-1.000000000000000,-0.552532355433744,-1.044075692444989,0.049929507210587,0.011127209747794,0.101700829573900,0.208372975450923,0.778556928098287,0.631420885662469
329,test,heatmap_start,1,1,4,-0.600000000000000,-0.400000000000000,-1.200000000000000,-1.000000000000000,-0.403000597904656,-1.071735581249734,0.036417091345096,0.008883246886472,0.212636738667366,0.092532140876162,1.407711986016622,0.985346668441630
330,test,heatmap_start,1,1,4,-0.600000000000000,-0.400000000000000,-1.000000000000000,-0.800000000000000,-0.485513448262499,-0.970538245018616,0.018394357601823,0.021980760618690,0.093585349532101,0.193696628862089,0.552827630696387,0.958448790734938
331,test,heatmap_start,1,1,5,-0.600000000000000,-0.400000000000000,-1.000000000000000,-0.800000000000000,-0.542067193679968,-0.991248418786062,0.048983824366666,0.011966151806933,0.196667755244320,0.092094135794454,2.175099813730418,0.324956749196314
332,test,heatmap_start,1,1,4,-0.600000000000000,-0.400000000000000,-0.800000000000000,-0.600000000000000,-0.410660512868531,-0.725153007746942,0.037109278464384,0.008816533515041,0.143873333404064,0.071425763306027,0.768803690973076,0.234984993274303
333,test,heatmap_start,1,1,4,-0.600000000000000,-0.400000000000000,-0.800000000000000,-0.600000000000000,-0.584640817763843,-0.643426169848132,0.024480501345131,0.026468576533094,0.062144892147687,0.128412744846380,0.874630865148644,0.286136594128872
334,test,heatmap_start,1,1,5,-0.600000000000000,-0.400000000000000,-0.600000000000000,-0.400000000000000,-0.564430129732975,-0.439959303397879,0.051004647882118,0.011065683872156,0.087289731774886,0.033021419380239,1.236246750857918,0.441227176243519
335,test,heatmap_start,1,1,4,-0.600000000000000,-0.400000000000000,-0.600000000000000,-0.400000000000000,-0.451630058664037,-0.571380558147554,0.040811485605910,0.008129305250519,0.113364248185882,0.045639458261245,2.002520223989384,0.838317979103455
336,test,heatmap_start,1,1,4,-0.600000000000000,-0.400000000000000,-0.400000000000000,-0.200000000000000,-0.413318378613237,-0.216576467416192,0.016708194261577,0.018712256832669,0.021241857241280,0.043223573975255,0.236652331329256,0.422605138545979
337,test,heatmap_start,1,1,4,-0.600000000000000,-0.400000000000000,-0.400000000000000,-0.200000000000000,-0.468789718592402,-0.385131572739032,0.042362115819144,0.007495132174319,0.034434687957626,0.076863212439891,0.822755973581205,0.211241661248357
338,test,heatmap_start,1,1,5,-0.600000000000000,-0.400000000000000,-0.200000000000000,0.000000000000000,-0.531923569870185,-0.098032412716619,0.048067197253029,0.009864698333496,0.009720192898714,0.019564966099880,2.213496582998168,0.270570796711580
339,test,heatmap_start,1,1,4,-0.600000000000000,-0.400000000000000,-0.200000000000000,0.000000000000000,-0.546495404028236,-0.186216447110648,0.023558113050887,0.024741610553009,0.036946107503177,0.018283214834441,0.464377841371514,1.108898284331803
340,test,heatmap_start,1,1,4,-0.600000000000000,-0.400000000000000,0.000000000000000,0.200000000000000,-0.409472860645438,0.082659807235312,0.037001956441242,0.009032607318074,0.006086821175617,0.016496955257609,0.966108199873895,0.703045702624955
341,test,heatmap_start,1,1,4,-0.600000000000000,-0.400000000000000,0.000000000000000,0.200000000000000,-0.568359802762085,0.057271507914715,0.051359752222909,0.011748907000013,0.005631451481863,0.011430047264872,1.830823606722004,0.247892435202940
342,test,heatmap_start,1,1,4,-0.600000000000000,-0.400000000000000,0.200000000000000,0.400000000000000,-0.455898290764812,0.293285194848513,0.041197183788752,0.009625957309749,0.026016583803470,0.058532833537362,1.044602997512037,0.446639676565121
343,test,heatmap_start,1,1,4,-0.600000000000000,-0.400000000000000,0.200000000000000,0.400000000000000,-0.400267400969129,0.202937233629420,0.036170106395240,0.008815987689121,0.040263580185346,0.018343372338293,0.914061540872488,0.393401471251724
344,test,heatmap_start,1,1,4,-0.600000000000000,-0.400000000000000,0.400000000000000,0.600000000000000,-0.468361296586201,0.442178160346965,0.042323401525877,0.009146724547505,0.087729962101730,0.039907018080683,0.917317671737221,0.179828836160045
345,test,heatmap_start,1,1,4,-0.600000000000000,-0.400000000000000,0.400000000000000,0.600000000000000,-0.404289153495118,0.415497986817663,0.036533531486587,0.008377673829313,0.040292992301573,0.082923635167023,0.488765087253476,0.292431383571798
346,test,heatmap_start,1,1,4,-0.600000000000000,-0.400000000000000,0.600000000000000,0.800000000000000,-0.438930281114179,0.649499880799940,0.016668441205630,0.019871790311870,0.128863442470667,0.064581832791331,0.558729253227348,0.744231513986051
347,test,heatmap_start,1,1,4,-0.600000000000000,-0.400000000000000,0.600000000000000,0.800000000000000,-0.487381672644913,0.759350200052013,0.021209903150555,0.022065341165489,0.062632984006760,0.151548457395418,0.687281178504619,0.239969487083450
348,test,heatmap_start,1,1,5,-0.600000000000000,-0.400000000000000,0.800000000000000,1.000000000000000,-0.474158000517588,0.921919863799601,0.042847219846910,0.008293051770142,0.088333025111293,0.183993542362212,1.997468334567456,0.182885435245690
349,test,heatmap_start,1,1,4,-0.600000000000000,-0.400000000000000,0.800000000000000,1.000000000000000,-0.556107330806767,0.840961128861740,0.022720875329871,0.025176773497227,0.166850140011838,0.080965359969734,0.793377082380041,0.329162342886416
350,test,heatmap_start,1,1,4,-0.600000000000000,-0.400000000000000,1.000000000000000,1.200000000000000,-0.470242134874022,1.188355991189028,0.042493363208537,0.010605427961137,0.235774706712270,0.092312427600477,0.812664743398153,0.336434714922414
351,test,heatmap_start,1,1,4,-0.600000000000000,-0.400000000000000,1.000000000000000,1.200000000000000,-0.538883490938951,1.108791295722521,0.021257785510188,0.024396994682811,0.219988744528079,0.099347296110208,0.584071383821973,0.510754178009567
352,test,heatmap_start,1,1,4,-0.600000000000000,-0.400000000000000,1.200000000000000,1.400000000000000,-0.482511229962804,1.364599143516596,0.021334836045932,0.021844840507709,0.270742071591291,0.135229423045097,0.923974518557638,1.396871666745459
353,test,heatmap_start,1,1,4,-0.600000000000000,-0.400000000000000,1.200000000000000,1.400000000000000,-0.541596363869207,1.242824997026860,0.048941277898210,0.009722948678930,0.122311786823544,0.248038666611248,0.957036448917480,0.327934913869514
354,test,heatmap_start,1,1,4,-0.600000000000000,-0.400000000000000,1.400000000000000,1.600000000000000,-0.492413255342593,1.430280812488079,0.044496853336157,0.008703486757633,0.283773584330693,0.130380758859336,1.088665682333264,0.220235826408702
355,test,heatmap_start,1,1,5,-0.600000000000000,-0.400000000000000,1.400000000000000,1.600000000000000,-0.573318240823488,1.539400018368667,0.051807820768589,0.011004139176692,0.305423282698797,0.134097260121166,0.806287824014331,0.380012646873561
356,test,heatmap_start,1,1,4,-0.600000000000000,-0.400000000000000,1.600000000000000,1.800000000000000,-0.561364058554661,1.689438418017674,0.050727582798960,0.011643823835187,0.160960306677708,0.337172211316462,0.757207254754439,0.359716787180271
357,test,heatmap_start,1,1,4,-0.600000000000000,-0.400000000000000,1.600000000000000,1.800000000000000,-0.515745233079427,1.676468589283687,0.022053834138958,0.023349451079304,0.125387420355774,0.334583738254646,0.701813469677249,0.799748211225725
358,test,heatmap_start,1,1,4,-0.600000000000000,-0.400000000000000,1.800000000000000,2.000000000000000,-0.592247921742776,1.808866086993350,0.053518398675310,0.012140371446070,0.177271279316515,0.361007167838965,0.794959717561850,0.447110212695705
359,test,heatmap_start,1,1,4,-0.600000000000000,-0.400000000000000,1.800000000000000,2.000000000000000,-0.449197596235665,1.872835348633263,0.018839105499326,0.020336624801398,0.371578220935767,0.159456723099732,0.323536602402395,0.303803398194577
360,test,heatmap_start,1,1,4,-0.400000000000000,-0.200000000000000,-2.000000000000000,-1.800000000000000,-0.271341861348353,-1.995967495880550,0.024519768461508,0.006055097014746,0.157911501069155,0.398348212710518,0.391088382066993,0.113569036034415
361,test,heatmap_start,1,1,4,-0.400000000000000,-0.200000000000000,-2.000000000000000,-1.800000000000000,-0.300525072823583,-1.855752784875482,0.027156905189250,0.006648927354018,0.176741164146549,0.370364651034355,0.617290904441248,0.339482426835885
362,test,heatmap_start,1,1,4,-0.400000000000000,-0.200000000000000,-1.800000000000000,-1.600000000000000,-0.262603776838930,-1.697209566485617,0.010794113360517,0.011888920434475,0.136413221776469,0.338723149951135,0.565122432538186,0.261265024326205
363,test,heatmap_start,1,1,4,-0.400000000000000,-0.200000000000000,-1.800000000000000,-1.600000000000000,-0.224801721198905,-1.618064119747452,0.020314175358549,0.005080471010441,0.321030563319152,0.127249611472647,0.470539706381769,0.270018887489520
364,test,heatmap_start,1,1,4,-0.400000000000000,-0.200000000000000,-1.600000000000000,-1.400000000000000,-0.395747752178523,-1.448475718681467,0.035761688979209,0.008764415879758,0.287383528407392,0.131388146519337,0.827843472234276,0.446075216863030
365,test,heatmap_start,1,1,4,-0.400000000000000,-0.200000000000000,-1.600000000000000,-1.400000000000000,-0.211771935749683,-1.573617831023025,0.019136740661483,0.003431284834292,0.151564189389736,0.314057143601369,0.453405417467434,0.126475854970204
366,test,heatmap_start,1,1,4,-0.400000000000000,-0.200000000000000,-1.400000000000000,-1.200000000000000,-0.395115441413731,-1.398089526827043,0.017166663966377,0.017888151122372,0.135724398820647,0.279025818491674,0.879795455279397,0.437162814621547
367,test,heatmap_start,1,1,4,-0.400000000000000,-0.200000000000000,-1.400000000000000,-1.200000000000000,-0.242996544097129,-1.263918245664532,0.009381055715411,0.011001237733131,0.101014291189016,0.252248383408950,0.217011932403638,0.283414374248200
368,test,heatmap_start,1,1,4,-0.400000000000000,-0.200000000000000,-1.200000000000000,-1.000000000000000,-0.205375549578244,-1.183511792930002,0.018558732140665,0.004168091260778,0.117086470732557,0.236201144762380,0.389634777796584,0.151399440793134
369,test,heatmap_start,1,1,4,-0.400000000000000,-0.200000000000000,-1.200000000000000,-1.000000000000000,-0.254474772831632,-1.061292706195407,0.022995576422009,0.004718289405595,0.077847090867643,0.211809086845445,0.306205409229630,0.100759378698679
370,test,heatmap_start,1,1,4,-0.400000000000000,-0.200000000000000,-1.000000000000000,-0.800000000000000,-0.287736196964758,-0.904186347487627,0.012491624583959,0.013026746199202,0.179394282919236,0.070238685718367,0.575041596178132,0.329470748216739
371,test,heatmap_start,1,1,4,-0.400000000000000,-0.200000000000000,-1.000000000000000,-0.800000000000000,-0.267025620156951,-0.816699593812339,0.024129731944063,0.005966594108407,0.162036551867314,0.073713832696416,0.537921989476115,0.116641632144834
372,test,heatmap_start,1,1,4,-0.400000000000000,-0.200000000000000,-0.800000000000000,-0.600000000000000,-0.337752848812349,-0.676595119137187,0.030520987837779,0.005274230993754,0.134239248979516,0.065963241286902,0.585387740580729,0.327933941931988
373,test,heatmap_start,1,1,4,-0.400000000000000,-0.200000000000000,-0.800000000000000,-0.600000000000000,-0.255973480872134,-0.782984324405688,0.023131006959568,0.004766541958451,0.073964127860622,0.156265273282799,0.470941658550402,0.239011544073145
374,test,heatmap_start,1,1,4,-0.400000000000000,-0.200000000000000,-0.600000000000000,-0.400000000000000,-0.288924407927982,-0.492916926370319,0.010954460183525,0.013080540344020,0.097796741557378,0.044178413570415,0.435084474995309,0.353739084807092
375,test,heatmap_start,1,1,4,-0.400000000000000,-0.200000000000000,-0.600000000000000,-0.400000000000000,-0.381546694333589,-0.572796106639313,0.034478412419758,0.007864317742060,0.050448722554712,0.114316643832244,0.433566825575904,0.330872260855979
376,test,heatmap_start,1,1,4,-0.400000000000000,-0.200000000000000,-0.400000000000000,-0.200000000000000,-0.246906624478476,-0.332787993848066,0.022311681779363,0.004947775734317,0.028867962725282,0.066416664016070,0.508733691696819,0.159166746142562
377,test,heatmap_start,1,1,4,-0.400000000000000,-0.200000000000000,-0.400000000000000,-0.200000000000000,-0.341837842177793,-0.207721035993480,0.015442357980171,0.015476102271131,0.041212706211317,0.017955974806113,0.430082053417394,0.220472177999007
378,test,heatmap_start,1,1,4,-0.400000000000000,-0.200000000000000,-0.200000000000000,0.000000000000000,-0.360341049218827,-0.152275096067877,0.016216254490111,0.016313802166165,0.030212004131071,0.014468765945411,0.518101739280516,0.428364395946594
379,test,heatmap_start,1,1,4,-0.400000000000000,-0.200000000000000,-0.200000000000000,0.000000000000000,-0.212867059223161,-0.022742844554304,0.009457597203186,0.009637178721071,0.004512273716253,0.002188325814484,0.346787702993648,0.417456886677442
380,test,heatmap_start,1,1,4,-0.400000000000000,-0.200000000000000,0.000000000000000,0.200000000000000,-0.366828516818672,0.027318949641229,0.033148406415347,0.007035115412585,0.005420191749867,0.002340413629354,0.350348684338386,0.094893140340220
381,test,heatmap_start,1,1,4,-0.400000000000000,-0.200000000000000,0.000000000000000,0.200000000000000,-0.297063468949943,0.162709545002029,0.026844097850695,0.004788535101413,0.014996914113927,0.032473001978374,0.767072261659836,0.130828335109763
382,test,heatmap_start,1,1,4,-0.400000000000000,-0.200000000000000,0.200000000000000,0.400000000000000,-0.363187538923813,0.282481472395040,0.032819389969040,0.007895264262273,0.023645752784344,0.056376664391900,0.388543884422626,0.252455540586594
383,test,heatmap_start,1,1,4,-0.400000000000000,-0.200000000000000,0.200000000000000,0.400000000000000,-0.319303017606122,0.391875324854570,0.028853771481694,0.004529193062036,0.031032373422076,0.078209106903469,0.505574714562244,0.137465421925203
384,test,heatmap_start,1,1,4,-0.400000000000000,-0.200000000000000,0.400000000000000,0.600000000000000,-0.244288550484662,0.491510767483230,0.022075099897657,0.005516632453262,0.047986103399683,0.098094000107223,0.313603492758894,0.176534361718562
385,test,heatmap_start,1,1,4,-0.400000000000000,-0.200000000000000,0.400000000000000,0.600000000000000,-0.203072522580228,0.528570268391480,0.018350619435639,0.003448851138019,0.049220925786000,0.105490205697350,0.188803944134562,0.073069549121711
386,test,heatmap_start,1,1,4,-0.400000000000000,-0.200000000000000,0.600000000000000,0.800000000000000,-0.236511135622035,0.623984110829832,0.021372294916837,0.004755890518940,0.061121078842591,0.124532566698521,0.526695127217087,0.181667399779915
387,test,heatmap_start,1,1,4,-0.400000000000000,-0.200000000000000,0.600000000000000,0.800000000000000,-0.380282694529033,0.636435428995642,0.034364191258345,0.007132692321655,0.060905592770889,0.127017557234428,0.783669562008116,0.159413855220558
388,test,heatmap_start,1,1,4,-0.400000000000000,-0.200000000000000,0.800000000000000,1.000000000000000,-0.216030382073898,0.940577718835823,0.019521554554027,0.004668618361784,0.082407331572451,0.187717211821775,0.652968493751858,0.190305095421214
389,test,heatmap_start,1,1,4,-0.400000000000000,-0.200000000000000,0.800000000000000,1.000000000000000,-0.297070740437663,0.941133955452731,0.009297621176996,0.013449351106021,0.085091230454866,0.187828223580557,0.208027691216922,0.324165489808480
390,test,heatmap_start,1,1,4,-0.400000000000000,-0.200000000000000,1.000000000000000,1.200000000000000,-0.217735720930029,1.161449351579822,0.019675657255663,0.004699588840602,0.230436318965240,0.105743487676570,0.613555548391563,0.074594098014050
391,test,heatmap_start,1,1,4,-0.400000000000000,-0.200000000000000,1.000000000000000,1.200000000000000,-0.297756256443701,1.181588661647599,0.013176479540712,0.013480386627865,0.234432040752165,0.112842116087801,0.264725996825349,0.250855217001432
392,test,heatmap_start,1,1,4,-0.400000000000000,-0.200000000000000,1.200000000000000,1.400000000000000,-0.235618335608553,1.304793744744463,0.021291617171412,0.003767467990655,0.106658079615221,0.260406172569218,0.679258496375703,0.119235949702169
393,test,heatmap_start,1,1,4,-0.400000000000000,-0.200000000000000,1.200000000000000,1.400000000000000,-0.326509129938270,1.273147113654177,0.029504950791122,0.006100595179068,0.252597613466854,0.126616543764365,0.476371791865100,0.179663240401158
394,test,heatmap_start,1,1,4,-0.400000000000000,-0.200000000000000,1.400000000000000,1.600000000000000,-0.300616708946559,1.466516758726820,0.027165185874387,0.006674377026238,0.122564431598686,0.292682286136694,0.534670479155167,0.340584516881762
395,test,heatmap_start,1,1,4,-0.400000000000000,-0.200000000000000,1.400000000000000,1.600000000000000,-0.306158742225491,1.452738329356889,0.013058017614212,0.013860794275135,0.140442045422910,0.289932435387722,0.380270422462203,0.365984999971622
396,test,heatmap_start,1,1,3,-0.400000000000000,-0.200000000000000,1.600000000000000,1.800000000000000,-0.254360262262948,1.714971820665502,0.011281775650940,0.011515709926713,0.142386412425016,0.342268078523805,0.358915066586138,0.567256294229879
397,test,heatmap_start,1,1,4,-0.400000000000000,-0.200000000000000,1.600000000000000,1.800000000000000,-0.241666808388098,1.729083231909705,0.010782111594104,0.010941036306351,0.343057210892428,0.140770043527222,0.178406740823513,0.397931728458057
398,test,heatmap_start,1,1,4,-0.400000000000000,-0.200000000000000,1.800000000000000,2.000000000000000,-0.350538977392749,1.848584438722550,0.031676404516770,0.007848096207275,0.366766740862373,0.172339059739856,0.316249787829207,0.154679969662447
399,test,heatmap_start,1,1,4,-0.400000000000000,-0.200000000000000,1.800000000000000,2.000000000000000,-0.248342798517938,1.800173666792354,0.022441461440869,0.005256395656697,0.357161844990947,0.148136873005528,0.465346680856212,0.204578753102962
400,test,heatmap_start,1,1,4,-0.200000000000000,0.000000000000000,-2.000000000000000,-1.800000000000000,-0.199575721682244,-1.991172876316489,0.018034631523016,0.004338122429393,0.171366077635595,0.397391319305233,0.503427440027341,0.155910220028372
401,test,heatmap_start,1,1,4,-0.200000000000000,0.000000000000000,-2.000000000000000,-1.800000000000000,-0.076010444509082,-1.818245520411816,0.006868672938107,0.001668360824254,0.177584310425506,0.362879082359715,0.265811918380223,0.049947518565881
402,test,heatmap_start,1,1,4,-0.200000000000000,0.000000000000000,-1.800000000000000,-1.600000000000000,-0.099085675140090,-1.613020123907827,0.008953862851144,0.001961351415366,0.134156425673485,0.321920915421177,0.122292185163836,0.058624129580803
403,test,heatmap_start,1,1,4,-0.200000000000000,0.000000000000000,-1.800000000000000,-1.600000000000000,-0.156777179337829,-1.799156166176135,0.014167147370146,0.003185356253443,0.356959968691970,0.164178388474957,0.460870675627849,0.168363412335258
404,test,heatmap_start,1,1,4,-0.200000000000000,0.000000000000000,-1.600000000000000,-1.400000000000000,-0.199132509281841,-1.460066513018812,0.017994580697894,0.003950688430578,0.114660201909924,0.291394968655506,0.517978508840722,0.114438054905702
405,test,heatmap_start,1,1,4,-0.200000000000000,0.000000000000000,-1.600000000000000,-1.400000000000000,-0.066036298186778,-1.453493440868837,0.005967360633368,0.001400039951672,0.140812905592260,0.290083137902569,0.085420125748287,0.032353788229500
406,test,heatmap_start,1,1,3,-0.200000000000000,0.000000000000000,-1.400000000000000,-1.200000000000000,-0.047259557594113,-1.284300726907061,0.002096459380364,0.002139592685103,0.254810536120485,0.103584372095260,0.083605642978564,0.040523245028981
407,test,heatmap_start,1,1,4,-0.200000000000000,0.000000000000000,-1.400000000000000,-1.200000000000000,-0.052883989708488,-1.397214706492463,0.004778854160318,0.001120000844856,0.136954028419847,0.278851224908641,0.131300279216640,0.050550070177592
408,test,heatmap_start,1,1,3,-0.200000000000000,0.000000000000000,-1.200000000000000,-1.000000000000000,-0.032306405432501,-1.050019306644978,0.002919363702645,0.000701417142200,0.096040612956969,0.209559181187486,0.027822228951302,0.025165544131453
409,test,heatmap_start,1,1,4,-0.200000000000000,0.000000000000000,-1.200000000000000,-1.000000000000000,-0.149191561845585,-1.072138321800054,0.013481674131247,0.003194808211696,0.098207198115586,0.213973616879513,0.379511694586557,0.101300771400158
410,test,heatmap_start,1,1,3,-0.200000000000000,0.000000000000000,-1.000000000000000,-0.800000000000000,-0.040939242133411,-0.818487168069596,0.001694493434522,0.001853451607706,0.162391213937734,0.072985625626312,0.066572275157356,0.018683855641001
411,test,heatmap_start,1,1,4,-0.200000000000000,0.000000000000000,-1.000000000000000,-0.800000000000000,-0.035767022797661,-0.972287392050275,0.003232081895503,0.000777871788231,0.086827383439364,0.194045717509709,0.088361372377166,0.038017300899929
412,test,heatmap_start,1,1,4,-0.200000000000000,0.000000000000000,-0.800000000000000,-0.600000000000000,-0.183979094867862,-0.788176590335077,0.016625244573399,0.003278985611179,0.156377470893879,0.059069470043749,0.461291482420931,0.194316704749079
413,test,heatmap_start,1,1,4,-0.200000000000000,0.000000000000000,-0.800000000000000,-0.600000000000000,-0.052751165879995,-0.634308685797223,0.004766851554068,0.001146998792339,0.125849447024075,0.051013719723172,0.166062458351072,0.018161583238207
414,test,heatmap_start,1,1,4,-0.200000000000000,0.000000000000000,-0.600000000000000,-0.400000000000000,-0.128304871481585,-0.584770877641875,0.011594251346176,0.002235343401792,0.116020942539228,0.050724457235004,0.453252640810968,0.203018400448752
415,test,heatmap_start,1,1,4,-0.200000000000000,0.000000000000000,-0.600000000000000,-0.400000000000000,-0.160949343093355,-0.518102524023072,0.005982427829485,0.007286696166566,0.049886253594116,0.103401089883154,0.284586349557626,0.255828406345552
416,test,heatmap_start,1,1,3,-0.200000000000000,0.000000000000000,-0.400000000000000,-0.200000000000000,-0.066528826471689,-0.266928183123057,0.002855289846514,0.003011974671659,0.024828032660478,0.053272593310557,0.111669202634321,0.071236924148945
417,test,heatmap_start,1,1,4,-0.200000000000000,0.000000000000000,-0.400000000000000,-0.200000000000000,-0.114351773067303,-0.285627783009499,0.010333381605183,0.001978890450337,0.056669724617249,0.026650067133133,0.201624681528145,0.084187280341282
418,test,heatmap_start,1,1,3,-0.200000000000000,0.000000000000000,-0.200000000000000,0.000000000000000,-0.039502162679530,-0.199462423589857,0.003569607276289,0.000817207587622,0.039574163609814,0.019884639355734,0.112546441767163,0.031245859219287
419,test,heatmap_start,1,1,3,-0.200000000000000,0.000000000000000,-0.200000000000000,0.000000000000000,-0.115967208899085,-0.098147084391196,0.004227855385194,0.005250209788319,0.019472784425351,0.009311664309603,0.181845017860331,0.091833942880797
420,test,heatmap_start,1,1,4,-0.200000000000000,0.000000000000000,0.000000000000000,0.200000000000000,-0.146814974907998,0.083652271176078,0.006405154271713,0.006646787705347,0.006537116104123,0.016695027740151,0.205721361920529,0.109723496446582
421,test,heatmap_start,1,1,4,-0.200000000000000,0.000000000000000,0.000000000000000,0.200000000000000,-0.099010563362936,0.125240065754828,0.008947075386152,0.001910182718116,0.011847694561437,0.024994974345098,0.163386222556270,0.042796982793998
422,test,heatmap_start,1,1,2,-0.200000000000000,0.000000000000000,0.200000000000000,0.400000000000000,-0.003837817064506,0.292531474265848,0.000346803789698,0.000062270987225,0.027322752532869,0.058382408619317,0.008447967907013,0.001679921927194
423,test,heatmap_start,1,1,4,-0.200000000000000,0.000000000000000,0.200000000000000,0.400000000000000,-0.075722265354146,0.290637362385724,0.006842631670020,0.001706160675481,0.057663645729221,0.028295722372732,0.206849826672157,0.054261584514106
424,test,heatmap_start,1,1,4,-0.200000000000000,0.000000000000000,0.400000000000000,0.600000000000000,-0.098608697372106,0.459510725390334,0.004180350063600,0.004464333953290,0.091168814154457,0.045714750771871,0.130669564020368,0.131659391899875
425,test,heatmap_start,1,1,3,-0.200000000000000,0.000000000000000,0.400000000000000,0.600000000000000,-0.148318051428860,0.472280105571193,0.013402739487472,0.003204493615715,0.093702311599130,0.038058647756465,0.285161502223424,0.161158813151402
426,test,heatmap_start,1,1,3,-0.200000000000000,0.000000000000000,0.600000000000000,0.800000000000000,-0.054416003666993,0.679042953885739,0.004917294382389,0.001147410191131,0.055177489381666,0.135521018048804,0.087765804539318,0.022897167928676
427,test,heatmap_start,1,1,4,-0.200000000000000,0.000000000000000,0.600000000000000,0.800000000000000,-0.165714946078609,0.640094385177314,0.007189246122283,0.007502450392937,0.126997353530695,0.056008115565495,0.208512168760525,0.212346115444130
428,test,heatmap_start,1,1,3,-0.200000000000000,0.000000000000000,0.800000000000000,1.000000000000000,-0.020831349612882,0.918309036132986,0.001882421926018,0.000434768439630,0.182196282318437,0.067590319945138,0.022222635264637,0.012996816619211
429,test,heatmap_start,1,1,3,-0.200000000000000,0.000000000000000,0.800000000000000,1.000000000000000,-0.050856942330716,0.826896319140132,0.002173475009607,0.002302457901363,0.073527662216577,0.165029075626836,0.077531852935560,0.021009683137009
430,test,heatmap_start,1,1,2,-0.200000000000000,0.000000000000000,1.000000000000000,1.200000000000000,-0.031557732670335,1.090725808491364,0.001221601075881,0.001428720398946,0.096278522284186,0.217683242470884,0.027605113277764,0.022664038794895
431,test,heatmap_start,1,1,4,-0.200000000000000,0.000000000000000,1.000000000000000,1.200000000000000,-0.089339997592034,1.100784672323728,0.003579704081755,0.004044710002931,0.218400197579519,0.098455655956908,0.209058976426506,0.101993058032669
432,test,heatmap_start,1,1,3,-0.200000000000000,0.000000000000000,1.200000000000000,1.400000000000000,-0.023908707325241,1.326806578799788,0.002160506915209,0.000456310591872,0.109437040071180,0.264799417008684,0.062699310817375,0.010658154490626
433,test,heatmap_start,1,1,4,-0.200000000000000,0.000000000000000,1.200000000000000,1.400000000000000,-0.195513918817282,1.285286716354948,0.017667587288521,0.004376900843799,0.255006160474316,0.117924424318325,0.466852084488118,0.259027386392036
434,test,heatmap_start,1,1,4,-0.200000000000000,0.000000000000000,1.400000000000000,1.600000000000000,-0.050526340786452,1.411731950337029,0.004565805552946,0.000839991869229,0.130157949883635,0.281748525666745,0.098834275165193,0.051904116664926
435,test,heatmap_start,1,1,4,-0.200000000000000,0.000000000000000,1.400000000000000,1.600000000000000,-0.113405454425338,1.592837115869987,0.010247867656555,0.002504568510758,0.316025422196004,0.147466970694807,0.197613513643607,0.058437387698590
436,test,heatmap_start,1,1,3,-0.200000000000000,0.000000000000000,1.600000000000000,1.800000000000000,-0.032884705022588,1.631919970015278,0.002971621662327,0.000703965011565,0.323779620888910,0.136013871094988,0.059814688009376,0.029052681813641
437,test,heatmap_start,1,1,4,-0.200000000000000,0.000000000000000,1.600000000000000,1.800000000000000,-0.106693588556206,1.712043592224056,0.009641350858012,0.002362357274003,0.165681577320216,0.341683672931797,0.172171655067186,0.083169402502287
438,test,heatmap_start,1,1,3,-0.200000000000000,0.000000000000000,1.800000000000000,2.000000000000000,-0.017907719486378,1.804853734327405,0.001618228508118,0.000366404021387,0.358090389601023,0.169827322671871,0.047051019281301,0.035510242582231
439,test,heatmap_start,1,1,4,-0.200000000000000,0.000000000000000,1.800000000000000,2.000000000000000,-0.153852226558877,1.885519569758614,0.006469619059257,0.006965386797720,0.181843796717344,0.376305401863617,0.144140245860284,0.058104156968327
440,test,heatmap_start,1,1,4,0.000000000000000,0.200000000000000,-2.000000000000000,-1.800000000000000,0.150394575392299,-1.851266872481026,0.013590384278199,0.002929307668407,0.155141317199965,0.369469368326397,0.345617009975601,0.130217156683094
441,test,heatmap_start,1,1,4,0.000000000000000,0.200000000000000,-2.000000000000000,-1.800000000000000,0.116948686932536,-1.841972005141617,0.010568051354898,0.002626720397400,0.169613608533077,0.367614331207968,0.293353865335398,0.059887009179542
442,test,heatmap_start,1,1,4,0.000000000000000,0.200000000000000,-1.800000000000000,-1.600000000000000,0.133330744400688,-1.767791524544974,0.005465073970152,0.006036313074893,0.157343881458379,0.352809650307770,0.220283007385547,0.051328935935160
443,test,heatmap_start,1,1,3,0.000000000000000,0.200000000000000,-1.800000000000000,-1.600000000000000,0.125393157900908,-1.705589686089599,0.005522895148402,0.005676952918411,0.338395994963500,0.167790402647107,0.184903327044237,0.056635153298052
444,test,heatmap_start,1,1,3,0.000000000000000,0.200000000000000,-1.600000000000000,-1.400000000000000,0.012336670130077,-1.454393263500777,0.001114801430462,0.000275950208534,0.135935984914087,0.290262721356673,0.025929838963948,0.007534117590990
445,test,heatmap_start,1,1,4,0.000000000000000,0.200000000000000,-1.600000000000000,-1.400000000000000,0.077503906440276,-1.481320298290433,0.007003629411748,0.001328269624048,0.110547233557277,0.295636724793197,0.161860152085583,0.071711726599887
446,test,heatmap_start,1,1,3,0.000000000000000,0.200000000000000,-1.400000000000000,-1.200000000000000,0.135768898514380,-1.217379321396227,0.012268737080611,0.002125272342721,0.241533054562705,0.112380701450327,0.271031712161464,0.062760229642645
447,test,heatmap_start,1,1,3,0.000000000000000,0.200000000000000,-1.400000000000000,-1.200000000000000,0.109377370515140,-1.222228304903005,0.009883870430581,0.001715136721324,0.120646450798148,0.243928050826062,0.282790359169350,0.095180077568249
448,test,heatmap_start,1,1,4,0.000000000000000,0.200000000000000,-1.200000000000000,-1.000000000000000,0.157877063703506,-1.115009118157183,0.006504077820202,0.007147604163937,0.084357317846572,0.222529620492590,0.251826449408558,0.170713188664102
449,test,heatmap_start,1,1,3,0.000000000000000,0.200000000000000,-1.200000000000000,-1.000000000000000,0.055114829387524,-1.070600488860455,0.004980443668596,0.001036330716957,0.212411531677913,0.104519198552439,0.106200159026252,0.059931567556432
450,test,heatmap_start,1,1,3,0.000000000000000,0.200000000000000,-1.000000000000000,-0.800000000000000,0.027545839650922,-0.940668809032731,0.002489175857209,0.000561284863785,0.067556890919015,0.187735391284721,0.039148420290011,0.028881569434709
451,test,heatmap_start,1,1,4,0.000000000000000,0.200000000000000,-1.000000000000000,-0.800000000000000,0.194244441963325,-0.986592594397070,0.017552871194323,0.004327444735370,0.195744020573937,0.091259979884142,0.292848288853208,0.269708492772856
452,test,heatmap_start,1,1,4,0.000000000000000,0.200000000000000,-0.800000000000000,-0.600000000000000,0.120553069821320,-0.609278684113529,0.010893760898720,0.002125998624431,0.120883391944842,0.052548968825999,0.145678062468681,0.031080882109050
453,test,heatmap_start,1,1,4,0.000000000000000,0.200000000000000,-0.800000000000000,-0.600000000000000,0.134759145981191,-0.789380337663389,0.012177490937483,0.003037213115231,0.077580023864322,0.157541767241211,0.483160323146200,0.125069630610584
454,test,heatmap_start,1,1,4,0.000000000000000,0.200000000000000,-0.600000000000000,-0.400000000000000,0.098839548034513,-0.410625539804498,0.008931621610478,0.001937373054036,0.081469792666340,0.037889541819815,0.173247552429105,0.071813942829552
455,test,heatmap_start,1,1,3,0.000000000000000,0.200000000000000,-0.600000000000000,-0.400000000000000,0.018294407209828,-0.598740023664407,0.000810784794299,0.000828246852851,0.057036162145132,0.119494440063388,0.017907117551238,0.020740826160307
456,test,heatmap_start,1,1,4,0.000000000000000,0.200000000000000,-0.400000000000000,-0.200000000000000,0.081157365320980,-0.304133195883501,0.007333773700556,0.001634367000877,0.060341274493976,0.027794908524546,0.154714497917801,0.029326995287057
457,test,heatmap_start,1,1,3,0.000000000000000,0.200000000000000,-0.400000000000000,-0.200000000000000,0.052855702194324,-0.223434803809923,0.001869002423118,0.002392948210650,0.044330382249252,0.021797148821900,0.045639927907395,0.059801581734045
458,test,heatmap_start,1,1,3,0.000000000000000,0.200000000000000,-0.200000000000000,0.000000000000000,0.043068338619411,-0.129528836556836,0.003891864254642,0.000969609862996,0.025699052873384,0.012474636067644,0.048333779992680,0.027108442743900
459,test,heatmap_start,1,1,4,0.000000000000000,0.200000000000000,-0.200000000000000,0.000000000000000,0.107425497539391,-0.060385863528155,0.009707489708514,0.001940910615126,0.005898541675351,0.012051599466959,0.447135486016892,0.186047115237589
460,test,heatmap_start,1,1,4,0.000000000000000,0.200000000000000,0.000000000000000,0.200000000000000,0.145435354976735,0.076182556317744,0.013142245035198,0.003278351896545,0.007432855846989,0.015204248171138,0.268668749418732,0.188119723315113
461,test,heatmap_start,1,1,3,0.000000000000000,0.200000000000000,0.000000000000000,0.200000000000000,0.016141657695127,0.151779723277293,0.001458638587141,0.000297726992568,0.030113720135973,0.015104402810538,0.063479710250913,0.028515065234128
462,test,heatmap_start,1,1,3,0.000000000000000,0.200000000000000,0.200000000000000,0.400000000000000,0.002518115517199,0.258095415260463,0.000227549148275,0.000051426073240,0.021137711064625,0.051509780389699,0.007720906491412,0.002678040330286
463,test,heatmap_start,1,1,3,0.000000000000000,0.200000000000000,0.200000000000000,0.400000000000000,0.052782650295446,0.397215211595325,0.004769696638763,0.001162573228347,0.034399892798153,0.079274822825019,0.034922918398207,0.046989272975544
464,test,heatmap_start,1,1,4,0.000000000000000,0.200000000000000,0.400000000000000,0.600000000000000,0.097787945415501,0.489506501737417,0.008836593690335,0.002072803940758,0.044342639906994,0.097693995758811,0.305256073514286,0.128789561320480
465,test,heatmap_start,1,1,4,0.000000000000000,0.200000000000000,0.400000000000000,0.600000000000000,0.147325063618982,0.435164168504773,0.006633083876415,0.006669881067417,0.035805224834742,0.086848542933341,0.246683614382997,0.119954909607014
466,test,heatmap_start,1,1,4,0.000000000000000,0.200000000000000,0.600000000000000,0.800000000000000,0.179526530775687,0.613506131562902,0.016222889256539,0.004033222454702,0.121722134871968,0.050298784311405,0.326395440345959,0.109971075985625
467,test,heatmap_start,1,1,4,0.000000000000000,0.200000000000000,0.600000000000000,0.800000000000000,0.176803182711506,0.638180871765699,0.007016035372435,0.008004450648508,0.061469500669353,0.127365906598471,0.157735922923862,0.126392281128731
468,test,heatmap_start,1,1,3,0.000000000000000,0.200000000000000,0.800000000000000,1.000000000000000,0.113767721652728,0.818609580370657,0.004564803247344,0.005150631902642,0.073467013563440,0.163375237282859,0.236085954312463,0.072818264601022
469,test,heatmap_start,1,1,4,0.000000000000000,0.200000000000000,0.800000000000000,1.000000000000000,0.087536935161506,0.995891301835485,0.007910262616038,0.001965404958071,0.197588922299810,0.072085686673993,0.076199586147281,0.049163386880694
470,test,heatmap_start,1,1,4,0.000000000000000,0.200000000000000,1.000000000000000,1.200000000000000,0.156904515601695,1.010565667095640,0.006807103239051,0.007103573772827,0.200500376603953,0.090894827287756,0.207101878410568,0.178518937116424
471,test,heatmap_start,1,1,4,0.000000000000000,0.200000000000000,1.000000000000000,1.200000000000000,0.183428130637629,1.039246535640770,0.016575456769598,0.003476611309048,0.206190778654870,0.103613134211375,0.261487547443840,0.197371010581011
472,test,heatmap_start,1,1,4,0.000000000000000,0.200000000000000,1.200000000000000,1.400000000000000,0.195686317816966,1.319921241519940,0.017683166099450,0.004312074667807,0.261877792437668,0.112308609788357,0.211174526522774,0.169093859376365
473,test,heatmap_start,1,1,4,0.000000000000000,0.200000000000000,1.200000000000000,1.400000000000000,0.189253371440624,1.290755932222908,0.017101853820949,0.004150021681625,0.110731374257546,0.257604555037937,0.282533328420920,0.125196487786739
474,test,heatmap_start,1,1,4,0.000000000000000,0.200000000000000,1.400000000000000,1.600000000000000,0.190868291546850,1.573830978718674,0.017247785845192,0.004056804850946,0.312254526567246,0.155329044349755,0.649160785729883,0.181825371067643
475,test,heatmap_start,1,1,3,0.000000000000000,0.200000000000000,1.400000000000000,1.600000000000000,0.038241713290677,1.582683973913696,0.003455706947683,0.000839522138631,0.314010997154433,0.139767168017753,0.068896743794439,0.039040608781778
476,test,heatmap_start,1,1,3,0.000000000000000,0.200000000000000,1.600000000000000,1.800000000000000,0.169341142435250,1.664196190169641,0.015302488097068,0.003778764973019,0.135473986548969,0.332134455757391,0.157494755950396,0.087103539564933
477,test,heatmap_start,1,1,4,0.000000000000000,0.200000000000000,1.600000000000000,1.800000000000000,0.138208552228591,1.636611908159219,0.012489196039289,0.003039767245963,0.159266778945209,0.326629281219012,0.097832851538380,0.093102308773401
478,test,heatmap_start,1,1,3,0.000000000000000,0.200000000000000,1.800000000000000,2.000000000000000,0.196304897575374,1.993478313997509,0.008759283950570,0.008887356214998,0.174090035256591,0.397851430495243,0.335704611335027,0.160606620676081
479,test,heatmap_start,1,1,3,0.000000000000000,0.200000000000000,1.800000000000000,2.000000000000000,0.041980295276296,1.878490484429230,0.003793543373682,0.000934323599886,0.173928009122036,0.374902561595062,0.046723282262532,0.021993495249804
480,test,heatmap_start,1,1,4,0.200000000000000,0.400000000000000,-2.000000000000000,-1.800000000000000,0.354497809337439,-1.922611283675461,0.032034143798794,0.007565463091058,0.155590587029720,0.383708036413349,0.762582268230664,0.229049356370895
481,test,heatmap_start,1,1,4,0.200000000000000,0.400000000000000,-2.000000000000000,-1.800000000000000,0.336041360000288,-1.827803746914464,0.030366329396255,0.006700771857830,0.181085396268963,0.364786679778947,1.313993880521536,0.599050031042192
482,test,heatmap_start,1,1,4,0.200000000000000,0.400000000000000,-1.800000000000000,-1.600000000000000,0.312569431271467,-1.614344406549684,0.028245291916392,0.005924169734689,0.320292556951733,0.157782704193963,0.786622743020893,0.211803902931419
483,test,heatmap_start,1,1,3,0.200000000000000,0.400000000000000,-1.800000000000000,-1.600000000000000,0.344466617869489,-1.649277172526374,0.031127676617634,0.005660307638227,0.327223361116369,0.144605271329968,1.052688483806479,0.203139820101835
484,test,heatmap_start,1,1,4,0.200000000000000,0.400000000000000,-1.600000000000000,-1.400000000000000,0.251147510121194,-1.530650700715368,0.022694908803437,0.005656050703502,0.303687382161471,0.144718644404001,0.751181678257796,0.371904386101071
485,test,heatmap_start,1,1,4,0.200000000000000,0.400000000000000,-1.600000000000000,-1.400000000000000,0.336840376344458,-1.523876524394143,0.030438532393827,0.005851147602522,0.149924379329198,0.304129947575184,0.662207515240317,0.437889749218380
486,test,heatmap_start,1,1,4,0.200000000000000,0.400000000000000,-1.400000000000000,-1.200000000000000,0.392709435419178,-1.255480761677382,0.017087268914896,0.017779223466500,0.249092536716379,0.118755885965465,0.622447387764661,0.305786253262968
487,test,heatmap_start,1,1,4,0.200000000000000,0.400000000000000,-1.400000000000000,-1.200000000000000,0.252854890991005,-1.205354910471967,0.022849196031347,0.005721566167292,0.111255660313646,0.240560517773627,0.731885751814226,0.104462269148609
488,test,heatmap_start,1,1,4,0.200000000000000,0.400000000000000,-1.200000000000000,-1.000000000000000,0.303791885464995,-1.163151321226715,0.010742669462704,0.013753639031429,0.230773996729567,0.103422052597780,0.355252921039014,0.221023496099623
489,test,heatmap_start,1,1,4,0.200000000000000,0.400000000000000,-1.200000000000000,-1.000000000000000,0.275775918200877,-1.085478362900403,0.010299491136736,0.012485265782166,0.082489553298971,0.216635975630733,0.370825241562471,0.488317827358809
490,test,heatmap_start,1,1,4,0.200000000000000,0.400000000000000,-1.000000000000000,-0.800000000000000,0.365994254965570,-0.907851805374842,0.033073018462406,0.007462377460467,0.180121524810329,0.087309106941060,0.652584839813103,0.238872879479946
491,test,heatmap_start,1,1,4,0.200000000000000,0.400000000000000,-1.000000000000000,-0.800000000000000,0.233615756321457,-0.865611087803326,0.009311316569978,0.010576539197489,0.171740793051006,0.072478190482952,0.474993772800247,0.292750983630748
492,test,heatmap_start,1,1,4,0.200000000000000,0.400000000000000,-0.800000000000000,-0.600000000000000,0.383872941066183,-0.677360535812277,0.014867307835961,0.017379166850609,0.054629641710794,0.135185246933303,0.531677633058016,0.175694830605170
493,test,heatmap_start,1,1,4,0.200000000000000,0.400000000000000,-0.800000000000000,-0.600000000000000,0.333081666367147,-0.696091710594366,0.030098877104740,0.007444968843842,0.063161280392220,0.138923549291339,0.626385500430222,0.507937405265864
494,test,heatmap_start,1,1,4,0.200000000000000,0.400000000000000,-0.600000000000000,-0.400000000000000,0.269232960675575,-0.463979488562056,0.010971278951450,0.012189044980010,0.041947409295359,0.092599403740038,0.573098594832441,0.187424654992403
495,test,heatmap_start,1,1,4,0.200000000000000,0.400000000000000,-0.600000000000000,-0.400000000000000,0.271433222571505,-0.561030341280842,0.024528024305360,0.005996083284344,0.111310722673114,0.054129234798955,0.491231164884808,0.307861224385473
496,test,heatmap_start,1,1,4,0.200000000000000,0.400000000000000,-0.400000000000000,-0.200000000000000,0.378726229111898,-0.289593115334151,0.016385454603595,0.017146158591321,0.028585118255258,0.057795981219493,0.485174548496432,0.802579722289641
497,test,heatmap_start,1,1,4,0.200000000000000,0.400000000000000,-0.400000000000000,-0.200000000000000,0.213210063490703,-0.318743359037303,0.009486219242699,0.009652707631182,0.031401989927367,0.063613684916167,0.509175174119481,0.208140553857112
498,test,heatmap_start,1,1,4,0.200000000000000,0.400000000000000,-0.200000000000000,0.000000000000000,0.397809600166319,-0.074994101179585,0.015392944236229,0.018010124383507,0.014879137515918,0.006692292604212,0.773278190689728,0.578914298838397
499,test,heatmap_start,1,1,4,0.200000000000000,0.400000000000000,-0.200000000000000,0.000000000000000,0.397856424573056,-0.074785159545451,0.035952238858311,0.008877535731305,0.014837682638026,0.005147505884159,0.797437126277161,0.364971475987908
500,test,heatmap_start,1,1,4,0.200000000000000,0.400000000000000,0.000000000000000,0.200000000000000,0.292798396197479,0.066395797116264,0.026458685161911,0.005885640878374,0.005080241117399,0.013251040995077,0.284894594926485,0.186272351720863
501,test,heatmap_start,1,1,4,0.200000000000000,0.400000000000000,0.000000000000000,0.200000000000000,0.353856790012423,0.149760749946161,0.031976218179243,0.007248832296273,0.014163694439249,0.029888726744481,0.297783798851456,0.432811287079387
502,test,heatmap_start,1,1,4,0.200000000000000,0.400000000000000,0.200000000000000,0.400000000000000,0.392382042774396,0.346274695025302,0.035457547130665,0.008695326367429,0.068702320909564,0.021968806018832,1.026615675969510,0.552048423480053
503,test,heatmap_start,1,1,4,0.200000000000000,0.400000000000000,0.200000000000000,0.400000000000000,0.223092466371367,0.339564136349368,0.020159718790717,0.004814104957966,0.067370918522211,0.029127472627634,0.660216277426132,0.272775249368112
504,test,heatmap_start,1,1,4,0.200000000000000,0.400000000000000,0.400000000000000,0.600000000000000,0.279735568294463,0.498428618835899,0.025278264588237,0.005634892312136,0.047971909300763,0.099474640687703,0.522313096222131,0.228469683455425
505,test,heatmap_start,1,1,4,0.200000000000000,0.400000000000000,0.400000000000000,0.600000000000000,0.387605376999046,0.460465112324307,0.035025904411596,0.008245959175101,0.039919193863709,0.091898016820667,0.510851502616609,0.424112666393835
506,test,heatmap_start,1,1,4,0.200000000000000,0.400000000000000,0.600000000000000,0.800000000000000,0.380445909674022,0.698745407194424,0.034378940171559,0.007243466319608,0.138633957054377,0.069249092676213,0.533602767216669,0.166407222434710
507,test,heatmap_start,1,1,4,0.200000000000000,0.400000000000000,0.600000000000000,0.800000000000000,0.287144586336589,0.703659323821000,0.025947779443105,0.006190657399603,0.069118125553665,0.140433867074337,0.316216519112828,0.188313087907070
508,test,heatmap_start,1,1,4,0.200000000000000,0.400000000000000,0.800000000000000,1.000000000000000,0.346700240548536,0.948364093314163,0.031329517611311,0.007467351084188,0.084471181226264,0.189271189210356,0.509512585631674,0.415477158018461
509,test,heatmap_start,1,1,4,0.200000000000000,0.400000000000000,0.800000000000000,1.000000000000000,0.323145347958660,0.881457269529684,0.013112963723403,0.014629832734690,0.174884740552212,0.069663305370816,0.210181745112383,0.468574269385079
510,test,heatmap_start,1,1,4,0.200000000000000,0.400000000000000,1.000000000000000,1.200000000000000,0.303295487902009,1.143364936325612,0.027407253351262,0.004371117806795,0.226848296744425,0.107132901369709,0.575200797984866,0.138264426972420
511,test,heatmap_start,1,1,4,0.200000000000000,0.400000000000000,1.000000000000000,1.200000000000000,0.206135672684154,1.164560976781639,0.008670275784794,0.009332427129379,0.108813481962648,0.232419007148573,0.341705648561734,0.204166589476571
512,test,heatmap_start,1,1,4,0.200000000000000,0.400000000000000,1.200000000000000,1.400000000000000,0.295738308427262,1.377640079562968,0.012660239054087,0.013389027608977,0.273329446834387,0.134276873212851,0.579036946847258,0.352975413986013
513,test,heatmap_start,1,1,4,0.200000000000000,0.400000000000000,1.200000000000000,1.400000000000000,0.221693963472195,1.384417441587807,0.009831999902238,0.010036801162007,0.274674103280382,0.130710034905886,0.224659014005046,0.390636570863112
514,test,heatmap_start,1,1,4,0.200000000000000,0.400000000000000,1.400000000000000,1.600000000000000,0.383384867321745,1.431589161452346,0.014756660479160,0.017357070177120,0.136208352643826,0.285711558418294,0.342904456586647,0.242735051402938
515,test,heatmap_start,1,1,4,0.200000000000000,0.400000000000000,1.400000000000000,1.600000000000000,0.364721801600631,1.421022791031730,0.032958033396219,0.008108916387631,0.139699764034110,0.283602759161504,0.444171744770892,0.241983969246560
516,test,heatmap_start,1,1,4,0.200000000000000,0.400000000000000,1.600000000000000,1.800000000000000,0.361781305258148,1.682852577434980,0.032692315865127,0.007950126208245,0.151192283660780,0.335857832284374,0.620481892095253,0.272866827367654
517,test,heatmap_start,1,1,4,0.200000000000000,0.400000000000000,1.600000000000000,1.800000000000000,0.205918410124699,1.677405095019008,0.007962494153972,0.009322590952177,0.332804056400692,0.124198428808656,0.141528501442588,0.313839223865290
518,test,heatmap_start,1,1,4,0.200000000000000,0.400000000000000,1.800000000000000,2.000000000000000,0.231267525734630,1.985174197402791,0.009946855676651,0.010470227220774,0.393866709669289,0.174776947148798,0.384553233643397,0.276841136172807
519,test,heatmap_start,1,1,4,0.200000000000000,0.400000000000000,1.800000000000000,2.000000000000000,0.280189422802565,1.934637739198220,0.011795195404781,0.012685079378445,0.153083710000282,0.386108234348746,0.603718815247252,0.602706735129769
520,test,heatmap_start,1,1,4,0.400000000000000,0.600000000000000,-2.000000000000000,-1.800000000000000,0.586160551267664,-1.817287341275533,0.023190502427524,0.026537379773192,0.360557268258013,0.179850927237773,0.633757047824911,0.299095722228433
521,test,heatmap_start,1,1,4,0.400000000000000,0.600000000000000,-2.000000000000000,-1.800000000000000,0.400677966392710,-1.936214427769559,0.015488760391806,0.018139984579171,0.384152890400009,0.168710850219217,0.515734026048254,0.336529678209580
522,test,heatmap_start,1,1,4,0.400000000000000,0.600000000000000,-1.800000000000000,-1.600000000000000,0.568394070762226,-1.642039833579256,0.051362848845837,0.012473455030892,0.325787443360842,0.159453708431732,1.780161180511827,0.554897093386848
523,test,heatmap_start,1,1,4,0.400000000000000,0.600000000000000,-1.800000000000000,-1.600000000000000,0.451117173046178,-1.759385822380936,0.040765138770466,0.009214079427875,0.145670622633184,0.351132069665534,0.811873544894841,0.320833035011303
524,test,heatmap_start,1,1,4,0.400000000000000,0.600000000000000,-1.600000000000000,-1.400000000000000,0.517084674092303,-1.445649394368674,0.020132641426192,0.023410091896510,0.137036367823969,0.288517650533557,0.610053485142445,1.056725377631961
525,test,heatmap_start,1,1,4,0.400000000000000,0.600000000000000,-1.600000000000000,-1.400000000000000,0.414456178839811,-1.519225092427658,0.037452273276576,0.008214706582864,0.301420494576423,0.085297030969630,0.961955735665989,0.207195204616076
526,test,heatmap_start,1,1,4,0.400000000000000,0.600000000000000,-1.400000000000000,-1.200000000000000,0.468769129016142,-1.321573265866937,0.018660668298611,0.021222691250284,0.262205560849476,0.126830046664636,0.433185208457895,0.343999843044070
527,test,heatmap_start,1,1,4,0.400000000000000,0.600000000000000,-1.400000000000000,-1.200000000000000,0.439051878177135,-1.335171038400087,0.039674860126623,0.009882505890711,0.264903414737296,0.081922071673121,0.778951540857235,0.313509378161007
528,test,heatmap_start,1,1,4,0.400000000000000,0.600000000000000,-1.200000000000000,-1.000000000000000,0.405863591110791,-1.033408667040109,0.036675805316366,0.008623341627325,0.205032521560740,0.034794892830063,0.903119569380303,0.223226497587568
529,test,heatmap_start,1,1,4,0.400000000000000,0.600000000000000,-1.200000000000000,-1.000000000000000,0.425478013395470,-1.011629918152585,0.018571884078679,0.019262762740004,0.099359199936374,0.201897561284077,0.734535049999329,0.456374080704471
530,test,heatmap_start,1,1,4,0.400000000000000,0.600000000000000,-1.000000000000000,-0.800000000000000,0.592395401083598,-0.841072564882010,0.024765258629157,0.026819651545041,0.166872249375691,0.071204417057462,0.521621557508370,0.724006292075250
531,test,heatmap_start,1,1,4,0.400000000000000,0.600000000000000,-1.000000000000000,-0.800000000000000,0.501264347296590,-0.928354717094306,0.021978847182415,0.022693854648190,0.184189386657491,0.081632662903660,0.259618281563277,0.659952616192624
532,test,heatmap_start,1,1,4,0.400000000000000,0.600000000000000,-0.800000000000000,-0.600000000000000,0.571502121992436,-0.623962166697009,0.024931849605203,0.025873745375221,0.123796655163359,0.056758065731249,1.144557020604262,0.465873598391691
533,test,heatmap_start,1,1,4,0.400000000000000,0.600000000000000,-0.800000000000000,-0.600000000000000,0.501919413405553,-0.734653717170952,0.045355875948827,0.010519934227781,0.145758313153072,0.069769052149004,1.031065988921188,0.565675939196843
534,test,heatmap_start,1,1,4,0.400000000000000,0.600000000000000,-0.600000000000000,-0.400000000000000,0.580525610554691,-0.543454170310050,0.052459113702703,0.012177362680702,0.043413167882603,0.108460682791621,0.810801892453845,0.331739252511451
535,test,heatmap_start,1,1,4,0.400000000000000,0.600000000000000,-0.600000000000000,-0.400000000000000,0.405040340041503,-0.471563735934937,0.036601412351328,0.008707400009546,0.038152572507971,0.094113041307772,1.576801442894692,0.692681359379095
536,test,heatmap_start,1,1,4,0.400000000000000,0.600000000000000,-0.400000000000000,-0.200000000000000,0.427951495623640,-0.327900394799788,0.038671775646059,0.007699791873465,0.029885193553768,0.065441214090485,0.643147027572541,0.241552541323340
537,test,heatmap_start,1,1,4,0.400000000000000,0.600000000000000,-0.400000000000000,-0.200000000000000,0.572421053314192,-0.364398763507891,0.025850830683026,0.025915348361669,0.035852274250425,0.072725430878449,0.723015018821712,0.813991491808119
538,test,heatmap_start,1,1,4,0.400000000000000,0.600000000000000,-0.200000000000000,0.000000000000000,0.561030995710813,-0.081223330805306,0.050697485622749,0.011397615046666,0.016115042243910,0.008031748234372,0.838411075481431,0.664666685932776
539,test,heatmap_start,1,1,4,0.400000000000000,0.600000000000000,-0.200000000000000,0.000000000000000,0.492826429535093,-0.016007234946433,0.019647963619685,0.022311842880855,0.003175901121173,0.001477647032905,0.633802740178011,0.456173860780096
540,test,heatmap_start,1,1,4,0.400000000000000,0.600000000000000,0.000000000000000,0.200000000000000,0.504470169936787,0.113901546479019,0.045586374697663,0.010954602824108,0.022598534373773,0.009436953515633,1.664801232028792,0.335353368934145
541,test,heatmap_start,1,1,4,0.400000000000000,0.600000000000000,0.000000000000000,0.200000000000000,0.456863809109939,0.101909142272754,0.019849996872030,0.020683698998095,0.020219192151854,0.008135080057633,0.483678616571918,0.430883043940412
542,test,heatmap_start,1,1,4,0.400000000000000,0.600000000000000,0.200000000000000,0.400000000000000,0.466346634398242,0.215831953188535,0.042141346865636,0.010462396113703,0.042821945477169,0.019158692097906,0.897131733325715,0.655476627758825
543,test,heatmap_start,1,1,4,0.400000000000000,0.600000000000000,0.200000000000000,0.400000000000000,0.506340367107755,0.317338446383029,0.045755374797322,0.008596693226900,0.062961250399069,0.027922323898025,0.881958114848019,0.315133248537742
544,test,heatmap_start,1,1,4,0.400000000000000,0.600000000000000,0.400000000000000,0.600000000000000,0.547368300520379,0.570639154958523,0.049462858127512,0.011061010729599,0.055898104068401,0.113886166958889,0.591392292298794,0.440254672484716
545,test,heatmap_start,1,1,4,0.400000000000000,0.600000000000000,0.400000000000000,0.600000000000000,0.502593986649585,0.481827653917999,0.022627503313151,0.022754051712621,0.047359620764760,0.096161478164784,0.749793384367048,0.524436792922152
546,test,heatmap_start,1,1,4,0.400000000000000,0.600000000000000,0.600000000000000,0.800000000000000,0.567430187430525,0.733671001852093,0.051275747666536,0.011516968744645,0.145563338399881,0.055170858826226,0.803624881539505,0.428187005700888
547,test,heatmap_start,1,1,4,0.400000000000000,0.600000000000000,0.600000000000000,0.800000000000000,0.496398898419158,0.601711792076254,0.044857015402275,0.010888825787594,0.119382089503453,0.046382470776170,0.709909558639678,0.356244402284845
548,test,heatmap_start,1,1,4,0.400000000000000,0.600000000000000,0.800000000000000,1.000000000000000,0.415856877502411,0.942633300796530,0.018251269922824,0.018827182869453,0.090791269531898,0.188127457680897,0.689234697889507,0.230457471919844
549,test,heatmap_start,1,1,4,0.400000000000000,0.600000000000000,0.800000000000000,1.000000000000000,0.453006605783963,0.952870361129573,0.040935877089367,0.008331482356192,0.089475525801817,0.190170534382042,0.546591431258298,0.446678953595307
550,test,heatmap_start,1,1,4,0.400000000000000,0.600000000000000,1.000000000000000,1.200000000000000,0.550284809931258,1.071889345448898,0.049726408082964,0.012208429451719,0.212667246115664,0.088583731062116,1.767323985557950,0.924248159255333
551,test,heatmap_start,1,1,4,0.400000000000000,0.600000000000000,1.000000000000000,1.200000000000000,0.465552447265968,1.016107164020957,0.018570995254618,0.021077061686798,0.088268815782338,0.202791114357067,0.694453316260581,0.480155339367515
552,test,heatmap_start,1,1,4,0.400000000000000,0.600000000000000,1.200000000000000,1.400000000000000,0.417092341958174,1.352016396936375,0.037690489779433,0.007766693997725,0.132136145868901,0.269830704350884,1.126191325707981,0.255259598264007
553,test,heatmap_start,1,1,4,0.400000000000000,0.600000000000000,1.200000000000000,1.400000000000000,0.484893446837967,1.357263196103919,0.043817326917004,0.008397971868686,0.269286589511422,0.127202238047297,2.162911501783664,0.295881278529551
554,test,heatmap_start,1,1,4,0.400000000000000,0.600000000000000,1.400000000000000,1.600000000000000,0.478708659144222,1.521769778539532,0.043258439462335,0.008891237781840,0.301925370746653,0.150977171402607,0.812410928994289,0.356527020503892
555,test,heatmap_start,1,1,4,0.400000000000000,0.600000000000000,1.400000000000000,1.600000000000000,0.529115111045178,1.552345810311559,0.047813411273304,0.011288067833593,0.307991780961207,0.145143682286441,1.515215178546381,0.403543707897121
556,test,heatmap_start,1,1,4,0.400000000000000,0.600000000000000,1.600000000000000,1.800000000000000,0.481357084882176,1.741586164661338,0.043497764075056,0.010198369405279,0.154656358528149,0.347579676225213,1.346141550817624,0.381394736681464
557,test,heatmap_start,1,1,4,0.400000000000000,0.600000000000000,1.600000000000000,1.800000000000000,0.550583975708467,1.676958890451307,0.022347220539765,0.024926713387332,0.332715527582843,0.152569886123454,0.237263423101962,0.388321500216146
558,test,heatmap_start,1,1,4,0.400000000000000,0.600000000000000,1.800000000000000,2.000000000000000,0.595273643315400,1.847671468710861,0.053791817572126,0.007750572489302,0.366585603864421,0.143851714589929,1.402529100846683,0.487576320529296
559,test,heatmap_start,1,1,5,0.400000000000000,0.600000000000000,1.800000000000000,2.000000000000000,0.587653977064947,1.868111548799224,0.053103267522065,0.010722446079014,0.370640999658056,0.177773707197979,1.314799414988261,0.487228643977310
560,test,heatmap_start,1,1,4,0.600000000000000,0.800000000000000,-2.000000000000000,-1.800000000000000,0.622255037659267,-1.965716602488288,0.056229987409956,0.011135017545696,0.194755079373721,0.392310845197983,0.584269809924954,0.552574878913440
561,test,heatmap_start,1,1,4,0.600000000000000,0.800000000000000,-2.000000000000000,-1.800000000000000,0.729239073478392,-1.901690963458171,0.065897584493308,0.016188205007392,0.377303293365904,0.187675042467213,1.894898459577516,0.956917959037367
562,test,heatmap_start,1,1,4,0.600000000000000,0.800000000000000,-1.800000000000000,-1.600000000000000,0.624417511086472,-1.763827924254902,0.056425399011674,0.014065847351173,0.349950700476555,0.173813089401372,1.735787946637684,0.415831044928098
563,test,heatmap_start,1,1,5,0.600000000000000,0.800000000000000,-1.800000000000000,-1.600000000000000,0.796588756886450,-1.656749748472624,0.034101632811282,0.036064143721091,0.153313730897032,0.330648320964524,1.223145611171951,0.458975086691303
564,test,heatmap_start,1,1,5,0.600000000000000,0.800000000000000,-1.600000000000000,-1.400000000000000,0.667051691247907,-1.545792001056639,0.060278030599406,0.013672890531511,0.148045776571688,0.308503761766659,1.591098382079106,0.515718555630942
565,test,heatmap_start,1,1,4,0.600000000000000,0.800000000000000,-1.600000000000000,-1.400000000000000,0.740977438243380,-1.574745849339881,0.031081481804580,0.033546439861069,0.312436040653928,0.137438017720235,0.816873424634080,0.308366205945592
566,test,heatmap_start,1,1,4,0.600000000000000,0.800000000000000,-1.400000000000000,-1.200000000000000,0.741790148361308,-1.385143344520046,0.033212232044394,0.033583233870830,0.130378005171840,0.276442064701063,1.355455719491501,0.866452509837948
567,test,heatmap_start,1,1,4,0.600000000000000,0.800000000000000,-1.400000000000000,-1.200000000000000,0.639238571083086,-1.380113157043841,0.057764701976816,0.013682138650842,0.133908090380847,0.275438157475679,1.679083395824338,0.732162184567068
568,test,heatmap_start,1,1,5,0.600000000000000,0.800000000000000,-1.200000000000000,-1.000000000000000,0.769921735065986,-1.138953727017676,0.069573867384450,0.016862322738131,0.109583575799398,0.227308401792043,0.830749344047315,0.737618100792312
569,test,heatmap_start,1,1,4,0.600000000000000,0.800000000000000,-1.200000000000000,-1.000000000000000,0.685237058411182,-1.078940203729252,0.024246428204233,0.031022892984518,0.101941866252459,0.215331112688015,0.681752318204619,0.561102847311360
570,test,heatmap_start,1,1,4,0.600000000000000,0.800000000000000,-1.000000000000000,-0.800000000000000,0.638770047023401,-0.957655160461078,0.024481308589836,0.028919181423827,0.076817971017505,0.191125467899656,0.863755649106033,0.680132131138937
571,test,heatmap_start,1,1,4,0.600000000000000,0.800000000000000,-1.000000000000000,-0.800000000000000,0.606399280608251,-0.949141498027056,0.054797184193597,0.013151441821600,0.092499459693912,0.189426340924286,1.161463577170643,0.274090742229088
572,test,heatmap_start,1,1,4,0.600000000000000,0.800000000000000,-0.800000000000000,-0.600000000000000,0.679023341443154,-0.686769058271280,0.061359847055705,0.014782742132328,0.054430184658154,0.137062966943036,1.456054838316520,0.364683850614729
573,test,heatmap_start,1,1,4,0.600000000000000,0.800000000000000,-0.800000000000000,-0.600000000000000,0.647318534613047,-0.644479281002951,0.058494846724654,0.011578668269696,0.127867334861978,0.064021210280944,0.725692943152617,0.390891489851799
574,test,heatmap_start,1,1,4,0.600000000000000,0.800000000000000,-0.600000000000000,-0.400000000000000,0.737229784504361,-0.541938051662235,0.032786112659253,0.033376771482132,0.046775268281043,0.108158101133923,0.798101392518456,0.496619818705133
575,test,heatmap_start,1,1,4,0.600000000000000,0.800000000000000,-0.600000000000000,-0.400000000000000,0.634341261902189,-0.503571418029487,0.057322157333674,0.012367780677360,0.099910636437981,0.049553391945880,0.928344507109205,0.162656105196241
576,test,heatmap_start,1,1,4,0.600000000000000,0.800000000000000,-0.400000000000000,-0.200000000000000,0.600114818317101,-0.325944027523933,0.054229289658200,0.013379452993273,0.064668633022314,0.027663683578786,1.139964640153620,0.594639435388975
577,test,heatmap_start,1,1,4,0.600000000000000,0.800000000000000,-0.400000000000000,-0.200000000000000,0.609275306779994,-0.217828604979107,0.025117154031025,0.027583859349596,0.019018792001047,0.043473471211199,1.505675078349270,0.347296633983137
578,test,heatmap_start,1,1,4,0.600000000000000,0.800000000000000,-0.200000000000000,0.000000000000000,0.730136203334368,-0.039177195242978,0.065978653504330,0.016195500675238,0.003447292919365,0.007818847619644,2.312757724416177,1.049257020455654
579,test,heatmap_start,1,1,4,0.600000000000000,0.800000000000000,-0.200000000000000,0.000000000000000,0.749350499586137,-0.170025175035257,0.067714950634832,0.016254679333887,0.016622541520312,0.033933029836845,1.453060748436160,0.447465134128348
580,test,heatmap_start,1,1,4,0.600000000000000,0.800000000000000,0.000000000000000,0.200000000000000,0.740133414090976,0.107014876603447,0.030252521946365,0.033508228163913,0.021232190801497,0.007900467914103,0.800071357739103,1.833305552526594
581,test,heatmap_start,1,1,4,0.600000000000000,0.800000000000000,0.000000000000000,0.200000000000000,0.639545648988454,0.110111847173850,0.026689919042008,0.028954295427755,0.021846642475362,0.010144158903990,0.701979620182449,0.604766677532253
582,test,heatmap_start,1,1,5,0.600000000000000,0.800000000000000,0.200000000000000,0.400000000000000,0.786752219540395,0.205426284939208,0.071094751704904,0.016309886339754,0.020222492321700,0.040998259549910,1.706970516574948,0.679144712565544
583,test,heatmap_start,1,1,5,0.600000000000000,0.800000000000000,0.200000000000000,0.400000000000000,0.755418819651844,0.225521514354366,0.033834715312641,0.034200247801670,0.044744394186968,0.020442452861532,1.166637319403712,1.963677324164580
584,test,heatmap_start,1,1,4,0.600000000000000,0.800000000000000,0.400000000000000,0.600000000000000,0.703659080054896,0.584927361422718,0.029628733801803,0.031856917354619,0.116051989563695,0.053565764872407,1.205879614129260,0.572183262418476
585,test,heatmap_start,1,1,4,0.600000000000000,0.800000000000000,0.400000000000000,0.600000000000000,0.640208803627970,0.494259083807518,0.057852376901858,0.014319475733916,0.098063031102316,0.048042663333541,1.846962293343644,0.724046604773495
586,test,heatmap_start,1,1,4,0.600000000000000,0.800000000000000,0.600000000000000,0.800000000000000,0.719378070671255,0.705806288823273,0.028185107818290,0.032568566787075,0.140034864953622,0.037333155008122,1.061995514720063,0.345531850250055
587,test,heatmap_start,1,1,4,0.600000000000000,0.800000000000000,0.600000000000000,0.800000000000000,0.739167107169696,0.639297653807253,0.066794729836747,0.016315379657907,0.126839278756387,0.062857891444054,2.358507194342441,1.285510236982787
588,test,heatmap_start,1,1,4,0.600000000000000,0.800000000000000,0.800000000000000,1.000000000000000,0.716248607582127,0.842942041457586,0.027940294905954,0.032426885893841,0.075107147828194,0.168231424773302,0.828027912561995,0.647914794050640
589,test,heatmap_start,1,1,4,0.600000000000000,0.800000000000000,0.800000000000000,1.000000000000000,0.622672527234066,0.835012330043816,0.056267713795624,0.011695427081956,0.165669873907249,0.065495420499771,1.842324887670905,0.589090296639517
590,test,heatmap_start,1,1,4,0.600000000000000,0.800000000000000,1.000000000000000,1.200000000000000,0.740855720429170,1.012228947849524,0.066947321132235,0.014570513596105,0.083675599497208,0.202017113536120,1.282773213946707,0.499345488604097
591,test,heatmap_start,1,1,4,0.600000000000000,0.800000000000000,1.000000000000000,1.200000000000000,0.663757011360571,1.145226726027051,0.059980307322979,0.012285737984106,0.111835521517579,0.228560344996969,2.099009654400405,0.621388587372204
592,test,heatmap_start,1,1,4,0.600000000000000,0.800000000000000,1.200000000000000,1.400000000000000,0.787071500599032,1.311150632714034,0.071123603492066,0.016734750796034,0.260137667648267,0.126377357262126,1.238880129758235,0.622892993705140
593,test,heatmap_start,1,1,4,0.600000000000000,0.800000000000000,1.200000000000000,1.400000000000000,0.671035248773657,1.218943030818750,0.060638004205023,0.014064991658283,0.105551194466317,0.243272387313290,0.724346418203784,0.299794810195929
594,test,heatmap_start,1,1,5,0.600000000000000,0.800000000000000,1.400000000000000,1.600000000000000,0.769468991153995,1.466494833307026,0.069532955245648,0.017181804981632,0.290958594715431,0.109295258841314,2.427571169638821,0.624893287943170
595,test,heatmap_start,1,1,5,0.600000000000000,0.800000000000000,1.400000000000000,1.600000000000000,0.631329059270740,1.485786904257397,0.057049960074042,0.012231326479880,0.145246817503807,0.296528154391873,1.144126304761445,0.526764552247386
596,test,heatmap_start,1,1,4,0.600000000000000,0.800000000000000,1.600000000000000,1.800000000000000,0.699320966544078,1.637820312076391,0.063194039042596,0.013742569992926,0.324950272974039,0.139744966684397,2.230961226244352,0.886059842509795
597,test,heatmap_start,1,1,4,0.600000000000000,0.800000000000000,1.600000000000000,1.800000000000000,0.618187991087763,1.741734209252634,0.055862469328669,0.013602348740803,0.345567216728026,0.154209802249454,0.957647867782531,0.206624324783990
598,test,heatmap_start,1,1,4,0.600000000000000,0.800000000000000,1.800000000000000,2.000000000000000,0.619922525583612,1.970262738288781,0.056019210290110,0.012768140245966,0.390908214971298,0.178033625038144,1.173798437922630,0.303064069111875
599,test,heatmap_start,1,1,4,0.600000000000000,0.800000000000000,1.800000000000000,2.000000000000000,0.718866675146801,1.913642850251039,0.064960284202754,0.015881698606115,0.379674596766687,0.177850641106221,1.448013741315869,0.316741036167772
600,test,heatmap_start,1,1,5,0.800000000000000,1.000000000000000,-2.000000000000000,-1.800000000000000,0.853623264764031,-1.995204664863743,0.036149047332692,0.038646279950578,0.395856795587420,0.170868539312796,1.315895354716875,0.961783902826002
601,test,heatmap_start,1,1,5,0.800000000000000,1.000000000000000,-2.000000000000000,-1.800000000000000,0.939807551478442,-1.938993619527464,0.084925574867505,0.019549327804547,0.384704293453030,0.153792250244017,1.656811668189566,0.887880322573818
602,test,heatmap_start,1,1,4,0.800000000000000,1.000000000000000,-1.800000000000000,-1.600000000000000,0.972210741146806,-1.619834194413478,0.087853684463770,0.020051943363491,0.321381753398838,0.158146544463040,1.613603946610890,1.074554341134647
603,test,heatmap_start,1,1,5,0.800000000000000,1.000000000000000,-1.800000000000000,-1.600000000000000,0.889421874609374,-1.654881005682660,0.080372480389319,0.020024773741892,0.146316624183534,0.330275363813702,1.667409059556700,1.151902792742300
604,test,heatmap_start,1,1,4,0.800000000000000,1.000000000000000,-1.600000000000000,-1.400000000000000,0.949086435346411,-1.447167901257006,0.042676489229192,0.042968205755068,0.137336425223551,0.288820708827945,0.993110456514071,0.876786227461594
605,test,heatmap_start,1,1,5,0.800000000000000,1.000000000000000,-1.600000000000000,-1.400000000000000,0.963190716397322,-1.411929922790338,0.087038591218388,0.020743621487877,0.280132692486436,0.129888313536537,1.623720020021577,0.839336531028534
606,test,heatmap_start,1,1,5,0.800000000000000,1.000000000000000,-1.400000000000000,-1.200000000000000,0.868503028656447,-1.376718659264255,0.033669559124428,0.039319934880946,0.273146633264801,0.135041298884122,1.450419635461088,0.624489966887221
607,test,heatmap_start,1,1,4,0.800000000000000,1.000000000000000,-1.400000000000000,-1.200000000000000,0.942018566659807,-1.335060877297722,0.085125372937889,0.020311211411477,0.132288100744337,0.266446781036714,2.642378890769077,0.432940302247353
608,test,heatmap_start,1,1,4,0.800000000000000,1.000000000000000,-1.200000000000000,-1.000000000000000,0.841677453264740,-1.189073866622961,0.033425693354458,0.038105454513298,0.111999801579442,0.237311203978839,1.323143309606397,0.625425003829875
609,test,heatmap_start,1,1,4,0.800000000000000,1.000000000000000,-1.200000000000000,-1.000000000000000,0.908970333339266,-1.006050444003500,0.082138974064325,0.017526632075488,0.090373479095708,0.200784029345436,1.555028457491409,0.684002401423817
610,test,heatmap_start,1,1,5,0.800000000000000,1.000000000000000,-1.000000000000000,-0.800000000000000,0.906678369870293,-0.929119276681193,0.081931861113518,0.018554860187447,0.091569952616179,0.185430376007983,1.640549355746104,0.618111978434279
611,test,heatmap_start,1,1,3,0.800000000000000,1.000000000000000,-1.000000000000000,-0.800000000000000,0.806262311614468,-0.923927205825089,0.035885104774874,0.036502096761464,0.087433963448941,0.184394160663763,1.508628085743919,1.740118124463369
612,test,heatmap_start,1,1,4,0.800000000000000,1.000000000000000,-0.800000000000000,-0.600000000000000,0.986596925466039,-0.748251707608431,0.089153689950573,0.017977202415251,0.148456210274006,0.070766326271119,1.826458032770398,1.139164209815893
613,test,heatmap_start,1,1,4,0.800000000000000,1.000000000000000,-0.800000000000000,-0.600000000000000,0.857640835928376,-0.794149693732916,0.077500591377974,0.019066433414630,0.157562559126892,0.078764924509154,2.290264888984605,0.299395333136085
614,test,heatmap_start,1,1,4,0.800000000000000,1.000000000000000,-0.600000000000000,-0.400000000000000,0.860218205358069,-0.439303189113238,0.036670828507374,0.038944854194013,0.087159556007542,0.025508694168185,1.106499711061388,1.028881700658047
615,test,heatmap_start,1,1,4,0.800000000000000,1.000000000000000,-0.600000000000000,-0.400000000000000,0.994609503359128,-0.459831813606878,0.089877745404981,0.015191645431702,0.091232519374649,0.044332515534157,3.731082543548794,0.882083008880941
616,test,heatmap_start,1,1,4,0.800000000000000,1.000000000000000,-0.400000000000000,-0.200000000000000,0.837981660395862,-0.340031019526429,0.075724092794946,0.018274044699938,0.031605731530087,0.067862201751303,1.999904605883660,1.047265777830420
617,test,heatmap_start,1,1,4,0.800000000000000,1.000000000000000,-0.400000000000000,-0.200000000000000,0.931098284929135,-0.292301438007755,0.084138563242401,0.020310233316902,0.057993805163465,0.028335800330284,3.873822798646268,0.536295080366395
618,test,heatmap_start,1,1,4,0.800000000000000,1.000000000000000,-0.200000000000000,0.000000000000000,0.832090630754719,-0.139574699403965,0.075191750744653,0.013675762135987,0.027692193299330,0.012739146180397,1.238229970438213,0.791594847961497
619,test,heatmap_start,1,1,4,0.800000000000000,1.000000000000000,-0.200000000000000,0.000000000000000,0.858092420707068,-0.003643990396484,0.036244836294695,0.038848613062675,0.000722982652811,0.000353537529438,0.469474122954637,0.700203825135978
620,test,heatmap_start,1,1,5,0.800000000000000,1.000000000000000,0.000000000000000,0.200000000000000,0.880101017391945,0.000140170807118,0.079530202461032,0.018802657359617,0.000027810463517,0.000009750899241,1.121800956893776,1.139211677501524
621,test,heatmap_start,1,1,4,0.800000000000000,1.000000000000000,0.000000000000000,0.200000000000000,0.922160762382812,0.171452581680137,0.083330925296798,0.017893273857095,0.034016895997847,0.011784162160433,1.148201161262275,0.791150163948687
622,test,heatmap_start,1,1,5,0.800000000000000,1.000000000000000,0.200000000000000,0.400000000000000,0.987277272682816,0.366637281421894,0.037872364439900,0.044697228208150,0.072742341636649,0.032546649506557,1.401651867205749,0.674298536038402
623,test,heatmap_start,1,1,4,0.800000000000000,1.000000000000000,0.200000000000000,0.400000000000000,0.949946612275132,0.238752560547047,0.034842800124688,0.043007148740536,0.022053563760331,0.047649401090081,2.061204186208176,1.081264941138494
624,test,heatmap_start,1,1,4,0.800000000000000,1.000000000000000,0.400000000000000,0.600000000000000,0.847651445064431,0.444987271258270,0.076597901502411,0.018985465131780,0.088287301237600,0.040617931989825,2.013662136640899,0.371682157880669
625,test,heatmap_start,1,1,5,0.800000000000000,1.000000000000000,0.400000000000000,0.600000000000000,0.825248004208872,0.461403215693558,0.035577734163718,0.037361640334543,0.042359401919695,0.092085240210452,1.479020520196524,0.549053214302472
626,test,heatmap_start,1,1,5,0.800000000000000,1.000000000000000,0.600000000000000,0.800000000000000,0.949859684444809,0.633119737874033,0.085833934424172,0.019767677066251,0.062061130413298,0.126355823195713,2.795030199885222,0.678900418711646
627,test,heatmap_start,1,1,5,0.800000000000000,1.000000000000000,0.600000000000000,0.800000000000000,0.990983628885300,0.772066034734380,0.041800811078817,0.044865026914336,0.153181070530782,0.071178065667925,0.961743527125759,2.208771525095137
628,test,heatmap_start,1,1,5,0.800000000000000,1.000000000000000,0.800000000000000,1.000000000000000,0.856542177334613,0.960253376367096,0.077401311251408,0.017974465805095,0.190518211597425,0.092211105216361,0.883622626486752,0.476260878403710
629,test,heatmap_start,1,1,4,0.800000000000000,1.000000000000000,0.800000000000000,1.000000000000000,0.843842538637341,0.988556984294468,0.076253710218325,0.016782730632745,0.090173949996163,0.197292745833256,3.214730765147343,0.569679750899908
630,test,heatmap_start,1,1,5,0.800000000000000,1.000000000000000,1.000000000000000,1.200000000000000,0.825949409937350,1.050168778038627,0.036591892996413,0.037393395235400,0.096629490944772,0.209589012165512,1.138948559250298,1.033373073984226
631,test,heatmap_start,1,1,5,0.800000000000000,1.000000000000000,1.000000000000000,1.200000000000000,0.835606951192494,1.078640138407460,0.075509502537694,0.015356671720394,0.106061116523408,0.215271226700453,1.320507050594534,0.422720767854647
632,test,heatmap_start,1,1,4,0.800000000000000,1.000000000000000,1.200000000000000,1.400000000000000,0.859395068901221,1.347287093593456,0.037603593027109,0.038907588150241,0.125441170974221,0.268886846528597,0.944571171359974,0.486300093467399
633,test,heatmap_start,1,1,5,0.800000000000000,1.000000000000000,1.200000000000000,1.400000000000000,0.970714989030112,1.393300748806047,0.040406774911686,0.043947400178521,0.276436587897403,0.133751893332225,2.605303105780341,0.841961974380005
634,test,heatmap_start,1,1,5,0.800000000000000,1.000000000000000,1.400000000000000,1.600000000000000,0.964244871277545,1.416934763971806,0.087133849773250,0.019307484654889,0.105777691137210,0.282786885017163,1.193476652645248,0.439527601893876
635,test,heatmap_start,1,1,4,0.800000000000000,1.000000000000000,1.400000000000000,1.600000000000000,0.904249121425145,1.583046990195195,0.081712342425489,0.017302314452183,0.314083021074821,0.117765836581357,1.659779459015177,0.474455848338255
636,test,heatmap_start,1,1,4,0.800000000000000,1.000000000000000,1.600000000000000,1.800000000000000,0.867047619571742,1.768826887911163,0.078350634035442,0.015563443600529,0.350942515386110,0.158367128667635,3.135273220569395,1.388309868409359
637,test,heatmap_start,1,1,4,0.800000000000000,1.000000000000000,1.600000000000000,1.800000000000000,0.835639500331998,1.620429958745925,0.075512443836027,0.013230977614390,0.148506216746974,0.323399744345159,1.283773143192447,0.658053006802474
638,test,heatmap_start,1,1,5,0.800000000000000,1.000000000000000,1.800000000000000,2.000000000000000,0.907329644942446,1.952429833385353,0.081990713492191,0.019531468435190,0.387370093436499,0.179054427861782,1.826266102051059,0.542976622548267
639,test,heatmap_start,1,1,4,0.800000000000000,1.000000000000000,1.800000000000000,2.000000000000000,0.877304620294151,1.849606508657652,0.079277506437559,0.019073865283739,0.366969523732973,0.179305809664339,1.512718577752038,1.026914059974037
640,test,heatmap_start,1,1,5,1.000000000000000,1.200000000000000,-2.000000000000000,-1.800000000000000,1.176882126654236,-1.940490635667447,0.106348784918968,0.023694711382298,0.385001307600276,0.144294862127560,1.645932973441879,0.630549480163722
641,test,heatmap_start,1,1,5,1.000000000000000,1.200000000000000,-2.000000000000000,-1.800000000000000,1.149725055832084,-1.854401238534131,0.103894740101324,0.018110111963374,0.367920817822264,0.170650075796140,1.055560004551566,0.571484731019355
642,test,heatmap_start,1,1,4,1.000000000000000,1.200000000000000,-1.800000000000000,-1.600000000000000,1.172541279135725,-1.667107265368754,0.105956524854296,0.024365964326445,0.095900334822897,0.332715437965281,3.520108324481940,1.332985605068314
643,test,heatmap_start,1,1,5,1.000000000000000,1.200000000000000,-1.800000000000000,-1.600000000000000,1.062850574189660,-1.701925245578416,0.096044340002715,0.019341487796624,0.164116252228695,0.339664288693228,3.104673486240744,0.582109790632611
644,test,heatmap_start,1,1,5,1.000000000000000,1.200000000000000,-1.600000000000000,-1.400000000000000,1.147629577047774,-1.400898956873086,0.048924303432645,0.051956894504758,0.277944103567647,0.118054145863255,0.908319330182943,0.816244521892689
645,test,heatmap_start,1,1,4,1.000000000000000,1.200000000000000,-1.600000000000000,-1.400000000000000,1.143518450201805,-1.417606621290010,0.103333881071942,0.025599880857995,0.281258972770945,0.139770630496440,1.594493209204378,1.744797807453912
646,test,heatmap_start,1,1,5,1.000000000000000,1.200000000000000,-1.400000000000000,-1.200000000000000,1.072194013343730,-1.270571292264210,0.043638688463207,0.048541683095376,0.252086559929643,0.123203478856445,1.192446484045032,1.676646945145768
647,test,heatmap_start,1,1,5,1.000000000000000,1.200000000000000,-1.400000000000000,-1.200000000000000,1.105582601950528,-1.252970710461993,0.099905813574764,0.020288965130610,0.110791811016079,0.250063512617959,2.048364347332211,0.918524231191017
648,test,heatmap_start,1,1,5,1.000000000000000,1.200000000000000,-1.200000000000000,-1.000000000000000,1.170638678405841,-1.183199047231909,0.052708437122986,0.052998590776639,0.234751547862534,0.106782583119498,1.627390375826072,0.818531764504752
649,test,heatmap_start,1,1,4,1.000000000000000,1.200000000000000,-1.200000000000000,-1.000000000000000,1.048166692479270,-1.160007749522411,0.041601600450960,0.047453888740513,0.230150299199444,0.108472168273127,1.022970834802244,1.595670147447267
650,test,heatmap_start,1,1,4,1.000000000000000,1.200000000000000,-1.000000000000000,-0.800000000000000,1.043054042775211,-0.868541389140852,0.045625147173081,0.047222422589216,0.083238739762662,0.173340453060201,0.931809044999950,1.063427872309571
651,test,heatmap_start,1,1,5,1.000000000000000,1.200000000000000,-1.000000000000000,-0.800000000000000,1.168247357126924,-0.887386426864886,0.050561940590399,0.052890327945234,0.086744730132851,0.177101479785999,1.271589777716371,0.560057466002133
652,test,heatmap_start,1,1,4,1.000000000000000,1.200000000000000,-0.800000000000000,-0.600000000000000,1.012763305779186,-0.648849835463456,0.091518211162176,0.020344309457274,0.063447568940441,0.129495181062733,1.652867157477024,0.719773942102542
653,test,heatmap_start,1,1,5,1.000000000000000,1.200000000000000,-0.800000000000000,-0.600000000000000,1.157735330291461,-0.794021258151677,0.051349183831111,0.052414414566697,0.077530797053843,0.158467985922455,1.148253157849151,0.886690708582253
654,test,heatmap_start,1,1,5,1.000000000000000,1.200000000000000,-0.600000000000000,-0.400000000000000,1.187600697970447,-0.527505588643915,0.107317367081726,0.025368198880566,0.104659274134815,0.047404029745555,2.438713135154206,0.528699717901279
655,test,heatmap_start,1,1,4,1.000000000000000,1.200000000000000,-0.600000000000000,-0.400000000000000,1.187364311755987,-0.445139229252934,0.107296006075292,0.024075324527435,0.088317450327510,0.039497633478733,2.297546124822802,1.699426559207242
656,test,heatmap_start,1,1,4,1.000000000000000,1.200000000000000,-0.400000000000000,-0.200000000000000,1.156759141594843,-0.300101816978394,0.104530374254433,0.022506815995573,0.059541432370870,0.029541594244504,3.073165207598230,0.811812480880114
657,test,heatmap_start,1,1,5,1.000000000000000,1.200000000000000,-0.400000000000000,-0.200000000000000,1.109450210216843,-0.256964553911361,0.100255309442149,0.023020878304509,0.050982822305023,0.025489424910518,3.444328386803372,0.557980282382271
658,test,heatmap_start,1,1,5,1.000000000000000,1.200000000000000,-0.200000000000000,0.000000000000000,1.072076391377826,-0.018264185330301,0.096878029652362,0.024100659463544,0.001810504159303,0.003645102236362,0.878871874759971,0.589593117853411
659,test,heatmap_start,1,1,5,1.000000000000000,1.200000000000000,-0.200000000000000,0.000000000000000,1.174556328967431,-0.042433267925837,0.051919598206611,0.053175955460336,0.004028798973099,0.008468683218845,1.476271798014020,0.543618743005887
660,test,heatmap_start,1,1,4,1.000000000000000,1.200000000000000,0.000000000000000,0.200000000000000,1.191876954177430,0.180907255486400,0.107703790361777,0.026631360776439,0.035892742091324,0.017458818851103,1.865390434534322,0.791737020296461
661,test,heatmap_start,1,1,5,1.000000000000000,1.200000000000000,0.000000000000000,0.200000000000000,1.124746555021257,0.175768992133823,0.101637561450917,0.021724249925527,0.034873289550211,0.016395081626742,1.710354388605326,0.724981826744816
662,test,heatmap_start,1,1,4,1.000000000000000,1.200000000000000,0.200000000000000,0.400000000000000,1.107996407326430,0.247947702182758,0.100123936752051,0.023220740963734,0.022649674153911,0.049484535301316,1.956337027025592,1.244031996911880
663,test,heatmap_start,1,1,5,1.000000000000000,1.200000000000000,0.200000000000000,0.400000000000000,1.038160773429805,0.312498362370073,0.093813249691091,0.020073162741805,0.062000957862928,0.030735856789192,3.580474085798136,1.406461046126293
664,test,heatmap_start,1,1,4,1.000000000000000,1.200000000000000,0.400000000000000,0.600000000000000,1.094911425482075,0.534947702270290,0.046833858836084,0.049570173654960,0.106135820027281,0.051804220686750,1.442168358581089,0.871061486830312
665,test,heatmap_start,1,1,5,1.000000000000000,1.200000000000000,0.400000000000000,0.600000000000000,1.103558471085291,0.520980367410323,0.043111108883121,0.049961653314573,0.051344891279987,0.103975439802248,0.916185035798735,0.751277640013730
666,test,heatmap_start,1,1,5,1.000000000000000,1.200000000000000,0.600000000000000,0.800000000000000,1.184526077242484,0.641548542126817,0.107039529419738,0.024199862388675,0.127285864238618,0.059544310282978,4.018744410151537,0.947468089322586
667,test,heatmap_start,1,1,4,1.000000000000000,1.200000000000000,0.600000000000000,0.800000000000000,1.082208848338367,0.632994365824439,0.097793647675265,0.021018871465180,0.060337108357781,0.126330801880495,2.099229604331884,1.001850841005210
668,test,heatmap_start,1,1,5,1.000000000000000,1.200000000000000,0.800000000000000,1.000000000000000,1.097421284969994,0.881043906145558,0.099168317334010,0.020188566593455,0.174802727559993,0.074668700530281,3.528166485918621,0.544756089835902
669,test,heatmap_start,1,1,5,1.000000000000000,1.200000000000000,0.800000000000000,1.000000000000000,1.098432876714757,0.886437149374700,0.099259729677228,0.023693692327398,0.175872769155279,0.086652063678562,1.974182971520993,1.128976009149298
670,test,heatmap_start,1,1,4,1.000000000000000,1.200000000000000,1.000000000000000,1.200000000000000,1.090992466472648,1.192985428926995,0.098587378070703,0.022060151001285,0.111798873246966,0.238091859904315,1.075967695650915,1.325636590270992
671,test,heatmap_start,1,1,4,1.000000000000000,1.200000000000000,1.000000000000000,1.200000000000000,1.049471181932618,1.006878022756421,0.044861367114302,0.047512947187825,0.199768732829709,0.093972908801690,1.580151857205603,1.029606268321847
672,test,heatmap_start,1,1,4,1.000000000000000,1.200000000000000,1.200000000000000,1.400000000000000,1.172778219034788,1.289570189663300,0.105977935894360,0.025340063176393,0.255856019161843,0.128268038470508,1.316536425478331,0.580786922228373
673,test,heatmap_start,1,1,5,1.000000000000000,1.200000000000000,1.200000000000000,1.400000000000000,1.199137066363498,1.346274374624232,0.108359849360276,0.022256539240717,0.131916568857103,0.268684731618309,4.739137682529323,0.738151033978815
674,test,heatmap_start,1,1,4,1.000000000000000,1.200000000000000,1.400000000000000,1.600000000000000,1.154518862429971,1.437624332478669,0.050633834021053,0.052268794686642,0.128911346077885,0.286916036746072,1.411124890972294,0.987310561516104
675,test,heatmap_start,1,1,4,1.000000000000000,1.200000000000000,1.400000000000000,1.600000000000000,1.078046849513374,1.596042198731107,0.097417549247183,0.024304931710570,0.316661323792135,0.152704750234313,2.900532050592168,0.562801700939198
676,test,heatmap_start,1,1,5,1.000000000000000,1.200000000000000,1.600000000000000,1.800000000000000,1.145604591624777,1.778277922902143,0.043835859259933,0.051865216879765,0.118593034335996,0.354902489019808,1.614760880843440,0.919936921919613
677,test,heatmap_start,1,1,5,1.000000000000000,1.200000000000000,1.600000000000000,1.800000000000000,1.061664750896705,1.789848501353519,0.046052918632520,0.048064989405083,0.355113289784303,0.176627155381991,0.951575393964660,1.081688066937680
678,test,heatmap_start,1,1,5,1.000000000000000,1.200000000000000,1.800000000000000,2.000000000000000,1.199356142981088,1.988044921449450,0.049316842353848,0.054298723073001,0.155968670151022,0.396767053011671,1.216128109922568,1.527864530748095
679,test,heatmap_start,1,1,5,1.000000000000000,1.200000000000000,1.800000000000000,2.000000000000000,1.001038486807594,1.831607828112130,0.090458699574072,0.020443333562068,0.363398511630293,0.125670683845061,1.050297797723678,1.097868423265509
680,test,heatmap_start,1,1,5,1.200000000000000,1.400000000000000,-2.000000000000000,-1.800000000000000,1.329863626815619,-1.993499093174891,0.120172936283639,0.029489561892136,0.165042062579821,0.397855577530798,1.243730430149824,0.963642536673123
681,test,heatmap_start,1,1,5,1.200000000000000,1.400000000000000,-2.000000000000000,-1.800000000000000,1.355885085116744,-1.852015373440133,0.122524361638370,0.028328864726611,0.166465996114032,0.369618751530225,3.063900370357013,0.985631313368583
682,test,heatmap_start,1,1,5,1.200000000000000,1.400000000000000,-1.800000000000000,-1.600000000000000,1.327283780592467,-1.696940387305057,0.057258337542106,0.060090420067005,0.159889000019879,0.338669428111628,1.745514488905445,1.308030127861837
683,test,heatmap_start,1,1,5,1.200000000000000,1.400000000000000,-1.800000000000000,-1.600000000000000,1.360981216368985,-1.617977268642576,0.050996512563103,0.061616011730671,0.321013331703431,0.127653072418585,0.970354037767048,2.161477643654466
684,test,heatmap_start,1,1,5,1.200000000000000,1.400000000000000,-1.600000000000000,-1.400000000000000,1.289893218965610,-1.433251429658557,0.116561016099543,0.026167048538364,0.284362966971347,0.130482571449625,5.611979383805689,2.301914735218651
685,test,heatmap_start,1,1,4,1.200000000000000,1.400000000000000,-1.600000000000000,-1.400000000000000,1.354980414229814,-1.591334466945385,0.122442611183165,0.029832059196230,0.315727290481168,0.147001022682445,1.487221034912134,1.506559474329513
686,test,heatmap_start,1,1,5,1.200000000000000,1.400000000000000,-1.400000000000000,-1.200000000000000,1.238114151561561,-1.369513552231329,0.111882008085110,0.027439145189503,0.271717110453359,0.121695090758325,3.505779522131221,1.572132767221324
687,test,heatmap_start,1,1,4,1.200000000000000,1.400000000000000,-1.400000000000000,-1.200000000000000,1.242911803570144,-1.321594075938303,0.054843461325557,0.056270628387721,0.130682836082729,0.263759123916283,1.676434036706326,2.358749790166665
688,test,heatmap_start,1,1,5,1.200000000000000,1.400000000000000,-1.200000000000000,-1.000000000000000,1.246579661019452,-1.047841683579986,0.112646992635539,0.022820616927499,0.093559425535507,0.209124578791561,2.605464017681346,0.932205997798213
689,test,heatmap_start,1,1,4,1.200000000000000,1.400000000000000,-1.200000000000000,-1.000000000000000,1.340822833786412,-1.066182536054104,0.121163263452880,0.029465488183094,0.211534991705961,0.099975457529050,2.497516999483974,0.539846103611435
690,test,heatmap_start,1,1,4,1.200000000000000,1.400000000000000,-1.000000000000000,-0.800000000000000,1.349260129051806,-0.827813529184467,0.121925698431842,0.027267456860205,0.078632325607685,0.165212129199900,3.664695934745871,0.708682941613683
691,test,heatmap_start,1,1,4,1.200000000000000,1.400000000000000,-1.000000000000000,-0.800000000000000,1.302010903206001,-0.918806454100839,0.058692799737539,0.058946235348815,0.085378258679512,0.183372178942468,2.009530414644909,2.956330118004924
692,test,heatmap_start,1,1,4,1.200000000000000,1.400000000000000,-0.800000000000000,-0.600000000000000,1.237304413307687,-0.771899988659466,0.054347414896919,0.056016763734753,0.153148126307919,0.073289770568458,1.181797490341635,1.317416655093994
693,test,heatmap_start,1,1,4,1.200000000000000,1.400000000000000,-0.800000000000000,-0.600000000000000,1.368169637488987,-0.640166904052383,0.061477179245566,0.061941454752756,0.127011741573190,0.053524590057081,3.103973009002486,1.764259224734258
694,test,heatmap_start,1,1,4,1.200000000000000,1.400000000000000,-0.600000000000000,-0.400000000000000,1.367999262902009,-0.506499615754799,0.059656855056199,0.061933741345382,0.100491602886588,0.038528818263109,2.003071844792843,1.415257056615858
695,test,heatmap_start,1,1,4,1.200000000000000,1.400000000000000,-0.600000000000000,-0.400000000000000,1.232681201086018,-0.583516072636035,0.111391060293048,0.023326773182589,0.115771984075244,0.056554443972387,2.074941549427224,0.968616079966888
696,test,heatmap_start,1,1,5,1.200000000000000,1.400000000000000,-0.400000000000000,-0.200000000000000,1.254833642377096,-0.380060021299005,0.113392862479468,0.026215178747095,0.035143306834543,0.075851049939262,3.796451659452450,2.117932959159485
697,test,heatmap_start,1,1,5,1.200000000000000,1.400000000000000,-0.400000000000000,-0.200000000000000,1.276301896120925,-0.294101896081700,0.115332838156113,0.026400821129725,0.028777485412655,0.058695827913387,2.030954346443108,0.525904111930649
698,test,heatmap_start,1,1,5,1.200000000000000,1.400000000000000,-0.200000000000000,0.000000000000000,1.226578385146161,-0.002953486024263,0.110839580204185,0.021777937938693,0.000244505302540,0.000589446412058,1.281114636117933,0.512500368408511
699,test,heatmap_start,1,1,5,1.200000000000000,1.400000000000000,-0.200000000000000,0.000000000000000,1.363145495960203,-0.182088794458403,0.123180447625001,0.023817605240874,0.036127164273447,0.017587951222067,1.866592582024171,0.694220995776746
700,test,heatmap_start,1,1,5,1.200000000000000,1.400000000000000,0.000000000000000,0.200000000000000,1.303447085150928,0.118925085614624,0.117785809277311,0.028020070338791,0.011485060606082,0.023734652692894,3.922717719309909,1.986353420005602
701,test,heatmap_start,1,1,5,1.200000000000000,1.400000000000000,0.000000000000000,0.200000000000000,1.367397545569454,0.019332087343542,0.058811357952836,0.061906499659916,0.003835565484884,0.001814557026149,3.607457276092541,2.180721706539681
702,test,heatmap_start,1,1,5,1.200000000000000,1.400000000000000,0.200000000000000,0.400000000000000,1.221458360155888,0.250965868031510,0.110376909878807,0.027150872919289,0.049792658402567,0.022832227514743,2.605759174370485,1.450126161956653
703,test,heatmap_start,1,1,5,1.200000000000000,1.400000000000000,0.200000000000000,0.400000000000000,1.233971724821018,0.309036845263370,0.111507678285638,0.024569639200891,0.061314178659841,0.025351723072632,2.212796536890767,0.751341128044007
704,test,heatmap_start,1,1,4,1.200000000000000,1.400000000000000,0.400000000000000,0.600000000000000,1.280980569355358,0.405193952039637,0.115755625793248,0.028322206888068,0.039984088220603,0.080867191940364,1.671553918923487,0.731673166876791
705,test,heatmap_start,1,1,4,1.200000000000000,1.400000000000000,0.400000000000000,0.600000000000000,1.225167263193929,0.500426794257599,0.047844822045705,0.055467275780921,0.099286730173331,0.046583518806782,1.707893423518690,1.220545933913169
706,test,heatmap_start,1,1,5,1.200000000000000,1.400000000000000,0.600000000000000,0.800000000000000,1.276806846377831,0.678876968354339,0.115378467913801,0.025370380548954,0.134691977230919,0.065274166522768,3.043268920350132,0.534601255738685
707,test,heatmap_start,1,1,5,1.200000000000000,1.400000000000000,0.600000000000000,0.800000000000000,1.395487437137796,0.756302977014588,0.061178965717497,0.063178219700995,0.150053615173693,0.063111055216084,1.580187066610359,1.400876250434938
708,test,heatmap_start,1,1,5,1.200000000000000,1.400000000000000,0.800000000000000,1.000000000000000,1.249669460171067,0.829168294447941,0.112926201893609,0.027066375942023,0.077996874768748,0.165482508513422,1.738759480612932,0.569037290041767
709,test,heatmap_start,1,1,5,1.200000000000000,1.400000000000000,0.800000000000000,1.000000000000000,1.337457485599376,0.994198564556266,0.120859154245666,0.026167162230527,0.094726416387800,0.198418672692680,2.561593124108174,0.677782492317941
710,test,heatmap_start,1,1,5,1.200000000000000,1.400000000000000,1.000000000000000,1.200000000000000,1.370862149852575,1.163405676491065,0.056928744813673,0.062063353476547,0.230824461858112,0.111106489863983,1.146231021069042,0.587732342670041
711,test,heatmap_start,1,1,4,1.200000000000000,1.400000000000000,1.000000000000000,1.200000000000000,1.266497991708035,1.165193241523641,0.114446909737150,0.028223417849986,0.231179122098317,0.094239369693639,2.465215499079973,1.458476989601024
712,test,heatmap_start,1,1,4,1.200000000000000,1.400000000000000,1.200000000000000,1.400000000000000,1.304181187125029,1.382785722747251,0.117852146297123,0.025239364757293,0.274350363564404,0.112798605031147,1.718198534855391,0.496958042270088
713,test,heatmap_start,1,1,4,1.200000000000000,1.400000000000000,1.200000000000000,1.400000000000000,1.358994488230679,1.334644394187182,0.122805342405688,0.028023603612548,0.264798926363643,0.127577911982516,2.038481436068267,0.443754899356854
714,test,heatmap_start,1,1,5,1.200000000000000,1.400000000000000,1.400000000000000,1.600000000000000,1.228033983974266,1.596260582251871,0.110971115183936,0.024638048789061,0.316704651979094,0.148881976255312,4.470302696804534,0.754011066585488
715,test,heatmap_start,1,1,5,1.200000000000000,1.400000000000000,1.400000000000000,1.600000000000000,1.344372070152431,1.552479109628518,0.121483989689065,0.028499674215509,0.308018228092869,0.132766670692099,2.492267198131364,1.741312735371229
716,test,heatmap_start,1,1,4,1.200000000000000,1.400000000000000,1.600000000000000,1.800000000000000,1.339541742490324,1.783629147691125,0.059926792141747,0.060645377560178,0.353879344487975,0.106418166305260,1.397939769888782,1.888627295143464
717,test,heatmap_start,1,1,4,1.200000000000000,1.400000000000000,1.600000000000000,1.800000000000000,1.396369588120152,1.696346880209521,0.126182737957416,0.028551493047292,0.336562184336271,0.146562708407979,3.998004727883778,2.274975234924449
718,test,heatmap_start,1,1,5,1.200000000000000,1.400000000000000,1.800000000000000,2.000000000000000,1.326821882474978,1.884336544376725,0.119898069491685,0.023149898796055,0.161386521737204,0.376069297795070,2.287834684423211,0.855221742807420
719,test,heatmap_start,1,1,5,1.200000000000000,1.400000000000000,1.800000000000000,2.000000000000000,1.259012437594172,1.969093002190345,0.113770478711116,0.027231778455211,0.390676134527741,0.185992705833360,4.015188913995289,0.710211961157023
720,test,heatmap_start,1,1,5,1.400000000000000,1.600000000000000,-2.000000000000000,-1.800000000000000,1.528855598715425,-1.863309332047579,0.138154817341122,0.032879443843175,0.369688220141999,0.171474413409910,2.678580045156704,0.640609622988906
721,test,heatmap_start,1,1,5,1.400000000000000,1.600000000000000,-2.000000000000000,-1.800000000000000,1.596962693429044,-1.811799723545499,0.144309305206228,0.032620637185144,0.359468502374354,0.152397046607418,4.788919140740929,1.039727645992276
722,test,heatmap_start,1,1,4,1.400000000000000,1.600000000000000,-1.800000000000000,-1.600000000000000,1.478068682530868,-1.695966073896862,0.133565464929624,0.032560917781226,0.122905007252993,0.338474978048901,0.883023847616562,0.597066071870213
723,test,heatmap_start,1,1,5,1.400000000000000,1.600000000000000,-1.800000000000000,-1.600000000000000,1.527598591860647,-1.682920417938674,0.138041228096615,0.031706847217174,0.333898319107700,0.155456768588562,1.967920442467979,1.196315614111391
724,test,heatmap_start,1,1,4,1.400000000000000,1.600000000000000,-1.600000000000000,-1.400000000000000,1.519815548116716,-1.473046652234041,0.137337914462741,0.025854281380258,0.140298183061194,0.293985499447110,1.701154089282255,0.652013990319092
725,test,heatmap_start,1,1,5,1.400000000000000,1.600000000000000,-1.600000000000000,-1.400000000000000,1.421403077615049,-1.506972819963566,0.128444885652388,0.023294738659614,0.298989593425422,0.149146310289204,2.302615465982241,1.195440800239030
726,test,heatmap_start,1,1,4,1.400000000000000,1.600000000000000,-1.400000000000000,-1.200000000000000,1.490790425771464,-1.222458787553031,0.063065627927938,0.067492893551738,0.242540841498821,0.091392461567607,1.059872389814834,1.524871330153701
727,test,heatmap_start,1,1,5,1.400000000000000,1.600000000000000,-1.400000000000000,-1.200000000000000,1.522998785341949,-1.258876976080397,0.059517162639186,0.068951069930113,0.120839768414867,0.251242264455222,4.471362164985899,1.167417637394406
728,test,heatmap_start,1,1,4,1.400000000000000,1.600000000000000,-1.200000000000000,-1.000000000000000,1.436141568915089,-1.111398539613909,0.062721214491144,0.065018763442791,0.220506032418557,0.100059938803304,1.765893369198891,1.251873277425601
729,test,heatmap_start,1,1,5,1.400000000000000,1.600000000000000,-1.200000000000000,-1.000000000000000,1.466989996975391,-1.041442977476804,0.132564341095180,0.022113529289710,0.094369111297164,0.207847547404466,4.405732615833525,0.966625786206092
730,test,heatmap_start,1,1,4,1.400000000000000,1.600000000000000,-1.000000000000000,-0.800000000000000,1.411259784174845,-0.935685724090982,0.127528288392551,0.031045813695091,0.185643888538546,0.087108507560644,2.269401357385289,1.432972854736704
731,test,heatmap_start,1,1,5,1.400000000000000,1.600000000000000,-1.000000000000000,-0.800000000000000,1.516535024269150,-0.935614275172088,0.137041470394822,0.033305762878977,0.185629712779748,0.051201435179693,8.067869504866849,1.072650075474826
732,test,heatmap_start,1,1,5,1.400000000000000,1.600000000000000,-0.800000000000000,-0.600000000000000,1.511635077287582,-0.774174303205959,0.048646956387689,0.068436598194309,0.075003437497472,0.154507000061368,2.025961918013528,3.925967266713880
733,test,heatmap_start,1,1,4,1.400000000000000,1.600000000000000,-0.800000000000000,-0.600000000000000,1.447688933799085,-0.713316081975663,0.130820203283962,0.025759738974309,0.141524838741866,0.070528155777973,1.795137074117552,0.671427403297935
734,test,heatmap_start,1,1,5,1.400000000000000,1.600000000000000,-0.600000000000000,-0.400000000000000,1.511956220115765,-0.586065594487584,0.136627707412901,0.029318203709702,0.116277819676076,0.057416194200489,2.513765485525075,0.731060359917043
735,test,heatmap_start,1,1,5,1.400000000000000,1.600000000000000,-0.600000000000000,-0.400000000000000,1.503609229265794,-0.400981711841674,0.135873432779512,0.032881835934760,0.079556417611746,0.023856139744667,2.756576945794222,1.592331397432194
736,test,heatmap_start,1,1,5,1.400000000000000,1.600000000000000,-0.400000000000000,-0.200000000000000,1.428485972202001,-0.206490481013985,0.129084930407909,0.032328670143194,0.020133095135480,0.041210648080904,2.237828551554692,0.900492306332346
737,test,heatmap_start,1,1,4,1.400000000000000,1.600000000000000,-0.400000000000000,-0.200000000000000,1.573567049504839,-0.290016448925026,0.142195161191815,0.035509217860029,0.026799776717380,0.057880468657115,1.494909395738649,0.946394782657298
738,test,heatmap_start,1,1,4,1.400000000000000,1.600000000000000,-0.200000000000000,0.000000000000000,1.552116722197004,-0.076587837414041,0.140256805434992,0.032845936090353,0.006638836643114,0.015285132755024,1.555431648584707,1.016630326636243
739,test,heatmap_start,1,1,5,1.400000000000000,1.600000000000000,-0.200000000000000,0.000000000000000,1.570944443285720,-0.109955625544622,0.141958169756218,0.032379217268797,0.009680827128952,0.021944559219309,2.575384007336254,1.031192284697472
740,test,heatmap_start,1,1,5,1.400000000000000,1.600000000000000,0.000000000000000,0.200000000000000,1.579787880212283,0.175198885011690,0.142757305668258,0.031387987204996,0.034760177956958,0.011209061821736,4.504934016574517,0.547137041732070
741,test,heatmap_start,1,1,4,1.400000000000000,1.600000000000000,0.000000000000000,0.200000000000000,1.597185949859180,0.147593140041662,0.144329479741581,0.031269751078600,0.029283084836596,0.014277584943494,2.701898489599878,1.074346382208331
742,test,heatmap_start,1,1,5,1.400000000000000,1.600000000000000,0.200000000000000,0.400000000000000,1.440240097652674,0.249007014600774,0.130147090271801,0.026797512612054,0.049404013841048,0.024700733653662,1.023752637968691,0.528261301579903
743,test,heatmap_start,1,1,5,1.400000000000000,1.600000000000000,0.200000000000000,0.400000000000000,1.534675871659226,0.355736179010048,0.067471488764037,0.069479729311192,0.033106654692733,0.070996582558378,2.859650744848051,1.747671794781659
744,test,heatmap_start,1,1,4,1.400000000000000,1.600000000000000,0.400000000000000,0.600000000000000,1.473066833638961,0.567318462410854,0.133113473570460,0.032414649389625,0.112558311717299,0.038668454854998,2.733627917708243,1.114982615232315
745,test,heatmap_start,1,1,4,1.400000000000000,1.600000000000000,0.400000000000000,0.600000000000000,1.527842092590252,0.553949725154997,0.138063232005191,0.029996493567156,0.109905899368657,0.053932046839375,2.276833701575752,0.703658729917347
746,test,heatmap_start,1,1,5,1.400000000000000,1.600000000000000,0.600000000000000,0.800000000000000,1.559782108130825,0.757729251626483,0.140949486937696,0.016640980209991,0.150336593911381,0.061141653425105,1.189560163576650,0.583487017585617
747,test,heatmap_start,1,1,5,1.400000000000000,1.600000000000000,0.600000000000000,0.800000000000000,1.514021959106921,0.668547157430111,0.136814377621152,0.033378777552796,0.063170864420845,0.133426303697142,2.813092881721761,1.163987148989913
748,test,heatmap_start,1,1,5,1.400000000000000,1.600000000000000,0.800000000000000,1.000000000000000,1.597833714768085,0.935167055590173,0.144388014924855,0.035275569953586,0.085616423253473,0.186637370572891,4.728713474519997,1.011842672031587
749,test,heatmap_start,1,1,4,1.400000000000000,1.600000000000000,0.800000000000000,1.000000000000000,1.480217407166433,0.966334648282057,0.051429957973838,0.067014218878965,0.094555246856093,0.192857689725846,3.254905966293083,1.346222648178637
750,test,heatmap_start,1,1,5,1.400000000000000,1.600000000000000,1.000000000000000,1.200000000000000,1.405756366777161,1.153011900812682,0.127030972867155,0.031510982745812,0.111794876709956,0.230114082955074,2.794629225989764,1.315655043402331
751,test,heatmap_start,1,1,4,1.400000000000000,1.600000000000000,1.000000000000000,1.200000000000000,1.562714467910273,1.102716767539938,0.141214469209435,0.030523884364770,0.218783533201437,0.102443437749129,1.614677588007705,0.571736245017163
752,test,heatmap_start,1,1,5,1.400000000000000,1.600000000000000,1.200000000000000,1.400000000000000,1.497129083311315,1.352019015522421,0.135287855317888,0.029041953613152,0.268246122557314,0.089080112412357,2.926582237569169,2.555304791226221
753,test,heatmap_start,1,1,4,1.400000000000000,1.600000000000000,1.200000000000000,1.400000000000000,1.575809551789424,1.391850520156745,0.142397804589775,0.034731391868323,0.276148856580365,0.133180019699929,1.182947880785363,1.089734548049960
754,test,heatmap_start,1,1,5,1.400000000000000,1.600000000000000,1.400000000000000,1.600000000000000,1.548361852087578,1.437615375207169,0.139917497135017,0.034542336379359,0.285228791681670,0.137131548966824,4.960265303309956,0.807800026542481
755,test,heatmap_start,1,1,4,1.400000000000000,1.600000000000000,1.400000000000000,1.600000000000000,1.581222004076799,1.568802694149937,0.063924807758072,0.071587022936235,0.311256894268296,0.123995751184653,2.389391778580349,3.650294832207095
756,test,heatmap_start,1,1,5,1.400000000000000,1.600000000000000,1.600000000000000,1.800000000000000,1.589030103772214,1.610819274609993,0.063189750203948,0.071940520807213,0.158103697761278,0.321481677614927,1.957142395192300,2.776999102628037
757,test,heatmap_start,1,1,4,1.400000000000000,1.600000000000000,1.600000000000000,1.800000000000000,1.412753222112891,1.709021738587353,0.127663242698055,0.030407988036834,0.156570354954957,0.341080581950737,1.948054041517789,1.496348152326558
758,test,heatmap_start,1,1,5,1.400000000000000,1.600000000000000,1.800000000000000,2.000000000000000,1.524815435797779,1.945436100748453,0.057374333847544,0.069033315558819,0.166969390690283,0.388263333583887,2.442650829491456,2.109821692219864
759,test,heatmap_start,1,1,5,1.400000000000000,1.600000000000000,1.800000000000000,2.000000000000000,1.584377272958418,1.885009599067191,0.143172025486848,0.032255697029246,0.178280963750769,0.376203623696447,4.971609368676589,0.943214266600196
760,test,heatmap_start,1,1,5,1.600000000000000,1.800000000000000,-2.000000000000000,-1.800000000000000,1.642124178037130,-1.969836077942973,0.072069719472081,0.074344260890757,0.170635373713442,0.393132995702972,3.267111082298306,1.398141109503261
761,test,heatmap_start,1,1,5,1.600000000000000,1.800000000000000,-2.000000000000000,-1.800000000000000,1.713927051426484,-1.869391768729505,0.154878772674664,0.026108889386286,0.370895000547375,0.176281152346801,4.451594752180590,0.912236791735254
762,test,heatmap_start,1,1,5,1.600000000000000,1.800000000000000,-1.800000000000000,-1.600000000000000,1.679269036622927,-1.606241471039247,0.151746906127807,0.037295902032873,0.142486557519656,0.320568055587359,2.828811142431851,1.350525600906095
763,test,heatmap_start,1,1,4,1.600000000000000,1.800000000000000,-1.800000000000000,-1.600000000000000,1.606359136850982,-1.612563961424658,0.070641242663400,0.072725062057761,0.319939309330412,0.117378350344666,2.415418386657016,1.251918800516733
764,test,heatmap_start,1,1,5,1.600000000000000,1.800000000000000,-1.600000000000000,-1.400000000000000,1.620549617104248,-1.417295201084049,0.061631371474415,0.073367510893375,0.110258024544086,0.282858819795537,1.787315864759554,0.885813222189777
765,test,heatmap_start,1,1,5,1.600000000000000,1.800000000000000,-1.600000000000000,-1.400000000000000,1.713267444946785,-1.481340304007047,0.072351477454555,0.077565146172450,0.137459421256225,0.295640717464157,3.460604897094994,2.090069522628959
766,test,heatmap_start,1,1,5,1.600000000000000,1.800000000000000,-1.400000000000000,-1.200000000000000,1.785203945557224,-1.291840271715891,0.161319699010381,0.038230826181413,0.256306412759494,0.102336918137664,4.424503324909295,2.324576787674512
767,test,heatmap_start,1,1,5,1.600000000000000,1.800000000000000,-1.400000000000000,-1.200000000000000,1.766304599773083,-1.380383926043218,0.159611862333805,0.039149892366952,0.273873837239233,0.135220980118912,2.519851214311486,1.614297760854741
768,test,heatmap_start,1,1,5,1.600000000000000,1.800000000000000,-1.200000000000000,-1.000000000000000,1.621043434065872,-1.075717546951846,0.146485357887015,0.034892931401148,0.213426777008162,0.098849632293656,3.020236971726738,0.970192368641252
769,test,heatmap_start,1,1,5,1.600000000000000,1.800000000000000,-1.200000000000000,-1.000000000000000,1.617390166218110,-1.062128389335757,0.146155230860872,0.032699848432681,0.210730632355250,0.070604689530941,3.188115168094213,1.680980077173004
770,test,heatmap_start,1,1,5,1.600000000000000,1.800000000000000,-1.000000000000000,-0.800000000000000,1.712458980876042,-0.807220562467408,0.154746110689509,0.033010955174465,0.160155873138180,0.067313599739388,1.273459409909077,0.996940653252454
771,test,heatmap_start,1,1,4,1.600000000000000,1.800000000000000,-1.000000000000000,-0.800000000000000,1.709423293088861,-0.879704552116930,0.068605145237988,0.077391109012257,0.077666655747993,0.175568358088161,1.224844947679901,1.414428500180563
772,test,heatmap_start,1,1,5,1.600000000000000,1.800000000000000,-0.800000000000000,-0.600000000000000,1.721298919744301,-0.710374626061376,0.155544930500011,0.038629772381674,0.140941241814144,0.066869009158229,5.109891863887878,2.261739695524129
773,test,heatmap_start,1,1,5,1.600000000000000,1.800000000000000,-0.800000000000000,-0.600000000000000,1.635574063616756,-0.682629603885955,0.147798416146500,0.035794291192717,0.135436515524516,0.063217987200553,3.398189495713552,2.844558764269643
774,test,heatmap_start,1,1,4,1.600000000000000,1.800000000000000,-0.600000000000000,-0.400000000000000,1.702129355560625,-0.540192273599026,0.153812675576440,0.037562427599866,0.107176364507246,0.043281254358785,1.967312205049553,1.273200723155666
775,test,heatmap_start,1,1,5,1.600000000000000,1.800000000000000,-0.600000000000000,-0.400000000000000,1.613793813199053,-0.496473138629877,0.064406615044092,0.073061653848718,0.039514107962107,0.099084372786714,2.023639101021913,3.942783788234266
776,test,heatmap_start,1,1,4,1.600000000000000,1.800000000000000,-0.400000000000000,-0.200000000000000,1.701454019878105,-0.314557853413786,0.076314613100143,0.077030314296112,0.027253885128646,0.062778356340998,1.864838181223435,1.663062647522725
777,test,heatmap_start,1,1,4,1.600000000000000,1.800000000000000,-0.400000000000000,-0.200000000000000,1.771337116987713,-0.238406681515311,0.072516126844735,0.080194147624223,0.023277520461670,0.047580371762504,2.043558074426516,1.548901206517734
778,test,heatmap_start,1,1,4,1.600000000000000,1.800000000000000,-0.200000000000000,0.000000000000000,1.666604545016104,-0.077322229362708,0.150602481156522,0.037465385050995,0.006976323775521,0.015431700131890,2.133251270874327,1.149988259760315
779,test,heatmap_start,1,1,5,1.600000000000000,1.800000000000000,-0.200000000000000,0.000000000000000,1.602085063406209,-0.086840670308454,0.144772187436011,0.030350000751046,0.017229545459847,0.008661338216805,2.407045915986356,1.582504813517411
780,test,heatmap_start,1,1,5,1.600000000000000,1.800000000000000,0.000000000000000,0.200000000000000,1.619538809474500,0.033654867670140,0.072825223446291,0.073321748369967,0.006677263894995,0.003345071162080,3.848165844000762,1.409399032262286
781,test,heatmap_start,1,1,5,1.600000000000000,1.800000000000000,0.000000000000000,0.200000000000000,1.686615332512595,0.055458963227200,0.152410753104345,0.036283569186787,0.011003285956741,0.005245161202635,2.669741198750188,1.117741856402781
782,test,heatmap_start,1,1,5,1.600000000000000,1.800000000000000,0.200000000000000,0.400000000000000,1.677643123515871,0.212521618410528,0.151599980722617,0.028882730050538,0.017339465172044,0.042414321390957,4.163571831693011,1.153387552159306
783,test,heatmap_start,1,1,4,1.600000000000000,1.800000000000000,0.200000000000000,0.400000000000000,1.796234890127734,0.300068835218721,0.077019832496148,0.081321350162665,0.059534888654365,0.023404395832926,1.502458978002323,4.625808657254622
784,test,heatmap_start,1,1,5,1.600000000000000,1.800000000000000,0.400000000000000,0.600000000000000,1.757966517210112,0.540612607045023,0.073255999926996,0.079588817423604,0.107259760388350,0.042555610915914,2.052954804922878,4.562562950532720
785,test,heatmap_start,1,1,5,1.600000000000000,1.800000000000000,0.400000000000000,0.600000000000000,1.734801875666325,0.464309571946469,0.156765123179124,0.036916847857832,0.033993747343108,0.092665280627561,1.593031284025825,1.148439623474286
786,test,heatmap_start,1,1,5,1.600000000000000,1.800000000000000,0.600000000000000,0.800000000000000,1.746602136628790,0.695575837532603,0.157831452071935,0.038683006266408,0.138005101422764,0.069346708941831,3.966016836629676,3.159636512295875
787,test,heatmap_start,1,1,5,1.600000000000000,1.800000000000000,0.600000000000000,0.800000000000000,1.628494384047974,0.671646166794876,0.147158661915636,0.032012195402907,0.133257356519939,0.055109745159745,3.420785914498665,2.308609382951810
788,test,heatmap_start,1,1,4,1.600000000000000,1.800000000000000,0.800000000000000,1.000000000000000,1.633515626556059,0.990450624117491,0.147612405776150,0.027275645657398,0.196509469507223,0.086131535719756,1.705309087886935,1.028023541487994
789,test,heatmap_start,1,1,4,1.600000000000000,1.800000000000000,0.800000000000000,1.000000000000000,1.767115122547935,0.962215914201317,0.078984419505712,0.080003004311002,0.090128453421549,0.192035687181677,2.363970255599752,1.545815141855674
790,test,heatmap_start,1,1,5,1.600000000000000,1.800000000000000,1.000000000000000,1.200000000000000,1.698242657816477,1.179978354063297,0.153461454691123,0.034165260148035,0.094332185071671,0.235495953390186,3.907575370073413,0.827754012030443
791,test,heatmap_start,1,1,5,1.600000000000000,1.800000000000000,1.000000000000000,1.200000000000000,1.688436610278577,1.078414293280711,0.152575332608975,0.033323327780093,0.089547003037035,0.215226153319862,3.816005394157879,1.210189097933255
792,test,heatmap_start,1,1,5,1.600000000000000,1.800000000000000,1.200000000000000,1.400000000000000,1.746821023050128,1.261757035219231,0.157851231712068,0.038476808121258,0.250337775150440,0.104053454055932,4.413492993437440,1.170423219986821
793,test,heatmap_start,1,1,4,1.600000000000000,1.800000000000000,1.200000000000000,1.400000000000000,1.634022261436121,1.233096258334403,0.070111424864841,0.073977460980277,0.244651359367401,0.118612868043388,1.247522703169131,0.888765664781524
794,test,heatmap_start,1,1,5,1.600000000000000,1.800000000000000,1.400000000000000,1.600000000000000,1.667714778541427,1.479647021556466,0.150702807250122,0.034363249373975,0.293568042852293,0.138020664600915,8.355354518364015,2.169525459653354
795,test,heatmap_start,1,1,4,1.600000000000000,1.800000000000000,1.400000000000000,1.600000000000000,1.655776448260017,1.540817007216309,0.149624001743067,0.033172394336696,0.152454248575031,0.307510869894105,3.395626206367858,1.220360547804685
796,test,heatmap_start,1,1,5,1.600000000000000,1.800000000000000,1.600000000000000,1.800000000000000,1.605416505413614,1.796613500030683,0.071126778806822,0.072682386090595,0.175673649009102,0.358561839381597,2.368398912772251,1.634834178711744
797,test,heatmap_start,1,1,5,1.600000000000000,1.800000000000000,1.600000000000000,1.800000000000000,1.679896591519722,1.788883920559670,0.151803615036229,0.036621516395344,0.172046002589818,0.357019196941960,3.438283237171034,2.666007484284717
798,test,heatmap_start,1,1,5,1.600000000000000,1.800000000000000,1.800000000000000,2.000000000000000,1.690088086052064,1.929052635762600,0.152724567980858,0.028688099472067,0.183095012699401,0.384993578936785,4.242876345379347,1.882353244714920
799,test,heatmap_start,1,1,5,1.600000000000000,1.800000000000000,1.800000000000000,2.000000000000000,1.678194930673384,1.940076638599469,0.151649844697422,0.034487668067710,0.191489259477589,0.387193710870820,3.799734268817765,1.076950913637374
800,test,heatmap_start,1,1,4,1.800000000000000,2.000000000000000,-2.000000000000000,-1.800000000000000,1.873210817932116,-1.935744541602717,0.082403285884609,0.084806298825827,0.384059663055681,0.189168389403707,1.089941907370306,1.912487785483596
801,test,heatmap_start,1,1,5,1.800000000000000,2.000000000000000,-2.000000000000000,-1.800000000000000,1.959570828192600,-1.844779001329902,0.177076337401261,0.044220269923058,0.171888079662363,0.368174541690853,3.590497153332881,2.291183923122619
802,test,heatmap_start,1,1,5,1.800000000000000,2.000000000000000,-1.800000000000000,-1.600000000000000,1.884602319155673,-1.677396054349266,0.080292819869254,0.085322028848092,0.332802262694704,0.137515183058641,1.848867144456814,2.094469892655661
803,test,heatmap_start,1,1,5,1.800000000000000,2.000000000000000,-1.800000000000000,-1.600000000000000,1.840649904975729,-1.683027439839183,0.166330065196830,0.037961135376194,0.154077285235702,0.335892730711492,2.419986134273122,2.168636406024818
804,test,heatmap_start,1,1,5,1.800000000000000,2.000000000000000,-1.600000000000000,-1.400000000000000,1.802800696005299,-1.490743672632916,0.162909826845864,0.034900847317251,0.131291827308451,0.297517408889896,6.144298579845227,1.627857958763204
805,test,heatmap_start,1,1,5,1.800000000000000,2.000000000000000,-1.600000000000000,-1.400000000000000,1.830374018738297,-1.460569341093761,0.165401486207850,0.036909608567436,0.289782952736877,0.145390525392738,3.068169004104653,1.079194870608343
806,test,heatmap_start,1,1,5,1.800000000000000,2.000000000000000,-1.400000000000000,-1.200000000000000,1.872926997231344,-1.351843826312732,0.169246780018441,0.040621395889601,0.268211364298981,0.128808364597899,5.386712819669309,2.250158589034391
807,test,heatmap_start,1,1,5,1.800000000000000,2.000000000000000,-1.400000000000000,-1.200000000000000,1.934721454268565,-1.238797409462044,0.174830827283496,0.043190922834162,0.109473161708764,0.247234854769978,6.651749035458446,0.801300817376308
808,test,heatmap_start,1,1,5,1.800000000000000,2.000000000000000,-1.200000000000000,-1.000000000000000,1.897580048566380,-1.097210809666055,0.171474549473552,0.031792060799645,0.108291420711021,0.218977496326569,3.851648490839624,0.754464862131050
809,test,heatmap_start,1,1,5,1.800000000000000,2.000000000000000,-1.200000000000000,-1.000000000000000,1.965799864539074,-1.156630385464778,0.083129043106500,0.088998103762773,0.094555978792318,0.230836247467702,1.348835923598920,2.507660811803191
810,test,heatmap_start,1,1,5,1.800000000000000,2.000000000000000,-1.000000000000000,-0.800000000000000,1.914244270502941,-0.837861155587823,0.085522830576115,0.086664015644065,0.166235092589270,0.078663999927395,2.703036887146841,1.674935109853956
811,test,heatmap_start,1,1,5,1.800000000000000,2.000000000000000,-1.000000000000000,-0.800000000000000,1.953729485312959,-0.938819150364655,0.176548485288058,0.043373992913758,0.186265573173586,0.076238090892598,4.556497925939681,0.815655818790133
812,test,heatmap_start,1,1,4,1.800000000000000,2.000000000000000,-0.800000000000000,-0.600000000000000,1.805324072188800,-0.679752771617076,0.163137851373496,0.032029203464313,0.065298809442993,0.135662680989314,5.178388579081178,2.066372752689354
813,test,heatmap_start,1,1,5,1.800000000000000,2.000000000000000,-0.800000000000000,-0.600000000000000,1.813104353795936,-0.742419470753035,0.081174482780805,0.082085085222906,0.073081149436786,0.148169481650546,4.494162093931420,3.627869191253791
814,test,heatmap_start,1,1,5,1.800000000000000,2.000000000000000,-0.600000000000000,-0.400000000000000,1.900684896352242,-0.591974239367195,0.082303716659305,0.086050139018376,0.058307294052743,0.118144148494041,2.675425571570159,1.898297345624182
815,test,heatmap_start,1,1,5,1.800000000000000,2.000000000000000,-0.600000000000000,-0.400000000000000,1.927072827191066,-0.578442717655113,0.174139660192445,0.043303202272352,0.054878472039847,0.115443574711960,4.358355955484421,0.781161096428058
816,test,heatmap_start,1,1,5,1.800000000000000,2.000000000000000,-0.400000000000000,-0.200000000000000,1.833641943201024,-0.356152064969495,0.165696791734162,0.032458309306113,0.070662031651924,0.031468019195711,3.707401856852800,1.805711680100827
817,test,heatmap_start,1,1,5,1.800000000000000,2.000000000000000,-0.400000000000000,-0.200000000000000,1.975272528033281,-0.321109109877165,0.083371303023096,0.089426961808688,0.063709365514432,0.031154993952556,2.274053692161570,2.153765589187849
818,test,heatmap_start,1,1,6,1.800000000000000,2.000000000000000,-0.200000000000000,0.000000000000000,1.987258199204744,-0.010584663326027,0.179578302719668,0.038149658678953,0.000940599232260,0.002112450090880,4.090756158836084,2.546460797192952
819,test,heatmap_start,1,1,5,1.800000000000000,2.000000000000000,-0.200000000000000,0.000000000000000,1.851930609298675,-0.093960583642107,0.167349444428279,0.032725086473920,0.008132352639144,0.018752324692822,3.879726085710328,1.597554349205156
820,test,heatmap_start,1,1,5,1.800000000000000,2.000000000000000,0.000000000000000,0.200000000000000,1.830213154619083,0.018080727720378,0.165386949744743,0.038606624734849,0.003587290598965,0.001706633906728,6.936486675763277,0.854484646299754
821,test,heatmap_start,1,1,5,1.800000000000000,2.000000000000000,0.000000000000000,0.200000000000000,1.838996106316114,0.147754471034448,0.075639992916777,0.083257288415590,0.029315093567810,0.010302070627001,4.266656804732392,1.684652115109710
822,test,heatmap_start,1,1,5,1.800000000000000,2.000000000000000,0.200000000000000,0.400000000000000,1.915353741917605,0.250483772589061,0.077647478375589,0.086714244995417,0.021466613396679,0.049990675364090,1.537924489466172,2.072521743415068
823,test,heatmap_start,1,1,4,1.800000000000000,2.000000000000000,0.200000000000000,0.400000000000000,1.828582852053492,0.372488547652212,0.165239627686761,0.035642994385549,0.028271909343666,0.074339961707109,1.605256862670526,0.872374973724661
824,test,heatmap_start,1,1,5,1.800000000000000,2.000000000000000,0.400000000000000,0.600000000000000,1.849724770063826,0.464462571594390,0.080478117124214,0.083743009646260,0.040816755441231,0.092695815762237,5.207275619573082,2.423983885706036
825,test,heatmap_start,1,1,5,1.800000000000000,2.000000000000000,0.400000000000000,0.600000000000000,1.886368492211167,0.476098173253663,0.170461418788309,0.028643139167730,0.043419809560029,0.095018008450419,5.980592496200099,1.111301099757933
826,test,heatmap_start,1,1,5,1.800000000000000,2.000000000000000,0.600000000000000,0.800000000000000,1.975812005781224,0.733309220141632,0.083882238627925,0.089451385707304,0.145491559423454,0.063072919675139,1.727339149657434,1.872552087208886
827,test,heatmap_start,1,1,5,1.800000000000000,2.000000000000000,0.600000000000000,0.800000000000000,1.826296901730512,0.653806084498668,0.076363445093158,0.082682354441994,0.129717810960950,0.050836974362322,2.436023037606990,5.088877597677380
828,test,heatmap_start,1,1,5,1.800000000000000,2.000000000000000,0.800000000000000,1.000000000000000,1.964371710760668,0.987055844340925,0.177510168467337,0.038779992712693,0.195835931264384,0.089641580899800,8.154252969406620,1.166900139916254
829,test,heatmap_start,1,1,5,1.800000000000000,2.000000000000000,0.800000000000000,1.000000000000000,1.941694829870591,0.919726581878103,0.175460975371621,0.043177469110775,0.086565297109028,0.183555814826466,2.990985273856349,2.996824262378756
830,test,heatmap_start,1,1,5,1.800000000000000,2.000000000000000,1.000000000000000,1.200000000000000,1.966849894439767,1.030217791221483,0.177734109180778,0.042827555500487,0.204399438700158,0.065628692856979,1.665319563894134,1.396916569705494
831,test,heatmap_start,1,1,6,1.800000000000000,2.000000000000000,1.000000000000000,1.200000000000000,1.810117460159190,1.079358250793472,0.163571005191326,0.038734209163150,0.102090244185299,0.215414545059135,4.909346423206015,2.062039646022169
832,test,heatmap_start,1,1,5,1.800000000000000,2.000000000000000,1.200000000000000,1.400000000000000,1.827093188367490,1.246135746208795,0.165105014441003,0.040254084003445,0.123085349296803,0.248699414354926,5.566786322397713,3.772262798924822
833,test,heatmap_start,1,1,4,1.800000000000000,2.000000000000000,1.200000000000000,1.400000000000000,1.882368384507838,1.238382274059762,0.170099949628264,0.041106322150801,0.245700126585780,0.098535852227597,2.414064159948820,1.066409594952154
834,test,heatmap_start,1,1,4,1.800000000000000,2.000000000000000,1.400000000000000,1.600000000000000,1.973847270648107,1.572467143915929,0.086995082414705,0.089362435807368,0.311983936144001,0.112918275596556,1.355775665967280,2.381801986878370
835,test,heatmap_start,1,1,5,1.800000000000000,2.000000000000000,1.400000000000000,1.600000000000000,1.802538473640520,1.517137647099531,0.162886131159404,0.037034465452388,0.147656931550121,0.302785026011319,3.289781636107711,1.761294320979745
836,test,heatmap_start,1,1,5,1.800000000000000,2.000000000000000,1.600000000000000,1.800000000000000,1.909990418363740,1.705812448632090,0.079862721263175,0.086471430029982,0.163831546911848,0.340440083084705,1.834482185654708,2.522230389767264
837,test,heatmap_start,1,1,5,1.800000000000000,2.000000000000000,1.600000000000000,1.800000000000000,1.971404255903176,1.642002343658270,0.178145663402518,0.035737212219695,0.325780005206627,0.127676918993749,5.447418835841117,2.198018050814991
838,test,heatmap_start,1,1,5,1.800000000000000,2.000000000000000,1.800000000000000,2.000000000000000,1.915440279830165,1.819333343613867,0.085000381169201,0.086718162845988,0.164503191596150,0.363096186310143,2.565794524268134,0.610788641565880
839,test,heatmap_start,1,1,5,1.800000000000000,2.000000000000000,1.800000000000000,2.000000000000000,1.974028651485122,1.863325161766015,0.078069641682812,0.089370647503200,0.369691360823116,0.155793168620471,2.434071895820908,1.073555724270176
840,test,ill-conditioned,1,1,5,-2.500000000000000,2.500000000000000,-2.500000000000000,2.500000000000000,-2.198489376401724,-2.000460580585488,0.198666177811939,0.046156168080883,0.396899590841525,0.170942391487178,7.536537800878755,5.493701427880028
841,test,ill-conditioned,1,1,5,-2.500000000000000,2.500000000000000,-2.500000000000000,2.500000000000000,-2.468569342037211,-1.917535298789819,0.223071915247978,0.049304813164604,0.380446874534820,0.145813713197620,3.446162959096180,2.487318886057723
