
Config -> Max_epochs:2000, lr:0.001, batch:512, UNROLL_STEPS:4, shrink_ratio:0.5, gamma_1:1, gamma_2:0.2, gamma_3:3.0, gamma_4:0.35, near_alpha:3.0, near_tau:0.02, train_blocks:(1, 2, 3), train_block_probs:(0.1, 0.6, 0.3), curriculum_warmup:5, curriculum_transition:40, block_probs_warmup:(0.75, 0.25, 0.0), block_probs_target:(0.1, 0.6, 0.3), block_stage_weights:(1.0, 1.0, 0.75), contract_boost_first_two:1.5, e3_boost_first_two:1.5, e3_target_ratio:0.9, e3_focus_limit:0.02, e3_focus_smooth:0.005, e3_fine_weight:1.0, e3_huber_beta:2.0, score_weights:(conv1=1.0, conv2=2.0, conv3=1.0, conv5=0.2, excess2=0.3, tail2=0.02), seed:42, grad_clip_norm:5.0, val_score_eps:1e-05, truncate_between_blocks:True, val_max_blocks:2, val_diag_max_blocks:5, inference_max_blocks:20, tol_mismatch:0.0001
Model:./ckpt/IEEE_118.pt
     25 total:9.52176 | blocks:2 | L1_step:2.31790 (24.3%) | L2_step:0.22734 (2.4%) L2_final:2.52455 (26.5%) | L3_e3:4.45197 (46.8%) | final_max_PQ:3.133e+00
     50 total:8.95842 | blocks:1 | L1_step:2.86408 (32.0%) | L2_step:0.19760 (2.2%) L2_final:1.72638 (19.3%) | L3_e3:4.17035 (46.6%) | final_max_PQ:3.122e+00
🟩 Epoch 1 | Train loss = 19.4537 | Val conv@1=0.0000, conv@2=0.0000, conv@3=0.0000, conv@5=0.0000, residual@1=4.290501e-01, residual@2=2.662663e-01, residual@3=2.134714e-01, excess@2=2661.6630, tail@2=1.976865e+00, score=-798.696737 | LR: 1.0000e-03
     25 total:6.76353 | blocks:1 | L1_step:1.23567 (18.3%) | L2_step:0.18417 (2.7%) L2_final:1.34644 (19.9%) | L3_e3:3.99725 (59.1%) | final_max_PQ:2.548e+00
     50 total:6.03290 | blocks:2 | L1_step:1.03388 (17.1%) | L2_step:0.11600 (1.9%) L2_final:0.96327 (16.0%) | L3_e3:3.91975 (65.0%) | final_max_PQ:1.402e+00
🟩 Epoch 2 | Train loss = 6.6915 | Val conv@1=0.0000, conv@2=0.0000, conv@3=0.0000, conv@5=0.0000, residual@1=3.368526e-01, residual@2=1.887287e-01, residual@3=1.393725e-01, excess@2=1886.2871, tail@2=1.669845e+00, score=-566.080590 | LR: 1.0000e-03
     25 total:6.49242 | blocks:1 | L1_step:1.09266 (16.8%) | L2_step:0.18086 (2.8%) L2_final:1.18244 (18.2%) | L3_e3:4.03646 (62.2%) | final_max_PQ:2.545e+00
     50 total:6.47299 | blocks:1 | L1_step:0.98786 (15.3%) | L2_step:0.19567 (3.0%) L2_final:1.25991 (19.5%) | L3_e3:4.02955 (62.3%) | final_max_PQ:3.758e+00
🟩 Epoch 3 | Train loss = 6.4766 | Val conv@1=0.0000, conv@2=0.0000, conv@3=0.0000, conv@5=0.0000, residual@1=2.944149e-01, residual@2=1.596794e-01, residual@3=1.164425e-01, excess@2=1595.7944, tail@2=1.371287e+00, score=-478.928839 | LR: 1.0000e-03
     25 total:8.19327 | blocks:1 | L1_step:0.92768 (11.3%) | L2_step:0.16780 (2.0%) L2_final:0.97191 (11.9%) | L3_e3:6.12588 (74.8%) | final_max_PQ:2.276e+00
     50 total:12.39010 | blocks:1 | L1_step:0.93158 (7.5%) | L2_step:0.22216 (1.8%) L2_final:1.24884 (10.1%) | L3_e3:9.98752 (80.6%) | final_max_PQ:3.847e+00
🟩 Epoch 4 | Train loss = 9.8320 | Val conv@1=0.0000, conv@2=0.0000, conv@3=0.0000, conv@5=0.0000, residual@1=3.056429e-01, residual@2=1.585925e-01, residual@3=1.129805e-01, excess@2=1584.9250, tail@2=1.392206e+00, score=-475.668334 | LR: 1.0000e-03
     25 total:16.40797 | blocks:2 | L1_step:0.86436 (5.3%) | L2_step:0.12616 (0.8%) L2_final:0.89418 (5.4%) | L3_e3:14.52327 (88.5%) | final_max_PQ:1.201e+00
     50 total:18.04363 | blocks:1 | L1_step:1.04181 (5.8%) | L2_step:0.17890 (1.0%) L2_final:1.03063 (5.7%) | L3_e3:15.79229 (87.5%) | final_max_PQ:3.083e+00
🔘 Epoch 5 No Improvement (1/40) | Val conv@1=0.0000, conv@2=0.0000, conv@3=0.0000, conv@5=0.0000, residual@1=3.185921e-01, residual@2=1.648055e-01
     25 total:21.48733 | blocks:2 | L1_step:0.86992 (4.0%) | L2_step:0.13005 (0.6%) L2_final:0.89390 (4.2%) | L3_e3:19.59346 (91.2%) | final_max_PQ:1.265e+00
     50 total:21.35616 | blocks:2 | L1_step:0.85803 (4.0%) | L2_step:0.11875 (0.6%) L2_final:0.82604 (3.9%) | L3_e3:19.55335 (91.6%) | final_max_PQ:1.256e+00
🔘 Epoch 6 No Improvement (2/40) | Val conv@1=0.0000, conv@2=0.0000, conv@3=0.0000, conv@5=0.0000, residual@1=3.341856e-01, residual@2=1.662607e-01
     25 total:13.99277 | blocks:2 | L1_step:0.81987 (5.9%) | L2_step:0.12272 (0.9%) L2_final:0.84281 (6.0%) | L3_e3:12.20737 (87.2%) | final_max_PQ:1.365e+00
     50 total:27.71800 | blocks:2 | L1_step:0.84932 (3.1%) | L2_step:0.12822 (0.5%) L2_final:0.85998 (3.1%) | L3_e3:25.88049 (93.4%) | final_max_PQ:1.236e+00
🔘 Epoch 7 No Improvement (3/40) | Val conv@1=0.0000, conv@2=0.0000, conv@3=0.0000, conv@5=0.0000, residual@1=3.347903e-01, residual@2=1.668570e-01
     25 total:26.53981 | blocks:1 | L1_step:0.74022 (2.8%) | L2_step:0.20560 (0.8%) L2_final:1.20479 (4.5%) | L3_e3:24.38920 (91.9%) | final_max_PQ:3.907e+00
     50 total:12.28073 | blocks:2 | L1_step:0.86451 (7.0%) | L2_step:0.12638 (1.0%) L2_final:0.88428 (7.2%) | L3_e3:10.40555 (84.7%) | final_max_PQ:1.172e+00
🔘 Epoch 8 No Improvement (4/40) | Val conv@1=0.0000, conv@2=0.0000, conv@3=0.0000, conv@5=0.0000, residual@1=3.369371e-01, residual@2=1.681700e-01
     25 total:25.84493 | blocks:1 | L1_step:0.72545 (2.8%) | L2_step:0.22863 (0.9%) L2_final:1.30589 (5.1%) | L3_e3:23.58496 (91.3%) | final_max_PQ:4.309e+00
     50 total:23.60970 | blocks:1 | L1_step:0.77167 (3.3%) | L2_step:0.20859 (0.9%) L2_final:1.12700 (4.8%) | L3_e3:21.50245 (91.1%) | final_max_PQ:4.360e+00
🔘 Epoch 9 No Improvement (5/40) | Val conv@1=0.0000, conv@2=0.0000, conv@3=0.0000, conv@5=0.0000, residual@1=3.473231e-01, residual@2=1.682296e-01
     25 total:26.37109 | blocks:1 | L1_step:0.74880 (2.8%) | L2_step:0.20990 (0.8%) L2_final:1.23280 (4.7%) | L3_e3:24.17959 (91.7%) | final_max_PQ:3.876e+00
     50 total:27.16979 | blocks:1 | L1_step:0.78809 (2.9%) | L2_step:0.24146 (0.9%) L2_final:1.37806 (5.1%) | L3_e3:24.76218 (91.1%) | final_max_PQ:4.096e+00
🔘 Epoch 10 No Improvement (6/40) | Val conv@1=0.0000, conv@2=0.0000, conv@3=0.0000, conv@5=0.0000, residual@1=3.517598e-01, residual@2=1.683510e-01
     25 total:21.87236 | blocks:1 | L1_step:0.76078 (3.5%) | L2_step:0.20297 (0.9%) L2_final:1.17399 (5.4%) | L3_e3:19.73462 (90.2%) | final_max_PQ:3.453e+00
     50 total:26.52176 | blocks:1 | L1_step:0.74216 (2.8%) | L2_step:0.22189 (0.8%) L2_final:1.29265 (4.9%) | L3_e3:24.26506 (91.5%) | final_max_PQ:3.696e+00
🔘 Epoch 11 No Improvement (7/40) | Val conv@1=0.0000, conv@2=0.0000, conv@3=0.0000, conv@5=0.0000, residual@1=3.515208e-01, residual@2=1.660796e-01
     25 total:25.41459 | blocks:1 | L1_step:0.71347 (2.8%) | L2_step:0.21006 (0.8%) L2_final:1.23713 (4.9%) | L3_e3:23.25393 (91.5%) | final_max_PQ:3.824e+00
     50 total:29.98940 | blocks:2 | L1_step:0.91619 (3.1%) | L2_step:0.14965 (0.5%) L2_final:0.99299 (3.3%) | L3_e3:27.93057 (93.1%) | final_max_PQ:1.346e+00
🔘 Epoch 12 No Improvement (8/40) | Val conv@1=0.0000, conv@2=0.0000, conv@3=0.0000, conv@5=0.0000, residual@1=3.818591e-01, residual@2=1.645448e-01
     25 total:27.87713 | blocks:1 | L1_step:0.79016 (2.8%) | L2_step:0.24348 (0.9%) L2_final:1.42511 (5.1%) | L3_e3:25.41838 (91.2%) | final_max_PQ:4.740e+00
     50 total:28.18855 | blocks:1 | L1_step:0.77617 (2.8%) | L2_step:0.20976 (0.7%) L2_final:1.23644 (4.4%) | L3_e3:25.96618 (92.1%) | final_max_PQ:5.966e+00
🔘 Epoch 13 No Improvement (9/40) | Val conv@1=0.0000, conv@2=0.0000, conv@3=0.0000, conv@5=0.0000, residual@1=3.924207e-01, residual@2=1.618150e-01
     25 total:27.32873 | blocks:1 | L1_step:0.70065 (2.6%) | L2_step:0.24550 (0.9%) L2_final:1.40953 (5.2%) | L3_e3:24.97305 (91.4%) | final_max_PQ:5.661e+00
     50 total:29.07293 | blocks:2 | L1_step:0.81220 (2.8%) | L2_step:0.12899 (0.4%) L2_final:0.86061 (3.0%) | L3_e3:27.27113 (93.8%) | final_max_PQ:1.075e+00
🔘 Epoch 14 No Improvement (10/40) | Val conv@1=0.0000, conv@2=0.0000, conv@3=0.0000, conv@5=0.0000, residual@1=3.681172e-01, residual@2=1.657006e-01
     25 total:28.56275 | blocks:1 | L1_step:0.63960 (2.2%) | L2_step:0.19014 (0.7%) L2_final:1.07722 (3.8%) | L3_e3:26.65579 (93.3%) | final_max_PQ:3.503e+00
     50 total:28.68346 | blocks:1 | L1_step:0.72234 (2.5%) | L2_step:0.22853 (0.8%) L2_final:1.25577 (4.4%) | L3_e3:26.47682 (92.3%) | final_max_PQ:4.778e+00
🔘 Epoch 15 No Improvement (11/40) | Val conv@1=0.0000, conv@2=0.0000, conv@3=0.0000, conv@5=0.0000, residual@1=3.825042e-01, residual@2=1.592525e-01
     25 total:28.58782 | blocks:1 | L1_step:0.62477 (2.2%) | L2_step:0.22344 (0.8%) L2_final:1.24375 (4.4%) | L3_e3:26.49586 (92.7%) | final_max_PQ:7.198e+00
     50 total:28.09220 | blocks:1 | L1_step:0.67827 (2.4%) | L2_step:0.26449 (0.9%) L2_final:1.47970 (5.3%) | L3_e3:25.66974 (91.4%) | final_max_PQ:5.886e+00
🔘 Epoch 16 No Improvement (12/40) | Val conv@1=0.0000, conv@2=0.0000, conv@3=0.0000, conv@5=0.0000, residual@1=4.068426e-01, residual@2=1.608714e-01
     25 total:25.60054 | blocks:1 | L1_step:0.65638 (2.6%) | L2_step:0.27719 (1.1%) L2_final:1.62525 (6.3%) | L3_e3:23.04172 (90.0%) | final_max_PQ:5.696e+00
     50 total:26.80311 | blocks:1 | L1_step:0.63580 (2.4%) | L2_step:0.22563 (0.8%) L2_final:1.28837 (4.8%) | L3_e3:24.65331 (92.0%) | final_max_PQ:5.210e+00
🔘 Epoch 17 No Improvement (13/40) | Val conv@1=0.0000, conv@2=0.0000, conv@3=0.0000, conv@5=0.0000, residual@1=3.871006e-01, residual@2=1.646733e-01
     25 total:29.93284 | blocks:2 | L1_step:0.85699 (2.9%) | L2_step:0.14668 (0.5%) L2_final:0.99553 (3.3%) | L3_e3:27.93365 (93.3%) | final_max_PQ:1.192e+00
     50 total:30.12034 | blocks:2 | L1_step:0.87136 (2.9%) | L2_step:0.13655 (0.5%) L2_final:0.89911 (3.0%) | L3_e3:28.21331 (93.7%) | final_max_PQ:1.192e+00
🟩 Epoch 18 | Train loss = 27.6778 | Val conv@1=0.0000, conv@2=0.0000, conv@3=0.0000, conv@5=0.0000, residual@1=3.948837e-01, residual@2=1.574885e-01, residual@3=1.100450e-01, excess@2=1573.8854, tail@2=1.322746e+00, score=-472.355432 | LR: 1.0000e-03
     25 total:30.03663 | blocks:2 | L1_step:0.79281 (2.6%) | L2_step:0.13276 (0.4%) L2_final:0.89258 (3.0%) | L3_e3:28.21848 (93.9%) | final_max_PQ:1.136e+00
     50 total:27.91350 | blocks:1 | L1_step:0.65490 (2.3%) | L2_step:0.21088 (0.8%) L2_final:1.17531 (4.2%) | L3_e3:25.87241 (92.7%) | final_max_PQ:4.910e+00
🟩 Epoch 19 | Train loss = 28.0626 | Val conv@1=0.0000, conv@2=0.0000, conv@3=0.0000, conv@5=0.0000, residual@1=3.758669e-01, residual@2=1.547001e-01, residual@3=1.065039e-01, excess@2=1546.0012, tail@2=1.335224e+00, score=-463.990345 | LR: 1.0000e-03
     25 total:28.69642 | blocks:1 | L1_step:0.65922 (2.3%) | L2_step:0.23126 (0.8%) L2_final:1.28491 (4.5%) | L3_e3:26.52103 (92.4%) | final_max_PQ:5.383e+00
     50 total:27.62386 | blocks:1 | L1_step:0.77555 (2.8%) | L2_step:0.24179 (0.9%) L2_final:1.45127 (5.3%) | L3_e3:25.15526 (91.1%) | final_max_PQ:5.039e+00
🔘 Epoch 20 No Improvement (1/40) | Val conv@1=0.0000, conv@2=0.0000, conv@3=0.0000, conv@5=0.0000, residual@1=3.841518e-01, residual@2=1.594690e-01
     25 total:28.04720 | blocks:2 | L1_step:0.84436 (3.0%) | L2_step:0.16340 (0.6%) L2_final:1.04509 (3.7%) | L3_e3:25.99435 (92.7%) | final_max_PQ:1.085e+00
     50 total:28.25813 | blocks:1 | L1_step:0.76976 (2.7%) | L2_step:0.21901 (0.8%) L2_final:1.24128 (4.4%) | L3_e3:26.02808 (92.1%) | final_max_PQ:1.050e+01
🟩 Epoch 21 | Train loss = 27.1362 | Val conv@1=0.0000, conv@2=0.0000, conv@3=0.0000, conv@5=0.0000, residual@1=4.199545e-01, residual@2=1.538763e-01, residual@3=1.062812e-01, excess@2=1537.7635, tail@2=1.321201e+00, score=-461.518818 | LR: 1.0000e-03
     25 total:30.17356 | blocks:2 | L1_step:0.82302 (2.7%) | L2_step:0.12682 (0.4%) L2_final:0.81573 (2.7%) | L3_e3:28.40799 (94.1%) | final_max_PQ:1.014e+00
     50 total:29.05609 | blocks:2 | L1_step:0.80210 (2.8%) | L2_step:0.13684 (0.5%) L2_final:0.88700 (3.1%) | L3_e3:27.23015 (93.7%) | final_max_PQ:1.018e+00
🔘 Epoch 22 No Improvement (1/40) | Val conv@1=0.0000, conv@2=0.0000, conv@3=0.0000, conv@5=0.0000, residual@1=3.552761e-01, residual@2=1.572165e-01
     25 total:27.11322 | blocks:1 | L1_step:0.61540 (2.3%) | L2_step:0.24247 (0.9%) L2_final:1.29699 (4.8%) | L3_e3:24.95835 (92.1%) | final_max_PQ:4.093e+00
     50 total:28.08046 | blocks:2 | L1_step:0.75993 (2.7%) | L2_step:0.13870 (0.5%) L2_final:0.84527 (3.0%) | L3_e3:26.33657 (93.8%) | final_max_PQ:1.197e+00
🟩 Epoch 23 | Train loss = 27.9834 | Val conv@1=0.0000, conv@2=0.0000, conv@3=0.0000, conv@5=0.0000, residual@1=3.547054e-01, residual@2=1.513598e-01, residual@3=1.027303e-01, excess@2=1512.5984, tail@2=1.304419e+00, score=-453.969049 | LR: 1.0000e-03
     25 total:28.23596 | blocks:1 | L1_step:0.67364 (2.4%) | L2_step:0.24513 (0.9%) L2_final:1.29235 (4.6%) | L3_e3:26.02484 (92.2%) | final_max_PQ:3.733e+00
     50 total:28.71070 | blocks:1 | L1_step:0.66578 (2.3%) | L2_step:0.26577 (0.9%) L2_final:1.31578 (4.6%) | L3_e3:26.46337 (92.2%) | final_max_PQ:4.792e+00
🟩 Epoch 24 | Train loss = 27.1406 | Val conv@1=0.0000, conv@2=0.0000, conv@3=0.0000, conv@5=0.0000, residual@1=3.769589e-01, residual@2=1.492054e-01, residual@3=1.013127e-01, excess@2=1491.0543, tail@2=1.271817e+00, score=-447.505295 | LR: 1.0000e-03
     25 total:25.85906 | blocks:2 | L1_step:0.81608 (3.2%) | L2_step:0.14709 (0.6%) L2_final:0.95289 (3.7%) | L3_e3:23.94299 (92.6%) | final_max_PQ:1.332e+00
     50 total:26.19858 | blocks:1 | L1_step:0.64136 (2.4%) | L2_step:0.26137 (1.0%) L2_final:1.31389 (5.0%) | L3_e3:23.98196 (91.5%) | final_max_PQ:4.445e+00
🔘 Epoch 25 No Improvement (1/40) | Val conv@1=0.0000, conv@2=0.0000, conv@3=0.0000, conv@5=0.0000, residual@1=3.791800e-01, residual@2=1.516370e-01
     25 total:29.98574 | blocks:2 | L1_step:0.82946 (2.8%) | L2_step:0.16465 (0.5%) L2_final:0.99333 (3.3%) | L3_e3:27.99829 (93.4%) | final_max_PQ:1.313e+00
     50 total:28.19412 | blocks:3 | L1_step:0.69169 (2.5%) | L2_step:0.10409 (0.4%) L2_final:0.65693 (2.3%) | L3_e3:26.74141 (94.8%) | final_max_PQ:6.971e-01
🟩 Epoch 26 | Train loss = 27.7729 | Val conv@1=0.0000, conv@2=0.0000, conv@3=0.0000, conv@5=0.0000, residual@1=3.748684e-01, residual@2=1.491517e-01, residual@3=1.016872e-01, excess@2=1490.5169, tail@2=1.255967e+00, score=-447.343827 | LR: 1.0000e-03
     25 total:31.18307 | blocks:2 | L1_step:0.86098 (2.8%) | L2_step:0.14326 (0.5%) L2_final:0.81872 (2.6%) | L3_e3:29.36011 (94.2%) | final_max_PQ:1.360e+00
     50 total:23.04960 | blocks:2 | L1_step:0.73327 (3.2%) | L2_step:0.14873 (0.6%) L2_final:0.86940 (3.8%) | L3_e3:21.29820 (92.4%) | final_max_PQ:9.631e-01
🔘 Epoch 27 No Improvement (1/40) | Val conv@1=0.0000, conv@2=0.0000, conv@3=0.0000, conv@5=0.0000, residual@1=3.440852e-01, residual@2=1.513679e-01
     25 total:26.86068 | blocks:2 | L1_step:0.84061 (3.1%) | L2_step:0.12507 (0.5%) L2_final:0.72858 (2.7%) | L3_e3:25.16641 (93.7%) | final_max_PQ:9.844e-01
     50 total:29.13223 | blocks:2 | L1_step:0.80327 (2.8%) | L2_step:0.16022 (0.5%) L2_final:0.93794 (3.2%) | L3_e3:27.23079 (93.5%) | final_max_PQ:1.155e+00
🟩 Epoch 28 | Train loss = 27.9722 | Val conv@1=0.0000, conv@2=0.0000, conv@3=0.0000, conv@5=0.0000, residual@1=3.418657e-01, residual@2=1.458189e-01, residual@3=9.851322e-02, excess@2=1457.1888, tail@2=1.262501e+00, score=-437.345522 | LR: 1.0000e-03
     25 total:27.45219 | blocks:3 | L1_step:0.71881 (2.6%) | L2_step:0.12686 (0.5%) L2_final:0.72477 (2.6%) | L3_e3:25.88175 (94.3%) | final_max_PQ:6.455e-01
     50 total:28.14932 | blocks:1 | L1_step:0.60652 (2.2%) | L2_step:0.25299 (0.9%) L2_final:1.17697 (4.2%) | L3_e3:26.11285 (92.8%) | final_max_PQ:4.086e+00
🔘 Epoch 29 No Improvement (1/40) | Val conv@1=0.0000, conv@2=0.0000, conv@3=0.0000, conv@5=0.0000, residual@1=3.476570e-01, residual@2=1.505646e-01
     25 total:30.73544 | blocks:2 | L1_step:0.77529 (2.5%) | L2_step:0.15322 (0.5%) L2_final:0.86958 (2.8%) | L3_e3:28.93734 (94.1%) | final_max_PQ:1.056e+00
     50 total:29.73326 | blocks:2 | L1_step:0.72276 (2.4%) | L2_step:0.13411 (0.5%) L2_final:0.79753 (2.7%) | L3_e3:28.07885 (94.4%) | final_max_PQ:1.025e+00
🟩 Epoch 30 | Train loss = 28.8856 | Val conv@1=0.0000, conv@2=0.0000, conv@3=0.0000, conv@5=0.0000, residual@1=3.444125e-01, residual@2=1.410968e-01, residual@3=9.362803e-02, excess@2=1409.9680, tail@2=1.264162e+00, score=-423.179300 | LR: 1.0000e-03
     25 total:29.05619 | blocks:1 | L1_step:0.56325 (1.9%) | L2_step:0.25365 (0.9%) L2_final:1.23672 (4.3%) | L3_e3:27.00257 (92.9%) | final_max_PQ:3.670e+00
     50 total:31.37994 | blocks:2 | L1_step:0.72976 (2.3%) | L2_step:0.15223 (0.5%) L2_final:0.79870 (2.5%) | L3_e3:29.69924 (94.6%) | final_max_PQ:1.613e+00
🟩 Epoch 31 | Train loss = 28.3819 | Val conv@1=0.0000, conv@2=0.0000, conv@3=0.0000, conv@5=0.0000, residual@1=3.590626e-01, residual@2=1.409348e-01, residual@3=9.308649e-02, excess@2=1408.3481, tail@2=1.389978e+00, score=-422.695221 | LR: 1.0000e-03
     25 total:25.72390 | blocks:1 | L1_step:0.64504 (2.5%) | L2_step:0.25341 (1.0%) L2_final:1.21876 (4.7%) | L3_e3:23.60670 (91.8%) | final_max_PQ:6.689e+00
     50 total:29.90513 | blocks:2 | L1_step:0.80963 (2.7%) | L2_step:0.14512 (0.5%) L2_final:0.79640 (2.7%) | L3_e3:28.15398 (94.1%) | final_max_PQ:1.039e+00
🟩 Epoch 32 | Train loss = 28.6970 | Val conv@1=0.0000, conv@2=0.0000, conv@3=0.0000, conv@5=0.0000, residual@1=3.666013e-01, residual@2=1.361028e-01, residual@3=8.939153e-02, excess@2=1360.0283, tail@2=1.251383e+00, score=-408.197167 | LR: 1.0000e-03
     25 total:23.60179 | blocks:3 | L1_step:0.74765 (3.2%) | L2_step:0.13667 (0.6%) L2_final:0.80628 (3.4%) | L3_e3:21.91118 (92.8%) | final_max_PQ:7.031e-01
     50 total:25.09694 | blocks:2 | L1_step:0.81124 (3.2%) | L2_step:0.16302 (0.6%) L2_final:0.88730 (3.5%) | L3_e3:23.23538 (92.6%) | final_max_PQ:1.053e+00
🟩 Epoch 33 | Train loss = 28.4533 | Val conv@1=0.0000, conv@2=0.0000, conv@3=0.0000, conv@5=0.0000, residual@1=3.713507e-01, residual@2=1.359374e-01, residual@3=8.748590e-02, excess@2=1358.3743, tail@2=1.331147e+00, score=-407.702217 | LR: 1.0000e-03
     25 total:29.15229 | blocks:1 | L1_step:0.55762 (1.9%) | L2_step:0.27387 (0.9%) L2_final:1.24870 (4.3%) | L3_e3:27.07210 (92.9%) | final_max_PQ:4.755e+00
     50 total:33.76120 | blocks:2 | L1_step:0.72434 (2.1%) | L2_step:0.14733 (0.4%) L2_final:0.79700 (2.4%) | L3_e3:32.09253 (95.1%) | final_max_PQ:1.067e+00
🔘 Epoch 34 No Improvement (1/40) | Val conv@1=0.0000, conv@2=0.0000, conv@3=0.0000, conv@5=0.0000, residual@1=3.538051e-01, residual@2=1.361376e-01
     25 total:30.54124 | blocks:3 | L1_step:0.74073 (2.4%) | L2_step:0.12029 (0.4%) L2_final:0.66139 (2.2%) | L3_e3:29.01884 (95.0%) | final_max_PQ:6.856e-01
     50 total:23.61954 | blocks:2 | L1_step:0.73910 (3.1%) | L2_step:0.18531 (0.8%) L2_final:0.95688 (4.1%) | L3_e3:21.73825 (92.0%) | final_max_PQ:1.699e+00
🟩 Epoch 35 | Train loss = 29.1986 | Val conv@1=0.0000, conv@2=0.0000, conv@3=0.0000, conv@5=0.0000, residual@1=3.369459e-01, residual@2=1.334041e-01, residual@3=8.529658e-02, excess@2=1333.0408, tail@2=1.392037e+00, score=-400.103071 | LR: 1.0000e-03
     25 total:25.23416 | blocks:1 | L1_step:0.52176 (2.1%) | L2_step:0.26300 (1.0%) L2_final:1.15423 (4.6%) | L3_e3:23.29517 (92.3%) | final_max_PQ:3.368e+00
     50 total:24.22872 | blocks:2 | L1_step:0.75465 (3.1%) | L2_step:0.17123 (0.7%) L2_final:0.84358 (3.5%) | L3_e3:22.45925 (92.7%) | final_max_PQ:1.700e+00
🟩 Epoch 36 | Train loss = 28.4695 | Val conv@1=0.0000, conv@2=0.0000, conv@3=0.0000, conv@5=0.0000, residual@1=3.252000e-01, residual@2=1.323808e-01, residual@3=8.476870e-02, excess@2=1322.8084, tail@2=1.489876e+00, score=-397.034712 | LR: 1.0000e-03
     25 total:30.13833 | blocks:1 | L1_step:0.61041 (2.0%) | L2_step:0.23832 (0.8%) L2_final:1.05266 (3.5%) | L3_e3:28.23694 (93.7%) | final_max_PQ:3.213e+00
     50 total:24.89096 | blocks:1 | L1_step:0.52287 (2.1%) | L2_step:0.28441 (1.1%) L2_final:1.16887 (4.7%) | L3_e3:22.91482 (92.1%) | final_max_PQ:3.159e+00
🔘 Epoch 37 No Improvement (1/40) | Val conv@1=0.0000, conv@2=0.0000, conv@3=0.0000, conv@5=0.0000, residual@1=3.547863e-01, residual@2=1.352831e-01
     25 total:30.93153 | blocks:2 | L1_step:0.74385 (2.4%) | L2_step:0.22673 (0.7%) L2_final:0.99200 (3.2%) | L3_e3:28.96896 (93.7%) | final_max_PQ:1.857e+00
     50 total:28.77469 | blocks:2 | L1_step:0.75771 (2.6%) | L2_step:0.18310 (0.6%) L2_final:0.84724 (2.9%) | L3_e3:26.98665 (93.8%) | final_max_PQ:1.146e+00
🔘 Epoch 38 No Improvement (2/40) | Val conv@1=0.0000, conv@2=0.0000, conv@3=0.0000, conv@5=0.0000, residual@1=3.492925e-01, residual@2=1.326496e-01
     25 total:33.44034 | blocks:2 | L1_step:0.77128 (2.3%) | L2_step:0.16324 (0.5%) L2_final:0.78287 (2.3%) | L3_e3:31.72295 (94.9%) | final_max_PQ:1.364e+00
     50 total:30.82560 | blocks:2 | L1_step:0.75577 (2.5%) | L2_step:0.16309 (0.5%) L2_final:0.73602 (2.4%) | L3_e3:29.17072 (94.6%) | final_max_PQ:1.649e+00
🟩 Epoch 39 | Train loss = 29.0367 | Val conv@1=0.0000, conv@2=0.0000, conv@3=0.0000, conv@5=0.0000, residual@1=3.378434e-01, residual@2=1.294024e-01, residual@3=7.986026e-02, excess@2=1293.0238, tail@2=1.852272e+00, score=-388.103679 | LR: 1.0000e-03
     25 total:29.10034 | blocks:2 | L1_step:0.76470 (2.6%) | L2_step:0.17205 (0.6%) L2_final:0.72893 (2.5%) | L3_e3:27.43465 (94.3%) | final_max_PQ:1.694e+00
     50 total:30.08265 | blocks:2 | L1_step:0.72626 (2.4%) | L2_step:0.17139 (0.6%) L2_final:0.80661 (2.7%) | L3_e3:28.37840 (94.3%) | final_max_PQ:1.618e+00
🔘 Epoch 40 No Improvement (1/40) | Val conv@1=0.0000, conv@2=0.0000, conv@3=0.0000, conv@5=0.0000, residual@1=3.928715e-01, residual@2=1.364609e-01
     25 total:32.48540 | blocks:2 | L1_step:0.80957 (2.5%) | L2_step:0.17633 (0.5%) L2_final:0.75755 (2.3%) | L3_e3:30.74195 (94.6%) | final_max_PQ:1.373e+00
     50 total:24.83606 | blocks:3 | L1_step:0.74155 (3.0%) | L2_step:0.15766 (0.6%) L2_final:0.74233 (3.0%) | L3_e3:23.19453 (93.4%) | final_max_PQ:1.017e+00
🔘 Epoch 41 No Improvement (2/40) | Val conv@1=0.0000, conv@2=0.0000, conv@3=0.0000, conv@5=0.0000, residual@1=3.519839e-01, residual@2=1.308066e-01
     25 total:31.79838 | blocks:3 | L1_step:0.72662 (2.3%) | L2_step:0.13107 (0.4%) L2_final:0.67796 (2.1%) | L3_e3:30.26273 (95.2%) | final_max_PQ:6.108e-01
     50 total:28.03918 | blocks:2 | L1_step:0.74020 (2.6%) | L2_step:0.18931 (0.7%) L2_final:0.82172 (2.9%) | L3_e3:26.28796 (93.8%) | final_max_PQ:1.781e+00
🔘 Epoch 42 No Improvement (3/40) | Val conv@1=0.0000, conv@2=0.0000, conv@3=0.0000, conv@5=0.0000, residual@1=3.658654e-01, residual@2=1.357185e-01
     25 total:28.42499 | blocks:2 | L1_step:0.72343 (2.5%) | L2_step:0.21742 (0.8%) L2_final:0.93624 (3.3%) | L3_e3:26.54791 (93.4%) | final_max_PQ:2.313e+00
     50 total:30.04426 | blocks:2 | L1_step:0.76536 (2.5%) | L2_step:0.17140 (0.6%) L2_final:0.73774 (2.5%) | L3_e3:28.36976 (94.4%) | final_max_PQ:1.570e+00
🔘 Epoch 43 No Improvement (4/40) | Val conv@1=0.0000, conv@2=0.0000, conv@3=0.0000, conv@5=0.0000, residual@1=3.563380e-01, residual@2=1.303136e-01
     25 total:28.84262 | blocks:3 | L1_step:0.71886 (2.5%) | L2_step:0.16041 (0.6%) L2_final:0.75225 (2.6%) | L3_e3:27.21110 (94.3%) | final_max_PQ:9.528e-01
     50 total:26.09585 | blocks:3 | L1_step:0.72487 (2.8%) | L2_step:0.16756 (0.6%) L2_final:0.72349 (2.8%) | L3_e3:24.47993 (93.8%) | final_max_PQ:1.976e+00
🔘 Epoch 44 No Improvement (5/40) | Val conv@1=0.0000, conv@2=0.0000, conv@3=0.0000, conv@5=0.0000, residual@1=3.749947e-01, residual@2=1.383758e-01
     25 total:30.00952 | blocks:3 | L1_step:0.76182 (2.5%) | L2_step:0.13051 (0.4%) L2_final:0.63672 (2.1%) | L3_e3:28.48046 (94.9%) | final_max_PQ:8.364e-01
     50 total:24.92516 | blocks:3 | L1_step:0.70397 (2.8%) | L2_step:0.14593 (0.6%) L2_final:0.68406 (2.7%) | L3_e3:23.39120 (93.8%) | final_max_PQ:6.605e-01
🔘 Epoch 45 No Improvement (6/40) | Val conv@1=0.0000, conv@2=0.0000, conv@3=0.0000, conv@5=0.0000, residual@1=3.526739e-01, residual@2=1.310593e-01
     25 total:34.46223 | blocks:2 | L1_step:0.70465 (2.0%) | L2_step:0.18580 (0.5%) L2_final:0.75880 (2.2%) | L3_e3:32.81298 (95.2%) | final_max_PQ:1.602e+00
     50 total:31.27673 | blocks:3 | L1_step:0.68988 (2.2%) | L2_step:0.13326 (0.4%) L2_final:0.64979 (2.1%) | L3_e3:29.80381 (95.3%) | final_max_PQ:5.338e-01
🟩 Epoch 46 | Train loss = 29.7176 | Val conv@1=0.0000, conv@2=0.0000, conv@3=0.0000, conv@5=0.0000, residual@1=3.503817e-01, residual@2=1.283017e-01, residual@3=7.843019e-02, excess@2=1282.0171, tail@2=2.172104e+00, score=-384.804844 | LR: 1.0000e-03
     25 total:28.60241 | blocks:2 | L1_step:0.76871 (2.7%) | L2_step:0.20305 (0.7%) L2_final:0.87275 (3.1%) | L3_e3:26.75791 (93.6%) | final_max_PQ:2.027e+00
     50 total:28.71752 | blocks:3 | L1_step:0.72440 (2.5%) | L2_step:0.14792 (0.5%) L2_final:0.61472 (2.1%) | L3_e3:27.23049 (94.8%) | final_max_PQ:6.845e-01
🟩 Epoch 47 | Train loss = 27.9684 | Val conv@1=0.0000, conv@2=0.0000, conv@3=0.0000, conv@5=0.0000, residual@1=3.552091e-01, residual@2=1.278312e-01, residual@3=7.573273e-02, excess@2=1277.3122, tail@2=2.419945e+00, score=-383.395531 | LR: 1.0000e-03
     25 total:32.30423 | blocks:2 | L1_step:0.76029 (2.4%) | L2_step:0.18088 (0.6%) L2_final:0.85073 (2.6%) | L3_e3:30.51233 (94.5%) | final_max_PQ:2.101e+00
     50 total:30.67542 | blocks:2 | L1_step:0.76240 (2.5%) | L2_step:0.18104 (0.6%) L2_final:0.81040 (2.6%) | L3_e3:28.92159 (94.3%) | final_max_PQ:2.570e+00
🔘 Epoch 48 No Improvement (1/40) | Val conv@1=0.0000, conv@2=0.0000, conv@3=0.0000, conv@5=0.0000, residual@1=3.579863e-01, residual@2=1.301071e-01
     25 total:33.45520 | blocks:2 | L1_step:0.71977 (2.2%) | L2_step:0.21610 (0.6%) L2_final:0.88656 (2.6%) | L3_e3:31.63278 (94.6%) | final_max_PQ:2.198e+00
     50 total:20.96572 | blocks:2 | L1_step:0.61935 (3.0%) | L2_step:0.20193 (1.0%) L2_final:0.82743 (3.9%) | L3_e3:19.31700 (92.1%) | final_max_PQ:1.478e+00
🔘 Epoch 49 No Improvement (2/40) | Val conv@1=0.0000, conv@2=0.0000, conv@3=0.0000, conv@5=0.0000, residual@1=3.632406e-01, residual@2=1.301396e-01
     25 total:34.85280 | blocks:2 | L1_step:0.89606 (2.6%) | L2_step:0.20280 (0.6%) L2_final:0.83652 (2.4%) | L3_e3:32.91742 (94.4%) | final_max_PQ:1.988e+00
     50 total:26.51197 | blocks:2 | L1_step:0.75786 (2.9%) | L2_step:0.24644 (0.9%) L2_final:0.87739 (3.3%) | L3_e3:24.63028 (92.9%) | final_max_PQ:2.262e+00
🟩 Epoch 50 | Train loss = 30.3522 | Val conv@1=0.0000, conv@2=0.0000, conv@3=0.0000, conv@5=0.0000, residual@1=3.471542e-01, residual@2=1.274114e-01, residual@3=7.301011e-02, excess@2=1273.1142, tail@2=3.320160e+00, score=-382.142468 | LR: 1.0000e-03
     25 total:27.45141 | blocks:3 | L1_step:0.70044 (2.6%) | L2_step:0.15316 (0.6%) L2_final:0.64185 (2.3%) | L3_e3:25.95595 (94.6%) | final_max_PQ:9.784e-01
     50 total:28.52957 | blocks:3 | L1_step:0.70298 (2.5%) | L2_step:0.14330 (0.5%) L2_final:0.58141 (2.0%) | L3_e3:27.10188 (95.0%) | final_max_PQ:7.748e-01
🔘 Epoch 51 No Improvement (1/40) | Val conv@1=0.0000, conv@2=0.0000, conv@3=0.0000, conv@5=0.0000, residual@1=3.765894e-01, residual@2=1.322773e-01
     25 total:27.15658 | blocks:3 | L1_step:0.73169 (2.7%) | L2_step:0.14411 (0.5%) L2_final:0.60931 (2.2%) | L3_e3:25.67146 (94.5%) | final_max_PQ:1.249e+00
     50 total:31.48828 | blocks:2 | L1_step:0.73148 (2.3%) | L2_step:0.21976 (0.7%) L2_final:0.86467 (2.7%) | L3_e3:29.67238 (94.2%) | final_max_PQ:2.851e+00
🔘 Epoch 52 No Improvement (2/40) | Val conv@1=0.0000, conv@2=0.0000, conv@3=0.0000, conv@5=0.0000, residual@1=3.716351e-01, residual@2=1.311665e-01
     25 total:30.64656 | blocks:2 | L1_step:0.71734 (2.3%) | L2_step:0.20005 (0.7%) L2_final:0.77871 (2.5%) | L3_e3:28.95045 (94.5%) | final_max_PQ:3.670e+00
     50 total:31.69887 | blocks:2 | L1_step:0.73944 (2.3%) | L2_step:0.23927 (0.8%) L2_final:0.89993 (2.8%) | L3_e3:29.82022 (94.1%) | final_max_PQ:1.523e+00
🔘 Epoch 53 No Improvement (3/40) | Val conv@1=0.0000, conv@2=0.0000, conv@3=0.0000, conv@5=0.0000, residual@1=3.633268e-01, residual@2=1.315731e-01
     25 total:32.57436 | blocks:2 | L1_step:0.74571 (2.3%) | L2_step:0.22273 (0.7%) L2_final:0.84475 (2.6%) | L3_e3:30.76116 (94.4%) | final_max_PQ:2.226e+00
     50 total:26.33231 | blocks:2 | L1_step:0.66686 (2.5%) | L2_step:0.22019 (0.8%) L2_final:0.86013 (3.3%) | L3_e3:24.58513 (93.4%) | final_max_PQ:1.207e+00
🔘 Epoch 54 No Improvement (4/40) | Val conv@1=0.0000, conv@2=0.0000, conv@3=0.0000, conv@5=0.0000, residual@1=3.640347e-01, residual@2=1.297128e-01
     25 total:31.37826 | blocks:2 | L1_step:0.70681 (2.3%) | L2_step:0.20972 (0.7%) L2_final:0.80733 (2.6%) | L3_e3:29.65440 (94.5%) | final_max_PQ:3.459e+00
     50 total:34.06843 | blocks:2 | L1_step:0.77923 (2.3%) | L2_step:0.20172 (0.6%) L2_final:0.80462 (2.4%) | L3_e3:32.28286 (94.8%) | final_max_PQ:1.625e+00
🔘 Epoch 55 No Improvement (5/40) | Val conv@1=0.0000, conv@2=0.0000, conv@3=0.0000, conv@5=0.0000, residual@1=3.664041e-01, residual@2=1.327688e-01
     25 total:30.73740 | blocks:2 | L1_step:0.67436 (2.2%) | L2_step:0.19662 (0.6%) L2_final:0.79437 (2.6%) | L3_e3:29.07205 (94.6%) | final_max_PQ:2.395e+00
     50 total:20.87757 | blocks:1 | L1_step:0.44719 (2.1%) | L2_step:0.38956 (1.9%) L2_final:1.27485 (6.1%) | L3_e3:18.76597 (89.9%) | final_max_PQ:6.148e+00
🔘 Epoch 56 No Improvement (6/40) | Val conv@1=0.0000, conv@2=0.0000, conv@3=0.0000, conv@5=0.0000, residual@1=3.765354e-01, residual@2=1.407711e-01
     25 total:28.19178 | blocks:2 | L1_step:0.64603 (2.3%) | L2_step:0.19918 (0.7%) L2_final:0.84679 (3.0%) | L3_e3:26.49979 (94.0%) | final_max_PQ:1.957e+00
     50 total:26.10830 | blocks:2 | L1_step:0.62246 (2.4%) | L2_step:0.20781 (0.8%) L2_final:0.82025 (3.1%) | L3_e3:24.45778 (93.7%) | final_max_PQ:4.322e+00
🟩 Epoch 57 | Train loss = 27.1846 | Val conv@1=0.0000, conv@2=0.0000, conv@3=0.0000, conv@5=0.0000, residual@1=3.594396e-01, residual@2=1.236789e-01, residual@3=6.784857e-02, excess@2=1235.7886, tail@2=3.315994e+00, score=-370.944769 | LR: 1.0000e-03
     25 total:28.12774 | blocks:1 | L1_step:0.52432 (1.9%) | L2_step:0.39354 (1.4%) L2_final:1.23352 (4.4%) | L3_e3:25.97636 (92.4%) | final_max_PQ:5.101e+00
     50 total:25.87447 | blocks:2 | L1_step:0.68546 (2.6%) | L2_step:0.19877 (0.8%) L2_final:0.78822 (3.0%) | L3_e3:24.20203 (93.5%) | final_max_PQ:2.459e+00
🔘 Epoch 58 No Improvement (1/40) | Val conv@1=0.0000, conv@2=0.0000, conv@3=0.0000, conv@5=0.0000, residual@1=3.617597e-01, residual@2=1.288869e-01
     25 total:21.66764 | blocks:1 | L1_step:0.43684 (2.0%) | L2_step:0.42218 (1.9%) L2_final:1.31868 (6.1%) | L3_e3:19.48995 (89.9%) | final_max_PQ:4.951e+00
     50 total:32.89857 | blocks:2 | L1_step:0.74773 (2.3%) | L2_step:0.19756 (0.6%) L2_final:0.76805 (2.3%) | L3_e3:31.18522 (94.8%) | final_max_PQ:2.914e+00
🔘 Epoch 59 No Improvement (2/40) | Val conv@1=0.0000, conv@2=0.0000, conv@3=0.0000, conv@5=0.0000, residual@1=3.827893e-01, residual@2=1.406669e-01
     25 total:24.23664 | blocks:2 | L1_step:0.66752 (2.8%) | L2_step:0.22683 (0.9%) L2_final:0.83724 (3.5%) | L3_e3:22.50504 (92.9%) | final_max_PQ:2.844e+00
     50 total:26.41311 | blocks:2 | L1_step:0.67763 (2.6%) | L2_step:0.22136 (0.8%) L2_final:0.88783 (3.4%) | L3_e3:24.62629 (93.2%) | final_max_PQ:3.645e+00
🔘 Epoch 60 No Improvement (3/40) | Val conv@1=0.0000, conv@2=0.0000, conv@3=0.0000, conv@5=0.0000, residual@1=3.892523e-01, residual@2=1.372489e-01
     25 total:28.65024 | blocks:1 | L1_step:0.58744 (2.1%) | L2_step:0.36077 (1.3%) L2_final:1.22054 (4.3%) | L3_e3:26.48149 (92.4%) | final_max_PQ:6.808e+00
     50 total:28.50837 | blocks:2 | L1_step:0.66473 (2.3%) | L2_step:0.19232 (0.7%) L2_final:0.82340 (2.9%) | L3_e3:26.82793 (94.1%) | final_max_PQ:5.263e+00
🔘 Epoch 61 No Improvement (4/40) | Val conv@1=0.0000, conv@2=0.0000, conv@3=0.0000, conv@5=0.0000, residual@1=3.625074e-01, residual@2=1.351581e-01
     25 total:27.04371 | blocks:1 | L1_step:0.48530 (1.8%) | L2_step:0.38144 (1.4%) L2_final:1.20606 (4.5%) | L3_e3:24.97091 (92.3%) | final_max_PQ:5.876e+00
     50 total:33.43506 | blocks:3 | L1_step:0.63623 (1.9%) | L2_step:0.13581 (0.4%) L2_final:0.59421 (1.8%) | L3_e3:32.06882 (95.9%) | final_max_PQ:1.095e+00
🔘 Epoch 62 No Improvement (5/40) | Val conv@1=0.0000, conv@2=0.0000, conv@3=0.0000, conv@5=0.0000, residual@1=3.749141e-01, residual@2=1.313813e-01
     25 total:31.34737 | blocks:2 | L1_step:0.70513 (2.2%) | L2_step:0.21604 (0.7%) L2_final:0.83741 (2.7%) | L3_e3:29.58879 (94.4%) | final_max_PQ:2.228e+00
     50 total:25.43095 | blocks:1 | L1_step:0.45880 (1.8%) | L2_step:0.38027 (1.5%) L2_final:1.11888 (4.4%) | L3_e3:23.47300 (92.3%) | final_max_PQ:4.146e+00
🔘 Epoch 63 No Improvement (6/40) | Val conv@1=0.0000, conv@2=0.0000, conv@3=0.0000, conv@5=0.0000, residual@1=3.736847e-01, residual@2=1.317860e-01
     25 total:26.16452 | blocks:1 | L1_step:0.51808 (2.0%) | L2_step:0.41062 (1.6%) L2_final:1.24504 (4.8%) | L3_e3:23.99078 (91.7%) | final_max_PQ:4.922e+00
     50 total:23.33959 | blocks:2 | L1_step:0.76877 (3.3%) | L2_step:0.22833 (1.0%) L2_final:0.87055 (3.7%) | L3_e3:21.47194 (92.0%) | final_max_PQ:2.158e+00
🔘 Epoch 64 No Improvement (7/40) | Val conv@1=0.0000, conv@2=0.0000, conv@3=0.0000, conv@5=0.0000, residual@1=3.830652e-01, residual@2=1.304822e-01
     25 total:29.89874 | blocks:2 | L1_step:0.60797 (2.0%) | L2_step:0.23019 (0.8%) L2_final:0.84620 (2.8%) | L3_e3:28.21438 (94.4%) | final_max_PQ:2.843e+00
     50 total:26.23453 | blocks:3 | L1_step:0.62430 (2.4%) | L2_step:0.16503 (0.6%) L2_final:0.60886 (2.3%) | L3_e3:24.83633 (94.7%) | final_max_PQ:9.658e-01
🔘 Epoch 65 No Improvement (8/40) | Val conv@1=0.0000, conv@2=0.0000, conv@3=0.0000, conv@5=0.0000, residual@1=3.693441e-01, residual@2=1.318397e-01
     25 total:29.79619 | blocks:2 | L1_step:0.65710 (2.2%) | L2_step:0.22333 (0.7%) L2_final:0.83469 (2.8%) | L3_e3:28.08107 (94.2%) | final_max_PQ:2.755e+00
     50 total:36.90025 | blocks:2 | L1_step:0.73656 (2.0%) | L2_step:0.22726 (0.6%) L2_final:0.89438 (2.4%) | L3_e3:35.04205 (95.0%) | final_max_PQ:6.780e+00
🔘 Epoch 66 No Improvement (9/40) | Val conv@1=0.0000, conv@2=0.0000, conv@3=0.0000, conv@5=0.0000, residual@1=3.692756e-01, residual@2=1.276317e-01
     25 total:23.95559 | blocks:1 | L1_step:0.59066 (2.5%) | L2_step:0.42024 (1.8%) L2_final:1.22511 (5.1%) | L3_e3:21.71958 (90.7%) | final_max_PQ:9.166e+00
     50 total:25.17545 | blocks:3 | L1_step:0.61875 (2.5%) | L2_step:0.16109 (0.6%) L2_final:0.66811 (2.7%) | L3_e3:23.72749 (94.2%) | final_max_PQ:7.637e-01
🔘 Epoch 67 No Improvement (10/40) | Val conv@1=0.0000, conv@2=0.0000, conv@3=0.0000, conv@5=0.0000, residual@1=3.702733e-01, residual@2=1.319534e-01
     25 total:25.94220 | blocks:3 | L1_step:0.67050 (2.6%) | L2_step:0.13979 (0.5%) L2_final:0.61325 (2.4%) | L3_e3:24.51867 (94.5%) | final_max_PQ:1.578e+00
     50 total:22.59875 | blocks:3 | L1_step:0.62460 (2.8%) | L2_step:0.17208 (0.8%) L2_final:0.69086 (3.1%) | L3_e3:21.11120 (93.4%) | final_max_PQ:1.997e+00
🔘 Epoch 68 No Improvement (11/40) | Val conv@1=0.0000, conv@2=0.0000, conv@3=0.0000, conv@5=0.0000, residual@1=3.810832e-01, residual@2=1.254121e-01
     25 total:32.09477 | blocks:2 | L1_step:0.71226 (2.2%) | L2_step:0.20598 (0.6%) L2_final:0.79736 (2.5%) | L3_e3:30.37917 (94.7%) | final_max_PQ:2.239e+00
     50 total:28.27250 | blocks:2 | L1_step:0.65267 (2.3%) | L2_step:0.22363 (0.8%) L2_final:0.89533 (3.2%) | L3_e3:26.50087 (93.7%) | final_max_PQ:4.033e+00
🔘 Epoch 69 No Improvement (12/40) | Val conv@1=0.0000, conv@2=0.0000, conv@3=0.0000, conv@5=0.0000, residual@1=3.785773e-01, residual@2=1.338150e-01
     25 total:33.27426 | blocks:3 | L1_step:0.63338 (1.9%) | L2_step:0.14897 (0.4%) L2_final:0.68823 (2.1%) | L3_e3:31.80368 (95.6%) | final_max_PQ:1.221e+00
     50 total:27.27492 | blocks:2 | L1_step:0.65774 (2.4%) | L2_step:0.23078 (0.8%) L2_final:0.86629 (3.2%) | L3_e3:25.52011 (93.6%) | final_max_PQ:2.512e+00
🔘 Epoch 70 No Improvement (13/40) | Val conv@1=0.0000, conv@2=0.0000, conv@3=0.0000, conv@5=0.0000, residual@1=3.725893e-01, residual@2=1.265935e-01
     25 total:27.76715 | blocks:2 | L1_step:0.55375 (2.0%) | L2_step:0.21825 (0.8%) L2_final:0.80478 (2.9%) | L3_e3:26.19037 (94.3%) | final_max_PQ:2.431e+00
     50 total:20.84763 | blocks:2 | L1_step:0.49745 (2.4%) | L2_step:0.22498 (1.1%) L2_final:0.87551 (4.2%) | L3_e3:19.24968 (92.3%) | final_max_PQ:3.626e+00
🔘 Epoch 71 No Improvement (14/40) | Val conv@1=0.0000, conv@2=0.0000, conv@3=0.0000, conv@5=0.0000, residual@1=3.793186e-01, residual@2=1.273766e-01
     25 total:28.15011 | blocks:2 | L1_step:0.59009 (2.1%) | L2_step:0.20699 (0.7%) L2_final:0.81074 (2.9%) | L3_e3:26.54229 (94.3%) | final_max_PQ:4.052e+00
     50 total:29.97753 | blocks:2 | L1_step:0.65526 (2.2%) | L2_step:0.21723 (0.7%) L2_final:0.82446 (2.8%) | L3_e3:28.28058 (94.3%) | final_max_PQ:2.194e+00
🔘 Epoch 72 No Improvement (15/40) | Val conv@1=0.0000, conv@2=0.0000, conv@3=0.0000, conv@5=0.0000, residual@1=4.002971e-01, residual@2=1.313547e-01
     25 total:26.15944 | blocks:2 | L1_step:0.63355 (2.4%) | L2_step:0.22526 (0.9%) L2_final:0.83319 (3.2%) | L3_e3:24.46744 (93.5%) | final_max_PQ:2.814e+00
     50 total:29.85160 | blocks:2 | L1_step:0.62424 (2.1%) | L2_step:0.25305 (0.8%) L2_final:0.91139 (3.1%) | L3_e3:28.06293 (94.0%) | final_max_PQ:2.432e+00
🔘 Epoch 73 No Improvement (16/40) | Val conv@1=0.0000, conv@2=0.0000, conv@3=0.0000, conv@5=0.0000, residual@1=3.868854e-01, residual@2=1.282311e-01
     25 total:23.56650 | blocks:3 | L1_step:0.56211 (2.4%) | L2_step:0.15914 (0.7%) L2_final:0.60730 (2.6%) | L3_e3:22.23796 (94.4%) | final_max_PQ:9.247e-01
     50 total:24.61645 | blocks:2 | L1_step:0.67130 (2.7%) | L2_step:0.19073 (0.8%) L2_final:0.67324 (2.7%) | L3_e3:23.08118 (93.8%) | final_max_PQ:1.589e+00
🔘 Epoch 74 No Improvement (17/40) | Val conv@1=0.0000, conv@2=0.0000, conv@3=0.0000, conv@5=0.0000, residual@1=3.801525e-01, residual@2=1.317314e-01
     25 total:32.22381 | blocks:2 | L1_step:0.70008 (2.2%) | L2_step:0.22251 (0.7%) L2_final:0.82522 (2.6%) | L3_e3:30.47599 (94.6%) | final_max_PQ:2.791e+00
     50 total:28.43519 | blocks:2 | L1_step:0.65683 (2.3%) | L2_step:0.25507 (0.9%) L2_final:0.92179 (3.2%) | L3_e3:26.60149 (93.6%) | final_max_PQ:4.319e+00
🔘 Epoch 75 No Improvement (18/40) | Val conv@1=0.0000, conv@2=0.0000, conv@3=0.0000, conv@5=0.0000, residual@1=3.785317e-01, residual@2=1.319094e-01
     25 total:31.64023 | blocks:2 | L1_step:0.64162 (2.0%) | L2_step:0.21952 (0.7%) L2_final:0.83654 (2.6%) | L3_e3:29.94256 (94.6%) | final_max_PQ:5.745e+00
     50 total:25.12896 | blocks:3 | L1_step:0.61303 (2.4%) | L2_step:0.17253 (0.7%) L2_final:0.64713 (2.6%) | L3_e3:23.69626 (94.3%) | final_max_PQ:1.870e+00
🔘 Epoch 76 No Improvement (19/40) | Val conv@1=0.0000, conv@2=0.0000, conv@3=0.0000, conv@5=0.0000, residual@1=3.826701e-01, residual@2=1.293355e-01
     25 total:29.51634 | blocks:2 | L1_step:0.68328 (2.3%) | L2_step:0.21075 (0.7%) L2_final:0.76206 (2.6%) | L3_e3:27.86025 (94.4%) | final_max_PQ:2.955e+00
     50 total:28.13985 | blocks:3 | L1_step:0.61075 (2.2%) | L2_step:0.15081 (0.5%) L2_final:0.62141 (2.2%) | L3_e3:26.75688 (95.1%) | final_max_PQ:1.716e+00
🔘 Epoch 77 No Improvement (20/40) | Val conv@1=0.0000, conv@2=0.0000, conv@3=0.0000, conv@5=0.0000, residual@1=3.876727e-01, residual@2=1.266634e-01
     25 total:32.79652 | blocks:2 | L1_step:0.74207 (2.3%) | L2_step:0.22237 (0.7%) L2_final:0.77949 (2.4%) | L3_e3:31.05259 (94.7%) | final_max_PQ:2.544e+00
     50 total:27.32848 | blocks:3 | L1_step:0.62733 (2.3%) | L2_step:0.16996 (0.6%) L2_final:0.65906 (2.4%) | L3_e3:25.87213 (94.7%) | final_max_PQ:2.253e+00
🟩 Epoch 78 | Train loss = 28.0760 | Val conv@1=0.0000, conv@2=0.0000, conv@3=0.0000, conv@5=0.0000, residual@1=3.754364e-01, residual@2=1.184770e-01, residual@3=5.630354e-02, excess@2=1183.7702, tail@2=4.277077e+00, score=-355.344319 | LR: 1.0000e-03
     25 total:35.45870 | blocks:2 | L1_step:0.63814 (1.8%) | L2_step:0.20814 (0.6%) L2_final:0.82492 (2.3%) | L3_e3:33.78750 (95.3%) | final_max_PQ:3.064e+00
     50 total:37.56696 | blocks:2 | L1_step:0.80120 (2.1%) | L2_step:0.21109 (0.6%) L2_final:0.79637 (2.1%) | L3_e3:35.75830 (95.2%) | final_max_PQ:5.642e+00
🔘 Epoch 79 No Improvement (1/40) | Val conv@1=0.0000, conv@2=0.0000, conv@3=0.0000, conv@5=0.0000, residual@1=3.817318e-01, residual@2=1.262214e-01
     25 total:29.54316 | blocks:3 | L1_step:0.67119 (2.3%) | L2_step:0.16139 (0.5%) L2_final:0.68018 (2.3%) | L3_e3:28.03040 (94.9%) | final_max_PQ:2.855e+00
     50 total:26.50435 | blocks:3 | L1_step:0.73365 (2.8%) | L2_step:0.20589 (0.8%) L2_final:0.79501 (3.0%) | L3_e3:24.76980 (93.5%) | final_max_PQ:2.409e+00
🔘 Epoch 80 No Improvement (2/40) | Val conv@1=0.0000, conv@2=0.0000, conv@3=0.0000, conv@5=0.0000, residual@1=3.779645e-01, residual@2=1.228717e-01
     25 total:24.63144 | blocks:3 | L1_step:0.58023 (2.4%) | L2_step:0.17655 (0.7%) L2_final:0.65027 (2.6%) | L3_e3:23.22440 (94.3%) | final_max_PQ:1.124e+00
     50 total:29.37890 | blocks:3 | L1_step:0.63455 (2.2%) | L2_step:0.14969 (0.5%) L2_final:0.58969 (2.0%) | L3_e3:28.00498 (95.3%) | final_max_PQ:9.809e-01
🔘 Epoch 81 No Improvement (3/40) | Val conv@1=0.0000, conv@2=0.0000, conv@3=0.0000, conv@5=0.0000, residual@1=3.867445e-01, residual@2=1.234038e-01
     25 total:35.56911 | blocks:2 | L1_step:0.82729 (2.3%) | L2_step:0.24511 (0.7%) L2_final:0.92030 (2.6%) | L3_e3:33.57641 (94.4%) | final_max_PQ:3.681e+00
     50 total:27.97214 | blocks:3 | L1_step:0.62110 (2.2%) | L2_step:0.16142 (0.6%) L2_final:0.67639 (2.4%) | L3_e3:26.51323 (94.8%) | final_max_PQ:1.109e+00
🔘 Epoch 82 No Improvement (4/40) | Val conv@1=0.0000, conv@2=0.0000, conv@3=0.0000, conv@5=0.0000, residual@1=3.832309e-01, residual@2=1.270398e-01
     25 total:30.56609 | blocks:3 | L1_step:0.68583 (2.2%) | L2_step:0.17101 (0.6%) L2_final:0.68774 (2.2%) | L3_e3:29.02151 (94.9%) | final_max_PQ:1.719e+00
     50 total:27.44842 | blocks:2 | L1_step:0.65131 (2.4%) | L2_step:0.18239 (0.7%) L2_final:0.70166 (2.6%) | L3_e3:25.91306 (94.4%) | final_max_PQ:3.062e+00
🔘 Epoch 83 No Improvement (5/40) | Val conv@1=0.0000, conv@2=0.0000, conv@3=0.0000, conv@5=0.0000, residual@1=3.834417e-01, residual@2=1.206375e-01
     25 total:26.79966 | blocks:2 | L1_step:0.70530 (2.6%) | L2_step:0.22706 (0.8%) L2_final:0.76895 (2.9%) | L3_e3:25.09835 (93.7%) | final_max_PQ:4.023e+00
     50 total:24.00963 | blocks:2 | L1_step:0.78268 (3.3%) | L2_step:0.21404 (0.9%) L2_final:0.80089 (3.3%) | L3_e3:22.21203 (92.5%) | final_max_PQ:1.889e+00
🔘 Epoch 84 No Improvement (6/40) | Val conv@1=0.0000, conv@2=0.0000, conv@3=0.0000, conv@5=0.0000, residual@1=3.737633e-01, residual@2=1.206628e-01
     25 total:26.39761 | blocks:2 | L1_step:0.70855 (2.7%) | L2_step:0.22599 (0.9%) L2_final:0.85296 (3.2%) | L3_e3:24.61010 (93.2%) | final_max_PQ:2.591e+00
     50 total:30.02122 | blocks:3 | L1_step:0.62872 (2.1%) | L2_step:0.18117 (0.6%) L2_final:0.65000 (2.2%) | L3_e3:28.56133 (95.1%) | final_max_PQ:1.723e+00
🟩 Epoch 85 | Train loss = 26.5849 | Val conv@1=0.0000, conv@2=0.0000, conv@3=0.0000, conv@5=0.0000, residual@1=3.815390e-01, residual@2=1.180035e-01, residual@3=5.393566e-02, excess@2=1179.0354, tail@2=4.240006e+00, score=-353.923706 | LR: 1.0000e-03
     25 total:27.57662 | blocks:2 | L1_step:0.66050 (2.4%) | L2_step:0.19587 (0.7%) L2_final:0.74312 (2.7%) | L3_e3:25.97712 (94.2%) | final_max_PQ:5.081e+00
     50 total:23.25363 | blocks:3 | L1_step:0.58102 (2.5%) | L2_step:0.17311 (0.7%) L2_final:0.63190 (2.7%) | L3_e3:21.86759 (94.0%) | final_max_PQ:1.472e+00
🟩 Epoch 86 | Train loss = 26.9482 | Val conv@1=0.0000, conv@2=0.0000, conv@3=0.0000, conv@5=0.0000, residual@1=3.690607e-01, residual@2=1.133232e-01, residual@3=5.043399e-02, excess@2=1132.2320, tail@2=4.469185e+00, score=-339.883760 | LR: 1.0000e-03
     25 total:27.94993 | blocks:2 | L1_step:0.55537 (2.0%) | L2_step:0.23671 (0.8%) L2_final:0.80470 (2.9%) | L3_e3:26.35315 (94.3%) | final_max_PQ:3.442e+00
     50 total:22.92634 | blocks:3 | L1_step:0.52787 (2.3%) | L2_step:0.14442 (0.6%) L2_final:0.55381 (2.4%) | L3_e3:21.70024 (94.7%) | final_max_PQ:8.076e-01
🟩 Epoch 87 | Train loss = 25.6961 | Val conv@1=0.0000, conv@2=0.0000, conv@3=0.0000, conv@5=0.0000, residual@1=3.688820e-01, residual@2=1.099870e-01, residual@3=4.864310e-02, excess@2=1098.8701, tail@2=4.311334e+00, score=-329.874469 | LR: 1.0000e-03
     25 total:28.43419 | blocks:3 | L1_step:0.72878 (2.6%) | L2_step:0.16566 (0.6%) L2_final:0.60563 (2.1%) | L3_e3:26.93411 (94.7%) | final_max_PQ:9.088e-01
     50 total:22.63379 | blocks:2 | L1_step:0.56497 (2.5%) | L2_step:0.22000 (1.0%) L2_final:0.72263 (3.2%) | L3_e3:21.12619 (93.3%) | final_max_PQ:4.932e+00
🔘 Epoch 88 No Improvement (1/40) | Val conv@1=0.0000, conv@2=0.0000, conv@3=0.0000, conv@5=0.0000, residual@1=3.890540e-01, residual@2=1.296490e-01
     25 total:37.57208 | blocks:2 | L1_step:0.74192 (2.0%) | L2_step:0.23411 (0.6%) L2_final:1.00471 (2.7%) | L3_e3:35.59134 (94.7%) | final_max_PQ:7.382e+00
     50 total:31.06245 | blocks:2 | L1_step:0.64010 (2.1%) | L2_step:0.21458 (0.7%) L2_final:0.79634 (2.6%) | L3_e3:29.41143 (94.7%) | final_max_PQ:3.480e+00
🟩 Epoch 89 | Train loss = 29.4253 | Val conv@1=0.0000, conv@2=0.0000, conv@3=0.0000, conv@5=0.0000, residual@1=3.563457e-01, residual@2=1.093517e-01, residual@3=4.877680e-02, excess@2=1092.5166, tail@2=3.765564e+00, score=-327.965703 | LR: 1.0000e-03
     25 total:23.78181 | blocks:2 | L1_step:0.48567 (2.0%) | L2_step:0.21273 (0.9%) L2_final:0.74301 (3.1%) | L3_e3:22.34041 (93.9%) | final_max_PQ:1.972e+00
     50 total:29.19663 | blocks:3 | L1_step:0.71032 (2.4%) | L2_step:0.18450 (0.6%) L2_final:0.63206 (2.2%) | L3_e3:27.66976 (94.8%) | final_max_PQ:1.064e+00
🟩 Epoch 90 | Train loss = 27.2817 | Val conv@1=0.0000, conv@2=0.0000, conv@3=0.0000, conv@5=0.0000, residual@1=3.648906e-01, residual@2=1.069759e-01, residual@3=4.761792e-02, excess@2=1068.7593, tail@2=3.792427e+00, score=-320.838658 | LR: 1.0000e-03
     25 total:31.50862 | blocks:3 | L1_step:0.67980 (2.2%) | L2_step:0.15796 (0.5%) L2_final:0.56294 (1.8%) | L3_e3:30.10793 (95.6%) | final_max_PQ:1.816e+00
     50 total:27.65273 | blocks:2 | L1_step:0.70861 (2.6%) | L2_step:0.21934 (0.8%) L2_final:0.74581 (2.7%) | L3_e3:25.97896 (93.9%) | final_max_PQ:1.732e+00
🔘 Epoch 91 No Improvement (1/40) | Val conv@1=0.0000, conv@2=0.0000, conv@3=0.0000, conv@5=0.0000, residual@1=3.630946e-01, residual@2=1.158806e-01
     25 total:18.73945 | blocks:3 | L1_step:0.56395 (3.0%) | L2_step:0.18160 (1.0%) L2_final:0.67987 (3.6%) | L3_e3:17.31403 (92.4%) | final_max_PQ:1.931e+00
     50 total:22.05705 | blocks:3 | L1_step:0.62648 (2.8%) | L2_step:0.17848 (0.8%) L2_final:0.67786 (3.1%) | L3_e3:20.57423 (93.3%) | final_max_PQ:1.527e+00
🔘 Epoch 92 No Improvement (2/40) | Val conv@1=0.0000, conv@2=0.0000, conv@3=0.0000, conv@5=0.0000, residual@1=3.673744e-01, residual@2=1.126140e-01
     25 total:35.77273 | blocks:2 | L1_step:0.60789 (1.7%) | L2_step:0.21160 (0.6%) L2_final:0.71523 (2.0%) | L3_e3:34.23801 (95.7%) | final_max_PQ:3.623e+00
     50 total:25.68510 | blocks:3 | L1_step:0.60208 (2.3%) | L2_step:0.18023 (0.7%) L2_final:0.63216 (2.5%) | L3_e3:24.27063 (94.5%) | final_max_PQ:1.830e+00
🟩 Epoch 93 | Train loss = 26.4449 | Val conv@1=0.0000, conv@2=0.0000, conv@3=0.0000, conv@5=0.0000, residual@1=3.345499e-01, residual@2=1.010149e-01, residual@3=4.348695e-02, excess@2=1009.1489, tail@2=3.521744e+00, score=-302.954046 | LR: 1.0000e-03
     25 total:23.82463 | blocks:2 | L1_step:0.62054 (2.6%) | L2_step:0.22104 (0.9%) L2_final:0.74558 (3.1%) | L3_e3:22.23748 (93.3%) | final_max_PQ:3.490e+00
     50 total:28.34749 | blocks:2 | L1_step:0.64924 (2.3%) | L2_step:0.21485 (0.8%) L2_final:0.70361 (2.5%) | L3_e3:26.77979 (94.5%) | final_max_PQ:2.295e+00
🟩 Epoch 94 | Train loss = 26.8758 | Val conv@1=0.0000, conv@2=0.0000, conv@3=0.0000, conv@5=0.0000, residual@1=3.550026e-01, residual@2=9.724560e-02, residual@3=4.202568e-02, excess@2=971.4560, tail@2=3.736031e+00, score=-291.647353 | LR: 1.0000e-03
     25 total:19.91070 | blocks:3 | L1_step:0.62838 (3.2%) | L2_step:0.17297 (0.9%) L2_final:0.57534 (2.9%) | L3_e3:18.53401 (93.1%) | final_max_PQ:6.333e-01
     50 total:33.18177 | blocks:2 | L1_step:0.60321 (1.8%) | L2_step:0.20311 (0.6%) L2_final:0.73349 (2.2%) | L3_e3:31.64196 (95.4%) | final_max_PQ:4.222e+00
🔘 Epoch 95 No Improvement (1/40) | Val conv@1=0.0000, conv@2=0.0000, conv@3=0.0000, conv@5=0.0000, residual@1=3.540375e-01, residual@2=1.038483e-01
     25 total:26.42787 | blocks:2 | L1_step:0.50868 (1.9%) | L2_step:0.23871 (0.9%) L2_final:0.75088 (2.8%) | L3_e3:24.92959 (94.3%) | final_max_PQ:2.014e+00
     50 total:24.44261 | blocks:2 | L1_step:0.69840 (2.9%) | L2_step:0.20085 (0.8%) L2_final:0.63829 (2.6%) | L3_e3:22.90507 (93.7%) | final_max_PQ:1.848e+00
🟩 Epoch 96 | Train loss = 28.7787 | Val conv@1=0.0000, conv@2=0.0000, conv@3=0.0000, conv@5=0.0000, residual@1=3.447757e-01, residual@2=9.477241e-02, residual@3=3.848233e-02, excess@2=946.7241, tail@2=3.899101e+00, score=-284.228650 | LR: 1.0000e-03
     25 total:25.58090 | blocks:1 | L1_step:0.34259 (1.3%) | L2_step:0.41465 (1.6%) L2_final:1.13504 (4.4%) | L3_e3:23.68862 (92.6%) | final_max_PQ:7.908e+00
     50 total:24.82799 | blocks:2 | L1_step:0.61137 (2.5%) | L2_step:0.21011 (0.8%) L2_final:0.71282 (2.9%) | L3_e3:23.29369 (93.8%) | final_max_PQ:2.038e+00
🔘 Epoch 97 No Improvement (1/40) | Val conv@1=0.0000, conv@2=0.0000, conv@3=0.0000, conv@5=0.0000, residual@1=3.501514e-01, residual@2=9.574108e-02
     25 total:40.07161 | blocks:2 | L1_step:0.59400 (1.5%) | L2_step:0.22732 (0.6%) L2_final:0.77655 (1.9%) | L3_e3:38.47374 (96.0%) | final_max_PQ:2.879e+00
     50 total:19.30008 | blocks:3 | L1_step:0.63237 (3.3%) | L2_step:0.16572 (0.9%) L2_final:0.56093 (2.9%) | L3_e3:17.94107 (93.0%) | final_max_PQ:1.636e+00
🟩 Epoch 98 | Train loss = 26.0516 | Val conv@1=0.0000, conv@2=0.0000, conv@3=0.0000, conv@5=0.0000, residual@1=3.259242e-01, residual@2=8.824722e-02, residual@3=3.639715e-02, excess@2=881.4722, tail@2=3.424827e+00, score=-264.650477 | LR: 1.0000e-03
     25 total:27.39249 | blocks:3 | L1_step:0.60562 (2.2%) | L2_step:0.15669 (0.6%) L2_final:0.51129 (1.9%) | L3_e3:26.11890 (95.4%) | final_max_PQ:8.417e-01
     50 total:26.02903 | blocks:1 | L1_step:0.40587 (1.6%) | L2_step:0.37519 (1.4%) L2_final:0.96255 (3.7%) | L3_e3:24.28543 (93.3%) | final_max_PQ:4.320e+00
🟩 Epoch 99 | Train loss = 25.1613 | Val conv@1=0.0000, conv@2=0.0000, conv@3=0.0000, conv@5=0.0000, residual@1=3.185217e-01, residual@2=8.471381e-02, residual@3=3.371070e-02, excess@2=846.1381, tail@2=3.532669e+00, score=-254.050871 | LR: 1.0000e-03
     25 total:24.03909 | blocks:3 | L1_step:0.65732 (2.7%) | L2_step:0.15421 (0.6%) L2_final:0.49018 (2.0%) | L3_e3:22.73738 (94.6%) | final_max_PQ:6.345e-01
     50 total:29.39579 | blocks:2 | L1_step:0.59097 (2.0%) | L2_step:0.22690 (0.8%) L2_final:0.72308 (2.5%) | L3_e3:27.85484 (94.8%) | final_max_PQ:1.651e+00
🟩 Epoch 100 | Train loss = 26.0657 | Val conv@1=0.0000, conv@2=0.0000, conv@3=0.0000, conv@5=0.0000, residual@1=3.251210e-01, residual@2=8.246188e-02, residual@3=3.315720e-02, excess@2=823.6188, tail@2=3.635034e+00, score=-247.295658 | LR: 1.0000e-03
     25 total:24.01785 | blocks:2 | L1_step:0.56316 (2.3%) | L2_step:0.19032 (0.8%) L2_final:0.57341 (2.4%) | L3_e3:22.69095 (94.5%) | final_max_PQ:1.213e+00
     50 total:23.81855 | blocks:2 | L1_step:0.59463 (2.5%) | L2_step:0.19479 (0.8%) L2_final:0.57216 (2.4%) | L3_e3:22.45698 (94.3%) | final_max_PQ:1.614e+00
🔘 Epoch 101 No Improvement (1/40) | Val conv@1=0.0000, conv@2=0.0000, conv@3=0.0000, conv@5=0.0000, residual@1=3.228956e-01, residual@2=8.322657e-02
     25 total:27.79706 | blocks:2 | L1_step:0.80322 (2.9%) | L2_step:0.21460 (0.8%) L2_final:0.72969 (2.6%) | L3_e3:26.04955 (93.7%) | final_max_PQ:1.651e+00
     50 total:28.91095 | blocks:3 | L1_step:0.77526 (2.7%) | L2_step:0.15885 (0.5%) L2_final:0.53976 (1.9%) | L3_e3:27.43708 (94.9%) | final_max_PQ:6.000e-01
🔘 Epoch 102 No Improvement (2/40) | Val conv@1=0.0000, conv@2=0.0000, conv@3=0.0000, conv@5=0.0000, residual@1=3.365069e-01, residual@2=8.780985e-02
     25 total:23.96265 | blocks:2 | L1_step:0.77291 (3.2%) | L2_step:0.20438 (0.9%) L2_final:0.64515 (2.7%) | L3_e3:22.34021 (93.2%) | final_max_PQ:1.876e+00
     50 total:34.03142 | blocks:3 | L1_step:0.62351 (1.8%) | L2_step:0.15868 (0.5%) L2_final:0.48157 (1.4%) | L3_e3:32.76765 (96.3%) | final_max_PQ:1.252e+00
🟩 Epoch 103 | Train loss = 27.0525 | Val conv@1=0.0000, conv@2=0.0000, conv@3=0.0000, conv@5=0.0000, residual@1=3.224924e-01, residual@2=8.068218e-02, residual@3=3.017669e-02, excess@2=805.8218, tail@2=3.614083e+00, score=-241.956443 | LR: 1.0000e-03
     25 total:20.63758 | blocks:2 | L1_step:0.67864 (3.3%) | L2_step:0.25977 (1.3%) L2_final:0.75016 (3.6%) | L3_e3:18.94901 (91.8%) | final_max_PQ:4.980e+00
     50 total:21.36010 | blocks:3 | L1_step:0.71737 (3.4%) | L2_step:0.17526 (0.8%) L2_final:0.55726 (2.6%) | L3_e3:19.91021 (93.2%) | final_max_PQ:8.686e-01
🟩 Epoch 104 | Train loss = 23.1020 | Val conv@1=0.0000, conv@2=0.0000, conv@3=0.0000, conv@5=0.0000, residual@1=3.164512e-01, residual@2=7.646962e-02, residual@3=2.886880e-02, excess@2=763.6962, tail@2=3.350212e+00, score=-229.317239 | LR: 1.0000e-03
     25 total:22.88959 | blocks:2 | L1_step:0.65186 (2.8%) | L2_step:0.22882 (1.0%) L2_final:0.63865 (2.8%) | L3_e3:21.37026 (93.4%) | final_max_PQ:2.206e+00
     50 total:23.91520 | blocks:2 | L1_step:0.58264 (2.4%) | L2_step:0.20552 (0.9%) L2_final:0.61002 (2.6%) | L3_e3:22.51702 (94.2%) | final_max_PQ:1.693e+00
🟩 Epoch 105 | Train loss = 23.8323 | Val conv@1=0.0000, conv@2=0.0000, conv@3=0.0000, conv@5=0.0000, residual@1=2.887671e-01, residual@2=7.188706e-02, residual@3=2.712146e-02, excess@2=717.8706, tail@2=3.299835e+00, score=-215.569251 | LR: 1.0000e-03
     25 total:33.08144 | blocks:3 | L1_step:0.72976 (2.2%) | L2_step:0.15675 (0.5%) L2_final:0.51414 (1.6%) | L3_e3:31.68080 (95.8%) | final_max_PQ:1.327e+00
     50 total:30.90392 | blocks:2 | L1_step:0.73350 (2.4%) | L2_step:0.17651 (0.6%) L2_final:0.55503 (1.8%) | L3_e3:29.43888 (95.3%) | final_max_PQ:2.723e+00
🔘 Epoch 106 No Improvement (1/40) | Val conv@1=0.0000, conv@2=0.0000, conv@3=0.0000, conv@5=0.0000, residual@1=3.078359e-01, residual@2=7.912413e-02
     25 total:28.92733 | blocks:2 | L1_step:0.59541 (2.1%) | L2_step:0.17020 (0.6%) L2_final:0.50215 (1.7%) | L3_e3:27.65957 (95.6%) | final_max_PQ:8.330e-01
     50 total:18.87758 | blocks:3 | L1_step:0.57338 (3.0%) | L2_step:0.14080 (0.7%) L2_final:0.45710 (2.4%) | L3_e3:17.70630 (93.8%) | final_max_PQ:7.967e-01
🔘 Epoch 107 No Improvement (2/40) | Val conv@1=0.0000, conv@2=0.0000, conv@3=0.0000, conv@5=0.0000, residual@1=3.076401e-01, residual@2=7.626180e-02
     25 total:30.38723 | blocks:2 | L1_step:0.96748 (3.2%) | L2_step:0.17016 (0.6%) L2_final:0.50983 (1.7%) | L3_e3:28.73975 (94.6%) | final_max_PQ:2.169e+00
     50 total:25.57373 | blocks:2 | L1_step:0.63971 (2.5%) | L2_step:0.21200 (0.8%) L2_final:0.66896 (2.6%) | L3_e3:24.05307 (94.1%) | final_max_PQ:2.041e+00
🔘 Epoch 108 No Improvement (3/40) | Val conv@1=0.0000, conv@2=0.0000, conv@3=0.0000, conv@5=0.0000, residual@1=2.974698e-01, residual@2=7.634373e-02
     25 total:29.89931 | blocks:2 | L1_step:0.96230 (3.2%) | L2_step:0.20675 (0.7%) L2_final:0.63242 (2.1%) | L3_e3:28.09785 (94.0%) | final_max_PQ:4.457e+00
     50 total:23.31873 | blocks:2 | L1_step:0.68729 (2.9%) | L2_step:0.19584 (0.8%) L2_final:0.60369 (2.6%) | L3_e3:21.83191 (93.6%) | final_max_PQ:9.274e-01
🟩 Epoch 109 | Train loss = 26.3617 | Val conv@1=0.0000, conv@2=0.0000, conv@3=0.0000, conv@5=0.0000, residual@1=2.838935e-01, residual@2=7.016679e-02, residual@3=2.603982e-02, excess@2=700.6679, tail@2=2.906220e+00, score=-210.405913 | LR: 1.0000e-03
     25 total:19.73571 | blocks:3 | L1_step:0.48224 (2.4%) | L2_step:0.15835 (0.8%) L2_final:0.44200 (2.2%) | L3_e3:18.65312 (94.5%) | final_max_PQ:7.945e-01
     50 total:22.00576 | blocks:2 | L1_step:0.79124 (3.6%) | L2_step:0.20441 (0.9%) L2_final:0.57779 (2.6%) | L3_e3:20.43232 (92.8%) | final_max_PQ:3.319e+00
🔘 Epoch 110 No Improvement (1/40) | Val conv@1=0.0000, conv@2=0.0000, conv@3=0.0000, conv@5=0.0000, residual@1=2.833852e-01, residual@2=7.100699e-02
     25 total:21.98973 | blocks:3 | L1_step:0.71143 (3.2%) | L2_step:0.12751 (0.6%) L2_final:0.35382 (1.6%) | L3_e3:20.79697 (94.6%) | final_max_PQ:4.478e-01
     50 total:30.14373 | blocks:1 | L1_step:0.61801 (2.1%) | L2_step:0.39796 (1.3%) L2_final:0.93166 (3.1%) | L3_e3:28.19610 (93.5%) | final_max_PQ:7.022e+00
🟩 Epoch 111 | Train loss = 25.9981 | Val conv@1=0.0000, conv@2=0.0000, conv@3=0.0000, conv@5=0.0000, residual@1=2.828145e-01, residual@2=6.592663e-02, residual@3=2.411556e-02, excess@2=658.2663, tail@2=2.942863e+00, score=-197.685681 | LR: 1.0000e-03
     25 total:28.53291 | blocks:2 | L1_step:0.85295 (3.0%) | L2_step:0.18208 (0.6%) L2_final:0.51656 (1.8%) | L3_e3:26.98132 (94.6%) | final_max_PQ:1.609e+00
     50 total:18.20748 | blocks:2 | L1_step:0.39353 (2.2%) | L2_step:0.18993 (1.0%) L2_final:0.55584 (3.1%) | L3_e3:17.06819 (93.7%) | final_max_PQ:2.877e+00
🟩 Epoch 112 | Train loss = 22.6116 | Val conv@1=0.0000, conv@2=0.0000, conv@3=0.0000, conv@5=0.0000, residual@1=2.684326e-01, residual@2=6.008724e-02, residual@3=2.097525e-02, excess@2=599.8724, tail@2=2.784013e+00, score=-180.166395 | LR: 1.0000e-03
     25 total:24.71560 | blocks:3 | L1_step:0.57019 (2.3%) | L2_step:0.14291 (0.6%) L2_final:0.41293 (1.7%) | L3_e3:23.58956 (95.4%) | final_max_PQ:1.067e+00
     50 total:18.82126 | blocks:3 | L1_step:0.50975 (2.7%) | L2_step:0.13765 (0.7%) L2_final:0.40186 (2.1%) | L3_e3:17.77199 (94.4%) | final_max_PQ:4.624e-01
🔘 Epoch 113 No Improvement (1/40) | Val conv@1=0.0000, conv@2=0.0000, conv@3=0.0000, conv@5=0.0000, residual@1=2.667174e-01, residual@2=6.132665e-02
     25 total:22.07825 | blocks:3 | L1_step:0.62399 (2.8%) | L2_step:0.16964 (0.8%) L2_final:0.46735 (2.1%) | L3_e3:20.81726 (94.3%) | final_max_PQ:7.170e-01
     50 total:19.92106 | blocks:3 | L1_step:0.54653 (2.7%) | L2_step:0.14564 (0.7%) L2_final:0.37345 (1.9%) | L3_e3:18.85544 (94.7%) | final_max_PQ:5.503e-01
🟩 Epoch 114 | Train loss = 21.7940 | Val conv@1=0.0000, conv@2=0.0000, conv@3=0.0000, conv@5=0.0000, residual@1=2.549997e-01, residual@2=5.346536e-02, residual@3=1.792599e-02, excess@2=533.6536, tail@2=2.637344e+00, score=-160.299693 | LR: 1.0000e-03
     25 total:20.78623 | blocks:2 | L1_step:0.96338 (4.6%) | L2_step:0.20070 (1.0%) L2_final:0.58622 (2.8%) | L3_e3:19.03593 (91.6%) | final_max_PQ:2.413e+00
     50 total:26.89341 | blocks:3 | L1_step:0.52897 (2.0%) | L2_step:0.13442 (0.5%) L2_final:0.35080 (1.3%) | L3_e3:25.87923 (96.2%) | final_max_PQ:9.371e-01
🟩 Epoch 115 | Train loss = 24.3660 | Val conv@1=0.0000, conv@2=0.0000, conv@3=0.0000, conv@5=0.0000, residual@1=2.492153e-01, residual@2=5.240442e-02, residual@3=1.758897e-02, excess@2=523.0442, tail@2=2.744964e+00, score=-157.117668 | LR: 1.0000e-03
     25 total:27.19571 | blocks:2 | L1_step:0.89888 (3.3%) | L2_step:0.20454 (0.8%) L2_final:0.55900 (2.1%) | L3_e3:25.53329 (93.9%) | final_max_PQ:1.478e+00
     50 total:24.14100 | blocks:2 | L1_step:0.68200 (2.8%) | L2_step:0.19792 (0.8%) L2_final:0.50435 (2.1%) | L3_e3:22.75673 (94.3%) | final_max_PQ:2.241e+00
🟩 Epoch 116 | Train loss = 24.4553 | Val conv@1=0.0000, conv@2=0.0000, conv@3=0.0000, conv@5=0.0000, residual@1=2.476515e-01, residual@2=4.971613e-02, residual@3=1.623654e-02, excess@2=496.1614, tail@2=2.538018e+00, score=-149.051240 | LR: 1.0000e-03
     25 total:19.27365 | blocks:1 | L1_step:0.36704 (1.9%) | L2_step:0.37035 (1.9%) L2_final:0.82521 (4.3%) | L3_e3:17.71105 (91.9%) | final_max_PQ:6.237e+00
     50 total:20.01701 | blocks:3 | L1_step:0.47764 (2.4%) | L2_step:0.17832 (0.9%) L2_final:0.47404 (2.4%) | L3_e3:18.88701 (94.4%) | final_max_PQ:4.566e-01
🔘 Epoch 117 No Improvement (1/40) | Val conv@1=0.0000, conv@2=0.0000, conv@3=0.0000, conv@5=0.0000, residual@1=2.444266e-01, residual@2=5.151240e-02
     25 total:23.31735 | blocks:2 | L1_step:0.50414 (2.2%) | L2_step:0.19740 (0.8%) L2_final:0.51300 (2.2%) | L3_e3:22.10280 (94.8%) | final_max_PQ:3.861e+00
     50 total:22.54814 | blocks:2 | L1_step:0.69725 (3.1%) | L2_step:0.17428 (0.8%) L2_final:0.40670 (1.8%) | L3_e3:21.26991 (94.3%) | final_max_PQ:1.877e+00
🟩 Epoch 118 | Train loss = 23.1000 | Val conv@1=0.0000, conv@2=0.0000, conv@3=0.0000, conv@5=0.0000, residual@1=2.285410e-01, residual@2=4.620824e-02, residual@3=1.452572e-02, excess@2=461.0824, tail@2=2.226792e+00, score=-138.524925 | LR: 1.0000e-03
     25 total:33.95083 | blocks:2 | L1_step:0.74172 (2.2%) | L2_step:0.16512 (0.5%) L2_final:0.44867 (1.3%) | L3_e3:32.59532 (96.0%) | final_max_PQ:7.077e-01
     50 total:36.96468 | blocks:3 | L1_step:0.65152 (1.8%) | L2_step:0.14886 (0.4%) L2_final:0.39335 (1.1%) | L3_e3:35.77095 (96.8%) | final_max_PQ:4.554e-01
🔘 Epoch 119 No Improvement (1/40) | Val conv@1=0.0000, conv@2=0.0000, conv@3=0.0000, conv@5=0.0000, residual@1=2.437629e-01, residual@2=5.655147e-02
     25 total:25.58321 | blocks:2 | L1_step:0.54427 (2.1%) | L2_step:0.20517 (0.8%) L2_final:0.51301 (2.0%) | L3_e3:24.32076 (95.1%) | final_max_PQ:1.965e+00
     50 total:35.41285 | blocks:2 | L1_step:0.55102 (1.6%) | L2_step:0.16601 (0.5%) L2_final:0.42794 (1.2%) | L3_e3:34.26788 (96.8%) | final_max_PQ:1.053e+00
🔘 Epoch 120 No Improvement (2/40) | Val conv@1=0.0000, conv@2=0.0000, conv@3=0.0000, conv@5=0.0000, residual@1=2.329601e-01, residual@2=5.389676e-02
     25 total:29.81459 | blocks:2 | L1_step:0.81174 (2.7%) | L2_step:0.18205 (0.6%) L2_final:0.48120 (1.6%) | L3_e3:28.33960 (95.1%) | final_max_PQ:2.433e+00
     50 total:21.58467 | blocks:3 | L1_step:0.65256 (3.0%) | L2_step:0.11799 (0.5%) L2_final:0.28716 (1.3%) | L3_e3:20.52695 (95.1%) | final_max_PQ:3.206e-01
🔘 Epoch 121 No Improvement (3/40) | Val conv@1=0.0000, conv@2=0.0000, conv@3=0.0000, conv@5=0.0000, residual@1=2.258130e-01, residual@2=4.798799e-02
     25 total:21.81589 | blocks:3 | L1_step:0.49599 (2.3%) | L2_step:0.14321 (0.7%) L2_final:0.40677 (1.9%) | L3_e3:20.76991 (95.2%) | final_max_PQ:8.567e-01
     50 total:21.58787 | blocks:2 | L1_step:0.60210 (2.8%) | L2_step:0.16958 (0.8%) L2_final:0.38547 (1.8%) | L3_e3:20.43072 (94.6%) | final_max_PQ:1.060e+00
🔘 Epoch 122 No Improvement (4/40) | Val conv@1=0.0000, conv@2=0.0000, conv@3=0.0000, conv@5=0.0000, residual@1=2.368831e-01, residual@2=4.665262e-02
     25 total:21.00928 | blocks:2 | L1_step:0.58128 (2.8%) | L2_step:0.15339 (0.7%) L2_final:0.38404 (1.8%) | L3_e3:19.89057 (94.7%) | final_max_PQ:1.057e+00
     50 total:23.25968 | blocks:2 | L1_step:0.46494 (2.0%) | L2_step:0.17626 (0.8%) L2_final:0.47652 (2.0%) | L3_e3:22.14197 (95.2%) | final_max_PQ:1.272e+00
🟩 Epoch 123 | Train loss = 25.3281 | Val conv@1=0.0000, conv@2=0.0000, conv@3=0.0000, conv@5=0.0000, residual@1=2.201693e-01, residual@2=4.595100e-02, residual@3=1.569263e-02, excess@2=458.5100, tail@2=1.962318e+00, score=-137.750676 | LR: 1.0000e-03
     25 total:38.40411 | blocks:1 | L1_step:0.52877 (1.4%) | L2_step:0.32658 (0.9%) L2_final:0.69553 (1.8%) | L3_e3:36.85323 (96.0%) | final_max_PQ:4.089e+00
     50 total:24.45234 | blocks:3 | L1_step:0.57975 (2.4%) | L2_step:0.13022 (0.5%) L2_final:0.37280 (1.5%) | L3_e3:23.36957 (95.6%) | final_max_PQ:4.236e-01
🔘 Epoch 124 No Improvement (1/40) | Val conv@1=0.0000, conv@2=0.0000, conv@3=0.0000, conv@5=0.0000, residual@1=2.173195e-01, residual@2=4.728546e-02
     25 total:21.98765 | blocks:2 | L1_step:0.47642 (2.2%) | L2_step:0.18397 (0.8%) L2_final:0.47652 (2.2%) | L3_e3:20.85075 (94.8%) | final_max_PQ:6.163e-01
     50 total:23.90559 | blocks:2 | L1_step:0.71457 (3.0%) | L2_step:0.16800 (0.7%) L2_final:0.42143 (1.8%) | L3_e3:22.60158 (94.5%) | final_max_PQ:8.572e-01
🔘 Epoch 125 No Improvement (2/40) | Val conv@1=0.0000, conv@2=0.0000, conv@3=0.0000, conv@5=0.0000, residual@1=2.248130e-01, residual@2=4.668837e-02
     25 total:18.27448 | blocks:2 | L1_step:0.37952 (2.1%) | L2_step:0.15707 (0.9%) L2_final:0.34954 (1.9%) | L3_e3:17.38835 (95.2%) | final_max_PQ:4.973e-01
     50 total:19.76385 | blocks:2 | L1_step:0.39800 (2.0%) | L2_step:0.17938 (0.9%) L2_final:0.42600 (2.2%) | L3_e3:18.76046 (94.9%) | final_max_PQ:1.231e+00
🟩 Epoch 126 | Train loss = 21.7429 | Val conv@1=0.0000, conv@2=0.0000, conv@3=0.0000, conv@5=0.0000, residual@1=2.191367e-01, residual@2=4.173226e-02, residual@3=1.701847e-02, excess@2=416.3226, tail@2=1.840546e+00, score=-125.093192 | LR: 1.0000e-03
     25 total:23.18527 | blocks:3 | L1_step:0.66505 (2.9%) | L2_step:0.11671 (0.5%) L2_final:0.28882 (1.2%) | L3_e3:22.11470 (95.4%) | final_max_PQ:2.495e-01
     50 total:26.62664 | blocks:2 | L1_step:0.63221 (2.4%) | L2_step:0.16925 (0.6%) L2_final:0.38463 (1.4%) | L3_e3:25.44055 (95.5%) | final_max_PQ:1.625e+00
🟩 Epoch 127 | Train loss = 25.7829 | Val conv@1=0.0000, conv@2=0.0000, conv@3=0.0000, conv@5=0.0000, residual@1=2.071373e-01, residual@2=3.407133e-02, residual@3=1.294434e-02, excess@2=339.7133, tail@2=1.919304e+00, score=-102.111246 | LR: 1.0000e-03
     25 total:20.53939 | blocks:2 | L1_step:0.60223 (2.9%) | L2_step:0.16591 (0.8%) L2_final:0.41459 (2.0%) | L3_e3:19.35666 (94.2%) | final_max_PQ:1.146e+00
     50 total:24.61418 | blocks:2 | L1_step:0.71772 (2.9%) | L2_step:0.17230 (0.7%) L2_final:0.38552 (1.6%) | L3_e3:23.33864 (94.8%) | final_max_PQ:1.003e+00
🔘 Epoch 128 No Improvement (1/40) | Val conv@1=0.0000, conv@2=0.0000, conv@3=0.0000, conv@5=0.0000, residual@1=2.524051e-01, residual@2=5.905661e-02
     25 total:25.93739 | blocks:2 | L1_step:0.71689 (2.8%) | L2_step:0.19272 (0.7%) L2_final:0.50530 (1.9%) | L3_e3:24.52247 (94.5%) | final_max_PQ:7.466e-01
     50 total:26.13790 | blocks:2 | L1_step:0.69493 (2.7%) | L2_step:0.15255 (0.6%) L2_final:0.37016 (1.4%) | L3_e3:24.92027 (95.3%) | final_max_PQ:1.510e+00
🔘 Epoch 129 No Improvement (2/40) | Val conv@1=0.0000, conv@2=0.0000, conv@3=0.0000, conv@5=0.0000, residual@1=2.052156e-01, residual@2=3.575576e-02
     25 total:22.09053 | blocks:3 | L1_step:0.41327 (1.9%) | L2_step:0.12481 (0.6%) L2_final:0.26727 (1.2%) | L3_e3:21.28518 (96.4%) | final_max_PQ:3.606e-01
     50 total:17.72890 | blocks:3 | L1_step:0.60416 (3.4%) | L2_step:0.10902 (0.6%) L2_final:0.24901 (1.4%) | L3_e3:16.76671 (94.6%) | final_max_PQ:5.290e-01
🟩 Epoch 130 | Train loss = 21.6803 | Val conv@1=0.0000, conv@2=0.0000, conv@3=0.0000, conv@5=0.0000, residual@1=1.953749e-01, residual@2=3.335954e-02, residual@3=1.046364e-02, excess@2=332.5954, tail@2=1.628471e+00, score=-99.972571 | LR: 1.0000e-03
     25 total:24.60429 | blocks:2 | L1_step:0.64092 (2.6%) | L2_step:0.17613 (0.7%) L2_final:0.37714 (1.5%) | L3_e3:23.41010 (95.1%) | final_max_PQ:2.982e+00
     50 total:24.83953 | blocks:2 | L1_step:0.41697 (1.7%) | L2_step:0.16380 (0.7%) L2_final:0.35936 (1.4%) | L3_e3:23.89941 (96.2%) | final_max_PQ:6.303e-01
🔘 Epoch 131 No Improvement (1/40) | Val conv@1=0.0000, conv@2=0.0000, conv@3=0.0000, conv@5=0.0000, residual@1=1.951902e-01, residual@2=3.483456e-02
     25 total:20.91696 | blocks:3 | L1_step:0.42710 (2.0%) | L2_step:0.11864 (0.6%) L2_final:0.28837 (1.4%) | L3_e3:20.08285 (96.0%) | final_max_PQ:3.723e-01
     50 total:19.14588 | blocks:2 | L1_step:0.48282 (2.5%) | L2_step:0.17310 (0.9%) L2_final:0.38954 (2.0%) | L3_e3:18.10042 (94.5%) | final_max_PQ:8.671e-01
🟩 Epoch 132 | Train loss = 21.9827 | Val conv@1=0.0000, conv@2=0.0000, conv@3=0.0000, conv@5=0.0000, residual@1=1.849715e-01, residual@2=3.236531e-02, residual@3=1.203612e-02, excess@2=322.6531, tail@2=1.560347e+00, score=-96.989045 | LR: 1.0000e-03
     25 total:17.40358 | blocks:3 | L1_step:0.66121 (3.8%) | L2_step:0.12383 (0.7%) L2_final:0.26788 (1.5%) | L3_e3:16.35066 (94.0%) | final_max_PQ:2.429e-01
     50 total:18.96911 | blocks:2 | L1_step:0.47901 (2.5%) | L2_step:0.16222 (0.9%) L2_final:0.32762 (1.7%) | L3_e3:18.00027 (94.9%) | final_max_PQ:9.941e-01
🟩 Epoch 133 | Train loss = 20.9136 | Val conv@1=0.0000, conv@2=0.0000, conv@3=0.0000, conv@5=0.0000, residual@1=1.792990e-01, residual@2=2.805485e-02, residual@3=8.952937e-03, excess@2=279.5485, tail@2=1.382510e+00, score=-84.055220 | LR: 1.0000e-03
     25 total:17.97815 | blocks:3 | L1_step:0.40746 (2.3%) | L2_step:0.13151 (0.7%) L2_final:0.26372 (1.5%) | L3_e3:17.17546 (95.5%) | final_max_PQ:3.403e-01
     50 total:23.60025 | blocks:2 | L1_step:0.82992 (3.5%) | L2_step:0.17281 (0.7%) L2_final:0.35330 (1.5%) | L3_e3:22.24423 (94.3%) | final_max_PQ:6.601e-01
🔘 Epoch 134 No Improvement (1/40) | Val conv@1=0.0000, conv@2=0.0000, conv@3=0.0000, conv@5=0.0000, residual@1=1.757106e-01, residual@2=2.877691e-02
     25 total:23.25615 | blocks:3 | L1_step:0.63386 (2.7%) | L2_step:0.12024 (0.5%) L2_final:0.27982 (1.2%) | L3_e3:22.22223 (95.6%) | final_max_PQ:3.003e-01
     50 total:23.33575 | blocks:2 | L1_step:0.71370 (3.1%) | L2_step:0.15887 (0.7%) L2_final:0.33042 (1.4%) | L3_e3:22.13276 (94.8%) | final_max_PQ:1.117e+00
🔘 Epoch 135 No Improvement (2/40) | Val conv@1=0.0000, conv@2=0.0000, conv@3=0.0000, conv@5=0.0000, residual@1=1.795214e-01, residual@2=3.242582e-02
     25 total:22.91550 | blocks:2 | L1_step:0.78132 (3.4%) | L2_step:0.14003 (0.6%) L2_final:0.28192 (1.2%) | L3_e3:21.71222 (94.7%) | final_max_PQ:8.859e-01
     50 total:22.87265 | blocks:2 | L1_step:0.76696 (3.4%) | L2_step:0.16109 (0.7%) L2_final:0.33503 (1.5%) | L3_e3:21.60958 (94.5%) | final_max_PQ:4.761e-01
🟩 Epoch 136 | Train loss = 24.3856 | Val conv@1=0.0000, conv@2=0.0000, conv@3=0.0000, conv@5=0.0000, residual@1=1.698687e-01, residual@2=2.775264e-02, residual@3=8.744363e-03, excess@2=276.5264, tail@2=1.336192e+00, score=-83.147911 | LR: 1.0000e-03
     25 total:25.21786 | blocks:2 | L1_step:0.64134 (2.5%) | L2_step:0.15113 (0.6%) L2_final:0.32970 (1.3%) | L3_e3:24.09568 (95.6%) | final_max_PQ:7.124e-01
     50 total:41.74702 | blocks:2 | L1_step:0.68212 (1.6%) | L2_step:0.13209 (0.3%) L2_final:0.27469 (0.7%) | L3_e3:40.65811 (97.4%) | final_max_PQ:5.309e-01
🔘 Epoch 137 No Improvement (1/40) | Val conv@1=0.0000, conv@2=0.0000, conv@3=0.0000, conv@5=0.0000, residual@1=1.860566e-01, residual@2=3.335354e-02
     25 total:24.60580 | blocks:2 | L1_step:0.68131 (2.8%) | L2_step:0.17223 (0.7%) L2_final:0.39754 (1.6%) | L3_e3:23.35472 (94.9%) | final_max_PQ:1.439e+00
     50 total:25.02069 | blocks:2 | L1_step:0.62442 (2.5%) | L2_step:0.13633 (0.5%) L2_final:0.31654 (1.3%) | L3_e3:23.94339 (95.7%) | final_max_PQ:5.121e-01
🔘 Epoch 138 No Improvement (2/40) | Val conv@1=0.0000, conv@2=0.0000, conv@3=0.0000, conv@5=0.0000, residual@1=1.703028e-01, residual@2=2.894839e-02
     25 total:23.78124 | blocks:3 | L1_step:0.60320 (2.5%) | L2_step:0.14321 (0.6%) L2_final:0.29112 (1.2%) | L3_e3:22.74370 (95.6%) | final_max_PQ:2.385e-01
     50 total:20.99135 | blocks:1 | L1_step:0.30086 (1.4%) | L2_step:0.28683 (1.4%) L2_final:0.51485 (2.5%) | L3_e3:19.88882 (94.7%) | final_max_PQ:5.129e+00
🔘 Epoch 139 No Improvement (3/40) | Val conv@1=0.0000, conv@2=0.0000, conv@3=0.0000, conv@5=0.0000, residual@1=1.750417e-01, residual@2=3.168945e-02
     25 total:27.68994 | blocks:2 | L1_step:0.64483 (2.3%) | L2_step:0.16961 (0.6%) L2_final:0.37452 (1.4%) | L3_e3:26.50098 (95.7%) | final_max_PQ:7.155e-01
     50 total:21.48113 | blocks:3 | L1_step:0.57456 (2.7%) | L2_step:0.13837 (0.6%) L2_final:0.30083 (1.4%) | L3_e3:20.46737 (95.3%) | final_max_PQ:1.799e-01
🔘 Epoch 140 No Improvement (4/40) | Val conv@1=0.0000, conv@2=0.0000, conv@3=0.0000, conv@5=0.0000, residual@1=1.878553e-01, residual@2=3.173196e-02
     25 total:21.41554 | blocks:2 | L1_step:0.63026 (2.9%) | L2_step:0.15111 (0.7%) L2_final:0.31642 (1.5%) | L3_e3:20.31775 (94.9%) | final_max_PQ:7.303e-01
     50 total:24.90594 | blocks:2 | L1_step:0.61134 (2.5%) | L2_step:0.17129 (0.7%) L2_final:0.37794 (1.5%) | L3_e3:23.74537 (95.3%) | final_max_PQ:9.369e-01
🟩 Epoch 141 | Train loss = 25.0902 | Val conv@1=0.0000, conv@2=0.0000, conv@3=0.0000, conv@5=0.0000, residual@1=1.767203e-01, residual@2=2.737625e-02, residual@3=8.777314e-03, excess@2=272.7625, tail@2=1.334576e+00, score=-82.018719 | LR: 1.0000e-03
     25 total:30.79609 | blocks:2 | L1_step:0.53596 (1.7%) | L2_step:0.13128 (0.4%) L2_final:0.28443 (0.9%) | L3_e3:29.84442 (96.9%) | final_max_PQ:5.714e-01
     50 total:24.52430 | blocks:2 | L1_step:0.67771 (2.8%) | L2_step:0.13869 (0.6%) L2_final:0.29837 (1.2%) | L3_e3:23.40953 (95.5%) | final_max_PQ:6.512e-01
🟩 Epoch 142 | Train loss = 24.3485 | Val conv@1=0.0000, conv@2=0.0000, conv@3=0.0000, conv@5=0.0000, residual@1=1.782558e-01, residual@2=2.611227e-02, residual@3=7.586381e-03, excess@2=260.1227, tail@2=1.238999e+00, score=-78.225312 | LR: 1.0000e-03
     25 total:18.19656 | blocks:1 | L1_step:0.53851 (3.0%) | L2_step:0.29474 (1.6%) L2_final:0.56372 (3.1%) | L3_e3:16.79959 (92.3%) | final_max_PQ:2.655e+00
     50 total:21.87316 | blocks:2 | L1_step:0.85427 (3.9%) | L2_step:0.15214 (0.7%) L2_final:0.29049 (1.3%) | L3_e3:20.57626 (94.1%) | final_max_PQ:1.147e+00
🔘 Epoch 143 No Improvement (1/40) | Val conv@1=0.0000, conv@2=0.0000, conv@3=0.0000, conv@5=0.0000, residual@1=1.716686e-01, residual@2=3.120453e-02
     25 total:19.30589 | blocks:3 | L1_step:0.71321 (3.7%) | L2_step:0.09136 (0.5%) L2_final:0.17746 (0.9%) | L3_e3:18.32386 (94.9%) | final_max_PQ:1.303e-01
     50 total:21.87952 | blocks:2 | L1_step:0.57202 (2.6%) | L2_step:0.14766 (0.7%) L2_final:0.29780 (1.4%) | L3_e3:20.86205 (95.3%) | final_max_PQ:6.839e-01
🟩 Epoch 144 | Train loss = 21.7838 | Val conv@1=0.0000, conv@2=0.0000, conv@3=0.0000, conv@5=0.0000, residual@1=1.549969e-01, residual@2=2.366759e-02, residual@3=8.783825e-03, excess@2=235.6759, tail@2=1.069402e+00, score=-70.888322 | LR: 1.0000e-03
     25 total:19.89928 | blocks:2 | L1_step:0.36608 (1.8%) | L2_step:0.16314 (0.8%) L2_final:0.32683 (1.6%) | L3_e3:19.04323 (95.7%) | final_max_PQ:7.949e-01
     50 total:21.83799 | blocks:2 | L1_step:0.32456 (1.5%) | L2_step:0.12239 (0.6%) L2_final:0.26191 (1.2%) | L3_e3:21.12913 (96.8%) | final_max_PQ:8.290e-01
🟩 Epoch 145 | Train loss = 21.9544 | Val conv@1=0.0000, conv@2=0.0000, conv@3=0.0000, conv@5=0.0000, residual@1=1.518233e-01, residual@2=2.231863e-02, residual@3=7.417873e-03, excess@2=222.1863, tail@2=1.053542e+00, score=-66.841126 | LR: 1.0000e-03
     25 total:23.95908 | blocks:2 | L1_step:0.72308 (3.0%) | L2_step:0.12782 (0.5%) L2_final:0.24708 (1.0%) | L3_e3:22.86110 (95.4%) | final_max_PQ:4.478e-01
     50 total:23.24873 | blocks:2 | L1_step:0.72748 (3.1%) | L2_step:0.16850 (0.7%) L2_final:0.30801 (1.3%) | L3_e3:22.04474 (94.8%) | final_max_PQ:7.334e-01
🟩 Epoch 146 | Train loss = 21.4924 | Val conv@1=0.0000, conv@2=0.0000, conv@3=0.0000, conv@5=0.0000, residual@1=1.549127e-01, residual@2=1.965495e-02, residual@3=6.017587e-03, excess@2=195.5495, tail@2=8.624801e-01, score=-58.846094 | LR: 1.0000e-03
     25 total:22.70409 | blocks:3 | L1_step:0.44806 (2.0%) | L2_step:0.11367 (0.5%) L2_final:0.21153 (0.9%) | L3_e3:21.93084 (96.6%) | final_max_PQ:3.469e-01
     50 total:26.55232 | blocks:2 | L1_step:0.49625 (1.9%) | L2_step:0.14980 (0.6%) L2_final:0.26440 (1.0%) | L3_e3:25.64186 (96.6%) | final_max_PQ:4.322e-01
🔘 Epoch 147 No Improvement (1/40) | Val conv@1=0.0000, conv@2=0.0000, conv@3=0.0000, conv@5=0.0000, residual@1=1.657546e-01, residual@2=2.671199e-02
     25 total:21.43731 | blocks:2 | L1_step:0.61804 (2.9%) | L2_step:0.11436 (0.5%) L2_final:0.22939 (1.1%) | L3_e3:20.47552 (95.5%) | final_max_PQ:7.827e-01
     50 total:23.60091 | blocks:2 | L1_step:0.57987 (2.5%) | L2_step:0.14667 (0.6%) L2_final:0.30560 (1.3%) | L3_e3:22.56877 (95.6%) | final_max_PQ:6.886e-01
🔘 Epoch 148 No Improvement (2/40) | Val conv@1=0.0000, conv@2=0.0000, conv@3=0.0000, conv@5=0.0000, residual@1=1.749044e-01, residual@2=2.651138e-02
     25 total:23.76527 | blocks:2 | L1_step:0.52857 (2.2%) | L2_step:0.14325 (0.6%) L2_final:0.35805 (1.5%) | L3_e3:22.73540 (95.7%) | final_max_PQ:1.021e+00
     50 total:23.66053 | blocks:2 | L1_step:0.54140 (2.3%) | L2_step:0.13185 (0.6%) L2_final:0.27184 (1.1%) | L3_e3:22.71544 (96.0%) | final_max_PQ:5.498e-01
🔘 Epoch 149 No Improvement (3/40) | Val conv@1=0.0000, conv@2=0.0000, conv@3=0.0000, conv@5=0.0000, residual@1=1.453470e-01, residual@2=2.011838e-02
     25 total:25.16413 | blocks:2 | L1_step:0.50528 (2.0%) | L2_step:0.11657 (0.5%) L2_final:0.22767 (0.9%) | L3_e3:24.31462 (96.6%) | final_max_PQ:3.989e-01
     50 total:20.21022 | blocks:3 | L1_step:0.72073 (3.6%) | L2_step:0.08364 (0.4%) L2_final:0.16244 (0.8%) | L3_e3:19.24342 (95.2%) | final_max_PQ:1.944e-01
🟩 Epoch 150 | Train loss = 20.1545 | Val conv@1=0.0000, conv@2=0.0000, conv@3=0.0000, conv@5=0.0000, residual@1=1.402148e-01, residual@2=1.846763e-02, residual@3=5.396890e-03, excess@2=183.6763, tail@2=9.202248e-01, score=-55.285445 | LR: 1.0000e-03
     25 total:19.62401 | blocks:2 | L1_step:0.41743 (2.1%) | L2_step:0.12396 (0.6%) L2_final:0.21660 (1.1%) | L3_e3:18.86601 (96.1%) | final_max_PQ:7.018e-01
     50 total:26.71027 | blocks:2 | L1_step:0.79080 (3.0%) | L2_step:0.11702 (0.4%) L2_final:0.25409 (1.0%) | L3_e3:25.54836 (95.6%) | final_max_PQ:4.950e-01
🔘 Epoch 151 No Improvement (1/40) | Val conv@1=0.0000, conv@2=0.0000, conv@3=0.0000, conv@5=0.0000, residual@1=1.426323e-01, residual@2=2.367668e-02
     25 total:23.59044 | blocks:3 | L1_step:0.55169 (2.3%) | L2_step:0.09482 (0.4%) L2_final:0.20758 (0.9%) | L3_e3:22.73635 (96.4%) | final_max_PQ:3.735e-01
     50 total:19.62133 | blocks:1 | L1_step:0.32869 (1.7%) | L2_step:0.24848 (1.3%) L2_final:0.48255 (2.5%) | L3_e3:18.56161 (94.6%) | final_max_PQ:2.710e+00
🔘 Epoch 152 No Improvement (2/40) | Val conv@1=0.0000, conv@2=0.0000, conv@3=0.0000, conv@5=0.0000, residual@1=1.378320e-01, residual@2=2.133573e-02
     25 total:24.65644 | blocks:3 | L1_step:0.58631 (2.4%) | L2_step:0.09007 (0.4%) L2_final:0.19907 (0.8%) | L3_e3:23.78099 (96.4%) | final_max_PQ:3.384e-01
     50 total:18.08969 | blocks:2 | L1_step:0.37055 (2.0%) | L2_step:0.14388 (0.8%) L2_final:0.32451 (1.8%) | L3_e3:17.25075 (95.4%) | final_max_PQ:1.208e+00
🔘 Epoch 153 No Improvement (3/40) | Val conv@1=0.0000, conv@2=0.0000, conv@3=0.0000, conv@5=0.0000, residual@1=1.479039e-01, residual@2=2.776243e-02
     25 total:18.82928 | blocks:2 | L1_step:0.63620 (3.4%) | L2_step:0.12207 (0.6%) L2_final:0.24543 (1.3%) | L3_e3:17.82557 (94.7%) | final_max_PQ:5.285e-01
     50 total:21.82836 | blocks:2 | L1_step:0.53639 (2.5%) | L2_step:0.12406 (0.6%) L2_final:0.23077 (1.1%) | L3_e3:20.93714 (95.9%) | final_max_PQ:7.801e-01
🔘 Epoch 154 No Improvement (4/40) | Val conv@1=0.0000, conv@2=0.0000, conv@3=0.0000, conv@5=0.0000, residual@1=1.355936e-01, residual@2=1.999789e-02
     25 total:19.86954 | blocks:3 | L1_step:0.68760 (3.5%) | L2_step:0.09977 (0.5%) L2_final:0.20285 (1.0%) | L3_e3:18.87933 (95.0%) | final_max_PQ:2.776e-01
     50 total:17.50969 | blocks:3 | L1_step:0.66689 (3.8%) | L2_step:0.08123 (0.5%) L2_final:0.16112 (0.9%) | L3_e3:16.60045 (94.8%) | final_max_PQ:3.191e-01
🟩 Epoch 155 | Train loss = 19.7255 | Val conv@1=0.0000, conv@2=0.0000, conv@3=0.0000, conv@5=0.0000, residual@1=1.367146e-01, residual@2=1.686025e-02, residual@3=5.540386e-03, excess@2=167.6025, tail@2=6.238706e-01, score=-50.455523 | LR: 1.0000e-03
     25 total:17.90947 | blocks:3 | L1_step:0.53820 (3.0%) | L2_step:0.10249 (0.6%) L2_final:0.18360 (1.0%) | L3_e3:17.08518 (95.4%) | final_max_PQ:2.316e-01
     50 total:18.60117 | blocks:2 | L1_step:0.70669 (3.8%) | L2_step:0.09946 (0.5%) L2_final:0.18631 (1.0%) | L3_e3:17.60872 (94.7%) | final_max_PQ:4.075e-01
🔘 Epoch 156 No Improvement (1/40) | Val conv@1=0.0000, conv@2=0.0000, conv@3=0.0000, conv@5=0.0000, residual@1=1.274571e-01, residual@2=1.930277e-02
     25 total:18.86446 | blocks:2 | L1_step:0.59674 (3.2%) | L2_step:0.13903 (0.7%) L2_final:0.24310 (1.3%) | L3_e3:17.88559 (94.8%) | final_max_PQ:5.738e-01
     50 total:22.66691 | blocks:3 | L1_step:0.44998 (2.0%) | L2_step:0.10610 (0.5%) L2_final:0.18528 (0.8%) | L3_e3:21.92556 (96.7%) | final_max_PQ:2.821e-01
🟩 Epoch 157 | Train loss = 22.0442 | Val conv@1=0.0000, conv@2=0.0000, conv@3=0.0000, conv@5=0.0000, residual@1=1.224814e-01, residual@2=1.497723e-02, residual@3=5.636579e-03, excess@2=148.7723, tail@2=6.886249e-01, score=-44.808427 | LR: 1.0000e-03
     25 total:20.84399 | blocks:2 | L1_step:0.48408 (2.3%) | L2_step:0.11632 (0.6%) L2_final:0.23163 (1.1%) | L3_e3:20.01197 (96.0%) | final_max_PQ:5.148e-01
     50 total:20.51258 | blocks:2 | L1_step:0.71467 (3.5%) | L2_step:0.12569 (0.6%) L2_final:0.26028 (1.3%) | L3_e3:19.41195 (94.6%) | final_max_PQ:6.258e-01
🔘 Epoch 158 No Improvement (1/40) | Val conv@1=0.0000, conv@2=0.0000, conv@3=0.0000, conv@5=0.0000, residual@1=1.379986e-01, residual@2=2.127502e-02
     25 total:20.70516 | blocks:2 | L1_step:0.74515 (3.6%) | L2_step:0.11908 (0.6%) L2_final:0.21091 (1.0%) | L3_e3:19.63001 (94.8%) | final_max_PQ:3.930e-01
     50 total:32.21179 | blocks:3 | L1_step:0.77139 (2.4%) | L2_step:0.10300 (0.3%) L2_final:0.20117 (0.6%) | L3_e3:31.13624 (96.7%) | final_max_PQ:3.447e-01
🔘 Epoch 159 No Improvement (2/40) | Val conv@1=0.0000, conv@2=0.0000, conv@3=0.0000, conv@5=0.0000, residual@1=1.429756e-01, residual@2=1.891822e-02
     25 total:17.42865 | blocks:3 | L1_step:0.35659 (2.0%) | L2_step:0.10297 (0.6%) L2_final:0.20214 (1.2%) | L3_e3:16.76695 (96.2%) | final_max_PQ:2.479e-01
     50 total:19.08289 | blocks:2 | L1_step:0.56497 (3.0%) | L2_step:0.13683 (0.7%) L2_final:0.25660 (1.3%) | L3_e3:18.12449 (95.0%) | final_max_PQ:3.994e-01
🔘 Epoch 160 No Improvement (3/40) | Val conv@1=0.0000, conv@2=0.0000, conv@3=0.0000, conv@5=0.0000, residual@1=1.314352e-01, residual@2=1.760969e-02
     25 total:19.66293 | blocks:3 | L1_step:0.52413 (2.7%) | L2_step:0.07671 (0.4%) L2_final:0.16189 (0.8%) | L3_e3:18.90020 (96.1%) | final_max_PQ:2.355e-01
     50 total:27.61573 | blocks:1 | L1_step:0.42151 (1.5%) | L2_step:0.23761 (0.9%) L2_final:0.47063 (1.7%) | L3_e3:26.48599 (95.9%) | final_max_PQ:2.455e+00
🔘 Epoch 161 No Improvement (4/40) | Val conv@1=0.0000, conv@2=0.0000, conv@3=0.0000, conv@5=0.0000, residual@1=1.633202e-01, residual@2=3.450503e-02
     25 total:31.89081 | blocks:2 | L1_step:0.65051 (2.0%) | L2_step:0.12323 (0.4%) L2_final:0.28119 (0.9%) | L3_e3:30.83588 (96.7%) | final_max_PQ:4.861e-01
     50 total:17.74799 | blocks:2 | L1_step:0.63399 (3.6%) | L2_step:0.13779 (0.8%) L2_final:0.25759 (1.5%) | L3_e3:16.71862 (94.2%) | final_max_PQ:9.280e-01
🔘 Epoch 162 No Improvement (5/40) | Val conv@1=0.0000, conv@2=0.0000, conv@3=0.0000, conv@5=0.0000, residual@1=1.261271e-01, residual@2=1.760938e-02
     25 total:22.69164 | blocks:2 | L1_step:0.60856 (2.7%) | L2_step:0.13948 (0.6%) L2_final:0.24891 (1.1%) | L3_e3:21.69468 (95.6%) | final_max_PQ:3.518e-01
     50 total:17.43775 | blocks:2 | L1_step:0.58078 (3.3%) | L2_step:0.11291 (0.6%) L2_final:0.22041 (1.3%) | L3_e3:16.52365 (94.8%) | final_max_PQ:4.225e-01
🔘 Epoch 163 No Improvement (6/40) | Val conv@1=0.0000, conv@2=0.0000, conv@3=0.0000, conv@5=0.0000, residual@1=1.227466e-01, residual@2=1.805368e-02
     25 total:16.91208 | blocks:2 | L1_step:0.47811 (2.8%) | L2_step:0.14130 (0.8%) L2_final:0.27266 (1.6%) | L3_e3:16.02001 (94.7%) | final_max_PQ:5.344e-01
     50 total:22.74896 | blocks:1 | L1_step:0.45547 (2.0%) | L2_step:0.22920 (1.0%) L2_final:0.36904 (1.6%) | L3_e3:21.69525 (95.4%) | final_max_PQ:3.231e+00
🔘 Epoch 164 No Improvement (7/40) | Val conv@1=0.0000, conv@2=0.0000, conv@3=0.0000, conv@5=0.0000, residual@1=1.214515e-01, residual@2=1.574019e-02
     25 total:15.85670 | blocks:3 | L1_step:0.44406 (2.8%) | L2_step:0.09282 (0.6%) L2_final:0.17287 (1.1%) | L3_e3:15.14696 (95.5%) | final_max_PQ:2.431e-01
     50 total:28.08510 | blocks:3 | L1_step:0.68107 (2.4%) | L2_step:0.08240 (0.3%) L2_final:0.16960 (0.6%) | L3_e3:27.15204 (96.7%) | final_max_PQ:1.880e-01
🔘 Epoch 165 No Improvement (8/40) | Val conv@1=0.0000, conv@2=0.0000, conv@3=0.0000, conv@5=0.0000, residual@1=1.214849e-01, residual@2=1.665012e-02
     25 total:24.69318 | blocks:2 | L1_step:0.44654 (1.8%) | L2_step:0.11138 (0.5%) L2_final:0.20256 (0.8%) | L3_e3:23.93270 (96.9%) | final_max_PQ:4.265e-01
     50 total:21.24964 | blocks:3 | L1_step:0.73404 (3.5%) | L2_step:0.09287 (0.4%) L2_final:0.18363 (0.9%) | L3_e3:20.23910 (95.2%) | final_max_PQ:2.636e-01
🔘 Epoch 166 No Improvement (9/40) | Val conv@1=0.0000, conv@2=0.0000, conv@3=0.0000, conv@5=0.0000, residual@1=1.251777e-01, residual@2=1.537256e-02
     25 total:18.62418 | blocks:2 | L1_step:0.55599 (3.0%) | L2_step:0.12541 (0.7%) L2_final:0.22625 (1.2%) | L3_e3:17.71653 (95.1%) | final_max_PQ:4.019e-01
     50 total:23.16074 | blocks:2 | L1_step:0.41022 (1.8%) | L2_step:0.12230 (0.5%) L2_final:0.20659 (0.9%) | L3_e3:22.42162 (96.8%) | final_max_PQ:3.980e-01
🔘 Epoch 167 No Improvement (10/40) | Val conv@1=0.0000, conv@2=0.0000, conv@3=0.0000, conv@5=0.0000, residual@1=1.182665e-01, residual@2=1.672132e-02
     25 total:20.74870 | blocks:3 | L1_step:0.71960 (3.5%) | L2_step:0.09938 (0.5%) L2_final:0.18239 (0.9%) | L3_e3:19.74732 (95.2%) | final_max_PQ:2.917e-01
     50 total:19.91522 | blocks:2 | L1_step:0.53889 (2.7%) | L2_step:0.11280 (0.6%) L2_final:0.19781 (1.0%) | L3_e3:19.06573 (95.7%) | final_max_PQ:3.073e-01
🟩 Epoch 168 | Train loss = 20.3042 | Val conv@1=0.0000, conv@2=0.0000, conv@3=0.0000, conv@5=0.0000, residual@1=1.113473e-01, residual@2=1.326914e-02, residual@3=4.518933e-03, excess@2=131.6914, tail@2=4.853531e-01, score=-39.677158 | LR: 1.0000e-03
     25 total:17.32475 | blocks:3 | L1_step:0.64472 (3.7%) | L2_step:0.07815 (0.5%) L2_final:0.16939 (1.0%) | L3_e3:16.43249 (94.8%) | final_max_PQ:2.431e-01
     50 total:19.96767 | blocks:3 | L1_step:0.63562 (3.2%) | L2_step:0.09034 (0.5%) L2_final:0.16755 (0.8%) | L3_e3:19.07416 (95.5%) | final_max_PQ:2.898e-01
🔘 Epoch 169 No Improvement (1/40) | Val conv@1=0.0000, conv@2=0.0000, conv@3=0.0000, conv@5=0.0000, residual@1=1.146363e-01, residual@2=1.332164e-02
     25 total:18.43309 | blocks:2 | L1_step:0.62491 (3.4%) | L2_step:0.14263 (0.8%) L2_final:0.23225 (1.3%) | L3_e3:17.43330 (94.6%) | final_max_PQ:3.480e-01
     50 total:17.42761 | blocks:3 | L1_step:0.69082 (4.0%) | L2_step:0.08515 (0.5%) L2_final:0.17297 (1.0%) | L3_e3:16.47868 (94.6%) | final_max_PQ:2.715e-01
🔘 Epoch 170 No Improvement (2/40) | Val conv@1=0.0000, conv@2=0.0000, conv@3=0.0000, conv@5=0.0000, residual@1=1.192767e-01, residual@2=1.414341e-02
     25 total:18.26977 | blocks:2 | L1_step:0.39132 (2.1%) | L2_step:0.12910 (0.7%) L2_final:0.19092 (1.0%) | L3_e3:17.55843 (96.1%) | final_max_PQ:3.080e-01
     50 total:17.53267 | blocks:3 | L1_step:0.48515 (2.8%) | L2_step:0.09941 (0.6%) L2_final:0.18327 (1.0%) | L3_e3:16.76484 (95.6%) | final_max_PQ:3.111e-01
🔘 Epoch 171 No Improvement (3/40) | Val conv@1=0.0000, conv@2=0.0000, conv@3=0.0000, conv@5=0.0000, residual@1=1.120352e-01, residual@2=1.431097e-02
     25 total:19.57369 | blocks:3 | L1_step:0.51060 (2.6%) | L2_step:0.09352 (0.5%) L2_final:0.16492 (0.8%) | L3_e3:18.80465 (96.1%) | final_max_PQ:1.367e-01
     50 total:17.04296 | blocks:2 | L1_step:0.65910 (3.9%) | L2_step:0.13745 (0.8%) L2_final:0.23773 (1.4%) | L3_e3:16.00868 (93.9%) | final_max_PQ:7.093e-01
🔘 Epoch 172 No Improvement (4/40) | Val conv@1=0.0000, conv@2=0.0000, conv@3=0.0000, conv@5=0.0000, residual@1=1.261382e-01, residual@2=1.974682e-02
     25 total:16.22441 | blocks:3 | L1_step:0.38619 (2.4%) | L2_step:0.08820 (0.5%) L2_final:0.31279 (1.9%) | L3_e3:15.43722 (95.1%) | final_max_PQ:3.379e-01
     50 total:19.39919 | blocks:2 | L1_step:0.61096 (3.1%) | L2_step:0.11948 (0.6%) L2_final:0.32025 (1.7%) | L3_e3:18.34850 (94.6%) | final_max_PQ:9.752e-01
🔘 Epoch 173 No Improvement (5/40) | Val conv@1=0.0000, conv@2=0.0000, conv@3=0.0000, conv@5=0.0000, residual@1=1.449055e-01, residual@2=2.300489e-02
     25 total:20.90564 | blocks:2 | L1_step:0.61935 (3.0%) | L2_step:0.10617 (0.5%) L2_final:0.19294 (0.9%) | L3_e3:19.98718 (95.6%) | final_max_PQ:5.852e-01
     50 total:23.18777 | blocks:3 | L1_step:0.61483 (2.7%) | L2_step:0.08827 (0.4%) L2_final:0.18131 (0.8%) | L3_e3:22.30335 (96.2%) | final_max_PQ:3.649e-01
🔘 Epoch 174 No Improvement (6/40) | Val conv@1=0.0000, conv@2=0.0000, conv@3=0.0000, conv@5=0.0000, residual@1=1.514790e-01, residual@2=3.211828e-02
     25 total:30.46848 | blocks:3 | L1_step:0.78615 (2.6%) | L2_step:0.08461 (0.3%) L2_final:0.17858 (0.6%) | L3_e3:29.41914 (96.6%) | final_max_PQ:2.151e-01
     50 total:22.44935 | blocks:3 | L1_step:0.46766 (2.1%) | L2_step:0.07750 (0.3%) L2_final:0.16264 (0.7%) | L3_e3:21.74156 (96.8%) | final_max_PQ:1.671e-01
🔘 Epoch 175 No Improvement (7/40) | Val conv@1=0.0000, conv@2=0.0000, conv@3=0.0000, conv@5=0.0000, residual@1=1.234855e-01, residual@2=1.699397e-02
     25 total:19.18614 | blocks:2 | L1_step:0.38548 (2.0%) | L2_step:0.11437 (0.6%) L2_final:0.22548 (1.2%) | L3_e3:18.46080 (96.2%) | final_max_PQ:4.783e-01
     50 total:17.19852 | blocks:2 | L1_step:0.32624 (1.9%) | L2_step:0.12801 (0.7%) L2_final:0.23748 (1.4%) | L3_e3:16.50679 (96.0%) | final_max_PQ:8.067e-01
🔘 Epoch 176 No Improvement (8/40) | Val conv@1=0.0000, conv@2=0.0000, conv@3=0.0000, conv@5=0.0000, residual@1=1.175493e-01, residual@2=1.411539e-02
     25 total:21.20610 | blocks:2 | L1_step:0.40786 (1.9%) | L2_step:0.10608 (0.5%) L2_final:0.20499 (1.0%) | L3_e3:20.48718 (96.6%) | final_max_PQ:3.456e-01
     50 total:17.85791 | blocks:2 | L1_step:0.32723 (1.8%) | L2_step:0.11643 (0.7%) L2_final:0.19268 (1.1%) | L3_e3:17.22158 (96.4%) | final_max_PQ:5.180e-01
🔘 Epoch 177 No Improvement (9/40) | Val conv@1=0.0000, conv@2=0.0000, conv@3=0.0000, conv@5=0.0000, residual@1=1.158974e-01, residual@2=1.431808e-02
     25 total:19.59516 | blocks:2 | L1_step:0.68811 (3.5%) | L2_step:0.11472 (0.6%) L2_final:0.19233 (1.0%) | L3_e3:18.59999 (94.9%) | final_max_PQ:6.066e-01
     50 total:18.53627 | blocks:3 | L1_step:0.43420 (2.3%) | L2_step:0.08180 (0.4%) L2_final:0.15869 (0.9%) | L3_e3:17.86158 (96.4%) | final_max_PQ:1.026e-01
🔘 Epoch 178 No Improvement (10/40) | Val conv@1=0.0000, conv@2=0.0000, conv@3=0.0000, conv@5=0.0000, residual@1=1.143531e-01, residual@2=1.670849e-02
     25 total:41.66312 | blocks:2 | L1_step:0.64429 (1.5%) | L2_step:0.13296 (0.3%) L2_final:0.26687 (0.6%) | L3_e3:40.61899 (97.5%) | final_max_PQ:5.008e-01
     50 total:19.53536 | blocks:1 | L1_step:0.25700 (1.3%) | L2_step:0.20553 (1.1%) L2_final:0.36298 (1.9%) | L3_e3:18.70986 (95.8%) | final_max_PQ:2.763e+00
🔘 Epoch 179 No Improvement (11/40) | Val conv@1=0.0000, conv@2=0.0000, conv@3=0.0000, conv@5=0.0000, residual@1=1.146944e-01, residual@2=1.399063e-02
     25 total:21.03704 | blocks:2 | L1_step:0.44819 (2.1%) | L2_step:0.13525 (0.6%) L2_final:0.24750 (1.2%) | L3_e3:20.20610 (96.1%) | final_max_PQ:4.016e-01
     50 total:18.09635 | blocks:3 | L1_step:0.63351 (3.5%) | L2_step:0.08386 (0.5%) L2_final:0.15671 (0.9%) | L3_e3:17.22226 (95.2%) | final_max_PQ:1.910e-01
🔘 Epoch 180 No Improvement (12/40) | Val conv@1=0.0000, conv@2=0.0000, conv@3=0.0000, conv@5=0.0000, residual@1=1.072691e-01, residual@2=1.405715e-02
     25 total:15.06443 | blocks:3 | L1_step:0.35490 (2.4%) | L2_step:0.07726 (0.5%) L2_final:0.15513 (1.0%) | L3_e3:14.47714 (96.1%) | final_max_PQ:9.823e-02
     50 total:21.84362 | blocks:2 | L1_step:0.62293 (2.9%) | L2_step:0.11448 (0.5%) L2_final:0.21263 (1.0%) | L3_e3:20.89359 (95.7%) | final_max_PQ:5.012e-01
🔘 Epoch 181 No Improvement (13/40) | Val conv@1=0.0000, conv@2=0.0000, conv@3=0.0000, conv@5=0.0000, residual@1=1.082605e-01, residual@2=1.360536e-02
     25 total:24.84373 | blocks:2 | L1_step:0.83619 (3.4%) | L2_step:0.11672 (0.5%) L2_final:0.19276 (0.8%) | L3_e3:23.69806 (95.4%) | final_max_PQ:3.239e-01
     50 total:19.71008 | blocks:3 | L1_step:0.40710 (2.1%) | L2_step:0.08278 (0.4%) L2_final:0.13495 (0.7%) | L3_e3:19.08526 (96.8%) | final_max_PQ:2.378e-01
🟩 Epoch 182 | Train loss = 21.4905 | Val conv@1=0.0000, conv@2=0.0000, conv@3=0.0000, conv@5=0.0000, residual@1=1.032710e-01, residual@2=1.288487e-02, residual@3=5.458223e-03, excess@2=127.8487, tail@2=4.828231e-01, score=-38.524254 | LR: 1.0000e-03
     25 total:22.76149 | blocks:2 | L1_step:0.67294 (3.0%) | L2_step:0.12028 (0.5%) L2_final:0.22922 (1.0%) | L3_e3:21.73905 (95.5%) | final_max_PQ:7.308e-01
     50 total:19.08242 | blocks:2 | L1_step:0.59672 (3.1%) | L2_step:0.10406 (0.5%) L2_final:0.18989 (1.0%) | L3_e3:18.19175 (95.3%) | final_max_PQ:3.493e-01
🟩 Epoch 183 | Train loss = 19.6226 | Val conv@1=0.0000, conv@2=0.0000, conv@3=0.0000, conv@5=0.0000, residual@1=1.049372e-01, residual@2=1.233070e-02, residual@3=4.327663e-03, excess@2=122.3070, tail@2=5.090280e-01, score=-36.862810 | LR: 1.0000e-03
     25 total:17.86076 | blocks:2 | L1_step:0.52380 (2.9%) | L2_step:0.09277 (0.5%) L2_final:0.18828 (1.1%) | L3_e3:17.05591 (95.5%) | final_max_PQ:3.192e-01
     50 total:18.68240 | blocks:3 | L1_step:0.61346 (3.3%) | L2_step:0.07061 (0.4%) L2_final:0.11888 (0.6%) | L3_e3:17.87945 (95.7%) | final_max_PQ:7.321e-02
🔘 Epoch 184 No Improvement (1/40) | Val conv@1=0.0000, conv@2=0.0000, conv@3=0.0000, conv@5=0.0000, residual@1=1.186933e-01, residual@2=1.308431e-02
     25 total:18.72626 | blocks:2 | L1_step:0.50946 (2.7%) | L2_step:0.11701 (0.6%) L2_final:0.21124 (1.1%) | L3_e3:17.88853 (95.5%) | final_max_PQ:3.932e-01
     50 total:18.22926 | blocks:2 | L1_step:0.32511 (1.8%) | L2_step:0.08184 (0.4%) L2_final:0.14778 (0.8%) | L3_e3:17.67453 (97.0%) | final_max_PQ:3.365e-01
🔘 Epoch 185 No Improvement (2/40) | Val conv@1=0.0000, conv@2=0.0000, conv@3=0.0000, conv@5=0.0000, residual@1=1.074153e-01, residual@2=1.352500e-02
     25 total:15.17927 | blocks:3 | L1_step:0.47109 (3.1%) | L2_step:0.05954 (0.4%) L2_final:0.09774 (0.6%) | L3_e3:14.55091 (95.9%) | final_max_PQ:3.614e-02
     50 total:27.27106 | blocks:2 | L1_step:0.72284 (2.7%) | L2_step:0.09782 (0.4%) L2_final:0.15456 (0.6%) | L3_e3:26.29585 (96.4%) | final_max_PQ:3.067e-01
🔘 Epoch 186 No Improvement (3/40) | Val conv@1=0.0000, conv@2=0.0000, conv@3=0.0000, conv@5=0.0000, residual@1=1.024594e-01, residual@2=1.281442e-02
     25 total:17.79237 | blocks:2 | L1_step:0.63557 (3.6%) | L2_step:0.09996 (0.6%) L2_final:0.18791 (1.1%) | L3_e3:16.86894 (94.8%) | final_max_PQ:7.140e-01
     50 total:19.08402 | blocks:1 | L1_step:0.25525 (1.3%) | L2_step:0.18322 (1.0%) L2_final:0.31111 (1.6%) | L3_e3:18.33443 (96.1%) | final_max_PQ:4.450e+00
🟩 Epoch 187 | Train loss = 19.5847 | Val conv@1=0.0000, conv@2=0.0000, conv@3=0.0000, conv@5=0.0000, residual@1=1.045198e-01, residual@2=1.227578e-02, residual@3=4.034035e-03, excess@2=121.7578, tail@2=6.097092e-01, score=-36.701666 | LR: 1.0000e-03
     25 total:19.18608 | blocks:2 | L1_step:0.42640 (2.2%) | L2_step:0.10098 (0.5%) L2_final:0.22108 (1.2%) | L3_e3:18.43763 (96.1%) | final_max_PQ:4.065e-01
     50 total:20.66115 | blocks:2 | L1_step:0.86591 (4.2%) | L2_step:0.10307 (0.5%) L2_final:0.20552 (1.0%) | L3_e3:19.48666 (94.3%) | final_max_PQ:3.019e-01
🟩 Epoch 188 | Train loss = 18.2224 | Val conv@1=0.0000, conv@2=0.0000, conv@3=0.0000, conv@5=0.0000, residual@1=1.083630e-01, residual@2=1.123496e-02, residual@3=3.967089e-03, excess@2=111.3496, tail@2=5.134680e-01, score=-33.575768 | LR: 1.0000e-03
     25 total:22.07495 | blocks:3 | L1_step:0.61922 (2.8%) | L2_step:0.09666 (0.4%) L2_final:0.19537 (0.9%) | L3_e3:21.16369 (95.9%) | final_max_PQ:2.524e-01
     50 total:18.61620 | blocks:1 | L1_step:0.27116 (1.5%) | L2_step:0.17526 (0.9%) L2_final:0.31139 (1.7%) | L3_e3:17.85839 (95.9%) | final_max_PQ:2.407e+00
🔘 Epoch 189 No Improvement (1/40) | Val conv@1=0.0000, conv@2=0.0000, conv@3=0.0000, conv@5=0.0000, residual@1=1.046331e-01, residual@2=1.375774e-02
     25 total:19.75530 | blocks:2 | L1_step:0.71658 (3.6%) | L2_step:0.10074 (0.5%) L2_final:0.16588 (0.8%) | L3_e3:18.77210 (95.0%) | final_max_PQ:5.108e-01
     50 total:16.14870 | blocks:3 | L1_step:0.76511 (4.7%) | L2_step:0.07352 (0.5%) L2_final:0.13970 (0.9%) | L3_e3:15.17037 (93.9%) | final_max_PQ:2.221e-01
🔘 Epoch 190 No Improvement (2/40) | Val conv@1=0.0000, conv@2=0.0000, conv@3=0.0000, conv@5=0.0000, residual@1=9.314709e-02, residual@2=1.211041e-02
     25 total:16.31087 | blocks:2 | L1_step:0.32790 (2.0%) | L2_step:0.10579 (0.6%) L2_final:0.17262 (1.1%) | L3_e3:15.70455 (96.3%) | final_max_PQ:3.182e-01
     50 total:16.11773 | blocks:2 | L1_step:0.53789 (3.3%) | L2_step:0.09590 (0.6%) L2_final:0.17006 (1.1%) | L3_e3:15.31389 (95.0%) | final_max_PQ:2.516e-01
🟩 Epoch 191 | Train loss = 18.4750 | Val conv@1=0.0000, conv@2=0.0000, conv@3=0.0000, conv@5=0.0000, residual@1=9.273855e-02, residual@2=1.077397e-02, residual@3=4.107216e-03, excess@2=106.7397, tail@2=5.701689e-01, score=-32.194892 | LR: 1.0000e-03
     25 total:29.10121 | blocks:2 | L1_step:0.53817 (1.8%) | L2_step:0.09317 (0.3%) L2_final:0.20845 (0.7%) | L3_e3:28.26141 (97.1%) | final_max_PQ:3.822e-01
     50 total:19.23992 | blocks:2 | L1_step:0.65821 (3.4%) | L2_step:0.09139 (0.5%) L2_final:0.16400 (0.9%) | L3_e3:18.32632 (95.3%) | final_max_PQ:2.676e-01
🔘 Epoch 192 No Improvement (1/40) | Val conv@1=0.0000, conv@2=0.0000, conv@3=0.0000, conv@5=0.0000, residual@1=1.870627e-01, residual@2=4.822949e-02
     25 total:17.22188 | blocks:3 | L1_step:0.59104 (3.4%) | L2_step:0.07077 (0.4%) L2_final:0.29248 (1.7%) | L3_e3:16.26760 (94.5%) | final_max_PQ:7.592e-01
     50 total:18.45589 | blocks:3 | L1_step:0.61723 (3.3%) | L2_step:0.08038 (0.4%) L2_final:0.18904 (1.0%) | L3_e3:17.56923 (95.2%) | final_max_PQ:2.850e-01
🔘 Epoch 193 No Improvement (2/40) | Val conv@1=0.0000, conv@2=0.0000, conv@3=0.0000, conv@5=0.0000, residual@1=1.047381e-01, residual@2=1.322109e-02
     25 total:14.86489 | blocks:3 | L1_step:0.36355 (2.4%) | L2_step:0.08324 (0.6%) L2_final:0.13321 (0.9%) | L3_e3:14.28489 (96.1%) | final_max_PQ:1.380e-01
     50 total:20.37117 | blocks:2 | L1_step:0.53722 (2.6%) | L2_step:0.09605 (0.5%) L2_final:0.16516 (0.8%) | L3_e3:19.57274 (96.1%) | final_max_PQ:3.424e-01
🔘 Epoch 194 No Improvement (3/40) | Val conv@1=0.0000, conv@2=0.0000, conv@3=0.0000, conv@5=0.0000, residual@1=1.017589e-01, residual@2=1.299907e-02
     25 total:17.42018 | blocks:2 | L1_step:0.69980 (4.0%) | L2_step:0.08895 (0.5%) L2_final:0.16823 (1.0%) | L3_e3:16.46320 (94.5%) | final_max_PQ:3.434e-01
     50 total:20.86447 | blocks:2 | L1_step:0.67999 (3.3%) | L2_step:0.09849 (0.5%) L2_final:0.17853 (0.9%) | L3_e3:19.90745 (95.4%) | final_max_PQ:3.644e-01
🟩 Epoch 195 | Train loss = 18.8501 | Val conv@1=0.0000, conv@2=0.0000, conv@3=0.0000, conv@5=0.0000, residual@1=9.510832e-02, residual@2=9.630829e-03, residual@3=3.945224e-03, excess@2=95.3083, tail@2=5.638251e-01, score=-28.765233 | LR: 1.0000e-03
     25 total:19.72570 | blocks:1 | L1_step:0.28163 (1.4%) | L2_step:0.24788 (1.3%) L2_final:0.44847 (2.3%) | L3_e3:18.74772 (95.0%) | final_max_PQ:2.293e+00
     50 total:23.94084 | blocks:3 | L1_step:0.75037 (3.1%) | L2_step:0.07149 (0.3%) L2_final:0.12893 (0.5%) | L3_e3:22.99005 (96.0%) | final_max_PQ:8.543e-02
🟩 Epoch 196 | Train loss = 19.5183 | Val conv@1=0.0000, conv@2=0.0000, conv@3=0.0000, conv@5=0.0000, residual@1=9.220079e-02, residual@2=9.571117e-03, residual@3=3.299529e-03, excess@2=94.7112, tail@2=4.661336e-01, score=-28.582293 | LR: 1.0000e-03
     25 total:18.34585 | blocks:2 | L1_step:0.42481 (2.3%) | L2_step:0.09297 (0.5%) L2_final:0.16541 (0.9%) | L3_e3:17.66266 (96.3%) | final_max_PQ:2.951e-01
     50 total:18.32782 | blocks:2 | L1_step:0.33449 (1.8%) | L2_step:0.09355 (0.5%) L2_final:0.14919 (0.8%) | L3_e3:17.75059 (96.9%) | final_max_PQ:3.512e-01
🟩 Epoch 197 | Train loss = 17.5260 | Val conv@1=0.0000, conv@2=0.0000, conv@3=0.0000, conv@5=0.0000, residual@1=8.552316e-02, residual@2=8.425141e-03, residual@3=3.055730e-03, excess@2=83.2514, tail@2=4.722342e-01, score=-25.144626 | LR: 1.0000e-03
     25 total:18.83068 | blocks:3 | L1_step:0.59381 (3.2%) | L2_step:0.05931 (0.3%) L2_final:0.09432 (0.5%) | L3_e3:18.08324 (96.0%) | final_max_PQ:1.674e-01
     50 total:22.57688 | blocks:2 | L1_step:0.72909 (3.2%) | L2_step:0.10629 (0.5%) L2_final:0.16614 (0.7%) | L3_e3:21.57536 (95.6%) | final_max_PQ:2.308e-01
🔘 Epoch 198 No Improvement (1/40) | Val conv@1=0.0000, conv@2=0.0000, conv@3=0.0000, conv@5=0.0000, residual@1=9.421144e-02, residual@2=1.123710e-02
     25 total:15.88464 | blocks:2 | L1_step:0.66154 (4.2%) | L2_step:0.08362 (0.5%) L2_final:0.15890 (1.0%) | L3_e3:14.98058 (94.3%) | final_max_PQ:3.938e-01
     50 total:17.20403 | blocks:2 | L1_step:0.45206 (2.6%) | L2_step:0.10281 (0.6%) L2_final:0.18456 (1.1%) | L3_e3:16.46460 (95.7%) | final_max_PQ:4.394e-01
🔘 Epoch 199 No Improvement (2/40) | Val conv@1=0.0000, conv@2=0.0000, conv@3=0.0000, conv@5=0.0000, residual@1=9.069795e-02, residual@2=9.781247e-03
     25 total:18.92983 | blocks:2 | L1_step:0.50009 (2.6%) | L2_step:0.09185 (0.5%) L2_final:0.16811 (0.9%) | L3_e3:18.16978 (96.0%) | final_max_PQ:3.392e-01
     50 total:17.73570 | blocks:3 | L1_step:0.54791 (3.1%) | L2_step:0.07031 (0.4%) L2_final:0.12233 (0.7%) | L3_e3:16.99515 (95.8%) | final_max_PQ:1.189e-01
🔘 Epoch 200 No Improvement (3/40) | Val conv@1=0.0000, conv@2=0.0000, conv@3=0.0000, conv@5=0.0000, residual@1=9.055521e-02, residual@2=9.844930e-03
     25 total:17.13673 | blocks:2 | L1_step:0.38041 (2.2%) | L2_step:0.08584 (0.5%) L2_final:0.13908 (0.8%) | L3_e3:16.53140 (96.5%) | final_max_PQ:4.413e-01
     50 total:17.07042 | blocks:3 | L1_step:0.50852 (3.0%) | L2_step:0.06122 (0.4%) L2_final:0.11022 (0.6%) | L3_e3:16.39046 (96.0%) | final_max_PQ:3.270e-01
🔘 Epoch 201 No Improvement (4/40) | Val conv@1=0.0000, conv@2=0.0000, conv@3=0.0000, conv@5=0.0000, residual@1=9.345096e-02, residual@2=1.068696e-02
     25 total:16.30291 | blocks:2 | L1_step:0.37287 (2.3%) | L2_step:0.08369 (0.5%) L2_final:0.12075 (0.7%) | L3_e3:15.72560 (96.5%) | final_max_PQ:2.623e-01
     50 total:19.71468 | blocks:2 | L1_step:0.66099 (3.4%) | L2_step:0.08158 (0.4%) L2_final:0.13993 (0.7%) | L3_e3:18.83218 (95.5%) | final_max_PQ:3.053e-01
🔘 Epoch 202 No Improvement (5/40) | Val conv@1=0.0000, conv@2=0.0000, conv@3=0.0000, conv@5=0.0000, residual@1=8.688382e-02, residual@2=8.768331e-03
     25 total:16.69068 | blocks:2 | L1_step:0.76782 (4.6%) | L2_step:0.08841 (0.5%) L2_final:0.17948 (1.1%) | L3_e3:15.65497 (93.8%) | final_max_PQ:5.132e-01
     50 total:20.94900 | blocks:3 | L1_step:0.62359 (3.0%) | L2_step:0.06263 (0.3%) L2_final:0.14745 (0.7%) | L3_e3:20.11535 (96.0%) | final_max_PQ:2.543e-01
🔘 Epoch 203 No Improvement (6/40) | Val conv@1=0.0000, conv@2=0.0000, conv@3=0.0000, conv@5=0.0000, residual@1=9.113564e-02, residual@2=1.006137e-02
     25 total:21.42377 | blocks:3 | L1_step:0.76596 (3.6%) | L2_step:0.05814 (0.3%) L2_final:0.10871 (0.5%) | L3_e3:20.49096 (95.6%) | final_max_PQ:4.637e-02
     50 total:15.44901 | blocks:3 | L1_step:0.48029 (3.1%) | L2_step:0.08222 (0.5%) L2_final:0.13874 (0.9%) | L3_e3:14.74776 (95.5%) | final_max_PQ:8.837e-02
🔘 Epoch 204 No Improvement (7/40) | Val conv@1=0.0000, conv@2=0.0000, conv@3=0.0000, conv@5=0.0000, residual@1=8.779661e-02, residual@2=9.313102e-03
     25 total:18.32298 | blocks:2 | L1_step:0.61579 (3.4%) | L2_step:0.08943 (0.5%) L2_final:0.16060 (0.9%) | L3_e3:17.45716 (95.3%) | final_max_PQ:4.001e-01
     50 total:19.58166 | blocks:2 | L1_step:0.37214 (1.9%) | L2_step:0.07606 (0.4%) L2_final:0.13044 (0.7%) | L3_e3:19.00301 (97.0%) | final_max_PQ:3.115e-01
🔘 Epoch 205 No Improvement (8/40) | Val conv@1=0.0000, conv@2=0.0000, conv@3=0.0000, conv@5=0.0000, residual@1=8.681168e-02, residual@2=1.011390e-02
     25 total:28.36312 | blocks:2 | L1_step:0.47577 (1.7%) | L2_step:0.08909 (0.3%) L2_final:0.18361 (0.6%) | L3_e3:27.61464 (97.4%) | final_max_PQ:7.037e-01
     50 total:17.96936 | blocks:3 | L1_step:0.63672 (3.5%) | L2_step:0.05608 (0.3%) L2_final:0.10760 (0.6%) | L3_e3:17.16895 (95.5%) | final_max_PQ:1.061e-01
🟩 Epoch 206 | Train loss = 22.2030 | Val conv@1=0.0000, conv@2=0.0000, conv@3=0.0000, conv@5=0.0000, residual@1=8.456524e-02, residual@2=8.352594e-03, residual@3=3.098596e-03, excess@2=82.5259, tail@2=5.869593e-01, score=-24.931334 | LR: 1.0000e-03
     25 total:18.73059 | blocks:2 | L1_step:0.66657 (3.6%) | L2_step:0.08335 (0.4%) L2_final:0.14566 (0.8%) | L3_e3:17.83501 (95.2%) | final_max_PQ:2.551e-01
     50 total:17.20557 | blocks:2 | L1_step:0.34984 (2.0%) | L2_step:0.07415 (0.4%) L2_final:0.13968 (0.8%) | L3_e3:16.64190 (96.7%) | final_max_PQ:2.435e-01
🟩 Epoch 207 | Train loss = 17.8321 | Val conv@1=0.0000, conv@2=0.0000, conv@3=0.0000, conv@5=0.0000, residual@1=7.838155e-02, residual@2=7.704596e-03, residual@3=2.875657e-03, excess@2=76.0460, tail@2=4.407608e-01, score=-22.981610 | LR: 1.0000e-03
     25 total:15.22879 | blocks:3 | L1_step:0.52590 (3.5%) | L2_step:0.05732 (0.4%) L2_final:0.10451 (0.7%) | L3_e3:14.54106 (95.5%) | final_max_PQ:3.308e-02
     50 total:15.88494 | blocks:3 | L1_step:0.52020 (3.3%) | L2_step:0.06102 (0.4%) L2_final:0.10212 (0.6%) | L3_e3:15.20160 (95.7%) | final_max_PQ:6.992e-02
🟩 Epoch 208 | Train loss = 17.2945 | Val conv@1=0.0000, conv@2=0.0000, conv@3=0.0000, conv@5=0.0000, residual@1=7.914881e-02, residual@2=7.225671e-03, residual@3=2.610912e-03, excess@2=71.2567, tail@2=5.842741e-01, score=-21.550472 | LR: 1.0000e-03
     25 total:22.81839 | blocks:3 | L1_step:0.69903 (3.1%) | L2_step:0.06546 (0.3%) L2_final:0.12275 (0.5%) | L3_e3:21.93114 (96.1%) | final_max_PQ:1.406e-01
     50 total:17.29783 | blocks:3 | L1_step:0.64765 (3.7%) | L2_step:0.05306 (0.3%) L2_final:0.11629 (0.7%) | L3_e3:16.48084 (95.3%) | final_max_PQ:2.784e-01
🔘 Epoch 209 No Improvement (1/40) | Val conv@1=0.0000, conv@2=0.0000, conv@3=0.0000, conv@5=0.0000, residual@1=8.161804e-02, residual@2=7.640311e-03
     25 total:16.71228 | blocks:2 | L1_step:0.50527 (3.0%) | L2_step:0.07030 (0.4%) L2_final:0.12774 (0.8%) | L3_e3:16.00896 (95.8%) | final_max_PQ:2.586e-01
     50 total:15.99360 | blocks:3 | L1_step:0.87512 (5.5%) | L2_step:0.06455 (0.4%) L2_final:0.11740 (0.7%) | L3_e3:14.93653 (93.4%) | final_max_PQ:1.037e-01
🔘 Epoch 210 No Improvement (2/40) | Val conv@1=0.0000, conv@2=0.0000, conv@3=0.0000, conv@5=0.0000, residual@1=8.328652e-02, residual@2=7.245475e-03
     25 total:14.23365 | blocks:3 | L1_step:0.39691 (2.8%) | L2_step:0.06262 (0.4%) L2_final:0.12848 (0.9%) | L3_e3:13.64563 (95.9%) | final_max_PQ:2.019e-01
     50 total:17.31337 | blocks:2 | L1_step:0.53878 (3.1%) | L2_step:0.09470 (0.5%) L2_final:0.15354 (0.9%) | L3_e3:16.52634 (95.5%) | final_max_PQ:2.728e-01
🔘 Epoch 211 No Improvement (3/40) | Val conv@1=0.0000, conv@2=0.0000, conv@3=0.0000, conv@5=0.0000, residual@1=8.259144e-02, residual@2=9.214152e-03
     25 total:21.32602 | blocks:2 | L1_step:0.32317 (1.5%) | L2_step:0.06696 (0.3%) L2_final:0.12105 (0.6%) | L3_e3:20.81484 (97.6%) | final_max_PQ:3.892e-01
     50 total:16.19401 | blocks:2 | L1_step:0.39187 (2.4%) | L2_step:0.09031 (0.6%) L2_final:0.17067 (1.1%) | L3_e3:15.54116 (96.0%) | final_max_PQ:3.445e-01
🔘 Epoch 212 No Improvement (4/40) | Val conv@1=0.0000, conv@2=0.0000, conv@3=0.0000, conv@5=0.0000, residual@1=8.060118e-02, residual@2=7.553959e-03
     25 total:16.91429 | blocks:3 | L1_step:0.75141 (4.4%) | L2_step:0.05059 (0.3%) L2_final:0.08441 (0.5%) | L3_e3:16.02788 (94.8%) | final_max_PQ:1.206e-01
     50 total:17.84903 | blocks:2 | L1_step:0.84856 (4.8%) | L2_step:0.09140 (0.5%) L2_final:0.16038 (0.9%) | L3_e3:16.74869 (93.8%) | final_max_PQ:3.103e-01
🔘 Epoch 213 No Improvement (5/40) | Val conv@1=0.0000, conv@2=0.0000, conv@3=0.0000, conv@5=0.0000, residual@1=7.802687e-02, residual@2=7.890867e-03
     25 total:14.65176 | blocks:2 | L1_step:0.31526 (2.2%) | L2_step:0.08247 (0.6%) L2_final:0.14036 (1.0%) | L3_e3:14.11367 (96.3%) | final_max_PQ:2.015e-01
     50 total:16.90783 | blocks:2 | L1_step:0.31682 (1.9%) | L2_step:0.09113 (0.5%) L2_final:0.14821 (0.9%) | L3_e3:16.35168 (96.7%) | final_max_PQ:2.574e-01
🔘 Epoch 214 No Improvement (6/40) | Val conv@1=0.0000, conv@2=0.0000, conv@3=0.0000, conv@5=0.0000, residual@1=1.005163e-01, residual@2=9.639775e-03
     25 total:16.60903 | blocks:3 | L1_step:0.48181 (2.9%) | L2_step:0.05790 (0.3%) L2_final:0.10522 (0.6%) | L3_e3:15.96409 (96.1%) | final_max_PQ:1.455e-01
     50 total:17.39311 | blocks:2 | L1_step:0.33213 (1.9%) | L2_step:0.07051 (0.4%) L2_final:0.14786 (0.9%) | L3_e3:16.84261 (96.8%) | final_max_PQ:2.816e-01
🔘 Epoch 215 No Improvement (7/40) | Val conv@1=0.0000, conv@2=0.0000, conv@3=0.0000, conv@5=0.0000, residual@1=8.402881e-02, residual@2=7.819573e-03
     25 total:20.01563 | blocks:2 | L1_step:0.55585 (2.8%) | L2_step:0.07312 (0.4%) L2_final:0.13744 (0.7%) | L3_e3:19.24922 (96.2%) | final_max_PQ:3.681e-01
     50 total:13.43701 | blocks:3 | L1_step:0.34523 (2.6%) | L2_step:0.05822 (0.4%) L2_final:0.11187 (0.8%) | L3_e3:12.92169 (96.2%) | final_max_PQ:1.920e-01
🔘 Epoch 216 No Improvement (8/40) | Val conv@1=0.0000, conv@2=0.0000, conv@3=0.0000, conv@5=0.0000, residual@1=8.404170e-02, residual@2=7.957166e-03
     25 total:18.60326 | blocks:2 | L1_step:0.41080 (2.2%) | L2_step:0.07773 (0.4%) L2_final:0.15823 (0.9%) | L3_e3:17.95650 (96.5%) | final_max_PQ:4.390e-01
     50 total:17.44818 | blocks:2 | L1_step:0.67891 (3.9%) | L2_step:0.06737 (0.4%) L2_final:0.11439 (0.7%) | L3_e3:16.58751 (95.1%) | final_max_PQ:2.537e-01
🔘 Epoch 217 No Improvement (9/40) | Val conv@1=0.0000, conv@2=0.0000, conv@3=0.0000, conv@5=0.0000, residual@1=9.360899e-02, residual@2=8.266514e-03
     25 total:22.59209 | blocks:2 | L1_step:0.52473 (2.3%) | L2_step:0.07508 (0.3%) L2_final:0.14088 (0.6%) | L3_e3:21.85140 (96.7%) | final_max_PQ:1.944e-01
     50 total:20.13966 | blocks:2 | L1_step:0.64153 (3.2%) | L2_step:0.07895 (0.4%) L2_final:0.14498 (0.7%) | L3_e3:19.27419 (95.7%) | final_max_PQ:4.743e-01
🟩 Epoch 218 | Train loss = 21.9963 | Val conv@1=0.0000, conv@2=0.0000, conv@3=0.0000, conv@5=0.0000, residual@1=8.459222e-02, residual@2=6.872328e-03, residual@3=2.388657e-03, excess@2=67.7233, tail@2=4.847483e-01, score=-20.486709 | LR: 1.0000e-03
     25 total:16.02507 | blocks:2 | L1_step:0.35871 (2.2%) | L2_step:0.06705 (0.4%) L2_final:0.13038 (0.8%) | L3_e3:15.46893 (96.5%) | final_max_PQ:4.083e-01
     50 total:14.23026 | blocks:2 | L1_step:0.72298 (5.1%) | L2_step:0.08560 (0.6%) L2_final:0.14417 (1.0%) | L3_e3:13.27751 (93.3%) | final_max_PQ:4.374e-01
🟩 Epoch 219 | Train loss = 14.8828 | Val conv@1=0.0000, conv@2=0.0000, conv@3=0.0000, conv@5=0.0000, residual@1=8.030610e-02, residual@2=6.439121e-03, residual@3=1.703044e-03, excess@2=63.3912, tail@2=6.679509e-01, score=-19.193500 | LR: 1.0000e-03
     25 total:16.25699 | blocks:2 | L1_step:0.44952 (2.8%) | L2_step:0.05684 (0.3%) L2_final:0.10699 (0.7%) | L3_e3:15.64365 (96.2%) | final_max_PQ:2.532e-01
     50 total:15.36285 | blocks:2 | L1_step:0.45055 (2.9%) | L2_step:0.07937 (0.5%) L2_final:0.15454 (1.0%) | L3_e3:14.67839 (95.5%) | final_max_PQ:3.506e-01
🔘 Epoch 220 No Improvement (1/40) | Val conv@1=0.0000, conv@2=0.0000, conv@3=0.0000, conv@5=0.0000, residual@1=7.653175e-02, residual@2=7.118091e-03
     25 total:14.45755 | blocks:3 | L1_step:0.62160 (4.3%) | L2_step:0.05167 (0.4%) L2_final:0.07860 (0.5%) | L3_e3:13.70568 (94.8%) | final_max_PQ:1.582e-02
     50 total:14.20456 | blocks:2 | L1_step:0.78455 (5.5%) | L2_step:0.06213 (0.4%) L2_final:0.11151 (0.8%) | L3_e3:13.24636 (93.3%) | final_max_PQ:2.476e-01
🔘 Epoch 221 No Improvement (2/40) | Val conv@1=0.0000, conv@2=0.0000, conv@3=0.0000, conv@5=0.0000, residual@1=8.532606e-02, residual@2=8.419549e-03
     25 total:13.81531 | blocks:3 | L1_step:0.61434 (4.4%) | L2_step:0.06179 (0.4%) L2_final:0.11181 (0.8%) | L3_e3:13.02738 (94.3%) | final_max_PQ:9.023e-02
     50 total:19.39939 | blocks:2 | L1_step:0.41597 (2.1%) | L2_step:0.06151 (0.3%) L2_final:0.10418 (0.5%) | L3_e3:18.81772 (97.0%) | final_max_PQ:3.658e-01
🔘 Epoch 222 No Improvement (3/40) | Val conv@1=0.0000, conv@2=0.0000, conv@3=0.0000, conv@5=0.0000, residual@1=7.477535e-02, residual@2=9.919280e-03
     25 total:15.50279 | blocks:3 | L1_step:0.35623 (2.3%) | L2_step:0.05806 (0.4%) L2_final:0.09082 (0.6%) | L3_e3:14.99768 (96.7%) | final_max_PQ:1.455e-01
     50 total:20.29524 | blocks:2 | L1_step:0.69797 (3.4%) | L2_step:0.07868 (0.4%) L2_final:0.14715 (0.7%) | L3_e3:19.37144 (95.4%) | final_max_PQ:4.164e-01
🔘 Epoch 223 No Improvement (4/40) | Val conv@1=0.0000, conv@2=0.0000, conv@3=0.0000, conv@5=0.0000, residual@1=7.757386e-02, residual@2=8.785121e-03
     25 total:14.02511 | blocks:3 | L1_step:0.36985 (2.6%) | L2_step:0.06014 (0.4%) L2_final:0.12624 (0.9%) | L3_e3:13.46888 (96.0%) | final_max_PQ:9.020e-02
     50 total:13.19431 | blocks:3 | L1_step:0.39107 (3.0%) | L2_step:0.05309 (0.4%) L2_final:0.10111 (0.8%) | L3_e3:12.64904 (95.9%) | final_max_PQ:1.703e-01
🔘 Epoch 224 No Improvement (5/40) | Val conv@1=0.0000, conv@2=0.0000, conv@3=0.0000, conv@5=0.0000, residual@1=7.816929e-02, residual@2=7.926279e-03
     25 total:18.34581 | blocks:1 | L1_step:0.27097 (1.5%) | L2_step:0.14820 (0.8%) L2_final:0.24841 (1.4%) | L3_e3:17.67823 (96.4%) | final_max_PQ:2.611e+00
     50 total:18.25625 | blocks:2 | L1_step:0.39099 (2.1%) | L2_step:0.07392 (0.4%) L2_final:0.12461 (0.7%) | L3_e3:17.66672 (96.8%) | final_max_PQ:3.392e-01
🔘 Epoch 225 No Improvement (6/40) | Val conv@1=0.0000, conv@2=0.0000, conv@3=0.0000, conv@5=0.0000, residual@1=7.777120e-02, residual@2=7.102776e-03
     25 total:20.26668 | blocks:2 | L1_step:0.34954 (1.7%) | L2_step:0.07764 (0.4%) L2_final:0.12349 (0.6%) | L3_e3:19.71602 (97.3%) | final_max_PQ:3.263e-01
     50 total:41.71577 | blocks:2 | L1_step:0.53336 (1.3%) | L2_step:0.06681 (0.2%) L2_final:0.12536 (0.3%) | L3_e3:40.99025 (98.3%) | final_max_PQ:2.531e-01
🔘 Epoch 226 No Improvement (7/40) | Val conv@1=0.0000, conv@2=0.0000, conv@3=0.0000, conv@5=0.0000, residual@1=7.175861e-02, residual@2=6.586806e-03
     25 total:15.11665 | blocks:3 | L1_step:0.63646 (4.2%) | L2_step:0.04966 (0.3%) L2_final:0.08785 (0.6%) | L3_e3:14.34268 (94.9%) | final_max_PQ:1.549e-01
     50 total:16.67992 | blocks:3 | L1_step:0.35617 (2.1%) | L2_step:0.05818 (0.3%) L2_final:0.11263 (0.7%) | L3_e3:16.15294 (96.8%) | final_max_PQ:9.630e-02
🟩 Epoch 227 | Train loss = 17.9435 | Val conv@1=0.0000, conv@2=0.0000, conv@3=0.0000, conv@5=0.0000, residual@1=7.084258e-02, residual@2=5.840337e-03, residual@3=2.514176e-03, excess@2=57.4034, tail@2=5.423084e-01, score=-17.392980 | LR: 1.0000e-03
     25 total:17.87535 | blocks:2 | L1_step:0.63597 (3.6%) | L2_step:0.08868 (0.5%) L2_final:0.18614 (1.0%) | L3_e3:16.96456 (94.9%) | final_max_PQ:4.890e-01
     50 total:19.13968 | blocks:2 | L1_step:0.83259 (4.4%) | L2_step:0.07990 (0.4%) L2_final:0.13847 (0.7%) | L3_e3:18.08873 (94.5%) | final_max_PQ:4.268e-01
🔘 Epoch 228 No Improvement (1/40) | Val conv@1=0.0000, conv@2=0.0000, conv@3=0.0000, conv@5=0.0000, residual@1=7.732473e-02, residual@2=7.020299e-03
     25 total:17.97992 | blocks:2 | L1_step:0.38172 (2.1%) | L2_step:0.07225 (0.4%) L2_final:0.13154 (0.7%) | L3_e3:17.39441 (96.7%) | final_max_PQ:2.650e-01
     50 total:16.85522 | blocks:2 | L1_step:0.52695 (3.1%) | L2_step:0.07287 (0.4%) L2_final:0.14902 (0.9%) | L3_e3:16.10637 (95.6%) | final_max_PQ:2.126e-01
🔘 Epoch 229 No Improvement (2/40) | Val conv@1=0.0000, conv@2=0.0000, conv@3=0.0000, conv@5=0.0000, residual@1=7.424750e-02, residual@2=6.179951e-03
     25 total:18.32901 | blocks:2 | L1_step:0.35297 (1.9%) | L2_step:0.07931 (0.4%) L2_final:0.13811 (0.8%) | L3_e3:17.75862 (96.9%) | final_max_PQ:2.785e-01
     50 total:16.13374 | blocks:3 | L1_step:0.64235 (4.0%) | L2_step:0.04494 (0.3%) L2_final:0.08360 (0.5%) | L3_e3:15.36285 (95.2%) | final_max_PQ:2.801e-02
🟩 Epoch 230 | Train loss = 17.5459 | Val conv@1=0.0000, conv@2=0.0000, conv@3=0.0000, conv@5=0.0000, residual@1=6.616023e-02, residual@2=5.054249e-03, residual@3=2.327358e-03, excess@2=49.5425, tail@2=4.237348e-01, score=-15.029782 | LR: 1.0000e-03
     25 total:18.15759 | blocks:3 | L1_step:0.52992 (2.9%) | L2_step:0.04911 (0.3%) L2_final:0.08391 (0.5%) | L3_e3:17.49465 (96.3%) | final_max_PQ:9.909e-02
     50 total:16.95882 | blocks:3 | L1_step:0.58431 (3.4%) | L2_step:0.05323 (0.3%) L2_final:0.09318 (0.5%) | L3_e3:16.22809 (95.7%) | final_max_PQ:3.689e-02
🔘 Epoch 231 No Improvement (1/40) | Val conv@1=0.0000, conv@2=0.0000, conv@3=0.0000, conv@5=0.0000, residual@1=7.046693e-02, residual@2=5.748279e-03
     25 total:13.40043 | blocks:3 | L1_step:0.53301 (4.0%) | L2_step:0.05609 (0.4%) L2_final:0.08878 (0.7%) | L3_e3:12.72255 (94.9%) | final_max_PQ:3.188e-02
     50 total:14.24558 | blocks:3 | L1_step:0.69069 (4.8%) | L2_step:0.04278 (0.3%) L2_final:0.08763 (0.6%) | L3_e3:13.42447 (94.2%) | final_max_PQ:5.067e-02
🔘 Epoch 232 No Improvement (2/40) | Val conv@1=0.0000, conv@2=0.0000, conv@3=0.0000, conv@5=0.0000, residual@1=6.632061e-02, residual@2=5.313124e-03
     25 total:17.28759 | blocks:2 | L1_step:0.30771 (1.8%) | L2_step:0.07594 (0.4%) L2_final:0.13615 (0.8%) | L3_e3:16.76780 (97.0%) | final_max_PQ:2.287e-01
     50 total:15.74743 | blocks:3 | L1_step:0.73655 (4.7%) | L2_step:0.05189 (0.3%) L2_final:0.10184 (0.6%) | L3_e3:14.85716 (94.3%) | final_max_PQ:1.176e-01
🔘 Epoch 233 No Improvement (3/40) | Val conv@1=0.0000, conv@2=0.0000, conv@3=0.0000, conv@5=0.0000, residual@1=9.377631e-02, residual@2=1.100965e-02
     25 total:15.51731 | blocks:2 | L1_step:0.37015 (2.4%) | L2_step:0.07016 (0.5%) L2_final:0.12417 (0.8%) | L3_e3:14.95284 (96.4%) | final_max_PQ:3.074e-01
     50 total:14.69901 | blocks:3 | L1_step:0.75679 (5.1%) | L2_step:0.05754 (0.4%) L2_final:0.09273 (0.6%) | L3_e3:13.79195 (93.8%) | final_max_PQ:3.802e-02
🔘 Epoch 234 No Improvement (4/40) | Val conv@1=0.0000, conv@2=0.0000, conv@3=0.0000, conv@5=0.0000, residual@1=6.604613e-02, residual@2=5.206020e-03
     25 total:16.70477 | blocks:2 | L1_step:0.56286 (3.4%) | L2_step:0.06071 (0.4%) L2_final:0.10059 (0.6%) | L3_e3:15.98060 (95.7%) | final_max_PQ:1.457e-01
     50 total:20.90661 | blocks:2 | L1_step:0.62054 (3.0%) | L2_step:0.06317 (0.3%) L2_final:0.10879 (0.5%) | L3_e3:20.11412 (96.2%) | final_max_PQ:1.943e-01
🔘 Epoch 235 No Improvement (5/40) | Val conv@1=0.0000, conv@2=0.0000, conv@3=0.0000, conv@5=0.0000, residual@1=6.667646e-02, residual@2=6.357774e-03
     25 total:18.05766 | blocks:1 | L1_step:0.38479 (2.1%) | L2_step:0.15505 (0.9%) L2_final:0.24474 (1.4%) | L3_e3:17.27308 (95.7%) | final_max_PQ:1.801e+00
     50 total:14.71830 | blocks:3 | L1_step:0.68503 (4.7%) | L2_step:0.04445 (0.3%) L2_final:0.08642 (0.6%) | L3_e3:13.90239 (94.5%) | final_max_PQ:1.911e-01
🔘 Epoch 236 No Improvement (6/40) | Val conv@1=0.0000, conv@2=0.0000, conv@3=0.0000, conv@5=0.0000, residual@1=6.447437e-02, residual@2=5.695861e-03
     25 total:14.16336 | blocks:3 | L1_step:0.76766 (5.4%) | L2_step:0.04642 (0.3%) L2_final:0.09041 (0.6%) | L3_e3:13.25886 (93.6%) | final_max_PQ:2.167e-01
     50 total:17.52440 | blocks:1 | L1_step:0.39609 (2.3%) | L2_step:0.12475 (0.7%) L2_final:0.19575 (1.1%) | L3_e3:16.80781 (95.9%) | final_max_PQ:1.724e+00
🔘 Epoch 237 No Improvement (7/40) | Val conv@1=0.0000, conv@2=0.0000, conv@3=0.0000, conv@5=0.0000, residual@1=6.760838e-02, residual@2=5.343496e-03
     25 total:18.18397 | blocks:3 | L1_step:0.54027 (3.0%) | L2_step:0.04967 (0.3%) L2_final:0.14548 (0.8%) | L3_e3:17.44854 (96.0%) | final_max_PQ:1.536e-01
     50 total:41.18465 | blocks:3 | L1_step:0.84089 (2.0%) | L2_step:0.06426 (0.2%) L2_final:0.15151 (0.4%) | L3_e3:40.12799 (97.4%) | final_max_PQ:1.778e-01
🔘 Epoch 238 No Improvement (8/40) | Val conv@1=0.0000, conv@2=0.0000, conv@3=0.0000, conv@5=0.0000, residual@1=9.293541e-02, residual@2=1.472822e-02
     25 total:18.67016 | blocks:3 | L1_step:0.54586 (2.9%) | L2_step:0.04868 (0.3%) L2_final:0.09664 (0.5%) | L3_e3:17.97898 (96.3%) | final_max_PQ:2.213e-02
     50 total:17.48144 | blocks:2 | L1_step:0.57135 (3.3%) | L2_step:0.05552 (0.3%) L2_final:0.09819 (0.6%) | L3_e3:16.75638 (95.9%) | final_max_PQ:1.563e-01
🔘 Epoch 239 No Improvement (9/40) | Val conv@1=0.0000, conv@2=0.0000, conv@3=0.0000, conv@5=0.0000, residual@1=7.676412e-02, residual@2=6.874976e-03
     25 total:15.65400 | blocks:2 | L1_step:0.58654 (3.7%) | L2_step:0.05526 (0.4%) L2_final:0.08817 (0.6%) | L3_e3:14.92403 (95.3%) | final_max_PQ:4.801e-01
     50 total:16.76143 | blocks:1 | L1_step:0.30241 (1.8%) | L2_step:0.11572 (0.7%) L2_final:0.18485 (1.1%) | L3_e3:16.15845 (96.4%) | final_max_PQ:1.481e+00
🔘 Epoch 240 No Improvement (10/40) | Val conv@1=0.0000, conv@2=0.0000, conv@3=0.0000, conv@5=0.0000, residual@1=6.459663e-02, residual@2=5.747486e-03
     25 total:12.78462 | blocks:3 | L1_step:0.43768 (3.4%) | L2_step:0.04918 (0.4%) L2_final:0.08064 (0.6%) | L3_e3:12.21712 (95.6%) | final_max_PQ:1.088e-01
     50 total:13.22846 | blocks:3 | L1_step:0.55069 (4.2%) | L2_step:0.03857 (0.3%) L2_final:0.06995 (0.5%) | L3_e3:12.56924 (95.0%) | final_max_PQ:1.429e-01
🔘 Epoch 241 No Improvement (11/40) | Val conv@1=0.0000, conv@2=0.0000, conv@3=0.0000, conv@5=0.0000, residual@1=6.566649e-02, residual@2=5.313585e-03
     25 total:14.45780 | blocks:2 | L1_step:0.41110 (2.8%) | L2_step:0.07110 (0.5%) L2_final:0.12229 (0.8%) | L3_e3:13.85331 (95.8%) | final_max_PQ:3.191e-01
     50 total:17.68251 | blocks:1 | L1_step:0.26081 (1.5%) | L2_step:0.11506 (0.7%) L2_final:0.22353 (1.3%) | L3_e3:17.08310 (96.6%) | final_max_PQ:2.064e+00
🟩 Epoch 242 | Train loss = 15.4627 | Val conv@1=0.0000, conv@2=0.0000, conv@3=0.0000, conv@5=0.0000, residual@1=6.170994e-02, residual@2=4.743093e-03, residual@3=2.021556e-03, excess@2=46.4309, tail@2=6.190579e-01, score=-14.103895 | LR: 1.0000e-03
     25 total:21.78846 | blocks:2 | L1_step:0.83284 (3.8%) | L2_step:0.06332 (0.3%) L2_final:0.11974 (0.5%) | L3_e3:20.77256 (95.3%) | final_max_PQ:4.533e-01
     50 total:14.02788 | blocks:2 | L1_step:0.50335 (3.6%) | L2_step:0.05700 (0.4%) L2_final:0.07933 (0.6%) | L3_e3:13.38820 (95.4%) | final_max_PQ:3.035e-01
🟩 Epoch 243 | Train loss = 16.0946 | Val conv@1=0.0000, conv@2=0.0000, conv@3=0.0000, conv@5=0.0000, residual@1=6.024916e-02, residual@2=4.655704e-03, residual@3=1.771290e-03, excess@2=45.5570, tail@2=6.825515e-01, score=-13.843680 | LR: 1.0000e-03
     25 total:13.71105 | blocks:2 | L1_step:0.64278 (4.7%) | L2_step:0.06709 (0.5%) L2_final:0.11711 (0.9%) | L3_e3:12.88408 (94.0%) | final_max_PQ:1.744e-01
     50 total:14.78125 | blocks:3 | L1_step:0.56981 (3.9%) | L2_step:0.04419 (0.3%) L2_final:0.07818 (0.5%) | L3_e3:14.08907 (95.3%) | final_max_PQ:1.653e-01
🔘 Epoch 244 No Improvement (1/40) | Val conv@1=0.0000, conv@2=0.0000, conv@3=0.0000, conv@5=0.0000, residual@1=6.372753e-02, residual@2=5.369459e-03
     25 total:41.14448 | blocks:2 | L1_step:0.82205 (2.0%) | L2_step:0.06483 (0.2%) L2_final:0.15383 (0.4%) | L3_e3:40.10376 (97.5%) | final_max_PQ:2.433e-01
     50 total:17.42297 | blocks:2 | L1_step:0.49286 (2.8%) | L2_step:0.05353 (0.3%) L2_final:0.10078 (0.6%) | L3_e3:16.77581 (96.3%) | final_max_PQ:1.503e-01
🟩 Epoch 245 | Train loss = 19.0467 | Val conv@1=0.0000, conv@2=0.0000, conv@3=0.0000, conv@5=0.0000, residual@1=5.599292e-02, residual@2=4.308224e-03, residual@3=2.280759e-03, excess@2=42.0822, tail@2=4.427557e-01, score=-12.792583 | LR: 1.0000e-03
     25 total:18.20827 | blocks:3 | L1_step:0.62547 (3.4%) | L2_step:0.04327 (0.2%) L2_final:0.06130 (0.3%) | L3_e3:17.47824 (96.0%) | final_max_PQ:5.247e-02
     50 total:24.13176 | blocks:2 | L1_step:1.12993 (4.7%) | L2_step:0.07771 (0.3%) L2_final:0.12992 (0.5%) | L3_e3:22.79420 (94.5%) | final_max_PQ:3.122e-01
🔘 Epoch 246 No Improvement (1/40) | Val conv@1=0.0000, conv@2=0.0000, conv@3=0.0000, conv@5=0.0000, residual@1=8.056979e-02, residual@2=8.712814e-03
     25 total:16.31359 | blocks:3 | L1_step:0.40974 (2.5%) | L2_step:0.04788 (0.3%) L2_final:0.10207 (0.6%) | L3_e3:15.75389 (96.6%) | final_max_PQ:2.787e-02
     50 total:16.28818 | blocks:2 | L1_step:0.36714 (2.3%) | L2_step:0.06312 (0.4%) L2_final:0.11267 (0.7%) | L3_e3:15.74526 (96.7%) | final_max_PQ:9.638e-02
🔘 Epoch 247 No Improvement (2/40) | Val conv@1=0.0000, conv@2=0.0000, conv@3=0.0000, conv@5=0.0000, residual@1=6.835560e-02, residual@2=5.826482e-03
     25 total:11.97190 | blocks:3 | L1_step:0.36023 (3.0%) | L2_step:0.03983 (0.3%) L2_final:0.07477 (0.6%) | L3_e3:11.49707 (96.0%) | final_max_PQ:2.529e-02
     50 total:13.88684 | blocks:2 | L1_step:0.87910 (6.3%) | L2_step:0.04898 (0.4%) L2_final:0.07988 (0.6%) | L3_e3:12.87888 (92.7%) | final_max_PQ:4.416e-01
🔘 Epoch 248 No Improvement (3/40) | Val conv@1=0.0000, conv@2=0.0000, conv@3=0.0000, conv@5=0.0000, residual@1=6.220430e-02, residual@2=4.369453e-03
     25 total:14.88986 | blocks:2 | L1_step:0.45638 (3.1%) | L2_step:0.06405 (0.4%) L2_final:0.10614 (0.7%) | L3_e3:14.26328 (95.8%) | final_max_PQ:1.519e-01
     50 total:13.91785 | blocks:2 | L1_step:0.62720 (4.5%) | L2_step:0.07386 (0.5%) L2_final:0.12948 (0.9%) | L3_e3:13.08731 (94.0%) | final_max_PQ:3.941e-01
🔘 Epoch 249 No Improvement (4/40) | Val conv@1=0.0000, conv@2=0.0000, conv@3=0.0000, conv@5=0.0000, residual@1=5.961857e-02, residual@2=5.290298e-03
     25 total:12.25382 | blocks:3 | L1_step:0.50218 (4.1%) | L2_step:0.04380 (0.4%) L2_final:0.08074 (0.7%) | L3_e3:11.62710 (94.9%) | final_max_PQ:1.497e-01
     50 total:14.92522 | blocks:1 | L1_step:0.16897 (1.1%) | L2_step:0.10853 (0.7%) L2_final:0.13275 (0.9%) | L3_e3:14.51498 (97.3%) | final_max_PQ:1.365e+00
🔘 Epoch 250 No Improvement (5/40) | Val conv@1=0.0000, conv@2=0.0000, conv@3=0.0000, conv@5=0.0000, residual@1=6.007549e-02, residual@2=5.156773e-03
     25 total:13.65734 | blocks:2 | L1_step:0.59596 (4.4%) | L2_step:0.06866 (0.5%) L2_final:0.11934 (0.9%) | L3_e3:12.87338 (94.3%) | final_max_PQ:4.605e-01
     50 total:15.86069 | blocks:3 | L1_step:0.53347 (3.4%) | L2_step:0.04280 (0.3%) L2_final:0.06956 (0.4%) | L3_e3:15.21485 (95.9%) | final_max_PQ:2.734e-01
🔘 Epoch 251 No Improvement (6/40) | Val conv@1=0.0000, conv@2=0.0000, conv@3=0.0000, conv@5=0.0000, residual@1=5.661326e-02, residual@2=4.794024e-03
     25 total:14.77969 | blocks:2 | L1_step:0.53027 (3.6%) | L2_step:0.05469 (0.4%) L2_final:0.09519 (0.6%) | L3_e3:14.09954 (95.4%) | final_max_PQ:3.823e-01
     50 total:13.50893 | blocks:2 | L1_step:0.47634 (3.5%) | L2_step:0.07015 (0.5%) L2_final:0.10835 (0.8%) | L3_e3:12.85408 (95.2%) | final_max_PQ:2.034e-01
🟩 Epoch 252 | Train loss = 14.3297 | Val conv@1=0.0000, conv@2=0.0000, conv@3=0.0000, conv@5=0.0000, residual@1=5.561905e-02, residual@2=4.018739e-03, residual@3=1.950159e-03, excess@2=39.1874, tail@2=4.900070e-01, score=-11.926157 | LR: 1.0000e-03
     25 total:18.05118 | blocks:2 | L1_step:0.66657 (3.7%) | L2_step:0.06600 (0.4%) L2_final:0.11458 (0.6%) | L3_e3:17.20403 (95.3%) | final_max_PQ:1.880e-01
     50 total:18.93660 | blocks:3 | L1_step:0.42160 (2.2%) | L2_step:0.04907 (0.3%) L2_final:0.09233 (0.5%) | L3_e3:18.37360 (97.0%) | final_max_PQ:1.103e-01
🔘 Epoch 253 No Improvement (1/40) | Val conv@1=0.0000, conv@2=0.0000, conv@3=0.0000, conv@5=0.0000, residual@1=5.481889e-02, residual@2=4.813181e-03
     25 total:16.23538 | blocks:1 | L1_step:0.22380 (1.4%) | L2_step:0.13217 (0.8%) L2_final:0.23225 (1.4%) | L3_e3:15.64716 (96.4%) | final_max_PQ:2.471e+00
     50 total:22.69949 | blocks:3 | L1_step:0.50863 (2.2%) | L2_step:0.04407 (0.2%) L2_final:0.08427 (0.4%) | L3_e3:22.06252 (97.2%) | final_max_PQ:1.909e-02
🔘 Epoch 254 No Improvement (2/40) | Val conv@1=0.0000, conv@2=0.0000, conv@3=0.0000, conv@5=0.0000, residual@1=6.025588e-02, residual@2=4.686692e-03
     25 total:27.27130 | blocks:2 | L1_step:0.75764 (2.8%) | L2_step:0.05405 (0.2%) L2_final:0.11972 (0.4%) | L3_e3:26.33990 (96.6%) | final_max_PQ:5.639e-01
     50 total:13.52209 | blocks:3 | L1_step:0.65811 (4.9%) | L2_step:0.04238 (0.3%) L2_final:0.06130 (0.5%) | L3_e3:12.76031 (94.4%) | final_max_PQ:1.693e-02
🔘 Epoch 255 No Improvement (3/40) | Val conv@1=0.0000, conv@2=0.0000, conv@3=0.0000, conv@5=0.0000, residual@1=5.483791e-02, residual@2=4.300261e-03
     25 total:17.39343 | blocks:2 | L1_step:0.57744 (3.3%) | L2_step:0.05752 (0.3%) L2_final:0.08908 (0.5%) | L3_e3:16.66940 (95.8%) | final_max_PQ:2.274e-01
     50 total:18.51331 | blocks:1 | L1_step:0.60707 (3.3%) | L2_step:0.11415 (0.6%) L2_final:0.17952 (1.0%) | L3_e3:17.61258 (95.1%) | final_max_PQ:1.615e+00
🟩 Epoch 256 | Train loss = 15.3394 | Val conv@1=0.0000, conv@2=0.0000, conv@3=0.0000, conv@5=0.0000, residual@1=5.101107e-02, residual@2=3.403507e-03, residual@3=1.477979e-03, excess@2=33.0351, tail@2=4.827803e-01, score=-10.080164 | LR: 1.0000e-03
     25 total:13.97441 | blocks:2 | L1_step:0.32610 (2.3%) | L2_step:0.05280 (0.4%) L2_final:0.08054 (0.6%) | L3_e3:13.51497 (96.7%) | final_max_PQ:2.921e-01
     50 total:13.91053 | blocks:2 | L1_step:0.41040 (3.0%) | L2_step:0.04667 (0.3%) L2_final:0.06362 (0.5%) | L3_e3:13.38984 (96.3%) | final_max_PQ:4.514e-01
🔘 Epoch 257 No Improvement (1/40) | Val conv@1=0.0000, conv@2=0.0000, conv@3=0.0000, conv@5=0.0000, residual@1=5.581838e-02, residual@2=4.420772e-03
     25 total:15.44246 | blocks:1 | L1_step:0.49633 (3.2%) | L2_step:0.11231 (0.7%) L2_final:0.20495 (1.3%) | L3_e3:14.62887 (94.7%) | final_max_PQ:1.628e+00
     50 total:14.28662 | blocks:2 | L1_step:0.30833 (2.2%) | L2_step:0.04570 (0.3%) L2_final:0.07241 (0.5%) | L3_e3:13.86019 (97.0%) | final_max_PQ:1.386e-01
🔘 Epoch 258 No Improvement (2/40) | Val conv@1=0.0000, conv@2=0.0000, conv@3=0.0000, conv@5=0.0000, residual@1=5.304664e-02, residual@2=3.775402e-03
     25 total:10.69370 | blocks:3 | L1_step:0.33563 (3.1%) | L2_step:0.03569 (0.3%) L2_final:0.06421 (0.6%) | L3_e3:10.25817 (95.9%) | final_max_PQ:6.718e-02
     50 total:16.27264 | blocks:1 | L1_step:0.59039 (3.6%) | L2_step:0.09518 (0.6%) L2_final:0.16823 (1.0%) | L3_e3:15.41884 (94.8%) | final_max_PQ:1.961e+00
🔘 Epoch 259 No Improvement (3/40) | Val conv@1=0.0000, conv@2=0.0000, conv@3=0.0000, conv@5=0.0000, residual@1=6.126674e-02, residual@2=4.445454e-03
     25 total:15.70263 | blocks:3 | L1_step:0.61256 (3.9%) | L2_step:0.04265 (0.3%) L2_final:0.06484 (0.4%) | L3_e3:14.98258 (95.4%) | final_max_PQ:1.105e-02
     50 total:16.92567 | blocks:2 | L1_step:0.75856 (4.5%) | L2_step:0.05761 (0.3%) L2_final:0.10163 (0.6%) | L3_e3:16.00788 (94.6%) | final_max_PQ:2.527e-01
🔘 Epoch 260 No Improvement (4/40) | Val conv@1=0.0000, conv@2=0.0000, conv@3=0.0000, conv@5=0.0000, residual@1=4.862755e-02, residual@2=3.774801e-03
     25 total:14.58022 | blocks:3 | L1_step:0.37488 (2.6%) | L2_step:0.04001 (0.3%) L2_final:0.06594 (0.5%) | L3_e3:14.09939 (96.7%) | final_max_PQ:1.333e-02
     50 total:11.46324 | blocks:3 | L1_step:0.56112 (4.9%) | L2_step:0.03780 (0.3%) L2_final:0.06463 (0.6%) | L3_e3:10.79969 (94.2%) | final_max_PQ:2.316e-02
🔘 Epoch 261 No Improvement (5/40) | Val conv@1=0.0000, conv@2=0.0000, conv@3=0.0000, conv@5=0.0000, residual@1=5.720201e-02, residual@2=5.091922e-03
     25 total:15.01525 | blocks:3 | L1_step:0.34680 (2.3%) | L2_step:0.03160 (0.2%) L2_final:0.06106 (0.4%) | L3_e3:14.57579 (97.1%) | final_max_PQ:3.446e-02
     50 total:16.37604 | blocks:2 | L1_step:0.40382 (2.5%) | L2_step:0.05708 (0.3%) L2_final:0.10415 (0.6%) | L3_e3:15.81099 (96.5%) | final_max_PQ:4.647e-01
🔘 Epoch 262 No Improvement (6/40) | Val conv@1=0.0000, conv@2=0.0000, conv@3=0.0000, conv@5=0.0000, residual@1=5.840481e-02, residual@2=5.466704e-03
     25 total:14.24649 | blocks:3 | L1_step:0.74020 (5.2%) | L2_step:0.04471 (0.3%) L2_final:0.09696 (0.7%) | L3_e3:13.36461 (93.8%) | final_max_PQ:2.810e-01
     50 total:15.12238 | blocks:2 | L1_step:0.67056 (4.4%) | L2_step:0.05919 (0.4%) L2_final:0.10265 (0.7%) | L3_e3:14.28998 (94.5%) | final_max_PQ:3.233e-01
🔘 Epoch 263 No Improvement (7/40) | Val conv@1=0.0000, conv@2=0.0000, conv@3=0.0000, conv@5=0.0000, residual@1=5.279766e-02, residual@2=4.139059e-03
     25 total:17.45950 | blocks:2 | L1_step:0.59606 (3.4%) | L2_step:0.05377 (0.3%) L2_final:0.09189 (0.5%) | L3_e3:16.71779 (95.8%) | final_max_PQ:4.925e-01
     50 total:22.99023 | blocks:3 | L1_step:0.89046 (3.9%) | L2_step:0.03754 (0.2%) L2_final:0.10245 (0.4%) | L3_e3:21.95977 (95.5%) | final_max_PQ:6.695e-02
🔘 Epoch 264 No Improvement (8/40) | Val conv@1=0.0000, conv@2=0.0000, conv@3=0.0000, conv@5=0.0000, residual@1=6.722592e-02, residual@2=5.061286e-03
     25 total:12.08193 | blocks:3 | L1_step:0.40221 (3.3%) | L2_step:0.04180 (0.3%) L2_final:0.08394 (0.7%) | L3_e3:11.55399 (95.6%) | final_max_PQ:2.198e-02
     50 total:14.88452 | blocks:2 | L1_step:0.34738 (2.3%) | L2_step:0.05436 (0.4%) L2_final:0.08645 (0.6%) | L3_e3:14.39633 (96.7%) | final_max_PQ:3.720e-01
🔘 Epoch 265 No Improvement (9/40) | Val conv@1=0.0000, conv@2=0.0000, conv@3=0.0000, conv@5=0.0000, residual@1=5.097737e-02, residual@2=4.088470e-03
     25 total:12.93379 | blocks:3 | L1_step:0.62307 (4.8%) | L2_step:0.04100 (0.3%) L2_final:0.06268 (0.5%) | L3_e3:12.20704 (94.4%) | final_max_PQ:2.379e-01
     50 total:15.55128 | blocks:2 | L1_step:0.43935 (2.8%) | L2_step:0.04745 (0.3%) L2_final:0.08816 (0.6%) | L3_e3:14.97633 (96.3%) | final_max_PQ:2.950e-01
🟩 Epoch 266 | Train loss = 15.8811 | Val conv@1=0.0000, conv@2=0.0000, conv@3=0.0000, conv@5=0.0000, residual@1=4.731733e-02, residual@2=3.356434e-03, residual@3=1.792416e-03, excess@2=32.5643, tail@2=4.163340e-01, score=-9.935985 | LR: 1.0000e-03
     25 total:14.13904 | blocks:2 | L1_step:0.38662 (2.7%) | L2_step:0.05759 (0.4%) L2_final:0.09435 (0.7%) | L3_e3:13.60047 (96.2%) | final_max_PQ:1.795e-01
     50 total:16.81448 | blocks:1 | L1_step:0.44410 (2.6%) | L2_step:0.10971 (0.7%) L2_final:0.14214 (0.8%) | L3_e3:16.11853 (95.9%) | final_max_PQ:1.108e+00
🔘 Epoch 267 No Improvement (1/40) | Val conv@1=0.0000, conv@2=0.0000, conv@3=0.0000, conv@5=0.0000, residual@1=5.120131e-02, residual@2=3.423144e-03
     25 total:19.14401 | blocks:2 | L1_step:0.69229 (3.6%) | L2_step:0.04695 (0.2%) L2_final:0.07349 (0.4%) | L3_e3:18.33128 (95.8%) | final_max_PQ:3.648e-01
     50 total:13.38620 | blocks:3 | L1_step:0.36512 (2.7%) | L2_step:0.04583 (0.3%) L2_final:0.07402 (0.6%) | L3_e3:12.90123 (96.4%) | final_max_PQ:1.339e-01
🔘 Epoch 268 No Improvement (2/40) | Val conv@1=0.0000, conv@2=0.0000, conv@3=0.0000, conv@5=0.0000, residual@1=4.992434e-02, residual@2=4.843630e-03
     25 total:34.19103 | blocks:2 | L1_step:0.60650 (1.8%) | L2_step:0.05129 (0.2%) L2_final:0.10988 (0.3%) | L3_e3:33.42337 (97.8%) | final_max_PQ:4.028e-01
     50 total:19.47638 | blocks:2 | L1_step:0.79065 (4.1%) | L2_step:0.05393 (0.3%) L2_final:0.09485 (0.5%) | L3_e3:18.53695 (95.2%) | final_max_PQ:2.303e-01
🔘 Epoch 269 No Improvement (3/40) | Val conv@1=0.0000, conv@2=0.0000, conv@3=0.0000, conv@5=0.0000, residual@1=5.061015e-02, residual@2=3.583315e-03
     25 total:13.95056 | blocks:2 | L1_step:0.58472 (4.2%) | L2_step:0.05481 (0.4%) L2_final:0.09958 (0.7%) | L3_e3:13.21145 (94.7%) | final_max_PQ:1.501e-01
     50 total:16.77538 | blocks:1 | L1_step:0.56036 (3.3%) | L2_step:0.10047 (0.6%) L2_final:0.14654 (0.9%) | L3_e3:15.96800 (95.2%) | final_max_PQ:1.608e+00
🔘 Epoch 270 No Improvement (4/40) | Val conv@1=0.0000, conv@2=0.0000, conv@3=0.0000, conv@5=0.0000, residual@1=5.343201e-02, residual@2=4.207930e-03
     25 total:18.00973 | blocks:2 | L1_step:0.77723 (4.3%) | L2_step:0.05432 (0.3%) L2_final:0.09581 (0.5%) | L3_e3:17.08236 (94.9%) | final_max_PQ:1.852e-01
     50 total:15.59256 | blocks:2 | L1_step:0.70189 (4.5%) | L2_step:0.04280 (0.3%) L2_final:0.05558 (0.4%) | L3_e3:14.79228 (94.9%) | final_max_PQ:3.906e-02
🔘 Epoch 271 No Improvement (5/40) | Val conv@1=0.0000, conv@2=0.0000, conv@3=0.0000, conv@5=0.0000, residual@1=4.923159e-02, residual@2=3.742222e-03
     25 total:15.19782 | blocks:3 | L1_step:0.67838 (4.5%) | L2_step:0.03466 (0.2%) L2_final:0.05810 (0.4%) | L3_e3:14.42668 (94.9%) | final_max_PQ:1.648e-01
     50 total:15.60173 | blocks:2 | L1_step:0.74581 (4.8%) | L2_step:0.04889 (0.3%) L2_final:0.07923 (0.5%) | L3_e3:14.72780 (94.4%) | final_max_PQ:8.116e-02
🔘 Epoch 272 No Improvement (6/40) | Val conv@1=0.0000, conv@2=0.0000, conv@3=0.0000, conv@5=0.0000, residual@1=4.669354e-02, residual@2=3.650313e-03
     25 total:16.62036 | blocks:2 | L1_step:0.49215 (3.0%) | L2_step:0.05239 (0.3%) L2_final:0.07603 (0.5%) | L3_e3:15.99979 (96.3%) | final_max_PQ:1.688e-01
     50 total:17.40561 | blocks:2 | L1_step:0.69327 (4.0%) | L2_step:0.06961 (0.4%) L2_final:0.20207 (1.2%) | L3_e3:16.44065 (94.5%) | final_max_PQ:4.441e-01
🔘 Epoch 273 No Improvement (7/40) | Val conv@1=0.0000, conv@2=0.0000, conv@3=0.0000, conv@5=0.0000, residual@1=5.251515e-02, residual@2=3.709811e-03
     25 total:17.55676 | blocks:3 | L1_step:0.59462 (3.4%) | L2_step:0.02806 (0.2%) L2_final:0.04401 (0.3%) | L3_e3:16.89008 (96.2%) | final_max_PQ:7.278e-02
     50 total:17.71671 | blocks:2 | L1_step:0.63426 (3.6%) | L2_step:0.04773 (0.3%) L2_final:0.07612 (0.4%) | L3_e3:16.95859 (95.7%) | final_max_PQ:3.531e-01
🔘 Epoch 274 No Improvement (8/40) | Val conv@1=0.0000, conv@2=0.0000, conv@3=0.0000, conv@5=0.0000, residual@1=5.618240e-02, residual@2=4.249633e-03
     25 total:16.89504 | blocks:2 | L1_step:0.35082 (2.1%) | L2_step:0.05347 (0.3%) L2_final:0.07639 (0.5%) | L3_e3:16.41436 (97.2%) | final_max_PQ:2.918e-01
     50 total:16.06725 | blocks:1 | L1_step:0.20299 (1.3%) | L2_step:0.10922 (0.7%) L2_final:0.18750 (1.2%) | L3_e3:15.56753 (96.9%) | final_max_PQ:1.690e+00
🔘 Epoch 275 No Improvement (9/40) | Val conv@1=0.0000, conv@2=0.0000, conv@3=0.0000, conv@5=0.0000, residual@1=4.552733e-02, residual@2=4.474486e-03
     25 total:18.71552 | blocks:2 | L1_step:0.50235 (2.7%) | L2_step:0.04179 (0.2%) L2_final:0.07451 (0.4%) | L3_e3:18.09687 (96.7%) | final_max_PQ:6.142e-02
     50 total:15.27949 | blocks:2 | L1_step:0.35575 (2.3%) | L2_step:0.05374 (0.4%) L2_final:0.08209 (0.5%) | L3_e3:14.78791 (96.8%) | final_max_PQ:1.306e-01
🔘 Epoch 276 No Improvement (10/40) | Val conv@1=0.0000, conv@2=0.0000, conv@3=0.0000, conv@5=0.0000, residual@1=4.595350e-02, residual@2=4.458924e-03
     25 total:16.54072 | blocks:3 | L1_step:0.80261 (4.9%) | L2_step:0.03229 (0.2%) L2_final:0.06803 (0.4%) | L3_e3:15.63778 (94.5%) | final_max_PQ:1.037e-02
     50 total:16.50004 | blocks:2 | L1_step:0.63055 (3.8%) | L2_step:0.05685 (0.3%) L2_final:0.08988 (0.5%) | L3_e3:15.72276 (95.3%) | final_max_PQ:2.753e-01
🔘 Epoch 277 No Improvement (11/40) | Val conv@1=0.0000, conv@2=0.0000, conv@3=0.0000, conv@5=0.0000, residual@1=5.657848e-02, residual@2=3.850743e-03
     25 total:14.05051 | blocks:3 | L1_step:0.63579 (4.5%) | L2_step:0.03906 (0.3%) L2_final:0.06924 (0.5%) | L3_e3:13.30642 (94.7%) | final_max_PQ:1.623e-02
     50 total:12.54297 | blocks:3 | L1_step:0.54535 (4.3%) | L2_step:0.03812 (0.3%) L2_final:0.07121 (0.6%) | L3_e3:11.88829 (94.8%) | final_max_PQ:1.159e-02
🔘 Epoch 278 No Improvement (12/40) | Val conv@1=0.0000, conv@2=0.0000, conv@3=0.0000, conv@5=0.0000, residual@1=4.888676e-02, residual@2=4.265164e-03
     25 total:17.15512 | blocks:2 | L1_step:0.75850 (4.4%) | L2_step:0.04147 (0.2%) L2_final:0.06086 (0.4%) | L3_e3:16.29429 (95.0%) | final_max_PQ:6.854e-02
     50 total:14.09298 | blocks:2 | L1_step:0.56590 (4.0%) | L2_step:0.04698 (0.3%) L2_final:0.06913 (0.5%) | L3_e3:13.41096 (95.2%) | final_max_PQ:1.771e-01
🔘 Epoch 279 No Improvement (13/40) | Val conv@1=0.0000, conv@2=0.0000, conv@3=0.0000, conv@5=0.0000, residual@1=4.374105e-02, residual@2=3.466354e-03
     25 total:16.43795 | blocks:2 | L1_step:0.62634 (3.8%) | L2_step:0.04698 (0.3%) L2_final:0.10041 (0.6%) | L3_e3:15.66421 (95.3%) | final_max_PQ:3.751e-01
     50 total:16.66112 | blocks:2 | L1_step:0.91712 (5.5%) | L2_step:0.05904 (0.4%) L2_final:0.13773 (0.8%) | L3_e3:15.54722 (93.3%) | final_max_PQ:4.167e-01
🔘 Epoch 280 No Improvement (14/40) | Val conv@1=0.0000, conv@2=0.0000, conv@3=0.0000, conv@5=0.0000, residual@1=7.984893e-02, residual@2=7.434004e-03
     25 total:13.80873 | blocks:2 | L1_step:0.60555 (4.4%) | L2_step:0.04853 (0.4%) L2_final:0.10033 (0.7%) | L3_e3:13.05432 (94.5%) | final_max_PQ:3.735e-01
     50 total:12.35820 | blocks:2 | L1_step:0.30528 (2.5%) | L2_step:0.05358 (0.4%) L2_final:0.10354 (0.8%) | L3_e3:11.89580 (96.3%) | final_max_PQ:4.180e-01
🔘 Epoch 281 No Improvement (15/40) | Val conv@1=0.0000, conv@2=0.0000, conv@3=0.0000, conv@5=0.0000, residual@1=5.950392e-02, residual@2=4.134424e-03
     25 total:12.73845 | blocks:2 | L1_step:0.33809 (2.7%) | L2_step:0.04991 (0.4%) L2_final:0.08630 (0.7%) | L3_e3:12.26416 (96.3%) | final_max_PQ:4.252e-01
     50 total:12.07024 | blocks:3 | L1_step:0.64226 (5.3%) | L2_step:0.03905 (0.3%) L2_final:0.07139 (0.6%) | L3_e3:11.31754 (93.8%) | final_max_PQ:1.496e-02
🔘 Epoch 282 No Improvement (16/40) | Val conv@1=0.0000, conv@2=0.0000, conv@3=0.0000, conv@5=0.0000, residual@1=4.739838e-02, residual@2=3.483920e-03
     25 total:13.92355 | blocks:2 | L1_step:0.38908 (2.8%) | L2_step:0.05135 (0.4%) L2_final:0.08836 (0.6%) | L3_e3:13.39477 (96.2%) | final_max_PQ:1.298e-01
     50 total:11.35858 | blocks:3 | L1_step:0.39712 (3.5%) | L2_step:0.03613 (0.3%) L2_final:0.05782 (0.5%) | L3_e3:10.86751 (95.7%) | final_max_PQ:1.040e-02
🔘 Epoch 283 No Improvement (17/40) | Val conv@1=0.0000, conv@2=0.0000, conv@3=0.0000, conv@5=0.0000, residual@1=5.502383e-02, residual@2=5.667003e-03
     25 total:21.66201 | blocks:2 | L1_step:0.65016 (3.0%) | L2_step:0.04165 (0.2%) L2_final:0.07165 (0.3%) | L3_e3:20.89855 (96.5%) | final_max_PQ:4.937e-01
     50 total:16.52760 | blocks:1 | L1_step:0.61360 (3.7%) | L2_step:0.09413 (0.6%) L2_final:0.14267 (0.9%) | L3_e3:15.67719 (94.9%) | final_max_PQ:1.128e+00
🟩 Epoch 284 | Train loss = 16.6426 | Val conv@1=0.0000, conv@2=0.0000, conv@3=0.0000, conv@5=0.0000, residual@1=4.426106e-02, residual@2=2.822277e-03, residual@3=1.432369e-03, excess@2=27.2228, tail@2=4.904638e-01, score=-8.336791 | LR: 1.0000e-03
     25 total:14.75679 | blocks:2 | L1_step:0.65538 (4.4%) | L2_step:0.04679 (0.3%) L2_final:0.07357 (0.5%) | L3_e3:13.98105 (94.7%) | final_max_PQ:6.670e-02
     50 total:12.08387 | blocks:3 | L1_step:0.34369 (2.8%) | L2_step:0.04311 (0.4%) L2_final:0.06660 (0.6%) | L3_e3:11.63047 (96.2%) | final_max_PQ:6.400e-02
🔘 Epoch 285 No Improvement (1/40) | Val conv@1=0.0000, conv@2=0.0000, conv@3=0.0000, conv@5=0.0000, residual@1=5.487856e-02, residual@2=4.070116e-03
     25 total:17.51403 | blocks:2 | L1_step:0.45387 (2.6%) | L2_step:0.05429 (0.3%) L2_final:0.10718 (0.6%) | L3_e3:16.89869 (96.5%) | final_max_PQ:5.936e-01
     50 total:15.52425 | blocks:2 | L1_step:0.65928 (4.2%) | L2_step:0.04138 (0.3%) L2_final:0.07130 (0.5%) | L3_e3:14.75229 (95.0%) | final_max_PQ:3.610e-01
🔘 Epoch 286 No Improvement (2/40) | Val conv@1=0.0000, conv@2=0.0000, conv@3=0.0000, conv@5=0.0000, residual@1=4.435456e-02, residual@2=3.681856e-03
     25 total:14.85656 | blocks:3 | L1_step:0.67655 (4.6%) | L2_step:0.03773 (0.3%) L2_final:0.06732 (0.5%) | L3_e3:14.07497 (94.7%) | final_max_PQ:1.873e-01
     50 total:27.47603 | blocks:2 | L1_step:0.57947 (2.1%) | L2_step:0.05410 (0.2%) L2_final:0.12056 (0.4%) | L3_e3:26.72190 (97.3%) | final_max_PQ:3.528e-01
🔘 Epoch 287 No Improvement (3/40) | Val conv@1=0.0000, conv@2=0.0000, conv@3=0.0000, conv@5=0.0000, residual@1=4.774911e-02, residual@2=5.180586e-03
     25 total:34.29206 | blocks:2 | L1_step:0.58783 (1.7%) | L2_step:0.05233 (0.2%) L2_final:0.08787 (0.3%) | L3_e3:33.56404 (97.9%) | final_max_PQ:2.278e-01
     50 total:17.11454 | blocks:3 | L1_step:0.48272 (2.8%) | L2_step:0.04126 (0.2%) L2_final:0.07209 (0.4%) | L3_e3:16.51847 (96.5%) | final_max_PQ:2.274e-02
🔘 Epoch 288 No Improvement (4/40) | Val conv@1=0.0000, conv@2=0.0000, conv@3=0.0000, conv@5=0.0000, residual@1=5.543764e-02, residual@2=4.608893e-03
     25 total:16.39938 | blocks:2 | L1_step:0.91985 (5.6%) | L2_step:0.05278 (0.3%) L2_final:0.07541 (0.5%) | L3_e3:15.35133 (93.6%) | final_max_PQ:5.362e-02
     50 total:13.24599 | blocks:2 | L1_step:0.58765 (4.4%) | L2_step:0.04639 (0.4%) L2_final:0.06872 (0.5%) | L3_e3:12.54323 (94.7%) | final_max_PQ:3.529e-01
🔘 Epoch 289 No Improvement (5/40) | Val conv@1=0.0000, conv@2=0.0000, conv@3=0.0000, conv@5=0.0000, residual@1=4.409743e-02, residual@2=3.630333e-03
     25 total:13.20657 | blocks:2 | L1_step:0.55358 (4.2%) | L2_step:0.04484 (0.3%) L2_final:0.05379 (0.4%) | L3_e3:12.55437 (95.1%) | final_max_PQ:6.810e-02
     50 total:13.41892 | blocks:1 | L1_step:0.19489 (1.5%) | L2_step:0.08003 (0.6%) L2_final:0.12104 (0.9%) | L3_e3:13.02297 (97.0%) | final_max_PQ:1.697e+00
🔘 Epoch 290 No Improvement (6/40) | Val conv@1=0.0000, conv@2=0.0000, conv@3=0.0000, conv@5=0.0000, residual@1=4.260749e-02, residual@2=2.952142e-03
     25 total:12.87209 | blocks:3 | L1_step:0.34507 (2.7%) | L2_step:0.03610 (0.3%) L2_final:0.06082 (0.5%) | L3_e3:12.43011 (96.6%) | final_max_PQ:2.015e-01
     50 total:15.56675 | blocks:1 | L1_step:0.33902 (2.2%) | L2_step:0.09402 (0.6%) L2_final:0.10465 (0.7%) | L3_e3:15.02905 (96.5%) | final_max_PQ:1.259e+00
🟩 Epoch 291 | Train loss = 15.0448 | Val conv@1=0.0000, conv@2=0.0000, conv@3=0.0000, conv@5=0.0000, residual@1=3.910327e-02, residual@2=2.381561e-03, residual@3=1.344810e-03, excess@2=22.8156, tail@2=3.487840e-01, score=-7.007824 | LR: 1.0000e-03
     25 total:15.67756 | blocks:2 | L1_step:0.77433 (4.9%) | L2_step:0.04791 (0.3%) L2_final:0.08614 (0.5%) | L3_e3:14.76918 (94.2%) | final_max_PQ:1.534e-01
     50 total:14.22896 | blocks:3 | L1_step:0.39739 (2.8%) | L2_step:0.03647 (0.3%) L2_final:0.06059 (0.4%) | L3_e3:13.73452 (96.5%) | final_max_PQ:1.823e-02
🔘 Epoch 292 No Improvement (1/40) | Val conv@1=0.0000, conv@2=0.0000, conv@3=0.0000, conv@5=0.0000, residual@1=3.830226e-02, residual@2=3.203694e-03
     25 total:13.17428 | blocks:2 | L1_step:0.31606 (2.4%) | L2_step:0.03787 (0.3%) L2_final:0.05876 (0.4%) | L3_e3:12.76159 (96.9%) | final_max_PQ:9.342e-02
     50 total:19.11638 | blocks:2 | L1_step:0.69255 (3.6%) | L2_step:0.04861 (0.3%) L2_final:0.06668 (0.3%) | L3_e3:18.30854 (95.8%) | final_max_PQ:7.935e-02
🔘 Epoch 293 No Improvement (2/40) | Val conv@1=0.0000, conv@2=0.0000, conv@3=0.0000, conv@5=0.0000, residual@1=3.763448e-02, residual@2=3.249914e-03
     25 total:17.62341 | blocks:1 | L1_step:0.69252 (3.9%) | L2_step:0.09022 (0.5%) L2_final:0.13166 (0.7%) | L3_e3:16.70901 (94.8%) | final_max_PQ:1.247e+00
     50 total:15.15897 | blocks:2 | L1_step:0.64132 (4.2%) | L2_step:0.04387 (0.3%) L2_final:0.06322 (0.4%) | L3_e3:14.41056 (95.1%) | final_max_PQ:5.018e-02
🟩 Epoch 294 | Train loss = 15.5911 | Val conv@1=0.0000, conv@2=0.0000, conv@3=0.0000, conv@5=0.0000, residual@1=3.513885e-02, residual@2=2.296007e-03, residual@3=1.276404e-03, excess@2=21.9601, tail@2=3.339496e-01, score=-6.750293 | LR: 1.0000e-03
     25 total:20.15746 | blocks:2 | L1_step:0.78182 (3.9%) | L2_step:0.04598 (0.2%) L2_final:0.07574 (0.4%) | L3_e3:19.25391 (95.5%) | final_max_PQ:2.171e-01
     50 total:16.96710 | blocks:2 | L1_step:0.75884 (4.5%) | L2_step:0.04353 (0.3%) L2_final:0.07147 (0.4%) | L3_e3:16.09326 (94.8%) | final_max_PQ:1.544e-01
🔘 Epoch 295 No Improvement (1/40) | Val conv@1=0.0000, conv@2=0.0000, conv@3=0.0000, conv@5=0.0000, residual@1=3.692602e-02, residual@2=2.330694e-03
     25 total:15.90135 | blocks:2 | L1_step:0.67466 (4.2%) | L2_step:0.03472 (0.2%) L2_final:0.05328 (0.3%) | L3_e3:15.13870 (95.2%) | final_max_PQ:4.038e-02
     50 total:13.88080 | blocks:2 | L1_step:0.36935 (2.7%) | L2_step:0.04232 (0.3%) L2_final:0.05500 (0.4%) | L3_e3:13.41413 (96.6%) | final_max_PQ:3.980e-02
🔘 Epoch 296 No Improvement (2/40) | Val conv@1=0.0000, conv@2=0.0000, conv@3=0.0000, conv@5=0.0000, residual@1=4.023567e-02, residual@2=2.946910e-03
     25 total:14.39371 | blocks:2 | L1_step:0.47528 (3.3%) | L2_step:0.04577 (0.3%) L2_final:0.05961 (0.4%) | L3_e3:13.81305 (96.0%) | final_max_PQ:7.723e-02
     50 total:14.68108 | blocks:2 | L1_step:0.47419 (3.2%) | L2_step:0.02914 (0.2%) L2_final:0.04363 (0.3%) | L3_e3:14.13412 (96.3%) | final_max_PQ:2.450e-02
🔘 Epoch 297 No Improvement (3/40) | Val conv@1=0.0000, conv@2=0.0000, conv@3=0.0000, conv@5=0.0000, residual@1=3.862749e-02, residual@2=2.411357e-03
     25 total:16.61106 | blocks:2 | L1_step:0.56029 (3.4%) | L2_step:0.04479 (0.3%) L2_final:0.07434 (0.4%) | L3_e3:15.93164 (95.9%) | final_max_PQ:2.720e-01
     50 total:16.34034 | blocks:2 | L1_step:0.59293 (3.6%) | L2_step:0.04296 (0.3%) L2_final:0.08339 (0.5%) | L3_e3:15.62106 (95.6%) | final_max_PQ:4.505e-01
🔘 Epoch 298 No Improvement (4/40) | Val conv@1=0.0000, conv@2=0.0000, conv@3=0.0000, conv@5=0.0000, residual@1=4.015979e-02, residual@2=2.735345e-03
     25 total:16.28823 | blocks:2 | L1_step:0.37756 (2.3%) | L2_step:0.04482 (0.3%) L2_final:0.06025 (0.4%) | L3_e3:15.80561 (97.0%) | final_max_PQ:1.598e-01
     50 total:17.96395 | blocks:2 | L1_step:0.33911 (1.9%) | L2_step:0.03827 (0.2%) L2_final:0.06501 (0.4%) | L3_e3:17.52156 (97.5%) | final_max_PQ:7.480e-02
🔘 Epoch 299 No Improvement (5/40) | Val conv@1=0.0000, conv@2=0.0000, conv@3=0.0000, conv@5=0.0000, residual@1=3.510063e-02, residual@2=2.607664e-03
     25 total:12.46814 | blocks:2 | L1_step:0.31040 (2.5%) | L2_step:0.04646 (0.4%) L2_final:0.08581 (0.7%) | L3_e3:12.02548 (96.4%) | final_max_PQ:2.797e-01
     50 total:18.35877 | blocks:1 | L1_step:0.21503 (1.2%) | L2_step:0.09098 (0.5%) L2_final:0.12953 (0.7%) | L3_e3:17.92323 (97.6%) | final_max_PQ:1.190e+00
🔘 Epoch 300 No Improvement (6/40) | Val conv@1=0.0000, conv@2=0.0000, conv@3=0.0000, conv@5=0.0000, residual@1=4.331069e-02, residual@2=3.331266e-03
     25 total:15.81868 | blocks:2 | L1_step:0.73511 (4.6%) | L2_step:0.03266 (0.2%) L2_final:0.04601 (0.3%) | L3_e3:15.00490 (94.9%) | final_max_PQ:1.664e-01
     50 total:12.97621 | blocks:2 | L1_step:0.46050 (3.5%) | L2_step:0.04033 (0.3%) L2_final:0.06747 (0.5%) | L3_e3:12.40791 (95.6%) | final_max_PQ:9.435e-02
🔘 Epoch 301 No Improvement (7/40) | Val conv@1=0.0000, conv@2=0.0000, conv@3=0.0000, conv@5=0.0000, residual@1=3.611872e-02, residual@2=2.977118e-03
     25 total:14.95658 | blocks:3 | L1_step:0.65030 (4.3%) | L2_step:0.03469 (0.2%) L2_final:0.06918 (0.5%) | L3_e3:14.20240 (95.0%) | final_max_PQ:7.436e-02
     50 total:16.67812 | blocks:2 | L1_step:0.41429 (2.5%) | L2_step:0.04988 (0.3%) L2_final:0.12849 (0.8%) | L3_e3:16.08546 (96.4%) | final_max_PQ:3.349e-01
🔘 Epoch 302 No Improvement (8/40) | Val conv@1=0.0000, conv@2=0.0000, conv@3=0.0000, conv@5=0.0000, residual@1=4.356999e-02, residual@2=2.724050e-03
     25 total:14.62084 | blocks:2 | L1_step:0.75035 (5.1%) | L2_step:0.04330 (0.3%) L2_final:0.07443 (0.5%) | L3_e3:13.75276 (94.1%) | final_max_PQ:1.762e-01
     50 total:13.64052 | blocks:3 | L1_step:0.68204 (5.0%) | L2_step:0.03171 (0.2%) L2_final:0.05719 (0.4%) | L3_e3:12.86957 (94.3%) | final_max_PQ:1.356e-01
🔘 Epoch 303 No Improvement (9/40) | Val conv@1=0.0000, conv@2=0.0000, conv@3=0.0000, conv@5=0.0000, residual@1=3.610055e-02, residual@2=4.137109e-03
     25 total:12.35246 | blocks:2 | L1_step:0.36556 (3.0%) | L2_step:0.03969 (0.3%) L2_final:0.05468 (0.4%) | L3_e3:11.89253 (96.3%) | final_max_PQ:5.137e-02
     50 total:13.90070 | blocks:2 | L1_step:0.76419 (5.5%) | L2_step:0.03475 (0.2%) L2_final:0.04867 (0.4%) | L3_e3:13.05309 (93.9%) | final_max_PQ:2.201e-01
🔘 Epoch 304 No Improvement (10/40) | Val conv@1=0.0000, conv@2=0.0000, conv@3=0.0000, conv@5=0.0000, residual@1=3.334443e-02, residual@2=3.108988e-03
     25 total:15.00894 | blocks:1 | L1_step:0.17706 (1.2%) | L2_step:0.08136 (0.5%) L2_final:0.09973 (0.7%) | L3_e3:14.65079 (97.6%) | final_max_PQ:9.182e-01
     50 total:15.73594 | blocks:2 | L1_step:0.57154 (3.6%) | L2_step:0.03584 (0.2%) L2_final:0.04869 (0.3%) | L3_e3:15.07987 (95.8%) | final_max_PQ:1.614e-01
🔘 Epoch 305 No Improvement (11/40) | Val conv@1=0.0000, conv@2=0.0000, conv@3=0.0000, conv@5=0.0000, residual@1=3.667980e-02, residual@2=2.613095e-03
     25 total:12.64557 | blocks:3 | L1_step:0.60683 (4.8%) | L2_step:0.02717 (0.2%) L2_final:0.04148 (0.3%) | L3_e3:11.97009 (94.7%) | final_max_PQ:1.684e-02
     50 total:15.17335 | blocks:2 | L1_step:0.37032 (2.4%) | L2_step:0.03482 (0.2%) L2_final:0.05395 (0.4%) | L3_e3:14.71426 (97.0%) | final_max_PQ:4.802e-02
🔘 Epoch 306 No Improvement (12/40) | Val conv@1=0.0000, conv@2=0.0000, conv@3=0.0000, conv@5=0.0000, residual@1=4.309183e-02, residual@2=3.732125e-03
     25 total:18.33453 | blocks:1 | L1_step:0.22490 (1.2%) | L2_step:0.07930 (0.4%) L2_final:0.12216 (0.7%) | L3_e3:17.90818 (97.7%) | final_max_PQ:1.849e+00
     50 total:14.77821 | blocks:2 | L1_step:0.34359 (2.3%) | L2_step:0.03703 (0.3%) L2_final:0.05375 (0.4%) | L3_e3:14.34384 (97.1%) | final_max_PQ:5.006e-02
🔘 Epoch 307 No Improvement (13/40) | Val conv@1=0.0000, conv@2=0.0000, conv@3=0.0000, conv@5=0.0000, residual@1=3.022505e-02, residual@2=2.542764e-03
     25 total:12.57893 | blocks:2 | L1_step:0.31204 (2.5%) | L2_step:0.04042 (0.3%) L2_final:0.06429 (0.5%) | L3_e3:12.16218 (96.7%) | final_max_PQ:4.799e-02
     50 total:15.96064 | blocks:2 | L1_step:0.96660 (6.1%) | L2_step:0.03162 (0.2%) L2_final:0.04482 (0.3%) | L3_e3:14.91759 (93.5%) | final_max_PQ:5.097e-02
🔘 Epoch 308 No Improvement (14/40) | Val conv@1=0.0000, conv@2=0.0000, conv@3=0.0000, conv@5=0.0000, residual@1=3.263941e-02, residual@2=2.419690e-03
     25 total:12.52153 | blocks:3 | L1_step:0.49996 (4.0%) | L2_step:0.03301 (0.3%) L2_final:0.04757 (0.4%) | L3_e3:11.94099 (95.4%) | final_max_PQ:1.046e-02
     50 total:14.49068 | blocks:2 | L1_step:0.47095 (3.3%) | L2_step:0.03692 (0.3%) L2_final:0.05097 (0.4%) | L3_e3:13.93182 (96.1%) | final_max_PQ:1.422e-01
🔘 Epoch 309 No Improvement (15/40) | Val conv@1=0.0000, conv@2=0.0000, conv@3=0.0000, conv@5=0.0000, residual@1=3.231531e-02, residual@2=2.360106e-03
     25 total:13.27850 | blocks:3 | L1_step:0.50720 (3.8%) | L2_step:0.03090 (0.2%) L2_final:0.04383 (0.3%) | L3_e3:12.69657 (95.6%) | final_max_PQ:1.085e-02
     50 total:12.16391 | blocks:3 | L1_step:0.38922 (3.2%) | L2_step:0.03360 (0.3%) L2_final:0.04596 (0.4%) | L3_e3:11.69513 (96.1%) | final_max_PQ:6.243e-03
🟩 Epoch 310 | Train loss = 13.8245 | Val conv@1=0.0000, conv@2=0.0000, conv@3=0.0000, conv@5=0.0000, residual@1=3.614490e-02, residual@2=2.119173e-03, residual@3=1.271130e-03, excess@2=20.1917, tail@2=3.456489e-01, score=-6.220480 | LR: 1.0000e-03
     25 total:14.28269 | blocks:2 | L1_step:0.73917 (5.2%) | L2_step:0.03413 (0.2%) L2_final:0.05238 (0.4%) | L3_e3:13.45702 (94.2%) | final_max_PQ:4.649e-02
     50 total:10.48606 | blocks:3 | L1_step:0.35356 (3.4%) | L2_step:0.03314 (0.3%) L2_final:0.05876 (0.6%) | L3_e3:10.04059 (95.8%) | final_max_PQ:2.369e-02
🔘 Epoch 311 No Improvement (1/40) | Val conv@1=0.0000, conv@2=0.0000, conv@3=0.0000, conv@5=0.0000, residual@1=3.536021e-02, residual@2=3.322422e-03
     25 total:11.87628 | blocks:3 | L1_step:0.39465 (3.3%) | L2_step:0.02898 (0.2%) L2_final:0.03845 (0.3%) | L3_e3:11.41420 (96.1%) | final_max_PQ:1.132e-02
     50 total:14.47469 | blocks:2 | L1_step:0.68146 (4.7%) | L2_step:0.03331 (0.2%) L2_final:0.04760 (0.3%) | L3_e3:13.71232 (94.7%) | final_max_PQ:3.244e-02
🔘 Epoch 312 No Improvement (2/40) | Val conv@1=0.0000, conv@2=0.0000, conv@3=0.0000, conv@5=0.0000, residual@1=3.295288e-02, residual@2=2.658737e-03
     25 total:12.70607 | blocks:3 | L1_step:0.71494 (5.6%) | L2_step:0.02374 (0.2%) L2_final:0.03606 (0.3%) | L3_e3:11.93133 (93.9%) | final_max_PQ:6.808e-03
     50 total:12.81523 | blocks:3 | L1_step:0.62393 (4.9%) | L2_step:0.02936 (0.2%) L2_final:0.04357 (0.3%) | L3_e3:12.11838 (94.6%) | final_max_PQ:1.073e-02
🔘 Epoch 313 No Improvement (3/40) | Val conv@1=0.0000, conv@2=0.0000, conv@3=0.0000, conv@5=0.0000, residual@1=3.911496e-02, residual@2=3.160309e-03
     25 total:12.09676 | blocks:3 | L1_step:0.52348 (4.3%) | L2_step:0.02712 (0.2%) L2_final:0.04631 (0.4%) | L3_e3:11.49985 (95.1%) | final_max_PQ:1.300e-02
     50 total:15.46888 | blocks:2 | L1_step:0.56270 (3.6%) | L2_step:0.03750 (0.2%) L2_final:0.05853 (0.4%) | L3_e3:14.81015 (95.7%) | final_max_PQ:5.880e-02
🔘 Epoch 314 No Improvement (4/40) | Val conv@1=0.0000, conv@2=0.0000, conv@3=0.0000, conv@5=0.0000, residual@1=3.209951e-02, residual@2=2.330395e-03
     25 total:14.00175 | blocks:2 | L1_step:0.36086 (2.6%) | L2_step:0.03373 (0.2%) L2_final:0.04008 (0.3%) | L3_e3:13.56708 (96.9%) | final_max_PQ:1.065e-01
     50 total:13.87318 | blocks:1 | L1_step:0.50639 (3.7%) | L2_step:0.08192 (0.6%) L2_final:0.10548 (0.8%) | L3_e3:13.17939 (95.0%) | final_max_PQ:1.140e+00
🔘 Epoch 315 No Improvement (5/40) | Val conv@1=0.0000, conv@2=0.0000, conv@3=0.0000, conv@5=0.0000, residual@1=6.344136e-02, residual@2=3.591369e-03
     25 total:16.17685 | blocks:3 | L1_step:0.69780 (4.3%) | L2_step:0.03594 (0.2%) L2_final:0.06314 (0.4%) | L3_e3:15.37996 (95.1%) | final_max_PQ:1.006e-02
     50 total:14.91693 | blocks:2 | L1_step:0.74121 (5.0%) | L2_step:0.04371 (0.3%) L2_final:0.06386 (0.4%) | L3_e3:14.06815 (94.3%) | final_max_PQ:4.337e-01
🔘 Epoch 316 No Improvement (6/40) | Val conv@1=0.0000, conv@2=0.0000, conv@3=0.0000, conv@5=0.0000, residual@1=3.055256e-02, residual@2=2.121773e-03
     25 total:16.63327 | blocks:2 | L1_step:0.64528 (3.9%) | L2_step:0.03787 (0.2%) L2_final:0.05414 (0.3%) | L3_e3:15.89599 (95.6%) | final_max_PQ:1.397e-01
     50 total:13.09093 | blocks:2 | L1_step:0.33337 (2.5%) | L2_step:0.03539 (0.3%) L2_final:0.04770 (0.4%) | L3_e3:12.67447 (96.8%) | final_max_PQ:9.397e-02
🟩 Epoch 317 | Train loss = 13.9983 | Val conv@1=0.0000, conv@2=0.0000, conv@3=0.0000, conv@5=0.0000, residual@1=3.120830e-02, residual@2=1.897720e-03, residual@3=1.061312e-03, excess@2=17.9772, tail@2=3.760062e-01, score=-5.557804 | LR: 1.0000e-03
     25 total:14.02033 | blocks:2 | L1_step:0.67585 (4.8%) | L2_step:0.04263 (0.3%) L2_final:0.06555 (0.5%) | L3_e3:13.23630 (94.4%) | final_max_PQ:2.856e-01
     50 total:15.03864 | blocks:2 | L1_step:0.68348 (4.5%) | L2_step:0.03896 (0.3%) L2_final:0.04673 (0.3%) | L3_e3:14.26947 (94.9%) | final_max_PQ:2.634e-02
🔘 Epoch 318 No Improvement (1/40) | Val conv@1=0.0000, conv@2=0.0000, conv@3=0.0000, conv@5=0.0000, residual@1=2.974664e-02, residual@2=2.588110e-03
     25 total:15.73312 | blocks:1 | L1_step:0.40156 (2.6%) | L2_step:0.08394 (0.5%) L2_final:0.13538 (0.9%) | L3_e3:15.11225 (96.1%) | final_max_PQ:1.270e+00
     50 total:12.94972 | blocks:2 | L1_step:0.53466 (4.1%) | L2_step:0.04039 (0.3%) L2_final:0.05295 (0.4%) | L3_e3:12.32172 (95.2%) | final_max_PQ:4.768e-02
🔘 Epoch 319 No Improvement (2/40) | Val conv@1=0.0000, conv@2=0.0000, conv@3=0.0000, conv@5=0.0000, residual@1=3.013256e-02, residual@2=2.522968e-03
     25 total:15.42253 | blocks:3 | L1_step:0.44498 (2.9%) | L2_step:0.02484 (0.2%) L2_final:0.03536 (0.2%) | L3_e3:14.91734 (96.7%) | final_max_PQ:1.263e-02
     50 total:9.82325 | blocks:3 | L1_step:0.39501 (4.0%) | L2_step:0.02581 (0.3%) L2_final:0.03384 (0.3%) | L3_e3:9.36859 (95.4%) | final_max_PQ:6.891e-03
🔘 Epoch 320 No Improvement (3/40) | Val conv@1=0.0000, conv@2=0.0000, conv@3=0.0000, conv@5=0.0000, residual@1=2.661430e-02, residual@2=2.168800e-03
     25 total:17.73077 | blocks:3 | L1_step:0.33637 (1.9%) | L2_step:0.02381 (0.1%) L2_final:0.03893 (0.2%) | L3_e3:17.33167 (97.7%) | final_max_PQ:7.131e-02
     50 total:19.34042 | blocks:3 | L1_step:0.57170 (3.0%) | L2_step:0.02576 (0.1%) L2_final:0.03878 (0.2%) | L3_e3:18.70418 (96.7%) | final_max_PQ:1.011e-02
🔘 Epoch 321 No Improvement (4/40) | Val conv@1=0.0000, conv@2=0.0000, conv@3=0.0000, conv@5=0.0000, residual@1=3.163982e-02, residual@2=2.360314e-03
     25 total:13.37284 | blocks:2 | L1_step:0.75404 (5.6%) | L2_step:0.03721 (0.3%) L2_final:0.04660 (0.3%) | L3_e3:12.53499 (93.7%) | final_max_PQ:5.041e-02
     50 total:11.25109 | blocks:3 | L1_step:0.50776 (4.5%) | L2_step:0.02430 (0.2%) L2_final:0.03696 (0.3%) | L3_e3:10.68208 (94.9%) | final_max_PQ:1.622e-01
🔘 Epoch 322 No Improvement (5/40) | Val conv@1=0.0000, conv@2=0.0000, conv@3=0.0000, conv@5=0.0000, residual@1=3.220137e-02, residual@2=3.161417e-03
     25 total:19.87380 | blocks:1 | L1_step:0.18620 (0.9%) | L2_step:0.07031 (0.4%) L2_final:0.09206 (0.5%) | L3_e3:19.52524 (98.2%) | final_max_PQ:8.895e-01
     50 total:17.75121 | blocks:2 | L1_step:0.45508 (2.6%) | L2_step:0.03797 (0.2%) L2_final:0.05834 (0.3%) | L3_e3:17.19983 (96.9%) | final_max_PQ:3.296e-02
🔘 Epoch 323 No Improvement (6/40) | Val conv@1=0.0000, conv@2=0.0000, conv@3=0.0000, conv@5=0.0000, residual@1=2.993389e-02, residual@2=2.604999e-03
     25 total:14.70484 | blocks:1 | L1_step:0.20351 (1.4%) | L2_step:0.07524 (0.5%) L2_final:0.10170 (0.7%) | L3_e3:14.32439 (97.4%) | final_max_PQ:1.275e+00
     50 total:16.42217 | blocks:2 | L1_step:0.83906 (5.1%) | L2_step:0.04011 (0.2%) L2_final:0.05426 (0.3%) | L3_e3:15.48873 (94.3%) | final_max_PQ:2.240e-01
🔘 Epoch 324 No Improvement (7/40) | Val conv@1=0.0000, conv@2=0.0000, conv@3=0.0000, conv@5=0.0000, residual@1=3.565754e-02, residual@2=2.107303e-03
     25 total:18.13343 | blocks:2 | L1_step:0.32635 (1.8%) | L2_step:0.03546 (0.2%) L2_final:0.05447 (0.3%) | L3_e3:17.71715 (97.7%) | final_max_PQ:2.929e-02
     50 total:14.10173 | blocks:2 | L1_step:0.71249 (5.1%) | L2_step:0.03591 (0.3%) L2_final:0.04535 (0.3%) | L3_e3:13.30798 (94.4%) | final_max_PQ:5.295e-02
🔘 Epoch 325 No Improvement (8/40) | Val conv@1=0.0000, conv@2=0.0000, conv@3=0.0000, conv@5=0.0000, residual@1=3.100455e-02, residual@2=2.318753e-03
     25 total:14.19185 | blocks:2 | L1_step:0.30770 (2.2%) | L2_step:0.03705 (0.3%) L2_final:0.04500 (0.3%) | L3_e3:13.80209 (97.3%) | final_max_PQ:3.741e-02
     50 total:13.33398 | blocks:2 | L1_step:0.32729 (2.5%) | L2_step:0.03137 (0.2%) L2_final:0.04536 (0.3%) | L3_e3:12.92996 (97.0%) | final_max_PQ:3.260e-02
🔘 Epoch 326 No Improvement (9/40) | Val conv@1=0.0000, conv@2=0.0000, conv@3=0.0000, conv@5=0.0000, residual@1=2.668193e-02, residual@2=2.207368e-03
     25 total:13.74468 | blocks:2 | L1_step:0.35504 (2.6%) | L2_step:0.03844 (0.3%) L2_final:0.05410 (0.4%) | L3_e3:13.29709 (96.7%) | final_max_PQ:9.382e-02
     50 total:13.48713 | blocks:2 | L1_step:0.71588 (5.3%) | L2_step:0.04287 (0.3%) L2_final:0.06703 (0.5%) | L3_e3:12.66136 (93.9%) | final_max_PQ:7.804e-02
🔘 Epoch 327 No Improvement (10/40) | Val conv@1=0.0000, conv@2=0.0000, conv@3=0.0000, conv@5=0.0000, residual@1=2.976399e-02, residual@2=2.488857e-03
     25 total:13.52642 | blocks:3 | L1_step:0.40821 (3.0%) | L2_step:0.03282 (0.2%) L2_final:0.05131 (0.4%) | L3_e3:13.03407 (96.4%) | final_max_PQ:8.871e-03
     50 total:13.92079 | blocks:2 | L1_step:0.35562 (2.6%) | L2_step:0.03779 (0.3%) L2_final:0.04688 (0.3%) | L3_e3:13.48049 (96.8%) | final_max_PQ:1.176e-01
🔘 Epoch 328 No Improvement (11/40) | Val conv@1=0.0000, conv@2=0.0000, conv@3=0.0000, conv@5=0.0000, residual@1=3.052419e-02, residual@2=3.206026e-03
     25 total:14.11553 | blocks:2 | L1_step:0.61860 (4.4%) | L2_step:0.03466 (0.2%) L2_final:0.04985 (0.4%) | L3_e3:13.41242 (95.0%) | final_max_PQ:3.519e-02
     50 total:12.27779 | blocks:3 | L1_step:0.75638 (6.2%) | L2_step:0.02764 (0.2%) L2_final:0.03971 (0.3%) | L3_e3:11.45406 (93.3%) | final_max_PQ:1.071e-02
🔘 Epoch 329 No Improvement (12/40) | Val conv@1=0.0000, conv@2=0.0000, conv@3=0.0000, conv@5=0.0000, residual@1=6.569873e-02, residual@2=5.209371e-03
     25 total:16.44737 | blocks:2 | L1_step:0.48851 (3.0%) | L2_step:0.03531 (0.2%) L2_final:0.05659 (0.3%) | L3_e3:15.86696 (96.5%) | final_max_PQ:1.148e-01
     50 total:15.12995 | blocks:3 | L1_step:0.44204 (2.9%) | L2_step:0.02863 (0.2%) L2_final:0.05370 (0.4%) | L3_e3:14.60558 (96.5%) | final_max_PQ:1.549e-02
🟩 Epoch 330 | Train loss = 15.2938 | Val conv@1=0.0000, conv@2=0.0000, conv@3=0.0000, conv@5=0.0000, residual@1=2.773576e-02, residual@2=1.792419e-03, residual@3=1.081477e-03, excess@2=16.9242, tail@2=3.000923e-01, score=-5.237392 | LR: 1.0000e-03
     25 total:15.65996 | blocks:2 | L1_step:0.68191 (4.4%) | L2_step:0.03331 (0.2%) L2_final:0.05335 (0.3%) | L3_e3:14.89139 (95.1%) | final_max_PQ:1.941e-01
     50 total:12.87620 | blocks:3 | L1_step:0.44810 (3.5%) | L2_step:0.02355 (0.2%) L2_final:0.03189 (0.2%) | L3_e3:12.37266 (96.1%) | final_max_PQ:7.023e-02
🔘 Epoch 331 No Improvement (1/40) | Val conv@1=0.0000, conv@2=0.0000, conv@3=0.0000, conv@5=0.0000, residual@1=2.528431e-02, residual@2=2.078281e-03
     25 total:12.74554 | blocks:2 | L1_step:0.34716 (2.7%) | L2_step:0.04186 (0.3%) L2_final:0.06691 (0.5%) | L3_e3:12.28961 (96.4%) | final_max_PQ:1.771e-01
     50 total:13.54542 | blocks:2 | L1_step:0.43762 (3.2%) | L2_step:0.03524 (0.3%) L2_final:0.04036 (0.3%) | L3_e3:13.03220 (96.2%) | final_max_PQ:3.669e-02
🔘 Epoch 332 No Improvement (2/40) | Val conv@1=0.0000, conv@2=0.0000, conv@3=0.0000, conv@5=0.0000, residual@1=2.572515e-02, residual@2=1.919634e-03
     25 total:12.90093 | blocks:3 | L1_step:0.43643 (3.4%) | L2_step:0.02606 (0.2%) L2_final:0.04350 (0.3%) | L3_e3:12.39494 (96.1%) | final_max_PQ:9.230e-03
     50 total:13.18742 | blocks:3 | L1_step:0.38487 (2.9%) | L2_step:0.02594 (0.2%) L2_final:0.03003 (0.2%) | L3_e3:12.74658 (96.7%) | final_max_PQ:7.957e-03
🔘 Epoch 333 No Improvement (3/40) | Val conv@1=0.0000, conv@2=0.0000, conv@3=0.0000, conv@5=0.0000, residual@1=2.719029e-02, residual@2=2.580581e-03
     25 total:16.53831 | blocks:3 | L1_step:0.50852 (3.1%) | L2_step:0.02729 (0.2%) L2_final:0.04643 (0.3%) | L3_e3:15.95608 (96.5%) | final_max_PQ:1.620e-02
     50 total:14.80270 | blocks:2 | L1_step:0.73067 (4.9%) | L2_step:0.03629 (0.2%) L2_final:0.05982 (0.4%) | L3_e3:13.97592 (94.4%) | final_max_PQ:4.874e-02
🔘 Epoch 334 No Improvement (4/40) | Val conv@1=0.0000, conv@2=0.0000, conv@3=0.0000, conv@5=0.0000, residual@1=2.953110e-02, residual@2=2.565022e-03
     25 total:12.85285 | blocks:2 | L1_step:0.71117 (5.5%) | L2_step:0.03349 (0.3%) L2_final:0.03791 (0.3%) | L3_e3:12.07027 (93.9%) | final_max_PQ:9.050e-02
     50 total:17.08705 | blocks:2 | L1_step:0.87915 (5.1%) | L2_step:0.02930 (0.2%) L2_final:0.04370 (0.3%) | L3_e3:16.13489 (94.4%) | final_max_PQ:2.264e-01
🔘 Epoch 335 No Improvement (5/40) | Val conv@1=0.0000, conv@2=0.0000, conv@3=0.0000, conv@5=0.0000, residual@1=2.805334e-02, residual@2=1.814027e-03
     25 total:14.94851 | blocks:2 | L1_step:0.76406 (5.1%) | L2_step:0.03033 (0.2%) L2_final:0.03293 (0.2%) | L3_e3:14.12119 (94.5%) | final_max_PQ:4.273e-01
     50 total:16.89103 | blocks:1 | L1_step:0.19146 (1.1%) | L2_step:0.06908 (0.4%) L2_final:0.08938 (0.5%) | L3_e3:16.54111 (97.9%) | final_max_PQ:1.080e+00
🔘 Epoch 336 No Improvement (6/40) | Val conv@1=0.0000, conv@2=0.0000, conv@3=0.0000, conv@5=0.0000, residual@1=2.866050e-02, residual@2=2.721633e-03
     25 total:15.78604 | blocks:2 | L1_step:0.82074 (5.2%) | L2_step:0.03467 (0.2%) L2_final:0.04432 (0.3%) | L3_e3:14.88630 (94.3%) | final_max_PQ:5.450e-02
     50 total:13.34570 | blocks:2 | L1_step:0.36914 (2.8%) | L2_step:0.03644 (0.3%) L2_final:0.05097 (0.4%) | L3_e3:12.88915 (96.6%) | final_max_PQ:2.238e-01
🔘 Epoch 337 No Improvement (7/40) | Val conv@1=0.0000, conv@2=0.0000, conv@3=0.0000, conv@5=0.0000, residual@1=4.173112e-02, residual@2=4.073913e-03
     25 total:17.55044 | blocks:2 | L1_step:0.72774 (4.1%) | L2_step:0.03395 (0.2%) L2_final:0.04223 (0.2%) | L3_e3:16.74652 (95.4%) | final_max_PQ:3.554e-02
     50 total:14.82469 | blocks:2 | L1_step:0.36690 (2.5%) | L2_step:0.03564 (0.2%) L2_final:0.05158 (0.3%) | L3_e3:14.37057 (96.9%) | final_max_PQ:1.068e-01
🔘 Epoch 338 No Improvement (8/40) | Val conv@1=0.0000, conv@2=0.0000, conv@3=0.0000, conv@5=0.0000, residual@1=3.071990e-02, residual@2=2.446316e-03
     25 total:11.41382 | blocks:3 | L1_step:0.35405 (3.1%) | L2_step:0.02565 (0.2%) L2_final:0.03920 (0.3%) | L3_e3:10.99492 (96.3%) | final_max_PQ:1.825e-01
     50 total:16.80551 | blocks:2 | L1_step:0.38458 (2.3%) | L2_step:0.04071 (0.2%) L2_final:0.08207 (0.5%) | L3_e3:16.29815 (97.0%) | final_max_PQ:4.037e-01
🔘 Epoch 339 No Improvement (9/40) | Val conv@1=0.0000, conv@2=0.0000, conv@3=0.0000, conv@5=0.0000, residual@1=3.170418e-02, residual@2=2.583548e-03
     25 total:14.42396 | blocks:1 | L1_step:0.47034 (3.3%) | L2_step:0.07440 (0.5%) L2_final:0.11088 (0.8%) | L3_e3:13.76834 (95.5%) | final_max_PQ:1.066e+00
     50 total:10.61954 | blocks:3 | L1_step:0.70074 (6.6%) | L2_step:0.02133 (0.2%) L2_final:0.03517 (0.3%) | L3_e3:9.86230 (92.9%) | final_max_PQ:1.226e-01
🔘 Epoch 340 No Improvement (10/40) | Val conv@1=0.0000, conv@2=0.0000, conv@3=0.0000, conv@5=0.0000, residual@1=2.651222e-02, residual@2=1.817409e-03
     25 total:11.66617 | blocks:3 | L1_step:0.33844 (2.9%) | L2_step:0.02593 (0.2%) L2_final:0.04161 (0.4%) | L3_e3:11.26019 (96.5%) | final_max_PQ:7.980e-03
     50 total:12.66828 | blocks:2 | L1_step:0.76706 (6.1%) | L2_step:0.02719 (0.2%) L2_final:0.03955 (0.3%) | L3_e3:11.83448 (93.4%) | final_max_PQ:6.175e-02
🔘 Epoch 341 No Improvement (11/40) | Val conv@1=0.0000, conv@2=0.0000, conv@3=0.0000, conv@5=0.0000, residual@1=2.725726e-02, residual@2=2.433188e-03
     25 total:9.99440 | blocks:3 | L1_step:0.39378 (3.9%) | L2_step:0.02446 (0.2%) L2_final:0.03894 (0.4%) | L3_e3:9.53722 (95.4%) | final_max_PQ:1.470e-02
     50 total:18.66429 | blocks:1 | L1_step:0.20975 (1.1%) | L2_step:0.06450 (0.3%) L2_final:0.06709 (0.4%) | L3_e3:18.32295 (98.2%) | final_max_PQ:8.434e-01
🔘 Epoch 342 No Improvement (12/40) | Val conv@1=0.0000, conv@2=0.0000, conv@3=0.0000, conv@5=0.0000, residual@1=2.664496e-02, residual@2=2.245188e-03
     25 total:16.42402 | blocks:2 | L1_step:0.70381 (4.3%) | L2_step:0.03010 (0.2%) L2_final:0.03738 (0.2%) | L3_e3:15.65273 (95.3%) | final_max_PQ:2.213e-02
     50 total:12.19636 | blocks:3 | L1_step:0.40100 (3.3%) | L2_step:0.02172 (0.2%) L2_final:0.02736 (0.2%) | L3_e3:11.74628 (96.3%) | final_max_PQ:5.571e-03
🟩 Epoch 343 | Train loss = 14.6332 | Val conv@1=0.0000, conv@2=0.0000, conv@3=0.0000, conv@5=0.0000, residual@1=2.481814e-02, residual@2=1.685048e-03, residual@3=1.072958e-03, excess@2=15.8505, tail@2=3.902061e-01, score=-4.920528 | LR: 1.0000e-03
     25 total:14.95056 | blocks:2 | L1_step:0.36371 (2.4%) | L2_step:0.03397 (0.2%) L2_final:0.05710 (0.4%) | L3_e3:14.49577 (97.0%) | final_max_PQ:1.198e-01
     50 total:15.61941 | blocks:2 | L1_step:0.64845 (4.2%) | L2_step:0.02809 (0.2%) L2_final:0.03810 (0.2%) | L3_e3:14.90477 (95.4%) | final_max_PQ:3.012e-02
🔘 Epoch 344 No Improvement (1/40) | Val conv@1=0.0000, conv@2=0.0000, conv@3=0.0000, conv@5=0.0000, residual@1=2.564214e-02, residual@2=1.720088e-03
     25 total:13.98479 | blocks:1 | L1_step:0.22309 (1.6%) | L2_step:0.06405 (0.5%) L2_final:0.08702 (0.6%) | L3_e3:13.61063 (97.3%) | final_max_PQ:6.876e-01
     50 total:11.96605 | blocks:2 | L1_step:0.73829 (6.2%) | L2_step:0.02918 (0.2%) L2_final:0.03214 (0.3%) | L3_e3:11.16644 (93.3%) | final_max_PQ:2.697e-02
🔘 Epoch 345 No Improvement (2/40) | Val conv@1=0.0000, conv@2=0.0000, conv@3=0.0000, conv@5=0.0000, residual@1=2.508214e-02, residual@2=2.013837e-03
     25 total:11.51764 | blocks:3 | L1_step:0.62926 (5.5%) | L2_step:0.02467 (0.2%) L2_final:0.03288 (0.3%) | L3_e3:10.83082 (94.0%) | final_max_PQ:8.617e-03
     50 total:17.83337 | blocks:3 | L1_step:0.47904 (2.7%) | L2_step:0.02455 (0.1%) L2_final:0.03976 (0.2%) | L3_e3:17.29002 (97.0%) | final_max_PQ:1.184e-02
🔘 Epoch 346 No Improvement (3/40) | Val conv@1=0.0000, conv@2=0.0000, conv@3=0.0000, conv@5=0.0000, residual@1=2.664069e-02, residual@2=1.889865e-03
     25 total:13.70863 | blocks:2 | L1_step:0.32501 (2.4%) | L2_step:0.03431 (0.3%) L2_final:0.04196 (0.3%) | L3_e3:13.30735 (97.1%) | final_max_PQ:1.284e-01
     50 total:16.35735 | blocks:2 | L1_step:0.65895 (4.0%) | L2_step:0.03779 (0.2%) L2_final:0.04860 (0.3%) | L3_e3:15.61201 (95.4%) | final_max_PQ:2.918e-02
🔘 Epoch 347 No Improvement (4/40) | Val conv@1=0.0000, conv@2=0.0000, conv@3=0.0000, conv@5=0.0000, residual@1=2.669329e-02, residual@2=2.267870e-03
     25 total:17.41162 | blocks:2 | L1_step:0.72212 (4.1%) | L2_step:0.03661 (0.2%) L2_final:0.07170 (0.4%) | L3_e3:16.58119 (95.2%) | final_max_PQ:9.468e-02
     50 total:19.15045 | blocks:3 | L1_step:0.73312 (3.8%) | L2_step:0.02780 (0.1%) L2_final:0.04628 (0.2%) | L3_e3:18.34325 (95.8%) | final_max_PQ:1.259e-01
🔘 Epoch 348 No Improvement (5/40) | Val conv@1=0.0000, conv@2=0.0000, conv@3=0.0000, conv@5=0.0000, residual@1=2.637068e-02, residual@2=2.817256e-03
     25 total:15.38643 | blocks:2 | L1_step:0.73571 (4.8%) | L2_step:0.03893 (0.3%) L2_final:0.06073 (0.4%) | L3_e3:14.55106 (94.6%) | final_max_PQ:2.506e-01
     50 total:15.18604 | blocks:3 | L1_step:0.62866 (4.1%) | L2_step:0.02580 (0.2%) L2_final:0.03345 (0.2%) | L3_e3:14.49813 (95.5%) | final_max_PQ:1.122e-02
🔘 Epoch 349 No Improvement (6/40) | Val conv@1=0.0000, conv@2=0.0000, conv@3=0.0000, conv@5=0.0000, residual@1=2.556257e-02, residual@2=2.168118e-03
     25 total:11.94808 | blocks:3 | L1_step:0.75920 (6.4%) | L2_step:0.02384 (0.2%) L2_final:0.03387 (0.3%) | L3_e3:11.13117 (93.2%) | final_max_PQ:1.440e-02
     50 total:15.55420 | blocks:2 | L1_step:0.44429 (2.9%) | L2_step:0.02688 (0.2%) L2_final:0.03412 (0.2%) | L3_e3:15.04892 (96.8%) | final_max_PQ:2.416e-02
🔘 Epoch 350 No Improvement (7/40) | Val conv@1=0.0000, conv@2=0.0000, conv@3=0.0000, conv@5=0.0000, residual@1=2.443228e-02, residual@2=1.953843e-03
     25 total:10.98959 | blocks:3 | L1_step:0.66226 (6.0%) | L2_step:0.02400 (0.2%) L2_final:0.03443 (0.3%) | L3_e3:10.26889 (93.4%) | final_max_PQ:1.488e-01
     50 total:14.99565 | blocks:2 | L1_step:0.64296 (4.3%) | L2_step:0.03352 (0.2%) L2_final:0.05043 (0.3%) | L3_e3:14.26874 (95.2%) | final_max_PQ:6.919e-02
🔘 Epoch 351 No Improvement (8/40) | Val conv@1=0.0000, conv@2=0.0000, conv@3=0.0000, conv@5=0.0000, residual@1=2.419877e-02, residual@2=2.020366e-03
     25 total:12.77191 | blocks:2 | L1_step:0.72954 (5.7%) | L2_step:0.03621 (0.3%) L2_final:0.05196 (0.4%) | L3_e3:11.95420 (93.6%) | final_max_PQ:3.523e-01
     50 total:13.38451 | blocks:2 | L1_step:0.31939 (2.4%) | L2_step:0.03673 (0.3%) L2_final:0.04495 (0.3%) | L3_e3:12.98344 (97.0%) | final_max_PQ:3.335e-02
🔘 Epoch 352 No Improvement (9/40) | Val conv@1=0.0000, conv@2=0.0000, conv@3=0.0000, conv@5=0.0000, residual@1=3.157583e-02, residual@2=2.206491e-03
     25 total:12.91694 | blocks:3 | L1_step:0.41498 (3.2%) | L2_step:0.02433 (0.2%) L2_final:0.03330 (0.3%) | L3_e3:12.44433 (96.3%) | final_max_PQ:1.354e-02
     50 total:19.54768 | blocks:2 | L1_step:0.62830 (3.2%) | L2_step:0.03510 (0.2%) L2_final:0.04632 (0.2%) | L3_e3:18.83796 (96.4%) | final_max_PQ:1.410e-01
🔘 Epoch 353 No Improvement (10/40) | Val conv@1=0.0000, conv@2=0.0000, conv@3=0.0000, conv@5=0.0000, residual@1=2.961432e-02, residual@2=5.761897e-03
     25 total:12.38721 | blocks:3 | L1_step:0.42361 (3.4%) | L2_step:0.03022 (0.2%) L2_final:0.04801 (0.4%) | L3_e3:11.88537 (95.9%) | final_max_PQ:2.073e-01
     50 total:14.28316 | blocks:2 | L1_step:0.46275 (3.2%) | L2_step:0.03133 (0.2%) L2_final:0.05281 (0.4%) | L3_e3:13.73627 (96.2%) | final_max_PQ:6.701e-02
🔘 Epoch 354 No Improvement (11/40) | Val conv@1=0.0000, conv@2=0.0000, conv@3=0.0000, conv@5=0.0000, residual@1=2.878133e-02, residual@2=2.500253e-03
     25 total:11.14688 | blocks:3 | L1_step:0.47793 (4.3%) | L2_step:0.02351 (0.2%) L2_final:0.03393 (0.3%) | L3_e3:10.61152 (95.2%) | final_max_PQ:1.305e-02
     50 total:11.94339 | blocks:3 | L1_step:0.43198 (3.6%) | L2_step:0.02305 (0.2%) L2_final:0.02907 (0.2%) | L3_e3:11.45929 (95.9%) | final_max_PQ:1.048e-01
🔘 Epoch 355 No Improvement (12/40) | Val conv@1=0.0000, conv@2=0.0000, conv@3=0.0000, conv@5=0.0000, residual@1=2.178363e-02, residual@2=1.913810e-03
     25 total:14.80082 | blocks:2 | L1_step:0.56807 (3.8%) | L2_step:0.03147 (0.2%) L2_final:0.04816 (0.3%) | L3_e3:14.15312 (95.6%) | final_max_PQ:4.655e-01
     50 total:29.60230 | blocks:1 | L1_step:0.19139 (0.6%) | L2_step:0.06724 (0.2%) L2_final:0.10055 (0.3%) | L3_e3:29.24313 (98.8%) | final_max_PQ:1.016e+00
🔘 Epoch 356 No Improvement (13/40) | Val conv@1=0.0000, conv@2=0.0000, conv@3=0.0000, conv@5=0.0000, residual@1=3.953889e-02, residual@2=2.861640e-03
     25 total:10.74428 | blocks:3 | L1_step:0.34430 (3.2%) | L2_step:0.02590 (0.2%) L2_final:0.03789 (0.4%) | L3_e3:10.33619 (96.2%) | final_max_PQ:1.025e-02
     50 total:16.23778 | blocks:2 | L1_step:0.30851 (1.9%) | L2_step:0.03338 (0.2%) L2_final:0.05070 (0.3%) | L3_e3:15.84519 (97.6%) | final_max_PQ:1.022e-01
🔘 Epoch 357 No Improvement (14/40) | Val conv@1=0.0000, conv@2=0.0000, conv@3=0.0000, conv@5=0.0000, residual@1=2.098320e-02, residual@2=2.018877e-03
     25 total:15.14108 | blocks:2 | L1_step:0.38783 (2.6%) | L2_step:0.03059 (0.2%) L2_final:0.03652 (0.2%) | L3_e3:14.68614 (97.0%) | final_max_PQ:3.140e-02
     50 total:17.28408 | blocks:2 | L1_step:0.71980 (4.2%) | L2_step:0.03621 (0.2%) L2_final:0.04993 (0.3%) | L3_e3:16.47814 (95.3%) | final_max_PQ:2.136e-02
🔘 Epoch 358 No Improvement (15/40) | Val conv@1=0.0000, conv@2=0.0000, conv@3=0.0000, conv@5=0.0000, residual@1=2.669326e-02, residual@2=3.616559e-03
     25 total:16.76058 | blocks:2 | L1_step:0.56173 (3.4%) | L2_step:0.03523 (0.2%) L2_final:0.04916 (0.3%) | L3_e3:16.11447 (96.1%) | final_max_PQ:2.607e-02
     50 total:12.81188 | blocks:2 | L1_step:0.33507 (2.6%) | L2_step:0.03406 (0.3%) L2_final:0.04508 (0.4%) | L3_e3:12.39767 (96.8%) | final_max_PQ:6.436e-02
🔘 Epoch 359 No Improvement (16/40) | Val conv@1=0.0000, conv@2=0.0000, conv@3=0.0000, conv@5=0.0000, residual@1=2.732620e-02, residual@2=2.540164e-03
     25 total:10.56168 | blocks:3 | L1_step:0.40601 (3.8%) | L2_step:0.02587 (0.2%) L2_final:0.03657 (0.3%) | L3_e3:10.09322 (95.6%) | final_max_PQ:6.596e-03
     50 total:10.50511 | blocks:3 | L1_step:0.57131 (5.4%) | L2_step:0.02192 (0.2%) L2_final:0.02630 (0.3%) | L3_e3:9.88558 (94.1%) | final_max_PQ:6.864e-03
🔘 Epoch 360 No Improvement (17/40) | Val conv@1=0.0000, conv@2=0.0000, conv@3=0.0000, conv@5=0.0000, residual@1=2.175809e-02, residual@2=2.089937e-03
     25 total:11.69130 | blocks:2 | L1_step:0.41679 (3.6%) | L2_step:0.03153 (0.3%) L2_final:0.03734 (0.3%) | L3_e3:11.20564 (95.8%) | final_max_PQ:1.300e-02
     50 total:10.92076 | blocks:3 | L1_step:0.66376 (6.1%) | L2_step:0.02385 (0.2%) L2_final:0.03065 (0.3%) | L3_e3:10.20250 (93.4%) | final_max_PQ:8.618e-03
🟩 Epoch 361 | Train loss = 12.5269 | Val conv@1=0.0000, conv@2=0.0000, conv@3=0.0000, conv@5=0.0000, residual@1=2.054783e-02, residual@2=1.633422e-03, residual@3=1.133679e-03, excess@2=15.3342, tail@2=2.920476e-01, score=-4.759855 | LR: 1.0000e-03
     25 total:11.94262 | blocks:2 | L1_step:0.40326 (3.4%) | L2_step:0.02680 (0.2%) L2_final:0.03529 (0.3%) | L3_e3:11.47727 (96.1%) | final_max_PQ:2.600e-02
     50 total:10.03632 | blocks:3 | L1_step:0.44656 (4.4%) | L2_step:0.01931 (0.2%) L2_final:0.02363 (0.2%) | L3_e3:9.54682 (95.1%) | final_max_PQ:5.942e-03
🔘 Epoch 362 No Improvement (1/40) | Val conv@1=0.0000, conv@2=0.0000, conv@3=0.0000, conv@5=0.0000, residual@1=2.295319e-02, residual@2=2.057548e-03
     25 total:16.45020 | blocks:3 | L1_step:0.78254 (4.8%) | L2_step:0.02417 (0.1%) L2_final:0.03523 (0.2%) | L3_e3:15.60825 (94.9%) | final_max_PQ:1.226e-02
     50 total:14.02655 | blocks:2 | L1_step:0.93961 (6.7%) | L2_step:0.03121 (0.2%) L2_final:0.04295 (0.3%) | L3_e3:13.01279 (92.8%) | final_max_PQ:3.419e-02
🟩 Epoch 363 | Train loss = 13.7067 | Val conv@1=0.0000, conv@2=0.0000, conv@3=0.0000, conv@5=0.0000, residual@1=2.117989e-02, residual@2=1.613293e-03, residual@3=1.113932e-03, excess@2=15.1329, tail@2=2.866103e-01, score=-4.699094 | LR: 1.0000e-03
     25 total:12.40425 | blocks:3 | L1_step:0.38427 (3.1%) | L2_step:0.02554 (0.2%) L2_final:0.04140 (0.3%) | L3_e3:11.95305 (96.4%) | final_max_PQ:4.963e-02
     50 total:16.62389 | blocks:1 | L1_step:0.50180 (3.0%) | L2_step:0.06111 (0.4%) L2_final:0.06610 (0.4%) | L3_e3:15.99489 (96.2%) | final_max_PQ:6.750e-01
🔘 Epoch 364 No Improvement (1/40) | Val conv@1=0.0000, conv@2=0.0000, conv@3=0.0000, conv@5=0.0000, residual@1=2.303579e-02, residual@2=2.627363e-03
     25 total:13.15423 | blocks:3 | L1_step:0.66032 (5.0%) | L2_step:0.02665 (0.2%) L2_final:0.03944 (0.3%) | L3_e3:12.42782 (94.5%) | final_max_PQ:8.614e-03
     50 total:14.27132 | blocks:3 | L1_step:0.78782 (5.5%) | L2_step:0.02507 (0.2%) L2_final:0.04198 (0.3%) | L3_e3:13.41645 (94.0%) | final_max_PQ:9.593e-03
🔘 Epoch 365 No Improvement (2/40) | Val conv@1=0.0000, conv@2=0.0000, conv@3=0.0000, conv@5=0.0000, residual@1=2.687614e-02, residual@2=1.771090e-03
     25 total:15.66911 | blocks:1 | L1_step:0.59109 (3.8%) | L2_step:0.06048 (0.4%) L2_final:0.08177 (0.5%) | L3_e3:14.93577 (95.3%) | final_max_PQ:8.208e-01
     50 total:11.20582 | blocks:3 | L1_step:0.64018 (5.7%) | L2_step:0.02248 (0.2%) L2_final:0.03402 (0.3%) | L3_e3:10.50915 (93.8%) | final_max_PQ:9.860e-03
🟩 Epoch 366 | Train loss = 14.5849 | Val conv@1=0.0000, conv@2=0.0000, conv@3=0.0000, conv@5=0.0000, residual@1=2.553754e-02, residual@2=1.594027e-03, residual@3=1.050748e-03, excess@2=14.9403, tail@2=2.820440e-01, score=-4.640975 | LR: 1.0000e-03
     25 total:12.78033 | blocks:3 | L1_step:0.63552 (5.0%) | L2_step:0.02276 (0.2%) L2_final:0.03166 (0.2%) | L3_e3:12.09040 (94.6%) | final_max_PQ:1.679e-02
     50 total:14.50729 | blocks:2 | L1_step:0.42010 (2.9%) | L2_step:0.03326 (0.2%) L2_final:0.03971 (0.3%) | L3_e3:14.01423 (96.6%) | final_max_PQ:6.358e-02
🔘 Epoch 367 No Improvement (1/40) | Val conv@1=0.0000, conv@2=0.0000, conv@3=0.0000, conv@5=0.0000, residual@1=2.292610e-02, residual@2=3.053283e-03
     25 total:12.91148 | blocks:2 | L1_step:0.47079 (3.6%) | L2_step:0.02843 (0.2%) L2_final:0.03370 (0.3%) | L3_e3:12.37856 (95.9%) | final_max_PQ:1.874e-02
     50 total:13.19337 | blocks:2 | L1_step:0.70677 (5.4%) | L2_step:0.02981 (0.2%) L2_final:0.03720 (0.3%) | L3_e3:12.41958 (94.1%) | final_max_PQ:5.969e-02
🔘 Epoch 368 No Improvement (2/40) | Val conv@1=0.0000, conv@2=0.0000, conv@3=0.0000, conv@5=0.0000, residual@1=2.274939e-02, residual@2=2.803560e-03
     25 total:11.47540 | blocks:3 | L1_step:0.58120 (5.1%) | L2_step:0.02286 (0.2%) L2_final:0.03769 (0.3%) | L3_e3:10.83365 (94.4%) | final_max_PQ:1.084e-02
     50 total:12.51243 | blocks:3 | L1_step:0.77786 (6.2%) | L2_step:0.02302 (0.2%) L2_final:0.03067 (0.2%) | L3_e3:11.68087 (93.4%) | final_max_PQ:7.091e-03
🔘 Epoch 369 No Improvement (3/40) | Val conv@1=0.0000, conv@2=0.0000, conv@3=0.0000, conv@5=0.0000, residual@1=2.327220e-02, residual@2=2.111831e-03
     25 total:14.05367 | blocks:2 | L1_step:0.53553 (3.8%) | L2_step:0.03034 (0.2%) L2_final:0.03960 (0.3%) | L3_e3:13.44820 (95.7%) | final_max_PQ:1.962e-02
     50 total:10.13842 | blocks:3 | L1_step:0.37322 (3.7%) | L2_step:0.02365 (0.2%) L2_final:0.03999 (0.4%) | L3_e3:9.70157 (95.7%) | final_max_PQ:9.811e-03
🔘 Epoch 370 No Improvement (4/40) | Val conv@1=0.0000, conv@2=0.0000, conv@3=0.0000, conv@5=0.0000, residual@1=2.289526e-02, residual@2=2.018354e-03
     25 total:11.68419 | blocks:2 | L1_step:0.69579 (6.0%) | L2_step:0.02853 (0.2%) L2_final:0.03244 (0.3%) | L3_e3:10.92744 (93.5%) | final_max_PQ:3.067e-02
     50 total:14.53938 | blocks:3 | L1_step:0.74813 (5.1%) | L2_step:0.02195 (0.2%) L2_final:0.02735 (0.2%) | L3_e3:13.74194 (94.5%) | final_max_PQ:8.354e-03
🔘 Epoch 371 No Improvement (5/40) | Val conv@1=0.0000, conv@2=0.0000, conv@3=0.0000, conv@5=0.0000, residual@1=2.643807e-02, residual@2=4.547144e-03
     25 total:14.00324 | blocks:2 | L1_step:0.49257 (3.5%) | L2_step:0.03030 (0.2%) L2_final:0.04057 (0.3%) | L3_e3:13.43980 (96.0%) | final_max_PQ:5.393e-02
     50 total:12.95295 | blocks:3 | L1_step:0.36348 (2.8%) | L2_step:0.02653 (0.2%) L2_final:0.04916 (0.4%) | L3_e3:12.51378 (96.6%) | final_max_PQ:1.335e-02
🔘 Epoch 372 No Improvement (6/40) | Val conv@1=0.0000, conv@2=0.0000, conv@3=0.0000, conv@5=0.0000, residual@1=2.631141e-02, residual@2=2.158397e-03
     25 total:11.22344 | blocks:3 | L1_step:0.42870 (3.8%) | L2_step:0.02232 (0.2%) L2_final:0.02775 (0.2%) | L3_e3:10.74466 (95.7%) | final_max_PQ:8.296e-03
     50 total:14.70501 | blocks:3 | L1_step:0.41576 (2.8%) | L2_step:0.02614 (0.2%) L2_final:0.04147 (0.3%) | L3_e3:14.22163 (96.7%) | final_max_PQ:1.459e-02
🔘 Epoch 373 No Improvement (7/40) | Val conv@1=0.0000, conv@2=0.0000, conv@3=0.0000, conv@5=0.0000, residual@1=2.034459e-02, residual@2=1.964848e-03
     25 total:13.29282 | blocks:2 | L1_step:0.73117 (5.5%) | L2_step:0.02942 (0.2%) L2_final:0.04076 (0.3%) | L3_e3:12.49148 (94.0%) | final_max_PQ:4.880e-01
     50 total:11.49132 | blocks:3 | L1_step:0.76680 (6.7%) | L2_step:0.02341 (0.2%) L2_final:0.02933 (0.3%) | L3_e3:10.67177 (92.9%) | final_max_PQ:9.000e-03
🔘 Epoch 374 No Improvement (8/40) | Val conv@1=0.0000, conv@2=0.0000, conv@3=0.0000, conv@5=0.0000, residual@1=2.218498e-02, residual@2=1.649672e-03
     25 total:13.27193 | blocks:2 | L1_step:0.67761 (5.1%) | L2_step:0.03597 (0.3%) L2_final:0.04725 (0.4%) | L3_e3:12.51110 (94.3%) | final_max_PQ:2.473e-02
     50 total:12.82415 | blocks:3 | L1_step:0.35830 (2.8%) | L2_step:0.02488 (0.2%) L2_final:0.03420 (0.3%) | L3_e3:12.40676 (96.7%) | final_max_PQ:8.461e-03
🔘 Epoch 375 No Improvement (9/40) | Val conv@1=0.0000, conv@2=0.0000, conv@3=0.0000, conv@5=0.0000, residual@1=2.768828e-02, residual@2=2.263722e-03
     25 total:16.97413 | blocks:1 | L1_step:0.24984 (1.5%) | L2_step:0.06023 (0.4%) L2_final:0.07820 (0.5%) | L3_e3:16.58586 (97.7%) | final_max_PQ:1.203e+00
     50 total:13.93946 | blocks:2 | L1_step:0.44620 (3.2%) | L2_step:0.02694 (0.2%) L2_final:0.03410 (0.2%) | L3_e3:13.43222 (96.4%) | final_max_PQ:1.407e-02
🔘 Epoch 376 No Improvement (10/40) | Val conv@1=0.0000, conv@2=0.0000, conv@3=0.0000, conv@5=0.0000, residual@1=2.425982e-02, residual@2=2.256870e-03
     25 total:13.67344 | blocks:2 | L1_step:0.71086 (5.2%) | L2_step:0.03163 (0.2%) L2_final:0.04393 (0.3%) | L3_e3:12.88702 (94.2%) | final_max_PQ:1.186e-01
     50 total:11.80713 | blocks:3 | L1_step:0.71350 (6.0%) | L2_step:0.02398 (0.2%) L2_final:0.03415 (0.3%) | L3_e3:11.03551 (93.5%) | final_max_PQ:7.303e-03
🔘 Epoch 377 No Improvement (11/40) | Val conv@1=0.0000, conv@2=0.0000, conv@3=0.0000, conv@5=0.0000, residual@1=2.317550e-02, residual@2=1.748809e-03
     25 total:14.50231 | blocks:1 | L1_step:0.48555 (3.3%) | L2_step:0.05950 (0.4%) L2_final:0.06981 (0.5%) | L3_e3:13.88744 (95.8%) | final_max_PQ:1.058e+00
     50 total:14.49038 | blocks:2 | L1_step:0.68017 (4.7%) | L2_step:0.03395 (0.2%) L2_final:0.04942 (0.3%) | L3_e3:13.72684 (94.7%) | final_max_PQ:2.118e-02
🔘 Epoch 378 No Improvement (12/40) | Val conv@1=0.0000, conv@2=0.0000, conv@3=0.0000, conv@5=0.0000, residual@1=2.570594e-02, residual@2=2.142771e-03
     25 total:14.67857 | blocks:1 | L1_step:0.16644 (1.1%) | L2_step:0.05968 (0.4%) L2_final:0.06632 (0.5%) | L3_e3:14.38613 (98.0%) | final_max_PQ:7.499e-01
     50 total:13.40127 | blocks:2 | L1_step:0.31298 (2.3%) | L2_step:0.03803 (0.3%) L2_final:0.05684 (0.4%) | L3_e3:12.99342 (97.0%) | final_max_PQ:5.594e-02
🟩 Epoch 379 | Train loss = 12.5923 | Val conv@1=0.0000, conv@2=0.0000, conv@3=0.0000, conv@5=0.0000, residual@1=1.999160e-02, residual@2=1.490083e-03, residual@3=1.028304e-03, excess@2=13.9008, tail@2=2.470336e-01, score=-4.326491 | LR: 1.0000e-03
     25 total:11.52578 | blocks:3 | L1_step:0.61267 (5.3%) | L2_step:0.01974 (0.2%) L2_final:0.02472 (0.2%) | L3_e3:10.86865 (94.3%) | final_max_PQ:7.034e-03
     50 total:11.78703 | blocks:3 | L1_step:0.67592 (5.7%) | L2_step:0.02118 (0.2%) L2_final:0.02899 (0.2%) | L3_e3:11.06094 (93.8%) | final_max_PQ:1.309e-01
🔘 Epoch 380 No Improvement (1/40) | Val conv@1=0.0000, conv@2=0.0000, conv@3=0.0000, conv@5=0.0000, residual@1=1.930578e-02, residual@2=1.624248e-03
     25 total:12.31344 | blocks:2 | L1_step:0.69298 (5.6%) | L2_step:0.03224 (0.3%) L2_final:0.03737 (0.3%) | L3_e3:11.55084 (93.8%) | final_max_PQ:1.800e-01
     50 total:13.81339 | blocks:3 | L1_step:0.40572 (2.9%) | L2_step:0.02018 (0.1%) L2_final:0.02602 (0.2%) | L3_e3:13.36148 (96.7%) | final_max_PQ:7.816e-03
🔘 Epoch 381 No Improvement (2/40) | Val conv@1=0.0000, conv@2=0.0000, conv@3=0.0000, conv@5=0.0000, residual@1=2.105257e-02, residual@2=1.504758e-03
     25 total:11.76813 | blocks:3 | L1_step:0.60030 (5.1%) | L2_step:0.02413 (0.2%) L2_final:0.02857 (0.2%) | L3_e3:11.11514 (94.5%) | final_max_PQ:7.044e-03
     50 total:17.75688 | blocks:2 | L1_step:1.00811 (5.7%) | L2_step:0.02769 (0.2%) L2_final:0.03641 (0.2%) | L3_e3:16.68468 (94.0%) | final_max_PQ:4.781e-02
🔘 Epoch 382 No Improvement (3/40) | Val conv@1=0.0000, conv@2=0.0000, conv@3=0.0000, conv@5=0.0000, residual@1=2.024533e-02, residual@2=1.604466e-03
     25 total:20.15973 | blocks:2 | L1_step:0.40448 (2.0%) | L2_step:0.03510 (0.2%) L2_final:0.05284 (0.3%) | L3_e3:19.66731 (97.6%) | final_max_PQ:1.889e-01
     50 total:12.39389 | blocks:2 | L1_step:0.67443 (5.4%) | L2_step:0.03490 (0.3%) L2_final:0.04914 (0.4%) | L3_e3:11.63541 (93.9%) | final_max_PQ:2.877e-02
🔘 Epoch 383 No Improvement (4/40) | Val conv@1=0.0000, conv@2=0.0000, conv@3=0.0000, conv@5=0.0000, residual@1=1.954288e-02, residual@2=1.508432e-03
     25 total:14.45608 | blocks:2 | L1_step:0.43804 (3.0%) | L2_step:0.03146 (0.2%) L2_final:0.03345 (0.2%) | L3_e3:13.95313 (96.5%) | final_max_PQ:2.254e-02
     50 total:16.26812 | blocks:2 | L1_step:0.32112 (2.0%) | L2_step:0.03325 (0.2%) L2_final:0.04446 (0.3%) | L3_e3:15.86928 (97.5%) | final_max_PQ:1.692e-02
🔘 Epoch 384 No Improvement (5/40) | Val conv@1=0.0000, conv@2=0.0000, conv@3=0.0000, conv@5=0.0000, residual@1=1.994732e-02, residual@2=1.750861e-03
     25 total:28.47046 | blocks:3 | L1_step:0.36389 (1.3%) | L2_step:0.02547 (0.1%) L2_final:0.04391 (0.2%) | L3_e3:28.03719 (98.5%) | final_max_PQ:1.324e-02
     50 total:12.75646 | blocks:2 | L1_step:0.32259 (2.5%) | L2_step:0.03058 (0.2%) L2_final:0.04062 (0.3%) | L3_e3:12.36266 (96.9%) | final_max_PQ:3.470e-02
🔘 Epoch 385 No Improvement (6/40) | Val conv@1=0.0000, conv@2=0.0000, conv@3=0.0000, conv@5=0.0000, residual@1=2.005273e-02, residual@2=2.191141e-03
     25 total:12.66791 | blocks:2 | L1_step:0.73515 (5.8%) | L2_step:0.02723 (0.2%) L2_final:0.02596 (0.2%) | L3_e3:11.87957 (93.8%) | final_max_PQ:1.580e-02
     50 total:11.94368 | blocks:2 | L1_step:0.55167 (4.6%) | L2_step:0.02748 (0.2%) L2_final:0.04202 (0.4%) | L3_e3:11.32251 (94.8%) | final_max_PQ:2.958e-02
🔘 Epoch 386 No Improvement (7/40) | Val conv@1=0.0000, conv@2=0.0000, conv@3=0.0000, conv@5=0.0000, residual@1=2.054160e-02, residual@2=1.838685e-03
     25 total:17.67764 | blocks:2 | L1_step:0.60428 (3.4%) | L2_step:0.03894 (0.2%) L2_final:0.06125 (0.3%) | L3_e3:16.97316 (96.0%) | final_max_PQ:3.258e-02
     50 total:11.37232 | blocks:2 | L1_step:0.76834 (6.8%) | L2_step:0.02482 (0.2%) L2_final:0.02341 (0.2%) | L3_e3:10.55576 (92.8%) | final_max_PQ:1.434e-02
🔘 Epoch 387 No Improvement (8/40) | Val conv@1=0.0000, conv@2=0.0000, conv@3=0.0000, conv@5=0.0000, residual@1=2.194077e-02, residual@2=2.180421e-03
     25 total:16.99489 | blocks:2 | L1_step:0.36215 (2.1%) | L2_step:0.03456 (0.2%) L2_final:0.04737 (0.3%) | L3_e3:16.55081 (97.4%) | final_max_PQ:3.646e-02
     50 total:12.84287 | blocks:2 | L1_step:0.33537 (2.6%) | L2_step:0.03404 (0.3%) L2_final:0.04555 (0.4%) | L3_e3:12.42790 (96.8%) | final_max_PQ:4.798e-02
🔘 Epoch 388 No Improvement (9/40) | Val conv@1=0.0000, conv@2=0.0000, conv@3=0.0000, conv@5=0.0000, residual@1=2.110572e-02, residual@2=2.380702e-03
     25 total:16.03061 | blocks:1 | L1_step:0.18034 (1.1%) | L2_step:0.05020 (0.3%) L2_final:0.06490 (0.4%) | L3_e3:15.73516 (98.2%) | final_max_PQ:1.306e+00
     50 total:14.56627 | blocks:2 | L1_step:0.63748 (4.4%) | L2_step:0.03060 (0.2%) L2_final:0.03888 (0.3%) | L3_e3:13.85931 (95.1%) | final_max_PQ:1.892e-02
🔘 Epoch 389 No Improvement (10/40) | Val conv@1=0.0000, conv@2=0.0000, conv@3=0.0000, conv@5=0.0000, residual@1=3.280426e-02, residual@2=2.350551e-03
     25 total:11.69820 | blocks:2 | L1_step:0.37559 (3.2%) | L2_step:0.02755 (0.2%) L2_final:0.03030 (0.3%) | L3_e3:11.26476 (96.3%) | final_max_PQ:2.440e-02
     50 total:10.89437 | blocks:3 | L1_step:0.72272 (6.6%) | L2_step:0.02650 (0.2%) L2_final:0.05165 (0.5%) | L3_e3:10.09350 (92.6%) | final_max_PQ:1.660e-02
🔘 Epoch 390 No Improvement (11/40) | Val conv@1=0.0000, conv@2=0.0000, conv@3=0.0000, conv@5=0.0000, residual@1=2.120357e-02, residual@2=1.774711e-03
     25 total:15.38932 | blocks:2 | L1_step:0.69560 (4.5%) | L2_step:0.03167 (0.2%) L2_final:0.03994 (0.3%) | L3_e3:14.62212 (95.0%) | final_max_PQ:2.396e-01
     50 total:10.80462 | blocks:3 | L1_step:0.34434 (3.2%) | L2_step:0.02120 (0.2%) L2_final:0.02355 (0.2%) | L3_e3:10.41552 (96.4%) | final_max_PQ:4.825e-03
🔘 Epoch 391 No Improvement (12/40) | Val conv@1=0.0000, conv@2=0.0000, conv@3=0.0000, conv@5=0.0000, residual@1=2.150800e-02, residual@2=1.696486e-03
     25 total:12.57341 | blocks:2 | L1_step:0.59063 (4.7%) | L2_step:0.03424 (0.3%) L2_final:0.05093 (0.4%) | L3_e3:11.89761 (94.6%) | final_max_PQ:2.629e-01
     50 total:12.82843 | blocks:2 | L1_step:0.66150 (5.2%) | L2_step:0.03219 (0.3%) L2_final:0.04182 (0.3%) | L3_e3:12.09292 (94.3%) | final_max_PQ:2.694e-02
🔘 Epoch 392 No Improvement (13/40) | Val conv@1=0.0000, conv@2=0.0000, conv@3=0.0000, conv@5=0.0000, residual@1=2.005137e-02, residual@2=1.814771e-03
     25 total:15.71894 | blocks:2 | L1_step:0.65872 (4.2%) | L2_step:0.02794 (0.2%) L2_final:0.03303 (0.2%) | L3_e3:14.99924 (95.4%) | final_max_PQ:1.751e-02
     50 total:14.19158 | blocks:2 | L1_step:0.69027 (4.9%) | L2_step:0.03042 (0.2%) L2_final:0.03065 (0.2%) | L3_e3:13.44023 (94.7%) | final_max_PQ:1.532e-02
🔘 Epoch 393 No Improvement (14/40) | Val conv@1=0.0000, conv@2=0.0000, conv@3=0.0000, conv@5=0.0000, residual@1=2.105371e-02, residual@2=1.543259e-03
     25 total:15.73503 | blocks:1 | L1_step:0.28025 (1.8%) | L2_step:0.05797 (0.4%) L2_final:0.07869 (0.5%) | L3_e3:15.31812 (97.4%) | final_max_PQ:1.144e+00
     50 total:11.62477 | blocks:3 | L1_step:0.46019 (4.0%) | L2_step:0.02152 (0.2%) L2_final:0.02555 (0.2%) | L3_e3:11.11751 (95.6%) | final_max_PQ:9.183e-03
🔘 Epoch 394 No Improvement (15/40) | Val conv@1=0.0000, conv@2=0.0000, conv@3=0.0000, conv@5=0.0000, residual@1=1.974780e-02, residual@2=1.615426e-03
     25 total:30.17274 | blocks:2 | L1_step:0.59833 (2.0%) | L2_step:0.02736 (0.1%) L2_final:0.04358 (0.1%) | L3_e3:29.50347 (97.8%) | final_max_PQ:1.880e-02
     50 total:19.04593 | blocks:2 | L1_step:0.75561 (4.0%) | L2_step:0.03910 (0.2%) L2_final:0.05826 (0.3%) | L3_e3:18.19296 (95.5%) | final_max_PQ:2.520e-02
🔘 Epoch 395 No Improvement (16/40) | Val conv@1=0.0000, conv@2=0.0000, conv@3=0.0000, conv@5=0.0000, residual@1=2.141359e-02, residual@2=1.917510e-03
     25 total:10.65805 | blocks:3 | L1_step:0.74869 (7.0%) | L2_step:0.02427 (0.2%) L2_final:0.02887 (0.3%) | L3_e3:9.85622 (92.5%) | final_max_PQ:6.196e-03
     50 total:14.30620 | blocks:2 | L1_step:1.03834 (7.3%) | L2_step:0.02657 (0.2%) L2_final:0.03265 (0.2%) | L3_e3:13.20863 (92.3%) | final_max_PQ:1.725e-02
🔘 Epoch 396 No Improvement (17/40) | Val conv@1=0.0000, conv@2=0.0000, conv@3=0.0000, conv@5=0.0000, residual@1=2.041903e-02, residual@2=2.438170e-03
     25 total:15.77469 | blocks:2 | L1_step:0.45399 (2.9%) | L2_step:0.02903 (0.2%) L2_final:0.03787 (0.2%) | L3_e3:15.25379 (96.7%) | final_max_PQ:2.464e-02
     50 total:17.47678 | blocks:1 | L1_step:0.64689 (3.7%) | L2_step:0.05483 (0.3%) L2_final:0.06142 (0.4%) | L3_e3:16.71364 (95.6%) | final_max_PQ:1.016e+00
🔘 Epoch 397 No Improvement (18/40) | Val conv@1=0.0000, conv@2=0.0000, conv@3=0.0000, conv@5=0.0000, residual@1=3.222902e-02, residual@2=1.859024e-03
     25 total:13.03426 | blocks:2 | L1_step:0.33931 (2.6%) | L2_step:0.03190 (0.2%) L2_final:0.03805 (0.3%) | L3_e3:12.62500 (96.9%) | final_max_PQ:3.379e-02
     50 total:13.37901 | blocks:2 | L1_step:0.86659 (6.5%) | L2_step:0.02577 (0.2%) L2_final:0.03021 (0.2%) | L3_e3:12.45643 (93.1%) | final_max_PQ:2.720e-01
🟩 Epoch 398 | Train loss = 12.1037 | Val conv@1=0.0000, conv@2=0.0000, conv@3=0.0000, conv@5=0.0000, residual@1=1.765914e-02, residual@2=1.273550e-03, residual@3=7.936477e-04, excess@2=11.7355, tail@2=6.989436e-01, score=-3.697693 | LR: 1.0000e-03
     25 total:11.60664 | blocks:2 | L1_step:0.56439 (4.9%) | L2_step:0.03006 (0.3%) L2_final:0.03479 (0.3%) | L3_e3:10.97741 (94.6%) | final_max_PQ:3.431e-02
     50 total:10.41772 | blocks:3 | L1_step:0.33103 (3.2%) | L2_step:0.02091 (0.2%) L2_final:0.02279 (0.2%) | L3_e3:10.04300 (96.4%) | final_max_PQ:8.529e-03
🔘 Epoch 399 No Improvement (1/40) | Val conv@1=0.0000, conv@2=0.0000, conv@3=0.0000, conv@5=0.0000, residual@1=1.803559e-02, residual@2=1.362368e-03
     25 total:16.92134 | blocks:1 | L1_step:0.49575 (2.9%) | L2_step:0.05902 (0.3%) L2_final:0.06233 (0.4%) | L3_e3:16.30424 (96.4%) | final_max_PQ:5.447e-01
     50 total:11.05825 | blocks:2 | L1_step:0.68129 (6.2%) | L2_step:0.03139 (0.3%) L2_final:0.03836 (0.3%) | L3_e3:10.30721 (93.2%) | final_max_PQ:2.828e-01
🔘 Epoch 400 No Improvement (2/40) | Val conv@1=0.0000, conv@2=0.0000, conv@3=0.0000, conv@5=0.0000, residual@1=1.679693e-02, residual@2=1.601826e-03
     25 total:15.08181 | blocks:2 | L1_step:0.92547 (6.1%) | L2_step:0.03133 (0.2%) L2_final:0.04059 (0.3%) | L3_e3:14.08441 (93.4%) | final_max_PQ:3.064e-02
     50 total:14.08682 | blocks:2 | L1_step:0.69720 (4.9%) | L2_step:0.02582 (0.2%) L2_final:0.03581 (0.3%) | L3_e3:13.32800 (94.6%) | final_max_PQ:1.085e-01
🔘 Epoch 401 No Improvement (3/40) | Val conv@1=0.0000, conv@2=0.0000, conv@3=0.0000, conv@5=0.0000, residual@1=2.286361e-02, residual@2=1.989207e-03
     25 total:11.69156 | blocks:2 | L1_step:0.75443 (6.5%) | L2_step:0.02999 (0.3%) L2_final:0.03269 (0.3%) | L3_e3:10.87445 (93.0%) | final_max_PQ:4.945e-02
     50 total:12.78237 | blocks:2 | L1_step:0.42310 (3.3%) | L2_step:0.03007 (0.2%) L2_final:0.04464 (0.3%) | L3_e3:12.28455 (96.1%) | final_max_PQ:3.053e-01
🔘 Epoch 402 No Improvement (4/40) | Val conv@1=0.0000, conv@2=0.0000, conv@3=0.0000, conv@5=0.0000, residual@1=2.140583e-02, residual@2=1.729449e-03
     25 total:12.34683 | blocks:3 | L1_step:0.45815 (3.7%) | L2_step:0.02554 (0.2%) L2_final:0.03586 (0.3%) | L3_e3:11.82728 (95.8%) | final_max_PQ:1.043e-02
     50 total:12.99017 | blocks:2 | L1_step:0.63718 (4.9%) | L2_step:0.03529 (0.3%) L2_final:0.05919 (0.5%) | L3_e3:12.25850 (94.4%) | final_max_PQ:2.198e-01
🔘 Epoch 403 No Improvement (5/40) | Val conv@1=0.0000, conv@2=0.0000, conv@3=0.0000, conv@5=0.0000, residual@1=2.097549e-02, residual@2=2.222597e-03
     25 total:13.91515 | blocks:1 | L1_step:0.35894 (2.6%) | L2_step:0.06313 (0.5%) L2_final:0.08075 (0.6%) | L3_e3:13.41233 (96.4%) | final_max_PQ:6.524e-01
     50 total:10.26541 | blocks:3 | L1_step:0.45377 (4.4%) | L2_step:0.02270 (0.2%) L2_final:0.02673 (0.3%) | L3_e3:9.76221 (95.1%) | final_max_PQ:9.080e-03
🔘 Epoch 404 No Improvement (6/40) | Val conv@1=0.0000, conv@2=0.0000, conv@3=0.0000, conv@5=0.0000, residual@1=1.913722e-02, residual@2=2.487612e-03
     25 total:17.61287 | blocks:2 | L1_step:0.62886 (3.6%) | L2_step:0.03381 (0.2%) L2_final:0.05259 (0.3%) | L3_e3:16.89761 (95.9%) | final_max_PQ:2.828e-02
     50 total:9.96787 | blocks:3 | L1_step:0.49164 (4.9%) | L2_step:0.02151 (0.2%) L2_final:0.02534 (0.3%) | L3_e3:9.42939 (94.6%) | final_max_PQ:8.124e-03
🔘 Epoch 405 No Improvement (7/40) | Val conv@1=0.0000, conv@2=0.0000, conv@3=0.0000, conv@5=0.0000, residual@1=2.187776e-02, residual@2=1.302349e-03
     25 total:11.67410 | blocks:2 | L1_step:0.71103 (6.1%) | L2_step:0.02858 (0.2%) L2_final:0.03512 (0.3%) | L3_e3:10.89937 (93.4%) | final_max_PQ:2.048e-02
     50 total:10.94746 | blocks:3 | L1_step:0.42619 (3.9%) | L2_step:0.02234 (0.2%) L2_final:0.03576 (0.3%) | L3_e3:10.46317 (95.6%) | final_max_PQ:2.572e-01
🔘 Epoch 406 No Improvement (8/40) | Val conv@1=0.0000, conv@2=0.0000, conv@3=0.0000, conv@5=0.0000, residual@1=2.160305e-02, residual@2=1.494763e-03
     25 total:17.15348 | blocks:1 | L1_step:0.21446 (1.3%) | L2_step:0.05571 (0.3%) L2_final:0.06465 (0.4%) | L3_e3:16.81866 (98.0%) | final_max_PQ:6.982e-01
     50 total:12.29296 | blocks:2 | L1_step:0.71478 (5.8%) | L2_step:0.02961 (0.2%) L2_final:0.03526 (0.3%) | L3_e3:11.51331 (93.7%) | final_max_PQ:2.020e-02
🔘 Epoch 407 No Improvement (9/40) | Val conv@1=0.0000, conv@2=0.0000, conv@3=0.0000, conv@5=0.0000, residual@1=1.969887e-02, residual@2=1.491273e-03
     25 total:11.90355 | blocks:3 | L1_step:0.68023 (5.7%) | L2_step:0.02180 (0.2%) L2_final:0.03509 (0.3%) | L3_e3:11.16644 (93.8%) | final_max_PQ:8.287e-03
     50 total:11.61211 | blocks:2 | L1_step:0.33729 (2.9%) | L2_step:0.03613 (0.3%) L2_final:0.04433 (0.4%) | L3_e3:11.19437 (96.4%) | final_max_PQ:4.220e-01
🔘 Epoch 408 No Improvement (10/40) | Val conv@1=0.0000, conv@2=0.0000, conv@3=0.0000, conv@5=0.0000, residual@1=7.372073e-02, residual@2=1.358144e-02
     25 total:26.17171 | blocks:2 | L1_step:0.53897 (2.1%) | L2_step:0.03939 (0.2%) L2_final:0.07296 (0.3%) | L3_e3:25.52039 (97.5%) | final_max_PQ:8.992e-02
     50 total:13.58461 | blocks:2 | L1_step:0.75667 (5.6%) | L2_step:0.03306 (0.2%) L2_final:0.05214 (0.4%) | L3_e3:12.74274 (93.8%) | final_max_PQ:3.575e-02
🔘 Epoch 409 No Improvement (11/40) | Val conv@1=0.0000, conv@2=0.0000, conv@3=0.0000, conv@5=0.0000, residual@1=2.162159e-02, residual@2=2.542775e-03
     25 total:11.11837 | blocks:3 | L1_step:0.38432 (3.5%) | L2_step:0.02577 (0.2%) L2_final:0.02921 (0.3%) | L3_e3:10.67906 (96.0%) | final_max_PQ:8.164e-03
     50 total:14.86115 | blocks:2 | L1_step:0.65217 (4.4%) | L2_step:0.02685 (0.2%) L2_final:0.03309 (0.2%) | L3_e3:14.14905 (95.2%) | final_max_PQ:6.001e-02
🔘 Epoch 410 No Improvement (12/40) | Val conv@1=0.0000, conv@2=0.0000, conv@3=0.0000, conv@5=0.0000, residual@1=1.939481e-02, residual@2=2.887344e-03
     25 total:11.75400 | blocks:2 | L1_step:0.42965 (3.7%) | L2_step:0.03448 (0.3%) L2_final:0.04846 (0.4%) | L3_e3:11.24141 (95.6%) | final_max_PQ:4.182e-02
     50 total:16.48793 | blocks:1 | L1_step:0.17372 (1.1%) | L2_step:0.05538 (0.3%) L2_final:0.05973 (0.4%) | L3_e3:16.19910 (98.2%) | final_max_PQ:1.211e+00
🔘 Epoch 411 No Improvement (13/40) | Val conv@1=0.0000, conv@2=0.0000, conv@3=0.0000, conv@5=0.0000, residual@1=1.909598e-02, residual@2=1.445198e-03
     25 total:12.21319 | blocks:2 | L1_step:0.35053 (2.9%) | L2_step:0.03419 (0.3%) L2_final:0.03924 (0.3%) | L3_e3:11.78923 (96.5%) | final_max_PQ:2.849e-02
     50 total:12.07705 | blocks:2 | L1_step:0.32310 (2.7%) | L2_step:0.02438 (0.2%) L2_final:0.02953 (0.2%) | L3_e3:11.70004 (96.9%) | final_max_PQ:3.426e-02
🔘 Epoch 412 No Improvement (14/40) | Val conv@1=0.0000, conv@2=0.0000, conv@3=0.0000, conv@5=0.0000, residual@1=2.002009e-02, residual@2=1.987209e-03
     25 total:11.88502 | blocks:2 | L1_step:0.33870 (2.8%) | L2_step:0.02686 (0.2%) L2_final:0.03075 (0.3%) | L3_e3:11.48872 (96.7%) | final_max_PQ:1.289e-01
     50 total:19.19279 | blocks:2 | L1_step:0.72082 (3.8%) | L2_step:0.03386 (0.2%) L2_final:0.05058 (0.3%) | L3_e3:18.38753 (95.8%) | final_max_PQ:2.789e-02
🔘 Epoch 413 No Improvement (15/40) | Val conv@1=0.0000, conv@2=0.0000, conv@3=0.0000, conv@5=0.0000, residual@1=2.799581e-02, residual@2=2.646463e-03
     25 total:10.62271 | blocks:3 | L1_step:0.33785 (3.2%) | L2_step:0.02316 (0.2%) L2_final:0.02668 (0.3%) | L3_e3:10.23502 (96.4%) | final_max_PQ:9.907e-03
     50 total:13.41504 | blocks:2 | L1_step:0.47062 (3.5%) | L2_step:0.02901 (0.2%) L2_final:0.03393 (0.3%) | L3_e3:12.88148 (96.0%) | final_max_PQ:1.336e-02
🔘 Epoch 414 No Improvement (16/40) | Val conv@1=0.0000, conv@2=0.0000, conv@3=0.0000, conv@5=0.0000, residual@1=1.816360e-02, residual@2=1.355588e-03
     25 total:9.94602 | blocks:3 | L1_step:0.34237 (3.4%) | L2_step:0.02255 (0.2%) L2_final:0.02632 (0.3%) | L3_e3:9.55478 (96.1%) | final_max_PQ:5.386e-03
     50 total:16.00219 | blocks:2 | L1_step:0.73215 (4.6%) | L2_step:0.02648 (0.2%) L2_final:0.03595 (0.2%) | L3_e3:15.20762 (95.0%) | final_max_PQ:3.274e-01
🔘 Epoch 415 No Improvement (17/40) | Val conv@1=0.0000, conv@2=0.0000, conv@3=0.0000, conv@5=0.0000, residual@1=2.062891e-02, residual@2=2.016521e-03
     25 total:13.52988 | blocks:2 | L1_step:0.78917 (5.8%) | L2_step:0.03021 (0.2%) L2_final:0.03743 (0.3%) | L3_e3:12.67307 (93.7%) | final_max_PQ:3.010e-02
     50 total:11.52797 | blocks:2 | L1_step:0.32482 (2.8%) | L2_step:0.02854 (0.2%) L2_final:0.03450 (0.3%) | L3_e3:11.14011 (96.6%) | final_max_PQ:2.177e-02
🔘 Epoch 416 No Improvement (18/40) | Val conv@1=0.0000, conv@2=0.0000, conv@3=0.0000, conv@5=0.0000, residual@1=1.952272e-02, residual@2=3.253569e-03
     25 total:16.49245 | blocks:2 | L1_step:0.41654 (2.5%) | L2_step:0.02895 (0.2%) L2_final:0.03656 (0.2%) | L3_e3:16.01040 (97.1%) | final_max_PQ:2.411e-02
     50 total:12.58759 | blocks:2 | L1_step:0.57911 (4.6%) | L2_step:0.03116 (0.2%) L2_final:0.03472 (0.3%) | L3_e3:11.94261 (94.9%) | final_max_PQ:3.069e-02
🔘 Epoch 417 No Improvement (19/40) | Val conv@1=0.0000, conv@2=0.0000, conv@3=0.0000, conv@5=0.0000, residual@1=1.849074e-02, residual@2=2.151557e-03
     25 total:19.43065 | blocks:3 | L1_step:0.72432 (3.7%) | L2_step:0.02430 (0.1%) L2_final:0.03845 (0.2%) | L3_e3:18.64358 (95.9%) | final_max_PQ:6.992e-03
     50 total:13.46826 | blocks:2 | L1_step:0.94886 (7.0%) | L2_step:0.03496 (0.3%) L2_final:0.04309 (0.3%) | L3_e3:12.44136 (92.4%) | final_max_PQ:1.995e-02
🔘 Epoch 418 No Improvement (20/40) | Val conv@1=0.0000, conv@2=0.0000, conv@3=0.0000, conv@5=0.0000, residual@1=2.078017e-02, residual@2=1.485380e-03
     25 total:11.02788 | blocks:3 | L1_step:0.58768 (5.3%) | L2_step:0.01993 (0.2%) L2_final:0.02371 (0.2%) | L3_e3:10.39656 (94.3%) | final_max_PQ:1.230e-02
     50 total:10.32852 | blocks:2 | L1_step:0.51913 (5.0%) | L2_step:0.02831 (0.3%) L2_final:0.03163 (0.3%) | L3_e3:9.74945 (94.4%) | final_max_PQ:2.827e-02
🔻 LR reduced: 1.00e-03 -> 5.00e-04
🔘 Epoch 419 No Improvement (21/40) | Val conv@1=0.0000, conv@2=0.0000, conv@3=0.0000, conv@5=0.0000, residual@1=1.971601e-02, residual@2=1.797723e-03
     25 total:10.05020 | blocks:2 | L1_step:0.39593 (3.9%) | L2_step:0.02684 (0.3%) L2_final:0.02782 (0.3%) | L3_e3:9.59962 (95.5%) | final_max_PQ:3.663e-01
     50 total:9.65305 | blocks:2 | L1_step:0.32304 (3.3%) | L2_step:0.02813 (0.3%) L2_final:0.02856 (0.3%) | L3_e3:9.27333 (96.1%) | final_max_PQ:2.124e-02
🟩 Epoch 420 | Train loss = 10.3691 | Val conv@1=0.0000, conv@2=0.0000, conv@3=0.0000, conv@5=0.0000, residual@1=1.780363e-02, residual@2=1.073737e-03, residual@3=6.310463e-04, excess@2=9.7374, tail@2=2.684029e-01, score=-3.079112 | LR: 5.0000e-04
     25 total:8.71857 | blocks:3 | L1_step:0.39085 (4.5%) | L2_step:0.01782 (0.2%) L2_final:0.01865 (0.2%) | L3_e3:8.29125 (95.1%) | final_max_PQ:7.505e-03
     50 total:9.16891 | blocks:3 | L1_step:0.75819 (8.3%) | L2_step:0.01825 (0.2%) L2_final:0.02476 (0.3%) | L3_e3:8.36771 (91.3%) | final_max_PQ:7.997e-03
🔘 Epoch 421 No Improvement (1/40) | Val conv@1=0.0000, conv@2=0.0000, conv@3=0.0000, conv@5=0.0000, residual@1=1.615895e-02, residual@2=1.088126e-03
     25 total:9.53896 | blocks:2 | L1_step:0.32843 (3.4%) | L2_step:0.03069 (0.3%) L2_final:0.03354 (0.4%) | L3_e3:9.14630 (95.9%) | final_max_PQ:3.513e-01
     50 total:10.43223 | blocks:2 | L1_step:0.62756 (6.0%) | L2_step:0.02870 (0.3%) L2_final:0.03638 (0.3%) | L3_e3:9.73959 (93.4%) | final_max_PQ:4.126e-01
🔘 Epoch 422 No Improvement (2/40) | Val conv@1=0.0000, conv@2=0.0000, conv@3=0.0000, conv@5=0.0000, residual@1=1.639596e-02, residual@2=1.098663e-03
     25 total:12.57842 | blocks:1 | L1_step:0.19032 (1.5%) | L2_step:0.05750 (0.5%) L2_final:0.05897 (0.5%) | L3_e3:12.27163 (97.6%) | final_max_PQ:6.461e-01
     50 total:7.52395 | blocks:3 | L1_step:0.35095 (4.7%) | L2_step:0.01786 (0.2%) L2_final:0.02138 (0.3%) | L3_e3:7.13376 (94.8%) | final_max_PQ:8.185e-03
🟩 Epoch 423 | Train loss = 9.7657 | Val conv@1=0.0000, conv@2=0.0000, conv@3=0.0000, conv@5=0.0000, residual@1=1.692275e-02, residual@2=1.056901e-03, residual@3=6.278666e-04, excess@2=9.5690, tail@2=3.702675e-01, score=-3.035038 | LR: 5.0000e-04
     25 total:13.54826 | blocks:1 | L1_step:0.17535 (1.3%) | L2_step:0.05921 (0.4%) L2_final:0.07108 (0.5%) | L3_e3:13.24262 (97.7%) | final_max_PQ:1.359e+00
     50 total:8.03557 | blocks:3 | L1_step:0.35134 (4.4%) | L2_step:0.02316 (0.3%) L2_final:0.03244 (0.4%) | L3_e3:7.62862 (94.9%) | final_max_PQ:1.279e-02
🔘 Epoch 424 No Improvement (1/40) | Val conv@1=0.0000, conv@2=0.0000, conv@3=0.0000, conv@5=0.0000, residual@1=1.672711e-02, residual@2=1.343568e-03
     25 total:9.32909 | blocks:2 | L1_step:0.35012 (3.8%) | L2_step:0.02819 (0.3%) L2_final:0.02913 (0.3%) | L3_e3:8.92164 (95.6%) | final_max_PQ:1.420e-02
     50 total:10.42057 | blocks:2 | L1_step:0.33592 (3.2%) | L2_step:0.02739 (0.3%) L2_final:0.03250 (0.3%) | L3_e3:10.02477 (96.2%) | final_max_PQ:2.004e-02
🟩 Epoch 425 | Train loss = 9.6829 | Val conv@1=0.0000, conv@2=0.0000, conv@3=0.0000, conv@5=0.0000, residual@1=1.518927e-02, residual@2=1.004478e-03, residual@3=6.139860e-04, excess@2=9.0448, tail@2=3.331769e-01, score=-2.875659 | LR: 5.0000e-04
     25 total:9.56546 | blocks:2 | L1_step:0.31379 (3.3%) | L2_step:0.02860 (0.3%) L2_final:0.03032 (0.3%) | L3_e3:9.19275 (96.1%) | final_max_PQ:3.443e-01
     50 total:8.47285 | blocks:3 | L1_step:0.44631 (5.3%) | L2_step:0.01848 (0.2%) L2_final:0.02090 (0.2%) | L3_e3:7.98717 (94.3%) | final_max_PQ:6.101e-03
🟩 Epoch 426 | Train loss = 9.6876 | Val conv@1=0.0000, conv@2=0.0000, conv@3=0.0000, conv@5=0.0000, residual@1=1.495267e-02, residual@2=9.839377e-04, residual@3=5.720772e-04, excess@2=8.8394, tail@2=3.891142e-01, score=-2.817142 | LR: 5.0000e-04
     25 total:8.90616 | blocks:2 | L1_step:0.30369 (3.4%) | L2_step:0.02861 (0.3%) L2_final:0.02834 (0.3%) | L3_e3:8.54553 (96.0%) | final_max_PQ:1.625e-02
     50 total:8.35638 | blocks:3 | L1_step:0.33081 (4.0%) | L2_step:0.01982 (0.2%) L2_final:0.02354 (0.3%) | L3_e3:7.98221 (95.5%) | final_max_PQ:7.033e-03
🔘 Epoch 427 No Improvement (1/40) | Val conv@1=0.0000, conv@2=0.0000, conv@3=0.0000, conv@5=0.0000, residual@1=1.639558e-02, residual@2=1.302474e-03
     25 total:9.83051 | blocks:2 | L1_step:0.31362 (3.2%) | L2_step:0.02209 (0.2%) L2_final:0.02120 (0.2%) | L3_e3:9.47360 (96.4%) | final_max_PQ:1.570e-02
     50 total:10.43438 | blocks:2 | L1_step:0.33353 (3.2%) | L2_step:0.03151 (0.3%) L2_final:0.04047 (0.4%) | L3_e3:10.02886 (96.1%) | final_max_PQ:1.647e-02
🔘 Epoch 428 No Improvement (2/40) | Val conv@1=0.0000, conv@2=0.0000, conv@3=0.0000, conv@5=0.0000, residual@1=1.395635e-02, residual@2=1.046092e-03
     25 total:14.08984 | blocks:1 | L1_step:0.17211 (1.2%) | L2_step:0.06516 (0.5%) L2_final:0.06195 (0.4%) | L3_e3:13.79062 (97.9%) | final_max_PQ:5.996e-01
     50 total:9.40628 | blocks:3 | L1_step:0.42316 (4.5%) | L2_step:0.02232 (0.2%) L2_final:0.02814 (0.3%) | L3_e3:8.93267 (95.0%) | final_max_PQ:6.399e-03
🔘 Epoch 429 No Improvement (3/40) | Val conv@1=0.0000, conv@2=0.0000, conv@3=0.0000, conv@5=0.0000, residual@1=1.624803e-02, residual@2=1.175762e-03
     25 total:9.58859 | blocks:3 | L1_step:0.54705 (5.7%) | L2_step:0.01839 (0.2%) L2_final:0.01910 (0.2%) | L3_e3:9.00406 (93.9%) | final_max_PQ:6.632e-03
     50 total:8.39610 | blocks:3 | L1_step:0.38612 (4.6%) | L2_step:0.01903 (0.2%) L2_final:0.02176 (0.3%) | L3_e3:7.96918 (94.9%) | final_max_PQ:1.014e-02
🔘 Epoch 430 No Improvement (4/40) | Val conv@1=0.0000, conv@2=0.0000, conv@3=0.0000, conv@5=0.0000, residual@1=1.556904e-02, residual@2=1.045980e-03
     25 total:7.52321 | blocks:3 | L1_step:0.54777 (7.3%) | L2_step:0.01648 (0.2%) L2_final:0.01594 (0.2%) | L3_e3:6.94301 (92.3%) | final_max_PQ:1.203e-02
     50 total:8.32565 | blocks:3 | L1_step:0.42509 (5.1%) | L2_step:0.02090 (0.3%) L2_final:0.02251 (0.3%) | L3_e3:7.85715 (94.4%) | final_max_PQ:7.054e-03
🔘 Epoch 431 No Improvement (5/40) | Val conv@1=0.0000, conv@2=0.0000, conv@3=0.0000, conv@5=0.0000, residual@1=1.518079e-02, residual@2=9.956991e-04
     25 total:7.13719 | blocks:3 | L1_step:0.32927 (4.6%) | L2_step:0.01555 (0.2%) L2_final:0.01208 (0.2%) | L3_e3:6.78028 (95.0%) | final_max_PQ:5.622e-03
     50 total:9.89479 | blocks:2 | L1_step:0.47875 (4.8%) | L2_step:0.02494 (0.3%) L2_final:0.02332 (0.2%) | L3_e3:9.36778 (94.7%) | final_max_PQ:1.327e-02
🔘 Epoch 432 No Improvement (6/40) | Val conv@1=0.0000, conv@2=0.0000, conv@3=0.0000, conv@5=0.0000, residual@1=1.395608e-02, residual@2=1.074752e-03
     25 total:9.98435 | blocks:2 | L1_step:0.38570 (3.9%) | L2_step:0.02643 (0.3%) L2_final:0.03097 (0.3%) | L3_e3:9.54124 (95.6%) | final_max_PQ:3.031e-01
     50 total:9.44202 | blocks:2 | L1_step:0.31422 (3.3%) | L2_step:0.02926 (0.3%) L2_final:0.02917 (0.3%) | L3_e3:9.06937 (96.1%) | final_max_PQ:1.269e-02
🔘 Epoch 433 No Improvement (7/40) | Val conv@1=0.0000, conv@2=0.0000, conv@3=0.0000, conv@5=0.0000, residual@1=1.447160e-02, residual@2=1.196991e-03
     25 total:11.26715 | blocks:2 | L1_step:0.67706 (6.0%) | L2_step:0.02785 (0.2%) L2_final:0.02965 (0.3%) | L3_e3:10.53259 (93.5%) | final_max_PQ:2.667e-02
     50 total:11.99238 | blocks:2 | L1_step:0.36055 (3.0%) | L2_step:0.02579 (0.2%) L2_final:0.03023 (0.3%) | L3_e3:11.57581 (96.5%) | final_max_PQ:1.771e-02
🔘 Epoch 434 No Improvement (8/40) | Val conv@1=0.0000, conv@2=0.0000, conv@3=0.0000, conv@5=0.0000, residual@1=1.395375e-02, residual@2=9.921235e-04
     25 total:11.06859 | blocks:2 | L1_step:0.32669 (3.0%) | L2_step:0.02556 (0.2%) L2_final:0.02465 (0.2%) | L3_e3:10.69170 (96.6%) | final_max_PQ:4.779e-02
     50 total:10.01433 | blocks:2 | L1_step:0.51189 (5.1%) | L2_step:0.02570 (0.3%) L2_final:0.02443 (0.2%) | L3_e3:9.45230 (94.4%) | final_max_PQ:1.261e-02
🔘 Epoch 435 No Improvement (9/40) | Val conv@1=0.0000, conv@2=0.0000, conv@3=0.0000, conv@5=0.0000, residual@1=1.394316e-02, residual@2=1.628445e-03
     25 total:9.41788 | blocks:2 | L1_step:0.34552 (3.7%) | L2_step:0.02676 (0.3%) L2_final:0.02609 (0.3%) | L3_e3:9.01951 (95.8%) | final_max_PQ:1.206e-02
     50 total:10.00344 | blocks:2 | L1_step:0.44507 (4.4%) | L2_step:0.02515 (0.3%) L2_final:0.02395 (0.2%) | L3_e3:9.50927 (95.1%) | final_max_PQ:1.224e-02
🔘 Epoch 436 No Improvement (10/40) | Val conv@1=0.0000, conv@2=0.0000, conv@3=0.0000, conv@5=0.0000, residual@1=1.477643e-02, residual@2=1.134294e-03
     25 total:9.66070 | blocks:2 | L1_step:0.32757 (3.4%) | L2_step:0.02925 (0.3%) L2_final:0.03486 (0.4%) | L3_e3:9.26902 (95.9%) | final_max_PQ:2.164e-02
     50 total:9.42217 | blocks:3 | L1_step:0.52979 (5.6%) | L2_step:0.02660 (0.3%) L2_final:0.03093 (0.3%) | L3_e3:8.83484 (93.8%) | final_max_PQ:6.022e-03
🔘 Epoch 437 No Improvement (11/40) | Val conv@1=0.0000, conv@2=0.0000, conv@3=0.0000, conv@5=0.0000, residual@1=1.478331e-02, residual@2=1.181983e-03
     25 total:9.41343 | blocks:2 | L1_step:0.33210 (3.5%) | L2_step:0.03001 (0.3%) L2_final:0.03541 (0.4%) | L3_e3:9.01591 (95.8%) | final_max_PQ:2.502e-02
     50 total:10.11725 | blocks:2 | L1_step:0.33584 (3.3%) | L2_step:0.02380 (0.2%) L2_final:0.01966 (0.2%) | L3_e3:9.73795 (96.3%) | final_max_PQ:1.263e-02
🔘 Epoch 438 No Improvement (12/40) | Val conv@1=0.0000, conv@2=0.0000, conv@3=0.0000, conv@5=0.0000, residual@1=1.479850e-02, residual@2=1.202718e-03
     25 total:11.11568 | blocks:1 | L1_step:0.16968 (1.5%) | L2_step:0.04898 (0.4%) L2_final:0.05132 (0.5%) | L3_e3:10.84570 (97.6%) | final_max_PQ:1.051e+00
     50 total:9.41394 | blocks:2 | L1_step:0.32220 (3.4%) | L2_step:0.02844 (0.3%) L2_final:0.02991 (0.3%) | L3_e3:9.03339 (96.0%) | final_max_PQ:1.641e-02
🟩 Epoch 439 | Train loss = 9.2235 | Val conv@1=0.0000, conv@2=0.0000, conv@3=0.0000, conv@5=0.0000, residual@1=1.459819e-02, residual@2=9.381194e-04, residual@3=5.431191e-04, excess@2=8.3812, tail@2=3.471332e-01, score=-2.677404 | LR: 5.0000e-04
     25 total:9.43501 | blocks:2 | L1_step:0.31649 (3.4%) | L2_step:0.02725 (0.3%) L2_final:0.02720 (0.3%) | L3_e3:9.06408 (96.1%) | final_max_PQ:1.460e-02
     50 total:10.52184 | blocks:3 | L1_step:0.49084 (4.7%) | L2_step:0.01995 (0.2%) L2_final:0.02141 (0.2%) | L3_e3:9.98964 (94.9%) | final_max_PQ:6.897e-03
🔘 Epoch 440 No Improvement (1/40) | Val conv@1=0.0000, conv@2=0.0000, conv@3=0.0000, conv@5=0.0000, residual@1=1.407437e-02, residual@2=1.388699e-03
     25 total:10.34010 | blocks:2 | L1_step:0.38442 (3.7%) | L2_step:0.02532 (0.2%) L2_final:0.02900 (0.3%) | L3_e3:9.90135 (95.8%) | final_max_PQ:2.722e-01
     50 total:10.59557 | blocks:2 | L1_step:0.32420 (3.1%) | L2_step:0.02589 (0.2%) L2_final:0.02742 (0.3%) | L3_e3:10.21806 (96.4%) | final_max_PQ:1.856e-02
🔘 Epoch 441 No Improvement (2/40) | Val conv@1=0.0000, conv@2=0.0000, conv@3=0.0000, conv@5=0.0000, residual@1=1.442262e-02, residual@2=1.700546e-03
     25 total:11.72298 | blocks:2 | L1_step:0.37728 (3.2%) | L2_step:0.02685 (0.2%) L2_final:0.02864 (0.2%) | L3_e3:11.29021 (96.3%) | final_max_PQ:2.548e-02
     50 total:8.35070 | blocks:3 | L1_step:0.32723 (3.9%) | L2_step:0.02156 (0.3%) L2_final:0.02154 (0.3%) | L3_e3:7.98036 (95.6%) | final_max_PQ:6.237e-03
🟩 Epoch 442 | Train loss = 10.9649 | Val conv@1=0.0000, conv@2=0.0000, conv@3=0.0000, conv@5=0.0000, residual@1=1.345283e-02, residual@2=8.771732e-04, residual@3=5.433489e-04, excess@2=7.7717, tail@2=1.687705e-01, score=-2.480142 | LR: 5.0000e-04
     25 total:9.27323 | blocks:3 | L1_step:0.47739 (5.1%) | L2_step:0.01909 (0.2%) L2_final:0.01979 (0.2%) | L3_e3:8.75696 (94.4%) | final_max_PQ:9.164e-03
     50 total:8.88719 | blocks:2 | L1_step:0.31071 (3.5%) | L2_step:0.02482 (0.3%) L2_final:0.02042 (0.2%) | L3_e3:8.53123 (96.0%) | final_max_PQ:1.461e-02
🔘 Epoch 443 No Improvement (1/40) | Val conv@1=0.0000, conv@2=0.0000, conv@3=0.0000, conv@5=0.0000, residual@1=1.397827e-02, residual@2=1.033652e-03
     25 total:10.56888 | blocks:2 | L1_step:0.64863 (6.1%) | L2_step:0.02760 (0.3%) L2_final:0.02376 (0.2%) | L3_e3:9.86889 (93.4%) | final_max_PQ:9.543e-03
     50 total:9.98410 | blocks:2 | L1_step:0.64714 (6.5%) | L2_step:0.03067 (0.3%) L2_final:0.02818 (0.3%) | L3_e3:9.27811 (92.9%) | final_max_PQ:1.441e-02
🔘 Epoch 444 No Improvement (2/40) | Val conv@1=0.0000, conv@2=0.0000, conv@3=0.0000, conv@5=0.0000, residual@1=1.324089e-02, residual@2=1.052785e-03
     25 total:10.10304 | blocks:2 | L1_step:0.32693 (3.2%) | L2_step:0.02395 (0.2%) L2_final:0.02131 (0.2%) | L3_e3:9.73085 (96.3%) | final_max_PQ:1.683e-02
     50 total:9.71782 | blocks:2 | L1_step:0.65078 (6.7%) | L2_step:0.02135 (0.2%) L2_final:0.01866 (0.2%) | L3_e3:9.02702 (92.9%) | final_max_PQ:1.739e-02
🔘 Epoch 445 No Improvement (3/40) | Val conv@1=0.0000, conv@2=0.0000, conv@3=0.0000, conv@5=0.0000, residual@1=1.409223e-02, residual@2=1.108974e-03
     25 total:12.63689 | blocks:2 | L1_step:0.34368 (2.7%) | L2_step:0.02087 (0.2%) L2_final:0.02077 (0.2%) | L3_e3:12.25157 (97.0%) | final_max_PQ:1.663e-02
     50 total:8.04329 | blocks:3 | L1_step:0.46304 (5.8%) | L2_step:0.02213 (0.3%) L2_final:0.02109 (0.3%) | L3_e3:7.53703 (93.7%) | final_max_PQ:1.010e-02
🔘 Epoch 446 No Improvement (4/40) | Val conv@1=0.0000, conv@2=0.0000, conv@3=0.0000, conv@5=0.0000, residual@1=1.412866e-02, residual@2=1.015477e-03
     25 total:12.89156 | blocks:2 | L1_step:0.30000 (2.3%) | L2_step:0.02407 (0.2%) L2_final:0.02398 (0.2%) | L3_e3:12.54351 (97.3%) | final_max_PQ:3.653e-02
     50 total:9.92124 | blocks:3 | L1_step:0.73996 (7.5%) | L2_step:0.01861 (0.2%) L2_final:0.01841 (0.2%) | L3_e3:9.14426 (92.2%) | final_max_PQ:6.948e-03
🔘 Epoch 447 No Improvement (5/40) | Val conv@1=0.0000, conv@2=0.0000, conv@3=0.0000, conv@5=0.0000, residual@1=1.246608e-02, residual@2=9.502820e-04
     25 total:10.75305 | blocks:2 | L1_step:0.30614 (2.8%) | L2_step:0.02837 (0.3%) L2_final:0.02924 (0.3%) | L3_e3:10.38931 (96.6%) | final_max_PQ:1.573e-02
     50 total:7.39793 | blocks:3 | L1_step:0.34531 (4.7%) | L2_step:0.01866 (0.3%) L2_final:0.02011 (0.3%) | L3_e3:7.01385 (94.8%) | final_max_PQ:7.519e-03
🔘 Epoch 448 No Improvement (6/40) | Val conv@1=0.0000, conv@2=0.0000, conv@3=0.0000, conv@5=0.0000, residual@1=1.361318e-02, residual@2=2.474650e-03
     25 total:8.84113 | blocks:3 | L1_step:0.33639 (3.8%) | L2_step:0.01936 (0.2%) L2_final:0.02059 (0.2%) | L3_e3:8.46479 (95.7%) | final_max_PQ:5.588e-03
     50 total:12.81959 | blocks:1 | L1_step:0.17293 (1.3%) | L2_step:0.05086 (0.4%) L2_final:0.04973 (0.4%) | L3_e3:12.54606 (97.9%) | final_max_PQ:4.765e-01
🔘 Epoch 449 No Improvement (7/40) | Val conv@1=0.0000, conv@2=0.0000, conv@3=0.0000, conv@5=0.0000, residual@1=1.231660e-02, residual@2=1.226605e-03
     25 total:10.56073 | blocks:2 | L1_step:0.30032 (2.8%) | L2_step:0.02896 (0.3%) L2_final:0.02789 (0.3%) | L3_e3:10.20356 (96.6%) | final_max_PQ:1.129e-02
     50 total:10.61566 | blocks:2 | L1_step:0.30828 (2.9%) | L2_step:0.02282 (0.2%) L2_final:0.02048 (0.2%) | L3_e3:10.26408 (96.7%) | final_max_PQ:1.236e-02
🟩 Epoch 450 | Train loss = 9.5997 | Val conv@1=0.0000, conv@2=0.0000, conv@3=0.0000, conv@5=0.0000, residual@1=1.143106e-02, residual@2=8.536673e-04, residual@3=5.335209e-04, excess@2=7.5367, tail@2=2.210095e-01, score=-2.415018 | LR: 5.0000e-04
     25 total:9.66423 | blocks:2 | L1_step:0.30135 (3.1%) | L2_step:0.02323 (0.2%) L2_final:0.01922 (0.2%) | L3_e3:9.32043 (96.4%) | final_max_PQ:1.695e-02
     50 total:10.06320 | blocks:2 | L1_step:0.32038 (3.2%) | L2_step:0.02854 (0.3%) L2_final:0.03453 (0.3%) | L3_e3:9.67976 (96.2%) | final_max_PQ:3.134e-01
🔘 Epoch 451 No Improvement (1/40) | Val conv@1=0.0000, conv@2=0.0000, conv@3=0.0000, conv@5=0.0000, residual@1=1.206975e-02, residual@2=1.136350e-03
     25 total:7.59223 | blocks:3 | L1_step:0.33368 (4.4%) | L2_step:0.01942 (0.3%) L2_final:0.01954 (0.3%) | L3_e3:7.21959 (95.1%) | final_max_PQ:8.287e-03
     50 total:10.73203 | blocks:2 | L1_step:0.30904 (2.9%) | L2_step:0.02593 (0.2%) L2_final:0.02318 (0.2%) | L3_e3:10.37388 (96.7%) | final_max_PQ:1.831e-02
🔘 Epoch 452 No Improvement (2/40) | Val conv@1=0.0000, conv@2=0.0000, conv@3=0.0000, conv@5=0.0000, residual@1=1.196389e-02, residual@2=1.037051e-03
     25 total:12.06060 | blocks:2 | L1_step:0.63354 (5.3%) | L2_step:0.03211 (0.3%) L2_final:0.03920 (0.3%) | L3_e3:11.35575 (94.2%) | final_max_PQ:2.712e-01
     50 total:8.28002 | blocks:3 | L1_step:0.36068 (4.4%) | L2_step:0.01949 (0.2%) L2_final:0.02288 (0.3%) | L3_e3:7.87697 (95.1%) | final_max_PQ:5.172e-03
🔘 Epoch 453 No Improvement (3/40) | Val conv@1=0.0000, conv@2=0.0000, conv@3=0.0000, conv@5=0.0000, residual@1=1.401194e-02, residual@2=1.212627e-03
     25 total:10.52799 | blocks:2 | L1_step:0.60862 (5.8%) | L2_step:0.02490 (0.2%) L2_final:0.02637 (0.3%) | L3_e3:9.86811 (93.7%) | final_max_PQ:1.612e-02
     50 total:8.82415 | blocks:3 | L1_step:0.35788 (4.1%) | L2_step:0.02035 (0.2%) L2_final:0.02034 (0.2%) | L3_e3:8.42558 (95.5%) | final_max_PQ:4.818e-03
🔘 Epoch 454 No Improvement (4/40) | Val conv@1=0.0000, conv@2=0.0000, conv@3=0.0000, conv@5=0.0000, residual@1=1.269207e-02, residual@2=9.568976e-04
     25 total:9.58701 | blocks:2 | L1_step:0.38376 (4.0%) | L2_step:0.02292 (0.2%) L2_final:0.02243 (0.2%) | L3_e3:9.15790 (95.5%) | final_max_PQ:1.390e-02
     50 total:9.43392 | blocks:2 | L1_step:0.31030 (3.3%) | L2_step:0.02697 (0.3%) L2_final:0.02866 (0.3%) | L3_e3:9.06799 (96.1%) | final_max_PQ:1.408e-02
🔘 Epoch 455 No Improvement (5/40) | Val conv@1=0.0000, conv@2=0.0000, conv@3=0.0000, conv@5=0.0000, residual@1=1.216628e-02, residual@2=1.171929e-03
     25 total:10.88527 | blocks:2 | L1_step:0.42629 (3.9%) | L2_step:0.02396 (0.2%) L2_final:0.02152 (0.2%) | L3_e3:10.41351 (95.7%) | final_max_PQ:2.548e-02
     50 total:9.55305 | blocks:2 | L1_step:0.78297 (8.2%) | L2_step:0.01917 (0.2%) L2_final:0.01629 (0.2%) | L3_e3:8.73461 (91.4%) | final_max_PQ:1.806e-02
🔘 Epoch 456 No Improvement (6/40) | Val conv@1=0.0000, conv@2=0.0000, conv@3=0.0000, conv@5=0.0000, residual@1=1.335933e-02, residual@2=1.307831e-03
     25 total:11.88364 | blocks:2 | L1_step:0.33259 (2.8%) | L2_step:0.02645 (0.2%) L2_final:0.02655 (0.2%) | L3_e3:11.49805 (96.8%) | final_max_PQ:7.834e-02
     50 total:10.72443 | blocks:2 | L1_step:0.40390 (3.8%) | L2_step:0.02776 (0.3%) L2_final:0.02636 (0.2%) | L3_e3:10.26640 (95.7%) | final_max_PQ:1.254e-02
🔘 Epoch 457 No Improvement (7/40) | Val conv@1=0.0000, conv@2=0.0000, conv@3=0.0000, conv@5=0.0000, residual@1=1.311350e-02, residual@2=1.144736e-03
     25 total:11.77989 | blocks:2 | L1_step:0.33991 (2.9%) | L2_step:0.02483 (0.2%) L2_final:0.02364 (0.2%) | L3_e3:11.39151 (96.7%) | final_max_PQ:1.662e-02
     50 total:8.90119 | blocks:2 | L1_step:0.39565 (4.4%) | L2_step:0.02583 (0.3%) L2_final:0.02641 (0.3%) | L3_e3:8.45330 (95.0%) | final_max_PQ:1.698e-02
🔘 Epoch 458 No Improvement (8/40) | Val conv@1=0.0000, conv@2=0.0000, conv@3=0.0000, conv@5=0.0000, residual@1=1.221357e-02, residual@2=9.336513e-04
     25 total:7.14323 | blocks:3 | L1_step:0.32832 (4.6%) | L2_step:0.02000 (0.3%) L2_final:0.01839 (0.3%) | L3_e3:6.77652 (94.9%) | final_max_PQ:4.939e-03
     50 total:8.91311 | blocks:2 | L1_step:0.31266 (3.5%) | L2_step:0.02634 (0.3%) L2_final:0.02645 (0.3%) | L3_e3:8.54766 (95.9%) | final_max_PQ:1.094e-01
🔘 Epoch 459 No Improvement (9/40) | Val conv@1=0.0000, conv@2=0.0000, conv@3=0.0000, conv@5=0.0000, residual@1=1.274019e-02, residual@2=9.608361e-04
     25 total:10.23615 | blocks:2 | L1_step:0.32576 (3.2%) | L2_step:0.02529 (0.2%) L2_final:0.02498 (0.2%) | L3_e3:9.86011 (96.3%) | final_max_PQ:2.149e-02
     50 total:8.91908 | blocks:2 | L1_step:0.42650 (4.8%) | L2_step:0.02368 (0.3%) L2_final:0.02419 (0.3%) | L3_e3:8.44471 (94.7%) | final_max_PQ:2.638e-02
🔘 Epoch 460 No Improvement (10/40) | Val conv@1=0.0000, conv@2=0.0000, conv@3=0.0000, conv@5=0.0000, residual@1=1.158481e-02, residual@2=1.102747e-03
     25 total:10.68667 | blocks:2 | L1_step:0.94485 (8.8%) | L2_step:0.02429 (0.2%) L2_final:0.02343 (0.2%) | L3_e3:9.69411 (90.7%) | final_max_PQ:5.739e-02
     50 total:8.88635 | blocks:2 | L1_step:0.34552 (3.9%) | L2_step:0.02602 (0.3%) L2_final:0.02697 (0.3%) | L3_e3:8.48784 (95.5%) | final_max_PQ:2.596e-01
🔘 Epoch 461 No Improvement (11/40) | Val conv@1=0.0000, conv@2=0.0000, conv@3=0.0000, conv@5=0.0000, residual@1=1.171964e-02, residual@2=1.095672e-03
     25 total:10.53343 | blocks:2 | L1_step:0.41708 (4.0%) | L2_step:0.03496 (0.3%) L2_final:0.05891 (0.6%) | L3_e3:10.02248 (95.1%) | final_max_PQ:7.299e-02
     50 total:8.22587 | blocks:3 | L1_step:0.32748 (4.0%) | L2_step:0.02567 (0.3%) L2_final:0.02752 (0.3%) | L3_e3:7.84519 (95.4%) | final_max_PQ:5.352e-03
🔘 Epoch 462 No Improvement (12/40) | Val conv@1=0.0000, conv@2=0.0000, conv@3=0.0000, conv@5=0.0000, residual@1=1.147445e-02, residual@2=1.342137e-03
     25 total:9.40743 | blocks:2 | L1_step:0.32082 (3.4%) | L2_step:0.02635 (0.3%) L2_final:0.02412 (0.3%) | L3_e3:9.03615 (96.1%) | final_max_PQ:2.464e-02
     50 total:11.35083 | blocks:2 | L1_step:0.32137 (2.8%) | L2_step:0.02920 (0.3%) L2_final:0.02856 (0.3%) | L3_e3:10.97170 (96.7%) | final_max_PQ:1.495e-02
🔘 Epoch 463 No Improvement (13/40) | Val conv@1=0.0000, conv@2=0.0000, conv@3=0.0000, conv@5=0.0000, residual@1=1.213959e-02, residual@2=1.469505e-03
     25 total:9.54893 | blocks:2 | L1_step:0.30583 (3.2%) | L2_step:0.02996 (0.3%) L2_final:0.02921 (0.3%) | L3_e3:9.18393 (96.2%) | final_max_PQ:2.032e-02
     50 total:12.30776 | blocks:1 | L1_step:0.17747 (1.4%) | L2_step:0.06300 (0.5%) L2_final:0.05849 (0.5%) | L3_e3:12.00880 (97.6%) | final_max_PQ:6.907e-01
🔘 Epoch 464 No Improvement (14/40) | Val conv@1=0.0000, conv@2=0.0000, conv@3=0.0000, conv@5=0.0000, residual@1=1.114659e-02, residual@2=1.031937e-03
     25 total:8.79588 | blocks:2 | L1_step:0.49040 (5.6%) | L2_step:0.02436 (0.3%) L2_final:0.01999 (0.2%) | L3_e3:8.26113 (93.9%) | final_max_PQ:1.120e-02
     50 total:12.26700 | blocks:1 | L1_step:0.23133 (1.9%) | L2_step:0.04821 (0.4%) L2_final:0.04445 (0.4%) | L3_e3:11.94301 (97.4%) | final_max_PQ:5.621e-01
🔘 Epoch 465 No Improvement (15/40) | Val conv@1=0.0000, conv@2=0.0000, conv@3=0.0000, conv@5=0.0000, residual@1=1.227723e-02, residual@2=9.698979e-04
     25 total:8.48275 | blocks:3 | L1_step:0.34881 (4.1%) | L2_step:0.01864 (0.2%) L2_final:0.01868 (0.2%) | L3_e3:8.09663 (95.4%) | final_max_PQ:4.850e-03
     50 total:7.59172 | blocks:3 | L1_step:0.32568 (4.3%) | L2_step:0.01871 (0.2%) L2_final:0.01699 (0.2%) | L3_e3:7.23034 (95.2%) | final_max_PQ:4.878e-03
🔘 Epoch 466 No Improvement (16/40) | Val conv@1=0.0000, conv@2=0.0000, conv@3=0.0000, conv@5=0.0000, residual@1=1.322460e-02, residual@2=1.070712e-03
     25 total:12.08437 | blocks:1 | L1_step:0.19774 (1.6%) | L2_step:0.04807 (0.4%) L2_final:0.03693 (0.3%) | L3_e3:11.80163 (97.7%) | final_max_PQ:4.834e-01
     50 total:9.60310 | blocks:2 | L1_step:0.30714 (3.2%) | L2_step:0.02437 (0.3%) L2_final:0.02096 (0.2%) | L3_e3:9.25063 (96.3%) | final_max_PQ:1.566e-02
🔘 Epoch 467 No Improvement (17/40) | Val conv@1=0.0000, conv@2=0.0000, conv@3=0.0000, conv@5=0.0000, residual@1=1.167184e-02, residual@2=1.101820e-03
     25 total:10.63947 | blocks:2 | L1_step:0.37487 (3.5%) | L2_step:0.02859 (0.3%) L2_final:0.03053 (0.3%) | L3_e3:10.20549 (95.9%) | final_max_PQ:2.506e-02
     50 total:8.20404 | blocks:2 | L1_step:0.30322 (3.7%) | L2_step:0.02386 (0.3%) L2_final:0.02291 (0.3%) | L3_e3:7.85406 (95.7%) | final_max_PQ:1.637e-02
🔘 Epoch 468 No Improvement (18/40) | Val conv@1=0.0000, conv@2=0.0000, conv@3=0.0000, conv@5=0.0000, residual@1=1.236239e-02, residual@2=1.416107e-03
     25 total:8.68694 | blocks:3 | L1_step:0.41627 (4.8%) | L2_step:0.01452 (0.2%) L2_final:0.01313 (0.2%) | L3_e3:8.24302 (94.9%) | final_max_PQ:7.671e-03
     50 total:11.34897 | blocks:2 | L1_step:0.44980 (4.0%) | L2_step:0.02292 (0.2%) L2_final:0.02204 (0.2%) | L3_e3:10.85421 (95.6%) | final_max_PQ:2.926e-02
🟩 Epoch 469 | Train loss = 10.1314 | Val conv@1=0.0000, conv@2=0.0000, conv@3=0.0000, conv@5=0.0000, residual@1=1.094069e-02, residual@2=8.549177e-04, residual@3=5.671513e-04, excess@2=7.5492, tail@2=5.075486e-02, score=-2.389345 | LR: 5.0000e-04
     25 total:8.68506 | blocks:3 | L1_step:0.33324 (3.8%) | L2_step:0.02055 (0.2%) L2_final:0.01905 (0.2%) | L3_e3:8.31222 (95.7%) | final_max_PQ:5.598e-03
     50 total:8.71861 | blocks:2 | L1_step:0.36015 (4.1%) | L2_step:0.02290 (0.3%) L2_final:0.02264 (0.3%) | L3_e3:8.31293 (95.3%) | final_max_PQ:1.146e-02
🔘 Epoch 470 No Improvement (1/40) | Val conv@1=0.0000, conv@2=0.0000, conv@3=0.0000, conv@5=0.0000, residual@1=1.272364e-02, residual@2=9.329484e-04
     25 total:10.29727 | blocks:2 | L1_step:0.32730 (3.2%) | L2_step:0.03228 (0.3%) L2_final:0.03189 (0.3%) | L3_e3:9.90580 (96.2%) | final_max_PQ:2.676e-02
     50 total:12.32815 | blocks:2 | L1_step:0.73335 (5.9%) | L2_step:0.02630 (0.2%) L2_final:0.02561 (0.2%) | L3_e3:11.54290 (93.6%) | final_max_PQ:2.395e-02
🔘 Epoch 471 No Improvement (2/40) | Val conv@1=0.0000, conv@2=0.0000, conv@3=0.0000, conv@5=0.0000, residual@1=1.229926e-02, residual@2=1.212902e-03
     25 total:11.44960 | blocks:2 | L1_step:0.42412 (3.7%) | L2_step:0.02615 (0.2%) L2_final:0.02631 (0.2%) | L3_e3:10.97302 (95.8%) | final_max_PQ:1.734e-02
     50 total:9.59909 | blocks:2 | L1_step:0.35560 (3.7%) | L2_step:0.02933 (0.3%) L2_final:0.02705 (0.3%) | L3_e3:9.18711 (95.7%) | final_max_PQ:1.413e-02
🔘 Epoch 472 No Improvement (3/40) | Val conv@1=0.0000, conv@2=0.0000, conv@3=0.0000, conv@5=0.0000, residual@1=1.225037e-02, residual@2=1.154108e-03
     25 total:9.34911 | blocks:2 | L1_step:0.40189 (4.3%) | L2_step:0.02247 (0.2%) L2_final:0.02161 (0.2%) | L3_e3:8.90314 (95.2%) | final_max_PQ:8.367e-02
     50 total:8.49990 | blocks:3 | L1_step:0.34240 (4.0%) | L2_step:0.01998 (0.2%) L2_final:0.02216 (0.3%) | L3_e3:8.11537 (95.5%) | final_max_PQ:6.847e-03
🔘 Epoch 473 No Improvement (4/40) | Val conv@1=0.0000, conv@2=0.0000, conv@3=0.0000, conv@5=0.0000, residual@1=1.223613e-02, residual@2=8.455538e-04
     25 total:11.17281 | blocks:3 | L1_step:1.03375 (9.3%) | L2_step:0.01710 (0.2%) L2_final:0.01571 (0.1%) | L3_e3:10.10625 (90.5%) | final_max_PQ:5.519e-03
     50 total:9.74290 | blocks:3 | L1_step:0.75092 (7.7%) | L2_step:0.01837 (0.2%) L2_final:0.02164 (0.2%) | L3_e3:8.95197 (91.9%) | final_max_PQ:6.618e-03
🔘 Epoch 474 No Improvement (5/40) | Val conv@1=0.0000, conv@2=0.0000, conv@3=0.0000, conv@5=0.0000, residual@1=1.494196e-02, residual@2=1.188252e-03
     25 total:13.29672 | blocks:1 | L1_step:0.30154 (2.3%) | L2_step:0.05398 (0.4%) L2_final:0.04638 (0.3%) | L3_e3:12.89482 (97.0%) | final_max_PQ:5.257e-01
     50 total:9.54823 | blocks:2 | L1_step:0.44256 (4.6%) | L2_step:0.02802 (0.3%) L2_final:0.02745 (0.3%) | L3_e3:9.05020 (94.8%) | final_max_PQ:1.752e-02
🔘 Epoch 475 No Improvement (6/40) | Val conv@1=0.0000, conv@2=0.0000, conv@3=0.0000, conv@5=0.0000, residual@1=1.263360e-02, residual@2=1.082076e-03
     25 total:9.58825 | blocks:2 | L1_step:0.36653 (3.8%) | L2_step:0.02499 (0.3%) L2_final:0.02221 (0.2%) | L3_e3:9.17452 (95.7%) | final_max_PQ:2.030e-01
     50 total:15.04013 | blocks:3 | L1_step:0.35724 (2.4%) | L2_step:0.01715 (0.1%) L2_final:0.01754 (0.1%) | L3_e3:14.64821 (97.4%) | final_max_PQ:3.944e-03
🔘 Epoch 476 No Improvement (7/40) | Val conv@1=0.0000, conv@2=0.0000, conv@3=0.0000, conv@5=0.0000, residual@1=1.312391e-02, residual@2=1.078934e-03
     25 total:14.13097 | blocks:2 | L1_step:0.30594 (2.2%) | L2_step:0.02818 (0.2%) L2_final:0.02668 (0.2%) | L3_e3:13.77017 (97.4%) | final_max_PQ:1.778e-02
     50 total:9.54416 | blocks:2 | L1_step:0.32380 (3.4%) | L2_step:0.02734 (0.3%) L2_final:0.02511 (0.3%) | L3_e3:9.16791 (96.1%) | final_max_PQ:1.347e-02
🔘 Epoch 477 No Improvement (8/40) | Val conv@1=0.0000, conv@2=0.0000, conv@3=0.0000, conv@5=0.0000, residual@1=1.214669e-02, residual@2=1.033657e-03
     25 total:8.79469 | blocks:3 | L1_step:0.33322 (3.8%) | L2_step:0.01857 (0.2%) L2_final:0.01840 (0.2%) | L3_e3:8.42449 (95.8%) | final_max_PQ:6.444e-03
     50 total:11.60226 | blocks:1 | L1_step:0.16981 (1.5%) | L2_step:0.04014 (0.3%) L2_final:0.03159 (0.3%) | L3_e3:11.36073 (97.9%) | final_max_PQ:3.311e-01
🔘 Epoch 478 No Improvement (9/40) | Val conv@1=0.0000, conv@2=0.0000, conv@3=0.0000, conv@5=0.0000, residual@1=1.154742e-02, residual@2=8.889284e-04
     25 total:10.78306 | blocks:2 | L1_step:0.35994 (3.3%) | L2_step:0.03222 (0.3%) L2_final:0.03689 (0.3%) | L3_e3:10.35400 (96.0%) | final_max_PQ:2.232e-02
     50 total:9.18275 | blocks:2 | L1_step:0.34112 (3.7%) | L2_step:0.02201 (0.2%) L2_final:0.01680 (0.2%) | L3_e3:8.80282 (95.9%) | final_max_PQ:9.754e-03
🟩 Epoch 479 | Train loss = 9.4210 | Val conv@1=0.0000, conv@2=0.0000, conv@3=0.0000, conv@5=0.0000, residual@1=1.164335e-02, residual@2=8.405731e-04, residual@3=4.871440e-04, excess@2=7.4057, tail@2=3.113270e-01, score=-2.382588 | LR: 5.0000e-04
     25 total:9.19453 | blocks:2 | L1_step:0.50046 (5.4%) | L2_step:0.02410 (0.3%) L2_final:0.02419 (0.3%) | L3_e3:8.64578 (94.0%) | final_max_PQ:2.078e-01
     50 total:9.75256 | blocks:3 | L1_step:0.34522 (3.5%) | L2_step:0.02148 (0.2%) L2_final:0.02034 (0.2%) | L3_e3:9.36553 (96.0%) | final_max_PQ:8.163e-03
🔘 Epoch 480 No Improvement (1/40) | Val conv@1=0.0000, conv@2=0.0000, conv@3=0.0000, conv@5=0.0000, residual@1=1.218905e-02, residual@2=1.252922e-03
     25 total:12.27152 | blocks:2 | L1_step:0.40104 (3.3%) | L2_step:0.02349 (0.2%) L2_final:0.02342 (0.2%) | L3_e3:11.82357 (96.3%) | final_max_PQ:2.278e-02
     50 total:9.73403 | blocks:2 | L1_step:0.30941 (3.2%) | L2_step:0.02693 (0.3%) L2_final:0.02213 (0.2%) | L3_e3:9.37556 (96.3%) | final_max_PQ:1.275e-02
🔘 Epoch 481 No Improvement (2/40) | Val conv@1=0.0000, conv@2=0.0000, conv@3=0.0000, conv@5=0.0000, residual@1=1.140703e-02, residual@2=1.251314e-03
     25 total:9.48730 | blocks:2 | L1_step:0.37080 (3.9%) | L2_step:0.02046 (0.2%) L2_final:0.01631 (0.2%) | L3_e3:9.07973 (95.7%) | final_max_PQ:1.089e-02
     50 total:11.00706 | blocks:2 | L1_step:0.79430 (7.2%) | L2_step:0.02315 (0.2%) L2_final:0.02270 (0.2%) | L3_e3:10.16691 (92.4%) | final_max_PQ:1.884e-02
🔘 Epoch 482 No Improvement (3/40) | Val conv@1=0.0000, conv@2=0.0000, conv@3=0.0000, conv@5=0.0000, residual@1=1.138143e-02, residual@2=1.210902e-03
     25 total:7.50810 | blocks:3 | L1_step:0.42923 (5.7%) | L2_step:0.01502 (0.2%) L2_final:0.01486 (0.2%) | L3_e3:7.04898 (93.9%) | final_max_PQ:6.949e-03
     50 total:9.71380 | blocks:2 | L1_step:0.31805 (3.3%) | L2_step:0.03040 (0.3%) L2_final:0.02772 (0.3%) | L3_e3:9.33763 (96.1%) | final_max_PQ:1.847e-02
🔘 Epoch 483 No Improvement (4/40) | Val conv@1=0.0000, conv@2=0.0000, conv@3=0.0000, conv@5=0.0000, residual@1=1.113840e-02, residual@2=9.288160e-04
     25 total:8.40592 | blocks:2 | L1_step:0.32438 (3.9%) | L2_step:0.02149 (0.3%) L2_final:0.02067 (0.2%) | L3_e3:8.03938 (95.6%) | final_max_PQ:3.359e-01
     50 total:11.71107 | blocks:2 | L1_step:0.69493 (5.9%) | L2_step:0.02736 (0.2%) L2_final:0.02497 (0.2%) | L3_e3:10.96382 (93.6%) | final_max_PQ:3.577e-02
🔘 Epoch 484 No Improvement (5/40) | Val conv@1=0.0000, conv@2=0.0000, conv@3=0.0000, conv@5=0.0000, residual@1=1.228754e-02, residual@2=1.361188e-03
     25 total:12.62059 | blocks:1 | L1_step:0.17473 (1.4%) | L2_step:0.04343 (0.3%) L2_final:0.03316 (0.3%) | L3_e3:12.36927 (98.0%) | final_max_PQ:5.127e-01
     50 total:9.02278 | blocks:2 | L1_step:0.44382 (4.9%) | L2_step:0.02635 (0.3%) L2_final:0.02307 (0.3%) | L3_e3:8.52955 (94.5%) | final_max_PQ:1.083e-02
🔘 Epoch 485 No Improvement (6/40) | Val conv@1=0.0000, conv@2=0.0000, conv@3=0.0000, conv@5=0.0000, residual@1=1.135408e-02, residual@2=1.045322e-03
     25 total:9.39417 | blocks:2 | L1_step:0.37099 (3.9%) | L2_step:0.02642 (0.3%) L2_final:0.02447 (0.3%) | L3_e3:8.97228 (95.5%) | final_max_PQ:1.208e-02
     50 total:11.74705 | blocks:2 | L1_step:0.58000 (4.9%) | L2_step:0.02469 (0.2%) L2_final:0.02515 (0.2%) | L3_e3:11.11721 (94.6%) | final_max_PQ:1.412e-01
🔘 Epoch 486 No Improvement (7/40) | Val conv@1=0.0000, conv@2=0.0000, conv@3=0.0000, conv@5=0.0000, residual@1=1.101241e-02, residual@2=8.572039e-04
     25 total:8.94961 | blocks:2 | L1_step:0.30778 (3.4%) | L2_step:0.02371 (0.3%) L2_final:0.02114 (0.2%) | L3_e3:8.59698 (96.1%) | final_max_PQ:1.212e-02
     50 total:8.97951 | blocks:2 | L1_step:0.31327 (3.5%) | L2_step:0.02327 (0.3%) L2_final:0.02150 (0.2%) | L3_e3:8.62147 (96.0%) | final_max_PQ:2.243e-02
🔘 Epoch 487 No Improvement (8/40) | Val conv@1=0.0000, conv@2=0.0000, conv@3=0.0000, conv@5=0.0000, residual@1=1.058280e-02, residual@2=1.257951e-03
     25 total:9.85959 | blocks:2 | L1_step:0.30810 (3.1%) | L2_step:0.02084 (0.2%) L2_final:0.01794 (0.2%) | L3_e3:9.51271 (96.5%) | final_max_PQ:1.886e-02
     50 total:8.69140 | blocks:2 | L1_step:0.30528 (3.5%) | L2_step:0.02286 (0.3%) L2_final:0.02127 (0.2%) | L3_e3:8.34199 (96.0%) | final_max_PQ:2.326e-01
🔘 Epoch 488 No Improvement (9/40) | Val conv@1=0.0000, conv@2=0.0000, conv@3=0.0000, conv@5=0.0000, residual@1=1.100895e-02, residual@2=1.065457e-03
     25 total:9.11217 | blocks:2 | L1_step:0.30774 (3.4%) | L2_step:0.02213 (0.2%) L2_final:0.01805 (0.2%) | L3_e3:8.76425 (96.2%) | final_max_PQ:1.433e-02
     50 total:9.68205 | blocks:2 | L1_step:0.30938 (3.2%) | L2_step:0.02306 (0.2%) L2_final:0.02206 (0.2%) | L3_e3:9.32755 (96.3%) | final_max_PQ:1.033e-02
🔘 Epoch 489 No Improvement (10/40) | Val conv@1=0.0000, conv@2=0.0000, conv@3=0.0000, conv@5=0.0000, residual@1=9.872061e-03, residual@2=8.556048e-04
     25 total:8.77617 | blocks:2 | L1_step:0.33171 (3.8%) | L2_step:0.02602 (0.3%) L2_final:0.02195 (0.3%) | L3_e3:8.39650 (95.7%) | final_max_PQ:2.581e-02
     50 total:10.10122 | blocks:2 | L1_step:0.30647 (3.0%) | L2_step:0.02674 (0.3%) L2_final:0.02680 (0.3%) | L3_e3:9.74121 (96.4%) | final_max_PQ:2.145e-01
🔘 Epoch 490 No Improvement (11/40) | Val conv@1=0.0000, conv@2=0.0000, conv@3=0.0000, conv@5=0.0000, residual@1=1.058741e-02, residual@2=8.759409e-04
     25 total:10.96037 | blocks:2 | L1_step:0.31038 (2.8%) | L2_step:0.02704 (0.2%) L2_final:0.02554 (0.2%) | L3_e3:10.59741 (96.7%) | final_max_PQ:1.224e-02
     50 total:10.72028 | blocks:2 | L1_step:0.69585 (6.5%) | L2_step:0.02304 (0.2%) L2_final:0.01846 (0.2%) | L3_e3:9.98293 (93.1%) | final_max_PQ:2.245e-02
🔘 Epoch 491 No Improvement (12/40) | Val conv@1=0.0000, conv@2=0.0000, conv@3=0.0000, conv@5=0.0000, residual@1=1.121681e-02, residual@2=1.077734e-03
     25 total:7.25144 | blocks:3 | L1_step:0.35686 (4.9%) | L2_step:0.01667 (0.2%) L2_final:0.01520 (0.2%) | L3_e3:6.86272 (94.6%) | final_max_PQ:5.458e-03
     50 total:7.29225 | blocks:3 | L1_step:0.47739 (6.5%) | L2_step:0.01729 (0.2%) L2_final:0.01664 (0.2%) | L3_e3:6.78092 (93.0%) | final_max_PQ:5.515e-03
🔘 Epoch 492 No Improvement (13/40) | Val conv@1=0.0000, conv@2=0.0000, conv@3=0.0000, conv@5=0.0000, residual@1=1.067207e-02, residual@2=9.980961e-04
     25 total:7.46360 | blocks:3 | L1_step:0.48184 (6.5%) | L2_step:0.01606 (0.2%) L2_final:0.01828 (0.2%) | L3_e3:6.94742 (93.1%) | final_max_PQ:1.352e-02
     50 total:8.79417 | blocks:3 | L1_step:0.42859 (4.9%) | L2_step:0.02021 (0.2%) L2_final:0.01999 (0.2%) | L3_e3:8.32538 (94.7%) | final_max_PQ:6.190e-03
🟩 Epoch 493 | Train loss = 9.6774 | Val conv@1=0.0000, conv@2=0.0000, conv@3=0.0000, conv@5=0.0000, residual@1=1.028650e-02, residual@2=7.273708e-04, residual@3=4.340257e-04, excess@2=6.2737, tail@2=1.528843e-01, score=-2.028758 | LR: 5.0000e-04
     25 total:10.51787 | blocks:2 | L1_step:0.30936 (2.9%) | L2_step:0.02545 (0.2%) L2_final:0.02730 (0.3%) | L3_e3:10.15576 (96.6%) | final_max_PQ:1.658e-02
     50 total:8.62661 | blocks:3 | L1_step:0.34283 (4.0%) | L2_step:0.01968 (0.2%) L2_final:0.01838 (0.2%) | L3_e3:8.24572 (95.6%) | final_max_PQ:5.169e-03
🔘 Epoch 494 No Improvement (1/40) | Val conv@1=0.0000, conv@2=0.0000, conv@3=0.0000, conv@5=0.0000, residual@1=1.128263e-02, residual@2=1.098083e-03
     25 total:8.31189 | blocks:3 | L1_step:0.32210 (3.9%) | L2_step:0.02558 (0.3%) L2_final:0.02907 (0.3%) | L3_e3:7.93514 (95.5%) | final_max_PQ:9.314e-03
     50 total:11.00154 | blocks:2 | L1_step:0.32523 (3.0%) | L2_step:0.02541 (0.2%) L2_final:0.02533 (0.2%) | L3_e3:10.62556 (96.6%) | final_max_PQ:1.490e-02
🔘 Epoch 495 No Improvement (2/40) | Val conv@1=0.0000, conv@2=0.0000, conv@3=0.0000, conv@5=0.0000, residual@1=1.149342e-02, residual@2=1.115789e-03
     25 total:10.07539 | blocks:2 | L1_step:0.90020 (8.9%) | L2_step:0.02689 (0.3%) L2_final:0.02928 (0.3%) | L3_e3:9.11901 (90.5%) | final_max_PQ:2.956e-02
     50 total:9.65543 | blocks:2 | L1_step:0.58447 (6.1%) | L2_step:0.02764 (0.3%) L2_final:0.02492 (0.3%) | L3_e3:9.01839 (93.4%) | final_max_PQ:7.671e-02
🔘 Epoch 496 No Improvement (3/40) | Val conv@1=0.0000, conv@2=0.0000, conv@3=0.0000, conv@5=0.0000, residual@1=1.053586e-02, residual@2=1.070414e-03
     25 total:10.20080 | blocks:2 | L1_step:0.50676 (5.0%) | L2_step:0.02154 (0.2%) L2_final:0.01957 (0.2%) | L3_e3:9.65293 (94.6%) | final_max_PQ:1.529e-02
     50 total:9.44850 | blocks:2 | L1_step:0.54167 (5.7%) | L2_step:0.02346 (0.2%) L2_final:0.02195 (0.2%) | L3_e3:8.86142 (93.8%) | final_max_PQ:1.338e-01
🔘 Epoch 497 No Improvement (4/40) | Val conv@1=0.0000, conv@2=0.0000, conv@3=0.0000, conv@5=0.0000, residual@1=1.024745e-02, residual@2=1.010388e-03
     25 total:8.82920 | blocks:2 | L1_step:0.30371 (3.4%) | L2_step:0.02917 (0.3%) L2_final:0.02849 (0.3%) | L3_e3:8.46784 (95.9%) | final_max_PQ:1.768e-02
     50 total:10.98426 | blocks:1 | L1_step:0.20430 (1.9%) | L2_step:0.05375 (0.5%) L2_final:0.04831 (0.4%) | L3_e3:10.67791 (97.2%) | final_max_PQ:4.958e-01
🔘 Epoch 498 No Improvement (5/40) | Val conv@1=0.0000, conv@2=0.0000, conv@3=0.0000, conv@5=0.0000, residual@1=1.095062e-02, residual@2=7.814140e-04
     25 total:8.77495 | blocks:3 | L1_step:0.32839 (3.7%) | L2_step:0.01921 (0.2%) L2_final:0.01749 (0.2%) | L3_e3:8.40985 (95.8%) | final_max_PQ:6.039e-03
     50 total:9.67542 | blocks:2 | L1_step:0.46288 (4.8%) | L2_step:0.02251 (0.2%) L2_final:0.01962 (0.2%) | L3_e3:9.17040 (94.8%) | final_max_PQ:9.926e-03
🔘 Epoch 499 No Improvement (6/40) | Val conv@1=0.0000, conv@2=0.0000, conv@3=0.0000, conv@5=0.0000, residual@1=1.129877e-02, residual@2=1.450187e-03
     25 total:11.34630 | blocks:2 | L1_step:0.33065 (2.9%) | L2_step:0.02423 (0.2%) L2_final:0.02121 (0.2%) | L3_e3:10.97021 (96.7%) | final_max_PQ:1.967e-02
     50 total:9.78717 | blocks:2 | L1_step:0.33204 (3.4%) | L2_step:0.02751 (0.3%) L2_final:0.02729 (0.3%) | L3_e3:9.40033 (96.0%) | final_max_PQ:1.550e-02
🔘 Epoch 500 No Improvement (7/40) | Val conv@1=0.0000, conv@2=0.0000, conv@3=0.0000, conv@5=0.0000, residual@1=1.158997e-02, residual@2=1.090697e-03
     25 total:13.17951 | blocks:1 | L1_step:0.42703 (3.2%) | L2_step:0.05063 (0.4%) L2_final:0.04386 (0.3%) | L3_e3:12.65799 (96.0%) | final_max_PQ:4.615e-01
     50 total:11.90281 | blocks:1 | L1_step:0.39476 (3.3%) | L2_step:0.04512 (0.4%) L2_final:0.03624 (0.3%) | L3_e3:11.42670 (96.0%) | final_max_PQ:4.522e-01
🔘 Epoch 501 No Improvement (8/40) | Val conv@1=0.0000, conv@2=0.0000, conv@3=0.0000, conv@5=0.0000, residual@1=1.064831e-02, residual@2=9.446105e-04
     25 total:9.28149 | blocks:2 | L1_step:0.31945 (3.4%) | L2_step:0.02601 (0.3%) L2_final:0.02190 (0.2%) | L3_e3:8.91414 (96.0%) | final_max_PQ:1.729e-02
     50 total:9.60528 | blocks:2 | L1_step:0.71656 (7.5%) | L2_step:0.02440 (0.3%) L2_final:0.01857 (0.2%) | L3_e3:8.84575 (92.1%) | final_max_PQ:1.909e-02
🔘 Epoch 502 No Improvement (9/40) | Val conv@1=0.0000, conv@2=0.0000, conv@3=0.0000, conv@5=0.0000, residual@1=1.147194e-02, residual@2=1.081267e-03
     25 total:9.95213 | blocks:3 | L1_step:0.33803 (3.4%) | L2_step:0.01956 (0.2%) L2_final:0.01751 (0.2%) | L3_e3:9.57703 (96.2%) | final_max_PQ:4.523e-03
     50 total:9.54350 | blocks:2 | L1_step:0.56062 (5.9%) | L2_step:0.02232 (0.2%) L2_final:0.02349 (0.2%) | L3_e3:8.93706 (93.6%) | final_max_PQ:1.827e-01
🔘 Epoch 503 No Improvement (10/40) | Val conv@1=0.0000, conv@2=0.0000, conv@3=0.0000, conv@5=0.0000, residual@1=1.109514e-02, residual@2=1.289215e-03
     25 total:9.84089 | blocks:2 | L1_step:0.45064 (4.6%) | L2_step:0.02853 (0.3%) L2_final:0.03048 (0.3%) | L3_e3:9.33124 (94.8%) | final_max_PQ:1.060e-02
     50 total:7.67741 | blocks:3 | L1_step:0.40919 (5.3%) | L2_step:0.01512 (0.2%) L2_final:0.01421 (0.2%) | L3_e3:7.23889 (94.3%) | final_max_PQ:3.932e-03
🔘 Epoch 504 No Improvement (11/40) | Val conv@1=0.0000, conv@2=0.0000, conv@3=0.0000, conv@5=0.0000, residual@1=1.072985e-02, residual@2=1.122598e-03
     25 total:7.35324 | blocks:3 | L1_step:0.32024 (4.4%) | L2_step:0.01781 (0.2%) L2_final:0.01691 (0.2%) | L3_e3:6.99828 (95.2%) | final_max_PQ:4.562e-03
     50 total:9.36289 | blocks:2 | L1_step:0.30876 (3.3%) | L2_step:0.02148 (0.2%) L2_final:0.01643 (0.2%) | L3_e3:9.01622 (96.3%) | final_max_PQ:1.336e-02
🔘 Epoch 505 No Improvement (12/40) | Val conv@1=0.0000, conv@2=0.0000, conv@3=0.0000, conv@5=0.0000, residual@1=1.063557e-02, residual@2=1.265938e-03
     25 total:10.52453 | blocks:3 | L1_step:0.32880 (3.1%) | L2_step:0.01694 (0.2%) L2_final:0.01699 (0.2%) | L3_e3:10.16180 (96.6%) | final_max_PQ:4.233e-03
     50 total:10.37653 | blocks:2 | L1_step:0.39201 (3.8%) | L2_step:0.02218 (0.2%) L2_final:0.01617 (0.2%) | L3_e3:9.94617 (95.9%) | final_max_PQ:1.167e-02
🔘 Epoch 506 No Improvement (13/40) | Val conv@1=0.0000, conv@2=0.0000, conv@3=0.0000, conv@5=0.0000, residual@1=1.044631e-02, residual@2=8.789044e-04
     25 total:9.70661 | blocks:2 | L1_step:0.65072 (6.7%) | L2_step:0.02145 (0.2%) L2_final:0.01615 (0.2%) | L3_e3:9.01829 (92.9%) | final_max_PQ:1.027e-02
     50 total:11.16892 | blocks:2 | L1_step:0.60842 (5.4%) | L2_step:0.02446 (0.2%) L2_final:0.02409 (0.2%) | L3_e3:10.51194 (94.1%) | final_max_PQ:1.884e-02
🔘 Epoch 507 No Improvement (14/40) | Val conv@1=0.0000, conv@2=0.0000, conv@3=0.0000, conv@5=0.0000, residual@1=1.272727e-02, residual@2=1.461681e-03
     25 total:9.78082 | blocks:2 | L1_step:0.29730 (3.0%) | L2_step:0.02899 (0.3%) L2_final:0.03101 (0.3%) | L3_e3:9.42352 (96.3%) | final_max_PQ:1.509e-02
     50 total:9.06457 | blocks:2 | L1_step:0.30933 (3.4%) | L2_step:0.02227 (0.2%) L2_final:0.01900 (0.2%) | L3_e3:8.71396 (96.1%) | final_max_PQ:4.948e-02
🔘 Epoch 508 No Improvement (15/40) | Val conv@1=0.0000, conv@2=0.0000, conv@3=0.0000, conv@5=0.0000, residual@1=1.585459e-02, residual@2=1.423769e-03
     25 total:7.98457 | blocks:3 | L1_step:0.45872 (5.7%) | L2_step:0.01792 (0.2%) L2_final:0.01644 (0.2%) | L3_e3:7.49149 (93.8%) | final_max_PQ:5.117e-03
     50 total:9.90404 | blocks:3 | L1_step:0.70030 (7.1%) | L2_step:0.01681 (0.2%) L2_final:0.01577 (0.2%) | L3_e3:9.17116 (92.6%) | final_max_PQ:4.410e-03
🔘 Epoch 509 No Improvement (16/40) | Val conv@1=0.0000, conv@2=0.0000, conv@3=0.0000, conv@5=0.0000, residual@1=1.041696e-02, residual@2=1.339609e-03
     25 total:8.43484 | blocks:3 | L1_step:0.48490 (5.7%) | L2_step:0.01823 (0.2%) L2_final:0.01395 (0.2%) | L3_e3:7.91776 (93.9%) | final_max_PQ:3.580e-03
     50 total:9.22665 | blocks:2 | L1_step:0.33764 (3.7%) | L2_step:0.02466 (0.3%) L2_final:0.01985 (0.2%) | L3_e3:8.84450 (95.9%) | final_max_PQ:1.810e-02
🔘 Epoch 510 No Improvement (17/40) | Val conv@1=0.0000, conv@2=0.0000, conv@3=0.0000, conv@5=0.0000, residual@1=1.017914e-02, residual@2=8.715017e-04
     25 total:9.27287 | blocks:3 | L1_step:0.70098 (7.6%) | L2_step:0.01662 (0.2%) L2_final:0.01652 (0.2%) | L3_e3:8.53876 (92.1%) | final_max_PQ:5.592e-03
     50 total:9.70931 | blocks:2 | L1_step:0.62598 (6.4%) | L2_step:0.02643 (0.3%) L2_final:0.01912 (0.2%) | L3_e3:9.03777 (93.1%) | final_max_PQ:1.076e-02
🔘 Epoch 511 No Improvement (18/40) | Val conv@1=0.0000, conv@2=0.0000, conv@3=0.0000, conv@5=0.0000, residual@1=1.265034e-02, residual@2=1.381845e-03
     25 total:9.56895 | blocks:2 | L1_step:0.57628 (6.0%) | L2_step:0.02294 (0.2%) L2_final:0.01741 (0.2%) | L3_e3:8.95232 (93.6%) | final_max_PQ:1.524e-02
     50 total:7.63863 | blocks:3 | L1_step:0.33604 (4.4%) | L2_step:0.01733 (0.2%) L2_final:0.01609 (0.2%) | L3_e3:7.26917 (95.2%) | final_max_PQ:4.764e-03
🔘 Epoch 512 No Improvement (19/40) | Val conv@1=0.0000, conv@2=0.0000, conv@3=0.0000, conv@5=0.0000, residual@1=1.026849e-02, residual@2=1.108682e-03
     25 total:7.67816 | blocks:3 | L1_step:0.51352 (6.7%) | L2_step:0.01778 (0.2%) L2_final:0.01492 (0.2%) | L3_e3:7.13195 (92.9%) | final_max_PQ:6.237e-03
     50 total:10.86812 | blocks:2 | L1_step:0.32884 (3.0%) | L2_step:0.02963 (0.3%) L2_final:0.02624 (0.2%) | L3_e3:10.48342 (96.5%) | final_max_PQ:1.366e-02
🔘 Epoch 513 No Improvement (20/40) | Val conv@1=0.0000, conv@2=0.0000, conv@3=0.0000, conv@5=0.0000, residual@1=1.221248e-02, residual@2=1.142792e-03
     25 total:12.03378 | blocks:2 | L1_step:0.85709 (7.1%) | L2_step:0.02414 (0.2%) L2_final:0.02067 (0.2%) | L3_e3:11.13189 (92.5%) | final_max_PQ:1.959e-02
     50 total:8.28036 | blocks:3 | L1_step:0.73536 (8.9%) | L2_step:0.01714 (0.2%) L2_final:0.01535 (0.2%) | L3_e3:7.51251 (90.7%) | final_max_PQ:5.346e-03
🔻 LR reduced: 5.00e-04 -> 2.50e-04
🔘 Epoch 514 No Improvement (21/40) | Val conv@1=0.0000, conv@2=0.0000, conv@3=0.0000, conv@5=0.0000, residual@1=1.103178e-02, residual@2=1.663733e-03
     25 total:8.05937 | blocks:3 | L1_step:0.44352 (5.5%) | L2_step:0.01550 (0.2%) L2_final:0.01484 (0.2%) | L3_e3:7.58551 (94.1%) | final_max_PQ:6.219e-03
     50 total:7.33661 | blocks:3 | L1_step:0.37108 (5.1%) | L2_step:0.01633 (0.2%) L2_final:0.01358 (0.2%) | L3_e3:6.93562 (94.5%) | final_max_PQ:5.249e-03
🟩 Epoch 515 | Train loss = 8.3640 | Val conv@1=0.0000, conv@2=0.0000, conv@3=0.0000, conv@5=0.0000, residual@1=1.220292e-02, residual@2=7.073950e-04, residual@3=3.992293e-04, excess@2=6.0740, tail@2=1.114620e-01, score=-1.962510 | LR: 2.5000e-04
     25 total:8.13251 | blocks:2 | L1_step:0.31035 (3.8%) | L2_step:0.02619 (0.3%) L2_final:0.02448 (0.3%) | L3_e3:7.77149 (95.6%) | final_max_PQ:1.402e-02
     50 total:8.91410 | blocks:2 | L1_step:0.31408 (3.5%) | L2_step:0.02458 (0.3%) L2_final:0.02341 (0.3%) | L3_e3:8.55203 (95.9%) | final_max_PQ:1.176e-02
🔘 Epoch 516 No Improvement (1/40) | Val conv@1=0.0000, conv@2=0.0000, conv@3=0.0000, conv@5=0.0000, residual@1=1.006107e-02, residual@2=7.383602e-04
     25 total:7.96109 | blocks:2 | L1_step:0.31600 (4.0%) | L2_step:0.02174 (0.3%) L2_final:0.01760 (0.2%) | L3_e3:7.60575 (95.5%) | final_max_PQ:2.021e-02
     50 total:7.08966 | blocks:3 | L1_step:0.46289 (6.5%) | L2_step:0.01655 (0.2%) L2_final:0.01274 (0.2%) | L3_e3:6.59748 (93.1%) | final_max_PQ:4.643e-03
🟩 Epoch 517 | Train loss = 8.0140 | Val conv@1=0.0000, conv@2=0.0000, conv@3=0.0000, conv@5=0.0000, residual@1=1.017491e-02, residual@2=6.930363e-04, residual@3=4.412613e-04, excess@2=5.9304, tail@2=5.851074e-02, score=-1.906545 | LR: 2.5000e-04
     25 total:8.10314 | blocks:2 | L1_step:0.29724 (3.7%) | L2_step:0.02281 (0.3%) L2_final:0.01918 (0.2%) | L3_e3:7.76391 (95.8%) | final_max_PQ:1.633e-02
     50 total:6.94600 | blocks:3 | L1_step:0.31813 (4.6%) | L2_step:0.01628 (0.2%) L2_final:0.01183 (0.2%) | L3_e3:6.59976 (95.0%) | final_max_PQ:4.836e-03
🔘 Epoch 518 No Improvement (1/40) | Val conv@1=0.0000, conv@2=0.0000, conv@3=0.0000, conv@5=0.0000, residual@1=1.067342e-02, residual@2=8.908969e-04
     25 total:8.05961 | blocks:2 | L1_step:0.31486 (3.9%) | L2_step:0.02143 (0.3%) L2_final:0.01485 (0.2%) | L3_e3:7.70847 (95.6%) | final_max_PQ:1.054e-02
     50 total:9.84015 | blocks:2 | L1_step:0.41008 (4.2%) | L2_step:0.02889 (0.3%) L2_final:0.02998 (0.3%) | L3_e3:9.37120 (95.2%) | final_max_PQ:2.035e-01
🟩 Epoch 519 | Train loss = 8.3901 | Val conv@1=0.0000, conv@2=0.0000, conv@3=0.0000, conv@5=0.0000, residual@1=9.473256e-03, residual@2=6.705914e-04, residual@3=4.084605e-04, excess@2=5.7059, tail@2=8.887985e-02, score=-1.847572 | LR: 2.5000e-04
     25 total:7.61089 | blocks:2 | L1_step:0.30632 (4.0%) | L2_step:0.02266 (0.3%) L2_final:0.01846 (0.2%) | L3_e3:7.26345 (95.4%) | final_max_PQ:9.933e-03
     50 total:7.31042 | blocks:2 | L1_step:0.30159 (4.1%) | L2_step:0.02188 (0.3%) L2_final:0.01770 (0.2%) | L3_e3:6.96925 (95.3%) | final_max_PQ:1.410e-02
🟩 Epoch 520 | Train loss = 7.8670 | Val conv@1=0.0000, conv@2=0.0000, conv@3=0.0000, conv@5=0.0000, residual@1=9.724442e-03, residual@2=6.228038e-04, residual@3=3.627675e-04, excess@2=5.2280, tail@2=7.724443e-02, score=-1.701402 | LR: 2.5000e-04
     25 total:7.87553 | blocks:2 | L1_step:0.32949 (4.2%) | L2_step:0.02496 (0.3%) L2_final:0.02022 (0.3%) | L3_e3:7.50086 (95.2%) | final_max_PQ:1.423e-02
     50 total:5.98626 | blocks:3 | L1_step:0.32676 (5.5%) | L2_step:0.01436 (0.2%) L2_final:0.01176 (0.2%) | L3_e3:5.63338 (94.1%) | final_max_PQ:5.776e-03
🔘 Epoch 521 No Improvement (1/40) | Val conv@1=0.0000, conv@2=0.0000, conv@3=0.0000, conv@5=0.0000, residual@1=1.053531e-02, residual@2=6.830227e-04
     25 total:9.84096 | blocks:2 | L1_step:0.35099 (3.6%) | L2_step:0.02973 (0.3%) L2_final:0.02386 (0.2%) | L3_e3:9.43638 (95.9%) | final_max_PQ:1.091e-02
     50 total:7.29064 | blocks:3 | L1_step:0.36876 (5.1%) | L2_step:0.01864 (0.3%) L2_final:0.01902 (0.3%) | L3_e3:6.88422 (94.4%) | final_max_PQ:5.623e-03
🔘 Epoch 522 No Improvement (2/40) | Val conv@1=0.0000, conv@2=0.0000, conv@3=0.0000, conv@5=0.0000, residual@1=1.126345e-02, residual@2=9.039503e-04
     25 total:8.58431 | blocks:2 | L1_step:0.76836 (9.0%) | L2_step:0.02450 (0.3%) L2_final:0.02289 (0.3%) | L3_e3:7.76856 (90.5%) | final_max_PQ:1.434e-01
     50 total:8.68172 | blocks:2 | L1_step:0.33742 (3.9%) | L2_step:0.02662 (0.3%) L2_final:0.02394 (0.3%) | L3_e3:8.29374 (95.5%) | final_max_PQ:1.488e-02
🔘 Epoch 523 No Improvement (3/40) | Val conv@1=0.0000, conv@2=0.0000, conv@3=0.0000, conv@5=0.0000, residual@1=9.497190e-03, residual@2=8.054713e-04
     25 total:7.93209 | blocks:2 | L1_step:0.31210 (3.9%) | L2_step:0.02158 (0.3%) L2_final:0.01478 (0.2%) | L3_e3:7.58363 (95.6%) | final_max_PQ:1.020e-02
     50 total:7.44381 | blocks:3 | L1_step:0.51071 (6.9%) | L2_step:0.02012 (0.3%) L2_final:0.01759 (0.2%) | L3_e3:6.89539 (92.6%) | final_max_PQ:5.351e-03
🔘 Epoch 524 No Improvement (4/40) | Val conv@1=0.0000, conv@2=0.0000, conv@3=0.0000, conv@5=0.0000, residual@1=9.258670e-03, residual@2=7.639327e-04
     25 total:11.39253 | blocks:1 | L1_step:0.18223 (1.6%) | L2_step:0.04723 (0.4%) L2_final:0.03470 (0.3%) | L3_e3:11.12837 (97.7%) | final_max_PQ:3.410e-01
     50 total:6.80890 | blocks:3 | L1_step:0.33137 (4.9%) | L2_step:0.01810 (0.3%) L2_final:0.01404 (0.2%) | L3_e3:6.44540 (94.7%) | final_max_PQ:3.783e-03
🔘 Epoch 525 No Improvement (5/40) | Val conv@1=0.0000, conv@2=0.0000, conv@3=0.0000, conv@5=0.0000, residual@1=9.243528e-03, residual@2=6.319113e-04
     25 total:10.05499 | blocks:1 | L1_step:0.16054 (1.6%) | L2_step:0.04791 (0.5%) L2_final:0.03900 (0.4%) | L3_e3:9.80754 (97.5%) | final_max_PQ:4.371e-01
     50 total:7.89323 | blocks:2 | L1_step:0.30971 (3.9%) | L2_step:0.02744 (0.3%) L2_final:0.02199 (0.3%) | L3_e3:7.53410 (95.5%) | final_max_PQ:1.182e-02
🔘 Epoch 526 No Improvement (6/40) | Val conv@1=0.0000, conv@2=0.0000, conv@3=0.0000, conv@5=0.0000, residual@1=9.896385e-03, residual@2=7.931745e-04
     25 total:6.56952 | blocks:3 | L1_step:0.32313 (4.9%) | L2_step:0.01736 (0.3%) L2_final:0.01520 (0.2%) | L3_e3:6.21382 (94.6%) | final_max_PQ:5.083e-03
     50 total:6.34260 | blocks:3 | L1_step:0.33073 (5.2%) | L2_step:0.01376 (0.2%) L2_final:0.01073 (0.2%) | L3_e3:5.98738 (94.4%) | final_max_PQ:4.205e-03
🔘 Epoch 527 No Improvement (7/40) | Val conv@1=0.0000, conv@2=0.0000, conv@3=0.0000, conv@5=0.0000, residual@1=8.981773e-03, residual@2=6.622628e-04
     25 total:7.13927 | blocks:3 | L1_step:0.35241 (4.9%) | L2_step:0.01954 (0.3%) L2_final:0.01671 (0.2%) | L3_e3:6.75060 (94.6%) | final_max_PQ:8.766e-03
     50 total:8.13108 | blocks:2 | L1_step:0.31674 (3.9%) | L2_step:0.02207 (0.3%) L2_final:0.01646 (0.2%) | L3_e3:7.77580 (95.6%) | final_max_PQ:1.317e-02
🔘 Epoch 528 No Improvement (8/40) | Val conv@1=0.0000, conv@2=0.0000, conv@3=0.0000, conv@5=0.0000, residual@1=9.770890e-03, residual@2=8.029551e-04
     25 total:5.97646 | blocks:3 | L1_step:0.32058 (5.4%) | L2_step:0.01390 (0.2%) L2_final:0.00981 (0.2%) | L3_e3:5.63217 (94.2%) | final_max_PQ:4.492e-03
     50 total:7.87180 | blocks:3 | L1_step:0.72741 (9.2%) | L2_step:0.01605 (0.2%) L2_final:0.01237 (0.2%) | L3_e3:7.11597 (90.4%) | final_max_PQ:4.792e-03
🔘 Epoch 529 No Improvement (9/40) | Val conv@1=0.0000, conv@2=0.0000, conv@3=0.0000, conv@5=0.0000, residual@1=9.040061e-03, residual@2=7.626128e-04
     25 total:9.08309 | blocks:2 | L1_step:0.31431 (3.5%) | L2_step:0.02268 (0.2%) L2_final:0.01674 (0.2%) | L3_e3:8.72935 (96.1%) | final_max_PQ:1.451e-02
     50 total:6.96268 | blocks:3 | L1_step:0.39513 (5.7%) | L2_step:0.01463 (0.2%) L2_final:0.01240 (0.2%) | L3_e3:6.54052 (93.9%) | final_max_PQ:3.387e-03
🔘 Epoch 530 No Improvement (10/40) | Val conv@1=0.0000, conv@2=0.0000, conv@3=0.0000, conv@5=0.0000, residual@1=9.796124e-03, residual@2=7.846897e-04
     25 total:8.45229 | blocks:3 | L1_step:0.36486 (4.3%) | L2_step:0.01690 (0.2%) L2_final:0.01403 (0.2%) | L3_e3:8.05651 (95.3%) | final_max_PQ:6.452e-03
     50 total:9.15320 | blocks:2 | L1_step:0.33227 (3.6%) | L2_step:0.02176 (0.2%) L2_final:0.01694 (0.2%) | L3_e3:8.78223 (95.9%) | final_max_PQ:1.417e-02
🔘 Epoch 531 No Improvement (11/40) | Val conv@1=0.0000, conv@2=0.0000, conv@3=0.0000, conv@5=0.0000, residual@1=9.654992e-03, residual@2=6.818436e-04
     25 total:8.76540 | blocks:2 | L1_step:0.31116 (3.5%) | L2_step:0.02893 (0.3%) L2_final:0.02375 (0.3%) | L3_e3:8.40156 (95.8%) | final_max_PQ:1.988e-02
     50 total:8.69852 | blocks:2 | L1_step:0.30694 (3.5%) | L2_step:0.02234 (0.3%) L2_final:0.01924 (0.2%) | L3_e3:8.35000 (96.0%) | final_max_PQ:1.096e-02
🔘 Epoch 532 No Improvement (12/40) | Val conv@1=0.0000, conv@2=0.0000, conv@3=0.0000, conv@5=0.0000, residual@1=9.940893e-03, residual@2=7.507054e-04
     25 total:9.89782 | blocks:1 | L1_step:0.16738 (1.7%) | L2_step:0.04529 (0.5%) L2_final:0.03155 (0.3%) | L3_e3:9.65361 (97.5%) | final_max_PQ:5.022e-01
     50 total:11.80023 | blocks:1 | L1_step:0.16575 (1.4%) | L2_step:0.05204 (0.4%) L2_final:0.04524 (0.4%) | L3_e3:11.53719 (97.8%) | final_max_PQ:5.314e-01
🔘 Epoch 533 No Improvement (13/40) | Val conv@1=0.0000, conv@2=0.0000, conv@3=0.0000, conv@5=0.0000, residual@1=1.068509e-02, residual@2=7.796544e-04
     25 total:7.85106 | blocks:2 | L1_step:0.31714 (4.0%) | L2_step:0.02263 (0.3%) L2_final:0.01846 (0.2%) | L3_e3:7.49282 (95.4%) | final_max_PQ:2.665e-02
     50 total:6.40016 | blocks:3 | L1_step:0.33279 (5.2%) | L2_step:0.01634 (0.3%) L2_final:0.01438 (0.2%) | L3_e3:6.03665 (94.3%) | final_max_PQ:7.897e-03
🔘 Epoch 534 No Improvement (14/40) | Val conv@1=0.0005, conv@2=0.0003, conv@3=0.0008, conv@5=0.0010, residual@1=9.888988e-03, residual@2=6.278087e-04
     25 total:8.54025 | blocks:2 | L1_step:0.32253 (3.8%) | L2_step:0.02319 (0.3%) L2_final:0.02258 (0.3%) | L3_e3:8.17196 (95.7%) | final_max_PQ:1.795e-02
     50 total:7.59837 | blocks:3 | L1_step:0.33905 (4.5%) | L2_step:0.01518 (0.2%) L2_final:0.01228 (0.2%) | L3_e3:7.23186 (95.2%) | final_max_PQ:4.244e-03
🔘 Epoch 535 No Improvement (15/40) | Val conv@1=0.0000, conv@2=0.0000, conv@3=0.0000, conv@5=0.0000, residual@1=9.596986e-03, residual@2=8.425670e-04
     25 total:8.10220 | blocks:2 | L1_step:0.30127 (3.7%) | L2_step:0.02357 (0.3%) L2_final:0.01875 (0.2%) | L3_e3:7.75860 (95.8%) | final_max_PQ:6.881e-02
     50 total:8.00729 | blocks:2 | L1_step:0.32559 (4.1%) | L2_step:0.02362 (0.3%) L2_final:0.01922 (0.2%) | L3_e3:7.63887 (95.4%) | final_max_PQ:5.000e-02
🔘 Epoch 536 No Improvement (16/40) | Val conv@1=0.0000, conv@2=0.0000, conv@3=0.0000, conv@5=0.0000, residual@1=9.096928e-03, residual@2=9.228440e-04
     25 total:8.00774 | blocks:2 | L1_step:0.30294 (3.8%) | L2_step:0.02602 (0.3%) L2_final:0.02350 (0.3%) | L3_e3:7.65528 (95.6%) | final_max_PQ:1.211e-02
     50 total:6.82490 | blocks:3 | L1_step:0.33306 (4.9%) | L2_step:0.01708 (0.3%) L2_final:0.01424 (0.2%) | L3_e3:6.46052 (94.7%) | final_max_PQ:5.394e-03
🔘 Epoch 537 No Improvement (17/40) | Val conv@1=0.0000, conv@2=0.0000, conv@3=0.0000, conv@5=0.0000, residual@1=8.931370e-03, residual@2=1.159488e-03
     25 total:9.30081 | blocks:2 | L1_step:0.31654 (3.4%) | L2_step:0.02423 (0.3%) L2_final:0.01914 (0.2%) | L3_e3:8.94090 (96.1%) | final_max_PQ:8.956e-03
     50 total:8.63260 | blocks:2 | L1_step:0.32198 (3.7%) | L2_step:0.02201 (0.3%) L2_final:0.01955 (0.2%) | L3_e3:8.26907 (95.8%) | final_max_PQ:2.273e-01
🔘 Epoch 538 No Improvement (18/40) | Val conv@1=0.0000, conv@2=0.0000, conv@3=0.0000, conv@5=0.0000, residual@1=8.853086e-03, residual@2=7.264325e-04
     25 total:8.19535 | blocks:2 | L1_step:0.41727 (5.1%) | L2_step:0.02714 (0.3%) L2_final:0.02184 (0.3%) | L3_e3:7.72910 (94.3%) | final_max_PQ:1.404e-02
     50 total:8.27081 | blocks:2 | L1_step:0.55960 (6.8%) | L2_step:0.02147 (0.3%) L2_final:0.01800 (0.2%) | L3_e3:7.67175 (92.8%) | final_max_PQ:1.158e-02
🔘 Epoch 539 No Improvement (19/40) | Val conv@1=0.0000, conv@2=0.0000, conv@3=0.0000, conv@5=0.0000, residual@1=8.845497e-03, residual@2=7.536534e-04
     25 total:9.65367 | blocks:2 | L1_step:0.34694 (3.6%) | L2_step:0.02190 (0.2%) L2_final:0.01846 (0.2%) | L3_e3:9.26637 (96.0%) | final_max_PQ:1.016e-02
     50 total:7.01615 | blocks:3 | L1_step:0.46480 (6.6%) | L2_step:0.01998 (0.3%) L2_final:0.01918 (0.3%) | L3_e3:6.51219 (92.8%) | final_max_PQ:5.009e-03
🔘 Epoch 540 No Improvement (20/40) | Val conv@1=0.0000, conv@2=0.0000, conv@3=0.0000, conv@5=0.0000, residual@1=9.038407e-03, residual@2=8.074756e-04
     25 total:8.97246 | blocks:2 | L1_step:0.35175 (3.9%) | L2_step:0.02466 (0.3%) L2_final:0.02091 (0.2%) | L3_e3:8.57514 (95.6%) | final_max_PQ:1.069e-02
     50 total:7.10856 | blocks:3 | L1_step:0.41389 (5.8%) | L2_step:0.01851 (0.3%) L2_final:0.01316 (0.2%) | L3_e3:6.66299 (93.7%) | final_max_PQ:7.404e-03
🔻 LR reduced: 2.50e-04 -> 1.25e-04
🔘 Epoch 541 No Improvement (21/40) | Val conv@1=0.0000, conv@2=0.0000, conv@3=0.0000, conv@5=0.0000, residual@1=9.486990e-03, residual@2=9.436060e-04
     25 total:8.41811 | blocks:2 | L1_step:0.39583 (4.7%) | L2_step:0.02274 (0.3%) L2_final:0.01797 (0.2%) | L3_e3:7.98157 (94.8%) | final_max_PQ:9.832e-03
     50 total:6.15409 | blocks:3 | L1_step:0.31537 (5.1%) | L2_step:0.01591 (0.3%) L2_final:0.01298 (0.2%) | L3_e3:5.80982 (94.4%) | final_max_PQ:9.053e-03
🔘 Epoch 542 No Improvement (22/40) | Val conv@1=0.0000, conv@2=0.0000, conv@3=0.0000, conv@5=0.0000, residual@1=8.829966e-03, residual@2=6.267890e-04
     25 total:7.97133 | blocks:2 | L1_step:0.31348 (3.9%) | L2_step:0.02397 (0.3%) L2_final:0.01666 (0.2%) | L3_e3:7.61723 (95.6%) | final_max_PQ:7.380e-03
     50 total:6.03828 | blocks:3 | L1_step:0.32410 (5.4%) | L2_step:0.01618 (0.3%) L2_final:0.01154 (0.2%) | L3_e3:5.68645 (94.2%) | final_max_PQ:4.043e-03
🔘 Epoch 543 No Improvement (23/40) | Val conv@1=0.0000, conv@2=0.0000, conv@3=0.0000, conv@5=0.0000, residual@1=9.584807e-03, residual@2=7.516660e-04
     25 total:7.34845 | blocks:2 | L1_step:0.35905 (4.9%) | L2_step:0.02049 (0.3%) L2_final:0.01417 (0.2%) | L3_e3:6.95474 (94.6%) | final_max_PQ:1.232e-02
     50 total:7.61303 | blocks:2 | L1_step:0.29716 (3.9%) | L2_step:0.02299 (0.3%) L2_final:0.01944 (0.3%) | L3_e3:7.27344 (95.5%) | final_max_PQ:2.352e-02
🔘 Epoch 544 No Improvement (24/40) | Val conv@1=0.0000, conv@2=0.0000, conv@3=0.0000, conv@5=0.0000, residual@1=8.684886e-03, residual@2=7.151248e-04
     25 total:6.45936 | blocks:3 | L1_step:0.31808 (4.9%) | L2_step:0.01770 (0.3%) L2_final:0.01489 (0.2%) | L3_e3:6.10869 (94.6%) | final_max_PQ:4.487e-03
     50 total:7.73268 | blocks:2 | L1_step:0.29193 (3.8%) | L2_step:0.02209 (0.3%) L2_final:0.01486 (0.2%) | L3_e3:7.40381 (95.7%) | final_max_PQ:9.400e-03
🔘 Epoch 545 No Improvement (25/40) | Val conv@1=0.0000, conv@2=0.0000, conv@3=0.0000, conv@5=0.0000, residual@1=8.508303e-03, residual@2=6.389502e-04
     25 total:7.71384 | blocks:2 | L1_step:0.29998 (3.9%) | L2_step:0.02127 (0.3%) L2_final:0.01475 (0.2%) | L3_e3:7.37784 (95.6%) | final_max_PQ:1.286e-02
     50 total:7.86722 | blocks:2 | L1_step:0.30100 (3.8%) | L2_step:0.02368 (0.3%) L2_final:0.01926 (0.2%) | L3_e3:7.52328 (95.6%) | final_max_PQ:1.028e-02
🔘 Epoch 546 No Improvement (26/40) | Val conv@1=0.0000, conv@2=0.0000, conv@3=0.0000, conv@5=0.0000, residual@1=9.004242e-03, residual@2=7.031046e-04
     25 total:7.94171 | blocks:2 | L1_step:0.30294 (3.8%) | L2_step:0.02488 (0.3%) L2_final:0.01863 (0.2%) | L3_e3:7.59526 (95.6%) | final_max_PQ:1.285e-02
     50 total:5.79694 | blocks:3 | L1_step:0.32100 (5.5%) | L2_step:0.01650 (0.3%) L2_final:0.01156 (0.2%) | L3_e3:5.44788 (94.0%) | final_max_PQ:5.754e-03
🔘 Epoch 547 No Improvement (27/40) | Val conv@1=0.0000, conv@2=0.0000, conv@3=0.0000, conv@5=0.0000, residual@1=8.620505e-03, residual@2=7.150180e-04
     25 total:7.45994 | blocks:2 | L1_step:0.30064 (4.0%) | L2_step:0.02270 (0.3%) L2_final:0.01687 (0.2%) | L3_e3:7.11974 (95.4%) | final_max_PQ:8.668e-03
     50 total:7.82476 | blocks:2 | L1_step:0.32728 (4.2%) | L2_step:0.02485 (0.3%) L2_final:0.01857 (0.2%) | L3_e3:7.45405 (95.3%) | final_max_PQ:1.859e-02
🔘 Epoch 548 No Improvement (28/40) | Val conv@1=0.0000, conv@2=0.0000, conv@3=0.0000, conv@5=0.0000, residual@1=8.426442e-03, residual@2=6.996722e-04
     25 total:8.71232 | blocks:2 | L1_step:0.31350 (3.6%) | L2_step:0.02492 (0.3%) L2_final:0.02037 (0.2%) | L3_e3:8.35354 (95.9%) | final_max_PQ:1.766e-02
     50 total:6.83194 | blocks:3 | L1_step:0.32797 (4.8%) | L2_step:0.01749 (0.3%) L2_final:0.01454 (0.2%) | L3_e3:6.47194 (94.7%) | final_max_PQ:6.142e-03
🔘 Epoch 549 No Improvement (29/40) | Val conv@1=0.0000, conv@2=0.0000, conv@3=0.0000, conv@5=0.0000, residual@1=8.442394e-03, residual@2=6.693940e-04
     25 total:7.80045 | blocks:2 | L1_step:0.29758 (3.8%) | L2_step:0.02401 (0.3%) L2_final:0.02011 (0.3%) | L3_e3:7.45874 (95.6%) | final_max_PQ:1.809e-01
     50 total:6.26306 | blocks:3 | L1_step:0.35027 (5.6%) | L2_step:0.01776 (0.3%) L2_final:0.01618 (0.3%) | L3_e3:5.87884 (93.9%) | final_max_PQ:5.210e-03
🔘 Epoch 550 No Improvement (30/40) | Val conv@1=0.0000, conv@2=0.0000, conv@3=0.0000, conv@5=0.0000, residual@1=8.419869e-03, residual@2=7.401363e-04
     25 total:6.30304 | blocks:3 | L1_step:0.33537 (5.3%) | L2_step:0.01777 (0.3%) L2_final:0.01380 (0.2%) | L3_e3:5.93610 (94.2%) | final_max_PQ:5.917e-03
     50 total:7.47670 | blocks:2 | L1_step:0.29974 (4.0%) | L2_step:0.02163 (0.3%) L2_final:0.01782 (0.2%) | L3_e3:7.13751 (95.5%) | final_max_PQ:5.334e-02
🔘 Epoch 551 No Improvement (31/40) | Val conv@1=0.0000, conv@2=0.0000, conv@3=0.0000, conv@5=0.0000, residual@1=8.611634e-03, residual@2=9.077124e-04
     25 total:7.59394 | blocks:2 | L1_step:0.29935 (3.9%) | L2_step:0.01947 (0.3%) L2_final:0.01489 (0.2%) | L3_e3:7.26024 (95.6%) | final_max_PQ:1.644e-02
     50 total:7.40323 | blocks:2 | L1_step:0.28999 (3.9%) | L2_step:0.02095 (0.3%) L2_final:0.01552 (0.2%) | L3_e3:7.07678 (95.6%) | final_max_PQ:1.081e-02
🔘 Epoch 552 No Improvement (32/40) | Val conv@1=0.0000, conv@2=0.0000, conv@3=0.0000, conv@5=0.0000, residual@1=8.433576e-03, residual@2=6.864271e-04
     25 total:7.17879 | blocks:2 | L1_step:0.30696 (4.3%) | L2_step:0.02187 (0.3%) L2_final:0.01803 (0.3%) | L3_e3:6.83193 (95.2%) | final_max_PQ:1.704e-02
     50 total:8.15040 | blocks:2 | L1_step:0.29616 (3.6%) | L2_step:0.02811 (0.3%) L2_final:0.02551 (0.3%) | L3_e3:7.80063 (95.7%) | final_max_PQ:1.021e-02
🟩 Epoch 553 | Train loss = 7.6204 | Val conv@1=0.0000, conv@2=0.0000, conv@3=0.0000, conv@5=0.0000, residual@1=8.476559e-03, residual@2=6.071148e-04, residual@3=3.373207e-04, excess@2=5.0711, tail@2=1.770182e-01, score=-1.670921 | LR: 1.2500e-04
     25 total:7.68184 | blocks:2 | L1_step:0.30649 (4.0%) | L2_step:0.02247 (0.3%) L2_final:0.01802 (0.2%) | L3_e3:7.33487 (95.5%) | final_max_PQ:9.027e-03
     50 total:7.41954 | blocks:2 | L1_step:0.30096 (4.1%) | L2_step:0.01896 (0.3%) L2_final:0.01366 (0.2%) | L3_e3:7.08596 (95.5%) | final_max_PQ:1.767e-02
🔘 Epoch 554 No Improvement (1/40) | Val conv@1=0.0000, conv@2=0.0000, conv@3=0.0000, conv@5=0.0000, residual@1=8.391629e-03, residual@2=7.011895e-04
     25 total:7.82239 | blocks:2 | L1_step:0.30664 (3.9%) | L2_step:0.02337 (0.3%) L2_final:0.01997 (0.3%) | L3_e3:7.47240 (95.5%) | final_max_PQ:1.744e-02
     50 total:7.54654 | blocks:2 | L1_step:0.29724 (3.9%) | L2_step:0.02492 (0.3%) L2_final:0.01807 (0.2%) | L3_e3:7.20631 (95.5%) | final_max_PQ:9.374e-03
🔘 Epoch 555 No Improvement (2/40) | Val conv@1=0.0000, conv@2=0.0000, conv@3=0.0000, conv@5=0.0000, residual@1=8.994792e-03, residual@2=7.078492e-04
     25 total:8.46478 | blocks:2 | L1_step:0.31124 (3.7%) | L2_step:0.02282 (0.3%) L2_final:0.01664 (0.2%) | L3_e3:8.11408 (95.9%) | final_max_PQ:8.979e-03
     50 total:7.66927 | blocks:2 | L1_step:0.30652 (4.0%) | L2_step:0.02210 (0.3%) L2_final:0.01534 (0.2%) | L3_e3:7.32530 (95.5%) | final_max_PQ:1.379e-02
🔘 Epoch 556 No Improvement (3/40) | Val conv@1=0.0000, conv@2=0.0000, conv@3=0.0000, conv@5=0.0000, residual@1=8.519135e-03, residual@2=7.002114e-04
     25 total:7.81179 | blocks:2 | L1_step:0.30715 (3.9%) | L2_step:0.02525 (0.3%) L2_final:0.01774 (0.2%) | L3_e3:7.46165 (95.5%) | final_max_PQ:1.100e-02
     50 total:6.44740 | blocks:3 | L1_step:0.33768 (5.2%) | L2_step:0.01736 (0.3%) L2_final:0.01382 (0.2%) | L3_e3:6.07854 (94.3%) | final_max_PQ:4.513e-03
🟩 Epoch 557 | Train loss = 7.6605 | Val conv@1=0.0000, conv@2=0.0000, conv@3=0.0000, conv@5=0.0000, residual@1=8.344353e-03, residual@2=5.979233e-04, residual@3=3.379085e-04, excess@2=4.9792, tail@2=1.383645e-01, score=-1.638419 | LR: 1.2500e-04
     25 total:7.34765 | blocks:2 | L1_step:0.31688 (4.3%) | L2_step:0.02270 (0.3%) L2_final:0.01800 (0.2%) | L3_e3:6.99007 (95.1%) | final_max_PQ:1.339e-01
     50 total:7.96808 | blocks:2 | L1_step:0.30396 (3.8%) | L2_step:0.02794 (0.4%) L2_final:0.02191 (0.3%) | L3_e3:7.61428 (95.6%) | final_max_PQ:1.413e-02
🔘 Epoch 558 No Improvement (1/40) | Val conv@1=0.0003, conv@2=0.0008, conv@3=0.0013, conv@5=0.0022, residual@1=8.381555e-03, residual@2=6.057828e-04
     25 total:5.99685 | blocks:3 | L1_step:0.32054 (5.3%) | L2_step:0.01687 (0.3%) L2_final:0.01167 (0.2%) | L3_e3:5.64778 (94.2%) | final_max_PQ:3.032e-03
     50 total:7.64048 | blocks:2 | L1_step:0.30441 (4.0%) | L2_step:0.02511 (0.3%) L2_final:0.01690 (0.2%) | L3_e3:7.29407 (95.5%) | final_max_PQ:7.675e-03
🟩 Epoch 559 | Train loss = 7.2779 | Val conv@1=0.0000, conv@2=0.0000, conv@3=0.0003, conv@5=0.0003, residual@1=8.451653e-03, residual@2=5.921485e-04, residual@3=3.373536e-04, excess@2=4.9215, tail@2=9.637970e-02, score=-1.613563 | LR: 1.2500e-04
     25 total:6.95890 | blocks:3 | L1_step:0.32833 (4.7%) | L2_step:0.01849 (0.3%) L2_final:0.01486 (0.2%) | L3_e3:6.59722 (94.8%) | final_max_PQ:5.322e-03
     50 total:6.34811 | blocks:3 | L1_step:0.31785 (5.0%) | L2_step:0.01653 (0.3%) L2_final:0.01336 (0.2%) | L3_e3:6.00037 (94.5%) | final_max_PQ:7.077e-03
🟩 Epoch 560 | Train loss = 7.7127 | Val conv@1=0.0000, conv@2=0.0000, conv@3=0.0000, conv@5=0.0000, residual@1=8.055343e-03, residual@2=5.752258e-04, residual@3=3.376894e-04, excess@2=4.7523, tail@2=6.462415e-02, score=-1.555101 | LR: 1.2500e-04
     25 total:8.43341 | blocks:2 | L1_step:0.30264 (3.6%) | L2_step:0.02604 (0.3%) L2_final:0.02037 (0.2%) | L3_e3:8.08436 (95.9%) | final_max_PQ:1.557e-02
     50 total:7.54784 | blocks:2 | L1_step:0.30686 (4.1%) | L2_step:0.02324 (0.3%) L2_final:0.01750 (0.2%) | L3_e3:7.20024 (95.4%) | final_max_PQ:1.410e-02
🔘 Epoch 561 No Improvement (1/40) | Val conv@1=0.0000, conv@2=0.0000, conv@3=0.0000, conv@5=0.0000, residual@1=8.205145e-03, residual@2=6.613667e-04
     25 total:7.29632 | blocks:2 | L1_step:0.29310 (4.0%) | L2_step:0.02483 (0.3%) L2_final:0.01790 (0.2%) | L3_e3:6.96048 (95.4%) | final_max_PQ:1.276e-02
     50 total:7.71928 | blocks:2 | L1_step:0.30488 (3.9%) | L2_step:0.02442 (0.3%) L2_final:0.02018 (0.3%) | L3_e3:7.36981 (95.5%) | final_max_PQ:1.047e-01
🔘 Epoch 562 No Improvement (2/40) | Val conv@1=0.0000, conv@2=0.0000, conv@3=0.0000, conv@5=0.0000, residual@1=8.366062e-03, residual@2=6.550429e-04
     25 total:6.16004 | blocks:3 | L1_step:0.32140 (5.2%) | L2_step:0.01713 (0.3%) L2_final:0.01165 (0.2%) | L3_e3:5.80986 (94.3%) | final_max_PQ:4.935e-03
     50 total:7.25692 | blocks:2 | L1_step:0.30741 (4.2%) | L2_step:0.01827 (0.3%) L2_final:0.01202 (0.2%) | L3_e3:6.91921 (95.3%) | final_max_PQ:9.898e-03
🔘 Epoch 563 No Improvement (3/40) | Val conv@1=0.0000, conv@2=0.0000, conv@3=0.0000, conv@5=0.0000, residual@1=8.431639e-03, residual@2=8.144305e-04
     25 total:7.68103 | blocks:2 | L1_step:0.30531 (4.0%) | L2_step:0.01925 (0.3%) L2_final:0.01387 (0.2%) | L3_e3:7.34260 (95.6%) | final_max_PQ:1.603e-01
     50 total:6.45036 | blocks:3 | L1_step:0.31511 (4.9%) | L2_step:0.01738 (0.3%) L2_final:0.01349 (0.2%) | L3_e3:6.10437 (94.6%) | final_max_PQ:6.642e-03
🔘 Epoch 564 No Improvement (4/40) | Val conv@1=0.0000, conv@2=0.0000, conv@3=0.0000, conv@5=0.0000, residual@1=8.466875e-03, residual@2=7.094409e-04
     25 total:7.88490 | blocks:2 | L1_step:0.30631 (3.9%) | L2_step:0.02129 (0.3%) L2_final:0.01433 (0.2%) | L3_e3:7.54297 (95.7%) | final_max_PQ:1.074e-02
     50 total:8.13128 | blocks:2 | L1_step:0.30086 (3.7%) | L2_step:0.02411 (0.3%) L2_final:0.01981 (0.2%) | L3_e3:7.78649 (95.8%) | final_max_PQ:1.648e-02
🔘 Epoch 565 No Improvement (5/40) | Val conv@1=0.0000, conv@2=0.0000, conv@3=0.0000, conv@5=0.0000, residual@1=8.600247e-03, residual@2=7.754917e-04
     25 total:7.63343 | blocks:2 | L1_step:0.30614 (4.0%) | L2_step:0.02026 (0.3%) L2_final:0.01589 (0.2%) | L3_e3:7.29114 (95.5%) | final_max_PQ:1.418e-02
     50 total:10.86555 | blocks:1 | L1_step:0.16484 (1.5%) | L2_step:0.04050 (0.4%) L2_final:0.02985 (0.3%) | L3_e3:10.63037 (97.8%) | final_max_PQ:3.442e-01
🔘 Epoch 566 No Improvement (6/40) | Val conv@1=0.0000, conv@2=0.0000, conv@3=0.0000, conv@5=0.0000, residual@1=8.632477e-03, residual@2=7.740201e-04
     25 total:10.70762 | blocks:1 | L1_step:0.16504 (1.5%) | L2_step:0.04628 (0.4%) L2_final:0.03056 (0.3%) | L3_e3:10.46574 (97.7%) | final_max_PQ:4.218e-01
     50 total:6.17485 | blocks:3 | L1_step:0.32980 (5.3%) | L2_step:0.01562 (0.3%) L2_final:0.01146 (0.2%) | L3_e3:5.81796 (94.2%) | final_max_PQ:6.476e-03
🔘 Epoch 567 No Improvement (7/40) | Val conv@1=0.0000, conv@2=0.0000, conv@3=0.0000, conv@5=0.0000, residual@1=8.266520e-03, residual@2=6.564046e-04
     25 total:7.16044 | blocks:2 | L1_step:0.31396 (4.4%) | L2_step:0.02012 (0.3%) L2_final:0.01269 (0.2%) | L3_e3:6.81366 (95.2%) | final_max_PQ:6.848e-03
     50 total:7.46795 | blocks:2 | L1_step:0.30270 (4.1%) | L2_step:0.02529 (0.3%) L2_final:0.01929 (0.3%) | L3_e3:7.12067 (95.3%) | final_max_PQ:9.172e-03
🔘 Epoch 568 No Improvement (8/40) | Val conv@1=0.0000, conv@2=0.0000, conv@3=0.0000, conv@5=0.0000, residual@1=8.202557e-03, residual@2=8.936008e-04
     25 total:7.27916 | blocks:3 | L1_step:0.35274 (4.8%) | L2_step:0.01729 (0.2%) L2_final:0.01304 (0.2%) | L3_e3:6.89610 (94.7%) | final_max_PQ:5.421e-03
     50 total:7.70104 | blocks:2 | L1_step:0.31884 (4.1%) | L2_step:0.02141 (0.3%) L2_final:0.01475 (0.2%) | L3_e3:7.34604 (95.4%) | final_max_PQ:1.948e-02
🔘 Epoch 569 No Improvement (9/40) | Val conv@1=0.0000, conv@2=0.0003, conv@3=0.0000, conv@5=0.0005, residual@1=8.317309e-03, residual@2=5.891956e-04
     25 total:11.67647 | blocks:1 | L1_step:0.26822 (2.3%) | L2_step:0.04512 (0.4%) L2_final:0.03271 (0.3%) | L3_e3:11.33042 (97.0%) | final_max_PQ:4.929e-01
     50 total:5.91831 | blocks:3 | L1_step:0.33149 (5.6%) | L2_step:0.01656 (0.3%) L2_final:0.01235 (0.2%) | L3_e3:5.55790 (93.9%) | final_max_PQ:4.549e-03
🔘 Epoch 570 No Improvement (10/40) | Val conv@1=0.0000, conv@2=0.0000, conv@3=0.0000, conv@5=0.0000, residual@1=8.579294e-03, residual@2=6.747882e-04
     25 total:6.37989 | blocks:3 | L1_step:0.32730 (5.1%) | L2_step:0.01947 (0.3%) L2_final:0.01501 (0.2%) | L3_e3:6.01811 (94.3%) | final_max_PQ:5.158e-03
     50 total:6.03268 | blocks:3 | L1_step:0.31816 (5.3%) | L2_step:0.01588 (0.3%) L2_final:0.01331 (0.2%) | L3_e3:5.68533 (94.2%) | final_max_PQ:3.826e-03
🔘 Epoch 571 No Improvement (11/40) | Val conv@1=0.0000, conv@2=0.0000, conv@3=0.0000, conv@5=0.0000, residual@1=7.993578e-03, residual@2=9.225564e-04
     25 total:8.47264 | blocks:2 | L1_step:0.31741 (3.7%) | L2_step:0.02239 (0.3%) L2_final:0.01642 (0.2%) | L3_e3:8.11643 (95.8%) | final_max_PQ:7.698e-03
     50 total:6.04976 | blocks:3 | L1_step:0.32650 (5.4%) | L2_step:0.01750 (0.3%) L2_final:0.01253 (0.2%) | L3_e3:5.69323 (94.1%) | final_max_PQ:6.829e-03
🔘 Epoch 572 No Improvement (12/40) | Val conv@1=0.0000, conv@2=0.0000, conv@3=0.0000, conv@5=0.0000, residual@1=7.977051e-03, residual@2=7.972685e-04
     25 total:7.16280 | blocks:2 | L1_step:0.30360 (4.2%) | L2_step:0.01980 (0.3%) L2_final:0.01181 (0.2%) | L3_e3:6.82758 (95.3%) | final_max_PQ:9.081e-03
     50 total:7.75224 | blocks:2 | L1_step:0.30178 (3.9%) | L2_step:0.01945 (0.3%) L2_final:0.01229 (0.2%) | L3_e3:7.41872 (95.7%) | final_max_PQ:8.329e-03
🔘 Epoch 573 No Improvement (13/40) | Val conv@1=0.0000, conv@2=0.0000, conv@3=0.0000, conv@5=0.0000, residual@1=8.346525e-03, residual@2=7.210483e-04
     25 total:10.09113 | blocks:1 | L1_step:0.17093 (1.7%) | L2_step:0.04430 (0.4%) L2_final:0.03105 (0.3%) | L3_e3:9.84486 (97.6%) | final_max_PQ:4.154e-01
     50 total:8.14931 | blocks:2 | L1_step:0.30962 (3.8%) | L2_step:0.02366 (0.3%) L2_final:0.01738 (0.2%) | L3_e3:7.79865 (95.7%) | final_max_PQ:1.410e-02
🔘 Epoch 574 No Improvement (14/40) | Val conv@1=0.0000, conv@2=0.0000, conv@3=0.0000, conv@5=0.0000, residual@1=8.245724e-03, residual@2=6.635530e-04
     25 total:6.61489 | blocks:3 | L1_step:0.32793 (5.0%) | L2_step:0.01466 (0.2%) L2_final:0.01006 (0.2%) | L3_e3:6.26225 (94.7%) | final_max_PQ:3.329e-03
     50 total:7.12537 | blocks:2 | L1_step:0.34392 (4.8%) | L2_step:0.02173 (0.3%) L2_final:0.01937 (0.3%) | L3_e3:6.74035 (94.6%) | final_max_PQ:1.050e-02
🔘 Epoch 575 No Improvement (15/40) | Val conv@1=0.0000, conv@2=0.0000, conv@3=0.0000, conv@5=0.0000, residual@1=7.986929e-03, residual@2=6.584344e-04
     25 total:8.71061 | blocks:2 | L1_step:0.33805 (3.9%) | L2_step:0.02497 (0.3%) L2_final:0.01895 (0.2%) | L3_e3:8.32863 (95.6%) | final_max_PQ:1.139e-02
     50 total:7.82004 | blocks:2 | L1_step:0.31200 (4.0%) | L2_step:0.02251 (0.3%) L2_final:0.01557 (0.2%) | L3_e3:7.46996 (95.5%) | final_max_PQ:1.446e-02
🔘 Epoch 576 No Improvement (16/40) | Val conv@1=0.0000, conv@2=0.0000, conv@3=0.0000, conv@5=0.0000, residual@1=7.995512e-03, residual@2=6.161262e-04
     25 total:7.65843 | blocks:2 | L1_step:0.30452 (4.0%) | L2_step:0.02451 (0.3%) L2_final:0.02070 (0.3%) | L3_e3:7.30869 (95.4%) | final_max_PQ:1.093e-02
     50 total:7.28678 | blocks:2 | L1_step:0.29886 (4.1%) | L2_step:0.02070 (0.3%) L2_final:0.01334 (0.2%) | L3_e3:6.95388 (95.4%) | final_max_PQ:1.556e-02
🔘 Epoch 577 No Improvement (17/40) | Val conv@1=0.0000, conv@2=0.0000, conv@3=0.0000, conv@5=0.0000, residual@1=7.883776e-03, residual@2=5.770541e-04
     25 total:6.35738 | blocks:3 | L1_step:0.32557 (5.1%) | L2_step:0.01812 (0.3%) L2_final:0.01396 (0.2%) | L3_e3:5.99973 (94.4%) | final_max_PQ:7.605e-03
     50 total:8.07098 | blocks:2 | L1_step:0.30956 (3.8%) | L2_step:0.02354 (0.3%) L2_final:0.01788 (0.2%) | L3_e3:7.72000 (95.7%) | final_max_PQ:1.036e-02
🔘 Epoch 578 No Improvement (18/40) | Val conv@1=0.0000, conv@2=0.0000, conv@3=0.0000, conv@5=0.0000, residual@1=8.030036e-03, residual@2=6.199854e-04
     25 total:7.83304 | blocks:2 | L1_step:0.31087 (4.0%) | L2_step:0.02788 (0.4%) L2_final:0.01765 (0.2%) | L3_e3:7.47664 (95.5%) | final_max_PQ:1.390e-02
     50 total:7.73812 | blocks:2 | L1_step:0.30188 (3.9%) | L2_step:0.02062 (0.3%) L2_final:0.01407 (0.2%) | L3_e3:7.40155 (95.7%) | final_max_PQ:1.177e-02
🔘 Epoch 579 No Improvement (19/40) | Val conv@1=0.0000, conv@2=0.0000, conv@3=0.0000, conv@5=0.0000, residual@1=7.789793e-03, residual@2=6.730529e-04
     25 total:8.02286 | blocks:2 | L1_step:0.30495 (3.8%) | L2_step:0.02198 (0.3%) L2_final:0.01623 (0.2%) | L3_e3:7.67971 (95.7%) | final_max_PQ:9.909e-03
     50 total:7.66384 | blocks:2 | L1_step:0.30258 (3.9%) | L2_step:0.01972 (0.3%) L2_final:0.01186 (0.2%) | L3_e3:7.32968 (95.6%) | final_max_PQ:9.828e-03
🔘 Epoch 580 No Improvement (20/40) | Val conv@1=0.0000, conv@2=0.0000, conv@3=0.0000, conv@5=0.0000, residual@1=7.793046e-03, residual@2=6.446501e-04
     25 total:7.64635 | blocks:2 | L1_step:0.31226 (4.1%) | L2_step:0.02187 (0.3%) L2_final:0.01616 (0.2%) | L3_e3:7.29607 (95.4%) | final_max_PQ:1.927e-02
     50 total:10.38529 | blocks:1 | L1_step:0.17391 (1.7%) | L2_step:0.04886 (0.5%) L2_final:0.03755 (0.4%) | L3_e3:10.12498 (97.5%) | final_max_PQ:7.221e-01
🔻 LR reduced: 1.25e-04 -> 6.25e-05
🔘 Epoch 581 No Improvement (21/40) | Val conv@1=0.0000, conv@2=0.0000, conv@3=0.0000, conv@5=0.0000, residual@1=7.942165e-03, residual@2=8.168091e-04
     25 total:5.86487 | blocks:3 | L1_step:0.32479 (5.5%) | L2_step:0.01529 (0.3%) L2_final:0.01023 (0.2%) | L3_e3:5.51456 (94.0%) | final_max_PQ:5.010e-03
     50 total:7.49721 | blocks:2 | L1_step:0.29706 (4.0%) | L2_step:0.02419 (0.3%) L2_final:0.01968 (0.3%) | L3_e3:7.15628 (95.5%) | final_max_PQ:1.294e-02
🔘 Epoch 582 No Improvement (22/40) | Val conv@1=0.0000, conv@2=0.0000, conv@3=0.0000, conv@5=0.0000, residual@1=8.043342e-03, residual@2=5.997525e-04
     25 total:7.66235 | blocks:2 | L1_step:0.30263 (3.9%) | L2_step:0.02458 (0.3%) L2_final:0.01838 (0.2%) | L3_e3:7.31676 (95.5%) | final_max_PQ:1.529e-02
     50 total:11.22842 | blocks:1 | L1_step:0.16364 (1.5%) | L2_step:0.04893 (0.4%) L2_final:0.03598 (0.3%) | L3_e3:10.97987 (97.8%) | final_max_PQ:5.542e-01
🟩 Epoch 583 | Train loss = 7.5201 | Val conv@1=0.0005, conv@2=0.0010, conv@3=0.0010, conv@5=0.0015, residual@1=7.909847e-03, residual@2=5.706965e-04, residual@3=3.334871e-04, excess@2=4.7070, tail@2=8.279324e-02, score=-1.542678 | LR: 6.2500e-05
     25 total:10.39753 | blocks:1 | L1_step:0.16190 (1.6%) | L2_step:0.03917 (0.4%) L2_final:0.03191 (0.3%) | L3_e3:10.16456 (97.8%) | final_max_PQ:4.706e-01
     50 total:7.62097 | blocks:2 | L1_step:0.30021 (3.9%) | L2_step:0.02358 (0.3%) L2_final:0.01603 (0.2%) | L3_e3:7.28115 (95.5%) | final_max_PQ:1.441e-02
🔘 Epoch 584 No Improvement (1/40) | Val conv@1=0.0000, conv@2=0.0000, conv@3=0.0000, conv@5=0.0000, residual@1=7.949261e-03, residual@2=6.393825e-04
     25 total:8.21331 | blocks:2 | L1_step:0.29799 (3.6%) | L2_step:0.02546 (0.3%) L2_final:0.02085 (0.3%) | L3_e3:7.86900 (95.8%) | final_max_PQ:1.269e-02
     50 total:7.33916 | blocks:2 | L1_step:0.30917 (4.2%) | L2_step:0.02068 (0.3%) L2_final:0.01437 (0.2%) | L3_e3:6.99495 (95.3%) | final_max_PQ:1.099e-02
🟩 Epoch 585 | Train loss = 7.3847 | Val conv@1=0.0055, conv@2=0.0127, conv@3=0.0168, conv@5=0.0210, residual@1=7.775330e-03, residual@2=5.624886e-04, residual@3=3.229480e-04, excess@2=4.6257, tail@2=8.626980e-02, score=-1.470954 | LR: 6.2500e-05
     25 total:7.24721 | blocks:2 | L1_step:0.30381 (4.2%) | L2_step:0.01946 (0.3%) L2_final:0.01347 (0.2%) | L3_e3:6.91047 (95.4%) | final_max_PQ:1.666e-02
     50 total:7.19713 | blocks:2 | L1_step:0.31550 (4.4%) | L2_step:0.02263 (0.3%) L2_final:0.01911 (0.3%) | L3_e3:6.83989 (95.0%) | final_max_PQ:1.675e-02
🔘 Epoch 586 No Improvement (1/40) | Val conv@1=0.0032, conv@2=0.0077, conv@3=0.0110, conv@5=0.0132, residual@1=8.148943e-03, residual@2=6.043157e-04
     25 total:8.44046 | blocks:2 | L1_step:0.29603 (3.5%) | L2_step:0.02460 (0.3%) L2_final:0.01695 (0.2%) | L3_e3:8.10288 (96.0%) | final_max_PQ:1.349e-02
     50 total:7.45399 | blocks:2 | L1_step:0.31219 (4.2%) | L2_step:0.02327 (0.3%) L2_final:0.01825 (0.2%) | L3_e3:7.10027 (95.3%) | final_max_PQ:1.877e-02
🔘 Epoch 587 No Improvement (2/40) | Val conv@1=0.0020, conv@2=0.0025, conv@3=0.0032, conv@5=0.0018, residual@1=7.856220e-03, residual@2=5.746192e-04
     25 total:7.04147 | blocks:2 | L1_step:0.30709 (4.4%) | L2_step:0.01909 (0.3%) L2_final:0.01441 (0.2%) | L3_e3:6.70088 (95.2%) | final_max_PQ:1.597e-02
     50 total:8.06326 | blocks:2 | L1_step:0.30861 (3.8%) | L2_step:0.01979 (0.2%) L2_final:0.01342 (0.2%) | L3_e3:7.72144 (95.8%) | final_max_PQ:1.058e-02
🟩 Epoch 588 | Train loss = 7.1806 | Val conv@1=0.0493, conv@2=0.1110, conv@3=0.1260, conv@5=0.0975, residual@1=8.020462e-03, residual@2=5.364574e-04, residual@3=2.908944e-04, excess@2=4.3708, tail@2=9.027204e-02, score=-1.030591 | LR: 6.2500e-05
     25 total:8.03101 | blocks:2 | L1_step:0.30270 (3.8%) | L2_step:0.02608 (0.3%) L2_final:0.01844 (0.2%) | L3_e3:7.68378 (95.7%) | final_max_PQ:1.106e-02
     50 total:7.93970 | blocks:2 | L1_step:0.30731 (3.9%) | L2_step:0.02337 (0.3%) L2_final:0.01910 (0.2%) | L3_e3:7.58992 (95.6%) | final_max_PQ:1.435e-02
🔘 Epoch 589 No Improvement (1/40) | Val conv@1=0.0000, conv@2=0.0000, conv@3=0.0000, conv@5=0.0000, residual@1=7.830819e-03, residual@2=5.753298e-04
     25 total:7.34123 | blocks:2 | L1_step:0.30156 (4.1%) | L2_step:0.02165 (0.3%) L2_final:0.01475 (0.2%) | L3_e3:7.00326 (95.4%) | final_max_PQ:1.149e-02
     50 total:6.13564 | blocks:3 | L1_step:0.31871 (5.2%) | L2_step:0.01747 (0.3%) L2_final:0.01341 (0.2%) | L3_e3:5.78605 (94.3%) | final_max_PQ:3.813e-03
🔘 Epoch 590 No Improvement (2/40) | Val conv@1=0.0123, conv@2=0.0310, conv@3=0.0467, conv@5=0.0508, residual@1=7.865907e-03, residual@2=5.561612e-04
     25 total:7.21482 | blocks:2 | L1_step:0.30079 (4.2%) | L2_step:0.02415 (0.3%) L2_final:0.01655 (0.2%) | L3_e3:6.87334 (95.3%) | final_max_PQ:1.080e-02
     50 total:7.49838 | blocks:2 | L1_step:0.30586 (4.1%) | L2_step:0.02139 (0.3%) L2_final:0.01590 (0.2%) | L3_e3:7.15524 (95.4%) | final_max_PQ:1.079e-02
🔘 Epoch 591 No Improvement (3/40) | Val conv@1=0.0000, conv@2=0.0000, conv@3=0.0000, conv@5=0.0000, residual@1=7.887771e-03, residual@2=6.986795e-04
     25 total:7.50376 | blocks:2 | L1_step:0.29037 (3.9%) | L2_step:0.02040 (0.3%) L2_final:0.01334 (0.2%) | L3_e3:7.17964 (95.7%) | final_max_PQ:1.101e-02
     50 total:9.83791 | blocks:1 | L1_step:0.16937 (1.7%) | L2_step:0.04080 (0.4%) L2_final:0.02526 (0.3%) | L3_e3:9.60248 (97.6%) | final_max_PQ:5.657e-01
🔘 Epoch 592 No Improvement (4/40) | Val conv@1=0.0000, conv@2=0.0000, conv@3=0.0000, conv@5=0.0000, residual@1=7.661291e-03, residual@2=6.205383e-04
     25 total:7.34486 | blocks:2 | L1_step:0.31094 (4.2%) | L2_step:0.01963 (0.3%) L2_final:0.01288 (0.2%) | L3_e3:7.00141 (95.3%) | final_max_PQ:7.048e-03
     50 total:5.90431 | blocks:3 | L1_step:0.32401 (5.5%) | L2_step:0.01597 (0.3%) L2_final:0.01061 (0.2%) | L3_e3:5.55371 (94.1%) | final_max_PQ:7.063e-03
🟩 Epoch 593 | Train loss = 7.2876 | Val conv@1=0.0685, conv@2=0.1900, conv@3=0.2382, conv@5=0.2965, residual@1=7.807451e-03, residual@2=5.740371e-04, residual@3=2.865174e-04, excess@2=4.7610, tail@2=2.735916e-01, score=-0.840535 | LR: 6.2500e-05
     25 total:7.16168 | blocks:2 | L1_step:0.30572 (4.3%) | L2_step:0.01913 (0.3%) L2_final:0.01176 (0.2%) | L3_e3:6.82507 (95.3%) | final_max_PQ:9.716e-03
     50 total:7.09656 | blocks:3 | L1_step:0.34949 (4.9%) | L2_step:0.01963 (0.3%) L2_final:0.01392 (0.2%) | L3_e3:6.71352 (94.6%) | final_max_PQ:4.925e-03
🔘 Epoch 594 No Improvement (1/40) | Val conv@1=0.0160, conv@2=0.0408, conv@3=0.0537, conv@5=0.0688, residual@1=7.785676e-03, residual@2=5.363351e-04
     25 total:6.21095 | blocks:3 | L1_step:0.32322 (5.2%) | L2_step:0.01713 (0.3%) L2_final:0.01456 (0.2%) | L3_e3:5.85604 (94.3%) | final_max_PQ:4.295e-03
     50 total:5.99674 | blocks:3 | L1_step:0.32295 (5.4%) | L2_step:0.01620 (0.3%) L2_final:0.01235 (0.2%) | L3_e3:5.64524 (94.1%) | final_max_PQ:6.678e-03
🔘 Epoch 595 No Improvement (2/40) | Val conv@1=0.0000, conv@2=0.0000, conv@3=0.0000, conv@5=0.0000, residual@1=8.103671e-03, residual@2=6.025884e-04
     25 total:7.26253 | blocks:2 | L1_step:0.29948 (4.1%) | L2_step:0.01996 (0.3%) L2_final:0.01320 (0.2%) | L3_e3:6.92989 (95.4%) | final_max_PQ:1.202e-02
     50 total:5.83892 | blocks:3 | L1_step:0.31369 (5.4%) | L2_step:0.01474 (0.3%) L2_final:0.01035 (0.2%) | L3_e3:5.50014 (94.2%) | final_max_PQ:4.328e-03
🔘 Epoch 596 No Improvement (3/40) | Val conv@1=0.0015, conv@2=0.0045, conv@3=0.0055, conv@5=0.0037, residual@1=7.823359e-03, residual@2=5.798672e-04
     25 total:7.57713 | blocks:2 | L1_step:0.31304 (4.1%) | L2_step:0.02388 (0.3%) L2_final:0.01723 (0.2%) | L3_e3:7.22298 (95.3%) | final_max_PQ:9.561e-03
     50 total:7.74261 | blocks:2 | L1_step:0.33680 (4.3%) | L2_step:0.02292 (0.3%) L2_final:0.01569 (0.2%) | L3_e3:7.36720 (95.2%) | final_max_PQ:1.969e-02
🔘 Epoch 597 No Improvement (4/40) | Val conv@1=0.0000, conv@2=0.0000, conv@3=0.0000, conv@5=0.0000, residual@1=7.950530e-03, residual@2=6.671312e-04
     25 total:5.89170 | blocks:3 | L1_step:0.32460 (5.5%) | L2_step:0.01330 (0.2%) L2_final:0.01153 (0.2%) | L3_e3:5.54228 (94.1%) | final_max_PQ:4.705e-03
     50 total:6.86008 | blocks:2 | L1_step:0.29347 (4.3%) | L2_step:0.02233 (0.3%) L2_final:0.01553 (0.2%) | L3_e3:6.52874 (95.2%) | final_max_PQ:1.279e-02
🔘 Epoch 598 No Improvement (5/40) | Val conv@1=0.0005, conv@2=0.0003, conv@3=0.0000, conv@5=0.0000, residual@1=7.692974e-03, residual@2=6.061621e-04
     25 total:7.48666 | blocks:2 | L1_step:0.29911 (4.0%) | L2_step:0.02233 (0.3%) L2_final:0.01692 (0.2%) | L3_e3:7.14830 (95.5%) | final_max_PQ:1.099e-02
     50 total:8.12095 | blocks:2 | L1_step:0.29587 (3.6%) | L2_step:0.02729 (0.3%) L2_final:0.02076 (0.3%) | L3_e3:7.77703 (95.8%) | final_max_PQ:2.075e-02
🔘 Epoch 599 No Improvement (6/40) | Val conv@1=0.0035, conv@2=0.0073, conv@3=0.0075, conv@5=0.0110, residual@1=7.680476e-03, residual@2=5.550786e-04
     25 total:7.25192 | blocks:2 | L1_step:0.30821 (4.3%) | L2_step:0.02275 (0.3%) L2_final:0.01689 (0.2%) | L3_e3:6.90407 (95.2%) | final_max_PQ:9.097e-03
     50 total:6.03703 | blocks:3 | L1_step:0.32782 (5.4%) | L2_step:0.01567 (0.3%) L2_final:0.01131 (0.2%) | L3_e3:5.68223 (94.1%) | final_max_PQ:5.790e-03
🔘 Epoch 600 No Improvement (7/40) | Val conv@1=0.0000, conv@2=0.0000, conv@3=0.0000, conv@5=0.0000, residual@1=7.850449e-03, residual@2=7.088079e-04
     25 total:7.39303 | blocks:2 | L1_step:0.30041 (4.1%) | L2_step:0.02496 (0.3%) L2_final:0.01873 (0.3%) | L3_e3:7.04893 (95.3%) | final_max_PQ:1.172e-02
     50 total:9.14121 | blocks:1 | L1_step:0.16269 (1.8%) | L2_step:0.04386 (0.5%) L2_final:0.02628 (0.3%) | L3_e3:8.90838 (97.5%) | final_max_PQ:3.145e-01
🔘 Epoch 601 No Improvement (8/40) | Val conv@1=0.0000, conv@2=0.0000, conv@3=0.0000, conv@5=0.0000, residual@1=7.612982e-03, residual@2=6.014060e-04
     25 total:7.08344 | blocks:2 | L1_step:0.29780 (4.2%) | L2_step:0.02156 (0.3%) L2_final:0.01454 (0.2%) | L3_e3:6.74953 (95.3%) | final_max_PQ:1.005e-02
     50 total:7.34696 | blocks:2 | L1_step:0.30779 (4.2%) | L2_step:0.01985 (0.3%) L2_final:0.01292 (0.2%) | L3_e3:7.00639 (95.4%) | final_max_PQ:9.952e-03
🔘 Epoch 602 No Improvement (9/40) | Val conv@1=0.0037, conv@2=0.0107, conv@3=0.0100, conv@5=0.0085, residual@1=7.725460e-03, residual@2=5.653481e-04
     25 total:7.50464 | blocks:2 | L1_step:0.29745 (4.0%) | L2_step:0.02249 (0.3%) L2_final:0.01440 (0.2%) | L3_e3:7.17031 (95.5%) | final_max_PQ:8.943e-03
     50 total:7.64777 | blocks:2 | L1_step:0.29840 (3.9%) | L2_step:0.02324 (0.3%) L2_final:0.01725 (0.2%) | L3_e3:7.30888 (95.6%) | final_max_PQ:9.061e-03
🔘 Epoch 603 No Improvement (10/40) | Val conv@1=0.0000, conv@2=0.0000, conv@3=0.0000, conv@5=0.0000, residual@1=7.673533e-03, residual@2=6.338017e-04
     25 total:6.32707 | blocks:3 | L1_step:0.31848 (5.0%) | L2_step:0.01778 (0.3%) L2_final:0.01309 (0.2%) | L3_e3:5.97773 (94.5%) | final_max_PQ:5.470e-03
     50 total:6.89616 | blocks:2 | L1_step:0.30669 (4.4%) | L2_step:0.01863 (0.3%) L2_final:0.01230 (0.2%) | L3_e3:6.55854 (95.1%) | final_max_PQ:9.178e-03
🔘 Epoch 604 No Improvement (11/40) | Val conv@1=0.0000, conv@2=0.0000, conv@3=0.0000, conv@5=0.0000, residual@1=8.101045e-03, residual@2=7.255845e-04
     25 total:7.77119 | blocks:2 | L1_step:0.29430 (3.8%) | L2_step:0.02617 (0.3%) L2_final:0.02042 (0.3%) | L3_e3:7.43030 (95.6%) | final_max_PQ:1.541e-02
     50 total:8.25086 | blocks:2 | L1_step:0.29935 (3.6%) | L2_step:0.02366 (0.3%) L2_final:0.01606 (0.2%) | L3_e3:7.91179 (95.9%) | final_max_PQ:8.912e-03
🔘 Epoch 605 No Improvement (12/40) | Val conv@1=0.0000, conv@2=0.0000, conv@3=0.0000, conv@5=0.0000, residual@1=7.682542e-03, residual@2=5.464284e-04
     25 total:10.75098 | blocks:1 | L1_step:0.16545 (1.5%) | L2_step:0.04786 (0.4%) L2_final:0.03422 (0.3%) | L3_e3:10.50345 (97.7%) | final_max_PQ:3.730e-01
     50 total:6.17691 | blocks:3 | L1_step:0.32475 (5.3%) | L2_step:0.01569 (0.3%) L2_final:0.01020 (0.2%) | L3_e3:5.82628 (94.3%) | final_max_PQ:6.167e-03
🔘 Epoch 606 No Improvement (13/40) | Val conv@1=0.0040, conv@2=0.0132, conv@3=0.0123, conv@5=0.0152, residual@1=7.798172e-03, residual@2=5.513676e-04
     25 total:7.31398 | blocks:2 | L1_step:0.30507 (4.2%) | L2_step:0.02643 (0.4%) L2_final:0.01973 (0.3%) | L3_e3:6.96276 (95.2%) | final_max_PQ:1.568e-02
     50 total:7.33831 | blocks:2 | L1_step:0.30146 (4.1%) | L2_step:0.02099 (0.3%) L2_final:0.01457 (0.2%) | L3_e3:7.00130 (95.4%) | final_max_PQ:1.452e-01
🔘 Epoch 607 No Improvement (14/40) | Val conv@1=0.0000, conv@2=0.0000, conv@3=0.0000, conv@5=0.0000, residual@1=7.856063e-03, residual@2=7.404084e-04
     25 total:10.15179 | blocks:1 | L1_step:0.17654 (1.7%) | L2_step:0.04060 (0.4%) L2_final:0.02628 (0.3%) | L3_e3:9.90838 (97.6%) | final_max_PQ:4.280e-01
     50 total:7.99201 | blocks:2 | L1_step:0.31008 (3.9%) | L2_step:0.02472 (0.3%) L2_final:0.01834 (0.2%) | L3_e3:7.63887 (95.6%) | final_max_PQ:1.674e-02
🟩 Epoch 608 | Train loss = 7.3627 | Val conv@1=0.0607, conv@2=0.1540, conv@3=0.1958, conv@5=0.2162, residual@1=7.519596e-03, residual@2=5.299539e-04, residual@3=2.880550e-04, excess@2=4.3113, tail@2=9.452486e-02, score=-0.822654 | LR: 6.2500e-05
     25 total:7.83414 | blocks:2 | L1_step:0.31076 (4.0%) | L2_step:0.02313 (0.3%) L2_final:0.01606 (0.2%) | L3_e3:7.48419 (95.5%) | final_max_PQ:9.447e-03
     50 total:6.28217 | blocks:3 | L1_step:0.31525 (5.0%) | L2_step:0.01931 (0.3%) L2_final:0.01402 (0.2%) | L3_e3:5.93358 (94.5%) | final_max_PQ:4.179e-03
🔘 Epoch 609 No Improvement (1/40) | Val conv@1=0.0000, conv@2=0.0000, conv@3=0.0000, conv@5=0.0000, residual@1=7.625724e-03, residual@2=7.199794e-04
     25 total:7.55279 | blocks:2 | L1_step:0.30648 (4.1%) | L2_step:0.02348 (0.3%) L2_final:0.01501 (0.2%) | L3_e3:7.20782 (95.4%) | final_max_PQ:1.809e-02
     50 total:5.77797 | blocks:3 | L1_step:0.31753 (5.5%) | L2_step:0.01716 (0.3%) L2_final:0.01306 (0.2%) | L3_e3:5.43022 (94.0%) | final_max_PQ:6.214e-03
🔘 Epoch 610 No Improvement (2/40) | Val conv@1=0.0000, conv@2=0.0000, conv@3=0.0000, conv@5=0.0003, residual@1=7.688279e-03, residual@2=6.100348e-04
     25 total:7.17364 | blocks:2 | L1_step:0.30586 (4.3%) | L2_step:0.02571 (0.4%) L2_final:0.02141 (0.3%) | L3_e3:6.82066 (95.1%) | final_max_PQ:1.600e-02
     50 total:6.96023 | blocks:2 | L1_step:0.29746 (4.3%) | L2_step:0.02071 (0.3%) L2_final:0.01477 (0.2%) | L3_e3:6.62729 (95.2%) | final_max_PQ:1.054e-02
🔘 Epoch 611 No Improvement (3/40) | Val conv@1=0.0000, conv@2=0.0000, conv@3=0.0000, conv@5=0.0000, residual@1=7.697434e-03, residual@2=7.094444e-04
     25 total:7.19493 | blocks:2 | L1_step:0.31386 (4.4%) | L2_step:0.02119 (0.3%) L2_final:0.01501 (0.2%) | L3_e3:6.84488 (95.1%) | final_max_PQ:1.253e-02
     50 total:6.24703 | blocks:3 | L1_step:0.37293 (6.0%) | L2_step:0.01451 (0.2%) L2_final:0.01044 (0.2%) | L3_e3:5.84915 (93.6%) | final_max_PQ:3.095e-03
🔘 Epoch 612 No Improvement (4/40) | Val conv@1=0.0000, conv@2=0.0000, conv@3=0.0000, conv@5=0.0000, residual@1=8.095202e-03, residual@2=6.713845e-04
     25 total:6.22644 | blocks:3 | L1_step:0.32458 (5.2%) | L2_step:0.01592 (0.3%) L2_final:0.01238 (0.2%) | L3_e3:5.87356 (94.3%) | final_max_PQ:7.096e-03
     50 total:5.92366 | blocks:3 | L1_step:0.31882 (5.4%) | L2_step:0.01732 (0.3%) L2_final:0.01296 (0.2%) | L3_e3:5.57456 (94.1%) | final_max_PQ:5.202e-03
🔘 Epoch 613 No Improvement (5/40) | Val conv@1=0.0000, conv@2=0.0000, conv@3=0.0000, conv@5=0.0000, residual@1=7.579853e-03, residual@2=6.044109e-04
     25 total:9.55658 | blocks:1 | L1_step:0.17727 (1.9%) | L2_step:0.03686 (0.4%) L2_final:0.02510 (0.3%) | L3_e3:9.31735 (97.5%) | final_max_PQ:4.046e-01
     50 total:10.38056 | blocks:1 | L1_step:0.16134 (1.6%) | L2_step:0.04775 (0.5%) L2_final:0.03160 (0.3%) | L3_e3:10.13988 (97.7%) | final_max_PQ:5.305e-01
🔘 Epoch 614 No Improvement (6/40) | Val conv@1=0.0000, conv@2=0.0000, conv@3=0.0000, conv@5=0.0000, residual@1=8.058728e-03, residual@2=6.704604e-04
     25 total:7.33418 | blocks:2 | L1_step:0.29907 (4.1%) | L2_step:0.02372 (0.3%) L2_final:0.01682 (0.2%) | L3_e3:6.99457 (95.4%) | final_max_PQ:1.751e-02
     50 total:6.66910 | blocks:2 | L1_step:0.29210 (4.4%) | L2_step:0.02015 (0.3%) L2_final:0.01427 (0.2%) | L3_e3:6.34257 (95.1%) | final_max_PQ:1.140e-02
🔘 Epoch 615 No Improvement (7/40) | Val conv@1=0.0000, conv@2=0.0000, conv@3=0.0000, conv@5=0.0000, residual@1=7.571112e-03, residual@2=6.299169e-04
     25 total:5.98462 | blocks:3 | L1_step:0.33122 (5.5%) | L2_step:0.01771 (0.3%) L2_final:0.01273 (0.2%) | L3_e3:5.62295 (94.0%) | final_max_PQ:4.737e-03
     50 total:7.48354 | blocks:2 | L1_step:0.30901 (4.1%) | L2_step:0.02088 (0.3%) L2_final:0.01556 (0.2%) | L3_e3:7.13808 (95.4%) | final_max_PQ:1.097e-02
🔘 Epoch 616 No Improvement (8/40) | Val conv@1=0.0035, conv@2=0.0092, conv@3=0.0132, conv@5=0.0085, residual@1=7.756315e-03, residual@2=5.971011e-04
     25 total:5.56659 | blocks:3 | L1_step:0.31874 (5.7%) | L2_step:0.01433 (0.3%) L2_final:0.00922 (0.2%) | L3_e3:5.22431 (93.9%) | final_max_PQ:3.643e-03
     50 total:10.19275 | blocks:1 | L1_step:0.16089 (1.6%) | L2_step:0.04097 (0.4%) L2_final:0.02297 (0.2%) | L3_e3:9.96791 (97.8%) | final_max_PQ:2.298e-01
🔘 Epoch 617 No Improvement (9/40) | Val conv@1=0.0000, conv@2=0.0005, conv@3=0.0005, conv@5=0.0000, residual@1=7.602089e-03, residual@2=5.682052e-04
     25 total:7.59775 | blocks:2 | L1_step:0.30475 (4.0%) | L2_step:0.02184 (0.3%) L2_final:0.01518 (0.2%) | L3_e3:7.25598 (95.5%) | final_max_PQ:1.039e-02
     50 total:7.44155 | blocks:2 | L1_step:0.30885 (4.2%) | L2_step:0.02407 (0.3%) L2_final:0.01782 (0.2%) | L3_e3:7.09081 (95.3%) | final_max_PQ:1.195e-02
🔘 Epoch 618 No Improvement (10/40) | Val conv@1=0.0083, conv@2=0.0160, conv@3=0.0238, conv@5=0.0302, residual@1=7.384724e-03, residual@2=5.458453e-04
     25 total:10.01804 | blocks:1 | L1_step:0.17708 (1.8%) | L2_step:0.04384 (0.4%) L2_final:0.03218 (0.3%) | L3_e3:9.76494 (97.5%) | final_max_PQ:4.528e-01
     50 total:9.79685 | blocks:1 | L1_step:0.16536 (1.7%) | L2_step:0.04873 (0.5%) L2_final:0.03574 (0.4%) | L3_e3:9.54703 (97.4%) | final_max_PQ:3.455e-01
🔘 Epoch 619 No Improvement (11/40) | Val conv@1=0.0000, conv@2=0.0000, conv@3=0.0000, conv@5=0.0000, residual@1=7.583770e-03, residual@2=7.295858e-04
     25 total:7.10482 | blocks:2 | L1_step:0.29458 (4.1%) | L2_step:0.01916 (0.3%) L2_final:0.01350 (0.2%) | L3_e3:6.77759 (95.4%) | final_max_PQ:1.161e-02
     50 total:7.22807 | blocks:2 | L1_step:0.30916 (4.3%) | L2_step:0.02190 (0.3%) L2_final:0.01592 (0.2%) | L3_e3:6.88109 (95.2%) | final_max_PQ:1.273e-02
🔘 Epoch 620 No Improvement (12/40) | Val conv@1=0.0020, conv@2=0.0022, conv@3=0.0037, conv@5=0.0053, residual@1=7.437983e-03, residual@2=5.538300e-04
     25 total:7.76974 | blocks:2 | L1_step:0.30067 (3.9%) | L2_step:0.02371 (0.3%) L2_final:0.01482 (0.2%) | L3_e3:7.43054 (95.6%) | final_max_PQ:8.586e-03
     50 total:6.06106 | blocks:3 | L1_step:0.31840 (5.3%) | L2_step:0.01735 (0.3%) L2_final:0.01240 (0.2%) | L3_e3:5.71291 (94.3%) | final_max_PQ:4.206e-03
🔘 Epoch 621 No Improvement (13/40) | Val conv@1=0.0005, conv@2=0.0005, conv@3=0.0013, conv@5=0.0010, residual@1=7.466985e-03, residual@2=5.915848e-04
     25 total:7.19232 | blocks:2 | L1_step:0.29938 (4.2%) | L2_step:0.02233 (0.3%) L2_final:0.01568 (0.2%) | L3_e3:6.85493 (95.3%) | final_max_PQ:1.336e-02
     50 total:6.00670 | blocks:2 | L1_step:0.30216 (5.0%) | L2_step:0.01833 (0.3%) L2_final:0.01030 (0.2%) | L3_e3:5.67591 (94.5%) | final_max_PQ:9.698e-03
🔘 Epoch 622 No Improvement (14/40) | Val conv@1=0.0000, conv@2=0.0000, conv@3=0.0000, conv@5=0.0000, residual@1=7.550383e-03, residual@2=6.873912e-04
     25 total:7.47109 | blocks:2 | L1_step:0.30625 (4.1%) | L2_step:0.02073 (0.3%) L2_final:0.01606 (0.2%) | L3_e3:7.12805 (95.4%) | final_max_PQ:5.191e-02
     50 total:5.65460 | blocks:3 | L1_step:0.32480 (5.7%) | L2_step:0.01764 (0.3%) L2_final:0.01533 (0.3%) | L3_e3:5.29684 (93.7%) | final_max_PQ:4.777e-03
🔘 Epoch 623 No Improvement (15/40) | Val conv@1=0.0003, conv@2=0.0008, conv@3=0.0003, conv@5=0.0000, residual@1=7.595794e-03, residual@2=5.885749e-04
     25 total:5.72525 | blocks:3 | L1_step:0.32745 (5.7%) | L2_step:0.01514 (0.3%) L2_final:0.01062 (0.2%) | L3_e3:5.37203 (93.8%) | final_max_PQ:3.161e-03
     50 total:7.60225 | blocks:2 | L1_step:0.30024 (3.9%) | L2_step:0.02303 (0.3%) L2_final:0.01923 (0.3%) | L3_e3:7.25976 (95.5%) | final_max_PQ:1.352e-02
🔘 Epoch 624 No Improvement (16/40) | Val conv@1=0.0077, conv@2=0.0213, conv@3=0.0305, conv@5=0.0385, residual@1=7.375450e-03, residual@2=5.467505e-04
     25 total:10.21502 | blocks:1 | L1_step:0.16799 (1.6%) | L2_step:0.05048 (0.5%) L2_final:0.03429 (0.3%) | L3_e3:9.96227 (97.5%) | final_max_PQ:4.298e-01
     50 total:6.99928 | blocks:2 | L1_step:0.29222 (4.2%) | L2_step:0.02064 (0.3%) L2_final:0.01550 (0.2%) | L3_e3:6.67091 (95.3%) | final_max_PQ:1.638e-01
🔘 Epoch 625 No Improvement (17/40) | Val conv@1=0.0000, conv@2=0.0000, conv@3=0.0000, conv@5=0.0000, residual@1=7.502571e-03, residual@2=7.021078e-04
     25 total:7.63731 | blocks:2 | L1_step:0.29441 (3.9%) | L2_step:0.02231 (0.3%) L2_final:0.01489 (0.2%) | L3_e3:7.30570 (95.7%) | final_max_PQ:8.102e-03
     50 total:7.10588 | blocks:2 | L1_step:0.31820 (4.5%) | L2_step:0.02028 (0.3%) L2_final:0.01557 (0.2%) | L3_e3:6.75183 (95.0%) | final_max_PQ:2.418e-01
🔘 Epoch 626 No Improvement (18/40) | Val conv@1=0.0000, conv@2=0.0000, conv@3=0.0000, conv@5=0.0000, residual@1=7.533809e-03, residual@2=7.011267e-04
     25 total:6.03808 | blocks:3 | L1_step:0.31989 (5.3%) | L2_step:0.01490 (0.2%) L2_final:0.01056 (0.2%) | L3_e3:5.69273 (94.3%) | final_max_PQ:4.233e-03
     50 total:10.69218 | blocks:1 | L1_step:0.17530 (1.6%) | L2_step:0.04700 (0.4%) L2_final:0.03106 (0.3%) | L3_e3:10.43882 (97.6%) | final_max_PQ:3.196e-01
🔘 Epoch 627 No Improvement (19/40) | Val conv@1=0.0088, conv@2=0.0240, conv@3=0.0297, conv@5=0.0248, residual@1=7.918542e-03, residual@2=5.634648e-04
     25 total:6.36266 | blocks:3 | L1_step:0.35261 (5.5%) | L2_step:0.01530 (0.2%) L2_final:0.01150 (0.2%) | L3_e3:5.98325 (94.0%) | final_max_PQ:4.597e-03
     50 total:6.81093 | blocks:3 | L1_step:0.37337 (5.5%) | L2_step:0.01875 (0.3%) L2_final:0.01300 (0.2%) | L3_e3:6.40580 (94.1%) | final_max_PQ:5.787e-03
🔘 Epoch 628 No Improvement (20/40) | Val conv@1=0.0000, conv@2=0.0000, conv@3=0.0000, conv@5=0.0000, residual@1=7.440360e-03, residual@2=6.061070e-04
     25 total:8.01250 | blocks:2 | L1_step:0.29769 (3.7%) | L2_step:0.02602 (0.3%) L2_final:0.01898 (0.2%) | L3_e3:7.66982 (95.7%) | final_max_PQ:1.909e-01
     50 total:5.94340 | blocks:3 | L1_step:0.32377 (5.4%) | L2_step:0.01678 (0.3%) L2_final:0.01196 (0.2%) | L3_e3:5.59089 (94.1%) | final_max_PQ:4.067e-03
🔻 LR reduced: 6.25e-05 -> 3.13e-05
🔘 Epoch 629 No Improvement (21/40) | Val conv@1=0.0000, conv@2=0.0000, conv@3=0.0000, conv@5=0.0000, residual@1=7.675288e-03, residual@2=7.362954e-04
     25 total:7.99731 | blocks:2 | L1_step:0.29857 (3.7%) | L2_step:0.02693 (0.3%) L2_final:0.01945 (0.2%) | L3_e3:7.65236 (95.7%) | final_max_PQ:1.338e-02
     50 total:5.96062 | blocks:3 | L1_step:0.32322 (5.4%) | L2_step:0.01957 (0.3%) L2_final:0.01530 (0.3%) | L3_e3:5.60252 (94.0%) | final_max_PQ:3.933e-03
🔘 Epoch 630 No Improvement (22/40) | Val conv@1=0.0018, conv@2=0.0010, conv@3=0.0018, conv@5=0.0020, residual@1=7.419900e-03, residual@2=5.489407e-04
     25 total:5.48632 | blocks:3 | L1_step:0.32365 (5.9%) | L2_step:0.01542 (0.3%) L2_final:0.01091 (0.2%) | L3_e3:5.13634 (93.6%) | final_max_PQ:5.500e-03
     50 total:5.77422 | blocks:3 | L1_step:0.32101 (5.6%) | L2_step:0.01806 (0.3%) L2_final:0.01193 (0.2%) | L3_e3:5.42321 (93.9%) | final_max_PQ:3.626e-03
🟩 Epoch 631 | Train loss = 6.9713 | Val conv@1=0.0920, conv@2=0.2435, conv@3=0.2955, conv@5=0.3450, residual@1=7.338380e-03, residual@2=5.067528e-04, residual@3=2.769792e-04, excess@2=4.0950, tail@2=4.754609e-02, score=-0.408293 | LR: 3.1250e-05
     25 total:6.01932 | blocks:3 | L1_step:0.31491 (5.2%) | L2_step:0.01771 (0.3%) L2_final:0.01509 (0.3%) | L3_e3:5.67161 (94.2%) | final_max_PQ:4.637e-03
     50 total:7.57092 | blocks:2 | L1_step:0.30398 (4.0%) | L2_step:0.02297 (0.3%) L2_final:0.01943 (0.3%) | L3_e3:7.22454 (95.4%) | final_max_PQ:1.353e-02
🔘 Epoch 632 No Improvement (1/40) | Val conv@1=0.0840, conv@2=0.2142, conv@3=0.2485, conv@5=0.2585, residual@1=7.325730e-03, residual@2=5.114888e-04
     25 total:7.16858 | blocks:2 | L1_step:0.31171 (4.3%) | L2_step:0.02118 (0.3%) L2_final:0.01791 (0.2%) | L3_e3:6.81778 (95.1%) | final_max_PQ:1.657e-02
     50 total:7.53436 | blocks:2 | L1_step:0.29808 (4.0%) | L2_step:0.02182 (0.3%) L2_final:0.01404 (0.2%) | L3_e3:7.20040 (95.6%) | final_max_PQ:9.115e-03
🔘 Epoch 633 No Improvement (2/40) | Val conv@1=0.0597, conv@2=0.1395, conv@3=0.1752, conv@5=0.2087, residual@1=7.371893e-03, residual@2=5.160447e-04
     25 total:7.41342 | blocks:2 | L1_step:0.30934 (4.2%) | L2_step:0.02461 (0.3%) L2_final:0.01681 (0.2%) | L3_e3:7.06266 (95.3%) | final_max_PQ:8.466e-03
     50 total:6.58691 | blocks:2 | L1_step:0.29740 (4.5%) | L2_step:0.02262 (0.3%) L2_final:0.01754 (0.3%) | L3_e3:6.24935 (94.9%) | final_max_PQ:1.900e-02
🔘 Epoch 634 No Improvement (3/40) | Val conv@1=0.0005, conv@2=0.0015, conv@3=0.0020, conv@5=0.0018, residual@1=8.070278e-03, residual@2=6.155272e-04
     25 total:7.43939 | blocks:2 | L1_step:0.29688 (4.0%) | L2_step:0.02533 (0.3%) L2_final:0.01767 (0.2%) | L3_e3:7.09951 (95.4%) | final_max_PQ:1.452e-02
     50 total:5.12001 | blocks:3 | L1_step:0.32317 (6.3%) | L2_step:0.01372 (0.3%) L2_final:0.00868 (0.2%) | L3_e3:4.77444 (93.3%) | final_max_PQ:3.556e-03
🔘 Epoch 635 No Improvement (4/40) | Val conv@1=0.0345, conv@2=0.0988, conv@3=0.1100, conv@5=0.1215, residual@1=7.501386e-03, residual@2=5.359782e-04
     25 total:7.61862 | blocks:2 | L1_step:0.29820 (3.9%) | L2_step:0.02187 (0.3%) L2_final:0.01271 (0.2%) | L3_e3:7.28583 (95.6%) | final_max_PQ:9.222e-03
     50 total:10.73739 | blocks:1 | L1_step:0.16111 (1.5%) | L2_step:0.04482 (0.4%) L2_final:0.02361 (0.2%) | L3_e3:10.50786 (97.9%) | final_max_PQ:1.809e-01
🔘 Epoch 636 No Improvement (5/40) | Val conv@1=0.0920, conv@2=0.2325, conv@3=0.2810, conv@5=0.3260, residual@1=7.416044e-03, residual@2=5.071600e-04
     25 total:10.35836 | blocks:1 | L1_step:0.16742 (1.6%) | L2_step:0.04639 (0.4%) L2_final:0.03359 (0.3%) | L3_e3:10.11096 (97.6%) | final_max_PQ:3.952e-01
     50 total:7.45661 | blocks:2 | L1_step:0.29719 (4.0%) | L2_step:0.02168 (0.3%) L2_final:0.01377 (0.2%) | L3_e3:7.12396 (95.5%) | final_max_PQ:1.923e-02
🔘 Epoch 637 No Improvement (6/40) | Val conv@1=0.0008, conv@2=0.0005, conv@3=0.0013, conv@5=0.0022, residual@1=7.533621e-03, residual@2=5.616007e-04
     25 total:7.50272 | blocks:2 | L1_step:0.28862 (3.8%) | L2_step:0.02369 (0.3%) L2_final:0.01784 (0.2%) | L3_e3:7.17257 (95.6%) | final_max_PQ:2.524e-02
     50 total:6.23440 | blocks:3 | L1_step:0.32081 (5.1%) | L2_step:0.01526 (0.2%) L2_final:0.00891 (0.1%) | L3_e3:5.88942 (94.5%) | final_max_PQ:3.815e-03
🔘 Epoch 638 No Improvement (7/40) | Val conv@1=0.0352, conv@2=0.0917, conv@3=0.1067, conv@5=0.1283, residual@1=7.482567e-03, residual@2=5.621389e-04
     25 total:9.57799 | blocks:1 | L1_step:0.16344 (1.7%) | L2_step:0.04610 (0.5%) L2_final:0.03812 (0.4%) | L3_e3:9.33033 (97.4%) | final_max_PQ:5.066e-01
     50 total:7.86171 | blocks:2 | L1_step:0.29989 (3.8%) | L2_step:0.02129 (0.3%) L2_final:0.01294 (0.2%) | L3_e3:7.52758 (95.7%) | final_max_PQ:1.405e-02
🟩 Epoch 639 | Train loss = 7.1335 | Val conv@1=0.1055, conv@2=0.2725, conv@3=0.3265, conv@5=0.3765, residual@1=7.385177e-03, residual@2=5.295380e-04, residual@3=2.777244e-04, excess@2=4.3274, tail@2=1.496418e-01, score=-0.392150 | LR: 3.1250e-05
     25 total:6.28051 | blocks:3 | L1_step:0.32013 (5.1%) | L2_step:0.01659 (0.3%) L2_final:0.01301 (0.2%) | L3_e3:5.93078 (94.4%) | final_max_PQ:4.602e-03
     50 total:6.70343 | blocks:2 | L1_step:0.29981 (4.5%) | L2_step:0.01874 (0.3%) L2_final:0.01410 (0.2%) | L3_e3:6.37078 (95.0%) | final_max_PQ:1.421e-02
🔘 Epoch 640 No Improvement (1/40) | Val conv@1=0.0015, conv@2=0.0040, conv@3=0.0045, conv@5=0.0060, residual@1=7.554525e-03, residual@2=5.746220e-04
     25 total:6.76076 | blocks:2 | L1_step:0.29031 (4.3%) | L2_step:0.02390 (0.4%) L2_final:0.01800 (0.3%) | L3_e3:6.42856 (95.1%) | final_max_PQ:8.509e-03
     50 total:9.41989 | blocks:1 | L1_step:0.16317 (1.7%) | L2_step:0.04019 (0.4%) L2_final:0.02941 (0.3%) | L3_e3:9.18712 (97.5%) | final_max_PQ:4.670e-01
🔘 Epoch 641 No Improvement (2/40) | Val conv@1=0.0000, conv@2=0.0005, conv@3=0.0003, conv@5=0.0003, residual@1=7.348518e-03, residual@2=5.870097e-04
     25 total:7.46164 | blocks:2 | L1_step:0.30324 (4.1%) | L2_step:0.01900 (0.3%) L2_final:0.01153 (0.2%) | L3_e3:7.12787 (95.5%) | final_max_PQ:1.109e-02
     50 total:7.06017 | blocks:2 | L1_step:0.30585 (4.3%) | L2_step:0.02077 (0.3%) L2_final:0.01361 (0.2%) | L3_e3:6.71995 (95.2%) | final_max_PQ:8.327e-03
🔘 Epoch 642 No Improvement (3/40) | Val conv@1=0.0027, conv@2=0.0045, conv@3=0.0057, conv@5=0.0080, residual@1=7.371433e-03, residual@2=5.542822e-04
     25 total:10.16383 | blocks:1 | L1_step:0.15626 (1.5%) | L2_step:0.04876 (0.5%) L2_final:0.03146 (0.3%) | L3_e3:9.92734 (97.7%) | final_max_PQ:3.221e-01
     50 total:7.75098 | blocks:2 | L1_step:0.30385 (3.9%) | L2_step:0.02373 (0.3%) L2_final:0.01522 (0.2%) | L3_e3:7.40819 (95.6%) | final_max_PQ:1.523e-02
🔘 Epoch 643 No Improvement (4/40) | Val conv@1=0.0065, conv@2=0.0147, conv@3=0.0168, conv@5=0.0225, residual@1=7.800216e-03, residual@2=6.035959e-04
     25 total:10.96474 | blocks:1 | L1_step:0.15727 (1.4%) | L2_step:0.03753 (0.3%) L2_final:0.02156 (0.2%) | L3_e3:10.74838 (98.0%) | final_max_PQ:2.444e-01
     50 total:6.13514 | blocks:3 | L1_step:0.32249 (5.3%) | L2_step:0.01620 (0.3%) L2_final:0.01300 (0.2%) | L3_e3:5.78344 (94.3%) | final_max_PQ:3.986e-03
🔘 Epoch 644 No Improvement (5/40) | Val conv@1=0.0617, conv@2=0.1685, conv@3=0.2035, conv@5=0.2278, residual@1=7.393420e-03, residual@2=5.321139e-04
     25 total:7.39772 | blocks:2 | L1_step:0.30560 (4.1%) | L2_step:0.02317 (0.3%) L2_final:0.01705 (0.2%) | L3_e3:7.05189 (95.3%) | final_max_PQ:1.106e-02
     50 total:6.58337 | blocks:2 | L1_step:0.30425 (4.6%) | L2_step:0.01947 (0.3%) L2_final:0.01198 (0.2%) | L3_e3:6.24766 (94.9%) | final_max_PQ:8.330e-03
🔘 Epoch 645 No Improvement (6/40) | Val conv@1=0.0000, conv@2=0.0000, conv@3=0.0000, conv@5=0.0000, residual@1=7.378217e-03, residual@2=6.234553e-04
     25 total:6.89054 | blocks:2 | L1_step:0.30213 (4.4%) | L2_step:0.02102 (0.3%) L2_final:0.01569 (0.2%) | L3_e3:6.55170 (95.1%) | final_max_PQ:1.346e-02
     50 total:7.56644 | blocks:2 | L1_step:0.29478 (3.9%) | L2_step:0.02122 (0.3%) L2_final:0.01436 (0.2%) | L3_e3:7.23608 (95.6%) | final_max_PQ:1.148e-02
🔘 Epoch 646 No Improvement (7/40) | Val conv@1=0.0592, conv@2=0.1578, conv@3=0.1742, conv@5=0.1222, residual@1=7.280766e-03, residual@2=5.419696e-04
     25 total:7.04686 | blocks:2 | L1_step:0.30554 (4.3%) | L2_step:0.02537 (0.4%) L2_final:0.02101 (0.3%) | L3_e3:6.69494 (95.0%) | final_max_PQ:1.412e-02
     50 total:6.97262 | blocks:2 | L1_step:0.30221 (4.3%) | L2_step:0.02336 (0.3%) L2_final:0.01503 (0.2%) | L3_e3:6.63201 (95.1%) | final_max_PQ:7.498e-03
🔘 Epoch 647 No Improvement (8/40) | Val conv@1=0.0043, conv@2=0.0092, conv@3=0.0138, conv@5=0.0160, residual@1=7.227920e-03, residual@2=5.453339e-04
     25 total:11.39315 | blocks:1 | L1_step:0.16694 (1.5%) | L2_step:0.04243 (0.4%) L2_final:0.02548 (0.2%) | L3_e3:11.15830 (97.9%) | final_max_PQ:4.335e-01
     50 total:5.39573 | blocks:3 | L1_step:0.32053 (5.9%) | L2_step:0.01624 (0.3%) L2_final:0.01394 (0.3%) | L3_e3:5.04502 (93.5%) | final_max_PQ:4.788e-03
🔘 Epoch 648 No Improvement (9/40) | Val conv@1=0.0170, conv@2=0.0398, conv@3=0.0505, conv@5=0.0570, residual@1=7.699124e-03, residual@2=5.512069e-04
     25 total:5.30122 | blocks:3 | L1_step:0.31614 (6.0%) | L2_step:0.01380 (0.3%) L2_final:0.00931 (0.2%) | L3_e3:4.96196 (93.6%) | final_max_PQ:6.693e-03
     50 total:5.69185 | blocks:3 | L1_step:0.32747 (5.8%) | L2_step:0.01690 (0.3%) L2_final:0.01133 (0.2%) | L3_e3:5.33615 (93.8%) | final_max_PQ:3.998e-03
🟩 Epoch 649 | Train loss = 7.3541 | Val conv@1=0.1103, conv@2=0.2700, conv@3=0.3347, conv@5=0.3855, residual@1=7.159617e-03, residual@2=5.100499e-04, residual@3=2.838709e-04, excess@2=4.1347, tail@2=3.405911e-02, score=-0.294938 | LR: 3.1250e-05
     25 total:6.81108 | blocks:2 | L1_step:0.29621 (4.3%) | L2_step:0.02084 (0.3%) L2_final:0.01635 (0.2%) | L3_e3:6.47767 (95.1%) | final_max_PQ:1.013e-02
     50 total:7.83424 | blocks:2 | L1_step:0.29771 (3.8%) | L2_step:0.02681 (0.3%) L2_final:0.02300 (0.3%) | L3_e3:7.48672 (95.6%) | final_max_PQ:1.587e-02
🔘 Epoch 650 No Improvement (1/40) | Val conv@1=0.0587, conv@2=0.1315, conv@3=0.1618, conv@5=0.1883, residual@1=7.213522e-03, residual@2=5.172133e-04
     25 total:7.98004 | blocks:2 | L1_step:0.31266 (3.9%) | L2_step:0.02509 (0.3%) L2_final:0.01638 (0.2%) | L3_e3:7.62590 (95.6%) | final_max_PQ:1.311e-02
     50 total:7.68398 | blocks:2 | L1_step:0.30678 (4.0%) | L2_step:0.02449 (0.3%) L2_final:0.01938 (0.3%) | L3_e3:7.33333 (95.4%) | final_max_PQ:3.592e-02
🔘 Epoch 651 No Improvement (2/40) | Val conv@1=0.0143, conv@2=0.0488, conv@3=0.0505, conv@5=0.0522, residual@1=7.414301e-03, residual@2=5.406746e-04
     25 total:6.18835 | blocks:3 | L1_step:0.32423 (5.2%) | L2_step:0.01619 (0.3%) L2_final:0.01148 (0.2%) | L3_e3:5.83645 (94.3%) | final_max_PQ:3.404e-03
     50 total:7.81391 | blocks:2 | L1_step:0.31637 (4.0%) | L2_step:0.02581 (0.3%) L2_final:0.01889 (0.2%) | L3_e3:7.45284 (95.4%) | final_max_PQ:1.211e-02
🔘 Epoch 652 No Improvement (3/40) | Val conv@1=0.0000, conv@2=0.0000, conv@3=0.0000, conv@5=0.0000, residual@1=7.264560e-03, residual@2=6.115806e-04
     25 total:7.26836 | blocks:2 | L1_step:0.30367 (4.2%) | L2_step:0.02036 (0.3%) L2_final:0.01301 (0.2%) | L3_e3:6.93132 (95.4%) | final_max_PQ:1.026e-02
     50 total:6.00064 | blocks:3 | L1_step:0.32424 (5.4%) | L2_step:0.01706 (0.3%) L2_final:0.01196 (0.2%) | L3_e3:5.64739 (94.1%) | final_max_PQ:3.549e-03
🔘 Epoch 653 No Improvement (4/40) | Val conv@1=0.0617, conv@2=0.1613, conv@3=0.1948, conv@5=0.2345, residual@1=7.292822e-03, residual@2=5.168985e-04
     25 total:6.34391 | blocks:3 | L1_step:0.31545 (5.0%) | L2_step:0.01822 (0.3%) L2_final:0.01228 (0.2%) | L3_e3:5.99797 (94.5%) | final_max_PQ:4.275e-03
     50 total:5.58442 | blocks:3 | L1_step:0.32553 (5.8%) | L2_step:0.01315 (0.2%) L2_final:0.00952 (0.2%) | L3_e3:5.23621 (93.8%) | final_max_PQ:3.636e-03
🔘 Epoch 654 No Improvement (5/40) | Val conv@1=0.0163, conv@2=0.0465, conv@3=0.0483, conv@5=0.0530, residual@1=7.390676e-03, residual@2=5.479553e-04
     25 total:5.85413 | blocks:3 | L1_step:0.32654 (5.6%) | L2_step:0.01667 (0.3%) L2_final:0.01194 (0.2%) | L3_e3:5.49898 (93.9%) | final_max_PQ:4.202e-03
     50 total:7.53207 | blocks:2 | L1_step:0.30870 (4.1%) | L2_step:0.01896 (0.3%) L2_final:0.01249 (0.2%) | L3_e3:7.19193 (95.5%) | final_max_PQ:1.246e-02
🔘 Epoch 655 No Improvement (6/40) | Val conv@1=0.0000, conv@2=0.0000, conv@3=0.0000, conv@5=0.0000, residual@1=7.360357e-03, residual@2=6.554263e-04
     25 total:7.64074 | blocks:2 | L1_step:0.29759 (3.9%) | L2_step:0.02076 (0.3%) L2_final:0.01244 (0.2%) | L3_e3:7.30995 (95.7%) | final_max_PQ:1.740e-02
     50 total:7.58654 | blocks:2 | L1_step:0.30197 (4.0%) | L2_step:0.02239 (0.3%) L2_final:0.01600 (0.2%) | L3_e3:7.24617 (95.5%) | final_max_PQ:9.326e-03
🔘 Epoch 656 No Improvement (7/40) | Val conv@1=0.0008, conv@2=0.0020, conv@3=0.0013, conv@5=0.0020, residual@1=7.271377e-03, residual@2=5.518704e-04
     25 total:7.30276 | blocks:2 | L1_step:0.29810 (4.1%) | L2_step:0.02387 (0.3%) L2_final:0.01541 (0.2%) | L3_e3:6.96538 (95.4%) | final_max_PQ:9.290e-03
     50 total:6.99702 | blocks:2 | L1_step:0.29893 (4.3%) | L2_step:0.02227 (0.3%) L2_final:0.01746 (0.2%) | L3_e3:6.65836 (95.2%) | final_max_PQ:5.516e-02
🔘 Epoch 657 No Improvement (8/40) | Val conv@1=0.0660, conv@2=0.1718, conv@3=0.2172, conv@5=0.2462, residual@1=7.301910e-03, residual@2=5.043746e-04
     25 total:6.44573 | blocks:3 | L1_step:0.32597 (5.1%) | L2_step:0.01960 (0.3%) L2_final:0.01442 (0.2%) | L3_e3:6.08574 (94.4%) | final_max_PQ:5.188e-03
     50 total:7.02635 | blocks:2 | L1_step:0.29901 (4.3%) | L2_step:0.02129 (0.3%) L2_final:0.01491 (0.2%) | L3_e3:6.69114 (95.2%) | final_max_PQ:1.231e-02
🔘 Epoch 658 No Improvement (9/40) | Val conv@1=0.0000, conv@2=0.0000, conv@3=0.0000, conv@5=0.0000, residual@1=7.391849e-03, residual@2=6.496295e-04
     25 total:7.78530 | blocks:2 | L1_step:0.30212 (3.9%) | L2_step:0.02173 (0.3%) L2_final:0.01316 (0.2%) | L3_e3:7.44828 (95.7%) | final_max_PQ:1.533e-02
     50 total:7.24050 | blocks:2 | L1_step:0.30346 (4.2%) | L2_step:0.02157 (0.3%) L2_final:0.01504 (0.2%) | L3_e3:6.90043 (95.3%) | final_max_PQ:9.837e-03
🔘 Epoch 659 No Improvement (10/40) | Val conv@1=0.0767, conv@2=0.2087, conv@3=0.2590, conv@5=0.3008, residual@1=7.335661e-03, residual@2=5.118027e-04
     25 total:5.84135 | blocks:3 | L1_step:0.32267 (5.5%) | L2_step:0.01609 (0.3%) L2_final:0.01256 (0.2%) | L3_e3:5.49002 (94.0%) | final_max_PQ:5.493e-03
     50 total:9.87310 | blocks:1 | L1_step:0.16208 (1.6%) | L2_step:0.04332 (0.4%) L2_final:0.02789 (0.3%) | L3_e3:9.63981 (97.6%) | final_max_PQ:3.366e-01
🔘 Epoch 660 No Improvement (11/40) | Val conv@1=0.0310, conv@2=0.0770, conv@3=0.0910, conv@5=0.1110, residual@1=7.344608e-03, residual@2=5.594865e-04
     25 total:6.32316 | blocks:3 | L1_step:0.31685 (5.0%) | L2_step:0.02123 (0.3%) L2_final:0.01680 (0.3%) | L3_e3:5.96828 (94.4%) | final_max_PQ:5.466e-03
     50 total:6.95311 | blocks:2 | L1_step:0.30207 (4.3%) | L2_step:0.01960 (0.3%) L2_final:0.01310 (0.2%) | L3_e3:6.61834 (95.2%) | final_max_PQ:7.651e-03
🔘 Epoch 661 No Improvement (12/40) | Val conv@1=0.0000, conv@2=0.0000, conv@3=0.0000, conv@5=0.0000, residual@1=7.260888e-03, residual@2=5.684458e-04
     25 total:7.55232 | blocks:2 | L1_step:0.29770 (3.9%) | L2_step:0.02023 (0.3%) L2_final:0.01407 (0.2%) | L3_e3:7.22032 (95.6%) | final_max_PQ:7.261e-02
     50 total:9.77718 | blocks:1 | L1_step:0.17471 (1.8%) | L2_step:0.04466 (0.5%) L2_final:0.03086 (0.3%) | L3_e3:9.52694 (97.4%) | final_max_PQ:3.951e-01
🔘 Epoch 662 No Improvement (13/40) | Val conv@1=0.0000, conv@2=0.0000, conv@3=0.0000, conv@5=0.0000, residual@1=7.397895e-03, residual@2=6.434929e-04
     25 total:7.18054 | blocks:2 | L1_step:0.30221 (4.2%) | L2_step:0.02314 (0.3%) L2_final:0.01547 (0.2%) | L3_e3:6.83972 (95.3%) | final_max_PQ:9.827e-03
     50 total:6.91420 | blocks:2 | L1_step:0.30525 (4.4%) | L2_step:0.02294 (0.3%) L2_final:0.01462 (0.2%) | L3_e3:6.57139 (95.0%) | final_max_PQ:1.103e-02
🔘 Epoch 663 No Improvement (14/40) | Val conv@1=0.0262, conv@2=0.0660, conv@3=0.0760, conv@5=0.0948, residual@1=7.351144e-03, residual@2=5.425578e-04
     25 total:6.13430 | blocks:3 | L1_step:0.32757 (5.3%) | L2_step:0.01925 (0.3%) L2_final:0.01500 (0.2%) | L3_e3:5.77248 (94.1%) | final_max_PQ:4.415e-03
     50 total:7.21355 | blocks:2 | L1_step:0.30120 (4.2%) | L2_step:0.02478 (0.3%) L2_final:0.02017 (0.3%) | L3_e3:6.86740 (95.2%) | final_max_PQ:1.911e-02
🔘 Epoch 664 No Improvement (15/40) | Val conv@1=0.0267, conv@2=0.0892, conv@3=0.1060, conv@5=0.1353, residual@1=7.415646e-03, residual@2=5.608262e-04
     25 total:7.44231 | blocks:2 | L1_step:0.30361 (4.1%) | L2_step:0.02110 (0.3%) L2_final:0.01348 (0.2%) | L3_e3:7.10411 (95.5%) | final_max_PQ:8.638e-03
     50 total:8.46528 | blocks:2 | L1_step:0.30526 (3.6%) | L2_step:0.02607 (0.3%) L2_final:0.01871 (0.2%) | L3_e3:8.11524 (95.9%) | final_max_PQ:1.474e-02
🔘 Epoch 665 No Improvement (16/40) | Val conv@1=0.0000, conv@2=0.0000, conv@3=0.0000, conv@5=0.0000, residual@1=7.311588e-03, residual@2=5.685080e-04
     25 total:7.65109 | blocks:2 | L1_step:0.30376 (4.0%) | L2_step:0.02469 (0.3%) L2_final:0.01632 (0.2%) | L3_e3:7.30632 (95.5%) | final_max_PQ:1.282e-02
     50 total:7.28704 | blocks:2 | L1_step:0.31010 (4.3%) | L2_step:0.02306 (0.3%) L2_final:0.01748 (0.2%) | L3_e3:6.93640 (95.2%) | final_max_PQ:1.729e-02
🔘 Epoch 666 No Improvement (17/40) | Val conv@1=0.0145, conv@2=0.0357, conv@3=0.0465, conv@5=0.0545, residual@1=7.221856e-03, residual@2=5.333283e-04
     25 total:7.31873 | blocks:2 | L1_step:0.29192 (4.0%) | L2_step:0.02519 (0.3%) L2_final:0.01697 (0.2%) | L3_e3:6.98465 (95.4%) | final_max_PQ:1.457e-02
     50 total:7.14772 | blocks:2 | L1_step:0.29923 (4.2%) | L2_step:0.02278 (0.3%) L2_final:0.01731 (0.2%) | L3_e3:6.80840 (95.3%) | final_max_PQ:5.679e-02
🔘 Epoch 667 No Improvement (18/40) | Val conv@1=0.0000, conv@2=0.0000, conv@3=0.0000, conv@5=0.0000, residual@1=7.189186e-03, residual@2=6.331959e-04
     25 total:7.30646 | blocks:2 | L1_step:0.30435 (4.2%) | L2_step:0.02557 (0.3%) L2_final:0.02148 (0.3%) | L3_e3:6.95507 (95.2%) | final_max_PQ:1.366e-02
     50 total:5.93206 | blocks:3 | L1_step:0.32977 (5.6%) | L2_step:0.01685 (0.3%) L2_final:0.01016 (0.2%) | L3_e3:5.57528 (94.0%) | final_max_PQ:2.798e-03
🔘 Epoch 668 No Improvement (19/40) | Val conv@1=0.0665, conv@2=0.1648, conv@3=0.2005, conv@5=0.2360, residual@1=7.266592e-03, residual@2=5.075961e-04
     25 total:7.04562 | blocks:2 | L1_step:0.29932 (4.2%) | L2_step:0.02217 (0.3%) L2_final:0.01569 (0.2%) | L3_e3:6.70843 (95.2%) | final_max_PQ:1.098e-02
     50 total:7.53511 | blocks:2 | L1_step:0.30824 (4.1%) | L2_step:0.02192 (0.3%) L2_final:0.01400 (0.2%) | L3_e3:7.19095 (95.4%) | final_max_PQ:2.372e-02
🔘 Epoch 669 No Improvement (20/40) | Val conv@1=0.0600, conv@2=0.1635, conv@3=0.1985, conv@5=0.2420, residual@1=7.074804e-03, residual@2=5.064966e-04
     25 total:7.37237 | blocks:2 | L1_step:0.30640 (4.2%) | L2_step:0.02017 (0.3%) L2_final:0.01548 (0.2%) | L3_e3:7.03032 (95.4%) | final_max_PQ:1.038e-02
     50 total:7.36771 | blocks:2 | L1_step:0.30069 (4.1%) | L2_step:0.01996 (0.3%) L2_final:0.01336 (0.2%) | L3_e3:7.03370 (95.5%) | final_max_PQ:1.346e-02
🔻 LR reduced: 3.13e-05 -> 1.56e-05
🔘 Epoch 670 No Improvement (21/40) | Val conv@1=0.0395, conv@2=0.1062, conv@3=0.1295, conv@5=0.1487, residual@1=7.264734e-03, residual@2=5.162725e-04
     25 total:7.27203 | blocks:2 | L1_step:0.29949 (4.1%) | L2_step:0.02234 (0.3%) L2_final:0.01650 (0.2%) | L3_e3:6.93370 (95.3%) | final_max_PQ:1.479e-02
     50 total:7.00468 | blocks:2 | L1_step:0.30535 (4.4%) | L2_step:0.01982 (0.3%) L2_final:0.01412 (0.2%) | L3_e3:6.66540 (95.2%) | final_max_PQ:1.024e-02
🔘 Epoch 671 No Improvement (22/40) | Val conv@1=0.0938, conv@2=0.2395, conv@3=0.2983, conv@5=0.3665, residual@1=7.106411e-03, residual@2=4.939446e-04
     25 total:7.77456 | blocks:2 | L1_step:0.30244 (3.9%) | L2_step:0.02494 (0.3%) L2_final:0.01866 (0.2%) | L3_e3:7.42852 (95.5%) | final_max_PQ:9.694e-03
     50 total:5.53586 | blocks:3 | L1_step:0.31933 (5.8%) | L2_step:0.01642 (0.3%) L2_final:0.01131 (0.2%) | L3_e3:5.18880 (93.7%) | final_max_PQ:4.710e-03
🔘 Epoch 672 No Improvement (23/40) | Val conv@1=0.0000, conv@2=0.0000, conv@3=0.0005, conv@5=0.0000, residual@1=7.289260e-03, residual@2=5.724051e-04
     25 total:6.27675 | blocks:3 | L1_step:0.31844 (5.1%) | L2_step:0.01734 (0.3%) L2_final:0.01124 (0.2%) | L3_e3:5.92973 (94.5%) | final_max_PQ:5.120e-03
     50 total:7.67727 | blocks:2 | L1_step:0.30542 (4.0%) | L2_step:0.02386 (0.3%) L2_final:0.01537 (0.2%) | L3_e3:7.33262 (95.5%) | final_max_PQ:1.451e-02
🔘 Epoch 673 No Improvement (24/40) | Val conv@1=0.0015, conv@2=0.0030, conv@3=0.0057, conv@5=0.0053, residual@1=7.172928e-03, residual@2=5.474813e-04
     25 total:7.12775 | blocks:2 | L1_step:0.29450 (4.1%) | L2_step:0.02116 (0.3%) L2_final:0.01271 (0.2%) | L3_e3:6.79937 (95.4%) | final_max_PQ:1.805e-02
     50 total:7.37851 | blocks:2 | L1_step:0.30394 (4.1%) | L2_step:0.01994 (0.3%) L2_final:0.01343 (0.2%) | L3_e3:7.04121 (95.4%) | final_max_PQ:9.179e-03
🟩 Epoch 674 | Train loss = 7.1962 | Val conv@1=0.1185, conv@2=0.3000, conv@3=0.3683, conv@5=0.4047, residual@1=7.136928e-03, residual@2=4.956318e-04, residual@3=2.751898e-04, excess@2=4.0001, tail@2=3.040768e-02, score=-0.146668 | LR: 1.5625e-05
     25 total:7.59049 | blocks:2 | L1_step:0.30314 (4.0%) | L2_step:0.02212 (0.3%) L2_final:0.01612 (0.2%) | L3_e3:7.24912 (95.5%) | final_max_PQ:1.615e-02
     50 total:7.36066 | blocks:2 | L1_step:0.28922 (3.9%) | L2_step:0.02239 (0.3%) L2_final:0.01485 (0.2%) | L3_e3:7.03419 (95.6%) | final_max_PQ:1.020e-02
🟩 Epoch 675 | Train loss = 6.9852 | Val conv@1=0.1665, conv@2=0.4075, conv@3=0.4915, conv@5=0.5475, residual@1=7.217201e-03, residual@2=4.894292e-04, residual@3=2.679864e-04, excess@2=3.9615, tail@2=2.334732e-02, score=0.284986 | LR: 1.5625e-05
     25 total:9.11784 | blocks:1 | L1_step:0.17257 (1.9%) | L2_step:0.03851 (0.4%) L2_final:0.02753 (0.3%) | L3_e3:8.87923 (97.4%) | final_max_PQ:3.053e-01
     50 total:5.85624 | blocks:3 | L1_step:0.30716 (5.2%) | L2_step:0.01519 (0.3%) L2_final:0.00954 (0.2%) | L3_e3:5.52435 (94.3%) | final_max_PQ:3.899e-03
🔘 Epoch 676 No Improvement (1/40) | Val conv@1=0.1393, conv@2=0.3508, conv@3=0.4325, conv@5=0.4850, residual@1=7.214103e-03, residual@2=5.197657e-04
     25 total:5.98560 | blocks:3 | L1_step:0.32191 (5.4%) | L2_step:0.01829 (0.3%) L2_final:0.01288 (0.2%) | L3_e3:5.63253 (94.1%) | final_max_PQ:4.903e-03
     50 total:7.73611 | blocks:2 | L1_step:0.29784 (3.9%) | L2_step:0.02509 (0.3%) L2_final:0.02060 (0.3%) | L3_e3:7.39257 (95.6%) | final_max_PQ:2.732e-01
🔘 Epoch 677 No Improvement (2/40) | Val conv@1=0.1502, conv@2=0.3830, conv@3=0.4642, conv@5=0.4883, residual@1=7.349975e-03, residual@2=5.167552e-04
     25 total:6.81813 | blocks:2 | L1_step:0.29556 (4.3%) | L2_step:0.01827 (0.3%) L2_final:0.01035 (0.2%) | L3_e3:6.49395 (95.2%) | final_max_PQ:1.054e-02
     50 total:7.05315 | blocks:2 | L1_step:0.29769 (4.2%) | L2_step:0.02354 (0.3%) L2_final:0.01627 (0.2%) | L3_e3:6.71565 (95.2%) | final_max_PQ:2.032e-02
🔘 Epoch 678 No Improvement (3/40) | Val conv@1=0.1163, conv@2=0.2960, conv@3=0.3585, conv@5=0.4170, residual@1=7.313949e-03, residual@2=5.337961e-04
     25 total:6.15542 | blocks:3 | L1_step:0.32159 (5.2%) | L2_step:0.01726 (0.3%) L2_final:0.01342 (0.2%) | L3_e3:5.80316 (94.3%) | final_max_PQ:4.524e-03
     50 total:7.07170 | blocks:2 | L1_step:0.30731 (4.3%) | L2_step:0.01845 (0.3%) L2_final:0.01066 (0.2%) | L3_e3:6.73528 (95.2%) | final_max_PQ:1.319e-02
🔘 Epoch 679 No Improvement (4/40) | Val conv@1=0.1047, conv@2=0.2532, conv@3=0.3105, conv@5=0.3710, residual@1=7.248225e-03, residual@2=5.186596e-04
     25 total:9.38314 | blocks:1 | L1_step:0.17053 (1.8%) | L2_step:0.04678 (0.5%) L2_final:0.03471 (0.4%) | L3_e3:9.13112 (97.3%) | final_max_PQ:4.358e-01
     50 total:7.54606 | blocks:2 | L1_step:0.30625 (4.1%) | L2_step:0.02163 (0.3%) L2_final:0.01444 (0.2%) | L3_e3:7.20374 (95.5%) | final_max_PQ:1.239e-02
🔘 Epoch 680 No Improvement (5/40) | Val conv@1=0.0080, conv@2=0.0278, conv@3=0.0302, conv@5=0.0323, residual@1=7.243483e-03, residual@2=5.405084e-04
     25 total:7.06219 | blocks:2 | L1_step:0.29843 (4.2%) | L2_step:0.02446 (0.3%) L2_final:0.01863 (0.3%) | L3_e3:6.72067 (95.2%) | final_max_PQ:1.078e-02
     50 total:7.33321 | blocks:2 | L1_step:0.29806 (4.1%) | L2_step:0.02109 (0.3%) L2_final:0.01651 (0.2%) | L3_e3:6.99756 (95.4%) | final_max_PQ:1.335e-02
🔘 Epoch 681 No Improvement (6/40) | Val conv@1=0.1345, conv@2=0.3520, conv@3=0.4290, conv@5=0.4948, residual@1=7.135219e-03, residual@2=4.951730e-04
     25 total:5.53658 | blocks:3 | L1_step:0.31720 (5.7%) | L2_step:0.01840 (0.3%) L2_final:0.01359 (0.2%) | L3_e3:5.18738 (93.7%) | final_max_PQ:4.516e-03
     50 total:7.51076 | blocks:2 | L1_step:0.30052 (4.0%) | L2_step:0.02401 (0.3%) L2_final:0.01759 (0.2%) | L3_e3:7.16864 (95.4%) | final_max_PQ:1.067e-02
🔘 Epoch 682 No Improvement (7/40) | Val conv@1=0.0208, conv@2=0.0532, conv@3=0.0617, conv@5=0.0798, residual@1=7.222578e-03, residual@2=5.176392e-04
     25 total:6.76859 | blocks:2 | L1_step:0.30057 (4.4%) | L2_step:0.01910 (0.3%) L2_final:0.01094 (0.2%) | L3_e3:6.43798 (95.1%) | final_max_PQ:8.072e-03
     50 total:7.46116 | blocks:2 | L1_step:0.29669 (4.0%) | L2_step:0.02416 (0.3%) L2_final:0.01590 (0.2%) | L3_e3:7.12441 (95.5%) | final_max_PQ:1.301e-02
🟩 Epoch 683 | Train loss = 7.0451 | Val conv@1=0.1655, conv@2=0.4135, conv@3=0.5088, conv@5=0.5917, residual@1=7.136674e-03, residual@2=4.856277e-04, residual@3=2.624342e-04, excess@2=3.9320, tail@2=3.071368e-02, score=0.325466 | LR: 1.5625e-05
     25 total:7.05640 | blocks:2 | L1_step:0.29466 (4.2%) | L2_step:0.02313 (0.3%) L2_final:0.01479 (0.2%) | L3_e3:6.72383 (95.3%) | final_max_PQ:9.650e-03
     50 total:6.59866 | blocks:2 | L1_step:0.30331 (4.6%) | L2_step:0.02267 (0.3%) L2_final:0.01717 (0.3%) | L3_e3:6.25551 (94.8%) | final_max_PQ:1.547e-02
🔘 Epoch 684 No Improvement (1/40) | Val conv@1=0.1133, conv@2=0.2978, conv@3=0.3640, conv@5=0.4150, residual@1=7.219021e-03, residual@2=4.985661e-04
     25 total:7.26598 | blocks:2 | L1_step:0.29912 (4.1%) | L2_step:0.02136 (0.3%) L2_final:0.01298 (0.2%) | L3_e3:6.93252 (95.4%) | final_max_PQ:1.003e-02
     50 total:10.50326 | blocks:1 | L1_step:0.17101 (1.6%) | L2_step:0.04276 (0.4%) L2_final:0.03056 (0.3%) | L3_e3:10.25893 (97.7%) | final_max_PQ:6.060e-01
🔘 Epoch 685 No Improvement (2/40) | Val conv@1=0.1245, conv@2=0.3120, conv@3=0.3850, conv@5=0.4492, residual@1=7.261619e-03, residual@2=5.015739e-04
     25 total:7.52296 | blocks:2 | L1_step:0.29683 (3.9%) | L2_step:0.02243 (0.3%) L2_final:0.01596 (0.2%) | L3_e3:7.18774 (95.5%) | final_max_PQ:8.712e-03
     50 total:5.97914 | blocks:2 | L1_step:0.29883 (5.0%) | L2_step:0.01897 (0.3%) L2_final:0.01490 (0.2%) | L3_e3:5.64645 (94.4%) | final_max_PQ:2.197e-02
🔘 Epoch 686 No Improvement (3/40) | Val conv@1=0.0018, conv@2=0.0060, conv@3=0.0073, conv@5=0.0083, residual@1=7.272354e-03, residual@2=5.441107e-04
     25 total:7.29349 | blocks:2 | L1_step:0.30846 (4.2%) | L2_step:0.02335 (0.3%) L2_final:0.01799 (0.2%) | L3_e3:6.94369 (95.2%) | final_max_PQ:1.297e-02
     50 total:6.85444 | blocks:2 | L1_step:0.28889 (4.2%) | L2_step:0.02110 (0.3%) L2_final:0.01305 (0.2%) | L3_e3:6.53140 (95.3%) | final_max_PQ:1.741e-02
🔘 Epoch 687 No Improvement (4/40) | Val conv@1=0.0688, conv@2=0.1775, conv@3=0.2182, conv@5=0.2422, residual@1=7.275881e-03, residual@2=5.102720e-04
     25 total:5.56528 | blocks:3 | L1_step:0.31823 (5.7%) | L2_step:0.01498 (0.3%) L2_final:0.01021 (0.2%) | L3_e3:5.22186 (93.8%) | final_max_PQ:3.924e-03
     50 total:7.32554 | blocks:2 | L1_step:0.30039 (4.1%) | L2_step:0.02140 (0.3%) L2_final:0.01456 (0.2%) | L3_e3:6.98919 (95.4%) | final_max_PQ:1.143e-02
🔘 Epoch 688 No Improvement (5/40) | Val conv@1=0.0798, conv@2=0.2145, conv@3=0.2647, conv@5=0.2933, residual@1=7.242202e-03, residual@2=5.067661e-04
     25 total:6.92611 | blocks:2 | L1_step:0.30530 (4.4%) | L2_step:0.02200 (0.3%) L2_final:0.01666 (0.2%) | L3_e3:6.58216 (95.0%) | final_max_PQ:1.025e-02
     50 total:5.68124 | blocks:3 | L1_step:0.32195 (5.7%) | L2_step:0.01412 (0.2%) L2_final:0.01042 (0.2%) | L3_e3:5.33476 (93.9%) | final_max_PQ:4.889e-03
🔘 Epoch 689 No Improvement (6/40) | Val conv@1=0.1300, conv@2=0.3422, conv@3=0.4140, conv@5=0.4525, residual@1=7.203152e-03, residual@2=4.902783e-04
     25 total:7.06455 | blocks:2 | L1_step:0.29890 (4.2%) | L2_step:0.01966 (0.3%) L2_final:0.01263 (0.2%) | L3_e3:6.73336 (95.3%) | final_max_PQ:1.003e-02
     50 total:7.82893 | blocks:2 | L1_step:0.29413 (3.8%) | L2_step:0.02060 (0.3%) L2_final:0.01250 (0.2%) | L3_e3:7.50170 (95.8%) | final_max_PQ:1.084e-02
🔘 Epoch 690 No Improvement (7/40) | Val conv@1=0.1062, conv@2=0.2920, conv@3=0.3525, conv@5=0.4070, residual@1=7.198425e-03, residual@2=4.990427e-04
     25 total:6.02708 | blocks:3 | L1_step:0.33120 (5.5%) | L2_step:0.01499 (0.2%) L2_final:0.01144 (0.2%) | L3_e3:5.66945 (94.1%) | final_max_PQ:6.138e-03
     50 total:10.19446 | blocks:1 | L1_step:0.15675 (1.5%) | L2_step:0.03454 (0.3%) L2_final:0.02102 (0.2%) | L3_e3:9.98214 (97.9%) | final_max_PQ:2.577e-01
🔘 Epoch 691 No Improvement (8/40) | Val conv@1=0.1375, conv@2=0.3332, conv@3=0.3892, conv@5=0.4062, residual@1=7.236293e-03, residual@2=5.017805e-04
     25 total:7.49117 | blocks:2 | L1_step:0.29752 (4.0%) | L2_step:0.02445 (0.3%) L2_final:0.01581 (0.2%) | L3_e3:7.15339 (95.5%) | final_max_PQ:1.178e-02
     50 total:6.81568 | blocks:2 | L1_step:0.30032 (4.4%) | L2_step:0.02206 (0.3%) L2_final:0.01551 (0.2%) | L3_e3:6.47779 (95.0%) | final_max_PQ:1.161e-02
🔘 Epoch 692 No Improvement (9/40) | Val conv@1=0.0870, conv@2=0.2065, conv@3=0.2395, conv@5=0.2595, residual@1=7.190699e-03, residual@2=5.009127e-04
     25 total:7.29987 | blocks:2 | L1_step:0.29959 (4.1%) | L2_step:0.01890 (0.3%) L2_final:0.01335 (0.2%) | L3_e3:6.96804 (95.5%) | final_max_PQ:1.120e-02
     50 total:7.71886 | blocks:2 | L1_step:0.29978 (3.9%) | L2_step:0.02353 (0.3%) L2_final:0.01599 (0.2%) | L3_e3:7.37955 (95.6%) | final_max_PQ:1.631e-02
🔘 Epoch 693 No Improvement (10/40) | Val conv@1=0.1510, conv@2=0.3792, conv@3=0.4688, conv@5=0.5383, residual@1=7.194441e-03, residual@2=4.885135e-04
     25 total:7.18036 | blocks:2 | L1_step:0.30156 (4.2%) | L2_step:0.02139 (0.3%) L2_final:0.01248 (0.2%) | L3_e3:6.84492 (95.3%) | final_max_PQ:9.130e-03
     50 total:5.62277 | blocks:3 | L1_step:0.31774 (5.7%) | L2_step:0.01501 (0.3%) L2_final:0.00883 (0.2%) | L3_e3:5.28119 (93.9%) | final_max_PQ:3.778e-03
🔘 Epoch 694 No Improvement (11/40) | Val conv@1=0.1490, conv@2=0.3785, conv@3=0.4642, conv@5=0.5343, residual@1=7.241784e-03, residual@2=4.918156e-04
     25 total:7.45352 | blocks:2 | L1_step:0.29324 (3.9%) | L2_step:0.02067 (0.3%) L2_final:0.01385 (0.2%) | L3_e3:7.12576 (95.6%) | final_max_PQ:1.010e-02
     50 total:9.69517 | blocks:1 | L1_step:0.17906 (1.8%) | L2_step:0.03820 (0.4%) L2_final:0.02358 (0.2%) | L3_e3:9.45433 (97.5%) | final_max_PQ:2.286e-01
🔘 Epoch 695 No Improvement (12/40) | Val conv@1=0.1495, conv@2=0.3760, conv@3=0.4605, conv@5=0.5278, residual@1=7.175383e-03, residual@2=4.942895e-04
     25 total:7.66883 | blocks:2 | L1_step:0.29956 (3.9%) | L2_step:0.02180 (0.3%) L2_final:0.01484 (0.2%) | L3_e3:7.33264 (95.6%) | final_max_PQ:1.619e-02
     50 total:7.58749 | blocks:2 | L1_step:0.30726 (4.0%) | L2_step:0.02279 (0.3%) L2_final:0.01915 (0.3%) | L3_e3:7.23829 (95.4%) | final_max_PQ:3.633e-02
🔘 Epoch 696 No Improvement (13/40) | Val conv@1=0.0732, conv@2=0.1985, conv@3=0.2425, conv@5=0.2878, residual@1=7.219133e-03, residual@2=5.050767e-04
     25 total:7.94204 | blocks:2 | L1_step:0.30112 (3.8%) | L2_step:0.02447 (0.3%) L2_final:0.01682 (0.2%) | L3_e3:7.59963 (95.7%) | final_max_PQ:1.596e-02
     50 total:7.12722 | blocks:2 | L1_step:0.29908 (4.2%) | L2_step:0.02514 (0.4%) L2_final:0.01700 (0.2%) | L3_e3:6.78600 (95.2%) | final_max_PQ:1.222e-02
🔘 Epoch 697 No Improvement (14/40) | Val conv@1=0.1030, conv@2=0.2532, conv@3=0.3035, conv@5=0.3232, residual@1=7.269700e-03, residual@2=5.306731e-04
     25 total:5.86872 | blocks:3 | L1_step:0.31540 (5.4%) | L2_step:0.01477 (0.3%) L2_final:0.01068 (0.2%) | L3_e3:5.52787 (94.2%) | final_max_PQ:4.036e-03
     50 total:7.72321 | blocks:2 | L1_step:0.29982 (3.9%) | L2_step:0.02306 (0.3%) L2_final:0.01670 (0.2%) | L3_e3:7.38363 (95.6%) | final_max_PQ:4.171e-02
🔘 Epoch 698 No Improvement (15/40) | Val conv@1=0.0755, conv@2=0.2005, conv@3=0.2470, conv@5=0.2823, residual@1=7.398324e-03, residual@2=5.420460e-04
     25 total:6.80591 | blocks:2 | L1_step:0.29877 (4.4%) | L2_step:0.02154 (0.3%) L2_final:0.01364 (0.2%) | L3_e3:6.47196 (95.1%) | final_max_PQ:8.018e-03
     50 total:10.54774 | blocks:1 | L1_step:0.16947 (1.6%) | L2_step:0.04468 (0.4%) L2_final:0.03142 (0.3%) | L3_e3:10.30217 (97.7%) | final_max_PQ:4.745e-01
🔘 Epoch 699 No Improvement (16/40) | Val conv@1=0.1190, conv@2=0.2800, conv@3=0.3475, conv@5=0.3947, residual@1=7.087042e-03, residual@2=5.046657e-04
     25 total:5.44008 | blocks:3 | L1_step:0.31585 (5.8%) | L2_step:0.01692 (0.3%) L2_final:0.01264 (0.2%) | L3_e3:5.09467 (93.7%) | final_max_PQ:4.699e-03
     50 total:6.09933 | blocks:3 | L1_step:0.33116 (5.4%) | L2_step:0.01677 (0.3%) L2_final:0.01207 (0.2%) | L3_e3:5.73933 (94.1%) | final_max_PQ:4.341e-03
🔘 Epoch 700 No Improvement (17/40) | Val conv@1=0.1615, conv@2=0.4020, conv@3=0.4940, conv@5=0.5655, residual@1=7.143793e-03, residual@2=4.939997e-04
     25 total:5.94927 | blocks:3 | L1_step:0.31799 (5.3%) | L2_step:0.01834 (0.3%) L2_final:0.01206 (0.2%) | L3_e3:5.60088 (94.1%) | final_max_PQ:4.497e-03
     50 total:9.55110 | blocks:1 | L1_step:0.17200 (1.8%) | L2_step:0.04185 (0.4%) L2_final:0.02750 (0.3%) | L3_e3:9.30975 (97.5%) | final_max_PQ:3.682e-01
🔘 Epoch 701 No Improvement (18/40) | Val conv@1=0.0765, conv@2=0.2085, conv@3=0.2522, conv@5=0.2755, residual@1=7.173520e-03, residual@2=5.030067e-04
     25 total:7.30119 | blocks:2 | L1_step:0.30445 (4.2%) | L2_step:0.02185 (0.3%) L2_final:0.01764 (0.2%) | L3_e3:6.95725 (95.3%) | final_max_PQ:1.391e-02
     50 total:7.37820 | blocks:2 | L1_step:0.30716 (4.2%) | L2_step:0.02146 (0.3%) L2_final:0.01570 (0.2%) | L3_e3:7.03388 (95.3%) | final_max_PQ:8.060e-03
🔘 Epoch 702 No Improvement (19/40) | Val conv@1=0.1395, conv@2=0.3515, conv@3=0.4315, conv@5=0.4825, residual@1=7.150972e-03, residual@2=4.932417e-04
     25 total:5.75571 | blocks:3 | L1_step:0.31393 (5.5%) | L2_step:0.01726 (0.3%) L2_final:0.01189 (0.2%) | L3_e3:5.41263 (94.0%) | final_max_PQ:5.164e-03
     50 total:5.76103 | blocks:3 | L1_step:0.32256 (5.6%) | L2_step:0.01621 (0.3%) L2_final:0.01261 (0.2%) | L3_e3:5.40964 (93.9%) | final_max_PQ:4.363e-03
🔘 Epoch 703 No Improvement (20/40) | Val conv@1=0.0985, conv@2=0.2352, conv@3=0.2843, conv@5=0.3227, residual@1=7.150134e-03, residual@2=5.092192e-04
     25 total:6.75738 | blocks:2 | L1_step:0.30206 (4.5%) | L2_step:0.02204 (0.3%) L2_final:0.01412 (0.2%) | L3_e3:6.41917 (95.0%) | final_max_PQ:1.283e-02
     50 total:7.00718 | blocks:2 | L1_step:0.30112 (4.3%) | L2_step:0.02136 (0.3%) L2_final:0.01284 (0.2%) | L3_e3:6.67186 (95.2%) | final_max_PQ:9.734e-03
🔻 LR reduced: 1.56e-05 -> 7.81e-06
🔘 Epoch 704 No Improvement (21/40) | Val conv@1=0.0003, conv@2=0.0003, conv@3=0.0000, conv@5=0.0005, residual@1=7.080162e-03, residual@2=5.651545e-04
     25 total:8.06154 | blocks:2 | L1_step:0.30942 (3.8%) | L2_step:0.02250 (0.3%) L2_final:0.01551 (0.2%) | L3_e3:7.71411 (95.7%) | final_max_PQ:1.065e-02
     50 total:5.94427 | blocks:3 | L1_step:0.31985 (5.4%) | L2_step:0.01810 (0.3%) L2_final:0.01186 (0.2%) | L3_e3:5.59446 (94.1%) | final_max_PQ:4.640e-03
🔘 Epoch 705 No Improvement (22/40) | Val conv@1=0.1522, conv@2=0.3837, conv@3=0.4632, conv@5=0.5317, residual@1=7.206082e-03, residual@2=5.032541e-04
     25 total:5.80361 | blocks:3 | L1_step:0.32397 (5.6%) | L2_step:0.01587 (0.3%) L2_final:0.01134 (0.2%) | L3_e3:5.45243 (93.9%) | final_max_PQ:5.983e-03
     50 total:10.48523 | blocks:1 | L1_step:0.16946 (1.6%) | L2_step:0.04783 (0.5%) L2_final:0.03244 (0.3%) | L3_e3:10.23550 (97.6%) | final_max_PQ:5.230e-01
🟩 Epoch 706 | Train loss = 7.0829 | Val conv@1=0.1705, conv@2=0.4313, conv@3=0.5192, conv@5=0.5875, residual@1=7.158235e-03, residual@2=4.933595e-04, residual@3=2.610109e-04, excess@2=4.0213, tail@2=7.333660e-02, score=0.331400 | LR: 7.8125e-06
     25 total:7.28659 | blocks:2 | L1_step:0.29305 (4.0%) | L2_step:0.02222 (0.3%) L2_final:0.01349 (0.2%) | L3_e3:6.95783 (95.5%) | final_max_PQ:1.155e-02
     50 total:5.83434 | blocks:3 | L1_step:0.32427 (5.6%) | L2_step:0.01625 (0.3%) L2_final:0.01042 (0.2%) | L3_e3:5.48341 (94.0%) | final_max_PQ:4.232e-03
🔘 Epoch 707 No Improvement (1/40) | Val conv@1=0.0872, conv@2=0.2213, conv@3=0.2860, conv@5=0.3130, residual@1=7.083831e-03, residual@2=4.965133e-04
     25 total:7.07368 | blocks:2 | L1_step:0.29192 (4.1%) | L2_step:0.02099 (0.3%) L2_final:0.01347 (0.2%) | L3_e3:6.74730 (95.4%) | final_max_PQ:9.491e-03
     50 total:5.74343 | blocks:3 | L1_step:0.32717 (5.7%) | L2_step:0.01564 (0.3%) L2_final:0.01198 (0.2%) | L3_e3:5.38863 (93.8%) | final_max_PQ:3.548e-03
🔘 Epoch 708 No Improvement (2/40) | Val conv@1=0.1323, conv@2=0.3260, conv@3=0.4103, conv@5=0.4700, residual@1=7.133391e-03, residual@2=4.893937e-04
     25 total:6.78809 | blocks:2 | L1_step:0.31119 (4.6%) | L2_step:0.02398 (0.4%) L2_final:0.01752 (0.3%) | L3_e3:6.43540 (94.8%) | final_max_PQ:1.285e-02
     50 total:9.51243 | blocks:1 | L1_step:0.16934 (1.8%) | L2_step:0.04109 (0.4%) L2_final:0.02371 (0.2%) | L3_e3:9.27831 (97.5%) | final_max_PQ:3.270e-01
🔘 Epoch 709 No Improvement (3/40) | Val conv@1=0.1417, conv@2=0.3538, conv@3=0.4293, conv@5=0.4825, residual@1=7.156899e-03, residual@2=4.952605e-04
     25 total:5.64651 | blocks:3 | L1_step:0.32068 (5.7%) | L2_step:0.01756 (0.3%) L2_final:0.01175 (0.2%) | L3_e3:5.29653 (93.8%) | final_max_PQ:4.282e-03
     50 total:6.70076 | blocks:2 | L1_step:0.30420 (4.5%) | L2_step:0.02191 (0.3%) L2_final:0.01524 (0.2%) | L3_e3:6.35940 (94.9%) | final_max_PQ:1.074e-02
🔘 Epoch 710 No Improvement (4/40) | Val conv@1=0.1360, conv@2=0.3505, conv@3=0.4310, conv@5=0.4948, residual@1=7.024468e-03, residual@2=4.892090e-04
     25 total:9.73567 | blocks:1 | L1_step:0.16998 (1.7%) | L2_step:0.03832 (0.4%) L2_final:0.01855 (0.2%) | L3_e3:9.50881 (97.7%) | final_max_PQ:1.603e-01
     50 total:6.97145 | blocks:2 | L1_step:0.30175 (4.3%) | L2_step:0.02042 (0.3%) L2_final:0.01459 (0.2%) | L3_e3:6.63469 (95.2%) | final_max_PQ:7.759e-03
🔘 Epoch 711 No Improvement (5/40) | Val conv@1=0.1715, conv@2=0.4203, conv@3=0.5165, conv@5=0.5763, residual@1=7.058404e-03, residual@2=4.921515e-04
     25 total:5.81666 | blocks:3 | L1_step:0.32765 (5.6%) | L2_step:0.02012 (0.3%) L2_final:0.01333 (0.2%) | L3_e3:5.45557 (93.8%) | final_max_PQ:3.930e-03
     50 total:6.79577 | blocks:2 | L1_step:0.29206 (4.3%) | L2_step:0.02072 (0.3%) L2_final:0.01448 (0.2%) | L3_e3:6.46850 (95.2%) | final_max_PQ:8.643e-03
🔘 Epoch 712 No Improvement (6/40) | Val conv@1=0.1285, conv@2=0.3103, conv@3=0.3855, conv@5=0.4370, residual@1=7.092412e-03, residual@2=4.954475e-04
     25 total:5.02719 | blocks:3 | L1_step:0.31631 (6.3%) | L2_step:0.01393 (0.3%) L2_final:0.00941 (0.2%) | L3_e3:4.68753 (93.2%) | final_max_PQ:5.044e-03
     50 total:5.59145 | blocks:3 | L1_step:0.33418 (6.0%) | L2_step:0.01664 (0.3%) L2_final:0.01171 (0.2%) | L3_e3:5.22891 (93.5%) | final_max_PQ:4.752e-03
🔘 Epoch 713 No Improvement (7/40) | Val conv@1=0.1232, conv@2=0.3053, conv@3=0.3812, conv@5=0.4400, residual@1=7.135724e-03, residual@2=5.082457e-04
     25 total:7.17730 | blocks:2 | L1_step:0.30115 (4.2%) | L2_step:0.02052 (0.3%) L2_final:0.01458 (0.2%) | L3_e3:6.84104 (95.3%) | final_max_PQ:7.855e-03
     50 total:6.41714 | blocks:2 | L1_step:0.29910 (4.7%) | L2_step:0.02114 (0.3%) L2_final:0.02069 (0.3%) | L3_e3:6.07621 (94.7%) | final_max_PQ:8.542e-03
🔘 Epoch 714 No Improvement (8/40) | Val conv@1=0.1163, conv@2=0.2850, conv@3=0.3478, conv@5=0.4128, residual@1=7.125962e-03, residual@2=5.011002e-04
     25 total:7.50627 | blocks:2 | L1_step:0.30327 (4.0%) | L2_step:0.02187 (0.3%) L2_final:0.01347 (0.2%) | L3_e3:7.16766 (95.5%) | final_max_PQ:7.393e-03
     50 total:6.93533 | blocks:2 | L1_step:0.30006 (4.3%) | L2_step:0.02088 (0.3%) L2_final:0.01346 (0.2%) | L3_e3:6.60092 (95.2%) | final_max_PQ:8.049e-03
🔘 Epoch 715 No Improvement (9/40) | Val conv@1=0.1537, conv@2=0.3930, conv@3=0.4785, conv@5=0.5395, residual@1=7.065327e-03, residual@2=4.907491e-04
     25 total:7.19064 | blocks:2 | L1_step:0.29646 (4.1%) | L2_step:0.02146 (0.3%) L2_final:0.01576 (0.2%) | L3_e3:6.85696 (95.4%) | final_max_PQ:1.599e-02
     50 total:7.02890 | blocks:2 | L1_step:0.29786 (4.2%) | L2_step:0.02250 (0.3%) L2_final:0.01380 (0.2%) | L3_e3:6.69475 (95.2%) | final_max_PQ:8.002e-03
🔘 Epoch 716 No Improvement (10/40) | Val conv@1=0.1598, conv@2=0.3952, conv@3=0.4810, conv@5=0.5423, residual@1=7.168554e-03, residual@2=4.956134e-04
     25 total:6.89740 | blocks:2 | L1_step:0.30719 (4.5%) | L2_step:0.02349 (0.3%) L2_final:0.01657 (0.2%) | L3_e3:6.55016 (95.0%) | final_max_PQ:1.075e-02
     50 total:5.84591 | blocks:3 | L1_step:0.31035 (5.3%) | L2_step:0.01592 (0.3%) L2_final:0.00980 (0.2%) | L3_e3:5.50984 (94.3%) | final_max_PQ:5.805e-03
🟩 Epoch 717 | Train loss = 6.9230 | Val conv@1=0.1718, conv@2=0.4395, conv@3=0.5325, conv@5=0.6058, residual@1=7.107912e-03, residual@2=4.886321e-04, residual@3=2.597769e-04, excess@2=3.9733, tail@2=5.903250e-02, score=0.384786 | LR: 7.8125e-06
     25 total:6.96206 | blocks:2 | L1_step:0.29879 (4.3%) | L2_step:0.02258 (0.3%) L2_final:0.01523 (0.2%) | L3_e3:6.62546 (95.2%) | final_max_PQ:1.668e-02
     50 total:5.99700 | blocks:3 | L1_step:0.32055 (5.3%) | L2_step:0.01596 (0.3%) L2_final:0.01045 (0.2%) | L3_e3:5.65005 (94.2%) | final_max_PQ:4.971e-03
🔘 Epoch 718 No Improvement (1/40) | Val conv@1=0.1665, conv@2=0.4298, conv@3=0.5190, conv@5=0.5917, residual@1=7.112402e-03, residual@2=4.879610e-04
     25 total:7.44904 | blocks:2 | L1_step:0.28907 (3.9%) | L2_step:0.02391 (0.3%) L2_final:0.01686 (0.2%) | L3_e3:7.11920 (95.6%) | final_max_PQ:7.736e-03
     50 total:6.96554 | blocks:2 | L1_step:0.29743 (4.3%) | L2_step:0.02149 (0.3%) L2_final:0.01392 (0.2%) | L3_e3:6.63271 (95.2%) | final_max_PQ:1.018e-02
🔘 Epoch 719 No Improvement (2/40) | Val conv@1=0.1613, conv@2=0.4025, conv@3=0.5000, conv@5=0.5655, residual@1=7.102388e-03, residual@2=4.905155e-04
     25 total:5.96309 | blocks:3 | L1_step:0.31937 (5.4%) | L2_step:0.01754 (0.3%) L2_final:0.01158 (0.2%) | L3_e3:5.61459 (94.2%) | final_max_PQ:3.796e-03
     50 total:5.82754 | blocks:3 | L1_step:0.32193 (5.5%) | L2_step:0.01709 (0.3%) L2_final:0.01215 (0.2%) | L3_e3:5.47637 (94.0%) | final_max_PQ:5.133e-03
🔘 Epoch 720 No Improvement (3/40) | Val conv@1=0.1580, conv@2=0.3842, conv@3=0.4838, conv@5=0.5545, residual@1=7.109821e-03, residual@2=4.952701e-04
     25 total:5.57949 | blocks:3 | L1_step:0.32838 (5.9%) | L2_step:0.01547 (0.3%) L2_final:0.01006 (0.2%) | L3_e3:5.22558 (93.7%) | final_max_PQ:4.706e-03
     50 total:7.77755 | blocks:2 | L1_step:0.29761 (3.8%) | L2_step:0.02284 (0.3%) L2_final:0.01817 (0.2%) | L3_e3:7.43894 (95.6%) | final_max_PQ:1.693e-02
🔘 Epoch 721 No Improvement (4/40) | Val conv@1=0.0307, conv@2=0.0882, conv@3=0.1010, conv@5=0.1118, residual@1=7.189665e-03, residual@2=5.256341e-04
     25 total:5.40595 | blocks:3 | L1_step:0.31840 (5.9%) | L2_step:0.01588 (0.3%) L2_final:0.01152 (0.2%) | L3_e3:5.06014 (93.6%) | final_max_PQ:3.303e-03
     50 total:6.66240 | blocks:2 | L1_step:0.30365 (4.6%) | L2_step:0.01752 (0.3%) L2_final:0.01219 (0.2%) | L3_e3:6.32904 (95.0%) | final_max_PQ:1.036e-02
🔘 Epoch 722 No Improvement (5/40) | Val conv@1=0.1735, conv@2=0.4323, conv@3=0.5280, conv@5=0.5972, residual@1=7.185732e-03, residual@2=4.947956e-04
     25 total:7.54283 | blocks:2 | L1_step:0.29985 (4.0%) | L2_step:0.02374 (0.3%) L2_final:0.01528 (0.2%) | L3_e3:7.20396 (95.5%) | final_max_PQ:8.819e-03
     50 total:7.05909 | blocks:2 | L1_step:0.30329 (4.3%) | L2_step:0.02308 (0.3%) L2_final:0.01601 (0.2%) | L3_e3:6.71672 (95.1%) | final_max_PQ:8.298e-03
🔘 Epoch 723 No Improvement (6/40) | Val conv@1=0.1638, conv@2=0.4070, conv@3=0.4968, conv@5=0.5587, residual@1=7.047033e-03, residual@2=4.851635e-04
     25 total:10.56567 | blocks:1 | L1_step:0.17181 (1.6%) | L2_step:0.04799 (0.5%) L2_final:0.03260 (0.3%) | L3_e3:10.31326 (97.6%) | final_max_PQ:2.916e-01
     50 total:7.10728 | blocks:2 | L1_step:0.30896 (4.3%) | L2_step:0.02367 (0.3%) L2_final:0.01542 (0.2%) | L3_e3:6.75923 (95.1%) | final_max_PQ:1.150e-02
🔘 Epoch 724 No Improvement (7/40) | Val conv@1=0.1310, conv@2=0.3370, conv@3=0.4032, conv@5=0.4612, residual@1=7.148393e-03, residual@2=4.962749e-04
     25 total:7.50850 | blocks:2 | L1_step:0.29392 (3.9%) | L2_step:0.02183 (0.3%) L2_final:0.01326 (0.2%) | L3_e3:7.17948 (95.6%) | final_max_PQ:1.237e-02
     50 total:5.76203 | blocks:3 | L1_step:0.31656 (5.5%) | L2_step:0.01820 (0.3%) L2_final:0.01219 (0.2%) | L3_e3:5.41508 (94.0%) | final_max_PQ:3.797e-03
🔘 Epoch 725 No Improvement (8/40) | Val conv@1=0.1338, conv@2=0.3375, conv@3=0.4143, conv@5=0.4647, residual@1=7.050753e-03, residual@2=4.961071e-04
     25 total:6.88581 | blocks:2 | L1_step:0.30733 (4.5%) | L2_step:0.02138 (0.3%) L2_final:0.01462 (0.2%) | L3_e3:6.54248 (95.0%) | final_max_PQ:1.047e-02
     50 total:6.80017 | blocks:2 | L1_step:0.30283 (4.5%) | L2_step:0.01975 (0.3%) L2_final:0.01401 (0.2%) | L3_e3:6.46358 (95.1%) | final_max_PQ:8.847e-03
🔘 Epoch 726 No Improvement (9/40) | Val conv@1=0.1585, conv@2=0.3965, conv@3=0.4793, conv@5=0.5390, residual@1=7.147523e-03, residual@2=4.895970e-04
     25 total:5.34678 | blocks:3 | L1_step:0.32041 (6.0%) | L2_step:0.01727 (0.3%) L2_final:0.01212 (0.2%) | L3_e3:4.99698 (93.5%) | final_max_PQ:4.724e-03
     50 total:10.40108 | blocks:1 | L1_step:0.16583 (1.6%) | L2_step:0.04251 (0.4%) L2_final:0.03016 (0.3%) | L3_e3:10.16259 (97.7%) | final_max_PQ:6.232e-01
🟩 Epoch 727 | Train loss = 7.1046 | Val conv@1=0.1767, conv@2=0.4410, conv@3=0.5330, conv@5=0.6140, residual@1=7.075020e-03, residual@2=4.874860e-04, residual@3=2.612879e-04, excess@2=3.9627, tail@2=4.418130e-02, score=0.403912 | LR: 7.8125e-06
     25 total:7.25010 | blocks:2 | L1_step:0.29288 (4.0%) | L2_step:0.02606 (0.4%) L2_final:0.02069 (0.3%) | L3_e3:6.91047 (95.3%) | final_max_PQ:1.596e-02
     50 total:5.86114 | blocks:3 | L1_step:0.32143 (5.5%) | L2_step:0.01529 (0.3%) L2_final:0.01021 (0.2%) | L3_e3:5.51422 (94.1%) | final_max_PQ:4.996e-03
🔘 Epoch 728 No Improvement (1/40) | Val conv@1=0.1570, conv@2=0.4070, conv@3=0.5002, conv@5=0.5555, residual@1=7.127672e-03, residual@2=4.890307e-04
     25 total:7.52162 | blocks:2 | L1_step:0.29929 (4.0%) | L2_step:0.02553 (0.3%) L2_final:0.01684 (0.2%) | L3_e3:7.17997 (95.5%) | final_max_PQ:1.172e-02
     50 total:7.37938 | blocks:2 | L1_step:0.30105 (4.1%) | L2_step:0.02040 (0.3%) L2_final:0.01298 (0.2%) | L3_e3:7.04496 (95.5%) | final_max_PQ:1.349e-02
🔘 Epoch 729 No Improvement (2/40) | Val conv@1=0.1420, conv@2=0.3585, conv@3=0.4300, conv@5=0.4898, residual@1=7.106406e-03, residual@2=4.948486e-04
     25 total:7.03387 | blocks:2 | L1_step:0.30154 (4.3%) | L2_step:0.02505 (0.4%) L2_final:0.01711 (0.2%) | L3_e3:6.69017 (95.1%) | final_max_PQ:1.026e-02
     50 total:7.40331 | blocks:2 | L1_step:0.30143 (4.1%) | L2_step:0.02481 (0.3%) L2_final:0.01649 (0.2%) | L3_e3:7.06058 (95.4%) | final_max_PQ:1.320e-02
🔘 Epoch 730 No Improvement (3/40) | Val conv@1=0.0818, conv@2=0.2092, conv@3=0.2555, conv@5=0.2930, residual@1=7.121222e-03, residual@2=5.073031e-04
     25 total:7.03821 | blocks:2 | L1_step:0.29521 (4.2%) | L2_step:0.02011 (0.3%) L2_final:0.01466 (0.2%) | L3_e3:6.70824 (95.3%) | final_max_PQ:1.587e-02
     50 total:9.46919 | blocks:1 | L1_step:0.17276 (1.8%) | L2_step:0.04205 (0.4%) L2_final:0.02975 (0.3%) | L3_e3:9.22464 (97.4%) | final_max_PQ:4.163e-01
🔘 Epoch 731 No Improvement (4/40) | Val conv@1=0.1633, conv@2=0.4095, conv@3=0.4998, conv@5=0.5760, residual@1=7.084892e-03, residual@2=4.944551e-04
     25 total:7.89293 | blocks:2 | L1_step:0.29757 (3.8%) | L2_step:0.02561 (0.3%) L2_final:0.01788 (0.2%) | L3_e3:7.55187 (95.7%) | final_max_PQ:2.019e-02
     50 total:7.25918 | blocks:2 | L1_step:0.30487 (4.2%) | L2_step:0.02671 (0.4%) L2_final:0.01732 (0.2%) | L3_e3:6.91028 (95.2%) | final_max_PQ:8.713e-03
🔘 Epoch 732 No Improvement (5/40) | Val conv@1=0.1515, conv@2=0.3782, conv@3=0.4682, conv@5=0.5415, residual@1=7.138084e-03, residual@2=5.010651e-04
     25 total:6.65845 | blocks:2 | L1_step:0.29842 (4.5%) | L2_step:0.01988 (0.3%) L2_final:0.01270 (0.2%) | L3_e3:6.32745 (95.0%) | final_max_PQ:1.228e-02
     50 total:7.14041 | blocks:2 | L1_step:0.30311 (4.2%) | L2_step:0.02025 (0.3%) L2_final:0.01468 (0.2%) | L3_e3:6.80237 (95.3%) | final_max_PQ:8.574e-03
🔘 Epoch 733 No Improvement (6/40) | Val conv@1=0.1547, conv@2=0.4068, conv@3=0.4905, conv@5=0.5563, residual@1=7.137281e-03, residual@2=4.896825e-04
     25 total:6.20345 | blocks:3 | L1_step:0.32171 (5.2%) | L2_step:0.01924 (0.3%) L2_final:0.01438 (0.2%) | L3_e3:5.84812 (94.3%) | final_max_PQ:6.463e-03
     50 total:6.84950 | blocks:2 | L1_step:0.29598 (4.3%) | L2_step:0.01896 (0.3%) L2_final:0.01182 (0.2%) | L3_e3:6.52274 (95.2%) | final_max_PQ:6.664e-03
🔘 Epoch 734 No Improvement (7/40) | Val conv@1=0.0340, conv@2=0.0783, conv@3=0.1030, conv@5=0.1177, residual@1=7.141143e-03, residual@2=5.199077e-04
     25 total:5.85622 | blocks:3 | L1_step:0.32080 (5.5%) | L2_step:0.01357 (0.2%) L2_final:0.01017 (0.2%) | L3_e3:5.51168 (94.1%) | final_max_PQ:3.607e-03
     50 total:7.54593 | blocks:2 | L1_step:0.29737 (3.9%) | L2_step:0.02228 (0.3%) L2_final:0.01378 (0.2%) | L3_e3:7.21249 (95.6%) | final_max_PQ:1.059e-02
🔘 Epoch 735 No Improvement (8/40) | Val conv@1=0.0953, conv@2=0.2357, conv@3=0.2868, conv@5=0.3190, residual@1=7.143671e-03, residual@2=5.103711e-04
     25 total:6.65262 | blocks:2 | L1_step:0.29819 (4.5%) | L2_step:0.02099 (0.3%) L2_final:0.01272 (0.2%) | L3_e3:6.32071 (95.0%) | final_max_PQ:8.912e-03
     50 total:7.06461 | blocks:2 | L1_step:0.28919 (4.1%) | L2_step:0.02083 (0.3%) L2_final:0.01279 (0.2%) | L3_e3:6.74181 (95.4%) | final_max_PQ:1.913e-02
🔘 Epoch 736 No Improvement (9/40) | Val conv@1=0.1525, conv@2=0.3795, conv@3=0.4600, conv@5=0.5252, residual@1=7.076845e-03, residual@2=4.911930e-04
     25 total:6.09338 | blocks:3 | L1_step:0.31583 (5.2%) | L2_step:0.01529 (0.3%) L2_final:0.01004 (0.2%) | L3_e3:5.75221 (94.4%) | final_max_PQ:3.366e-03
     50 total:10.09455 | blocks:1 | L1_step:0.16498 (1.6%) | L2_step:0.03588 (0.4%) L2_final:0.01959 (0.2%) | L3_e3:9.87409 (97.8%) | final_max_PQ:2.478e-01
🔘 Epoch 737 No Improvement (10/40) | Val conv@1=0.1522, conv@2=0.3912, conv@3=0.4855, conv@5=0.5657, residual@1=7.117393e-03, residual@2=5.014187e-04
     25 total:7.21512 | blocks:2 | L1_step:0.29431 (4.1%) | L2_step:0.02344 (0.3%) L2_final:0.01579 (0.2%) | L3_e3:6.88158 (95.4%) | final_max_PQ:9.289e-03
     50 total:5.53784 | blocks:3 | L1_step:0.31367 (5.7%) | L2_step:0.01399 (0.3%) L2_final:0.00878 (0.2%) | L3_e3:5.20140 (93.9%) | final_max_PQ:7.151e-03
🔘 Epoch 738 No Improvement (11/40) | Val conv@1=0.1750, conv@2=0.4497, conv@3=0.5430, conv@5=0.6135, residual@1=7.175622e-03, residual@2=4.985578e-04
     25 total:7.80122 | blocks:2 | L1_step:0.29461 (3.8%) | L2_step:0.02567 (0.3%) L2_final:0.01926 (0.2%) | L3_e3:7.46167 (95.6%) | final_max_PQ:2.023e-02
     50 total:9.88209 | blocks:1 | L1_step:0.16345 (1.7%) | L2_step:0.04649 (0.5%) L2_final:0.03074 (0.3%) | L3_e3:9.64141 (97.6%) | final_max_PQ:3.235e-01
🟩 Epoch 739 | Train loss = 7.0133 | Val conv@1=0.1747, conv@2=0.4455, conv@3=0.5423, conv@5=0.6088, residual@1=7.196497e-03, residual@2=4.880605e-04, residual@3=2.587531e-04, excess@2=3.9727, tail@2=5.952179e-02, score=0.410173 | LR: 7.8125e-06
     25 total:5.75695 | blocks:3 | L1_step:0.31386 (5.5%) | L2_step:0.01741 (0.3%) L2_final:0.01224 (0.2%) | L3_e3:5.41344 (94.0%) | final_max_PQ:4.359e-03
     50 total:7.18778 | blocks:2 | L1_step:0.29786 (4.1%) | L2_step:0.01575 (0.2%) L2_final:0.00795 (0.1%) | L3_e3:6.86623 (95.5%) | final_max_PQ:6.452e-03
🔘 Epoch 740 No Improvement (1/40) | Val conv@1=0.1455, conv@2=0.3807, conv@3=0.4627, conv@5=0.5295, residual@1=7.191753e-03, residual@2=4.933507e-04
     25 total:5.70835 | blocks:3 | L1_step:0.32272 (5.7%) | L2_step:0.01635 (0.3%) L2_final:0.01140 (0.2%) | L3_e3:5.35788 (93.9%) | final_max_PQ:4.478e-03
     50 total:6.43773 | blocks:2 | L1_step:0.30701 (4.8%) | L2_step:0.01874 (0.3%) L2_final:0.01226 (0.2%) | L3_e3:6.09972 (94.7%) | final_max_PQ:1.094e-02
🔘 Epoch 741 No Improvement (2/40) | Val conv@1=0.1710, conv@2=0.4320, conv@3=0.5302, conv@5=0.5982, residual@1=7.112179e-03, residual@2=4.824403e-04
     25 total:5.86741 | blocks:3 | L1_step:0.31746 (5.4%) | L2_step:0.01551 (0.3%) L2_final:0.01097 (0.2%) | L3_e3:5.52347 (94.1%) | final_max_PQ:4.380e-03
     50 total:7.15277 | blocks:2 | L1_step:0.30086 (4.2%) | L2_step:0.02587 (0.4%) L2_final:0.01886 (0.3%) | L3_e3:6.80718 (95.2%) | final_max_PQ:4.664e-02
🔘 Epoch 742 No Improvement (3/40) | Val conv@1=0.1450, conv@2=0.3698, conv@3=0.4572, conv@5=0.5172, residual@1=7.105884e-03, residual@2=4.892341e-04
     25 total:5.89135 | blocks:3 | L1_step:0.32322 (5.5%) | L2_step:0.01741 (0.3%) L2_final:0.01344 (0.2%) | L3_e3:5.53727 (94.0%) | final_max_PQ:6.305e-03
     50 total:7.03627 | blocks:2 | L1_step:0.29718 (4.2%) | L2_step:0.02098 (0.3%) L2_final:0.01338 (0.2%) | L3_e3:6.70473 (95.3%) | final_max_PQ:8.013e-03
🔘 Epoch 743 No Improvement (4/40) | Val conv@1=0.1512, conv@2=0.3845, conv@3=0.4625, conv@5=0.5305, residual@1=7.136900e-03, residual@2=4.878627e-04
     25 total:7.44683 | blocks:2 | L1_step:0.30536 (4.1%) | L2_step:0.02367 (0.3%) L2_final:0.01602 (0.2%) | L3_e3:7.10177 (95.4%) | final_max_PQ:1.370e-02
     50 total:6.60600 | blocks:2 | L1_step:0.28868 (4.4%) | L2_step:0.02390 (0.4%) L2_final:0.01835 (0.3%) | L3_e3:6.27507 (95.0%) | final_max_PQ:1.005e-02
🔘 Epoch 744 No Improvement (5/40) | Val conv@1=0.1705, conv@2=0.4370, conv@3=0.5347, conv@5=0.6075, residual@1=7.190731e-03, residual@2=4.914017e-04
     25 total:8.48037 | blocks:1 | L1_step:0.16775 (2.0%) | L2_step:0.04144 (0.5%) L2_final:0.03079 (0.4%) | L3_e3:8.24039 (97.2%) | final_max_PQ:4.635e-01
     50 total:10.19923 | blocks:1 | L1_step:0.16413 (1.6%) | L2_step:0.04338 (0.4%) L2_final:0.02870 (0.3%) | L3_e3:9.96302 (97.7%) | final_max_PQ:4.634e-01
🔘 Epoch 745 No Improvement (6/40) | Val conv@1=0.1648, conv@2=0.4155, conv@3=0.5048, conv@5=0.5695, residual@1=7.138239e-03, residual@2=4.883855e-04
     25 total:10.13735 | blocks:1 | L1_step:0.17347 (1.7%) | L2_step:0.04074 (0.4%) L2_final:0.02893 (0.3%) | L3_e3:9.89421 (97.6%) | final_max_PQ:4.260e-01
     50 total:7.04515 | blocks:2 | L1_step:0.30568 (4.3%) | L2_step:0.02040 (0.3%) L2_final:0.01247 (0.2%) | L3_e3:6.70660 (95.2%) | final_max_PQ:1.041e-02
🔘 Epoch 746 No Improvement (7/40) | Val conv@1=0.1598, conv@2=0.3875, conv@3=0.4723, conv@5=0.5423, residual@1=7.161198e-03, residual@2=4.978110e-04
     25 total:7.03592 | blocks:2 | L1_step:0.29577 (4.2%) | L2_step:0.01994 (0.3%) L2_final:0.01292 (0.2%) | L3_e3:6.70729 (95.3%) | final_max_PQ:9.830e-03
     50 total:5.86568 | blocks:3 | L1_step:0.31569 (5.4%) | L2_step:0.01745 (0.3%) L2_final:0.01151 (0.2%) | L3_e3:5.52103 (94.1%) | final_max_PQ:5.259e-03
🔘 Epoch 747 No Improvement (8/40) | Val conv@1=0.1328, conv@2=0.3150, conv@3=0.3825, conv@5=0.4295, residual@1=7.097764e-03, residual@2=4.962999e-04
     25 total:7.34439 | blocks:2 | L1_step:0.30173 (4.1%) | L2_step:0.02283 (0.3%) L2_final:0.01357 (0.2%) | L3_e3:7.00626 (95.4%) | final_max_PQ:1.051e-02
     50 total:5.62295 | blocks:3 | L1_step:0.31301 (5.6%) | L2_step:0.01794 (0.3%) L2_final:0.01263 (0.2%) | L3_e3:5.27937 (93.9%) | final_max_PQ:5.709e-03
🔘 Epoch 748 No Improvement (9/40) | Val conv@1=0.1593, conv@2=0.4052, conv@3=0.4893, conv@5=0.5740, residual@1=7.107429e-03, residual@2=4.884350e-04
     25 total:5.36690 | blocks:3 | L1_step:0.32392 (6.0%) | L2_step:0.01577 (0.3%) L2_final:0.01154 (0.2%) | L3_e3:5.01567 (93.5%) | final_max_PQ:3.838e-03
     50 total:6.07525 | blocks:3 | L1_step:0.31123 (5.1%) | L2_step:0.01535 (0.3%) L2_final:0.01095 (0.2%) | L3_e3:5.73773 (94.4%) | final_max_PQ:4.390e-03
🟩 Epoch 749 | Train loss = 7.1448 | Val conv@1=0.1785, conv@2=0.4482, conv@3=0.5465, conv@5=0.6242, residual@1=7.117391e-03, residual@2=4.921022e-04, residual@3=2.601968e-04, excess@2=4.0097, tail@2=6.767946e-02, score=0.413099 | LR: 7.8125e-06
     25 total:6.96325 | blocks:2 | L1_step:0.31259 (4.5%) | L2_step:0.02358 (0.3%) L2_final:0.01560 (0.2%) | L3_e3:6.61149 (94.9%) | final_max_PQ:1.274e-02
     50 total:5.79723 | blocks:3 | L1_step:0.30901 (5.3%) | L2_step:0.01751 (0.3%) L2_final:0.01253 (0.2%) | L3_e3:5.45818 (94.2%) | final_max_PQ:4.318e-03
🔘 Epoch 750 No Improvement (1/40) | Val conv@1=0.1378, conv@2=0.3410, conv@3=0.4230, conv@5=0.4743, residual@1=7.094825e-03, residual@2=4.894165e-04
     25 total:5.62222 | blocks:3 | L1_step:0.32398 (5.8%) | L2_step:0.01550 (0.3%) L2_final:0.01134 (0.2%) | L3_e3:5.27141 (93.8%) | final_max_PQ:5.595e-03
     50 total:5.19432 | blocks:3 | L1_step:0.31282 (6.0%) | L2_step:0.01492 (0.3%) L2_final:0.01008 (0.2%) | L3_e3:4.85649 (93.5%) | final_max_PQ:3.385e-03
🔘 Epoch 751 No Improvement (2/40) | Val conv@1=0.1605, conv@2=0.4057, conv@3=0.4900, conv@5=0.5527, residual@1=7.113306e-03, residual@2=4.890259e-04
     25 total:7.22502 | blocks:2 | L1_step:0.28631 (4.0%) | L2_step:0.02058 (0.3%) L2_final:0.01366 (0.2%) | L3_e3:6.90447 (95.6%) | final_max_PQ:1.039e-02
     50 total:5.62592 | blocks:3 | L1_step:0.31639 (5.6%) | L2_step:0.01666 (0.3%) L2_final:0.01192 (0.2%) | L3_e3:5.28095 (93.9%) | final_max_PQ:3.368e-03
🔘 Epoch 752 No Improvement (3/40) | Val conv@1=0.1467, conv@2=0.3740, conv@3=0.4590, conv@5=0.5258, residual@1=7.181727e-03, residual@2=4.907877e-04
     25 total:7.41526 | blocks:2 | L1_step:0.29230 (3.9%) | L2_step:0.02189 (0.3%) L2_final:0.01400 (0.2%) | L3_e3:7.08708 (95.6%) | final_max_PQ:1.137e-02
     50 total:6.63758 | blocks:2 | L1_step:0.29876 (4.5%) | L2_step:0.02001 (0.3%) L2_final:0.01201 (0.2%) | L3_e3:6.30680 (95.0%) | final_max_PQ:1.349e-02
🔘 Epoch 753 No Improvement (4/40) | Val conv@1=0.0275, conv@2=0.0680, conv@3=0.0833, conv@5=0.0993, residual@1=7.282790e-03, residual@2=5.267208e-04
     25 total:5.58122 | blocks:3 | L1_step:0.31508 (5.6%) | L2_step:0.01856 (0.3%) L2_final:0.01289 (0.2%) | L3_e3:5.23468 (93.8%) | final_max_PQ:3.844e-03
     50 total:5.93389 | blocks:3 | L1_step:0.32476 (5.5%) | L2_step:0.01662 (0.3%) L2_final:0.01165 (0.2%) | L3_e3:5.58087 (94.1%) | final_max_PQ:3.701e-03
🔘 Epoch 754 No Improvement (5/40) | Val conv@1=0.1643, conv@2=0.4188, conv@3=0.5092, conv@5=0.5727, residual@1=7.157199e-03, residual@2=4.866177e-04
     25 total:6.16161 | blocks:3 | L1_step:0.31902 (5.2%) | L2_step:0.01654 (0.3%) L2_final:0.01108 (0.2%) | L3_e3:5.81497 (94.4%) | final_max_PQ:3.780e-03
     50 total:5.25951 | blocks:3 | L1_step:0.32493 (6.2%) | L2_step:0.01572 (0.3%) L2_final:0.01113 (0.2%) | L3_e3:4.90773 (93.3%) | final_max_PQ:3.979e-03
🔘 Epoch 755 No Improvement (6/40) | Val conv@1=0.1230, conv@2=0.3180, conv@3=0.3807, conv@5=0.4218, residual@1=7.156143e-03, residual@2=4.917518e-04
     25 total:6.51159 | blocks:2 | L1_step:0.29580 (4.5%) | L2_step:0.01825 (0.3%) L2_final:0.01068 (0.2%) | L3_e3:6.18687 (95.0%) | final_max_PQ:1.350e-02
     50 total:6.82257 | blocks:2 | L1_step:0.30168 (4.4%) | L2_step:0.02247 (0.3%) L2_final:0.01525 (0.2%) | L3_e3:6.48317 (95.0%) | final_max_PQ:6.893e-03
🔘 Epoch 756 No Improvement (7/40) | Val conv@1=0.1570, conv@2=0.3927, conv@3=0.4753, conv@5=0.5268, residual@1=7.213008e-03, residual@2=4.873398e-04
     25 total:5.64447 | blocks:3 | L1_step:0.31493 (5.6%) | L2_step:0.01543 (0.3%) L2_final:0.01050 (0.2%) | L3_e3:5.30361 (94.0%) | final_max_PQ:5.679e-03
     50 total:6.89477 | blocks:2 | L1_step:0.29492 (4.3%) | L2_step:0.02252 (0.3%) L2_final:0.01653 (0.2%) | L3_e3:6.56080 (95.2%) | final_max_PQ:1.282e-02
🔘 Epoch 757 No Improvement (8/40) | Val conv@1=0.1630, conv@2=0.4007, conv@3=0.4865, conv@5=0.5603, residual@1=7.142707e-03, residual@2=4.859604e-04
     25 total:6.86355 | blocks:2 | L1_step:0.28916 (4.2%) | L2_step:0.02243 (0.3%) L2_final:0.01411 (0.2%) | L3_e3:6.53784 (95.3%) | final_max_PQ:9.112e-03
     50 total:5.59249 | blocks:3 | L1_step:0.32123 (5.7%) | L2_step:0.01467 (0.3%) L2_final:0.00914 (0.2%) | L3_e3:5.24744 (93.8%) | final_max_PQ:7.137e-03
🔘 Epoch 758 No Improvement (9/40) | Val conv@1=0.1422, conv@2=0.3690, conv@3=0.4470, conv@5=0.5082, residual@1=7.174020e-03, residual@2=4.914158e-04
     25 total:7.58738 | blocks:2 | L1_step:0.30299 (4.0%) | L2_step:0.02249 (0.3%) L2_final:0.01372 (0.2%) | L3_e3:7.24818 (95.5%) | final_max_PQ:1.241e-02
     50 total:5.60959 | blocks:3 | L1_step:0.31787 (5.7%) | L2_step:0.01504 (0.3%) L2_final:0.01015 (0.2%) | L3_e3:5.26653 (93.9%) | final_max_PQ:2.937e-03
🔘 Epoch 759 No Improvement (10/40) | Val conv@1=0.1172, conv@2=0.2950, conv@3=0.3648, conv@5=0.4080, residual@1=7.171727e-03, residual@2=4.913291e-04
     25 total:6.00711 | blocks:3 | L1_step:0.31806 (5.3%) | L2_step:0.01715 (0.3%) L2_final:0.01041 (0.2%) | L3_e3:5.66149 (94.2%) | final_max_PQ:4.680e-03
     50 total:7.03625 | blocks:2 | L1_step:0.29560 (4.2%) | L2_step:0.02494 (0.4%) L2_final:0.01754 (0.2%) | L3_e3:6.69817 (95.2%) | final_max_PQ:1.121e-02
🔘 Epoch 760 No Improvement (11/40) | Val conv@1=0.1703, conv@2=0.4310, conv@3=0.5302, conv@5=0.6028, residual@1=7.195939e-03, residual@2=4.888888e-04
     25 total:6.29767 | blocks:2 | L1_step:0.29962 (4.8%) | L2_step:0.01687 (0.3%) L2_final:0.00915 (0.1%) | L3_e3:5.97204 (94.8%) | final_max_PQ:1.738e-02
     50 total:7.45475 | blocks:2 | L1_step:0.30044 (4.0%) | L2_step:0.02552 (0.3%) L2_final:0.02057 (0.3%) | L3_e3:7.10823 (95.4%) | final_max_PQ:9.865e-03
🔘 Epoch 761 No Improvement (12/40) | Val conv@1=0.1445, conv@2=0.3708, conv@3=0.4555, conv@5=0.5195, residual@1=7.089596e-03, residual@2=4.839454e-04
     25 total:5.60659 | blocks:3 | L1_step:0.31845 (5.7%) | L2_step:0.01646 (0.3%) L2_final:0.01214 (0.2%) | L3_e3:5.25954 (93.8%) | final_max_PQ:6.800e-03
     50 total:5.70690 | blocks:3 | L1_step:0.32338 (5.7%) | L2_step:0.01639 (0.3%) L2_final:0.01156 (0.2%) | L3_e3:5.35557 (93.8%) | final_max_PQ:3.904e-03
🔘 Epoch 762 No Improvement (13/40) | Val conv@1=0.1133, conv@2=0.2965, conv@3=0.3690, conv@5=0.4195, residual@1=7.107021e-03, residual@2=4.897380e-04
     25 total:7.77446 | blocks:2 | L1_step:0.29409 (3.8%) | L2_step:0.02348 (0.3%) L2_final:0.01587 (0.2%) | L3_e3:7.44103 (95.7%) | final_max_PQ:2.746e-02
     50 total:6.68753 | blocks:2 | L1_step:0.30525 (4.6%) | L2_step:0.01844 (0.3%) L2_final:0.01158 (0.2%) | L3_e3:6.35226 (95.0%) | final_max_PQ:1.311e-02
🔘 Epoch 763 No Improvement (14/40) | Val conv@1=0.1415, conv@2=0.3520, conv@3=0.4253, conv@5=0.4865, residual@1=7.057572e-03, residual@2=4.908094e-04
     25 total:9.10894 | blocks:1 | L1_step:0.17190 (1.9%) | L2_step:0.03993 (0.4%) L2_final:0.02903 (0.3%) | L3_e3:8.86808 (97.4%) | final_max_PQ:4.940e-01
     50 total:6.46387 | blocks:3 | L1_step:0.31892 (4.9%) | L2_step:0.01805 (0.3%) L2_final:0.01303 (0.2%) | L3_e3:6.11387 (94.6%) | final_max_PQ:4.129e-03
🔘 Epoch 764 No Improvement (15/40) | Val conv@1=0.0767, conv@2=0.2070, conv@3=0.2662, conv@5=0.3137, residual@1=7.154590e-03, residual@2=5.045045e-04
     25 total:5.54735 | blocks:3 | L1_step:0.32265 (5.8%) | L2_step:0.01533 (0.3%) L2_final:0.01045 (0.2%) | L3_e3:5.19893 (93.7%) | final_max_PQ:5.838e-03
     50 total:6.98577 | blocks:2 | L1_step:0.30245 (4.3%) | L2_step:0.02343 (0.3%) L2_final:0.01698 (0.2%) | L3_e3:6.64290 (95.1%) | final_max_PQ:1.183e-02
🔘 Epoch 765 No Improvement (16/40) | Val conv@1=0.1542, conv@2=0.3867, conv@3=0.4715, conv@5=0.5353, residual@1=7.187787e-03, residual@2=4.912123e-04
     25 total:7.32081 | blocks:2 | L1_step:0.29345 (4.0%) | L2_step:0.02218 (0.3%) L2_final:0.01553 (0.2%) | L3_e3:6.98966 (95.5%) | final_max_PQ:1.414e-02
     50 total:7.23099 | blocks:2 | L1_step:0.29315 (4.1%) | L2_step:0.02269 (0.3%) L2_final:0.01714 (0.2%) | L3_e3:6.89801 (95.4%) | final_max_PQ:7.873e-03
🔘 Epoch 766 No Improvement (17/40) | Val conv@1=0.1253, conv@2=0.3013, conv@3=0.3655, conv@5=0.4093, residual@1=7.120237e-03, residual@2=4.947933e-04
     25 total:6.99689 | blocks:2 | L1_step:0.29914 (4.3%) | L2_step:0.02304 (0.3%) L2_final:0.01644 (0.2%) | L3_e3:6.65826 (95.2%) | final_max_PQ:1.872e-02
     50 total:7.52373 | blocks:2 | L1_step:0.29582 (3.9%) | L2_step:0.02336 (0.3%) L2_final:0.01429 (0.2%) | L3_e3:7.19025 (95.6%) | final_max_PQ:1.279e-02
🔘 Epoch 767 No Improvement (18/40) | Val conv@1=0.1395, conv@2=0.3332, conv@3=0.4110, conv@5=0.4622, residual@1=7.065635e-03, residual@2=4.984234e-04
     25 total:6.93479 | blocks:2 | L1_step:0.29313 (4.2%) | L2_step:0.02194 (0.3%) L2_final:0.01359 (0.2%) | L3_e3:6.60613 (95.3%) | final_max_PQ:1.156e-02
     50 total:6.63368 | blocks:2 | L1_step:0.28817 (4.3%) | L2_step:0.02289 (0.3%) L2_final:0.01472 (0.2%) | L3_e3:6.30790 (95.1%) | final_max_PQ:1.404e-02
🔘 Epoch 768 No Improvement (19/40) | Val conv@1=0.0203, conv@2=0.0447, conv@3=0.0505, conv@5=0.0527, residual@1=7.157623e-03, residual@2=5.340256e-04
     25 total:5.62143 | blocks:3 | L1_step:0.31790 (5.7%) | L2_step:0.01514 (0.3%) L2_final:0.01287 (0.2%) | L3_e3:5.27552 (93.8%) | final_max_PQ:5.072e-03
     50 total:7.27763 | blocks:2 | L1_step:0.29131 (4.0%) | L2_step:0.01966 (0.3%) L2_final:0.01208 (0.2%) | L3_e3:6.95458 (95.6%) | final_max_PQ:1.071e-02
🔘 Epoch 769 No Improvement (20/40) | Val conv@1=0.0902, conv@2=0.2350, conv@3=0.2865, conv@5=0.3225, residual@1=7.125153e-03, residual@2=5.030287e-04
     25 total:6.07008 | blocks:3 | L1_step:0.32009 (5.3%) | L2_step:0.01791 (0.3%) L2_final:0.01277 (0.2%) | L3_e3:5.71931 (94.2%) | final_max_PQ:6.537e-03
     50 total:5.74877 | blocks:3 | L1_step:0.32322 (5.6%) | L2_step:0.01662 (0.3%) L2_final:0.01189 (0.2%) | L3_e3:5.39703 (93.9%) | final_max_PQ:3.746e-03
🔻 LR reduced: 7.81e-06 -> 3.91e-06
🔘 Epoch 770 No Improvement (21/40) | Val conv@1=0.0853, conv@2=0.2260, conv@3=0.2727, conv@5=0.3100, residual@1=7.239008e-03, residual@2=5.053574e-04
     25 total:5.49353 | blocks:3 | L1_step:0.31975 (5.8%) | L2_step:0.01510 (0.3%) L2_final:0.01044 (0.2%) | L3_e3:5.14824 (93.7%) | final_max_PQ:4.599e-03
     50 total:7.51947 | blocks:2 | L1_step:0.30790 (4.1%) | L2_step:0.02366 (0.3%) L2_final:0.01932 (0.3%) | L3_e3:7.16859 (95.3%) | final_max_PQ:1.619e-02
🔘 Epoch 771 No Improvement (22/40) | Val conv@1=0.1638, conv@2=0.4333, conv@3=0.5218, conv@5=0.5942, residual@1=7.086565e-03, residual@2=4.834922e-04
     25 total:5.71950 | blocks:3 | L1_step:0.31559 (5.5%) | L2_step:0.01586 (0.3%) L2_final:0.01113 (0.2%) | L3_e3:5.37692 (94.0%) | final_max_PQ:4.701e-03
     50 total:6.84423 | blocks:2 | L1_step:0.29664 (4.3%) | L2_step:0.02220 (0.3%) L2_final:0.01410 (0.2%) | L3_e3:6.51129 (95.1%) | final_max_PQ:9.511e-03
🔘 Epoch 772 No Improvement (23/40) | Val conv@1=0.1462, conv@2=0.3710, conv@3=0.4572, conv@5=0.5155, residual@1=7.108654e-03, residual@2=4.918266e-04
     25 total:5.21306 | blocks:3 | L1_step:0.32751 (6.3%) | L2_step:0.01542 (0.3%) L2_final:0.01211 (0.2%) | L3_e3:4.85802 (93.2%) | final_max_PQ:4.094e-03
     50 total:7.35040 | blocks:2 | L1_step:0.30298 (4.1%) | L2_step:0.02692 (0.4%) L2_final:0.02024 (0.3%) | L3_e3:7.00025 (95.2%) | final_max_PQ:1.256e-02
🔘 Epoch 773 No Improvement (24/40) | Val conv@1=0.1565, conv@2=0.4035, conv@3=0.4990, conv@5=0.5735, residual@1=7.097409e-03, residual@2=4.837873e-04
     25 total:7.10531 | blocks:2 | L1_step:0.30775 (4.3%) | L2_step:0.02159 (0.3%) L2_final:0.01634 (0.2%) | L3_e3:6.75963 (95.1%) | final_max_PQ:1.286e-02
     50 total:5.36892 | blocks:3 | L1_step:0.31125 (5.8%) | L2_step:0.01633 (0.3%) L2_final:0.01069 (0.2%) | L3_e3:5.03064 (93.7%) | final_max_PQ:4.176e-03
🔘 Epoch 774 No Improvement (25/40) | Val conv@1=0.1625, conv@2=0.4145, conv@3=0.5010, conv@5=0.5647, residual@1=7.105965e-03, residual@2=4.839095e-04
     25 total:7.06010 | blocks:2 | L1_step:0.29930 (4.2%) | L2_step:0.02279 (0.3%) L2_final:0.01509 (0.2%) | L3_e3:6.72293 (95.2%) | final_max_PQ:1.542e-02
     50 total:6.86229 | blocks:2 | L1_step:0.29439 (4.3%) | L2_step:0.02152 (0.3%) L2_final:0.01702 (0.2%) | L3_e3:6.52936 (95.1%) | final_max_PQ:3.030e-02
🔘 Epoch 775 No Improvement (26/40) | Val conv@1=0.1678, conv@2=0.4280, conv@3=0.5282, conv@5=0.5982, residual@1=7.122900e-03, residual@2=4.852924e-04
     25 total:7.98126 | blocks:2 | L1_step:0.29640 (3.7%) | L2_step:0.02413 (0.3%) L2_final:0.01563 (0.2%) | L3_e3:7.64510 (95.8%) | final_max_PQ:1.204e-02
     50 total:5.58944 | blocks:3 | L1_step:0.31266 (5.6%) | L2_step:0.01439 (0.3%) L2_final:0.00987 (0.2%) | L3_e3:5.25252 (94.0%) | final_max_PQ:3.957e-03
🔘 Epoch 776 No Improvement (27/40) | Val conv@1=0.1258, conv@2=0.3260, conv@3=0.4037, conv@5=0.4532, residual@1=7.131147e-03, residual@2=4.943984e-04
     25 total:6.85679 | blocks:2 | L1_step:0.29106 (4.2%) | L2_step:0.02303 (0.3%) L2_final:0.01722 (0.3%) | L3_e3:6.52548 (95.2%) | final_max_PQ:8.555e-03
     50 total:5.50882 | blocks:3 | L1_step:0.31977 (5.8%) | L2_step:0.01515 (0.3%) L2_final:0.00949 (0.2%) | L3_e3:5.16441 (93.7%) | final_max_PQ:4.905e-03
🔘 Epoch 777 No Improvement (28/40) | Val conv@1=0.1398, conv@2=0.3660, conv@3=0.4525, conv@5=0.5055, residual@1=7.117343e-03, residual@2=4.910917e-04
     25 total:5.42900 | blocks:3 | L1_step:0.31967 (5.9%) | L2_step:0.01510 (0.3%) L2_final:0.01160 (0.2%) | L3_e3:5.08262 (93.6%) | final_max_PQ:4.430e-03
     50 total:5.83221 | blocks:3 | L1_step:0.32127 (5.5%) | L2_step:0.01633 (0.3%) L2_final:0.01131 (0.2%) | L3_e3:5.48331 (94.0%) | final_max_PQ:3.355e-03
🔘 Epoch 778 No Improvement (29/40) | Val conv@1=0.1720, conv@2=0.4432, conv@3=0.5423, conv@5=0.6065, residual@1=7.162530e-03, residual@2=4.927822e-04
     25 total:6.58462 | blocks:2 | L1_step:0.31102 (4.7%) | L2_step:0.01960 (0.3%) L2_final:0.01428 (0.2%) | L3_e3:6.23972 (94.8%) | final_max_PQ:2.005e-02
     50 total:6.05861 | blocks:3 | L1_step:0.32333 (5.3%) | L2_step:0.01793 (0.3%) L2_final:0.01371 (0.2%) | L3_e3:5.70365 (94.1%) | final_max_PQ:4.113e-03
🔘 Epoch 779 No Improvement (30/40) | Val conv@1=0.1430, conv@2=0.3578, conv@3=0.4288, conv@5=0.4880, residual@1=7.079613e-03, residual@2=4.936778e-04
     25 total:7.19198 | blocks:2 | L1_step:0.30056 (4.2%) | L2_step:0.01825 (0.3%) L2_final:0.01024 (0.1%) | L3_e3:6.86293 (95.4%) | final_max_PQ:9.452e-03
     50 total:5.85322 | blocks:3 | L1_step:0.32047 (5.5%) | L2_step:0.01607 (0.3%) L2_final:0.01049 (0.2%) | L3_e3:5.50619 (94.1%) | final_max_PQ:6.441e-03
🔘 Epoch 780 No Improvement (31/40) | Val conv@1=0.1680, conv@2=0.4250, conv@3=0.5190, conv@5=0.5867, residual@1=7.093463e-03, residual@2=4.901140e-04
     25 total:6.54438 | blocks:2 | L1_step:0.28996 (4.4%) | L2_step:0.01978 (0.3%) L2_final:0.01439 (0.2%) | L3_e3:6.22026 (95.0%) | final_max_PQ:1.244e-01
     50 total:7.22682 | blocks:2 | L1_step:0.29728 (4.1%) | L2_step:0.02217 (0.3%) L2_final:0.01501 (0.2%) | L3_e3:6.89236 (95.4%) | final_max_PQ:1.157e-02
🔘 Epoch 781 No Improvement (32/40) | Val conv@1=0.1623, conv@2=0.4115, conv@3=0.5015, conv@5=0.5725, residual@1=7.133113e-03, residual@2=4.929934e-04
     25 total:5.76528 | blocks:3 | L1_step:0.31393 (5.4%) | L2_step:0.01600 (0.3%) L2_final:0.01058 (0.2%) | L3_e3:5.42477 (94.1%) | final_max_PQ:4.817e-03
     50 total:6.71322 | blocks:2 | L1_step:0.29388 (4.4%) | L2_step:0.02143 (0.3%) L2_final:0.01414 (0.2%) | L3_e3:6.38377 (95.1%) | final_max_PQ:6.723e-03
🔘 Epoch 782 No Improvement (33/40) | Val conv@1=0.1165, conv@2=0.3165, conv@3=0.3855, conv@5=0.4220, residual@1=7.145070e-03, residual@2=4.953614e-04
     25 total:7.24529 | blocks:2 | L1_step:0.30232 (4.2%) | L2_step:0.02398 (0.3%) L2_final:0.01536 (0.2%) | L3_e3:6.90363 (95.3%) | final_max_PQ:9.418e-03
     50 total:9.29420 | blocks:1 | L1_step:0.16135 (1.7%) | L2_step:0.03972 (0.4%) L2_final:0.02085 (0.2%) | L3_e3:9.07229 (97.6%) | final_max_PQ:2.527e-01
🔘 Epoch 783 No Improvement (34/40) | Val conv@1=0.1705, conv@2=0.4382, conv@3=0.5337, conv@5=0.6052, residual@1=7.117105e-03, residual@2=4.857679e-04
     25 total:7.73866 | blocks:2 | L1_step:0.30007 (3.9%) | L2_step:0.02350 (0.3%) L2_final:0.01543 (0.2%) | L3_e3:7.39966 (95.6%) | final_max_PQ:1.213e-02
     50 total:7.17012 | blocks:2 | L1_step:0.29953 (4.2%) | L2_step:0.01824 (0.3%) L2_final:0.01037 (0.1%) | L3_e3:6.84198 (95.4%) | final_max_PQ:8.132e-03
🔘 Epoch 784 No Improvement (35/40) | Val conv@1=0.1718, conv@2=0.4330, conv@3=0.5225, conv@5=0.5915, residual@1=7.108054e-03, residual@2=4.876711e-04
     25 total:7.45792 | blocks:2 | L1_step:0.30109 (4.0%) | L2_step:0.02524 (0.3%) L2_final:0.01919 (0.3%) | L3_e3:7.11240 (95.4%) | final_max_PQ:1.630e-02
     50 total:7.45105 | blocks:2 | L1_step:0.30150 (4.0%) | L2_step:0.02166 (0.3%) L2_final:0.01566 (0.2%) | L3_e3:7.11223 (95.5%) | final_max_PQ:1.180e-02
🔘 Epoch 785 No Improvement (36/40) | Val conv@1=0.1290, conv@2=0.3345, conv@3=0.4055, conv@5=0.4547, residual@1=7.106814e-03, residual@2=4.936006e-04
     25 total:7.05746 | blocks:2 | L1_step:0.29721 (4.2%) | L2_step:0.02431 (0.3%) L2_final:0.01868 (0.3%) | L3_e3:6.71727 (95.2%) | final_max_PQ:1.374e-02
     50 total:5.75195 | blocks:3 | L1_step:0.33153 (5.8%) | L2_step:0.01628 (0.3%) L2_final:0.00988 (0.2%) | L3_e3:5.39426 (93.8%) | final_max_PQ:4.658e-03
🔘 Epoch 786 No Improvement (37/40) | Val conv@1=0.1653, conv@2=0.4158, conv@3=0.5058, conv@5=0.5653, residual@1=7.117752e-03, residual@2=4.903666e-04
     25 total:7.10474 | blocks:2 | L1_step:0.30373 (4.3%) | L2_step:0.02267 (0.3%) L2_final:0.01932 (0.3%) | L3_e3:6.75901 (95.1%) | final_max_PQ:9.641e-02
     50 total:7.21476 | blocks:2 | L1_step:0.30240 (4.2%) | L2_step:0.01997 (0.3%) L2_final:0.01393 (0.2%) | L3_e3:6.87846 (95.3%) | final_max_PQ:1.422e-02
🔘 Epoch 787 No Improvement (38/40) | Val conv@1=0.1665, conv@2=0.4215, conv@3=0.5112, conv@5=0.5823, residual@1=7.119617e-03, residual@2=4.880845e-04
     25 total:10.16287 | blocks:1 | L1_step:0.16569 (1.6%) | L2_step:0.04576 (0.5%) L2_final:0.03312 (0.3%) | L3_e3:9.91830 (97.6%) | final_max_PQ:5.857e-01
     50 total:7.50980 | blocks:2 | L1_step:0.30452 (4.1%) | L2_step:0.02281 (0.3%) L2_final:0.01466 (0.2%) | L3_e3:7.16781 (95.4%) | final_max_PQ:1.879e-02
🔘 Epoch 788 No Improvement (39/40) | Val conv@1=0.1583, conv@2=0.3922, conv@3=0.4820, conv@5=0.5583, residual@1=7.079420e-03, residual@2=4.841170e-04
     25 total:6.50054 | blocks:2 | L1_step:0.29554 (4.5%) | L2_step:0.02441 (0.4%) L2_final:0.01874 (0.3%) | L3_e3:6.16185 (94.8%) | final_max_PQ:2.314e-02
     50 total:5.98640 | blocks:3 | L1_step:0.31595 (5.3%) | L2_step:0.01728 (0.3%) L2_final:0.01306 (0.2%) | L3_e3:5.64011 (94.2%) | final_max_PQ:3.349e-03
🔘 Epoch 789 No Improvement (40/40) | Val conv@1=0.1730, conv@2=0.4335, conv@3=0.5248, conv@5=0.5952, residual@1=7.123955e-03, residual@2=4.859742e-04
🔘 Early stopping at epoch 789

Testing model
[sample 001] iter 00: max_mismatchPQ=1.611e+01, NN_max_dAng=0.000e+00, NN_max_dV=0.000e+00  True_errAng=1.998e-01, True_errV=9.284e-02
[sample 001] iter 01: max_mismatchPQ=8.539e-01, NN_max_dAng=1.382e-01, NN_max_dV=9.387e-02  True_errAng=6.163e-02, True_errV=8.374e-03
[sample 001] iter 02: max_mismatchPQ=1.368e-02, NN_max_dAng=4.680e-02, NN_max_dV=8.364e-03  True_errAng=1.553e-02, True_errV=2.344e-04
[sample 001] iter 03: max_mismatchPQ=5.119e-03, NN_max_dAng=7.384e-03, NN_max_dV=2.176e-04  True_errAng=9.760e-03, True_errV=1.590e-04
[sample 001] iter 04: max_mismatchPQ=2.545e-03, NN_max_dAng=3.281e-03, NN_max_dV=5.399e-05  True_errAng=7.241e-03, True_errV=1.240e-04
[sample 001] iter 05: max_mismatchPQ=1.574e-03, NN_max_dAng=1.910e-03, NN_max_dV=3.351e-05  True_errAng=5.474e-03, True_errV=1.119e-04
[sample 001] iter 06: max_mismatchPQ=1.301e-03, NN_max_dAng=1.416e-03, NN_max_dV=2.542e-05  True_errAng=4.940e-03, True_errV=1.037e-04
[sample 001] iter 07: max_mismatchPQ=1.138e-03, NN_max_dAng=1.028e-03, NN_max_dV=1.862e-05  True_errAng=4.384e-03, True_errV=9.382e-05
[sample 001] iter 08: max_mismatchPQ=1.015e-03, NN_max_dAng=7.392e-04, NN_max_dV=1.340e-05  True_errAng=3.856e-03, True_errV=8.380e-05
[sample 001] iter 09: max_mismatchPQ=9.019e-04, NN_max_dAng=5.308e-04, NN_max_dV=9.585e-06  True_errAng=3.376e-03, True_errV=7.427e-05
[sample 001] iter 10: max_mismatchPQ=7.982e-04, NN_max_dAng=4.283e-04, NN_max_dV=8.796e-06  True_errAng=2.947e-03, True_errV=6.545e-05
[sample 001] iter 11: max_mismatchPQ=7.042e-04, NN_max_dAng=3.774e-04, NN_max_dV=7.880e-06  True_errAng=2.570e-03, True_errV=5.758e-05
[sample 001] iter 12: max_mismatchPQ=6.193e-04, NN_max_dAng=3.300e-04, NN_max_dV=7.153e-06  True_errAng=2.240e-03, True_errV=5.043e-05
[sample 001] iter 13: max_mismatchPQ=5.469e-04, NN_max_dAng=2.876e-04, NN_max_dV=6.174e-06  True_errAng=1.952e-03, True_errV=4.423e-05
[sample 001] iter 14: max_mismatchPQ=4.839e-04, NN_max_dAng=2.493e-04, NN_max_dV=5.461e-06  True_errAng=1.703e-03, True_errV=3.874e-05
[sample 001] iter 15: max_mismatchPQ=4.274e-04, NN_max_dAng=2.159e-04, NN_max_dV=4.719e-06  True_errAng=1.487e-03, True_errV=3.397e-05
[sample 001] iter 16: max_mismatchPQ=3.773e-04, NN_max_dAng=1.866e-04, NN_max_dV=4.149e-06  True_errAng=1.300e-03, True_errV=2.986e-05
[sample 001] iter 17: max_mismatchPQ=3.363e-04, NN_max_dAng=1.610e-04, NN_max_dV=3.629e-06  True_errAng=1.140e-03, True_errV=2.629e-05
[sample 001] iter 18: max_mismatchPQ=2.989e-04, NN_max_dAng=1.388e-04, NN_max_dV=3.179e-06  True_errAng=1.001e-03, True_errV=2.313e-05
[sample 001] iter 19: max_mismatchPQ=2.677e-04, NN_max_dAng=1.197e-04, NN_max_dV=2.611e-06  True_errAng=8.810e-04, True_errV=2.056e-05
[sample 001] iter 20: max_mismatchPQ=2.410e-04, NN_max_dAng=1.030e-04, NN_max_dV=2.433e-06  True_errAng=7.780e-04, True_errV=1.818e-05
[sample 001] >>> stop_reason=max_blocks, used_iter=20, max_PQ_mismatch=2.410e-04
[1;32m===== Test Sample Heatmap Cell: X=(-2.00,-1.80), PQ=(-2.00,-1.80), x_signed=-1.999067, pq_signed=-1.997738, valid_label=1 =====[0m
---- Error Metrics (Best State) ----
Angel_MAX   : 7.780194e-04
Voltage_MAX : 1.817942e-05
P_MAX       : 2.409695e-04
Q_MAX       : 8.469820e-05
P_MAE       : 6.877628e-05
Q_MAE       : 2.244592e-05
P_MSE       : 7.923609e-09
Q_MSE       : 8.389838e-10
P_RMSE      : 8.901465e-05
Q_RMSE      : 2.896522e-05

[sample 002] iter 00: max_mismatchPQ=5.483e+01, NN_max_dAng=0.000e+00, NN_max_dV=0.000e+00  True_errAng=1.888e-01, True_errV=9.348e-02
[sample 002] iter 01: max_mismatchPQ=1.081e+00, NN_max_dAng=1.477e-01, NN_max_dV=9.206e-02  True_errAng=4.111e-02, True_errV=1.323e-02
[sample 002] iter 02: max_mismatchPQ=6.503e-03, NN_max_dAng=3.794e-02, NN_max_dV=1.288e-02  True_errAng=1.624e-02, True_errV=3.924e-04
[sample 002] iter 03: max_mismatchPQ=3.543e-03, NN_max_dAng=3.450e-03, NN_max_dV=4.012e-04  True_errAng=1.279e-02, True_errV=2.461e-04
[sample 002] iter 04: max_mismatchPQ=2.950e-03, NN_max_dAng=2.076e-03, NN_max_dV=3.947e-05  True_errAng=1.071e-02, True_errV=2.107e-04
[sample 002] iter 05: max_mismatchPQ=2.505e-03, NN_max_dAng=1.612e-03, NN_max_dV=3.231e-05  True_errAng=9.099e-03, True_errV=1.784e-04
[sample 002] iter 06: max_mismatchPQ=2.134e-03, NN_max_dAng=1.328e-03, NN_max_dV=2.665e-05  True_errAng=7.771e-03, True_errV=1.518e-04
[sample 002] iter 07: max_mismatchPQ=1.820e-03, NN_max_dAng=1.115e-03, NN_max_dV=2.219e-05  True_errAng=6.655e-03, True_errV=1.295e-04
[sample 002] iter 08: max_mismatchPQ=1.560e-03, NN_max_dAng=9.445e-04, NN_max_dV=1.872e-05  True_errAng=5.711e-03, True_errV=1.109e-04
[sample 002] iter 09: max_mismatchPQ=1.346e-03, NN_max_dAng=8.030e-04, NN_max_dV=1.584e-05  True_errAng=4.908e-03, True_errV=9.501e-05
[sample 002] iter 10: max_mismatchPQ=1.164e-03, NN_max_dAng=6.841e-04, NN_max_dV=1.337e-05  True_errAng=4.224e-03, True_errV=8.160e-05
[sample 002] iter 11: max_mismatchPQ=1.007e-03, NN_max_dAng=5.841e-04, NN_max_dV=1.124e-05  True_errAng=3.640e-03, True_errV=7.033e-05
[sample 002] iter 12: max_mismatchPQ=8.732e-04, NN_max_dAng=4.992e-04, NN_max_dV=9.654e-06  True_errAng=3.140e-03, True_errV=6.062e-05
[sample 002] iter 13: max_mismatchPQ=7.578e-04, NN_max_dAng=4.270e-04, NN_max_dV=8.173e-06  True_errAng=2.713e-03, True_errV=5.245e-05
[sample 002] iter 14: max_mismatchPQ=6.610e-04, NN_max_dAng=3.654e-04, NN_max_dV=6.997e-06  True_errAng=2.348e-03, True_errV=4.542e-05
[sample 002] iter 15: max_mismatchPQ=5.759e-04, NN_max_dAng=3.129e-04, NN_max_dV=5.982e-06  True_errAng=2.035e-03, True_errV=3.946e-05
[sample 002] iter 16: max_mismatchPQ=5.053e-04, NN_max_dAng=2.682e-04, NN_max_dV=5.261e-06  True_errAng=1.767e-03, True_errV=3.421e-05
[sample 002] iter 17: max_mismatchPQ=4.426e-04, NN_max_dAng=2.296e-04, NN_max_dV=4.346e-06  True_errAng=1.537e-03, True_errV=2.986e-05
[sample 002] iter 18: max_mismatchPQ=3.885e-04, NN_max_dAng=1.970e-04, NN_max_dV=3.703e-06  True_errAng=1.340e-03, True_errV=2.623e-05
[sample 002] iter 19: max_mismatchPQ=3.439e-04, NN_max_dAng=1.688e-04, NN_max_dV=3.265e-06  True_errAng=1.171e-03, True_errV=2.301e-05
[sample 002] iter 20: max_mismatchPQ=3.043e-04, NN_max_dAng=1.444e-04, NN_max_dV=2.861e-06  True_errAng=1.027e-03, True_errV=2.021e-05
[sample 002] >>> stop_reason=max_blocks, used_iter=20, max_PQ_mismatch=3.043e-04
[1;32m===== Test Sample Heatmap Cell: X=(-2.00,-1.80), PQ=(-2.00,-1.80), x_signed=-1.888889, pq_signed=-1.912511, valid_label=1 =====[0m
---- Error Metrics (Best State) ----
Angel_MAX   : 1.026869e-03
Voltage_MAX : 2.020597e-05
P_MAX       : 3.043318e-04
Q_MAX       : 8.583069e-05
P_MAE       : 9.080825e-05
Q_MAE       : 2.549439e-05
P_MSE       : 1.362327e-08
Q_MSE       : 1.072229e-09
P_RMSE      : 1.167188e-04
Q_RMSE      : 3.274491e-05

[sample 003] iter 00: max_mismatchPQ=1.525e+01, NN_max_dAng=0.000e+00, NN_max_dV=0.000e+00  True_errAng=8.865e-02, True_errV=1.819e-01
[sample 003] iter 01: max_mismatchPQ=1.794e-01, NN_max_dAng=9.039e-02, NN_max_dV=1.735e-01  True_errAng=2.551e-02, True_errV=8.379e-03
[sample 003] iter 02: max_mismatchPQ=6.024e-03, NN_max_dAng=1.679e-02, NN_max_dV=8.382e-03  True_errAng=9.355e-03, True_errV=1.674e-04
[sample 003] iter 03: max_mismatchPQ=2.014e-03, NN_max_dAng=5.257e-03, NN_max_dV=1.146e-04  True_errAng=5.799e-03, True_errV=9.400e-05
[sample 003] iter 04: max_mismatchPQ=1.313e-03, NN_max_dAng=1.443e-03, NN_max_dV=3.641e-05  True_errAng=4.539e-03, True_errV=7.677e-05
[sample 003] iter 05: max_mismatchPQ=1.088e-03, NN_max_dAng=8.105e-04, NN_max_dV=1.427e-05  True_errAng=3.750e-03, True_errV=6.294e-05
[sample 003] iter 06: max_mismatchPQ=9.041e-04, NN_max_dAng=6.185e-04, NN_max_dV=1.133e-05  True_errAng=3.132e-03, True_errV=5.192e-05
[sample 003] iter 07: max_mismatchPQ=7.506e-04, NN_max_dAng=5.068e-04, NN_max_dV=9.023e-06  True_errAng=2.625e-03, True_errV=4.297e-05
[sample 003] iter 08: max_mismatchPQ=6.266e-04, NN_max_dAng=4.211e-04, NN_max_dV=7.297e-06  True_errAng=2.204e-03, True_errV=3.564e-05
[sample 003] iter 09: max_mismatchPQ=5.217e-04, NN_max_dAng=3.525e-04, NN_max_dV=6.048e-06  True_errAng=1.852e-03, True_errV=2.962e-05
[sample 003] iter 10: max_mismatchPQ=4.368e-04, NN_max_dAng=2.969e-04, NN_max_dV=5.095e-06  True_errAng=1.555e-03, True_errV=2.456e-05
[sample 003] iter 11: max_mismatchPQ=3.691e-04, NN_max_dAng=2.509e-04, NN_max_dV=4.206e-06  True_errAng=1.304e-03, True_errV=2.033e-05
[sample 003] iter 12: max_mismatchPQ=3.081e-04, NN_max_dAng=2.125e-04, NN_max_dV=3.529e-06  True_errAng=1.091e-03, True_errV=1.675e-05
[sample 003] iter 13: max_mismatchPQ=2.585e-04, NN_max_dAng=1.806e-04, NN_max_dV=2.942e-06  True_errAng=9.107e-04, True_errV=1.383e-05
[sample 003] iter 14: max_mismatchPQ=2.194e-04, NN_max_dAng=1.538e-04, NN_max_dV=2.646e-06  True_errAng=7.569e-04, True_errV=1.115e-05
[sample 003] iter 15: max_mismatchPQ=1.803e-04, NN_max_dAng=1.312e-04, NN_max_dV=2.174e-06  True_errAng=6.257e-04, True_errV=9.060e-06
[sample 003] iter 16: max_mismatchPQ=1.516e-04, NN_max_dAng=1.119e-04, NN_max_dV=1.759e-06  True_errAng=5.138e-04, True_errV=7.331e-06
[sample 003] iter 17: max_mismatchPQ=1.269e-04, NN_max_dAng=9.556e-05, NN_max_dV=1.646e-06  True_errAng=4.182e-04, True_errV=5.782e-06
[sample 003] iter 18: max_mismatchPQ=9.966e-05, NN_max_dAng=8.175e-05, NN_max_dV=1.481e-06  True_errAng=3.364e-04, True_errV=5.424e-06
[sample 003] >>> stop_reason=converged, used_iter=18, max_PQ_mismatch=9.966e-05
[1;32m===== Test Sample Heatmap Cell: X=(-2.00,-1.80), PQ=(-2.00,-1.80), x_signed=-1.830727, pq_signed=-1.896773, valid_label=1 =====[0m
---- Error Metrics (Best State) ----
Angel_MAX   : 3.364384e-04
Voltage_MAX : 5.424023e-06
P_MAX       : 9.965897e-05
Q_MAX       : 7.450581e-05
P_MAE       : 3.226416e-05
Q_MAE       : 2.296345e-05
P_MSE       : 1.698880e-09
Q_MSE       : 8.859847e-10
P_RMSE      : 4.121748e-05
Q_RMSE      : 2.976550e-05

[sample 004] iter 00: max_mismatchPQ=1.678e+01, NN_max_dAng=0.000e+00, NN_max_dV=0.000e+00  True_errAng=1.818e-01, True_errV=8.808e-02
[sample 004] iter 01: max_mismatchPQ=7.531e-01, NN_max_dAng=1.234e-01, NN_max_dV=8.827e-02  True_errAng=5.833e-02, True_errV=8.983e-03
[sample 004] iter 02: max_mismatchPQ=1.117e-02, NN_max_dAng=5.488e-02, NN_max_dV=8.986e-03  True_errAng=7.356e-03, True_errV=2.266e-04
[sample 004] iter 03: max_mismatchPQ=1.802e-03, NN_max_dAng=3.157e-03, NN_max_dV=1.296e-04  True_errAng=5.444e-03, True_errV=1.118e-04
[sample 004] iter 04: max_mismatchPQ=1.406e-03, NN_max_dAng=1.666e-03, NN_max_dV=4.322e-05  True_errAng=4.786e-03, True_errV=9.000e-05
[sample 004] iter 05: max_mismatchPQ=1.167e-03, NN_max_dAng=1.039e-03, NN_max_dV=2.363e-05  True_errAng=4.090e-03, True_errV=7.308e-05
[sample 004] iter 06: max_mismatchPQ=9.849e-04, NN_max_dAng=6.485e-04, NN_max_dV=1.472e-05  True_errAng=3.466e-03, True_errV=6.008e-05
[sample 004] iter 07: max_mismatchPQ=8.256e-04, NN_max_dAng=5.374e-04, NN_max_dV=1.045e-05  True_errAng=2.928e-03, True_errV=4.971e-05
[sample 004] iter 08: max_mismatchPQ=6.950e-04, NN_max_dAng=4.566e-04, NN_max_dV=8.376e-06  True_errAng=2.472e-03, True_errV=4.131e-05
[sample 004] iter 09: max_mismatchPQ=5.844e-04, NN_max_dAng=3.863e-04, NN_max_dV=6.855e-06  True_errAng=2.085e-03, True_errV=3.445e-05
[sample 004] iter 10: max_mismatchPQ=4.900e-04, NN_max_dAng=3.270e-04, NN_max_dV=5.724e-06  True_errAng=1.759e-03, True_errV=2.873e-05
[sample 004] iter 11: max_mismatchPQ=4.098e-04, NN_max_dAng=2.774e-04, NN_max_dV=4.872e-06  True_errAng=1.481e-03, True_errV=2.384e-05
[sample 004] iter 12: max_mismatchPQ=3.459e-04, NN_max_dAng=2.355e-04, NN_max_dV=3.898e-06  True_errAng=1.246e-03, True_errV=1.991e-05
[sample 004] iter 13: max_mismatchPQ=2.925e-04, NN_max_dAng=2.005e-04, NN_max_dV=3.514e-06  True_errAng=1.045e-03, True_errV=1.639e-05
[sample 004] iter 14: max_mismatchPQ=2.449e-04, NN_max_dAng=1.709e-04, NN_max_dV=2.787e-06  True_errAng=8.743e-04, True_errV=1.365e-05
[sample 004] iter 15: max_mismatchPQ=2.019e-04, NN_max_dAng=1.459e-04, NN_max_dV=2.415e-06  True_errAng=7.283e-04, True_errV=1.121e-05
[sample 004] iter 16: max_mismatchPQ=1.724e-04, NN_max_dAng=1.246e-04, NN_max_dV=2.062e-06  True_errAng=6.037e-04, True_errV=9.120e-06
[sample 004] iter 17: max_mismatchPQ=1.407e-04, NN_max_dAng=1.066e-04, NN_max_dV=1.842e-06  True_errAng=4.971e-04, True_errV=7.212e-06
[sample 004] iter 18: max_mismatchPQ=1.259e-04, NN_max_dAng=9.119e-05, NN_max_dV=1.494e-06  True_errAng=4.059e-04, True_errV=5.722e-06
[sample 004] iter 19: max_mismatchPQ=1.116e-04, NN_max_dAng=7.816e-05, NN_max_dV=1.283e-06  True_errAng=3.278e-04, True_errV=4.470e-06
[sample 004] iter 20: max_mismatchPQ=1.059e-04, NN_max_dAng=6.690e-05, NN_max_dV=1.069e-06  True_errAng=2.609e-04, True_errV=3.815e-06
[sample 004] >>> stop_reason=max_blocks, used_iter=20, max_PQ_mismatch=1.059e-04
[1;32m===== Test Sample Heatmap Cell: X=(-2.00,-1.80), PQ=(-2.00,-1.80), x_signed=-1.818575, pq_signed=-1.985956, valid_label=1 =====[0m
---- Error Metrics (Best State) ----
Angel_MAX   : 2.608597e-04
Voltage_MAX : 3.814697e-06
P_MAX       : 1.058578e-04
Q_MAX       : 7.651933e-05
P_MAE       : 2.717308e-05
Q_MAE       : 2.402217e-05
P_MSE       : 1.246017e-09
Q_MSE       : 8.972322e-10
P_RMSE      : 3.529897e-05
Q_RMSE      : 2.995384e-05

[sample 005] iter 00: max_mismatchPQ=3.134e+01, NN_max_dAng=0.000e+00, NN_max_dV=0.000e+00  True_errAng=1.991e-01, True_errV=9.664e-02
[sample 005] iter 01: max_mismatchPQ=1.085e+00, NN_max_dAng=1.177e-01, NN_max_dV=9.631e-02  True_errAng=8.137e-02, True_errV=2.548e-02
[sample 005] iter 02: max_mismatchPQ=2.762e-02, NN_max_dAng=7.823e-02, NN_max_dV=2.535e-02  True_errAng=9.783e-03, True_errV=7.988e-04
[sample 005] iter 03: max_mismatchPQ=2.734e-03, NN_max_dAng=5.622e-03, NN_max_dV=8.493e-04  True_errAng=4.748e-03, True_errV=9.823e-05
[sample 005] iter 04: max_mismatchPQ=1.286e-03, NN_max_dAng=1.750e-03, NN_max_dV=4.266e-05  True_errAng=3.677e-03, True_errV=7.081e-05
[sample 005] iter 05: max_mismatchPQ=9.475e-04, NN_max_dAng=1.087e-03, NN_max_dV=2.436e-05  True_errAng=2.888e-03, True_errV=5.293e-05
[sample 005] iter 06: max_mismatchPQ=7.534e-04, NN_max_dAng=7.921e-04, NN_max_dV=1.156e-05  True_errAng=2.344e-03, True_errV=4.137e-05
[sample 005] iter 07: max_mismatchPQ=6.170e-04, NN_max_dAng=5.551e-04, NN_max_dV=7.892e-06  True_errAng=1.945e-03, True_errV=3.350e-05
[sample 005] iter 08: max_mismatchPQ=5.143e-04, NN_max_dAng=3.801e-04, NN_max_dV=5.469e-06  True_errAng=1.637e-03, True_errV=2.801e-05
[sample 005] iter 09: max_mismatchPQ=4.344e-04, NN_max_dAng=2.557e-04, NN_max_dV=3.966e-06  True_errAng=1.392e-03, True_errV=2.402e-05
[sample 005] iter 10: max_mismatchPQ=3.715e-04, NN_max_dAng=1.980e-04, NN_max_dV=3.144e-06  True_errAng=1.194e-03, True_errV=2.086e-05
[sample 005] iter 11: max_mismatchPQ=3.192e-04, NN_max_dAng=1.624e-04, NN_max_dV=2.613e-06  True_errAng=1.032e-03, True_errV=1.824e-05
[sample 005] iter 12: max_mismatchPQ=2.775e-04, NN_max_dAng=1.346e-04, NN_max_dV=2.027e-06  True_errAng=8.974e-04, True_errV=1.621e-05
[sample 005] iter 13: max_mismatchPQ=2.434e-04, NN_max_dAng=1.122e-04, NN_max_dV=1.734e-06  True_errAng=7.853e-04, True_errV=1.448e-05
[sample 005] iter 14: max_mismatchPQ=2.151e-04, NN_max_dAng=9.420e-05, NN_max_dV=1.329e-06  True_errAng=6.910e-04, True_errV=1.335e-05
[sample 005] iter 15: max_mismatchPQ=1.924e-04, NN_max_dAng=7.918e-05, NN_max_dV=1.228e-06  True_errAng=6.119e-04, True_errV=1.281e-05
[sample 005] iter 16: max_mismatchPQ=1.726e-04, NN_max_dAng=6.699e-05, NN_max_dV=8.710e-07  True_errAng=5.449e-04, True_errV=1.258e-05
[sample 005] iter 17: max_mismatchPQ=1.557e-04, NN_max_dAng=5.675e-05, NN_max_dV=9.376e-07  True_errAng=4.881e-04, True_errV=1.192e-05
[sample 005] iter 18: max_mismatchPQ=1.416e-04, NN_max_dAng=4.823e-05, NN_max_dV=6.465e-07  True_errAng=4.399e-04, True_errV=1.186e-05
[sample 005] iter 19: max_mismatchPQ=1.302e-04, NN_max_dAng=4.080e-05, NN_max_dV=5.908e-07  True_errAng=3.991e-04, True_errV=1.127e-05
[sample 005] iter 20: max_mismatchPQ=1.187e-04, NN_max_dAng=3.471e-05, NN_max_dV=6.385e-07  True_errAng=3.644e-04, True_errV=1.115e-05
[sample 005] >>> stop_reason=max_blocks, used_iter=20, max_PQ_mismatch=1.187e-04
[1;32m===== Test Sample Heatmap Cell: X=(-2.00,-1.80), PQ=(-2.00,-1.80), x_signed=-1.992087, pq_signed=-1.918192, valid_label=1 =====[0m
---- Error Metrics (Best State) ----
Angel_MAX   : 3.643632e-04
Voltage_MAX : 1.114607e-05
P_MAX       : 1.187308e-04
Q_MAX       : 8.332729e-05
P_MAE       : 3.483812e-05
Q_MAE       : 2.632047e-05
P_MSE       : 1.920823e-09
Q_MSE       : 1.006682e-09
P_RMSE      : 4.382719e-05
Q_RMSE      : 3.172825e-05

[sample 006] iter 00: max_mismatchPQ=1.793e+01, NN_max_dAng=0.000e+00, NN_max_dV=0.000e+00  True_errAng=9.025e-02, True_errV=1.796e-01
[sample 006] iter 01: max_mismatchPQ=2.712e-01, NN_max_dAng=9.047e-02, NN_max_dV=1.781e-01  True_errAng=5.970e-02, True_errV=6.545e-03
[sample 006] iter 02: max_mismatchPQ=9.194e-03, NN_max_dAng=4.347e-02, NN_max_dV=6.548e-03  True_errAng=1.623e-02, True_errV=1.314e-04
[sample 006] iter 03: max_mismatchPQ=3.814e-03, NN_max_dAng=7.103e-03, NN_max_dV=6.589e-05  True_errAng=1.028e-02, True_errV=9.584e-05
[sample 006] iter 04: max_mismatchPQ=2.493e-03, NN_max_dAng=3.210e-03, NN_max_dV=3.983e-05  True_errAng=7.070e-03, True_errV=5.770e-05
[sample 006] iter 05: max_mismatchPQ=1.679e-03, NN_max_dAng=2.318e-03, NN_max_dV=2.015e-05  True_errAng=4.752e-03, True_errV=4.244e-05
[sample 006] iter 06: max_mismatchPQ=1.142e-03, NN_max_dAng=1.565e-03, NN_max_dV=1.249e-05  True_errAng=3.187e-03, True_errV=3.147e-05
[sample 006] iter 07: max_mismatchPQ=7.799e-04, NN_max_dAng=1.053e-03, NN_max_dV=8.286e-06  True_errAng=2.133e-03, True_errV=2.354e-05
[sample 006] iter 08: max_mismatchPQ=5.377e-04, NN_max_dAng=7.095e-04, NN_max_dV=5.900e-06  True_errAng=1.424e-03, True_errV=1.776e-05
[sample 006] iter 09: max_mismatchPQ=3.747e-04, NN_max_dAng=4.770e-04, NN_max_dV=4.460e-06  True_errAng=9.469e-04, True_errV=1.353e-05
[sample 006] iter 10: max_mismatchPQ=2.636e-04, NN_max_dAng=3.197e-04, NN_max_dV=3.448e-06  True_errAng=6.272e-04, True_errV=1.007e-05
[sample 006] iter 11: max_mismatchPQ=1.902e-04, NN_max_dAng=2.133e-04, NN_max_dV=2.701e-06  True_errAng=4.654e-04, True_errV=7.510e-06
[sample 006] iter 12: max_mismatchPQ=1.391e-04, NN_max_dAng=1.416e-04, NN_max_dV=2.111e-06  True_errAng=3.628e-04, True_errV=5.603e-06
[sample 006] iter 13: max_mismatchPQ=1.072e-04, NN_max_dAng=9.319e-05, NN_max_dV=1.490e-06  True_errAng=2.791e-04, True_errV=5.603e-06
[sample 006] iter 14: max_mismatchPQ=8.678e-05, NN_max_dAng=6.862e-05, NN_max_dV=1.473e-06  True_errAng=2.105e-04, True_errV=5.901e-06
[sample 006] >>> stop_reason=converged, used_iter=14, max_PQ_mismatch=8.678e-05
[1;32m===== Test Sample Heatmap Cell: X=(-2.00,-1.80), PQ=(-2.00,-1.80), x_signed=-1.807342, pq_signed=-1.840335, valid_label=1 =====[0m
---- Error Metrics (Best State) ----
Angel_MAX   : 2.105087e-04
Voltage_MAX : 5.900860e-06
P_MAX       : 8.678436e-05
Q_MAX       : 7.259846e-05
P_MAE       : 3.000445e-05
Q_MAE       : 2.334626e-05
P_MSE       : 1.288982e-09
Q_MSE       : 8.841984e-10
P_RMSE      : 3.590239e-05
Q_RMSE      : 2.973547e-05

[sample 007] iter 00: max_mismatchPQ=3.848e+01, NN_max_dAng=0.000e+00, NN_max_dV=0.000e+00  True_errAng=1.915e-01, True_errV=9.468e-02
[sample 007] iter 01: max_mismatchPQ=4.848e-01, NN_max_dAng=1.425e-01, NN_max_dV=9.347e-02  True_errAng=8.877e-02, True_errV=1.539e-02
[sample 007] iter 02: max_mismatchPQ=2.082e-02, NN_max_dAng=8.002e-02, NN_max_dV=1.534e-02  True_errAng=1.836e-02, True_errV=4.056e-04
[sample 007] iter 03: max_mismatchPQ=3.503e-03, NN_max_dAng=1.111e-02, NN_max_dV=3.558e-04  True_errAng=7.491e-03, True_errV=1.240e-04
[sample 007] iter 04: max_mismatchPQ=1.687e-03, NN_max_dAng=1.867e-03, NN_max_dV=8.954e-05  True_errAng=6.304e-03, True_errV=9.525e-05
[sample 007] iter 05: max_mismatchPQ=1.447e-03, NN_max_dAng=1.123e-03, NN_max_dV=1.545e-05  True_errAng=5.420e-03, True_errV=7.987e-05
[sample 007] iter 06: max_mismatchPQ=1.263e-03, NN_max_dAng=7.747e-04, NN_max_dV=1.166e-05  True_errAng=4.669e-03, True_errV=6.819e-05
[sample 007] iter 07: max_mismatchPQ=1.103e-03, NN_max_dAng=6.377e-04, NN_max_dV=8.949e-06  True_errAng=4.031e-03, True_errV=5.919e-05
[sample 007] iter 08: max_mismatchPQ=9.634e-04, NN_max_dAng=5.460e-04, NN_max_dV=7.766e-06  True_errAng=3.485e-03, True_errV=5.144e-05
[sample 007] iter 09: max_mismatchPQ=8.383e-04, NN_max_dAng=4.701e-04, NN_max_dV=6.503e-06  True_errAng=3.015e-03, True_errV=4.494e-05
[sample 007] iter 10: max_mismatchPQ=7.329e-04, NN_max_dAng=4.055e-04, NN_max_dV=5.587e-06  True_errAng=2.609e-03, True_errV=3.940e-05
[sample 007] iter 11: max_mismatchPQ=6.380e-04, NN_max_dAng=3.494e-04, NN_max_dV=5.001e-06  True_errAng=2.260e-03, True_errV=3.439e-05
[sample 007] iter 12: max_mismatchPQ=5.553e-04, NN_max_dAng=3.009e-04, NN_max_dV=4.171e-06  True_errAng=1.959e-03, True_errV=3.022e-05
[sample 007] iter 13: max_mismatchPQ=4.857e-04, NN_max_dAng=2.589e-04, NN_max_dV=3.537e-06  True_errAng=1.700e-03, True_errV=2.670e-05
[sample 007] iter 14: max_mismatchPQ=4.232e-04, NN_max_dAng=2.224e-04, NN_max_dV=3.336e-06  True_errAng=1.478e-03, True_errV=2.342e-05
[sample 007] iter 15: max_mismatchPQ=3.715e-04, NN_max_dAng=1.908e-04, NN_max_dV=2.631e-06  True_errAng=1.287e-03, True_errV=2.074e-05
[sample 007] iter 16: max_mismatchPQ=3.257e-04, NN_max_dAng=1.637e-04, NN_max_dV=2.397e-06  True_errAng=1.123e-03, True_errV=1.842e-05
[sample 007] iter 17: max_mismatchPQ=2.859e-04, NN_max_dAng=1.402e-04, NN_max_dV=2.044e-06  True_errAng=9.830e-04, True_errV=1.639e-05
[sample 007] iter 18: max_mismatchPQ=2.501e-04, NN_max_dAng=1.201e-04, NN_max_dV=1.716e-06  True_errAng=8.629e-04, True_errV=1.466e-05
[sample 007] iter 19: max_mismatchPQ=2.239e-04, NN_max_dAng=1.029e-04, NN_max_dV=1.477e-06  True_errAng=7.600e-04, True_errV=1.323e-05
[sample 007] iter 20: max_mismatchPQ=1.993e-04, NN_max_dAng=8.803e-05, NN_max_dV=1.380e-06  True_errAng=6.720e-04, True_errV=1.186e-05
[sample 007] >>> stop_reason=max_blocks, used_iter=20, max_PQ_mismatch=1.993e-04
[1;32m===== Test Sample Heatmap Cell: X=(-2.00,-1.80), PQ=(-2.00,-1.80), x_signed=-1.915674, pq_signed=-1.907213, valid_label=1 =====[0m
---- Error Metrics (Best State) ----
Angel_MAX   : 6.719828e-04
Voltage_MAX : 1.186132e-05
P_MAX       : 1.993303e-04
Q_MAX       : 1.246929e-04
P_MAE       : 6.114651e-05
Q_MAE       : 2.378548e-05
P_MSE       : 6.078787e-09
Q_MSE       : 9.901699e-10
P_RMSE      : 7.796657e-05
Q_RMSE      : 3.146697e-05

[sample 008] iter 00: max_mismatchPQ=3.651e+01, NN_max_dAng=0.000e+00, NN_max_dV=0.000e+00  True_errAng=1.826e-01, True_errV=9.004e-02
[sample 008] iter 01: max_mismatchPQ=3.735e-01, NN_max_dAng=1.315e-01, NN_max_dV=9.251e-02  True_errAng=5.109e-02, True_errV=9.610e-03
[sample 008] iter 02: max_mismatchPQ=1.784e-02, NN_max_dAng=4.269e-02, NN_max_dV=9.584e-03  True_errAng=9.669e-03, True_errV=2.709e-04
[sample 008] iter 03: max_mismatchPQ=2.173e-03, NN_max_dAng=8.790e-03, NN_max_dV=2.419e-04  True_errAng=6.431e-03, True_errV=6.390e-05
[sample 008] iter 04: max_mismatchPQ=1.440e-03, NN_max_dAng=2.144e-03, NN_max_dV=6.555e-05  True_errAng=4.287e-03, True_errV=4.208e-05
[sample 008] iter 05: max_mismatchPQ=9.738e-04, NN_max_dAng=1.389e-03, NN_max_dV=1.367e-05  True_errAng=2.898e-03, True_errV=2.837e-05
[sample 008] iter 06: max_mismatchPQ=6.672e-04, NN_max_dAng=9.349e-04, NN_max_dV=8.981e-06  True_errAng=1.963e-03, True_errV=1.937e-05
[sample 008] iter 07: max_mismatchPQ=4.617e-04, NN_max_dAng=6.338e-04, NN_max_dV=6.179e-06  True_errAng=1.329e-03, True_errV=1.359e-05
[sample 008] iter 08: max_mismatchPQ=3.206e-04, NN_max_dAng=4.313e-04, NN_max_dV=3.807e-06  True_errAng=8.978e-04, True_errV=9.716e-06
[sample 008] iter 09: max_mismatchPQ=2.252e-04, NN_max_dAng=2.934e-04, NN_max_dV=2.817e-06  True_errAng=6.044e-04, True_errV=7.510e-06
[sample 008] iter 10: max_mismatchPQ=1.603e-04, NN_max_dAng=2.001e-04, NN_max_dV=1.909e-06  True_errAng=4.046e-04, True_errV=6.855e-06
[sample 008] iter 11: max_mismatchPQ=1.155e-04, NN_max_dAng=1.363e-04, NN_max_dV=1.277e-06  True_errAng=2.685e-04, True_errV=6.437e-06
[sample 008] iter 12: max_mismatchPQ=8.887e-05, NN_max_dAng=9.302e-05, NN_max_dV=9.373e-07  True_errAng=1.757e-04, True_errV=6.199e-06
[sample 008] >>> stop_reason=converged, used_iter=12, max_PQ_mismatch=8.887e-05
[1;32m===== Test Sample Heatmap Cell: X=(-2.00,-1.80), PQ=(-2.00,-1.80), x_signed=-1.827102, pq_signed=-1.975292, valid_label=1 =====[0m
---- Error Metrics (Best State) ----
Angel_MAX   : 1.756847e-04
Voltage_MAX : 6.198883e-06
P_MAX       : 8.887053e-05
Q_MAX       : 7.178076e-05
P_MAE       : 2.936376e-05
Q_MAE       : 2.483393e-05
P_MSE       : 1.357114e-09
Q_MSE       : 1.021447e-09
P_RMSE      : 3.683902e-05
Q_RMSE      : 3.196009e-05

[sample 009] iter 00: max_mismatchPQ=5.559e+01, NN_max_dAng=0.000e+00, NN_max_dV=0.000e+00  True_errAng=1.938e-01, True_errV=9.620e-02
[sample 009] iter 01: max_mismatchPQ=1.278e+00, NN_max_dAng=1.406e-01, NN_max_dV=9.669e-02  True_errAng=5.321e-02, True_errV=1.204e-02
[sample 009] iter 02: max_mismatchPQ=2.205e-02, NN_max_dAng=4.275e-02, NN_max_dV=1.203e-02  True_errAng=1.046e-02, True_errV=2.280e-04
[sample 009] iter 03: max_mismatchPQ=3.524e-03, NN_max_dAng=6.143e-03, NN_max_dV=1.417e-04  True_errAng=6.913e-03, True_errV=1.221e-04
[sample 009] iter 04: max_mismatchPQ=1.935e-03, NN_max_dAng=2.499e-03, NN_max_dV=4.777e-05  True_errAng=6.168e-03, True_errV=9.853e-05
[sample 009] iter 05: max_mismatchPQ=1.593e-03, NN_max_dAng=1.141e-03, NN_max_dV=2.596e-05  True_errAng=5.434e-03, True_errV=7.957e-05
[sample 009] iter 06: max_mismatchPQ=1.358e-03, NN_max_dAng=7.193e-04, NN_max_dV=1.371e-05  True_errAng=4.714e-03, True_errV=6.580e-05
[sample 009] iter 07: max_mismatchPQ=1.167e-03, NN_max_dAng=6.514e-04, NN_max_dV=1.051e-05  True_errAng=4.063e-03, True_errV=5.573e-05
[sample 009] iter 08: max_mismatchPQ=1.005e-03, NN_max_dAng=5.692e-04, NN_max_dV=8.188e-06  True_errAng=3.494e-03, True_errV=4.840e-05
[sample 009] iter 09: max_mismatchPQ=8.652e-04, NN_max_dAng=4.895e-04, NN_max_dV=6.786e-06  True_errAng=3.004e-03, True_errV=4.208e-05
[sample 009] iter 10: max_mismatchPQ=7.467e-04, NN_max_dAng=4.182e-04, NN_max_dV=5.786e-06  True_errAng=2.586e-03, True_errV=3.636e-05
[sample 009] iter 11: max_mismatchPQ=6.435e-04, NN_max_dAng=3.565e-04, NN_max_dV=4.814e-06  True_errAng=2.229e-03, True_errV=3.165e-05
[sample 009] iter 12: max_mismatchPQ=5.572e-04, NN_max_dAng=3.035e-04, NN_max_dV=3.990e-06  True_errAng=1.926e-03, True_errV=2.766e-05
[sample 009] iter 13: max_mismatchPQ=4.859e-04, NN_max_dAng=2.588e-04, NN_max_dV=3.439e-06  True_errAng=1.667e-03, True_errV=2.420e-05
[sample 009] iter 14: max_mismatchPQ=4.241e-04, NN_max_dAng=2.205e-04, NN_max_dV=2.970e-06  True_errAng=1.447e-03, True_errV=2.134e-05
[sample 009] iter 15: max_mismatchPQ=3.696e-04, NN_max_dAng=1.882e-04, NN_max_dV=2.563e-06  True_errAng=1.258e-03, True_errV=1.878e-05
[sample 009] iter 16: max_mismatchPQ=3.247e-04, NN_max_dAng=1.606e-04, NN_max_dV=2.090e-06  True_errAng=1.098e-03, True_errV=1.669e-05
[sample 009] iter 17: max_mismatchPQ=2.859e-04, NN_max_dAng=1.371e-04, NN_max_dV=1.836e-06  True_errAng=9.607e-04, True_errV=1.484e-05
[sample 009] iter 18: max_mismatchPQ=2.546e-04, NN_max_dAng=1.172e-04, NN_max_dV=1.487e-06  True_errAng=8.435e-04, True_errV=1.335e-05
[sample 009] iter 19: max_mismatchPQ=2.236e-04, NN_max_dAng=9.988e-05, NN_max_dV=1.280e-06  True_errAng=7.436e-04, True_errV=1.246e-05
[sample 009] iter 20: max_mismatchPQ=2.029e-04, NN_max_dAng=8.541e-05, NN_max_dV=1.136e-06  True_errAng=6.582e-04, True_errV=1.180e-05
[sample 009] >>> stop_reason=max_blocks, used_iter=20, max_PQ_mismatch=2.029e-04
[1;32m===== Test Sample Heatmap Cell: X=(-2.00,-1.80), PQ=(-2.00,-1.80), x_signed=-1.938814, pq_signed=-1.887146, valid_label=1 =====[0m
---- Error Metrics (Best State) ----
Angel_MAX   : 6.581545e-04
Voltage_MAX : 1.180172e-05
P_MAX       : 2.029042e-04
Q_MAX       : 7.593632e-05
P_MAE       : 5.857502e-05
Q_MAE       : 2.232999e-05
P_MSE       : 5.718712e-09
Q_MSE       : 7.648047e-10
P_RMSE      : 7.562216e-05
Q_RMSE      : 2.765510e-05

[sample 010] iter 00: max_mismatchPQ=2.465e+01, NN_max_dAng=0.000e+00, NN_max_dV=0.000e+00  True_errAng=1.899e-01, True_errV=9.397e-02
[sample 010] iter 01: max_mismatchPQ=6.547e-01, NN_max_dAng=1.425e-01, NN_max_dV=9.333e-02  True_errAng=5.043e-02, True_errV=1.729e-02
[sample 010] iter 02: max_mismatchPQ=2.231e-02, NN_max_dAng=3.632e-02, NN_max_dV=1.721e-02  True_errAng=1.583e-02, True_errV=4.578e-04
[sample 010] iter 03: max_mismatchPQ=5.576e-03, NN_max_dAng=9.882e-03, NN_max_dV=3.240e-04  True_errAng=5.945e-03, True_errV=1.753e-04
[sample 010] iter 04: max_mismatchPQ=2.292e-03, NN_max_dAng=3.850e-03, NN_max_dV=8.205e-05  True_errAng=2.667e-03, True_errV=9.328e-05
[sample 010] iter 05: max_mismatchPQ=9.201e-04, NN_max_dAng=1.565e-03, NN_max_dV=4.593e-05  True_errAng=1.909e-03, True_errV=5.215e-05
[sample 010] iter 06: max_mismatchPQ=4.330e-04, NN_max_dAng=5.830e-04, NN_max_dV=2.076e-05  True_errAng=1.487e-03, True_errV=3.397e-05
[sample 010] iter 07: max_mismatchPQ=3.310e-04, NN_max_dAng=3.056e-04, NN_max_dV=9.255e-06  True_errAng=1.212e-03, True_errV=2.837e-05
[sample 010] iter 08: max_mismatchPQ=2.709e-04, NN_max_dAng=2.030e-04, NN_max_dV=5.549e-06  True_errAng=1.009e-03, True_errV=2.396e-05
[sample 010] iter 09: max_mismatchPQ=2.299e-04, NN_max_dAng=1.625e-04, NN_max_dV=3.598e-06  True_errAng=8.466e-04, True_errV=2.033e-05
[sample 010] iter 10: max_mismatchPQ=1.955e-04, NN_max_dAng=1.364e-04, NN_max_dV=3.121e-06  True_errAng=7.101e-04, True_errV=1.717e-05
[sample 010] iter 11: max_mismatchPQ=1.612e-04, NN_max_dAng=1.166e-04, NN_max_dV=2.564e-06  True_errAng=5.935e-04, True_errV=1.454e-05
[sample 010] iter 12: max_mismatchPQ=1.402e-04, NN_max_dAng=1.002e-04, NN_max_dV=2.435e-06  True_errAng=4.933e-04, True_errV=1.210e-05
[sample 010] iter 13: max_mismatchPQ=1.224e-04, NN_max_dAng=8.669e-05, NN_max_dV=1.973e-06  True_errAng=4.066e-04, True_errV=1.013e-05
[sample 010] iter 14: max_mismatchPQ=9.727e-05, NN_max_dAng=7.498e-05, NN_max_dV=1.953e-06  True_errAng=3.316e-04, True_errV=8.166e-06
[sample 010] >>> stop_reason=converged, used_iter=14, max_PQ_mismatch=9.727e-05
[1;32m===== Test Sample Heatmap Cell: X=(-2.00,-1.80), PQ=(-2.00,-1.80), x_signed=-1.900265, pq_signed=-1.917149, valid_label=1 =====[0m
---- Error Metrics (Best State) ----
Angel_MAX   : 3.316328e-04
Voltage_MAX : 8.165836e-06
P_MAX       : 9.727478e-05
Q_MAX       : 7.969141e-05
P_MAE       : 3.290900e-05
Q_MAE       : 2.250458e-05
P_MSE       : 1.703721e-09
Q_MSE       : 8.280927e-10
P_RMSE      : 4.127615e-05
Q_RMSE      : 2.877660e-05

[sample 011] iter 00: max_mismatchPQ=5.490e+01, NN_max_dAng=0.000e+00, NN_max_dV=0.000e+00  True_errAng=1.828e-01, True_errV=9.007e-02
[sample 011] iter 01: max_mismatchPQ=1.280e+00, NN_max_dAng=1.467e-01, NN_max_dV=8.479e-02  True_errAng=3.603e-02, True_errV=1.023e-02
[sample 011] iter 02: max_mismatchPQ=1.353e-02, NN_max_dAng=2.616e-02, NN_max_dV=1.022e-02  True_errAng=1.442e-02, True_errV=2.331e-04
[sample 011] iter 03: max_mismatchPQ=4.869e-03, NN_max_dAng=6.505e-03, NN_max_dV=1.253e-04  True_errAng=7.910e-03, True_errV=1.409e-04
[sample 011] iter 04: max_mismatchPQ=2.428e-03, NN_max_dAng=3.523e-03, NN_max_dV=6.520e-05  True_errAng=4.740e-03, True_errV=8.190e-05
[sample 011] iter 05: max_mismatchPQ=1.303e-03, NN_max_dAng=1.657e-03, NN_max_dV=3.724e-05  True_errAng=4.452e-03, True_errV=6.831e-05
[sample 011] iter 06: max_mismatchPQ=1.118e-03, NN_max_dAng=8.242e-04, NN_max_dV=1.712e-05  True_errAng=4.009e-03, True_errV=5.877e-05
[sample 011] iter 07: max_mismatchPQ=9.643e-04, NN_max_dAng=5.205e-04, NN_max_dV=8.549e-06  True_errAng=3.542e-03, True_errV=5.102e-05
[sample 011] iter 08: max_mismatchPQ=8.471e-04, NN_max_dAng=4.415e-04, NN_max_dV=6.502e-06  True_errAng=3.100e-03, True_errV=4.452e-05
[sample 011] iter 09: max_mismatchPQ=7.441e-04, NN_max_dAng=3.980e-04, NN_max_dV=5.557e-06  True_errAng=2.702e-03, True_errV=3.898e-05
[sample 011] iter 10: max_mismatchPQ=6.528e-04, NN_max_dAng=3.514e-04, NN_max_dV=4.969e-06  True_errAng=2.351e-03, True_errV=3.403e-05
[sample 011] iter 11: max_mismatchPQ=5.720e-04, NN_max_dAng=3.065e-04, NN_max_dV=4.260e-06  True_errAng=2.044e-03, True_errV=2.980e-05
[sample 011] iter 12: max_mismatchPQ=5.009e-04, NN_max_dAng=2.655e-04, NN_max_dV=3.701e-06  True_errAng=1.779e-03, True_errV=2.623e-05
[sample 011] iter 13: max_mismatchPQ=4.399e-04, NN_max_dAng=2.295e-04, NN_max_dV=3.420e-06  True_errAng=1.549e-03, True_errV=2.289e-05
[sample 011] iter 14: max_mismatchPQ=3.865e-04, NN_max_dAng=1.977e-04, NN_max_dV=2.776e-06  True_errAng=1.352e-03, True_errV=2.027e-05
[sample 011] iter 15: max_mismatchPQ=3.388e-04, NN_max_dAng=1.700e-04, NN_max_dV=2.394e-06  True_errAng=1.182e-03, True_errV=1.788e-05
[sample 011] iter 16: max_mismatchPQ=2.978e-04, NN_max_dAng=1.460e-04, NN_max_dV=2.153e-06  True_errAng=1.036e-03, True_errV=1.585e-05
[sample 011] iter 17: max_mismatchPQ=2.649e-04, NN_max_dAng=1.254e-04, NN_max_dV=1.770e-06  True_errAng=9.104e-04, True_errV=1.478e-05
[sample 011] iter 18: max_mismatchPQ=2.339e-04, NN_max_dAng=1.075e-04, NN_max_dV=1.560e-06  True_errAng=8.029e-04, True_errV=1.413e-05
[sample 011] iter 19: max_mismatchPQ=2.081e-04, NN_max_dAng=9.229e-05, NN_max_dV=1.326e-06  True_errAng=7.106e-04, True_errV=1.353e-05
[sample 011] iter 20: max_mismatchPQ=1.879e-04, NN_max_dAng=7.893e-05, NN_max_dV=1.149e-06  True_errAng=6.317e-04, True_errV=1.287e-05
[sample 011] >>> stop_reason=max_blocks, used_iter=20, max_PQ_mismatch=1.879e-04
[1;32m===== Test Sample Heatmap Cell: X=(-2.00,-1.80), PQ=(-1.80,-1.60), x_signed=-1.828590, pq_signed=-1.611046, valid_label=1 =====[0m
---- Error Metrics (Best State) ----
Angel_MAX   : 6.316900e-04
Voltage_MAX : 1.287460e-05
P_MAX       : 1.878685e-04
Q_MAX       : 1.163632e-04
P_MAE       : 5.613322e-05
Q_MAE       : 2.468951e-05
P_MSE       : 5.313241e-09
Q_MSE       : 1.020817e-09
P_RMSE      : 7.289198e-05
Q_RMSE      : 3.195023e-05

[sample 012] iter 00: max_mismatchPQ=3.925e+01, NN_max_dAng=0.000e+00, NN_max_dV=0.000e+00  True_errAng=1.953e-01, True_errV=9.449e-02
[sample 012] iter 01: max_mismatchPQ=6.036e-01, NN_max_dAng=1.327e-01, NN_max_dV=9.498e-02  True_errAng=6.264e-02, True_errV=1.930e-02
[sample 012] iter 02: max_mismatchPQ=2.800e-02, NN_max_dAng=4.313e-02, NN_max_dV=1.914e-02  True_errAng=2.169e-02, True_errV=3.437e-04
[sample 012] iter 03: max_mismatchPQ=4.160e-03, NN_max_dAng=1.285e-02, NN_max_dV=2.851e-04  True_errAng=9.135e-03, True_errV=1.898e-04
[sample 012] iter 04: max_mismatchPQ=2.105e-03, NN_max_dAng=2.198e-03, NN_max_dV=1.098e-04  True_errAng=7.791e-03, True_errV=1.453e-04
[sample 012] iter 05: max_mismatchPQ=1.782e-03, NN_max_dAng=1.127e-03, NN_max_dV=2.451e-05  True_errAng=6.689e-03, True_errV=1.208e-04
[sample 012] iter 06: max_mismatchPQ=1.524e-03, NN_max_dAng=9.277e-04, NN_max_dV=1.797e-05  True_errAng=5.761e-03, True_errV=1.046e-04
[sample 012] iter 07: max_mismatchPQ=1.322e-03, NN_max_dAng=7.825e-04, NN_max_dV=1.387e-05  True_errAng=4.979e-03, True_errV=9.143e-05
[sample 012] iter 08: max_mismatchPQ=1.140e-03, NN_max_dAng=6.680e-04, NN_max_dV=1.182e-05  True_errAng=4.311e-03, True_errV=7.969e-05
[sample 012] iter 09: max_mismatchPQ=9.881e-04, NN_max_dAng=5.745e-04, NN_max_dV=1.034e-05  True_errAng=3.736e-03, True_errV=6.932e-05
[sample 012] iter 10: max_mismatchPQ=8.584e-04, NN_max_dAng=4.959e-04, NN_max_dV=8.996e-06  True_errAng=3.240e-03, True_errV=6.032e-05
[sample 012] iter 11: max_mismatchPQ=7.449e-04, NN_max_dAng=4.281e-04, NN_max_dV=7.860e-06  True_errAng=2.812e-03, True_errV=5.251e-05
[sample 012] iter 12: max_mismatchPQ=6.510e-04, NN_max_dAng=3.699e-04, NN_max_dV=6.845e-06  True_errAng=2.442e-03, True_errV=4.637e-05
[sample 012] iter 13: max_mismatchPQ=5.687e-04, NN_max_dAng=3.192e-04, NN_max_dV=5.825e-06  True_errAng=2.123e-03, True_errV=4.125e-05
[sample 012] iter 14: max_mismatchPQ=4.991e-04, NN_max_dAng=2.753e-04, NN_max_dV=5.096e-06  True_errAng=1.848e-03, True_errV=3.636e-05
[sample 012] iter 15: max_mismatchPQ=4.381e-04, NN_max_dAng=2.376e-04, NN_max_dV=4.323e-06  True_errAng=1.610e-03, True_errV=3.242e-05
[sample 012] iter 16: max_mismatchPQ=3.854e-04, NN_max_dAng=2.048e-04, NN_max_dV=3.867e-06  True_errAng=1.405e-03, True_errV=2.897e-05
[sample 012] iter 17: max_mismatchPQ=3.399e-04, NN_max_dAng=1.766e-04, NN_max_dV=3.155e-06  True_errAng=1.229e-03, True_errV=2.593e-05
[sample 012] iter 18: max_mismatchPQ=3.038e-04, NN_max_dAng=1.520e-04, NN_max_dV=2.917e-06  True_errAng=1.077e-03, True_errV=2.348e-05
[sample 012] iter 19: max_mismatchPQ=2.776e-04, NN_max_dAng=1.310e-04, NN_max_dV=2.468e-06  True_errAng=9.456e-04, True_errV=2.128e-05
[sample 012] iter 20: max_mismatchPQ=2.518e-04, NN_max_dAng=1.128e-04, NN_max_dV=2.202e-06  True_errAng=8.329e-04, True_errV=1.925e-05
[sample 012] >>> stop_reason=max_blocks, used_iter=20, max_PQ_mismatch=2.518e-04
[1;32m===== Test Sample Heatmap Cell: X=(-2.00,-1.80), PQ=(-1.80,-1.60), x_signed=-1.954072, pq_signed=-1.794095, valid_label=1 =====[0m
---- Error Metrics (Best State) ----
Angel_MAX   : 8.329004e-04
Voltage_MAX : 1.925230e-05
P_MAX       : 2.518296e-04
Q_MAX       : 1.022667e-04
P_MAE       : 7.459583e-05
Q_MAE       : 3.042938e-05
P_MSE       : 9.127437e-09
Q_MSE       : 1.597224e-09
P_RMSE      : 9.553762e-05
Q_RMSE      : 3.996529e-05

[sample 013] iter 00: max_mismatchPQ=2.564e+01, NN_max_dAng=0.000e+00, NN_max_dV=0.000e+00  True_errAng=1.976e-01, True_errV=9.359e-02
[sample 013] iter 01: max_mismatchPQ=5.497e-01, NN_max_dAng=1.238e-01, NN_max_dV=9.182e-02  True_errAng=7.373e-02, True_errV=7.095e-03
[sample 013] iter 02: max_mismatchPQ=2.471e-02, NN_max_dAng=6.660e-02, NN_max_dV=6.984e-03  True_errAng=2.178e-02, True_errV=4.432e-04
[sample 013] iter 03: max_mismatchPQ=8.152e-03, NN_max_dAng=1.077e-02, NN_max_dV=3.237e-04  True_errAng=1.101e-02, True_errV=2.264e-04
[sample 013] iter 04: max_mismatchPQ=3.584e-03, NN_max_dAng=5.266e-03, NN_max_dV=1.011e-04  True_errAng=5.746e-03, True_errV=1.253e-04
[sample 013] iter 05: max_mismatchPQ=1.751e-03, NN_max_dAng=2.452e-03, NN_max_dV=5.065e-05  True_errAng=4.137e-03, True_errV=7.582e-05
[sample 013] iter 06: max_mismatchPQ=1.105e-03, NN_max_dAng=1.161e-03, NN_max_dV=2.691e-05  True_errAng=3.835e-03, True_errV=5.937e-05
[sample 013] iter 07: max_mismatchPQ=9.534e-04, NN_max_dAng=5.906e-04, NN_max_dV=1.331e-05  True_errAng=3.433e-03, True_errV=5.257e-05
[sample 013] iter 08: max_mismatchPQ=8.281e-04, NN_max_dAng=4.061e-04, NN_max_dV=7.677e-06  True_errAng=3.027e-03, True_errV=4.864e-05
[sample 013] iter 09: max_mismatchPQ=7.197e-04, NN_max_dAng=3.766e-04, NN_max_dV=5.724e-06  True_errAng=2.650e-03, True_errV=4.381e-05
[sample 013] iter 10: max_mismatchPQ=6.297e-04, NN_max_dAng=3.370e-04, NN_max_dV=4.899e-06  True_errAng=2.313e-03, True_errV=3.904e-05
[sample 013] iter 11: max_mismatchPQ=5.504e-04, NN_max_dAng=2.962e-04, NN_max_dV=4.264e-06  True_errAng=2.017e-03, True_errV=3.475e-05
[sample 013] iter 12: max_mismatchPQ=4.835e-04, NN_max_dAng=2.582e-04, NN_max_dV=3.926e-06  True_errAng=1.759e-03, True_errV=3.088e-05
[sample 013] iter 13: max_mismatchPQ=4.229e-04, NN_max_dAng=2.239e-04, NN_max_dV=3.508e-06  True_errAng=1.535e-03, True_errV=2.742e-05
[sample 013] iter 14: max_mismatchPQ=3.752e-04, NN_max_dAng=1.935e-04, NN_max_dV=3.029e-06  True_errAng=1.341e-03, True_errV=2.438e-05
[sample 013] iter 15: max_mismatchPQ=3.292e-04, NN_max_dAng=1.669e-04, NN_max_dV=2.665e-06  True_errAng=1.175e-03, True_errV=2.176e-05
[sample 013] iter 16: max_mismatchPQ=2.915e-04, NN_max_dAng=1.438e-04, NN_max_dV=2.300e-06  True_errAng=1.031e-03, True_errV=1.943e-05
[sample 013] iter 17: max_mismatchPQ=2.579e-04, NN_max_dAng=1.237e-04, NN_max_dV=1.957e-06  True_errAng=9.070e-04, True_errV=1.746e-05
[sample 013] iter 18: max_mismatchPQ=2.288e-04, NN_max_dAng=1.065e-04, NN_max_dV=1.597e-06  True_errAng=8.005e-04, True_errV=1.585e-05
[sample 013] iter 19: max_mismatchPQ=2.059e-04, NN_max_dAng=9.140e-05, NN_max_dV=1.508e-06  True_errAng=7.091e-04, True_errV=1.436e-05
[sample 013] iter 20: max_mismatchPQ=1.840e-04, NN_max_dAng=7.852e-05, NN_max_dV=1.158e-06  True_errAng=6.306e-04, True_errV=1.317e-05
[sample 013] >>> stop_reason=max_blocks, used_iter=20, max_PQ_mismatch=1.840e-04
[1;32m===== Test Sample Heatmap Cell: X=(-2.00,-1.80), PQ=(-1.80,-1.60), x_signed=-1.976682, pq_signed=-1.665535, valid_label=1 =====[0m
---- Error Metrics (Best State) ----
Angel_MAX   : 6.306022e-04
Voltage_MAX : 1.317263e-05
P_MAX       : 1.839942e-04
Q_MAX       : 6.921031e-05
P_MAE       : 5.706849e-05
Q_MAE       : 2.017777e-05
P_MSE       : 5.213590e-09
Q_MSE       : 6.892230e-10
P_RMSE      : 7.220519e-05
Q_RMSE      : 2.625306e-05

[sample 014] iter 00: max_mismatchPQ=3.387e+01, NN_max_dAng=0.000e+00, NN_max_dV=0.000e+00  True_errAng=1.921e-01, True_errV=9.497e-02
[sample 014] iter 01: max_mismatchPQ=4.699e-01, NN_max_dAng=1.322e-01, NN_max_dV=9.634e-02  True_errAng=5.990e-02, True_errV=1.461e-02
[sample 014] iter 02: max_mismatchPQ=2.492e-02, NN_max_dAng=2.338e-02, NN_max_dV=1.468e-02  True_errAng=4.146e-02, True_errV=6.574e-04
[sample 014] iter 03: max_mismatchPQ=1.165e-02, NN_max_dAng=1.074e-02, NN_max_dV=2.025e-04  True_errAng=3.072e-02, True_errV=4.619e-04
[sample 014] iter 04: max_mismatchPQ=7.572e-03, NN_max_dAng=5.984e-03, NN_max_dV=9.764e-05  True_errAng=2.474e-02, True_errV=3.643e-04
[sample 014] iter 05: max_mismatchPQ=5.821e-03, NN_max_dAng=4.159e-03, NN_max_dV=6.943e-05  True_errAng=2.058e-02, True_errV=2.949e-04
[sample 014] iter 06: max_mismatchPQ=4.868e-03, NN_max_dAng=3.253e-03, NN_max_dV=5.191e-05  True_errAng=1.732e-02, True_errV=2.429e-04
[sample 014] iter 07: max_mismatchPQ=4.105e-03, NN_max_dAng=2.648e-03, NN_max_dV=4.003e-05  True_errAng=1.468e-02, True_errV=2.030e-04
[sample 014] iter 08: max_mismatchPQ=3.482e-03, NN_max_dAng=2.199e-03, NN_max_dV=3.207e-05  True_errAng=1.248e-02, True_errV=1.709e-04
[sample 014] iter 09: max_mismatchPQ=2.955e-03, NN_max_dAng=1.844e-03, NN_max_dV=2.601e-05  True_errAng=1.063e-02, True_errV=1.449e-04
[sample 014] iter 10: max_mismatchPQ=2.516e-03, NN_max_dAng=1.555e-03, NN_max_dV=2.165e-05  True_errAng=9.077e-03, True_errV=1.233e-04
[sample 014] iter 11: max_mismatchPQ=2.156e-03, NN_max_dAng=1.316e-03, NN_max_dV=1.802e-05  True_errAng=7.761e-03, True_errV=1.052e-04
[sample 014] iter 12: max_mismatchPQ=1.853e-03, NN_max_dAng=1.117e-03, NN_max_dV=1.516e-05  True_errAng=6.644e-03, True_errV=9.000e-05
[sample 014] iter 13: max_mismatchPQ=1.594e-03, NN_max_dAng=9.500e-04, NN_max_dV=1.295e-05  True_errAng=5.694e-03, True_errV=7.707e-05
[sample 014] iter 14: max_mismatchPQ=1.373e-03, NN_max_dAng=8.089e-04, NN_max_dV=1.084e-05  True_errAng=4.886e-03, True_errV=6.622e-05
[sample 014] iter 15: max_mismatchPQ=1.183e-03, NN_max_dAng=6.891e-04, NN_max_dV=9.086e-06  True_errAng=4.196e-03, True_errV=5.710e-05
[sample 014] iter 16: max_mismatchPQ=1.025e-03, NN_max_dAng=5.882e-04, NN_max_dV=7.841e-06  True_errAng=3.608e-03, True_errV=4.929e-05
[sample 014] iter 17: max_mismatchPQ=8.862e-04, NN_max_dAng=5.023e-04, NN_max_dV=6.727e-06  True_errAng=3.106e-03, True_errV=4.256e-05
[sample 014] iter 18: max_mismatchPQ=6.660e-04, NN_max_dAng=4.286e-04, NN_max_dV=5.611e-06  True_errAng=2.677e-03, True_errV=3.695e-05
[sample 014] iter 19: max_mismatchPQ=5.649e-04, NN_max_dAng=3.664e-04, NN_max_dV=4.990e-06  True_errAng=2.311e-03, True_errV=3.195e-05
[sample 014] iter 20: max_mismatchPQ=4.779e-04, NN_max_dAng=3.128e-04, NN_max_dV=4.075e-06  True_errAng=1.998e-03, True_errV=2.784e-05
[sample 014] >>> stop_reason=max_blocks, used_iter=20, max_PQ_mismatch=4.779e-04
[1;32m===== Test Sample Heatmap Cell: X=(-2.00,-1.80), PQ=(-1.80,-1.60), x_signed=-1.921419, pq_signed=-1.629775, valid_label=1 =====[0m
---- Error Metrics (Best State) ----
Angel_MAX   : 1.998097e-03
Voltage_MAX : 2.783537e-05
P_MAX       : 4.779052e-04
Q_MAX       : 1.409054e-04
P_MAE       : 1.774223e-04
Q_MAE       : 3.748541e-05
P_MSE       : 5.245476e-08
Q_MSE       : 2.670527e-09
P_RMSE      : 2.290300e-04
Q_RMSE      : 5.167715e-05

[sample 015] iter 00: max_mismatchPQ=2.451e+01, NN_max_dAng=0.000e+00, NN_max_dV=0.000e+00  True_errAng=9.306e-02, True_errV=1.856e-01
[sample 015] iter 01: max_mismatchPQ=1.866e-01, NN_max_dAng=9.666e-02, NN_max_dV=1.843e-01  True_errAng=2.745e-02, True_errV=4.397e-03
[sample 015] iter 02: max_mismatchPQ=4.123e-03, NN_max_dAng=1.790e-02, NN_max_dV=4.384e-03  True_errAng=9.680e-03, True_errV=2.057e-04
[sample 015] iter 03: max_mismatchPQ=2.527e-03, NN_max_dAng=3.414e-03, NN_max_dV=1.134e-04  True_errAng=7.171e-03, True_errV=9.251e-05
[sample 015] iter 04: max_mismatchPQ=1.743e-03, NN_max_dAng=2.243e-03, NN_max_dV=3.219e-05  True_errAng=4.928e-03, True_errV=6.294e-05
[sample 015] iter 05: max_mismatchPQ=1.193e-03, NN_max_dAng=1.601e-03, NN_max_dV=2.028e-05  True_errAng=3.327e-03, True_errV=4.292e-05
[sample 015] iter 06: max_mismatchPQ=8.107e-04, NN_max_dAng=1.103e-03, NN_max_dV=1.388e-05  True_errAng=2.225e-03, True_errV=3.332e-05
[sample 015] iter 07: max_mismatchPQ=5.513e-04, NN_max_dAng=7.503e-04, NN_max_dV=9.507e-06  True_errAng=1.474e-03, True_errV=2.605e-05
[sample 015] iter 08: max_mismatchPQ=3.763e-04, NN_max_dAng=5.059e-04, NN_max_dV=6.529e-06  True_errAng=1.078e-03, True_errV=2.038e-05
[sample 015] iter 09: max_mismatchPQ=2.670e-04, NN_max_dAng=3.378e-04, NN_max_dV=4.404e-06  True_errAng=8.705e-04, True_errV=1.597e-05
[sample 015] iter 10: max_mismatchPQ=2.136e-04, NN_max_dAng=2.241e-04, NN_max_dV=3.339e-06  True_errAng=7.043e-04, True_errV=1.264e-05
[sample 015] iter 11: max_mismatchPQ=1.716e-04, NN_max_dAng=1.475e-04, NN_max_dV=2.766e-06  True_errAng=5.693e-04, True_errV=9.775e-06
[sample 015] iter 12: max_mismatchPQ=1.363e-04, NN_max_dAng=1.111e-04, NN_max_dV=2.135e-06  True_errAng=4.581e-04, True_errV=7.629e-06
[sample 015] iter 13: max_mismatchPQ=1.105e-04, NN_max_dAng=9.201e-05, NN_max_dV=1.743e-06  True_errAng=3.661e-04, True_errV=5.901e-06
[sample 015] iter 14: max_mismatchPQ=9.254e-05, NN_max_dAng=7.689e-05, NN_max_dV=1.440e-06  True_errAng=2.892e-04, True_errV=4.888e-06
[sample 015] >>> stop_reason=converged, used_iter=14, max_PQ_mismatch=9.254e-05
[1;32m===== Test Sample Heatmap Cell: X=(-2.00,-1.80), PQ=(-1.80,-1.60), x_signed=-1.867541, pq_signed=-1.600936, valid_label=1 =====[0m
---- Error Metrics (Best State) ----
Angel_MAX   : 2.892017e-04
Voltage_MAX : 4.887581e-06
P_MAX       : 9.253621e-05
Q_MAX       : 8.963887e-05
P_MAE       : 3.371555e-05
Q_MAE       : 2.311278e-05
P_MSE       : 1.646222e-09
Q_MSE       : 9.626213e-10
P_RMSE      : 4.057366e-05
Q_RMSE      : 3.102614e-05

[sample 016] iter 00: max_mismatchPQ=3.002e+01, NN_max_dAng=0.000e+00, NN_max_dV=0.000e+00  True_errAng=1.866e-01, True_errV=9.042e-02
[sample 016] iter 01: max_mismatchPQ=1.713e+00, NN_max_dAng=1.535e-01, NN_max_dV=9.047e-02  True_errAng=3.313e-02, True_errV=1.359e-02
[sample 016] iter 02: max_mismatchPQ=1.267e-02, NN_max_dAng=2.716e-02, NN_max_dV=1.358e-02  True_errAng=1.173e-02, True_errV=1.582e-04
[sample 016] iter 03: max_mismatchPQ=2.849e-03, NN_max_dAng=4.506e-03, NN_max_dV=1.969e-04  True_errAng=7.895e-03, True_errV=8.845e-05
[sample 016] iter 04: max_mismatchPQ=1.923e-03, NN_max_dAng=2.492e-03, NN_max_dV=3.567e-05  True_errAng=5.597e-03, True_errV=5.281e-05
[sample 016] iter 05: max_mismatchPQ=1.308e-03, NN_max_dAng=1.762e-03, NN_max_dV=1.782e-05  True_errAng=3.834e-03, True_errV=3.499e-05
[sample 016] iter 06: max_mismatchPQ=8.875e-04, NN_max_dAng=1.223e-03, NN_max_dV=1.146e-05  True_errAng=2.612e-03, True_errV=2.348e-05
[sample 016] iter 07: max_mismatchPQ=6.024e-04, NN_max_dAng=8.375e-04, NN_max_dV=7.858e-06  True_errAng=1.774e-03, True_errV=1.562e-05
[sample 016] iter 08: max_mismatchPQ=4.098e-04, NN_max_dAng=5.702e-04, NN_max_dV=5.045e-06  True_errAng=1.204e-03, True_errV=1.055e-05
[sample 016] iter 09: max_mismatchPQ=2.799e-04, NN_max_dAng=3.869e-04, NN_max_dV=3.515e-06  True_errAng=8.171e-04, True_errV=7.033e-06
[sample 016] iter 10: max_mismatchPQ=2.017e-04, NN_max_dAng=2.613e-04, NN_max_dV=2.578e-06  True_errAng=5.558e-04, True_errV=6.080e-06
[sample 016] iter 11: max_mismatchPQ=1.495e-04, NN_max_dAng=1.759e-04, NN_max_dV=1.555e-06  True_errAng=3.798e-04, True_errV=6.258e-06
[sample 016] iter 12: max_mismatchPQ=1.123e-04, NN_max_dAng=1.182e-04, NN_max_dV=1.354e-06  True_errAng=2.616e-04, True_errV=6.735e-06
[sample 016] iter 13: max_mismatchPQ=8.863e-05, NN_max_dAng=7.877e-05, NN_max_dV=1.052e-06  True_errAng=1.829e-04, True_errV=6.914e-06
[sample 016] >>> stop_reason=converged, used_iter=13, max_PQ_mismatch=8.863e-05
[1;32m===== Test Sample Heatmap Cell: X=(-2.00,-1.80), PQ=(-1.80,-1.60), x_signed=-1.866745, pq_signed=-1.685294, valid_label=1 =====[0m
---- Error Metrics (Best State) ----
Angel_MAX   : 1.829118e-04
Voltage_MAX : 6.914139e-06
P_MAX       : 8.863211e-05
Q_MAX       : 7.727742e-05
P_MAE       : 2.528609e-05
Q_MAE       : 2.164852e-05
P_MSE       : 1.023338e-09
Q_MSE       : 8.078099e-10
P_RMSE      : 3.198966e-05
Q_RMSE      : 2.842200e-05

[sample 017] iter 00: max_mismatchPQ=2.699e+01, NN_max_dAng=0.000e+00, NN_max_dV=0.000e+00  True_errAng=1.815e-01, True_errV=9.023e-02
[sample 017] iter 01: max_mismatchPQ=5.328e-01, NN_max_dAng=1.306e-01, NN_max_dV=8.957e-02  True_errAng=5.092e-02, True_errV=1.112e-02
[sample 017] iter 02: max_mismatchPQ=8.413e-03, NN_max_dAng=3.648e-02, NN_max_dV=1.106e-02  True_errAng=1.989e-02, True_errV=2.169e-04
[sample 017] iter 03: max_mismatchPQ=5.098e-03, NN_max_dAng=5.999e-03, NN_max_dV=1.031e-04  True_errAng=1.473e-02, True_errV=1.431e-04
[sample 017] iter 04: max_mismatchPQ=3.448e-03, NN_max_dAng=4.447e-03, NN_max_dV=4.677e-05  True_errAng=1.028e-02, True_errV=9.626e-05
[sample 017] iter 05: max_mismatchPQ=2.363e-03, NN_max_dAng=3.160e-03, NN_max_dV=3.232e-05  True_errAng=7.121e-03, True_errV=6.396e-05
[sample 017] iter 06: max_mismatchPQ=1.627e-03, NN_max_dAng=2.181e-03, NN_max_dV=2.114e-05  True_errAng=4.941e-03, True_errV=4.280e-05
[sample 017] iter 07: max_mismatchPQ=1.125e-03, NN_max_dAng=1.499e-03, NN_max_dV=1.420e-05  True_errAng=3.442e-03, True_errV=2.861e-05
[sample 017] iter 08: max_mismatchPQ=7.803e-04, NN_max_dAng=1.032e-03, NN_max_dV=9.364e-06  True_errAng=2.411e-03, True_errV=1.931e-05
[sample 017] iter 09: max_mismatchPQ=5.476e-04, NN_max_dAng=7.116e-04, NN_max_dV=6.506e-06  True_errAng=1.699e-03, True_errV=1.287e-05
[sample 017] iter 10: max_mismatchPQ=3.902e-04, NN_max_dAng=4.914e-04, NN_max_dV=4.329e-06  True_errAng=1.208e-03, True_errV=1.222e-05
[sample 017] iter 11: max_mismatchPQ=2.805e-04, NN_max_dAng=3.405e-04, NN_max_dV=2.825e-06  True_errAng=8.670e-04, True_errV=1.162e-05
[sample 017] iter 12: max_mismatchPQ=2.048e-04, NN_max_dAng=2.368e-04, NN_max_dV=2.137e-06  True_errAng=7.382e-04, True_errV=1.103e-05
[sample 017] iter 13: max_mismatchPQ=1.910e-04, NN_max_dAng=1.652e-04, NN_max_dV=1.385e-06  True_errAng=6.659e-04, True_errV=1.043e-05
[sample 017] iter 14: max_mismatchPQ=1.762e-04, NN_max_dAng=1.158e-04, NN_max_dV=9.758e-07  True_errAng=6.002e-04, True_errV=9.477e-06
[sample 017] iter 15: max_mismatchPQ=1.631e-04, NN_max_dAng=8.207e-05, NN_max_dV=9.373e-07  True_errAng=5.412e-04, True_errV=8.762e-06
[sample 017] iter 16: max_mismatchPQ=1.509e-04, NN_max_dAng=5.861e-05, NN_max_dV=6.061e-07  True_errAng=4.885e-04, True_errV=8.166e-06
[sample 017] iter 17: max_mismatchPQ=1.368e-04, NN_max_dAng=4.623e-05, NN_max_dV=4.634e-07  True_errAng=4.423e-04, True_errV=7.689e-06
[sample 017] iter 18: max_mismatchPQ=1.287e-04, NN_max_dAng=4.037e-05, NN_max_dV=5.006e-07  True_errAng=4.019e-04, True_errV=7.153e-06
[sample 017] iter 19: max_mismatchPQ=1.194e-04, NN_max_dAng=3.499e-05, NN_max_dV=5.490e-07  True_errAng=3.669e-04, True_errV=6.616e-06
[sample 017] iter 20: max_mismatchPQ=1.109e-04, NN_max_dAng=3.057e-05, NN_max_dV=4.331e-07  True_errAng=3.363e-04, True_errV=6.199e-06
[sample 017] >>> stop_reason=max_blocks, used_iter=20, max_PQ_mismatch=1.109e-04
[1;32m===== Test Sample Heatmap Cell: X=(-2.00,-1.80), PQ=(-1.80,-1.60), x_signed=-1.816133, pq_signed=-1.642270, valid_label=1 =====[0m
---- Error Metrics (Best State) ----
Angel_MAX   : 3.363490e-04
Voltage_MAX : 6.198883e-06
P_MAX       : 1.108588e-04
Q_MAX       : 6.482564e-05
P_MAE       : 3.227068e-05
Q_MAE       : 2.408068e-05
P_MSE       : 1.680261e-09
Q_MSE       : 8.761993e-10
P_RMSE      : 4.099098e-05
Q_RMSE      : 2.960066e-05

[sample 018] iter 00: max_mismatchPQ=1.564e+01, NN_max_dAng=0.000e+00, NN_max_dV=0.000e+00  True_errAng=1.900e-01, True_errV=9.354e-02
[sample 018] iter 01: max_mismatchPQ=7.639e-01, NN_max_dAng=1.492e-01, NN_max_dV=9.358e-02  True_errAng=4.086e-02, True_errV=1.048e-02
[sample 018] iter 02: max_mismatchPQ=1.150e-02, NN_max_dAng=3.690e-02, NN_max_dV=1.041e-02  True_errAng=9.683e-03, True_errV=3.549e-04
[sample 018] iter 03: max_mismatchPQ=2.507e-03, NN_max_dAng=4.176e-03, NN_max_dV=2.690e-04  True_errAng=7.004e-03, True_errV=8.601e-05
[sample 018] iter 04: max_mismatchPQ=1.665e-03, NN_max_dAng=2.316e-03, NN_max_dV=6.245e-05  True_errAng=4.688e-03, True_errV=5.275e-05
[sample 018] iter 05: max_mismatchPQ=1.101e-03, NN_max_dAng=1.543e-03, NN_max_dV=1.838e-05  True_errAng=3.144e-03, True_errV=3.523e-05
[sample 018] iter 06: max_mismatchPQ=7.371e-04, NN_max_dAng=1.031e-03, NN_max_dV=1.178e-05  True_errAng=2.114e-03, True_errV=2.575e-05
[sample 018] iter 07: max_mismatchPQ=4.948e-04, NN_max_dAng=6.913e-04, NN_max_dV=7.783e-06  True_errAng=1.422e-03, True_errV=1.895e-05
[sample 018] iter 08: max_mismatchPQ=3.332e-04, NN_max_dAng=4.643e-04, NN_max_dV=5.097e-06  True_errAng=9.579e-04, True_errV=1.389e-05
[sample 018] iter 09: max_mismatchPQ=2.299e-04, NN_max_dAng=3.119e-04, NN_max_dV=3.645e-06  True_errAng=6.459e-04, True_errV=1.025e-05
[sample 018] iter 10: max_mismatchPQ=1.667e-04, NN_max_dAng=2.096e-04, NN_max_dV=2.815e-06  True_errAng=4.363e-04, True_errV=7.451e-06
[sample 018] iter 11: max_mismatchPQ=1.249e-04, NN_max_dAng=1.399e-04, NN_max_dV=1.968e-06  True_errAng=2.964e-04, True_errV=5.543e-06
[sample 018] iter 12: max_mismatchPQ=9.677e-05, NN_max_dAng=9.328e-05, NN_max_dV=1.699e-06  True_errAng=2.031e-04, True_errV=4.947e-06
[sample 018] >>> stop_reason=converged, used_iter=12, max_PQ_mismatch=9.677e-05
[1;32m===== Test Sample Heatmap Cell: X=(-2.00,-1.80), PQ=(-1.80,-1.60), x_signed=-1.901087, pq_signed=-1.696582, valid_label=1 =====[0m
---- Error Metrics (Best State) ----
Angel_MAX   : 2.031326e-04
Voltage_MAX : 4.947186e-06
P_MAX       : 9.676814e-05
Q_MAX       : 7.081032e-05
P_MAE       : 3.057378e-05
Q_MAE       : 2.032923e-05
P_MSE       : 1.385879e-09
Q_MSE       : 7.159580e-10
P_RMSE      : 3.722740e-05
Q_RMSE      : 2.675739e-05

[sample 019] iter 00: max_mismatchPQ=3.687e+01, NN_max_dAng=0.000e+00, NN_max_dV=0.000e+00  True_errAng=1.917e-01, True_errV=9.216e-02
[sample 019] iter 01: max_mismatchPQ=1.572e+00, NN_max_dAng=1.406e-01, NN_max_dV=9.169e-02  True_errAng=5.109e-02, True_errV=1.355e-02
[sample 019] iter 02: max_mismatchPQ=2.609e-02, NN_max_dAng=3.920e-02, NN_max_dV=1.353e-02  True_errAng=1.908e-02, True_errV=5.329e-04
[sample 019] iter 03: max_mismatchPQ=7.352e-03, NN_max_dAng=9.814e-03, NN_max_dV=4.337e-04  True_errAng=9.264e-03, True_errV=1.601e-04
[sample 019] iter 04: max_mismatchPQ=3.017e-03, NN_max_dAng=4.763e-03, NN_max_dV=7.614e-05  True_errAng=4.500e-03, True_errV=8.392e-05
[sample 019] iter 05: max_mismatchPQ=1.418e-03, NN_max_dAng=2.130e-03, NN_max_dV=4.345e-05  True_errAng=2.737e-03, True_errV=4.047e-05
[sample 019] iter 06: max_mismatchPQ=7.291e-04, NN_max_dAng=9.652e-04, NN_max_dV=2.218e-05  True_errAng=2.070e-03, True_errV=2.557e-05
[sample 019] iter 07: max_mismatchPQ=4.588e-04, NN_max_dAng=5.299e-04, NN_max_dV=9.683e-06  True_errAng=1.688e-03, True_errV=2.158e-05
[sample 019] iter 08: max_mismatchPQ=4.046e-04, NN_max_dAng=3.968e-04, NN_max_dV=4.109e-06  True_errAng=1.525e-03, True_errV=2.122e-05
[sample 019] iter 09: max_mismatchPQ=3.684e-04, NN_max_dAng=2.894e-04, NN_max_dV=2.505e-06  True_errAng=1.359e-03, True_errV=1.979e-05
[sample 019] iter 10: max_mismatchPQ=3.304e-04, NN_max_dAng=2.092e-04, NN_max_dV=1.923e-06  True_errAng=1.203e-03, True_errV=1.806e-05
[sample 019] iter 11: max_mismatchPQ=2.978e-04, NN_max_dAng=1.516e-04, NN_max_dV=1.726e-06  True_errAng=1.062e-03, True_errV=1.627e-05
[sample 019] iter 12: max_mismatchPQ=2.665e-04, NN_max_dAng=1.248e-04, NN_max_dV=1.708e-06  True_errAng=9.367e-04, True_errV=1.460e-05
[sample 019] iter 13: max_mismatchPQ=2.375e-04, NN_max_dAng=1.095e-04, NN_max_dV=1.429e-06  True_errAng=8.272e-04, True_errV=1.317e-05
[sample 019] iter 14: max_mismatchPQ=2.139e-04, NN_max_dAng=9.545e-05, NN_max_dV=1.478e-06  True_errAng=7.318e-04, True_errV=1.168e-05
[sample 019] iter 15: max_mismatchPQ=1.891e-04, NN_max_dAng=8.260e-05, NN_max_dV=1.125e-06  True_errAng=6.492e-04, True_errV=1.061e-05
[sample 019] iter 16: max_mismatchPQ=1.728e-04, NN_max_dAng=7.124e-05, NN_max_dV=1.129e-06  True_errAng=5.780e-04, True_errV=1.001e-05
[sample 019] iter 17: max_mismatchPQ=1.552e-04, NN_max_dAng=6.147e-05, NN_max_dV=7.598e-07  True_errAng=5.165e-04, True_errV=9.894e-06
[sample 019] iter 18: max_mismatchPQ=1.390e-04, NN_max_dAng=5.296e-05, NN_max_dV=9.420e-07  True_errAng=4.635e-04, True_errV=9.358e-06
[sample 019] iter 19: max_mismatchPQ=1.283e-04, NN_max_dAng=4.545e-05, NN_max_dV=6.126e-07  True_errAng=4.181e-04, True_errV=9.358e-06
[sample 019] iter 20: max_mismatchPQ=1.186e-04, NN_max_dAng=3.891e-05, NN_max_dV=5.050e-07  True_errAng=3.793e-04, True_errV=8.881e-06
[sample 019] >>> stop_reason=max_blocks, used_iter=20, max_PQ_mismatch=1.186e-04
[1;32m===== Test Sample Heatmap Cell: X=(-2.00,-1.80), PQ=(-1.80,-1.60), x_signed=-1.918099, pq_signed=-1.753415, valid_label=1 =====[0m
---- Error Metrics (Best State) ----
Angel_MAX   : 3.792644e-04
Voltage_MAX : 8.881092e-06
P_MAX       : 1.186132e-04
Q_MAX       : 7.009506e-05
P_MAE       : 3.516972e-05
Q_MAE       : 2.224583e-05
P_MSE       : 2.093924e-09
Q_MSE       : 7.226324e-10
P_RMSE      : 4.575941e-05
Q_RMSE      : 2.688182e-05

[sample 020] iter 00: max_mismatchPQ=1.691e+01, NN_max_dAng=0.000e+00, NN_max_dV=0.000e+00  True_errAng=1.876e-01, True_errV=8.862e-02
[sample 020] iter 01: max_mismatchPQ=9.097e-01, NN_max_dAng=1.364e-01, NN_max_dV=8.776e-02  True_errAng=5.124e-02, True_errV=2.214e-02
[sample 020] iter 02: max_mismatchPQ=2.584e-02, NN_max_dAng=3.883e-02, NN_max_dV=2.187e-02  True_errAng=1.349e-02, True_errV=3.545e-04
[sample 020] iter 03: max_mismatchPQ=5.541e-03, NN_max_dAng=7.677e-03, NN_max_dV=2.920e-04  True_errAng=6.752e-03, True_errV=2.196e-04
[sample 020] iter 04: max_mismatchPQ=2.486e-03, NN_max_dAng=3.964e-03, NN_max_dV=1.048e-04  True_errAng=4.480e-03, True_errV=1.147e-04
[sample 020] iter 05: max_mismatchPQ=1.146e-03, NN_max_dAng=1.714e-03, NN_max_dV=4.809e-05  True_errAng=3.204e-03, True_errV=6.664e-05
[sample 020] iter 06: max_mismatchPQ=8.014e-04, NN_max_dAng=9.837e-04, NN_max_dV=2.490e-05  True_errAng=2.220e-03, True_errV=4.262e-05
[sample 020] iter 07: max_mismatchPQ=5.516e-04, NN_max_dAng=7.128e-04, NN_max_dV=1.352e-05  True_errAng=1.508e-03, True_errV=3.237e-05
[sample 020] iter 08: max_mismatchPQ=3.766e-04, NN_max_dAng=4.985e-04, NN_max_dV=8.091e-06  True_errAng=1.009e-03, True_errV=2.491e-05
[sample 020] iter 09: max_mismatchPQ=2.578e-04, NN_max_dAng=3.414e-04, NN_max_dV=5.659e-06  True_errAng=7.758e-04, True_errV=1.925e-05
[sample 020] iter 10: max_mismatchPQ=2.015e-04, NN_max_dAng=2.300e-04, NN_max_dV=4.163e-06  True_errAng=6.214e-04, True_errV=1.508e-05
[sample 020] iter 11: max_mismatchPQ=1.633e-04, NN_max_dAng=1.534e-04, NN_max_dV=3.303e-06  True_errAng=4.981e-04, True_errV=1.180e-05
[sample 020] iter 12: max_mismatchPQ=1.300e-04, NN_max_dAng=1.008e-04, NN_max_dV=2.695e-06  True_errAng=3.977e-04, True_errV=9.060e-06
[sample 020] iter 13: max_mismatchPQ=1.071e-04, NN_max_dAng=8.256e-05, NN_max_dV=2.061e-06  True_errAng=3.152e-04, True_errV=6.974e-06
[sample 020] iter 14: max_mismatchPQ=8.610e-05, NN_max_dAng=6.851e-05, NN_max_dV=1.687e-06  True_errAng=2.466e-04, True_errV=5.305e-06
[sample 020] >>> stop_reason=converged, used_iter=14, max_PQ_mismatch=8.610e-05
[1;32m===== Test Sample Heatmap Cell: X=(-2.00,-1.80), PQ=(-1.80,-1.60), x_signed=-1.876984, pq_signed=-1.704683, valid_label=1 =====[0m
---- Error Metrics (Best State) ----
Angel_MAX   : 2.466366e-04
Voltage_MAX : 5.304813e-06
P_MAX       : 8.609891e-05
Q_MAX       : 5.745888e-05
P_MAE       : 2.941358e-05
Q_MAE       : 1.880954e-05
P_MSE       : 1.252945e-09
Q_MSE       : 6.213666e-10
P_RMSE      : 3.539696e-05
Q_RMSE      : 2.492723e-05

[sample 021] iter 00: max_mismatchPQ=3.605e+01, NN_max_dAng=0.000e+00, NN_max_dV=0.000e+00  True_errAng=1.845e-01, True_errV=9.012e-02
[sample 021] iter 01: max_mismatchPQ=1.043e+00, NN_max_dAng=1.384e-01, NN_max_dV=9.056e-02  True_errAng=4.609e-02, True_errV=1.857e-02
[sample 021] iter 02: max_mismatchPQ=1.476e-02, NN_max_dAng=4.202e-02, NN_max_dV=1.834e-02  True_errAng=4.996e-03, True_errV=2.329e-04
[sample 021] iter 03: max_mismatchPQ=1.314e-03, NN_max_dAng=6.439e-03, NN_max_dV=2.243e-04  True_errAng=2.246e-03, True_errV=5.221e-05
[sample 021] iter 04: max_mismatchPQ=6.709e-04, NN_max_dAng=9.264e-04, NN_max_dV=4.037e-05  True_errAng=1.621e-03, True_errV=3.171e-05
[sample 021] iter 05: max_mismatchPQ=4.362e-04, NN_max_dAng=4.167e-04, NN_max_dV=9.793e-06  True_errAng=1.555e-03, True_errV=2.939e-05
[sample 021] iter 06: max_mismatchPQ=3.834e-04, NN_max_dAng=2.681e-04, NN_max_dV=5.039e-06  True_errAng=1.412e-03, True_errV=2.748e-05
[sample 021] iter 07: max_mismatchPQ=3.406e-04, NN_max_dAng=2.039e-04, NN_max_dV=2.874e-06  True_errAng=1.261e-03, True_errV=2.557e-05
[sample 021] iter 08: max_mismatchPQ=3.021e-04, NN_max_dAng=1.506e-04, NN_max_dV=2.639e-06  True_errAng=1.119e-03, True_errV=2.348e-05
[sample 021] iter 09: max_mismatchPQ=2.713e-04, NN_max_dAng=1.278e-04, NN_max_dV=2.264e-06  True_errAng=9.913e-04, True_errV=2.146e-05
[sample 021] iter 10: max_mismatchPQ=2.437e-04, NN_max_dAng=1.134e-04, NN_max_dV=2.121e-06  True_errAng=8.779e-04, True_errV=1.955e-05
[sample 021] iter 11: max_mismatchPQ=2.177e-04, NN_max_dAng=9.933e-05, NN_max_dV=1.823e-06  True_errAng=7.786e-04, True_errV=1.788e-05
[sample 021] iter 12: max_mismatchPQ=1.953e-04, NN_max_dAng=8.664e-05, NN_max_dV=1.746e-06  True_errAng=6.919e-04, True_errV=1.621e-05
[sample 021] iter 13: max_mismatchPQ=1.769e-04, NN_max_dAng=7.545e-05, NN_max_dV=1.401e-06  True_errAng=6.165e-04, True_errV=1.478e-05
[sample 021] iter 14: max_mismatchPQ=1.595e-04, NN_max_dAng=6.531e-05, NN_max_dV=1.236e-06  True_errAng=5.511e-04, True_errV=1.365e-05
[sample 021] iter 15: max_mismatchPQ=1.454e-04, NN_max_dAng=5.664e-05, NN_max_dV=1.121e-06  True_errAng=4.945e-04, True_errV=1.264e-05
[sample 021] iter 16: max_mismatchPQ=1.316e-04, NN_max_dAng=4.894e-05, NN_max_dV=9.872e-07  True_errAng=4.456e-04, True_errV=1.168e-05
[sample 021] iter 17: max_mismatchPQ=1.209e-04, NN_max_dAng=4.203e-05, NN_max_dV=9.443e-07  True_errAng=4.035e-04, True_errV=1.079e-05
[sample 021] iter 18: max_mismatchPQ=1.104e-04, NN_max_dAng=3.632e-05, NN_max_dV=6.459e-07  True_errAng=3.672e-04, True_errV=1.025e-05
[sample 021] iter 19: max_mismatchPQ=1.035e-04, NN_max_dAng=3.151e-05, NN_max_dV=6.904e-07  True_errAng=3.357e-04, True_errV=9.537e-06
[sample 021] iter 20: max_mismatchPQ=9.727e-05, NN_max_dAng=2.706e-05, NN_max_dV=6.573e-07  True_errAng=3.087e-04, True_errV=9.060e-06
[sample 021] >>> stop_reason=converged, used_iter=20, max_PQ_mismatch=9.727e-05
[1;32m===== Test Sample Heatmap Cell: X=(-2.00,-1.80), PQ=(-1.60,-1.40), x_signed=-1.845875, pq_signed=-1.567589, valid_label=1 =====[0m
---- Error Metrics (Best State) ----
Angel_MAX   : 3.086925e-04
Voltage_MAX : 9.059906e-06
P_MAX       : 9.726896e-05
Q_MAX       : 5.996227e-05
P_MAE       : 2.852013e-05
Q_MAE       : 2.054515e-05
P_MSE       : 1.315837e-09
Q_MSE       : 6.783437e-10
P_RMSE      : 3.627447e-05
Q_RMSE      : 2.604503e-05

[sample 022] iter 00: max_mismatchPQ=2.486e+01, NN_max_dAng=0.000e+00, NN_max_dV=0.000e+00  True_errAng=1.920e-01, True_errV=9.000e-02
[sample 022] iter 01: max_mismatchPQ=5.413e-01, NN_max_dAng=1.405e-01, NN_max_dV=8.828e-02  True_errAng=5.336e-02, True_errV=7.290e-03
[sample 022] iter 02: max_mismatchPQ=1.762e-02, NN_max_dAng=2.756e-02, NN_max_dV=7.283e-03  True_errAng=2.848e-02, True_errV=7.654e-04
[sample 022] iter 03: max_mismatchPQ=8.000e-03, NN_max_dAng=1.006e-02, NN_max_dV=3.493e-04  True_errAng=2.023e-02, True_errV=4.175e-04
[sample 022] iter 04: max_mismatchPQ=5.081e-03, NN_max_dAng=6.588e-03, NN_max_dV=1.500e-04  True_errAng=1.364e-02, True_errV=2.680e-04
[sample 022] iter 05: max_mismatchPQ=3.291e-03, NN_max_dAng=4.483e-03, NN_max_dV=9.367e-05  True_errAng=9.160e-03, True_errV=1.744e-04
[sample 022] iter 06: max_mismatchPQ=2.165e-03, NN_max_dAng=2.974e-03, NN_max_dV=5.997e-05  True_errAng=6.185e-03, True_errV=1.144e-04
[sample 022] iter 07: max_mismatchPQ=1.438e-03, NN_max_dAng=1.974e-03, NN_max_dV=3.853e-05  True_errAng=4.211e-03, True_errV=7.594e-05
[sample 022] iter 08: max_mismatchPQ=9.615e-04, NN_max_dAng=1.325e-03, NN_max_dV=2.508e-05  True_errAng=2.887e-03, True_errV=5.084e-05
[sample 022] iter 09: max_mismatchPQ=6.453e-04, NN_max_dAng=8.965e-04, NN_max_dV=1.654e-05  True_errAng=1.990e-03, True_errV=3.439e-05
[sample 022] iter 10: max_mismatchPQ=4.341e-04, NN_max_dAng=6.083e-04, NN_max_dV=1.106e-05  True_errAng=1.382e-03, True_errV=2.337e-05
[sample 022] iter 11: max_mismatchPQ=3.059e-04, NN_max_dAng=4.146e-04, NN_max_dV=7.330e-06  True_errAng=9.671e-04, True_errV=1.603e-05
[sample 022] iter 12: max_mismatchPQ=2.217e-04, NN_max_dAng=2.832e-04, NN_max_dV=5.183e-06  True_errAng=6.840e-04, True_errV=1.222e-05
[sample 022] iter 13: max_mismatchPQ=1.650e-04, NN_max_dAng=1.941e-04, NN_max_dV=3.485e-06  True_errAng=4.899e-04, True_errV=1.192e-05
[sample 022] iter 14: max_mismatchPQ=1.405e-04, NN_max_dAng=1.335e-04, NN_max_dV=2.287e-06  True_errAng=4.439e-04, True_errV=1.162e-05
[sample 022] iter 15: max_mismatchPQ=1.335e-04, NN_max_dAng=9.280e-05, NN_max_dV=1.635e-06  True_errAng=4.072e-04, True_errV=1.115e-05
[sample 022] iter 16: max_mismatchPQ=1.253e-04, NN_max_dAng=6.424e-05, NN_max_dV=1.047e-06  True_errAng=3.733e-04, True_errV=1.061e-05
[sample 022] iter 17: max_mismatchPQ=1.169e-04, NN_max_dAng=4.511e-05, NN_max_dV=7.392e-07  True_errAng=3.428e-04, True_errV=1.013e-05
[sample 022] iter 18: max_mismatchPQ=1.094e-04, NN_max_dAng=3.185e-05, NN_max_dV=7.238e-07  True_errAng=3.152e-04, True_errV=9.716e-06
[sample 022] iter 19: max_mismatchPQ=1.049e-04, NN_max_dAng=2.422e-05, NN_max_dV=4.765e-07  True_errAng=2.910e-04, True_errV=9.418e-06
[sample 022] iter 20: max_mismatchPQ=1.005e-04, NN_max_dAng=2.141e-05, NN_max_dV=4.565e-07  True_errAng=2.695e-04, True_errV=9.060e-06
[sample 022] >>> stop_reason=max_blocks, used_iter=20, max_PQ_mismatch=1.005e-04
[1;32m===== Test Sample Heatmap Cell: X=(-2.00,-1.80), PQ=(-1.60,-1.40), x_signed=-1.920869, pq_signed=-1.478046, valid_label=1 =====[0m
---- Error Metrics (Best State) ----
Angel_MAX   : 2.695322e-04
Voltage_MAX : 9.059906e-06
P_MAX       : 1.004792e-04
Q_MAX       : 6.845221e-05
P_MAE       : 2.844873e-05
Q_MAE       : 2.353847e-05
P_MSE       : 1.198992e-09
Q_MSE       : 8.525919e-10
P_RMSE      : 3.462647e-05
Q_RMSE      : 2.919918e-05

[sample 023] iter 00: max_mismatchPQ=3.709e+01, NN_max_dAng=0.000e+00, NN_max_dV=0.000e+00  True_errAng=9.291e-02, True_errV=1.857e-01
[sample 023] iter 01: max_mismatchPQ=4.764e-01, NN_max_dAng=1.089e-01, NN_max_dV=1.863e-01  True_errAng=2.745e-02, True_errV=1.012e-02
[sample 023] iter 02: max_mismatchPQ=1.479e-02, NN_max_dAng=1.763e-02, NN_max_dV=1.013e-02  True_errAng=1.380e-02, True_errV=2.472e-04
[sample 023] iter 03: max_mismatchPQ=4.359e-03, NN_max_dAng=5.958e-03, NN_max_dV=2.261e-04  True_errAng=8.196e-03, True_errV=1.675e-04
[sample 023] iter 04: max_mismatchPQ=2.238e-03, NN_max_dAng=3.032e-03, NN_max_dV=6.087e-05  True_errAng=7.770e-03, True_errV=1.147e-04
[sample 023] iter 05: max_mismatchPQ=1.935e-03, NN_max_dAng=1.503e-03, NN_max_dV=3.207e-05  True_errAng=6.964e-03, True_errV=9.650e-05
[sample 023] iter 06: max_mismatchPQ=1.652e-03, NN_max_dAng=8.663e-04, NN_max_dV=1.880e-05  True_errAng=6.098e-03, True_errV=8.172e-05
[sample 023] iter 07: max_mismatchPQ=1.414e-03, NN_max_dAng=8.176e-04, NN_max_dV=1.210e-05  True_errAng=5.280e-03, True_errV=7.153e-05
[sample 023] iter 08: max_mismatchPQ=1.219e-03, NN_max_dAng=7.359e-04, NN_max_dV=1.009e-05  True_errAng=4.544e-03, True_errV=6.157e-05
[sample 023] iter 09: max_mismatchPQ=1.052e-03, NN_max_dAng=6.479e-04, NN_max_dV=8.840e-06  True_errAng=3.897e-03, True_errV=5.275e-05
[sample 023] iter 10: max_mismatchPQ=9.108e-04, NN_max_dAng=5.646e-04, NN_max_dV=7.886e-06  True_errAng=3.332e-03, True_errV=4.482e-05
[sample 023] iter 11: max_mismatchPQ=7.763e-04, NN_max_dAng=4.891e-04, NN_max_dV=7.004e-06  True_errAng=2.843e-03, True_errV=3.773e-05
[sample 023] iter 12: max_mismatchPQ=6.657e-04, NN_max_dAng=4.223e-04, NN_max_dV=5.955e-06  True_errAng=2.421e-03, True_errV=3.177e-05
[sample 023] iter 13: max_mismatchPQ=5.684e-04, NN_max_dAng=3.639e-04, NN_max_dV=5.233e-06  True_errAng=2.057e-03, True_errV=2.670e-05
[sample 023] iter 14: max_mismatchPQ=4.835e-04, NN_max_dAng=3.132e-04, NN_max_dV=4.548e-06  True_errAng=1.743e-03, True_errV=2.265e-05
[sample 023] iter 15: max_mismatchPQ=4.129e-04, NN_max_dAng=2.695e-04, NN_max_dV=3.844e-06  True_errAng=1.474e-03, True_errV=1.907e-05
[sample 023] iter 16: max_mismatchPQ=3.500e-04, NN_max_dAng=2.313e-04, NN_max_dV=3.316e-06  True_errAng=1.243e-03, True_errV=1.597e-05
[sample 023] iter 17: max_mismatchPQ=2.956e-04, NN_max_dAng=1.987e-04, NN_max_dV=2.869e-06  True_errAng=1.044e-03, True_errV=1.329e-05
[sample 023] iter 18: max_mismatchPQ=2.499e-04, NN_max_dAng=1.705e-04, NN_max_dV=2.671e-06  True_errAng=8.734e-04, True_errV=1.097e-05
[sample 023] iter 19: max_mismatchPQ=2.079e-04, NN_max_dAng=1.467e-04, NN_max_dV=2.102e-06  True_errAng=7.267e-04, True_errV=9.060e-06
[sample 023] iter 20: max_mismatchPQ=1.764e-04, NN_max_dAng=1.257e-04, NN_max_dV=1.656e-06  True_errAng=6.011e-04, True_errV=7.391e-06
[sample 023] >>> stop_reason=max_blocks, used_iter=20, max_PQ_mismatch=1.764e-04
[1;32m===== Test Sample Heatmap Cell: X=(-2.00,-1.80), PQ=(-1.60,-1.40), x_signed=-1.868570, pq_signed=-1.532819, valid_label=1 =====[0m
---- Error Metrics (Best State) ----
Angel_MAX   : 6.010532e-04
Voltage_MAX : 7.390976e-06
P_MAX       : 1.764297e-04
Q_MAX       : 1.101494e-04
P_MAE       : 5.613805e-05
Q_MAE       : 2.699083e-05
P_MSE       : 5.079540e-09
Q_MSE       : 1.168950e-09
P_RMSE      : 7.127089e-05
Q_RMSE      : 3.418992e-05

[sample 024] iter 00: max_mismatchPQ=4.001e+01, NN_max_dAng=0.000e+00, NN_max_dV=0.000e+00  True_errAng=1.813e-01, True_errV=8.869e-02
[sample 024] iter 01: max_mismatchPQ=6.148e-01, NN_max_dAng=1.294e-01, NN_max_dV=8.753e-02  True_errAng=5.188e-02, True_errV=6.755e-03
[sample 024] iter 02: max_mismatchPQ=5.756e-03, NN_max_dAng=4.397e-02, NN_max_dV=6.798e-03  True_errAng=8.336e-03, True_errV=1.376e-04
[sample 024] iter 03: max_mismatchPQ=1.732e-03, NN_max_dAng=1.981e-03, NN_max_dV=1.857e-04  True_errAng=6.374e-03, True_errV=1.175e-04
[sample 024] iter 04: max_mismatchPQ=1.476e-03, NN_max_dAng=1.092e-03, NN_max_dV=1.874e-05  True_errAng=5.282e-03, True_errV=1.027e-04
[sample 024] iter 05: max_mismatchPQ=1.238e-03, NN_max_dAng=7.968e-04, NN_max_dV=1.554e-05  True_errAng=4.485e-03, True_errV=8.762e-05
[sample 024] iter 06: max_mismatchPQ=1.056e-03, NN_max_dAng=6.488e-04, NN_max_dV=1.283e-05  True_errAng=3.837e-03, True_errV=7.480e-05
[sample 024] iter 07: max_mismatchPQ=9.100e-04, NN_max_dAng=5.412e-04, NN_max_dV=1.063e-05  True_errAng=3.295e-03, True_errV=6.413e-05
[sample 024] iter 08: max_mismatchPQ=7.854e-04, NN_max_dAng=4.567e-04, NN_max_dV=8.901e-06  True_errAng=2.839e-03, True_errV=5.519e-05
[sample 024] iter 09: max_mismatchPQ=6.816e-04, NN_max_dAng=3.874e-04, NN_max_dV=7.659e-06  True_errAng=2.451e-03, True_errV=4.756e-05
[sample 024] iter 10: max_mismatchPQ=5.922e-04, NN_max_dAng=3.303e-04, NN_max_dV=6.407e-06  True_errAng=2.121e-03, True_errV=4.119e-05
[sample 024] iter 11: max_mismatchPQ=5.157e-04, NN_max_dAng=2.818e-04, NN_max_dV=5.523e-06  True_errAng=1.839e-03, True_errV=3.564e-05
[sample 024] iter 12: max_mismatchPQ=4.518e-04, NN_max_dAng=2.411e-04, NN_max_dV=4.578e-06  True_errAng=1.598e-03, True_errV=3.105e-05
[sample 024] iter 13: max_mismatchPQ=3.953e-04, NN_max_dAng=2.063e-04, NN_max_dV=3.991e-06  True_errAng=1.392e-03, True_errV=2.712e-05
[sample 024] iter 14: max_mismatchPQ=3.481e-04, NN_max_dAng=1.768e-04, NN_max_dV=3.523e-06  True_errAng=1.215e-03, True_errV=2.366e-05
[sample 024] iter 15: max_mismatchPQ=3.076e-04, NN_max_dAng=1.513e-04, NN_max_dV=2.839e-06  True_errAng=1.064e-03, True_errV=2.086e-05
[sample 024] iter 16: max_mismatchPQ=2.723e-04, NN_max_dAng=1.297e-04, NN_max_dV=2.501e-06  True_errAng=9.339e-04, True_errV=1.836e-05
[sample 024] iter 17: max_mismatchPQ=2.420e-04, NN_max_dAng=1.113e-04, NN_max_dV=2.112e-06  True_errAng=8.226e-04, True_errV=1.627e-05
[sample 024] iter 18: max_mismatchPQ=2.167e-04, NN_max_dAng=9.549e-05, NN_max_dV=1.875e-06  True_errAng=7.271e-04, True_errV=1.436e-05
[sample 024] iter 19: max_mismatchPQ=1.931e-04, NN_max_dAng=8.181e-05, NN_max_dV=1.479e-06  True_errAng=6.453e-04, True_errV=1.305e-05
[sample 024] iter 20: max_mismatchPQ=1.743e-04, NN_max_dAng=7.021e-05, NN_max_dV=1.322e-06  True_errAng=5.751e-04, True_errV=1.174e-05
[sample 024] >>> stop_reason=max_blocks, used_iter=20, max_PQ_mismatch=1.743e-04
[1;32m===== Test Sample Heatmap Cell: X=(-2.00,-1.80), PQ=(-1.60,-1.40), x_signed=-1.813565, pq_signed=-1.522680, valid_label=1 =====[0m
---- Error Metrics (Best State) ----
Angel_MAX   : 5.751401e-04
Voltage_MAX : 1.174212e-05
P_MAX       : 1.742954e-04
Q_MAX       : 7.450581e-05
P_MAE       : 5.043509e-05
Q_MAE       : 2.042553e-05
P_MSE       : 4.245162e-09
Q_MSE       : 6.994268e-10
P_RMSE      : 6.515491e-05
Q_RMSE      : 2.644668e-05

[sample 025] iter 00: max_mismatchPQ=2.600e+01, NN_max_dAng=0.000e+00, NN_max_dV=0.000e+00  True_errAng=9.509e-02, True_errV=1.903e-01
[sample 025] iter 01: max_mismatchPQ=3.330e-01, NN_max_dAng=9.694e-02, NN_max_dV=1.816e-01  True_errAng=8.155e-02, True_errV=1.643e-02
[sample 025] iter 02: max_mismatchPQ=8.958e-03, NN_max_dAng=7.756e-02, NN_max_dV=1.640e-02  True_errAng=6.816e-03, True_errV=3.857e-04
[sample 025] iter 03: max_mismatchPQ=1.395e-03, NN_max_dAng=4.673e-03, NN_max_dV=3.240e-04  True_errAng=2.930e-03, True_errV=6.884e-05
[sample 025] iter 04: max_mismatchPQ=6.370e-04, NN_max_dAng=7.561e-04, NN_max_dV=2.774e-05  True_errAng=2.356e-03, True_errV=5.364e-05
[sample 025] iter 05: max_mismatchPQ=5.755e-04, NN_max_dAng=3.266e-04, NN_max_dV=6.142e-06  True_errAng=2.104e-03, True_errV=4.750e-05
[sample 025] iter 06: max_mismatchPQ=5.083e-04, NN_max_dAng=2.597e-04, NN_max_dV=5.803e-06  True_errAng=1.845e-03, True_errV=4.166e-05
[sample 025] iter 07: max_mismatchPQ=4.492e-04, NN_max_dAng=2.316e-04, NN_max_dV=5.089e-06  True_errAng=1.613e-03, True_errV=3.660e-05
[sample 025] iter 08: max_mismatchPQ=3.967e-04, NN_max_dAng=2.016e-04, NN_max_dV=4.570e-06  True_errAng=1.411e-03, True_errV=3.201e-05
[sample 025] iter 09: max_mismatchPQ=3.512e-04, NN_max_dAng=1.747e-04, NN_max_dV=3.872e-06  True_errAng=1.237e-03, True_errV=2.813e-05
[sample 025] iter 10: max_mismatchPQ=3.116e-04, NN_max_dAng=1.509e-04, NN_max_dV=3.249e-06  True_errAng=1.086e-03, True_errV=2.486e-05
[sample 025] iter 11: max_mismatchPQ=2.787e-04, NN_max_dAng=1.300e-04, NN_max_dV=2.882e-06  True_errAng=9.560e-04, True_errV=2.193e-05
[sample 025] iter 12: max_mismatchPQ=2.489e-04, NN_max_dAng=1.123e-04, NN_max_dV=2.498e-06  True_errAng=8.437e-04, True_errV=1.943e-05
[sample 025] iter 13: max_mismatchPQ=2.232e-04, NN_max_dAng=9.669e-05, NN_max_dV=2.179e-06  True_errAng=7.470e-04, True_errV=1.723e-05
[sample 025] iter 14: max_mismatchPQ=2.010e-04, NN_max_dAng=8.337e-05, NN_max_dV=1.818e-06  True_errAng=6.636e-04, True_errV=1.562e-05
[sample 025] iter 15: max_mismatchPQ=1.836e-04, NN_max_dAng=7.167e-05, NN_max_dV=1.688e-06  True_errAng=5.920e-04, True_errV=1.401e-05
[sample 025] iter 16: max_mismatchPQ=1.667e-04, NN_max_dAng=6.178e-05, NN_max_dV=1.388e-06  True_errAng=5.302e-04, True_errV=1.287e-05
[sample 025] iter 17: max_mismatchPQ=1.512e-04, NN_max_dAng=5.323e-05, NN_max_dV=1.198e-06  True_errAng=4.770e-04, True_errV=1.168e-05
[sample 025] iter 18: max_mismatchPQ=1.414e-04, NN_max_dAng=4.582e-05, NN_max_dV=9.316e-07  True_errAng=4.311e-04, True_errV=1.085e-05
[sample 025] iter 19: max_mismatchPQ=1.304e-04, NN_max_dAng=3.952e-05, NN_max_dV=9.580e-07  True_errAng=3.916e-04, True_errV=1.007e-05
[sample 025] iter 20: max_mismatchPQ=1.211e-04, NN_max_dAng=3.405e-05, NN_max_dV=8.876e-07  True_errAng=3.576e-04, True_errV=9.298e-06
[sample 025] >>> stop_reason=max_blocks, used_iter=20, max_PQ_mismatch=1.211e-04
[1;32m===== Test Sample Heatmap Cell: X=(-2.00,-1.80), PQ=(-1.60,-1.40), x_signed=-1.915421, pq_signed=-1.491605, valid_label=1 =====[0m
---- Error Metrics (Best State) ----
Angel_MAX   : 3.575683e-04
Voltage_MAX : 9.298325e-06
P_MAX       : 1.211178e-04
Q_MAX       : 7.673353e-05
P_MAE       : 3.290184e-05
Q_MAE       : 1.760481e-05
P_MSE       : 1.750964e-09
Q_MSE       : 5.662372e-10
P_RMSE      : 4.184452e-05
Q_RMSE      : 2.379574e-05

[sample 026] iter 00: max_mismatchPQ=2.726e+01, NN_max_dAng=0.000e+00, NN_max_dV=0.000e+00  True_errAng=1.943e-01, True_errV=9.614e-02
[sample 026] iter 01: max_mismatchPQ=5.366e-01, NN_max_dAng=1.153e-01, NN_max_dV=9.448e-02  True_errAng=7.900e-02, True_errV=1.860e-02
[sample 026] iter 02: max_mismatchPQ=4.447e-02, NN_max_dAng=6.016e-02, NN_max_dV=1.840e-02  True_errAng=1.894e-02, True_errV=8.215e-04
[sample 026] iter 03: max_mismatchPQ=6.745e-03, NN_max_dAng=1.111e-02, NN_max_dV=6.617e-04  True_errAng=7.909e-03, True_errV=1.917e-04
[sample 026] iter 04: max_mismatchPQ=2.851e-03, NN_max_dAng=4.459e-03, NN_max_dV=9.224e-05  True_errAng=5.273e-03, True_errV=9.948e-05
[sample 026] iter 05: max_mismatchPQ=1.298e-03, NN_max_dAng=1.953e-03, NN_max_dV=4.745e-05  True_errAng=3.785e-03, True_errV=6.157e-05
[sample 026] iter 06: max_mismatchPQ=8.959e-04, NN_max_dAng=1.142e-03, NN_max_dV=2.387e-05  True_errAng=2.644e-03, True_errV=4.417e-05
[sample 026] iter 07: max_mismatchPQ=6.151e-04, NN_max_dAng=8.273e-04, NN_max_dV=1.342e-05  True_errAng=1.816e-03, True_errV=3.070e-05
[sample 026] iter 08: max_mismatchPQ=4.167e-04, NN_max_dAng=5.801e-04, NN_max_dV=9.890e-06  True_errAng=1.236e-03, True_errV=2.080e-05
[sample 026] iter 09: max_mismatchPQ=2.931e-04, NN_max_dAng=3.992e-04, NN_max_dV=6.892e-06  True_errAng=8.370e-04, True_errV=1.395e-05
[sample 026] iter 10: max_mismatchPQ=2.096e-04, NN_max_dAng=2.716e-04, NN_max_dV=4.790e-06  True_errAng=5.654e-04, True_errV=9.179e-06
[sample 026] iter 11: max_mismatchPQ=1.536e-04, NN_max_dAng=1.834e-04, NN_max_dV=3.262e-06  True_errAng=3.820e-04, True_errV=5.901e-06
[sample 026] iter 12: max_mismatchPQ=1.145e-04, NN_max_dAng=1.229e-04, NN_max_dV=2.290e-06  True_errAng=2.591e-04, True_errV=5.186e-06
[sample 026] iter 13: max_mismatchPQ=8.993e-05, NN_max_dAng=8.194e-05, NN_max_dV=1.537e-06  True_errAng=1.772e-04, True_errV=5.364e-06
[sample 026] >>> stop_reason=converged, used_iter=13, max_PQ_mismatch=8.993e-05
[1;32m===== Test Sample Heatmap Cell: X=(-2.00,-1.80), PQ=(-1.60,-1.40), x_signed=-1.943646, pq_signed=-1.443806, valid_label=1 =====[0m
---- Error Metrics (Best State) ----
Angel_MAX   : 1.771748e-04
Voltage_MAX : 5.364418e-06
P_MAX       : 8.992851e-05
Q_MAX       : 4.862249e-05
P_MAE       : 2.445407e-05
Q_MAE       : 1.717439e-05
P_MSE       : 9.617682e-10
Q_MSE       : 4.523162e-10
P_RMSE      : 3.101239e-05
Q_RMSE      : 2.126773e-05

[sample 027] iter 00: max_mismatchPQ=4.486e+01, NN_max_dAng=0.000e+00, NN_max_dV=0.000e+00  True_errAng=1.932e-01, True_errV=9.488e-02
[sample 027] iter 01: max_mismatchPQ=9.172e-01, NN_max_dAng=1.248e-01, NN_max_dV=9.049e-02  True_errAng=6.837e-02, True_errV=3.317e-02
[sample 027] iter 02: max_mismatchPQ=1.979e-02, NN_max_dAng=6.439e-02, NN_max_dV=3.219e-02  True_errAng=2.052e-02, True_errV=9.862e-04
[sample 027] iter 03: max_mismatchPQ=4.828e-03, NN_max_dAng=6.452e-03, NN_max_dV=9.937e-04  True_errAng=1.407e-02, True_errV=2.770e-04
[sample 027] iter 04: max_mismatchPQ=3.187e-03, NN_max_dAng=2.811e-03, NN_max_dV=7.334e-05  True_errAng=1.126e-02, True_errV=2.279e-04
[sample 027] iter 05: max_mismatchPQ=2.668e-03, NN_max_dAng=1.834e-03, NN_max_dV=3.696e-05  True_errAng=9.425e-03, True_errV=1.920e-04
[sample 027] iter 06: max_mismatchPQ=2.254e-03, NN_max_dAng=1.445e-03, NN_max_dV=2.964e-05  True_errAng=7.980e-03, True_errV=1.624e-04
[sample 027] iter 07: max_mismatchPQ=1.913e-03, NN_max_dAng=1.197e-03, NN_max_dV=2.476e-05  True_errAng=6.783e-03, True_errV=1.376e-04
[sample 027] iter 08: max_mismatchPQ=1.631e-03, NN_max_dAng=1.008e-03, NN_max_dV=2.074e-05  True_errAng=5.775e-03, True_errV=1.169e-04
[sample 027] iter 09: max_mismatchPQ=1.391e-03, NN_max_dAng=8.543e-04, NN_max_dV=1.755e-05  True_errAng=4.921e-03, True_errV=9.936e-05
[sample 027] iter 10: max_mismatchPQ=1.191e-03, NN_max_dAng=7.271e-04, NN_max_dV=1.480e-05  True_errAng=4.194e-03, True_errV=8.452e-05
[sample 027] iter 11: max_mismatchPQ=1.023e-03, NN_max_dAng=6.204e-04, NN_max_dV=1.273e-05  True_errAng=3.574e-03, True_errV=7.176e-05
[sample 027] iter 12: max_mismatchPQ=8.729e-04, NN_max_dAng=5.301e-04, NN_max_dV=1.078e-05  True_errAng=3.043e-03, True_errV=6.098e-05
[sample 027] iter 13: max_mismatchPQ=7.489e-04, NN_max_dAng=4.539e-04, NN_max_dV=9.105e-06  True_errAng=2.590e-03, True_errV=5.186e-05
[sample 027] iter 14: max_mismatchPQ=6.440e-04, NN_max_dAng=3.885e-04, NN_max_dV=7.967e-06  True_errAng=2.201e-03, True_errV=4.387e-05
[sample 027] iter 15: max_mismatchPQ=5.524e-04, NN_max_dAng=3.330e-04, NN_max_dV=6.643e-06  True_errAng=1.868e-03, True_errV=3.725e-05
[sample 027] iter 16: max_mismatchPQ=4.714e-04, NN_max_dAng=2.858e-04, NN_max_dV=5.733e-06  True_errAng=1.582e-03, True_errV=3.153e-05
[sample 027] iter 17: max_mismatchPQ=4.065e-04, NN_max_dAng=2.450e-04, NN_max_dV=5.032e-06  True_errAng=1.337e-03, True_errV=2.646e-05
[sample 027] iter 18: max_mismatchPQ=3.474e-04, NN_max_dAng=2.103e-04, NN_max_dV=4.188e-06  True_errAng=1.127e-03, True_errV=2.229e-05
[sample 027] iter 19: max_mismatchPQ=2.997e-04, NN_max_dAng=1.805e-04, NN_max_dV=3.664e-06  True_errAng=9.466e-04, True_errV=1.866e-05
[sample 027] iter 20: max_mismatchPQ=2.539e-04, NN_max_dAng=1.550e-04, NN_max_dV=3.178e-06  True_errAng=7.915e-04, True_errV=1.544e-05
[sample 027] >>> stop_reason=max_blocks, used_iter=20, max_PQ_mismatch=2.539e-04
[1;32m===== Test Sample Heatmap Cell: X=(-2.00,-1.80), PQ=(-1.60,-1.40), x_signed=-1.932469, pq_signed=-1.532128, valid_label=1 =====[0m
---- Error Metrics (Best State) ----
Angel_MAX   : 7.915348e-04
Voltage_MAX : 1.543760e-05
P_MAX       : 2.539158e-04
Q_MAX       : 8.439273e-05
P_MAE       : 7.101830e-05
Q_MAE       : 2.390381e-05
P_MSE       : 8.279953e-09
Q_MSE       : 9.677753e-10
P_RMSE      : 9.099425e-05
Q_RMSE      : 3.110909e-05

[sample 028] iter 00: max_mismatchPQ=3.258e+01, NN_max_dAng=0.000e+00, NN_max_dV=0.000e+00  True_errAng=9.579e-02, True_errV=1.913e-01
[sample 028] iter 01: max_mismatchPQ=3.150e-01, NN_max_dAng=9.543e-02, NN_max_dV=1.909e-01  True_errAng=2.836e-02, True_errV=7.175e-03
[sample 028] iter 02: max_mismatchPQ=6.014e-03, NN_max_dAng=1.588e-02, NN_max_dV=7.106e-03  True_errAng=1.249e-02, True_errV=2.100e-04
[sample 028] iter 03: max_mismatchPQ=2.778e-03, NN_max_dAng=4.640e-03, NN_max_dV=1.418e-04  True_errAng=7.848e-03, True_errV=1.127e-04
[sample 028] iter 04: max_mismatchPQ=1.901e-03, NN_max_dAng=2.452e-03, NN_max_dV=3.783e-05  True_errAng=5.396e-03, True_errV=8.464e-05
[sample 028] iter 05: max_mismatchPQ=1.294e-03, NN_max_dAng=1.673e-03, NN_max_dV=2.525e-05  True_errAng=3.724e-03, True_errV=5.937e-05
[sample 028] iter 06: max_mismatchPQ=8.882e-04, NN_max_dAng=1.170e-03, NN_max_dV=1.849e-05  True_errAng=2.554e-03, True_errV=4.089e-05
[sample 028] iter 07: max_mismatchPQ=6.116e-04, NN_max_dAng=8.121e-04, NN_max_dV=1.298e-05  True_errAng=1.742e-03, True_errV=2.784e-05
[sample 028] iter 08: max_mismatchPQ=4.228e-04, NN_max_dAng=5.594e-04, NN_max_dV=8.883e-06  True_errAng=1.183e-03, True_errV=1.889e-05
[sample 028] iter 09: max_mismatchPQ=2.921e-04, NN_max_dAng=3.832e-04, NN_max_dV=6.230e-06  True_errAng=8.005e-04, True_errV=1.276e-05
[sample 028] iter 10: max_mismatchPQ=2.020e-04, NN_max_dAng=2.617e-04, NN_max_dV=4.285e-06  True_errAng=5.392e-04, True_errV=8.464e-06
[sample 028] iter 11: max_mismatchPQ=1.414e-04, NN_max_dAng=1.784e-04, NN_max_dV=2.935e-06  True_errAng=3.609e-04, True_errV=5.603e-06
[sample 028] iter 12: max_mismatchPQ=9.853e-05, NN_max_dAng=1.219e-04, NN_max_dV=1.854e-06  True_errAng=2.392e-04, True_errV=5.066e-06
[sample 028] >>> stop_reason=converged, used_iter=12, max_PQ_mismatch=9.853e-05
[1;32m===== Test Sample Heatmap Cell: X=(-2.00,-1.80), PQ=(-1.60,-1.40), x_signed=-1.925221, pq_signed=-1.468563, valid_label=1 =====[0m
---- Error Metrics (Best State) ----
Angel_MAX   : 2.391934e-04
Voltage_MAX : 5.066395e-06
P_MAX       : 9.852648e-05
Q_MAX       : 6.532669e-05
P_MAE       : 3.247001e-05
Q_MAE       : 2.117394e-05
P_MSE       : 1.656662e-09
Q_MSE       : 7.037758e-10
P_RMSE      : 4.070211e-05
Q_RMSE      : 2.652877e-05

[sample 029] iter 00: max_mismatchPQ=2.810e+01, NN_max_dAng=0.000e+00, NN_max_dV=0.000e+00  True_errAng=1.838e-01, True_errV=8.933e-02
[sample 029] iter 01: max_mismatchPQ=9.198e-01, NN_max_dAng=1.403e-01, NN_max_dV=9.010e-02  True_errAng=4.358e-02, True_errV=5.120e-03
[sample 029] iter 02: max_mismatchPQ=1.767e-02, NN_max_dAng=2.515e-02, NN_max_dV=5.047e-03  True_errAng=2.058e-02, True_errV=2.370e-04
[sample 029] iter 03: max_mismatchPQ=5.785e-03, NN_max_dAng=8.390e-03, NN_max_dV=1.050e-04  True_errAng=1.219e-02, True_errV=1.564e-04
[sample 029] iter 04: max_mismatchPQ=2.945e-03, NN_max_dAng=3.229e-03, NN_max_dV=4.918e-05  True_errAng=8.965e-03, True_errV=1.138e-04
[sample 029] iter 05: max_mismatchPQ=2.226e-03, NN_max_dAng=1.778e-03, NN_max_dV=3.006e-05  True_errAng=7.187e-03, True_errV=8.762e-05
[sample 029] iter 06: max_mismatchPQ=1.809e-03, NN_max_dAng=1.249e-03, NN_max_dV=2.337e-05  True_errAng=5.938e-03, True_errV=7.015e-05
[sample 029] iter 07: max_mismatchPQ=1.498e-03, NN_max_dAng=9.665e-04, NN_max_dV=1.634e-05  True_errAng=4.971e-03, True_errV=5.746e-05
[sample 029] iter 08: max_mismatchPQ=1.253e-03, NN_max_dAng=7.771e-04, NN_max_dV=1.149e-05  True_errAng=4.194e-03, True_errV=4.762e-05
[sample 029] iter 09: max_mismatchPQ=1.053e-03, NN_max_dAng=6.376e-04, NN_max_dV=7.723e-06  True_errAng=3.556e-03, True_errV=3.988e-05
[sample 029] iter 10: max_mismatchPQ=8.930e-04, NN_max_dAng=5.296e-04, NN_max_dV=6.106e-06  True_errAng=3.027e-03, True_errV=3.380e-05
[sample 029] iter 11: max_mismatchPQ=7.590e-04, NN_max_dAng=4.429e-04, NN_max_dV=5.342e-06  True_errAng=2.584e-03, True_errV=2.849e-05
[sample 029] iter 12: max_mismatchPQ=6.472e-04, NN_max_dAng=3.721e-04, NN_max_dV=4.116e-06  True_errAng=2.212e-03, True_errV=2.432e-05
[sample 029] iter 13: max_mismatchPQ=5.528e-04, NN_max_dAng=3.139e-04, NN_max_dV=3.611e-06  True_errAng=1.898e-03, True_errV=2.074e-05
[sample 029] iter 14: max_mismatchPQ=4.751e-04, NN_max_dAng=2.656e-04, NN_max_dV=2.921e-06  True_errAng=1.632e-03, True_errV=1.812e-05
[sample 029] iter 15: max_mismatchPQ=4.081e-04, NN_max_dAng=2.249e-04, NN_max_dV=2.541e-06  True_errAng=1.407e-03, True_errV=1.675e-05
[sample 029] iter 16: max_mismatchPQ=3.528e-04, NN_max_dAng=1.909e-04, NN_max_dV=2.283e-06  True_errAng=1.217e-03, True_errV=1.562e-05
[sample 029] iter 17: max_mismatchPQ=3.056e-04, NN_max_dAng=1.619e-04, NN_max_dV=1.872e-06  True_errAng=1.055e-03, True_errV=1.478e-05
[sample 029] iter 18: max_mismatchPQ=2.636e-04, NN_max_dAng=1.380e-04, NN_max_dV=1.402e-06  True_errAng=9.167e-04, True_errV=1.389e-05
[sample 029] iter 19: max_mismatchPQ=2.314e-04, NN_max_dAng=1.172e-04, NN_max_dV=1.331e-06  True_errAng=7.994e-04, True_errV=1.329e-05
[sample 029] iter 20: max_mismatchPQ=2.014e-04, NN_max_dAng=9.965e-05, NN_max_dV=1.114e-06  True_errAng=7.000e-04, True_errV=1.264e-05
[sample 029] >>> stop_reason=max_blocks, used_iter=20, max_PQ_mismatch=2.014e-04
[1;32m===== Test Sample Heatmap Cell: X=(-2.00,-1.80), PQ=(-1.60,-1.40), x_signed=-1.839311, pq_signed=-1.595194, valid_label=1 =====[0m
---- Error Metrics (Best State) ----
Angel_MAX   : 6.999969e-04
Voltage_MAX : 1.263618e-05
P_MAX       : 2.013647e-04
Q_MAX       : 1.292825e-04
P_MAE       : 6.417551e-05
Q_MAE       : 3.181293e-05
P_MSE       : 7.072820e-09
Q_MSE       : 1.675792e-09
P_RMSE      : 8.410006e-05
Q_RMSE      : 4.093644e-05

[sample 030] iter 00: max_mismatchPQ=2.485e+01, NN_max_dAng=0.000e+00, NN_max_dV=0.000e+00  True_errAng=9.436e-02, True_errV=1.898e-01
[sample 030] iter 01: max_mismatchPQ=5.119e-01, NN_max_dAng=9.237e-02, NN_max_dV=1.726e-01  True_errAng=2.941e-02, True_errV=1.762e-02
[sample 030] iter 02: max_mismatchPQ=4.409e-03, NN_max_dAng=2.550e-02, NN_max_dV=1.761e-02  True_errAng=5.829e-03, True_errV=1.108e-04
[sample 030] iter 03: max_mismatchPQ=1.477e-03, NN_max_dAng=3.385e-03, NN_max_dV=7.145e-05  True_errAng=2.443e-03, True_errV=5.215e-05
[sample 030] iter 04: max_mismatchPQ=6.421e-04, NN_max_dAng=1.037e-03, NN_max_dV=2.754e-05  True_errAng=1.672e-03, True_errV=2.551e-05
[sample 030] iter 05: max_mismatchPQ=4.015e-04, NN_max_dAng=5.083e-04, NN_max_dV=1.365e-05  True_errAng=1.164e-03, True_errV=1.729e-05
[sample 030] iter 06: max_mismatchPQ=2.770e-04, NN_max_dAng=3.679e-04, NN_max_dV=5.947e-06  True_errAng=7.959e-04, True_errV=1.281e-05
[sample 030] iter 07: max_mismatchPQ=1.891e-04, NN_max_dAng=2.622e-04, NN_max_dV=2.577e-06  True_errAng=5.337e-04, True_errV=1.168e-05
[sample 030] iter 08: max_mismatchPQ=1.452e-04, NN_max_dAng=1.834e-04, NN_max_dV=1.560e-06  True_errAng=3.874e-04, True_errV=1.132e-05
[sample 030] iter 09: max_mismatchPQ=1.261e-04, NN_max_dAng=1.267e-04, NN_max_dV=1.085e-06  True_errAng=3.397e-04, True_errV=1.109e-05
[sample 030] iter 10: max_mismatchPQ=1.136e-04, NN_max_dAng=8.661e-05, NN_max_dV=6.255e-07  True_errAng=3.041e-04, True_errV=1.097e-05
[sample 030] iter 11: max_mismatchPQ=1.098e-04, NN_max_dAng=5.890e-05, NN_max_dV=6.527e-07  True_errAng=2.768e-04, True_errV=1.073e-05
[sample 030] iter 12: max_mismatchPQ=1.059e-04, NN_max_dAng=3.971e-05, NN_max_dV=5.336e-07  True_errAng=2.556e-04, True_errV=1.061e-05
[sample 030] iter 13: max_mismatchPQ=1.060e-04, NN_max_dAng=2.681e-05, NN_max_dV=2.973e-07  True_errAng=2.389e-04, True_errV=1.043e-05
[sample 030] iter 14: max_mismatchPQ=1.003e-04, NN_max_dAng=1.781e-05, NN_max_dV=3.104e-07  True_errAng=2.253e-04, True_errV=1.019e-05
[sample 030] iter 15: max_mismatchPQ=1.041e-04, NN_max_dAng=1.171e-05, NN_max_dV=4.240e-07  True_errAng=2.143e-04, True_errV=1.001e-05
[sample 030] iter 16: max_mismatchPQ=1.004e-04, NN_max_dAng=8.964e-06, NN_max_dV=2.525e-07  True_errAng=2.053e-04, True_errV=1.007e-05
[sample 030] iter 17: max_mismatchPQ=1.004e-04, NN_max_dAng=7.429e-06, NN_max_dV=2.133e-07  True_errAng=1.979e-04, True_errV=1.007e-05
[sample 030] iter 18: max_mismatchPQ=1.043e-04, NN_max_dAng=6.158e-06, NN_max_dV=5.812e-07  True_errAng=1.917e-04, True_errV=1.001e-05
[sample 030] iter 19: max_mismatchPQ=1.006e-04, NN_max_dAng=5.191e-06, NN_max_dV=2.223e-07  True_errAng=1.866e-04, True_errV=1.007e-05
[sample 030] iter 20: max_mismatchPQ=9.871e-05, NN_max_dAng=4.452e-06, NN_max_dV=2.937e-07  True_errAng=1.821e-04, True_errV=1.007e-05
[sample 030] >>> stop_reason=converged, used_iter=20, max_PQ_mismatch=9.871e-05
[1;32m===== Test Sample Heatmap Cell: X=(-2.00,-1.80), PQ=(-1.60,-1.40), x_signed=-1.909673, pq_signed=-1.566352, valid_label=1 =====[0m
---- Error Metrics (Best State) ----
Angel_MAX   : 1.821071e-04
Voltage_MAX : 1.007318e-05
P_MAX       : 7.647276e-05
Q_MAX       : 9.870529e-05
P_MAE       : 2.041390e-05
Q_MAE       : 2.319179e-05
P_MSE       : 6.629711e-10
Q_MSE       : 9.038018e-10
P_RMSE      : 2.574823e-05
Q_RMSE      : 3.006330e-05

[sample 031] iter 00: max_mismatchPQ=3.130e+01, NN_max_dAng=0.000e+00, NN_max_dV=0.000e+00  True_errAng=1.902e-01, True_errV=9.393e-02
[sample 031] iter 01: max_mismatchPQ=4.731e-01, NN_max_dAng=1.262e-01, NN_max_dV=9.307e-02  True_errAng=6.400e-02, True_errV=6.164e-03
[sample 031] iter 02: max_mismatchPQ=1.237e-02, NN_max_dAng=6.073e-02, NN_max_dV=6.183e-03  True_errAng=3.934e-03, True_errV=1.660e-04
[sample 031] iter 03: max_mismatchPQ=1.329e-03, NN_max_dAng=2.977e-03, NN_max_dV=1.563e-04  True_errAng=2.349e-03, True_errV=4.423e-05
[sample 031] iter 04: max_mismatchPQ=6.597e-04, NN_max_dAng=9.580e-04, NN_max_dV=2.315e-05  True_errAng=1.786e-03, True_errV=2.444e-05
[sample 031] iter 05: max_mismatchPQ=4.082e-04, NN_max_dAng=4.767e-04, NN_max_dV=1.061e-05  True_errAng=1.309e-03, True_errV=1.550e-05
[sample 031] iter 06: max_mismatchPQ=2.943e-04, NN_max_dAng=3.568e-04, NN_max_dV=4.586e-06  True_errAng=9.521e-04, True_errV=1.258e-05
[sample 031] iter 07: max_mismatchPQ=2.127e-04, NN_max_dAng=2.580e-04, NN_max_dV=2.226e-06  True_errAng=6.941e-04, True_errV=1.240e-05
[sample 031] iter 08: max_mismatchPQ=1.765e-04, NN_max_dAng=1.837e-04, NN_max_dV=1.499e-06  True_errAng=5.867e-04, True_errV=1.192e-05
[sample 031] iter 09: max_mismatchPQ=1.658e-04, NN_max_dAng=1.302e-04, NN_max_dV=9.843e-07  True_errAng=5.368e-04, True_errV=1.168e-05
[sample 031] iter 10: max_mismatchPQ=1.555e-04, NN_max_dAng=9.229e-05, NN_max_dV=7.668e-07  True_errAng=4.893e-04, True_errV=1.097e-05
[sample 031] iter 11: max_mismatchPQ=1.462e-04, NN_max_dAng=6.570e-05, NN_max_dV=8.545e-07  True_errAng=4.459e-04, True_errV=1.019e-05
[sample 031] iter 12: max_mismatchPQ=1.369e-04, NN_max_dAng=4.696e-05, NN_max_dV=6.863e-07  True_errAng=4.069e-04, True_errV=9.596e-06
[sample 031] iter 13: max_mismatchPQ=1.286e-04, NN_max_dAng=3.482e-05, NN_max_dV=5.332e-07  True_errAng=3.721e-04, True_errV=9.060e-06
[sample 031] iter 14: max_mismatchPQ=1.212e-04, NN_max_dAng=3.057e-05, NN_max_dV=6.094e-07  True_errAng=3.415e-04, True_errV=8.464e-06
[sample 031] iter 15: max_mismatchPQ=1.150e-04, NN_max_dAng=2.663e-05, NN_max_dV=4.114e-07  True_errAng=3.149e-04, True_errV=8.225e-06
[sample 031] iter 16: max_mismatchPQ=1.107e-04, NN_max_dAng=2.331e-05, NN_max_dV=6.187e-07  True_errAng=2.916e-04, True_errV=7.749e-06
[sample 031] iter 17: max_mismatchPQ=1.033e-04, NN_max_dAng=2.018e-05, NN_max_dV=4.728e-07  True_errAng=2.714e-04, True_errV=7.629e-06
[sample 031] iter 18: max_mismatchPQ=1.002e-04, NN_max_dAng=1.755e-05, NN_max_dV=3.281e-07  True_errAng=2.539e-04, True_errV=7.331e-06
[sample 031] iter 19: max_mismatchPQ=9.593e-05, NN_max_dAng=1.511e-05, NN_max_dV=3.230e-07  True_errAng=2.388e-04, True_errV=7.153e-06
[sample 031] >>> stop_reason=converged, used_iter=19, max_PQ_mismatch=9.593e-05
[1;32m===== Test Sample Heatmap Cell: X=(-2.00,-1.80), PQ=(-1.40,-1.20), x_signed=-1.902412, pq_signed=-1.245696, valid_label=1 =====[0m
---- Error Metrics (Best State) ----
Angel_MAX   : 2.387762e-04
Voltage_MAX : 7.152557e-06
P_MAX       : 9.593088e-05
Q_MAX       : 6.976724e-05
P_MAE       : 2.248365e-05
Q_MAE       : 1.812151e-05
P_MSE       : 8.630506e-10
Q_MSE       : 6.115036e-10
P_RMSE      : 2.937772e-05
Q_RMSE      : 2.472860e-05

[sample 032] iter 00: max_mismatchPQ=4.040e+01, NN_max_dAng=0.000e+00, NN_max_dV=0.000e+00  True_errAng=9.943e-02, True_errV=1.983e-01
[sample 032] iter 01: max_mismatchPQ=2.185e-01, NN_max_dAng=9.414e-02, NN_max_dV=1.817e-01  True_errAng=2.096e-02, True_errV=1.654e-02
[sample 032] iter 02: max_mismatchPQ=8.225e-03, NN_max_dAng=2.459e-02, NN_max_dV=1.650e-02  True_errAng=6.645e-03, True_errV=1.284e-04
[sample 032] iter 03: max_mismatchPQ=2.288e-03, NN_max_dAng=3.230e-03, NN_max_dV=9.737e-05  True_errAng=3.416e-03, True_errV=8.214e-05
[sample 032] iter 04: max_mismatchPQ=1.083e-03, NN_max_dAng=1.713e-03, NN_max_dV=4.234e-05  True_errAng=2.048e-03, True_errV=3.982e-05
[sample 032] iter 05: max_mismatchPQ=5.327e-04, NN_max_dAng=7.696e-04, NN_max_dV=2.073e-05  True_errAng=1.536e-03, True_errV=1.907e-05
[sample 032] iter 06: max_mismatchPQ=3.381e-04, NN_max_dAng=4.178e-04, NN_max_dV=9.481e-06  True_errAng=1.118e-03, True_errV=1.246e-05
[sample 032] iter 07: max_mismatchPQ=2.452e-04, NN_max_dAng=3.129e-04, NN_max_dV=4.261e-06  True_errAng=8.055e-04, True_errV=9.656e-06
[sample 032] iter 08: max_mismatchPQ=1.775e-04, NN_max_dAng=2.274e-04, NN_max_dV=2.299e-06  True_errAng=5.781e-04, True_errV=8.285e-06
[sample 032] iter 09: max_mismatchPQ=1.323e-04, NN_max_dAng=1.634e-04, NN_max_dV=1.489e-06  True_errAng=4.549e-04, True_errV=7.093e-06
[sample 032] iter 10: max_mismatchPQ=1.131e-04, NN_max_dAng=1.168e-04, NN_max_dV=1.142e-06  True_errAng=3.788e-04, True_errV=6.199e-06
[sample 032] iter 11: max_mismatchPQ=9.714e-05, NN_max_dAng=8.369e-05, NN_max_dV=1.094e-06  True_errAng=3.096e-04, True_errV=5.543e-06
[sample 032] >>> stop_reason=converged, used_iter=11, max_PQ_mismatch=9.714e-05
[1;32m===== Test Sample Heatmap Cell: X=(-2.00,-1.80), PQ=(-1.40,-1.20), x_signed=-1.995363, pq_signed=-1.383579, valid_label=1 =====[0m
---- Error Metrics (Best State) ----
Angel_MAX   : 3.096312e-04
Voltage_MAX : 5.543232e-06
P_MAX       : 9.713974e-05
Q_MAX       : 8.603930e-05
P_MAE       : 4.063794e-05
Q_MAE       : 2.269691e-05
P_MSE       : 2.012642e-09
Q_MSE       : 9.042783e-10
P_RMSE      : 4.486247e-05
Q_RMSE      : 3.007122e-05

[sample 033] iter 00: max_mismatchPQ=2.070e+01, NN_max_dAng=0.000e+00, NN_max_dV=0.000e+00  True_errAng=1.853e-01, True_errV=9.158e-02
[sample 033] iter 01: max_mismatchPQ=7.145e-01, NN_max_dAng=1.364e-01, NN_max_dV=9.129e-02  True_errAng=4.888e-02, True_errV=1.124e-02
[sample 033] iter 02: max_mismatchPQ=1.593e-02, NN_max_dAng=4.183e-02, NN_max_dV=1.097e-02  True_errAng=1.099e-02, True_errV=2.713e-04
[sample 033] iter 03: max_mismatchPQ=3.063e-03, NN_max_dAng=4.743e-03, NN_max_dV=2.580e-04  True_errAng=8.044e-03, True_errV=1.044e-04
[sample 033] iter 04: max_mismatchPQ=2.018e-03, NN_max_dAng=2.595e-03, NN_max_dV=3.960e-05  True_errAng=5.723e-03, True_errV=6.980e-05
[sample 033] iter 05: max_mismatchPQ=1.377e-03, NN_max_dAng=1.829e-03, NN_max_dV=1.990e-05  True_errAng=3.893e-03, True_errV=5.251e-05
[sample 033] iter 06: max_mismatchPQ=9.347e-04, NN_max_dAng=1.274e-03, NN_max_dV=1.275e-05  True_errAng=2.619e-03, True_errV=4.005e-05
[sample 033] iter 07: max_mismatchPQ=6.349e-04, NN_max_dAng=8.710e-04, NN_max_dV=9.042e-06  True_errAng=1.748e-03, True_errV=3.099e-05
[sample 033] iter 08: max_mismatchPQ=4.304e-04, NN_max_dAng=5.901e-04, NN_max_dV=6.899e-06  True_errAng=1.158e-03, True_errV=2.414e-05
[sample 033] iter 09: max_mismatchPQ=2.940e-04, NN_max_dAng=3.969e-04, NN_max_dV=5.223e-06  True_errAng=8.662e-04, True_errV=1.889e-05
[sample 033] iter 10: max_mismatchPQ=2.316e-04, NN_max_dAng=2.652e-04, NN_max_dV=4.240e-06  True_errAng=6.963e-04, True_errV=1.472e-05
[sample 033] iter 11: max_mismatchPQ=1.864e-04, NN_max_dAng=1.758e-04, NN_max_dV=3.267e-06  True_errAng=5.589e-04, True_errV=1.144e-05
[sample 033] iter 12: max_mismatchPQ=1.540e-04, NN_max_dAng=1.157e-04, NN_max_dV=2.558e-06  True_errAng=4.466e-04, True_errV=8.941e-06
[sample 033] iter 13: max_mismatchPQ=1.235e-04, NN_max_dAng=9.233e-05, NN_max_dV=2.025e-06  True_errAng=3.542e-04, True_errV=6.974e-06
[sample 033] iter 14: max_mismatchPQ=1.035e-04, NN_max_dAng=7.704e-05, NN_max_dV=1.733e-06  True_errAng=2.772e-04, True_errV=5.364e-06
[sample 033] iter 15: max_mismatchPQ=8.059e-05, NN_max_dAng=6.448e-05, NN_max_dV=1.377e-06  True_errAng=2.127e-04, True_errV=5.782e-06
[sample 033] >>> stop_reason=converged, used_iter=15, max_PQ_mismatch=8.059e-05
[1;32m===== Test Sample Heatmap Cell: X=(-2.00,-1.80), PQ=(-1.40,-1.20), x_signed=-1.853692, pq_signed=-1.317359, valid_label=1 =====[0m
---- Error Metrics (Best State) ----
Angel_MAX   : 2.127290e-04
Voltage_MAX : 5.781651e-06
P_MAX       : 8.058548e-05
Q_MAX       : 6.303564e-05
P_MAE       : 2.442343e-05
Q_MAE       : 1.913719e-05
P_MSE       : 8.889540e-10
Q_MSE       : 6.521943e-10
P_RMSE      : 2.981533e-05
Q_RMSE      : 2.553809e-05

[sample 034] iter 00: max_mismatchPQ=7.824e+01, NN_max_dAng=0.000e+00, NN_max_dV=0.000e+00  True_errAng=1.899e-01, True_errV=9.187e-02
[sample 034] iter 01: max_mismatchPQ=9.133e-01, NN_max_dAng=1.664e-01, NN_max_dV=9.164e-02  True_errAng=3.113e-02, True_errV=4.749e-03
[sample 034] iter 02: max_mismatchPQ=1.636e-02, NN_max_dAng=1.855e-02, NN_max_dV=4.693e-03  True_errAng=1.515e-02, True_errV=2.896e-04
[sample 034] iter 03: max_mismatchPQ=5.339e-03, NN_max_dAng=7.162e-03, NN_max_dV=1.308e-04  True_errAng=9.713e-03, True_errV=1.712e-04
[sample 034] iter 04: max_mismatchPQ=2.621e-03, NN_max_dAng=3.738e-03, NN_max_dV=7.794e-05  True_errAng=7.040e-03, True_errV=9.322e-05
[sample 034] iter 05: max_mismatchPQ=1.606e-03, NN_max_dAng=1.956e-03, NN_max_dV=4.042e-05  True_errAng=5.083e-03, True_errV=5.555e-05
[sample 034] iter 06: max_mismatchPQ=1.133e-03, NN_max_dAng=1.441e-03, NN_max_dV=1.989e-05  True_errAng=3.642e-03, True_errV=3.660e-05
[sample 034] iter 07: max_mismatchPQ=7.921e-04, NN_max_dAng=1.038e-03, NN_max_dV=1.005e-05  True_errAng=2.604e-03, True_errV=2.658e-05
[sample 034] iter 08: max_mismatchPQ=5.589e-04, NN_max_dAng=7.356e-04, NN_max_dV=6.443e-06  True_errAng=1.869e-03, True_errV=2.450e-05
[sample 034] iter 09: max_mismatchPQ=3.959e-04, NN_max_dAng=5.181e-04, NN_max_dV=4.409e-06  True_errAng=1.350e-03, True_errV=2.331e-05
[sample 034] iter 10: max_mismatchPQ=3.262e-04, NN_max_dAng=3.637e-04, NN_max_dV=2.973e-06  True_errAng=1.208e-03, True_errV=2.187e-05
[sample 034] iter 11: max_mismatchPQ=2.973e-04, NN_max_dAng=2.563e-04, NN_max_dV=2.336e-06  True_errAng=1.080e-03, True_errV=2.038e-05
[sample 034] iter 12: max_mismatchPQ=2.723e-04, NN_max_dAng=1.811e-04, NN_max_dV=1.935e-06  True_errAng=9.625e-04, True_errV=1.895e-05
[sample 034] iter 13: max_mismatchPQ=2.470e-04, NN_max_dAng=1.290e-04, NN_max_dV=1.736e-06  True_errAng=8.571e-04, True_errV=1.717e-05
[sample 034] iter 14: max_mismatchPQ=2.239e-04, NN_max_dAng=9.356e-05, NN_max_dV=1.672e-06  True_errAng=7.636e-04, True_errV=1.591e-05
[sample 034] iter 15: max_mismatchPQ=2.041e-04, NN_max_dAng=8.241e-05, NN_max_dV=1.386e-06  True_errAng=6.811e-04, True_errV=1.460e-05
[sample 034] iter 16: max_mismatchPQ=1.865e-04, NN_max_dAng=7.209e-05, NN_max_dV=1.251e-06  True_errAng=6.090e-04, True_errV=1.353e-05
[sample 034] iter 17: max_mismatchPQ=1.693e-04, NN_max_dAng=6.272e-05, NN_max_dV=1.120e-06  True_errAng=5.463e-04, True_errV=1.258e-05
[sample 034] iter 18: max_mismatchPQ=1.543e-04, NN_max_dAng=5.452e-05, NN_max_dV=1.054e-06  True_errAng=4.918e-04, True_errV=1.150e-05
[sample 034] iter 19: max_mismatchPQ=1.431e-04, NN_max_dAng=4.739e-05, NN_max_dV=9.007e-07  True_errAng=4.444e-04, True_errV=1.073e-05
[sample 034] iter 20: max_mismatchPQ=1.326e-04, NN_max_dAng=4.093e-05, NN_max_dV=7.235e-07  True_errAng=4.034e-04, True_errV=1.019e-05
[sample 034] >>> stop_reason=max_blocks, used_iter=20, max_PQ_mismatch=1.326e-04
[1;32m===== Test Sample Heatmap Cell: X=(-2.00,-1.80), PQ=(-1.40,-1.20), x_signed=-1.899817, pq_signed=-1.335977, valid_label=1 =====[0m
---- Error Metrics (Best State) ----
Angel_MAX   : 4.034489e-04
Voltage_MAX : 1.019239e-05
P_MAX       : 1.325801e-04
Q_MAX       : 8.201599e-05
P_MAE       : 3.768843e-05
Q_MAE       : 2.034062e-05
P_MSE       : 2.197727e-09
Q_MSE       : 7.429249e-10
P_RMSE      : 4.687992e-05
Q_RMSE      : 2.725665e-05

[sample 035] iter 00: max_mismatchPQ=5.964e+01, NN_max_dAng=0.000e+00, NN_max_dV=0.000e+00  True_errAng=9.896e-02, True_errV=1.974e-01
[sample 035] iter 01: max_mismatchPQ=3.960e-01, NN_max_dAng=1.059e-01, NN_max_dV=1.973e-01  True_errAng=3.796e-02, True_errV=7.151e-03
[sample 035] iter 02: max_mismatchPQ=6.266e-03, NN_max_dAng=3.691e-02, NN_max_dV=7.126e-03  True_errAng=1.013e-02, True_errV=2.235e-04
[sample 035] iter 03: max_mismatchPQ=2.527e-03, NN_max_dAng=4.660e-03, NN_max_dV=1.384e-04  True_errAng=6.437e-03, True_errV=1.159e-04
[sample 035] iter 04: max_mismatchPQ=1.564e-03, NN_max_dAng=2.208e-03, NN_max_dV=4.689e-05  True_errAng=4.228e-03, True_errV=6.908e-05
[sample 035] iter 05: max_mismatchPQ=9.975e-04, NN_max_dAng=1.467e-03, NN_max_dV=2.517e-05  True_errAng=2.762e-03, True_errV=4.399e-05
[sample 035] iter 06: max_mismatchPQ=6.442e-04, NN_max_dAng=9.574e-04, NN_max_dV=1.562e-05  True_errAng=1.804e-03, True_errV=2.843e-05
[sample 035] iter 07: max_mismatchPQ=4.153e-04, NN_max_dAng=6.281e-04, NN_max_dV=9.977e-06  True_errAng=1.176e-03, True_errV=1.854e-05
[sample 035] iter 08: max_mismatchPQ=2.768e-04, NN_max_dAng=4.132e-04, NN_max_dV=6.731e-06  True_errAng=8.009e-04, True_errV=1.180e-05
[sample 035] iter 09: max_mismatchPQ=2.187e-04, NN_max_dAng=2.719e-04, NN_max_dV=4.165e-06  True_errAng=6.400e-04, True_errV=7.987e-06
[sample 035] iter 10: max_mismatchPQ=1.729e-04, NN_max_dAng=1.782e-04, NN_max_dV=3.104e-06  True_errAng=5.090e-04, True_errV=6.020e-06
[sample 035] iter 11: max_mismatchPQ=1.376e-04, NN_max_dAng=1.162e-04, NN_max_dV=1.801e-06  True_errAng=4.018e-04, True_errV=5.066e-06
[sample 035] iter 12: max_mismatchPQ=1.128e-04, NN_max_dAng=8.821e-05, NN_max_dV=1.361e-06  True_errAng=3.136e-04, True_errV=5.126e-06
[sample 035] iter 13: max_mismatchPQ=8.708e-05, NN_max_dAng=7.311e-05, NN_max_dV=1.121e-06  True_errAng=2.405e-04, True_errV=5.305e-06
[sample 035] >>> stop_reason=converged, used_iter=13, max_PQ_mismatch=8.708e-05
[1;32m===== Test Sample Heatmap Cell: X=(-2.00,-1.80), PQ=(-1.40,-1.20), x_signed=-1.986085, pq_signed=-1.251876, valid_label=1 =====[0m
---- Error Metrics (Best State) ----
Angel_MAX   : 2.405047e-04
Voltage_MAX : 5.304813e-06
P_MAX       : 8.708239e-05
Q_MAX       : 6.495416e-05
P_MAE       : 2.966862e-05
Q_MAE       : 2.109261e-05
P_MSE       : 1.305751e-09
Q_MSE       : 6.503552e-10
P_RMSE      : 3.613518e-05
Q_RMSE      : 2.550206e-05

[sample 036] iter 00: max_mismatchPQ=2.537e+01, NN_max_dAng=0.000e+00, NN_max_dV=0.000e+00  True_errAng=1.843e-01, True_errV=9.093e-02
[sample 036] iter 01: max_mismatchPQ=1.044e+00, NN_max_dAng=1.318e-01, NN_max_dV=9.032e-02  True_errAng=5.246e-02, True_errV=2.417e-02
[sample 036] iter 02: max_mismatchPQ=8.434e-03, NN_max_dAng=4.128e-02, NN_max_dV=2.415e-02  True_errAng=1.294e-02, True_errV=1.665e-04
[sample 036] iter 03: max_mismatchPQ=2.009e-03, NN_max_dAng=5.796e-03, NN_max_dV=1.446e-04  True_errAng=7.209e-03, True_errV=1.044e-04
[sample 036] iter 04: max_mismatchPQ=1.609e-03, NN_max_dAng=2.109e-03, NN_max_dV=4.189e-05  True_errAng=6.121e-03, True_errV=9.143e-05
[sample 036] iter 05: max_mismatchPQ=1.396e-03, NN_max_dAng=1.336e-03, NN_max_dV=1.063e-05  True_errAng=5.358e-03, True_errV=8.124e-05
[sample 036] iter 06: max_mismatchPQ=1.243e-03, NN_max_dAng=9.403e-04, NN_max_dV=9.161e-06  True_errAng=4.686e-03, True_errV=7.206e-05
[sample 036] iter 07: max_mismatchPQ=1.103e-03, NN_max_dAng=6.747e-04, NN_max_dV=8.519e-06  True_errAng=4.087e-03, True_errV=6.360e-05
[sample 036] iter 08: max_mismatchPQ=9.731e-04, NN_max_dAng=5.306e-04, NN_max_dV=7.676e-06  True_errAng=3.556e-03, True_errV=5.591e-05
[sample 036] iter 09: max_mismatchPQ=8.551e-04, NN_max_dAng=4.657e-04, NN_max_dV=6.766e-06  True_errAng=3.091e-03, True_errV=4.911e-05
[sample 036] iter 10: max_mismatchPQ=7.499e-04, NN_max_dAng=4.063e-04, NN_max_dV=6.089e-06  True_errAng=2.684e-03, True_errV=4.297e-05
[sample 036] iter 11: max_mismatchPQ=6.603e-04, NN_max_dAng=3.531e-04, NN_max_dV=5.370e-06  True_errAng=2.331e-03, True_errV=3.761e-05
[sample 036] iter 12: max_mismatchPQ=5.785e-04, NN_max_dAng=3.058e-04, NN_max_dV=4.640e-06  True_errAng=2.025e-03, True_errV=3.296e-05
[sample 036] iter 13: max_mismatchPQ=5.087e-04, NN_max_dAng=2.641e-04, NN_max_dV=4.084e-06  True_errAng=1.761e-03, True_errV=2.885e-05
[sample 036] iter 14: max_mismatchPQ=4.455e-04, NN_max_dAng=2.276e-04, NN_max_dV=3.506e-06  True_errAng=1.534e-03, True_errV=2.545e-05
[sample 036] iter 15: max_mismatchPQ=3.952e-04, NN_max_dAng=1.959e-04, NN_max_dV=3.108e-06  True_errAng=1.338e-03, True_errV=2.235e-05
[sample 036] iter 16: max_mismatchPQ=3.487e-04, NN_max_dAng=1.687e-04, NN_max_dV=2.656e-06  True_errAng=1.169e-03, True_errV=1.985e-05
[sample 036] iter 17: max_mismatchPQ=3.091e-04, NN_max_dAng=1.449e-04, NN_max_dV=2.179e-06  True_errAng=1.024e-03, True_errV=1.770e-05
[sample 036] iter 18: max_mismatchPQ=2.738e-04, NN_max_dAng=1.245e-04, NN_max_dV=2.001e-06  True_errAng=8.997e-04, True_errV=1.585e-05
[sample 036] iter 19: max_mismatchPQ=2.433e-04, NN_max_dAng=1.069e-04, NN_max_dV=1.668e-06  True_errAng=7.928e-04, True_errV=1.425e-05
[sample 036] iter 20: max_mismatchPQ=2.192e-04, NN_max_dAng=9.181e-05, NN_max_dV=1.487e-06  True_errAng=7.010e-04, True_errV=1.281e-05
[sample 036] >>> stop_reason=max_blocks, used_iter=20, max_PQ_mismatch=2.192e-04
[1;32m===== Test Sample Heatmap Cell: X=(-2.00,-1.80), PQ=(-1.40,-1.20), x_signed=-1.843777, pq_signed=-1.378675, valid_label=1 =====[0m
---- Error Metrics (Best State) ----
Angel_MAX   : 7.010400e-04
Voltage_MAX : 1.281500e-05
P_MAX       : 2.192105e-04
Q_MAX       : 6.539002e-05
P_MAE       : 6.284141e-05
Q_MAE       : 2.274019e-05
P_MSE       : 6.402272e-09
Q_MSE       : 7.807004e-10
P_RMSE      : 8.001420e-05
Q_RMSE      : 2.794102e-05

[sample 037] iter 00: max_mismatchPQ=3.663e+01, NN_max_dAng=0.000e+00, NN_max_dV=0.000e+00  True_errAng=9.698e-02, True_errV=1.932e-01
[sample 037] iter 01: max_mismatchPQ=2.307e-01, NN_max_dAng=9.574e-02, NN_max_dV=1.838e-01  True_errAng=2.551e-02, True_errV=1.246e-02
[sample 037] iter 02: max_mismatchPQ=5.840e-03, NN_max_dAng=1.817e-02, NN_max_dV=1.271e-02  True_errAng=1.274e-02, True_errV=3.728e-04
[sample 037] iter 03: max_mismatchPQ=2.949e-03, NN_max_dAng=3.387e-03, NN_max_dV=1.920e-04  True_errAng=1.028e-02, True_errV=1.808e-04
[sample 037] iter 04: max_mismatchPQ=2.402e-03, NN_max_dAng=1.608e-03, NN_max_dV=3.739e-05  True_errAng=8.779e-03, True_errV=1.435e-04
[sample 037] iter 05: max_mismatchPQ=2.033e-03, NN_max_dAng=1.286e-03, NN_max_dV=2.418e-05  True_errAng=7.493e-03, True_errV=1.193e-04
[sample 037] iter 06: max_mismatchPQ=1.739e-03, NN_max_dAng=1.069e-03, NN_max_dV=1.787e-05  True_errAng=6.425e-03, True_errV=1.014e-04
[sample 037] iter 07: max_mismatchPQ=1.499e-03, NN_max_dAng=9.007e-04, NN_max_dV=1.445e-05  True_errAng=5.524e-03, True_errV=8.696e-05
[sample 037] iter 08: max_mismatchPQ=1.292e-03, NN_max_dAng=7.666e-04, NN_max_dV=1.206e-05  True_errAng=4.757e-03, True_errV=7.498e-05
[sample 037] iter 09: max_mismatchPQ=1.120e-03, NN_max_dAng=6.558e-04, NN_max_dV=1.028e-05  True_errAng=4.101e-03, True_errV=6.467e-05
[sample 037] iter 10: max_mismatchPQ=9.711e-04, NN_max_dAng=5.625e-04, NN_max_dV=8.580e-06  True_errAng=3.539e-03, True_errV=5.615e-05
[sample 037] iter 11: max_mismatchPQ=8.426e-04, NN_max_dAng=4.822e-04, NN_max_dV=7.371e-06  True_errAng=3.057e-03, True_errV=4.876e-05
[sample 037] iter 12: max_mismatchPQ=7.324e-04, NN_max_dAng=4.140e-04, NN_max_dV=6.423e-06  True_errAng=2.643e-03, True_errV=4.232e-05
[sample 037] iter 13: max_mismatchPQ=6.349e-04, NN_max_dAng=3.552e-04, NN_max_dV=5.471e-06  True_errAng=2.288e-03, True_errV=3.690e-05
[sample 037] iter 14: max_mismatchPQ=5.526e-04, NN_max_dAng=3.044e-04, NN_max_dV=4.790e-06  True_errAng=1.983e-03, True_errV=3.219e-05
[sample 037] iter 15: max_mismatchPQ=4.847e-04, NN_max_dAng=2.611e-04, NN_max_dV=3.909e-06  True_errAng=1.722e-03, True_errV=2.831e-05
[sample 037] iter 16: max_mismatchPQ=4.213e-04, NN_max_dAng=2.239e-04, NN_max_dV=3.493e-06  True_errAng=1.498e-03, True_errV=2.480e-05
[sample 037] iter 17: max_mismatchPQ=3.693e-04, NN_max_dAng=1.919e-04, NN_max_dV=2.956e-06  True_errAng=1.306e-03, True_errV=2.187e-05
[sample 037] iter 18: max_mismatchPQ=3.245e-04, NN_max_dAng=1.645e-04, NN_max_dV=2.555e-06  True_errAng=1.142e-03, True_errV=1.931e-05
[sample 037] iter 19: max_mismatchPQ=2.863e-04, NN_max_dAng=1.410e-04, NN_max_dV=2.135e-06  True_errAng=1.001e-03, True_errV=1.717e-05
[sample 037] iter 20: max_mismatchPQ=2.525e-04, NN_max_dAng=1.208e-04, NN_max_dV=1.813e-06  True_errAng=8.800e-04, True_errV=1.544e-05
[sample 037] >>> stop_reason=max_blocks, used_iter=20, max_PQ_mismatch=2.525e-04
[1;32m===== Test Sample Heatmap Cell: X=(-2.00,-1.80), PQ=(-1.40,-1.20), x_signed=-1.944443, pq_signed=-1.236362, valid_label=1 =====[0m
---- Error Metrics (Best State) ----
Angel_MAX   : 8.800179e-04
Voltage_MAX : 1.543760e-05
P_MAX       : 2.524778e-04
Q_MAX       : 8.870661e-05
P_MAE       : 7.761604e-05
Q_MAE       : 2.354574e-05
P_MSE       : 1.000345e-08
Q_MSE       : 9.373512e-10
P_RMSE      : 1.000172e-04
Q_RMSE      : 3.061619e-05

[sample 038] iter 00: max_mismatchPQ=2.988e+01, NN_max_dAng=0.000e+00, NN_max_dV=0.000e+00  True_errAng=9.407e-02, True_errV=1.902e-01
[sample 038] iter 01: max_mismatchPQ=2.594e-01, NN_max_dAng=9.163e-02, NN_max_dV=1.893e-01  True_errAng=1.460e-02, True_errV=7.285e-03
[sample 038] iter 02: max_mismatchPQ=4.776e-03, NN_max_dAng=1.245e-02, NN_max_dV=7.296e-03  True_errAng=7.072e-03, True_errV=2.283e-04
[sample 038] iter 03: max_mismatchPQ=2.107e-03, NN_max_dAng=3.343e-03, NN_max_dV=1.712e-04  True_errAng=4.853e-03, True_errV=1.221e-04
[sample 038] iter 04: max_mismatchPQ=1.360e-03, NN_max_dAng=1.570e-03, NN_max_dV=3.339e-05  True_errAng=4.418e-03, True_errV=1.034e-04
[sample 038] iter 05: max_mismatchPQ=1.105e-03, NN_max_dAng=8.204e-04, NN_max_dV=1.733e-05  True_errAng=3.850e-03, True_errV=8.613e-05
[sample 038] iter 06: max_mismatchPQ=9.423e-04, NN_max_dAng=5.515e-04, NN_max_dV=1.422e-05  True_errAng=3.299e-03, True_errV=7.194e-05
[sample 038] iter 07: max_mismatchPQ=8.031e-04, NN_max_dAng=4.933e-04, NN_max_dV=1.191e-05  True_errAng=2.805e-03, True_errV=5.996e-05
[sample 038] iter 08: max_mismatchPQ=6.829e-04, NN_max_dAng=4.274e-04, NN_max_dV=9.815e-06  True_errAng=2.378e-03, True_errV=5.019e-05
[sample 038] iter 09: max_mismatchPQ=5.770e-04, NN_max_dAng=3.662e-04, NN_max_dV=8.135e-06  True_errAng=2.012e-03, True_errV=4.208e-05
[sample 038] iter 10: max_mismatchPQ=4.922e-04, NN_max_dAng=3.123e-04, NN_max_dV=6.908e-06  True_errAng=1.700e-03, True_errV=3.523e-05
[sample 038] iter 11: max_mismatchPQ=4.121e-04, NN_max_dAng=2.661e-04, NN_max_dV=5.755e-06  True_errAng=1.434e-03, True_errV=2.950e-05
[sample 038] iter 12: max_mismatchPQ=3.491e-04, NN_max_dAng=2.271e-04, NN_max_dV=4.829e-06  True_errAng=1.206e-03, True_errV=2.468e-05
[sample 038] iter 13: max_mismatchPQ=2.938e-04, NN_max_dAng=1.938e-04, NN_max_dV=4.097e-06  True_errAng=1.013e-03, True_errV=2.056e-05
[sample 038] iter 14: max_mismatchPQ=2.509e-04, NN_max_dAng=1.657e-04, NN_max_dV=3.521e-06  True_errAng=8.468e-04, True_errV=1.705e-05
[sample 038] iter 15: max_mismatchPQ=2.099e-04, NN_max_dAng=1.418e-04, NN_max_dV=2.938e-06  True_errAng=7.051e-04, True_errV=1.407e-05
[sample 038] iter 16: max_mismatchPQ=1.746e-04, NN_max_dAng=1.215e-04, NN_max_dV=2.596e-06  True_errAng=5.836e-04, True_errV=1.150e-05
[sample 038] iter 17: max_mismatchPQ=1.508e-04, NN_max_dAng=1.040e-04, NN_max_dV=2.184e-06  True_errAng=4.796e-04, True_errV=9.298e-06
[sample 038] iter 18: max_mismatchPQ=1.202e-04, NN_max_dAng=8.928e-05, NN_max_dV=1.779e-06  True_errAng=3.904e-04, True_errV=7.510e-06
[sample 038] iter 19: max_mismatchPQ=1.031e-04, NN_max_dAng=7.660e-05, NN_max_dV=1.592e-06  True_errAng=3.137e-04, True_errV=5.901e-06
[sample 038] iter 20: max_mismatchPQ=8.686e-05, NN_max_dAng=6.570e-05, NN_max_dV=1.487e-06  True_errAng=2.480e-04, True_errV=4.530e-06
[sample 038] >>> stop_reason=converged, used_iter=20, max_PQ_mismatch=8.686e-05
[1;32m===== Test Sample Heatmap Cell: X=(-2.00,-1.80), PQ=(-1.40,-1.20), x_signed=-1.914333, pq_signed=-1.388154, valid_label=1 =====[0m
---- Error Metrics (Best State) ----
Angel_MAX   : 2.480149e-04
Voltage_MAX : 4.529953e-06
P_MAX       : 8.685887e-05
Q_MAX       : 6.109476e-05
P_MAE       : 2.468914e-05
Q_MAE       : 2.043048e-05
P_MSE       : 9.880413e-10
Q_MSE       : 6.535746e-10
P_RMSE      : 3.143312e-05
Q_RMSE      : 2.556511e-05

[sample 039] iter 00: max_mismatchPQ=1.854e+01, NN_max_dAng=0.000e+00, NN_max_dV=0.000e+00  True_errAng=1.822e-01, True_errV=8.822e-02
[sample 039] iter 01: max_mismatchPQ=5.702e-01, NN_max_dAng=1.428e-01, NN_max_dV=8.793e-02  True_errAng=3.941e-02, True_errV=6.413e-03
[sample 039] iter 02: max_mismatchPQ=4.168e-03, NN_max_dAng=3.805e-02, NN_max_dV=6.094e-03  True_errAng=3.718e-03, True_errV=3.312e-04
[sample 039] iter 03: max_mismatchPQ=1.297e-03, NN_max_dAng=2.397e-03, NN_max_dV=2.965e-04  True_errAng=1.522e-03, True_errV=4.607e-05
[sample 039] iter 04: max_mismatchPQ=4.877e-04, NN_max_dAng=9.127e-04, NN_max_dV=2.513e-05  True_errAng=1.007e-03, True_errV=2.521e-05
[sample 039] iter 05: max_mismatchPQ=2.494e-04, NN_max_dAng=3.565e-04, NN_max_dV=1.196e-05  True_errAng=7.794e-04, True_errV=1.770e-05
[sample 039] iter 06: max_mismatchPQ=2.010e-04, NN_max_dAng=1.340e-04, NN_max_dV=4.902e-06  True_errAng=6.492e-04, True_errV=1.395e-05
[sample 039] iter 07: max_mismatchPQ=1.747e-04, NN_max_dAng=8.783e-05, NN_max_dV=2.319e-06  True_errAng=5.613e-04, True_errV=1.156e-05
[sample 039] iter 08: max_mismatchPQ=1.576e-04, NN_max_dAng=6.565e-05, NN_max_dV=1.127e-06  True_errAng=4.957e-04, True_errV=1.043e-05
[sample 039] iter 09: max_mismatchPQ=1.409e-04, NN_max_dAng=5.231e-05, NN_max_dV=9.131e-07  True_errAng=4.434e-04, True_errV=9.537e-06
[sample 039] iter 10: max_mismatchPQ=1.290e-04, NN_max_dAng=4.279e-05, NN_max_dV=8.510e-07  True_errAng=4.006e-04, True_errV=8.702e-06
[sample 039] iter 11: max_mismatchPQ=1.211e-04, NN_max_dAng=3.608e-05, NN_max_dV=6.353e-07  True_errAng=3.645e-04, True_errV=8.285e-06
[sample 039] iter 12: max_mismatchPQ=1.097e-04, NN_max_dAng=3.017e-05, NN_max_dV=3.886e-07  True_errAng=3.343e-04, True_errV=7.927e-06
[sample 039] iter 13: max_mismatchPQ=1.037e-04, NN_max_dAng=2.583e-05, NN_max_dV=5.240e-07  True_errAng=3.085e-04, True_errV=7.808e-06
[sample 039] iter 14: max_mismatchPQ=9.799e-05, NN_max_dAng=2.188e-05, NN_max_dV=5.222e-07  True_errAng=2.866e-04, True_errV=7.689e-06
[sample 039] >>> stop_reason=converged, used_iter=14, max_PQ_mismatch=9.799e-05
[1;32m===== Test Sample Heatmap Cell: X=(-2.00,-1.80), PQ=(-1.40,-1.20), x_signed=-1.823050, pq_signed=-1.336950, valid_label=1 =====[0m
---- Error Metrics (Best State) ----
Angel_MAX   : 2.866089e-04
Voltage_MAX : 7.688999e-06
P_MAX       : 9.798631e-05
Q_MAX       : 5.534291e-05
P_MAE       : 2.656904e-05
Q_MAE       : 2.034441e-05
P_MSE       : 1.188488e-09
Q_MSE       : 6.060134e-10
P_RMSE      : 3.447445e-05
Q_RMSE      : 2.461734e-05

[sample 040] iter 00: max_mismatchPQ=1.913e+01, NN_max_dAng=0.000e+00, NN_max_dV=0.000e+00  True_errAng=1.807e-01, True_errV=8.813e-02
[sample 040] iter 01: max_mismatchPQ=5.060e-01, NN_max_dAng=1.223e-01, NN_max_dV=8.830e-02  True_errAng=6.110e-02, True_errV=1.284e-02
[sample 040] iter 02: max_mismatchPQ=1.862e-02, NN_max_dAng=4.116e-02, NN_max_dV=1.222e-02  True_errAng=1.994e-02, True_errV=6.275e-04
[sample 040] iter 03: max_mismatchPQ=3.868e-03, NN_max_dAng=9.351e-03, NN_max_dV=6.088e-04  True_errAng=1.147e-02, True_errV=3.013e-04
[sample 040] iter 04: max_mismatchPQ=2.588e-03, NN_max_dAng=2.049e-03, NN_max_dV=6.425e-05  True_errAng=1.005e-02, True_errV=2.649e-04
[sample 040] iter 05: max_mismatchPQ=2.232e-03, NN_max_dAng=1.379e-03, NN_max_dV=3.594e-05  True_errAng=8.673e-03, True_errV=2.289e-04
[sample 040] iter 06: max_mismatchPQ=1.923e-03, NN_max_dAng=1.172e-03, NN_max_dV=3.055e-05  True_errAng=7.501e-03, True_errV=1.984e-04
[sample 040] iter 07: max_mismatchPQ=1.667e-03, NN_max_dAng=1.002e-03, NN_max_dV=2.617e-05  True_errAng=6.499e-03, True_errV=1.722e-04
[sample 040] iter 08: max_mismatchPQ=1.454e-03, NN_max_dAng=8.626e-04, NN_max_dV=2.273e-05  True_errAng=5.636e-03, True_errV=1.495e-04
[sample 040] iter 09: max_mismatchPQ=1.273e-03, NN_max_dAng=7.454e-04, NN_max_dV=1.971e-05  True_errAng=4.890e-03, True_errV=1.298e-04
[sample 040] iter 10: max_mismatchPQ=1.114e-03, NN_max_dAng=6.451e-04, NN_max_dV=1.703e-05  True_errAng=4.245e-03, True_errV=1.128e-04
[sample 040] iter 11: max_mismatchPQ=9.773e-04, NN_max_dAng=5.587e-04, NN_max_dV=1.490e-05  True_errAng=3.687e-03, True_errV=9.787e-05
[sample 040] iter 12: max_mismatchPQ=8.559e-04, NN_max_dAng=4.839e-04, NN_max_dV=1.283e-05  True_errAng=3.203e-03, True_errV=8.506e-05
[sample 040] iter 13: max_mismatchPQ=7.508e-04, NN_max_dAng=4.188e-04, NN_max_dV=1.126e-05  True_errAng=2.784e-03, True_errV=7.379e-05
[sample 040] iter 14: max_mismatchPQ=6.611e-04, NN_max_dAng=3.627e-04, NN_max_dV=9.560e-06  True_errAng=2.421e-03, True_errV=6.425e-05
[sample 040] iter 15: max_mismatchPQ=5.841e-04, NN_max_dAng=3.137e-04, NN_max_dV=8.485e-06  True_errAng=2.108e-03, True_errV=5.579e-05
[sample 040] iter 16: max_mismatchPQ=5.128e-04, NN_max_dAng=2.712e-04, NN_max_dV=7.275e-06  True_errAng=1.836e-03, True_errV=4.852e-05
[sample 040] iter 17: max_mismatchPQ=4.528e-04, NN_max_dAng=2.346e-04, NN_max_dV=6.243e-06  True_errAng=1.602e-03, True_errV=4.220e-05
[sample 040] iter 18: max_mismatchPQ=4.001e-04, NN_max_dAng=2.027e-04, NN_max_dV=5.311e-06  True_errAng=1.399e-03, True_errV=3.690e-05
[sample 040] iter 19: max_mismatchPQ=3.564e-04, NN_max_dAng=1.755e-04, NN_max_dV=4.748e-06  True_errAng=1.224e-03, True_errV=3.213e-05
[sample 040] iter 20: max_mismatchPQ=3.188e-04, NN_max_dAng=1.516e-04, NN_max_dV=4.132e-06  True_errAng=1.072e-03, True_errV=2.801e-05
[sample 040] >>> stop_reason=max_blocks, used_iter=20, max_PQ_mismatch=3.188e-04
[1;32m===== Test Sample Heatmap Cell: X=(-2.00,-1.80), PQ=(-1.40,-1.20), x_signed=-1.807703, pq_signed=-1.398734, valid_label=1 =====[0m
---- Error Metrics (Best State) ----
Angel_MAX   : 1.072004e-03
Voltage_MAX : 2.801418e-05
P_MAX       : 3.187540e-04
Q_MAX       : 1.182491e-04
P_MAE       : 9.350819e-05
Q_MAE       : 2.987936e-05
P_MSE       : 1.436651e-08
Q_MSE       : 1.665818e-09
P_RMSE      : 1.198604e-04
Q_RMSE      : 4.081443e-05

[sample 041] iter 00: max_mismatchPQ=3.608e+01, NN_max_dAng=0.000e+00, NN_max_dV=0.000e+00  True_errAng=9.600e-02, True_errV=1.911e-01
[sample 041] iter 01: max_mismatchPQ=2.755e-01, NN_max_dAng=1.008e-01, NN_max_dV=1.741e-01  True_errAng=2.249e-02, True_errV=1.706e-02
[sample 041] iter 02: max_mismatchPQ=8.240e-03, NN_max_dAng=1.920e-02, NN_max_dV=1.710e-02  True_errAng=6.115e-03, True_errV=3.325e-04
[sample 041] iter 03: max_mismatchPQ=1.714e-03, NN_max_dAng=4.338e-03, NN_max_dV=3.125e-04  True_errAng=3.631e-03, True_errV=5.877e-05
[sample 041] iter 04: max_mismatchPQ=8.029e-04, NN_max_dAng=1.297e-03, NN_max_dV=3.734e-05  True_errAng=2.334e-03, True_errV=2.241e-05
[sample 041] iter 05: max_mismatchPQ=5.163e-04, NN_max_dAng=8.045e-04, NN_max_dV=1.445e-05  True_errAng=1.530e-03, True_errV=1.132e-05
[sample 041] iter 06: max_mismatchPQ=3.399e-04, NN_max_dAng=5.131e-04, NN_max_dV=5.415e-06  True_errAng=1.017e-03, True_errV=7.689e-06
[sample 041] iter 07: max_mismatchPQ=2.292e-04, NN_max_dAng=3.359e-04, NN_max_dV=2.432e-06  True_errAng=6.810e-04, True_errV=5.424e-06
[sample 041] iter 08: max_mismatchPQ=1.549e-04, NN_max_dAng=2.240e-04, NN_max_dV=1.354e-06  True_errAng=4.570e-04, True_errV=4.828e-06
[sample 041] iter 09: max_mismatchPQ=1.053e-04, NN_max_dAng=1.509e-04, NN_max_dV=9.318e-07  True_errAng=3.062e-04, True_errV=4.590e-06
[sample 041] iter 10: max_mismatchPQ=7.701e-05, NN_max_dAng=1.031e-04, NN_max_dV=5.463e-07  True_errAng=2.031e-04, True_errV=4.590e-06
[sample 041] >>> stop_reason=converged, used_iter=10, max_PQ_mismatch=7.701e-05
[1;32m===== Test Sample Heatmap Cell: X=(-2.00,-1.80), PQ=(-1.20,-1.00), x_signed=-1.923290, pq_signed=-1.134414, valid_label=1 =====[0m
---- Error Metrics (Best State) ----
Angel_MAX   : 2.030730e-04
Voltage_MAX : 4.589558e-06
P_MAX       : 7.700920e-05
Q_MAX       : 6.911159e-05
P_MAE       : 2.526660e-05
Q_MAE       : 2.044557e-05
P_MSE       : 1.071710e-09
Q_MSE       : 7.233197e-10
P_RMSE      : 3.273698e-05
Q_RMSE      : 2.689460e-05

[sample 042] iter 00: max_mismatchPQ=2.131e+01, NN_max_dAng=0.000e+00, NN_max_dV=0.000e+00  True_errAng=1.970e-01, True_errV=9.374e-02
[sample 042] iter 01: max_mismatchPQ=6.357e-01, NN_max_dAng=1.501e-01, NN_max_dV=9.300e-02  True_errAng=5.624e-02, True_errV=6.457e-03
[sample 042] iter 02: max_mismatchPQ=3.552e-02, NN_max_dAng=4.241e-02, NN_max_dV=6.525e-03  True_errAng=1.733e-02, True_errV=7.348e-04
[sample 042] iter 03: max_mismatchPQ=7.504e-03, NN_max_dAng=1.046e-02, NN_max_dV=6.400e-04  True_errAng=8.929e-03, True_errV=2.177e-04
[sample 042] iter 04: max_mismatchPQ=2.657e-03, NN_max_dAng=4.707e-03, NN_max_dV=9.081e-05  True_errAng=6.408e-03, True_errV=1.268e-04
[sample 042] iter 05: max_mismatchPQ=1.621e-03, NN_max_dAng=1.919e-03, NN_max_dV=4.998e-05  True_errAng=4.865e-03, True_errV=8.368e-05
[sample 042] iter 06: max_mismatchPQ=1.179e-03, NN_max_dAng=1.000e-03, NN_max_dV=2.475e-05  True_errAng=3.865e-03, True_errV=6.050e-05
[sample 042] iter 07: max_mismatchPQ=9.406e-04, NN_max_dAng=7.154e-04, NN_max_dV=1.391e-05  True_errAng=3.150e-03, True_errV=4.661e-05
[sample 042] iter 08: max_mismatchPQ=7.707e-04, NN_max_dAng=5.474e-04, NN_max_dV=9.646e-06  True_errAng=2.602e-03, True_errV=3.695e-05
[sample 042] iter 09: max_mismatchPQ=6.379e-04, NN_max_dAng=4.371e-04, NN_max_dV=7.019e-06  True_errAng=2.165e-03, True_errV=2.986e-05
[sample 042] iter 10: max_mismatchPQ=5.315e-04, NN_max_dAng=3.580e-04, NN_max_dV=5.418e-06  True_errAng=1.807e-03, True_errV=2.450e-05
[sample 042] iter 11: max_mismatchPQ=4.409e-04, NN_max_dAng=2.973e-04, NN_max_dV=4.584e-06  True_errAng=1.510e-03, True_errV=1.997e-05
[sample 042] iter 12: max_mismatchPQ=3.732e-04, NN_max_dAng=2.493e-04, NN_max_dV=3.769e-06  True_errAng=1.261e-03, True_errV=1.615e-05
[sample 042] iter 13: max_mismatchPQ=3.160e-04, NN_max_dAng=2.100e-04, NN_max_dV=2.933e-06  True_errAng=1.051e-03, True_errV=1.323e-05
[sample 042] iter 14: max_mismatchPQ=2.654e-04, NN_max_dAng=1.778e-04, NN_max_dV=2.635e-06  True_errAng=8.727e-04, True_errV=1.061e-05
[sample 042] iter 15: max_mismatchPQ=2.206e-04, NN_max_dAng=1.508e-04, NN_max_dV=2.145e-06  True_errAng=7.220e-04, True_errV=8.464e-06
[sample 042] iter 16: max_mismatchPQ=1.844e-04, NN_max_dAng=1.279e-04, NN_max_dV=1.817e-06  True_errAng=5.941e-04, True_errV=6.676e-06
[sample 042] iter 17: max_mismatchPQ=1.586e-04, NN_max_dAng=1.090e-04, NN_max_dV=1.530e-06  True_errAng=4.851e-04, True_errV=5.186e-06
[sample 042] iter 18: max_mismatchPQ=1.319e-04, NN_max_dAng=9.303e-05, NN_max_dV=1.399e-06  True_errAng=3.921e-04, True_errV=4.947e-06
[sample 042] iter 19: max_mismatchPQ=1.109e-04, NN_max_dAng=7.924e-05, NN_max_dV=1.105e-06  True_errAng=3.129e-04, True_errV=5.186e-06
[sample 042] iter 20: max_mismatchPQ=9.569e-05, NN_max_dAng=6.766e-05, NN_max_dV=1.048e-06  True_errAng=2.452e-04, True_errV=5.603e-06
[sample 042] >>> stop_reason=converged, used_iter=20, max_PQ_mismatch=9.569e-05
[1;32m===== Test Sample Heatmap Cell: X=(-2.00,-1.80), PQ=(-1.20,-1.00), x_signed=-1.971227, pq_signed=-1.049407, valid_label=1 =====[0m
---- Error Metrics (Best State) ----
Angel_MAX   : 2.451837e-04
Voltage_MAX : 5.602837e-06
P_MAX       : 9.568781e-05
Q_MAX       : 6.300211e-05
P_MAE       : 2.491998e-05
Q_MAE       : 2.161549e-05
P_MSE       : 1.086935e-09
Q_MSE       : 6.956211e-10
P_RMSE      : 3.296870e-05
Q_RMSE      : 2.637463e-05

[sample 043] iter 00: max_mismatchPQ=4.051e+01, NN_max_dAng=0.000e+00, NN_max_dV=0.000e+00  True_errAng=1.877e-01, True_errV=9.263e-02
[sample 043] iter 01: max_mismatchPQ=1.442e+00, NN_max_dAng=1.472e-01, NN_max_dV=9.266e-02  True_errAng=4.052e-02, True_errV=1.929e-02
[sample 043] iter 02: max_mismatchPQ=1.461e-02, NN_max_dAng=3.505e-02, NN_max_dV=1.928e-02  True_errAng=1.277e-02, True_errV=2.971e-04
[sample 043] iter 03: max_mismatchPQ=4.341e-03, NN_max_dAng=5.574e-03, NN_max_dV=1.149e-04  True_errAng=7.417e-03, True_errV=1.823e-04
[sample 043] iter 04: max_mismatchPQ=2.189e-03, NN_max_dAng=3.151e-03, NN_max_dV=7.263e-05  True_errAng=5.420e-03, True_errV=1.097e-04
[sample 043] iter 05: max_mismatchPQ=1.420e-03, NN_max_dAng=1.496e-03, NN_max_dV=3.552e-05  True_errAng=4.982e-03, True_errV=7.415e-05
[sample 043] iter 06: max_mismatchPQ=1.224e-03, NN_max_dAng=7.690e-04, NN_max_dV=1.956e-05  True_errAng=4.444e-03, True_errV=6.014e-05
[sample 043] iter 07: max_mismatchPQ=1.058e-03, NN_max_dAng=5.379e-04, NN_max_dV=1.143e-05  True_errAng=3.906e-03, True_errV=5.323e-05
[sample 043] iter 08: max_mismatchPQ=9.322e-04, NN_max_dAng=4.975e-04, NN_max_dV=7.331e-06  True_errAng=3.408e-03, True_errV=4.762e-05
[sample 043] iter 09: max_mismatchPQ=8.182e-04, NN_max_dAng=4.440e-04, NN_max_dV=5.808e-06  True_errAng=2.964e-03, True_errV=4.238e-05
[sample 043] iter 10: max_mismatchPQ=7.178e-04, NN_max_dAng=3.896e-04, NN_max_dV=4.983e-06  True_errAng=2.575e-03, True_errV=3.749e-05
[sample 043] iter 11: max_mismatchPQ=6.275e-04, NN_max_dAng=3.393e-04, NN_max_dV=4.371e-06  True_errAng=2.235e-03, True_errV=3.308e-05
[sample 043] iter 12: max_mismatchPQ=5.495e-04, NN_max_dAng=2.936e-04, NN_max_dV=3.812e-06  True_errAng=1.942e-03, True_errV=2.944e-05
[sample 043] iter 13: max_mismatchPQ=4.808e-04, NN_max_dAng=2.531e-04, NN_max_dV=3.374e-06  True_errAng=1.689e-03, True_errV=2.605e-05
[sample 043] iter 14: max_mismatchPQ=4.234e-04, NN_max_dAng=2.182e-04, NN_max_dV=2.807e-06  True_errAng=1.471e-03, True_errV=2.337e-05
[sample 043] iter 15: max_mismatchPQ=3.716e-04, NN_max_dAng=1.877e-04, NN_max_dV=2.487e-06  True_errAng=1.283e-03, True_errV=2.086e-05
[sample 043] iter 16: max_mismatchPQ=3.287e-04, NN_max_dAng=1.612e-04, NN_max_dV=2.174e-06  True_errAng=1.122e-03, True_errV=1.866e-05
[sample 043] iter 17: max_mismatchPQ=2.901e-04, NN_max_dAng=1.382e-04, NN_max_dV=1.934e-06  True_errAng=9.836e-04, True_errV=1.675e-05
[sample 043] iter 18: max_mismatchPQ=2.574e-04, NN_max_dAng=1.187e-04, NN_max_dV=1.530e-06  True_errAng=8.649e-04, True_errV=1.520e-05
[sample 043] iter 19: max_mismatchPQ=2.298e-04, NN_max_dAng=1.019e-04, NN_max_dV=1.320e-06  True_errAng=7.630e-04, True_errV=1.407e-05
[sample 043] iter 20: max_mismatchPQ=2.050e-04, NN_max_dAng=8.738e-05, NN_max_dV=1.206e-06  True_errAng=6.756e-04, True_errV=1.281e-05
[sample 043] >>> stop_reason=max_blocks, used_iter=20, max_PQ_mismatch=2.050e-04
[1;32m===== Test Sample Heatmap Cell: X=(-2.00,-1.80), PQ=(-1.20,-1.00), x_signed=-1.878241, pq_signed=-1.172598, valid_label=1 =====[0m
---- Error Metrics (Best State) ----
Angel_MAX   : 6.755888e-04
Voltage_MAX : 1.281500e-05
P_MAX       : 2.049783e-04
Q_MAX       : 7.799268e-05
P_MAE       : 6.068266e-05
Q_MAE       : 2.161575e-05
P_MSE       : 6.066614e-09
Q_MSE       : 8.065275e-10
P_RMSE      : 7.788847e-05
Q_RMSE      : 2.839943e-05

[sample 044] iter 00: max_mismatchPQ=2.046e+01, NN_max_dAng=0.000e+00, NN_max_dV=0.000e+00  True_errAng=1.970e-01, True_errV=9.644e-02
[sample 044] iter 01: max_mismatchPQ=9.229e-01, NN_max_dAng=1.264e-01, NN_max_dV=9.628e-02  True_errAng=7.055e-02, True_errV=1.075e-02
[sample 044] iter 02: max_mismatchPQ=1.202e-02, NN_max_dAng=6.766e-02, NN_max_dV=1.116e-02  True_errAng=8.548e-03, True_errV=4.172e-04
[sample 044] iter 03: max_mismatchPQ=2.522e-03, NN_max_dAng=4.647e-03, NN_max_dV=3.286e-04  True_errAng=4.876e-03, True_errV=1.485e-04
[sample 044] iter 04: max_mismatchPQ=1.249e-03, NN_max_dAng=1.794e-03, NN_max_dV=5.537e-05  True_errAng=3.924e-03, True_errV=9.376e-05
[sample 044] iter 05: max_mismatchPQ=9.293e-04, NN_max_dAng=7.647e-04, NN_max_dV=2.758e-05  True_errAng=3.160e-03, True_errV=7.534e-05
[sample 044] iter 06: max_mismatchPQ=7.481e-04, NN_max_dAng=5.616e-04, NN_max_dV=1.617e-05  True_errAng=2.598e-03, True_errV=6.199e-05
[sample 044] iter 07: max_mismatchPQ=6.174e-04, NN_max_dAng=4.318e-04, NN_max_dV=1.058e-05  True_errAng=2.166e-03, True_errV=5.150e-05
[sample 044] iter 08: max_mismatchPQ=5.125e-04, NN_max_dAng=3.466e-04, NN_max_dV=8.435e-06  True_errAng=1.820e-03, True_errV=4.309e-05
[sample 044] iter 09: max_mismatchPQ=4.343e-04, NN_max_dAng=2.855e-04, NN_max_dV=7.039e-06  True_errAng=1.534e-03, True_errV=3.612e-05
[sample 044] iter 10: max_mismatchPQ=3.676e-04, NN_max_dAng=2.392e-04, NN_max_dV=5.681e-06  True_errAng=1.295e-03, True_errV=3.046e-05
[sample 044] iter 11: max_mismatchPQ=3.113e-04, NN_max_dAng=2.024e-04, NN_max_dV=4.854e-06  True_errAng=1.093e-03, True_errV=2.557e-05
[sample 044] iter 12: max_mismatchPQ=2.632e-04, NN_max_dAng=1.719e-04, NN_max_dV=3.924e-06  True_errAng=9.207e-04, True_errV=2.158e-05
[sample 044] iter 13: max_mismatchPQ=2.281e-04, NN_max_dAng=1.467e-04, NN_max_dV=3.495e-06  True_errAng=7.741e-04, True_errV=1.806e-05
[sample 044] iter 14: max_mismatchPQ=1.902e-04, NN_max_dAng=1.257e-04, NN_max_dV=3.020e-06  True_errAng=6.483e-04, True_errV=1.508e-05
[sample 044] iter 15: max_mismatchPQ=1.664e-04, NN_max_dAng=1.077e-04, NN_max_dV=2.460e-06  True_errAng=5.406e-04, True_errV=1.264e-05
[sample 044] iter 16: max_mismatchPQ=1.371e-04, NN_max_dAng=9.238e-05, NN_max_dV=2.117e-06  True_errAng=4.482e-04, True_errV=1.055e-05
[sample 044] iter 17: max_mismatchPQ=1.172e-04, NN_max_dAng=7.926e-05, NN_max_dV=1.936e-06  True_errAng=3.693e-04, True_errV=8.583e-06
[sample 044] iter 18: max_mismatchPQ=1.001e-04, NN_max_dAng=6.822e-05, NN_max_dV=1.488e-06  True_errAng=3.014e-04, True_errV=7.093e-06
[sample 044] iter 19: max_mismatchPQ=9.762e-05, NN_max_dAng=5.869e-05, NN_max_dV=1.401e-06  True_errAng=2.430e-04, True_errV=5.662e-06
[sample 044] >>> stop_reason=converged, used_iter=19, max_PQ_mismatch=9.762e-05
[1;32m===== Test Sample Heatmap Cell: X=(-2.00,-1.80), PQ=(-1.20,-1.00), x_signed=-1.970472, pq_signed=-1.128042, valid_label=1 =====[0m
---- Error Metrics (Best State) ----
Angel_MAX   : 2.430491e-04
Voltage_MAX : 5.662441e-06
P_MAX       : 9.762263e-05
Q_MAX       : 8.341577e-05
P_MAE       : 2.430117e-05
Q_MAE       : 2.814074e-05
P_MSE       : 1.106180e-09
Q_MSE       : 1.287846e-09
P_RMSE      : 3.325928e-05
Q_RMSE      : 3.588657e-05

[sample 045] iter 00: max_mismatchPQ=3.871e+01, NN_max_dAng=0.000e+00, NN_max_dV=0.000e+00  True_errAng=1.911e-01, True_errV=9.482e-02
[sample 045] iter 01: max_mismatchPQ=5.587e-01, NN_max_dAng=1.486e-01, NN_max_dV=9.302e-02  True_errAng=4.252e-02, True_errV=9.150e-03
[sample 045] iter 02: max_mismatchPQ=7.377e-03, NN_max_dAng=4.034e-02, NN_max_dV=9.260e-03  True_errAng=8.414e-03, True_errV=2.611e-04
[sample 045] iter 03: max_mismatchPQ=1.749e-03, NN_max_dAng=4.240e-03, NN_max_dV=2.464e-04  True_errAng=4.464e-03, True_errV=9.918e-05
[sample 045] iter 04: max_mismatchPQ=1.028e-03, NN_max_dAng=9.180e-04, NN_max_dV=4.427e-05  True_errAng=3.720e-03, True_errV=6.580e-05
[sample 045] iter 05: max_mismatchPQ=8.535e-04, NN_max_dAng=5.954e-04, NN_max_dV=1.470e-05  True_errAng=3.125e-03, True_errV=5.370e-05
[sample 045] iter 06: max_mismatchPQ=7.215e-04, NN_max_dAng=4.759e-04, NN_max_dV=9.709e-06  True_errAng=2.649e-03, True_errV=4.667e-05
[sample 045] iter 07: max_mismatchPQ=6.189e-04, NN_max_dAng=3.937e-04, NN_max_dV=6.922e-06  True_errAng=2.255e-03, True_errV=4.029e-05
[sample 045] iter 08: max_mismatchPQ=5.274e-04, NN_max_dAng=3.334e-04, NN_max_dV=5.863e-06  True_errAng=1.922e-03, True_errV=3.451e-05
[sample 045] iter 09: max_mismatchPQ=4.529e-04, NN_max_dAng=2.857e-04, NN_max_dV=5.062e-06  True_errAng=1.636e-03, True_errV=2.944e-05
[sample 045] iter 10: max_mismatchPQ=3.872e-04, NN_max_dAng=2.458e-04, NN_max_dV=4.282e-06  True_errAng=1.390e-03, True_errV=2.515e-05
[sample 045] iter 11: max_mismatchPQ=3.309e-04, NN_max_dAng=2.123e-04, NN_max_dV=3.943e-06  True_errAng=1.178e-03, True_errV=2.122e-05
[sample 045] iter 12: max_mismatchPQ=2.842e-04, NN_max_dAng=1.832e-04, NN_max_dV=3.287e-06  True_errAng=9.946e-04, True_errV=1.788e-05
[sample 045] iter 13: max_mismatchPQ=2.422e-04, NN_max_dAng=1.582e-04, NN_max_dV=3.061e-06  True_errAng=8.364e-04, True_errV=1.484e-05
[sample 045] iter 14: max_mismatchPQ=2.079e-04, NN_max_dAng=1.363e-04, NN_max_dV=2.480e-06  True_errAng=7.002e-04, True_errV=1.240e-05
[sample 045] iter 15: max_mismatchPQ=1.736e-04, NN_max_dAng=1.175e-04, NN_max_dV=2.152e-06  True_errAng=5.826e-04, True_errV=1.019e-05
[sample 045] iter 16: max_mismatchPQ=1.459e-04, NN_max_dAng=1.014e-04, NN_max_dV=1.827e-06  True_errAng=4.812e-04, True_errV=8.404e-06
[sample 045] iter 17: max_mismatchPQ=1.240e-04, NN_max_dAng=8.714e-05, NN_max_dV=1.782e-06  True_errAng=3.941e-04, True_errV=6.676e-06
[sample 045] iter 18: max_mismatchPQ=1.049e-04, NN_max_dAng=7.512e-05, NN_max_dV=1.432e-06  True_errAng=3.190e-04, True_errV=5.424e-06
[sample 045] iter 19: max_mismatchPQ=8.583e-05, NN_max_dAng=6.462e-05, NN_max_dV=1.153e-06  True_errAng=2.544e-04, True_errV=5.364e-06
[sample 045] >>> stop_reason=converged, used_iter=19, max_PQ_mismatch=8.583e-05
[1;32m===== Test Sample Heatmap Cell: X=(-2.00,-1.80), PQ=(-1.20,-1.00), x_signed=-1.911818, pq_signed=-1.099705, valid_label=1 =====[0m
---- Error Metrics (Best State) ----
Angel_MAX   : 2.543777e-04
Voltage_MAX : 5.364418e-06
P_MAX       : 8.583069e-05
Q_MAX       : 6.723404e-05
P_MAE       : 2.625068e-05
Q_MAE       : 2.468862e-05
P_MSE       : 1.099587e-09
Q_MSE       : 9.157348e-10
P_RMSE      : 3.316003e-05
Q_RMSE      : 3.026111e-05

[sample 046] iter 00: max_mismatchPQ=1.997e+01, NN_max_dAng=0.000e+00, NN_max_dV=0.000e+00  True_errAng=1.953e-01, True_errV=9.419e-02
[sample 046] iter 01: max_mismatchPQ=9.259e-01, NN_max_dAng=1.359e-01, NN_max_dV=9.539e-02  True_errAng=5.948e-02, True_errV=8.056e-03
[sample 046] iter 02: max_mismatchPQ=1.634e-02, NN_max_dAng=3.751e-02, NN_max_dV=7.983e-03  True_errAng=2.327e-02, True_errV=2.220e-04
[sample 046] iter 03: max_mismatchPQ=5.016e-03, NN_max_dAng=8.208e-03, NN_max_dV=1.492e-04  True_errAng=1.507e-02, True_errV=2.312e-04
[sample 046] iter 04: max_mismatchPQ=3.352e-03, NN_max_dAng=2.946e-03, NN_max_dV=6.283e-05  True_errAng=1.212e-02, True_errV=2.036e-04
[sample 046] iter 05: max_mismatchPQ=2.841e-03, NN_max_dAng=1.865e-03, NN_max_dV=3.144e-05  True_errAng=1.026e-02, True_errV=1.721e-04
[sample 046] iter 06: max_mismatchPQ=2.412e-03, NN_max_dAng=1.502e-03, NN_max_dV=2.589e-05  True_errAng=8.753e-03, True_errV=1.462e-04
[sample 046] iter 07: max_mismatchPQ=2.056e-03, NN_max_dAng=1.261e-03, NN_max_dV=2.160e-05  True_errAng=7.492e-03, True_errV=1.246e-04
[sample 046] iter 08: max_mismatchPQ=1.754e-03, NN_max_dAng=1.068e-03, NN_max_dV=1.812e-05  True_errAng=6.424e-03, True_errV=1.065e-04
[sample 046] iter 09: max_mismatchPQ=1.512e-03, NN_max_dAng=9.083e-04, NN_max_dV=1.521e-05  True_errAng=5.515e-03, True_errV=9.131e-05
[sample 046] iter 10: max_mismatchPQ=1.304e-03, NN_max_dAng=7.736e-04, NN_max_dV=1.300e-05  True_errAng=4.742e-03, True_errV=7.832e-05
[sample 046] iter 11: max_mismatchPQ=1.127e-03, NN_max_dAng=6.601e-04, NN_max_dV=1.094e-05  True_errAng=4.082e-03, True_errV=6.735e-05
[sample 046] iter 12: max_mismatchPQ=9.768e-04, NN_max_dAng=5.638e-04, NN_max_dV=9.130e-06  True_errAng=3.518e-03, True_errV=5.823e-05
[sample 046] iter 13: max_mismatchPQ=8.461e-04, NN_max_dAng=4.819e-04, NN_max_dV=8.102e-06  True_errAng=3.036e-03, True_errV=5.019e-05
[sample 046] iter 14: max_mismatchPQ=7.343e-04, NN_max_dAng=4.125e-04, NN_max_dV=6.739e-06  True_errAng=2.623e-03, True_errV=4.351e-05
[sample 046] iter 15: max_mismatchPQ=6.399e-04, NN_max_dAng=3.529e-04, NN_max_dV=5.752e-06  True_errAng=2.270e-03, True_errV=3.779e-05
[sample 046] iter 16: max_mismatchPQ=5.586e-04, NN_max_dAng=3.022e-04, NN_max_dV=4.926e-06  True_errAng=1.968e-03, True_errV=3.296e-05
[sample 046] iter 17: max_mismatchPQ=4.880e-04, NN_max_dAng=2.588e-04, NN_max_dV=4.229e-06  True_errAng=1.709e-03, True_errV=2.891e-05
[sample 046] iter 18: max_mismatchPQ=4.277e-04, NN_max_dAng=2.216e-04, NN_max_dV=3.628e-06  True_errAng=1.488e-03, True_errV=2.569e-05
[sample 046] iter 19: max_mismatchPQ=3.760e-04, NN_max_dAng=1.898e-04, NN_max_dV=3.120e-06  True_errAng=1.298e-03, True_errV=2.259e-05
[sample 046] iter 20: max_mismatchPQ=3.328e-04, NN_max_dAng=1.629e-04, NN_max_dV=2.572e-06  True_errAng=1.135e-03, True_errV=2.021e-05
[sample 046] >>> stop_reason=max_blocks, used_iter=20, max_PQ_mismatch=3.328e-04
[1;32m===== Test Sample Heatmap Cell: X=(-2.00,-1.80), PQ=(-1.20,-1.00), x_signed=-1.954255, pq_signed=-1.067499, valid_label=1 =====[0m
---- Error Metrics (Best State) ----
Angel_MAX   : 1.135066e-03
Voltage_MAX : 2.020597e-05
P_MAX       : 3.328326e-04
Q_MAX       : 8.696318e-05
P_MAE       : 1.005387e-04
Q_MAE       : 2.304348e-05
P_MSE       : 1.654591e-08
Q_MSE       : 9.309591e-10
P_RMSE      : 1.286309e-04
Q_RMSE      : 3.051162e-05

[sample 047] iter 00: max_mismatchPQ=4.163e+01, NN_max_dAng=0.000e+00, NN_max_dV=0.000e+00  True_errAng=9.494e-02, True_errV=1.914e-01
[sample 047] iter 01: max_mismatchPQ=2.654e-01, NN_max_dAng=9.525e-02, NN_max_dV=1.829e-01  True_errAng=2.659e-02, True_errV=8.504e-03
[sample 047] iter 02: max_mismatchPQ=9.282e-03, NN_max_dAng=2.515e-02, NN_max_dV=8.488e-03  True_errAng=9.644e-03, True_errV=1.805e-04
[sample 047] iter 03: max_mismatchPQ=2.070e-03, NN_max_dAng=5.046e-03, NN_max_dV=1.209e-04  True_errAng=4.598e-03, True_errV=7.927e-05
[sample 047] iter 04: max_mismatchPQ=9.842e-04, NN_max_dAng=1.335e-03, NN_max_dV=4.038e-05  True_errAng=3.262e-03, True_errV=5.460e-05
[sample 047] iter 05: max_mismatchPQ=7.741e-04, NN_max_dAng=6.545e-04, NN_max_dV=1.383e-05  True_errAng=2.608e-03, True_errV=4.077e-05
[sample 047] iter 06: max_mismatchPQ=6.378e-04, NN_max_dAng=4.606e-04, NN_max_dV=8.740e-06  True_errAng=2.147e-03, True_errV=3.284e-05
[sample 047] iter 07: max_mismatchPQ=5.300e-04, NN_max_dAng=3.615e-04, NN_max_dV=6.683e-06  True_errAng=1.786e-03, True_errV=2.718e-05
[sample 047] iter 08: max_mismatchPQ=4.394e-04, NN_max_dAng=2.957e-04, NN_max_dV=4.954e-06  True_errAng=1.490e-03, True_errV=2.253e-05
[sample 047] iter 09: max_mismatchPQ=3.726e-04, NN_max_dAng=2.462e-04, NN_max_dV=4.138e-06  True_errAng=1.244e-03, True_errV=1.860e-05
[sample 047] iter 10: max_mismatchPQ=3.135e-04, NN_max_dAng=2.070e-04, NN_max_dV=3.299e-06  True_errAng=1.037e-03, True_errV=1.532e-05
[sample 047] iter 11: max_mismatchPQ=2.592e-04, NN_max_dAng=1.752e-04, NN_max_dV=2.866e-06  True_errAng=8.615e-04, True_errV=1.246e-05
[sample 047] iter 12: max_mismatchPQ=2.239e-04, NN_max_dAng=1.487e-04, NN_max_dV=2.331e-06  True_errAng=7.128e-04, True_errV=1.013e-05
[sample 047] iter 13: max_mismatchPQ=1.888e-04, NN_max_dAng=1.264e-04, NN_max_dV=2.026e-06  True_errAng=5.865e-04, True_errV=8.106e-06
[sample 047] iter 14: max_mismatchPQ=1.590e-04, NN_max_dAng=1.077e-04, NN_max_dV=1.772e-06  True_errAng=4.787e-04, True_errV=6.378e-06
[sample 047] iter 15: max_mismatchPQ=1.314e-04, NN_max_dAng=9.183e-05, NN_max_dV=1.696e-06  True_errAng=3.869e-04, True_errV=5.484e-06
[sample 047] iter 16: max_mismatchPQ=1.113e-04, NN_max_dAng=7.852e-05, NN_max_dV=1.342e-06  True_errAng=3.084e-04, True_errV=5.543e-06
[sample 047] iter 17: max_mismatchPQ=9.429e-05, NN_max_dAng=6.712e-05, NN_max_dV=1.112e-06  True_errAng=2.413e-04, True_errV=6.020e-06
[sample 047] >>> stop_reason=converged, used_iter=17, max_PQ_mismatch=9.429e-05
[1;32m===== Test Sample Heatmap Cell: X=(-2.00,-1.80), PQ=(-1.20,-1.00), x_signed=-1.926130, pq_signed=-1.104762, valid_label=1 =====[0m
---- Error Metrics (Best State) ----
Angel_MAX   : 2.412796e-04
Voltage_MAX : 6.020069e-06
P_MAX       : 9.429455e-05
Q_MAX       : 6.675720e-05
P_MAE       : 2.460973e-05
Q_MAE       : 2.018578e-05
P_MSE       : 1.013358e-09
Q_MSE       : 6.464317e-10
P_RMSE      : 3.183328e-05
Q_RMSE      : 2.542502e-05

[sample 048] iter 00: max_mismatchPQ=1.348e+01, NN_max_dAng=0.000e+00, NN_max_dV=0.000e+00  True_errAng=1.886e-01, True_errV=9.147e-02
[sample 048] iter 01: max_mismatchPQ=8.776e-01, NN_max_dAng=1.334e-01, NN_max_dV=9.062e-02  True_errAng=5.518e-02, True_errV=1.032e-02
[sample 048] iter 02: max_mismatchPQ=9.699e-03, NN_max_dAng=4.915e-02, NN_max_dV=1.034e-02  True_errAng=7.452e-03, True_errV=2.016e-04
[sample 048] iter 03: max_mismatchPQ=1.823e-03, NN_max_dAng=5.336e-03, NN_max_dV=1.888e-04  True_errAng=4.900e-03, True_errV=4.834e-05
[sample 048] iter 04: max_mismatchPQ=1.096e-03, NN_max_dAng=1.668e-03, NN_max_dV=2.731e-05  True_errAng=3.232e-03, True_errV=2.801e-05
[sample 048] iter 05: max_mismatchPQ=7.229e-04, NN_max_dAng=1.068e-03, NN_max_dV=1.334e-05  True_errAng=2.163e-03, True_errV=1.717e-05
[sample 048] iter 06: max_mismatchPQ=4.959e-04, NN_max_dAng=6.920e-04, NN_max_dV=6.657e-06  True_errAng=1.471e-03, True_errV=1.067e-05
[sample 048] iter 07: max_mismatchPQ=3.433e-04, NN_max_dAng=4.577e-04, NN_max_dV=4.164e-06  True_errAng=1.014e-03, True_errV=8.285e-06
[sample 048] iter 08: max_mismatchPQ=2.441e-04, NN_max_dAng=3.066e-04, NN_max_dV=2.683e-06  True_errAng=7.071e-04, True_errV=8.643e-06
[sample 048] iter 09: max_mismatchPQ=1.764e-04, NN_max_dAng=2.074e-04, NN_max_dV=1.667e-06  True_errAng=4.998e-04, True_errV=9.000e-06
[sample 048] iter 10: max_mismatchPQ=1.278e-04, NN_max_dAng=1.416e-04, NN_max_dV=1.409e-06  True_errAng=3.582e-04, True_errV=9.120e-06
[sample 048] iter 11: max_mismatchPQ=9.441e-05, NN_max_dAng=9.665e-05, NN_max_dV=9.390e-07  True_errAng=2.661e-04, True_errV=9.000e-06
[sample 048] >>> stop_reason=converged, used_iter=11, max_PQ_mismatch=9.441e-05
[1;32m===== Test Sample Heatmap Cell: X=(-2.00,-1.80), PQ=(-1.20,-1.00), x_signed=-1.886913, pq_signed=-1.147048, valid_label=1 =====[0m
---- Error Metrics (Best State) ----
Angel_MAX   : 2.660602e-04
Voltage_MAX : 9.000301e-06
P_MAX       : 9.441352e-05
Q_MAX       : 7.954985e-05
P_MAE       : 3.883830e-05
Q_MAE       : 1.880794e-05
P_MSE       : 1.964443e-09
Q_MSE       : 5.554817e-10
P_RMSE      : 4.432203e-05
Q_RMSE      : 2.356866e-05

[sample 049] iter 00: max_mismatchPQ=5.413e+01, NN_max_dAng=0.000e+00, NN_max_dV=0.000e+00  True_errAng=8.964e-02, True_errV=1.798e-01
[sample 049] iter 01: max_mismatchPQ=2.042e-01, NN_max_dAng=8.955e-02, NN_max_dV=1.763e-01  True_errAng=2.745e-02, True_errV=7.112e-03
[sample 049] iter 02: max_mismatchPQ=1.089e-02, NN_max_dAng=1.468e-02, NN_max_dV=7.135e-03  True_errAng=1.377e-02, True_errV=2.583e-04
[sample 049] iter 03: max_mismatchPQ=4.330e-03, NN_max_dAng=6.516e-03, NN_max_dV=1.602e-04  True_errAng=7.260e-03, True_errV=1.481e-04
[sample 049] iter 04: max_mismatchPQ=2.175e-03, NN_max_dAng=2.980e-03, NN_max_dV=5.691e-05  True_errAng=5.524e-03, True_errV=9.382e-05
[sample 049] iter 05: max_mismatchPQ=1.419e-03, NN_max_dAng=1.448e-03, NN_max_dV=3.182e-05  True_errAng=5.100e-03, True_errV=8.428e-05
[sample 049] iter 06: max_mismatchPQ=1.232e-03, NN_max_dAng=8.691e-04, NN_max_dV=1.615e-05  True_errAng=4.564e-03, True_errV=7.451e-05
[sample 049] iter 07: max_mismatchPQ=1.072e-03, NN_max_dAng=6.566e-04, NN_max_dV=9.562e-06  True_errAng=4.025e-03, True_errV=6.562e-05
[sample 049] iter 08: max_mismatchPQ=9.404e-04, NN_max_dAng=5.012e-04, NN_max_dV=7.911e-06  True_errAng=3.524e-03, True_errV=5.770e-05
[sample 049] iter 09: max_mismatchPQ=8.284e-04, NN_max_dAng=4.498e-04, NN_max_dV=7.125e-06  True_errAng=3.074e-03, True_errV=5.060e-05
[sample 049] iter 10: max_mismatchPQ=7.287e-04, NN_max_dAng=3.971e-04, NN_max_dV=6.311e-06  True_errAng=2.677e-03, True_errV=4.429e-05
[sample 049] iter 11: max_mismatchPQ=6.388e-04, NN_max_dAng=3.470e-04, NN_max_dV=5.565e-06  True_errAng=2.330e-03, True_errV=3.898e-05
[sample 049] iter 12: max_mismatchPQ=5.623e-04, NN_max_dAng=3.017e-04, NN_max_dV=4.681e-06  True_errAng=2.029e-03, True_errV=3.439e-05
[sample 049] iter 13: max_mismatchPQ=4.925e-04, NN_max_dAng=2.615e-04, NN_max_dV=4.292e-06  True_errAng=1.767e-03, True_errV=3.028e-05
[sample 049] iter 14: max_mismatchPQ=4.321e-04, NN_max_dAng=2.257e-04, NN_max_dV=3.638e-06  True_errAng=1.541e-03, True_errV=2.682e-05
[sample 049] iter 15: max_mismatchPQ=3.799e-04, NN_max_dAng=1.947e-04, NN_max_dV=3.143e-06  True_errAng=1.347e-03, True_errV=2.378e-05
[sample 049] iter 16: max_mismatchPQ=3.353e-04, NN_max_dAng=1.677e-04, NN_max_dV=2.732e-06  True_errAng=1.179e-03, True_errV=2.110e-05
[sample 049] iter 17: max_mismatchPQ=2.953e-04, NN_max_dAng=1.444e-04, NN_max_dV=2.393e-06  True_errAng=1.035e-03, True_errV=1.901e-05
[sample 049] iter 18: max_mismatchPQ=2.631e-04, NN_max_dAng=1.242e-04, NN_max_dV=2.055e-06  True_errAng=9.104e-04, True_errV=1.693e-05
[sample 049] iter 19: max_mismatchPQ=2.331e-04, NN_max_dAng=1.064e-04, NN_max_dV=1.862e-06  True_errAng=8.040e-04, True_errV=1.508e-05
[sample 049] iter 20: max_mismatchPQ=2.099e-04, NN_max_dAng=9.154e-05, NN_max_dV=1.437e-06  True_errAng=7.125e-04, True_errV=1.377e-05
[sample 049] >>> stop_reason=max_blocks, used_iter=20, max_PQ_mismatch=2.099e-04
[1;32m===== Test Sample Heatmap Cell: X=(-2.00,-1.80), PQ=(-1.20,-1.00), x_signed=-1.809691, pq_signed=-1.104848, valid_label=1 =====[0m
---- Error Metrics (Best State) ----
Angel_MAX   : 7.124543e-04
Voltage_MAX : 1.376867e-05
P_MAX       : 2.099329e-04
Q_MAX       : 8.013286e-05
P_MAE       : 6.331524e-05
Q_MAE       : 2.102146e-05
P_MSE       : 6.520660e-09
Q_MSE       : 8.019228e-10
P_RMSE      : 8.075060e-05
Q_RMSE      : 2.831824e-05

[sample 050] iter 00: max_mismatchPQ=2.187e+01, NN_max_dAng=0.000e+00, NN_max_dV=0.000e+00  True_errAng=1.833e-01, True_errV=8.885e-02
[sample 050] iter 01: max_mismatchPQ=9.460e-01, NN_max_dAng=1.508e-01, NN_max_dV=8.902e-02  True_errAng=3.255e-02, True_errV=9.387e-03
[sample 050] iter 02: max_mismatchPQ=7.110e-03, NN_max_dAng=3.157e-02, NN_max_dV=9.316e-03  True_errAng=8.357e-03, True_errV=1.543e-04
[sample 050] iter 03: max_mismatchPQ=1.045e-03, NN_max_dAng=4.815e-03, NN_max_dV=1.243e-04  True_errAng=3.542e-03, True_errV=4.232e-05
[sample 050] iter 04: max_mismatchPQ=7.060e-04, NN_max_dAng=1.116e-03, NN_max_dV=1.636e-05  True_errAng=2.426e-03, True_errV=3.761e-05
[sample 050] iter 05: max_mismatchPQ=5.059e-04, NN_max_dAng=6.852e-04, NN_max_dV=6.963e-06  True_errAng=1.987e-03, True_errV=3.356e-05
[sample 050] iter 06: max_mismatchPQ=4.401e-04, NN_max_dAng=4.746e-04, NN_max_dV=5.144e-06  True_errAng=1.725e-03, True_errV=2.956e-05
[sample 050] iter 07: max_mismatchPQ=3.848e-04, NN_max_dAng=3.363e-04, NN_max_dV=3.859e-06  True_errAng=1.486e-03, True_errV=2.575e-05
[sample 050] iter 08: max_mismatchPQ=3.362e-04, NN_max_dAng=2.408e-04, NN_max_dV=3.548e-06  True_errAng=1.272e-03, True_errV=2.217e-05
[sample 050] iter 09: max_mismatchPQ=2.875e-04, NN_max_dAng=1.898e-04, NN_max_dV=3.235e-06  True_errAng=1.082e-03, True_errV=1.895e-05
[sample 050] iter 10: max_mismatchPQ=2.484e-04, NN_max_dAng=1.666e-04, NN_max_dV=2.816e-06  True_errAng=9.155e-04, True_errV=1.615e-05
[sample 050] iter 11: max_mismatchPQ=2.093e-04, NN_max_dAng=1.458e-04, NN_max_dV=2.774e-06  True_errAng=7.698e-04, True_errV=1.341e-05
[sample 050] iter 12: max_mismatchPQ=1.779e-04, NN_max_dAng=1.269e-04, NN_max_dV=2.342e-06  True_errAng=6.429e-04, True_errV=1.109e-05
[sample 050] iter 13: max_mismatchPQ=1.502e-04, NN_max_dAng=1.101e-04, NN_max_dV=2.016e-06  True_errAng=5.329e-04, True_errV=9.060e-06
[sample 050] iter 14: max_mismatchPQ=1.327e-04, NN_max_dAng=9.520e-05, NN_max_dV=1.833e-06  True_errAng=4.377e-04, True_errV=7.272e-06
[sample 050] iter 15: max_mismatchPQ=1.094e-04, NN_max_dAng=8.234e-05, NN_max_dV=1.503e-06  True_errAng=3.553e-04, True_errV=5.722e-06
[sample 050] iter 16: max_mismatchPQ=9.489e-05, NN_max_dAng=7.112e-05, NN_max_dV=1.284e-06  True_errAng=2.842e-04, True_errV=4.470e-06
[sample 050] >>> stop_reason=converged, used_iter=16, max_PQ_mismatch=9.489e-05
[1;32m===== Test Sample Heatmap Cell: X=(-2.00,-1.80), PQ=(-1.20,-1.00), x_signed=-1.833979, pq_signed=-1.113961, valid_label=1 =====[0m
---- Error Metrics (Best State) ----
Angel_MAX   : 2.841949e-04
Voltage_MAX : 4.470348e-06
P_MAX       : 9.489106e-05
Q_MAX       : 5.933642e-05
P_MAE       : 2.869493e-05
Q_MAE       : 1.865524e-05
P_MSE       : 1.259911e-09
Q_MSE       : 5.681670e-10
P_RMSE      : 3.549522e-05
Q_RMSE      : 2.383625e-05


===== Batch Full-Test Summary By Heatmap Cell =====
X=[-2.0,-1.8], PQ=[-2.0,-1.8]: count:10, ill:0, avg_iter:17.80, Ang_MAX:1.026869e-03, Vol_MAX:2.020597e-05, Ang_mean±std:4.814513e-04±2.693895e-04, Vol_mean±std:1.026988e-05±5.217027e-06, P_MAX:3.043e-04, Q_MAX:1.247e-04, P_mean±std:1.544713e-04±7.286950e-05, Q_mean±std:8.295812e-05±1.469130e-05, P_RMSE:5.937e-05, Q_RMSE:3.028e-05, Success rate (<0.1):1.000000, Success rate (<0.01):1.000000, Success rate (<0.001):1.000000
X=[-2.0,-1.8], PQ=[-1.8,-1.6]: count:10, ill:0, avg_iter:17.30, Ang_MAX:1.998097e-03, Vol_MAX:2.783537e-05, Ang_mean±std:5.730785e-04±5.171821e-04, Vol_mean±std:1.102686e-05±7.144407e-06, P_MAX:4.779e-04, Q_MAX:1.409e-04, P_mean±std:1.795105e-04±1.427779e-04, Q_mean±std:8.588517e-05±2.513734e-05, P_RMSE:7.016e-05, Q_RMSE:3.175e-05, Success rate (<0.1):1.000000, Success rate (<0.01):1.000000, Success rate (<0.001):1.000000
X=[-2.0,-1.8], PQ=[-1.6,-1.4]: count:10, ill:0, avg_iter:18.50, Ang_MAX:7.915348e-04, Vol_MAX:1.543760e-05, Ang_mean±std:4.201993e-04±2.145834e-04, Vol_mean±std:9.512901e-06±3.034479e-06, P_MAX:2.539e-04, Q_MAX:1.293e-04, P_mean±std:1.389799e-04±5.589510e-05, Q_mean±std:8.161329e-05±2.335910e-05, P_RMSE:5.217e-05, Q_RMSE:2.896e-05, Success rate (<0.1):1.000000, Success rate (<0.01):1.000000, Success rate (<0.001):1.000000
X=[-2.0,-1.8], PQ=[-1.4,-1.2]: count:10, ill:0, avg_iter:17.20, Ang_MAX:1.072004e-03, Vol_MAX:2.801418e-05, Ang_mean±std:4.592776e-04±2.946407e-04, Vol_mean±std:1.024604e-05±6.815470e-06, P_MAX:3.188e-04, Q_MAX:1.182e-04, P_mean±std:1.468606e-04±8.072268e-05, Q_mean±std:7.545957e-05±1.780699e-05, P_RMSE:5.529e-05, Q_RMSE:2.827e-05, Success rate (<0.1):1.000000, Success rate (<0.01):1.000000, Success rate (<0.001):1.000000
X=[-2.0,-1.8], PQ=[-1.2,-1.0]: count:10, ill:0, avg_iter:17.20, Ang_MAX:1.135066e-03, Vol_MAX:2.020597e-05, Ang_mean±std:4.260328e-04±2.953392e-04, Vol_mean±std:8.749962e-06±4.969812e-06, P_MAX:3.328e-04, Q_MAX:8.696e-05, P_mean±std:1.387493e-04±7.946386e-05, Q_mean±std:7.334957e-05±8.915892e-06, P_RMSE:5.310e-05, Q_RMSE:2.795e-05, Success rate (<0.1):1.000000, Success rate (<0.01):1.000000, Success rate (<0.001):1.000000
X=[-2.0,-1.8], PQ=[-1.0,-0.8]: count:10, ill:0, avg_iter:16.40, Ang_MAX:1.009256e-03, Vol_MAX:2.026558e-05, Ang_mean±std:5.129606e-04±2.752339e-04, Vol_mean±std:9.673834e-06±5.040034e-06, P_MAX:2.898e-04, Q_MAX:8.178e-05, P_mean±std:1.606873e-04±7.161738e-05, Q_mean±std:6.845202e-05±8.099182e-06, P_RMSE:6.095e-05, Q_RMSE:2.648e-05, Success rate (<0.1):1.000000, Success rate (<0.01):1.000000, Success rate (<0.001):1.000000
X=[-2.0,-1.8], PQ=[-0.8,-0.6]: count:10, ill:0, avg_iter:17.10, Ang_MAX:1.161352e-03, Vol_MAX:2.223253e-05, Ang_mean±std:5.236611e-04±3.521198e-04, Vol_mean±std:1.071095e-05±6.062355e-06, P_MAX:3.371e-04, Q_MAX:8.911e-05, P_mean±std:1.642902e-04±9.378553e-05, Q_mean±std:6.372510e-05±1.307753e-05, P_RMSE:6.293e-05, Q_RMSE:2.466e-05, Success rate (<0.1):1.000000, Success rate (<0.01):1.000000, Success rate (<0.001):1.000000
X=[-2.0,-1.8], PQ=[-0.6,-0.4]: count:10, ill:0, avg_iter:19.10, Ang_MAX:1.462772e-03, Vol_MAX:2.563000e-05, Ang_mean±std:7.634625e-04±4.111065e-04, Vol_mean±std:1.512766e-05±6.255126e-06, P_MAX:4.177e-04, Q_MAX:9.745e-05, P_mean±std:2.301513e-04±1.108852e-04, Q_mean±std:7.388955e-05±1.538884e-05, P_RMSE:8.751e-05, Q_RMSE:2.641e-05, Success rate (<0.1):1.000000, Success rate (<0.01):1.000000, Success rate (<0.001):1.000000
X=[-2.0,-1.8], PQ=[-0.4,-0.2]: count:10, ill:0, avg_iter:16.70, Ang_MAX:5.856156e-04, Vol_MAX:1.138449e-05, Ang_mean±std:3.261060e-04±1.172842e-04, Vol_mean±std:6.210804e-06±2.336441e-06, P_MAX:1.802e-04, Q_MAX:6.200e-05, P_mean±std:1.099821e-04±3.208911e-05, Q_mean±std:5.686237e-05±4.164085e-06, P_RMSE:3.986e-05, Q_RMSE:2.319e-05, Success rate (<0.1):1.000000, Success rate (<0.01):1.000000, Success rate (<0.001):1.000000
X=[-2.0,-1.8], PQ=[-0.2,0.0]: count:10, ill:0, avg_iter:19.20, Ang_MAX:1.572579e-03, Vol_MAX:2.723932e-05, Ang_mean±std:6.194577e-04±3.821130e-04, Vol_mean±std:1.190305e-05±6.363144e-06, P_MAX:4.508e-04, Q_MAX:1.149e-04, P_mean±std:1.895514e-04±1.045339e-04, Q_mean±std:6.921478e-05±1.873453e-05, P_RMSE:7.110e-05, Q_RMSE:2.456e-05, Success rate (<0.1):1.000000, Success rate (<0.01):1.000000, Success rate (<0.001):1.000000
X=[-2.0,-1.8], PQ=[0.0,0.2]: count:10, ill:0, avg_iter:18.60, Ang_MAX:1.099825e-03, Vol_MAX:1.966953e-05, Ang_mean±std:5.763218e-04±3.299132e-04, Vol_mean±std:1.118779e-05±5.510581e-06, P_MAX:3.224e-04, Q_MAX:8.202e-05, P_mean±std:1.771318e-04±9.089030e-05, Q_mean±std:6.406112e-05±1.317931e-05, P_RMSE:6.618e-05, Q_RMSE:2.439e-05, Success rate (<0.1):1.000000, Success rate (<0.01):1.000000, Success rate (<0.001):1.000000
X=[-2.0,-1.8], PQ=[0.2,0.4]: count:10, ill:0, avg_iter:17.50, Ang_MAX:8.842349e-04, Vol_MAX:1.621246e-05, Ang_mean±std:5.153328e-04±2.573860e-04, Vol_mean±std:9.888411e-06±4.137563e-06, P_MAX:2.637e-04, Q_MAX:7.282e-05, P_mean±std:1.617108e-04±7.081036e-05, Q_mean±std:6.321175e-05±6.690369e-06, P_RMSE:6.057e-05, Q_RMSE:2.451e-05, Success rate (<0.1):1.000000, Success rate (<0.01):1.000000, Success rate (<0.001):1.000000
X=[-2.0,-1.8], PQ=[0.4,0.6]: count:10, ill:0, avg_iter:17.90, Ang_MAX:9.465814e-04, Vol_MAX:1.889467e-05, Ang_mean±std:5.805746e-04±2.829079e-04, Vol_mean±std:1.140833e-05±5.008862e-06, P_MAX:2.785e-04, Q_MAX:7.761e-05, P_mean±std:1.782952e-04±7.724555e-05, Q_mean±std:6.616265e-05±8.323752e-06, P_RMSE:6.843e-05, Q_RMSE:2.531e-05, Success rate (<0.1):1.000000, Success rate (<0.01):1.000000, Success rate (<0.001):1.000000
X=[-2.0,-1.8], PQ=[0.6,0.8]: count:10, ill:0, avg_iter:19.50, Ang_MAX:1.441181e-03, Vol_MAX:2.408028e-05, Ang_mean±std:6.089434e-04±3.600378e-04, Vol_mean±std:1.092553e-05±5.825606e-06, P_MAX:4.157e-04, Q_MAX:1.038e-04, P_mean±std:1.868280e-04±9.909596e-05, Q_mean±std:6.620074e-05±1.568508e-05, P_RMSE:7.055e-05, Q_RMSE:2.622e-05, Success rate (<0.1):1.000000, Success rate (<0.01):1.000000, Success rate (<0.001):1.000000
X=[-2.0,-1.8], PQ=[0.8,1.0]: count:10, ill:0, avg_iter:17.30, Ang_MAX:6.055534e-04, Vol_MAX:1.269579e-05, Ang_mean±std:3.846921e-04±1.289758e-04, Vol_mean±std:8.177757e-06±2.819722e-06, P_MAX:1.836e-04, Q_MAX:7.630e-05, P_mean±std:1.258402e-04±3.589168e-05, Q_mean±std:6.455192e-05±6.830413e-06, P_RMSE:4.673e-05, Q_RMSE:2.421e-05, Success rate (<0.1):1.000000, Success rate (<0.01):1.000000, Success rate (<0.001):1.000000
X=[-2.0,-1.8], PQ=[1.0,1.2]: count:10, ill:0, avg_iter:14.60, Ang_MAX:1.121148e-03, Vol_MAX:1.978874e-05, Ang_mean±std:4.474521e-04±3.187731e-04, Vol_mean±std:9.518862e-06±4.849566e-06, P_MAX:3.266e-04, Q_MAX:9.012e-05, P_mean±std:1.462420e-04±8.411099e-05, Q_mean±std:6.886031e-05±1.294565e-05, P_RMSE:5.714e-05, Q_RMSE:2.629e-05, Success rate (<0.1):1.000000, Success rate (<0.01):1.000000, Success rate (<0.001):1.000000
X=[-2.0,-1.8], PQ=[1.2,1.4]: count:10, ill:0, avg_iter:19.90, Ang_MAX:1.638681e-03, Vol_MAX:3.528595e-05, Ang_mean±std:9.310409e-04±4.391419e-04, Vol_mean±std:1.735687e-05±7.773588e-06, P_MAX:4.568e-04, Q_MAX:1.450e-04, P_mean±std:2.750828e-04±1.182888e-04, Q_mean±std:9.181108e-05±2.345047e-05, P_RMSE:1.060e-04, Q_RMSE:3.165e-05, Success rate (<0.1):1.000000, Success rate (<0.01):1.000000, Success rate (<0.001):1.000000
X=[-2.0,-1.8], PQ=[1.4,1.6]: count:10, ill:0, avg_iter:17.80, Ang_MAX:1.064561e-03, Vol_MAX:2.276897e-05, Ang_mean±std:4.657455e-04±3.123191e-04, Vol_mean±std:9.959936e-06±5.857196e-06, P_MAX:3.096e-04, Q_MAX:1.214e-04, P_mean±std:1.513684e-04±8.209732e-05, Q_mean±std:8.685701e-05±1.394421e-05, P_RMSE:5.825e-05, Q_RMSE:3.060e-05, Success rate (<0.1):1.000000, Success rate (<0.01):1.000000, Success rate (<0.001):1.000000
X=[-2.0,-1.8], PQ=[1.6,1.8]: count:10, ill:0, avg_iter:19.10, Ang_MAX:1.416735e-03, Vol_MAX:3.290176e-05, Ang_mean±std:5.305417e-04±3.420149e-04, Vol_mean±std:1.189113e-05±7.567079e-06, P_MAX:3.875e-04, Q_MAX:1.093e-04, P_mean±std:1.721222e-04±8.187274e-05, Q_mean±std:7.904321e-05±1.826706e-05, P_RMSE:6.350e-05, Q_RMSE:3.032e-05, Success rate (<0.1):1.000000, Success rate (<0.01):1.000000, Success rate (<0.001):1.000000
X=[-2.0,-1.8], PQ=[1.8,2.0]: count:10, ill:0, avg_iter:16.40, Ang_MAX:9.575337e-04, Vol_MAX:1.716614e-05, Ang_mean±std:3.476456e-04±2.231621e-04, Vol_mean±std:7.569790e-06±3.444303e-06, P_MAX:2.854e-04, Q_MAX:1.364e-04, P_mean±std:1.233952e-04±5.899639e-05, Q_mean±std:9.228438e-05±2.225081e-05, P_RMSE:4.646e-05, Q_RMSE:3.049e-05, Success rate (<0.1):1.000000, Success rate (<0.01):1.000000, Success rate (<0.001):1.000000
X=[-1.8,-1.6], PQ=[-2.0,-1.8]: count:10, ill:0, avg_iter:18.80, Ang_MAX:9.413362e-04, Vol_MAX:1.668930e-05, Ang_mean±std:4.263096e-04±2.383449e-04, Vol_mean±std:9.351969e-06±3.357012e-06, P_MAX:2.828e-04, Q_MAX:1.353e-04, P_mean±std:1.420041e-04±5.924400e-05, Q_mean±std:9.453446e-05±2.062052e-05, P_RMSE:5.253e-05, Q_RMSE:3.095e-05, Success rate (<0.1):1.000000, Success rate (<0.01):1.000000, Success rate (<0.001):1.000000
X=[-1.8,-1.6], PQ=[-1.8,-1.6]: count:10, ill:0, avg_iter:18.60, Ang_MAX:1.100153e-03, Vol_MAX:1.633167e-05, Ang_mean±std:5.534917e-04±2.712101e-04, Vol_mean±std:9.900331e-06±3.651820e-06, P_MAX:3.142e-04, Q_MAX:9.870e-05, P_mean±std:1.686613e-04±7.282522e-05, Q_mean±std:8.427966e-05±8.739989e-06, P_RMSE:6.561e-05, Q_RMSE:3.078e-05, Success rate (<0.1):1.000000, Success rate (<0.01):1.000000, Success rate (<0.001):1.000000
X=[-1.8,-1.6], PQ=[-1.6,-1.4]: count:10, ill:0, avg_iter:18.40, Ang_MAX:1.361549e-03, Vol_MAX:2.563000e-05, Ang_mean±std:5.960613e-04±3.838516e-04, Vol_mean±std:1.314878e-05±6.365274e-06, P_MAX:3.853e-04, Q_MAX:1.113e-04, P_mean±std:1.824853e-04±1.033394e-04, Q_mean±std:7.526176e-05±1.640096e-05, P_RMSE:6.925e-05, Q_RMSE:2.821e-05, Success rate (<0.1):1.000000, Success rate (<0.01):1.000000, Success rate (<0.001):1.000000
X=[-1.8,-1.6], PQ=[-1.4,-1.2]: count:10, ill:0, avg_iter:18.90, Ang_MAX:9.172037e-04, Vol_MAX:2.026558e-05, Ang_mean±std:4.928924e-04±2.029926e-04, Vol_mean±std:1.065731e-05±4.088444e-06, P_MAX:2.662e-04, Q_MAX:8.497e-05, P_mean±std:1.575666e-04±5.297467e-05, Q_mean±std:6.859265e-05±7.900844e-06, P_RMSE:5.798e-05, Q_RMSE:2.674e-05, Success rate (<0.1):1.000000, Success rate (<0.01):1.000000, Success rate (<0.001):1.000000
X=[-1.8,-1.6], PQ=[-1.2,-1.0]: count:10, ill:0, avg_iter:19.20, Ang_MAX:9.925365e-04, Vol_MAX:1.788139e-05, Ang_mean±std:5.098432e-04±2.534373e-04, Vol_mean±std:1.045465e-05±4.774790e-06, P_MAX:2.885e-04, Q_MAX:9.584e-05, P_mean±std:1.575533e-04±6.876673e-05, Q_mean±std:7.201489e-05±1.042984e-05, P_RMSE:5.909e-05, Q_RMSE:2.670e-05, Success rate (<0.1):1.000000, Success rate (<0.01):1.000000, Success rate (<0.001):1.000000
X=[-1.8,-1.6], PQ=[-1.0,-0.8]: count:10, ill:0, avg_iter:19.00, Ang_MAX:7.202476e-04, Vol_MAX:1.239777e-05, Ang_mean±std:4.018262e-04±1.377861e-04, Vol_mean±std:7.957220e-06±2.958727e-06, P_MAX:2.172e-04, Q_MAX:9.638e-05, P_mean±std:1.301425e-04±3.909112e-05, Q_mean±std:6.583109e-05±1.094939e-05, P_RMSE:4.737e-05, Q_RMSE:2.612e-05, Success rate (<0.1):1.000000, Success rate (<0.01):1.000000, Success rate (<0.001):1.000000
X=[-1.8,-1.6], PQ=[-0.8,-0.6]: count:10, ill:0, avg_iter:18.00, Ang_MAX:9.619296e-04, Vol_MAX:1.639128e-05, Ang_mean±std:5.071819e-04±2.341551e-04, Vol_mean±std:9.953976e-06±3.658968e-06, P_MAX:2.875e-04, Q_MAX:7.653e-05, P_mean±std:1.597626e-04±6.322291e-05, Q_mean±std:6.570462e-05±7.428305e-06, P_RMSE:6.054e-05, Q_RMSE:2.481e-05, Success rate (<0.1):1.000000, Success rate (<0.01):1.000000, Success rate (<0.001):1.000000
X=[-1.8,-1.6], PQ=[-0.6,-0.4]: count:10, ill:0, avg_iter:16.80, Ang_MAX:8.781105e-04, Vol_MAX:1.686811e-05, Ang_mean±std:4.657343e-04±2.555754e-04, Vol_mean±std:1.018643e-05±4.183248e-06, P_MAX:2.596e-04, Q_MAX:7.772e-05, P_mean±std:1.515289e-04±6.545775e-05, Q_mean±std:6.059259e-05±7.807026e-06, P_RMSE:5.586e-05, Q_RMSE:2.335e-05, Success rate (<0.1):1.000000, Success rate (<0.01):1.000000, Success rate (<0.001):1.000000
X=[-1.8,-1.6], PQ=[-0.4,-0.2]: count:10, ill:0, avg_iter:16.80, Ang_MAX:8.901656e-04, Vol_MAX:1.651049e-05, Ang_mean±std:4.334033e-04±2.481134e-04, Vol_mean±std:8.773804e-06±4.437949e-06, P_MAX:2.625e-04, Q_MAX:7.442e-05, P_mean±std:1.426176e-04±6.438427e-05, Q_mean±std:5.764207e-05±8.221500e-06, P_RMSE:5.276e-05, Q_RMSE:2.320e-05, Success rate (<0.1):1.000000, Success rate (<0.01):1.000000, Success rate (<0.001):1.000000
X=[-1.8,-1.6], PQ=[-0.2,0.0]: count:10, ill:0, avg_iter:16.80, Ang_MAX:9.205490e-04, Vol_MAX:1.674891e-05, Ang_mean±std:5.253494e-04±2.588250e-04, Vol_mean±std:1.013279e-05±4.718866e-06, P_MAX:2.730e-04, Q_MAX:7.440e-05, P_mean±std:1.637860e-04±7.135489e-05, Q_mean±std:6.458322e-05±6.181349e-06, P_RMSE:6.196e-05, Q_RMSE:2.444e-05, Success rate (<0.1):1.000000, Success rate (<0.01):1.000000, Success rate (<0.001):1.000000
X=[-1.8,-1.6], PQ=[0.0,0.2]: count:10, ill:0, avg_iter:18.10, Ang_MAX:5.721450e-04, Vol_MAX:1.066923e-05, Ang_mean±std:3.656209e-04±1.095723e-04, Vol_mean±std:7.361174e-06±2.116133e-06, P_MAX:1.726e-04, Q_MAX:6.188e-05, P_mean±std:1.210196e-04±2.686566e-05, Q_mean±std:5.509853e-05±4.401884e-06, P_RMSE:4.408e-05, Q_RMSE:2.270e-05, Success rate (<0.1):1.000000, Success rate (<0.01):1.000000, Success rate (<0.001):1.000000
X=[-1.8,-1.6], PQ=[0.2,0.4]: count:10, ill:0, avg_iter:17.00, Ang_MAX:8.368343e-04, Vol_MAX:1.615286e-05, Ang_mean±std:3.325820e-04±1.784981e-04, Vol_mean±std:7.528067e-06±3.369961e-06, P_MAX:2.498e-04, Q_MAX:7.119e-05, P_mean±std:1.133915e-04±4.760535e-05, Q_mean±std:5.829195e-05±6.683536e-06, P_RMSE:4.165e-05, Q_RMSE:2.277e-05, Success rate (<0.1):1.000000, Success rate (<0.01):1.000000, Success rate (<0.001):1.000000
X=[-1.8,-1.6], PQ=[0.4,0.6]: count:10, ill:0, avg_iter:18.40, Ang_MAX:1.276195e-03, Vol_MAX:2.086163e-05, Ang_mean±std:5.687445e-04±3.701712e-04, Vol_mean±std:1.182556e-05±5.383207e-06, P_MAX:3.698e-04, Q_MAX:8.861e-05, P_mean±std:1.748859e-04±1.012908e-04, Q_mean±std:6.516110e-05±1.259959e-05, P_RMSE:6.634e-05, Q_RMSE:2.465e-05, Success rate (<0.1):1.000000, Success rate (<0.01):1.000000, Success rate (<0.001):1.000000
X=[-1.8,-1.6], PQ=[0.6,0.8]: count:10, ill:0, avg_iter:17.80, Ang_MAX:7.992536e-04, Vol_MAX:1.585484e-05, Ang_mean±std:3.954753e-04±1.792701e-04, Vol_mean±std:8.040667e-06±3.085593e-06, P_MAX:2.384e-04, Q_MAX:8.389e-05, P_mean±std:1.287041e-04±5.044690e-05, Q_mean±std:6.348407e-05±1.098250e-05, P_RMSE:4.750e-05, Q_RMSE:2.525e-05, Success rate (<0.1):1.000000, Success rate (<0.01):1.000000, Success rate (<0.001):1.000000
X=[-1.8,-1.6], PQ=[0.8,1.0]: count:10, ill:0, avg_iter:18.80, Ang_MAX:1.023725e-03, Vol_MAX:2.008677e-05, Ang_mean±std:4.956394e-04±2.315350e-04, Vol_mean±std:9.948015e-06±4.363243e-06, P_MAX:2.966e-04, Q_MAX:9.131e-05, P_mean±std:1.543225e-04±6.235189e-05, Q_mean±std:6.825328e-05±1.175983e-05, P_RMSE:5.883e-05, Q_RMSE:2.564e-05, Success rate (<0.1):1.000000, Success rate (<0.01):1.000000, Success rate (<0.001):1.000000
X=[-1.8,-1.6], PQ=[1.0,1.2]: count:10, ill:0, avg_iter:17.90, Ang_MAX:1.477584e-03, Vol_MAX:2.956390e-05, Ang_mean±std:5.471423e-04±4.042995e-04, Vol_mean±std:1.042485e-05±7.505806e-06, P_MAX:4.190e-04, Q_MAX:1.098e-04, P_mean±std:1.710784e-04±1.081771e-04, Q_mean±std:7.320959e-05±1.701832e-05, P_RMSE:6.455e-05, Q_RMSE:2.753e-05, Success rate (<0.1):1.000000, Success rate (<0.01):1.000000, Success rate (<0.001):1.000000
X=[-1.8,-1.6], PQ=[1.2,1.4]: count:10, ill:0, avg_iter:17.20, Ang_MAX:1.387075e-03, Vol_MAX:2.187490e-05, Ang_mean±std:4.855186e-04±4.060234e-04, Vol_mean±std:9.286404e-06±5.795386e-06, P_MAX:4.017e-04, Q_MAX:9.450e-05, P_mean±std:1.524639e-04±1.121387e-04, Q_mean±std:7.527545e-05±1.266629e-05, P_RMSE:5.871e-05, Q_RMSE:2.883e-05, Success rate (<0.1):1.000000, Success rate (<0.01):1.000000, Success rate (<0.001):1.000000
X=[-1.8,-1.6], PQ=[1.4,1.6]: count:10, ill:0, avg_iter:19.60, Ang_MAX:1.080275e-03, Vol_MAX:2.199411e-05, Ang_mean±std:5.840465e-04±2.040104e-04, Vol_mean±std:1.174808e-05±4.149310e-06, P_MAX:3.171e-04, Q_MAX:9.298e-05, P_mean±std:1.793290e-04±5.751176e-05, Q_mean±std:7.069753e-05±1.157637e-05, P_RMSE:6.744e-05, Q_RMSE:2.753e-05, Success rate (<0.1):1.000000, Success rate (<0.01):1.000000, Success rate (<0.001):1.000000
X=[-1.8,-1.6], PQ=[1.6,1.8]: count:10, ill:0, avg_iter:18.30, Ang_MAX:8.464903e-04, Vol_MAX:1.680851e-05, Ang_mean±std:4.692540e-04±2.750403e-04, Vol_mean±std:1.094341e-05±4.767120e-06, P_MAX:2.449e-04, Q_MAX:1.068e-04, P_mean±std:1.532050e-04±6.584981e-05, Q_mean±std:8.510323e-05±1.344386e-05, P_RMSE:5.813e-05, Q_RMSE:2.983e-05, Success rate (<0.1):1.000000, Success rate (<0.01):1.000000, Success rate (<0.001):1.000000
X=[-1.8,-1.6], PQ=[1.8,2.0]: count:10, ill:0, avg_iter:19.50, Ang_MAX:9.356886e-04, Vol_MAX:2.050400e-05, Ang_mean±std:5.194321e-04±2.487988e-04, Vol_mean±std:1.085401e-05±4.626446e-06, P_MAX:2.737e-04, Q_MAX:1.216e-04, P_mean±std:1.633658e-04±6.854131e-05, Q_mean±std:8.381363e-05±1.717356e-05, P_RMSE:6.151e-05, Q_RMSE:3.025e-05, Success rate (<0.1):1.000000, Success rate (<0.01):1.000000, Success rate (<0.001):1.000000
X=[-1.6,-1.4], PQ=[-2.0,-1.8]: count:10, ill:0, avg_iter:19.20, Ang_MAX:8.165985e-04, Vol_MAX:1.758337e-05, Ang_mean±std:4.888222e-04±2.083814e-04, Vol_mean±std:1.059771e-05±3.510486e-06, P_MAX:2.456e-04, Q_MAX:1.099e-04, P_mean±std:1.603068e-04±5.148693e-05, Q_mean±std:8.665510e-05±1.029154e-05, P_RMSE:5.912e-05, Q_RMSE:3.159e-05, Success rate (<0.1):1.000000, Success rate (<0.01):1.000000, Success rate (<0.001):1.000000
X=[-1.6,-1.4], PQ=[-1.8,-1.6]: count:10, ill:0, avg_iter:18.60, Ang_MAX:1.002908e-03, Vol_MAX:2.151728e-05, Ang_mean±std:5.409747e-04±3.078312e-04, Vol_mean±std:1.226068e-05±5.776121e-06, P_MAX:2.900e-04, Q_MAX:9.620e-05, P_mean±std:1.741827e-04±7.911378e-05, Q_mean±std:7.892177e-05±1.241319e-05, P_RMSE:6.558e-05, Q_RMSE:2.775e-05, Success rate (<0.1):1.000000, Success rate (<0.01):1.000000, Success rate (<0.001):1.000000
X=[-1.6,-1.4], PQ=[-1.6,-1.4]: count:10, ill:0, avg_iter:16.70, Ang_MAX:6.048381e-04, Vol_MAX:1.126528e-05, Ang_mean±std:3.319100e-04±1.288334e-04, Vol_mean±std:7.915497e-06±2.045369e-06, P_MAX:1.912e-04, Q_MAX:9.507e-05, P_mean±std:1.165773e-04±3.294869e-05, Q_mean±std:7.749293e-05±1.061234e-05, P_RMSE:4.220e-05, Q_RMSE:3.022e-05, Success rate (<0.1):1.000000, Success rate (<0.01):1.000000, Success rate (<0.001):1.000000
X=[-1.6,-1.4], PQ=[-1.4,-1.2]: count:10, ill:0, avg_iter:18.40, Ang_MAX:9.323359e-04, Vol_MAX:1.806021e-05, Ang_mean±std:4.565626e-04±2.126376e-04, Vol_mean±std:1.010895e-05±3.303324e-06, P_MAX:2.756e-04, Q_MAX:8.202e-05, P_mean±std:1.447026e-04±5.696863e-05, Q_mean±std:7.092282e-05±7.542853e-06, P_RMSE:5.492e-05, Q_RMSE:2.763e-05, Success rate (<0.1):1.000000, Success rate (<0.01):1.000000, Success rate (<0.001):1.000000
X=[-1.6,-1.4], PQ=[-1.2,-1.0]: count:10, ill:0, avg_iter:18.70, Ang_MAX:1.210496e-03, Vol_MAX:2.568960e-05, Ang_mean±std:6.402358e-04±3.188976e-04, Vol_mean±std:1.278520e-05±6.017428e-06, P_MAX:3.378e-04, Q_MAX:1.066e-04, P_mean±std:1.925992e-04±8.692758e-05, Q_mean±std:7.641818e-05±1.609159e-05, P_RMSE:7.443e-05, Q_RMSE:2.735e-05, Success rate (<0.1):1.000000, Success rate (<0.01):1.000000, Success rate (<0.001):1.000000
X=[-1.6,-1.4], PQ=[-1.0,-0.8]: count:10, ill:0, avg_iter:17.70, Ang_MAX:7.877052e-04, Vol_MAX:1.299381e-05, Ang_mean±std:3.875755e-04±1.498676e-04, Vol_mean±std:8.392334e-06±2.467776e-06, P_MAX:2.341e-04, Q_MAX:8.452e-05, P_mean±std:1.269295e-04±3.965438e-05, Q_mean±std:6.061364e-05±9.114506e-06, P_RMSE:4.756e-05, Q_RMSE:2.433e-05, Success rate (<0.1):1.000000, Success rate (<0.01):1.000000, Success rate (<0.001):1.000000
X=[-1.6,-1.4], PQ=[-0.8,-0.6]: count:10, ill:0, avg_iter:15.60, Ang_MAX:7.109642e-04, Vol_MAX:1.072884e-05, Ang_mean±std:3.768802e-04±1.694275e-04, Vol_mean±std:7.265806e-06±2.586244e-06, P_MAX:2.189e-04, Q_MAX:9.382e-05, P_mean±std:1.269070e-04±4.376835e-05, Q_mean±std:6.362563e-05±1.186859e-05, P_RMSE:4.852e-05, Q_RMSE:2.488e-05, Success rate (<0.1):1.000000, Success rate (<0.01):1.000000, Success rate (<0.001):1.000000
X=[-1.6,-1.4], PQ=[-0.6,-0.4]: count:10, ill:0, avg_iter:19.20, Ang_MAX:7.714778e-04, Vol_MAX:1.412630e-05, Ang_mean±std:4.805267e-04±1.505145e-04, Vol_mean±std:1.001358e-05±2.822140e-06, P_MAX:2.296e-04, Q_MAX:9.202e-05, P_mean±std:1.496251e-04±4.307446e-05, Q_mean±std:6.434843e-05±1.148523e-05, P_RMSE:5.588e-05, Q_RMSE:2.392e-05, Success rate (<0.1):1.000000, Success rate (<0.01):1.000000, Success rate (<0.001):1.000000
X=[-1.6,-1.4], PQ=[-0.4,-0.2]: count:10, ill:0, avg_iter:18.20, Ang_MAX:8.773953e-04, Vol_MAX:1.603365e-05, Ang_mean±std:4.360661e-04±2.029339e-04, Vol_mean±std:8.487701e-06±3.997530e-06, P_MAX:2.599e-04, Q_MAX:7.265e-05, P_mean±std:1.383858e-04±5.565099e-05, Q_mean±std:5.862024e-05±5.884033e-06, P_RMSE:5.103e-05, Q_RMSE:2.358e-05, Success rate (<0.1):1.000000, Success rate (<0.01):1.000000, Success rate (<0.001):1.000000
X=[-1.6,-1.4], PQ=[-0.2,0.0]: count:10, ill:0, avg_iter:17.50, Ang_MAX:1.161575e-03, Vol_MAX:2.032518e-05, Ang_mean±std:4.988939e-04±2.895104e-04, Vol_mean±std:1.022816e-05±4.658796e-06, P_MAX:3.368e-04, Q_MAX:8.589e-05, P_mean±std:1.568307e-04±7.874342e-05, Q_mean±std:6.218636e-05±9.509933e-06, P_RMSE:5.941e-05, Q_RMSE:2.365e-05, Success rate (<0.1):1.000000, Success rate (<0.01):1.000000, Success rate (<0.001):1.000000
X=[-1.6,-1.4], PQ=[0.0,0.2]: count:10, ill:0, avg_iter:17.60, Ang_MAX:9.047538e-04, Vol_MAX:1.639128e-05, Ang_mean±std:4.472405e-04±2.309564e-04, Vol_mean±std:8.994341e-06±4.162645e-06, P_MAX:2.687e-04, Q_MAX:7.492e-05, P_mean±std:1.437451e-04±6.276329e-05, Q_mean±std:5.936995e-05±7.538631e-06, P_RMSE:5.278e-05, Q_RMSE:2.285e-05, Success rate (<0.1):1.000000, Success rate (<0.01):1.000000, Success rate (<0.001):1.000000
X=[-1.6,-1.4], PQ=[0.2,0.4]: count:10, ill:0, avg_iter:17.00, Ang_MAX:6.600022e-04, Vol_MAX:1.245737e-05, Ang_mean±std:4.121482e-04±1.630019e-04, Vol_mean±std:8.630753e-06±2.714309e-06, P_MAX:1.996e-04, Q_MAX:6.530e-05, P_mean±std:1.337303e-04±4.346634e-05, Q_mean±std:5.698046e-05±4.418471e-06, P_RMSE:4.925e-05, Q_RMSE:2.235e-05, Success rate (<0.1):1.000000, Success rate (<0.01):1.000000, Success rate (<0.001):1.000000
X=[-1.6,-1.4], PQ=[0.4,0.6]: count:10, ill:0, avg_iter:18.00, Ang_MAX:1.432896e-03, Vol_MAX:2.670288e-05, Ang_mean±std:4.993722e-04±3.455220e-04, Vol_mean±std:1.079440e-05±5.782968e-06, P_MAX:4.078e-04, Q_MAX:9.478e-05, P_mean±std:1.577666e-04±9.232043e-05, Q_mean±std:6.137779e-05±1.236766e-05, P_RMSE:5.827e-05, Q_RMSE:2.399e-05, Success rate (<0.1):1.000000, Success rate (<0.01):1.000000, Success rate (<0.001):1.000000
X=[-1.6,-1.4], PQ=[0.6,0.8]: count:10, ill:0, avg_iter:17.80, Ang_MAX:6.829947e-04, Vol_MAX:1.275539e-05, Ang_mean±std:4.385114e-04±1.555246e-04, Vol_mean±std:8.863211e-06±2.405851e-06, P_MAX:2.040e-04, Q_MAX:7.969e-05, P_mean±std:1.389810e-04±4.390135e-05, Q_mean±std:6.305184e-05±7.750199e-06, P_RMSE:5.285e-05, Q_RMSE:2.482e-05, Success rate (<0.1):1.000000, Success rate (<0.01):1.000000, Success rate (<0.001):1.000000
X=[-1.6,-1.4], PQ=[0.8,1.0]: count:10, ill:0, avg_iter:19.10, Ang_MAX:1.666456e-03, Vol_MAX:3.421307e-05, Ang_mean±std:4.972488e-04±4.128778e-04, Vol_mean±std:1.075268e-05±8.429378e-06, P_MAX:4.678e-04, Q_MAX:1.383e-04, P_mean±std:1.544898e-04±1.097994e-04, Q_mean±std:6.867405e-05±2.381211e-05, P_RMSE:5.857e-05, Q_RMSE:2.650e-05, Success rate (<0.1):1.000000, Success rate (<0.01):1.000000, Success rate (<0.001):1.000000
X=[-1.6,-1.4], PQ=[1.0,1.2]: count:10, ill:0, avg_iter:15.50, Ang_MAX:1.004338e-03, Vol_MAX:1.394749e-05, Ang_mean±std:4.174352e-04±2.550231e-04, Vol_mean±std:8.380413e-06±3.101756e-06, P_MAX:2.940e-04, Q_MAX:9.657e-05, P_mean±std:1.388737e-04±6.708101e-05, Q_mean±std:6.802352e-05±1.103479e-05, P_RMSE:5.325e-05, Q_RMSE:2.640e-05, Success rate (<0.1):1.000000, Success rate (<0.01):1.000000, Success rate (<0.001):1.000000
X=[-1.6,-1.4], PQ=[1.2,1.4]: count:10, ill:0, avg_iter:18.50, Ang_MAX:1.000911e-03, Vol_MAX:2.068281e-05, Ang_mean±std:4.556932e-04±2.366889e-04, Vol_mean±std:1.013875e-05±4.629056e-06, P_MAX:2.885e-04, Q_MAX:9.155e-05, P_mean±std:1.443741e-04±6.299055e-05, Q_mean±std:7.177545e-05±1.013442e-05, P_RMSE:5.467e-05, Q_RMSE:2.935e-05, Success rate (<0.1):1.000000, Success rate (<0.01):1.000000, Success rate (<0.001):1.000000
X=[-1.6,-1.4], PQ=[1.4,1.6]: count:10, ill:0, avg_iter:18.10, Ang_MAX:8.257627e-04, Vol_MAX:1.335144e-05, Ang_mean±std:3.881112e-04±1.804374e-04, Vol_mean±std:9.316206e-06±2.171778e-06, P_MAX:2.487e-04, Q_MAX:9.009e-05, P_mean±std:1.310836e-04±4.797649e-05, Q_mean±std:7.311394e-05±1.031269e-05, P_RMSE:4.665e-05, Q_RMSE:2.671e-05, Success rate (<0.1):1.000000, Success rate (<0.01):1.000000, Success rate (<0.001):1.000000
X=[-1.6,-1.4], PQ=[1.6,1.8]: count:10, ill:0, avg_iter:16.60, Ang_MAX:5.707145e-04, Vol_MAX:1.353025e-05, Ang_mean±std:3.206905e-04±1.169256e-04, Vol_mean±std:9.286404e-06±2.568372e-06, P_MAX:1.780e-04, Q_MAX:1.140e-04, P_mean±std:1.139723e-04±2.604481e-05, Q_mean±std:8.006999e-05±1.677808e-05, P_RMSE:4.150e-05, Q_RMSE:2.959e-05, Success rate (<0.1):1.000000, Success rate (<0.01):1.000000, Success rate (<0.001):1.000000
X=[-1.6,-1.4], PQ=[1.8,2.0]: count:10, ill:0, avg_iter:17.70, Ang_MAX:7.582158e-04, Vol_MAX:1.400709e-05, Ang_mean±std:3.555782e-04±1.763607e-04, Vol_mean±std:9.071827e-06±3.167111e-06, P_MAX:2.264e-04, Q_MAX:1.314e-04, P_mean±std:1.245670e-04±4.305562e-05, Q_mean±std:9.028558e-05±1.848490e-05, P_RMSE:4.489e-05, Q_RMSE:3.057e-05, Success rate (<0.1):1.000000, Success rate (<0.01):1.000000, Success rate (<0.001):1.000000
X=[-1.4,-1.2], PQ=[-2.0,-1.8]: count:10, ill:0, avg_iter:17.70, Ang_MAX:4.403740e-04, Vol_MAX:1.108646e-05, Ang_mean±std:3.144011e-04±6.936629e-05, Vol_mean±std:8.159876e-06±1.827531e-06, P_MAX:1.414e-04, Q_MAX:1.073e-04, P_mean±std:1.083672e-04±1.654906e-05, Q_mean±std:7.771347e-05±1.669811e-05, P_RMSE:3.934e-05, Q_RMSE:2.957e-05, Success rate (<0.1):1.000000, Success rate (<0.01):1.000000, Success rate (<0.001):1.000000
X=[-1.4,-1.2], PQ=[-1.8,-1.6]: count:10, ill:0, avg_iter:16.00, Ang_MAX:6.493442e-04, Vol_MAX:1.722574e-05, Ang_mean±std:3.224220e-04±1.441386e-04, Vol_mean±std:8.696318e-06±3.529727e-06, P_MAX:1.930e-04, Q_MAX:1.664e-04, P_mean±std:1.148682e-04±3.390468e-05, Q_mean±std:8.695954e-05±2.939930e-05, P_RMSE:4.197e-05, Q_RMSE:2.929e-05, Success rate (<0.1):1.000000, Success rate (<0.01):1.000000, Success rate (<0.001):1.000000
X=[-1.4,-1.2], PQ=[-1.6,-1.4]: count:10, ill:0, avg_iter:15.00, Ang_MAX:9.194762e-04, Vol_MAX:1.531839e-05, Ang_mean±std:3.491215e-04±1.998003e-04, Vol_mean±std:8.082390e-06±3.016160e-06, P_MAX:2.771e-04, Q_MAX:1.893e-04, P_mean±std:1.196533e-04±5.434681e-05, Q_mean±std:8.320063e-05±3.665936e-05, P_RMSE:4.563e-05, Q_RMSE:2.844e-05, Success rate (<0.1):1.000000, Success rate (<0.01):1.000000, Success rate (<0.001):1.000000
X=[-1.4,-1.2], PQ=[-1.4,-1.2]: count:10, ill:0, avg_iter:17.30, Ang_MAX:5.299747e-04, Vol_MAX:1.162291e-05, Ang_mean±std:3.168419e-04±1.187059e-04, Vol_mean±std:8.440018e-06±1.907945e-06, P_MAX:1.619e-04, Q_MAX:1.006e-04, P_mean±std:1.111756e-04±2.571851e-05, Q_mean±std:7.580128e-05±1.051480e-05, P_RMSE:4.129e-05, Q_RMSE:2.774e-05, Success rate (<0.1):1.000000, Success rate (<0.01):1.000000, Success rate (<0.001):1.000000
X=[-1.4,-1.2], PQ=[-1.2,-1.0]: count:10, ill:0, avg_iter:19.00, Ang_MAX:9.154528e-04, Vol_MAX:1.847744e-05, Ang_mean±std:5.032688e-04±2.184772e-04, Vol_mean±std:1.058578e-05±4.434217e-06, P_MAX:2.720e-04, Q_MAX:1.309e-04, P_mean±std:1.577241e-04±6.025485e-05, Q_mean±std:6.977962e-05±2.244696e-05, P_RMSE:5.867e-05, Q_RMSE:2.611e-05, Success rate (<0.1):1.000000, Success rate (<0.01):1.000000, Success rate (<0.001):1.000000
X=[-1.4,-1.2], PQ=[-1.0,-0.8]: count:10, ill:0, avg_iter:16.10, Ang_MAX:9.847432e-04, Vol_MAX:1.657009e-05, Ang_mean±std:4.215077e-04±2.452895e-04, Vol_mean±std:8.571148e-06±3.751382e-06, P_MAX:2.930e-04, Q_MAX:9.107e-05, P_mean±std:1.388914e-04±6.533819e-05, Q_mean±std:7.071234e-05±1.177257e-05, P_RMSE:5.261e-05, Q_RMSE:2.580e-05, Success rate (<0.1):1.000000, Success rate (<0.01):1.000000, Success rate (<0.001):1.000000
X=[-1.4,-1.2], PQ=[-0.8,-0.6]: count:10, ill:0, avg_iter:16.30, Ang_MAX:6.051809e-04, Vol_MAX:1.072884e-05, Ang_mean±std:3.337562e-04±1.206064e-04, Vol_mean±std:7.474422e-06±1.976539e-06, P_MAX:1.844e-04, Q_MAX:7.820e-05, P_mean±std:1.109648e-04±3.113264e-05, Q_mean±std:6.227372e-05±6.194178e-06, P_RMSE:4.155e-05, Q_RMSE:2.421e-05, Success rate (<0.1):1.000000, Success rate (<0.01):1.000000, Success rate (<0.001):1.000000
X=[-1.4,-1.2], PQ=[-0.6,-0.4]: count:10, ill:0, avg_iter:16.30, Ang_MAX:9.379089e-04, Vol_MAX:1.704693e-05, Ang_mean±std:4.402816e-04±2.797602e-04, Vol_mean±std:8.904934e-06±4.701458e-06, P_MAX:2.772e-04, Q_MAX:7.632e-05, P_mean±std:1.439765e-04±7.517096e-05, Q_mean±std:6.077988e-05±1.068876e-05, P_RMSE:5.360e-05, Q_RMSE:2.342e-05, Success rate (<0.1):1.000000, Success rate (<0.01):1.000000, Success rate (<0.001):1.000000
X=[-1.4,-1.2], PQ=[-0.4,-0.2]: count:10, ill:0, avg_iter:15.20, Ang_MAX:5.931854e-04, Vol_MAX:1.233816e-05, Ang_mean±std:3.068626e-04±1.172632e-04, Vol_mean±std:6.562471e-06±2.718710e-06, P_MAX:1.835e-04, Q_MAX:6.360e-05, P_mean±std:1.055209e-04±3.133886e-05, Q_mean±std:5.673766e-05±4.388171e-06, P_RMSE:3.915e-05, Q_RMSE:2.271e-05, Success rate (<0.1):1.000000, Success rate (<0.01):1.000000, Success rate (<0.001):1.000000
X=[-1.4,-1.2], PQ=[-0.2,0.0]: count:10, ill:0, avg_iter:15.00, Ang_MAX:4.747063e-04, Vol_MAX:9.655952e-06, Ang_mean±std:2.959847e-04±8.497164e-05, Vol_mean±std:6.943941e-06±1.950493e-06, P_MAX:1.504e-04, Q_MAX:7.607e-05, P_mean±std:1.024576e-04±2.099912e-05, Q_mean±std:5.824482e-05±8.020001e-06, P_RMSE:4.011e-05, Q_RMSE:2.282e-05, Success rate (<0.1):1.000000, Success rate (<0.01):1.000000, Success rate (<0.001):1.000000
X=[-1.4,-1.2], PQ=[0.0,0.2]: count:10, ill:0, avg_iter:20.00, Ang_MAX:8.606017e-04, Vol_MAX:1.513958e-05, Ang_mean±std:4.794836e-04±1.934785e-04, Vol_mean±std:9.948015e-06±2.990401e-06, P_MAX:2.559e-04, Q_MAX:7.475e-05, P_mean±std:1.515172e-04±5.319769e-05, Q_mean±std:5.882848e-05±7.222253e-06, P_RMSE:5.495e-05, Q_RMSE:2.268e-05, Success rate (<0.1):1.000000, Success rate (<0.01):1.000000, Success rate (<0.001):1.000000
X=[-1.4,-1.2], PQ=[0.2,0.4]: count:10, ill:0, avg_iter:19.00, Ang_MAX:7.221550e-04, Vol_MAX:1.358986e-05, Ang_mean±std:4.512236e-04±1.339068e-04, Vol_mean±std:8.988380e-06±2.511867e-06, P_MAX:2.193e-04, Q_MAX:6.509e-05, P_mean±std:1.435232e-04±3.743342e-05, Q_mean±std:5.786140e-05±3.918201e-06, P_RMSE:5.216e-05, Q_RMSE:2.283e-05, Success rate (<0.1):1.000000, Success rate (<0.01):1.000000, Success rate (<0.001):1.000000
X=[-1.4,-1.2], PQ=[0.4,0.6]: count:10, ill:0, avg_iter:18.90, Ang_MAX:6.498843e-04, Vol_MAX:1.329184e-05, Ang_mean±std:4.142508e-04±1.391542e-04, Vol_mean±std:9.524822e-06±1.846744e-06, P_MAX:1.984e-04, Q_MAX:7.628e-05, P_mean±std:1.343578e-04±3.698181e-05, Q_mean±std:6.130636e-05±8.384610e-06, P_RMSE:4.864e-05, Q_RMSE:2.292e-05, Success rate (<0.1):1.000000, Success rate (<0.01):1.000000, Success rate (<0.001):1.000000
X=[-1.4,-1.2], PQ=[0.6,0.8]: count:10, ill:0, avg_iter:17.70, Ang_MAX:9.112656e-04, Vol_MAX:1.543760e-05, Ang_mean±std:5.470395e-04±2.611820e-04, Vol_mean±std:1.055002e-05±3.890864e-06, P_MAX:2.729e-04, Q_MAX:1.068e-04, P_mean±std:1.713497e-04±7.000075e-05, Q_mean±std:7.203370e-05±1.638443e-05, P_RMSE:6.400e-05, Q_RMSE:2.521e-05, Success rate (<0.1):1.000000, Success rate (<0.01):1.000000, Success rate (<0.001):1.000000
X=[-1.4,-1.2], PQ=[0.8,1.0]: count:10, ill:0, avg_iter:15.70, Ang_MAX:9.199381e-04, Vol_MAX:2.139807e-05, Ang_mean±std:3.613777e-04±2.166349e-04, Vol_mean±std:8.738041e-06±4.623123e-06, P_MAX:2.713e-04, Q_MAX:7.472e-05, P_mean±std:1.215868e-04±5.783510e-05, Q_mean±std:6.053820e-05±7.087253e-06, P_RMSE:4.501e-05, Q_RMSE:2.442e-05, Success rate (<0.1):1.000000, Success rate (<0.01):1.000000, Success rate (<0.001):1.000000
X=[-1.4,-1.2], PQ=[1.0,1.2]: count:10, ill:0, avg_iter:16.80, Ang_MAX:6.572455e-04, Vol_MAX:1.114607e-05, Ang_mean±std:3.712669e-04±1.556553e-04, Vol_mean±std:7.832050e-06±2.415305e-06, P_MAX:2.012e-04, Q_MAX:7.617e-05, P_mean±std:1.226616e-04±4.078579e-05, Q_mean±std:6.420789e-05±6.526511e-06, P_RMSE:4.636e-05, Q_RMSE:2.574e-05, Success rate (<0.1):1.000000, Success rate (<0.01):1.000000, Success rate (<0.001):1.000000
X=[-1.4,-1.2], PQ=[1.2,1.4]: count:10, ill:0, avg_iter:16.50, Ang_MAX:3.229976e-04, Vol_MAX:1.060963e-05, Ang_mean±std:2.703026e-04±2.774849e-05, Vol_mean±std:7.969141e-06±1.762535e-06, P_MAX:1.037e-04, Q_MAX:1.144e-04, P_mean±std:9.682574e-05±5.020594e-06, Q_mean±std:7.885117e-05±1.637942e-05, P_RMSE:3.539e-05, Q_RMSE:2.747e-05, Success rate (<0.1):1.000000, Success rate (<0.01):1.000000, Success rate (<0.001):1.000000
X=[-1.4,-1.2], PQ=[1.4,1.6]: count:10, ill:0, avg_iter:20.00, Ang_MAX:1.005530e-03, Vol_MAX:1.496077e-05, Ang_mean±std:6.064460e-04±2.422789e-04, Vol_mean±std:1.116395e-05±2.505388e-06, P_MAX:2.998e-04, Q_MAX:1.237e-04, P_mean±std:1.871237e-04±6.390849e-05, Q_mean±std:8.932967e-05±2.152891e-05, P_RMSE:7.120e-05, Q_RMSE:3.162e-05, Success rate (<0.1):1.000000, Success rate (<0.01):1.000000, Success rate (<0.001):1.000000
X=[-1.4,-1.2], PQ=[1.6,1.8]: count:10, ill:0, avg_iter:19.20, Ang_MAX:1.018107e-03, Vol_MAX:1.704693e-05, Ang_mean±std:4.972771e-04±2.571992e-04, Vol_mean±std:9.834766e-06±3.368902e-06, P_MAX:3.023e-04, Q_MAX:1.019e-04, P_mean±std:1.549769e-04±7.072367e-05, Q_mean±std:8.033859e-05±1.275193e-05, P_RMSE:5.932e-05, Q_RMSE:2.988e-05, Success rate (<0.1):1.000000, Success rate (<0.01):1.000000, Success rate (<0.001):1.000000
X=[-1.4,-1.2], PQ=[1.8,2.0]: count:10, ill:0, avg_iter:17.90, Ang_MAX:4.490018e-04, Vol_MAX:1.078844e-05, Ang_mean±std:2.776876e-04±1.093885e-04, Vol_mean±std:7.629395e-06±2.415570e-06, P_MAX:1.401e-04, Q_MAX:1.016e-04, P_mean±std:1.039952e-04±2.188981e-05, Q_mean±std:8.070655e-05±1.490229e-05, P_RMSE:3.734e-05, Q_RMSE:3.004e-05, Success rate (<0.1):1.000000, Success rate (<0.01):1.000000, Success rate (<0.001):1.000000
X=[-1.2,-1.0], PQ=[-2.0,-1.8]: count:10, ill:0, avg_iter:14.90, Ang_MAX:8.931011e-04, Vol_MAX:1.585484e-05, Ang_mean±std:3.378764e-04±2.049378e-04, Vol_mean±std:7.647276e-06±3.216558e-06, P_MAX:2.639e-04, Q_MAX:9.770e-05, P_mean±std:1.165774e-04±5.201717e-05, Q_mean±std:8.340962e-05±1.115942e-05, P_RMSE:4.358e-05, Q_RMSE:3.161e-05, Success rate (<0.1):1.000000, Success rate (<0.01):1.000000, Success rate (<0.001):1.000000
X=[-1.2,-1.0], PQ=[-1.8,-1.6]: count:10, ill:0, avg_iter:17.30, Ang_MAX:6.708205e-04, Vol_MAX:1.221895e-05, Ang_mean±std:3.714021e-04±1.708251e-04, Vol_mean±std:9.179115e-06±2.171115e-06, P_MAX:2.016e-04, Q_MAX:1.125e-04, P_mean±std:1.251468e-04±3.876565e-05, Q_mean±std:7.809997e-05±1.912541e-05, P_RMSE:4.769e-05, Q_RMSE:2.978e-05, Success rate (<0.1):1.000000, Success rate (<0.01):1.000000, Success rate (<0.001):1.000000
X=[-1.2,-1.0], PQ=[-1.6,-1.4]: count:10, ill:0, avg_iter:16.50, Ang_MAX:5.580634e-04, Vol_MAX:1.460314e-05, Ang_mean±std:3.552301e-04±1.203970e-04, Vol_mean±std:8.511543e-06±3.378043e-06, P_MAX:1.763e-04, Q_MAX:1.094e-04, P_mean±std:1.191935e-04±3.150842e-05, Q_mean±std:6.941473e-05±1.566417e-05, P_RMSE:4.472e-05, Q_RMSE:2.673e-05, Success rate (<0.1):1.000000, Success rate (<0.01):1.000000, Success rate (<0.001):1.000000
X=[-1.2,-1.0], PQ=[-1.4,-1.2]: count:10, ill:0, avg_iter:17.00, Ang_MAX:5.702972e-04, Vol_MAX:1.305342e-05, Ang_mean±std:3.527075e-04±1.037683e-04, Vol_mean±std:8.398294e-06±2.539109e-06, P_MAX:1.796e-04, Q_MAX:9.465e-05, P_mean±std:1.180394e-04±2.870452e-05, Q_mean±std:7.017348e-05±1.301395e-05, P_RMSE:4.301e-05, Q_RMSE:2.689e-05, Success rate (<0.1):1.000000, Success rate (<0.01):1.000000, Success rate (<0.001):1.000000
X=[-1.2,-1.0], PQ=[-1.2,-1.0]: count:10, ill:0, avg_iter:15.50, Ang_MAX:7.551908e-04, Vol_MAX:1.573563e-05, Ang_mean±std:3.687426e-04±1.991530e-04, Vol_mean±std:7.957220e-06±3.687139e-06, P_MAX:2.263e-04, Q_MAX:9.155e-05, P_mean±std:1.234154e-04±5.346511e-05, Q_mean±std:7.036049e-05±1.202968e-05, P_RMSE:4.682e-05, Q_RMSE:2.642e-05, Success rate (<0.1):1.000000, Success rate (<0.01):1.000000, Success rate (<0.001):1.000000
X=[-1.2,-1.0], PQ=[-1.0,-0.8]: count:10, ill:0, avg_iter:15.20, Ang_MAX:7.567704e-04, Vol_MAX:1.460314e-05, Ang_mean±std:3.200889e-04±1.577962e-04, Vol_mean±std:7.307529e-06±3.078994e-06, P_MAX:2.277e-04, Q_MAX:7.248e-05, P_mean±std:1.119159e-04±4.078135e-05, Q_mean±std:5.874038e-05±6.020602e-06, P_RMSE:4.143e-05, Q_RMSE:2.441e-05, Success rate (<0.1):1.000000, Success rate (<0.01):1.000000, Success rate (<0.001):1.000000
X=[-1.2,-1.0], PQ=[-0.8,-0.6]: count:10, ill:0, avg_iter:16.10, Ang_MAX:5.133599e-04, Vol_MAX:9.953976e-06, Ang_mean±std:3.332183e-04±1.030218e-04, Vol_mean±std:6.759167e-06±2.256994e-06, P_MAX:1.595e-04, Q_MAX:6.847e-05, P_mean±std:1.110611e-04±2.833831e-05, Q_mean±std:6.109867e-05±5.706071e-06, P_RMSE:4.114e-05, Q_RMSE:2.477e-05, Success rate (<0.1):1.000000, Success rate (<0.01):1.000000, Success rate (<0.001):1.000000
X=[-1.2,-1.0], PQ=[-0.6,-0.4]: count:10, ill:0, avg_iter:17.40, Ang_MAX:6.457567e-04, Vol_MAX:1.388788e-05, Ang_mean±std:3.276706e-04±1.192667e-04, Vol_mean±std:7.665157e-06±2.813592e-06, P_MAX:1.965e-04, Q_MAX:6.151e-05, P_mean±std:1.089318e-04±3.358288e-05, Q_mean±std:5.697832e-05±3.082926e-06, P_RMSE:3.874e-05, Q_RMSE:2.279e-05, Success rate (<0.1):1.000000, Success rate (<0.01):1.000000, Success rate (<0.001):1.000000
X=[-1.2,-1.0], PQ=[-0.4,-0.2]: count:10, ill:0, avg_iter:17.60, Ang_MAX:6.955564e-04, Vol_MAX:1.293421e-05, Ang_mean±std:3.340915e-04±1.261513e-04, Vol_mean±std:7.289648e-06±2.688302e-06, P_MAX:2.115e-04, Q_MAX:9.133e-05, P_mean±std:1.115008e-04±3.507218e-05, Q_mean±std:6.139632e-05±1.188454e-05, P_RMSE:4.077e-05, Q_RMSE:2.297e-05, Success rate (<0.1):1.000000, Success rate (<0.01):1.000000, Success rate (<0.001):1.000000
X=[-1.2,-1.0], PQ=[-0.2,0.0]: count:10, ill:0, avg_iter:18.20, Ang_MAX:8.431971e-04, Vol_MAX:1.567602e-05, Ang_mean±std:3.886193e-04±1.635505e-04, Vol_mean±std:8.195639e-06±3.248344e-06, P_MAX:2.515e-04, Q_MAX:7.629e-05, P_mean±std:1.265027e-04±4.502798e-05, Q_mean±std:5.839970e-05±7.914868e-06, P_RMSE:4.524e-05, Q_RMSE:2.231e-05, Success rate (<0.1):1.000000, Success rate (<0.01):1.000000, Success rate (<0.001):1.000000
X=[-1.2,-1.0], PQ=[0.0,0.2]: count:10, ill:0, avg_iter:16.90, Ang_MAX:7.219017e-04, Vol_MAX:1.370907e-05, Ang_mean±std:3.589019e-04±1.465555e-04, Vol_mean±std:7.712841e-06±2.687925e-06, P_MAX:2.189e-04, Q_MAX:6.571e-05, P_mean±std:1.202564e-04±3.882129e-05, Q_mean±std:5.634762e-05±4.007540e-06, P_RMSE:4.417e-05, Q_RMSE:2.267e-05, Success rate (<0.1):1.000000, Success rate (<0.01):1.000000, Success rate (<0.001):1.000000
X=[-1.2,-1.0], PQ=[0.2,0.4]: count:10, ill:0, avg_iter:17.20, Ang_MAX:5.481094e-04, Vol_MAX:1.090765e-05, Ang_mean±std:3.737390e-04±1.130684e-04, Vol_mean±std:7.659197e-06±2.303587e-06, P_MAX:1.733e-04, Q_MAX:6.106e-05, P_mean±std:1.226702e-04±3.104156e-05, Q_mean±std:5.719522e-05±2.797079e-06, P_RMSE:4.583e-05, Q_RMSE:2.324e-05, Success rate (<0.1):1.000000, Success rate (<0.01):1.000000, Success rate (<0.001):1.000000
X=[-1.2,-1.0], PQ=[0.4,0.6]: count:10, ill:0, avg_iter:16.50, Ang_MAX:5.201548e-04, Vol_MAX:1.043081e-05, Ang_mean±std:3.184706e-04±7.975646e-05, Vol_mean±std:6.443262e-06±2.312852e-06, P_MAX:1.640e-04, Q_MAX:7.630e-05, P_mean±std:1.073458e-04±2.292443e-05, Q_mean±std:5.860738e-05±6.718679e-06, P_RMSE:3.840e-05, Q_RMSE:2.346e-05, Success rate (<0.1):1.000000, Success rate (<0.01):1.000000, Success rate (<0.001):1.000000
X=[-1.2,-1.0], PQ=[0.6,0.8]: count:10, ill:0, avg_iter:16.40, Ang_MAX:6.577522e-04, Vol_MAX:1.347065e-05, Ang_mean±std:3.581077e-04±1.402723e-04, Vol_mean±std:7.444620e-06±2.934395e-06, P_MAX:1.991e-04, Q_MAX:7.629e-05, P_mean±std:1.187386e-04±3.763357e-05, Q_mean±std:5.935719e-05±7.020205e-06, P_RMSE:4.328e-05, Q_RMSE:2.377e-05, Success rate (<0.1):1.000000, Success rate (<0.01):1.000000, Success rate (<0.001):1.000000
X=[-1.2,-1.0], PQ=[0.8,1.0]: count:10, ill:0, avg_iter:14.90, Ang_MAX:7.244945e-04, Vol_MAX:1.388788e-05, Ang_mean±std:3.769189e-04±1.793093e-04, Vol_mean±std:9.179115e-06±2.829055e-06, P_MAX:2.191e-04, Q_MAX:8.127e-05, P_mean±std:1.256958e-04±4.807440e-05, Q_mean±std:6.321585e-05±8.705570e-06, P_RMSE:4.667e-05, Q_RMSE:2.479e-05, Success rate (<0.1):1.000000, Success rate (<0.01):1.000000, Success rate (<0.001):1.000000
X=[-1.2,-1.0], PQ=[1.0,1.2]: count:10, ill:0, avg_iter:15.90, Ang_MAX:9.379014e-04, Vol_MAX:1.960993e-05, Ang_mean±std:3.715970e-04±2.244971e-04, Vol_mean±std:9.244680e-06±4.438882e-06, P_MAX:2.727e-04, Q_MAX:7.933e-05, P_mean±std:1.252634e-04±5.879523e-05, Q_mean±std:6.799428e-05±7.170569e-06, P_RMSE:4.747e-05, Q_RMSE:2.603e-05, Success rate (<0.1):1.000000, Success rate (<0.01):1.000000, Success rate (<0.001):1.000000
X=[-1.2,-1.0], PQ=[1.2,1.4]: count:10, ill:0, avg_iter:14.80, Ang_MAX:9.128600e-04, Vol_MAX:1.752377e-05, Ang_mean±std:3.679298e-04±2.415044e-04, Vol_mean±std:8.815527e-06±4.273902e-06, P_MAX:2.673e-04, Q_MAX:1.087e-04, P_mean±std:1.222543e-04±6.459607e-05, Q_mean±std:8.172523e-05±1.155294e-05, P_RMSE:4.831e-05, Q_RMSE:2.889e-05, Success rate (<0.1):1.000000, Success rate (<0.01):1.000000, Success rate (<0.001):1.000000
X=[-1.2,-1.0], PQ=[1.4,1.6]: count:10, ill:0, avg_iter:18.80, Ang_MAX:5.378425e-04, Vol_MAX:1.162291e-05, Ang_mean±std:3.240243e-04±1.341961e-04, Vol_mean±std:8.440018e-06±1.894303e-06, P_MAX:1.626e-04, Q_MAX:1.226e-04, P_mean±std:1.220295e-04±2.116274e-05, Q_mean±std:8.053333e-05±1.788271e-05, P_RMSE:4.132e-05, Q_RMSE:2.981e-05, Success rate (<0.1):1.000000, Success rate (<0.01):1.000000, Success rate (<0.001):1.000000
X=[-1.2,-1.0], PQ=[1.6,1.8]: count:10, ill:0, avg_iter:17.60, Ang_MAX:6.037652e-04, Vol_MAX:1.150370e-05, Ang_mean±std:3.181547e-04±1.149997e-04, Vol_mean±std:8.392334e-06±2.119580e-06, P_MAX:1.884e-04, Q_MAX:1.283e-04, P_mean±std:1.141750e-04±2.891122e-05, Q_mean±std:7.729353e-05±2.020548e-05, P_RMSE:4.099e-05, Q_RMSE:2.808e-05, Success rate (<0.1):1.000000, Success rate (<0.01):1.000000, Success rate (<0.001):1.000000
X=[-1.2,-1.0], PQ=[1.8,2.0]: count:10, ill:0, avg_iter:17.30, Ang_MAX:8.450896e-04, Vol_MAX:1.430511e-05, Ang_mean±std:3.529757e-04±2.123199e-04, Vol_mean±std:9.071827e-06±2.648459e-06, P_MAX:2.558e-04, Q_MAX:1.963e-04, P_mean±std:1.246165e-04±5.026857e-05, Q_mean±std:9.696772e-05±4.069510e-05, P_RMSE:4.593e-05, Q_RMSE:3.104e-05, Success rate (<0.1):1.000000, Success rate (<0.01):1.000000, Success rate (<0.001):1.000000
X=[-1.0,-0.8], PQ=[-2.0,-1.8]: count:10, ill:0, avg_iter:15.30, Ang_MAX:4.796237e-04, Vol_MAX:1.382828e-05, Ang_mean±std:3.205942e-04±7.495612e-05, Vol_mean±std:9.006262e-06±2.637120e-06, P_MAX:1.607e-04, Q_MAX:1.612e-04, P_mean±std:1.131214e-04±2.404861e-05, Q_mean±std:9.740796e-05±2.707147e-05, P_RMSE:4.188e-05, Q_RMSE:3.226e-05, Success rate (<0.1):1.000000, Success rate (<0.01):1.000000, Success rate (<0.001):1.000000
X=[-1.0,-0.8], PQ=[-1.8,-1.6]: count:10, ill:0, avg_iter:16.80, Ang_MAX:5.478263e-04, Vol_MAX:1.204014e-05, Ang_mean±std:3.005585e-04±1.024893e-04, Vol_mean±std:7.897615e-06±1.972770e-06, P_MAX:1.716e-04, Q_MAX:1.108e-04, P_mean±std:1.059369e-04±2.788422e-05, Q_mean±std:8.361489e-05±1.515606e-05, P_RMSE:3.937e-05, Q_RMSE:3.212e-05, Success rate (<0.1):1.000000, Success rate (<0.01):1.000000, Success rate (<0.001):1.000000
X=[-1.0,-0.8], PQ=[-1.6,-1.4]: count:10, ill:0, avg_iter:17.70, Ang_MAX:4.112422e-04, Vol_MAX:1.043081e-05, Ang_mean±std:2.711333e-04±7.468318e-05, Vol_mean±std:7.635355e-06±1.894725e-06, P_MAX:1.256e-04, Q_MAX:9.728e-05, P_mean±std:1.001913e-04±1.540921e-05, Q_mean±std:7.791566e-05±1.069425e-05, P_RMSE:3.480e-05, Q_RMSE:2.817e-05, Success rate (<0.1):1.000000, Success rate (<0.01):1.000000, Success rate (<0.001):1.000000
X=[-1.0,-0.8], PQ=[-1.4,-1.2]: count:10, ill:0, avg_iter:13.70, Ang_MAX:3.019869e-04, Vol_MAX:1.043081e-05, Ang_mean±std:2.500035e-04±4.182139e-05, Vol_mean±std:6.324053e-06±1.947066e-06, P_MAX:1.085e-04, Q_MAX:9.154e-05, P_mean±std:9.266224e-05±8.303210e-06, Q_mean±std:7.165857e-05±1.102149e-05, P_RMSE:3.547e-05, Q_RMSE:2.776e-05, Success rate (<0.1):1.000000, Success rate (<0.01):1.000000, Success rate (<0.001):1.000000
X=[-1.0,-0.8], PQ=[-1.2,-1.0]: count:10, ill:0, avg_iter:17.90, Ang_MAX:4.852265e-04, Vol_MAX:1.072884e-05, Ang_mean±std:3.401056e-04±9.026770e-05, Vol_mean±std:8.213520e-06±1.702816e-06, P_MAX:1.540e-04, Q_MAX:7.616e-05, P_mean±std:1.141206e-04±2.328531e-05, Q_mean±std:6.138319e-05±7.074090e-06, P_RMSE:4.087e-05, Q_RMSE:2.431e-05, Success rate (<0.1):1.000000, Success rate (<0.01):1.000000, Success rate (<0.001):1.000000
X=[-1.0,-0.8], PQ=[-1.0,-0.8]: count:10, ill:0, avg_iter:17.00, Ang_MAX:5.691648e-04, Vol_MAX:9.596348e-06, Ang_mean±std:2.954468e-04±1.161259e-04, Vol_mean±std:7.063150e-06±2.126850e-06, P_MAX:1.712e-04, Q_MAX:7.766e-05, P_mean±std:1.072282e-04±2.500716e-05, Q_mean±std:6.074617e-05±7.513879e-06, P_RMSE:3.810e-05, Q_RMSE:2.465e-05, Success rate (<0.1):1.000000, Success rate (<0.01):1.000000, Success rate (<0.001):1.000000
X=[-1.0,-0.8], PQ=[-0.8,-0.6]: count:10, ill:0, avg_iter:13.50, Ang_MAX:4.989803e-04, Vol_MAX:1.168251e-05, Ang_mean±std:3.095016e-04±9.985237e-05, Vol_mean±std:7.379055e-06±1.984181e-06, P_MAX:1.616e-04, Q_MAX:7.631e-05, P_mean±std:1.062823e-04±2.797400e-05, Q_mean±std:6.536441e-05±9.066446e-06, P_RMSE:4.000e-05, Q_RMSE:2.375e-05, Success rate (<0.1):1.000000, Success rate (<0.01):1.000000, Success rate (<0.001):1.000000
X=[-1.0,-0.8], PQ=[-0.6,-0.4]: count:10, ill:0, avg_iter:18.40, Ang_MAX:4.677176e-04, Vol_MAX:9.953976e-06, Ang_mean±std:3.329307e-04±6.721800e-05, Vol_mean±std:7.730722e-06±1.854279e-06, P_MAX:1.452e-04, Q_MAX:9.155e-05, P_mean±std:1.098812e-04±1.872210e-05, Q_mean±std:5.955221e-05±1.092102e-05, P_RMSE:3.930e-05, Q_RMSE:2.329e-05, Success rate (<0.1):1.000000, Success rate (<0.01):1.000000, Success rate (<0.001):1.000000
X=[-1.0,-0.8], PQ=[-0.4,-0.2]: count:10, ill:0, avg_iter:17.60, Ang_MAX:6.656200e-04, Vol_MAX:1.281500e-05, Ang_mean±std:3.906474e-04±1.330382e-04, Vol_mean±std:8.225441e-06±2.828804e-06, P_MAX:2.050e-04, Q_MAX:6.645e-05, P_mean±std:1.276757e-04±3.632288e-05, Q_mean±std:5.689608e-05±4.977634e-06, P_RMSE:4.682e-05, Q_RMSE:2.296e-05, Success rate (<0.1):1.000000, Success rate (<0.01):1.000000, Success rate (<0.001):1.000000
X=[-1.0,-0.8], PQ=[-0.2,0.0]: count:10, ill:0, avg_iter:15.80, Ang_MAX:5.170256e-04, Vol_MAX:1.037121e-05, Ang_mean±std:3.385633e-04±1.177692e-04, Vol_mean±std:7.760525e-06±2.215305e-06, P_MAX:1.638e-04, Q_MAX:6.251e-05, P_mean±std:1.166319e-04±2.933342e-05, Q_mean±std:5.573956e-05±4.043807e-06, P_RMSE:4.289e-05, Q_RMSE:2.226e-05, Success rate (<0.1):1.000000, Success rate (<0.01):1.000000, Success rate (<0.001):1.000000
X=[-1.0,-0.8], PQ=[0.0,0.2]: count:10, ill:0, avg_iter:14.40, Ang_MAX:4.877895e-04, Vol_MAX:1.001358e-05, Ang_mean±std:3.022447e-04±8.602368e-05, Vol_mean±std:6.169081e-06±2.276905e-06, P_MAX:1.535e-04, Q_MAX:6.977e-05, P_mean±std:1.028316e-04±2.288857e-05, Q_mean±std:5.647261e-05±5.392179e-06, P_RMSE:3.848e-05, Q_RMSE:2.271e-05, Success rate (<0.1):1.000000, Success rate (<0.01):1.000000, Success rate (<0.001):1.000000
X=[-1.0,-0.8], PQ=[0.2,0.4]: count:10, ill:0, avg_iter:13.20, Ang_MAX:5.346090e-04, Vol_MAX:1.132488e-05, Ang_mean±std:2.860576e-04±9.187596e-05, Vol_mean±std:5.686283e-06±2.307277e-06, P_MAX:1.654e-04, Q_MAX:9.153e-05, P_mean±std:9.915319e-05±2.332954e-05, Q_mean±std:5.934890e-05±1.144615e-05, P_RMSE:3.655e-05, Q_RMSE:2.321e-05, Success rate (<0.1):1.000000, Success rate (<0.01):1.000000, Success rate (<0.001):1.000000
X=[-1.0,-0.8], PQ=[0.4,0.6]: count:10, ill:0, avg_iter:16.40, Ang_MAX:4.065484e-04, Vol_MAX:9.179115e-06, Ang_mean±std:2.947062e-04±8.133565e-05, Vol_mean±std:7.909536e-06±1.105518e-06, P_MAX:1.318e-04, Q_MAX:7.679e-05, P_mean±std:1.020253e-04±1.772506e-05, Q_mean±std:6.038686e-05±8.969451e-06, P_RMSE:3.708e-05, Q_RMSE:2.275e-05, Success rate (<0.1):1.000000, Success rate (<0.01):1.000000, Success rate (<0.001):1.000000
X=[-1.0,-0.8], PQ=[0.6,0.8]: count:10, ill:0, avg_iter:14.20, Ang_MAX:4.498661e-04, Vol_MAX:9.536743e-06, Ang_mean±std:2.969787e-04±6.602944e-05, Vol_mean±std:6.788969e-06±1.753522e-06, P_MAX:1.425e-04, Q_MAX:6.896e-05, P_mean±std:1.019249e-04±1.544976e-05, Q_mean±std:5.786680e-05±6.876732e-06, P_RMSE:3.815e-05, Q_RMSE:2.379e-05, Success rate (<0.1):1.000000, Success rate (<0.01):1.000000, Success rate (<0.001):1.000000
X=[-1.0,-0.8], PQ=[0.8,1.0]: count:10, ill:0, avg_iter:18.10, Ang_MAX:5.300641e-04, Vol_MAX:1.221895e-05, Ang_mean±std:3.414020e-04±1.147638e-04, Vol_mean±std:8.130074e-06±2.614627e-06, P_MAX:1.640e-04, Q_MAX:8.929e-05, P_mean±std:1.149144e-04±2.833938e-05, Q_mean±std:6.500147e-05±1.027479e-05, P_RMSE:4.148e-05, Q_RMSE:2.465e-05, Success rate (<0.1):1.000000, Success rate (<0.01):1.000000, Success rate (<0.001):1.000000
X=[-1.0,-0.8], PQ=[1.0,1.2]: count:10, ill:0, avg_iter:16.00, Ang_MAX:5.003214e-04, Vol_MAX:1.102686e-05, Ang_mean±std:2.786241e-04±1.140378e-04, Vol_mean±std:7.045269e-06±2.038235e-06, P_MAX:1.536e-04, Q_MAX:9.835e-05, P_mean±std:1.000192e-04±2.654075e-05, Q_mean±std:6.501339e-05±1.347805e-05, P_RMSE:3.642e-05, Q_RMSE:2.455e-05, Success rate (<0.1):1.000000, Success rate (<0.01):1.000000, Success rate (<0.001):1.000000
X=[-1.0,-0.8], PQ=[1.2,1.4]: count:10, ill:0, avg_iter:15.00, Ang_MAX:5.107671e-04, Vol_MAX:1.227856e-05, Ang_mean±std:3.327832e-04±8.207779e-05, Vol_mean±std:7.879734e-06±2.516107e-06, P_MAX:1.578e-04, Q_MAX:7.635e-05, P_mean±std:1.084707e-04±2.309770e-05, Q_mean±std:6.710524e-05±6.045762e-06, P_RMSE:4.131e-05, Q_RMSE:2.667e-05, Success rate (<0.1):1.000000, Success rate (<0.01):1.000000, Success rate (<0.001):1.000000
X=[-1.0,-0.8], PQ=[1.4,1.6]: count:10, ill:0, avg_iter:16.90, Ang_MAX:5.050302e-04, Vol_MAX:1.120567e-05, Ang_mean±std:3.215954e-04±1.065528e-04, Vol_mean±std:8.374453e-06±2.047704e-06, P_MAX:1.568e-04, Q_MAX:9.799e-05, P_mean±std:1.137802e-04±2.296332e-05, Q_mean±std:7.311683e-05±1.499105e-05, P_RMSE:4.138e-05, Q_RMSE:2.773e-05, Success rate (<0.1):1.000000, Success rate (<0.01):1.000000, Success rate (<0.001):1.000000
X=[-1.0,-0.8], PQ=[1.6,1.8]: count:10, ill:0, avg_iter:16.40, Ang_MAX:4.007518e-04, Vol_MAX:1.126528e-05, Ang_mean±std:2.761111e-04±6.915761e-05, Vol_mean±std:8.761883e-06±2.035304e-06, P_MAX:1.342e-04, Q_MAX:1.365e-04, P_mean±std:1.032348e-04±1.342827e-05, Q_mean±std:7.983912e-05±2.440057e-05, P_RMSE:3.826e-05, Q_RMSE:2.910e-05, Success rate (<0.1):1.000000, Success rate (<0.01):1.000000, Success rate (<0.001):1.000000
X=[-1.0,-0.8], PQ=[1.8,2.0]: count:10, ill:0, avg_iter:15.80, Ang_MAX:5.778521e-04, Vol_MAX:1.376867e-05, Ang_mean±std:3.325127e-04±1.455712e-04, Vol_mean±std:8.684397e-06±3.113400e-06, P_MAX:1.868e-04, Q_MAX:1.037e-04, P_mean±std:1.216684e-04±3.322861e-05, Q_mean±std:8.116188e-05±1.242261e-05, P_RMSE:4.456e-05, Q_RMSE:2.963e-05, Success rate (<0.1):1.000000, Success rate (<0.01):1.000000, Success rate (<0.001):1.000000
X=[-0.8,-0.6], PQ=[-2.0,-1.8]: count:10, ill:0, avg_iter:16.60, Ang_MAX:5.376190e-04, Vol_MAX:1.114607e-05, Ang_mean±std:2.733552e-04±1.026907e-04, Vol_mean±std:7.319450e-06±2.025471e-06, P_MAX:1.618e-04, Q_MAX:9.155e-05, P_mean±std:1.001481e-04±2.336098e-05, Q_mean±std:7.508676e-05±9.947768e-06, P_RMSE:3.678e-05, Q_RMSE:2.952e-05, Success rate (<0.1):1.000000, Success rate (<0.01):1.000000, Success rate (<0.001):1.000000
X=[-0.8,-0.6], PQ=[-1.8,-1.6]: count:10, ill:0, avg_iter:15.00, Ang_MAX:5.507767e-04, Vol_MAX:1.072884e-05, Ang_mean±std:2.838455e-04±1.189244e-04, Vol_mean±std:7.402897e-06±1.725202e-06, P_MAX:1.697e-04, Q_MAX:1.150e-04, P_mean±std:1.021691e-04±2.714020e-05, Q_mean±std:8.115107e-05±1.645083e-05, P_RMSE:3.898e-05, Q_RMSE:2.906e-05, Success rate (<0.1):1.000000, Success rate (<0.01):1.000000, Success rate (<0.001):1.000000
X=[-0.8,-0.6], PQ=[-1.6,-1.4]: count:10, ill:0, avg_iter:14.50, Ang_MAX:5.660802e-04, Vol_MAX:1.168251e-05, Ang_mean±std:2.865281e-04±1.397399e-04, Vol_mean±std:8.058548e-06±2.350993e-06, P_MAX:1.790e-04, Q_MAX:1.058e-04, P_mean±std:1.062298e-04±3.111672e-05, Q_mean±std:7.287487e-05±1.546974e-05, P_RMSE:3.912e-05, Q_RMSE:2.781e-05, Success rate (<0.1):1.000000, Success rate (<0.01):1.000000, Success rate (<0.001):1.000000
X=[-0.8,-0.6], PQ=[-1.4,-1.2]: count:10, ill:0, avg_iter:15.90, Ang_MAX:5.267859e-04, Vol_MAX:9.179115e-06, Ang_mean±std:3.067359e-04±8.580918e-05, Vol_mean±std:7.003546e-06±1.613569e-06, P_MAX:1.547e-04, Q_MAX:8.352e-05, P_mean±std:1.050663e-04±1.850867e-05, Q_mean±std:6.685043e-05±9.420906e-06, P_RMSE:3.915e-05, Q_RMSE:2.664e-05, Success rate (<0.1):1.000000, Success rate (<0.01):1.000000, Success rate (<0.001):1.000000
X=[-0.8,-0.6], PQ=[-1.2,-1.0]: count:10, ill:0, avg_iter:17.10, Ang_MAX:4.111975e-04, Vol_MAX:1.072884e-05, Ang_mean±std:3.015064e-04±5.406784e-05, Vol_mean±std:8.261204e-06±1.500617e-06, P_MAX:1.378e-04, Q_MAX:8.583e-05, P_mean±std:1.049476e-04±1.460752e-05, Q_mean±std:6.207693e-05±8.607257e-06, P_RMSE:3.687e-05, Q_RMSE:2.445e-05, Success rate (<0.1):1.000000, Success rate (<0.01):1.000000, Success rate (<0.001):1.000000
X=[-0.8,-0.6], PQ=[-1.0,-0.8]: count:10, ill:0, avg_iter:15.70, Ang_MAX:4.497468e-04, Vol_MAX:9.834766e-06, Ang_mean±std:2.790138e-04±6.756479e-05, Vol_mean±std:6.967783e-06±2.166602e-06, P_MAX:1.473e-04, Q_MAX:7.633e-05, P_mean±std:9.874878e-05±1.912112e-05, Q_mean±std:6.190883e-05±8.405344e-06, P_RMSE:3.605e-05, Q_RMSE:2.460e-05, Success rate (<0.1):1.000000, Success rate (<0.01):1.000000, Success rate (<0.001):1.000000
X=[-0.8,-0.6], PQ=[-0.8,-0.6]: count:10, ill:0, avg_iter:14.80, Ang_MAX:2.978891e-04, Vol_MAX:8.940697e-06, Ang_mean±std:2.757236e-04±1.938566e-05, Vol_mean±std:7.432699e-06±1.327739e-06, P_MAX:9.849e-05, Q_MAX:7.188e-05, P_mean±std:9.563284e-05±3.322885e-06, Q_mean±std:6.034719e-05±5.451172e-06, P_RMSE:3.452e-05, Q_RMSE:2.323e-05, Success rate (<0.1):1.000000, Success rate (<0.01):1.000000, Success rate (<0.001):1.000000
X=[-0.8,-0.6], PQ=[-0.6,-0.4]: count:10, ill:0, avg_iter:11.60, Ang_MAX:4.011244e-04, Vol_MAX:9.238720e-06, Ang_mean±std:2.466738e-04±5.997201e-05, Vol_mean±std:7.110834e-06±1.345284e-06, P_MAX:1.321e-04, Q_MAX:7.628e-05, P_mean±std:9.145469e-05±1.575439e-05, Q_mean±std:6.026486e-05±7.265673e-06, P_RMSE:3.388e-05, Q_RMSE:2.312e-05, Success rate (<0.1):1.000000, Success rate (<0.01):1.000000, Success rate (<0.001):1.000000
X=[-0.8,-0.6], PQ=[-0.4,-0.2]: count:10, ill:0, avg_iter:15.70, Ang_MAX:4.272461e-04, Vol_MAX:9.357929e-06, Ang_mean±std:2.934948e-04±5.598794e-05, Vol_mean±std:7.200241e-06±1.811981e-06, P_MAX:1.373e-04, Q_MAX:7.248e-05, P_mean±std:1.004898e-04±1.611402e-05, Q_mean±std:5.891593e-05±6.178820e-06, P_RMSE:3.616e-05, Q_RMSE:2.306e-05, Success rate (<0.1):1.000000, Success rate (<0.01):1.000000, Success rate (<0.001):1.000000
X=[-0.8,-0.6], PQ=[-0.2,0.0]: count:10, ill:0, avg_iter:12.60, Ang_MAX:5.211681e-04, Vol_MAX:1.060963e-05, Ang_mean±std:3.003836e-04±7.547956e-05, Vol_mean±std:6.204844e-06±2.299295e-06, P_MAX:1.636e-04, Q_MAX:6.393e-05, P_mean±std:1.017636e-04±2.097874e-05, Q_mean±std:5.640658e-05±3.615706e-06, P_RMSE:3.788e-05, Q_RMSE:2.275e-05, Success rate (<0.1):1.000000, Success rate (<0.01):1.000000, Success rate (<0.001):1.000000
X=[-0.8,-0.6], PQ=[0.0,0.2]: count:10, ill:0, avg_iter:14.70, Ang_MAX:4.576892e-04, Vol_MAX:9.477139e-06, Ang_mean±std:2.876759e-04±8.074312e-05, Vol_mean±std:7.587671e-06±1.386125e-06, P_MAX:1.459e-04, Q_MAX:6.683e-05, P_mean±std:1.016502e-04±2.026439e-05, Q_mean±std:5.837865e-05±5.223233e-06, P_RMSE:3.722e-05, Q_RMSE:2.219e-05, Success rate (<0.1):1.000000, Success rate (<0.01):1.000000, Success rate (<0.001):1.000000
X=[-0.8,-0.6], PQ=[0.2,0.4]: count:10, ill:0, avg_iter:15.10, Ang_MAX:5.729049e-04, Vol_MAX:1.156330e-05, Ang_mean±std:3.042907e-04±1.135140e-04, Vol_mean±std:7.021427e-06±2.434585e-06, P_MAX:1.774e-04, Q_MAX:6.203e-05, P_mean±std:1.057382e-04±2.866917e-05, Q_mean±std:5.516810e-05±3.837403e-06, P_RMSE:3.877e-05, Q_RMSE:2.202e-05, Success rate (<0.1):1.000000, Success rate (<0.01):1.000000, Success rate (<0.001):1.000000
X=[-0.8,-0.6], PQ=[0.4,0.6]: count:10, ill:0, avg_iter:16.90, Ang_MAX:5.983114e-04, Vol_MAX:1.168251e-05, Ang_mean±std:3.186285e-04±1.037505e-04, Vol_mean±std:7.069111e-06±2.450063e-06, P_MAX:1.821e-04, Q_MAX:9.155e-05, P_mean±std:1.062907e-04±2.837146e-05, Q_mean±std:5.992157e-05±1.176299e-05, P_RMSE:3.860e-05, Q_RMSE:2.355e-05, Success rate (<0.1):1.000000, Success rate (<0.01):1.000000, Success rate (<0.001):1.000000
X=[-0.8,-0.6], PQ=[0.6,0.8]: count:10, ill:0, avg_iter:13.70, Ang_MAX:4.068315e-04, Vol_MAX:1.001358e-05, Ang_mean±std:2.747178e-04±6.874424e-05, Vol_mean±std:7.426739e-06±1.949391e-06, P_MAX:1.315e-04, Q_MAX:7.322e-05, P_mean±std:1.010016e-04±1.528726e-05, Q_mean±std:6.061764e-05±6.186519e-06, P_RMSE:3.773e-05, Q_RMSE:2.400e-05, Success rate (<0.1):1.000000, Success rate (<0.01):1.000000, Success rate (<0.001):1.000000
X=[-0.8,-0.6], PQ=[0.8,1.0]: count:10, ill:0, avg_iter:16.60, Ang_MAX:4.099905e-04, Vol_MAX:9.238720e-06, Ang_mean±std:2.863243e-04±1.058069e-04, Vol_mean±std:7.790327e-06±1.460752e-06, P_MAX:1.309e-04, Q_MAX:9.538e-05, P_mean±std:1.023471e-04±2.299212e-05, Q_mean±std:6.611394e-05±1.134774e-05, P_RMSE:3.624e-05, Q_RMSE:2.430e-05, Success rate (<0.1):1.000000, Success rate (<0.01):1.000000, Success rate (<0.001):1.000000
X=[-0.8,-0.6], PQ=[1.0,1.2]: count:10, ill:0, avg_iter:17.20, Ang_MAX:4.690439e-04, Vol_MAX:1.055002e-05, Ang_mean±std:2.968758e-04±8.555702e-05, Vol_mean±std:8.237362e-06±1.538169e-06, P_MAX:1.395e-04, Q_MAX:9.990e-05, P_mean±std:1.054244e-04±1.511172e-05, Q_mean±std:7.307036e-05±1.607245e-05, P_RMSE:3.794e-05, Q_RMSE:2.580e-05, Success rate (<0.1):1.000000, Success rate (<0.01):1.000000, Success rate (<0.001):1.000000
X=[-0.8,-0.6], PQ=[1.2,1.4]: count:10, ill:0, avg_iter:15.00, Ang_MAX:3.969520e-04, Vol_MAX:9.775162e-06, Ang_mean±std:2.841070e-04±5.953839e-05, Vol_mean±std:6.681681e-06±1.555544e-06, P_MAX:1.285e-04, Q_MAX:8.690e-05, P_mean±std:9.783586e-05±1.438901e-05, Q_mean±std:6.566318e-05±1.120111e-05, P_RMSE:3.650e-05, Q_RMSE:2.713e-05, Success rate (<0.1):1.000000, Success rate (<0.01):1.000000, Success rate (<0.001):1.000000
X=[-0.8,-0.6], PQ=[1.4,1.6]: count:10, ill:0, avg_iter:13.30, Ang_MAX:3.547519e-04, Vol_MAX:9.477139e-06, Ang_mean±std:2.515540e-04±5.493769e-05, Vol_mean±std:7.879734e-06±1.516303e-06, P_MAX:1.220e-04, Q_MAX:9.155e-05, P_mean±std:9.506424e-05±1.201156e-05, Q_mean±std:7.021464e-05±1.149474e-05, P_RMSE:3.493e-05, Q_RMSE:2.693e-05, Success rate (<0.1):1.000000, Success rate (<0.01):1.000000, Success rate (<0.001):1.000000
X=[-0.8,-0.6], PQ=[1.6,1.8]: count:10, ill:0, avg_iter:12.40, Ang_MAX:4.052222e-04, Vol_MAX:9.834766e-06, Ang_mean±std:2.656974e-04±6.728317e-05, Vol_mean±std:6.914139e-06±1.457818e-06, P_MAX:1.392e-04, Q_MAX:9.877e-05, P_mean±std:9.623163e-05±1.562893e-05, Q_mean±std:7.215422e-05±1.186314e-05, P_RMSE:3.744e-05, Q_RMSE:2.806e-05, Success rate (<0.1):1.000000, Success rate (<0.01):1.000000, Success rate (<0.001):1.000000
X=[-0.8,-0.6], PQ=[1.8,2.0]: count:10, ill:0, avg_iter:12.60, Ang_MAX:4.720986e-04, Vol_MAX:1.084805e-05, Ang_mean±std:2.629109e-04±8.569959e-05, Vol_mean±std:7.772446e-06±1.919270e-06, P_MAX:1.493e-04, Q_MAX:1.482e-04, P_mean±std:1.005744e-04±1.859643e-05, Q_mean±std:8.251769e-05±2.286852e-05, P_RMSE:3.800e-05, Q_RMSE:2.989e-05, Success rate (<0.1):1.000000, Success rate (<0.01):1.000000, Success rate (<0.001):1.000000
X=[-0.6,-0.4], PQ=[-2.0,-1.8]: count:10, ill:0, avg_iter:15.20, Ang_MAX:3.094375e-04, Vol_MAX:1.001358e-05, Ang_mean±std:2.181899e-04±6.840334e-05, Vol_mean±std:7.289648e-06±1.922756e-06, P_MAX:1.164e-04, Q_MAX:1.336e-04, P_mean±std:9.597864e-05±1.054964e-05, Q_mean±std:8.218745e-05±2.102692e-05, P_RMSE:3.338e-05, Q_RMSE:3.199e-05, Success rate (<0.1):1.000000, Success rate (<0.01):1.000000, Success rate (<0.001):1.000000
X=[-0.6,-0.4], PQ=[-1.8,-1.6]: count:10, ill:0, avg_iter:15.20, Ang_MAX:3.447533e-04, Vol_MAX:9.775162e-06, Ang_mean±std:2.680637e-04±4.670912e-05, Vol_mean±std:7.009506e-06±1.225365e-06, P_MAX:1.146e-04, Q_MAX:1.068e-04, P_mean±std:9.724188e-05±7.698976e-06, Q_mean±std:7.742587e-05±1.526723e-05, P_RMSE:3.602e-05, Q_RMSE:2.848e-05, Success rate (<0.1):1.000000, Success rate (<0.01):1.000000, Success rate (<0.001):1.000000
X=[-0.6,-0.4], PQ=[-1.6,-1.4]: count:10, ill:0, avg_iter:11.60, Ang_MAX:3.933311e-04, Vol_MAX:1.072884e-05, Ang_mean±std:2.459735e-04±6.699233e-05, Vol_mean±std:7.057190e-06±2.086367e-06, P_MAX:1.352e-04, Q_MAX:9.158e-05, P_mean±std:9.521411e-05±1.643516e-05, Q_mean±std:7.470474e-05±1.042808e-05, P_RMSE:3.621e-05, Q_RMSE:2.745e-05, Success rate (<0.1):1.000000, Success rate (<0.01):1.000000, Success rate (<0.001):1.000000
X=[-0.6,-0.4], PQ=[-1.4,-1.2]: count:10, ill:0, avg_iter:14.10, Ang_MAX:4.513413e-04, Vol_MAX:1.168251e-05, Ang_mean±std:2.565652e-04±9.165056e-05, Vol_mean±std:7.396936e-06±2.318222e-06, P_MAX:1.425e-04, Q_MAX:7.656e-05, P_mean±std:1.002654e-04±1.804346e-05, Q_mean±std:6.649140e-05±5.869468e-06, P_RMSE:3.465e-05, Q_RMSE:2.630e-05, Success rate (<0.1):1.000000, Success rate (<0.01):1.000000, Success rate (<0.001):1.000000
X=[-0.6,-0.4], PQ=[-1.2,-1.0]: count:10, ill:0, avg_iter:14.00, Ang_MAX:4.812106e-04, Vol_MAX:1.239777e-05, Ang_mean±std:3.036879e-04±8.262445e-05, Vol_mean±std:8.356571e-06±2.150365e-06, P_MAX:1.518e-04, Q_MAX:7.644e-05, P_mean±std:1.051429e-04±2.119587e-05, Q_mean±std:6.386396e-05±7.953953e-06, P_RMSE:3.863e-05, Q_RMSE:2.479e-05, Success rate (<0.1):1.000000, Success rate (<0.01):1.000000, Success rate (<0.001):1.000000
X=[-0.6,-0.4], PQ=[-1.0,-0.8]: count:10, ill:0, avg_iter:10.00, Ang_MAX:3.216416e-04, Vol_MAX:8.821487e-06, Ang_mean±std:2.674907e-04±3.445039e-05, Vol_mean±std:6.395578e-06±1.619898e-06, P_MAX:1.027e-04, Q_MAX:9.131e-05, P_mean±std:9.197469e-05±7.842367e-06, Q_mean±std:6.217305e-05±1.069922e-05, P_RMSE:3.740e-05, Q_RMSE:2.459e-05, Success rate (<0.1):1.000000, Success rate (<0.01):1.000000, Success rate (<0.001):1.000000
X=[-0.6,-0.4], PQ=[-0.8,-0.6]: count:10, ill:0, avg_iter:12.20, Ang_MAX:3.110021e-04, Vol_MAX:9.000301e-06, Ang_mean±std:2.603896e-04±4.362583e-05, Vol_mean±std:6.890297e-06±1.847782e-06, P_MAX:1.051e-04, Q_MAX:7.630e-05, P_mean±std:9.580350e-05±6.620266e-06, Q_mean±std:6.307047e-05±7.879564e-06, P_RMSE:3.873e-05, Q_RMSE:2.362e-05, Success rate (<0.1):1.000000, Success rate (<0.01):1.000000, Success rate (<0.001):1.000000
X=[-0.6,-0.4], PQ=[-0.6,-0.4]: count:10, ill:0, avg_iter:11.20, Ang_MAX:3.226399e-04, Vol_MAX:9.536743e-06, Ang_mean±std:2.404824e-04±4.423533e-05, Vol_mean±std:6.437302e-06±1.672333e-06, P_MAX:1.094e-04, Q_MAX:7.628e-05, P_mean±std:9.185139e-05±9.245212e-06, Q_mean±std:5.786633e-05±7.057023e-06, P_RMSE:3.347e-05, Q_RMSE:2.261e-05, Success rate (<0.1):1.000000, Success rate (<0.01):1.000000, Success rate (<0.001):1.000000
X=[-0.6,-0.4], PQ=[-0.4,-0.2]: count:10, ill:0, avg_iter:14.50, Ang_MAX:3.833026e-04, Vol_MAX:9.119511e-06, Ang_mean±std:2.678648e-04±5.115123e-05, Vol_mean±std:7.700920e-06±1.301458e-06, P_MAX:1.244e-04, Q_MAX:9.150e-05, P_mean±std:9.555588e-05±1.167716e-05, Q_mean±std:5.622208e-05±1.221965e-05, P_RMSE:3.409e-05, Q_RMSE:2.204e-05, Success rate (<0.1):1.000000, Success rate (<0.01):1.000000, Success rate (<0.001):1.000000
X=[-0.6,-0.4], PQ=[-0.2,0.0]: count:10, ill:0, avg_iter:14.90, Ang_MAX:3.127754e-04, Vol_MAX:8.583069e-06, Ang_mean±std:2.669826e-04±3.765612e-05, Vol_mean±std:7.188320e-06±1.624530e-06, P_MAX:1.044e-04, Q_MAX:5.747e-05, P_mean±std:9.467097e-05±6.725888e-06, Q_mean±std:5.267784e-05±2.291912e-06, P_RMSE:3.341e-05, Q_RMSE:2.127e-05, Success rate (<0.1):1.000000, Success rate (<0.01):1.000000, Success rate (<0.001):1.000000
X=[-0.6,-0.4], PQ=[0.0,0.2]: count:10, ill:0, avg_iter:12.00, Ang_MAX:3.610253e-04, Vol_MAX:8.702278e-06, Ang_mean±std:2.531216e-04±4.795163e-05, Vol_mean±std:6.294250e-06±1.802230e-06, P_MAX:1.187e-04, Q_MAX:6.105e-05, P_mean±std:9.226920e-05±1.098563e-05, Q_mean±std:5.428009e-05±3.348624e-06, P_RMSE:3.391e-05, Q_RMSE:2.188e-05, Success rate (<0.1):1.000000, Success rate (<0.01):1.000000, Success rate (<0.001):1.000000
X=[-0.6,-0.4], PQ=[0.2,0.4]: count:10, ill:0, avg_iter:13.90, Ang_MAX:4.825294e-04, Vol_MAX:1.019239e-05, Ang_mean±std:2.897725e-04±7.075544e-05, Vol_mean±std:6.586313e-06±2.113781e-06, P_MAX:1.528e-04, Q_MAX:6.956e-05, P_mean±std:1.005582e-04±1.927527e-05, Q_mean±std:5.588597e-05±5.511230e-06, P_RMSE:3.810e-05, Q_RMSE:2.310e-05, Success rate (<0.1):1.000000, Success rate (<0.01):1.000000, Success rate (<0.001):1.000000
X=[-0.6,-0.4], PQ=[0.4,0.6]: count:10, ill:0, avg_iter:12.00, Ang_MAX:2.923310e-04, Vol_MAX:9.059906e-06, Ang_mean±std:2.528772e-04±3.128586e-05, Vol_mean±std:6.371737e-06±1.933332e-06, P_MAX:9.965e-05, Q_MAX:7.630e-05, P_mean±std:9.169707e-05±6.291167e-06, Q_mean±std:5.905619e-05±6.905882e-06, P_RMSE:3.359e-05, Q_RMSE:2.291e-05, Success rate (<0.1):1.000000, Success rate (<0.01):1.000000, Success rate (<0.001):1.000000
X=[-0.6,-0.4], PQ=[0.6,0.8]: count:10, ill:0, avg_iter:13.80, Ang_MAX:3.569573e-04, Vol_MAX:1.025200e-05, Ang_mean±std:2.725959e-04±4.569850e-05, Vol_mean±std:6.997585e-06±1.767999e-06, P_MAX:1.187e-04, Q_MAX:9.155e-05, P_mean±std:9.742852e-05±1.212685e-05, Q_mean±std:6.249817e-05±1.298301e-05, P_RMSE:3.569e-05, Q_RMSE:2.374e-05, Success rate (<0.1):1.000000, Success rate (<0.01):1.000000, Success rate (<0.001):1.000000
X=[-0.6,-0.4], PQ=[0.8,1.0]: count:10, ill:0, avg_iter:14.10, Ang_MAX:4.279464e-04, Vol_MAX:1.060963e-05, Ang_mean±std:2.898619e-04±5.761640e-05, Vol_mean±std:7.426739e-06±1.768200e-06, P_MAX:1.350e-04, Q_MAX:6.878e-05, P_mean±std:9.931172e-05±1.501239e-05, Q_mean±std:5.804775e-05±7.147030e-06, P_RMSE:3.755e-05, Q_RMSE:2.387e-05, Success rate (<0.1):1.000000, Success rate (<0.01):1.000000, Success rate (<0.001):1.000000
X=[-0.6,-0.4], PQ=[1.0,1.2]: count:10, ill:0, avg_iter:13.20, Ang_MAX:3.977418e-04, Vol_MAX:9.953976e-06, Ang_mean±std:2.610654e-04±6.796813e-05, Vol_mean±std:7.653236e-06±1.583107e-06, P_MAX:1.323e-04, Q_MAX:9.178e-05, P_mean±std:9.507837e-05±1.439732e-05, Q_mean±std:6.734254e-05±1.521372e-05, P_RMSE:3.386e-05, Q_RMSE:2.439e-05, Success rate (<0.1):1.000000, Success rate (<0.01):1.000000, Success rate (<0.001):1.000000
X=[-0.6,-0.4], PQ=[1.2,1.4]: count:10, ill:0, avg_iter:15.10, Ang_MAX:3.884211e-04, Vol_MAX:1.025200e-05, Ang_mean±std:2.791673e-04±6.418061e-05, Vol_mean±std:8.010864e-06±1.655293e-06, P_MAX:1.316e-04, Q_MAX:8.009e-05, P_mean±std:1.020692e-04±1.443737e-05, Q_mean±std:7.018568e-05±6.770763e-06, P_RMSE:3.744e-05, Q_RMSE:2.717e-05, Success rate (<0.1):1.000000, Success rate (<0.01):1.000000, Success rate (<0.001):1.000000
X=[-0.6,-0.4], PQ=[1.4,1.6]: count:10, ill:0, avg_iter:13.70, Ang_MAX:3.790408e-04, Vol_MAX:1.043081e-05, Ang_mean±std:2.772167e-04±6.663829e-05, Vol_mean±std:8.040667e-06±1.540858e-06, P_MAX:1.261e-04, Q_MAX:9.200e-05, P_mean±std:1.005552e-04±1.095977e-05, Q_mean±std:6.997148e-05±1.241071e-05, P_RMSE:3.726e-05, Q_RMSE:2.759e-05, Success rate (<0.1):1.000000, Success rate (<0.01):1.000000, Success rate (<0.001):1.000000
X=[-0.6,-0.4], PQ=[1.6,1.8]: count:10, ill:0, avg_iter:16.30, Ang_MAX:3.133267e-04, Vol_MAX:1.001358e-05, Ang_mean±std:2.285272e-04±5.944166e-05, Vol_mean±std:7.230043e-06±1.776388e-06, P_MAX:1.101e-04, Q_MAX:1.031e-04, P_mean±std:9.456277e-05±8.436591e-06, Q_mean±std:7.766299e-05±1.271170e-05, P_RMSE:3.208e-05, Q_RMSE:2.876e-05, Success rate (<0.1):1.000000, Success rate (<0.01):1.000000, Success rate (<0.001):1.000000
X=[-0.6,-0.4], PQ=[1.8,2.0]: count:10, ill:0, avg_iter:13.60, Ang_MAX:3.532171e-04, Vol_MAX:1.072884e-05, Ang_mean±std:2.623593e-04±4.948157e-05, Vol_mean±std:7.522106e-06±2.057492e-06, P_MAX:1.188e-04, Q_MAX:9.466e-05, P_mean±std:9.626285e-05±8.378691e-06, Q_mean±std:8.247355e-05±1.198537e-05, P_RMSE:3.719e-05, Q_RMSE:3.194e-05, Success rate (<0.1):1.000000, Success rate (<0.01):1.000000, Success rate (<0.001):1.000000
X=[-0.4,-0.2], PQ=[-2.0,-1.8]: count:10, ill:0, avg_iter:10.80, Ang_MAX:3.026649e-04, Vol_MAX:1.108646e-05, Ang_mean±std:2.166077e-04±6.672171e-05, Vol_mean±std:7.295609e-06±1.943367e-06, P_MAX:1.032e-04, Q_MAX:1.062e-04, P_mean±std:9.144589e-05±7.945305e-06, Q_mean±std:7.965136e-05±1.344456e-05, P_RMSE:3.163e-05, Q_RMSE:3.004e-05, Success rate (<0.1):1.000000, Success rate (<0.01):1.000000, Success rate (<0.001):1.000000
X=[-0.4,-0.2], PQ=[-1.8,-1.6]: count:10, ill:0, avg_iter:11.60, Ang_MAX:3.034621e-04, Vol_MAX:1.025200e-05, Ang_mean±std:2.104027e-04±6.445313e-05, Vol_mean±std:6.902218e-06±1.561551e-06, P_MAX:1.075e-04, Q_MAX:1.040e-04, P_mean±std:8.953302e-05±1.007960e-05, Q_mean±std:7.765070e-05±1.373299e-05, P_RMSE:3.216e-05, Q_RMSE:3.098e-05, Success rate (<0.1):1.000000, Success rate (<0.01):1.000000, Success rate (<0.001):1.000000
X=[-0.4,-0.2], PQ=[-1.6,-1.4]: count:10, ill:0, avg_iter:10.30, Ang_MAX:3.196895e-04, Vol_MAX:9.238720e-06, Ang_mean±std:2.224043e-04±8.171834e-05, Vol_mean±std:6.794930e-06±1.414528e-06, P_MAX:1.220e-04, Q_MAX:9.930e-05, P_mean±std:8.678809e-05±1.940320e-05, Q_mean±std:7.318407e-05±1.440868e-05, P_RMSE:3.263e-05, Q_RMSE:2.719e-05, Success rate (<0.1):1.000000, Success rate (<0.01):1.000000, Success rate (<0.001):1.000000
X=[-0.4,-0.2], PQ=[-1.4,-1.2]: count:10, ill:0, avg_iter:9.20, Ang_MAX:3.228933e-04, Vol_MAX:9.417534e-06, Ang_mean±std:2.390999e-04±5.782635e-05, Vol_mean±std:7.033348e-06±1.592236e-06, P_MAX:9.989e-05, Q_MAX:9.307e-05, P_mean±std:8.968369e-05±8.851376e-06, Q_mean±std:6.978577e-05±1.082905e-05, P_RMSE:3.606e-05, Q_RMSE:2.846e-05, Success rate (<0.1):1.000000, Success rate (<0.01):1.000000, Success rate (<0.001):1.000000
X=[-0.4,-0.2], PQ=[-1.2,-1.0]: count:10, ill:0, avg_iter:9.50, Ang_MAX:3.314614e-04, Vol_MAX:8.881092e-06, Ang_mean±std:2.626248e-04±6.496546e-05, Vol_mean±std:6.759167e-06±1.027277e-06, P_MAX:1.132e-04, Q_MAX:8.223e-05, P_mean±std:9.752510e-05±6.104388e-06, Q_mean±std:6.783502e-05±7.616745e-06, P_RMSE:4.078e-05, Q_RMSE:2.720e-05, Success rate (<0.1):1.000000, Success rate (<0.01):1.000000, Success rate (<0.001):1.000000
X=[-0.4,-0.2], PQ=[-1.0,-0.8]: count:10, ill:0, avg_iter:13.20, Ang_MAX:3.078878e-04, Vol_MAX:8.404255e-06, Ang_mean±std:2.606221e-04±4.815190e-05, Vol_mean±std:7.510185e-06±1.055861e-06, P_MAX:1.056e-04, Q_MAX:7.628e-05, P_mean±std:9.471974e-05±7.206683e-06, Q_mean±std:5.849069e-05±7.484960e-06, P_RMSE:3.370e-05, Q_RMSE:2.349e-05, Success rate (<0.1):1.000000, Success rate (<0.01):1.000000, Success rate (<0.001):1.000000
X=[-0.4,-0.2], PQ=[-0.8,-0.6]: count:10, ill:0, avg_iter:9.60, Ang_MAX:3.084242e-04, Vol_MAX:9.119511e-06, Ang_mean±std:2.534896e-04±5.572109e-05, Vol_mean±std:7.414818e-06±1.228550e-06, P_MAX:9.920e-05, Q_MAX:7.629e-05, P_mean±std:8.956753e-05±1.265303e-05, Q_mean±std:5.875593e-05±8.765220e-06, P_RMSE:3.462e-05, Q_RMSE:2.336e-05, Success rate (<0.1):1.000000, Success rate (<0.01):1.000000, Success rate (<0.001):1.000000
X=[-0.4,-0.2], PQ=[-0.6,-0.4]: count:10, ill:0, avg_iter:12.50, Ang_MAX:2.955496e-04, Vol_MAX:8.285046e-06, Ang_mean±std:2.692729e-04±2.618751e-05, Vol_mean±std:6.866455e-06±1.437646e-06, P_MAX:9.965e-05, Q_MAX:7.627e-05, P_mean±std:9.407683e-05±5.448531e-06, Q_mean±std:5.799131e-05±7.368423e-06, P_RMSE:3.493e-05, Q_RMSE:2.332e-05, Success rate (<0.1):1.000000, Success rate (<0.01):1.000000, Success rate (<0.001):1.000000
X=[-0.4,-0.2], PQ=[-0.4,-0.2]: count:10, ill:0, avg_iter:11.10, Ang_MAX:3.210753e-04, Vol_MAX:9.059906e-06, Ang_mean±std:2.559483e-04±5.386886e-05, Vol_mean±std:6.830692e-06±1.545405e-06, P_MAX:1.090e-04, Q_MAX:7.631e-05, P_mean±std:9.232217e-05±1.255779e-05, Q_mean±std:6.120512e-05±9.213207e-06, P_RMSE:3.577e-05, Q_RMSE:2.239e-05, Success rate (<0.1):1.000000, Success rate (<0.01):1.000000, Success rate (<0.001):1.000000
X=[-0.4,-0.2], PQ=[-0.2,0.0]: count:10, ill:0, avg_iter:8.90, Ang_MAX:2.961308e-04, Vol_MAX:8.463860e-06, Ang_mean±std:2.483040e-04±5.544656e-05, Vol_mean±std:6.479025e-06±1.628211e-06, P_MAX:9.939e-05, Q_MAX:6.410e-05, P_mean±std:9.304162e-05±9.936507e-06, Q_mean±std:5.510878e-05±4.606867e-06, P_RMSE:3.489e-05, Q_RMSE:2.207e-05, Success rate (<0.1):1.000000, Success rate (<0.01):1.000000, Success rate (<0.001):1.000000
X=[-0.4,-0.2], PQ=[0.0,0.2]: count:10, ill:0, avg_iter:7.70, Ang_MAX:3.048480e-04, Vol_MAX:8.881092e-06, Ang_mean±std:2.631441e-04±3.925544e-05, Vol_mean±std:6.699562e-06±1.857180e-06, P_MAX:9.942e-05, Q_MAX:6.987e-05, P_mean±std:9.332043e-05±4.472196e-06, Q_mean±std:5.612243e-05±6.850547e-06, P_RMSE:3.956e-05, Q_RMSE:2.262e-05, Success rate (<0.1):1.000000, Success rate (<0.01):1.000000, Success rate (<0.001):1.000000
X=[-0.4,-0.2], PQ=[0.2,0.4]: count:10, ill:0, avg_iter:12.50, Ang_MAX:3.028661e-04, Vol_MAX:8.463860e-06, Ang_mean±std:2.707303e-04±3.392252e-05, Vol_mean±std:7.623434e-06±1.157144e-06, P_MAX:1.061e-04, Q_MAX:6.058e-05, P_mean±std:9.530610e-05±6.699571e-06, Q_mean±std:5.264375e-05±5.168808e-06, P_RMSE:3.430e-05, Q_RMSE:2.141e-05, Success rate (<0.1):1.000000, Success rate (<0.01):1.000000, Success rate (<0.001):1.000000
X=[-0.4,-0.2], PQ=[0.4,0.6]: count:10, ill:0, avg_iter:9.20, Ang_MAX:3.042519e-04, Vol_MAX:8.821487e-06, Ang_mean±std:2.533302e-04±3.476415e-05, Vol_mean±std:6.055832e-06±1.632819e-06, P_MAX:9.924e-05, Q_MAX:9.155e-05, P_mean±std:9.130160e-05±5.703852e-06, Q_mean±std:6.291550e-05±1.276154e-05, P_RMSE:3.577e-05, Q_RMSE:2.346e-05, Success rate (<0.1):1.000000, Success rate (<0.01):1.000000, Success rate (<0.001):1.000000
X=[-0.4,-0.2], PQ=[0.6,0.8]: count:10, ill:0, avg_iter:12.50, Ang_MAX:3.203899e-04, Vol_MAX:9.357929e-06, Ang_mean±std:2.693504e-04±3.475849e-05, Vol_mean±std:7.557869e-06±1.682668e-06, P_MAX:1.071e-04, Q_MAX:6.109e-05, P_mean±std:9.452344e-05±6.955740e-06, Q_mean±std:5.457215e-05±4.203118e-06, P_RMSE:3.470e-05, Q_RMSE:2.280e-05, Success rate (<0.1):1.000000, Success rate (<0.01):1.000000, Success rate (<0.001):1.000000
X=[-0.4,-0.2], PQ=[0.8,1.0]: count:10, ill:0, avg_iter:7.70, Ang_MAX:3.056377e-04, Vol_MAX:9.179115e-06, Ang_mean±std:2.549902e-04±3.639344e-05, Vol_mean±std:6.359816e-06±1.867833e-06, P_MAX:9.895e-05, Q_MAX:7.993e-05, P_mean±std:9.083108e-05±7.697416e-06, Q_mean±std:6.936118e-05±7.732927e-06, P_RMSE:3.906e-05, Q_RMSE:2.606e-05, Success rate (<0.1):1.000000, Success rate (<0.01):1.000000, Success rate (<0.001):1.000000
X=[-0.4,-0.2], PQ=[1.0,1.2]: count:10, ill:0, avg_iter:10.90, Ang_MAX:3.250688e-04, Vol_MAX:1.108646e-05, Ang_mean±std:2.437815e-04±6.562563e-05, Vol_mean±std:6.818771e-06±1.881695e-06, P_MAX:1.010e-04, Q_MAX:8.509e-05, P_mean±std:9.333119e-05±7.690644e-06, Q_mean±std:6.737532e-05±9.601790e-06, P_RMSE:3.398e-05, Q_RMSE:2.605e-05, Success rate (<0.1):1.000000, Success rate (<0.01):1.000000, Success rate (<0.001):1.000000
X=[-0.4,-0.2], PQ=[1.2,1.4]: count:10, ill:0, avg_iter:10.50, Ang_MAX:2.938062e-04, Vol_MAX:9.715557e-06, Ang_mean±std:2.519205e-04±3.858070e-05, Vol_mean±std:7.611513e-06±1.609557e-06, P_MAX:1.054e-04, Q_MAX:9.157e-05, P_mean±std:9.398833e-05±9.661998e-06, Q_mean±std:7.015690e-05±1.130988e-05, P_RMSE:3.399e-05, Q_RMSE:2.601e-05, Success rate (<0.1):1.000000, Success rate (<0.01):1.000000, Success rate (<0.001):1.000000
X=[-0.4,-0.2], PQ=[1.4,1.6]: count:10, ill:0, avg_iter:11.70, Ang_MAX:3.037378e-04, Vol_MAX:8.583069e-06, Ang_mean±std:2.667755e-04±3.564343e-05, Vol_mean±std:6.747246e-06±1.419742e-06, P_MAX:1.056e-04, Q_MAX:8.641e-05, P_mean±std:9.450321e-05±5.890772e-06, Q_mean±std:6.690156e-05±9.291528e-06, P_RMSE:3.602e-05, Q_RMSE:2.797e-05, Success rate (<0.1):1.000000, Success rate (<0.01):1.000000, Success rate (<0.001):1.000000
X=[-0.4,-0.2], PQ=[1.6,1.8]: count:10, ill:0, avg_iter:11.70, Ang_MAX:3.094673e-04, Vol_MAX:1.209974e-05, Ang_mean±std:2.293341e-04±4.812694e-05, Vol_mean±std:7.385015e-06±2.079245e-06, P_MAX:9.939e-05, Q_MAX:1.253e-04, P_mean±std:9.092516e-05±7.834235e-06, Q_mean±std:8.024415e-05±1.945040e-05, P_RMSE:3.458e-05, Q_RMSE:2.909e-05, Success rate (<0.1):1.000000, Success rate (<0.01):1.000000, Success rate (<0.001):1.000000
X=[-0.4,-0.2], PQ=[1.8,2.0]: count:10, ill:0, avg_iter:11.10, Ang_MAX:3.317595e-04, Vol_MAX:1.019239e-05, Ang_mean±std:2.102770e-04±7.197261e-05, Vol_mean±std:6.818771e-06±1.883959e-06, P_MAX:1.040e-04, Q_MAX:1.069e-04, P_mean±std:9.170971e-05±7.799507e-06, Q_mean±std:7.426590e-05±1.494206e-05, P_RMSE:3.238e-05, Q_RMSE:3.016e-05, Success rate (<0.1):1.000000, Success rate (<0.01):1.000000, Success rate (<0.001):1.000000
X=[-0.2,0.0], PQ=[-2.0,-1.8]: count:10, ill:0, avg_iter:7.20, Ang_MAX:3.069937e-04, Vol_MAX:1.007318e-05, Ang_mean±std:1.717046e-04±9.064510e-05, Vol_mean±std:7.760525e-06±1.732394e-06, P_MAX:9.966e-05, Q_MAX:9.376e-05, P_mean±std:7.859415e-05±1.938966e-05, Q_mean±std:7.662568e-05±1.077167e-05, P_RMSE:2.832e-05, Q_RMSE:2.789e-05, Success rate (<0.1):1.000000, Success rate (<0.01):1.000000, Success rate (<0.001):1.000000
X=[-0.2,0.0], PQ=[-1.8,-1.6]: count:10, ill:0, avg_iter:7.00, Ang_MAX:2.713278e-04, Vol_MAX:9.059906e-06, Ang_mean±std:1.691148e-04±8.860816e-05, Vol_mean±std:6.288290e-06±1.640644e-06, P_MAX:9.965e-05, Q_MAX:1.016e-04, P_mean±std:8.516472e-05±1.904108e-05, Q_mean±std:7.705204e-05±1.432396e-05, P_RMSE:2.940e-05, Q_RMSE:2.962e-05, Success rate (<0.1):1.000000, Success rate (<0.01):1.000000, Success rate (<0.001):1.000000
X=[-0.2,0.0], PQ=[-1.6,-1.4]: count:10, ill:0, avg_iter:5.30, Ang_MAX:3.254600e-04, Vol_MAX:9.834766e-06, Ang_mean±std:2.444167e-04±5.712919e-05, Vol_mean±std:7.903576e-06±1.547243e-06, P_MAX:9.822e-05, Q_MAX:9.156e-05, P_mean±std:9.380437e-05±4.143266e-06, Q_mean±std:7.417016e-05±1.345480e-05, P_RMSE:3.808e-05, Q_RMSE:3.038e-05, Success rate (<0.1):1.000000, Success rate (<0.01):1.000000, Success rate (<0.001):1.000000
X=[-0.2,0.0], PQ=[-1.4,-1.2]: count:10, ill:0, avg_iter:4.20, Ang_MAX:2.731085e-04, Vol_MAX:7.808208e-06, Ang_mean±std:1.961760e-04±6.510788e-05, Vol_mean±std:6.103516e-06±9.622782e-07, P_MAX:9.799e-05, Q_MAX:9.724e-05, P_mean±std:8.553793e-05±8.747728e-06, Q_mean±std:7.031914e-05±1.068442e-05, P_RMSE:3.251e-05, Q_RMSE:2.764e-05, Success rate (<0.1):1.000000, Success rate (<0.01):1.000000, Success rate (<0.001):1.000000
X=[-0.2,0.0], PQ=[-1.2,-1.0]: count:10, ill:0, avg_iter:4.90, Ang_MAX:2.890080e-04, Vol_MAX:8.523464e-06, Ang_mean±std:1.947418e-04±6.786265e-05, Vol_mean±std:6.324053e-06±1.437065e-06, P_MAX:9.882e-05, Q_MAX:9.340e-05, P_mean±std:8.484120e-05±1.061544e-05, Q_mean±std:6.356044e-05±1.156695e-05, P_RMSE:3.247e-05, Q_RMSE:2.457e-05, Success rate (<0.1):1.000000, Success rate (<0.01):1.000000, Success rate (<0.001):1.000000
X=[-0.2,0.0], PQ=[-1.0,-0.8]: count:10, ill:0, avg_iter:4.20, Ang_MAX:2.959967e-04, Vol_MAX:8.761883e-06, Ang_mean±std:1.987971e-04±8.701019e-05, Vol_mean±std:6.282330e-06±1.186177e-06, P_MAX:9.920e-05, Q_MAX:7.804e-05, P_mean±std:8.557376e-05±1.406041e-05, Q_mean±std:6.328607e-05±8.207166e-06, P_RMSE:3.295e-05, Q_RMSE:2.552e-05, Success rate (<0.1):1.000000, Success rate (<0.01):1.000000, Success rate (<0.001):1.000000
X=[-0.2,0.0], PQ=[-0.8,-0.6]: count:10, ill:0, avg_iter:4.40, Ang_MAX:2.924055e-04, Vol_MAX:1.013279e-05, Ang_mean±std:1.719654e-04±6.725030e-05, Vol_mean±std:6.413460e-06±1.798481e-06, P_MAX:9.823e-05, Q_MAX:6.910e-05, P_mean±std:7.784825e-05±1.235869e-05, Q_mean±std:5.897144e-05±5.157430e-06, P_RMSE:2.967e-05, Q_RMSE:2.386e-05, Success rate (<0.1):1.000000, Success rate (<0.01):1.000000, Success rate (<0.001):1.000000
X=[-0.2,0.0], PQ=[-0.6,-0.4]: count:10, ill:0, avg_iter:5.20, Ang_MAX:2.837181e-04, Vol_MAX:9.536743e-06, Ang_mean±std:1.872852e-04±8.485272e-05, Vol_mean±std:6.836653e-06±1.480321e-06, P_MAX:9.800e-05, Q_MAX:6.866e-05, P_mean±std:8.242535e-05±1.522297e-05, Q_mean±std:5.721338e-05±6.527119e-06, P_RMSE:3.103e-05, Q_RMSE:2.321e-05, Success rate (<0.1):1.000000, Success rate (<0.01):1.000000, Success rate (<0.001):1.000000
X=[-0.2,0.0], PQ=[-0.4,-0.2]: count:10, ill:0, avg_iter:7.00, Ang_MAX:2.890676e-04, Vol_MAX:8.463860e-06, Ang_mean±std:2.149656e-04±6.886187e-05, Vol_mean±std:7.325411e-06±1.008869e-06, P_MAX:9.991e-05, Q_MAX:9.156e-05, P_mean±std:8.351880e-05±1.499175e-05, Q_mean±std:6.092060e-05±1.245365e-05, P_RMSE:3.163e-05, Q_RMSE:2.251e-05, Success rate (<0.1):1.000000, Success rate (<0.01):1.000000, Success rate (<0.001):1.000000
X=[-0.2,0.0], PQ=[-0.2,0.0]: count:10, ill:0, avg_iter:5.60, Ang_MAX:2.884567e-04, Vol_MAX:9.536743e-06, Ang_mean±std:2.278686e-04±4.695087e-05, Vol_mean±std:5.960464e-06±1.868204e-06, P_MAX:9.966e-05, Q_MAX:8.297e-05, P_mean±std:8.495213e-05±8.512520e-06, Q_mean±std:5.994504e-05±1.120660e-05, P_RMSE:3.609e-05, Q_RMSE:2.342e-05, Success rate (<0.1):1.000000, Success rate (<0.01):1.000000, Success rate (<0.001):1.000000
X=[-0.2,0.0], PQ=[0.0,0.2]: count:10, ill:0, avg_iter:5.40, Ang_MAX:2.874136e-04, Vol_MAX:8.344650e-06, Ang_mean±std:2.011716e-04±7.559818e-05, Vol_mean±std:6.967783e-06±1.305723e-06, P_MAX:9.801e-05, Q_MAX:6.840e-05, P_mean±std:8.443645e-05±1.463407e-05, Q_mean±std:5.883016e-05±5.788246e-06, P_RMSE:3.414e-05, Q_RMSE:2.276e-05, Success rate (<0.1):1.000000, Success rate (<0.01):1.000000, Success rate (<0.001):1.000000
X=[-0.2,0.0], PQ=[0.2,0.4]: count:10, ill:0, avg_iter:4.50, Ang_MAX:2.895147e-04, Vol_MAX:9.894371e-06, Ang_mean±std:1.961276e-04±6.713986e-05, Vol_mean±std:6.425381e-06±1.716324e-06, P_MAX:9.808e-05, Q_MAX:7.334e-05, P_mean±std:8.369086e-05±9.987307e-06, Q_mean±std:6.383825e-05±6.345991e-06, P_RMSE:3.744e-05, Q_RMSE:2.499e-05, Success rate (<0.1):1.000000, Success rate (<0.01):1.000000, Success rate (<0.001):1.000000
X=[-0.2,0.0], PQ=[0.4,0.6]: count:10, ill:0, avg_iter:3.40, Ang_MAX:2.998561e-04, Vol_MAX:9.119511e-06, Ang_mean±std:2.033934e-04±7.005472e-05, Vol_mean±std:6.705523e-06±1.350081e-06, P_MAX:9.918e-05, Q_MAX:9.155e-05, P_mean±std:8.120416e-05±1.861828e-05, Q_mean±std:6.267363e-05±1.225119e-05, P_RMSE:3.422e-05, Q_RMSE:2.289e-05, Success rate (<0.1):1.000000, Success rate (<0.01):1.000000, Success rate (<0.001):1.000000
X=[-0.2,0.0], PQ=[0.6,0.8]: count:10, ill:0, avg_iter:4.70, Ang_MAX:3.021061e-04, Vol_MAX:8.225441e-06, Ang_mean±std:2.031341e-04±7.965996e-05, Vol_mean±std:6.878376e-06±1.197208e-06, P_MAX:9.909e-05, Q_MAX:7.820e-05, P_mean±std:8.069652e-05±1.870347e-05, Q_mean±std:6.058048e-05±1.122221e-05, P_RMSE:3.273e-05, Q_RMSE:2.334e-05, Success rate (<0.1):1.000000, Success rate (<0.01):1.000000, Success rate (<0.001):1.000000
X=[-0.2,0.0], PQ=[0.8,1.0]: count:10, ill:0, avg_iter:5.30, Ang_MAX:2.817214e-04, Vol_MAX:1.072884e-05, Ang_mean±std:2.149984e-04±7.683792e-05, Vol_mean±std:7.438660e-06±1.886334e-06, P_MAX:9.918e-05, Q_MAX:9.015e-05, P_mean±std:8.385212e-05±2.029227e-05, Q_mean±std:6.274469e-05±1.050448e-05, P_RMSE:3.249e-05, Q_RMSE:2.467e-05, Success rate (<0.1):1.000000, Success rate (<0.01):1.000000, Success rate (<0.001):1.000000
X=[-0.2,0.0], PQ=[1.0,1.2]: count:10, ill:0, avg_iter:6.00, Ang_MAX:3.121048e-04, Vol_MAX:1.102686e-05, Ang_mean±std:1.758084e-04±9.059928e-05, Vol_mean±std:7.194281e-06±1.942243e-06, P_MAX:1.094e-04, Q_MAX:7.483e-05, P_mean±std:7.813554e-05±2.233427e-05, Q_mean±std:6.031310e-05±6.857724e-06, P_RMSE:2.945e-05, Q_RMSE:2.446e-05, Success rate (<0.1):1.000000, Success rate (<0.01):1.000000, Success rate (<0.001):1.000000
X=[-0.2,0.0], PQ=[1.2,1.4]: count:10, ill:0, avg_iter:5.30, Ang_MAX:3.076643e-04, Vol_MAX:8.940697e-06, Ang_mean±std:1.976445e-04±6.047300e-05, Vol_mean±std:6.920099e-06±1.182653e-06, P_MAX:9.936e-05, Q_MAX:7.829e-05, P_mean±std:8.837904e-05±8.831438e-06, Q_mean±std:7.050177e-05±5.665237e-06, P_RMSE:3.284e-05, Q_RMSE:2.717e-05, Success rate (<0.1):1.000000, Success rate (<0.01):1.000000, Success rate (<0.001):1.000000
X=[-0.2,0.0], PQ=[1.4,1.6]: count:10, ill:0, avg_iter:4.80, Ang_MAX:2.942383e-04, Vol_MAX:9.536743e-06, Ang_mean±std:1.846671e-04±6.863191e-05, Vol_mean±std:6.967783e-06±1.550741e-06, P_MAX:9.632e-05, Q_MAX:9.918e-05, P_mean±std:8.260021e-05±1.305564e-05, Q_mean±std:7.572230e-05±1.198561e-05, P_RMSE:3.136e-05, Q_RMSE:2.770e-05, Success rate (<0.1):1.000000, Success rate (<0.01):1.000000, Success rate (<0.001):1.000000
X=[-0.2,0.0], PQ=[1.6,1.8]: count:10, ill:0, avg_iter:4.00, Ang_MAX:2.783835e-04, Vol_MAX:8.404255e-06, Ang_mean±std:1.580678e-04±7.088387e-05, Vol_mean±std:6.961823e-06±9.862002e-07, P_MAX:9.848e-05, Q_MAX:9.161e-05, P_mean±std:8.620138e-05±9.697959e-06, Q_mean±std:7.562293e-05±1.306630e-05, P_RMSE:3.193e-05, Q_RMSE:2.804e-05, Success rate (<0.1):1.000000, Success rate (<0.01):1.000000, Success rate (<0.001):1.000000
X=[-0.2,0.0], PQ=[1.8,2.0]: count:10, ill:0, avg_iter:8.50, Ang_MAX:3.005713e-04, Vol_MAX:1.186132e-05, Ang_mean±std:1.994438e-04±7.024417e-05, Vol_mean±std:8.165836e-06±2.011602e-06, P_MAX:1.141e-04, Q_MAX:1.068e-04, P_mean±std:9.193183e-05±1.320265e-05, Q_mean±std:8.067535e-05±1.574197e-05, P_RMSE:3.169e-05, Q_RMSE:2.992e-05, Success rate (<0.1):1.000000, Success rate (<0.01):1.000000, Success rate (<0.001):1.000000
X=[0.0,0.2], PQ=[-2.0,-1.8]: count:10, ill:0, avg_iter:5.90, Ang_MAX:2.393425e-04, Vol_MAX:1.013279e-05, Ang_mean±std:1.377182e-04±6.786999e-05, Vol_mean±std:6.622076e-06±1.553259e-06, P_MAX:9.930e-05, Q_MAX:9.917e-05, P_mean±std:8.277379e-05±1.204992e-05, Q_mean±std:8.638063e-05±9.599524e-06, P_RMSE:2.997e-05, Q_RMSE:3.235e-05, Success rate (<0.1):1.000000, Success rate (<0.01):1.000000, Success rate (<0.001):1.000000
X=[0.0,0.2], PQ=[-1.8,-1.6]: count:10, ill:0, avg_iter:8.30, Ang_MAX:2.895594e-04, Vol_MAX:8.583069e-06, Ang_mean±std:1.463991e-04±9.763775e-05, Vol_mean±std:7.015467e-06±1.176811e-06, P_MAX:1.194e-04, Q_MAX:1.043e-04, P_mean±std:8.176563e-05±2.265425e-05, Q_mean±std:8.480782e-05±1.368241e-05, P_RMSE:2.825e-05, Q_RMSE:3.002e-05, Success rate (<0.1):1.000000, Success rate (<0.01):1.000000, Success rate (<0.001):1.000000
X=[0.0,0.2], PQ=[-1.6,-1.4]: count:10, ill:0, avg_iter:7.60, Ang_MAX:2.814680e-04, Vol_MAX:1.025200e-05, Ang_mean±std:2.201464e-04±5.401732e-05, Vol_mean±std:7.349253e-06±1.733881e-06, P_MAX:1.141e-04, Q_MAX:1.257e-04, P_mean±std:9.246420e-05±1.114954e-05, Q_mean±std:7.977337e-05±1.738377e-05, P_RMSE:3.488e-05, Q_RMSE:2.981e-05, Success rate (<0.1):1.000000, Success rate (<0.01):1.000000, Success rate (<0.001):1.000000
X=[0.0,0.2], PQ=[-1.4,-1.2]: count:10, ill:0, avg_iter:5.00, Ang_MAX:2.660304e-04, Vol_MAX:9.715557e-06, Ang_mean±std:1.576193e-04±8.755938e-05, Vol_mean±std:6.699562e-06±1.544715e-06, P_MAX:9.704e-05, Q_MAX:9.662e-05, P_mean±std:7.622796e-05±1.881924e-05, Q_mean±std:6.954735e-05±1.249770e-05, P_RMSE:2.836e-05, Q_RMSE:2.591e-05, Success rate (<0.1):1.000000, Success rate (<0.01):1.000000, Success rate (<0.001):1.000000
X=[0.0,0.2], PQ=[-1.2,-1.0]: count:10, ill:0, avg_iter:4.70, Ang_MAX:2.901107e-04, Vol_MAX:8.642673e-06, Ang_mean±std:1.975827e-04±5.953410e-05, Vol_mean±std:6.419420e-06±1.162229e-06, P_MAX:9.845e-05, Q_MAX:7.780e-05, P_mean±std:8.258282e-05±7.439233e-06, Q_mean±std:6.186832e-05±9.373360e-06, P_RMSE:3.256e-05, Q_RMSE:2.489e-05, Success rate (<0.1):1.000000, Success rate (<0.01):1.000000, Success rate (<0.001):1.000000
X=[0.0,0.2], PQ=[-1.0,-0.8]: count:10, ill:0, avg_iter:4.10, Ang_MAX:2.889484e-04, Vol_MAX:8.404255e-06, Ang_mean±std:1.747698e-04±8.358762e-05, Vol_mean±std:6.133318e-06±1.358528e-06, P_MAX:9.730e-05, Q_MAX:7.228e-05, P_mean±std:7.554404e-05±1.522766e-05, Q_mean±std:6.257407e-05±5.765982e-06, P_RMSE:2.913e-05, Q_RMSE:2.462e-05, Success rate (<0.1):1.000000, Success rate (<0.01):1.000000, Success rate (<0.001):1.000000
X=[0.0,0.2], PQ=[-0.8,-0.6]: count:10, ill:0, avg_iter:3.10, Ang_MAX:2.758354e-04, Vol_MAX:8.106232e-06, Ang_mean±std:1.629546e-04±6.582126e-05, Vol_mean±std:5.829334e-06±1.076454e-06, P_MAX:9.534e-05, Q_MAX:8.211e-05, P_mean±std:7.730331e-05±1.288834e-05, Q_mean±std:6.443961e-05±8.160764e-06, P_RMSE:3.263e-05, Q_RMSE:2.404e-05, Success rate (<0.1):1.000000, Success rate (<0.01):1.000000, Success rate (<0.001):1.000000
X=[0.0,0.2], PQ=[-0.6,-0.4]: count:10, ill:0, avg_iter:4.50, Ang_MAX:2.905130e-04, Vol_MAX:8.583069e-06, Ang_mean±std:1.962900e-04±6.713015e-05, Vol_mean±std:6.294250e-06±1.336048e-06, P_MAX:9.991e-05, Q_MAX:6.945e-05, P_mean±std:8.157040e-05±1.672777e-05, Q_mean±std:5.745515e-05±5.517434e-06, P_RMSE:3.319e-05, Q_RMSE:2.288e-05, Success rate (<0.1):1.000000, Success rate (<0.01):1.000000, Success rate (<0.001):1.000000
X=[0.0,0.2], PQ=[-0.4,-0.2]: count:10, ill:0, avg_iter:5.10, Ang_MAX:2.871305e-04, Vol_MAX:8.404255e-06, Ang_mean±std:2.366558e-04±4.649729e-05, Vol_mean±std:6.711483e-06±1.316224e-06, P_MAX:9.917e-05, Q_MAX:7.642e-05, P_mean±std:8.969691e-05±8.144593e-06, Q_mean±std:6.420957e-05±8.062435e-06, P_RMSE:3.617e-05, Q_RMSE:2.384e-05, Success rate (<0.1):1.000000, Success rate (<0.01):1.000000, Success rate (<0.001):1.000000
X=[0.0,0.2], PQ=[-0.2,0.0]: count:10, ill:0, avg_iter:4.30, Ang_MAX:2.749860e-04, Vol_MAX:7.510185e-06, Ang_mean±std:1.905352e-04±6.704997e-05, Vol_mean±std:5.596876e-06±1.057693e-06, P_MAX:9.452e-05, Q_MAX:6.981e-05, P_mean±std:7.854607e-05±1.302176e-05, Q_mean±std:5.836161e-05±6.360547e-06, P_RMSE:3.061e-05, Q_RMSE:2.274e-05, Success rate (<0.1):1.000000, Success rate (<0.01):1.000000, Success rate (<0.001):1.000000
X=[0.0,0.2], PQ=[0.0,0.2]: count:10, ill:0, avg_iter:4.20, Ang_MAX:2.822876e-04, Vol_MAX:8.463860e-06, Ang_mean±std:1.714140e-04±8.088256e-05, Vol_mean±std:6.318092e-06±1.506241e-06, P_MAX:9.680e-05, Q_MAX:7.630e-05, P_mean±std:7.506288e-05±1.916103e-05, Q_mean±std:5.917484e-05±7.347266e-06, P_RMSE:2.789e-05, Q_RMSE:2.255e-05, Success rate (<0.1):1.000000, Success rate (<0.01):1.000000, Success rate (<0.001):1.000000
X=[0.0,0.2], PQ=[0.2,0.4]: count:10, ill:0, avg_iter:4.30, Ang_MAX:2.618730e-04, Vol_MAX:8.225441e-06, Ang_mean±std:1.968592e-04±6.788837e-05, Vol_mean±std:6.192923e-06±1.374646e-06, P_MAX:9.942e-05, Q_MAX:6.776e-05, P_mean±std:7.890635e-05±1.640906e-05, Q_mean±std:5.788393e-05±6.136839e-06, P_RMSE:3.293e-05, Q_RMSE:2.265e-05, Success rate (<0.1):1.000000, Success rate (<0.01):1.000000, Success rate (<0.001):1.000000
X=[0.0,0.2], PQ=[0.4,0.6]: count:10, ill:0, avg_iter:4.30, Ang_MAX:2.719909e-04, Vol_MAX:9.059906e-06, Ang_mean±std:1.812071e-04±7.173645e-05, Vol_mean±std:6.192923e-06±1.414892e-06, P_MAX:9.684e-05, Q_MAX:7.182e-05, P_mean±std:8.401517e-05±1.207805e-05, Q_mean±std:6.041480e-05±5.943635e-06, P_RMSE:3.505e-05, Q_RMSE:2.338e-05, Success rate (<0.1):1.000000, Success rate (<0.01):1.000000, Success rate (<0.001):1.000000
X=[0.0,0.2], PQ=[0.6,0.8]: count:10, ill:0, avg_iter:6.10, Ang_MAX:2.788305e-04, Vol_MAX:9.298325e-06, Ang_mean±std:2.049714e-04±6.611064e-05, Vol_mean±std:6.490946e-06±1.559878e-06, P_MAX:9.781e-05, Q_MAX:7.749e-05, P_mean±std:8.237583e-05±1.578491e-05, Q_mean±std:6.180564e-05±1.042347e-05, P_RMSE:3.047e-05, Q_RMSE:2.444e-05, Success rate (<0.1):1.000000, Success rate (<0.01):1.000000, Success rate (<0.001):1.000000
X=[0.0,0.2], PQ=[0.8,1.0]: count:10, ill:0, avg_iter:4.50, Ang_MAX:2.874136e-04, Vol_MAX:1.031160e-05, Ang_mean±std:1.782581e-04±6.957079e-05, Vol_mean±std:7.271767e-06±1.620106e-06, P_MAX:9.870e-05, Q_MAX:7.228e-05, P_mean±std:7.645565e-05±1.809244e-05, Q_mean±std:6.087031e-05±7.794705e-06, P_RMSE:3.150e-05, Q_RMSE:2.469e-05, Success rate (<0.1):1.000000, Success rate (<0.01):1.000000, Success rate (<0.001):1.000000
X=[0.0,0.2], PQ=[1.0,1.2]: count:10, ill:0, avg_iter:5.00, Ang_MAX:2.833158e-04, Vol_MAX:7.867813e-06, Ang_mean±std:2.144739e-04±5.188469e-05, Vol_mean±std:5.578995e-06±1.101380e-06, P_MAX:9.526e-05, Q_MAX:7.421e-05, P_mean±std:8.406416e-05±8.007131e-06, Q_mean±std:6.194292e-05±5.770167e-06, P_RMSE:3.221e-05, Q_RMSE:2.513e-05, Success rate (<0.1):1.000000, Success rate (<0.01):1.000000, Success rate (<0.001):1.000000
X=[0.0,0.2], PQ=[1.2,1.4]: count:10, ill:0, avg_iter:6.90, Ang_MAX:2.998412e-04, Vol_MAX:1.025200e-05, Ang_mean±std:2.108194e-04±6.816785e-05, Vol_mean±std:6.663799e-06±1.841349e-06, P_MAX:9.990e-05, Q_MAX:9.155e-05, P_mean±std:8.635554e-05±1.205029e-05, Q_mean±std:6.974796e-05±1.185962e-05, P_RMSE:3.088e-05, Q_RMSE:2.679e-05, Success rate (<0.1):1.000000, Success rate (<0.01):1.000000, Success rate (<0.001):1.000000
X=[0.0,0.2], PQ=[1.4,1.6]: count:10, ill:0, avg_iter:4.60, Ang_MAX:2.638400e-04, Vol_MAX:1.013279e-05, Ang_mean±std:1.886636e-04±6.888085e-05, Vol_mean±std:6.419420e-06±1.767969e-06, P_MAX:9.632e-05, Q_MAX:8.634e-05, P_mean±std:8.482069e-05±1.042268e-05, Q_mean±std:7.157046e-05±1.014301e-05, P_RMSE:3.372e-05, Q_RMSE:2.804e-05, Success rate (<0.1):1.000000, Success rate (<0.01):1.000000, Success rate (<0.001):1.000000
X=[0.0,0.2], PQ=[1.6,1.8]: count:10, ill:0, avg_iter:6.20, Ang_MAX:2.204925e-04, Vol_MAX:9.000301e-06, Ang_mean±std:1.366910e-04±4.927778e-05, Vol_mean±std:6.014109e-06±1.450354e-06, P_MAX:1.036e-04, Q_MAX:1.125e-04, P_mean±std:7.973909e-05±1.334760e-05, Q_mean±std:8.422062e-05±1.561802e-05, P_RMSE:2.885e-05, Q_RMSE:3.153e-05, Success rate (<0.1):1.000000, Success rate (<0.01):1.000000, Success rate (<0.001):1.000000
X=[0.0,0.2], PQ=[1.8,2.0]: count:10, ill:0, avg_iter:8.00, Ang_MAX:2.869293e-04, Vol_MAX:1.049042e-05, Ang_mean±std:1.852967e-04±5.529917e-05, Vol_mean±std:6.043911e-06±1.617956e-06, P_MAX:9.943e-05, Q_MAX:1.143e-04, P_mean±std:8.434034e-05±1.208483e-05, Q_mean±std:8.720923e-05±1.923594e-05, P_RMSE:3.090e-05, Q_RMSE:2.990e-05, Success rate (<0.1):1.000000, Success rate (<0.01):1.000000, Success rate (<0.001):1.000000
X=[0.2,0.4], PQ=[-2.0,-1.8]: count:10, ill:0, avg_iter:12.90, Ang_MAX:3.345236e-04, Vol_MAX:9.477139e-06, Ang_mean±std:2.517723e-04±3.833266e-05, Vol_mean±std:6.419420e-06±1.568191e-06, P_MAX:9.991e-05, Q_MAX:8.112e-05, P_mean±std:9.536666e-05±3.756536e-06, Q_mean±std:7.055076e-05±7.464245e-06, P_RMSE:3.470e-05, Q_RMSE:2.902e-05, Success rate (<0.1):1.000000, Success rate (<0.01):1.000000, Success rate (<0.001):1.000000
X=[0.2,0.4], PQ=[-1.8,-1.6]: count:10, ill:0, avg_iter:9.90, Ang_MAX:2.991408e-04, Vol_MAX:1.049042e-05, Ang_mean±std:2.033480e-04±7.813762e-05, Vol_mean±std:6.490946e-06±1.959434e-06, P_MAX:9.702e-05, Q_MAX:9.942e-05, P_mean±std:8.901113e-05±6.502063e-06, Q_mean±std:7.428480e-05±1.173702e-05, P_RMSE:3.343e-05, Q_RMSE:2.994e-05, Success rate (<0.1):1.000000, Success rate (<0.01):1.000000, Success rate (<0.001):1.000000
X=[0.2,0.4], PQ=[-1.6,-1.4]: count:10, ill:0, avg_iter:10.90, Ang_MAX:3.136843e-04, Vol_MAX:9.596348e-06, Ang_mean±std:2.514251e-04±4.883032e-05, Vol_mean±std:6.687641e-06±1.348120e-06, P_MAX:9.793e-05, Q_MAX:1.363e-04, P_mean±std:9.226543e-05±4.774111e-06, Q_mean±std:7.631471e-05±2.175725e-05, P_RMSE:3.530e-05, Q_RMSE:2.880e-05, Success rate (<0.1):1.000000, Success rate (<0.01):1.000000, Success rate (<0.001):1.000000
X=[0.2,0.4], PQ=[-1.4,-1.2]: count:10, ill:0, avg_iter:10.10, Ang_MAX:2.984107e-04, Vol_MAX:9.775162e-06, Ang_mean±std:2.376124e-04±4.091945e-05, Vol_mean±std:6.771088e-06±1.875075e-06, P_MAX:9.798e-05, Q_MAX:8.124e-05, P_mean±std:8.840847e-05±7.042254e-06, Q_mean±std:6.678142e-05±8.992572e-06, P_RMSE:3.356e-05, Q_RMSE:2.649e-05, Success rate (<0.1):1.000000, Success rate (<0.01):1.000000, Success rate (<0.001):1.000000
X=[0.2,0.4], PQ=[-1.2,-1.0]: count:10, ill:0, avg_iter:8.10, Ang_MAX:3.258139e-04, Vol_MAX:8.344650e-06, Ang_mean±std:2.105333e-04±8.218590e-05, Vol_mean±std:6.210804e-06±1.111207e-06, P_MAX:9.942e-05, Q_MAX:7.701e-05, P_mean±std:8.688874e-05±1.037326e-05, Q_mean±std:6.341506e-05±6.531227e-06, P_RMSE:3.319e-05, Q_RMSE:2.534e-05, Success rate (<0.1):1.000000, Success rate (<0.01):1.000000, Success rate (<0.001):1.000000
X=[0.2,0.4], PQ=[-1.0,-0.8]: count:10, ill:0, avg_iter:10.80, Ang_MAX:2.935827e-04, Vol_MAX:8.404255e-06, Ang_mean±std:2.588332e-04±2.673372e-05, Vol_mean±std:6.532669e-06±1.532709e-06, P_MAX:9.951e-05, Q_MAX:6.598e-05, P_mean±std:9.159094e-05±6.375105e-06, Q_mean±std:5.985620e-05±4.634295e-06, P_RMSE:3.452e-05, Q_RMSE:2.466e-05, Success rate (<0.1):1.000000, Success rate (<0.01):1.000000, Success rate (<0.001):1.000000
X=[0.2,0.4], PQ=[-0.8,-0.6]: count:10, ill:0, avg_iter:10.60, Ang_MAX:4.013777e-04, Vol_MAX:9.536743e-06, Ang_mean±std:2.551109e-04±5.928047e-05, Vol_mean±std:6.794930e-06±1.752620e-06, P_MAX:1.304e-04, Q_MAX:6.896e-05, P_mean±std:9.361901e-05±1.432460e-05, Q_mean±std:5.925847e-05±5.527449e-06, P_RMSE:3.608e-05, Q_RMSE:2.340e-05, Success rate (<0.1):1.000000, Success rate (<0.01):1.000000, Success rate (<0.001):1.000000
X=[0.2,0.4], PQ=[-0.6,-0.4]: count:10, ill:0, avg_iter:11.70, Ang_MAX:3.054738e-04, Vol_MAX:8.642673e-06, Ang_mean±std:2.491966e-04±6.843190e-05, Vol_mean±std:6.192923e-06±1.639821e-06, P_MAX:1.011e-04, Q_MAX:6.105e-05, P_mean±std:9.216489e-05±1.016081e-05, Q_mean±std:5.688155e-05±3.602840e-06, P_RMSE:3.368e-05, Q_RMSE:2.313e-05, Success rate (<0.1):1.000000, Success rate (<0.01):1.000000, Success rate (<0.001):1.000000
X=[0.2,0.4], PQ=[-0.4,-0.2]: count:10, ill:0, avg_iter:11.00, Ang_MAX:2.946407e-04, Vol_MAX:8.940697e-06, Ang_mean±std:2.636194e-04±2.216402e-05, Vol_mean±std:5.602837e-06±1.720500e-06, P_MAX:9.988e-05, Q_MAX:7.036e-05, P_mean±std:9.105850e-05±6.113474e-06, Q_mean±std:5.701445e-05±5.738450e-06, P_RMSE:3.408e-05, Q_RMSE:2.336e-05, Success rate (<0.1):1.000000, Success rate (<0.01):1.000000, Success rate (<0.001):1.000000
X=[0.2,0.4], PQ=[-0.2,0.0]: count:10, ill:0, avg_iter:10.30, Ang_MAX:2.928376e-04, Vol_MAX:8.404255e-06, Ang_mean±std:2.467945e-04±6.238250e-05, Vol_mean±std:6.562471e-06±1.735396e-06, P_MAX:9.987e-05, Q_MAX:6.545e-05, P_mean±std:9.039550e-05±1.107934e-05, Q_mean±std:5.607987e-05±5.416640e-06, P_RMSE:3.476e-05, Q_RMSE:2.226e-05, Success rate (<0.1):1.000000, Success rate (<0.01):1.000000, Success rate (<0.001):1.000000
X=[0.2,0.4], PQ=[0.0,0.2]: count:10, ill:0, avg_iter:9.90, Ang_MAX:3.026873e-04, Vol_MAX:8.344650e-06, Ang_mean±std:2.078041e-04±7.404321e-05, Vol_mean±std:5.906820e-06±1.502569e-06, P_MAX:1.052e-04, Q_MAX:6.600e-05, P_mean±std:8.519255e-05±1.046313e-05, Q_mean±std:5.634511e-05±5.553838e-06, P_RMSE:3.156e-05, Q_RMSE:2.219e-05, Success rate (<0.1):1.000000, Success rate (<0.01):1.000000, Success rate (<0.001):1.000000
X=[0.2,0.4], PQ=[0.2,0.4]: count:10, ill:0, avg_iter:9.60, Ang_MAX:3.017485e-04, Vol_MAX:8.761883e-06, Ang_mean±std:2.448782e-04±4.058000e-05, Vol_mean±std:5.453825e-06±1.305396e-06, P_MAX:1.013e-04, Q_MAX:6.634e-05, P_mean±std:9.154042e-05±8.807188e-06, Q_mean±std:5.441140e-05±5.329071e-06, P_RMSE:3.388e-05, Q_RMSE:2.302e-05, Success rate (<0.1):1.000000, Success rate (<0.01):1.000000, Success rate (<0.001):1.000000
X=[0.2,0.4], PQ=[0.4,0.6]: count:10, ill:0, avg_iter:10.10, Ang_MAX:2.978593e-04, Vol_MAX:8.881092e-06, Ang_mean±std:2.508357e-04±4.464966e-05, Vol_mean±std:6.216764e-06±1.484395e-06, P_MAX:9.933e-05, Q_MAX:7.224e-05, P_mean±std:9.061459e-05±7.797335e-06, Q_mean±std:5.994141e-05±5.845317e-06, P_RMSE:3.603e-05, Q_RMSE:2.369e-05, Success rate (<0.1):1.000000, Success rate (<0.01):1.000000, Success rate (<0.001):1.000000
X=[0.2,0.4], PQ=[0.6,0.8]: count:10, ill:0, avg_iter:9.40, Ang_MAX:3.017932e-04, Vol_MAX:8.761883e-06, Ang_mean±std:2.728179e-04±1.604165e-05, Vol_mean±std:6.181002e-06±1.802989e-06, P_MAX:9.941e-05, Q_MAX:7.531e-05, P_mean±std:9.446067e-05±4.979904e-06, Q_mean±std:6.325189e-05±6.223237e-06, P_RMSE:3.941e-05, Q_RMSE:2.472e-05, Success rate (<0.1):1.000000, Success rate (<0.01):1.000000, Success rate (<0.001):1.000000
X=[0.2,0.4], PQ=[0.8,1.0]: count:10, ill:0, avg_iter:9.50, Ang_MAX:2.842247e-04, Vol_MAX:8.940697e-06, Ang_mean±std:2.367035e-04±3.519638e-05, Vol_mean±std:5.841255e-06±1.383547e-06, P_MAX:9.957e-05, Q_MAX:7.629e-05, P_mean±std:8.971707e-05±8.547356e-06, Q_mean±std:6.655613e-05±7.769074e-06, P_RMSE:3.465e-05, Q_RMSE:2.594e-05, Success rate (<0.1):1.000000, Success rate (<0.01):1.000000, Success rate (<0.001):1.000000
X=[0.2,0.4], PQ=[1.0,1.2]: count:10, ill:0, avg_iter:9.40, Ang_MAX:2.991110e-04, Vol_MAX:8.940697e-06, Ang_mean±std:2.241939e-04±6.947094e-05, Vol_mean±std:6.389618e-06±1.521449e-06, P_MAX:9.846e-05, Q_MAX:9.930e-05, P_mean±std:8.968476e-05±1.045532e-05, Q_mean±std:7.252125e-05±1.346895e-05, P_RMSE:3.610e-05, Q_RMSE:2.681e-05, Success rate (<0.1):1.000000, Success rate (<0.01):1.000000, Success rate (<0.001):1.000000
X=[0.2,0.4], PQ=[1.2,1.4]: count:10, ill:0, avg_iter:9.70, Ang_MAX:2.973974e-04, Vol_MAX:8.106232e-06, Ang_mean±std:2.332240e-04±4.314820e-05, Vol_mean±std:6.401539e-06±1.146890e-06, P_MAX:9.918e-05, Q_MAX:7.879e-05, P_mean±std:8.913425e-05±4.694273e-06, Q_mean±std:6.888565e-05±7.035888e-06, P_RMSE:3.405e-05, Q_RMSE:2.658e-05, Success rate (<0.1):1.000000, Success rate (<0.01):1.000000, Success rate (<0.001):1.000000
X=[0.2,0.4], PQ=[1.4,1.6]: count:10, ill:0, avg_iter:9.80, Ang_MAX:2.821386e-04, Vol_MAX:9.596348e-06, Ang_mean±std:2.340049e-04±3.704438e-05, Vol_mean±std:7.349253e-06±1.850251e-06, P_MAX:9.942e-05, Q_MAX:9.015e-05, P_mean±std:9.026360e-05±7.881977e-06, Q_mean±std:6.956896e-05±1.107042e-05, P_RMSE:3.586e-05, Q_RMSE:2.878e-05, Success rate (<0.1):1.000000, Success rate (<0.01):1.000000, Success rate (<0.001):1.000000
X=[0.2,0.4], PQ=[1.6,1.8]: count:10, ill:0, avg_iter:9.80, Ang_MAX:3.644973e-04, Vol_MAX:1.013279e-05, Ang_mean±std:2.419814e-04±6.884998e-05, Vol_mean±std:7.438660e-06±1.868546e-06, P_MAX:1.223e-04, Q_MAX:1.361e-04, P_mean±std:9.795579e-05±8.735118e-06, Q_mean±std:8.493401e-05±1.846473e-05, P_RMSE:3.682e-05, Q_RMSE:3.100e-05, Success rate (<0.1):1.000000, Success rate (<0.01):1.000000, Success rate (<0.001):1.000000
X=[0.2,0.4], PQ=[1.8,2.0]: count:10, ill:0, avg_iter:15.00, Ang_MAX:2.955720e-04, Vol_MAX:8.583069e-06, Ang_mean±std:2.084434e-04±5.926520e-05, Vol_mean±std:6.961823e-06±1.050057e-06, P_MAX:1.016e-04, Q_MAX:1.193e-04, P_mean±std:8.958862e-05±1.282101e-05, Q_mean±std:8.873027e-05±1.530454e-05, P_RMSE:3.073e-05, Q_RMSE:3.155e-05, Success rate (<0.1):1.000000, Success rate (<0.01):1.000000, Success rate (<0.001):1.000000
X=[0.4,0.6], PQ=[-2.0,-1.8]: count:10, ill:0, avg_iter:15.60, Ang_MAX:3.011413e-04, Vol_MAX:1.060963e-05, Ang_mean±std:2.427865e-04±4.268503e-05, Vol_mean±std:6.926060e-06±2.025471e-06, P_MAX:1.057e-04, Q_MAX:1.263e-04, P_mean±std:9.261516e-05±8.876662e-06, Q_mean±std:8.847909e-05±1.873598e-05, P_RMSE:3.407e-05, Q_RMSE:3.196e-05, Success rate (<0.1):1.000000, Success rate (<0.01):1.000000, Success rate (<0.001):1.000000
X=[0.4,0.6], PQ=[-1.8,-1.6]: count:10, ill:0, avg_iter:12.10, Ang_MAX:3.021359e-04, Vol_MAX:8.285046e-06, Ang_mean±std:2.293840e-04±6.677699e-05, Vol_mean±std:6.169081e-06±1.359522e-06, P_MAX:9.954e-05, Q_MAX:1.198e-04, P_mean±std:8.964986e-05±9.979658e-06, Q_mean±std:7.568579e-05±1.826783e-05, P_RMSE:3.401e-05, Q_RMSE:2.801e-05, Success rate (<0.1):1.000000, Success rate (<0.01):1.000000, Success rate (<0.001):1.000000
X=[0.4,0.6], PQ=[-1.6,-1.4]: count:10, ill:0, avg_iter:14.70, Ang_MAX:3.082156e-04, Vol_MAX:1.037121e-05, Ang_mean±std:2.448738e-04±3.223642e-05, Vol_mean±std:6.884336e-06±1.904040e-06, P_MAX:1.187e-04, Q_MAX:9.170e-05, P_mean±std:9.386917e-05±1.100708e-05, Q_mean±std:7.363660e-05±1.122862e-05, P_RMSE:3.314e-05, Q_RMSE:2.755e-05, Success rate (<0.1):1.000000, Success rate (<0.01):1.000000, Success rate (<0.001):1.000000
X=[0.4,0.6], PQ=[-1.4,-1.2]: count:10, ill:0, avg_iter:12.50, Ang_MAX:2.904683e-04, Vol_MAX:8.463860e-06, Ang_mean±std:2.181351e-04±6.343728e-05, Vol_mean±std:5.912781e-06±1.315036e-06, P_MAX:9.798e-05, Q_MAX:9.932e-05, P_mean±std:8.876142e-05±7.529947e-06, Q_mean±std:7.682033e-05±1.340129e-05, P_RMSE:3.157e-05, Q_RMSE:2.798e-05, Success rate (<0.1):1.000000, Success rate (<0.01):1.000000, Success rate (<0.001):1.000000
X=[0.4,0.6], PQ=[-1.2,-1.0]: count:10, ill:0, avg_iter:14.30, Ang_MAX:2.962351e-04, Vol_MAX:8.583069e-06, Ang_mean±std:2.551153e-04±2.586542e-05, Vol_mean±std:5.191565e-06±1.183254e-06, P_MAX:1.049e-04, Q_MAX:9.155e-05, P_mean±std:9.301277e-05±5.562674e-06, Q_mean±std:6.280262e-05±9.971893e-06, P_RMSE:3.389e-05, Q_RMSE:2.516e-05, Success rate (<0.1):1.000000, Success rate (<0.01):1.000000, Success rate (<0.001):1.000000
X=[0.4,0.6], PQ=[-1.0,-0.8]: count:10, ill:0, avg_iter:12.40, Ang_MAX:3.003627e-04, Vol_MAX:7.331371e-06, Ang_mean±std:2.658628e-04±2.524513e-05, Vol_mean±std:5.316734e-06±1.023674e-06, P_MAX:9.954e-05, Q_MAX:7.630e-05, P_mean±std:9.110593e-05±4.815880e-06, Q_mean±std:6.153220e-05±6.116055e-06, P_RMSE:3.415e-05, Q_RMSE:2.502e-05, Success rate (<0.1):1.000000, Success rate (<0.01):1.000000, Success rate (<0.001):1.000000
X=[0.4,0.6], PQ=[-0.8,-0.6]: count:10, ill:0, avg_iter:13.40, Ang_MAX:3.024638e-04, Vol_MAX:1.037121e-05, Ang_mean±std:2.681136e-04±2.784697e-05, Vol_mean±std:7.182360e-06±1.904786e-06, P_MAX:9.781e-05, Q_MAX:9.146e-05, P_mean±std:9.332628e-05±4.576812e-06, Q_mean±std:6.354395e-05±1.168261e-05, P_RMSE:3.356e-05, Q_RMSE:2.372e-05, Success rate (<0.1):1.000000, Success rate (<0.01):1.000000, Success rate (<0.001):1.000000
X=[0.4,0.6], PQ=[-0.6,-0.4]: count:10, ill:0, avg_iter:12.20, Ang_MAX:2.966523e-04, Vol_MAX:7.927418e-06, Ang_mean±std:2.582669e-04±3.177987e-05, Vol_mean±std:5.739927e-06±1.368585e-06, P_MAX:9.943e-05, Q_MAX:7.654e-05, P_mean±std:9.140209e-05±6.955168e-06, Q_mean±std:5.896185e-05±8.137808e-06, P_RMSE:3.450e-05, Q_RMSE:2.368e-05, Success rate (<0.1):1.000000, Success rate (<0.01):1.000000, Success rate (<0.001):1.000000
X=[0.4,0.6], PQ=[-0.4,-0.2]: count:10, ill:0, avg_iter:13.10, Ang_MAX:3.026128e-04, Vol_MAX:8.463860e-06, Ang_mean±std:2.490491e-04±4.897070e-05, Vol_mean±std:5.507469e-06±1.545175e-06, P_MAX:1.013e-04, Q_MAX:7.605e-05, P_mean±std:8.918033e-05±9.657605e-06, Q_mean±std:5.912622e-05±7.737760e-06, P_RMSE:3.298e-05, Q_RMSE:2.335e-05, Success rate (<0.1):1.000000, Success rate (<0.01):1.000000, Success rate (<0.001):1.000000
X=[0.4,0.6], PQ=[-0.2,0.0]: count:10, ill:0, avg_iter:11.50, Ang_MAX:3.151298e-04, Vol_MAX:8.165836e-06, Ang_mean±std:2.558276e-04±3.156854e-05, Vol_mean±std:5.447865e-06±1.515225e-06, P_MAX:9.982e-05, Q_MAX:7.629e-05, P_mean±std:9.195788e-05±7.453599e-06, Q_mean±std:5.756980e-05±7.242133e-06, P_RMSE:3.686e-05, Q_RMSE:2.293e-05, Success rate (<0.1):1.000000, Success rate (<0.01):1.000000, Success rate (<0.001):1.000000
X=[0.4,0.6], PQ=[0.0,0.2]: count:10, ill:0, avg_iter:11.70, Ang_MAX:2.993643e-04, Vol_MAX:8.463860e-06, Ang_mean±std:2.623424e-04±3.308140e-05, Vol_mean±std:6.490946e-06±1.588316e-06, P_MAX:1.025e-04, Q_MAX:7.630e-05, P_mean±std:9.586175e-05±5.313104e-06, Q_mean±std:5.926508e-05±7.417965e-06, P_RMSE:3.538e-05, Q_RMSE:2.282e-05, Success rate (<0.1):1.000000, Success rate (<0.01):1.000000, Success rate (<0.001):1.000000
X=[0.4,0.6], PQ=[0.2,0.4]: count:10, ill:0, avg_iter:15.60, Ang_MAX:3.154576e-04, Vol_MAX:8.523464e-06, Ang_mean±std:2.749607e-04±2.150518e-05, Vol_mean±std:6.639957e-06±1.803215e-06, P_MAX:1.066e-04, Q_MAX:7.618e-05, P_mean±std:9.553009e-05±6.665639e-06, Q_mean±std:5.666427e-05±6.788872e-06, P_RMSE:3.301e-05, Q_RMSE:2.233e-05, Success rate (<0.1):1.000000, Success rate (<0.01):1.000000, Success rate (<0.001):1.000000
X=[0.4,0.6], PQ=[0.4,0.6]: count:10, ill:0, avg_iter:13.30, Ang_MAX:2.891570e-04, Vol_MAX:9.000301e-06, Ang_mean±std:2.652884e-04±2.002818e-05, Vol_mean±std:6.639957e-06±1.877726e-06, P_MAX:9.966e-05, Q_MAX:7.652e-05, P_mean±std:9.473730e-05±5.084542e-06, Q_mean±std:6.033108e-05±9.407053e-06, P_RMSE:3.378e-05, Q_RMSE:2.317e-05, Success rate (<0.1):1.000000, Success rate (<0.01):1.000000, Success rate (<0.001):1.000000
X=[0.4,0.6], PQ=[0.6,0.8]: count:10, ill:0, avg_iter:13.30, Ang_MAX:3.085732e-04, Vol_MAX:8.225441e-06, Ang_mean±std:2.524391e-04±4.409532e-05, Vol_mean±std:5.853176e-06±1.460448e-06, P_MAX:9.990e-05, Q_MAX:7.510e-05, P_mean±std:8.906946e-05±8.936822e-06, Q_mean±std:6.261328e-05±6.452280e-06, P_RMSE:3.416e-05, Q_RMSE:2.472e-05, Success rate (<0.1):1.000000, Success rate (<0.01):1.000000, Success rate (<0.001):1.000000
X=[0.4,0.6], PQ=[0.8,1.0]: count:10, ill:0, avg_iter:14.10, Ang_MAX:3.166944e-04, Vol_MAX:9.238720e-06, Ang_mean±std:2.595603e-04±5.795646e-05, Vol_mean±std:6.628036e-06±2.000409e-06, P_MAX:1.032e-04, Q_MAX:7.360e-05, P_mean±std:8.959307e-05±1.234355e-05, Q_mean±std:6.111003e-05±6.344249e-06, P_RMSE:3.396e-05, Q_RMSE:2.519e-05, Success rate (<0.1):1.000000, Success rate (<0.01):1.000000, Success rate (<0.001):1.000000
X=[0.4,0.6], PQ=[1.0,1.2]: count:10, ill:0, avg_iter:14.10, Ang_MAX:6.883442e-04, Vol_MAX:1.335144e-05, Ang_mean±std:2.832696e-04±1.488487e-04, Vol_mean±std:7.450581e-06±2.454380e-06, P_MAX:2.096e-04, Q_MAX:1.054e-04, P_mean±std:1.026387e-04±3.722856e-05, Q_mean±std:6.989837e-05±1.376331e-05, P_RMSE:3.580e-05, Q_RMSE:2.518e-05, Success rate (<0.1):1.000000, Success rate (<0.01):1.000000, Success rate (<0.001):1.000000
X=[0.4,0.6], PQ=[1.2,1.4]: count:10, ill:0, avg_iter:12.70, Ang_MAX:4.378706e-04, Vol_MAX:9.417534e-06, Ang_mean±std:2.855830e-04±6.418817e-05, Vol_mean±std:6.920099e-06±1.635700e-06, P_MAX:1.385e-04, Q_MAX:9.075e-05, P_mean±std:1.009506e-04±1.463422e-05, Q_mean±std:6.955955e-05±1.063895e-05, P_RMSE:3.761e-05, Q_RMSE:2.759e-05, Success rate (<0.1):1.000000, Success rate (<0.01):1.000000, Success rate (<0.001):1.000000
X=[0.4,0.6], PQ=[1.4,1.6]: count:10, ill:0, avg_iter:13.30, Ang_MAX:5.085319e-04, Vol_MAX:1.168251e-05, Ang_mean±std:2.836466e-04±9.043175e-05, Vol_mean±std:7.051229e-06±2.371344e-06, P_MAX:1.578e-04, Q_MAX:1.018e-04, P_mean±std:1.006128e-04±2.195093e-05, Q_mean±std:7.295981e-05±1.336480e-05, P_RMSE:3.769e-05, Q_RMSE:2.703e-05, Success rate (<0.1):1.000000, Success rate (<0.01):1.000000, Success rate (<0.001):1.000000
X=[0.4,0.6], PQ=[1.6,1.8]: count:10, ill:0, avg_iter:14.50, Ang_MAX:2.795458e-04, Vol_MAX:7.867813e-06, Ang_mean±std:2.449997e-04±3.914291e-05, Vol_mean±std:5.984306e-06±1.039311e-06, P_MAX:1.358e-04, Q_MAX:9.322e-05, P_mean±std:9.540552e-05±1.535502e-05, Q_mean±std:7.642107e-05±1.071784e-05, P_RMSE:3.385e-05, Q_RMSE:2.842e-05, Success rate (<0.1):1.000000, Success rate (<0.01):1.000000, Success rate (<0.001):1.000000
X=[0.4,0.6], PQ=[1.8,2.0]: count:10, ill:0, avg_iter:15.10, Ang_MAX:3.720522e-04, Vol_MAX:1.186132e-05, Ang_mean±std:2.259344e-04±8.934913e-05, Vol_mean±std:6.884336e-06±2.051863e-06, P_MAX:1.205e-04, Q_MAX:9.963e-05, P_mean±std:9.374213e-05±1.576401e-05, Q_mean±std:8.091759e-05±1.315498e-05, P_RMSE:3.243e-05, Q_RMSE:3.026e-05, Success rate (<0.1):1.000000, Success rate (<0.01):1.000000, Success rate (<0.001):1.000000
X=[0.6,0.8], PQ=[-2.0,-1.8]: count:10, ill:0, avg_iter:15.50, Ang_MAX:4.305393e-04, Vol_MAX:1.037121e-05, Ang_mean±std:2.683595e-04±6.769743e-05, Vol_mean±std:7.110834e-06±1.960087e-06, P_MAX:1.366e-04, Q_MAX:1.094e-04, P_mean±std:9.734815e-05±1.403820e-05, Q_mean±std:8.339733e-05±1.381489e-05, P_RMSE:3.658e-05, Q_RMSE:3.017e-05, Success rate (<0.1):1.000000, Success rate (<0.01):1.000000, Success rate (<0.001):1.000000
X=[0.6,0.8], PQ=[-1.8,-1.6]: count:10, ill:0, avg_iter:14.70, Ang_MAX:3.446937e-04, Vol_MAX:9.596348e-06, Ang_mean±std:2.319906e-04±5.670435e-05, Vol_mean±std:6.288290e-06±1.693286e-06, P_MAX:1.140e-04, Q_MAX:9.406e-05, P_mean±std:9.437397e-05±8.806955e-06, Q_mean±std:7.603876e-05±1.114250e-05, P_RMSE:3.458e-05, Q_RMSE:2.968e-05, Success rate (<0.1):1.000000, Success rate (<0.01):1.000000, Success rate (<0.001):1.000000
X=[0.6,0.8], PQ=[-1.6,-1.4]: count:10, ill:0, avg_iter:15.00, Ang_MAX:3.789738e-04, Vol_MAX:1.037121e-05, Ang_mean±std:2.763651e-04±5.308683e-05, Vol_mean±std:6.169081e-06±2.066185e-06, P_MAX:1.334e-04, Q_MAX:1.068e-04, P_mean±std:1.007636e-04±1.359742e-05, Q_mean±std:7.394832e-05±1.394587e-05, P_RMSE:3.600e-05, Q_RMSE:2.786e-05, Success rate (<0.1):1.000000, Success rate (<0.01):1.000000, Success rate (<0.001):1.000000
X=[0.6,0.8], PQ=[-1.4,-1.2]: count:10, ill:0, avg_iter:15.50, Ang_MAX:3.592968e-04, Vol_MAX:9.238720e-06, Ang_mean±std:2.883598e-04±3.915689e-05, Vol_mean±std:5.757809e-06±1.737187e-06, P_MAX:1.252e-04, Q_MAX:7.986e-05, P_mean±std:9.877048e-05±1.268181e-05, Q_mean±std:6.903457e-05±6.468182e-06, P_RMSE:3.701e-05, Q_RMSE:2.841e-05, Success rate (<0.1):1.000000, Success rate (<0.01):1.000000, Success rate (<0.001):1.000000
X=[0.6,0.8], PQ=[-1.2,-1.0]: count:10, ill:0, avg_iter:14.20, Ang_MAX:3.662109e-04, Vol_MAX:1.031160e-05, Ang_mean±std:2.660334e-04±4.462838e-05, Vol_mean±std:6.902218e-06±1.975568e-06, P_MAX:1.206e-04, Q_MAX:7.249e-05, P_mean±std:9.444153e-05±1.067906e-05, Q_mean±std:6.408887e-05±4.937676e-06, P_RMSE:3.488e-05, Q_RMSE:2.580e-05, Success rate (<0.1):1.000000, Success rate (<0.01):1.000000, Success rate (<0.001):1.000000
X=[0.6,0.8], PQ=[-1.0,-0.8]: count:10, ill:0, avg_iter:15.40, Ang_MAX:3.937483e-04, Vol_MAX:9.119511e-06, Ang_mean±std:2.855465e-04±4.626387e-05, Vol_mean±std:5.406141e-06±1.538689e-06, P_MAX:1.261e-04, Q_MAX:1.068e-04, P_mean±std:9.621556e-05±1.113857e-05, Q_mean±std:6.732345e-05±1.512703e-05, P_RMSE:3.590e-05, Q_RMSE:2.556e-05, Success rate (<0.1):1.000000, Success rate (<0.01):1.000000, Success rate (<0.001):1.000000
X=[0.6,0.8], PQ=[-0.8,-0.6]: count:10, ill:0, avg_iter:15.70, Ang_MAX:3.555417e-04, Vol_MAX:8.940697e-06, Ang_mean±std:2.754644e-04±4.157376e-05, Vol_mean±std:7.146597e-06±1.553030e-06, P_MAX:1.185e-04, Q_MAX:6.116e-05, P_mean±std:9.569868e-05±9.800034e-06, Q_mean±std:5.659331e-05±3.173010e-06, P_RMSE:3.378e-05, Q_RMSE:2.387e-05, Success rate (<0.1):1.000000, Success rate (<0.01):1.000000, Success rate (<0.001):1.000000
X=[0.6,0.8], PQ=[-0.6,-0.4]: count:10, ill:0, avg_iter:14.30, Ang_MAX:3.044158e-04, Vol_MAX:8.881092e-06, Ang_mean±std:2.557188e-04±5.330788e-05, Vol_mean±std:5.441904e-06±1.562517e-06, P_MAX:1.023e-04, Q_MAX:6.320e-05, P_mean±std:9.266541e-05±5.656679e-06, Q_mean±std:5.666353e-05±3.464494e-06, P_RMSE:3.510e-05, Q_RMSE:2.393e-05, Success rate (<0.1):1.000000, Success rate (<0.01):1.000000, Success rate (<0.001):1.000000
X=[0.6,0.8], PQ=[-0.4,-0.2]: count:10, ill:0, avg_iter:16.20, Ang_MAX:4.721433e-04, Vol_MAX:1.001358e-05, Ang_mean±std:3.256232e-04±9.065989e-05, Vol_mean±std:6.455183e-06±1.761930e-06, P_MAX:1.481e-04, Q_MAX:6.804e-05, P_mean±std:1.093775e-04±2.434431e-05, Q_mean±std:5.883798e-05±4.406000e-06, P_RMSE:4.086e-05, Q_RMSE:2.395e-05, Success rate (<0.1):1.000000, Success rate (<0.01):1.000000, Success rate (<0.001):1.000000
X=[0.6,0.8], PQ=[-0.2,0.0]: count:10, ill:0, avg_iter:15.00, Ang_MAX:3.801733e-04, Vol_MAX:8.404255e-06, Ang_mean±std:2.573684e-04±7.268702e-05, Vol_mean±std:6.324053e-06±1.748449e-06, P_MAX:1.189e-04, Q_MAX:5.870e-05, P_mean±std:9.368388e-05±1.471870e-05, Q_mean±std:5.462803e-05±3.377413e-06, P_RMSE:3.419e-05, Q_RMSE:2.222e-05, Success rate (<0.1):1.000000, Success rate (<0.01):1.000000, Success rate (<0.001):1.000000
X=[0.6,0.8], PQ=[0.0,0.2]: count:10, ill:0, avg_iter:12.20, Ang_MAX:2.999604e-04, Vol_MAX:8.106232e-06, Ang_mean±std:2.448946e-04±4.832868e-05, Vol_mean±std:5.161762e-06±1.214297e-06, P_MAX:9.942e-05, Q_MAX:7.081e-05, P_mean±std:8.917332e-05±7.088762e-06, Q_mean±std:5.537346e-05±6.220116e-06, P_RMSE:3.484e-05, Q_RMSE:2.304e-05, Success rate (<0.1):1.000000, Success rate (<0.01):1.000000, Success rate (<0.001):1.000000
X=[0.6,0.8], PQ=[0.2,0.4]: count:10, ill:0, avg_iter:15.00, Ang_MAX:3.868639e-04, Vol_MAX:8.583069e-06, Ang_mean±std:2.869874e-04±4.995418e-05, Vol_mean±std:6.365776e-06±1.727877e-06, P_MAX:1.266e-04, Q_MAX:5.884e-05, P_mean±std:9.907910e-05±1.394432e-05, Q_mean±std:5.338369e-05±3.839305e-06, P_RMSE:3.690e-05, Q_RMSE:2.211e-05, Success rate (<0.1):1.000000, Success rate (<0.01):1.000000, Success rate (<0.001):1.000000
X=[0.6,0.8], PQ=[0.4,0.6]: count:10, ill:0, avg_iter:12.50, Ang_MAX:3.317893e-04, Vol_MAX:9.059906e-06, Ang_mean±std:2.702639e-04±3.204534e-05, Vol_mean±std:5.650520e-06±1.678440e-06, P_MAX:1.125e-04, Q_MAX:7.631e-05, P_mean±std:9.521132e-05±7.367624e-06, Q_mean±std:5.762717e-05±7.346987e-06, P_RMSE:3.657e-05, Q_RMSE:2.346e-05, Success rate (<0.1):1.000000, Success rate (<0.01):1.000000, Success rate (<0.001):1.000000
X=[0.6,0.8], PQ=[0.6,0.8]: count:10, ill:0, avg_iter:12.30, Ang_MAX:4.497916e-04, Vol_MAX:9.238720e-06, Ang_mean±std:2.897501e-04±5.734719e-05, Vol_mean±std:6.335974e-06±1.576101e-06, P_MAX:1.396e-04, Q_MAX:8.249e-05, P_mean±std:1.000152e-04±1.368340e-05, Q_mean±std:6.423481e-05±9.351420e-06, P_RMSE:3.979e-05, Q_RMSE:2.494e-05, Success rate (<0.1):1.000000, Success rate (<0.01):1.000000, Success rate (<0.001):1.000000
X=[0.6,0.8], PQ=[0.8,1.0]: count:10, ill:0, avg_iter:14.60, Ang_MAX:3.530681e-04, Vol_MAX:9.953976e-06, Ang_mean±std:2.669618e-04±5.261653e-05, Vol_mean±std:7.575750e-06±1.495459e-06, P_MAX:1.264e-04, Q_MAX:7.540e-05, P_mean±std:9.757373e-05±1.079139e-05, Q_mean±std:5.951738e-05±6.217369e-06, P_RMSE:3.469e-05, Q_RMSE:2.432e-05, Success rate (<0.1):1.000000, Success rate (<0.01):1.000000, Success rate (<0.001):1.000000
X=[0.6,0.8], PQ=[1.0,1.2]: count:10, ill:0, avg_iter:13.80, Ang_MAX:3.409237e-04, Vol_MAX:9.477139e-06, Ang_mean±std:2.589524e-04±5.143259e-05, Vol_mean±std:6.604195e-06±1.837873e-06, P_MAX:1.175e-04, Q_MAX:8.750e-05, P_mean±std:9.225863e-05±1.115141e-05, Q_mean±std:6.787870e-05±9.046324e-06, P_RMSE:3.557e-05, Q_RMSE:2.627e-05, Success rate (<0.1):1.000000, Success rate (<0.01):1.000000, Success rate (<0.001):1.000000
X=[0.6,0.8], PQ=[1.2,1.4]: count:10, ill:0, avg_iter:14.10, Ang_MAX:3.267378e-04, Vol_MAX:8.106232e-06, Ang_mean±std:2.597392e-04±4.497138e-05, Vol_mean±std:5.674362e-06±1.192629e-06, P_MAX:9.949e-05, Q_MAX:8.011e-05, P_mean±std:9.259754e-05±5.708244e-06, Q_mean±std:6.523374e-05±1.053671e-05, P_RMSE:3.348e-05, Q_RMSE:2.626e-05, Success rate (<0.1):1.000000, Success rate (<0.01):1.000000, Success rate (<0.001):1.000000
X=[0.6,0.8], PQ=[1.4,1.6]: count:10, ill:0, avg_iter:14.80, Ang_MAX:3.595352e-04, Vol_MAX:9.477139e-06, Ang_mean±std:2.602391e-04±6.312716e-05, Vol_mean±std:6.693602e-06±1.824924e-06, P_MAX:1.155e-04, Q_MAX:8.964e-05, P_mean±std:9.488186e-05±1.078541e-05, Q_mean±std:7.021464e-05±1.010373e-05, P_RMSE:3.450e-05, Q_RMSE:2.644e-05, Success rate (<0.1):1.000000, Success rate (<0.01):1.000000, Success rate (<0.001):1.000000
X=[0.6,0.8], PQ=[1.6,1.8]: count:10, ill:0, avg_iter:16.80, Ang_MAX:3.334675e-04, Vol_MAX:1.108646e-05, Ang_mean±std:2.733247e-04±3.713862e-05, Vol_mean±std:7.957220e-06±2.018346e-06, P_MAX:1.365e-04, Q_MAX:9.965e-05, P_mean±std:1.022356e-04±1.211597e-05, Q_mean±std:7.527592e-05±1.314674e-05, P_RMSE:3.575e-05, Q_RMSE:3.037e-05, Success rate (<0.1):1.000000, Success rate (<0.01):1.000000, Success rate (<0.001):1.000000
X=[0.6,0.8], PQ=[1.8,2.0]: count:10, ill:0, avg_iter:15.50, Ang_MAX:5.047172e-04, Vol_MAX:1.078844e-05, Ang_mean±std:2.368756e-04±9.513233e-05, Vol_mean±std:7.325411e-06±1.660917e-06, P_MAX:1.659e-04, Q_MAX:1.460e-04, P_mean±std:1.017862e-04±2.363075e-05, Q_mean±std:8.757217e-05±2.549157e-05, P_RMSE:3.532e-05, Q_RMSE:3.175e-05, Success rate (<0.1):1.000000, Success rate (<0.01):1.000000, Success rate (<0.001):1.000000
X=[0.8,1.0], PQ=[-2.0,-1.8]: count:10, ill:0, avg_iter:15.30, Ang_MAX:4.836768e-04, Vol_MAX:1.037121e-05, Ang_mean±std:2.904452e-04±9.456466e-05, Vol_mean±std:7.236004e-06±1.623217e-06, P_MAX:1.441e-04, Q_MAX:9.370e-05, P_mean±std:1.028835e-04±2.095429e-05, Q_mean±std:7.499596e-05±1.013854e-05, P_RMSE:3.951e-05, Q_RMSE:2.955e-05, Success rate (<0.1):1.000000, Success rate (<0.01):1.000000, Success rate (<0.001):1.000000
X=[0.8,1.0], PQ=[-1.8,-1.6]: count:10, ill:0, avg_iter:15.10, Ang_MAX:4.002228e-04, Vol_MAX:1.031160e-05, Ang_mean±std:2.712660e-04±6.027165e-05, Vol_mean±std:6.139278e-06±1.997245e-06, P_MAX:1.254e-04, Q_MAX:1.036e-04, P_mean±std:9.926925e-05±1.561514e-05, Q_mean±std:8.341223e-05±1.393555e-05, P_RMSE:3.789e-05, Q_RMSE:3.011e-05, Success rate (<0.1):1.000000, Success rate (<0.01):1.000000, Success rate (<0.001):1.000000
X=[0.8,1.0], PQ=[-1.6,-1.4]: count:10, ill:0, avg_iter:14.60, Ang_MAX:3.442764e-04, Vol_MAX:9.477139e-06, Ang_mean±std:2.678201e-04±4.206327e-05, Vol_mean±std:6.830692e-06±1.485149e-06, P_MAX:1.252e-04, Q_MAX:9.888e-05, P_mean±std:9.473073e-05±1.149349e-05, Q_mean±std:8.448130e-05±8.002362e-06, P_RMSE:3.773e-05, Q_RMSE:2.973e-05, Success rate (<0.1):1.000000, Success rate (<0.01):1.000000, Success rate (<0.001):1.000000
X=[0.8,1.0], PQ=[-1.4,-1.2]: count:10, ill:0, avg_iter:14.50, Ang_MAX:6.485656e-04, Vol_MAX:1.811981e-05, Ang_mean±std:2.985314e-04±1.212936e-04, Vol_mean±std:7.104874e-06±3.876392e-06, P_MAX:1.976e-04, Q_MAX:1.001e-04, P_mean±std:1.046396e-04±3.124116e-05, Q_mean±std:6.629080e-05±1.349986e-05, P_RMSE:4.029e-05, Q_RMSE:2.658e-05, Success rate (<0.1):1.000000, Success rate (<0.01):1.000000, Success rate (<0.001):1.000000
X=[0.8,1.0], PQ=[-1.2,-1.0]: count:10, ill:0, avg_iter:16.90, Ang_MAX:4.091263e-04, Vol_MAX:1.060963e-05, Ang_mean±std:3.052220e-04±6.277351e-05, Vol_mean±std:6.496906e-06±1.843316e-06, P_MAX:1.359e-04, Q_MAX:8.579e-05, P_mean±std:1.078448e-04±1.617336e-05, Q_mean±std:6.551500e-05±8.938943e-06, P_RMSE:4.009e-05, Q_RMSE:2.666e-05, Success rate (<0.1):1.000000, Success rate (<0.01):1.000000, Success rate (<0.001):1.000000
X=[0.8,1.0], PQ=[-1.0,-0.8]: count:10, ill:0, avg_iter:15.40, Ang_MAX:4.800707e-04, Vol_MAX:1.138449e-05, Ang_mean±std:3.024325e-04±9.574034e-05, Vol_mean±std:6.955862e-06±2.473564e-06, P_MAX:1.521e-04, Q_MAX:7.242e-05, P_mean±std:1.052673e-04±2.383537e-05, Q_mean±std:6.126771e-05±8.738143e-06, P_RMSE:3.939e-05, Q_RMSE:2.515e-05, Success rate (<0.1):1.000000, Success rate (<0.01):1.000000, Success rate (<0.001):1.000000
X=[0.8,1.0], PQ=[-0.8,-0.6]: count:10, ill:0, avg_iter:14.90, Ang_MAX:4.326552e-04, Vol_MAX:9.655952e-06, Ang_mean±std:2.862647e-04±5.447453e-05, Vol_mean±std:5.882978e-06±1.846215e-06, P_MAX:1.385e-04, Q_MAX:6.469e-05, P_mean±std:9.794983e-05±1.408409e-05, Q_mean±std:5.800501e-05±3.593296e-06, P_RMSE:3.733e-05, Q_RMSE:2.424e-05, Success rate (<0.1):1.000000, Success rate (<0.01):1.000000, Success rate (<0.001):1.000000
X=[0.8,1.0], PQ=[-0.6,-0.4]: count:10, ill:0, avg_iter:14.20, Ang_MAX:3.294200e-04, Vol_MAX:9.000301e-06, Ang_mean±std:2.569035e-04±4.845513e-05, Vol_mean±std:5.769730e-06±1.576946e-06, P_MAX:1.109e-04, Q_MAX:7.236e-05, P_mean±std:9.085187e-05±1.053752e-05, Q_mean±std:5.847635e-05±5.876618e-06, P_RMSE:3.481e-05, Q_RMSE:2.375e-05, Success rate (<0.1):1.000000, Success rate (<0.01):1.000000, Success rate (<0.001):1.000000
X=[0.8,1.0], PQ=[-0.4,-0.2]: count:10, ill:0, avg_iter:13.80, Ang_MAX:3.420711e-04, Vol_MAX:8.881092e-06, Ang_mean±std:2.663255e-04±3.353854e-05, Vol_mean±std:6.157160e-06±1.841591e-06, P_MAX:1.135e-04, Q_MAX:9.157e-05, P_mean±std:9.345789e-05±8.921529e-06, Q_mean±std:6.020227e-05±1.078284e-05, P_RMSE:3.424e-05, Q_RMSE:2.328e-05, Success rate (<0.1):1.000000, Success rate (<0.01):1.000000, Success rate (<0.001):1.000000
X=[0.8,1.0], PQ=[-0.2,0.0]: count:10, ill:0, avg_iter:13.20, Ang_MAX:2.829581e-04, Vol_MAX:7.092953e-06, Ang_mean±std:2.505273e-04±3.086862e-05, Vol_mean±std:4.816055e-06±8.283974e-07, P_MAX:9.584e-05, Q_MAX:9.155e-05, P_mean±std:8.819848e-05±4.631335e-06, Q_mean±std:5.837372e-05±1.173967e-05, P_RMSE:3.444e-05, Q_RMSE:2.313e-05, Success rate (<0.1):1.000000, Success rate (<0.01):1.000000, Success rate (<0.001):1.000000
X=[0.8,1.0], PQ=[0.0,0.2]: count:10, ill:0, avg_iter:13.60, Ang_MAX:4.948378e-04, Vol_MAX:8.344650e-06, Ang_mean±std:2.983615e-04±8.908692e-05, Vol_mean±std:6.753206e-06±1.456367e-06, P_MAX:1.545e-04, Q_MAX:6.936e-05, P_mean±std:1.017854e-04±2.365501e-05, Q_mean±std:5.884916e-05±5.858568e-06, P_RMSE:3.932e-05, Q_RMSE:2.348e-05, Success rate (<0.1):1.000000, Success rate (<0.01):1.000000, Success rate (<0.001):1.000000
X=[0.8,1.0], PQ=[0.2,0.4]: count:10, ill:0, avg_iter:13.50, Ang_MAX:4.320592e-04, Vol_MAX:8.761883e-06, Ang_mean±std:2.673045e-04±7.764704e-05, Vol_mean±std:5.888939e-06±1.525646e-06, P_MAX:1.375e-04, Q_MAX:7.631e-05, P_mean±std:9.657419e-05±1.829758e-05, Q_mean±std:5.795108e-05±8.204927e-06, P_RMSE:3.650e-05, Q_RMSE:2.323e-05, Success rate (<0.1):1.000000, Success rate (<0.01):1.000000, Success rate (<0.001):1.000000
X=[0.8,1.0], PQ=[0.4,0.6]: count:10, ill:0, avg_iter:14.40, Ang_MAX:6.247163e-04, Vol_MAX:1.174212e-05, Ang_mean±std:3.147066e-04±1.334538e-04, Vol_mean±std:6.908178e-06±2.340642e-06, P_MAX:1.924e-04, Q_MAX:7.820e-05, P_mean±std:1.062567e-04±3.677173e-05, Q_mean±std:6.169872e-05±6.927330e-06, P_RMSE:4.024e-05, Q_RMSE:2.349e-05, Success rate (<0.1):1.000000, Success rate (<0.01):1.000000, Success rate (<0.001):1.000000
X=[0.8,1.0], PQ=[0.6,0.8]: count:10, ill:0, avg_iter:12.80, Ang_MAX:2.968013e-04, Vol_MAX:7.331371e-06, Ang_mean±std:2.594158e-04±2.833551e-05, Vol_mean±std:5.602837e-06±1.084411e-06, P_MAX:9.869e-05, Q_MAX:9.154e-05, P_mean±std:9.230475e-05±5.758344e-06, Q_mean±std:6.383164e-05±1.238377e-05, P_RMSE:3.710e-05, Q_RMSE:2.462e-05, Success rate (<0.1):1.000000, Success rate (<0.01):1.000000, Success rate (<0.001):1.000000
X=[0.8,1.0], PQ=[0.8,1.0]: count:10, ill:0, avg_iter:16.00, Ang_MAX:5.562603e-04, Vol_MAX:1.114607e-05, Ang_mean±std:2.987117e-04±8.913732e-05, Vol_mean±std:6.175041e-06±2.013579e-06, P_MAX:1.740e-04, Q_MAX:6.786e-05, P_mean±std:1.016911e-04±2.452572e-05, Q_mean±std:6.004320e-05±4.510110e-06, P_RMSE:3.733e-05, Q_RMSE:2.502e-05, Success rate (<0.1):1.000000, Success rate (<0.01):1.000000, Success rate (<0.001):1.000000
X=[0.8,1.0], PQ=[1.0,1.2]: count:10, ill:0, avg_iter:14.50, Ang_MAX:3.762245e-04, Vol_MAX:7.927418e-06, Ang_mean±std:2.748415e-04±4.592141e-05, Vol_mean±std:5.954504e-06±1.185353e-06, P_MAX:1.369e-04, Q_MAX:8.378e-05, P_mean±std:9.886047e-05±1.339781e-05, Q_mean±std:6.041881e-05±8.721861e-06, P_RMSE:3.692e-05, Q_RMSE:2.609e-05, Success rate (<0.1):1.000000, Success rate (<0.01):1.000000, Success rate (<0.001):1.000000
X=[0.8,1.0], PQ=[1.2,1.4]: count:10, ill:0, avg_iter:14.30, Ang_MAX:2.839416e-04, Vol_MAX:8.046627e-06, Ang_mean±std:2.467826e-04±2.501987e-05, Vol_mean±std:5.245209e-06±1.048093e-06, P_MAX:9.966e-05, Q_MAX:8.062e-05, P_mean±std:9.242529e-05±5.475487e-06, Q_mean±std:7.014321e-05±7.246760e-06, P_RMSE:3.341e-05, Q_RMSE:2.683e-05, Success rate (<0.1):1.000000, Success rate (<0.01):1.000000, Success rate (<0.001):1.000000
X=[0.8,1.0], PQ=[1.4,1.6]: count:10, ill:0, avg_iter:15.60, Ang_MAX:4.017502e-04, Vol_MAX:9.179115e-06, Ang_mean±std:2.929747e-04±7.318875e-05, Vol_mean±std:7.003546e-06±1.500392e-06, P_MAX:1.444e-04, Q_MAX:8.741e-05, P_mean±std:1.035850e-04±2.131402e-05, Q_mean±std:7.133679e-05±1.004354e-05, P_RMSE:3.801e-05, Q_RMSE:2.667e-05, Success rate (<0.1):1.000000, Success rate (<0.01):1.000000, Success rate (<0.001):1.000000
X=[0.8,1.0], PQ=[1.6,1.8]: count:10, ill:0, avg_iter:14.60, Ang_MAX:3.086478e-04, Vol_MAX:1.096725e-05, Ang_mean±std:2.099738e-04±9.190243e-05, Vol_mean±std:7.522106e-06±1.573337e-06, P_MAX:1.005e-04, Q_MAX:1.016e-04, P_mean±std:8.895185e-05±1.432857e-05, Q_mean±std:8.378467e-05±1.135394e-05, P_RMSE:3.150e-05, Q_RMSE:3.057e-05, Success rate (<0.1):1.000000, Success rate (<0.01):1.000000, Success rate (<0.001):1.000000
X=[0.8,1.0], PQ=[1.8,2.0]: count:10, ill:0, avg_iter:14.20, Ang_MAX:4.147291e-04, Vol_MAX:1.072884e-05, Ang_mean±std:2.276182e-04±8.612917e-05, Vol_mean±std:7.349253e-06±1.352132e-06, P_MAX:1.347e-04, Q_MAX:9.157e-05, P_mean±std:9.941913e-05±1.309002e-05, Q_mean±std:7.872386e-05±1.100259e-05, P_RMSE:3.576e-05, Q_RMSE:3.032e-05, Success rate (<0.1):1.000000, Success rate (<0.01):1.000000, Success rate (<0.001):1.000000
X=[1.0,1.2], PQ=[-2.0,-1.8]: count:10, ill:0, avg_iter:16.00, Ang_MAX:4.884899e-04, Vol_MAX:9.953976e-06, Ang_mean±std:2.805680e-04±1.044619e-04, Vol_mean±std:6.490946e-06±2.070856e-06, P_MAX:1.531e-04, Q_MAX:1.121e-04, P_mean±std:1.048459e-04±2.581158e-05, Q_mean±std:8.103326e-05±1.367114e-05, P_RMSE:3.798e-05, Q_RMSE:2.974e-05, Success rate (<0.1):1.000000, Success rate (<0.01):1.000000, Success rate (<0.001):1.000000
X=[1.0,1.2], PQ=[-1.8,-1.6]: count:10, ill:0, avg_iter:16.50, Ang_MAX:4.692525e-04, Vol_MAX:1.102686e-05, Ang_mean±std:3.013067e-04±7.285730e-05, Vol_mean±std:7.194281e-06±2.214704e-06, P_MAX:1.535e-04, Q_MAX:9.561e-05, P_mean±std:1.026651e-04±1.911762e-05, Q_mean±std:7.341197e-05±1.055260e-05, P_RMSE:3.951e-05, Q_RMSE:2.830e-05, Success rate (<0.1):1.000000, Success rate (<0.01):1.000000, Success rate (<0.001):1.000000
X=[1.0,1.2], PQ=[-1.6,-1.4]: count:10, ill:0, avg_iter:15.00, Ang_MAX:3.449544e-04, Vol_MAX:9.000301e-06, Ang_mean±std:2.469994e-04±5.218088e-05, Vol_mean±std:6.502867e-06±1.455489e-06, P_MAX:9.920e-05, Q_MAX:9.733e-05, P_mean±std:9.327950e-05±3.838614e-06, Q_mean±std:7.194728e-05±1.326181e-05, P_RMSE:3.670e-05, Q_RMSE:2.843e-05, Success rate (<0.1):1.000000, Success rate (<0.01):1.000000, Success rate (<0.001):1.000000
X=[1.0,1.2], PQ=[-1.4,-1.2]: count:10, ill:0, avg_iter:14.60, Ang_MAX:6.047338e-04, Vol_MAX:9.298325e-06, Ang_mean±std:3.292665e-04±1.511173e-04, Vol_mean±std:7.152557e-06±1.502699e-06, P_MAX:1.888e-04, Q_MAX:9.158e-05, P_mean±std:1.133253e-04±3.583970e-05, Q_mean±std:6.856220e-05±1.071194e-05, P_RMSE:4.417e-05, Q_RMSE:2.812e-05, Success rate (<0.1):1.000000, Success rate (<0.01):1.000000, Success rate (<0.001):1.000000
X=[1.0,1.2], PQ=[-1.2,-1.0]: count:10, ill:0, avg_iter:16.00, Ang_MAX:8.002967e-04, Vol_MAX:1.317263e-05, Ang_mean±std:3.458604e-04±2.026911e-04, Vol_mean±std:8.016825e-06±2.437130e-06, P_MAX:2.308e-04, Q_MAX:9.298e-05, P_mean±std:1.204893e-04±4.978808e-05, Q_mean±std:6.834054e-05±1.208120e-05, P_RMSE:4.409e-05, Q_RMSE:2.618e-05, Success rate (<0.1):1.000000, Success rate (<0.01):1.000000, Success rate (<0.001):1.000000
X=[1.0,1.2], PQ=[-1.0,-0.8]: count:10, ill:0, avg_iter:17.70, Ang_MAX:7.798374e-04, Vol_MAX:1.430511e-05, Ang_mean±std:3.587142e-04±1.570608e-04, Vol_mean±std:6.848574e-06±3.109906e-06, P_MAX:2.367e-04, Q_MAX:7.594e-05, P_mean±std:1.173714e-04±4.466891e-05, Q_mean±std:6.512897e-05±5.028966e-06, P_RMSE:4.374e-05, Q_RMSE:2.551e-05, Success rate (<0.1):1.000000, Success rate (<0.01):1.000000, Success rate (<0.001):1.000000
X=[1.0,1.2], PQ=[-0.8,-0.6]: count:10, ill:0, avg_iter:16.30, Ang_MAX:5.775094e-04, Vol_MAX:9.655952e-06, Ang_mean±std:3.323287e-04±1.184751e-04, Vol_mean±std:6.037951e-06±1.877508e-06, P_MAX:1.814e-04, Q_MAX:9.153e-05, P_mean±std:1.111539e-04±3.251790e-05, Q_mean±std:6.380621e-05±1.002240e-05, P_RMSE:4.096e-05, Q_RMSE:2.524e-05, Success rate (<0.1):1.000000, Success rate (<0.01):1.000000, Success rate (<0.001):1.000000
X=[1.0,1.2], PQ=[-0.6,-0.4]: count:10, ill:0, avg_iter:17.10, Ang_MAX:7.282645e-04, Vol_MAX:1.281500e-05, Ang_mean±std:3.765509e-04±1.472656e-04, Vol_mean±std:7.784367e-06±2.741192e-06, P_MAX:2.207e-04, Q_MAX:6.428e-05, P_mean±std:1.224916e-04±4.068355e-05, Q_mean±std:5.860366e-05±4.444905e-06, P_RMSE:4.505e-05, Q_RMSE:2.368e-05, Success rate (<0.1):1.000000, Success rate (<0.01):1.000000, Success rate (<0.001):1.000000
X=[1.0,1.2], PQ=[-0.4,-0.2]: count:10, ill:0, avg_iter:18.30, Ang_MAX:7.381886e-04, Vol_MAX:1.347065e-05, Ang_mean±std:3.693148e-04±1.565957e-04, Vol_mean±std:6.687641e-06±2.813541e-06, P_MAX:2.229e-04, Q_MAX:7.534e-05, P_mean±std:1.202875e-04±4.452235e-05, Q_mean±std:5.944585e-05±7.126636e-06, P_RMSE:4.415e-05, Q_RMSE:2.398e-05, Success rate (<0.1):1.000000, Success rate (<0.01):1.000000, Success rate (<0.001):1.000000
X=[1.0,1.2], PQ=[-0.2,0.0]: count:10, ill:0, avg_iter:15.40, Ang_MAX:3.804415e-04, Vol_MAX:8.881092e-06, Ang_mean±std:2.766371e-04±3.954670e-05, Vol_mean±std:5.656481e-06±1.764026e-06, P_MAX:1.240e-04, Q_MAX:7.002e-05, P_mean±std:9.457432e-05±1.087762e-05, Q_mean±std:5.821418e-05±5.524901e-06, P_RMSE:3.583e-05, Q_RMSE:2.311e-05, Success rate (<0.1):1.000000, Success rate (<0.01):1.000000, Success rate (<0.001):1.000000
X=[1.0,1.2], PQ=[0.0,0.2]: count:10, ill:0, avg_iter:16.40, Ang_MAX:3.296882e-04, Vol_MAX:5.900860e-06, Ang_mean±std:2.603680e-04±4.848259e-05, Vol_mean±std:4.667044e-06±4.958662e-07, P_MAX:1.097e-04, Q_MAX:7.631e-05, P_mean±std:9.099247e-05±1.029116e-05, Q_mean±std:5.996227e-05±6.666510e-06, P_RMSE:3.467e-05, Q_RMSE:2.405e-05, Success rate (<0.1):1.000000, Success rate (<0.01):1.000000, Success rate (<0.001):1.000000
X=[1.0,1.2], PQ=[0.2,0.4]: count:10, ill:0, avg_iter:16.00, Ang_MAX:4.215986e-04, Vol_MAX:9.596348e-06, Ang_mean±std:2.811819e-04±5.112206e-05, Vol_mean±std:5.161762e-06±1.533636e-06, P_MAX:1.366e-04, Q_MAX:9.156e-05, P_mean±std:9.652651e-05±1.451645e-05, Q_mean±std:6.692857e-05±1.104845e-05, P_RMSE:3.660e-05, Q_RMSE:2.470e-05, Success rate (<0.1):1.000000, Success rate (<0.01):1.000000, Success rate (<0.001):1.000000
X=[1.0,1.2], PQ=[0.4,0.6]: count:10, ill:0, avg_iter:17.20, Ang_MAX:5.615205e-04, Vol_MAX:1.215935e-05, Ang_mean±std:3.278732e-04±9.147879e-05, Vol_mean±std:7.742643e-06±2.137714e-06, P_MAX:1.732e-04, Q_MAX:6.312e-05, P_mean±std:1.087759e-04±2.520219e-05, Q_mean±std:5.628821e-05±4.785834e-06, P_RMSE:3.913e-05, Q_RMSE:2.274e-05, Success rate (<0.1):1.000000, Success rate (<0.01):1.000000, Success rate (<0.001):1.000000
X=[1.0,1.2], PQ=[0.6,0.8]: count:10, ill:0, avg_iter:16.70, Ang_MAX:5.501211e-04, Vol_MAX:8.046627e-06, Ang_mean±std:3.125623e-04±1.066965e-04, Vol_mean±std:5.710125e-06±1.281929e-06, P_MAX:1.774e-04, Q_MAX:7.630e-05, P_mean±std:1.047813e-04±2.978454e-05, Q_mean±std:6.075557e-05±7.381547e-06, P_RMSE:3.921e-05, Q_RMSE:2.523e-05, Success rate (<0.1):1.000000, Success rate (<0.01):1.000000, Success rate (<0.001):1.000000
X=[1.0,1.2], PQ=[0.8,1.0]: count:10, ill:0, avg_iter:14.80, Ang_MAX:4.333630e-04, Vol_MAX:1.090765e-05, Ang_mean±std:2.884813e-04±6.443703e-05, Vol_mean±std:7.128716e-06±2.385258e-06, P_MAX:1.376e-04, Q_MAX:7.313e-05, P_mean±std:9.879521e-05±1.682238e-05, Q_mean±std:6.168270e-05±6.188807e-06, P_RMSE:3.784e-05, Q_RMSE:2.571e-05, Success rate (<0.1):1.000000, Success rate (<0.01):1.000000, Success rate (<0.001):1.000000
X=[1.0,1.2], PQ=[1.0,1.2]: count:10, ill:0, avg_iter:18.40, Ang_MAX:1.007542e-03, Vol_MAX:1.788139e-05, Ang_mean±std:3.414750e-04±2.232027e-04, Vol_mean±std:7.045269e-06±3.855255e-06, P_MAX:2.928e-04, Q_MAX:9.416e-05, P_mean±std:1.181583e-04±5.867348e-05, Q_mean±std:7.049032e-05±1.369356e-05, P_RMSE:4.281e-05, Q_RMSE:2.770e-05, Success rate (<0.1):1.000000, Success rate (<0.01):1.000000, Success rate (<0.001):1.000000
X=[1.0,1.2], PQ=[1.2,1.4]: count:10, ill:0, avg_iter:14.90, Ang_MAX:6.929338e-04, Vol_MAX:1.007318e-05, Ang_mean±std:3.077839e-04±1.340145e-04, Vol_mean±std:7.128716e-06±1.867481e-06, P_MAX:2.112e-04, Q_MAX:8.175e-05, P_mean±std:1.075707e-04±3.499718e-05, Q_mean±std:6.926320e-05±8.462805e-06, P_RMSE:4.251e-05, Q_RMSE:2.820e-05, Success rate (<0.1):1.000000, Success rate (<0.01):1.000000, Success rate (<0.001):1.000000
X=[1.0,1.2], PQ=[1.4,1.6]: count:10, ill:0, avg_iter:15.50, Ang_MAX:4.664958e-04, Vol_MAX:8.761883e-06, Ang_mean±std:2.635717e-04±7.574781e-05, Vol_mean±std:6.324053e-06±1.322753e-06, P_MAX:1.597e-04, Q_MAX:9.826e-05, P_mean±std:1.017120e-04±1.987630e-05, Q_mean±std:6.920835e-05±1.048419e-05, P_RMSE:3.551e-05, Q_RMSE:2.780e-05, Success rate (<0.1):1.000000, Success rate (<0.01):1.000000, Success rate (<0.001):1.000000
X=[1.0,1.2], PQ=[1.6,1.8]: count:10, ill:0, avg_iter:18.90, Ang_MAX:5.119145e-04, Vol_MAX:1.150370e-05, Ang_mean±std:2.954409e-04±1.040977e-04, Vol_mean±std:7.468462e-06±2.294903e-06, P_MAX:1.462e-04, Q_MAX:9.704e-05, P_mean±std:1.053878e-04±1.828519e-05, Q_mean±std:8.638240e-05±7.193838e-06, P_RMSE:3.951e-05, Q_RMSE:3.103e-05, Success rate (<0.1):1.000000, Success rate (<0.01):1.000000, Success rate (<0.001):1.000000
X=[1.0,1.2], PQ=[1.8,2.0]: count:10, ill:0, avg_iter:16.90, Ang_MAX:6.888211e-04, Vol_MAX:1.269579e-05, Ang_mean±std:2.968282e-04±1.385119e-04, Vol_mean±std:7.432699e-06±2.542549e-06, P_MAX:2.132e-04, Q_MAX:1.030e-04, P_mean±std:1.037665e-04±3.736171e-05, Q_mean±std:7.969728e-05±1.282281e-05, P_RMSE:3.940e-05, Q_RMSE:2.863e-05, Success rate (<0.1):1.000000, Success rate (<0.01):1.000000, Success rate (<0.001):1.000000
X=[1.2,1.4], PQ=[-2.0,-1.8]: count:10, ill:0, avg_iter:16.60, Ang_MAX:5.223155e-04, Vol_MAX:9.596348e-06, Ang_mean±std:2.885610e-04±1.104424e-04, Vol_mean±std:5.990267e-06±1.755101e-06, P_MAX:1.662e-04, Q_MAX:1.030e-04, P_mean±std:1.083001e-04±2.795328e-05, Q_mean±std:8.463748e-05±1.259000e-05, P_RMSE:3.967e-05, Q_RMSE:3.164e-05, Success rate (<0.1):1.000000, Success rate (<0.01):1.000000, Success rate (<0.001):1.000000
X=[1.2,1.4], PQ=[-1.8,-1.6]: count:10, ill:0, avg_iter:17.70, Ang_MAX:4.674047e-04, Vol_MAX:1.126528e-05, Ang_mean±std:3.531545e-04±7.702179e-05, Vol_mean±std:6.395578e-06±1.829202e-06, P_MAX:1.424e-04, Q_MAX:1.030e-04, P_mean±std:1.176333e-04±1.833822e-05, Q_mean±std:8.411575e-05±1.243392e-05, P_RMSE:4.554e-05, Q_RMSE:3.232e-05, Success rate (<0.1):1.000000, Success rate (<0.01):1.000000, Success rate (<0.001):1.000000
X=[1.2,1.4], PQ=[-1.6,-1.4]: count:10, ill:0, avg_iter:16.10, Ang_MAX:1.185894e-03, Vol_MAX:2.360344e-05, Ang_mean±std:3.855072e-04±2.836836e-04, Vol_mean±std:7.575750e-06±5.501121e-06, P_MAX:3.405e-04, Q_MAX:9.707e-05, P_mean±std:1.246822e-04±7.626529e-05, Q_mean±std:8.014608e-05±1.051948e-05, P_RMSE:4.946e-05, Q_RMSE:3.059e-05, Success rate (<0.1):1.000000, Success rate (<0.01):1.000000, Success rate (<0.001):1.000000
X=[1.2,1.4], PQ=[-1.4,-1.2]: count:10, ill:0, avg_iter:18.00, Ang_MAX:6.762743e-04, Vol_MAX:1.060963e-05, Ang_mean±std:3.379986e-04±1.477396e-04, Vol_mean±std:7.420778e-06±2.192973e-06, P_MAX:2.077e-04, Q_MAX:1.221e-04, P_mean±std:1.150772e-04±3.905882e-05, Q_mean±std:7.379623e-05±1.844190e-05, P_RMSE:4.289e-05, Q_RMSE:2.757e-05, Success rate (<0.1):1.000000, Success rate (<0.01):1.000000, Success rate (<0.001):1.000000
X=[1.2,1.4], PQ=[-1.2,-1.0]: count:10, ill:0, avg_iter:16.40, Ang_MAX:5.458593e-04, Vol_MAX:1.227856e-05, Ang_mean±std:3.382593e-04±1.166056e-04, Vol_mean±std:8.410215e-06±2.494645e-06, P_MAX:1.700e-04, Q_MAX:7.862e-05, P_mean±std:1.150818e-04±3.069306e-05, Q_mean±std:6.541274e-05±7.219336e-06, P_RMSE:4.208e-05, Q_RMSE:2.576e-05, Success rate (<0.1):1.000000, Success rate (<0.01):1.000000, Success rate (<0.001):1.000000
X=[1.2,1.4], PQ=[-1.0,-0.8]: count:10, ill:0, avg_iter:18.00, Ang_MAX:1.275688e-03, Vol_MAX:2.777576e-05, Ang_mean±std:4.888281e-04±2.880672e-04, Vol_mean±std:9.274483e-06±6.557443e-06, P_MAX:3.555e-04, Q_MAX:9.561e-05, P_mean±std:1.541407e-04±7.527125e-05, Q_mean±std:6.523803e-05±1.061097e-05, P_RMSE:5.834e-05, Q_RMSE:2.542e-05, Success rate (<0.1):1.000000, Success rate (<0.01):1.000000, Success rate (<0.001):1.000000
X=[1.2,1.4], PQ=[-0.8,-0.6]: count:10, ill:0, avg_iter:17.40, Ang_MAX:6.132424e-04, Vol_MAX:1.209974e-05, Ang_mean±std:3.051400e-04±1.125497e-04, Vol_mean±std:6.914139e-06±2.518252e-06, P_MAX:1.876e-04, Q_MAX:9.160e-05, P_mean±std:1.034987e-04±3.091638e-05, Q_mean±std:6.821565e-05±1.392892e-05, P_RMSE:3.818e-05, Q_RMSE:2.447e-05, Success rate (<0.1):1.000000, Success rate (<0.01):1.000000, Success rate (<0.001):1.000000
X=[1.2,1.4], PQ=[-0.6,-0.4]: count:10, ill:0, avg_iter:17.00, Ang_MAX:7.181317e-04, Vol_MAX:1.418591e-05, Ang_mean±std:3.803954e-04±1.639790e-04, Vol_mean±std:7.641315e-06±3.427428e-06, P_MAX:2.203e-04, Q_MAX:6.816e-05, P_mean±std:1.245453e-04±4.494403e-05, Q_mean±std:5.908851e-05±5.060326e-06, P_RMSE:4.724e-05, Q_RMSE:2.429e-05, Success rate (<0.1):1.000000, Success rate (<0.01):1.000000, Success rate (<0.001):1.000000
X=[1.2,1.4], PQ=[-0.4,-0.2]: count:10, ill:0, avg_iter:15.90, Ang_MAX:7.795691e-04, Vol_MAX:1.513958e-05, Ang_mean±std:3.628731e-04±1.785368e-04, Vol_mean±std:7.450581e-06±3.753673e-06, P_MAX:2.352e-04, Q_MAX:7.629e-05, P_mean±std:1.197828e-04±4.874555e-05, Q_mean±std:6.291158e-05±6.161020e-06, P_RMSE:4.582e-05, Q_RMSE:2.421e-05, Success rate (<0.1):1.000000, Success rate (<0.01):1.000000, Success rate (<0.001):1.000000
X=[1.2,1.4], PQ=[-0.2,0.0]: count:10, ill:0, avg_iter:13.80, Ang_MAX:2.852827e-04, Vol_MAX:7.033348e-06, Ang_mean±std:2.383113e-04±3.986781e-05, Vol_mean±std:5.072355e-06±9.216389e-07, P_MAX:9.823e-05, Q_MAX:7.677e-05, P_mean±std:8.717924e-05±7.880160e-06, Q_mean±std:5.887384e-05±8.231592e-06, P_RMSE:3.364e-05, Q_RMSE:2.337e-05, Success rate (<0.1):1.000000, Success rate (<0.01):1.000000, Success rate (<0.001):1.000000
X=[1.2,1.4], PQ=[0.0,0.2]: count:10, ill:0, avg_iter:17.80, Ang_MAX:7.887483e-04, Vol_MAX:1.186132e-05, Ang_mean±std:3.674954e-04±1.680386e-04, Vol_mean±std:6.353855e-06±2.766092e-06, P_MAX:2.265e-04, Q_MAX:9.155e-05, P_mean±std:1.183635e-04±4.402881e-05, Q_mean±std:6.445423e-05±1.170927e-05, P_RMSE:4.465e-05, Q_RMSE:2.517e-05, Success rate (<0.1):1.000000, Success rate (<0.01):1.000000, Success rate (<0.001):1.000000
X=[1.2,1.4], PQ=[0.2,0.4]: count:10, ill:0, avg_iter:18.90, Ang_MAX:7.892847e-04, Vol_MAX:1.490116e-05, Ang_mean±std:4.225761e-04±1.900201e-04, Vol_mean±std:7.730722e-06±3.261638e-06, P_MAX:2.363e-04, Q_MAX:6.988e-05, P_mean±std:1.349497e-04±5.213554e-05, Q_mean±std:5.867062e-05±5.886396e-06, P_RMSE:5.039e-05, Q_RMSE:2.429e-05, Success rate (<0.1):1.000000, Success rate (<0.01):1.000000, Success rate (<0.001):1.000000
X=[1.2,1.4], PQ=[0.4,0.6]: count:10, ill:0, avg_iter:16.00, Ang_MAX:8.928478e-04, Vol_MAX:1.293421e-05, Ang_mean±std:4.146993e-04±1.988557e-04, Vol_mean±std:7.611513e-06±2.267649e-06, P_MAX:2.618e-04, Q_MAX:7.749e-05, P_mean±std:1.336444e-04±5.177465e-05, Q_mean±std:6.114040e-05±7.300239e-06, P_RMSE:5.208e-05, Q_RMSE:2.552e-05, Success rate (<0.1):1.000000, Success rate (<0.01):1.000000, Success rate (<0.001):1.000000
X=[1.2,1.4], PQ=[0.6,0.8]: count:10, ill:0, avg_iter:17.00, Ang_MAX:8.336753e-04, Vol_MAX:1.567602e-05, Ang_mean±std:3.793441e-04±1.746714e-04, Vol_mean±std:7.772446e-06±3.204181e-06, P_MAX:2.478e-04, Q_MAX:7.582e-05, P_mean±std:1.237880e-04±4.720395e-05, Q_mean±std:6.016539e-05±6.506391e-06, P_RMSE:4.601e-05, Q_RMSE:2.466e-05, Success rate (<0.1):1.000000, Success rate (<0.01):1.000000, Success rate (<0.001):1.000000
X=[1.2,1.4], PQ=[0.8,1.0]: count:10, ill:0, avg_iter:16.90, Ang_MAX:6.170869e-04, Vol_MAX:1.013279e-05, Ang_mean±std:3.662191e-04±1.437988e-04, Vol_mean±std:8.010864e-06±1.814215e-06, P_MAX:1.821e-04, Q_MAX:7.710e-05, P_mean±std:1.173528e-04±3.639912e-05, Q_mean±std:6.689290e-05±7.050305e-06, P_RMSE:4.660e-05, Q_RMSE:2.648e-05, Success rate (<0.1):1.000000, Success rate (<0.01):1.000000, Success rate (<0.001):1.000000
X=[1.2,1.4], PQ=[1.0,1.2]: count:10, ill:0, avg_iter:16.40, Ang_MAX:5.834103e-04, Vol_MAX:1.102686e-05, Ang_mean±std:3.110781e-04±1.083812e-04, Vol_mean±std:7.277727e-06±2.113479e-06, P_MAX:1.795e-04, Q_MAX:8.026e-05, P_mean±std:1.083678e-04±3.096056e-05, Q_mean±std:6.693499e-05±8.390333e-06, P_RMSE:3.971e-05, Q_RMSE:2.660e-05, Success rate (<0.1):1.000000, Success rate (<0.01):1.000000, Success rate (<0.001):1.000000
X=[1.2,1.4], PQ=[1.2,1.4]: count:10, ill:0, avg_iter:17.90, Ang_MAX:5.973428e-04, Vol_MAX:1.031160e-05, Ang_mean±std:3.510818e-04±1.186621e-04, Vol_mean±std:7.510185e-06±1.679963e-06, P_MAX:1.912e-04, Q_MAX:9.125e-05, P_mean±std:1.175300e-04±3.487638e-05, Q_mean±std:7.191217e-05±1.155500e-05, P_RMSE:4.353e-05, Q_RMSE:2.779e-05, Success rate (<0.1):1.000000, Success rate (<0.01):1.000000, Success rate (<0.001):1.000000
X=[1.2,1.4], PQ=[1.4,1.6]: count:10, ill:0, avg_iter:18.40, Ang_MAX:4.442632e-04, Vol_MAX:1.102686e-05, Ang_mean±std:2.950132e-04±5.661144e-05, Vol_mean±std:6.961823e-06±2.133114e-06, P_MAX:1.583e-04, Q_MAX:9.337e-05, P_mean±std:1.054170e-04±1.925437e-05, Q_mean±std:7.001637e-05±9.608882e-06, P_RMSE:3.716e-05, Q_RMSE:2.718e-05, Success rate (<0.1):1.000000, Success rate (<0.01):1.000000, Success rate (<0.001):1.000000
X=[1.2,1.4], PQ=[1.6,1.8]: count:10, ill:0, avg_iter:14.60, Ang_MAX:3.687441e-04, Vol_MAX:8.940697e-06, Ang_mean±std:2.539665e-04±5.890815e-05, Vol_mean±std:6.937981e-06±1.454939e-06, P_MAX:1.193e-04, Q_MAX:9.158e-05, P_mean±std:9.874934e-05±1.186455e-05, Q_mean±std:7.756250e-05±1.080302e-05, P_RMSE:3.848e-05, Q_RMSE:2.943e-05, Success rate (<0.1):1.000000, Success rate (<0.01):1.000000, Success rate (<0.001):1.000000
X=[1.2,1.4], PQ=[1.8,2.0]: count:10, ill:0, avg_iter:16.40, Ang_MAX:9.083450e-04, Vol_MAX:1.621246e-05, Ang_mean±std:3.510401e-04±2.360168e-04, Vol_mean±std:7.528067e-06±3.646231e-06, P_MAX:2.600e-04, Q_MAX:1.159e-04, P_mean±std:1.203283e-04±5.716270e-05, Q_mean±std:8.149818e-05±1.674923e-05, P_RMSE:4.648e-05, Q_RMSE:3.133e-05, Success rate (<0.1):1.000000, Success rate (<0.01):1.000000, Success rate (<0.001):1.000000
X=[1.4,1.6], PQ=[-2.0,-1.8]: count:10, ill:0, avg_iter:18.90, Ang_MAX:5.211607e-04, Vol_MAX:1.084805e-05, Ang_mean±std:3.797360e-04±1.183483e-04, Vol_mean±std:8.547306e-06±2.227683e-06, P_MAX:1.593e-04, Q_MAX:1.512e-04, P_mean±std:1.260150e-04±3.066843e-05, Q_mean±std:8.992031e-05±2.631465e-05, P_RMSE:4.601e-05, Q_RMSE:3.129e-05, Success rate (<0.1):1.000000, Success rate (<0.01):1.000000, Success rate (<0.001):1.000000
X=[1.4,1.6], PQ=[-1.8,-1.6]: count:10, ill:0, avg_iter:18.30, Ang_MAX:5.378276e-04, Vol_MAX:1.019239e-05, Ang_mean±std:3.402207e-04±1.310427e-04, Vol_mean±std:7.098913e-06±1.875312e-06, P_MAX:1.655e-04, Q_MAX:9.924e-05, P_mean±std:1.132283e-04±3.365282e-05, Q_mean±std:7.942347e-05±1.171175e-05, P_RMSE:4.299e-05, Q_RMSE:2.912e-05, Success rate (<0.1):1.000000, Success rate (<0.01):1.000000, Success rate (<0.001):1.000000
X=[1.4,1.6], PQ=[-1.6,-1.4]: count:10, ill:0, avg_iter:16.60, Ang_MAX:5.319118e-04, Vol_MAX:9.298325e-06, Ang_mean±std:3.315464e-04±9.680041e-05, Vol_mean±std:6.628036e-06±1.731574e-06, P_MAX:1.657e-04, Q_MAX:9.154e-05, P_mean±std:1.101492e-04±2.606820e-05, Q_mean±std:7.424681e-05±1.122451e-05, P_RMSE:4.184e-05, Q_RMSE:2.840e-05, Success rate (<0.1):1.000000, Success rate (<0.01):1.000000, Success rate (<0.001):1.000000
X=[1.4,1.6], PQ=[-1.4,-1.2]: count:10, ill:0, avg_iter:17.00, Ang_MAX:9.940490e-04, Vol_MAX:2.485514e-05, Ang_mean±std:3.581159e-04±2.285396e-04, Vol_mean±std:8.708239e-06±5.745433e-06, P_MAX:2.761e-04, Q_MAX:1.076e-04, P_mean±std:1.196670e-04±5.622207e-05, Q_mean±std:7.317988e-05±1.777810e-05, P_RMSE:4.610e-05, Q_RMSE:2.762e-05, Success rate (<0.1):1.000000, Success rate (<0.01):1.000000, Success rate (<0.001):1.000000
X=[1.4,1.6], PQ=[-1.2,-1.0]: count:10, ill:0, avg_iter:18.10, Ang_MAX:5.614161e-04, Vol_MAX:1.221895e-05, Ang_mean±std:3.132895e-04±1.129542e-04, Vol_mean±std:6.800890e-06±2.815138e-06, P_MAX:1.731e-04, Q_MAX:8.476e-05, P_mean±std:1.079463e-04±2.815531e-05, Q_mean±std:6.432869e-05±1.037771e-05, P_RMSE:3.853e-05, Q_RMSE:2.507e-05, Success rate (<0.1):1.000000, Success rate (<0.01):1.000000, Success rate (<0.001):1.000000
X=[1.4,1.6], PQ=[-1.0,-0.8]: count:10, ill:0, avg_iter:17.90, Ang_MAX:6.046146e-04, Vol_MAX:1.233816e-05, Ang_mean±std:3.277868e-04±1.247253e-04, Vol_mean±std:6.735325e-06±2.669197e-06, P_MAX:1.862e-04, Q_MAX:6.892e-05, P_mean±std:1.095153e-04±3.299782e-05, Q_mean±std:6.048484e-05±4.722784e-06, P_RMSE:4.021e-05, Q_RMSE:2.402e-05, Success rate (<0.1):1.000000, Success rate (<0.01):1.000000, Success rate (<0.001):1.000000
X=[1.4,1.6], PQ=[-0.8,-0.6]: count:10, ill:0, avg_iter:17.00, Ang_MAX:6.284416e-04, Vol_MAX:9.119511e-06, Ang_mean±std:3.272042e-04±1.126615e-04, Vol_mean±std:6.407499e-06±1.784211e-06, P_MAX:1.848e-04, Q_MAX:6.416e-05, P_mean±std:1.078413e-04±2.872072e-05, Q_mean±std:5.801441e-05±4.801850e-06, P_RMSE:4.075e-05, Q_RMSE:2.422e-05, Success rate (<0.1):1.000000, Success rate (<0.01):1.000000, Success rate (<0.001):1.000000
X=[1.4,1.6], PQ=[-0.6,-0.4]: count:10, ill:0, avg_iter:18.20, Ang_MAX:7.568151e-04, Vol_MAX:1.436472e-05, Ang_mean±std:3.798425e-04±1.515626e-04, Vol_mean±std:6.979704e-06±2.993133e-06, P_MAX:2.291e-04, Q_MAX:6.651e-05, P_mean±std:1.242309e-04±4.296486e-05, Q_mean±std:5.962644e-05±4.319445e-06, P_RMSE:4.510e-05, Q_RMSE:2.409e-05, Success rate (<0.1):1.000000, Success rate (<0.01):1.000000, Success rate (<0.001):1.000000
X=[1.4,1.6], PQ=[-0.4,-0.2]: count:10, ill:0, avg_iter:17.30, Ang_MAX:6.367713e-04, Vol_MAX:9.953976e-06, Ang_mean±std:3.679231e-04±1.438037e-04, Vol_mean±std:6.806850e-06±2.320420e-06, P_MAX:1.907e-04, Q_MAX:6.615e-05, P_mean±std:1.196013e-04±3.957293e-05, Q_mean±std:5.757930e-05±4.282608e-06, P_RMSE:4.480e-05, Q_RMSE:2.386e-05, Success rate (<0.1):1.000000, Success rate (<0.01):1.000000, Success rate (<0.001):1.000000
X=[1.4,1.6], PQ=[-0.2,0.0]: count:10, ill:0, avg_iter:18.60, Ang_MAX:7.685274e-04, Vol_MAX:1.448393e-05, Ang_mean±std:4.162863e-04±1.929951e-04, Vol_mean±std:7.575750e-06±3.468914e-06, P_MAX:2.304e-04, Q_MAX:6.880e-05, P_mean±std:1.319700e-04±5.336149e-05, Q_mean±std:6.084982e-05±5.396006e-06, P_RMSE:5.036e-05, Q_RMSE:2.475e-05, Success rate (<0.1):1.000000, Success rate (<0.01):1.000000, Success rate (<0.001):1.000000
X=[1.4,1.6], PQ=[0.0,0.2]: count:10, ill:0, avg_iter:15.80, Ang_MAX:1.182735e-03, Vol_MAX:1.925230e-05, Ang_mean±std:3.799394e-04±2.835568e-04, Vol_mean±std:7.444620e-06±4.261165e-06, P_MAX:3.376e-04, Q_MAX:9.646e-05, P_mean±std:1.224866e-04±7.626717e-05, Q_mean±std:6.355904e-05±1.312410e-05, P_RMSE:4.772e-05, Q_RMSE:2.476e-05, Success rate (<0.1):1.000000, Success rate (<0.01):1.000000, Success rate (<0.001):1.000000
X=[1.4,1.6], PQ=[0.2,0.4]: count:10, ill:0, avg_iter:18.90, Ang_MAX:9.611696e-04, Vol_MAX:1.567602e-05, Ang_mean±std:3.758788e-04±2.010407e-04, Vol_mean±std:7.730722e-06±3.331686e-06, P_MAX:2.770e-04, Q_MAX:9.178e-05, P_mean±std:1.210297e-04±5.389523e-05, Q_mean±std:6.359648e-05±1.222142e-05, P_RMSE:4.442e-05, Q_RMSE:2.446e-05, Success rate (<0.1):1.000000, Success rate (<0.01):1.000000, Success rate (<0.001):1.000000
X=[1.4,1.6], PQ=[0.4,0.6]: count:10, ill:0, avg_iter:17.30, Ang_MAX:4.864484e-04, Vol_MAX:1.037121e-05, Ang_mean±std:2.991885e-04±8.423676e-05, Vol_mean±std:6.484985e-06±2.086469e-06, P_MAX:1.531e-04, Q_MAX:9.154e-05, P_mean±std:1.015519e-04±2.301380e-05, Q_mean±std:6.061550e-05±1.109760e-05, P_RMSE:3.701e-05, Q_RMSE:2.352e-05, Success rate (<0.1):1.000000, Success rate (<0.01):1.000000, Success rate (<0.001):1.000000
X=[1.4,1.6], PQ=[0.6,0.8]: count:10, ill:0, avg_iter:18.10, Ang_MAX:8.279979e-04, Vol_MAX:1.209974e-05, Ang_mean±std:3.926411e-04±1.852819e-04, Vol_mean±std:7.015467e-06±2.912716e-06, P_MAX:2.408e-04, Q_MAX:7.927e-05, P_mean±std:1.304987e-04±4.718250e-05, Q_mean±std:6.140945e-05±8.811833e-06, P_RMSE:4.844e-05, Q_RMSE:2.513e-05, Success rate (<0.1):1.000000, Success rate (<0.01):1.000000, Success rate (<0.001):1.000000
X=[1.4,1.6], PQ=[0.8,1.0]: count:10, ill:0, avg_iter:16.60, Ang_MAX:5.838126e-04, Vol_MAX:1.144409e-05, Ang_mean±std:3.759816e-04±1.185824e-04, Vol_mean±std:7.361174e-06±2.302198e-06, P_MAX:1.879e-04, Q_MAX:7.630e-05, P_mean±std:1.229277e-04±3.471936e-05, Q_mean±std:6.316006e-05±8.036369e-06, P_RMSE:4.721e-05, Q_RMSE:2.589e-05, Success rate (<0.1):1.000000, Success rate (<0.01):1.000000, Success rate (<0.001):1.000000
X=[1.4,1.6], PQ=[1.0,1.2]: count:10, ill:0, avg_iter:13.30, Ang_MAX:5.127192e-04, Vol_MAX:9.953976e-06, Ang_mean±std:2.635680e-04±9.422933e-05, Vol_mean±std:7.075071e-06±1.928844e-06, P_MAX:1.581e-04, Q_MAX:8.672e-05, P_mean±std:9.709520e-05±2.126458e-05, Q_mean±std:7.355101e-05±9.190713e-06, P_RMSE:3.840e-05, Q_RMSE:2.697e-05, Success rate (<0.1):1.000000, Success rate (<0.01):1.000000, Success rate (<0.001):1.000000
X=[1.4,1.6], PQ=[1.2,1.4]: count:10, ill:0, avg_iter:17.30, Ang_MAX:9.270310e-04, Vol_MAX:1.686811e-05, Ang_mean±std:3.553748e-04±1.946641e-04, Vol_mean±std:6.842613e-06±3.577947e-06, P_MAX:2.644e-04, Q_MAX:9.108e-05, P_mean±std:1.172684e-04±5.054458e-05, Q_mean±std:6.857896e-05±1.085299e-05, P_RMSE:4.422e-05, Q_RMSE:2.648e-05, Success rate (<0.1):1.000000, Success rate (<0.01):1.000000, Success rate (<0.001):1.000000
X=[1.4,1.6], PQ=[1.4,1.6]: count:10, ill:0, avg_iter:18.20, Ang_MAX:5.603731e-04, Vol_MAX:1.066923e-05, Ang_mean±std:3.398418e-04±1.208897e-04, Vol_mean±std:7.027388e-06±2.080270e-06, P_MAX:1.765e-04, Q_MAX:9.156e-05, P_mean±std:1.148640e-04±2.972159e-05, Q_mean±std:7.454399e-05±1.361558e-05, P_RMSE:4.423e-05, Q_RMSE:2.874e-05, Success rate (<0.1):1.000000, Success rate (<0.01):1.000000, Success rate (<0.001):1.000000
X=[1.4,1.6], PQ=[1.6,1.8]: count:10, ill:0, avg_iter:17.80, Ang_MAX:6.795526e-04, Vol_MAX:1.037121e-05, Ang_mean±std:3.909133e-04±1.614676e-04, Vol_mean±std:7.700920e-06±1.812765e-06, P_MAX:1.937e-04, Q_MAX:1.199e-04, P_mean±std:1.283881e-04±3.898971e-05, Q_mean±std:8.635223e-05±1.714033e-05, P_RMSE:5.038e-05, Q_RMSE:3.069e-05, Success rate (<0.1):1.000000, Success rate (<0.01):1.000000, Success rate (<0.001):1.000000
X=[1.4,1.6], PQ=[1.8,2.0]: count:10, ill:0, avg_iter:18.70, Ang_MAX:8.640140e-04, Vol_MAX:1.329184e-05, Ang_mean±std:4.297748e-04±2.260878e-04, Vol_mean±std:8.118153e-06±3.259758e-06, P_MAX:2.980e-04, Q_MAX:1.145e-04, P_mean±std:1.481608e-04±6.619688e-05, Q_mean±std:8.525671e-05±1.625256e-05, P_RMSE:5.366e-05, Q_RMSE:3.115e-05, Success rate (<0.1):1.000000, Success rate (<0.01):1.000000, Success rate (<0.001):1.000000
X=[1.6,1.8], PQ=[-2.0,-1.8]: count:10, ill:0, avg_iter:16.00, Ang_MAX:9.488761e-04, Vol_MAX:1.150370e-05, Ang_mean±std:3.268197e-04±2.446479e-04, Vol_mean±std:7.992983e-06±1.864482e-06, P_MAX:2.837e-04, Q_MAX:1.244e-04, P_mean±std:1.165854e-04±6.261456e-05, Q_mean±std:9.225244e-05±2.057843e-05, P_RMSE:4.407e-05, Q_RMSE:3.272e-05, Success rate (<0.1):1.000000, Success rate (<0.01):1.000000, Success rate (<0.001):1.000000
X=[1.6,1.8], PQ=[-1.8,-1.6]: count:10, ill:0, avg_iter:17.30, Ang_MAX:1.139462e-03, Vol_MAX:2.199411e-05, Ang_mean±std:5.008139e-04±3.009495e-04, Vol_mean±std:1.008511e-05±5.691716e-06, P_MAX:3.212e-04, Q_MAX:8.255e-05, P_mean±std:1.510587e-04±7.953823e-05, Q_mean±std:7.021260e-05±8.099326e-06, P_RMSE:6.031e-05, Q_RMSE:2.814e-05, Success rate (<0.1):1.000000, Success rate (<0.01):1.000000, Success rate (<0.001):1.000000
X=[1.6,1.8], PQ=[-1.6,-1.4]: count:10, ill:0, avg_iter:19.20, Ang_MAX:9.580553e-04, Vol_MAX:1.651049e-05, Ang_mean±std:4.463844e-04±2.457463e-04, Vol_mean±std:9.161234e-06±3.882825e-06, P_MAX:2.875e-04, Q_MAX:1.419e-04, P_mean±std:1.445451e-04±6.698511e-05, Q_mean±std:8.346373e-05±2.114581e-05, P_RMSE:5.410e-05, Q_RMSE:3.005e-05, Success rate (<0.1):1.000000, Success rate (<0.01):1.000000, Success rate (<0.001):1.000000
X=[1.6,1.8], PQ=[-1.4,-1.2]: count:10, ill:0, avg_iter:18.00, Ang_MAX:8.214265e-04, Vol_MAX:1.639128e-05, Ang_mean±std:4.767820e-04±2.309728e-04, Vol_mean±std:8.738041e-06±4.558660e-06, P_MAX:2.501e-04, Q_MAX:9.371e-05, P_mean±std:1.508011e-04±6.503097e-05, Q_mean±std:7.579513e-05±1.029167e-05, P_RMSE:5.727e-05, Q_RMSE:2.813e-05, Success rate (<0.1):1.000000, Success rate (<0.01):1.000000, Success rate (<0.001):1.000000
X=[1.6,1.8], PQ=[-1.2,-1.0]: count:10, ill:0, avg_iter:17.00, Ang_MAX:9.732246e-04, Vol_MAX:1.651049e-05, Ang_mean±std:4.777692e-04±2.810317e-04, Vol_mean±std:8.678436e-06±4.271054e-06, P_MAX:2.799e-04, Q_MAX:8.795e-05, P_mean±std:1.496905e-04±7.545986e-05, Q_mean±std:7.086275e-05±1.004147e-05, P_RMSE:5.786e-05, Q_RMSE:2.821e-05, Success rate (<0.1):1.000000, Success rate (<0.01):1.000000, Success rate (<0.001):1.000000
X=[1.6,1.8], PQ=[-1.0,-0.8]: count:10, ill:0, avg_iter:17.90, Ang_MAX:7.902682e-04, Vol_MAX:1.198053e-05, Ang_mean±std:4.336983e-04±1.899027e-04, Vol_mean±std:8.410215e-06±2.842767e-06, P_MAX:2.303e-04, Q_MAX:7.758e-05, P_mean±std:1.385385e-04±4.941243e-05, Q_mean±std:6.321436e-05±6.457748e-06, P_RMSE:5.202e-05, Q_RMSE:2.597e-05, Success rate (<0.1):1.000000, Success rate (<0.01):1.000000, Success rate (<0.001):1.000000
X=[1.6,1.8], PQ=[-0.8,-0.6]: count:10, ill:0, avg_iter:16.90, Ang_MAX:4.621148e-04, Vol_MAX:1.072884e-05, Ang_mean±std:2.918839e-04±7.769961e-05, Vol_mean±std:6.818771e-06±2.202341e-06, P_MAX:1.430e-04, Q_MAX:7.629e-05, P_mean±std:9.856152e-05±1.940583e-05, Q_mean±std:6.507160e-05±8.003047e-06, P_RMSE:3.802e-05, Q_RMSE:2.529e-05, Success rate (<0.1):1.000000, Success rate (<0.01):1.000000, Success rate (<0.001):1.000000
X=[1.6,1.8], PQ=[-0.6,-0.4]: count:10, ill:0, avg_iter:18.10, Ang_MAX:1.476005e-03, Vol_MAX:2.181530e-05, Ang_mean±std:4.882514e-04±3.489160e-04, Vol_mean±std:8.374453e-06±5.071249e-06, P_MAX:4.182e-04, Q_MAX:1.063e-04, P_mean±std:1.523084e-04±9.399433e-05, Q_mean±std:6.604362e-05±1.477944e-05, P_RMSE:5.770e-05, Q_RMSE:2.648e-05, Success rate (<0.1):1.000000, Success rate (<0.01):1.000000, Success rate (<0.001):1.000000
X=[1.6,1.8], PQ=[-0.4,-0.2]: count:10, ill:0, avg_iter:17.30, Ang_MAX:7.691681e-04, Vol_MAX:1.400709e-05, Ang_mean±std:3.773078e-04±1.960041e-04, Vol_mean±std:7.146597e-06±3.404615e-06, P_MAX:2.257e-04, Q_MAX:7.405e-05, P_mean±std:1.210429e-04±5.362662e-05, Q_mean±std:6.096177e-05±6.784440e-06, P_RMSE:4.596e-05, Q_RMSE:2.442e-05, Success rate (<0.1):1.000000, Success rate (<0.01):1.000000, Success rate (<0.001):1.000000
X=[1.6,1.8], PQ=[-0.2,0.0]: count:10, ill:0, avg_iter:19.00, Ang_MAX:6.686151e-04, Vol_MAX:1.007318e-05, Ang_mean±std:4.752398e-04±1.324132e-04, Vol_mean±std:7.671118e-06±2.202478e-06, P_MAX:1.964e-04, Q_MAX:7.631e-05, P_mean±std:1.473226e-04±3.632712e-05, Q_mean±std:6.331867e-05±7.158581e-06, P_RMSE:5.624e-05, Q_RMSE:2.559e-05, Success rate (<0.1):1.000000, Success rate (<0.01):1.000000, Success rate (<0.001):1.000000
X=[1.6,1.8], PQ=[0.0,0.2]: count:10, ill:0, avg_iter:19.00, Ang_MAX:1.174852e-03, Vol_MAX:1.877546e-05, Ang_mean±std:5.141050e-04±2.621163e-04, Vol_mean±std:9.936094e-06±3.370805e-06, P_MAX:3.381e-04, Q_MAX:9.349e-05, P_mean±std:1.599660e-04±7.056899e-05, Q_mean±std:6.138831e-05±1.150342e-05, P_RMSE:5.960e-05, Q_RMSE:2.475e-05, Success rate (<0.1):1.000000, Success rate (<0.01):1.000000, Success rate (<0.001):1.000000
X=[1.6,1.8], PQ=[0.2,0.4]: count:10, ill:0, avg_iter:17.30, Ang_MAX:9.472966e-04, Vol_MAX:1.579523e-05, Ang_mean±std:3.766045e-04±2.132632e-04, Vol_mean±std:8.279085e-06±3.202989e-06, P_MAX:2.728e-04, Q_MAX:9.204e-05, P_mean±std:1.248306e-04±5.526232e-05, Q_mean±std:6.148638e-05±1.080701e-05, P_RMSE:4.607e-05, Q_RMSE:2.395e-05, Success rate (<0.1):1.000000, Success rate (<0.01):1.000000, Success rate (<0.001):1.000000
X=[1.6,1.8], PQ=[0.4,0.6]: count:10, ill:0, avg_iter:17.90, Ang_MAX:1.282558e-03, Vol_MAX:2.121925e-05, Ang_mean±std:4.361302e-04±3.082463e-04, Vol_mean±std:7.933378e-06±5.084067e-06, P_MAX:3.728e-04, Q_MAX:9.794e-05, P_mean±std:1.387119e-04±8.498595e-05, Q_mean±std:6.253533e-05±1.294724e-05, P_RMSE:5.384e-05, Q_RMSE:2.602e-05, Success rate (<0.1):1.000000, Success rate (<0.01):1.000000, Success rate (<0.001):1.000000
X=[1.6,1.8], PQ=[0.6,0.8]: count:10, ill:0, avg_iter:16.80, Ang_MAX:7.354915e-04, Vol_MAX:1.168251e-05, Ang_mean±std:3.839329e-04±1.595118e-04, Vol_mean±std:7.516146e-06±2.750798e-06, P_MAX:2.201e-04, Q_MAX:7.631e-05, P_mean±std:1.248969e-04±4.380271e-05, Q_mean±std:6.089201e-05±7.090282e-06, P_RMSE:4.672e-05, Q_RMSE:2.535e-05, Success rate (<0.1):1.000000, Success rate (<0.01):1.000000, Success rate (<0.001):1.000000
X=[1.6,1.8], PQ=[0.8,1.0]: count:10, ill:0, avg_iter:18.70, Ang_MAX:8.806586e-04, Vol_MAX:1.108646e-05, Ang_mean±std:4.101738e-04±2.081404e-04, Vol_mean±std:7.700920e-06±2.341605e-06, P_MAX:2.551e-04, Q_MAX:8.073e-05, P_mean±std:1.313199e-04±5.628163e-05, Q_mean±std:6.477134e-05±7.995136e-06, P_RMSE:4.903e-05, Q_RMSE:2.665e-05, Success rate (<0.1):1.000000, Success rate (<0.01):1.000000, Success rate (<0.001):1.000000
X=[1.6,1.8], PQ=[1.0,1.2]: count:10, ill:0, avg_iter:18.20, Ang_MAX:9.168535e-04, Vol_MAX:1.788139e-05, Ang_mean±std:4.672542e-04±2.149322e-04, Vol_mean±std:9.143353e-06±3.843663e-06, P_MAX:2.690e-04, Q_MAX:8.488e-05, P_mean±std:1.507170e-04±5.631766e-05, Q_mean±std:7.207925e-05±6.749280e-06, P_RMSE:5.706e-05, Q_RMSE:2.787e-05, Success rate (<0.1):1.000000, Success rate (<0.01):1.000000, Success rate (<0.001):1.000000
X=[1.6,1.8], PQ=[1.2,1.4]: count:10, ill:0, avg_iter:18.00, Ang_MAX:7.464439e-04, Vol_MAX:1.484156e-05, Ang_mean±std:4.104719e-04±2.213100e-04, Vol_mean±std:7.349253e-06±3.002802e-06, P_MAX:2.378e-04, Q_MAX:1.078e-04, P_mean±std:1.373557e-04±5.975053e-05, Q_mean±std:7.339772e-05±1.292583e-05, P_RMSE:5.252e-05, Q_RMSE:2.828e-05, Success rate (<0.1):1.000000, Success rate (<0.01):1.000000, Success rate (<0.001):1.000000
X=[1.6,1.8], PQ=[1.4,1.6]: count:10, ill:0, avg_iter:17.50, Ang_MAX:7.125735e-04, Vol_MAX:1.382828e-05, Ang_mean±std:3.860980e-04±1.663695e-04, Vol_mean±std:7.355213e-06±2.543966e-06, P_MAX:2.143e-04, Q_MAX:8.988e-05, P_mean±std:1.233917e-04±4.450057e-05, Q_mean±std:7.494576e-05±1.003113e-05, P_RMSE:4.914e-05, Q_RMSE:2.984e-05, Success rate (<0.1):1.000000, Success rate (<0.01):1.000000, Success rate (<0.001):1.000000
X=[1.6,1.8], PQ=[1.6,1.8]: count:10, ill:0, avg_iter:16.70, Ang_MAX:1.435284e-03, Vol_MAX:3.486872e-05, Ang_mean±std:4.141483e-04±3.788865e-04, Vol_mean±std:1.000166e-05±8.450493e-06, P_MAX:4.067e-04, Q_MAX:1.415e-04, P_mean±std:1.410734e-04±9.861774e-05, Q_mean±std:9.014653e-05±2.341978e-05, P_RMSE:5.460e-05, Q_RMSE:3.382e-05, Success rate (<0.1):1.000000, Success rate (<0.01):1.000000, Success rate (<0.001):1.000000
X=[1.6,1.8], PQ=[1.8,2.0]: count:10, ill:0, avg_iter:17.20, Ang_MAX:1.024574e-03, Vol_MAX:2.044439e-05, Ang_mean±std:4.303664e-04±2.793302e-04, Vol_mean±std:9.065866e-06±5.309730e-06, P_MAX:3.061e-04, Q_MAX:1.040e-04, P_mean±std:1.495396e-04±7.432693e-05, Q_mean±std:8.041523e-05±1.142582e-05, P_RMSE:5.437e-05, Q_RMSE:3.193e-05, Success rate (<0.1):1.000000, Success rate (<0.01):1.000000, Success rate (<0.001):1.000000
X=[1.8,2.0], PQ=[-2.0,-1.8]: count:10, ill:0, avg_iter:18.20, Ang_MAX:1.102567e-03, Vol_MAX:1.645088e-05, Ang_mean±std:4.616562e-04±3.723832e-04, Vol_mean±std:8.833408e-06±4.509421e-06, P_MAX:3.262e-04, Q_MAX:1.612e-04, P_mean±std:1.596191e-04±9.162338e-05, Q_mean±std:9.568958e-05±2.875921e-05, P_RMSE:5.876e-05, Q_RMSE:3.327e-05, Success rate (<0.1):1.000000, Success rate (<0.01):1.000000, Success rate (<0.001):1.000000
X=[1.8,2.0], PQ=[-1.8,-1.6]: count:10, ill:0, avg_iter:18.30, Ang_MAX:5.328357e-04, Vol_MAX:1.019239e-05, Ang_mean±std:3.335685e-04±1.221194e-04, Vol_mean±std:6.496906e-06±1.869725e-06, P_MAX:1.673e-04, Q_MAX:1.068e-04, P_mean±std:1.184533e-04±2.879827e-05, Q_mean±std:8.258438e-05±1.345965e-05, P_RMSE:4.357e-05, Q_RMSE:3.074e-05, Success rate (<0.1):1.000000, Success rate (<0.01):1.000000, Success rate (<0.001):1.000000
X=[1.8,2.0], PQ=[-1.6,-1.4]: count:10, ill:0, avg_iter:18.90, Ang_MAX:1.357049e-03, Vol_MAX:2.223253e-05, Ang_mean±std:5.682409e-04±3.281380e-04, Vol_mean±std:1.018047e-05±5.413716e-06, P_MAX:3.870e-04, Q_MAX:1.066e-04, P_mean±std:1.764478e-04±8.747053e-05, Q_mean±std:8.347100e-05±1.451514e-05, P_RMSE:6.835e-05, Q_RMSE:3.273e-05, Success rate (<0.1):1.000000, Success rate (<0.01):1.000000, Success rate (<0.001):1.000000
X=[1.8,2.0], PQ=[-1.4,-1.2]: count:10, ill:0, avg_iter:17.50, Ang_MAX:1.075983e-03, Vol_MAX:2.014637e-05, Ang_mean±std:4.801311e-04±2.523890e-04, Vol_mean±std:8.398294e-06±4.833966e-06, P_MAX:3.055e-04, Q_MAX:9.000e-05, P_mean±std:1.496296e-04±6.438137e-05, Q_mean±std:7.250011e-05±9.616205e-06, P_RMSE:5.957e-05, Q_RMSE:2.981e-05, Success rate (<0.1):1.000000, Success rate (<0.01):1.000000, Success rate (<0.001):1.000000
X=[1.8,2.0], PQ=[-1.2,-1.0]: count:10, ill:0, avg_iter:19.00, Ang_MAX:1.108229e-03, Vol_MAX:1.955032e-05, Ang_mean±std:4.853234e-04±2.775522e-04, Vol_mean±std:1.062751e-05±4.637230e-06, P_MAX:3.161e-04, Q_MAX:1.531e-04, P_mean±std:1.536517e-04±7.139924e-05, Q_mean±std:7.841121e-05±2.737827e-05, P_RMSE:5.774e-05, Q_RMSE:2.785e-05, Success rate (<0.1):1.000000, Success rate (<0.01):1.000000, Success rate (<0.001):1.000000
X=[1.8,2.0], PQ=[-1.0,-0.8]: count:10, ill:0, avg_iter:18.50, Ang_MAX:1.290157e-03, Vol_MAX:2.169609e-05, Ang_mean±std:4.224166e-04±3.172846e-04, Vol_mean±std:8.904934e-06±5.035954e-06, P_MAX:3.690e-04, Q_MAX:1.051e-04, P_mean±std:1.363815e-04±8.538887e-05, Q_mean±std:7.002512e-05±1.574325e-05, P_RMSE:5.049e-05, Q_RMSE:2.669e-05, Success rate (<0.1):1.000000, Success rate (<0.01):1.000000, Success rate (<0.001):1.000000
X=[1.8,2.0], PQ=[-0.8,-0.6]: count:10, ill:0, avg_iter:16.10, Ang_MAX:1.034647e-03, Vol_MAX:1.657009e-05, Ang_mean±std:4.449740e-04±2.676365e-04, Vol_mean±std:7.981062e-06±4.162389e-06, P_MAX:3.023e-04, Q_MAX:8.559e-05, P_mean±std:1.426497e-04±7.445742e-05, Q_mean±std:6.333506e-05±9.937927e-06, P_RMSE:5.578e-05, Q_RMSE:2.603e-05, Success rate (<0.1):1.000000, Success rate (<0.01):1.000000, Success rate (<0.001):1.000000
X=[1.8,2.0], PQ=[-0.6,-0.4]: count:10, ill:0, avg_iter:17.80, Ang_MAX:1.117975e-03, Vol_MAX:1.853704e-05, Ang_mean±std:4.496187e-04±2.488764e-04, Vol_mean±std:8.058548e-06±4.389250e-06, P_MAX:3.238e-04, Q_MAX:9.233e-05, P_mean±std:1.412728e-04±6.907917e-05, Q_mean±std:6.446084e-05±1.062681e-05, P_RMSE:5.386e-05, Q_RMSE:2.540e-05, Success rate (<0.1):1.000000, Success rate (<0.01):1.000000, Success rate (<0.001):1.000000
X=[1.8,2.0], PQ=[-0.4,-0.2]: count:10, ill:0, avg_iter:17.50, Ang_MAX:1.329228e-03, Vol_MAX:2.247095e-05, Ang_mean±std:5.172655e-04±3.472671e-04, Vol_mean±std:9.381771e-06±5.505818e-06, P_MAX:3.766e-04, Q_MAX:1.068e-04, P_mean±std:1.608975e-04±9.253585e-05, Q_mean±std:7.228693e-05±1.305312e-05, P_RMSE:6.283e-05, Q_RMSE:2.749e-05, Success rate (<0.1):1.000000, Success rate (<0.01):1.000000, Success rate (<0.001):1.000000
X=[1.8,2.0], PQ=[-0.2,0.0]: count:10, ill:0, avg_iter:19.20, Ang_MAX:7.097870e-04, Vol_MAX:1.102686e-05, Ang_mean±std:3.963351e-04±1.265146e-04, Vol_mean±std:7.218122e-06±2.379629e-06, P_MAX:2.130e-04, Q_MAX:7.629e-05, P_mean±std:1.275532e-04±3.474265e-05, Q_mean±std:5.960343e-05±7.323691e-06, P_RMSE:4.680e-05, Q_RMSE:2.390e-05, Success rate (<0.1):1.000000, Success rate (<0.01):1.000000, Success rate (<0.001):1.000000
X=[1.8,2.0], PQ=[0.0,0.2]: count:10, ill:0, avg_iter:17.90, Ang_MAX:1.322925e-03, Vol_MAX:2.104044e-05, Ang_mean±std:5.254760e-04±3.849865e-04, Vol_mean±std:9.781122e-06±5.155609e-06, P_MAX:3.777e-04, Q_MAX:9.932e-05, P_mean±std:1.634459e-04±1.035047e-04, Q_mean±std:6.705523e-05±1.505873e-05, P_RMSE:6.329e-05, Q_RMSE:2.681e-05, Success rate (<0.1):1.000000, Success rate (<0.01):1.000000, Success rate (<0.001):1.000000
X=[1.8,2.0], PQ=[0.2,0.4]: count:10, ill:0, avg_iter:17.80, Ang_MAX:6.054193e-04, Vol_MAX:9.655952e-06, Ang_mean±std:3.563493e-04±1.087518e-04, Vol_mean±std:6.222725e-06±2.083982e-06, P_MAX:1.853e-04, Q_MAX:9.156e-05, P_mean±std:1.140375e-04±3.213629e-05, Q_mean±std:6.189570e-05±1.099632e-05, P_RMSE:4.524e-05, Q_RMSE:2.500e-05, Success rate (<0.1):1.000000, Success rate (<0.01):1.000000, Success rate (<0.001):1.000000
X=[1.8,2.0], PQ=[0.4,0.6]: count:10, ill:0, avg_iter:19.00, Ang_MAX:1.582712e-03, Vol_MAX:2.294779e-05, Ang_mean±std:5.240858e-04±3.747170e-04, Vol_mean±std:8.511543e-06±5.243163e-06, P_MAX:4.539e-04, Q_MAX:1.109e-04, P_mean±std:1.621670e-04±1.034743e-04, Q_mean±std:6.725183e-05±1.805780e-05, P_RMSE:6.172e-05, Q_RMSE:2.701e-05, Success rate (<0.1):1.000000, Success rate (<0.01):1.000000, Success rate (<0.001):1.000000
X=[1.8,2.0], PQ=[0.6,0.8]: count:10, ill:0, avg_iter:18.50, Ang_MAX:6.780475e-04, Vol_MAX:1.108646e-05, Ang_mean±std:3.563955e-04±1.432044e-04, Vol_mean±std:7.152557e-06±1.963699e-06, P_MAX:2.022e-04, Q_MAX:7.415e-05, P_mean±std:1.169686e-04±3.835461e-05, Q_mean±std:6.233659e-05±6.293572e-06, P_RMSE:4.336e-05, Q_RMSE:2.504e-05, Success rate (<0.1):1.000000, Success rate (<0.01):1.000000, Success rate (<0.001):1.000000
X=[1.8,2.0], PQ=[0.8,1.0]: count:10, ill:0, avg_iter:18.70, Ang_MAX:9.087324e-04, Vol_MAX:1.293421e-05, Ang_mean±std:3.968105e-04±2.169060e-04, Vol_mean±std:7.379055e-06±2.455509e-06, P_MAX:2.649e-04, Q_MAX:9.155e-05, P_mean±std:1.298904e-04±5.687024e-05, Q_mean±std:6.832229e-05±1.095699e-05, P_RMSE:4.809e-05, Q_RMSE:2.653e-05, Success rate (<0.1):1.000000, Success rate (<0.01):1.000000, Success rate (<0.001):1.000000
X=[1.8,2.0], PQ=[1.0,1.2]: count:10, ill:0, avg_iter:19.40, Ang_MAX:1.655251e-03, Vol_MAX:3.814697e-05, Ang_mean±std:5.417883e-04±3.975406e-04, Vol_mean±std:1.003146e-05±9.710475e-06, P_MAX:4.565e-04, Q_MAX:1.454e-04, P_mean±std:1.637214e-04±1.045464e-04, Q_mean±std:7.496262e-05±2.564259e-05, P_RMSE:6.362e-05, Q_RMSE:2.938e-05, Success rate (<0.1):1.000000, Success rate (<0.01):1.000000, Success rate (<0.001):1.000000
X=[1.8,2.0], PQ=[1.2,1.4]: count:10, ill:0, avg_iter:18.50, Ang_MAX:5.602092e-04, Vol_MAX:1.186132e-05, Ang_mean±std:3.229283e-04±9.721127e-05, Vol_mean±std:6.300211e-06±1.970391e-06, P_MAX:1.745e-04, Q_MAX:7.975e-05, P_mean±std:1.043437e-04±2.934548e-05, Q_mean±std:6.759921e-05±6.680047e-06, P_RMSE:4.053e-05, Q_RMSE:2.731e-05, Success rate (<0.1):1.000000, Success rate (<0.01):1.000000, Success rate (<0.001):1.000000
X=[1.8,2.0], PQ=[1.4,1.6]: count:10, ill:0, avg_iter:18.70, Ang_MAX:6.690323e-04, Vol_MAX:1.209974e-05, Ang_mean±std:3.993466e-04±1.585852e-04, Vol_mean±std:7.605553e-06±2.748440e-06, P_MAX:1.979e-04, Q_MAX:9.345e-05, P_mean±std:1.321112e-04±4.097003e-05, Q_mean±std:7.345453e-05±1.141005e-05, P_RMSE:4.946e-05, Q_RMSE:2.701e-05, Success rate (<0.1):1.000000, Success rate (<0.01):1.000000, Success rate (<0.001):1.000000
X=[1.8,2.0], PQ=[1.6,1.8]: count:10, ill:0, avg_iter:17.70, Ang_MAX:5.237460e-04, Vol_MAX:1.049042e-05, Ang_mean±std:3.194198e-04±1.493797e-04, Vol_mean±std:7.396936e-06±2.255144e-06, P_MAX:1.655e-04, Q_MAX:1.716e-04, P_mean±std:1.125268e-04±3.747371e-05, Q_mean±std:9.451956e-05±3.071733e-05, P_RMSE:4.218e-05, Q_RMSE:3.055e-05, Success rate (<0.1):1.000000, Success rate (<0.01):1.000000, Success rate (<0.001):1.000000
X=[1.8,2.0], PQ=[1.8,2.0]: count:10, ill:0, avg_iter:19.30, Ang_MAX:1.161575e-03, Vol_MAX:3.665686e-05, Ang_mean±std:6.070755e-04±3.439402e-04, Vol_mean±std:1.345277e-05±9.700848e-06, P_MAX:3.214e-04, Q_MAX:1.347e-04, P_mean±std:1.837489e-04±9.116980e-05, Q_mean±std:9.870566e-05±2.248802e-05, P_RMSE:7.112e-05, Q_RMSE:3.345e-05, Success rate (<0.1):1.000000, Success rate (<0.01):1.000000, Success rate (<0.001):1.000000
Heatmap CSV saved: D:\Software\Python_Code\Slover\RJMNC\ckpt\IEEE_118.csv

===== Region Mismatch Summary =====
Region & Samples & Avg. mismatch & Worst mismatch & Success rate (<0.1) & Success rate (<0.01) & Success rate (<0.001)
ID & 1000 & 9.406877e-05 & 2.050260e-04 & 1.000000 & 1.000000 & 1.000000
OOD-X & 1000 & 1.325253e-04 & 4.677649e-04 & 1.000000 & 1.000000 & 1.000000
OOD-PQ & 1000 & 9.715017e-05 & 2.095609e-04 & 1.000000 & 1.000000 & 1.000000
OOD-X+PQ & 1000 & 1.357320e-04 & 4.779052e-04 & 1.000000 & 1.000000 & 1.000000

===== Stop Reason Breakdown =====
  converged   : 2656
  max_blocks  : 1344
  numerical_failure: 0

Active sample-block evaluations  : 58959/80000 (skipped 21041)
Test iterative compute time      : 4.442320 s
Ill-conditioned mismatch CSV saved: D:\Software\Python_Code\Slover\RJMNC\ckpt\IEEE_118_ill.csv

===== Ill-Conditioned Test Summary =====
Samples & Maximal mismatch & Minimal mismatch & Avg. mismatch & Success rate (<0.1) & Success rate (<0.01) & Success rate (<0.001) & Avg. mismatch With N-R PF refine & Success rate With N-R PF refine & Average N-R PF Iteration time
100 & 7.405360e-04 & 8.523487e-05 & 3.081820e-04 & 1.000000 & 1.000000 & 1.000000 & 8.847919e-06 & 0.210000 & 7.809524
