
Config -> Max_epochs:2000, lr:0.001, batch:512, UNROLL_STEPS:4, shrink_ratio:0.5, gamma_1:1, gamma_2:0.2, gamma_3:3.0, gamma_4:0.35, near_alpha:3.0, near_tau:0.02, train_blocks:(1, 2, 3), train_block_probs:(0.1, 0.6, 0.3), curriculum_warmup:5, curriculum_transition:40, block_probs_warmup:(0.75, 0.25, 0.0), block_probs_target:(0.1, 0.6, 0.3), block_stage_weights:(1.0, 1.0, 0.75), contract_boost_first_two:1.5, e3_boost_first_two:1.5, e3_target_ratio:0.9, e3_focus_limit:0.02, e3_focus_smooth:0.005, e3_fine_weight:1.0, e3_huber_beta:2.0, score_weights:(conv1=1.0, conv2=2.0, conv3=1.0, conv5=0.2, excess2=0.3, tail2=0.02), seed:42, grad_clip_norm:5.0, val_score_eps:1e-05, truncate_between_blocks:True, val_max_blocks:2, val_diag_max_blocks:5, inference_max_blocks:20, tol_mismatch:0.0001
Model:./ckpt/IEEE_14.pts
     25 total:19.29757 | blocks:2 | L1_step:1.33178 (6.9%) | L2_step:0.04898 (0.3%) L2_final:0.52028 (2.7%) | L3_e3:17.39652 (90.1%) | final_max_PQ:9.199e-01
     50 total:29.89040 | blocks:1 | L1_step:1.15524 (3.9%) | L2_step:0.05566 (0.2%) L2_final:0.51998 (1.7%) | L3_e3:28.15952 (94.2%) | final_max_PQ:1.068e+00
🟩 Epoch 1 | Train loss = 21.3940 | Val conv@1=0.0000, conv@2=0.0000, conv@3=0.0000, conv@5=0.0000, residual@1=1.063858e-01, residual@2=6.324313e-02, residual@3=4.500186e-02, excess@2=631.4313, tail@2=6.632182e-01, score=-189.605395 | LR: 1.0000e-03
     25 total:34.41259 | blocks:1 | L1_step:1.21936 (3.5%) | L2_step:0.04609 (0.1%) L2_final:0.41027 (1.2%) | L3_e3:32.73687 (95.1%) | final_max_PQ:9.039e-01
     50 total:38.07360 | blocks:2 | L1_step:1.16902 (3.1%) | L2_step:0.02540 (0.1%) L2_final:0.24235 (0.6%) | L3_e3:36.63683 (96.2%) | final_max_PQ:4.048e-01
🟩 Epoch 2 | Train loss = 31.2708 | Val conv@1=0.0000, conv@2=0.0000, conv@3=0.0000, conv@5=0.0000, residual@1=8.566238e-02, residual@2=5.081821e-02, residual@3=3.545444e-02, excess@2=507.1822, tail@2=5.033943e-01, score=-152.325125 | LR: 1.0000e-03
     25 total:31.01656 | blocks:1 | L1_step:0.89707 (2.9%) | L2_step:0.03553 (0.1%) L2_final:0.30611 (1.0%) | L3_e3:29.77785 (96.0%) | final_max_PQ:6.644e-01
     50 total:34.21209 | blocks:1 | L1_step:0.66729 (2.0%) | L2_step:0.03217 (0.1%) L2_final:0.27639 (0.8%) | L3_e3:33.23624 (97.1%) | final_max_PQ:6.592e-01
🟩 Epoch 3 | Train loss = 30.9904 | Val conv@1=0.0000, conv@2=0.0000, conv@3=0.0000, conv@5=0.0000, residual@1=6.806685e-02, residual@2=3.611108e-02, residual@3=2.332109e-02, excess@2=360.1108, tail@2=3.462457e-01, score=-108.196238 | LR: 1.0000e-03
     25 total:27.09038 | blocks:1 | L1_step:0.63916 (2.4%) | L2_step:0.03215 (0.1%) L2_final:0.26668 (1.0%) | L3_e3:26.15238 (96.5%) | final_max_PQ:5.821e-01
     50 total:35.56314 | blocks:1 | L1_step:0.70933 (2.0%) | L2_step:0.02876 (0.1%) L2_final:0.24190 (0.7%) | L3_e3:34.58316 (97.2%) | final_max_PQ:5.044e-01
🟩 Epoch 4 | Train loss = 27.5851 | Val conv@1=0.0000, conv@2=0.0000, conv@3=0.0000, conv@5=0.0000, residual@1=5.616535e-02, residual@2=2.848643e-02, residual@3=1.853663e-02, excess@2=283.8643, tail@2=2.615303e-01, score=-85.316682 | LR: 1.0000e-03
     25 total:28.74761 | blocks:2 | L1_step:0.84677 (2.9%) | L2_step:0.01884 (0.1%) L2_final:0.15676 (0.5%) | L3_e3:27.72525 (96.4%) | final_max_PQ:2.034e-01
     50 total:26.23504 | blocks:1 | L1_step:0.56148 (2.1%) | L2_step:0.02793 (0.1%) L2_final:0.20737 (0.8%) | L3_e3:25.43826 (97.0%) | final_max_PQ:3.752e-01
🟩 Epoch 5 | Train loss = 25.3312 | Val conv@1=0.0000, conv@2=0.0000, conv@3=0.0000, conv@5=0.0000, residual@1=4.489015e-02, residual@2=2.165028e-02, residual@3=1.352465e-02, excess@2=215.5028, tail@2=2.029898e-01, score=-64.803145 | LR: 1.0000e-03
     25 total:24.14659 | blocks:2 | L1_step:0.89478 (3.7%) | L2_step:0.01656 (0.1%) L2_final:0.11463 (0.5%) | L3_e3:23.12062 (95.8%) | final_max_PQ:1.904e-01
     50 total:25.77496 | blocks:2 | L1_step:0.81055 (3.1%) | L2_step:0.01926 (0.1%) L2_final:0.13489 (0.5%) | L3_e3:24.81026 (96.3%) | final_max_PQ:1.811e-01
🟩 Epoch 6 | Train loss = 24.2585 | Val conv@1=0.0000, conv@2=0.0000, conv@3=0.0000, conv@5=0.0000, residual@1=4.270756e-02, residual@2=2.058079e-02, residual@3=1.326400e-02, excess@2=204.8079, tail@2=1.889774e-01, score=-61.593241 | LR: 1.0000e-03
     25 total:23.62503 | blocks:2 | L1_step:0.59602 (2.5%) | L2_step:0.01785 (0.1%) L2_final:0.11936 (0.5%) | L3_e3:22.89180 (96.9%) | final_max_PQ:1.521e-01
     50 total:22.70999 | blocks:2 | L1_step:0.92580 (4.1%) | L2_step:0.01854 (0.1%) L2_final:0.12522 (0.6%) | L3_e3:21.64042 (95.3%) | final_max_PQ:1.556e-01
🟩 Epoch 7 | Train loss = 22.6303 | Val conv@1=0.0000, conv@2=0.0000, conv@3=0.0000, conv@5=0.0000, residual@1=4.019067e-02, residual@2=1.824145e-02, residual@3=1.090271e-02, excess@2=181.4145, tail@2=1.837706e-01, score=-54.574670 | LR: 1.0000e-03
     25 total:22.30401 | blocks:1 | L1_step:0.47763 (2.1%) | L2_step:0.02478 (0.1%) L2_final:0.14850 (0.7%) | L3_e3:21.65310 (97.1%) | final_max_PQ:3.979e-01
     50 total:26.54676 | blocks:2 | L1_step:0.71473 (2.7%) | L2_step:0.01666 (0.1%) L2_final:0.10605 (0.4%) | L3_e3:25.70933 (96.8%) | final_max_PQ:1.751e-01
🟩 Epoch 8 | Train loss = 22.6444 | Val conv@1=0.0000, conv@2=0.0000, conv@3=0.0000, conv@5=0.0000, residual@1=3.852460e-02, residual@2=1.710310e-02, residual@3=1.025571e-02, excess@2=170.0310, tail@2=1.777216e-01, score=-51.158970 | LR: 1.0000e-03
     25 total:24.95862 | blocks:1 | L1_step:0.49825 (2.0%) | L2_step:0.02340 (0.1%) L2_final:0.14166 (0.6%) | L3_e3:24.29531 (97.3%) | final_max_PQ:3.095e-01
     50 total:24.13920 | blocks:1 | L1_step:0.48018 (2.0%) | L2_step:0.02536 (0.1%) L2_final:0.14191 (0.6%) | L3_e3:23.49175 (97.3%) | final_max_PQ:3.563e-01
🟩 Epoch 9 | Train loss = 23.1278 | Val conv@1=0.0000, conv@2=0.0000, conv@3=0.0000, conv@5=0.0000, residual@1=3.447025e-02, residual@2=1.403446e-02, residual@3=8.013509e-03, excess@2=139.3446, tail@2=1.722916e-01, score=-41.952415 | LR: 1.0000e-03
     25 total:26.12764 | blocks:1 | L1_step:0.51450 (2.0%) | L2_step:0.02923 (0.1%) L2_final:0.16276 (0.6%) | L3_e3:25.42115 (97.3%) | final_max_PQ:2.885e-01
     50 total:20.86686 | blocks:1 | L1_step:0.42754 (2.0%) | L2_step:0.02491 (0.1%) L2_final:0.12254 (0.6%) | L3_e3:20.29186 (97.2%) | final_max_PQ:2.736e-01
🟩 Epoch 10 | Train loss = 25.3493 | Val conv@1=0.0000, conv@2=0.0000, conv@3=0.0000, conv@5=0.0000, residual@1=2.868801e-02, residual@2=1.079198e-02, residual@3=6.580965e-03, excess@2=106.9198, tail@2=1.548327e-01, score=-32.222847 | LR: 1.0000e-03
     25 total:22.52497 | blocks:1 | L1_step:0.60742 (2.7%) | L2_step:0.02272 (0.1%) L2_final:0.09977 (0.4%) | L3_e3:21.79505 (96.8%) | final_max_PQ:2.869e-01
     50 total:30.77717 | blocks:1 | L1_step:0.51295 (1.7%) | L2_step:0.02819 (0.1%) L2_final:0.12604 (0.4%) | L3_e3:30.10998 (97.8%) | final_max_PQ:3.746e-01
🔘 Epoch 11 No Improvement (1/40) | Val conv@1=0.0000, conv@2=0.0000, conv@3=0.0000, conv@5=0.0000, residual@1=3.088619e-02, residual@2=1.220588e-02
     25 total:23.53929 | blocks:1 | L1_step:0.47333 (2.0%) | L2_step:0.02623 (0.1%) L2_final:0.11063 (0.5%) | L3_e3:22.92910 (97.4%) | final_max_PQ:3.807e-01
     50 total:23.56416 | blocks:2 | L1_step:0.72827 (3.1%) | L2_step:0.01655 (0.1%) L2_final:0.06872 (0.3%) | L3_e3:22.75061 (96.5%) | final_max_PQ:7.592e-02
🟩 Epoch 12 | Train loss = 26.4896 | Val conv@1=0.0000, conv@2=0.0000, conv@3=0.0000, conv@5=0.0000, residual@1=3.070626e-02, residual@2=7.189395e-03, residual@3=4.738041e-03, excess@2=70.8940, tail@2=1.056103e-01, score=-21.407432 | LR: 1.0000e-03
     25 total:31.09857 | blocks:1 | L1_step:0.83876 (2.7%) | L2_step:0.02991 (0.1%) L2_final:0.12625 (0.4%) | L3_e3:30.10365 (96.8%) | final_max_PQ:5.340e-01
     50 total:27.14750 | blocks:1 | L1_step:0.47824 (1.8%) | L2_step:0.02617 (0.1%) L2_final:0.10566 (0.4%) | L3_e3:26.53744 (97.8%) | final_max_PQ:6.482e-01
🟩 Epoch 13 | Train loss = 27.1444 | Val conv@1=0.0000, conv@2=0.0000, conv@3=0.0000, conv@5=0.0000, residual@1=3.356376e-02, residual@2=5.289587e-03, residual@3=3.974128e-03, excess@2=51.8959, tail@2=8.120193e-02, score=-15.702753 | LR: 1.0000e-03
     25 total:21.80203 | blocks:1 | L1_step:0.34194 (1.6%) | L2_step:0.02826 (0.1%) L2_final:0.13066 (0.6%) | L3_e3:21.30116 (97.7%) | final_max_PQ:1.166e+00
     50 total:34.23529 | blocks:2 | L1_step:0.96324 (2.8%) | L2_step:0.01375 (0.0%) L2_final:0.06831 (0.2%) | L3_e3:33.18999 (96.9%) | final_max_PQ:8.776e-02
🔘 Epoch 14 No Improvement (1/40) | Val conv@1=0.0000, conv@2=0.0000, conv@3=0.0000, conv@5=0.0000, residual@1=3.414477e-02, residual@2=5.334865e-03
     25 total:20.08923 | blocks:1 | L1_step:0.29213 (1.5%) | L2_step:0.02878 (0.1%) L2_final:0.12400 (0.6%) | L3_e3:19.64432 (97.8%) | final_max_PQ:1.229e+00
     50 total:26.38941 | blocks:1 | L1_step:0.40190 (1.5%) | L2_step:0.02122 (0.1%) L2_final:0.08423 (0.3%) | L3_e3:25.88206 (98.1%) | final_max_PQ:1.299e+00
🟩 Epoch 15 | Train loss = 21.5599 | Val conv@1=0.0000, conv@2=0.0000, conv@3=0.0000, conv@5=0.0000, residual@1=2.332936e-02, residual@2=3.996319e-03, residual@3=3.698949e-03, excess@2=38.9632, tail@2=4.410760e-02, score=-11.810743 | LR: 1.0000e-03
     25 total:21.84037 | blocks:1 | L1_step:0.37340 (1.7%) | L2_step:0.02025 (0.1%) L2_final:0.06610 (0.3%) | L3_e3:21.38062 (97.9%) | final_max_PQ:9.486e-01
     50 total:27.83333 | blocks:1 | L1_step:0.34262 (1.2%) | L2_step:0.02199 (0.1%) L2_final:0.07524 (0.3%) | L3_e3:27.39348 (98.4%) | final_max_PQ:1.012e+00
🟩 Epoch 16 | Train loss = 21.9874 | Val conv@1=0.0000, conv@2=0.0000, conv@3=0.0000, conv@5=0.0000, residual@1=2.093117e-02, residual@2=3.858118e-03, residual@3=3.666881e-03, excess@2=37.5812, tail@2=3.641099e-02, score=-11.392303 | LR: 1.0000e-03
     25 total:20.97970 | blocks:1 | L1_step:0.32284 (1.5%) | L2_step:0.02231 (0.1%) L2_final:0.07067 (0.3%) | L3_e3:20.56388 (98.0%) | final_max_PQ:1.187e+00
     50 total:22.15718 | blocks:1 | L1_step:0.33090 (1.5%) | L2_step:0.02332 (0.1%) L2_final:0.08761 (0.4%) | L3_e3:21.71534 (98.0%) | final_max_PQ:1.973e+00
🟩 Epoch 17 | Train loss = 23.1503 | Val conv@1=0.0000, conv@2=0.0000, conv@3=0.0000, conv@5=0.0000, residual@1=2.607109e-02, residual@2=2.375217e-03, residual@3=2.092318e-03, excess@2=22.7522, tail@2=1.290840e-01, score=-6.968913 | LR: 1.0000e-03
     25 total:43.21579 | blocks:2 | L1_step:0.89123 (2.1%) | L2_step:0.01228 (0.0%) L2_final:0.05421 (0.1%) | L3_e3:42.25807 (97.8%) | final_max_PQ:1.420e-02
     50 total:26.43450 | blocks:2 | L1_step:0.79487 (3.0%) | L2_step:0.01831 (0.1%) L2_final:0.08291 (0.3%) | L3_e3:25.53841 (96.6%) | final_max_PQ:4.544e-02
🔘 Epoch 18 No Improvement (1/40) | Val conv@1=0.0000, conv@2=0.0000, conv@3=0.0000, conv@5=0.0000, residual@1=2.228031e-02, residual@2=3.966795e-03
     25 total:25.52830 | blocks:2 | L1_step:0.88872 (3.5%) | L2_step:0.01259 (0.0%) L2_final:0.05217 (0.2%) | L3_e3:24.57482 (96.3%) | final_max_PQ:2.056e-02
     50 total:26.58677 | blocks:1 | L1_step:0.37097 (1.4%) | L2_step:0.02077 (0.1%) L2_final:0.07300 (0.3%) | L3_e3:26.12203 (98.3%) | final_max_PQ:1.568e+00
🔘 Epoch 19 No Improvement (2/40) | Val conv@1=0.0000, conv@2=0.0000, conv@3=0.0000, conv@5=0.0000, residual@1=1.605143e-02, residual@2=2.836778e-03
     25 total:27.40260 | blocks:1 | L1_step:0.44372 (1.6%) | L2_step:0.01817 (0.1%) L2_final:0.05302 (0.2%) | L3_e3:26.88769 (98.1%) | final_max_PQ:1.122e+00
     50 total:21.19345 | blocks:1 | L1_step:0.32240 (1.5%) | L2_step:0.02003 (0.1%) L2_final:0.06038 (0.3%) | L3_e3:20.79064 (98.1%) | final_max_PQ:1.862e+00
🟩 Epoch 20 | Train loss = 19.6384 | Val conv@1=0.0000, conv@2=0.0000, conv@3=0.0000, conv@5=0.0000, residual@1=1.100854e-02, residual@2=1.508304e-03, residual@3=1.328194e-03, excess@2=14.0830, tail@2=1.637173e-02, score=-4.326874 | LR: 1.0000e-03
     25 total:21.54511 | blocks:2 | L1_step:0.60250 (2.8%) | L2_step:0.01070 (0.0%) L2_final:0.02695 (0.1%) | L3_e3:20.90497 (97.0%) | final_max_PQ:1.309e-02
     50 total:21.76429 | blocks:1 | L1_step:0.52094 (2.4%) | L2_step:0.01709 (0.1%) L2_final:0.03393 (0.2%) | L3_e3:21.19234 (97.4%) | final_max_PQ:2.857e-01
🔘 Epoch 21 No Improvement (1/40) | Val conv@1=0.0000, conv@2=0.0000, conv@3=0.0000, conv@5=0.0000, residual@1=1.145564e-02, residual@2=5.125666e-03
     25 total:17.00715 | blocks:2 | L1_step:0.64417 (3.8%) | L2_step:0.01059 (0.1%) L2_final:0.02182 (0.1%) | L3_e3:16.33056 (96.0%) | final_max_PQ:9.428e-03
     50 total:17.93896 | blocks:2 | L1_step:0.57710 (3.2%) | L2_step:0.01110 (0.1%) L2_final:0.02371 (0.1%) | L3_e3:17.32705 (96.6%) | final_max_PQ:1.155e-02
🔘 Epoch 22 No Improvement (2/40) | Val conv@1=0.0000, conv@2=0.0000, conv@3=0.0000, conv@5=0.0000, residual@1=6.582631e-03, residual@2=1.898681e-03
     25 total:20.36629 | blocks:1 | L1_step:0.64541 (3.2%) | L2_step:0.01750 (0.1%) L2_final:0.02817 (0.1%) | L3_e3:19.67521 (96.6%) | final_max_PQ:3.423e-01
     50 total:20.76097 | blocks:2 | L1_step:0.49126 (2.4%) | L2_step:0.01023 (0.0%) L2_final:0.02389 (0.1%) | L3_e3:20.23559 (97.5%) | final_max_PQ:1.062e-02
🔘 Epoch 23 No Improvement (3/40) | Val conv@1=0.0000, conv@2=0.0000, conv@3=0.0000, conv@5=0.0000, residual@1=7.353328e-03, residual@2=2.365415e-03
     25 total:15.98722 | blocks:1 | L1_step:0.21291 (1.3%) | L2_step:0.01570 (0.1%) L2_final:0.02198 (0.1%) | L3_e3:15.73663 (98.4%) | final_max_PQ:2.937e-01
     50 total:16.59476 | blocks:1 | L1_step:0.23816 (1.4%) | L2_step:0.01385 (0.1%) L2_final:0.01901 (0.1%) | L3_e3:16.32374 (98.4%) | final_max_PQ:7.373e-02
🔘 Epoch 24 No Improvement (4/40) | Val conv@1=0.0000, conv@2=0.0000, conv@3=0.0000, conv@5=0.0000, residual@1=4.895064e-03, residual@2=1.897853e-03
     25 total:21.07732 | blocks:2 | L1_step:0.69273 (3.3%) | L2_step:0.00790 (0.0%) L2_final:0.01802 (0.1%) | L3_e3:20.35867 (96.6%) | final_max_PQ:6.281e-03
     50 total:17.15552 | blocks:1 | L1_step:0.28018 (1.6%) | L2_step:0.01494 (0.1%) L2_final:0.02285 (0.1%) | L3_e3:16.83755 (98.1%) | final_max_PQ:2.347e-01
🔘 Epoch 25 No Improvement (5/40) | Val conv@1=0.0000, conv@2=0.0000, conv@3=0.0000, conv@5=0.0000, residual@1=6.247572e-03, residual@2=4.062319e-03
     25 total:27.40270 | blocks:2 | L1_step:0.42425 (1.5%) | L2_step:0.00927 (0.0%) L2_final:0.02261 (0.1%) | L3_e3:26.94657 (98.3%) | final_max_PQ:8.076e-03
     50 total:14.03863 | blocks:3 | L1_step:0.55749 (4.0%) | L2_step:0.00650 (0.0%) L2_final:0.01351 (0.1%) | L3_e3:13.46113 (95.9%) | final_max_PQ:6.830e-03
🔘 Epoch 26 No Improvement (6/40) | Val conv@1=0.0000, conv@2=0.0000, conv@3=0.0000, conv@5=0.0000, residual@1=4.272554e-03, residual@2=2.111544e-03
     25 total:19.93434 | blocks:2 | L1_step:0.67571 (3.4%) | L2_step:0.00771 (0.0%) L2_final:0.01666 (0.1%) | L3_e3:19.23426 (96.5%) | final_max_PQ:9.040e-03
     50 total:17.76566 | blocks:2 | L1_step:0.42988 (2.4%) | L2_step:0.00832 (0.0%) L2_final:0.01597 (0.1%) | L3_e3:17.31149 (97.4%) | final_max_PQ:1.107e-02
🔘 Epoch 27 No Improvement (7/40) | Val conv@1=0.0000, conv@2=0.0000, conv@3=0.0000, conv@5=0.0000, residual@1=5.630105e-03, residual@2=4.185857e-03
     25 total:19.57779 | blocks:2 | L1_step:0.60361 (3.1%) | L2_step:0.00860 (0.0%) L2_final:0.01721 (0.1%) | L3_e3:18.94837 (96.8%) | final_max_PQ:8.755e-03
     50 total:14.75288 | blocks:2 | L1_step:0.71790 (4.9%) | L2_step:0.00727 (0.0%) L2_final:0.01251 (0.1%) | L3_e3:14.01521 (95.0%) | final_max_PQ:1.022e-02
🔘 Epoch 28 No Improvement (8/40) | Val conv@1=0.0000, conv@2=0.0000, conv@3=0.0000, conv@5=0.0000, residual@1=4.434486e-03, residual@2=2.432175e-03
     25 total:10.58266 | blocks:3 | L1_step:0.36620 (3.5%) | L2_step:0.00622 (0.1%) L2_final:0.00998 (0.1%) | L3_e3:10.20027 (96.4%) | final_max_PQ:5.714e-03
     50 total:16.94583 | blocks:1 | L1_step:0.31012 (1.8%) | L2_step:0.01262 (0.1%) L2_final:0.01771 (0.1%) | L3_e3:16.60539 (98.0%) | final_max_PQ:2.296e-01
🔘 Epoch 29 No Improvement (9/40) | Val conv@1=0.0000, conv@2=0.0000, conv@3=0.0000, conv@5=0.0000, residual@1=3.812403e-03, residual@2=2.151518e-03
     25 total:32.02301 | blocks:2 | L1_step:0.78800 (2.5%) | L2_step:0.00827 (0.0%) L2_final:0.02560 (0.1%) | L3_e3:31.20114 (97.4%) | final_max_PQ:1.115e-02
     50 total:15.94045 | blocks:2 | L1_step:0.56499 (3.5%) | L2_step:0.00658 (0.0%) L2_final:0.01359 (0.1%) | L3_e3:15.35530 (96.3%) | final_max_PQ:8.362e-03
🔘 Epoch 30 No Improvement (10/40) | Val conv@1=0.0000, conv@2=0.0000, conv@3=0.0000, conv@5=0.0000, residual@1=4.390143e-03, residual@2=2.485519e-03
     25 total:14.73194 | blocks:1 | L1_step:0.23965 (1.6%) | L2_step:0.01072 (0.1%) L2_final:0.01267 (0.1%) | L3_e3:14.46891 (98.2%) | final_max_PQ:4.525e-02
     50 total:14.00512 | blocks:2 | L1_step:0.38695 (2.8%) | L2_step:0.00675 (0.0%) L2_final:0.01104 (0.1%) | L3_e3:13.60038 (97.1%) | final_max_PQ:7.245e-03
🔘 Epoch 31 No Improvement (11/40) | Val conv@1=0.0000, conv@2=0.0000, conv@3=0.0000, conv@5=0.0000, residual@1=2.802297e-03, residual@2=1.582027e-03
     25 total:19.13456 | blocks:1 | L1_step:0.18829 (1.0%) | L2_step:0.01134 (0.1%) L2_final:0.01589 (0.1%) | L3_e3:18.91904 (98.9%) | final_max_PQ:4.123e-02
     50 total:18.54123 | blocks:2 | L1_step:0.31470 (1.7%) | L2_step:0.00646 (0.0%) L2_final:0.01392 (0.1%) | L3_e3:18.20616 (98.2%) | final_max_PQ:8.192e-03
🔘 Epoch 32 No Improvement (12/40) | Val conv@1=0.0000, conv@2=0.0000, conv@3=0.0000, conv@5=0.0000, residual@1=3.078144e-03, residual@2=1.970512e-03
     25 total:12.66053 | blocks:3 | L1_step:0.44509 (3.5%) | L2_step:0.00542 (0.0%) L2_final:0.01089 (0.1%) | L3_e3:12.19913 (96.4%) | final_max_PQ:4.738e-03
     50 total:12.70367 | blocks:2 | L1_step:0.49109 (3.9%) | L2_step:0.00670 (0.1%) L2_final:0.01037 (0.1%) | L3_e3:12.19552 (96.0%) | final_max_PQ:8.109e-03
🟩 Epoch 33 | Train loss = 13.9030 | Val conv@1=0.0000, conv@2=0.0000, conv@3=0.0000, conv@5=0.0000, residual@1=2.238420e-03, residual@2=1.040798e-03, residual@3=9.440545e-04, excess@2=9.4080, tail@2=9.878136e-03, score=-2.914253 | LR: 1.0000e-03
     25 total:18.60132 | blocks:1 | L1_step:0.41077 (2.2%) | L2_step:0.01142 (0.1%) L2_final:0.01568 (0.1%) | L3_e3:18.16345 (97.6%) | final_max_PQ:6.600e-02
     50 total:12.18878 | blocks:2 | L1_step:0.41959 (3.4%) | L2_step:0.00623 (0.1%) L2_final:0.00987 (0.1%) | L3_e3:11.75309 (96.4%) | final_max_PQ:9.502e-03
🔘 Epoch 34 No Improvement (1/40) | Val conv@1=0.0000, conv@2=0.0000, conv@3=0.0000, conv@5=0.0000, residual@1=2.603141e-03, residual@2=1.563327e-03
     25 total:10.57510 | blocks:3 | L1_step:0.32647 (3.1%) | L2_step:0.00550 (0.1%) L2_final:0.00893 (0.1%) | L3_e3:10.23419 (96.8%) | final_max_PQ:4.423e-03
     50 total:10.39153 | blocks:2 | L1_step:0.32925 (3.2%) | L2_step:0.00659 (0.1%) L2_final:0.00826 (0.1%) | L3_e3:10.04744 (96.7%) | final_max_PQ:8.421e-03
🔘 Epoch 35 No Improvement (2/40) | Val conv@1=0.0000, conv@2=0.0000, conv@3=0.0000, conv@5=0.0000, residual@1=3.828013e-03, residual@2=3.028415e-03
     25 total:18.69612 | blocks:1 | L1_step:0.42272 (2.3%) | L2_step:0.01163 (0.1%) L2_final:0.01554 (0.1%) | L3_e3:18.24623 (97.6%) | final_max_PQ:5.556e-02
     50 total:11.69593 | blocks:2 | L1_step:0.28935 (2.5%) | L2_step:0.00708 (0.1%) L2_final:0.00934 (0.1%) | L3_e3:11.39017 (97.4%) | final_max_PQ:7.603e-03
🔘 Epoch 36 No Improvement (3/40) | Val conv@1=0.0000, conv@2=0.0000, conv@3=0.0000, conv@5=0.0000, residual@1=2.607775e-03, residual@2=1.697547e-03
     25 total:19.07052 | blocks:1 | L1_step:0.49944 (2.6%) | L2_step:0.01029 (0.1%) L2_final:0.01476 (0.1%) | L3_e3:18.54602 (97.2%) | final_max_PQ:2.680e-02
     50 total:18.07405 | blocks:1 | L1_step:0.45641 (2.5%) | L2_step:0.00943 (0.1%) L2_final:0.01397 (0.1%) | L3_e3:17.59424 (97.3%) | final_max_PQ:2.510e-02
🔘 Epoch 37 No Improvement (4/40) | Val conv@1=0.0000, conv@2=0.0000, conv@3=0.0000, conv@5=0.0000, residual@1=2.741234e-03, residual@2=2.013984e-03
     25 total:10.55661 | blocks:2 | L1_step:0.34741 (3.3%) | L2_step:0.00612 (0.1%) L2_final:0.00833 (0.1%) | L3_e3:10.19474 (96.6%) | final_max_PQ:8.365e-03
     50 total:10.32950 | blocks:2 | L1_step:0.33437 (3.2%) | L2_step:0.00633 (0.1%) L2_final:0.00791 (0.1%) | L3_e3:9.98090 (96.6%) | final_max_PQ:7.553e-03
🔘 Epoch 38 No Improvement (5/40) | Val conv@1=0.0000, conv@2=0.0000, conv@3=0.0000, conv@5=0.0000, residual@1=2.465842e-03, residual@2=1.720129e-03
     25 total:15.88118 | blocks:2 | L1_step:0.70438 (4.4%) | L2_step:0.00607 (0.0%) L2_final:0.01152 (0.1%) | L3_e3:15.15921 (95.5%) | final_max_PQ:6.586e-03
     50 total:11.44241 | blocks:2 | L1_step:0.27390 (2.4%) | L2_step:0.00685 (0.1%) L2_final:0.00970 (0.1%) | L3_e3:11.15197 (97.5%) | final_max_PQ:7.988e-03
🔘 Epoch 39 No Improvement (6/40) | Val conv@1=0.0000, conv@2=0.0000, conv@3=0.0000, conv@5=0.0000, residual@1=3.582798e-03, residual@2=2.537550e-03
     25 total:11.08786 | blocks:2 | L1_step:0.34548 (3.1%) | L2_step:0.00635 (0.1%) L2_final:0.00860 (0.1%) | L3_e3:10.72742 (96.7%) | final_max_PQ:7.682e-03
     50 total:18.42584 | blocks:2 | L1_step:0.30037 (1.6%) | L2_step:0.00651 (0.0%) L2_final:0.01362 (0.1%) | L3_e3:18.10534 (98.3%) | final_max_PQ:1.182e-02
🔘 Epoch 40 No Improvement (7/40) | Val conv@1=0.0000, conv@2=0.0000, conv@3=0.0000, conv@5=0.0000, residual@1=2.935447e-03, residual@2=2.069364e-03
     25 total:13.26284 | blocks:2 | L1_step:0.35847 (2.7%) | L2_step:0.00580 (0.0%) L2_final:0.00977 (0.1%) | L3_e3:12.88880 (97.2%) | final_max_PQ:6.393e-03
     50 total:12.26066 | blocks:3 | L1_step:0.42846 (3.5%) | L2_step:0.00504 (0.0%) L2_final:0.00976 (0.1%) | L3_e3:11.81740 (96.4%) | final_max_PQ:5.243e-03
🔘 Epoch 41 No Improvement (8/40) | Val conv@1=0.0000, conv@2=0.0000, conv@3=0.0000, conv@5=0.0000, residual@1=2.927228e-03, residual@2=2.280398e-03
     25 total:9.98067 | blocks:3 | L1_step:0.31226 (3.1%) | L2_step:0.00508 (0.1%) L2_final:0.00829 (0.1%) | L3_e3:9.65504 (96.7%) | final_max_PQ:6.280e-03
     50 total:12.44462 | blocks:2 | L1_step:0.34570 (2.8%) | L2_step:0.00597 (0.0%) L2_final:0.00966 (0.1%) | L3_e3:12.08329 (97.1%) | final_max_PQ:7.068e-03
🔘 Epoch 42 No Improvement (9/40) | Val conv@1=0.0000, conv@2=0.0000, conv@3=0.0000, conv@5=0.0000, residual@1=3.386820e-03, residual@2=2.633385e-03
     25 total:11.78385 | blocks:2 | L1_step:0.52321 (4.4%) | L2_step:0.00543 (0.0%) L2_final:0.00868 (0.1%) | L3_e3:11.24654 (95.4%) | final_max_PQ:5.871e-03
     50 total:13.13885 | blocks:2 | L1_step:0.29497 (2.2%) | L2_step:0.00605 (0.0%) L2_final:0.00987 (0.1%) | L3_e3:12.82796 (97.6%) | final_max_PQ:7.477e-03
🔘 Epoch 43 No Improvement (10/40) | Val conv@1=0.0000, conv@2=0.0000, conv@3=0.0000, conv@5=0.0000, residual@1=2.808266e-03, residual@2=2.112343e-03
     25 total:11.01297 | blocks:3 | L1_step:0.31599 (2.9%) | L2_step:0.00509 (0.0%) L2_final:0.00921 (0.1%) | L3_e3:10.68267 (97.0%) | final_max_PQ:3.974e-03
     50 total:12.28621 | blocks:3 | L1_step:0.32390 (2.6%) | L2_step:0.00468 (0.0%) L2_final:0.00953 (0.1%) | L3_e3:11.94810 (97.2%) | final_max_PQ:4.983e-03
🔘 Epoch 44 No Improvement (11/40) | Val conv@1=0.0000, conv@2=0.0000, conv@3=0.0000, conv@5=0.0000, residual@1=2.359750e-03, residual@2=1.565858e-03
     25 total:11.11266 | blocks:3 | L1_step:0.42487 (3.8%) | L2_step:0.00510 (0.0%) L2_final:0.00895 (0.1%) | L3_e3:10.67374 (96.1%) | final_max_PQ:5.617e-03
     50 total:11.22939 | blocks:3 | L1_step:0.51985 (4.6%) | L2_step:0.00504 (0.0%) L2_final:0.00900 (0.1%) | L3_e3:10.69550 (95.2%) | final_max_PQ:4.328e-03
🔘 Epoch 45 No Improvement (12/40) | Val conv@1=0.0000, conv@2=0.0000, conv@3=0.0000, conv@5=0.0000, residual@1=2.373991e-03, residual@2=1.543931e-03
     25 total:11.86677 | blocks:2 | L1_step:0.27857 (2.3%) | L2_step:0.00673 (0.1%) L2_final:0.00922 (0.1%) | L3_e3:11.57225 (97.5%) | final_max_PQ:6.956e-03
     50 total:9.34661 | blocks:3 | L1_step:0.33697 (3.6%) | L2_step:0.00478 (0.1%) L2_final:0.00771 (0.1%) | L3_e3:8.99716 (96.3%) | final_max_PQ:3.700e-03
🔘 Epoch 46 No Improvement (13/40) | Val conv@1=0.0000, conv@2=0.0000, conv@3=0.0000, conv@5=0.0000, residual@1=2.571636e-03, residual@2=1.821929e-03
     25 total:11.09050 | blocks:2 | L1_step:0.28006 (2.5%) | L2_step:0.00556 (0.1%) L2_final:0.00870 (0.1%) | L3_e3:10.79618 (97.3%) | final_max_PQ:8.431e-03
     50 total:9.28206 | blocks:3 | L1_step:0.31650 (3.4%) | L2_step:0.00453 (0.0%) L2_final:0.00746 (0.1%) | L3_e3:8.95357 (96.5%) | final_max_PQ:3.543e-03
🔘 Epoch 47 No Improvement (14/40) | Val conv@1=0.0000, conv@2=0.0000, conv@3=0.0000, conv@5=0.0000, residual@1=2.035911e-03, residual@2=1.310791e-03
     25 total:8.68130 | blocks:2 | L1_step:0.28206 (3.2%) | L2_step:0.00519 (0.1%) L2_final:0.00668 (0.1%) | L3_e3:8.38738 (96.6%) | final_max_PQ:6.079e-03
     50 total:13.41090 | blocks:2 | L1_step:0.75085 (5.6%) | L2_step:0.00521 (0.0%) L2_final:0.01013 (0.1%) | L3_e3:12.64472 (94.3%) | final_max_PQ:1.134e-02
🔘 Epoch 48 No Improvement (15/40) | Val conv@1=0.0000, conv@2=0.0000, conv@3=0.0000, conv@5=0.0000, residual@1=2.320989e-03, residual@2=1.676958e-03
     25 total:14.12292 | blocks:2 | L1_step:0.74713 (5.3%) | L2_step:0.00557 (0.0%) L2_final:0.01045 (0.1%) | L3_e3:13.35978 (94.6%) | final_max_PQ:1.014e-02
     50 total:10.73801 | blocks:2 | L1_step:0.52038 (4.8%) | L2_step:0.00586 (0.1%) L2_final:0.00800 (0.1%) | L3_e3:10.20378 (95.0%) | final_max_PQ:7.442e-03
🔘 Epoch 49 No Improvement (16/40) | Val conv@1=0.0000, conv@2=0.0000, conv@3=0.0000, conv@5=0.0000, residual@1=2.692448e-03, residual@2=1.933763e-03
     25 total:14.76757 | blocks:2 | L1_step:0.51333 (3.5%) | L2_step:0.00538 (0.0%) L2_final:0.01061 (0.1%) | L3_e3:14.23825 (96.4%) | final_max_PQ:9.275e-03
     50 total:9.70758 | blocks:2 | L1_step:0.33402 (3.4%) | L2_step:0.00556 (0.1%) L2_final:0.00751 (0.1%) | L3_e3:9.36049 (96.4%) | final_max_PQ:1.055e-02
🔘 Epoch 50 No Improvement (17/40) | Val conv@1=0.0000, conv@2=0.0000, conv@3=0.0000, conv@5=0.0000, residual@1=2.594539e-03, residual@2=1.799152e-03
     25 total:14.98303 | blocks:3 | L1_step:0.67998 (4.5%) | L2_step:0.00481 (0.0%) L2_final:0.01147 (0.1%) | L3_e3:14.28676 (95.4%) | final_max_PQ:5.471e-03
     50 total:12.66591 | blocks:3 | L1_step:0.52449 (4.1%) | L2_step:0.00502 (0.0%) L2_final:0.01017 (0.1%) | L3_e3:12.12623 (95.7%) | final_max_PQ:4.721e-03
🔘 Epoch 51 No Improvement (18/40) | Val conv@1=0.0000, conv@2=0.0000, conv@3=0.0000, conv@5=0.0000, residual@1=2.715182e-03, residual@2=1.925276e-03
     25 total:9.46283 | blocks:3 | L1_step:0.41540 (4.4%) | L2_step:0.00453 (0.0%) L2_final:0.00772 (0.1%) | L3_e3:9.03518 (95.5%) | final_max_PQ:3.991e-03
     50 total:9.89056 | blocks:2 | L1_step:0.28636 (2.9%) | L2_step:0.00554 (0.1%) L2_final:0.00780 (0.1%) | L3_e3:9.59085 (97.0%) | final_max_PQ:8.569e-03
🟩 Epoch 52 | Train loss = 11.5688 | Val conv@1=0.0000, conv@2=0.0000, conv@3=0.0000, conv@5=0.0000, residual@1=1.785523e-03, residual@2=9.633851e-04, residual@3=8.695310e-04, excess@2=8.6339, tail@2=9.252064e-03, score=-2.680704 | LR: 1.0000e-03
     25 total:11.21756 | blocks:2 | L1_step:0.28426 (2.5%) | L2_step:0.00580 (0.1%) L2_final:0.00837 (0.1%) | L3_e3:10.91913 (97.3%) | final_max_PQ:7.371e-03
     50 total:16.64316 | blocks:2 | L1_step:0.64348 (3.9%) | L2_step:0.00587 (0.0%) L2_final:0.01227 (0.1%) | L3_e3:15.98154 (96.0%) | final_max_PQ:8.000e-03
🔘 Epoch 53 No Improvement (1/40) | Val conv@1=0.0000, conv@2=0.0000, conv@3=0.0000, conv@5=0.0000, residual@1=2.614637e-03, residual@2=1.692449e-03
     25 total:13.23566 | blocks:2 | L1_step:0.50643 (3.8%) | L2_step:0.00677 (0.1%) L2_final:0.01094 (0.1%) | L3_e3:12.71153 (96.0%) | final_max_PQ:8.235e-03
     50 total:9.50288 | blocks:2 | L1_step:0.27652 (2.9%) | L2_step:0.00515 (0.1%) L2_final:0.00716 (0.1%) | L3_e3:9.21406 (97.0%) | final_max_PQ:5.806e-03
🔘 Epoch 54 No Improvement (2/40) | Val conv@1=0.0000, conv@2=0.0000, conv@3=0.0000, conv@5=0.0000, residual@1=2.109439e-03, residual@2=1.493662e-03
     25 total:11.25671 | blocks:2 | L1_step:0.25823 (2.3%) | L2_step:0.00600 (0.1%) L2_final:0.00861 (0.1%) | L3_e3:10.98387 (97.6%) | final_max_PQ:8.761e-03
     50 total:10.11603 | blocks:2 | L1_step:0.28908 (2.9%) | L2_step:0.00496 (0.0%) L2_final:0.00757 (0.1%) | L3_e3:9.81441 (97.0%) | final_max_PQ:7.870e-03
🔘 Epoch 55 No Improvement (3/40) | Val conv@1=0.0000, conv@2=0.0000, conv@3=0.0000, conv@5=0.0000, residual@1=2.296671e-03, residual@2=1.566804e-03
     25 total:9.78832 | blocks:2 | L1_step:0.28361 (2.9%) | L2_step:0.00596 (0.1%) L2_final:0.00754 (0.1%) | L3_e3:9.49121 (97.0%) | final_max_PQ:9.699e-03
     50 total:12.38490 | blocks:1 | L1_step:0.29366 (2.4%) | L2_step:0.00828 (0.1%) L2_final:0.00947 (0.1%) | L3_e3:12.07348 (97.5%) | final_max_PQ:2.421e-02
🔘 Epoch 56 No Improvement (4/40) | Val conv@1=0.0000, conv@2=0.0000, conv@3=0.0000, conv@5=0.0000, residual@1=2.153062e-03, residual@2=1.280685e-03
     25 total:8.76302 | blocks:2 | L1_step:0.34853 (4.0%) | L2_step:0.00542 (0.1%) L2_final:0.00676 (0.1%) | L3_e3:8.40231 (95.9%) | final_max_PQ:6.176e-03
     50 total:11.83036 | blocks:2 | L1_step:0.58554 (4.9%) | L2_step:0.00563 (0.0%) L2_final:0.00868 (0.1%) | L3_e3:11.23051 (94.9%) | final_max_PQ:1.136e-02
🔘 Epoch 57 No Improvement (5/40) | Val conv@1=0.0000, conv@2=0.0000, conv@3=0.0000, conv@5=0.0000, residual@1=1.766815e-03, residual@2=1.061818e-03
     25 total:12.21450 | blocks:1 | L1_step:0.17597 (1.4%) | L2_step:0.01005 (0.1%) L2_final:0.00995 (0.1%) | L3_e3:12.01854 (98.4%) | final_max_PQ:2.219e-02
     50 total:11.67750 | blocks:2 | L1_step:0.48153 (4.1%) | L2_step:0.00580 (0.0%) L2_final:0.00886 (0.1%) | L3_e3:11.18130 (95.8%) | final_max_PQ:7.734e-03
🔘 Epoch 58 No Improvement (6/40) | Val conv@1=0.0000, conv@2=0.0000, conv@3=0.0000, conv@5=0.0000, residual@1=2.801131e-03, residual@2=2.164071e-03
     25 total:13.32884 | blocks:1 | L1_step:0.16633 (1.2%) | L2_step:0.01024 (0.1%) L2_final:0.01055 (0.1%) | L3_e3:13.14172 (98.6%) | final_max_PQ:2.575e-02
     50 total:11.84226 | blocks:2 | L1_step:0.28563 (2.4%) | L2_step:0.00515 (0.0%) L2_final:0.00843 (0.1%) | L3_e3:11.54305 (97.5%) | final_max_PQ:5.213e-03
🔘 Epoch 59 No Improvement (7/40) | Val conv@1=0.0000, conv@2=0.0000, conv@3=0.0000, conv@5=0.0000, residual@1=2.069102e-03, residual@2=1.554244e-03
     25 total:12.10377 | blocks:2 | L1_step:0.27328 (2.3%) | L2_step:0.00539 (0.0%) L2_final:0.00866 (0.1%) | L3_e3:11.81644 (97.6%) | final_max_PQ:6.675e-03
     50 total:7.66682 | blocks:2 | L1_step:0.26837 (3.5%) | L2_step:0.00430 (0.1%) L2_final:0.00569 (0.1%) | L3_e3:7.38845 (96.4%) | final_max_PQ:5.042e-03
🟩 Epoch 60 | Train loss = 9.8674 | Val conv@1=0.0000, conv@2=0.0000, conv@3=0.0000, conv@5=0.0000, residual@1=1.493511e-03, residual@2=8.498199e-04, residual@3=7.742171e-04, excess@2=7.4982, tail@2=8.922575e-03, score=-2.339283 | LR: 1.0000e-03
     25 total:12.27153 | blocks:1 | L1_step:0.16134 (1.3%) | L2_step:0.00871 (0.1%) L2_final:0.00942 (0.1%) | L3_e3:12.09206 (98.5%) | final_max_PQ:1.312e-02
     50 total:8.80169 | blocks:2 | L1_step:0.31313 (3.6%) | L2_step:0.00531 (0.1%) L2_final:0.00648 (0.1%) | L3_e3:8.47677 (96.3%) | final_max_PQ:5.560e-03
🔘 Epoch 61 No Improvement (1/40) | Val conv@1=0.0000, conv@2=0.0000, conv@3=0.0000, conv@5=0.0000, residual@1=2.060721e-03, residual@2=1.451839e-03
     25 total:10.50460 | blocks:1 | L1_step:0.13416 (1.3%) | L2_step:0.00907 (0.1%) L2_final:0.00848 (0.1%) | L3_e3:10.35290 (98.6%) | final_max_PQ:3.293e-02
     50 total:7.75676 | blocks:3 | L1_step:0.40650 (5.2%) | L2_step:0.00436 (0.1%) L2_final:0.00617 (0.1%) | L3_e3:7.33974 (94.6%) | final_max_PQ:5.532e-03
🔘 Epoch 62 No Improvement (2/40) | Val conv@1=0.0000, conv@2=0.0000, conv@3=0.0000, conv@5=0.0000, residual@1=2.493619e-03, residual@2=2.002346e-03
     25 total:9.69718 | blocks:2 | L1_step:0.31156 (3.2%) | L2_step:0.00546 (0.1%) L2_final:0.00723 (0.1%) | L3_e3:9.37293 (96.7%) | final_max_PQ:5.193e-03
     50 total:11.55155 | blocks:1 | L1_step:0.16731 (1.4%) | L2_step:0.00839 (0.1%) L2_final:0.00886 (0.1%) | L3_e3:11.36700 (98.4%) | final_max_PQ:2.141e-02
🔘 Epoch 63 No Improvement (3/40) | Val conv@1=0.0000, conv@2=0.0000, conv@3=0.0000, conv@5=0.0000, residual@1=3.092146e-03, residual@2=2.695199e-03
     25 total:11.42859 | blocks:1 | L1_step:0.29950 (2.6%) | L2_step:0.00973 (0.1%) L2_final:0.00904 (0.1%) | L3_e3:11.11032 (97.2%) | final_max_PQ:2.553e-02
     50 total:10.11550 | blocks:2 | L1_step:0.43189 (4.3%) | L2_step:0.00509 (0.1%) L2_final:0.00713 (0.1%) | L3_e3:9.67139 (95.6%) | final_max_PQ:5.276e-03
🔘 Epoch 64 No Improvement (4/40) | Val conv@1=0.0000, conv@2=0.0000, conv@3=0.0000, conv@5=0.0000, residual@1=1.619387e-03, residual@2=1.038652e-03
     25 total:7.82732 | blocks:2 | L1_step:0.24243 (3.1%) | L2_step:0.00492 (0.1%) L2_final:0.00594 (0.1%) | L3_e3:7.57404 (96.8%) | final_max_PQ:7.193e-03
     50 total:9.08346 | blocks:3 | L1_step:0.36888 (4.1%) | L2_step:0.00436 (0.0%) L2_final:0.00699 (0.1%) | L3_e3:8.70323 (95.8%) | final_max_PQ:4.037e-03
🔘 Epoch 65 No Improvement (5/40) | Val conv@1=0.0000, conv@2=0.0000, conv@3=0.0000, conv@5=0.0000, residual@1=2.707443e-03, residual@2=1.156796e-03
     25 total:14.21502 | blocks:2 | L1_step:0.24972 (1.8%) | L2_step:0.00549 (0.0%) L2_final:0.01022 (0.1%) | L3_e3:13.94959 (98.1%) | final_max_PQ:5.960e-03
     50 total:12.67176 | blocks:2 | L1_step:0.40857 (3.2%) | L2_step:0.00486 (0.0%) L2_final:0.00899 (0.1%) | L3_e3:12.24934 (96.7%) | final_max_PQ:6.685e-03
🔘 Epoch 66 No Improvement (6/40) | Val conv@1=0.0000, conv@2=0.0000, conv@3=0.0000, conv@5=0.0000, residual@1=2.576484e-03, residual@2=1.896959e-03
     25 total:13.20827 | blocks:1 | L1_step:0.19795 (1.5%) | L2_step:0.00852 (0.1%) L2_final:0.01051 (0.1%) | L3_e3:12.99129 (98.4%) | final_max_PQ:2.329e-02
     50 total:13.05699 | blocks:3 | L1_step:0.33403 (2.6%) | L2_step:0.00434 (0.0%) L2_final:0.00991 (0.1%) | L3_e3:12.70872 (97.3%) | final_max_PQ:3.331e-03
🔘 Epoch 67 No Improvement (7/40) | Val conv@1=0.0000, conv@2=0.0000, conv@3=0.0000, conv@5=0.0000, residual@1=2.703034e-03, residual@2=2.028563e-03
     25 total:9.36056 | blocks:3 | L1_step:0.39973 (4.3%) | L2_step:0.00427 (0.0%) L2_final:0.00726 (0.1%) | L3_e3:8.94930 (95.6%) | final_max_PQ:3.327e-03
     50 total:8.27027 | blocks:3 | L1_step:0.28146 (3.4%) | L2_step:0.00408 (0.0%) L2_final:0.00652 (0.1%) | L3_e3:7.97820 (96.5%) | final_max_PQ:4.868e-03
🔘 Epoch 68 No Improvement (8/40) | Val conv@1=0.0000, conv@2=0.0000, conv@3=0.0000, conv@5=0.0000, residual@1=2.006771e-03, residual@2=1.439083e-03
     25 total:9.68116 | blocks:2 | L1_step:0.27919 (2.9%) | L2_step:0.00621 (0.1%) L2_final:0.00747 (0.1%) | L3_e3:9.38830 (97.0%) | final_max_PQ:9.695e-03
     50 total:9.43091 | blocks:2 | L1_step:0.27462 (2.9%) | L2_step:0.00504 (0.1%) L2_final:0.00723 (0.1%) | L3_e3:9.14402 (97.0%) | final_max_PQ:1.027e-02
🔘 Epoch 69 No Improvement (9/40) | Val conv@1=0.0000, conv@2=0.0000, conv@3=0.0000, conv@5=0.0000, residual@1=1.590350e-03, residual@2=8.723650e-04
     25 total:9.95838 | blocks:3 | L1_step:0.27676 (2.8%) | L2_step:0.00432 (0.0%) L2_final:0.00816 (0.1%) | L3_e3:9.66915 (97.1%) | final_max_PQ:4.198e-03
     50 total:9.94095 | blocks:2 | L1_step:0.49516 (5.0%) | L2_step:0.00543 (0.1%) L2_final:0.00769 (0.1%) | L3_e3:9.43266 (94.9%) | final_max_PQ:8.170e-03
🔘 Epoch 70 No Improvement (10/40) | Val conv@1=0.0000, conv@2=0.0000, conv@3=0.0000, conv@5=0.0000, residual@1=2.005431e-03, residual@2=1.391375e-03
     25 total:12.23993 | blocks:2 | L1_step:0.33631 (2.7%) | L2_step:0.00458 (0.0%) L2_final:0.00856 (0.1%) | L3_e3:11.89048 (97.1%) | final_max_PQ:5.518e-03
     50 total:6.90366 | blocks:2 | L1_step:0.24998 (3.6%) | L2_step:0.00467 (0.1%) L2_final:0.00526 (0.1%) | L3_e3:6.64375 (96.2%) | final_max_PQ:6.824e-03
🔘 Epoch 71 No Improvement (11/40) | Val conv@1=0.0000, conv@2=0.0000, conv@3=0.0000, conv@5=0.0000, residual@1=2.041451e-03, residual@2=1.576050e-03
     25 total:9.76293 | blocks:2 | L1_step:0.31126 (3.2%) | L2_step:0.00500 (0.1%) L2_final:0.00723 (0.1%) | L3_e3:9.43944 (96.7%) | final_max_PQ:7.500e-03
     50 total:14.74579 | blocks:2 | L1_step:0.62055 (4.2%) | L2_step:0.00499 (0.0%) L2_final:0.01039 (0.1%) | L3_e3:14.10986 (95.7%) | final_max_PQ:9.135e-03
🔘 Epoch 72 No Improvement (12/40) | Val conv@1=0.0000, conv@2=0.0000, conv@3=0.0000, conv@5=0.0000, residual@1=2.197918e-03, residual@2=1.506147e-03
     25 total:9.79531 | blocks:2 | L1_step:0.38208 (3.9%) | L2_step:0.00446 (0.0%) L2_final:0.00728 (0.1%) | L3_e3:9.40148 (96.0%) | final_max_PQ:7.754e-03
     50 total:8.82947 | blocks:2 | L1_step:0.24326 (2.8%) | L2_step:0.00483 (0.1%) L2_final:0.00675 (0.1%) | L3_e3:8.57463 (97.1%) | final_max_PQ:7.536e-03
🔘 Epoch 73 No Improvement (13/40) | Val conv@1=0.0000, conv@2=0.0000, conv@3=0.0000, conv@5=0.0000, residual@1=2.096019e-03, residual@2=1.642839e-03
     25 total:8.38971 | blocks:3 | L1_step:0.28380 (3.4%) | L2_step:0.00344 (0.0%) L2_final:0.00634 (0.1%) | L3_e3:8.09614 (96.5%) | final_max_PQ:3.539e-03
     50 total:10.57374 | blocks:2 | L1_step:0.44462 (4.2%) | L2_step:0.00530 (0.1%) L2_final:0.00784 (0.1%) | L3_e3:10.11597 (95.7%) | final_max_PQ:5.322e-03
🔘 Epoch 74 No Improvement (14/40) | Val conv@1=0.0000, conv@2=0.0000, conv@3=0.0000, conv@5=0.0000, residual@1=2.139343e-03, residual@2=1.554909e-03
     25 total:8.62594 | blocks:2 | L1_step:0.20691 (2.4%) | L2_step:0.00509 (0.1%) L2_final:0.00657 (0.1%) | L3_e3:8.40737 (97.5%) | final_max_PQ:6.211e-03
     50 total:7.68001 | blocks:2 | L1_step:0.33400 (4.3%) | L2_step:0.00431 (0.1%) L2_final:0.00570 (0.1%) | L3_e3:7.33600 (95.5%) | final_max_PQ:5.876e-03
🟩 Epoch 75 | Train loss = 7.6880 | Val conv@1=0.0000, conv@2=0.0000, conv@3=0.0000, conv@5=0.0000, residual@1=1.487616e-03, residual@2=8.199741e-04, residual@3=7.541839e-04, excess@2=7.1997, tail@2=8.280262e-03, score=-2.248251 | LR: 1.0000e-03
     25 total:14.08206 | blocks:2 | L1_step:0.49867 (3.5%) | L2_step:0.00550 (0.0%) L2_final:0.01000 (0.1%) | L3_e3:13.56789 (96.3%) | final_max_PQ:4.547e-03
     50 total:9.65831 | blocks:3 | L1_step:0.69466 (7.2%) | L2_step:0.00350 (0.0%) L2_final:0.00715 (0.1%) | L3_e3:8.95301 (92.7%) | final_max_PQ:3.190e-03
🟩 Epoch 76 | Train loss = 11.1524 | Val conv@1=0.0000, conv@2=0.0000, conv@3=0.0000, conv@5=0.0000, residual@1=1.328966e-03, residual@2=7.234512e-04, residual@3=6.408709e-04, excess@2=6.2345, tail@2=8.640736e-03, score=-1.959535 | LR: 1.0000e-03
     25 total:8.18029 | blocks:2 | L1_step:0.22567 (2.8%) | L2_step:0.00503 (0.1%) L2_final:0.00615 (0.1%) | L3_e3:7.94344 (97.1%) | final_max_PQ:4.350e-03
     50 total:8.99702 | blocks:3 | L1_step:0.23431 (2.6%) | L2_step:0.00410 (0.0%) L2_final:0.00722 (0.1%) | L3_e3:8.75139 (97.3%) | final_max_PQ:3.055e-03
🔘 Epoch 77 No Improvement (1/40) | Val conv@1=0.0000, conv@2=0.0000, conv@3=0.0000, conv@5=0.0000, residual@1=2.565907e-03, residual@2=1.842859e-03
     25 total:8.46268 | blocks:2 | L1_step:0.24516 (2.9%) | L2_step:0.00443 (0.1%) L2_final:0.00637 (0.1%) | L3_e3:8.20672 (97.0%) | final_max_PQ:7.188e-03
     50 total:8.65421 | blocks:3 | L1_step:0.41623 (4.8%) | L2_step:0.00381 (0.0%) L2_final:0.00696 (0.1%) | L3_e3:8.22720 (95.1%) | final_max_PQ:2.646e-03
🔘 Epoch 78 No Improvement (2/40) | Val conv@1=0.0000, conv@2=0.0000, conv@3=0.0000, conv@5=0.0000, residual@1=1.558293e-03, residual@2=9.000141e-04
     25 total:10.68971 | blocks:2 | L1_step:0.32726 (3.1%) | L2_step:0.00533 (0.0%) L2_final:0.00788 (0.1%) | L3_e3:10.34924 (96.8%) | final_max_PQ:5.617e-03
     50 total:9.08907 | blocks:2 | L1_step:0.40971 (4.5%) | L2_step:0.00444 (0.0%) L2_final:0.00674 (0.1%) | L3_e3:8.66818 (95.4%) | final_max_PQ:6.279e-03
🔘 Epoch 79 No Improvement (3/40) | Val conv@1=0.0000, conv@2=0.0000, conv@3=0.0000, conv@5=0.0000, residual@1=2.016961e-03, residual@2=1.579160e-03
     25 total:7.28818 | blocks:3 | L1_step:0.23360 (3.2%) | L2_step:0.00358 (0.0%) L2_final:0.00570 (0.1%) | L3_e3:7.04530 (96.7%) | final_max_PQ:3.233e-03
     50 total:7.63616 | blocks:3 | L1_step:0.32156 (4.2%) | L2_step:0.00411 (0.1%) L2_final:0.00607 (0.1%) | L3_e3:7.30441 (95.7%) | final_max_PQ:4.097e-03
🔘 Epoch 80 No Improvement (4/40) | Val conv@1=0.0000, conv@2=0.0000, conv@3=0.0000, conv@5=0.0000, residual@1=1.772303e-03, residual@2=1.063732e-03
     25 total:8.10443 | blocks:3 | L1_step:0.22424 (2.8%) | L2_step:0.00415 (0.1%) L2_final:0.00633 (0.1%) | L3_e3:7.86971 (97.1%) | final_max_PQ:2.676e-03
     50 total:6.52451 | blocks:3 | L1_step:0.21345 (3.3%) | L2_step:0.00370 (0.1%) L2_final:0.00534 (0.1%) | L3_e3:6.30202 (96.6%) | final_max_PQ:2.525e-03
🔘 Epoch 81 No Improvement (5/40) | Val conv@1=0.0000, conv@2=0.0000, conv@3=0.0000, conv@5=0.0000, residual@1=1.874329e-03, residual@2=1.464832e-03
     25 total:11.84493 | blocks:2 | L1_step:0.60257 (5.1%) | L2_step:0.00514 (0.0%) L2_final:0.00822 (0.1%) | L3_e3:11.22899 (94.8%) | final_max_PQ:5.647e-03
     50 total:7.60081 | blocks:3 | L1_step:0.25015 (3.3%) | L2_step:0.00368 (0.0%) L2_final:0.00600 (0.1%) | L3_e3:7.34098 (96.6%) | final_max_PQ:3.033e-03
🔘 Epoch 82 No Improvement (6/40) | Val conv@1=0.0000, conv@2=0.0000, conv@3=0.0000, conv@5=0.0000, residual@1=1.731075e-03, residual@2=1.015160e-03
     25 total:7.35041 | blocks:3 | L1_step:0.23450 (3.2%) | L2_step:0.00360 (0.0%) L2_final:0.00583 (0.1%) | L3_e3:7.10649 (96.7%) | final_max_PQ:4.022e-03
     50 total:9.83524 | blocks:2 | L1_step:0.22798 (2.3%) | L2_step:0.00518 (0.1%) L2_final:0.00732 (0.1%) | L3_e3:9.59475 (97.6%) | final_max_PQ:6.009e-03
🔘 Epoch 83 No Improvement (7/40) | Val conv@1=0.0000, conv@2=0.0000, conv@3=0.0000, conv@5=0.0000, residual@1=1.569070e-03, residual@2=1.093107e-03
     25 total:12.50473 | blocks:2 | L1_step:0.26004 (2.1%) | L2_step:0.00564 (0.0%) L2_final:0.00912 (0.1%) | L3_e3:12.22993 (97.8%) | final_max_PQ:5.511e-03
     50 total:7.82860 | blocks:2 | L1_step:0.22849 (2.9%) | L2_step:0.00500 (0.1%) L2_final:0.00590 (0.1%) | L3_e3:7.58921 (96.9%) | final_max_PQ:6.768e-03
🔘 Epoch 84 No Improvement (8/40) | Val conv@1=0.0000, conv@2=0.0000, conv@3=0.0000, conv@5=0.0000, residual@1=1.333109e-03, residual@2=8.066722e-04
     25 total:6.87413 | blocks:2 | L1_step:0.22941 (3.3%) | L2_step:0.00439 (0.1%) L2_final:0.00512 (0.1%) | L3_e3:6.63521 (96.5%) | final_max_PQ:6.229e-03
     50 total:11.67706 | blocks:3 | L1_step:0.25523 (2.2%) | L2_step:0.00352 (0.0%) L2_final:0.00896 (0.1%) | L3_e3:11.40935 (97.7%) | final_max_PQ:3.584e-03
🔘 Epoch 85 No Improvement (9/40) | Val conv@1=0.0000, conv@2=0.0000, conv@3=0.0000, conv@5=0.0000, residual@1=1.507390e-03, residual@2=9.464722e-04
     25 total:10.03123 | blocks:2 | L1_step:0.38708 (3.9%) | L2_step:0.00516 (0.1%) L2_final:0.00744 (0.1%) | L3_e3:9.63156 (96.0%) | final_max_PQ:8.825e-03
     50 total:9.70376 | blocks:3 | L1_step:0.45278 (4.7%) | L2_step:0.00394 (0.0%) L2_final:0.00766 (0.1%) | L3_e3:9.23938 (95.2%) | final_max_PQ:2.717e-03
🔘 Epoch 86 No Improvement (10/40) | Val conv@1=0.0000, conv@2=0.0000, conv@3=0.0000, conv@5=0.0000, residual@1=1.611572e-03, residual@2=1.147056e-03
     25 total:8.12286 | blocks:2 | L1_step:0.37537 (4.6%) | L2_step:0.00402 (0.0%) L2_final:0.00612 (0.1%) | L3_e3:7.73735 (95.3%) | final_max_PQ:5.279e-03
     50 total:6.35536 | blocks:3 | L1_step:0.23018 (3.6%) | L2_step:0.00379 (0.1%) L2_final:0.00514 (0.1%) | L3_e3:6.11625 (96.2%) | final_max_PQ:2.300e-03
🔘 Epoch 87 No Improvement (11/40) | Val conv@1=0.0000, conv@2=0.0000, conv@3=0.0000, conv@5=0.0000, residual@1=1.710964e-03, residual@2=1.241847e-03
     25 total:10.52038 | blocks:3 | L1_step:0.29323 (2.8%) | L2_step:0.00372 (0.0%) L2_final:0.00807 (0.1%) | L3_e3:10.21536 (97.1%) | final_max_PQ:4.074e-03
     50 total:8.44320 | blocks:2 | L1_step:0.55958 (6.6%) | L2_step:0.00422 (0.0%) L2_final:0.00604 (0.1%) | L3_e3:7.87336 (93.3%) | final_max_PQ:4.969e-03
🔘 Epoch 88 No Improvement (12/40) | Val conv@1=0.0000, conv@2=0.0000, conv@3=0.0000, conv@5=0.0000, residual@1=1.353250e-03, residual@2=8.467832e-04
     25 total:7.12250 | blocks:2 | L1_step:0.19119 (2.7%) | L2_step:0.00380 (0.1%) L2_final:0.00532 (0.1%) | L3_e3:6.92218 (97.2%) | final_max_PQ:7.516e-03
     50 total:10.01802 | blocks:2 | L1_step:0.39130 (3.9%) | L2_step:0.00469 (0.0%) L2_final:0.00717 (0.1%) | L3_e3:9.61486 (96.0%) | final_max_PQ:5.332e-03
🔘 Epoch 89 No Improvement (13/40) | Val conv@1=0.0000, conv@2=0.0000, conv@3=0.0000, conv@5=0.0000, residual@1=2.161507e-03, residual@2=1.427953e-03
     25 total:9.93170 | blocks:2 | L1_step:0.25661 (2.6%) | L2_step:0.00462 (0.0%) L2_final:0.00742 (0.1%) | L3_e3:9.66304 (97.3%) | final_max_PQ:8.547e-03
     50 total:6.93080 | blocks:3 | L1_step:0.21296 (3.1%) | L2_step:0.00372 (0.1%) L2_final:0.00553 (0.1%) | L3_e3:6.70858 (96.8%) | final_max_PQ:2.938e-03
🔘 Epoch 90 No Improvement (14/40) | Val conv@1=0.0000, conv@2=0.0000, conv@3=0.0000, conv@5=0.0000, residual@1=1.830800e-03, residual@2=1.392986e-03
     25 total:7.80142 | blocks:3 | L1_step:0.21368 (2.7%) | L2_step:0.00355 (0.0%) L2_final:0.00603 (0.1%) | L3_e3:7.57816 (97.1%) | final_max_PQ:2.282e-03
     50 total:7.17908 | blocks:2 | L1_step:0.21771 (3.0%) | L2_step:0.00467 (0.1%) L2_final:0.00533 (0.1%) | L3_e3:6.95137 (96.8%) | final_max_PQ:5.860e-03
🔘 Epoch 91 No Improvement (15/40) | Val conv@1=0.0000, conv@2=0.0000, conv@3=0.0000, conv@5=0.0000, residual@1=1.535972e-03, residual@2=1.061251e-03
     25 total:5.86569 | blocks:3 | L1_step:0.23596 (4.0%) | L2_step:0.00336 (0.1%) L2_final:0.00475 (0.1%) | L3_e3:5.62161 (95.8%) | final_max_PQ:2.642e-03
     50 total:7.08493 | blocks:3 | L1_step:0.52226 (7.4%) | L2_step:0.00380 (0.1%) L2_final:0.00552 (0.1%) | L3_e3:6.55336 (92.5%) | final_max_PQ:4.793e-03
🔘 Epoch 92 No Improvement (16/40) | Val conv@1=0.0000, conv@2=0.0000, conv@3=0.0000, conv@5=0.0000, residual@1=1.385491e-03, residual@2=7.872173e-04
     25 total:11.38208 | blocks:2 | L1_step:0.21094 (1.9%) | L2_step:0.00474 (0.0%) L2_final:0.00820 (0.1%) | L3_e3:11.15820 (98.0%) | final_max_PQ:5.980e-03
     50 total:5.94377 | blocks:3 | L1_step:0.20419 (3.4%) | L2_step:0.00360 (0.1%) L2_final:0.00482 (0.1%) | L3_e3:5.73115 (96.4%) | final_max_PQ:2.761e-03
🟩 Epoch 93 | Train loss = 8.1389 | Val conv@1=0.0000, conv@2=0.0000, conv@3=0.0000, conv@5=0.0000, residual@1=1.273255e-03, residual@2=7.223053e-04, residual@3=6.484744e-04, excess@2=6.2231, tail@2=6.497324e-03, score=-1.950395 | LR: 1.0000e-03
     25 total:7.84182 | blocks:2 | L1_step:0.28828 (3.7%) | L2_step:0.00426 (0.1%) L2_final:0.00607 (0.1%) | L3_e3:7.54321 (96.2%) | final_max_PQ:8.743e-03
     50 total:6.52417 | blocks:2 | L1_step:0.31723 (4.9%) | L2_step:0.00425 (0.1%) L2_final:0.00490 (0.1%) | L3_e3:6.19780 (95.0%) | final_max_PQ:6.029e-03
🔘 Epoch 94 No Improvement (1/40) | Val conv@1=0.0000, conv@2=0.0000, conv@3=0.0000, conv@5=0.0000, residual@1=1.783675e-03, residual@2=1.252520e-03
     25 total:8.64499 | blocks:3 | L1_step:0.34315 (4.0%) | L2_step:0.00346 (0.0%) L2_final:0.00665 (0.1%) | L3_e3:8.29173 (95.9%) | final_max_PQ:2.986e-03
     50 total:7.44726 | blocks:2 | L1_step:0.23652 (3.2%) | L2_step:0.00394 (0.1%) L2_final:0.00553 (0.1%) | L3_e3:7.20127 (96.7%) | final_max_PQ:4.890e-03
🔘 Epoch 95 No Improvement (2/40) | Val conv@1=0.0000, conv@2=0.0000, conv@3=0.0000, conv@5=0.0000, residual@1=1.418843e-03, residual@2=9.814369e-04
     25 total:13.07640 | blocks:2 | L1_step:0.30039 (2.3%) | L2_step:0.00458 (0.0%) L2_final:0.00940 (0.1%) | L3_e3:12.76203 (97.6%) | final_max_PQ:9.069e-03
     50 total:8.76190 | blocks:2 | L1_step:0.21730 (2.5%) | L2_step:0.00450 (0.1%) L2_final:0.00634 (0.1%) | L3_e3:8.53376 (97.4%) | final_max_PQ:8.045e-03
🔘 Epoch 96 No Improvement (3/40) | Val conv@1=0.0000, conv@2=0.0000, conv@3=0.0000, conv@5=0.0000, residual@1=1.469071e-03, residual@2=9.275362e-04
     25 total:7.63067 | blocks:1 | L1_step:0.13313 (1.7%) | L2_step:0.00764 (0.1%) L2_final:0.00603 (0.1%) | L3_e3:7.48386 (98.1%) | final_max_PQ:1.829e-02
     50 total:6.11149 | blocks:2 | L1_step:0.23102 (3.8%) | L2_step:0.00457 (0.1%) L2_final:0.00481 (0.1%) | L3_e3:5.87109 (96.1%) | final_max_PQ:6.598e-03
🔘 Epoch 97 No Improvement (4/40) | Val conv@1=0.0000, conv@2=0.0000, conv@3=0.0000, conv@5=0.0000, residual@1=1.385211e-03, residual@2=9.131551e-04
     25 total:6.76214 | blocks:2 | L1_step:0.22079 (3.3%) | L2_step:0.00429 (0.1%) L2_final:0.00504 (0.1%) | L3_e3:6.53202 (96.6%) | final_max_PQ:5.223e-03
     50 total:5.46875 | blocks:3 | L1_step:0.38487 (7.0%) | L2_step:0.00327 (0.1%) L2_final:0.00423 (0.1%) | L3_e3:5.07638 (92.8%) | final_max_PQ:1.780e-03
🔘 Epoch 98 No Improvement (5/40) | Val conv@1=0.0000, conv@2=0.0000, conv@3=0.0000, conv@5=0.0000, residual@1=2.034594e-03, residual@2=1.598398e-03
     25 total:6.77970 | blocks:3 | L1_step:0.18573 (2.7%) | L2_step:0.00338 (0.0%) L2_final:0.00522 (0.1%) | L3_e3:6.58537 (97.1%) | final_max_PQ:2.553e-03
     50 total:12.85643 | blocks:1 | L1_step:0.43087 (3.4%) | L2_step:0.00804 (0.1%) L2_final:0.00979 (0.1%) | L3_e3:12.40773 (96.5%) | final_max_PQ:2.611e-02
🔘 Epoch 99 No Improvement (6/40) | Val conv@1=0.0000, conv@2=0.0000, conv@3=0.0000, conv@5=0.0000, residual@1=1.722066e-03, residual@2=1.256233e-03
     25 total:8.73559 | blocks:3 | L1_step:0.65006 (7.4%) | L2_step:0.00354 (0.0%) L2_final:0.00656 (0.1%) | L3_e3:8.07543 (92.4%) | final_max_PQ:2.314e-03
     50 total:9.99334 | blocks:2 | L1_step:0.21118 (2.1%) | L2_step:0.00423 (0.0%) L2_final:0.00720 (0.1%) | L3_e3:9.77073 (97.8%) | final_max_PQ:5.852e-03
🔘 Epoch 100 No Improvement (7/40) | Val conv@1=0.0000, conv@2=0.0000, conv@3=0.0000, conv@5=0.0000, residual@1=1.765185e-03, residual@2=1.343452e-03
     25 total:7.74947 | blocks:2 | L1_step:0.18671 (2.4%) | L2_step:0.00389 (0.1%) L2_final:0.00562 (0.1%) | L3_e3:7.55325 (97.5%) | final_max_PQ:4.410e-03
     50 total:9.47983 | blocks:2 | L1_step:0.22258 (2.3%) | L2_step:0.00493 (0.1%) L2_final:0.00701 (0.1%) | L3_e3:9.24531 (97.5%) | final_max_PQ:5.182e-03
🟩 Epoch 101 | Train loss = 7.8357 | Val conv@1=0.0000, conv@2=0.0000, conv@3=0.0000, conv@5=0.0000, residual@1=1.175057e-03, residual@2=6.418713e-04, residual@3=5.740917e-04, excess@2=5.4187, tail@2=6.284244e-03, score=-1.708427 | LR: 1.0000e-03
     25 total:7.73600 | blocks:2 | L1_step:0.38776 (5.0%) | L2_step:0.00443 (0.1%) L2_final:0.00554 (0.1%) | L3_e3:7.33828 (94.9%) | final_max_PQ:5.166e-03
     50 total:8.75085 | blocks:3 | L1_step:0.44278 (5.1%) | L2_step:0.00384 (0.0%) L2_final:0.00686 (0.1%) | L3_e3:8.29737 (94.8%) | final_max_PQ:2.556e-03
🔘 Epoch 102 No Improvement (1/40) | Val conv@1=0.0000, conv@2=0.0000, conv@3=0.0000, conv@5=0.0000, residual@1=1.487381e-03, residual@2=1.022298e-03
     25 total:5.22354 | blocks:2 | L1_step:0.22842 (4.4%) | L2_step:0.00382 (0.1%) L2_final:0.00403 (0.1%) | L3_e3:4.98727 (95.5%) | final_max_PQ:3.137e-03
     50 total:7.29866 | blocks:3 | L1_step:0.20056 (2.7%) | L2_step:0.00370 (0.1%) L2_final:0.00574 (0.1%) | L3_e3:7.08866 (97.1%) | final_max_PQ:3.310e-03
🔘 Epoch 103 No Improvement (2/40) | Val conv@1=0.0000, conv@2=0.0000, conv@3=0.0000, conv@5=0.0000, residual@1=1.652205e-03, residual@2=1.172600e-03
     25 total:15.27340 | blocks:2 | L1_step:0.69442 (4.5%) | L2_step:0.00466 (0.0%) L2_final:0.01041 (0.1%) | L3_e3:14.56391 (95.4%) | final_max_PQ:4.443e-03
     50 total:6.33486 | blocks:3 | L1_step:0.19461 (3.1%) | L2_step:0.00328 (0.1%) L2_final:0.00507 (0.1%) | L3_e3:6.13190 (96.8%) | final_max_PQ:2.804e-03
🔘 Epoch 104 No Improvement (3/40) | Val conv@1=0.0000, conv@2=0.0000, conv@3=0.0000, conv@5=0.0000, residual@1=1.440364e-03, residual@2=8.432538e-04
     25 total:7.61334 | blocks:2 | L1_step:0.39451 (5.2%) | L2_step:0.00387 (0.1%) L2_final:0.00541 (0.1%) | L3_e3:7.20955 (94.7%) | final_max_PQ:3.838e-03
     50 total:8.48200 | blocks:2 | L1_step:0.48273 (5.7%) | L2_step:0.00379 (0.0%) L2_final:0.00585 (0.1%) | L3_e3:7.98963 (94.2%) | final_max_PQ:4.936e-03
🔘 Epoch 105 No Improvement (4/40) | Val conv@1=0.0000, conv@2=0.0000, conv@3=0.0000, conv@5=0.0000, residual@1=2.135420e-03, residual@2=1.877893e-03
     25 total:8.47798 | blocks:3 | L1_step:0.36625 (4.3%) | L2_step:0.00326 (0.0%) L2_final:0.00634 (0.1%) | L3_e3:8.10214 (95.6%) | final_max_PQ:2.212e-03
     50 total:6.12800 | blocks:2 | L1_step:0.20933 (3.4%) | L2_step:0.00382 (0.1%) L2_final:0.00471 (0.1%) | L3_e3:5.91013 (96.4%) | final_max_PQ:5.727e-03
🟩 Epoch 106 | Train loss = 8.6565 | Val conv@1=0.0000, conv@2=0.0000, conv@3=0.0000, conv@5=0.0000, residual@1=1.013167e-03, residual@2=4.801367e-04, residual@3=4.120499e-04, excess@2=3.8014, tail@2=6.136804e-03, score=-1.222748 | LR: 1.0000e-03
     25 total:5.39166 | blocks:2 | L1_step:0.18212 (3.4%) | L2_step:0.00450 (0.1%) L2_final:0.00418 (0.1%) | L3_e3:5.20087 (96.5%) | final_max_PQ:5.500e-03
     50 total:5.30605 | blocks:3 | L1_step:0.30045 (5.7%) | L2_step:0.00322 (0.1%) L2_final:0.00421 (0.1%) | L3_e3:4.99817 (94.2%) | final_max_PQ:2.170e-03
🔘 Epoch 107 No Improvement (1/40) | Val conv@1=0.0000, conv@2=0.0000, conv@3=0.0000, conv@5=0.0000, residual@1=1.341261e-03, residual@2=9.468495e-04
     25 total:8.82172 | blocks:2 | L1_step:0.27039 (3.1%) | L2_step:0.00457 (0.1%) L2_final:0.00732 (0.1%) | L3_e3:8.53943 (96.8%) | final_max_PQ:8.833e-03
     50 total:13.70538 | blocks:2 | L1_step:0.40389 (2.9%) | L2_step:0.00512 (0.0%) L2_final:0.01052 (0.1%) | L3_e3:13.28585 (96.9%) | final_max_PQ:9.057e-03
🔘 Epoch 108 No Improvement (2/40) | Val conv@1=0.0000, conv@2=0.0000, conv@3=0.0000, conv@5=0.0000, residual@1=2.405938e-03, residual@2=1.183501e-03
     25 total:8.37444 | blocks:2 | L1_step:0.28432 (3.4%) | L2_step:0.00461 (0.1%) L2_final:0.00628 (0.1%) | L3_e3:8.07923 (96.5%) | final_max_PQ:6.061e-03
     50 total:8.64317 | blocks:2 | L1_step:0.22706 (2.6%) | L2_step:0.00389 (0.0%) L2_final:0.00630 (0.1%) | L3_e3:8.40592 (97.3%) | final_max_PQ:4.692e-03
🔘 Epoch 109 No Improvement (3/40) | Val conv@1=0.0000, conv@2=0.0000, conv@3=0.0000, conv@5=0.0000, residual@1=2.739973e-03, residual@2=2.398777e-03
     25 total:7.21418 | blocks:3 | L1_step:0.22680 (3.1%) | L2_step:0.00333 (0.0%) L2_final:0.00579 (0.1%) | L3_e3:6.97825 (96.7%) | final_max_PQ:2.599e-03
     50 total:10.02707 | blocks:2 | L1_step:0.20142 (2.0%) | L2_step:0.00472 (0.0%) L2_final:0.00715 (0.1%) | L3_e3:9.81378 (97.9%) | final_max_PQ:4.581e-03
🔘 Epoch 110 No Improvement (4/40) | Val conv@1=0.0000, conv@2=0.0000, conv@3=0.0000, conv@5=0.0000, residual@1=1.170089e-03, residual@2=6.715862e-04
     25 total:7.32453 | blocks:3 | L1_step:0.20544 (2.8%) | L2_step:0.00319 (0.0%) L2_final:0.00560 (0.1%) | L3_e3:7.11030 (97.1%) | final_max_PQ:2.802e-03
     50 total:8.82223 | blocks:1 | L1_step:0.13332 (1.5%) | L2_step:0.00789 (0.1%) L2_final:0.00659 (0.1%) | L3_e3:8.67443 (98.3%) | final_max_PQ:1.549e-02
🔘 Epoch 111 No Improvement (5/40) | Val conv@1=0.0000, conv@2=0.0000, conv@3=0.0000, conv@5=0.0000, residual@1=1.409217e-03, residual@2=9.880141e-04
     25 total:6.99014 | blocks:2 | L1_step:0.19988 (2.9%) | L2_step:0.00426 (0.1%) L2_final:0.00507 (0.1%) | L3_e3:6.78092 (97.0%) | final_max_PQ:3.848e-03
     50 total:8.73508 | blocks:2 | L1_step:0.22208 (2.5%) | L2_step:0.00370 (0.0%) L2_final:0.00597 (0.1%) | L3_e3:8.50332 (97.3%) | final_max_PQ:3.467e-03
🔘 Epoch 112 No Improvement (6/40) | Val conv@1=0.0000, conv@2=0.0000, conv@3=0.0000, conv@5=0.0000, residual@1=1.112114e-03, residual@2=6.233370e-04
     25 total:6.27042 | blocks:3 | L1_step:0.42654 (6.8%) | L2_step:0.00331 (0.1%) L2_final:0.00475 (0.1%) | L3_e3:5.83582 (93.1%) | final_max_PQ:1.895e-03
     50 total:10.48829 | blocks:3 | L1_step:0.44723 (4.3%) | L2_step:0.00390 (0.0%) L2_final:0.00767 (0.1%) | L3_e3:10.02949 (95.6%) | final_max_PQ:3.026e-03
🔘 Epoch 113 No Improvement (7/40) | Val conv@1=0.0000, conv@2=0.0000, conv@3=0.0000, conv@5=0.0000, residual@1=1.145095e-03, residual@2=7.585652e-04
     25 total:6.22983 | blocks:3 | L1_step:0.18087 (2.9%) | L2_step:0.00363 (0.1%) L2_final:0.00487 (0.1%) | L3_e3:6.04047 (97.0%) | final_max_PQ:1.958e-03
     50 total:5.83772 | blocks:3 | L1_step:0.30673 (5.3%) | L2_step:0.00360 (0.1%) L2_final:0.00465 (0.1%) | L3_e3:5.52274 (94.6%) | final_max_PQ:2.031e-03
🔘 Epoch 114 No Improvement (8/40) | Val conv@1=0.0000, conv@2=0.0000, conv@3=0.0000, conv@5=0.0000, residual@1=1.562674e-03, residual@2=1.204462e-03
     25 total:8.28961 | blocks:2 | L1_step:0.24963 (3.0%) | L2_step:0.00436 (0.1%) L2_final:0.00621 (0.1%) | L3_e3:8.02943 (96.9%) | final_max_PQ:3.635e-03
     50 total:6.49676 | blocks:3 | L1_step:0.20057 (3.1%) | L2_step:0.00306 (0.0%) L2_final:0.00518 (0.1%) | L3_e3:6.28794 (96.8%) | final_max_PQ:1.854e-03
🔘 Epoch 115 No Improvement (9/40) | Val conv@1=0.0000, conv@2=0.0000, conv@3=0.0000, conv@5=0.0000, residual@1=1.239573e-03, residual@2=7.107211e-04
     25 total:6.84909 | blocks:2 | L1_step:0.38401 (5.6%) | L2_step:0.00407 (0.1%) L2_final:0.00494 (0.1%) | L3_e3:6.45607 (94.3%) | final_max_PQ:4.313e-03
     50 total:7.32904 | blocks:2 | L1_step:0.21721 (3.0%) | L2_step:0.00341 (0.0%) L2_final:0.00516 (0.1%) | L3_e3:7.10327 (96.9%) | final_max_PQ:3.938e-03
🔘 Epoch 116 No Improvement (10/40) | Val conv@1=0.0000, conv@2=0.0000, conv@3=0.0000, conv@5=0.0000, residual@1=1.232014e-03, residual@2=8.071508e-04
     25 total:11.14278 | blocks:1 | L1_step:0.13316 (1.2%) | L2_step:0.00854 (0.1%) L2_final:0.00887 (0.1%) | L3_e3:10.99221 (98.6%) | final_max_PQ:2.231e-02
     50 total:7.08166 | blocks:3 | L1_step:0.20834 (2.9%) | L2_step:0.00402 (0.1%) L2_final:0.00577 (0.1%) | L3_e3:6.86352 (96.9%) | final_max_PQ:3.412e-03
🔘 Epoch 117 No Improvement (11/40) | Val conv@1=0.0000, conv@2=0.0000, conv@3=0.0000, conv@5=0.0000, residual@1=2.069965e-03, residual@2=1.744748e-03
     25 total:6.53621 | blocks:2 | L1_step:0.22296 (3.4%) | L2_step:0.00402 (0.1%) L2_final:0.00497 (0.1%) | L3_e3:6.30425 (96.5%) | final_max_PQ:4.647e-03
     50 total:5.26620 | blocks:2 | L1_step:0.18573 (3.5%) | L2_step:0.00374 (0.1%) L2_final:0.00404 (0.1%) | L3_e3:5.07269 (96.3%) | final_max_PQ:4.942e-03
🔘 Epoch 118 No Improvement (12/40) | Val conv@1=0.0000, conv@2=0.0000, conv@3=0.0000, conv@5=0.0000, residual@1=1.230000e-03, residual@2=8.581426e-04
     25 total:5.90990 | blocks:2 | L1_step:0.23046 (3.9%) | L2_step:0.00419 (0.1%) L2_final:0.00441 (0.1%) | L3_e3:5.67084 (96.0%) | final_max_PQ:3.338e-03
     50 total:6.70755 | blocks:3 | L1_step:0.17175 (2.6%) | L2_step:0.00293 (0.0%) L2_final:0.00510 (0.1%) | L3_e3:6.52777 (97.3%) | final_max_PQ:1.858e-03
🔘 Epoch 119 No Improvement (13/40) | Val conv@1=0.0000, conv@2=0.0000, conv@3=0.0000, conv@5=0.0000, residual@1=1.269251e-03, residual@2=7.671623e-04
     25 total:7.10389 | blocks:2 | L1_step:0.21427 (3.0%) | L2_step:0.00430 (0.1%) L2_final:0.00546 (0.1%) | L3_e3:6.87987 (96.8%) | final_max_PQ:4.507e-03
     50 total:8.06234 | blocks:2 | L1_step:0.40538 (5.0%) | L2_step:0.00442 (0.1%) L2_final:0.00572 (0.1%) | L3_e3:7.64681 (94.8%) | final_max_PQ:7.194e-03
🔘 Epoch 120 No Improvement (14/40) | Val conv@1=0.0000, conv@2=0.0000, conv@3=0.0000, conv@5=0.0000, residual@1=1.276036e-03, residual@2=8.589054e-04
     25 total:7.47250 | blocks:2 | L1_step:0.29363 (3.9%) | L2_step:0.00414 (0.1%) L2_final:0.00550 (0.1%) | L3_e3:7.16922 (95.9%) | final_max_PQ:4.161e-03
     50 total:6.69945 | blocks:3 | L1_step:0.36081 (5.4%) | L2_step:0.00314 (0.0%) L2_final:0.00531 (0.1%) | L3_e3:6.33018 (94.5%) | final_max_PQ:1.803e-03
🔘 Epoch 121 No Improvement (15/40) | Val conv@1=0.0000, conv@2=0.0000, conv@3=0.0000, conv@5=0.0000, residual@1=1.110137e-03, residual@2=6.051165e-04
     25 total:5.47280 | blocks:3 | L1_step:0.50172 (9.2%) | L2_step:0.00323 (0.1%) L2_final:0.00421 (0.1%) | L3_e3:4.96363 (90.7%) | final_max_PQ:1.377e-03
     50 total:5.32789 | blocks:2 | L1_step:0.18629 (3.5%) | L2_step:0.00405 (0.1%) L2_final:0.00405 (0.1%) | L3_e3:5.13350 (96.4%) | final_max_PQ:3.372e-03
🔘 Epoch 122 No Improvement (16/40) | Val conv@1=0.0000, conv@2=0.0000, conv@3=0.0000, conv@5=0.0000, residual@1=1.481534e-03, residual@2=1.086409e-03
     25 total:8.97532 | blocks:2 | L1_step:0.63830 (7.1%) | L2_step:0.00411 (0.0%) L2_final:0.00637 (0.1%) | L3_e3:8.32654 (92.8%) | final_max_PQ:3.680e-03
     50 total:7.64651 | blocks:2 | L1_step:0.62044 (8.1%) | L2_step:0.00417 (0.1%) L2_final:0.00541 (0.1%) | L3_e3:7.01649 (91.8%) | final_max_PQ:3.192e-03
🔘 Epoch 123 No Improvement (17/40) | Val conv@1=0.0000, conv@2=0.0000, conv@3=0.0000, conv@5=0.0000, residual@1=1.214690e-03, residual@2=7.752519e-04
     25 total:7.19086 | blocks:1 | L1_step:0.12467 (1.7%) | L2_step:0.00682 (0.1%) L2_final:0.00561 (0.1%) | L3_e3:7.05376 (98.1%) | final_max_PQ:1.683e-02
     50 total:6.59563 | blocks:3 | L1_step:0.50221 (7.6%) | L2_step:0.00347 (0.1%) L2_final:0.00489 (0.1%) | L3_e3:6.08505 (92.3%) | final_max_PQ:1.516e-03
🔘 Epoch 124 No Improvement (18/40) | Val conv@1=0.0000, conv@2=0.0000, conv@3=0.0000, conv@5=0.0000, residual@1=1.526728e-03, residual@2=1.125634e-03
     25 total:6.22680 | blocks:2 | L1_step:0.17855 (2.9%) | L2_step:0.00308 (0.0%) L2_final:0.00454 (0.1%) | L3_e3:6.04064 (97.0%) | final_max_PQ:3.435e-03
     50 total:6.19392 | blocks:2 | L1_step:0.16580 (2.7%) | L2_step:0.00409 (0.1%) L2_final:0.00471 (0.1%) | L3_e3:6.01932 (97.2%) | final_max_PQ:2.955e-03
🔘 Epoch 125 No Improvement (19/40) | Val conv@1=0.0000, conv@2=0.0000, conv@3=0.0000, conv@5=0.0000, residual@1=1.522283e-03, residual@2=1.248984e-03
     25 total:5.37711 | blocks:2 | L1_step:0.17957 (3.3%) | L2_step:0.00372 (0.1%) L2_final:0.00410 (0.1%) | L3_e3:5.18971 (96.5%) | final_max_PQ:3.543e-03
     50 total:5.69170 | blocks:2 | L1_step:0.24103 (4.2%) | L2_step:0.00364 (0.1%) L2_final:0.00431 (0.1%) | L3_e3:5.44272 (95.6%) | final_max_PQ:4.503e-03
🔘 Epoch 126 No Improvement (20/40) | Val conv@1=0.0000, conv@2=0.0000, conv@3=0.0000, conv@5=0.0000, residual@1=1.234857e-03, residual@2=8.288846e-04
     25 total:6.12436 | blocks:3 | L1_step:0.18547 (3.0%) | L2_step:0.00312 (0.1%) L2_final:0.00498 (0.1%) | L3_e3:5.93079 (96.8%) | final_max_PQ:1.865e-03
     50 total:6.44856 | blocks:2 | L1_step:0.18361 (2.8%) | L2_step:0.00385 (0.1%) L2_final:0.00526 (0.1%) | L3_e3:6.25584 (97.0%) | final_max_PQ:8.345e-03
🔻 LR reduced: 1.00e-03 -> 5.00e-04
🔘 Epoch 127 No Improvement (21/40) | Val conv@1=0.0000, conv@2=0.0000, conv@3=0.0000, conv@5=0.0000, residual@1=2.110203e-03, residual@2=1.652848e-03
     25 total:3.92912 | blocks:2 | L1_step:0.17202 (4.4%) | L2_step:0.00339 (0.1%) L2_final:0.00309 (0.1%) | L3_e3:3.75062 (95.5%) | final_max_PQ:3.362e-03
     50 total:5.62090 | blocks:2 | L1_step:0.15338 (2.7%) | L2_step:0.00318 (0.1%) L2_final:0.00406 (0.1%) | L3_e3:5.46028 (97.1%) | final_max_PQ:2.915e-03
🟩 Epoch 128 | Train loss = 5.0686 | Val conv@1=0.0000, conv@2=0.0000, conv@3=0.0000, conv@5=0.0000, residual@1=7.100394e-04, residual@2=2.700630e-04, residual@3=2.150556e-04, excess@2=1.7006, tail@2=4.350901e-03, score=-0.585648 | LR: 5.0000e-04
     25 total:4.72257 | blocks:2 | L1_step:0.19412 (4.1%) | L2_step:0.00390 (0.1%) L2_final:0.00366 (0.1%) | L3_e3:4.52089 (95.7%) | final_max_PQ:3.314e-03
     50 total:4.98615 | blocks:2 | L1_step:0.15375 (3.1%) | L2_step:0.00422 (0.1%) L2_final:0.00377 (0.1%) | L3_e3:4.82440 (96.8%) | final_max_PQ:3.414e-03
🔘 Epoch 129 No Improvement (1/40) | Val conv@1=0.0000, conv@2=0.0000, conv@3=0.0000, conv@5=0.0000, residual@1=8.475528e-04, residual@2=4.814909e-04
     25 total:2.47470 | blocks:3 | L1_step:0.13205 (5.3%) | L2_step:0.00282 (0.1%) L2_final:0.00219 (0.1%) | L3_e3:2.33765 (94.5%) | final_max_PQ:9.833e-04
     50 total:3.03290 | blocks:3 | L1_step:0.14049 (4.6%) | L2_step:0.00296 (0.1%) L2_final:0.00265 (0.1%) | L3_e3:2.88679 (95.2%) | final_max_PQ:1.032e-03
🟩 Epoch 130 | Train loss = 3.7077 | Val conv@1=0.0000, conv@2=0.0000, conv@3=0.0000, conv@5=0.0000, residual@1=6.590859e-04, residual@2=2.466094e-04, residual@3=1.971954e-04, excess@2=1.4661, tail@2=3.692529e-03, score=-0.512006 | LR: 5.0000e-04
     25 total:3.48186 | blocks:2 | L1_step:0.14878 (4.3%) | L2_step:0.00380 (0.1%) L2_final:0.00287 (0.1%) | L3_e3:3.32642 (95.5%) | final_max_PQ:3.489e-03
     50 total:3.18045 | blocks:2 | L1_step:0.14891 (4.7%) | L2_step:0.00307 (0.1%) L2_final:0.00260 (0.1%) | L3_e3:3.02586 (95.1%) | final_max_PQ:4.671e-03
🔘 Epoch 131 No Improvement (1/40) | Val conv@1=0.0000, conv@2=0.0000, conv@3=0.0000, conv@5=0.0000, residual@1=7.649894e-04, residual@2=3.861548e-04
     25 total:2.43453 | blocks:3 | L1_step:0.18417 (7.6%) | L2_step:0.00249 (0.1%) L2_final:0.00213 (0.1%) | L3_e3:2.24574 (92.2%) | final_max_PQ:7.953e-04
     50 total:4.15896 | blocks:2 | L1_step:0.15771 (3.8%) | L2_step:0.00390 (0.1%) L2_final:0.00327 (0.1%) | L3_e3:3.99408 (96.0%) | final_max_PQ:4.207e-03
🔘 Epoch 132 No Improvement (2/40) | Val conv@1=0.0000, conv@2=0.0000, conv@3=0.0000, conv@5=0.0000, residual@1=8.033307e-04, residual@2=4.277133e-04
     25 total:3.59579 | blocks:3 | L1_step:0.13736 (3.8%) | L2_step:0.00279 (0.1%) L2_final:0.00292 (0.1%) | L3_e3:3.45272 (96.0%) | final_max_PQ:1.018e-03
     50 total:3.99556 | blocks:2 | L1_step:0.21964 (5.5%) | L2_step:0.00397 (0.1%) L2_final:0.00317 (0.1%) | L3_e3:3.76879 (94.3%) | final_max_PQ:2.748e-03
🔘 Epoch 133 No Improvement (3/40) | Val conv@1=0.0000, conv@2=0.0000, conv@3=0.0000, conv@5=0.0000, residual@1=6.444921e-04, residual@2=2.575944e-04
     25 total:2.56464 | blocks:3 | L1_step:0.12020 (4.7%) | L2_step:0.00254 (0.1%) L2_final:0.00224 (0.1%) | L3_e3:2.43966 (95.1%) | final_max_PQ:8.084e-04
     50 total:3.88392 | blocks:2 | L1_step:0.14496 (3.7%) | L2_step:0.00319 (0.1%) L2_final:0.00303 (0.1%) | L3_e3:3.73274 (96.1%) | final_max_PQ:3.932e-03
🔘 Epoch 134 No Improvement (4/40) | Val conv@1=0.0000, conv@2=0.0000, conv@3=0.0000, conv@5=0.0000, residual@1=8.116801e-04, residual@2=4.909850e-04
     25 total:4.19511 | blocks:3 | L1_step:0.12529 (3.0%) | L2_step:0.00279 (0.1%) L2_final:0.00340 (0.1%) | L3_e3:4.06364 (96.9%) | final_max_PQ:1.222e-03
     50 total:3.77297 | blocks:2 | L1_step:0.13836 (3.7%) | L2_step:0.00308 (0.1%) L2_final:0.00287 (0.1%) | L3_e3:3.62865 (96.2%) | final_max_PQ:2.520e-03
🔘 Epoch 135 No Improvement (5/40) | Val conv@1=0.0000, conv@2=0.0000, conv@3=0.0000, conv@5=0.0000, residual@1=7.444781e-04, residual@2=3.369740e-04
     25 total:3.95487 | blocks:2 | L1_step:0.17982 (4.5%) | L2_step:0.00357 (0.1%) L2_final:0.00310 (0.1%) | L3_e3:3.76838 (95.3%) | final_max_PQ:1.914e-03
     50 total:3.97652 | blocks:2 | L1_step:0.14836 (3.7%) | L2_step:0.00336 (0.1%) L2_final:0.00311 (0.1%) | L3_e3:3.82169 (96.1%) | final_max_PQ:3.332e-03
🔘 Epoch 136 No Improvement (6/40) | Val conv@1=0.0000, conv@2=0.0000, conv@3=0.0000, conv@5=0.0000, residual@1=9.517211e-04, residual@2=6.598498e-04
     25 total:3.43175 | blocks:2 | L1_step:0.15839 (4.6%) | L2_step:0.00413 (0.1%) L2_final:0.00279 (0.1%) | L3_e3:3.26644 (95.2%) | final_max_PQ:2.265e-03
     50 total:3.27130 | blocks:2 | L1_step:0.15029 (4.6%) | L2_step:0.00382 (0.1%) L2_final:0.00271 (0.1%) | L3_e3:3.11448 (95.2%) | final_max_PQ:1.813e-03
🔘 Epoch 137 No Improvement (7/40) | Val conv@1=0.0000, conv@2=0.0000, conv@3=0.0000, conv@5=0.0000, residual@1=9.195735e-04, residual@2=6.118225e-04
     25 total:3.29197 | blocks:2 | L1_step:0.14173 (4.3%) | L2_step:0.00361 (0.1%) L2_final:0.00269 (0.1%) | L3_e3:3.14394 (95.5%) | final_max_PQ:2.385e-03
     50 total:2.89932 | blocks:2 | L1_step:0.13907 (4.8%) | L2_step:0.00339 (0.1%) L2_final:0.00241 (0.1%) | L3_e3:2.75445 (95.0%) | final_max_PQ:2.344e-03
🔘 Epoch 138 No Improvement (8/40) | Val conv@1=0.0000, conv@2=0.0000, conv@3=0.0000, conv@5=0.0000, residual@1=6.825495e-04, residual@2=3.458143e-04
     25 total:2.97139 | blocks:3 | L1_step:0.12132 (4.1%) | L2_step:0.00259 (0.1%) L2_final:0.00243 (0.1%) | L3_e3:2.84505 (95.7%) | final_max_PQ:9.497e-04
     50 total:4.18236 | blocks:1 | L1_step:0.18778 (4.5%) | L2_step:0.00567 (0.1%) L2_final:0.00335 (0.1%) | L3_e3:3.98556 (95.3%) | final_max_PQ:1.208e-02
🔘 Epoch 139 No Improvement (9/40) | Val conv@1=0.0000, conv@2=0.0000, conv@3=0.0000, conv@5=0.0000, residual@1=7.027172e-04, residual@2=3.556135e-04
     25 total:3.54675 | blocks:2 | L1_step:0.14305 (4.0%) | L2_step:0.00382 (0.1%) L2_final:0.00285 (0.1%) | L3_e3:3.39703 (95.8%) | final_max_PQ:2.618e-03
     50 total:2.71533 | blocks:3 | L1_step:0.12883 (4.7%) | L2_step:0.00273 (0.1%) L2_final:0.00227 (0.1%) | L3_e3:2.58149 (95.1%) | final_max_PQ:1.048e-03
🔘 Epoch 140 No Improvement (10/40) | Val conv@1=0.0000, conv@2=0.0000, conv@3=0.0000, conv@5=0.0000, residual@1=6.605526e-04, residual@2=3.264569e-04
     25 total:2.89412 | blocks:2 | L1_step:0.12650 (4.4%) | L2_step:0.00316 (0.1%) L2_final:0.00241 (0.1%) | L3_e3:2.76205 (95.4%) | final_max_PQ:2.442e-03
     50 total:2.68750 | blocks:2 | L1_step:0.13631 (5.1%) | L2_step:0.00332 (0.1%) L2_final:0.00228 (0.1%) | L3_e3:2.54559 (94.7%) | final_max_PQ:2.587e-03
🔘 Epoch 141 No Improvement (11/40) | Val conv@1=0.0000, conv@2=0.0000, conv@3=0.0000, conv@5=0.0000, residual@1=6.909403e-04, residual@2=3.573579e-04
     25 total:3.80645 | blocks:2 | L1_step:0.12903 (3.4%) | L2_step:0.00335 (0.1%) L2_final:0.00286 (0.1%) | L3_e3:3.67120 (96.4%) | final_max_PQ:1.769e-03
     50 total:4.22410 | blocks:2 | L1_step:0.12917 (3.1%) | L2_step:0.00372 (0.1%) L2_final:0.00326 (0.1%) | L3_e3:4.08795 (96.8%) | final_max_PQ:1.924e-03
🔘 Epoch 142 No Improvement (12/40) | Val conv@1=0.0000, conv@2=0.0000, conv@3=0.0000, conv@5=0.0000, residual@1=7.983484e-04, residual@2=4.728525e-04
     25 total:4.88863 | blocks:1 | L1_step:0.13937 (2.9%) | L2_step:0.00546 (0.1%) L2_final:0.00379 (0.1%) | L3_e3:4.74001 (97.0%) | final_max_PQ:1.149e-02
     50 total:5.42787 | blocks:2 | L1_step:0.14437 (2.7%) | L2_step:0.00402 (0.1%) L2_final:0.00401 (0.1%) | L3_e3:5.27547 (97.2%) | final_max_PQ:3.135e-03
🟩 Epoch 143 | Train loss = 4.1816 | Val conv@1=0.0000, conv@2=0.0000, conv@3=0.0000, conv@5=0.0000, residual@1=6.550702e-04, residual@2=2.420426e-04, residual@3=2.089485e-04, excess@2=1.4204, tail@2=3.319832e-03, score=-0.496178 | LR: 5.0000e-04
     25 total:3.00546 | blocks:3 | L1_step:0.17617 (5.9%) | L2_step:0.00279 (0.1%) L2_final:0.00251 (0.1%) | L3_e3:2.82400 (94.0%) | final_max_PQ:9.397e-04
     50 total:3.59906 | blocks:2 | L1_step:0.18990 (5.3%) | L2_step:0.00374 (0.1%) L2_final:0.00289 (0.1%) | L3_e3:3.40253 (94.5%) | final_max_PQ:3.020e-03
🔘 Epoch 144 No Improvement (1/40) | Val conv@1=0.0000, conv@2=0.0000, conv@3=0.0000, conv@5=0.0000, residual@1=6.675803e-04, residual@2=2.948674e-04
     25 total:3.45289 | blocks:2 | L1_step:0.12514 (3.6%) | L2_step:0.00400 (0.1%) L2_final:0.00282 (0.1%) | L3_e3:3.32094 (96.2%) | final_max_PQ:2.416e-03
     50 total:2.96190 | blocks:2 | L1_step:0.14587 (4.9%) | L2_step:0.00330 (0.1%) L2_final:0.00247 (0.1%) | L3_e3:2.81025 (94.9%) | final_max_PQ:1.631e-03
🟩 Epoch 145 | Train loss = 3.2459 | Val conv@1=0.0000, conv@2=0.0000, conv@3=0.0000, conv@5=0.0000, residual@1=6.031248e-04, residual@2=2.179839e-04, residual@3=2.062216e-04, excess@2=1.1798, tail@2=2.165914e-03, score=-0.415460 | LR: 5.0000e-04
     25 total:2.87184 | blocks:2 | L1_step:0.15222 (5.3%) | L2_step:0.00336 (0.1%) L2_final:0.00231 (0.1%) | L3_e3:2.71395 (94.5%) | final_max_PQ:9.033e-04
     50 total:4.20255 | blocks:2 | L1_step:0.19594 (4.7%) | L2_step:0.00433 (0.1%) L2_final:0.00318 (0.1%) | L3_e3:3.99910 (95.2%) | final_max_PQ:3.084e-03
🔘 Epoch 146 No Improvement (1/40) | Val conv@1=0.0000, conv@2=0.0000, conv@3=0.0000, conv@5=0.0000, residual@1=7.228159e-04, residual@2=3.764765e-04
     25 total:3.37310 | blocks:3 | L1_step:0.46212 (13.7%) | L2_step:0.00306 (0.1%) L2_final:0.00265 (0.1%) | L3_e3:2.90526 (86.1%) | final_max_PQ:8.023e-04
     50 total:2.84850 | blocks:2 | L1_step:0.12869 (4.5%) | L2_step:0.00327 (0.1%) L2_final:0.00234 (0.1%) | L3_e3:2.71420 (95.3%) | final_max_PQ:1.860e-03
🔘 Epoch 147 No Improvement (2/40) | Val conv@1=0.0000, conv@2=0.0000, conv@3=0.0000, conv@5=0.0000, residual@1=7.253886e-04, residual@2=3.945810e-04
     25 total:2.89085 | blocks:2 | L1_step:0.11286 (3.9%) | L2_step:0.00328 (0.1%) L2_final:0.00242 (0.1%) | L3_e3:2.77229 (95.9%) | final_max_PQ:1.689e-03
     50 total:3.66954 | blocks:2 | L1_step:0.16304 (4.4%) | L2_step:0.00368 (0.1%) L2_final:0.00295 (0.1%) | L3_e3:3.49987 (95.4%) | final_max_PQ:2.566e-03
🔘 Epoch 148 No Improvement (3/40) | Val conv@1=0.0000, conv@2=0.0000, conv@3=0.0000, conv@5=0.0000, residual@1=6.799985e-04, residual@2=3.111012e-04
     25 total:2.55549 | blocks:2 | L1_step:0.12343 (4.8%) | L2_step:0.00337 (0.1%) L2_final:0.00218 (0.1%) | L3_e3:2.42652 (95.0%) | final_max_PQ:1.174e-03
     50 total:3.31336 | blocks:2 | L1_step:0.12592 (3.8%) | L2_step:0.00377 (0.1%) L2_final:0.00274 (0.1%) | L3_e3:3.18092 (96.0%) | final_max_PQ:2.183e-03
🔘 Epoch 149 No Improvement (4/40) | Val conv@1=0.0000, conv@2=0.0000, conv@3=0.0000, conv@5=0.0000, residual@1=8.472002e-04, residual@2=5.542010e-04
     25 total:3.33313 | blocks:2 | L1_step:0.16579 (5.0%) | L2_step:0.00338 (0.1%) L2_final:0.00261 (0.1%) | L3_e3:3.16135 (94.8%) | final_max_PQ:2.061e-03
     50 total:2.88664 | blocks:3 | L1_step:0.14383 (5.0%) | L2_step:0.00292 (0.1%) L2_final:0.00248 (0.1%) | L3_e3:2.73740 (94.8%) | final_max_PQ:7.360e-04
🔘 Epoch 150 No Improvement (5/40) | Val conv@1=0.0000, conv@2=0.0000, conv@3=0.0000, conv@5=0.0000, residual@1=6.388000e-04, residual@2=2.507378e-04
     25 total:3.66002 | blocks:2 | L1_step:0.14627 (4.0%) | L2_step:0.00354 (0.1%) L2_final:0.00293 (0.1%) | L3_e3:3.50728 (95.8%) | final_max_PQ:3.344e-03
     50 total:3.38508 | blocks:2 | L1_step:0.11947 (3.5%) | L2_step:0.00380 (0.1%) L2_final:0.00282 (0.1%) | L3_e3:3.25899 (96.3%) | final_max_PQ:4.082e-03
🔘 Epoch 151 No Improvement (6/40) | Val conv@1=0.0000, conv@2=0.0000, conv@3=0.0000, conv@5=0.0000, residual@1=7.740792e-04, residual@2=4.613187e-04
     25 total:2.90798 | blocks:3 | L1_step:0.12169 (4.2%) | L2_step:0.00293 (0.1%) L2_final:0.00251 (0.1%) | L3_e3:2.78084 (95.6%) | final_max_PQ:8.038e-04
     50 total:4.96004 | blocks:1 | L1_step:0.12765 (2.6%) | L2_step:0.00596 (0.1%) L2_final:0.00383 (0.1%) | L3_e3:4.82259 (97.2%) | final_max_PQ:9.733e-03
🔘 Epoch 152 No Improvement (7/40) | Val conv@1=0.0000, conv@2=0.0000, conv@3=0.0000, conv@5=0.0000, residual@1=9.067952e-04, residual@2=6.437201e-04
     25 total:3.42748 | blocks:3 | L1_step:0.37930 (11.1%) | L2_step:0.00262 (0.1%) L2_final:0.00272 (0.1%) | L3_e3:3.04284 (88.8%) | final_max_PQ:7.773e-04
     50 total:4.01654 | blocks:2 | L1_step:0.13641 (3.4%) | L2_step:0.00357 (0.1%) L2_final:0.00319 (0.1%) | L3_e3:3.87337 (96.4%) | final_max_PQ:3.279e-03
🔘 Epoch 153 No Improvement (8/40) | Val conv@1=0.0000, conv@2=0.0000, conv@3=0.0000, conv@5=0.0000, residual@1=6.914371e-04, residual@2=3.094771e-04
     25 total:3.90825 | blocks:2 | L1_step:0.14264 (3.6%) | L2_step:0.00363 (0.1%) L2_final:0.00296 (0.1%) | L3_e3:3.75902 (96.2%) | final_max_PQ:1.675e-03
     50 total:5.76723 | blocks:2 | L1_step:0.14015 (2.4%) | L2_step:0.00417 (0.1%) L2_final:0.00402 (0.1%) | L3_e3:5.61890 (97.4%) | final_max_PQ:1.860e-03
🔘 Epoch 154 No Improvement (9/40) | Val conv@1=0.0000, conv@2=0.0000, conv@3=0.0000, conv@5=0.0000, residual@1=1.255532e-03, residual@2=1.052141e-03
     25 total:2.62202 | blocks:3 | L1_step:0.11446 (4.4%) | L2_step:0.00278 (0.1%) L2_final:0.00223 (0.1%) | L3_e3:2.50255 (95.4%) | final_max_PQ:8.603e-04
     50 total:2.01500 | blocks:3 | L1_step:0.09329 (4.6%) | L2_step:0.00255 (0.1%) L2_final:0.00188 (0.1%) | L3_e3:1.91728 (95.2%) | final_max_PQ:6.942e-04
🔘 Epoch 155 No Improvement (10/40) | Val conv@1=0.0000, conv@2=0.0000, conv@3=0.0000, conv@5=0.0000, residual@1=7.574375e-04, residual@2=4.708209e-04
     25 total:3.07425 | blocks:3 | L1_step:0.11311 (3.7%) | L2_step:0.00292 (0.1%) L2_final:0.00256 (0.1%) | L3_e3:2.95566 (96.1%) | final_max_PQ:1.099e-03
     50 total:3.26704 | blocks:2 | L1_step:0.20012 (6.1%) | L2_step:0.00359 (0.1%) L2_final:0.00259 (0.1%) | L3_e3:3.06073 (93.7%) | final_max_PQ:1.325e-03
🔘 Epoch 156 No Improvement (11/40) | Val conv@1=0.0000, conv@2=0.0000, conv@3=0.0000, conv@5=0.0000, residual@1=8.259738e-04, residual@2=4.923098e-04
     25 total:3.29877 | blocks:2 | L1_step:0.18937 (5.7%) | L2_step:0.00318 (0.1%) L2_final:0.00264 (0.1%) | L3_e3:3.10358 (94.1%) | final_max_PQ:2.116e-03
     50 total:2.59414 | blocks:3 | L1_step:0.09075 (3.5%) | L2_step:0.00278 (0.1%) L2_final:0.00226 (0.1%) | L3_e3:2.49834 (96.3%) | final_max_PQ:7.648e-04
🟩 Epoch 157 | Train loss = 3.4486 | Val conv@1=0.0000, conv@2=0.0000, conv@3=0.0000, conv@5=0.0000, residual@1=5.793832e-04, residual@2=1.863973e-04, residual@3=1.739418e-04, excess@2=0.8640, tail@2=2.282023e-03, score=-0.321745 | LR: 5.0000e-04
     25 total:4.09369 | blocks:2 | L1_step:0.21566 (5.3%) | L2_step:0.00338 (0.1%) L2_final:0.00307 (0.1%) | L3_e3:3.87158 (94.6%) | final_max_PQ:2.959e-03
     50 total:3.76712 | blocks:2 | L1_step:0.12875 (3.4%) | L2_step:0.00380 (0.1%) L2_final:0.00296 (0.1%) | L3_e3:3.63161 (96.4%) | final_max_PQ:1.472e-03
🔘 Epoch 158 No Improvement (1/40) | Val conv@1=0.0000, conv@2=0.0000, conv@3=0.0000, conv@5=0.0000, residual@1=6.168654e-04, residual@2=2.783532e-04
     25 total:3.97438 | blocks:2 | L1_step:0.15721 (4.0%) | L2_step:0.00373 (0.1%) L2_final:0.00303 (0.1%) | L3_e3:3.81042 (95.9%) | final_max_PQ:1.393e-03
     50 total:2.46025 | blocks:3 | L1_step:0.13074 (5.3%) | L2_step:0.00302 (0.1%) L2_final:0.00218 (0.1%) | L3_e3:2.32430 (94.5%) | final_max_PQ:5.841e-04
🔘 Epoch 159 No Improvement (2/40) | Val conv@1=0.0000, conv@2=0.0000, conv@3=0.0000, conv@5=0.0000, residual@1=7.219834e-04, residual@2=3.795841e-04
     25 total:3.28420 | blocks:3 | L1_step:0.10530 (3.2%) | L2_step:0.00278 (0.1%) L2_final:0.00271 (0.1%) | L3_e3:3.17341 (96.6%) | final_max_PQ:9.234e-04
     50 total:4.05993 | blocks:2 | L1_step:0.10737 (2.6%) | L2_step:0.00345 (0.1%) L2_final:0.00307 (0.1%) | L3_e3:3.94604 (97.2%) | final_max_PQ:1.912e-03
🔘 Epoch 160 No Improvement (3/40) | Val conv@1=0.0000, conv@2=0.0000, conv@3=0.0000, conv@5=0.0000, residual@1=6.711532e-04, residual@2=3.361943e-04
     25 total:3.61706 | blocks:3 | L1_step:0.22443 (6.2%) | L2_step:0.00269 (0.1%) L2_final:0.00285 (0.1%) | L3_e3:3.38708 (93.6%) | final_max_PQ:1.109e-03
     50 total:5.75631 | blocks:1 | L1_step:0.14888 (2.6%) | L2_step:0.00744 (0.1%) L2_final:0.00454 (0.1%) | L3_e3:5.59545 (97.2%) | final_max_PQ:1.119e-02
🔘 Epoch 161 No Improvement (4/40) | Val conv@1=0.0000, conv@2=0.0000, conv@3=0.0000, conv@5=0.0000, residual@1=6.485298e-04, residual@2=2.744368e-04
     25 total:3.72059 | blocks:2 | L1_step:0.35498 (9.5%) | L2_step:0.00377 (0.1%) L2_final:0.00282 (0.1%) | L3_e3:3.35901 (90.3%) | final_max_PQ:1.648e-03
     50 total:3.26954 | blocks:2 | L1_step:0.13110 (4.0%) | L2_step:0.00354 (0.1%) L2_final:0.00267 (0.1%) | L3_e3:3.13224 (95.8%) | final_max_PQ:1.765e-03
🔘 Epoch 162 No Improvement (5/40) | Val conv@1=0.0000, conv@2=0.0000, conv@3=0.0000, conv@5=0.0000, residual@1=7.640118e-04, residual@2=4.617132e-04
     25 total:2.93763 | blocks:2 | L1_step:0.13603 (4.6%) | L2_step:0.00347 (0.1%) L2_final:0.00246 (0.1%) | L3_e3:2.79568 (95.2%) | final_max_PQ:1.663e-03
     50 total:2.58586 | blocks:2 | L1_step:0.13984 (5.4%) | L2_step:0.00323 (0.1%) L2_final:0.00218 (0.1%) | L3_e3:2.44062 (94.4%) | final_max_PQ:2.595e-03
🔘 Epoch 163 No Improvement (6/40) | Val conv@1=0.0000, conv@2=0.0000, conv@3=0.0000, conv@5=0.0000, residual@1=6.577029e-04, residual@2=2.726483e-04
     25 total:4.04310 | blocks:2 | L1_step:0.10547 (2.6%) | L2_step:0.00361 (0.1%) L2_final:0.00304 (0.1%) | L3_e3:3.93098 (97.2%) | final_max_PQ:1.598e-03
     50 total:6.92861 | blocks:1 | L1_step:0.16536 (2.4%) | L2_step:0.00734 (0.1%) L2_final:0.00534 (0.1%) | L3_e3:6.75057 (97.4%) | final_max_PQ:1.232e-02
🔘 Epoch 164 No Improvement (7/40) | Val conv@1=0.0000, conv@2=0.0000, conv@3=0.0000, conv@5=0.0000, residual@1=1.051616e-03, residual@2=8.369950e-04
     25 total:2.53854 | blocks:3 | L1_step:0.08722 (3.4%) | L2_step:0.00302 (0.1%) L2_final:0.00223 (0.1%) | L3_e3:2.44606 (96.4%) | final_max_PQ:8.059e-04
     50 total:2.83955 | blocks:3 | L1_step:0.11018 (3.9%) | L2_step:0.00295 (0.1%) L2_final:0.00245 (0.1%) | L3_e3:2.72398 (95.9%) | final_max_PQ:9.387e-04
🔘 Epoch 165 No Improvement (8/40) | Val conv@1=0.0000, conv@2=0.0000, conv@3=0.0000, conv@5=0.0000, residual@1=7.338228e-04, residual@2=4.287480e-04
     25 total:4.70024 | blocks:2 | L1_step:0.09510 (2.0%) | L2_step:0.00370 (0.1%) L2_final:0.00348 (0.1%) | L3_e3:4.59795 (97.8%) | final_max_PQ:1.618e-03
     50 total:2.61095 | blocks:3 | L1_step:0.19497 (7.5%) | L2_step:0.00298 (0.1%) L2_final:0.00224 (0.1%) | L3_e3:2.41077 (92.3%) | final_max_PQ:6.930e-04
🔘 Epoch 166 No Improvement (9/40) | Val conv@1=0.0000, conv@2=0.0000, conv@3=0.0000, conv@5=0.0000, residual@1=6.171596e-04, residual@2=2.525062e-04
     25 total:3.15814 | blocks:2 | L1_step:0.11374 (3.6%) | L2_step:0.00341 (0.1%) L2_final:0.00257 (0.1%) | L3_e3:3.03843 (96.2%) | final_max_PQ:1.016e-03
     50 total:2.95302 | blocks:2 | L1_step:0.13871 (4.7%) | L2_step:0.00348 (0.1%) L2_final:0.00244 (0.1%) | L3_e3:2.80839 (95.1%) | final_max_PQ:1.611e-03
🟩 Epoch 167 | Train loss = 3.1251 | Val conv@1=0.0018, conv@2=0.0008, conv@3=0.0008, conv@5=0.0015, residual@1=5.742482e-04, residual@2=1.733295e-04, residual@3=1.628330e-04, excess@2=0.7333, tail@2=1.742145e-03, score=-0.272847 | LR: 5.0000e-04
     25 total:2.56655 | blocks:3 | L1_step:0.15338 (6.0%) | L2_step:0.00285 (0.1%) L2_final:0.00232 (0.1%) | L3_e3:2.40801 (93.8%) | final_max_PQ:8.376e-04
     50 total:3.98406 | blocks:2 | L1_step:0.10955 (2.7%) | L2_step:0.00352 (0.1%) L2_final:0.00304 (0.1%) | L3_e3:3.86794 (97.1%) | final_max_PQ:1.549e-03
🔘 Epoch 168 No Improvement (1/40) | Val conv@1=0.0000, conv@2=0.0000, conv@3=0.0000, conv@5=0.0000, residual@1=8.010595e-04, residual@2=4.664363e-04
     25 total:3.42909 | blocks:3 | L1_step:0.24972 (7.3%) | L2_step:0.00261 (0.1%) L2_final:0.00268 (0.1%) | L3_e3:3.17408 (92.6%) | final_max_PQ:8.144e-04
     50 total:2.23501 | blocks:3 | L1_step:0.09456 (4.2%) | L2_step:0.00281 (0.1%) L2_final:0.00207 (0.1%) | L3_e3:2.13557 (95.6%) | final_max_PQ:5.680e-04
🔘 Epoch 169 No Improvement (2/40) | Val conv@1=0.0000, conv@2=0.0000, conv@3=0.0000, conv@5=0.0000, residual@1=6.902747e-04, residual@2=3.577104e-04
     25 total:2.82877 | blocks:2 | L1_step:0.08750 (3.1%) | L2_step:0.00320 (0.1%) L2_final:0.00237 (0.1%) | L3_e3:2.73570 (96.7%) | final_max_PQ:1.116e-03
     50 total:3.07323 | blocks:3 | L1_step:0.10811 (3.5%) | L2_step:0.00274 (0.1%) L2_final:0.00251 (0.1%) | L3_e3:2.95987 (96.3%) | final_max_PQ:9.134e-04
🔘 Epoch 170 No Improvement (3/40) | Val conv@1=0.0000, conv@2=0.0000, conv@3=0.0000, conv@5=0.0000, residual@1=5.993142e-04, residual@2=2.488592e-04
     25 total:2.89815 | blocks:2 | L1_step:0.09724 (3.4%) | L2_step:0.00376 (0.1%) L2_final:0.00245 (0.1%) | L3_e3:2.79469 (96.4%) | final_max_PQ:1.720e-03
     50 total:2.23849 | blocks:3 | L1_step:0.18299 (8.2%) | L2_step:0.00272 (0.1%) L2_final:0.00200 (0.1%) | L3_e3:2.05078 (91.6%) | final_max_PQ:5.570e-04
🔘 Epoch 171 No Improvement (4/40) | Val conv@1=0.0000, conv@2=0.0000, conv@3=0.0000, conv@5=0.0000, residual@1=6.774086e-04, residual@2=3.837936e-04
     25 total:2.47046 | blocks:3 | L1_step:0.09782 (4.0%) | L2_step:0.00291 (0.1%) L2_final:0.00219 (0.1%) | L3_e3:2.36754 (95.8%) | final_max_PQ:6.947e-04
     50 total:3.22887 | blocks:2 | L1_step:0.16522 (5.1%) | L2_step:0.00350 (0.1%) L2_final:0.00259 (0.1%) | L3_e3:3.05756 (94.7%) | final_max_PQ:1.116e-03
🔘 Epoch 172 No Improvement (5/40) | Val conv@1=0.0000, conv@2=0.0000, conv@3=0.0000, conv@5=0.0000, residual@1=7.256259e-04, residual@2=3.466779e-04
     25 total:2.52741 | blocks:3 | L1_step:0.08994 (3.6%) | L2_step:0.00268 (0.1%) L2_final:0.00224 (0.1%) | L3_e3:2.43255 (96.2%) | final_max_PQ:8.678e-04
     50 total:3.30932 | blocks:2 | L1_step:0.13030 (3.9%) | L2_step:0.00352 (0.1%) L2_final:0.00272 (0.1%) | L3_e3:3.17279 (95.9%) | final_max_PQ:1.547e-03
🔘 Epoch 173 No Improvement (6/40) | Val conv@1=0.0000, conv@2=0.0000, conv@3=0.0000, conv@5=0.0000, residual@1=7.555288e-04, residual@2=4.701580e-04
     25 total:2.70761 | blocks:2 | L1_step:0.10758 (4.0%) | L2_step:0.00336 (0.1%) L2_final:0.00230 (0.1%) | L3_e3:2.59437 (95.8%) | final_max_PQ:1.919e-03
     50 total:2.66613 | blocks:3 | L1_step:0.09128 (3.4%) | L2_step:0.00288 (0.1%) L2_final:0.00233 (0.1%) | L3_e3:2.56964 (96.4%) | final_max_PQ:6.801e-04
🔘 Epoch 174 No Improvement (7/40) | Val conv@1=0.0000, conv@2=0.0000, conv@3=0.0000, conv@5=0.0000, residual@1=6.962875e-04, residual@2=3.628818e-04
     25 total:3.00710 | blocks:3 | L1_step:0.07922 (2.6%) | L2_step:0.00306 (0.1%) L2_final:0.00256 (0.1%) | L3_e3:2.92225 (97.2%) | final_max_PQ:9.232e-04
     50 total:2.31082 | blocks:3 | L1_step:0.08717 (3.8%) | L2_step:0.00262 (0.1%) L2_final:0.00205 (0.1%) | L3_e3:2.21898 (96.0%) | final_max_PQ:6.421e-04
🔘 Epoch 175 No Improvement (8/40) | Val conv@1=0.0000, conv@2=0.0000, conv@3=0.0000, conv@5=0.0000, residual@1=6.681973e-04, residual@2=3.394063e-04
     25 total:2.40812 | blocks:2 | L1_step:0.08957 (3.7%) | L2_step:0.00347 (0.1%) L2_final:0.00210 (0.1%) | L3_e3:2.31297 (96.0%) | final_max_PQ:1.241e-03
     50 total:3.57381 | blocks:2 | L1_step:0.10091 (2.8%) | L2_step:0.00366 (0.1%) L2_final:0.00292 (0.1%) | L3_e3:3.46632 (97.0%) | final_max_PQ:2.514e-03
🔘 Epoch 176 No Improvement (9/40) | Val conv@1=0.0000, conv@2=0.0000, conv@3=0.0000, conv@5=0.0000, residual@1=7.347690e-04, residual@2=3.844375e-04
     25 total:4.90876 | blocks:2 | L1_step:0.09535 (1.9%) | L2_step:0.00366 (0.1%) L2_final:0.00363 (0.1%) | L3_e3:4.80612 (97.9%) | final_max_PQ:2.152e-03
     50 total:2.86458 | blocks:2 | L1_step:0.10507 (3.7%) | L2_step:0.00327 (0.1%) L2_final:0.00240 (0.1%) | L3_e3:2.75384 (96.1%) | final_max_PQ:1.391e-03
🔘 Epoch 177 No Improvement (10/40) | Val conv@1=0.0000, conv@2=0.0000, conv@3=0.0000, conv@5=0.0000, residual@1=6.821407e-04, residual@2=3.616087e-04
     25 total:4.50998 | blocks:2 | L1_step:0.12776 (2.8%) | L2_step:0.00358 (0.1%) L2_final:0.00337 (0.1%) | L3_e3:4.37527 (97.0%) | final_max_PQ:2.498e-03
     50 total:2.64451 | blocks:3 | L1_step:0.08503 (3.2%) | L2_step:0.00269 (0.1%) L2_final:0.00230 (0.1%) | L3_e3:2.55449 (96.6%) | final_max_PQ:8.995e-04
🔘 Epoch 178 No Improvement (11/40) | Val conv@1=0.0000, conv@2=0.0000, conv@3=0.0000, conv@5=0.0000, residual@1=9.471056e-04, residual@2=6.985980e-04
     25 total:3.00555 | blocks:2 | L1_step:0.11942 (4.0%) | L2_step:0.00328 (0.1%) L2_final:0.00254 (0.1%) | L3_e3:2.88031 (95.8%) | final_max_PQ:1.735e-03
     50 total:4.31194 | blocks:1 | L1_step:0.12820 (3.0%) | L2_step:0.00616 (0.1%) L2_final:0.00353 (0.1%) | L3_e3:4.17405 (96.8%) | final_max_PQ:1.553e-02
🔘 Epoch 179 No Improvement (12/40) | Val conv@1=0.0000, conv@2=0.0000, conv@3=0.0000, conv@5=0.0000, residual@1=6.653155e-04, residual@2=3.589177e-04
     25 total:3.96578 | blocks:2 | L1_step:0.11101 (2.8%) | L2_step:0.00353 (0.1%) L2_final:0.00305 (0.1%) | L3_e3:3.84819 (97.0%) | final_max_PQ:1.699e-03
     50 total:3.12741 | blocks:3 | L1_step:0.09340 (3.0%) | L2_step:0.00262 (0.1%) L2_final:0.00263 (0.1%) | L3_e3:3.02876 (96.8%) | final_max_PQ:8.388e-04
🔘 Epoch 180 No Improvement (13/40) | Val conv@1=0.0000, conv@2=0.0000, conv@3=0.0000, conv@5=0.0000, residual@1=7.947481e-04, residual@2=5.304258e-04
     25 total:3.47576 | blocks:3 | L1_step:0.29672 (8.5%) | L2_step:0.00270 (0.1%) L2_final:0.00277 (0.1%) | L3_e3:3.17356 (91.3%) | final_max_PQ:1.000e-03
     50 total:3.03988 | blocks:2 | L1_step:0.09707 (3.2%) | L2_step:0.00347 (0.1%) L2_final:0.00250 (0.1%) | L3_e3:2.93684 (96.6%) | final_max_PQ:9.959e-04
🔘 Epoch 181 No Improvement (14/40) | Val conv@1=0.0000, conv@2=0.0000, conv@3=0.0000, conv@5=0.0000, residual@1=8.199529e-04, residual@2=5.682592e-04
     25 total:3.17454 | blocks:2 | L1_step:0.08470 (2.7%) | L2_step:0.00369 (0.1%) L2_final:0.00254 (0.1%) | L3_e3:3.08362 (97.1%) | final_max_PQ:8.430e-04
     50 total:2.58335 | blocks:3 | L1_step:0.08537 (3.3%) | L2_step:0.00247 (0.1%) L2_final:0.00225 (0.1%) | L3_e3:2.49327 (96.5%) | final_max_PQ:9.790e-04
🔘 Epoch 182 No Improvement (15/40) | Val conv@1=0.0000, conv@2=0.0000, conv@3=0.0000, conv@5=0.0000, residual@1=6.850425e-04, residual@2=3.809004e-04
     25 total:2.48887 | blocks:2 | L1_step:0.10354 (4.2%) | L2_step:0.00346 (0.1%) L2_final:0.00216 (0.1%) | L3_e3:2.37971 (95.6%) | final_max_PQ:1.353e-03
     50 total:3.14782 | blocks:2 | L1_step:0.11571 (3.7%) | L2_step:0.00338 (0.1%) L2_final:0.00259 (0.1%) | L3_e3:3.02614 (96.1%) | final_max_PQ:8.694e-04
🔘 Epoch 183 No Improvement (16/40) | Val conv@1=0.0000, conv@2=0.0000, conv@3=0.0000, conv@5=0.0000, residual@1=5.758712e-04, residual@2=1.979848e-04
     25 total:3.84426 | blocks:2 | L1_step:0.24115 (6.3%) | L2_step:0.00318 (0.1%) L2_final:0.00287 (0.1%) | L3_e3:3.59706 (93.6%) | final_max_PQ:1.182e-03
     50 total:3.27985 | blocks:3 | L1_step:0.26784 (8.2%) | L2_step:0.00302 (0.1%) L2_final:0.00263 (0.1%) | L3_e3:3.00636 (91.7%) | final_max_PQ:8.781e-04
🔘 Epoch 184 No Improvement (17/40) | Val conv@1=0.0000, conv@2=0.0000, conv@3=0.0000, conv@5=0.0000, residual@1=7.547518e-04, residual@2=4.931360e-04
     25 total:4.60466 | blocks:2 | L1_step:0.51666 (11.2%) | L2_step:0.00395 (0.1%) L2_final:0.00329 (0.1%) | L3_e3:4.08076 (88.6%) | final_max_PQ:1.043e-03
     50 total:3.10077 | blocks:2 | L1_step:0.10546 (3.4%) | L2_step:0.00351 (0.1%) L2_final:0.00260 (0.1%) | L3_e3:2.98920 (96.4%) | final_max_PQ:2.241e-03
🔘 Epoch 185 No Improvement (18/40) | Val conv@1=0.0000, conv@2=0.0000, conv@3=0.0000, conv@5=0.0000, residual@1=6.203612e-04, residual@2=2.596791e-04
     25 total:3.19886 | blocks:3 | L1_step:0.10802 (3.4%) | L2_step:0.00294 (0.1%) L2_final:0.00260 (0.1%) | L3_e3:3.08529 (96.4%) | final_max_PQ:7.973e-04
     50 total:3.45352 | blocks:2 | L1_step:0.25957 (7.5%) | L2_step:0.00355 (0.1%) L2_final:0.00261 (0.1%) | L3_e3:3.18779 (92.3%) | final_max_PQ:1.454e-03
🔘 Epoch 186 No Improvement (19/40) | Val conv@1=0.0003, conv@2=0.0000, conv@3=0.0000, conv@5=0.0000, residual@1=5.112801e-04, residual@2=1.795496e-04
     25 total:4.80252 | blocks:2 | L1_step:0.10439 (2.2%) | L2_step:0.00366 (0.1%) L2_final:0.00340 (0.1%) | L3_e3:4.69108 (97.7%) | final_max_PQ:3.129e-03
     50 total:4.82080 | blocks:1 | L1_step:0.12373 (2.6%) | L2_step:0.00594 (0.1%) L2_final:0.00379 (0.1%) | L3_e3:4.68734 (97.2%) | final_max_PQ:1.820e-02
🔘 Epoch 187 No Improvement (20/40) | Val conv@1=0.0000, conv@2=0.0000, conv@3=0.0000, conv@5=0.0000, residual@1=7.960122e-04, residual@2=4.798690e-04
     25 total:2.69374 | blocks:2 | L1_step:0.08473 (3.1%) | L2_step:0.00328 (0.1%) L2_final:0.00227 (0.1%) | L3_e3:2.60346 (96.6%) | final_max_PQ:7.527e-04
     50 total:3.62555 | blocks:2 | L1_step:0.10546 (2.9%) | L2_step:0.00377 (0.1%) L2_final:0.00290 (0.1%) | L3_e3:3.51342 (96.9%) | final_max_PQ:2.055e-03
🔻 LR reduced: 5.00e-04 -> 2.50e-04
🔘 Epoch 188 No Improvement (21/40) | Val conv@1=0.0000, conv@2=0.0000, conv@3=0.0000, conv@5=0.0000, residual@1=8.662503e-04, residual@2=6.189338e-04
     25 total:1.66001 | blocks:3 | L1_step:0.06856 (4.1%) | L2_step:0.00252 (0.2%) L2_final:0.00165 (0.1%) | L3_e3:1.58728 (95.6%) | final_max_PQ:4.541e-04
     50 total:3.48754 | blocks:1 | L1_step:0.10057 (2.9%) | L2_step:0.00591 (0.2%) L2_final:0.00298 (0.1%) | L3_e3:3.37808 (96.9%) | final_max_PQ:1.139e-02
🟩 Epoch 189 | Train loss = 2.3198 | Val conv@1=0.0015, conv@2=0.0000, conv@3=0.0000, conv@5=0.0000, residual@1=4.866989e-04, residual@2=1.588811e-04, residual@3=1.542668e-04, excess@2=0.5888, tail@2=1.969337e-03, score=-0.234749 | LR: 2.5000e-04
     25 total:2.17592 | blocks:2 | L1_step:0.08842 (4.1%) | L2_step:0.00344 (0.2%) L2_final:0.00199 (0.1%) | L3_e3:2.08206 (95.7%) | final_max_PQ:2.202e-03
     50 total:1.56307 | blocks:3 | L1_step:0.11197 (7.2%) | L2_step:0.00251 (0.2%) L2_final:0.00155 (0.1%) | L3_e3:1.44704 (92.6%) | final_max_PQ:5.507e-04
🟩 Epoch 190 | Train loss = 2.0043 | Val conv@1=0.0040, conv@2=0.0010, conv@3=0.0000, conv@5=0.0000, residual@1=4.778577e-04, residual@2=1.461386e-04, residual@3=1.431347e-04, excess@2=0.4614, tail@2=1.995802e-03, score=-0.192298 | LR: 2.5000e-04
     25 total:1.97133 | blocks:2 | L1_step:0.08123 (4.1%) | L2_step:0.00312 (0.2%) L2_final:0.00184 (0.1%) | L3_e3:1.88514 (95.6%) | final_max_PQ:1.996e-03
     50 total:1.98580 | blocks:2 | L1_step:0.08266 (4.2%) | L2_step:0.00353 (0.2%) L2_final:0.00184 (0.1%) | L3_e3:1.89776 (95.6%) | final_max_PQ:1.178e-03
🔘 Epoch 191 No Improvement (1/40) | Val conv@1=0.0008, conv@2=0.0000, conv@3=0.0000, conv@5=0.0000, residual@1=5.037411e-04, residual@2=1.664333e-04
     25 total:1.92267 | blocks:2 | L1_step:0.06427 (3.3%) | L2_step:0.00337 (0.2%) L2_final:0.00180 (0.1%) | L3_e3:1.85323 (96.4%) | final_max_PQ:7.256e-04
     50 total:2.32031 | blocks:2 | L1_step:0.20918 (9.0%) | L2_step:0.00311 (0.1%) L2_final:0.00194 (0.1%) | L3_e3:2.10608 (90.8%) | final_max_PQ:6.197e-04
🔘 Epoch 192 No Improvement (2/40) | Val conv@1=0.0003, conv@2=0.0000, conv@3=0.0000, conv@5=0.0000, residual@1=4.848840e-04, residual@2=1.581907e-04
     25 total:1.43550 | blocks:3 | L1_step:0.05310 (3.7%) | L2_step:0.00241 (0.2%) L2_final:0.00148 (0.1%) | L3_e3:1.37851 (96.0%) | final_max_PQ:4.433e-04
     50 total:1.54797 | blocks:3 | L1_step:0.05597 (3.6%) | L2_step:0.00270 (0.2%) L2_final:0.00156 (0.1%) | L3_e3:1.48773 (96.1%) | final_max_PQ:4.750e-04
🔘 Epoch 193 No Improvement (3/40) | Val conv@1=0.0018, conv@2=0.0022, conv@3=0.0003, conv@5=0.0000, residual@1=4.968761e-04, residual@2=1.661375e-04
     25 total:1.83232 | blocks:3 | L1_step:0.07032 (3.8%) | L2_step:0.00295 (0.2%) L2_final:0.00178 (0.1%) | L3_e3:1.75726 (95.9%) | final_max_PQ:6.591e-04
     50 total:1.98834 | blocks:2 | L1_step:0.07855 (4.0%) | L2_step:0.00329 (0.2%) L2_final:0.00184 (0.1%) | L3_e3:1.90466 (95.8%) | final_max_PQ:2.234e-03
🔘 Epoch 194 No Improvement (4/40) | Val conv@1=0.0000, conv@2=0.0000, conv@3=0.0000, conv@5=0.0000, residual@1=5.700480e-04, residual@2=2.431777e-04
     25 total:2.02700 | blocks:2 | L1_step:0.08443 (4.2%) | L2_step:0.00336 (0.2%) L2_final:0.00188 (0.1%) | L3_e3:1.93733 (95.6%) | final_max_PQ:5.620e-04
     50 total:2.03052 | blocks:2 | L1_step:0.08151 (4.0%) | L2_step:0.00317 (0.2%) L2_final:0.00187 (0.1%) | L3_e3:1.94398 (95.7%) | final_max_PQ:8.466e-04
🟩 Epoch 195 | Train loss = 2.0992 | Val conv@1=0.0127, conv@2=0.0213, conv@3=0.0118, conv@5=0.0103, residual@1=4.560307e-04, residual@2=1.374949e-04, residual@3=1.317029e-04, excess@2=0.3757, tail@2=1.695931e-03, score=-0.100286 | LR: 2.5000e-04
     25 total:3.14914 | blocks:1 | L1_step:0.12029 (3.8%) | L2_step:0.00545 (0.2%) L2_final:0.00270 (0.1%) | L3_e3:3.02069 (95.9%) | final_max_PQ:7.919e-03
     50 total:1.84075 | blocks:3 | L1_step:0.06114 (3.3%) | L2_step:0.00243 (0.1%) L2_final:0.00174 (0.1%) | L3_e3:1.77543 (96.5%) | final_max_PQ:5.713e-04
🔘 Epoch 196 No Improvement (1/40) | Val conv@1=0.0005, conv@2=0.0000, conv@3=0.0000, conv@5=0.0000, residual@1=4.729481e-04, residual@2=1.750704e-04
     25 total:1.79334 | blocks:2 | L1_step:0.08075 (4.5%) | L2_step:0.00289 (0.2%) L2_final:0.00168 (0.1%) | L3_e3:1.70802 (95.2%) | final_max_PQ:5.420e-04
     50 total:1.84731 | blocks:2 | L1_step:0.07730 (4.2%) | L2_step:0.00298 (0.2%) L2_final:0.00173 (0.1%) | L3_e3:1.76530 (95.6%) | final_max_PQ:1.641e-03
🔘 Epoch 197 No Improvement (2/40) | Val conv@1=0.0003, conv@2=0.0000, conv@3=0.0000, conv@5=0.0000, residual@1=4.710442e-04, residual@2=1.661823e-04
     25 total:1.43204 | blocks:3 | L1_step:0.05974 (4.2%) | L2_step:0.00277 (0.2%) L2_final:0.00147 (0.1%) | L3_e3:1.36806 (95.5%) | final_max_PQ:4.548e-04
     50 total:2.84069 | blocks:2 | L1_step:0.08401 (3.0%) | L2_step:0.00333 (0.1%) L2_final:0.00235 (0.1%) | L3_e3:2.75100 (96.8%) | final_max_PQ:1.818e-03
🔘 Epoch 198 No Improvement (3/40) | Val conv@1=0.0000, conv@2=0.0000, conv@3=0.0000, conv@5=0.0000, residual@1=5.078917e-04, residual@2=1.976361e-04
     25 total:2.33115 | blocks:2 | L1_step:0.07350 (3.2%) | L2_step:0.00314 (0.1%) L2_final:0.00202 (0.1%) | L3_e3:2.25249 (96.6%) | final_max_PQ:5.918e-04
     50 total:2.02190 | blocks:2 | L1_step:0.05977 (3.0%) | L2_step:0.00345 (0.2%) L2_final:0.00186 (0.1%) | L3_e3:1.95682 (96.8%) | final_max_PQ:5.398e-04
🔘 Epoch 199 No Improvement (4/40) | Val conv@1=0.0050, conv@2=0.0055, conv@3=0.0032, conv@5=0.0025, residual@1=4.719638e-04, residual@2=1.522233e-04
     25 total:2.10835 | blocks:2 | L1_step:0.06751 (3.2%) | L2_step:0.00308 (0.1%) L2_final:0.00187 (0.1%) | L3_e3:2.03590 (96.6%) | final_max_PQ:6.626e-04
     50 total:1.50623 | blocks:3 | L1_step:0.06315 (4.2%) | L2_step:0.00262 (0.2%) L2_final:0.00152 (0.1%) | L3_e3:1.43894 (95.5%) | final_max_PQ:4.116e-04
🔘 Epoch 200 No Improvement (5/40) | Val conv@1=0.0000, conv@2=0.0000, conv@3=0.0000, conv@5=0.0000, residual@1=4.826942e-04, residual@2=1.895622e-04
     25 total:2.03057 | blocks:2 | L1_step:0.07548 (3.7%) | L2_step:0.00355 (0.2%) L2_final:0.00189 (0.1%) | L3_e3:1.94965 (96.0%) | final_max_PQ:1.414e-03
     50 total:1.50325 | blocks:3 | L1_step:0.05971 (4.0%) | L2_step:0.00263 (0.2%) L2_final:0.00153 (0.1%) | L3_e3:1.43938 (95.8%) | final_max_PQ:6.632e-04
🔘 Epoch 201 No Improvement (6/40) | Val conv@1=0.0000, conv@2=0.0000, conv@3=0.0000, conv@5=0.0000, residual@1=5.057668e-04, residual@2=2.274257e-04
     25 total:2.02614 | blocks:2 | L1_step:0.07559 (3.7%) | L2_step:0.00351 (0.2%) L2_final:0.00188 (0.1%) | L3_e3:1.94516 (96.0%) | final_max_PQ:1.251e-03
     50 total:1.92627 | blocks:2 | L1_step:0.06805 (3.5%) | L2_step:0.00279 (0.1%) L2_final:0.00175 (0.1%) | L3_e3:1.85367 (96.2%) | final_max_PQ:6.690e-04
🔘 Epoch 202 No Improvement (7/40) | Val conv@1=0.0035, conv@2=0.0003, conv@3=0.0000, conv@5=0.0000, residual@1=4.603955e-04, residual@2=1.801190e-04
     25 total:1.87603 | blocks:2 | L1_step:0.06270 (3.3%) | L2_step:0.00334 (0.2%) L2_final:0.00176 (0.1%) | L3_e3:1.80823 (96.4%) | final_max_PQ:4.921e-04
     50 total:1.39704 | blocks:3 | L1_step:0.07678 (5.5%) | L2_step:0.00267 (0.2%) L2_final:0.00140 (0.1%) | L3_e3:1.31618 (94.2%) | final_max_PQ:6.314e-04
🟩 Epoch 203 | Train loss = 1.8714 | Val conv@1=0.4550, conv@2=0.9327, conv@3=0.9962, conv@5=0.9972, residual@1=4.050623e-04, residual@2=7.586315e-05, residual@3=6.797205e-05, excess@2=0.0468, tail@2=1.481354e-03, score=3.448244 | LR: 2.5000e-04
     25 total:1.88269 | blocks:3 | L1_step:0.08492 (4.5%) | L2_step:0.00278 (0.1%) L2_final:0.00179 (0.1%) | L3_e3:1.79321 (95.2%) | final_max_PQ:7.191e-04
     50 total:1.78943 | blocks:3 | L1_step:0.07591 (4.2%) | L2_step:0.00275 (0.2%) L2_final:0.00174 (0.1%) | L3_e3:1.70903 (95.5%) | final_max_PQ:5.146e-04
🔘 Epoch 204 No Improvement (1/40) | Val conv@1=0.0003, conv@2=0.0000, conv@3=0.0000, conv@5=0.0000, residual@1=4.681347e-04, residual@2=1.848372e-04
     25 total:2.06963 | blocks:2 | L1_step:0.06273 (3.0%) | L2_step:0.00366 (0.2%) L2_final:0.00188 (0.1%) | L3_e3:2.00137 (96.7%) | final_max_PQ:4.908e-04
     50 total:2.22662 | blocks:2 | L1_step:0.07334 (3.3%) | L2_step:0.00372 (0.2%) L2_final:0.00206 (0.1%) | L3_e3:2.14750 (96.4%) | final_max_PQ:8.133e-04
🔘 Epoch 205 No Improvement (2/40) | Val conv@1=0.0005, conv@2=0.0000, conv@3=0.0000, conv@5=0.0000, residual@1=4.669097e-04, residual@2=1.825795e-04
     25 total:1.80902 | blocks:2 | L1_step:0.07422 (4.1%) | L2_step:0.00343 (0.2%) L2_final:0.00168 (0.1%) | L3_e3:1.72968 (95.6%) | final_max_PQ:4.812e-04
     50 total:1.47220 | blocks:3 | L1_step:0.07114 (4.8%) | L2_step:0.00280 (0.2%) L2_final:0.00150 (0.1%) | L3_e3:1.39676 (94.9%) | final_max_PQ:5.565e-04
🔘 Epoch 206 No Improvement (3/40) | Val conv@1=0.0350, conv@2=0.0490, conv@3=0.0535, conv@5=0.0545, residual@1=4.311241e-04, residual@2=1.201920e-04
     25 total:1.87971 | blocks:2 | L1_step:0.07121 (3.8%) | L2_step:0.00329 (0.2%) L2_final:0.00178 (0.1%) | L3_e3:1.80343 (95.9%) | final_max_PQ:8.505e-04
     50 total:1.82249 | blocks:2 | L1_step:0.08876 (4.9%) | L2_step:0.00333 (0.2%) L2_final:0.00172 (0.1%) | L3_e3:1.72868 (94.9%) | final_max_PQ:5.762e-04
🔘 Epoch 207 No Improvement (4/40) | Val conv@1=0.1400, conv@2=0.2815, conv@3=0.3470, conv@5=0.3525, residual@1=4.309266e-04, residual@2=1.180642e-04
     25 total:1.63012 | blocks:3 | L1_step:0.08387 (5.1%) | L2_step:0.00273 (0.2%) L2_final:0.00160 (0.1%) | L3_e3:1.54193 (94.6%) | final_max_PQ:4.898e-04
     50 total:1.61640 | blocks:3 | L1_step:0.08719 (5.4%) | L2_step:0.00268 (0.2%) L2_final:0.00159 (0.1%) | L3_e3:1.52493 (94.3%) | final_max_PQ:4.753e-04
🔘 Epoch 208 No Improvement (5/40) | Val conv@1=0.0227, conv@2=0.0265, conv@3=0.0302, conv@5=0.0338, residual@1=4.460517e-04, residual@2=1.373964e-04
     25 total:1.57178 | blocks:3 | L1_step:0.08675 (5.5%) | L2_step:0.00248 (0.2%) L2_final:0.00158 (0.1%) | L3_e3:1.48098 (94.2%) | final_max_PQ:3.800e-04
     50 total:1.89243 | blocks:3 | L1_step:0.09554 (5.0%) | L2_step:0.00240 (0.1%) L2_final:0.00179 (0.1%) | L3_e3:1.79271 (94.7%) | final_max_PQ:6.472e-04
🔘 Epoch 209 No Improvement (6/40) | Val conv@1=0.0010, conv@2=0.0000, conv@3=0.0000, conv@5=0.0000, residual@1=4.496833e-04, residual@2=1.471995e-04
     25 total:1.91121 | blocks:2 | L1_step:0.06492 (3.4%) | L2_step:0.00316 (0.2%) L2_final:0.00177 (0.1%) | L3_e3:1.84137 (96.3%) | final_max_PQ:7.404e-04
     50 total:1.57026 | blocks:3 | L1_step:0.09480 (6.0%) | L2_step:0.00265 (0.2%) L2_final:0.00158 (0.1%) | L3_e3:1.47123 (93.7%) | final_max_PQ:4.896e-04
🔘 Epoch 210 No Improvement (7/40) | Val conv@1=0.0000, conv@2=0.0000, conv@3=0.0000, conv@5=0.0000, residual@1=4.655007e-04, residual@2=1.913935e-04
     25 total:1.60052 | blocks:3 | L1_step:0.07111 (4.4%) | L2_step:0.00264 (0.2%) L2_final:0.00156 (0.1%) | L3_e3:1.52520 (95.3%) | final_max_PQ:5.059e-04
     50 total:1.70899 | blocks:2 | L1_step:0.06494 (3.8%) | L2_step:0.00324 (0.2%) L2_final:0.00165 (0.1%) | L3_e3:1.63916 (95.9%) | final_max_PQ:1.303e-03
🔘 Epoch 211 No Improvement (8/40) | Val conv@1=0.0015, conv@2=0.0005, conv@3=0.0000, conv@5=0.0000, residual@1=4.475983e-04, residual@2=1.585778e-04
     25 total:1.97504 | blocks:2 | L1_step:0.08496 (4.3%) | L2_step:0.00356 (0.2%) L2_final:0.00188 (0.1%) | L3_e3:1.88465 (95.4%) | final_max_PQ:8.260e-04
     50 total:1.89486 | blocks:2 | L1_step:0.07205 (3.8%) | L2_step:0.00365 (0.2%) L2_final:0.00175 (0.1%) | L3_e3:1.81740 (95.9%) | final_max_PQ:9.870e-04
🔘 Epoch 212 No Improvement (9/40) | Val conv@1=0.0015, conv@2=0.0000, conv@3=0.0000, conv@5=0.0000, residual@1=4.451092e-04, residual@2=1.643727e-04
     25 total:1.58680 | blocks:3 | L1_step:0.05970 (3.8%) | L2_step:0.00289 (0.2%) L2_final:0.00159 (0.1%) | L3_e3:1.52262 (96.0%) | final_max_PQ:5.580e-04
     50 total:1.94911 | blocks:2 | L1_step:0.06573 (3.4%) | L2_step:0.00307 (0.2%) L2_final:0.00179 (0.1%) | L3_e3:1.87853 (96.4%) | final_max_PQ:7.116e-04
🔘 Epoch 213 No Improvement (10/40) | Val conv@1=0.0083, conv@2=0.0037, conv@3=0.0010, conv@5=0.0010, residual@1=4.454841e-04, residual@2=1.355452e-04
     25 total:2.04159 | blocks:2 | L1_step:0.06892 (3.4%) | L2_step:0.00317 (0.2%) L2_final:0.00189 (0.1%) | L3_e3:1.96760 (96.4%) | final_max_PQ:6.420e-04
     50 total:2.17332 | blocks:2 | L1_step:0.08413 (3.9%) | L2_step:0.00351 (0.2%) L2_final:0.00199 (0.1%) | L3_e3:2.08369 (95.9%) | final_max_PQ:1.457e-03
🔘 Epoch 214 No Improvement (11/40) | Val conv@1=0.0013, conv@2=0.0000, conv@3=0.0000, conv@5=0.0000, residual@1=4.720310e-04, residual@2=1.917290e-04
     25 total:1.54690 | blocks:3 | L1_step:0.08902 (5.8%) | L2_step:0.00273 (0.2%) L2_final:0.00156 (0.1%) | L3_e3:1.45360 (94.0%) | final_max_PQ:4.505e-04
     50 total:2.21636 | blocks:2 | L1_step:0.07083 (3.2%) | L2_step:0.00379 (0.2%) L2_final:0.00200 (0.1%) | L3_e3:2.13974 (96.5%) | final_max_PQ:8.818e-04
🔘 Epoch 215 No Improvement (12/40) | Val conv@1=0.0000, conv@2=0.0000, conv@3=0.0000, conv@5=0.0000, residual@1=5.323063e-04, residual@2=2.609913e-04
     25 total:2.52097 | blocks:2 | L1_step:0.07271 (2.9%) | L2_step:0.00307 (0.1%) L2_final:0.00211 (0.1%) | L3_e3:2.44308 (96.9%) | final_max_PQ:7.757e-04
     50 total:1.52998 | blocks:3 | L1_step:0.06245 (4.1%) | L2_step:0.00253 (0.2%) L2_final:0.00156 (0.1%) | L3_e3:1.46344 (95.7%) | final_max_PQ:4.795e-04
🔘 Epoch 216 No Improvement (13/40) | Val conv@1=0.0152, conv@2=0.0050, conv@3=0.0088, conv@5=0.0077, residual@1=4.619337e-04, residual@2=1.262850e-04
     25 total:1.67337 | blocks:2 | L1_step:0.06502 (3.9%) | L2_step:0.00316 (0.2%) L2_final:0.00162 (0.1%) | L3_e3:1.60356 (95.8%) | final_max_PQ:4.695e-04
     50 total:1.83600 | blocks:2 | L1_step:0.08529 (4.6%) | L2_step:0.00349 (0.2%) L2_final:0.00171 (0.1%) | L3_e3:1.74551 (95.1%) | final_max_PQ:5.161e-04
🔘 Epoch 217 No Improvement (14/40) | Val conv@1=0.0018, conv@2=0.0000, conv@3=0.0000, conv@5=0.0000, residual@1=4.439529e-04, residual@2=1.511121e-04
     25 total:1.95692 | blocks:2 | L1_step:0.06895 (3.5%) | L2_step:0.00337 (0.2%) L2_final:0.00183 (0.1%) | L3_e3:1.88277 (96.2%) | final_max_PQ:9.758e-04
     50 total:1.88141 | blocks:2 | L1_step:0.07805 (4.1%) | L2_step:0.00307 (0.2%) L2_final:0.00177 (0.1%) | L3_e3:1.79852 (95.6%) | final_max_PQ:1.281e-03
🔘 Epoch 218 No Improvement (15/40) | Val conv@1=0.0000, conv@2=0.0000, conv@3=0.0000, conv@5=0.0000, residual@1=5.386747e-04, residual@2=2.685292e-04
     25 total:2.58499 | blocks:2 | L1_step:0.11482 (4.4%) | L2_step:0.00373 (0.1%) L2_final:0.00220 (0.1%) | L3_e3:2.46424 (95.3%) | final_max_PQ:6.711e-04
     50 total:2.02422 | blocks:2 | L1_step:0.07768 (3.8%) | L2_step:0.00309 (0.2%) L2_final:0.00183 (0.1%) | L3_e3:1.94162 (95.9%) | final_max_PQ:5.977e-04
🔘 Epoch 219 No Improvement (16/40) | Val conv@1=0.0003, conv@2=0.0000, conv@3=0.0000, conv@5=0.0000, residual@1=4.561748e-04, residual@2=1.472917e-04
     25 total:2.01228 | blocks:2 | L1_step:0.06182 (3.1%) | L2_step:0.00340 (0.2%) L2_final:0.00187 (0.1%) | L3_e3:1.94519 (96.7%) | final_max_PQ:1.599e-03
     50 total:1.72475 | blocks:2 | L1_step:0.07284 (4.2%) | L2_step:0.00310 (0.2%) L2_final:0.00165 (0.1%) | L3_e3:1.64716 (95.5%) | final_max_PQ:4.618e-04
🔘 Epoch 220 No Improvement (17/40) | Val conv@1=0.0000, conv@2=0.0000, conv@3=0.0000, conv@5=0.0000, residual@1=4.510584e-04, residual@2=1.518649e-04
     25 total:1.49217 | blocks:3 | L1_step:0.05624 (3.8%) | L2_step:0.00254 (0.2%) L2_final:0.00154 (0.1%) | L3_e3:1.43186 (96.0%) | final_max_PQ:4.512e-04
     50 total:2.08151 | blocks:2 | L1_step:0.07055 (3.4%) | L2_step:0.00342 (0.2%) L2_final:0.00190 (0.1%) | L3_e3:2.00563 (96.4%) | final_max_PQ:1.464e-03
🔘 Epoch 221 No Improvement (18/40) | Val conv@1=0.0000, conv@2=0.0000, conv@3=0.0000, conv@5=0.0000, residual@1=4.600717e-04, residual@2=1.651852e-04
     25 total:1.70834 | blocks:3 | L1_step:0.15002 (8.8%) | L2_step:0.00263 (0.2%) L2_final:0.00164 (0.1%) | L3_e3:1.55405 (91.0%) | final_max_PQ:5.061e-04
     50 total:1.65064 | blocks:2 | L1_step:0.05948 (3.6%) | L2_step:0.00293 (0.2%) L2_final:0.00158 (0.1%) | L3_e3:1.58665 (96.1%) | final_max_PQ:4.742e-04
🔘 Epoch 222 No Improvement (19/40) | Val conv@1=0.0018, conv@2=0.0000, conv@3=0.0000, conv@5=0.0000, residual@1=4.324092e-04, residual@2=1.438980e-04
     25 total:1.38151 | blocks:3 | L1_step:0.06777 (4.9%) | L2_step:0.00244 (0.2%) L2_final:0.00142 (0.1%) | L3_e3:1.30988 (94.8%) | final_max_PQ:4.377e-04
     50 total:1.79903 | blocks:2 | L1_step:0.06918 (3.8%) | L2_step:0.00339 (0.2%) L2_final:0.00172 (0.1%) | L3_e3:1.72474 (95.9%) | final_max_PQ:5.660e-04
🔘 Epoch 223 No Improvement (20/40) | Val conv@1=0.0008, conv@2=0.0000, conv@3=0.0000, conv@5=0.0000, residual@1=4.263118e-04, residual@2=1.539432e-04
     25 total:1.41082 | blocks:3 | L1_step:0.04606 (3.3%) | L2_step:0.00261 (0.2%) L2_final:0.00146 (0.1%) | L3_e3:1.36069 (96.4%) | final_max_PQ:5.426e-04
     50 total:1.37495 | blocks:3 | L1_step:0.03422 (2.5%) | L2_step:0.00260 (0.2%) L2_final:0.00143 (0.1%) | L3_e3:1.33670 (97.2%) | final_max_PQ:5.314e-04
🔻 LR reduced: 2.50e-04 -> 1.25e-04
🔘 Epoch 224 No Improvement (21/40) | Val conv@1=0.0000, conv@2=0.0000, conv@3=0.0000, conv@5=0.0000, residual@1=4.514235e-04, residual@2=1.867361e-04
     25 total:3.24484 | blocks:1 | L1_step:0.09716 (3.0%) | L2_step:0.00590 (0.2%) L2_final:0.00280 (0.1%) | L3_e3:3.13899 (96.7%) | final_max_PQ:9.115e-03
     50 total:1.50015 | blocks:2 | L1_step:0.07122 (4.7%) | L2_step:0.00294 (0.2%) L2_final:0.00149 (0.1%) | L3_e3:1.42451 (95.0%) | final_max_PQ:5.914e-04
🔘 Epoch 225 No Improvement (22/40) | Val conv@1=0.3217, conv@2=0.6248, conv@3=0.6747, conv@5=0.6673, residual@1=3.978717e-04, residual@2=9.805029e-05
     25 total:1.66846 | blocks:2 | L1_step:0.06585 (3.9%) | L2_step:0.00304 (0.2%) L2_final:0.00162 (0.1%) | L3_e3:1.59795 (95.8%) | final_max_PQ:4.706e-04
     50 total:1.69186 | blocks:2 | L1_step:0.05865 (3.5%) | L2_step:0.00316 (0.2%) L2_final:0.00166 (0.1%) | L3_e3:1.62839 (96.2%) | final_max_PQ:6.630e-04
🟩 Epoch 226 | Train loss = 1.7078 | Val conv@1=0.4380, conv@2=0.9375, conv@3=0.9928, conv@5=0.9928, residual@1=3.845068e-04, residual@2=7.557529e-05, residual@3=7.055243e-05, excess@2=0.0263, tail@2=1.099944e-03, score=3.448467 | LR: 1.2500e-04
     25 total:1.32080 | blocks:3 | L1_step:0.06948 (5.3%) | L2_step:0.00265 (0.2%) L2_final:0.00140 (0.1%) | L3_e3:1.24728 (94.4%) | final_max_PQ:3.930e-04
     50 total:1.34397 | blocks:3 | L1_step:0.04361 (3.2%) | L2_step:0.00272 (0.2%) L2_final:0.00144 (0.1%) | L3_e3:1.29620 (96.4%) | final_max_PQ:5.019e-04
🔘 Epoch 227 No Improvement (1/40) | Val conv@1=0.3800, conv@2=0.7258, conv@3=0.7940, conv@5=0.7910, residual@1=3.925456e-04, residual@2=9.493319e-05
     25 total:1.43476 | blocks:2 | L1_step:0.04961 (3.5%) | L2_step:0.00300 (0.2%) L2_final:0.00145 (0.1%) | L3_e3:1.38071 (96.2%) | final_max_PQ:4.918e-04
     50 total:1.49548 | blocks:2 | L1_step:0.07995 (5.3%) | L2_step:0.00311 (0.2%) L2_final:0.00148 (0.1%) | L3_e3:1.41094 (94.3%) | final_max_PQ:1.008e-03
🟩 Epoch 228 | Train loss = 1.6116 | Val conv@1=0.5032, conv@2=0.9493, conv@3=0.9982, conv@5=0.9988, residual@1=3.675893e-04, residual@2=6.151968e-05, residual@3=5.223562e-05, excess@2=0.0276, tail@2=1.105189e-03, score=3.543419 | LR: 1.2500e-04
     25 total:1.54758 | blocks:2 | L1_step:0.06637 (4.3%) | L2_step:0.00334 (0.2%) L2_final:0.00154 (0.1%) | L3_e3:1.47632 (95.4%) | final_max_PQ:1.690e-03
     50 total:1.74093 | blocks:2 | L1_step:0.07072 (4.1%) | L2_step:0.00345 (0.2%) L2_final:0.00169 (0.1%) | L3_e3:1.66507 (95.6%) | final_max_PQ:7.756e-04
🔘 Epoch 229 No Improvement (1/40) | Val conv@1=0.4753, conv@2=0.9060, conv@3=0.9605, conv@5=0.9637, residual@1=3.789205e-04, residual@2=7.811681e-05
     25 total:1.51787 | blocks:2 | L1_step:0.06189 (4.1%) | L2_step:0.00295 (0.2%) L2_final:0.00151 (0.1%) | L3_e3:1.45152 (95.6%) | final_max_PQ:4.899e-04
     50 total:1.10747 | blocks:3 | L1_step:0.04599 (4.2%) | L2_step:0.00245 (0.2%) L2_final:0.00123 (0.1%) | L3_e3:1.05780 (95.5%) | final_max_PQ:4.666e-04
🔘 Epoch 230 No Improvement (2/40) | Val conv@1=0.4260, conv@2=0.8425, conv@3=0.9475, conv@5=0.9483, residual@1=4.007788e-04, residual@2=9.194058e-05
     25 total:1.13459 | blocks:3 | L1_step:0.06566 (5.8%) | L2_step:0.00219 (0.2%) L2_final:0.00124 (0.1%) | L3_e3:1.06551 (93.9%) | final_max_PQ:4.396e-04
     50 total:1.25556 | blocks:3 | L1_step:0.07068 (5.6%) | L2_step:0.00258 (0.2%) L2_final:0.00132 (0.1%) | L3_e3:1.18098 (94.1%) | final_max_PQ:3.980e-04
🔘 Epoch 231 No Improvement (3/40) | Val conv@1=0.3595, conv@2=0.7133, conv@3=0.8043, conv@5=0.8023, residual@1=3.877238e-04, residual@2=9.343115e-05
     25 total:1.21188 | blocks:3 | L1_step:0.06181 (5.1%) | L2_step:0.00252 (0.2%) L2_final:0.00130 (0.1%) | L3_e3:1.14625 (94.6%) | final_max_PQ:4.858e-04
     50 total:1.09919 | blocks:3 | L1_step:0.04848 (4.4%) | L2_step:0.00222 (0.2%) L2_final:0.00123 (0.1%) | L3_e3:1.04726 (95.3%) | final_max_PQ:3.364e-04
🔘 Epoch 232 No Improvement (4/40) | Val conv@1=0.0578, conv@2=0.0180, conv@3=0.0127, conv@5=0.0107, residual@1=3.996455e-04, residual@2=1.209695e-04
     25 total:1.61449 | blocks:2 | L1_step:0.07473 (4.6%) | L2_step:0.00318 (0.2%) L2_final:0.00159 (0.1%) | L3_e3:1.53499 (95.1%) | final_max_PQ:4.450e-04
     50 total:1.37033 | blocks:3 | L1_step:0.05359 (3.9%) | L2_step:0.00271 (0.2%) L2_final:0.00144 (0.1%) | L3_e3:1.31260 (95.8%) | final_max_PQ:3.825e-04
🔘 Epoch 233 No Improvement (5/40) | Val conv@1=0.5168, conv@2=0.9263, conv@3=0.9990, conv@5=0.9998, residual@1=3.725301e-04, residual@2=6.697182e-05
     25 total:1.47190 | blocks:2 | L1_step:0.06571 (4.5%) | L2_step:0.00294 (0.2%) L2_final:0.00146 (0.1%) | L3_e3:1.40178 (95.2%) | final_max_PQ:5.396e-04
     50 total:1.10889 | blocks:3 | L1_step:0.05532 (5.0%) | L2_step:0.00233 (0.2%) L2_final:0.00122 (0.1%) | L3_e3:1.05003 (94.7%) | final_max_PQ:3.756e-04
🔘 Epoch 234 No Improvement (6/40) | Val conv@1=0.4800, conv@2=0.9287, conv@3=0.9830, conv@5=0.9830, residual@1=3.744656e-04, residual@2=8.353648e-05
     25 total:1.51094 | blocks:2 | L1_step:0.05695 (3.8%) | L2_step:0.00304 (0.2%) L2_final:0.00151 (0.1%) | L3_e3:1.44943 (95.9%) | final_max_PQ:1.013e-03
     50 total:1.51798 | blocks:2 | L1_step:0.06103 (4.0%) | L2_step:0.00298 (0.2%) L2_final:0.00153 (0.1%) | L3_e3:1.45244 (95.7%) | final_max_PQ:8.806e-04
🔘 Epoch 235 No Improvement (7/40) | Val conv@1=0.2735, conv@2=0.5587, conv@3=0.6388, conv@5=0.6398, residual@1=3.896423e-04, residual@2=1.011155e-04
     25 total:2.35730 | blocks:1 | L1_step:0.08104 (3.4%) | L2_step:0.00497 (0.2%) L2_final:0.00213 (0.1%) | L3_e3:2.26917 (96.3%) | final_max_PQ:8.395e-03
     50 total:1.12660 | blocks:3 | L1_step:0.04350 (3.9%) | L2_step:0.00243 (0.2%) L2_final:0.00124 (0.1%) | L3_e3:1.07943 (95.8%) | final_max_PQ:3.445e-04
🔘 Epoch 236 No Improvement (8/40) | Val conv@1=0.2490, conv@2=0.4675, conv@3=0.5200, conv@5=0.5170, residual@1=3.860054e-04, residual@2=1.039556e-04
     25 total:1.23530 | blocks:3 | L1_step:0.05559 (4.5%) | L2_step:0.00259 (0.2%) L2_final:0.00133 (0.1%) | L3_e3:1.17578 (95.2%) | final_max_PQ:4.455e-04
     50 total:2.78643 | blocks:1 | L1_step:0.09603 (3.4%) | L2_step:0.00541 (0.2%) L2_final:0.00248 (0.1%) | L3_e3:2.68251 (96.3%) | final_max_PQ:1.031e-02
🔘 Epoch 237 No Improvement (9/40) | Val conv@1=0.2720, conv@2=0.4323, conv@3=0.4502, conv@5=0.4515, residual@1=3.804713e-04, residual@2=1.044769e-04
     25 total:1.27252 | blocks:3 | L1_step:0.07533 (5.9%) | L2_step:0.00258 (0.2%) L2_final:0.00134 (0.1%) | L3_e3:1.19327 (93.8%) | final_max_PQ:4.143e-04
     50 total:1.04417 | blocks:3 | L1_step:0.04664 (4.5%) | L2_step:0.00233 (0.2%) L2_final:0.00118 (0.1%) | L3_e3:0.99402 (95.2%) | final_max_PQ:4.120e-04
🔘 Epoch 238 No Improvement (10/40) | Val conv@1=0.0570, conv@2=0.0890, conv@3=0.0915, conv@5=0.0912, residual@1=3.964274e-04, residual@2=1.287023e-04
     25 total:1.31578 | blocks:3 | L1_step:0.05457 (4.1%) | L2_step:0.00264 (0.2%) L2_final:0.00140 (0.1%) | L3_e3:1.25717 (95.5%) | final_max_PQ:3.460e-04
     50 total:1.46910 | blocks:2 | L1_step:0.05776 (3.9%) | L2_step:0.00306 (0.2%) L2_final:0.00147 (0.1%) | L3_e3:1.40681 (95.8%) | final_max_PQ:4.549e-04
🔘 Epoch 239 No Improvement (11/40) | Val conv@1=0.0512, conv@2=0.0730, conv@3=0.0757, conv@5=0.0705, residual@1=3.959469e-04, residual@2=1.305713e-04
     25 total:1.67046 | blocks:2 | L1_step:0.06416 (3.8%) | L2_step:0.00357 (0.2%) L2_final:0.00165 (0.1%) | L3_e3:1.60107 (95.8%) | final_max_PQ:6.332e-04
     50 total:3.04792 | blocks:1 | L1_step:0.08450 (2.8%) | L2_step:0.00582 (0.2%) L2_final:0.00272 (0.1%) | L3_e3:2.95488 (96.9%) | final_max_PQ:1.101e-02
🔘 Epoch 240 No Improvement (12/40) | Val conv@1=0.0525, conv@2=0.0920, conv@3=0.1135, conv@5=0.1150, residual@1=4.012254e-04, residual@2=1.258967e-04
     25 total:1.32914 | blocks:3 | L1_step:0.06068 (4.6%) | L2_step:0.00277 (0.2%) L2_final:0.00139 (0.1%) | L3_e3:1.26429 (95.1%) | final_max_PQ:4.568e-04
     50 total:1.38997 | blocks:3 | L1_step:0.06354 (4.6%) | L2_step:0.00283 (0.2%) L2_final:0.00144 (0.1%) | L3_e3:1.32215 (95.1%) | final_max_PQ:3.914e-04
🔘 Epoch 241 No Improvement (13/40) | Val conv@1=0.1467, conv@2=0.2510, conv@3=0.2672, conv@5=0.2675, residual@1=3.864247e-04, residual@2=1.154012e-04
     25 total:1.63005 | blocks:2 | L1_step:0.06556 (4.0%) | L2_step:0.00328 (0.2%) L2_final:0.00162 (0.1%) | L3_e3:1.55959 (95.7%) | final_max_PQ:4.460e-04
     50 total:2.61162 | blocks:1 | L1_step:0.10067 (3.9%) | L2_step:0.00531 (0.2%) L2_final:0.00234 (0.1%) | L3_e3:2.50330 (95.9%) | final_max_PQ:1.222e-02
🔘 Epoch 242 No Improvement (14/40) | Val conv@1=0.3990, conv@2=0.7230, conv@3=0.7905, conv@5=0.7895, residual@1=3.721481e-04, residual@2=9.593023e-05
     25 total:1.52414 | blocks:2 | L1_step:0.06156 (4.0%) | L2_step:0.00339 (0.2%) L2_final:0.00151 (0.1%) | L3_e3:1.45767 (95.6%) | final_max_PQ:6.526e-04
     50 total:1.30805 | blocks:2 | L1_step:0.05953 (4.6%) | L2_step:0.00297 (0.2%) L2_final:0.00135 (0.1%) | L3_e3:1.24420 (95.1%) | final_max_PQ:1.373e-03
🔘 Epoch 243 No Improvement (15/40) | Val conv@1=0.5095, conv@2=0.8875, conv@3=0.9982, conv@5=0.9998, residual@1=3.621703e-04, residual@2=7.552588e-05
     25 total:1.61107 | blocks:2 | L1_step:0.06905 (4.3%) | L2_step:0.00337 (0.2%) L2_final:0.00158 (0.1%) | L3_e3:1.53707 (95.4%) | final_max_PQ:6.020e-04
     50 total:1.30719 | blocks:3 | L1_step:0.05796 (4.4%) | L2_step:0.00244 (0.2%) L2_final:0.00139 (0.1%) | L3_e3:1.24539 (95.3%) | final_max_PQ:6.289e-04
🔘 Epoch 244 No Improvement (16/40) | Val conv@1=0.4740, conv@2=0.8548, conv@3=0.9905, conv@5=0.9935, residual@1=3.680388e-04, residual@2=8.129094e-05
     25 total:1.49688 | blocks:2 | L1_step:0.05039 (3.4%) | L2_step:0.00324 (0.2%) L2_final:0.00151 (0.1%) | L3_e3:1.44175 (96.3%) | final_max_PQ:4.669e-04
     50 total:1.67327 | blocks:2 | L1_step:0.06474 (3.9%) | L2_step:0.00315 (0.2%) L2_final:0.00165 (0.1%) | L3_e3:1.60373 (95.8%) | final_max_PQ:6.550e-04
🟩 Epoch 245 | Train loss = 1.4885 | Val conv@1=0.5340, conv@2=0.9698, conv@3=0.9995, conv@5=0.9995, residual@1=3.510655e-04, residual@2=6.142366e-05, residual@3=5.576767e-05, excess@2=0.0145, tail@2=9.031296e-04, score=3.624537 | LR: 1.2500e-04
     25 total:1.06808 | blocks:3 | L1_step:0.05467 (5.1%) | L2_step:0.00237 (0.2%) L2_final:0.00119 (0.1%) | L3_e3:1.00985 (94.5%) | final_max_PQ:3.538e-04
     50 total:1.39731 | blocks:2 | L1_step:0.07096 (5.1%) | L2_step:0.00292 (0.2%) L2_final:0.00141 (0.1%) | L3_e3:1.32201 (94.6%) | final_max_PQ:1.028e-03
🔘 Epoch 246 No Improvement (1/40) | Val conv@1=0.5065, conv@2=0.9665, conv@3=0.9982, conv@5=0.9985, residual@1=3.593615e-04, residual@2=7.143608e-05
     25 total:1.17946 | blocks:3 | L1_step:0.06168 (5.2%) | L2_step:0.00251 (0.2%) L2_final:0.00128 (0.1%) | L3_e3:1.11398 (94.4%) | final_max_PQ:3.513e-04
     50 total:1.64462 | blocks:2 | L1_step:0.06434 (3.9%) | L2_step:0.00310 (0.2%) L2_final:0.00164 (0.1%) | L3_e3:1.57554 (95.8%) | final_max_PQ:1.370e-03
🔘 Epoch 247 No Improvement (2/40) | Val conv@1=0.4233, conv@2=0.7700, conv@3=0.8815, conv@5=0.8818, residual@1=3.681828e-04, residual@2=8.904231e-05
     25 total:1.16301 | blocks:3 | L1_step:0.06743 (5.8%) | L2_step:0.00243 (0.2%) L2_final:0.00127 (0.1%) | L3_e3:1.09188 (93.9%) | final_max_PQ:4.886e-04
     50 total:1.58845 | blocks:2 | L1_step:0.05511 (3.5%) | L2_step:0.00349 (0.2%) L2_final:0.00157 (0.1%) | L3_e3:1.52828 (96.2%) | final_max_PQ:4.776e-04
🔘 Epoch 248 No Improvement (3/40) | Val conv@1=0.2055, conv@2=0.2710, conv@3=0.2805, conv@5=0.2782, residual@1=3.784771e-04, residual@2=1.065858e-04
     25 total:1.81592 | blocks:2 | L1_step:0.06422 (3.5%) | L2_step:0.00337 (0.2%) L2_final:0.00175 (0.1%) | L3_e3:1.74658 (96.2%) | final_max_PQ:6.184e-04
     50 total:1.31916 | blocks:2 | L1_step:0.05815 (4.4%) | L2_step:0.00304 (0.2%) L2_final:0.00136 (0.1%) | L3_e3:1.25661 (95.3%) | final_max_PQ:4.413e-04
🔘 Epoch 249 No Improvement (4/40) | Val conv@1=0.5085, conv@2=0.9655, conv@3=0.9985, conv@5=0.9988, residual@1=3.643289e-04, residual@2=8.030092e-05
     25 total:1.27342 | blocks:3 | L1_step:0.03997 (3.1%) | L2_step:0.00271 (0.2%) L2_final:0.00138 (0.1%) | L3_e3:1.22936 (96.5%) | final_max_PQ:3.851e-04
     50 total:2.23311 | blocks:1 | L1_step:0.07890 (3.5%) | L2_step:0.00478 (0.2%) L2_final:0.00204 (0.1%) | L3_e3:2.14739 (96.2%) | final_max_PQ:6.476e-03
🔘 Epoch 250 No Improvement (5/40) | Val conv@1=0.2682, conv@2=0.4487, conv@3=0.4820, conv@5=0.4810, residual@1=3.713407e-04, residual@2=1.034878e-04
     25 total:1.65269 | blocks:2 | L1_step:0.05323 (3.2%) | L2_step:0.00357 (0.2%) L2_final:0.00162 (0.1%) | L3_e3:1.59427 (96.5%) | final_max_PQ:4.654e-04
     50 total:1.19007 | blocks:3 | L1_step:0.04289 (3.6%) | L2_step:0.00258 (0.2%) L2_final:0.00130 (0.1%) | L3_e3:1.14330 (96.1%) | final_max_PQ:4.071e-04
🔘 Epoch 251 No Improvement (6/40) | Val conv@1=0.0060, conv@2=0.0080, conv@3=0.0027, conv@5=0.0030, residual@1=3.891363e-04, residual@2=1.320586e-04
     25 total:1.69503 | blocks:2 | L1_step:0.05547 (3.3%) | L2_step:0.00337 (0.2%) L2_final:0.00164 (0.1%) | L3_e3:1.63455 (96.4%) | final_max_PQ:5.215e-04
     50 total:1.35872 | blocks:2 | L1_step:0.05218 (3.8%) | L2_step:0.00311 (0.2%) L2_final:0.00139 (0.1%) | L3_e3:1.30204 (95.8%) | final_max_PQ:6.162e-04
🔘 Epoch 252 No Improvement (7/40) | Val conv@1=0.5118, conv@2=0.9667, conv@3=0.9928, conv@5=0.9898, residual@1=3.613653e-04, residual@2=6.938782e-05
     25 total:1.39937 | blocks:2 | L1_step:0.06017 (4.3%) | L2_step:0.00293 (0.2%) L2_final:0.00142 (0.1%) | L3_e3:1.33486 (95.4%) | final_max_PQ:4.127e-04
     50 total:1.11264 | blocks:3 | L1_step:0.03919 (3.5%) | L2_step:0.00254 (0.2%) L2_final:0.00125 (0.1%) | L3_e3:1.06967 (96.1%) | final_max_PQ:4.754e-04
🔘 Epoch 253 No Improvement (8/40) | Val conv@1=0.3170, conv@2=0.6150, conv@3=0.6432, conv@5=0.6505, residual@1=3.680146e-04, residual@2=9.767575e-05
     25 total:2.24464 | blocks:1 | L1_step:0.07717 (3.4%) | L2_step:0.00494 (0.2%) L2_final:0.00206 (0.1%) | L3_e3:2.16046 (96.3%) | final_max_PQ:7.148e-03
     50 total:1.16927 | blocks:3 | L1_step:0.04206 (3.6%) | L2_step:0.00262 (0.2%) L2_final:0.00129 (0.1%) | L3_e3:1.12330 (96.1%) | final_max_PQ:4.771e-04
🔘 Epoch 254 No Improvement (9/40) | Val conv@1=0.3172, conv@2=0.4910, conv@3=0.5323, conv@5=0.5310, residual@1=3.710696e-04, residual@2=1.018567e-04
     25 total:1.56852 | blocks:2 | L1_step:0.05916 (3.8%) | L2_step:0.00335 (0.2%) L2_final:0.00156 (0.1%) | L3_e3:1.50445 (95.9%) | final_max_PQ:6.883e-04
     50 total:1.33723 | blocks:3 | L1_step:0.05398 (4.0%) | L2_step:0.00282 (0.2%) L2_final:0.00141 (0.1%) | L3_e3:1.27902 (95.6%) | final_max_PQ:3.858e-04
🔘 Epoch 255 No Improvement (10/40) | Val conv@1=0.4515, conv@2=0.9245, conv@3=0.9643, conv@5=0.9645, residual@1=3.572838e-04, residual@2=7.928588e-05
     25 total:1.35479 | blocks:2 | L1_step:0.06261 (4.6%) | L2_step:0.00276 (0.2%) L2_final:0.00140 (0.1%) | L3_e3:1.28803 (95.1%) | final_max_PQ:3.932e-04
     50 total:2.22760 | blocks:1 | L1_step:0.08578 (3.9%) | L2_step:0.00490 (0.2%) L2_final:0.00203 (0.1%) | L3_e3:2.13489 (95.8%) | final_max_PQ:8.275e-03
🔘 Epoch 256 No Improvement (11/40) | Val conv@1=0.4878, conv@2=0.9390, conv@3=0.9982, conv@5=0.9985, residual@1=3.529981e-04, residual@2=7.511072e-05
     25 total:1.33501 | blocks:2 | L1_step:0.06006 (4.5%) | L2_step:0.00291 (0.2%) L2_final:0.00137 (0.1%) | L3_e3:1.27067 (95.2%) | final_max_PQ:4.585e-04
     50 total:1.49449 | blocks:2 | L1_step:0.05018 (3.4%) | L2_step:0.00329 (0.2%) L2_final:0.00150 (0.1%) | L3_e3:1.43952 (96.3%) | final_max_PQ:5.994e-04
🔘 Epoch 257 No Improvement (12/40) | Val conv@1=0.4103, conv@2=0.7360, conv@3=0.7628, conv@5=0.7598, residual@1=3.543666e-04, residual@2=8.929365e-05
     25 total:2.59707 | blocks:1 | L1_step:0.09450 (3.6%) | L2_step:0.00512 (0.2%) L2_final:0.00233 (0.1%) | L3_e3:2.49512 (96.1%) | final_max_PQ:1.085e-02
     50 total:1.61732 | blocks:2 | L1_step:0.05513 (3.4%) | L2_step:0.00359 (0.2%) L2_final:0.00160 (0.1%) | L3_e3:1.55700 (96.3%) | final_max_PQ:6.421e-04
🔘 Epoch 258 No Improvement (13/40) | Val conv@1=0.4682, conv@2=0.9233, conv@3=0.9673, conv@5=0.9685, residual@1=3.667113e-04, residual@2=8.611515e-05
     25 total:1.12566 | blocks:3 | L1_step:0.03393 (3.0%) | L2_step:0.00238 (0.2%) L2_final:0.00126 (0.1%) | L3_e3:1.08809 (96.7%) | final_max_PQ:4.058e-04
     50 total:2.50145 | blocks:1 | L1_step:0.07546 (3.0%) | L2_step:0.00557 (0.2%) L2_final:0.00225 (0.1%) | L3_e3:2.41817 (96.7%) | final_max_PQ:7.007e-03
🔘 Epoch 259 No Improvement (14/40) | Val conv@1=0.4905, conv@2=0.9223, conv@3=0.9423, conv@5=0.9467, residual@1=3.566599e-04, residual@2=7.944101e-05
     25 total:1.15002 | blocks:3 | L1_step:0.05147 (4.5%) | L2_step:0.00259 (0.2%) L2_final:0.00126 (0.1%) | L3_e3:1.09469 (95.2%) | final_max_PQ:3.477e-04
     50 total:1.59759 | blocks:2 | L1_step:0.06436 (4.0%) | L2_step:0.00318 (0.2%) L2_final:0.00159 (0.1%) | L3_e3:1.52845 (95.7%) | final_max_PQ:1.295e-03
🔘 Epoch 260 No Improvement (15/40) | Val conv@1=0.4625, conv@2=0.8210, conv@3=0.8835, conv@5=0.8810, residual@1=3.572807e-04, residual@2=8.596977e-05
     25 total:1.15744 | blocks:3 | L1_step:0.04443 (3.8%) | L2_step:0.00268 (0.2%) L2_final:0.00128 (0.1%) | L3_e3:1.10905 (95.8%) | final_max_PQ:3.609e-04
     50 total:1.18604 | blocks:3 | L1_step:0.04718 (4.0%) | L2_step:0.00256 (0.2%) L2_final:0.00130 (0.1%) | L3_e3:1.13500 (95.7%) | final_max_PQ:3.855e-04
🔘 Epoch 261 No Improvement (16/40) | Val conv@1=0.5395, conv@2=0.9453, conv@3=0.9992, conv@5=0.9998, residual@1=3.417036e-04, residual@2=6.597144e-05
     25 total:1.11874 | blocks:3 | L1_step:0.04976 (4.4%) | L2_step:0.00252 (0.2%) L2_final:0.00124 (0.1%) | L3_e3:1.06522 (95.2%) | final_max_PQ:3.797e-04
     50 total:1.48113 | blocks:2 | L1_step:0.07394 (5.0%) | L2_step:0.00319 (0.2%) L2_final:0.00148 (0.1%) | L3_e3:1.40253 (94.7%) | final_max_PQ:7.824e-04
🔘 Epoch 262 No Improvement (17/40) | Val conv@1=0.0000, conv@2=0.0000, conv@3=0.0000, conv@5=0.0000, residual@1=4.111210e-04, residual@2=1.707654e-04
     25 total:1.12252 | blocks:3 | L1_step:0.05444 (4.8%) | L2_step:0.00249 (0.2%) L2_final:0.00123 (0.1%) | L3_e3:1.06435 (94.8%) | final_max_PQ:3.407e-04
     50 total:1.34921 | blocks:2 | L1_step:0.05261 (3.9%) | L2_step:0.00295 (0.2%) L2_final:0.00138 (0.1%) | L3_e3:1.29226 (95.8%) | final_max_PQ:5.464e-04
🔘 Epoch 263 No Improvement (18/40) | Val conv@1=0.4995, conv@2=0.8765, conv@3=0.9965, conv@5=0.9975, residual@1=3.553177e-04, residual@2=8.200070e-05
     25 total:1.56390 | blocks:2 | L1_step:0.07049 (4.5%) | L2_step:0.00313 (0.2%) L2_final:0.00155 (0.1%) | L3_e3:1.48873 (95.2%) | final_max_PQ:1.145e-03
     50 total:1.16114 | blocks:3 | L1_step:0.04388 (3.8%) | L2_step:0.00253 (0.2%) L2_final:0.00128 (0.1%) | L3_e3:1.11344 (95.9%) | final_max_PQ:4.031e-04
🔘 Epoch 264 No Improvement (19/40) | Val conv@1=0.5042, conv@2=0.9735, conv@3=1.0000, conv@5=1.0000, residual@1=3.478162e-04, residual@2=6.636785e-05
     25 total:1.27824 | blocks:3 | L1_step:0.04034 (3.2%) | L2_step:0.00271 (0.2%) L2_final:0.00136 (0.1%) | L3_e3:1.23382 (96.5%) | final_max_PQ:4.396e-04
     50 total:1.43968 | blocks:2 | L1_step:0.06460 (4.5%) | L2_step:0.00315 (0.2%) L2_final:0.00146 (0.1%) | L3_e3:1.37046 (95.2%) | final_max_PQ:7.264e-04
🔘 Epoch 265 No Improvement (20/40) | Val conv@1=0.1670, conv@2=0.3202, conv@3=0.3035, conv@5=0.3058, residual@1=3.734455e-04, residual@2=1.045132e-04
     25 total:1.22895 | blocks:3 | L1_step:0.05067 (4.1%) | L2_step:0.00258 (0.2%) L2_final:0.00133 (0.1%) | L3_e3:1.17437 (95.6%) | final_max_PQ:3.573e-04
     50 total:1.46120 | blocks:2 | L1_step:0.05001 (3.4%) | L2_step:0.00316 (0.2%) L2_final:0.00148 (0.1%) | L3_e3:1.40655 (96.3%) | final_max_PQ:3.978e-04
🔻 LR reduced: 1.25e-04 -> 6.25e-05
🔘 Epoch 266 No Improvement (21/40) | Val conv@1=0.3518, conv@2=0.6078, conv@3=0.6705, conv@5=0.6670, residual@1=3.662926e-04, residual@2=9.933647e-05
     25 total:1.51390 | blocks:2 | L1_step:0.04525 (3.0%) | L2_step:0.00356 (0.2%) L2_final:0.00152 (0.1%) | L3_e3:1.46357 (96.7%) | final_max_PQ:3.725e-04
     50 total:2.82846 | blocks:1 | L1_step:0.08367 (3.0%) | L2_step:0.00602 (0.2%) L2_final:0.00252 (0.1%) | L3_e3:2.73625 (96.7%) | final_max_PQ:1.062e-02
🔘 Epoch 267 No Improvement (22/40) | Val conv@1=0.5335, conv@2=0.9360, conv@3=0.9990, conv@5=0.9982, residual@1=3.471229e-04, residual@2=7.136937e-05
     25 total:1.26964 | blocks:2 | L1_step:0.05742 (4.5%) | L2_step:0.00308 (0.2%) L2_final:0.00134 (0.1%) | L3_e3:1.20781 (95.1%) | final_max_PQ:7.319e-04
     50 total:1.08287 | blocks:3 | L1_step:0.04860 (4.5%) | L2_step:0.00237 (0.2%) L2_final:0.00121 (0.1%) | L3_e3:1.03069 (95.2%) | final_max_PQ:6.545e-04
🔘 Epoch 268 No Improvement (23/40) | Val conv@1=0.5255, conv@2=0.9395, conv@3=0.9722, conv@5=0.9725, residual@1=3.446989e-04, residual@2=7.020704e-05
     25 total:1.32649 | blocks:2 | L1_step:0.05524 (4.2%) | L2_step:0.00302 (0.2%) L2_final:0.00138 (0.1%) | L3_e3:1.26685 (95.5%) | final_max_PQ:6.212e-04
     50 total:1.23114 | blocks:2 | L1_step:0.07207 (5.9%) | L2_step:0.00306 (0.2%) L2_final:0.00128 (0.1%) | L3_e3:1.15473 (93.8%) | final_max_PQ:3.217e-04
🟩 Epoch 269 | Train loss = 1.3618 | Val conv@1=0.5630, conv@2=0.9550, conv@3=0.9992, conv@5=0.9998, residual@1=3.306713e-04, residual@2=5.670781e-05, residual@3=4.948948e-05, excess@2=0.0142, tail@2=6.814003e-04, score=3.629551 | LR: 6.2500e-05
     25 total:1.46046 | blocks:2 | L1_step:0.05352 (3.7%) | L2_step:0.00336 (0.2%) L2_final:0.00148 (0.1%) | L3_e3:1.40209 (96.0%) | final_max_PQ:5.604e-04
     50 total:2.47258 | blocks:1 | L1_step:0.07984 (3.2%) | L2_step:0.00549 (0.2%) L2_final:0.00223 (0.1%) | L3_e3:2.38502 (96.5%) | final_max_PQ:7.641e-03
🟩 Epoch 270 | Train loss = 1.4179 | Val conv@1=0.5477, conv@2=0.9835, conv@3=1.0000, conv@5=1.0000, residual@1=3.290698e-04, residual@2=4.950649e-05, residual@3=4.410390e-05, excess@2=0.0078, tail@2=6.116034e-04, score=3.676199 | LR: 6.2500e-05
     25 total:1.33731 | blocks:2 | L1_step:0.06083 (4.5%) | L2_step:0.00319 (0.2%) L2_final:0.00137 (0.1%) | L3_e3:1.27192 (95.1%) | final_max_PQ:4.629e-04
     50 total:1.37846 | blocks:2 | L1_step:0.05654 (4.1%) | L2_step:0.00309 (0.2%) L2_final:0.00142 (0.1%) | L3_e3:1.31741 (95.6%) | final_max_PQ:7.403e-04
🔘 Epoch 271 No Improvement (1/40) | Val conv@1=0.5182, conv@2=0.9597, conv@3=0.9985, conv@5=0.9980, residual@1=3.517935e-04, residual@2=6.864258e-05
     25 total:0.95096 | blocks:3 | L1_step:0.05483 (5.8%) | L2_step:0.00219 (0.2%) L2_final:0.00111 (0.1%) | L3_e3:0.89284 (93.9%) | final_max_PQ:3.440e-04
     50 total:1.67660 | blocks:2 | L1_step:0.05342 (3.2%) | L2_step:0.00359 (0.2%) L2_final:0.00165 (0.1%) | L3_e3:1.61793 (96.5%) | final_max_PQ:8.104e-04
🔘 Epoch 272 No Improvement (2/40) | Val conv@1=0.5340, conv@2=0.9720, conv@3=1.0000, conv@5=1.0000, residual@1=3.325406e-04, residual@2=5.710784e-05
     25 total:1.40958 | blocks:2 | L1_step:0.04955 (3.5%) | L2_step:0.00316 (0.2%) L2_final:0.00144 (0.1%) | L3_e3:1.35543 (96.2%) | final_max_PQ:3.456e-04
     50 total:1.21892 | blocks:2 | L1_step:0.04821 (4.0%) | L2_step:0.00301 (0.2%) L2_final:0.00129 (0.1%) | L3_e3:1.16641 (95.7%) | final_max_PQ:3.947e-04
🔘 Epoch 273 No Improvement (3/40) | Val conv@1=0.5495, conv@2=0.9780, conv@3=1.0000, conv@5=1.0000, residual@1=3.464121e-04, residual@2=5.744048e-05
     25 total:1.14583 | blocks:3 | L1_step:0.04337 (3.8%) | L2_step:0.00260 (0.2%) L2_final:0.00127 (0.1%) | L3_e3:1.09860 (95.9%) | final_max_PQ:4.041e-04
     50 total:1.19728 | blocks:2 | L1_step:0.04463 (3.7%) | L2_step:0.00304 (0.3%) L2_final:0.00127 (0.1%) | L3_e3:1.14833 (95.9%) | final_max_PQ:3.844e-04
🔘 Epoch 274 No Improvement (4/40) | Val conv@1=0.4617, conv@2=0.8305, conv@3=0.8532, conv@5=0.8535, residual@1=3.438674e-04, residual@2=8.371044e-05
     25 total:1.24773 | blocks:2 | L1_step:0.05901 (4.7%) | L2_step:0.00336 (0.3%) L2_final:0.00129 (0.1%) | L3_e3:1.18407 (94.9%) | final_max_PQ:4.464e-04
     50 total:2.50295 | blocks:1 | L1_step:0.07489 (3.0%) | L2_step:0.00548 (0.2%) L2_final:0.00227 (0.1%) | L3_e3:2.42031 (96.7%) | final_max_PQ:1.021e-02
🔘 Epoch 275 No Improvement (5/40) | Val conv@1=0.5415, conv@2=0.9802, conv@3=1.0000, conv@5=1.0000, residual@1=3.312194e-04, residual@2=5.990726e-05
     25 total:1.25857 | blocks:2 | L1_step:0.04797 (3.8%) | L2_step:0.00300 (0.2%) L2_final:0.00132 (0.1%) | L3_e3:1.20628 (95.8%) | final_max_PQ:4.942e-04
     50 total:1.44979 | blocks:2 | L1_step:0.04807 (3.3%) | L2_step:0.00325 (0.2%) L2_final:0.00147 (0.1%) | L3_e3:1.39699 (96.4%) | final_max_PQ:4.557e-04
🔘 Epoch 276 No Improvement (6/40) | Val conv@1=0.5560, conv@2=0.9657, conv@3=1.0000, conv@5=1.0000, residual@1=3.280702e-04, residual@2=5.381175e-05
     25 total:0.92697 | blocks:3 | L1_step:0.05041 (5.4%) | L2_step:0.00217 (0.2%) L2_final:0.00108 (0.1%) | L3_e3:0.87330 (94.2%) | final_max_PQ:5.236e-04
     50 total:1.27142 | blocks:2 | L1_step:0.04328 (3.4%) | L2_step:0.00319 (0.3%) L2_final:0.00133 (0.1%) | L3_e3:1.22362 (96.2%) | final_max_PQ:4.123e-04
🔘 Epoch 277 No Improvement (7/40) | Val conv@1=0.5483, conv@2=0.9667, conv@3=1.0000, conv@5=1.0000, residual@1=3.304524e-04, residual@2=5.834989e-05
     25 total:0.92028 | blocks:3 | L1_step:0.05153 (5.6%) | L2_step:0.00230 (0.2%) L2_final:0.00109 (0.1%) | L3_e3:0.86536 (94.0%) | final_max_PQ:3.577e-04
     50 total:1.12358 | blocks:3 | L1_step:0.04276 (3.8%) | L2_step:0.00252 (0.2%) L2_final:0.00125 (0.1%) | L3_e3:1.07705 (95.9%) | final_max_PQ:3.479e-04
🔘 Epoch 278 No Improvement (8/40) | Val conv@1=0.5098, conv@2=0.9473, conv@3=0.9818, conv@5=0.9820, residual@1=3.420416e-04, residual@2=8.324851e-05
     25 total:1.58222 | blocks:2 | L1_step:0.06307 (4.0%) | L2_step:0.00321 (0.2%) L2_final:0.00160 (0.1%) | L3_e3:1.51433 (95.7%) | final_max_PQ:6.362e-04
     50 total:1.27231 | blocks:2 | L1_step:0.04503 (3.5%) | L2_step:0.00322 (0.3%) L2_final:0.00134 (0.1%) | L3_e3:1.22272 (96.1%) | final_max_PQ:4.708e-04
🟩 Epoch 279 | Train loss = 1.3311 | Val conv@1=0.5583, conv@2=0.9872, conv@3=0.9998, conv@5=0.9995, residual@1=3.307024e-04, residual@2=5.774349e-05, residual@3=5.450599e-05, excess@2=0.0064, tail@2=4.859343e-04, score=3.698850 | LR: 6.2500e-05
     25 total:1.44074 | blocks:2 | L1_step:0.07992 (5.5%) | L2_step:0.00316 (0.2%) L2_final:0.00145 (0.1%) | L3_e3:1.35621 (94.1%) | final_max_PQ:1.030e-03
     50 total:1.54777 | blocks:2 | L1_step:0.06274 (4.1%) | L2_step:0.00352 (0.2%) L2_final:0.00154 (0.1%) | L3_e3:1.47996 (95.6%) | final_max_PQ:7.600e-04
🔘 Epoch 280 No Improvement (1/40) | Val conv@1=0.5343, conv@2=0.9353, conv@3=0.9998, conv@5=1.0000, residual@1=3.357577e-04, residual@2=6.659770e-05
     25 total:1.29766 | blocks:2 | L1_step:0.07446 (5.7%) | L2_step:0.00345 (0.3%) L2_final:0.00132 (0.1%) | L3_e3:1.21844 (93.9%) | final_max_PQ:4.369e-04
     50 total:1.26016 | blocks:2 | L1_step:0.05355 (4.2%) | L2_step:0.00290 (0.2%) L2_final:0.00132 (0.1%) | L3_e3:1.20239 (95.4%) | final_max_PQ:3.991e-04
🔘 Epoch 281 No Improvement (2/40) | Val conv@1=0.5145, conv@2=0.8948, conv@3=0.9958, conv@5=0.9972, residual@1=3.369875e-04, residual@2=7.606292e-05
     25 total:1.23517 | blocks:2 | L1_step:0.04725 (3.8%) | L2_step:0.00293 (0.2%) L2_final:0.00133 (0.1%) | L3_e3:1.18367 (95.8%) | final_max_PQ:5.274e-04
     50 total:0.89888 | blocks:3 | L1_step:0.03430 (3.8%) | L2_step:0.00240 (0.3%) L2_final:0.00107 (0.1%) | L3_e3:0.86112 (95.8%) | final_max_PQ:3.663e-04
🔘 Epoch 282 No Improvement (3/40) | Val conv@1=0.5655, conv@2=0.9735, conv@3=1.0000, conv@5=1.0000, residual@1=3.240492e-04, residual@2=4.619099e-05
     25 total:1.07613 | blocks:2 | L1_step:0.03755 (3.5%) | L2_step:0.00302 (0.3%) L2_final:0.00119 (0.1%) | L3_e3:1.03436 (96.1%) | final_max_PQ:3.498e-04
     50 total:1.06614 | blocks:3 | L1_step:0.05623 (5.3%) | L2_step:0.00243 (0.2%) L2_final:0.00120 (0.1%) | L3_e3:1.00628 (94.4%) | final_max_PQ:2.999e-04
🔘 Epoch 283 No Improvement (4/40) | Val conv@1=0.5375, conv@2=0.9675, conv@3=0.9985, conv@5=0.9985, residual@1=3.482791e-04, residual@2=6.390612e-05
     25 total:1.30262 | blocks:2 | L1_step:0.05600 (4.3%) | L2_step:0.00293 (0.2%) L2_final:0.00134 (0.1%) | L3_e3:1.24235 (95.4%) | final_max_PQ:4.794e-04
     50 total:2.41658 | blocks:1 | L1_step:0.07626 (3.2%) | L2_step:0.00536 (0.2%) L2_final:0.00218 (0.1%) | L3_e3:2.33278 (96.5%) | final_max_PQ:8.109e-03
🔘 Epoch 284 No Improvement (5/40) | Val conv@1=0.5413, conv@2=0.9225, conv@3=0.9992, conv@5=1.0000, residual@1=3.335652e-04, residual@2=6.812520e-05
     25 total:1.31372 | blocks:2 | L1_step:0.06268 (4.8%) | L2_step:0.00286 (0.2%) L2_final:0.00137 (0.1%) | L3_e3:1.24682 (94.9%) | final_max_PQ:1.338e-03
     50 total:1.13122 | blocks:3 | L1_step:0.03857 (3.4%) | L2_step:0.00269 (0.2%) L2_final:0.00126 (0.1%) | L3_e3:1.08870 (96.2%) | final_max_PQ:4.098e-04
🔘 Epoch 285 No Improvement (6/40) | Val conv@1=0.5447, conv@2=0.9772, conv@3=1.0000, conv@5=1.0000, residual@1=3.311904e-04, residual@2=6.260948e-05
     25 total:1.37016 | blocks:2 | L1_step:0.04476 (3.3%) | L2_step:0.00311 (0.2%) L2_final:0.00141 (0.1%) | L3_e3:1.32088 (96.4%) | final_max_PQ:5.476e-04
     50 total:1.25501 | blocks:2 | L1_step:0.04310 (3.4%) | L2_step:0.00329 (0.3%) L2_final:0.00133 (0.1%) | L3_e3:1.20729 (96.2%) | final_max_PQ:4.071e-04
🔘 Epoch 286 No Improvement (7/40) | Val conv@1=0.5423, conv@2=0.9670, conv@3=1.0000, conv@5=1.0000, residual@1=3.298442e-04, residual@2=6.276923e-05
     25 total:0.99737 | blocks:3 | L1_step:0.05151 (5.2%) | L2_step:0.00233 (0.2%) L2_final:0.00115 (0.1%) | L3_e3:0.94239 (94.5%) | final_max_PQ:4.270e-04
     50 total:1.32817 | blocks:2 | L1_step:0.05053 (3.8%) | L2_step:0.00311 (0.2%) L2_final:0.00138 (0.1%) | L3_e3:1.27316 (95.9%) | final_max_PQ:5.175e-04
🔘 Epoch 287 No Improvement (8/40) | Val conv@1=0.5633, conv@2=0.9818, conv@3=1.0000, conv@5=1.0000, residual@1=3.287327e-04, residual@2=5.537247e-05
     25 total:1.22993 | blocks:2 | L1_step:0.03867 (3.1%) | L2_step:0.00302 (0.2%) L2_final:0.00130 (0.1%) | L3_e3:1.18693 (96.5%) | final_max_PQ:4.276e-04
     50 total:1.09933 | blocks:3 | L1_step:0.03685 (3.4%) | L2_step:0.00260 (0.2%) L2_final:0.00123 (0.1%) | L3_e3:1.05865 (96.3%) | final_max_PQ:4.155e-04
🔘 Epoch 288 No Improvement (9/40) | Val conv@1=0.5460, conv@2=0.9692, conv@3=0.9902, conv@5=0.9888, residual@1=3.306438e-04, residual@2=6.709976e-05
     25 total:1.25895 | blocks:2 | L1_step:0.03842 (3.1%) | L2_step:0.00294 (0.2%) L2_final:0.00132 (0.1%) | L3_e3:1.21627 (96.6%) | final_max_PQ:5.106e-04
     50 total:1.30319 | blocks:2 | L1_step:0.04713 (3.6%) | L2_step:0.00313 (0.2%) L2_final:0.00136 (0.1%) | L3_e3:1.25158 (96.0%) | final_max_PQ:4.411e-04
🔘 Epoch 289 No Improvement (10/40) | Val conv@1=0.5583, conv@2=0.9405, conv@3=1.0000, conv@5=1.0000, residual@1=3.288342e-04, residual@2=6.444183e-05
     25 total:1.52937 | blocks:2 | L1_step:0.05124 (3.4%) | L2_step:0.00344 (0.2%) L2_final:0.00155 (0.1%) | L3_e3:1.47313 (96.3%) | final_max_PQ:4.332e-04
     50 total:2.12323 | blocks:1 | L1_step:0.08121 (3.8%) | L2_step:0.00510 (0.2%) L2_final:0.00195 (0.1%) | L3_e3:2.03497 (95.8%) | final_max_PQ:7.592e-03
🔘 Epoch 290 No Improvement (11/40) | Val conv@1=0.5640, conv@2=0.9657, conv@3=0.9995, conv@5=1.0000, residual@1=3.216488e-04, residual@2=5.935384e-05
     25 total:0.87859 | blocks:3 | L1_step:0.03638 (4.1%) | L2_step:0.00241 (0.3%) L2_final:0.00105 (0.1%) | L3_e3:0.83876 (95.5%) | final_max_PQ:3.905e-04
     50 total:2.19401 | blocks:1 | L1_step:0.07198 (3.3%) | L2_step:0.00531 (0.2%) L2_final:0.00200 (0.1%) | L3_e3:2.11472 (96.4%) | final_max_PQ:6.172e-03
🔘 Epoch 291 No Improvement (12/40) | Val conv@1=0.5603, conv@2=0.9748, conv@3=1.0000, conv@5=1.0000, residual@1=3.295833e-04, residual@2=5.392131e-05
     25 total:1.48168 | blocks:2 | L1_step:0.04766 (3.2%) | L2_step:0.00349 (0.2%) L2_final:0.00150 (0.1%) | L3_e3:1.42904 (96.4%) | final_max_PQ:5.094e-04
     50 total:1.04906 | blocks:3 | L1_step:0.03797 (3.6%) | L2_step:0.00262 (0.2%) L2_final:0.00119 (0.1%) | L3_e3:1.00728 (96.0%) | final_max_PQ:4.185e-04
🔘 Epoch 292 No Improvement (13/40) | Val conv@1=0.5467, conv@2=0.9543, conv@3=0.9998, conv@5=0.9998, residual@1=3.246484e-04, residual@2=6.243814e-05
     25 total:1.18298 | blocks:2 | L1_step:0.05909 (5.0%) | L2_step:0.00279 (0.2%) L2_final:0.00126 (0.1%) | L3_e3:1.11984 (94.7%) | final_max_PQ:5.734e-04
     50 total:1.21937 | blocks:2 | L1_step:0.04216 (3.5%) | L2_step:0.00306 (0.3%) L2_final:0.00130 (0.1%) | L3_e3:1.17285 (96.2%) | final_max_PQ:4.221e-04
🔘 Epoch 293 No Improvement (14/40) | Val conv@1=0.5640, conv@2=0.9835, conv@3=1.0000, conv@5=1.0000, residual@1=3.212700e-04, residual@2=5.541392e-05
     25 total:2.31175 | blocks:1 | L1_step:0.08124 (3.5%) | L2_step:0.00552 (0.2%) L2_final:0.00213 (0.1%) | L3_e3:2.22286 (96.2%) | final_max_PQ:1.290e-02
     50 total:1.13062 | blocks:2 | L1_step:0.06375 (5.6%) | L2_step:0.00294 (0.3%) L2_final:0.00120 (0.1%) | L3_e3:1.06273 (94.0%) | final_max_PQ:4.566e-04
🔘 Epoch 294 No Improvement (15/40) | Val conv@1=0.5513, conv@2=0.9748, conv@3=1.0000, conv@5=1.0000, residual@1=3.237355e-04, residual@2=5.380873e-05
     25 total:1.24495 | blocks:2 | L1_step:0.04505 (3.6%) | L2_step:0.00312 (0.3%) L2_final:0.00132 (0.1%) | L3_e3:1.19546 (96.0%) | final_max_PQ:3.780e-04
     50 total:1.23719 | blocks:2 | L1_step:0.05552 (4.5%) | L2_step:0.00276 (0.2%) L2_final:0.00131 (0.1%) | L3_e3:1.17760 (95.2%) | final_max_PQ:3.614e-04
🔘 Epoch 295 No Improvement (16/40) | Val conv@1=0.5373, conv@2=0.9808, conv@3=0.9995, conv@5=0.9995, residual@1=3.283526e-04, residual@2=6.750908e-05
     25 total:1.31372 | blocks:2 | L1_step:0.04725 (3.6%) | L2_step:0.00322 (0.2%) L2_final:0.00136 (0.1%) | L3_e3:1.26190 (96.1%) | final_max_PQ:3.699e-04
     50 total:1.37054 | blocks:2 | L1_step:0.03991 (2.9%) | L2_step:0.00342 (0.2%) L2_final:0.00143 (0.1%) | L3_e3:1.32578 (96.7%) | final_max_PQ:4.661e-04
🟩 Epoch 296 | Train loss = 1.2868 | Val conv@1=0.5653, conv@2=0.9868, conv@3=1.0000, conv@5=1.0000, residual@1=3.264440e-04, residual@2=5.940073e-05, residual@3=5.665177e-05, excess@2=0.0072, tail@2=6.078184e-04, score=3.700492 | LR: 6.2500e-05
     25 total:1.24379 | blocks:2 | L1_step:0.04389 (3.5%) | L2_step:0.00315 (0.3%) L2_final:0.00130 (0.1%) | L3_e3:1.19545 (96.1%) | final_max_PQ:3.376e-04
     50 total:1.11288 | blocks:2 | L1_step:0.03570 (3.2%) | L2_step:0.00274 (0.2%) L2_final:0.00121 (0.1%) | L3_e3:1.07323 (96.4%) | final_max_PQ:3.610e-04
🟩 Epoch 297 | Train loss = 1.3486 | Val conv@1=0.5753, conv@2=0.9865, conv@3=1.0000, conv@5=1.0000, residual@1=3.198360e-04, residual@2=4.682602e-05, residual@3=4.187332e-05, excess@2=0.0076, tail@2=7.228552e-04, score=3.706410 | LR: 6.2500e-05
     25 total:1.19981 | blocks:2 | L1_step:0.04895 (4.1%) | L2_step:0.00306 (0.3%) L2_final:0.00128 (0.1%) | L3_e3:1.14652 (95.6%) | final_max_PQ:5.854e-04
     50 total:1.26209 | blocks:2 | L1_step:0.03866 (3.1%) | L2_step:0.00315 (0.2%) L2_final:0.00133 (0.1%) | L3_e3:1.21895 (96.6%) | final_max_PQ:4.247e-04
🔘 Epoch 298 No Improvement (1/40) | Val conv@1=0.5242, conv@2=0.9692, conv@3=1.0000, conv@5=1.0000, residual@1=3.342291e-04, residual@2=6.573859e-05
     25 total:1.21234 | blocks:2 | L1_step:0.04510 (3.7%) | L2_step:0.00301 (0.2%) L2_final:0.00129 (0.1%) | L3_e3:1.16294 (95.9%) | final_max_PQ:7.426e-04
     50 total:1.21958 | blocks:2 | L1_step:0.05589 (4.6%) | L2_step:0.00287 (0.2%) L2_final:0.00128 (0.1%) | L3_e3:1.15953 (95.1%) | final_max_PQ:5.002e-04
🔘 Epoch 299 No Improvement (2/40) | Val conv@1=0.5620, conv@2=0.9842, conv@3=1.0000, conv@5=1.0000, residual@1=3.187139e-04, residual@2=5.326925e-05
     25 total:1.07757 | blocks:2 | L1_step:0.05377 (5.0%) | L2_step:0.00272 (0.3%) L2_final:0.00118 (0.1%) | L3_e3:1.01991 (94.6%) | final_max_PQ:3.331e-04
     50 total:2.65496 | blocks:1 | L1_step:0.07752 (2.9%) | L2_step:0.00653 (0.2%) L2_final:0.00238 (0.1%) | L3_e3:2.56853 (96.7%) | final_max_PQ:8.856e-03
🔘 Epoch 300 No Improvement (3/40) | Val conv@1=0.5212, conv@2=0.9718, conv@3=0.9942, conv@5=0.9948, residual@1=3.371241e-04, residual@2=8.067831e-05
     25 total:1.47897 | blocks:2 | L1_step:0.04965 (3.4%) | L2_step:0.00349 (0.2%) L2_final:0.00150 (0.1%) | L3_e3:1.42432 (96.3%) | final_max_PQ:3.542e-04
     50 total:1.22871 | blocks:2 | L1_step:0.04093 (3.3%) | L2_step:0.00308 (0.3%) L2_final:0.00131 (0.1%) | L3_e3:1.18339 (96.3%) | final_max_PQ:4.011e-04
🔘 Epoch 301 No Improvement (4/40) | Val conv@1=0.5400, conv@2=0.9720, conv@3=1.0000, conv@5=1.0000, residual@1=3.256993e-04, residual@2=5.216512e-05
     25 total:0.94771 | blocks:3 | L1_step:0.05321 (5.6%) | L2_step:0.00253 (0.3%) L2_final:0.00111 (0.1%) | L3_e3:0.89087 (94.0%) | final_max_PQ:3.357e-04
     50 total:1.28847 | blocks:2 | L1_step:0.04222 (3.3%) | L2_step:0.00290 (0.2%) L2_final:0.00135 (0.1%) | L3_e3:1.24200 (96.4%) | final_max_PQ:9.674e-04
🟩 Epoch 302 | Train loss = 1.3397 | Val conv@1=0.5673, conv@2=0.9882, conv@3=1.0000, conv@5=1.0000, residual@1=3.156120e-04, residual@2=4.671759e-05, residual@3=4.085286e-05, excess@2=0.0050, tail@2=4.692971e-04, score=3.711315 | LR: 6.2500e-05
     25 total:1.34933 | blocks:2 | L1_step:0.06802 (5.0%) | L2_step:0.00311 (0.2%) L2_final:0.00139 (0.1%) | L3_e3:1.27681 (94.6%) | final_max_PQ:5.219e-04
     50 total:1.03274 | blocks:3 | L1_step:0.03159 (3.1%) | L2_step:0.00263 (0.3%) L2_final:0.00118 (0.1%) | L3_e3:0.99734 (96.6%) | final_max_PQ:2.875e-04
🔘 Epoch 303 No Improvement (1/40) | Val conv@1=0.5625, conv@2=0.9852, conv@3=1.0000, conv@5=1.0000, residual@1=3.299461e-04, residual@2=5.199174e-05
     25 total:1.36732 | blocks:2 | L1_step:0.04687 (3.4%) | L2_step:0.00335 (0.2%) L2_final:0.00141 (0.1%) | L3_e3:1.31570 (96.2%) | final_max_PQ:4.727e-04
     50 total:1.16511 | blocks:2 | L1_step:0.04228 (3.6%) | L2_step:0.00297 (0.3%) L2_final:0.00125 (0.1%) | L3_e3:1.11861 (96.0%) | final_max_PQ:3.729e-04
🔘 Epoch 304 No Improvement (2/40) | Val conv@1=0.5637, conv@2=0.9848, conv@3=1.0000, conv@5=1.0000, residual@1=3.200753e-04, residual@2=4.487846e-05
     25 total:2.33731 | blocks:1 | L1_step:0.07383 (3.2%) | L2_step:0.00557 (0.2%) L2_final:0.00215 (0.1%) | L3_e3:2.25577 (96.5%) | final_max_PQ:8.698e-03
     50 total:1.26898 | blocks:2 | L1_step:0.03787 (3.0%) | L2_step:0.00289 (0.2%) L2_final:0.00134 (0.1%) | L3_e3:1.22688 (96.7%) | final_max_PQ:3.366e-04
🔘 Epoch 305 No Improvement (3/40) | Val conv@1=0.5258, conv@2=0.9718, conv@3=0.9922, conv@5=0.9930, residual@1=3.317104e-04, residual@2=7.858137e-05
     25 total:1.01872 | blocks:3 | L1_step:0.03013 (3.0%) | L2_step:0.00253 (0.2%) L2_final:0.00117 (0.1%) | L3_e3:0.98488 (96.7%) | final_max_PQ:5.429e-04
     50 total:1.33494 | blocks:2 | L1_step:0.04664 (3.5%) | L2_step:0.00311 (0.2%) L2_final:0.00140 (0.1%) | L3_e3:1.28379 (96.2%) | final_max_PQ:6.787e-04
🔘 Epoch 306 No Improvement (4/40) | Val conv@1=0.5757, conv@2=0.9828, conv@3=1.0000, conv@5=1.0000, residual@1=3.124734e-04, residual@2=4.634677e-05
     25 total:2.16353 | blocks:1 | L1_step:0.07840 (3.6%) | L2_step:0.00525 (0.2%) L2_final:0.00202 (0.1%) | L3_e3:2.07786 (96.0%) | final_max_PQ:1.487e-02
     50 total:1.29355 | blocks:2 | L1_step:0.03627 (2.8%) | L2_step:0.00337 (0.3%) L2_final:0.00136 (0.1%) | L3_e3:1.25256 (96.8%) | final_max_PQ:4.107e-04
🔘 Epoch 307 No Improvement (5/40) | Val conv@1=0.5088, conv@2=0.9363, conv@3=0.9972, conv@5=0.9972, residual@1=3.317003e-04, residual@2=7.176280e-05
     25 total:1.18530 | blocks:2 | L1_step:0.04843 (4.1%) | L2_step:0.00302 (0.3%) L2_final:0.00126 (0.1%) | L3_e3:1.13258 (95.6%) | final_max_PQ:4.077e-04
     50 total:1.17936 | blocks:2 | L1_step:0.04142 (3.5%) | L2_step:0.00308 (0.3%) L2_final:0.00127 (0.1%) | L3_e3:1.13359 (96.1%) | final_max_PQ:3.374e-04
🔘 Epoch 308 No Improvement (6/40) | Val conv@1=0.5755, conv@2=0.9838, conv@3=0.9995, conv@5=0.9992, residual@1=3.159653e-04, residual@2=5.148488e-05
     25 total:0.88806 | blocks:3 | L1_step:0.04728 (5.3%) | L2_step:0.00253 (0.3%) L2_final:0.00105 (0.1%) | L3_e3:0.83720 (94.3%) | final_max_PQ:4.366e-04
     50 total:1.26385 | blocks:2 | L1_step:0.06047 (4.8%) | L2_step:0.00312 (0.2%) L2_final:0.00132 (0.1%) | L3_e3:1.19894 (94.9%) | final_max_PQ:4.642e-04
🔘 Epoch 309 No Improvement (7/40) | Val conv@1=0.5697, conv@2=0.9855, conv@3=1.0000, conv@5=1.0000, residual@1=3.164754e-04, residual@2=4.543909e-05
     25 total:0.91529 | blocks:3 | L1_step:0.02866 (3.1%) | L2_step:0.00245 (0.3%) L2_final:0.00109 (0.1%) | L3_e3:0.88309 (96.5%) | final_max_PQ:4.746e-04
     50 total:1.01942 | blocks:3 | L1_step:0.03392 (3.3%) | L2_step:0.00263 (0.3%) L2_final:0.00116 (0.1%) | L3_e3:0.98170 (96.3%) | final_max_PQ:4.291e-04
🔘 Epoch 310 No Improvement (8/40) | Val conv@1=0.4785, conv@2=0.8180, conv@3=0.9117, conv@5=0.9153, residual@1=3.392468e-04, residual@2=9.082052e-05
     25 total:1.30500 | blocks:2 | L1_step:0.04093 (3.1%) | L2_step:0.00336 (0.3%) L2_final:0.00137 (0.1%) | L3_e3:1.25934 (96.5%) | final_max_PQ:3.978e-04
     50 total:0.97362 | blocks:3 | L1_step:0.06084 (6.2%) | L2_step:0.00233 (0.2%) L2_final:0.00111 (0.1%) | L3_e3:0.90933 (93.4%) | final_max_PQ:4.577e-04
🔘 Epoch 311 No Improvement (9/40) | Val conv@1=0.5757, conv@2=0.9880, conv@3=1.0000, conv@5=1.0000, residual@1=3.183478e-04, residual@2=4.473223e-05
     25 total:0.99108 | blocks:3 | L1_step:0.04586 (4.6%) | L2_step:0.00236 (0.2%) L2_final:0.00114 (0.1%) | L3_e3:0.94171 (95.0%) | final_max_PQ:3.673e-04
     50 total:1.18727 | blocks:2 | L1_step:0.05143 (4.3%) | L2_step:0.00299 (0.3%) L2_final:0.00126 (0.1%) | L3_e3:1.13159 (95.3%) | final_max_PQ:3.561e-04
🔘 Epoch 312 No Improvement (10/40) | Val conv@1=0.5062, conv@2=0.9383, conv@3=0.9485, conv@5=0.9505, residual@1=3.324622e-04, residual@2=8.074723e-05
     25 total:0.87667 | blocks:3 | L1_step:0.04277 (4.9%) | L2_step:0.00251 (0.3%) L2_final:0.00105 (0.1%) | L3_e3:0.83034 (94.7%) | final_max_PQ:3.799e-04
     50 total:1.04218 | blocks:3 | L1_step:0.03850 (3.7%) | L2_step:0.00257 (0.2%) L2_final:0.00120 (0.1%) | L3_e3:0.99991 (95.9%) | final_max_PQ:3.208e-04
🔘 Epoch 313 No Improvement (11/40) | Val conv@1=0.5580, conv@2=0.9778, conv@3=1.0000, conv@5=1.0000, residual@1=3.226868e-04, residual@2=6.225366e-05
     25 total:0.98949 | blocks:3 | L1_step:0.03777 (3.8%) | L2_step:0.00263 (0.3%) L2_final:0.00114 (0.1%) | L3_e3:0.94795 (95.8%) | final_max_PQ:4.005e-04
     50 total:1.04138 | blocks:2 | L1_step:0.04042 (3.9%) | L2_step:0.00256 (0.2%) L2_final:0.00117 (0.1%) | L3_e3:0.99723 (95.8%) | final_max_PQ:4.516e-04
🔘 Epoch 314 No Improvement (12/40) | Val conv@1=0.5775, conv@2=0.9795, conv@3=1.0000, conv@5=1.0000, residual@1=3.098758e-04, residual@2=4.683389e-05
     25 total:1.31523 | blocks:2 | L1_step:0.04197 (3.2%) | L2_step:0.00336 (0.3%) L2_final:0.00137 (0.1%) | L3_e3:1.26854 (96.4%) | final_max_PQ:3.559e-04
     50 total:2.17423 | blocks:1 | L1_step:0.07089 (3.3%) | L2_step:0.00528 (0.2%) L2_final:0.00198 (0.1%) | L3_e3:2.09608 (96.4%) | final_max_PQ:5.362e-03
🟩 Epoch 315 | Train loss = 1.4546 | Val conv@1=0.5733, conv@2=0.9888, conv@3=1.0000, conv@5=1.0000, residual@1=3.187534e-04, residual@2=4.886825e-05, residual@3=4.555347e-05, excess@2=0.0057, tail@2=5.961359e-04, score=3.713326 | LR: 6.2500e-05
     25 total:1.03615 | blocks:3 | L1_step:0.03725 (3.6%) | L2_step:0.00243 (0.2%) L2_final:0.00119 (0.1%) | L3_e3:0.99528 (96.1%) | final_max_PQ:4.632e-04
     50 total:1.35249 | blocks:2 | L1_step:0.05088 (3.8%) | L2_step:0.00323 (0.2%) L2_final:0.00139 (0.1%) | L3_e3:1.29699 (95.9%) | final_max_PQ:7.786e-04
🔘 Epoch 316 No Improvement (1/40) | Val conv@1=0.5635, conv@2=0.9880, conv@3=0.9975, conv@5=0.9980, residual@1=3.176166e-04, residual@2=6.782786e-05
     25 total:1.39125 | blocks:2 | L1_step:0.04795 (3.4%) | L2_step:0.00330 (0.2%) L2_final:0.00143 (0.1%) | L3_e3:1.33857 (96.2%) | final_max_PQ:1.058e-03
     50 total:1.14441 | blocks:2 | L1_step:0.05480 (4.8%) | L2_step:0.00298 (0.3%) L2_final:0.00123 (0.1%) | L3_e3:1.08540 (94.8%) | final_max_PQ:3.872e-04
🔘 Epoch 317 No Improvement (2/40) | Val conv@1=0.5353, conv@2=0.9447, conv@3=1.0000, conv@5=1.0000, residual@1=3.285313e-04, residual@2=6.882704e-05
     25 total:1.30543 | blocks:2 | L1_step:0.03778 (2.9%) | L2_step:0.00318 (0.2%) L2_final:0.00137 (0.1%) | L3_e3:1.26311 (96.8%) | final_max_PQ:3.812e-04
     50 total:1.52476 | blocks:2 | L1_step:0.05218 (3.4%) | L2_step:0.00362 (0.2%) L2_final:0.00153 (0.1%) | L3_e3:1.46744 (96.2%) | final_max_PQ:4.214e-04
🟩 Epoch 318 | Train loss = 1.2579 | Val conv@1=0.5713, conv@2=0.9880, conv@3=1.0000, conv@5=1.0000, residual@1=3.143798e-04, residual@2=5.522983e-05, residual@3=5.107197e-05, excess@2=0.0044, tail@2=4.530847e-04, score=3.715703 | LR: 6.2500e-05
     25 total:2.42091 | blocks:1 | L1_step:0.07305 (3.0%) | L2_step:0.00577 (0.2%) L2_final:0.00221 (0.1%) | L3_e3:2.33989 (96.7%) | final_max_PQ:7.954e-03
     50 total:1.26796 | blocks:2 | L1_step:0.04511 (3.6%) | L2_step:0.00313 (0.2%) L2_final:0.00134 (0.1%) | L3_e3:1.21838 (96.1%) | final_max_PQ:7.820e-04
🔘 Epoch 319 No Improvement (1/40) | Val conv@1=0.5653, conv@2=0.9875, conv@3=1.0000, conv@5=1.0000, residual@1=3.085317e-04, residual@2=4.543327e-05
     25 total:1.12127 | blocks:3 | L1_step:0.03424 (3.1%) | L2_step:0.00290 (0.3%) L2_final:0.00125 (0.1%) | L3_e3:1.08289 (96.6%) | final_max_PQ:4.199e-04
     50 total:0.91746 | blocks:3 | L1_step:0.03274 (3.6%) | L2_step:0.00256 (0.3%) L2_final:0.00109 (0.1%) | L3_e3:0.88108 (96.0%) | final_max_PQ:2.921e-04
🔘 Epoch 320 No Improvement (2/40) | Val conv@1=0.5637, conv@2=0.9858, conv@3=0.9995, conv@5=0.9995, residual@1=3.193933e-04, residual@2=5.738619e-05
     25 total:1.07113 | blocks:3 | L1_step:0.03937 (3.7%) | L2_step:0.00252 (0.2%) L2_final:0.00122 (0.1%) | L3_e3:1.02802 (96.0%) | final_max_PQ:3.289e-04
     50 total:0.94269 | blocks:3 | L1_step:0.04181 (4.4%) | L2_step:0.00251 (0.3%) L2_final:0.00111 (0.1%) | L3_e3:0.89726 (95.2%) | final_max_PQ:3.300e-04
🔘 Epoch 321 No Improvement (3/40) | Val conv@1=0.5555, conv@2=0.9858, conv@3=1.0000, conv@5=1.0000, residual@1=3.135630e-04, residual@2=4.874877e-05
     25 total:1.40169 | blocks:2 | L1_step:0.05260 (3.8%) | L2_step:0.00359 (0.3%) L2_final:0.00144 (0.1%) | L3_e3:1.34406 (95.9%) | final_max_PQ:4.318e-04
     50 total:1.09392 | blocks:3 | L1_step:0.05570 (5.1%) | L2_step:0.00256 (0.2%) L2_final:0.00121 (0.1%) | L3_e3:1.03444 (94.6%) | final_max_PQ:3.863e-04
🔘 Epoch 322 No Improvement (4/40) | Val conv@1=0.5425, conv@2=0.9828, conv@3=1.0000, conv@5=1.0000, residual@1=3.220360e-04, residual@2=7.270038e-05
     25 total:2.30197 | blocks:1 | L1_step:0.07419 (3.2%) | L2_step:0.00575 (0.2%) L2_final:0.00209 (0.1%) | L3_e3:2.21994 (96.4%) | final_max_PQ:7.815e-03
     50 total:1.22695 | blocks:2 | L1_step:0.04868 (4.0%) | L2_step:0.00301 (0.2%) L2_final:0.00129 (0.1%) | L3_e3:1.17397 (95.7%) | final_max_PQ:5.683e-04
🔘 Epoch 323 No Improvement (5/40) | Val conv@1=0.5607, conv@2=0.9858, conv@3=1.0000, conv@5=1.0000, residual@1=3.135199e-04, residual@2=5.453262e-05
     25 total:2.25869 | blocks:1 | L1_step:0.06538 (2.9%) | L2_step:0.00542 (0.2%) L2_final:0.00206 (0.1%) | L3_e3:2.18583 (96.8%) | final_max_PQ:8.747e-03
     50 total:1.24108 | blocks:2 | L1_step:0.04635 (3.7%) | L2_step:0.00318 (0.3%) L2_final:0.00131 (0.1%) | L3_e3:1.19024 (95.9%) | final_max_PQ:6.773e-04
🔘 Epoch 324 No Improvement (6/40) | Val conv@1=0.5663, conv@2=0.9520, conv@3=1.0000, conv@5=1.0000, residual@1=3.198536e-04, residual@2=6.510899e-05
     25 total:1.18471 | blocks:2 | L1_step:0.03620 (3.1%) | L2_step:0.00301 (0.3%) L2_final:0.00128 (0.1%) | L3_e3:1.14423 (96.6%) | final_max_PQ:4.151e-04
     50 total:1.21462 | blocks:2 | L1_step:0.05088 (4.2%) | L2_step:0.00331 (0.3%) L2_final:0.00128 (0.1%) | L3_e3:1.15915 (95.4%) | final_max_PQ:4.705e-04
🔘 Epoch 325 No Improvement (7/40) | Val conv@1=0.5565, conv@2=0.9708, conv@3=1.0000, conv@5=1.0000, residual@1=3.138235e-04, residual@2=5.515289e-05
     25 total:1.19728 | blocks:2 | L1_step:0.04575 (3.8%) | L2_step:0.00306 (0.3%) L2_final:0.00128 (0.1%) | L3_e3:1.14719 (95.8%) | final_max_PQ:3.992e-04
     50 total:1.19779 | blocks:2 | L1_step:0.04388 (3.7%) | L2_step:0.00311 (0.3%) L2_final:0.00128 (0.1%) | L3_e3:1.14952 (96.0%) | final_max_PQ:3.528e-04
🔘 Epoch 326 No Improvement (8/40) | Val conv@1=0.5440, conv@2=0.9720, conv@3=0.9938, conv@5=0.9945, residual@1=3.190085e-04, residual@2=6.641910e-05
     25 total:1.28564 | blocks:2 | L1_step:0.04410 (3.4%) | L2_step:0.00303 (0.2%) L2_final:0.00136 (0.1%) | L3_e3:1.23716 (96.2%) | final_max_PQ:4.682e-04
     50 total:1.47178 | blocks:2 | L1_step:0.04966 (3.4%) | L2_step:0.00339 (0.2%) L2_final:0.00149 (0.1%) | L3_e3:1.41724 (96.3%) | final_max_PQ:6.044e-04
🟩 Epoch 327 | Train loss = 1.2125 | Val conv@1=0.5843, conv@2=0.9910, conv@3=1.0000, conv@5=1.0000, residual@1=3.062777e-04, residual@2=4.587012e-05, residual@3=4.048654e-05, excess@2=0.0046, tail@2=5.218685e-04, score=3.731840 | LR: 6.2500e-05
     25 total:0.83856 | blocks:3 | L1_step:0.03171 (3.8%) | L2_step:0.00230 (0.3%) L2_final:0.00103 (0.1%) | L3_e3:0.80352 (95.8%) | final_max_PQ:4.155e-04
     50 total:1.15772 | blocks:2 | L1_step:0.03545 (3.1%) | L2_step:0.00313 (0.3%) L2_final:0.00125 (0.1%) | L3_e3:1.11789 (96.6%) | final_max_PQ:3.000e-04
🔘 Epoch 328 No Improvement (1/40) | Val conv@1=0.5727, conv@2=0.9872, conv@3=1.0000, conv@5=1.0000, residual@1=3.078916e-04, residual@2=5.147881e-05
     25 total:1.34648 | blocks:2 | L1_step:0.04760 (3.5%) | L2_step:0.00348 (0.3%) L2_final:0.00139 (0.1%) | L3_e3:1.29401 (96.1%) | final_max_PQ:4.375e-04
     50 total:0.92242 | blocks:3 | L1_step:0.03366 (3.6%) | L2_step:0.00247 (0.3%) L2_final:0.00109 (0.1%) | L3_e3:0.88520 (96.0%) | final_max_PQ:3.731e-04
🔘 Epoch 329 No Improvement (2/40) | Val conv@1=0.5597, conv@2=0.9775, conv@3=1.0000, conv@5=1.0000, residual@1=3.130589e-04, residual@2=5.551927e-05
     25 total:1.32786 | blocks:2 | L1_step:0.04546 (3.4%) | L2_step:0.00316 (0.2%) L2_final:0.00139 (0.1%) | L3_e3:1.27785 (96.2%) | final_max_PQ:3.944e-04
     50 total:1.04898 | blocks:3 | L1_step:0.03367 (3.2%) | L2_step:0.00249 (0.2%) L2_final:0.00120 (0.1%) | L3_e3:1.01162 (96.4%) | final_max_PQ:4.339e-04
🔘 Epoch 330 No Improvement (3/40) | Val conv@1=0.5545, conv@2=0.9798, conv@3=1.0000, conv@5=1.0000, residual@1=3.200942e-04, residual@2=6.213681e-05
     25 total:1.08649 | blocks:2 | L1_step:0.04095 (3.8%) | L2_step:0.00288 (0.3%) L2_final:0.00119 (0.1%) | L3_e3:1.04147 (95.9%) | final_max_PQ:3.850e-04
     50 total:1.06898 | blocks:3 | L1_step:0.03773 (3.5%) | L2_step:0.00260 (0.2%) L2_final:0.00120 (0.1%) | L3_e3:1.02745 (96.1%) | final_max_PQ:3.490e-04
🔘 Epoch 331 No Improvement (4/40) | Val conv@1=0.5630, conv@2=0.9898, conv@3=1.0000, conv@5=1.0000, residual@1=3.066243e-04, residual@2=5.362540e-05
     25 total:1.09769 | blocks:2 | L1_step:0.03746 (3.4%) | L2_step:0.00283 (0.3%) L2_final:0.00121 (0.1%) | L3_e3:1.05620 (96.2%) | final_max_PQ:3.573e-04
     50 total:1.26725 | blocks:2 | L1_step:0.03737 (2.9%) | L2_step:0.00322 (0.3%) L2_final:0.00133 (0.1%) | L3_e3:1.22533 (96.7%) | final_max_PQ:4.079e-04
🔘 Epoch 332 No Improvement (5/40) | Val conv@1=0.5525, conv@2=0.9838, conv@3=1.0000, conv@5=1.0000, residual@1=3.229418e-04, residual@2=6.832739e-05
     25 total:0.81661 | blocks:3 | L1_step:0.03025 (3.7%) | L2_step:0.00219 (0.3%) L2_final:0.00101 (0.1%) | L3_e3:0.78316 (95.9%) | final_max_PQ:4.086e-04
     50 total:0.94622 | blocks:3 | L1_step:0.03347 (3.5%) | L2_step:0.00248 (0.3%) L2_final:0.00112 (0.1%) | L3_e3:0.90916 (96.1%) | final_max_PQ:4.231e-04
🔘 Epoch 333 No Improvement (6/40) | Val conv@1=0.5715, conv@2=0.9595, conv@3=0.9998, conv@5=1.0000, residual@1=3.191881e-04, residual@2=6.147381e-05
     25 total:0.91183 | blocks:3 | L1_step:0.04186 (4.6%) | L2_step:0.00229 (0.3%) L2_final:0.00108 (0.1%) | L3_e3:0.86659 (95.0%) | final_max_PQ:3.069e-04
     50 total:1.30651 | blocks:2 | L1_step:0.04355 (3.3%) | L2_step:0.00344 (0.3%) L2_final:0.00136 (0.1%) | L3_e3:1.25815 (96.3%) | final_max_PQ:3.127e-04
🔘 Epoch 334 No Improvement (7/40) | Val conv@1=0.5570, conv@2=0.9450, conv@3=1.0000, conv@5=1.0000, residual@1=3.139067e-04, residual@2=6.485847e-05
     25 total:1.39851 | blocks:2 | L1_step:0.04327 (3.1%) | L2_step:0.00347 (0.2%) L2_final:0.00145 (0.1%) | L3_e3:1.35032 (96.6%) | final_max_PQ:4.493e-04
     50 total:1.17288 | blocks:2 | L1_step:0.04487 (3.8%) | L2_step:0.00312 (0.3%) L2_final:0.00126 (0.1%) | L3_e3:1.12363 (95.8%) | final_max_PQ:4.029e-04
🔘 Epoch 335 No Improvement (8/40) | Val conv@1=0.4978, conv@2=0.8638, conv@3=0.9688, conv@5=0.9692, residual@1=3.341068e-04, residual@2=8.679322e-05
     25 total:1.20017 | blocks:2 | L1_step:0.03879 (3.2%) | L2_step:0.00286 (0.2%) L2_final:0.00130 (0.1%) | L3_e3:1.15722 (96.4%) | final_max_PQ:4.070e-04
     50 total:2.36934 | blocks:1 | L1_step:0.07906 (3.3%) | L2_step:0.00509 (0.2%) L2_final:0.00217 (0.1%) | L3_e3:2.28302 (96.4%) | final_max_PQ:8.529e-03
🔘 Epoch 336 No Improvement (9/40) | Val conv@1=0.5577, conv@2=0.9872, conv@3=1.0000, conv@5=1.0000, residual@1=3.091431e-04, residual@2=5.623398e-05
     25 total:1.23221 | blocks:2 | L1_step:0.04973 (4.0%) | L2_step:0.00289 (0.2%) L2_final:0.00130 (0.1%) | L3_e3:1.17829 (95.6%) | final_max_PQ:3.956e-04
     50 total:1.09588 | blocks:2 | L1_step:0.03596 (3.3%) | L2_step:0.00270 (0.2%) L2_final:0.00120 (0.1%) | L3_e3:1.05602 (96.4%) | final_max_PQ:5.345e-04
🔘 Epoch 337 No Improvement (10/40) | Val conv@1=0.5740, conv@2=0.9872, conv@3=1.0000, conv@5=1.0000, residual@1=3.044134e-04, residual@2=4.684929e-05
     25 total:1.16583 | blocks:2 | L1_step:0.03821 (3.3%) | L2_step:0.00301 (0.3%) L2_final:0.00126 (0.1%) | L3_e3:1.12335 (96.4%) | final_max_PQ:3.358e-04
     50 total:1.32632 | blocks:2 | L1_step:0.04852 (3.7%) | L2_step:0.00308 (0.2%) L2_final:0.00138 (0.1%) | L3_e3:1.27333 (96.0%) | final_max_PQ:3.963e-04
🔘 Epoch 338 No Improvement (11/40) | Val conv@1=0.5745, conv@2=0.9760, conv@3=0.9982, conv@5=0.9985, residual@1=3.120573e-04, residual@2=6.370004e-05
     25 total:0.84305 | blocks:3 | L1_step:0.02715 (3.2%) | L2_step:0.00230 (0.3%) L2_final:0.00103 (0.1%) | L3_e3:0.81257 (96.4%) | final_max_PQ:3.024e-04
     50 total:1.11738 | blocks:2 | L1_step:0.03966 (3.5%) | L2_step:0.00314 (0.3%) L2_final:0.00121 (0.1%) | L3_e3:1.07338 (96.1%) | final_max_PQ:4.647e-04
🔘 Epoch 339 No Improvement (12/40) | Val conv@1=0.5633, conv@2=0.9902, conv@3=1.0000, conv@5=1.0000, residual@1=3.167615e-04, residual@2=4.998485e-05
     25 total:2.23970 | blocks:1 | L1_step:0.07203 (3.2%) | L2_step:0.00513 (0.2%) L2_final:0.00206 (0.1%) | L3_e3:2.16048 (96.5%) | final_max_PQ:7.400e-03
     50 total:1.00048 | blocks:3 | L1_step:0.05299 (5.3%) | L2_step:0.00259 (0.3%) L2_final:0.00115 (0.1%) | L3_e3:0.94375 (94.3%) | final_max_PQ:3.851e-04
🔘 Epoch 340 No Improvement (13/40) | Val conv@1=0.5747, conv@2=0.9902, conv@3=1.0000, conv@5=1.0000, residual@1=3.073387e-04, residual@2=5.111777e-05
     25 total:0.94285 | blocks:3 | L1_step:0.02917 (3.1%) | L2_step:0.00249 (0.3%) L2_final:0.00110 (0.1%) | L3_e3:0.91009 (96.5%) | final_max_PQ:3.608e-04
     50 total:1.26777 | blocks:2 | L1_step:0.04441 (3.5%) | L2_step:0.00311 (0.2%) L2_final:0.00135 (0.1%) | L3_e3:1.21891 (96.1%) | final_max_PQ:3.662e-04
🔘 Epoch 341 No Improvement (14/40) | Val conv@1=0.5827, conv@2=0.9845, conv@3=1.0000, conv@5=1.0000, residual@1=3.020647e-04, residual@2=4.268953e-05
     25 total:0.95583 | blocks:3 | L1_step:0.04120 (4.3%) | L2_step:0.00235 (0.2%) L2_final:0.00112 (0.1%) | L3_e3:0.91116 (95.3%) | final_max_PQ:4.000e-04
     50 total:1.83105 | blocks:1 | L1_step:0.06445 (3.5%) | L2_step:0.00479 (0.3%) L2_final:0.00173 (0.1%) | L3_e3:1.76008 (96.1%) | final_max_PQ:5.257e-03
🔘 Epoch 342 No Improvement (15/40) | Val conv@1=0.5730, conv@2=0.9870, conv@3=1.0000, conv@5=1.0000, residual@1=3.122293e-04, residual@2=5.994770e-05
     25 total:1.17354 | blocks:2 | L1_step:0.04275 (3.6%) | L2_step:0.00334 (0.3%) L2_final:0.00125 (0.1%) | L3_e3:1.12619 (96.0%) | final_max_PQ:3.788e-04
     50 total:0.89889 | blocks:3 | L1_step:0.03169 (3.5%) | L2_step:0.00228 (0.3%) L2_final:0.00108 (0.1%) | L3_e3:0.86384 (96.1%) | final_max_PQ:3.024e-04
🔘 Epoch 343 No Improvement (16/40) | Val conv@1=0.5810, conv@2=0.9862, conv@3=1.0000, conv@5=1.0000, residual@1=3.053198e-04, residual@2=5.767995e-05
     25 total:1.11288 | blocks:2 | L1_step:0.03930 (3.5%) | L2_step:0.00300 (0.3%) L2_final:0.00121 (0.1%) | L3_e3:1.06937 (96.1%) | final_max_PQ:4.098e-04
     50 total:1.39887 | blocks:2 | L1_step:0.04471 (3.2%) | L2_step:0.00364 (0.3%) L2_final:0.00144 (0.1%) | L3_e3:1.34907 (96.4%) | final_max_PQ:5.087e-04
🔘 Epoch 344 No Improvement (17/40) | Val conv@1=0.5553, conv@2=0.9890, conv@3=0.9982, conv@5=0.9985, residual@1=3.194638e-04, residual@2=6.884682e-05
     25 total:2.17640 | blocks:1 | L1_step:0.07861 (3.6%) | L2_step:0.00571 (0.3%) L2_final:0.00197 (0.1%) | L3_e3:2.09011 (96.0%) | final_max_PQ:6.427e-03
     50 total:1.39298 | blocks:2 | L1_step:0.04292 (3.1%) | L2_step:0.00333 (0.2%) L2_final:0.00144 (0.1%) | L3_e3:1.34529 (96.6%) | final_max_PQ:3.786e-04
🔘 Epoch 345 No Improvement (18/40) | Val conv@1=0.5550, conv@2=0.9790, conv@3=0.9975, conv@5=0.9972, residual@1=3.166085e-04, residual@2=7.486973e-05
     25 total:0.86543 | blocks:3 | L1_step:0.03263 (3.8%) | L2_step:0.00227 (0.3%) L2_final:0.00105 (0.1%) | L3_e3:0.82948 (95.8%) | final_max_PQ:2.990e-04
     50 total:0.83277 | blocks:3 | L1_step:0.02942 (3.5%) | L2_step:0.00247 (0.3%) L2_final:0.00102 (0.1%) | L3_e3:0.79987 (96.0%) | final_max_PQ:3.144e-04
🔘 Epoch 346 No Improvement (19/40) | Val conv@1=0.5770, conv@2=0.9882, conv@3=1.0000, conv@5=1.0000, residual@1=3.041812e-04, residual@2=4.880304e-05
     25 total:1.17763 | blocks:2 | L1_step:0.04620 (3.9%) | L2_step:0.00288 (0.2%) L2_final:0.00126 (0.1%) | L3_e3:1.12729 (95.7%) | final_max_PQ:4.937e-04
     50 total:1.05965 | blocks:2 | L1_step:0.03624 (3.4%) | L2_step:0.00290 (0.3%) L2_final:0.00117 (0.1%) | L3_e3:1.01934 (96.2%) | final_max_PQ:4.611e-04
🔘 Epoch 347 No Improvement (20/40) | Val conv@1=0.5807, conv@2=0.9892, conv@3=1.0000, conv@5=1.0000, residual@1=3.037181e-04, residual@2=4.791478e-05
     25 total:1.08065 | blocks:2 | L1_step:0.03524 (3.3%) | L2_step:0.00288 (0.3%) L2_final:0.00119 (0.1%) | L3_e3:1.04134 (96.4%) | final_max_PQ:4.116e-04
     50 total:0.86692 | blocks:3 | L1_step:0.02780 (3.2%) | L2_step:0.00228 (0.3%) L2_final:0.00106 (0.1%) | L3_e3:0.83578 (96.4%) | final_max_PQ:3.217e-04
🔻 LR reduced: 6.25e-05 -> 3.13e-05
🔘 Epoch 348 No Improvement (21/40) | Val conv@1=0.5680, conv@2=0.9810, conv@3=1.0000, conv@5=1.0000, residual@1=3.051293e-04, residual@2=5.478299e-05
     25 total:1.21145 | blocks:2 | L1_step:0.05921 (4.9%) | L2_step:0.00319 (0.3%) L2_final:0.00128 (0.1%) | L3_e3:1.14777 (94.7%) | final_max_PQ:6.065e-04
     50 total:0.96776 | blocks:3 | L1_step:0.02950 (3.0%) | L2_step:0.00255 (0.3%) L2_final:0.00113 (0.1%) | L3_e3:0.93457 (96.6%) | final_max_PQ:4.091e-04
🔘 Epoch 349 No Improvement (22/40) | Val conv@1=0.5825, conv@2=0.9862, conv@3=1.0000, conv@5=1.0000, residual@1=2.990478e-04, residual@2=4.407688e-05
     25 total:0.89908 | blocks:3 | L1_step:0.02812 (3.1%) | L2_step:0.00247 (0.3%) L2_final:0.00108 (0.1%) | L3_e3:0.86741 (96.5%) | final_max_PQ:5.187e-04
     50 total:1.07385 | blocks:2 | L1_step:0.06149 (5.7%) | L2_step:0.00293 (0.3%) L2_final:0.00116 (0.1%) | L3_e3:1.00827 (93.9%) | final_max_PQ:4.111e-04
🔘 Epoch 350 No Improvement (23/40) | Val conv@1=0.5815, conv@2=0.9898, conv@3=1.0000, conv@5=1.0000, residual@1=2.989006e-04, residual@2=4.488375e-05
     25 total:0.87937 | blocks:3 | L1_step:0.06062 (6.9%) | L2_step:0.00239 (0.3%) L2_final:0.00103 (0.1%) | L3_e3:0.81532 (92.7%) | final_max_PQ:3.057e-04
     50 total:1.19063 | blocks:2 | L1_step:0.03678 (3.1%) | L2_step:0.00309 (0.3%) L2_final:0.00128 (0.1%) | L3_e3:1.14948 (96.5%) | final_max_PQ:4.419e-04
🟩 Epoch 351 | Train loss = 1.2302 | Val conv@1=0.5820, conv@2=0.9915, conv@3=1.0000, conv@5=1.0000, residual@1=2.989280e-04, residual@2=3.882253e-05, residual@3=3.415799e-05, excess@2=0.0038, tail@2=4.711822e-04, score=3.732857 | LR: 3.1250e-05
     25 total:1.24614 | blocks:2 | L1_step:0.05286 (4.2%) | L2_step:0.00316 (0.3%) L2_final:0.00132 (0.1%) | L3_e3:1.18879 (95.4%) | final_max_PQ:4.386e-04
     50 total:1.22066 | blocks:2 | L1_step:0.04067 (3.3%) | L2_step:0.00298 (0.2%) L2_final:0.00130 (0.1%) | L3_e3:1.17571 (96.3%) | final_max_PQ:4.638e-04
🟩 Epoch 352 | Train loss = 1.1942 | Val conv@1=0.5847, conv@2=0.9912, conv@3=1.0000, conv@5=1.0000, residual@1=3.022868e-04, residual@2=5.114999e-05, residual@3=4.840289e-05, excess@2=0.0037, tail@2=4.473627e-04, score=3.736177 | LR: 3.1250e-05
     25 total:0.92921 | blocks:3 | L1_step:0.03135 (3.4%) | L2_step:0.00258 (0.3%) L2_final:0.00110 (0.1%) | L3_e3:0.89418 (96.2%) | final_max_PQ:3.440e-04
     50 total:1.16699 | blocks:2 | L1_step:0.03448 (3.0%) | L2_step:0.00309 (0.3%) L2_final:0.00126 (0.1%) | L3_e3:1.12816 (96.7%) | final_max_PQ:4.086e-04
🔘 Epoch 353 No Improvement (1/40) | Val conv@1=0.5793, conv@2=0.9915, conv@3=1.0000, conv@5=1.0000, residual@1=2.984840e-04, residual@2=4.596224e-05
     25 total:0.90305 | blocks:3 | L1_step:0.02869 (3.2%) | L2_step:0.00262 (0.3%) L2_final:0.00107 (0.1%) | L3_e3:0.87066 (96.4%) | final_max_PQ:4.114e-04
     50 total:1.00642 | blocks:2 | L1_step:0.03517 (3.5%) | L2_step:0.00286 (0.3%) L2_final:0.00113 (0.1%) | L3_e3:0.96726 (96.1%) | final_max_PQ:3.375e-04
🔘 Epoch 354 No Improvement (2/40) | Val conv@1=0.5773, conv@2=0.9898, conv@3=1.0000, conv@5=1.0000, residual@1=3.009878e-04, residual@2=4.997867e-05
     25 total:0.94504 | blocks:3 | L1_step:0.04211 (4.5%) | L2_step:0.00245 (0.3%) L2_final:0.00111 (0.1%) | L3_e3:0.89937 (95.2%) | final_max_PQ:3.796e-04
     50 total:0.94892 | blocks:3 | L1_step:0.03789 (4.0%) | L2_step:0.00268 (0.3%) L2_final:0.00111 (0.1%) | L3_e3:0.90725 (95.6%) | final_max_PQ:3.584e-04
🟩 Epoch 355 | Train loss = 1.1453 | Val conv@1=0.5925, conv@2=0.9938, conv@3=1.0000, conv@5=1.0000, residual@1=2.928495e-04, residual@2=3.522611e-05, residual@3=2.926082e-05, excess@2=0.0036, tail@2=4.816650e-04, score=3.747476 | LR: 3.1250e-05
     25 total:1.10601 | blocks:2 | L1_step:0.07157 (6.5%) | L2_step:0.00316 (0.3%) L2_final:0.00119 (0.1%) | L3_e3:1.03009 (93.1%) | final_max_PQ:3.738e-04
     50 total:2.34455 | blocks:1 | L1_step:0.06757 (2.9%) | L2_step:0.00562 (0.2%) L2_final:0.00217 (0.1%) | L3_e3:2.26919 (96.8%) | final_max_PQ:1.059e-02
🔘 Epoch 356 No Improvement (1/40) | Val conv@1=0.5807, conv@2=0.9920, conv@3=1.0000, conv@5=1.0000, residual@1=2.990007e-04, residual@2=4.605862e-05
     25 total:0.81837 | blocks:3 | L1_step:0.03260 (4.0%) | L2_step:0.00238 (0.3%) L2_final:0.00101 (0.1%) | L3_e3:0.78238 (95.6%) | final_max_PQ:4.163e-04
     50 total:1.23796 | blocks:2 | L1_step:0.04116 (3.3%) | L2_step:0.00327 (0.3%) L2_final:0.00130 (0.1%) | L3_e3:1.19223 (96.3%) | final_max_PQ:3.681e-04
🔘 Epoch 357 No Improvement (2/40) | Val conv@1=0.5843, conv@2=0.9930, conv@3=1.0000, conv@5=1.0000, residual@1=2.969714e-04, residual@2=4.822167e-05
     25 total:1.16453 | blocks:2 | L1_step:0.04979 (4.3%) | L2_step:0.00310 (0.3%) L2_final:0.00126 (0.1%) | L3_e3:1.11038 (95.4%) | final_max_PQ:6.079e-04
     50 total:1.07821 | blocks:2 | L1_step:0.03503 (3.2%) | L2_step:0.00286 (0.3%) L2_final:0.00118 (0.1%) | L3_e3:1.03914 (96.4%) | final_max_PQ:3.761e-04
🔘 Epoch 358 No Improvement (3/40) | Val conv@1=0.5763, conv@2=0.9855, conv@3=1.0000, conv@5=1.0000, residual@1=3.056907e-04, residual@2=5.406450e-05
     25 total:1.14632 | blocks:2 | L1_step:0.04465 (3.9%) | L2_step:0.00302 (0.3%) L2_final:0.00125 (0.1%) | L3_e3:1.09741 (95.7%) | final_max_PQ:3.865e-04
     50 total:1.19982 | blocks:2 | L1_step:0.03436 (2.9%) | L2_step:0.00305 (0.3%) L2_final:0.00129 (0.1%) | L3_e3:1.16112 (96.8%) | final_max_PQ:3.332e-04
🔘 Epoch 359 No Improvement (4/40) | Val conv@1=0.5835, conv@2=0.9928, conv@3=1.0000, conv@5=1.0000, residual@1=2.970538e-04, residual@2=4.569499e-05
     25 total:0.89258 | blocks:3 | L1_step:0.02719 (3.0%) | L2_step:0.00249 (0.3%) L2_final:0.00106 (0.1%) | L3_e3:0.86183 (96.6%) | final_max_PQ:3.903e-04
     50 total:0.86268 | blocks:3 | L1_step:0.02681 (3.1%) | L2_step:0.00241 (0.3%) L2_final:0.00104 (0.1%) | L3_e3:0.83241 (96.5%) | final_max_PQ:3.780e-04
🔘 Epoch 360 No Improvement (5/40) | Val conv@1=0.5855, conv@2=0.9725, conv@3=1.0000, conv@5=1.0000, residual@1=2.932657e-04, residual@2=4.308318e-05
     25 total:1.09562 | blocks:2 | L1_step:0.05133 (4.7%) | L2_step:0.00304 (0.3%) L2_final:0.00119 (0.1%) | L3_e3:1.04007 (94.9%) | final_max_PQ:2.981e-04
     50 total:0.86407 | blocks:3 | L1_step:0.02637 (3.1%) | L2_step:0.00241 (0.3%) L2_final:0.00104 (0.1%) | L3_e3:0.83424 (96.5%) | final_max_PQ:2.913e-04
🔘 Epoch 361 No Improvement (6/40) | Val conv@1=0.5763, conv@2=0.9945, conv@3=1.0000, conv@5=1.0000, residual@1=3.012113e-04, residual@2=5.151578e-05
     25 total:1.20625 | blocks:2 | L1_step:0.04386 (3.6%) | L2_step:0.00303 (0.3%) L2_final:0.00129 (0.1%) | L3_e3:1.15807 (96.0%) | final_max_PQ:4.163e-04
     50 total:0.84356 | blocks:3 | L1_step:0.03355 (4.0%) | L2_step:0.00236 (0.3%) L2_final:0.00102 (0.1%) | L3_e3:0.80663 (95.6%) | final_max_PQ:3.505e-04
🔘 Epoch 362 No Improvement (7/40) | Val conv@1=0.5890, conv@2=0.9908, conv@3=1.0000, conv@5=1.0000, residual@1=3.027681e-04, residual@2=4.873041e-05
     25 total:0.86355 | blocks:3 | L1_step:0.03708 (4.3%) | L2_step:0.00237 (0.3%) L2_final:0.00104 (0.1%) | L3_e3:0.82306 (95.3%) | final_max_PQ:3.567e-04
     50 total:1.32189 | blocks:2 | L1_step:0.04161 (3.1%) | L2_step:0.00316 (0.2%) L2_final:0.00139 (0.1%) | L3_e3:1.27572 (96.5%) | final_max_PQ:7.311e-04
🔘 Epoch 363 No Improvement (8/40) | Val conv@1=0.5613, conv@2=0.9872, conv@3=1.0000, conv@5=1.0000, residual@1=2.996246e-04, residual@2=4.779069e-05
     25 total:0.75184 | blocks:3 | L1_step:0.02419 (3.2%) | L2_step:0.00234 (0.3%) L2_final:0.00095 (0.1%) | L3_e3:0.72435 (96.3%) | final_max_PQ:3.586e-04
     50 total:2.04372 | blocks:1 | L1_step:0.06701 (3.3%) | L2_step:0.00519 (0.3%) L2_final:0.00192 (0.1%) | L3_e3:1.96960 (96.4%) | final_max_PQ:9.150e-03
🔘 Epoch 364 No Improvement (9/40) | Val conv@1=0.5883, conv@2=0.9910, conv@3=1.0000, conv@5=1.0000, residual@1=2.935435e-04, residual@2=4.138219e-05
     25 total:0.92963 | blocks:3 | L1_step:0.03180 (3.4%) | L2_step:0.00264 (0.3%) L2_final:0.00110 (0.1%) | L3_e3:0.89409 (96.2%) | final_max_PQ:2.808e-04
     50 total:1.14691 | blocks:3 | L1_step:0.03017 (2.6%) | L2_step:0.00287 (0.3%) L2_final:0.00127 (0.1%) | L3_e3:1.11259 (97.0%) | final_max_PQ:3.252e-04
🔘 Epoch 365 No Improvement (10/40) | Val conv@1=0.5830, conv@2=0.9885, conv@3=1.0000, conv@5=1.0000, residual@1=2.931918e-04, residual@2=4.077265e-05
     25 total:2.33100 | blocks:1 | L1_step:0.06356 (2.7%) | L2_step:0.00542 (0.2%) L2_final:0.00214 (0.1%) | L3_e3:2.25988 (96.9%) | final_max_PQ:7.460e-03
     50 total:0.85546 | blocks:3 | L1_step:0.02823 (3.3%) | L2_step:0.00245 (0.3%) L2_final:0.00103 (0.1%) | L3_e3:0.82375 (96.3%) | final_max_PQ:3.560e-04
🟩 Epoch 366 | Train loss = 1.2433 | Val conv@1=0.5942, conv@2=0.9950, conv@3=1.0000, conv@5=1.0000, residual@1=2.975083e-04, residual@2=4.342711e-05, residual@3=3.929116e-05, excess@2=0.0036, tail@2=4.673897e-04, score=3.752340 | LR: 3.1250e-05
     25 total:0.84250 | blocks:3 | L1_step:0.04222 (5.0%) | L2_step:0.00229 (0.3%) L2_final:0.00102 (0.1%) | L3_e3:0.79698 (94.6%) | final_max_PQ:3.029e-04
     50 total:0.99618 | blocks:2 | L1_step:0.03362 (3.4%) | L2_step:0.00305 (0.3%) L2_final:0.00113 (0.1%) | L3_e3:0.95838 (96.2%) | final_max_PQ:3.229e-04
🔘 Epoch 367 No Improvement (1/40) | Val conv@1=0.5923, conv@2=0.9942, conv@3=1.0000, conv@5=1.0000, residual@1=2.941469e-04, residual@2=3.873665e-05
     25 total:1.13184 | blocks:2 | L1_step:0.03737 (3.3%) | L2_step:0.00318 (0.3%) L2_final:0.00123 (0.1%) | L3_e3:1.09006 (96.3%) | final_max_PQ:3.329e-04
     50 total:1.22107 | blocks:2 | L1_step:0.03913 (3.2%) | L2_step:0.00324 (0.3%) L2_final:0.00130 (0.1%) | L3_e3:1.17740 (96.4%) | final_max_PQ:3.637e-04
🟩 Epoch 368 | Train loss = 1.2168 | Val conv@1=0.5930, conv@2=0.9938, conv@3=1.0000, conv@5=1.0000, residual@1=2.900481e-04, residual@2=3.646512e-05, residual@3=3.226036e-05, excess@2=0.0028, tail@2=3.449618e-04, score=3.754882 | LR: 3.1250e-05
     25 total:0.89643 | blocks:3 | L1_step:0.04087 (4.6%) | L2_step:0.00248 (0.3%) L2_final:0.00106 (0.1%) | L3_e3:0.85202 (95.0%) | final_max_PQ:3.436e-04
     50 total:0.83718 | blocks:3 | L1_step:0.02699 (3.2%) | L2_step:0.00232 (0.3%) L2_final:0.00103 (0.1%) | L3_e3:0.80684 (96.4%) | final_max_PQ:3.828e-04
🟩 Epoch 369 | Train loss = 1.1029 | Val conv@1=0.5988, conv@2=0.9958, conv@3=1.0000, conv@5=1.0000, residual@1=2.895137e-04, residual@2=3.574530e-05, residual@3=3.066037e-05, excess@2=0.0030, tail@2=4.458129e-04, score=3.759450 | LR: 3.1250e-05
     25 total:1.18501 | blocks:2 | L1_step:0.03461 (2.9%) | L2_step:0.00333 (0.3%) L2_final:0.00127 (0.1%) | L3_e3:1.14580 (96.7%) | final_max_PQ:3.211e-04
     50 total:0.90060 | blocks:3 | L1_step:0.02610 (2.9%) | L2_step:0.00250 (0.3%) L2_final:0.00108 (0.1%) | L3_e3:0.87093 (96.7%) | final_max_PQ:4.407e-04
🔘 Epoch 370 No Improvement (1/40) | Val conv@1=0.5890, conv@2=0.9932, conv@3=1.0000, conv@5=1.0000, residual@1=2.973144e-04, residual@2=4.242189e-05
     25 total:1.10315 | blocks:2 | L1_step:0.03840 (3.5%) | L2_step:0.00317 (0.3%) L2_final:0.00121 (0.1%) | L3_e3:1.06039 (96.1%) | final_max_PQ:4.285e-04
     50 total:0.91041 | blocks:3 | L1_step:0.03944 (4.3%) | L2_step:0.00254 (0.3%) L2_final:0.00107 (0.1%) | L3_e3:0.86736 (95.3%) | final_max_PQ:3.344e-04
🔘 Epoch 371 No Improvement (2/40) | Val conv@1=0.5883, conv@2=0.9940, conv@3=1.0000, conv@5=1.0000, residual@1=2.913608e-04, residual@2=3.794860e-05
     25 total:1.12467 | blocks:2 | L1_step:0.03814 (3.4%) | L2_step:0.00308 (0.3%) L2_final:0.00123 (0.1%) | L3_e3:1.08223 (96.2%) | final_max_PQ:4.849e-04
     50 total:0.83538 | blocks:3 | L1_step:0.03292 (3.9%) | L2_step:0.00238 (0.3%) L2_final:0.00102 (0.1%) | L3_e3:0.79907 (95.7%) | final_max_PQ:3.283e-04
🔘 Epoch 372 No Improvement (3/40) | Val conv@1=0.5930, conv@2=0.9922, conv@3=1.0000, conv@5=1.0000, residual@1=2.882788e-04, residual@2=3.717445e-05
     25 total:0.91228 | blocks:3 | L1_step:0.03153 (3.5%) | L2_step:0.00244 (0.3%) L2_final:0.00109 (0.1%) | L3_e3:0.87723 (96.2%) | final_max_PQ:3.439e-04
     50 total:0.78275 | blocks:3 | L1_step:0.03371 (4.3%) | L2_step:0.00233 (0.3%) L2_final:0.00097 (0.1%) | L3_e3:0.74574 (95.3%) | final_max_PQ:2.762e-04
🔘 Epoch 373 No Improvement (4/40) | Val conv@1=0.5885, conv@2=0.9942, conv@3=1.0000, conv@5=1.0000, residual@1=2.911115e-04, residual@2=3.601757e-05
     25 total:1.03193 | blocks:2 | L1_step:0.03931 (3.8%) | L2_step:0.00301 (0.3%) L2_final:0.00117 (0.1%) | L3_e3:0.98844 (95.8%) | final_max_PQ:4.908e-04
     50 total:1.04804 | blocks:3 | L1_step:0.02951 (2.8%) | L2_step:0.00257 (0.2%) L2_final:0.00119 (0.1%) | L3_e3:1.01478 (96.8%) | final_max_PQ:4.086e-04
🔘 Epoch 374 No Improvement (5/40) | Val conv@1=0.5895, conv@2=0.9942, conv@3=1.0000, conv@5=1.0000, residual@1=2.927327e-04, residual@2=4.072500e-05
     25 total:1.03177 | blocks:2 | L1_step:0.03420 (3.3%) | L2_step:0.00332 (0.3%) L2_final:0.00114 (0.1%) | L3_e3:0.99311 (96.3%) | final_max_PQ:3.260e-04
     50 total:0.82237 | blocks:3 | L1_step:0.04308 (5.2%) | L2_step:0.00226 (0.3%) L2_final:0.00101 (0.1%) | L3_e3:0.77602 (94.4%) | final_max_PQ:3.247e-04
🔘 Epoch 375 No Improvement (6/40) | Val conv@1=0.5867, conv@2=0.9908, conv@3=1.0000, conv@5=1.0000, residual@1=2.938551e-04, residual@2=4.092105e-05
     25 total:2.09294 | blocks:1 | L1_step:0.06819 (3.3%) | L2_step:0.00531 (0.3%) L2_final:0.00195 (0.1%) | L3_e3:2.01751 (96.4%) | final_max_PQ:6.169e-03
     50 total:1.14546 | blocks:2 | L1_step:0.03681 (3.2%) | L2_step:0.00329 (0.3%) L2_final:0.00124 (0.1%) | L3_e3:1.10412 (96.4%) | final_max_PQ:3.017e-04
🔘 Epoch 376 No Improvement (7/40) | Val conv@1=0.5890, conv@2=0.9935, conv@3=1.0000, conv@5=1.0000, residual@1=2.896807e-04, residual@2=3.703512e-05
     25 total:1.19958 | blocks:2 | L1_step:0.05103 (4.3%) | L2_step:0.00318 (0.3%) L2_final:0.00129 (0.1%) | L3_e3:1.14409 (95.4%) | final_max_PQ:1.221e-03
     50 total:0.84677 | blocks:3 | L1_step:0.02478 (2.9%) | L2_step:0.00230 (0.3%) L2_final:0.00104 (0.1%) | L3_e3:0.81866 (96.7%) | final_max_PQ:3.556e-04
🔘 Epoch 377 No Improvement (8/40) | Val conv@1=0.5895, conv@2=0.9925, conv@3=1.0000, conv@5=1.0000, residual@1=2.991364e-04, residual@2=3.821842e-05
     25 total:2.03410 | blocks:1 | L1_step:0.06544 (3.2%) | L2_step:0.00592 (0.3%) L2_final:0.00190 (0.1%) | L3_e3:1.96084 (96.4%) | final_max_PQ:8.192e-03
     50 total:1.21302 | blocks:2 | L1_step:0.03499 (2.9%) | L2_step:0.00361 (0.3%) L2_final:0.00128 (0.1%) | L3_e3:1.17314 (96.7%) | final_max_PQ:3.162e-04
🟩 Epoch 378 | Train loss = 1.2040 | Val conv@1=0.5990, conv@2=0.9952, conv@3=1.0000, conv@5=1.0000, residual@1=2.886549e-04, residual@2=3.726458e-05, residual@3=3.139840e-05, excess@2=0.0032, tail@2=4.206598e-04, score=3.759795 | LR: 3.1250e-05
     25 total:1.92192 | blocks:1 | L1_step:0.06504 (3.4%) | L2_step:0.00488 (0.3%) L2_final:0.00181 (0.1%) | L3_e3:1.85019 (96.3%) | final_max_PQ:7.802e-03
     50 total:1.17756 | blocks:2 | L1_step:0.03706 (3.1%) | L2_step:0.00311 (0.3%) L2_final:0.00128 (0.1%) | L3_e3:1.13611 (96.5%) | final_max_PQ:3.358e-04
🔘 Epoch 379 No Improvement (1/40) | Val conv@1=0.5948, conv@2=0.9938, conv@3=1.0000, conv@5=1.0000, residual@1=2.896159e-04, residual@2=4.431802e-05
     25 total:0.80482 | blocks:3 | L1_step:0.02838 (3.5%) | L2_step:0.00246 (0.3%) L2_final:0.00100 (0.1%) | L3_e3:0.77299 (96.0%) | final_max_PQ:3.498e-04
     50 total:0.88153 | blocks:3 | L1_step:0.02804 (3.2%) | L2_step:0.00262 (0.3%) L2_final:0.00106 (0.1%) | L3_e3:0.84981 (96.4%) | final_max_PQ:3.481e-04
🔘 Epoch 380 No Improvement (2/40) | Val conv@1=0.5897, conv@2=0.9942, conv@3=1.0000, conv@5=1.0000, residual@1=2.928527e-04, residual@2=3.750499e-05
     25 total:1.24006 | blocks:2 | L1_step:0.03963 (3.2%) | L2_step:0.00351 (0.3%) L2_final:0.00131 (0.1%) | L3_e3:1.19560 (96.4%) | final_max_PQ:5.447e-04
     50 total:0.80214 | blocks:3 | L1_step:0.03090 (3.9%) | L2_step:0.00229 (0.3%) L2_final:0.00100 (0.1%) | L3_e3:0.76796 (95.7%) | final_max_PQ:3.091e-04
🔘 Epoch 381 No Improvement (3/40) | Val conv@1=0.5870, conv@2=0.9948, conv@3=1.0000, conv@5=1.0000, residual@1=2.965423e-04, residual@2=4.960099e-05
     25 total:0.90149 | blocks:3 | L1_step:0.03652 (4.1%) | L2_step:0.00241 (0.3%) L2_final:0.00107 (0.1%) | L3_e3:0.86148 (95.6%) | final_max_PQ:3.331e-04
     50 total:1.19643 | blocks:2 | L1_step:0.04499 (3.8%) | L2_step:0.00306 (0.3%) L2_final:0.00128 (0.1%) | L3_e3:1.14710 (95.9%) | final_max_PQ:4.878e-04
🔘 Epoch 382 No Improvement (4/40) | Val conv@1=0.5740, conv@2=0.9910, conv@3=1.0000, conv@5=1.0000, residual@1=3.022692e-04, residual@2=6.014131e-05
     25 total:1.15349 | blocks:2 | L1_step:0.04375 (3.8%) | L2_step:0.00309 (0.3%) L2_final:0.00126 (0.1%) | L3_e3:1.10539 (95.8%) | final_max_PQ:1.410e-03
     50 total:1.03586 | blocks:2 | L1_step:0.04125 (4.0%) | L2_step:0.00299 (0.3%) L2_final:0.00115 (0.1%) | L3_e3:0.99048 (95.6%) | final_max_PQ:3.839e-04
🔘 Epoch 383 No Improvement (5/40) | Val conv@1=0.5827, conv@2=0.9880, conv@3=1.0000, conv@5=1.0000, residual@1=2.916435e-04, residual@2=5.029328e-05
     25 total:1.26049 | blocks:2 | L1_step:0.05461 (4.3%) | L2_step:0.00323 (0.3%) L2_final:0.00134 (0.1%) | L3_e3:1.20132 (95.3%) | final_max_PQ:1.510e-03
     50 total:1.38405 | blocks:2 | L1_step:0.03974 (2.9%) | L2_step:0.00354 (0.3%) L2_final:0.00143 (0.1%) | L3_e3:1.33934 (96.8%) | final_max_PQ:7.456e-04
🔘 Epoch 384 No Improvement (6/40) | Val conv@1=0.5807, conv@2=0.9885, conv@3=1.0000, conv@5=1.0000, residual@1=3.018408e-04, residual@2=6.239367e-05
     25 total:0.84369 | blocks:3 | L1_step:0.03599 (4.3%) | L2_step:0.00250 (0.3%) L2_final:0.00103 (0.1%) | L3_e3:0.80417 (95.3%) | final_max_PQ:2.693e-04
     50 total:1.16459 | blocks:2 | L1_step:0.03814 (3.3%) | L2_step:0.00315 (0.3%) L2_final:0.00126 (0.1%) | L3_e3:1.12203 (96.3%) | final_max_PQ:5.088e-04
🔘 Epoch 385 No Improvement (7/40) | Val conv@1=0.5900, conv@2=0.9928, conv@3=1.0000, conv@5=1.0000, residual@1=2.915314e-04, residual@2=4.522083e-05
     25 total:1.15983 | blocks:2 | L1_step:0.03341 (2.9%) | L2_step:0.00348 (0.3%) L2_final:0.00125 (0.1%) | L3_e3:1.12169 (96.7%) | final_max_PQ:4.401e-04
     50 total:1.03938 | blocks:2 | L1_step:0.04005 (3.9%) | L2_step:0.00294 (0.3%) L2_final:0.00116 (0.1%) | L3_e3:0.99523 (95.8%) | final_max_PQ:4.029e-04
🔘 Epoch 386 No Improvement (8/40) | Val conv@1=0.5910, conv@2=0.9908, conv@3=1.0000, conv@5=1.0000, residual@1=2.952705e-04, residual@2=4.210489e-05
     25 total:1.28298 | blocks:2 | L1_step:0.05335 (4.2%) | L2_step:0.00322 (0.3%) L2_final:0.00134 (0.1%) | L3_e3:1.22506 (95.5%) | final_max_PQ:3.428e-04
     50 total:1.14961 | blocks:2 | L1_step:0.03488 (3.0%) | L2_step:0.00303 (0.3%) L2_final:0.00124 (0.1%) | L3_e3:1.11046 (96.6%) | final_max_PQ:3.100e-04
🔘 Epoch 387 No Improvement (9/40) | Val conv@1=0.5873, conv@2=0.9922, conv@3=1.0000, conv@5=1.0000, residual@1=2.909018e-04, residual@2=4.047775e-05
     25 total:1.24902 | blocks:2 | L1_step:0.04286 (3.4%) | L2_step:0.00332 (0.3%) L2_final:0.00133 (0.1%) | L3_e3:1.20151 (96.2%) | final_max_PQ:1.222e-03
     50 total:1.08909 | blocks:2 | L1_step:0.04074 (3.7%) | L2_step:0.00299 (0.3%) L2_final:0.00119 (0.1%) | L3_e3:1.04417 (95.9%) | final_max_PQ:3.805e-04
🔘 Epoch 388 No Improvement (10/40) | Val conv@1=0.5897, conv@2=0.9908, conv@3=1.0000, conv@5=1.0000, residual@1=2.940451e-04, residual@2=4.306719e-05
     25 total:2.13253 | blocks:1 | L1_step:0.06648 (3.1%) | L2_step:0.00538 (0.3%) L2_final:0.00198 (0.1%) | L3_e3:2.05869 (96.5%) | final_max_PQ:7.653e-03
     50 total:1.32273 | blocks:2 | L1_step:0.04986 (3.8%) | L2_step:0.00300 (0.2%) L2_final:0.00139 (0.1%) | L3_e3:1.26848 (95.9%) | final_max_PQ:8.672e-04
🟩 Epoch 389 | Train loss = 1.1851 | Val conv@1=0.6000, conv@2=0.9952, conv@3=1.0000, conv@5=1.0000, residual@1=2.860531e-04, residual@2=3.457762e-05, residual@3=2.945318e-05, excess@2=0.0027, tail@2=4.259051e-04, score=3.760710 | LR: 3.1250e-05
     25 total:1.17976 | blocks:2 | L1_step:0.03877 (3.3%) | L2_step:0.00329 (0.3%) L2_final:0.00127 (0.1%) | L3_e3:1.13644 (96.3%) | final_max_PQ:4.358e-04
     50 total:0.83140 | blocks:3 | L1_step:0.02400 (2.9%) | L2_step:0.00248 (0.3%) L2_final:0.00102 (0.1%) | L3_e3:0.80391 (96.7%) | final_max_PQ:3.016e-04
🔘 Epoch 390 No Improvement (1/40) | Val conv@1=0.5982, conv@2=0.9945, conv@3=1.0000, conv@5=1.0000, residual@1=2.942978e-04, residual@2=4.524768e-05
     25 total:0.93387 | blocks:2 | L1_step:0.04287 (4.6%) | L2_step:0.00291 (0.3%) L2_final:0.00106 (0.1%) | L3_e3:0.88704 (95.0%) | final_max_PQ:4.570e-04
     50 total:0.86385 | blocks:3 | L1_step:0.02905 (3.4%) | L2_step:0.00238 (0.3%) L2_final:0.00105 (0.1%) | L3_e3:0.83137 (96.2%) | final_max_PQ:3.998e-04
🔘 Epoch 391 No Improvement (2/40) | Val conv@1=0.5988, conv@2=0.9955, conv@3=1.0000, conv@5=1.0000, residual@1=2.888426e-04, residual@2=4.086574e-05
     25 total:1.22413 | blocks:2 | L1_step:0.04977 (4.1%) | L2_step:0.00322 (0.3%) L2_final:0.00131 (0.1%) | L3_e3:1.16984 (95.6%) | final_max_PQ:5.682e-04
     50 total:1.11131 | blocks:2 | L1_step:0.03360 (3.0%) | L2_step:0.00316 (0.3%) L2_final:0.00122 (0.1%) | L3_e3:1.07334 (96.6%) | final_max_PQ:4.471e-04
🔘 Epoch 392 No Improvement (3/40) | Val conv@1=0.6000, conv@2=0.9922, conv@3=1.0000, conv@5=1.0000, residual@1=2.893749e-04, residual@2=4.163965e-05
     25 total:1.23905 | blocks:2 | L1_step:0.04455 (3.6%) | L2_step:0.00314 (0.3%) L2_final:0.00132 (0.1%) | L3_e3:1.19004 (96.0%) | final_max_PQ:5.945e-04
     50 total:1.16562 | blocks:2 | L1_step:0.04445 (3.8%) | L2_step:0.00305 (0.3%) L2_final:0.00126 (0.1%) | L3_e3:1.11686 (95.8%) | final_max_PQ:4.209e-04
🔘 Epoch 393 No Improvement (4/40) | Val conv@1=0.6018, conv@2=0.9942, conv@3=1.0000, conv@5=1.0000, residual@1=2.894452e-04, residual@2=3.788614e-05
     25 total:2.21406 | blocks:1 | L1_step:0.06366 (2.9%) | L2_step:0.00547 (0.2%) L2_final:0.00206 (0.1%) | L3_e3:2.14286 (96.8%) | final_max_PQ:6.157e-03
     50 total:0.82512 | blocks:3 | L1_step:0.02837 (3.4%) | L2_step:0.00260 (0.3%) L2_final:0.00101 (0.1%) | L3_e3:0.79314 (96.1%) | final_max_PQ:3.376e-04
🔘 Epoch 394 No Improvement (5/40) | Val conv@1=0.5945, conv@2=0.9942, conv@3=1.0000, conv@5=1.0000, residual@1=2.879334e-04, residual@2=3.775330e-05
     25 total:1.10656 | blocks:2 | L1_step:0.04361 (3.9%) | L2_step:0.00295 (0.3%) L2_final:0.00121 (0.1%) | L3_e3:1.05880 (95.7%) | final_max_PQ:4.359e-04
     50 total:1.07763 | blocks:2 | L1_step:0.04627 (4.3%) | L2_step:0.00312 (0.3%) L2_final:0.00117 (0.1%) | L3_e3:1.02707 (95.3%) | final_max_PQ:3.400e-04
🔘 Epoch 395 No Improvement (6/40) | Val conv@1=0.5982, conv@2=0.9945, conv@3=1.0000, conv@5=1.0000, residual@1=2.834702e-04, residual@2=3.656517e-05
     25 total:1.05606 | blocks:3 | L1_step:0.04393 (4.2%) | L2_step:0.00286 (0.3%) L2_final:0.00119 (0.1%) | L3_e3:1.00808 (95.5%) | final_max_PQ:3.325e-04
     50 total:1.15257 | blocks:2 | L1_step:0.03638 (3.2%) | L2_step:0.00300 (0.3%) L2_final:0.00125 (0.1%) | L3_e3:1.11194 (96.5%) | final_max_PQ:3.474e-04
🔘 Epoch 396 No Improvement (7/40) | Val conv@1=0.6010, conv@2=0.9928, conv@3=1.0000, conv@5=1.0000, residual@1=2.992298e-04, residual@2=4.255313e-05
     25 total:1.29482 | blocks:2 | L1_step:0.04073 (3.1%) | L2_step:0.00348 (0.3%) L2_final:0.00136 (0.1%) | L3_e3:1.24925 (96.5%) | final_max_PQ:3.902e-04
     50 total:1.78882 | blocks:1 | L1_step:0.06690 (3.7%) | L2_step:0.00490 (0.3%) L2_final:0.00171 (0.1%) | L3_e3:1.71531 (95.9%) | final_max_PQ:7.465e-03
🔘 Epoch 397 No Improvement (8/40) | Val conv@1=0.5875, conv@2=0.9930, conv@3=1.0000, conv@5=1.0000, residual@1=2.986579e-04, residual@2=6.281324e-05
     25 total:1.12140 | blocks:2 | L1_step:0.04226 (3.8%) | L2_step:0.00285 (0.3%) L2_final:0.00123 (0.1%) | L3_e3:1.07505 (95.9%) | final_max_PQ:3.677e-04
     50 total:1.27083 | blocks:2 | L1_step:0.03646 (2.9%) | L2_step:0.00329 (0.3%) L2_final:0.00134 (0.1%) | L3_e3:1.22974 (96.8%) | final_max_PQ:3.274e-04
🟩 Epoch 398 | Train loss = 1.1759 | Val conv@1=0.5998, conv@2=0.9950, conv@3=1.0000, conv@5=1.0000, residual@1=2.873751e-04, residual@2=4.279403e-05, residual@3=3.888270e-05, excess@2=0.0029, tail@2=3.474653e-04, score=3.763965 | LR: 3.1250e-05
     25 total:1.24398 | blocks:2 | L1_step:0.04329 (3.5%) | L2_step:0.00333 (0.3%) L2_final:0.00132 (0.1%) | L3_e3:1.19603 (96.1%) | final_max_PQ:3.018e-04
     50 total:0.80384 | blocks:3 | L1_step:0.02470 (3.1%) | L2_step:0.00252 (0.3%) L2_final:0.00099 (0.1%) | L3_e3:0.77563 (96.5%) | final_max_PQ:6.025e-04
🔘 Epoch 399 No Improvement (1/40) | Val conv@1=0.5968, conv@2=0.9930, conv@3=1.0000, conv@5=1.0000, residual@1=2.858506e-04, residual@2=3.914414e-05
     25 total:2.10065 | blocks:1 | L1_step:0.07626 (3.6%) | L2_step:0.00571 (0.3%) L2_final:0.00195 (0.1%) | L3_e3:2.01673 (96.0%) | final_max_PQ:7.338e-03
     50 total:1.18734 | blocks:2 | L1_step:0.03939 (3.3%) | L2_step:0.00324 (0.3%) L2_final:0.00128 (0.1%) | L3_e3:1.14344 (96.3%) | final_max_PQ:4.600e-04
🔘 Epoch 400 No Improvement (2/40) | Val conv@1=0.6015, conv@2=0.9870, conv@3=1.0000, conv@5=1.0000, residual@1=2.838278e-04, residual@2=3.812815e-05
     25 total:1.17972 | blocks:2 | L1_step:0.03508 (3.0%) | L2_step:0.00302 (0.3%) L2_final:0.00128 (0.1%) | L3_e3:1.14035 (96.7%) | final_max_PQ:4.368e-04
     50 total:1.14047 | blocks:2 | L1_step:0.03483 (3.1%) | L2_step:0.00313 (0.3%) L2_final:0.00124 (0.1%) | L3_e3:1.10127 (96.6%) | final_max_PQ:3.385e-04
🔘 Epoch 401 No Improvement (3/40) | Val conv@1=0.5948, conv@2=0.9952, conv@3=1.0000, conv@5=1.0000, residual@1=2.908315e-04, residual@2=4.039141e-05
     25 total:1.06625 | blocks:2 | L1_step:0.03187 (3.0%) | L2_step:0.00299 (0.3%) L2_final:0.00119 (0.1%) | L3_e3:1.03020 (96.6%) | final_max_PQ:4.507e-04
     50 total:1.09676 | blocks:2 | L1_step:0.03638 (3.3%) | L2_step:0.00332 (0.3%) L2_final:0.00119 (0.1%) | L3_e3:1.05587 (96.3%) | final_max_PQ:3.386e-04
🔘 Epoch 402 No Improvement (4/40) | Val conv@1=0.5970, conv@2=0.9935, conv@3=1.0000, conv@5=1.0000, residual@1=2.869320e-04, residual@2=3.964734e-05
     25 total:0.82368 | blocks:3 | L1_step:0.02521 (3.1%) | L2_step:0.00253 (0.3%) L2_final:0.00101 (0.1%) | L3_e3:0.79493 (96.5%) | final_max_PQ:3.968e-04
     50 total:1.06262 | blocks:2 | L1_step:0.03280 (3.1%) | L2_step:0.00294 (0.3%) L2_final:0.00118 (0.1%) | L3_e3:1.02569 (96.5%) | final_max_PQ:3.207e-04
🔘 Epoch 403 No Improvement (5/40) | Val conv@1=0.5813, conv@2=0.9948, conv@3=1.0000, conv@5=1.0000, residual@1=2.937087e-04, residual@2=4.370434e-05
     25 total:1.86691 | blocks:1 | L1_step:0.06597 (3.5%) | L2_step:0.00539 (0.3%) L2_final:0.00176 (0.1%) | L3_e3:1.79379 (96.1%) | final_max_PQ:8.935e-03
     50 total:1.02393 | blocks:3 | L1_step:0.05219 (5.1%) | L2_step:0.00256 (0.3%) L2_final:0.00116 (0.1%) | L3_e3:0.96802 (94.5%) | final_max_PQ:4.231e-04
🔘 Epoch 404 No Improvement (6/40) | Val conv@1=0.5843, conv@2=0.9802, conv@3=1.0000, conv@5=1.0000, residual@1=2.954759e-04, residual@2=6.163782e-05
     25 total:1.30712 | blocks:2 | L1_step:0.03963 (3.0%) | L2_step:0.00340 (0.3%) L2_final:0.00137 (0.1%) | L3_e3:1.26272 (96.6%) | final_max_PQ:3.332e-04
     50 total:0.86810 | blocks:3 | L1_step:0.03386 (3.9%) | L2_step:0.00269 (0.3%) L2_final:0.00104 (0.1%) | L3_e3:0.83051 (95.7%) | final_max_PQ:3.467e-04
🔘 Epoch 405 No Improvement (7/40) | Val conv@1=0.6008, conv@2=0.9935, conv@3=1.0000, conv@5=1.0000, residual@1=2.858193e-04, residual@2=3.638488e-05
     25 total:1.10371 | blocks:2 | L1_step:0.03863 (3.5%) | L2_step:0.00320 (0.3%) L2_final:0.00121 (0.1%) | L3_e3:1.06067 (96.1%) | final_max_PQ:3.423e-04
     50 total:0.88969 | blocks:3 | L1_step:0.02650 (3.0%) | L2_step:0.00275 (0.3%) L2_final:0.00106 (0.1%) | L3_e3:0.85938 (96.6%) | final_max_PQ:2.796e-04
🔘 Epoch 406 No Improvement (8/40) | Val conv@1=0.5875, conv@2=0.9935, conv@3=1.0000, conv@5=1.0000, residual@1=2.957881e-04, residual@2=5.264775e-05
     25 total:2.03776 | blocks:1 | L1_step:0.06489 (3.2%) | L2_step:0.00537 (0.3%) L2_final:0.00191 (0.1%) | L3_e3:1.96560 (96.5%) | final_max_PQ:8.137e-03
     50 total:1.10260 | blocks:2 | L1_step:0.03526 (3.2%) | L2_step:0.00308 (0.3%) L2_final:0.00122 (0.1%) | L3_e3:1.06304 (96.4%) | final_max_PQ:3.426e-04
🔘 Epoch 407 No Improvement (9/40) | Val conv@1=0.5890, conv@2=0.9938, conv@3=1.0000, conv@5=1.0000, residual@1=2.907016e-04, residual@2=5.165111e-05
     25 total:0.81428 | blocks:3 | L1_step:0.03120 (3.8%) | L2_step:0.00250 (0.3%) L2_final:0.00100 (0.1%) | L3_e3:0.77958 (95.7%) | final_max_PQ:3.088e-04
     50 total:1.03494 | blocks:2 | L1_step:0.03383 (3.3%) | L2_step:0.00314 (0.3%) L2_final:0.00116 (0.1%) | L3_e3:0.99681 (96.3%) | final_max_PQ:4.313e-04
🔘 Epoch 408 No Improvement (10/40) | Val conv@1=0.5927, conv@2=0.9920, conv@3=0.9998, conv@5=1.0000, residual@1=2.907965e-04, residual@2=5.409940e-05
     25 total:1.12523 | blocks:2 | L1_step:0.03371 (3.0%) | L2_step:0.00327 (0.3%) L2_final:0.00122 (0.1%) | L3_e3:1.08702 (96.6%) | final_max_PQ:3.473e-04
     50 total:1.13801 | blocks:2 | L1_step:0.03704 (3.3%) | L2_step:0.00312 (0.3%) L2_final:0.00123 (0.1%) | L3_e3:1.09662 (96.4%) | final_max_PQ:3.392e-04
🟩 Epoch 409 | Train loss = 1.1061 | Val conv@1=0.5995, conv@2=0.9952, conv@3=1.0000, conv@5=1.0000, residual@1=2.800318e-04, residual@2=3.529958e-05, residual@3=3.191979e-05, excess@2=0.0023, tail@2=3.549755e-04, score=3.763966 | LR: 3.1250e-05
     25 total:0.91025 | blocks:3 | L1_step:0.02777 (3.1%) | L2_step:0.00262 (0.3%) L2_final:0.00108 (0.1%) | L3_e3:0.87878 (96.5%) | final_max_PQ:3.299e-04
     50 total:1.22350 | blocks:2 | L1_step:0.04051 (3.3%) | L2_step:0.00315 (0.3%) L2_final:0.00131 (0.1%) | L3_e3:1.17853 (96.3%) | final_max_PQ:8.486e-04
🔘 Epoch 410 No Improvement (1/40) | Val conv@1=0.5913, conv@2=0.9960, conv@3=1.0000, conv@5=1.0000, residual@1=2.864560e-04, residual@2=4.422588e-05
     25 total:1.20500 | blocks:2 | L1_step:0.04078 (3.4%) | L2_step:0.00336 (0.3%) L2_final:0.00129 (0.1%) | L3_e3:1.15957 (96.2%) | final_max_PQ:5.350e-04
     50 total:1.83465 | blocks:1 | L1_step:0.06700 (3.7%) | L2_step:0.00507 (0.3%) L2_final:0.00176 (0.1%) | L3_e3:1.76082 (96.0%) | final_max_PQ:7.365e-03
🔘 Epoch 411 No Improvement (2/40) | Val conv@1=0.5950, conv@2=0.9945, conv@3=1.0000, conv@5=1.0000, residual@1=2.855321e-04, residual@2=3.896342e-05
     25 total:1.12567 | blocks:2 | L1_step:0.03611 (3.2%) | L2_step:0.00333 (0.3%) L2_final:0.00123 (0.1%) | L3_e3:1.08500 (96.4%) | final_max_PQ:4.722e-04
     50 total:1.17951 | blocks:2 | L1_step:0.04157 (3.5%) | L2_step:0.00334 (0.3%) L2_final:0.00125 (0.1%) | L3_e3:1.13334 (96.1%) | final_max_PQ:3.264e-04
🔘 Epoch 412 No Improvement (3/40) | Val conv@1=0.5938, conv@2=0.9940, conv@3=1.0000, conv@5=1.0000, residual@1=2.876270e-04, residual@2=4.871829e-05
     25 total:0.96013 | blocks:2 | L1_step:0.03779 (3.9%) | L2_step:0.00310 (0.3%) L2_final:0.00109 (0.1%) | L3_e3:0.91815 (95.6%) | final_max_PQ:3.484e-04
     50 total:1.17559 | blocks:2 | L1_step:0.03132 (2.7%) | L2_step:0.00350 (0.3%) L2_final:0.00127 (0.1%) | L3_e3:1.13950 (96.9%) | final_max_PQ:3.285e-04
🔘 Epoch 413 No Improvement (4/40) | Val conv@1=0.5760, conv@2=0.9930, conv@3=1.0000, conv@5=1.0000, residual@1=2.933213e-04, residual@2=5.572830e-05
     25 total:1.01320 | blocks:3 | L1_step:0.02649 (2.6%) | L2_step:0.00266 (0.3%) L2_final:0.00116 (0.1%) | L3_e3:0.98288 (97.0%) | final_max_PQ:3.450e-04
     50 total:1.30779 | blocks:2 | L1_step:0.03120 (2.4%) | L2_step:0.00350 (0.3%) L2_final:0.00137 (0.1%) | L3_e3:1.27171 (97.2%) | final_max_PQ:3.204e-04
🔘 Epoch 414 No Improvement (5/40) | Val conv@1=0.5990, conv@2=0.9945, conv@3=1.0000, conv@5=1.0000, residual@1=2.797644e-04, residual@2=3.487034e-05
     25 total:0.94055 | blocks:3 | L1_step:0.02382 (2.5%) | L2_step:0.00251 (0.3%) L2_final:0.00110 (0.1%) | L3_e3:0.91312 (97.1%) | final_max_PQ:3.444e-04
     50 total:0.91144 | blocks:2 | L1_step:0.03343 (3.7%) | L2_step:0.00301 (0.3%) L2_final:0.00105 (0.1%) | L3_e3:0.87396 (95.9%) | final_max_PQ:3.247e-04
🟩 Epoch 415 | Train loss = 1.0864 | Val conv@1=0.6012, conv@2=0.9948, conv@3=1.0000, conv@5=1.0000, residual@1=2.766693e-04, residual@2=3.267651e-05, residual@3=2.850758e-05, excess@2=0.0019, tail@2=3.175437e-04, score=3.767066 | LR: 3.1250e-05
     25 total:1.07108 | blocks:2 | L1_step:0.03862 (3.6%) | L2_step:0.00312 (0.3%) L2_final:0.00119 (0.1%) | L3_e3:1.02814 (96.0%) | final_max_PQ:3.732e-04
     50 total:1.21277 | blocks:2 | L1_step:0.03974 (3.3%) | L2_step:0.00333 (0.3%) L2_final:0.00129 (0.1%) | L3_e3:1.16841 (96.3%) | final_max_PQ:3.814e-04
🟩 Epoch 416 | Train loss = 1.1038 | Val conv@1=0.6022, conv@2=0.9960, conv@3=1.0000, conv@5=1.0000, residual@1=2.785093e-04, residual@2=3.434572e-05, residual@3=3.013147e-05, excess@2=0.0018, tail@2=2.954900e-04, score=3.772035 | LR: 3.1250e-05
     25 total:1.11657 | blocks:2 | L1_step:0.04153 (3.7%) | L2_step:0.00324 (0.3%) L2_final:0.00121 (0.1%) | L3_e3:1.07060 (95.9%) | final_max_PQ:3.471e-04
     50 total:1.11986 | blocks:2 | L1_step:0.03902 (3.5%) | L2_step:0.00307 (0.3%) L2_final:0.00122 (0.1%) | L3_e3:1.07655 (96.1%) | final_max_PQ:4.548e-04
🔘 Epoch 417 No Improvement (1/40) | Val conv@1=0.5893, conv@2=0.9940, conv@3=1.0000, conv@5=1.0000, residual@1=2.870474e-04, residual@2=4.745301e-05
     25 total:0.76434 | blocks:3 | L1_step:0.03322 (4.3%) | L2_step:0.00232 (0.3%) L2_final:0.00096 (0.1%) | L3_e3:0.72784 (95.2%) | final_max_PQ:4.229e-04
     50 total:1.14613 | blocks:2 | L1_step:0.03934 (3.4%) | L2_step:0.00318 (0.3%) L2_final:0.00125 (0.1%) | L3_e3:1.10236 (96.2%) | final_max_PQ:3.812e-04
🔘 Epoch 418 No Improvement (2/40) | Val conv@1=0.6038, conv@2=0.9962, conv@3=1.0000, conv@5=1.0000, residual@1=2.831650e-04, residual@2=4.094069e-05
     25 total:0.72732 | blocks:3 | L1_step:0.03162 (4.3%) | L2_step:0.00212 (0.3%) L2_final:0.00093 (0.1%) | L3_e3:0.69265 (95.2%) | final_max_PQ:3.362e-04
     50 total:0.91521 | blocks:2 | L1_step:0.04067 (4.4%) | L2_step:0.00266 (0.3%) L2_final:0.00107 (0.1%) | L3_e3:0.87081 (95.1%) | final_max_PQ:3.836e-04
🔘 Epoch 419 No Improvement (3/40) | Val conv@1=0.5763, conv@2=0.9898, conv@3=1.0000, conv@5=1.0000, residual@1=2.991040e-04, residual@2=5.702327e-05
     25 total:1.27522 | blocks:2 | L1_step:0.04550 (3.6%) | L2_step:0.00299 (0.2%) L2_final:0.00136 (0.1%) | L3_e3:1.22538 (96.1%) | final_max_PQ:8.724e-04
     50 total:1.08905 | blocks:2 | L1_step:0.03725 (3.4%) | L2_step:0.00292 (0.3%) L2_final:0.00120 (0.1%) | L3_e3:1.04767 (96.2%) | final_max_PQ:3.553e-04
🔘 Epoch 420 No Improvement (4/40) | Val conv@1=0.5903, conv@2=0.9925, conv@3=1.0000, conv@5=1.0000, residual@1=2.838107e-04, residual@2=3.931638e-05
     25 total:0.78081 | blocks:3 | L1_step:0.03766 (4.8%) | L2_step:0.00242 (0.3%) L2_final:0.00096 (0.1%) | L3_e3:0.73977 (94.7%) | final_max_PQ:3.336e-04
     50 total:0.75502 | blocks:3 | L1_step:0.02991 (4.0%) | L2_step:0.00230 (0.3%) L2_final:0.00096 (0.1%) | L3_e3:0.72186 (95.6%) | final_max_PQ:2.683e-04
🔘 Epoch 421 No Improvement (5/40) | Val conv@1=0.5952, conv@2=0.9965, conv@3=1.0000, conv@5=1.0000, residual@1=2.819061e-04, residual@2=3.896959e-05
     25 total:1.18265 | blocks:2 | L1_step:0.03375 (2.9%) | L2_step:0.00353 (0.3%) L2_final:0.00126 (0.1%) | L3_e3:1.14410 (96.7%) | final_max_PQ:3.123e-04
     50 total:1.19403 | blocks:2 | L1_step:0.03964 (3.3%) | L2_step:0.00334 (0.3%) L2_final:0.00127 (0.1%) | L3_e3:1.14978 (96.3%) | final_max_PQ:3.795e-04
🔘 Epoch 422 No Improvement (6/40) | Val conv@1=0.6018, conv@2=0.9960, conv@3=1.0000, conv@5=1.0000, residual@1=2.843494e-04, residual@2=4.010294e-05
     25 total:2.22124 | blocks:1 | L1_step:0.05986 (2.7%) | L2_step:0.00547 (0.2%) L2_final:0.00206 (0.1%) | L3_e3:2.15385 (97.0%) | final_max_PQ:1.419e-02
     50 total:0.80053 | blocks:3 | L1_step:0.02599 (3.2%) | L2_step:0.00254 (0.3%) L2_final:0.00100 (0.1%) | L3_e3:0.77100 (96.3%) | final_max_PQ:3.679e-04
🔘 Epoch 423 No Improvement (7/40) | Val conv@1=0.5985, conv@2=0.9942, conv@3=1.0000, conv@5=1.0000, residual@1=2.814281e-04, residual@2=3.969590e-05
     25 total:1.95421 | blocks:1 | L1_step:0.06118 (3.1%) | L2_step:0.00522 (0.3%) L2_final:0.00184 (0.1%) | L3_e3:1.88596 (96.5%) | final_max_PQ:6.016e-03
     50 total:0.97782 | blocks:3 | L1_step:0.03628 (3.7%) | L2_step:0.00265 (0.3%) L2_final:0.00113 (0.1%) | L3_e3:0.93776 (95.9%) | final_max_PQ:2.883e-04
🔘 Epoch 424 No Improvement (8/40) | Val conv@1=0.5982, conv@2=0.9952, conv@3=1.0000, conv@5=1.0000, residual@1=2.801909e-04, residual@2=3.752217e-05
     25 total:0.96916 | blocks:2 | L1_step:0.03330 (3.4%) | L2_step:0.00274 (0.3%) L2_final:0.00111 (0.1%) | L3_e3:0.93201 (96.2%) | final_max_PQ:3.304e-04
     50 total:1.10504 | blocks:2 | L1_step:0.03869 (3.5%) | L2_step:0.00327 (0.3%) L2_final:0.00121 (0.1%) | L3_e3:1.06187 (96.1%) | final_max_PQ:3.695e-04
🔘 Epoch 425 No Improvement (9/40) | Val conv@1=0.5998, conv@2=0.9955, conv@3=1.0000, conv@5=1.0000, residual@1=2.804623e-04, residual@2=3.958660e-05
     25 total:1.02814 | blocks:2 | L1_step:0.03213 (3.1%) | L2_step:0.00298 (0.3%) L2_final:0.00115 (0.1%) | L3_e3:0.99187 (96.5%) | final_max_PQ:4.134e-04
     50 total:0.81642 | blocks:3 | L1_step:0.03440 (4.2%) | L2_step:0.00249 (0.3%) L2_final:0.00100 (0.1%) | L3_e3:0.77854 (95.4%) | final_max_PQ:4.990e-04
🔘 Epoch 426 No Improvement (10/40) | Val conv@1=0.6002, conv@2=0.9945, conv@3=1.0000, conv@5=1.0000, residual@1=2.796672e-04, residual@2=3.762507e-05
     25 total:1.11098 | blocks:2 | L1_step:0.03369 (3.0%) | L2_step:0.00303 (0.3%) L2_final:0.00122 (0.1%) | L3_e3:1.07303 (96.6%) | final_max_PQ:4.604e-04
     50 total:0.98680 | blocks:3 | L1_step:0.02992 (3.0%) | L2_step:0.00290 (0.3%) L2_final:0.00113 (0.1%) | L3_e3:0.95285 (96.6%) | final_max_PQ:3.881e-04
🔘 Epoch 427 No Improvement (11/40) | Val conv@1=0.5757, conv@2=0.9848, conv@3=0.9980, conv@5=0.9978, residual@1=2.969513e-04, residual@2=6.516304e-05
     25 total:1.07547 | blocks:2 | L1_step:0.04112 (3.8%) | L2_step:0.00309 (0.3%) L2_final:0.00118 (0.1%) | L3_e3:1.03008 (95.8%) | final_max_PQ:3.109e-04
     50 total:1.20404 | blocks:2 | L1_step:0.03718 (3.1%) | L2_step:0.00323 (0.3%) L2_final:0.00130 (0.1%) | L3_e3:1.16234 (96.5%) | final_max_PQ:3.720e-04
🔘 Epoch 428 No Improvement (12/40) | Val conv@1=0.5933, conv@2=0.9922, conv@3=1.0000, conv@5=1.0000, residual@1=2.805831e-04, residual@2=3.994489e-05
     25 total:2.13945 | blocks:1 | L1_step:0.06404 (3.0%) | L2_step:0.00553 (0.3%) L2_final:0.00199 (0.1%) | L3_e3:2.06789 (96.7%) | final_max_PQ:7.332e-03
     50 total:0.98233 | blocks:3 | L1_step:0.03217 (3.3%) | L2_step:0.00267 (0.3%) L2_final:0.00114 (0.1%) | L3_e3:0.94636 (96.3%) | final_max_PQ:3.209e-04
🔘 Epoch 429 No Improvement (13/40) | Val conv@1=0.5958, conv@2=0.9935, conv@3=1.0000, conv@5=1.0000, residual@1=2.850965e-04, residual@2=4.432007e-05
     25 total:0.81256 | blocks:3 | L1_step:0.02577 (3.2%) | L2_step:0.00242 (0.3%) L2_final:0.00101 (0.1%) | L3_e3:0.78337 (96.4%) | final_max_PQ:2.844e-04
     50 total:0.87253 | blocks:3 | L1_step:0.03011 (3.5%) | L2_step:0.00239 (0.3%) L2_final:0.00105 (0.1%) | L3_e3:0.83898 (96.2%) | final_max_PQ:3.636e-04
🔘 Epoch 430 No Improvement (14/40) | Val conv@1=0.5970, conv@2=0.9940, conv@3=1.0000, conv@5=1.0000, residual@1=2.865857e-04, residual@2=4.541280e-05
     25 total:0.94895 | blocks:3 | L1_step:0.03450 (3.6%) | L2_step:0.00256 (0.3%) L2_final:0.00112 (0.1%) | L3_e3:0.91078 (96.0%) | final_max_PQ:3.516e-04
     50 total:0.78936 | blocks:3 | L1_step:0.02698 (3.4%) | L2_step:0.00251 (0.3%) L2_final:0.00099 (0.1%) | L3_e3:0.75888 (96.1%) | final_max_PQ:3.333e-04
🔘 Epoch 431 No Improvement (15/40) | Val conv@1=0.5992, conv@2=0.9945, conv@3=1.0000, conv@5=1.0000, residual@1=2.926642e-04, residual@2=4.431668e-05
     25 total:0.86614 | blocks:3 | L1_step:0.02805 (3.2%) | L2_step:0.00258 (0.3%) L2_final:0.00104 (0.1%) | L3_e3:0.83447 (96.3%) | final_max_PQ:2.714e-04
     50 total:1.03897 | blocks:2 | L1_step:0.03366 (3.2%) | L2_step:0.00306 (0.3%) L2_final:0.00116 (0.1%) | L3_e3:1.00110 (96.4%) | final_max_PQ:3.024e-04
🔘 Epoch 432 No Improvement (16/40) | Val conv@1=0.5992, conv@2=0.9942, conv@3=1.0000, conv@5=1.0000, residual@1=2.851766e-04, residual@2=4.346165e-05
     25 total:1.01668 | blocks:2 | L1_step:0.05484 (5.4%) | L2_step:0.00287 (0.3%) L2_final:0.00115 (0.1%) | L3_e3:0.95782 (94.2%) | final_max_PQ:1.313e-03
     50 total:1.17621 | blocks:2 | L1_step:0.04317 (3.7%) | L2_step:0.00339 (0.3%) L2_final:0.00126 (0.1%) | L3_e3:1.12840 (95.9%) | final_max_PQ:3.916e-04
🟩 Epoch 433 | Train loss = 1.1621 | Val conv@1=0.6090, conv@2=0.9962, conv@3=1.0000, conv@5=1.0000, residual@1=2.756631e-04, residual@2=3.258966e-05, residual@3=2.805410e-05, excess@2=0.0019, tail@2=3.151594e-04, score=3.777960 | LR: 3.1250e-05
     25 total:1.21133 | blocks:2 | L1_step:0.04054 (3.3%) | L2_step:0.00341 (0.3%) L2_final:0.00129 (0.1%) | L3_e3:1.16610 (96.3%) | final_max_PQ:6.561e-04
     50 total:1.09870 | blocks:2 | L1_step:0.04945 (4.5%) | L2_step:0.00310 (0.3%) L2_final:0.00120 (0.1%) | L3_e3:1.04496 (95.1%) | final_max_PQ:6.863e-04
🔘 Epoch 434 No Improvement (1/40) | Val conv@1=0.6072, conv@2=0.9958, conv@3=1.0000, conv@5=1.0000, residual@1=2.783570e-04, residual@2=4.191665e-05
     25 total:1.13092 | blocks:2 | L1_step:0.04770 (4.2%) | L2_step:0.00325 (0.3%) L2_final:0.00122 (0.1%) | L3_e3:1.07875 (95.4%) | final_max_PQ:3.415e-04
     50 total:1.23061 | blocks:2 | L1_step:0.04180 (3.4%) | L2_step:0.00318 (0.3%) L2_final:0.00132 (0.1%) | L3_e3:1.18431 (96.2%) | final_max_PQ:4.583e-04
🔘 Epoch 435 No Improvement (2/40) | Val conv@1=0.6078, conv@2=0.9960, conv@3=1.0000, conv@5=1.0000, residual@1=2.776705e-04, residual@2=3.321636e-05
     25 total:1.08430 | blocks:2 | L1_step:0.04510 (4.2%) | L2_step:0.00317 (0.3%) L2_final:0.00119 (0.1%) | L3_e3:1.03484 (95.4%) | final_max_PQ:3.811e-04
     50 total:1.04266 | blocks:2 | L1_step:0.03478 (3.3%) | L2_step:0.00304 (0.3%) L2_final:0.00116 (0.1%) | L3_e3:1.00368 (96.3%) | final_max_PQ:2.743e-04
🔘 Epoch 436 No Improvement (3/40) | Val conv@1=0.6002, conv@2=0.9932, conv@3=1.0000, conv@5=1.0000, residual@1=2.772348e-04, residual@2=3.832961e-05
     25 total:1.07790 | blocks:2 | L1_step:0.03295 (3.1%) | L2_step:0.00314 (0.3%) L2_final:0.00119 (0.1%) | L3_e3:1.04063 (96.5%) | final_max_PQ:4.569e-04
     50 total:0.77211 | blocks:3 | L1_step:0.02826 (3.7%) | L2_step:0.00239 (0.3%) L2_final:0.00097 (0.1%) | L3_e3:0.74048 (95.9%) | final_max_PQ:3.117e-04
🔘 Epoch 437 No Improvement (4/40) | Val conv@1=0.5980, conv@2=0.9915, conv@3=1.0000, conv@5=1.0000, residual@1=2.882069e-04, residual@2=5.400780e-05
     25 total:1.08285 | blocks:2 | L1_step:0.03666 (3.4%) | L2_step:0.00301 (0.3%) L2_final:0.00119 (0.1%) | L3_e3:1.04200 (96.2%) | final_max_PQ:3.657e-04
     50 total:1.11872 | blocks:2 | L1_step:0.04027 (3.6%) | L2_step:0.00324 (0.3%) L2_final:0.00122 (0.1%) | L3_e3:1.07399 (96.0%) | final_max_PQ:4.414e-04
🔘 Epoch 438 No Improvement (5/40) | Val conv@1=0.6068, conv@2=0.9970, conv@3=1.0000, conv@5=1.0000, residual@1=2.754650e-04, residual@2=3.471479e-05
     25 total:1.88470 | blocks:1 | L1_step:0.06017 (3.2%) | L2_step:0.00494 (0.3%) L2_final:0.00178 (0.1%) | L3_e3:1.81781 (96.5%) | final_max_PQ:6.487e-03
     50 total:1.11045 | blocks:2 | L1_step:0.03839 (3.5%) | L2_step:0.00322 (0.3%) L2_final:0.00121 (0.1%) | L3_e3:1.06762 (96.1%) | final_max_PQ:3.805e-04
🔘 Epoch 439 No Improvement (6/40) | Val conv@1=0.5933, conv@2=0.9702, conv@3=1.0000, conv@5=1.0000, residual@1=2.832505e-04, residual@2=5.359673e-05
     25 total:1.21066 | blocks:2 | L1_step:0.03721 (3.1%) | L2_step:0.00318 (0.3%) L2_final:0.00130 (0.1%) | L3_e3:1.16897 (96.6%) | final_max_PQ:4.351e-04
     50 total:0.81557 | blocks:3 | L1_step:0.02486 (3.0%) | L2_step:0.00254 (0.3%) L2_final:0.00101 (0.1%) | L3_e3:0.78716 (96.5%) | final_max_PQ:3.507e-04
🔘 Epoch 440 No Improvement (7/40) | Val conv@1=0.6040, conv@2=0.9940, conv@3=1.0000, conv@5=1.0000, residual@1=2.792892e-04, residual@2=4.553434e-05
     25 total:1.17380 | blocks:2 | L1_step:0.03621 (3.1%) | L2_step:0.00324 (0.3%) L2_final:0.00126 (0.1%) | L3_e3:1.13309 (96.5%) | final_max_PQ:3.446e-04
     50 total:1.08047 | blocks:2 | L1_step:0.02863 (2.6%) | L2_step:0.00318 (0.3%) L2_final:0.00119 (0.1%) | L3_e3:1.04747 (96.9%) | final_max_PQ:5.984e-04
🔘 Epoch 441 No Improvement (8/40) | Val conv@1=0.6095, conv@2=0.9948, conv@3=1.0000, conv@5=1.0000, residual@1=2.789402e-04, residual@2=3.444338e-05
     25 total:0.88594 | blocks:2 | L1_step:0.03411 (3.8%) | L2_step:0.00278 (0.3%) L2_final:0.00104 (0.1%) | L3_e3:0.84802 (95.7%) | final_max_PQ:3.406e-04
     50 total:0.83277 | blocks:3 | L1_step:0.03569 (4.3%) | L2_step:0.00252 (0.3%) L2_final:0.00101 (0.1%) | L3_e3:0.79355 (95.3%) | final_max_PQ:3.601e-04
🔘 Epoch 442 No Improvement (9/40) | Val conv@1=0.6028, conv@2=0.9960, conv@3=1.0000, conv@5=1.0000, residual@1=2.783543e-04, residual@2=3.881854e-05
     25 total:0.87699 | blocks:3 | L1_step:0.04261 (4.9%) | L2_step:0.00263 (0.3%) L2_final:0.00104 (0.1%) | L3_e3:0.83071 (94.7%) | final_max_PQ:3.856e-04
     50 total:1.06102 | blocks:2 | L1_step:0.04324 (4.1%) | L2_step:0.00296 (0.3%) L2_final:0.00117 (0.1%) | L3_e3:1.01365 (95.5%) | final_max_PQ:3.300e-04
🔘 Epoch 443 No Improvement (10/40) | Val conv@1=0.5998, conv@2=0.9948, conv@3=1.0000, conv@5=1.0000, residual@1=2.779052e-04, residual@2=4.198232e-05
     25 total:0.98785 | blocks:2 | L1_step:0.02961 (3.0%) | L2_step:0.00306 (0.3%) L2_final:0.00113 (0.1%) | L3_e3:0.95405 (96.6%) | final_max_PQ:3.666e-04
     50 total:1.09056 | blocks:2 | L1_step:0.03186 (2.9%) | L2_step:0.00339 (0.3%) L2_final:0.00120 (0.1%) | L3_e3:1.05410 (96.7%) | final_max_PQ:3.957e-04
🔘 Epoch 444 No Improvement (11/40) | Val conv@1=0.5962, conv@2=0.9972, conv@3=1.0000, conv@5=1.0000, residual@1=2.800215e-04, residual@2=4.014790e-05
     25 total:1.09694 | blocks:2 | L1_step:0.03630 (3.3%) | L2_step:0.00304 (0.3%) L2_final:0.00121 (0.1%) | L3_e3:1.05639 (96.3%) | final_max_PQ:3.336e-04
     50 total:1.11990 | blocks:2 | L1_step:0.05454 (4.9%) | L2_step:0.00321 (0.3%) L2_final:0.00120 (0.1%) | L3_e3:1.06095 (94.7%) | final_max_PQ:3.325e-04
🔘 Epoch 445 No Improvement (12/40) | Val conv@1=0.6005, conv@2=0.9902, conv@3=1.0000, conv@5=1.0000, residual@1=2.847546e-04, residual@2=5.429903e-05
     25 total:1.05838 | blocks:2 | L1_step:0.03382 (3.2%) | L2_step:0.00295 (0.3%) L2_final:0.00117 (0.1%) | L3_e3:1.02043 (96.4%) | final_max_PQ:3.553e-04
     50 total:0.85748 | blocks:3 | L1_step:0.04572 (5.3%) | L2_step:0.00257 (0.3%) L2_final:0.00103 (0.1%) | L3_e3:0.80817 (94.2%) | final_max_PQ:4.567e-04
🟩 Epoch 446 | Train loss = 1.1079 | Val conv@1=0.6098, conv@2=0.9962, conv@3=1.0000, conv@5=1.0000, residual@1=2.749961e-04, residual@2=3.594086e-05, residual@3=3.140032e-05, excess@2=0.0019, tail@2=3.262162e-04, score=3.778027 | LR: 3.1250e-05
     25 total:0.94827 | blocks:2 | L1_step:0.03071 (3.2%) | L2_step:0.00288 (0.3%) L2_final:0.00110 (0.1%) | L3_e3:0.91359 (96.3%) | final_max_PQ:3.352e-04
     50 total:0.76013 | blocks:3 | L1_step:0.03025 (4.0%) | L2_step:0.00237 (0.3%) L2_final:0.00096 (0.1%) | L3_e3:0.72655 (95.6%) | final_max_PQ:3.256e-04
🔘 Epoch 447 No Improvement (1/40) | Val conv@1=0.6005, conv@2=0.9925, conv@3=1.0000, conv@5=1.0000, residual@1=2.785472e-04, residual@2=4.372512e-05
     25 total:1.16013 | blocks:2 | L1_step:0.06170 (5.3%) | L2_step:0.00329 (0.3%) L2_final:0.00124 (0.1%) | L3_e3:1.09390 (94.3%) | final_max_PQ:6.782e-04
     50 total:0.76158 | blocks:3 | L1_step:0.02689 (3.5%) | L2_step:0.00244 (0.3%) L2_final:0.00096 (0.1%) | L3_e3:0.73130 (96.0%) | final_max_PQ:2.957e-04
🔘 Epoch 448 No Improvement (2/40) | Val conv@1=0.5975, conv@2=0.9888, conv@3=1.0000, conv@5=1.0000, residual@1=2.884858e-04, residual@2=5.563471e-05
     25 total:0.77290 | blocks:3 | L1_step:0.02430 (3.1%) | L2_step:0.00234 (0.3%) L2_final:0.00097 (0.1%) | L3_e3:0.74529 (96.4%) | final_max_PQ:2.869e-04
     50 total:2.35019 | blocks:1 | L1_step:0.05961 (2.5%) | L2_step:0.00603 (0.3%) L2_final:0.00216 (0.1%) | L3_e3:2.28239 (97.1%) | final_max_PQ:1.141e-02
🔘 Epoch 449 No Improvement (3/40) | Val conv@1=0.6012, conv@2=0.9918, conv@3=1.0000, conv@5=1.0000, residual@1=2.776293e-04, residual@2=4.095576e-05
     25 total:1.01606 | blocks:2 | L1_step:0.03202 (3.2%) | L2_step:0.00297 (0.3%) L2_final:0.00114 (0.1%) | L3_e3:0.97993 (96.4%) | final_max_PQ:3.209e-04
     50 total:1.06332 | blocks:2 | L1_step:0.03525 (3.3%) | L2_step:0.00311 (0.3%) L2_final:0.00118 (0.1%) | L3_e3:1.02378 (96.3%) | final_max_PQ:3.681e-04
🔘 Epoch 450 No Improvement (4/40) | Val conv@1=0.6045, conv@2=0.9960, conv@3=1.0000, conv@5=1.0000, residual@1=2.786565e-04, residual@2=3.298642e-05
     25 total:1.13303 | blocks:2 | L1_step:0.03928 (3.5%) | L2_step:0.00317 (0.3%) L2_final:0.00125 (0.1%) | L3_e3:1.08934 (96.1%) | final_max_PQ:6.163e-04
     50 total:1.01079 | blocks:2 | L1_step:0.03507 (3.5%) | L2_step:0.00298 (0.3%) L2_final:0.00114 (0.1%) | L3_e3:0.97161 (96.1%) | final_max_PQ:3.807e-04
🔘 Epoch 451 No Improvement (5/40) | Val conv@1=0.6055, conv@2=0.9942, conv@3=1.0000, conv@5=1.0000, residual@1=2.766103e-04, residual@2=4.071898e-05
     25 total:0.84116 | blocks:3 | L1_step:0.02649 (3.1%) | L2_step:0.00254 (0.3%) L2_final:0.00103 (0.1%) | L3_e3:0.81111 (96.4%) | final_max_PQ:3.072e-04
     50 total:1.06112 | blocks:2 | L1_step:0.03354 (3.2%) | L2_step:0.00306 (0.3%) L2_final:0.00119 (0.1%) | L3_e3:1.02334 (96.4%) | final_max_PQ:3.912e-04
🔘 Epoch 452 No Improvement (6/40) | Val conv@1=0.6068, conv@2=0.9962, conv@3=1.0000, conv@5=1.0000, residual@1=2.739265e-04, residual@2=3.689634e-05
     25 total:0.91066 | blocks:2 | L1_step:0.03182 (3.5%) | L2_step:0.00274 (0.3%) L2_final:0.00106 (0.1%) | L3_e3:0.87504 (96.1%) | final_max_PQ:3.809e-04
     50 total:0.89441 | blocks:3 | L1_step:0.02645 (3.0%) | L2_step:0.00271 (0.3%) L2_final:0.00106 (0.1%) | L3_e3:0.86419 (96.6%) | final_max_PQ:2.961e-04
🔘 Epoch 453 No Improvement (7/40) | Val conv@1=0.6068, conv@2=0.9952, conv@3=1.0000, conv@5=1.0000, residual@1=2.797148e-04, residual@2=4.567820e-05
     25 total:1.08045 | blocks:2 | L1_step:0.04036 (3.7%) | L2_step:0.00305 (0.3%) L2_final:0.00119 (0.1%) | L3_e3:1.03585 (95.9%) | final_max_PQ:4.077e-04
     50 total:0.74835 | blocks:3 | L1_step:0.02770 (3.7%) | L2_step:0.00241 (0.3%) L2_final:0.00095 (0.1%) | L3_e3:0.71729 (95.8%) | final_max_PQ:3.042e-04
🔘 Epoch 454 No Improvement (8/40) | Val conv@1=0.6022, conv@2=0.9905, conv@3=1.0000, conv@5=0.9998, residual@1=2.799721e-04, residual@2=5.254896e-05
     25 total:1.07884 | blocks:2 | L1_step:0.03448 (3.2%) | L2_step:0.00298 (0.3%) L2_final:0.00118 (0.1%) | L3_e3:1.04020 (96.4%) | final_max_PQ:4.655e-04
     50 total:1.07000 | blocks:2 | L1_step:0.02972 (2.8%) | L2_step:0.00314 (0.3%) L2_final:0.00118 (0.1%) | L3_e3:1.03597 (96.8%) | final_max_PQ:4.316e-04
🔘 Epoch 455 No Improvement (9/40) | Val conv@1=0.6010, conv@2=0.9930, conv@3=1.0000, conv@5=1.0000, residual@1=2.816373e-04, residual@2=4.728079e-05
     25 total:0.99005 | blocks:2 | L1_step:0.04672 (4.7%) | L2_step:0.00291 (0.3%) L2_final:0.00111 (0.1%) | L3_e3:0.93930 (94.9%) | final_max_PQ:5.015e-04
     50 total:1.06289 | blocks:2 | L1_step:0.03295 (3.1%) | L2_step:0.00306 (0.3%) L2_final:0.00118 (0.1%) | L3_e3:1.02569 (96.5%) | final_max_PQ:3.071e-04
🔘 Epoch 456 No Improvement (10/40) | Val conv@1=0.5958, conv@2=0.9952, conv@3=1.0000, conv@5=1.0000, residual@1=2.840740e-04, residual@2=4.137266e-05
     25 total:1.24769 | blocks:2 | L1_step:0.03605 (2.9%) | L2_step:0.00338 (0.3%) L2_final:0.00132 (0.1%) | L3_e3:1.20694 (96.7%) | final_max_PQ:3.427e-04
     50 total:0.98312 | blocks:2 | L1_step:0.03107 (3.2%) | L2_step:0.00291 (0.3%) L2_final:0.00111 (0.1%) | L3_e3:0.94803 (96.4%) | final_max_PQ:4.084e-04
🔘 Epoch 457 No Improvement (11/40) | Val conv@1=0.6040, conv@2=0.9955, conv@3=1.0000, conv@5=1.0000, residual@1=2.770183e-04, residual@2=4.218691e-05
     25 total:0.85819 | blocks:2 | L1_step:0.02974 (3.5%) | L2_step:0.00282 (0.3%) L2_final:0.00102 (0.1%) | L3_e3:0.82461 (96.1%) | final_max_PQ:3.168e-04
     50 total:1.33139 | blocks:2 | L1_step:0.03387 (2.5%) | L2_step:0.00371 (0.3%) L2_final:0.00140 (0.1%) | L3_e3:1.29242 (97.1%) | final_max_PQ:3.639e-04
🔘 Epoch 458 No Improvement (12/40) | Val conv@1=0.6048, conv@2=0.9930, conv@3=1.0000, conv@5=1.0000, residual@1=2.762965e-04, residual@2=4.182549e-05
     25 total:0.74781 | blocks:3 | L1_step:0.02240 (3.0%) | L2_step:0.00230 (0.3%) L2_final:0.00095 (0.1%) | L3_e3:0.72216 (96.6%) | final_max_PQ:2.680e-04
     50 total:1.05443 | blocks:2 | L1_step:0.03957 (3.8%) | L2_step:0.00300 (0.3%) L2_final:0.00117 (0.1%) | L3_e3:1.01068 (95.9%) | final_max_PQ:3.179e-04
🔘 Epoch 459 No Improvement (13/40) | Val conv@1=0.6048, conv@2=0.9948, conv@3=1.0000, conv@5=1.0000, residual@1=2.751739e-04, residual@2=3.149892e-05
     25 total:0.95510 | blocks:2 | L1_step:0.03103 (3.2%) | L2_step:0.00297 (0.3%) L2_final:0.00109 (0.1%) | L3_e3:0.92002 (96.3%) | final_max_PQ:3.004e-04
     50 total:1.03474 | blocks:2 | L1_step:0.03194 (3.1%) | L2_step:0.00333 (0.3%) L2_final:0.00115 (0.1%) | L3_e3:0.99832 (96.5%) | final_max_PQ:3.491e-04
🔘 Epoch 460 No Improvement (14/40) | Val conv@1=0.6075, conv@2=0.9952, conv@3=1.0000, conv@5=1.0000, residual@1=2.780503e-04, residual@2=4.431324e-05
     25 total:1.20835 | blocks:2 | L1_step:0.03518 (2.9%) | L2_step:0.00326 (0.3%) L2_final:0.00129 (0.1%) | L3_e3:1.16862 (96.7%) | final_max_PQ:3.992e-04
     50 total:1.08917 | blocks:2 | L1_step:0.03286 (3.0%) | L2_step:0.00315 (0.3%) L2_final:0.00120 (0.1%) | L3_e3:1.05196 (96.6%) | final_max_PQ:3.532e-04
🟩 Epoch 461 | Train loss = 1.0968 | Val conv@1=0.6092, conv@2=0.9968, conv@3=1.0000, conv@5=1.0000, residual@1=2.712268e-04, residual@2=3.245745e-05, residual@3=2.868587e-05, excess@2=0.0016, tail@2=3.223121e-04, score=3.778866 | LR: 3.1250e-05
     25 total:1.08597 | blocks:2 | L1_step:0.03895 (3.6%) | L2_step:0.00283 (0.3%) L2_final:0.00119 (0.1%) | L3_e3:1.04300 (96.0%) | final_max_PQ:4.024e-04
     50 total:0.63423 | blocks:3 | L1_step:0.02604 (4.1%) | L2_step:0.00225 (0.4%) L2_final:0.00086 (0.1%) | L3_e3:0.60508 (95.4%) | final_max_PQ:3.026e-04
🔘 Epoch 462 No Improvement (1/40) | Val conv@1=0.5917, conv@2=0.9960, conv@3=1.0000, conv@5=1.0000, residual@1=2.797467e-04, residual@2=4.042626e-05
     25 total:1.03135 | blocks:2 | L1_step:0.03983 (3.9%) | L2_step:0.00295 (0.3%) L2_final:0.00115 (0.1%) | L3_e3:0.98743 (95.7%) | final_max_PQ:2.887e-04
     50 total:1.15292 | blocks:2 | L1_step:0.04587 (4.0%) | L2_step:0.00310 (0.3%) L2_final:0.00124 (0.1%) | L3_e3:1.10272 (95.6%) | final_max_PQ:3.637e-04
🔘 Epoch 463 No Improvement (2/40) | Val conv@1=0.5870, conv@2=0.9942, conv@3=1.0000, conv@5=1.0000, residual@1=2.856104e-04, residual@2=5.255352e-05
     25 total:1.05298 | blocks:2 | L1_step:0.03181 (3.0%) | L2_step:0.00345 (0.3%) L2_final:0.00116 (0.1%) | L3_e3:1.01656 (96.5%) | final_max_PQ:4.200e-04
     50 total:1.79315 | blocks:1 | L1_step:0.05716 (3.2%) | L2_step:0.00520 (0.3%) L2_final:0.00173 (0.1%) | L3_e3:1.72907 (96.4%) | final_max_PQ:9.665e-03
🔘 Epoch 464 No Improvement (3/40) | Val conv@1=0.6105, conv@2=0.9965, conv@3=1.0000, conv@5=1.0000, residual@1=2.729341e-04, residual@2=3.429808e-05
     25 total:1.06439 | blocks:2 | L1_step:0.03289 (3.1%) | L2_step:0.00291 (0.3%) L2_final:0.00118 (0.1%) | L3_e3:1.02740 (96.5%) | final_max_PQ:4.409e-04
     50 total:1.87348 | blocks:1 | L1_step:0.05997 (3.2%) | L2_step:0.00473 (0.3%) L2_final:0.00179 (0.1%) | L3_e3:1.80699 (96.5%) | final_max_PQ:5.976e-03
🔘 Epoch 465 No Improvement (4/40) | Val conv@1=0.6035, conv@2=0.9952, conv@3=1.0000, conv@5=1.0000, residual@1=2.736773e-04, residual@2=4.160714e-05
     25 total:0.89995 | blocks:3 | L1_step:0.02559 (2.8%) | L2_step:0.00275 (0.3%) L2_final:0.00106 (0.1%) | L3_e3:0.87054 (96.7%) | final_max_PQ:3.626e-04
     50 total:0.76079 | blocks:3 | L1_step:0.02863 (3.8%) | L2_step:0.00213 (0.3%) L2_final:0.00097 (0.1%) | L3_e3:0.72907 (95.8%) | final_max_PQ:3.316e-04
🔘 Epoch 466 No Improvement (5/40) | Val conv@1=0.5915, conv@2=0.9882, conv@3=1.0000, conv@5=1.0000, residual@1=2.795619e-04, residual@2=5.259672e-05
     25 total:1.82942 | blocks:1 | L1_step:0.06343 (3.5%) | L2_step:0.00471 (0.3%) L2_final:0.00174 (0.1%) | L3_e3:1.75955 (96.2%) | final_max_PQ:6.171e-03
     50 total:1.13540 | blocks:2 | L1_step:0.03440 (3.0%) | L2_step:0.00325 (0.3%) L2_final:0.00124 (0.1%) | L3_e3:1.09650 (96.6%) | final_max_PQ:3.206e-04
🔘 Epoch 467 No Improvement (6/40) | Val conv@1=0.6070, conv@2=0.9930, conv@3=1.0000, conv@5=1.0000, residual@1=2.740295e-04, residual@2=3.615896e-05
     25 total:1.22278 | blocks:2 | L1_step:0.03681 (3.0%) | L2_step:0.00351 (0.3%) L2_final:0.00132 (0.1%) | L3_e3:1.18115 (96.6%) | final_max_PQ:3.776e-04
     50 total:1.23338 | blocks:2 | L1_step:0.03677 (3.0%) | L2_step:0.00319 (0.3%) L2_final:0.00131 (0.1%) | L3_e3:1.19212 (96.7%) | final_max_PQ:3.577e-04
🔘 Epoch 468 No Improvement (7/40) | Val conv@1=0.6028, conv@2=0.9965, conv@3=1.0000, conv@5=1.0000, residual@1=2.740902e-04, residual@2=3.666261e-05
     25 total:0.94863 | blocks:3 | L1_step:0.03137 (3.3%) | L2_step:0.00250 (0.3%) L2_final:0.00112 (0.1%) | L3_e3:0.91364 (96.3%) | final_max_PQ:2.980e-04
     50 total:0.90027 | blocks:2 | L1_step:0.03222 (3.6%) | L2_step:0.00290 (0.3%) L2_final:0.00104 (0.1%) | L3_e3:0.86411 (96.0%) | final_max_PQ:4.072e-04
🔘 Epoch 469 No Improvement (8/40) | Val conv@1=0.5978, conv@2=0.9910, conv@3=1.0000, conv@5=1.0000, residual@1=2.740590e-04, residual@2=3.914861e-05
     25 total:0.76600 | blocks:3 | L1_step:0.04627 (6.0%) | L2_step:0.00244 (0.3%) L2_final:0.00095 (0.1%) | L3_e3:0.71633 (93.5%) | final_max_PQ:5.413e-04
     50 total:1.04386 | blocks:2 | L1_step:0.03941 (3.8%) | L2_step:0.00318 (0.3%) L2_final:0.00115 (0.1%) | L3_e3:1.00013 (95.8%) | final_max_PQ:4.915e-04
🔘 Epoch 470 No Improvement (9/40) | Val conv@1=0.6072, conv@2=0.9970, conv@3=1.0000, conv@5=1.0000, residual@1=2.734854e-04, residual@2=3.733006e-05
     25 total:1.15087 | blocks:2 | L1_step:0.03204 (2.8%) | L2_step:0.00327 (0.3%) L2_final:0.00125 (0.1%) | L3_e3:1.11431 (96.8%) | final_max_PQ:3.857e-04
     50 total:1.07171 | blocks:2 | L1_step:0.02884 (2.7%) | L2_step:0.00320 (0.3%) L2_final:0.00120 (0.1%) | L3_e3:1.03847 (96.9%) | final_max_PQ:3.373e-04
🔘 Epoch 471 No Improvement (10/40) | Val conv@1=0.6075, conv@2=0.9960, conv@3=1.0000, conv@5=1.0000, residual@1=2.700799e-04, residual@2=3.445775e-05
     25 total:1.10809 | blocks:2 | L1_step:0.03334 (3.0%) | L2_step:0.00305 (0.3%) L2_final:0.00122 (0.1%) | L3_e3:1.07049 (96.6%) | final_max_PQ:3.466e-04
     50 total:0.98278 | blocks:2 | L1_step:0.03268 (3.3%) | L2_step:0.00291 (0.3%) L2_final:0.00111 (0.1%) | L3_e3:0.94607 (96.3%) | final_max_PQ:2.886e-04
🔘 Epoch 472 No Improvement (11/40) | Val conv@1=0.6100, conv@2=0.9968, conv@3=1.0000, conv@5=1.0000, residual@1=2.729213e-04, residual@2=4.085213e-05
     25 total:1.15640 | blocks:2 | L1_step:0.03409 (2.9%) | L2_step:0.00353 (0.3%) L2_final:0.00125 (0.1%) | L3_e3:1.11753 (96.6%) | final_max_PQ:3.380e-04
     50 total:0.77910 | blocks:3 | L1_step:0.02495 (3.2%) | L2_step:0.00250 (0.3%) L2_final:0.00097 (0.1%) | L3_e3:0.75068 (96.4%) | final_max_PQ:3.220e-04
🔘 Epoch 473 No Improvement (12/40) | Val conv@1=0.5990, conv@2=0.9952, conv@3=1.0000, conv@5=1.0000, residual@1=2.743721e-04, residual@2=3.929139e-05
     25 total:0.90983 | blocks:3 | L1_step:0.02830 (3.1%) | L2_step:0.00280 (0.3%) L2_final:0.00107 (0.1%) | L3_e3:0.87766 (96.5%) | final_max_PQ:3.329e-04
     50 total:0.87983 | blocks:3 | L1_step:0.03899 (4.4%) | L2_step:0.00261 (0.3%) L2_final:0.00105 (0.1%) | L3_e3:0.83718 (95.2%) | final_max_PQ:3.105e-04
🔘 Epoch 474 No Improvement (13/40) | Val conv@1=0.6030, conv@2=0.9940, conv@3=1.0000, conv@5=1.0000, residual@1=2.775370e-04, residual@2=4.888847e-05
     25 total:2.14872 | blocks:1 | L1_step:0.06453 (3.0%) | L2_step:0.00562 (0.3%) L2_final:0.00202 (0.1%) | L3_e3:2.07654 (96.6%) | final_max_PQ:8.463e-03
     50 total:1.00316 | blocks:2 | L1_step:0.03076 (3.1%) | L2_step:0.00291 (0.3%) L2_final:0.00114 (0.1%) | L3_e3:0.96836 (96.5%) | final_max_PQ:3.858e-04
🔘 Epoch 475 No Improvement (14/40) | Val conv@1=0.5857, conv@2=0.9895, conv@3=1.0000, conv@5=1.0000, residual@1=2.772237e-04, residual@2=4.470687e-05
     25 total:0.99622 | blocks:2 | L1_step:0.03700 (3.7%) | L2_step:0.00304 (0.3%) L2_final:0.00113 (0.1%) | L3_e3:0.95505 (95.9%) | final_max_PQ:3.742e-04
     50 total:0.75813 | blocks:3 | L1_step:0.03269 (4.3%) | L2_step:0.00257 (0.3%) L2_final:0.00095 (0.1%) | L3_e3:0.72192 (95.2%) | final_max_PQ:3.579e-04
🔘 Epoch 476 No Improvement (15/40) | Val conv@1=0.6038, conv@2=0.9952, conv@3=1.0000, conv@5=1.0000, residual@1=2.798843e-04, residual@2=3.766730e-05
     25 total:1.06491 | blocks:2 | L1_step:0.03691 (3.5%) | L2_step:0.00322 (0.3%) L2_final:0.00117 (0.1%) | L3_e3:1.02361 (96.1%) | final_max_PQ:3.605e-04
     50 total:1.13364 | blocks:2 | L1_step:0.05287 (4.7%) | L2_step:0.00323 (0.3%) L2_final:0.00122 (0.1%) | L3_e3:1.07632 (94.9%) | final_max_PQ:4.827e-04
🔘 Epoch 477 No Improvement (16/40) | Val conv@1=0.6028, conv@2=0.9968, conv@3=1.0000, conv@5=1.0000, residual@1=2.726732e-04, residual@2=3.871913e-05
     25 total:0.84342 | blocks:3 | L1_step:0.02715 (3.2%) | L2_step:0.00244 (0.3%) L2_final:0.00104 (0.1%) | L3_e3:0.81279 (96.4%) | final_max_PQ:5.012e-04
     50 total:1.83814 | blocks:1 | L1_step:0.06037 (3.3%) | L2_step:0.00518 (0.3%) L2_final:0.00175 (0.1%) | L3_e3:1.77083 (96.3%) | final_max_PQ:6.447e-03
🔘 Epoch 478 No Improvement (17/40) | Val conv@1=0.6090, conv@2=0.9968, conv@3=1.0000, conv@5=1.0000, residual@1=2.727309e-04, residual@2=3.671186e-05
     25 total:1.02424 | blocks:2 | L1_step:0.03473 (3.4%) | L2_step:0.00294 (0.3%) L2_final:0.00116 (0.1%) | L3_e3:0.98541 (96.2%) | final_max_PQ:4.575e-04
     50 total:1.24009 | blocks:2 | L1_step:0.03439 (2.8%) | L2_step:0.00338 (0.3%) L2_final:0.00132 (0.1%) | L3_e3:1.20101 (96.8%) | final_max_PQ:3.878e-04
🔘 Epoch 479 No Improvement (18/40) | Val conv@1=0.6062, conv@2=0.9945, conv@3=1.0000, conv@5=1.0000, residual@1=2.729882e-04, residual@2=3.965649e-05
     25 total:1.13260 | blocks:2 | L1_step:0.03766 (3.3%) | L2_step:0.00329 (0.3%) L2_final:0.00123 (0.1%) | L3_e3:1.09042 (96.3%) | final_max_PQ:3.372e-04
     50 total:0.75417 | blocks:3 | L1_step:0.02859 (3.8%) | L2_step:0.00246 (0.3%) L2_final:0.00095 (0.1%) | L3_e3:0.72216 (95.8%) | final_max_PQ:3.678e-04
🟩 Epoch 480 | Train loss = 1.0953 | Val conv@1=0.6135, conv@2=0.9962, conv@3=1.0000, conv@5=1.0000, residual@1=2.698294e-04, residual@2=3.668983e-05, residual@3=3.269526e-05, excess@2=0.0019, tail@2=3.180205e-04, score=3.782301 | LR: 3.1250e-05
     25 total:1.10713 | blocks:2 | L1_step:0.03385 (3.1%) | L2_step:0.00315 (0.3%) L2_final:0.00122 (0.1%) | L3_e3:1.06891 (96.5%) | final_max_PQ:3.327e-04
     50 total:1.04657 | blocks:2 | L1_step:0.02962 (2.8%) | L2_step:0.00298 (0.3%) L2_final:0.00117 (0.1%) | L3_e3:1.01280 (96.8%) | final_max_PQ:3.102e-04
🔘 Epoch 481 No Improvement (1/40) | Val conv@1=0.5995, conv@2=0.9958, conv@3=1.0000, conv@5=1.0000, residual@1=2.782938e-04, residual@2=4.117312e-05
     25 total:1.07762 | blocks:2 | L1_step:0.03397 (3.2%) | L2_step:0.00316 (0.3%) L2_final:0.00118 (0.1%) | L3_e3:1.03930 (96.4%) | final_max_PQ:3.716e-04
     50 total:1.15117 | blocks:2 | L1_step:0.03640 (3.2%) | L2_step:0.00330 (0.3%) L2_final:0.00125 (0.1%) | L3_e3:1.11022 (96.4%) | final_max_PQ:3.612e-04
🔘 Epoch 482 No Improvement (2/40) | Val conv@1=0.6032, conv@2=0.9945, conv@3=1.0000, conv@5=1.0000, residual@1=2.731280e-04, residual@2=4.416072e-05
     25 total:0.74262 | blocks:3 | L1_step:0.02187 (2.9%) | L2_step:0.00225 (0.3%) L2_final:0.00095 (0.1%) | L3_e3:0.71754 (96.6%) | final_max_PQ:2.667e-04
     50 total:1.02306 | blocks:2 | L1_step:0.03200 (3.1%) | L2_step:0.00309 (0.3%) L2_final:0.00115 (0.1%) | L3_e3:0.98682 (96.5%) | final_max_PQ:5.019e-04
🔘 Epoch 483 No Improvement (3/40) | Val conv@1=0.6048, conv@2=0.9938, conv@3=1.0000, conv@5=1.0000, residual@1=2.827904e-04, residual@2=4.213929e-05
     25 total:1.02133 | blocks:2 | L1_step:0.03841 (3.8%) | L2_step:0.00297 (0.3%) L2_final:0.00114 (0.1%) | L3_e3:0.97880 (95.8%) | final_max_PQ:4.282e-04
     50 total:0.96033 | blocks:2 | L1_step:0.03226 (3.4%) | L2_step:0.00311 (0.3%) L2_final:0.00109 (0.1%) | L3_e3:0.92386 (96.2%) | final_max_PQ:3.893e-04
🔘 Epoch 484 No Improvement (4/40) | Val conv@1=0.5995, conv@2=0.9940, conv@3=1.0000, conv@5=1.0000, residual@1=2.739943e-04, residual@2=4.654606e-05
     25 total:2.04756 | blocks:1 | L1_step:0.05698 (2.8%) | L2_step:0.00560 (0.3%) L2_final:0.00189 (0.1%) | L3_e3:1.98309 (96.9%) | final_max_PQ:6.063e-03
     50 total:1.27163 | blocks:2 | L1_step:0.04251 (3.3%) | L2_step:0.00379 (0.3%) L2_final:0.00133 (0.1%) | L3_e3:1.22399 (96.3%) | final_max_PQ:3.496e-04
🔘 Epoch 485 No Improvement (5/40) | Val conv@1=0.6040, conv@2=0.9955, conv@3=1.0000, conv@5=1.0000, residual@1=2.702369e-04, residual@2=3.899918e-05
     25 total:1.26507 | blocks:2 | L1_step:0.03413 (2.7%) | L2_step:0.00356 (0.3%) L2_final:0.00134 (0.1%) | L3_e3:1.22604 (96.9%) | final_max_PQ:3.535e-04
     50 total:1.13074 | blocks:2 | L1_step:0.04769 (4.2%) | L2_step:0.00322 (0.3%) L2_final:0.00123 (0.1%) | L3_e3:1.07860 (95.4%) | final_max_PQ:1.226e-03
🔘 Epoch 486 No Improvement (6/40) | Val conv@1=0.6085, conv@2=0.9960, conv@3=1.0000, conv@5=1.0000, residual@1=2.670648e-04, residual@2=3.679165e-05
     25 total:1.10883 | blocks:2 | L1_step:0.03336 (3.0%) | L2_step:0.00323 (0.3%) L2_final:0.00122 (0.1%) | L3_e3:1.07102 (96.6%) | final_max_PQ:3.302e-04
     50 total:1.13474 | blocks:2 | L1_step:0.03088 (2.7%) | L2_step:0.00348 (0.3%) L2_final:0.00124 (0.1%) | L3_e3:1.09914 (96.9%) | final_max_PQ:4.278e-04
🔘 Epoch 487 No Improvement (7/40) | Val conv@1=0.6135, conv@2=0.9960, conv@3=1.0000, conv@5=1.0000, residual@1=2.688513e-04, residual@2=4.053918e-05
     25 total:1.28296 | blocks:2 | L1_step:0.03603 (2.8%) | L2_step:0.00367 (0.3%) L2_final:0.00136 (0.1%) | L3_e3:1.24190 (96.8%) | final_max_PQ:3.312e-04
     50 total:0.96041 | blocks:2 | L1_step:0.03083 (3.2%) | L2_step:0.00312 (0.3%) L2_final:0.00111 (0.1%) | L3_e3:0.92535 (96.3%) | final_max_PQ:3.638e-04
🔘 Epoch 488 No Improvement (8/40) | Val conv@1=0.6072, conv@2=0.9960, conv@3=1.0000, conv@5=1.0000, residual@1=2.730289e-04, residual@2=4.184996e-05
     25 total:1.12926 | blocks:2 | L1_step:0.05643 (5.0%) | L2_step:0.00320 (0.3%) L2_final:0.00122 (0.1%) | L3_e3:1.06841 (94.6%) | final_max_PQ:7.089e-04
     50 total:0.92531 | blocks:2 | L1_step:0.02896 (3.1%) | L2_step:0.00295 (0.3%) L2_final:0.00107 (0.1%) | L3_e3:0.89232 (96.4%) | final_max_PQ:3.185e-04
🔘 Epoch 489 No Improvement (9/40) | Val conv@1=0.6082, conv@2=0.9955, conv@3=1.0000, conv@5=1.0000, residual@1=2.703503e-04, residual@2=3.817697e-05
     25 total:1.11349 | blocks:2 | L1_step:0.03260 (2.9%) | L2_step:0.00326 (0.3%) L2_final:0.00122 (0.1%) | L3_e3:1.07641 (96.7%) | final_max_PQ:3.303e-04
     50 total:1.10803 | blocks:2 | L1_step:0.03509 (3.2%) | L2_step:0.00313 (0.3%) L2_final:0.00122 (0.1%) | L3_e3:1.06859 (96.4%) | final_max_PQ:4.962e-04
🟩 Epoch 490 | Train loss = 1.0903 | Val conv@1=0.6100, conv@2=0.9960, conv@3=1.0000, conv@5=1.0000, residual@1=2.691876e-04, residual@2=3.702657e-05, residual@3=3.268817e-05, excess@2=0.0015, tail@2=2.483130e-04, score=3.783352 | LR: 3.1250e-05
     25 total:1.18727 | blocks:2 | L1_step:0.04191 (3.5%) | L2_step:0.00328 (0.3%) L2_final:0.00129 (0.1%) | L3_e3:1.14078 (96.1%) | final_max_PQ:6.694e-04
     50 total:1.03094 | blocks:2 | L1_step:0.03537 (3.4%) | L2_step:0.00311 (0.3%) L2_final:0.00117 (0.1%) | L3_e3:0.99130 (96.2%) | final_max_PQ:7.714e-04
🔘 Epoch 491 No Improvement (1/40) | Val conv@1=0.6025, conv@2=0.9952, conv@3=1.0000, conv@5=1.0000, residual@1=2.713214e-04, residual@2=4.050310e-05
     25 total:0.76087 | blocks:3 | L1_step:0.02211 (2.9%) | L2_step:0.00253 (0.3%) L2_final:0.00096 (0.1%) | L3_e3:0.73527 (96.6%) | final_max_PQ:3.878e-04
     50 total:0.81169 | blocks:3 | L1_step:0.02649 (3.3%) | L2_step:0.00264 (0.3%) L2_final:0.00101 (0.1%) | L3_e3:0.78156 (96.3%) | final_max_PQ:3.453e-04
🔘 Epoch 492 No Improvement (2/40) | Val conv@1=0.6090, conv@2=0.9932, conv@3=1.0000, conv@5=1.0000, residual@1=2.683243e-04, residual@2=3.746801e-05
     25 total:0.86149 | blocks:3 | L1_step:0.02919 (3.4%) | L2_step:0.00262 (0.3%) L2_final:0.00104 (0.1%) | L3_e3:0.82865 (96.2%) | final_max_PQ:2.883e-04
     50 total:0.76803 | blocks:3 | L1_step:0.02258 (2.9%) | L2_step:0.00249 (0.3%) L2_final:0.00097 (0.1%) | L3_e3:0.74199 (96.6%) | final_max_PQ:4.987e-04
🔘 Epoch 493 No Improvement (3/40) | Val conv@1=0.6098, conv@2=0.9950, conv@3=1.0000, conv@5=1.0000, residual@1=2.692530e-04, residual@2=3.412924e-05
     25 total:0.92674 | blocks:2 | L1_step:0.02779 (3.0%) | L2_step:0.00284 (0.3%) L2_final:0.00107 (0.1%) | L3_e3:0.89504 (96.6%) | final_max_PQ:2.699e-04
     50 total:0.81309 | blocks:3 | L1_step:0.02932 (3.6%) | L2_step:0.00251 (0.3%) L2_final:0.00100 (0.1%) | L3_e3:0.78027 (96.0%) | final_max_PQ:3.345e-04
🔘 Epoch 494 No Improvement (4/40) | Val conv@1=0.6152, conv@2=0.9945, conv@3=1.0000, conv@5=1.0000, residual@1=2.677636e-04, residual@2=3.906521e-05
     25 total:0.86970 | blocks:3 | L1_step:0.02809 (3.2%) | L2_step:0.00253 (0.3%) L2_final:0.00105 (0.1%) | L3_e3:0.83804 (96.4%) | final_max_PQ:5.130e-04
     50 total:0.92029 | blocks:2 | L1_step:0.03040 (3.3%) | L2_step:0.00289 (0.3%) L2_final:0.00106 (0.1%) | L3_e3:0.88594 (96.3%) | final_max_PQ:3.288e-04
🔘 Epoch 495 No Improvement (5/40) | Val conv@1=0.6038, conv@2=0.9938, conv@3=1.0000, conv@5=1.0000, residual@1=2.742064e-04, residual@2=5.330363e-05
     25 total:1.13719 | blocks:2 | L1_step:0.03743 (3.3%) | L2_step:0.00325 (0.3%) L2_final:0.00123 (0.1%) | L3_e3:1.09528 (96.3%) | final_max_PQ:3.340e-04
     50 total:1.05838 | blocks:2 | L1_step:0.03045 (2.9%) | L2_step:0.00309 (0.3%) L2_final:0.00119 (0.1%) | L3_e3:1.02366 (96.7%) | final_max_PQ:3.438e-04
🟩 Epoch 496 | Train loss = 1.0207 | Val conv@1=0.6120, conv@2=0.9960, conv@3=1.0000, conv@5=1.0000, residual@1=2.695614e-04, residual@2=3.955236e-05, residual@3=3.767516e-05, excess@2=0.0014, tail@2=2.661645e-04, score=3.784003 | LR: 3.1250e-05
     25 total:1.08366 | blocks:2 | L1_step:0.03327 (3.1%) | L2_step:0.00317 (0.3%) L2_final:0.00119 (0.1%) | L3_e3:1.04603 (96.5%) | final_max_PQ:3.436e-04
     50 total:1.08614 | blocks:2 | L1_step:0.03127 (2.9%) | L2_step:0.00331 (0.3%) L2_final:0.00120 (0.1%) | L3_e3:1.05037 (96.7%) | final_max_PQ:3.063e-04
🔘 Epoch 497 No Improvement (1/40) | Val conv@1=0.5945, conv@2=0.9888, conv@3=1.0000, conv@5=1.0000, residual@1=2.786105e-04, residual@2=4.546924e-05
     25 total:1.11445 | blocks:2 | L1_step:0.03441 (3.1%) | L2_step:0.00317 (0.3%) L2_final:0.00123 (0.1%) | L3_e3:1.07563 (96.5%) | final_max_PQ:4.099e-04
     50 total:1.75471 | blocks:1 | L1_step:0.05330 (3.0%) | L2_step:0.00544 (0.3%) L2_final:0.00169 (0.1%) | L3_e3:1.69428 (96.6%) | final_max_PQ:7.980e-03
🔘 Epoch 498 No Improvement (2/40) | Val conv@1=0.6078, conv@2=0.9955, conv@3=1.0000, conv@5=1.0000, residual@1=2.669556e-04, residual@2=3.528499e-05
     25 total:0.94519 | blocks:3 | L1_step:0.02876 (3.0%) | L2_step:0.00261 (0.3%) L2_final:0.00111 (0.1%) | L3_e3:0.91272 (96.6%) | final_max_PQ:3.613e-04
     50 total:1.00756 | blocks:2 | L1_step:0.03451 (3.4%) | L2_step:0.00321 (0.3%) L2_final:0.00114 (0.1%) | L3_e3:0.96870 (96.1%) | final_max_PQ:4.839e-04
🔘 Epoch 499 No Improvement (3/40) | Val conv@1=0.6138, conv@2=0.9958, conv@3=1.0000, conv@5=1.0000, residual@1=2.651019e-04, residual@2=3.264404e-05
     25 total:1.21388 | blocks:2 | L1_step:0.03351 (2.8%) | L2_step:0.00364 (0.3%) L2_final:0.00129 (0.1%) | L3_e3:1.17543 (96.8%) | final_max_PQ:3.158e-04
     50 total:1.15599 | blocks:2 | L1_step:0.03024 (2.6%) | L2_step:0.00338 (0.3%) L2_final:0.00125 (0.1%) | L3_e3:1.12111 (97.0%) | final_max_PQ:4.342e-04
🔘 Epoch 500 No Improvement (4/40) | Val conv@1=0.6075, conv@2=0.9932, conv@3=1.0000, conv@5=1.0000, residual@1=2.691089e-04, residual@2=3.839220e-05
     25 total:2.04668 | blocks:1 | L1_step:0.06219 (3.0%) | L2_step:0.00534 (0.3%) L2_final:0.00194 (0.1%) | L3_e3:1.97722 (96.6%) | final_max_PQ:6.890e-03
     50 total:1.81825 | blocks:1 | L1_step:0.05013 (2.8%) | L2_step:0.00564 (0.3%) L2_final:0.00173 (0.1%) | L3_e3:1.76075 (96.8%) | final_max_PQ:5.099e-03
🔘 Epoch 501 No Improvement (5/40) | Val conv@1=0.6090, conv@2=0.9965, conv@3=1.0000, conv@5=1.0000, residual@1=2.671682e-04, residual@2=3.686165e-05
     25 total:1.07413 | blocks:2 | L1_step:0.03514 (3.3%) | L2_step:0.00309 (0.3%) L2_final:0.00121 (0.1%) | L3_e3:1.03469 (96.3%) | final_max_PQ:1.186e-03
     50 total:1.09264 | blocks:2 | L1_step:0.02870 (2.6%) | L2_step:0.00334 (0.3%) L2_final:0.00120 (0.1%) | L3_e3:1.05940 (97.0%) | final_max_PQ:3.005e-04
🔘 Epoch 502 No Improvement (6/40) | Val conv@1=0.6052, conv@2=0.9950, conv@3=1.0000, conv@5=1.0000, residual@1=2.720944e-04, residual@2=4.781955e-05
     25 total:0.68104 | blocks:3 | L1_step:0.02200 (3.2%) | L2_step:0.00220 (0.3%) L2_final:0.00090 (0.1%) | L3_e3:0.65594 (96.3%) | final_max_PQ:3.342e-04
     50 total:0.88166 | blocks:2 | L1_step:0.03299 (3.7%) | L2_step:0.00292 (0.3%) L2_final:0.00103 (0.1%) | L3_e3:0.84472 (95.8%) | final_max_PQ:3.063e-04
🔘 Epoch 503 No Improvement (7/40) | Val conv@1=0.6122, conv@2=0.9908, conv@3=1.0000, conv@5=1.0000, residual@1=2.732932e-04, residual@2=4.683079e-05
     25 total:1.03590 | blocks:2 | L1_step:0.05557 (5.4%) | L2_step:0.00305 (0.3%) L2_final:0.00114 (0.1%) | L3_e3:0.97614 (94.2%) | final_max_PQ:2.975e-04
     50 total:0.85259 | blocks:3 | L1_step:0.04732 (5.6%) | L2_step:0.00250 (0.3%) L2_final:0.00102 (0.1%) | L3_e3:0.80176 (94.0%) | final_max_PQ:3.137e-04
🔘 Epoch 504 No Improvement (8/40) | Val conv@1=0.6008, conv@2=0.9952, conv@3=1.0000, conv@5=1.0000, residual@1=2.752552e-04, residual@2=5.388019e-05
     25 total:0.75820 | blocks:3 | L1_step:0.02477 (3.3%) | L2_step:0.00251 (0.3%) L2_final:0.00096 (0.1%) | L3_e3:0.72997 (96.3%) | final_max_PQ:2.777e-04
     50 total:0.98708 | blocks:2 | L1_step:0.03401 (3.4%) | L2_step:0.00317 (0.3%) L2_final:0.00110 (0.1%) | L3_e3:0.94880 (96.1%) | final_max_PQ:2.995e-04
🔘 Epoch 505 No Improvement (9/40) | Val conv@1=0.5933, conv@2=0.9935, conv@3=0.9995, conv@5=0.9995, residual@1=2.752149e-04, residual@2=5.376488e-05
     25 total:0.76526 | blocks:3 | L1_step:0.02244 (2.9%) | L2_step:0.00254 (0.3%) L2_final:0.00097 (0.1%) | L3_e3:0.73932 (96.6%) | final_max_PQ:3.492e-04
     50 total:1.05594 | blocks:2 | L1_step:0.03043 (2.9%) | L2_step:0.00328 (0.3%) L2_final:0.00117 (0.1%) | L3_e3:1.02107 (96.7%) | final_max_PQ:3.188e-04
🔘 Epoch 506 No Improvement (10/40) | Val conv@1=0.6135, conv@2=0.9960, conv@3=1.0000, conv@5=1.0000, residual@1=2.673798e-04, residual@2=3.629531e-05
     25 total:1.13347 | blocks:2 | L1_step:0.03529 (3.1%) | L2_step:0.00330 (0.3%) L2_final:0.00123 (0.1%) | L3_e3:1.09365 (96.5%) | final_max_PQ:3.444e-04
     50 total:1.08691 | blocks:2 | L1_step:0.03281 (3.0%) | L2_step:0.00318 (0.3%) L2_final:0.00120 (0.1%) | L3_e3:1.04973 (96.6%) | final_max_PQ:3.555e-04
🔘 Epoch 507 No Improvement (11/40) | Val conv@1=0.6060, conv@2=0.9940, conv@3=1.0000, conv@5=1.0000, residual@1=2.699464e-04, residual@2=4.026351e-05
     25 total:0.93138 | blocks:2 | L1_step:0.02959 (3.2%) | L2_step:0.00290 (0.3%) L2_final:0.00108 (0.1%) | L3_e3:0.89782 (96.4%) | final_max_PQ:3.664e-04
     50 total:1.07548 | blocks:2 | L1_step:0.03247 (3.0%) | L2_step:0.00332 (0.3%) L2_final:0.00119 (0.1%) | L3_e3:1.03851 (96.6%) | final_max_PQ:3.779e-04
🔘 Epoch 508 No Improvement (12/40) | Val conv@1=0.6105, conv@2=0.9965, conv@3=1.0000, conv@5=1.0000, residual@1=2.689768e-04, residual@2=3.980223e-05
     25 total:0.86154 | blocks:3 | L1_step:0.02132 (2.5%) | L2_step:0.00262 (0.3%) L2_final:0.00104 (0.1%) | L3_e3:0.83655 (97.1%) | final_max_PQ:2.777e-04
     50 total:0.71167 | blocks:3 | L1_step:0.02301 (3.2%) | L2_step:0.00232 (0.3%) L2_final:0.00092 (0.1%) | L3_e3:0.68542 (96.3%) | final_max_PQ:2.943e-04
🟩 Epoch 509 | Train loss = 1.0585 | Val conv@1=0.6102, conv@2=0.9965, conv@3=1.0000, conv@5=1.0000, residual@1=2.665235e-04, residual@2=3.216739e-05, residual@3=2.827337e-05, excess@2=0.0015, tail@2=2.445877e-04, score=3.784914 | LR: 3.1250e-05
     25 total:0.78913 | blocks:3 | L1_step:0.03342 (4.2%) | L2_step:0.00242 (0.3%) L2_final:0.00097 (0.1%) | L3_e3:0.75231 (95.3%) | final_max_PQ:3.107e-04
     50 total:1.27245 | blocks:2 | L1_step:0.03443 (2.7%) | L2_step:0.00355 (0.3%) L2_final:0.00134 (0.1%) | L3_e3:1.23312 (96.9%) | final_max_PQ:2.685e-04
🟩 Epoch 510 | Train loss = 1.0394 | Val conv@1=0.6172, conv@2=0.9962, conv@3=1.0000, conv@5=1.0000, residual@1=2.622997e-04, residual@2=3.193717e-05, residual@3=2.797748e-05, excess@2=0.0013, tail@2=2.671182e-04, score=3.789718 | LR: 3.1250e-05
     25 total:0.86309 | blocks:3 | L1_step:0.02967 (3.4%) | L2_step:0.00257 (0.3%) L2_final:0.00104 (0.1%) | L3_e3:0.82980 (96.1%) | final_max_PQ:3.317e-04
     50 total:0.87789 | blocks:2 | L1_step:0.03023 (3.4%) | L2_step:0.00304 (0.3%) L2_final:0.00103 (0.1%) | L3_e3:0.84359 (96.1%) | final_max_PQ:3.604e-04
🟩 Epoch 511 | Train loss = 1.0412 | Val conv@1=0.6122, conv@2=0.9968, conv@3=1.0000, conv@5=1.0000, residual@1=2.651094e-04, residual@2=3.507539e-05, residual@3=3.105950e-05, excess@2=0.0013, tail@2=2.058744e-04, score=3.790924 | LR: 3.1250e-05
     25 total:1.09753 | blocks:2 | L1_step:0.03260 (3.0%) | L2_step:0.00329 (0.3%) L2_final:0.00121 (0.1%) | L3_e3:1.06043 (96.6%) | final_max_PQ:3.463e-04
     50 total:0.73297 | blocks:3 | L1_step:0.02201 (3.0%) | L2_step:0.00243 (0.3%) L2_final:0.00094 (0.1%) | L3_e3:0.70759 (96.5%) | final_max_PQ:2.855e-04
🔘 Epoch 512 No Improvement (1/40) | Val conv@1=0.6095, conv@2=0.9950, conv@3=1.0000, conv@5=1.0000, residual@1=2.662604e-04, residual@2=3.612204e-05
     25 total:0.74704 | blocks:3 | L1_step:0.02091 (2.8%) | L2_step:0.00243 (0.3%) L2_final:0.00096 (0.1%) | L3_e3:0.72274 (96.7%) | final_max_PQ:3.404e-04
     50 total:1.23364 | blocks:2 | L1_step:0.03481 (2.8%) | L2_step:0.00325 (0.3%) L2_final:0.00131 (0.1%) | L3_e3:1.19426 (96.8%) | final_max_PQ:3.781e-04
🔘 Epoch 513 No Improvement (2/40) | Val conv@1=0.5935, conv@2=0.9945, conv@3=1.0000, conv@5=1.0000, residual@1=2.726485e-04, residual@2=4.994814e-05
     25 total:1.10428 | blocks:2 | L1_step:0.03988 (3.6%) | L2_step:0.00325 (0.3%) L2_final:0.00121 (0.1%) | L3_e3:1.05994 (96.0%) | final_max_PQ:4.635e-04
     50 total:0.79237 | blocks:3 | L1_step:0.02137 (2.7%) | L2_step:0.00272 (0.3%) L2_final:0.00098 (0.1%) | L3_e3:0.76729 (96.8%) | final_max_PQ:3.394e-04
🔘 Epoch 514 No Improvement (3/40) | Val conv@1=0.6118, conv@2=0.9972, conv@3=1.0000, conv@5=1.0000, residual@1=2.660352e-04, residual@2=3.663260e-05
     25 total:0.76377 | blocks:3 | L1_step:0.02541 (3.3%) | L2_step:0.00243 (0.3%) L2_final:0.00096 (0.1%) | L3_e3:0.73496 (96.2%) | final_max_PQ:3.710e-04
     50 total:0.75890 | blocks:3 | L1_step:0.02657 (3.5%) | L2_step:0.00243 (0.3%) L2_final:0.00095 (0.1%) | L3_e3:0.72894 (96.1%) | final_max_PQ:3.275e-04
🔘 Epoch 515 No Improvement (4/40) | Val conv@1=0.6150, conv@2=0.9958, conv@3=1.0000, conv@5=1.0000, residual@1=2.659766e-04, residual@2=3.391601e-05
     25 total:1.04545 | blocks:2 | L1_step:0.03195 (3.1%) | L2_step:0.00318 (0.3%) L2_final:0.00116 (0.1%) | L3_e3:1.00916 (96.5%) | final_max_PQ:3.593e-04
     50 total:1.02999 | blocks:2 | L1_step:0.03022 (2.9%) | L2_step:0.00311 (0.3%) L2_final:0.00117 (0.1%) | L3_e3:0.99549 (96.7%) | final_max_PQ:1.259e-03
🔘 Epoch 516 No Improvement (5/40) | Val conv@1=0.6130, conv@2=0.9970, conv@3=1.0000, conv@5=1.0000, residual@1=2.648616e-04, residual@2=3.396054e-05
     25 total:1.18222 | blocks:2 | L1_step:0.03541 (3.0%) | L2_step:0.00321 (0.3%) L2_final:0.00128 (0.1%) | L3_e3:1.14233 (96.6%) | final_max_PQ:3.666e-04
     50 total:0.98451 | blocks:3 | L1_step:0.02795 (2.8%) | L2_step:0.00257 (0.3%) L2_final:0.00115 (0.1%) | L3_e3:0.95284 (96.8%) | final_max_PQ:3.281e-04
🔘 Epoch 517 No Improvement (6/40) | Val conv@1=0.6082, conv@2=0.9958, conv@3=1.0000, conv@5=1.0000, residual@1=2.674664e-04, residual@2=3.398001e-05
     25 total:1.04760 | blocks:2 | L1_step:0.03190 (3.0%) | L2_step:0.00300 (0.3%) L2_final:0.00116 (0.1%) | L3_e3:1.01154 (96.6%) | final_max_PQ:2.893e-04
     50 total:0.74172 | blocks:3 | L1_step:0.02142 (2.9%) | L2_step:0.00230 (0.3%) L2_final:0.00095 (0.1%) | L3_e3:0.71704 (96.7%) | final_max_PQ:3.139e-04
🔘 Epoch 518 No Improvement (7/40) | Val conv@1=0.6162, conv@2=0.9975, conv@3=1.0000, conv@5=1.0000, residual@1=2.629971e-04, residual@2=3.342924e-05
     25 total:1.06625 | blocks:2 | L1_step:0.03961 (3.7%) | L2_step:0.00312 (0.3%) L2_final:0.00119 (0.1%) | L3_e3:1.02232 (95.9%) | final_max_PQ:3.872e-04
     50 total:0.99693 | blocks:2 | L1_step:0.03374 (3.4%) | L2_step:0.00294 (0.3%) L2_final:0.00112 (0.1%) | L3_e3:0.95914 (96.2%) | final_max_PQ:2.773e-04
🔘 Epoch 519 No Improvement (8/40) | Val conv@1=0.6122, conv@2=0.9975, conv@3=1.0000, conv@5=1.0000, residual@1=2.653292e-04, residual@2=3.557160e-05
     25 total:1.19930 | blocks:2 | L1_step:0.03368 (2.8%) | L2_step:0.00338 (0.3%) L2_final:0.00129 (0.1%) | L3_e3:1.16095 (96.8%) | final_max_PQ:3.289e-04
     50 total:1.13182 | blocks:2 | L1_step:0.03475 (3.1%) | L2_step:0.00344 (0.3%) L2_final:0.00122 (0.1%) | L3_e3:1.09241 (96.5%) | final_max_PQ:3.382e-04
🔘 Epoch 520 No Improvement (9/40) | Val conv@1=0.6112, conv@2=0.9962, conv@3=1.0000, conv@5=1.0000, residual@1=2.637001e-04, residual@2=3.411626e-05
     25 total:1.02013 | blocks:2 | L1_step:0.03155 (3.1%) | L2_step:0.00331 (0.3%) L2_final:0.00115 (0.1%) | L3_e3:0.98412 (96.5%) | final_max_PQ:2.902e-04
     50 total:0.76392 | blocks:3 | L1_step:0.02632 (3.4%) | L2_step:0.00245 (0.3%) L2_final:0.00096 (0.1%) | L3_e3:0.73419 (96.1%) | final_max_PQ:2.898e-04
🔘 Epoch 521 No Improvement (10/40) | Val conv@1=0.6160, conv@2=0.9968, conv@3=1.0000, conv@5=1.0000, residual@1=2.635180e-04, residual@2=3.826856e-05
     25 total:1.08151 | blocks:2 | L1_step:0.03436 (3.2%) | L2_step:0.00319 (0.3%) L2_final:0.00118 (0.1%) | L3_e3:1.04277 (96.4%) | final_max_PQ:3.369e-04
     50 total:0.69777 | blocks:3 | L1_step:0.02261 (3.2%) | L2_step:0.00224 (0.3%) L2_final:0.00091 (0.1%) | L3_e3:0.67202 (96.3%) | final_max_PQ:5.117e-04
🟩 Epoch 522 | Train loss = 1.0790 | Val conv@1=0.6178, conv@2=0.9980, conv@3=1.0000, conv@5=1.0000, residual@1=2.603619e-04, residual@2=3.119180e-05, residual@3=2.693836e-05, excess@2=0.0013, tail@2=3.055334e-04, score=3.791014 | LR: 3.1250e-05
     25 total:0.99813 | blocks:2 | L1_step:0.03853 (3.9%) | L2_step:0.00311 (0.3%) L2_final:0.00112 (0.1%) | L3_e3:0.95537 (95.7%) | final_max_PQ:3.010e-04
     50 total:1.13949 | blocks:2 | L1_step:0.02957 (2.6%) | L2_step:0.00316 (0.3%) L2_final:0.00124 (0.1%) | L3_e3:1.10553 (97.0%) | final_max_PQ:2.846e-04
🔘 Epoch 523 No Improvement (1/40) | Val conv@1=0.6120, conv@2=0.9910, conv@3=1.0000, conv@5=1.0000, residual@1=2.689015e-04, residual@2=4.877835e-05
     25 total:1.07044 | blocks:2 | L1_step:0.03407 (3.2%) | L2_step:0.00321 (0.3%) L2_final:0.00118 (0.1%) | L3_e3:1.03198 (96.4%) | final_max_PQ:4.189e-04
     50 total:0.84508 | blocks:3 | L1_step:0.02657 (3.1%) | L2_step:0.00253 (0.3%) L2_final:0.00103 (0.1%) | L3_e3:0.81495 (96.4%) | final_max_PQ:3.140e-04
🔘 Epoch 524 No Improvement (2/40) | Val conv@1=0.6095, conv@2=0.9945, conv@3=1.0000, conv@5=1.0000, residual@1=2.662956e-04, residual@2=3.875229e-05
     25 total:1.51989 | blocks:1 | L1_step:0.05224 (3.4%) | L2_step:0.00457 (0.3%) L2_final:0.00151 (0.1%) | L3_e3:1.46158 (96.2%) | final_max_PQ:5.291e-03
     50 total:0.86378 | blocks:3 | L1_step:0.02714 (3.1%) | L2_step:0.00272 (0.3%) L2_final:0.00103 (0.1%) | L3_e3:0.83289 (96.4%) | final_max_PQ:3.078e-04
🔘 Epoch 525 No Improvement (3/40) | Val conv@1=0.6138, conv@2=0.9978, conv@3=1.0000, conv@5=1.0000, residual@1=2.638823e-04, residual@2=3.724714e-05
     25 total:1.54641 | blocks:1 | L1_step:0.05340 (3.5%) | L2_step:0.00452 (0.3%) L2_final:0.00152 (0.1%) | L3_e3:1.48696 (96.2%) | final_max_PQ:5.875e-03
     50 total:1.02427 | blocks:2 | L1_step:0.02838 (2.8%) | L2_step:0.00306 (0.3%) L2_final:0.00115 (0.1%) | L3_e3:0.99167 (96.8%) | final_max_PQ:3.433e-04
🔘 Epoch 526 No Improvement (4/40) | Val conv@1=0.6162, conv@2=0.9970, conv@3=1.0000, conv@5=1.0000, residual@1=2.621254e-04, residual@2=3.338300e-05
     25 total:0.80211 | blocks:3 | L1_step:0.02376 (3.0%) | L2_step:0.00240 (0.3%) L2_final:0.00100 (0.1%) | L3_e3:0.77495 (96.6%) | final_max_PQ:3.170e-04
     50 total:0.70651 | blocks:3 | L1_step:0.02413 (3.4%) | L2_step:0.00228 (0.3%) L2_final:0.00092 (0.1%) | L3_e3:0.67918 (96.1%) | final_max_PQ:4.451e-04
🟩 Epoch 527 | Train loss = 1.0391 | Val conv@1=0.6190, conv@2=0.9972, conv@3=1.0000, conv@5=1.0000, residual@1=2.602617e-04, residual@2=3.248111e-05, residual@3=2.894000e-05, excess@2=0.0011, tail@2=2.914369e-04, score=3.791769 | LR: 3.1250e-05
     25 total:0.85631 | blocks:3 | L1_step:0.02315 (2.7%) | L2_step:0.00258 (0.3%) L2_final:0.00104 (0.1%) | L3_e3:0.82954 (96.9%) | final_max_PQ:4.563e-04
     50 total:1.23405 | blocks:2 | L1_step:0.03217 (2.6%) | L2_step:0.00320 (0.3%) L2_final:0.00132 (0.1%) | L3_e3:1.19736 (97.0%) | final_max_PQ:3.839e-04
🔘 Epoch 528 No Improvement (1/40) | Val conv@1=0.5930, conv@2=0.9970, conv@3=0.9998, conv@5=1.0000, residual@1=2.795804e-04, residual@2=6.629541e-05
     25 total:0.70719 | blocks:3 | L1_step:0.02762 (3.9%) | L2_step:0.00230 (0.3%) L2_final:0.00092 (0.1%) | L3_e3:0.67635 (95.6%) | final_max_PQ:2.665e-04
     50 total:0.68614 | blocks:3 | L1_step:0.02185 (3.2%) | L2_step:0.00229 (0.3%) L2_final:0.00090 (0.1%) | L3_e3:0.66109 (96.3%) | final_max_PQ:2.987e-04
🔘 Epoch 529 No Improvement (2/40) | Val conv@1=0.6150, conv@2=0.9952, conv@3=1.0000, conv@5=1.0000, residual@1=2.642306e-04, residual@2=4.064264e-05
     25 total:1.04655 | blocks:2 | L1_step:0.02882 (2.8%) | L2_step:0.00316 (0.3%) L2_final:0.00116 (0.1%) | L3_e3:1.01341 (96.8%) | final_max_PQ:3.110e-04
     50 total:0.73082 | blocks:3 | L1_step:0.03712 (5.1%) | L2_step:0.00231 (0.3%) L2_final:0.00093 (0.1%) | L3_e3:0.69046 (94.5%) | final_max_PQ:3.279e-04
🔘 Epoch 530 No Improvement (3/40) | Val conv@1=0.6190, conv@2=0.9962, conv@3=1.0000, conv@5=1.0000, residual@1=2.594888e-04, residual@2=3.584800e-05
     25 total:0.85644 | blocks:3 | L1_step:0.05133 (6.0%) | L2_step:0.00255 (0.3%) L2_final:0.00102 (0.1%) | L3_e3:0.80154 (93.6%) | final_max_PQ:3.514e-04
     50 total:1.05721 | blocks:2 | L1_step:0.03409 (3.2%) | L2_step:0.00325 (0.3%) L2_final:0.00117 (0.1%) | L3_e3:1.01869 (96.4%) | final_max_PQ:3.859e-04
🔘 Epoch 531 No Improvement (4/40) | Val conv@1=0.6135, conv@2=0.9948, conv@3=1.0000, conv@5=1.0000, residual@1=2.604402e-04, residual@2=3.822382e-05
     25 total:1.01863 | blocks:2 | L1_step:0.04288 (4.2%) | L2_step:0.00308 (0.3%) L2_final:0.00119 (0.1%) | L3_e3:0.97148 (95.4%) | final_max_PQ:7.097e-04
     50 total:1.18014 | blocks:2 | L1_step:0.03533 (3.0%) | L2_step:0.00330 (0.3%) L2_final:0.00128 (0.1%) | L3_e3:1.14023 (96.6%) | final_max_PQ:4.358e-04
🟩 Epoch 532 | Train loss = 1.0925 | Val conv@1=0.6198, conv@2=0.9972, conv@3=1.0000, conv@5=1.0000, residual@1=2.618450e-04, residual@2=3.278558e-05, residual@3=2.786387e-05, excess@2=0.0019, tail@2=2.690405e-04, score=3.793896 | LR: 3.1250e-05
     25 total:1.61889 | blocks:1 | L1_step:0.05573 (3.4%) | L2_step:0.00507 (0.3%) L2_final:0.00157 (0.1%) | L3_e3:1.55652 (96.1%) | final_max_PQ:4.987e-03
     50 total:2.00773 | blocks:1 | L1_step:0.06179 (3.1%) | L2_step:0.00567 (0.3%) L2_final:0.00188 (0.1%) | L3_e3:1.93839 (96.5%) | final_max_PQ:5.671e-03
🔘 Epoch 533 No Improvement (1/40) | Val conv@1=0.6178, conv@2=0.9972, conv@3=1.0000, conv@5=1.0000, residual@1=2.572946e-04, residual@2=3.060234e-05
     25 total:0.96192 | blocks:2 | L1_step:0.03164 (3.3%) | L2_step:0.00300 (0.3%) L2_final:0.00110 (0.1%) | L3_e3:0.92618 (96.3%) | final_max_PQ:4.334e-04
     50 total:0.74914 | blocks:3 | L1_step:0.02513 (3.4%) | L2_step:0.00252 (0.3%) L2_final:0.00094 (0.1%) | L3_e3:0.72055 (96.2%) | final_max_PQ:3.102e-04
🔘 Epoch 534 No Improvement (2/40) | Val conv@1=0.6195, conv@2=0.9945, conv@3=1.0000, conv@5=1.0000, residual@1=2.652072e-04, residual@2=4.383875e-05
     25 total:1.11771 | blocks:2 | L1_step:0.03824 (3.4%) | L2_step:0.00333 (0.3%) L2_final:0.00122 (0.1%) | L3_e3:1.07492 (96.2%) | final_max_PQ:6.327e-04
     50 total:0.81526 | blocks:3 | L1_step:0.02985 (3.7%) | L2_step:0.00254 (0.3%) L2_final:0.00100 (0.1%) | L3_e3:0.78186 (95.9%) | final_max_PQ:3.050e-04
🔘 Epoch 535 No Improvement (3/40) | Val conv@1=0.6092, conv@2=0.9962, conv@3=1.0000, conv@5=1.0000, residual@1=2.663909e-04, residual@2=3.743899e-05
     25 total:1.08041 | blocks:2 | L1_step:0.02919 (2.7%) | L2_step:0.00307 (0.3%) L2_final:0.00119 (0.1%) | L3_e3:1.04697 (96.9%) | final_max_PQ:2.873e-04
     50 total:1.14409 | blocks:2 | L1_step:0.03147 (2.8%) | L2_step:0.00345 (0.3%) L2_final:0.00124 (0.1%) | L3_e3:1.10793 (96.8%) | final_max_PQ:4.638e-04
🔘 Epoch 536 No Improvement (4/40) | Val conv@1=0.6160, conv@2=0.9975, conv@3=1.0000, conv@5=1.0000, residual@1=2.572745e-04, residual@2=2.991964e-05
     25 total:1.03702 | blocks:2 | L1_step:0.02886 (2.8%) | L2_step:0.00325 (0.3%) L2_final:0.00116 (0.1%) | L3_e3:1.00375 (96.8%) | final_max_PQ:4.358e-04
     50 total:0.82002 | blocks:3 | L1_step:0.02681 (3.3%) | L2_step:0.00246 (0.3%) L2_final:0.00102 (0.1%) | L3_e3:0.78974 (96.3%) | final_max_PQ:3.117e-04
🔘 Epoch 537 No Improvement (5/40) | Val conv@1=0.6038, conv@2=0.9958, conv@3=1.0000, conv@5=1.0000, residual@1=2.676145e-04, residual@2=4.722117e-05
     25 total:1.01021 | blocks:2 | L1_step:0.03280 (3.2%) | L2_step:0.00310 (0.3%) L2_final:0.00113 (0.1%) | L3_e3:0.97318 (96.3%) | final_max_PQ:2.851e-04
     50 total:1.37893 | blocks:2 | L1_step:0.03464 (2.5%) | L2_step:0.00398 (0.3%) L2_final:0.00143 (0.1%) | L3_e3:1.33888 (97.1%) | final_max_PQ:3.557e-04
🔘 Epoch 538 No Improvement (6/40) | Val conv@1=0.5990, conv@2=0.9955, conv@3=1.0000, conv@5=1.0000, residual@1=2.676195e-04, residual@2=4.414392e-05
     25 total:1.19914 | blocks:2 | L1_step:0.04783 (4.0%) | L2_step:0.00343 (0.3%) L2_final:0.00128 (0.1%) | L3_e3:1.14660 (95.6%) | final_max_PQ:4.951e-04
     50 total:1.09812 | blocks:2 | L1_step:0.03160 (2.9%) | L2_step:0.00334 (0.3%) L2_final:0.00121 (0.1%) | L3_e3:1.06198 (96.7%) | final_max_PQ:3.206e-04
🔘 Epoch 539 No Improvement (7/40) | Val conv@1=0.6125, conv@2=0.9972, conv@3=1.0000, conv@5=1.0000, residual@1=2.694601e-04, residual@2=4.704758e-05
     25 total:0.99020 | blocks:2 | L1_step:0.03290 (3.3%) | L2_step:0.00293 (0.3%) L2_final:0.00112 (0.1%) | L3_e3:0.95324 (96.3%) | final_max_PQ:3.697e-04
     50 total:0.74200 | blocks:3 | L1_step:0.02578 (3.5%) | L2_step:0.00251 (0.3%) L2_final:0.00094 (0.1%) | L3_e3:0.71277 (96.1%) | final_max_PQ:3.703e-04
🔘 Epoch 540 No Improvement (8/40) | Val conv@1=0.6088, conv@2=0.9920, conv@3=1.0000, conv@5=1.0000, residual@1=2.675012e-04, residual@2=4.258968e-05
     25 total:1.02865 | blocks:2 | L1_step:0.03024 (2.9%) | L2_step:0.00326 (0.3%) L2_final:0.00113 (0.1%) | L3_e3:0.99401 (96.6%) | final_max_PQ:3.523e-04
     50 total:0.71269 | blocks:3 | L1_step:0.02138 (3.0%) | L2_step:0.00232 (0.3%) L2_final:0.00093 (0.1%) | L3_e3:0.68806 (96.5%) | final_max_PQ:3.444e-04
🔘 Epoch 541 No Improvement (9/40) | Val conv@1=0.6170, conv@2=0.9978, conv@3=1.0000, conv@5=1.0000, residual@1=2.592865e-04, residual@2=3.522510e-05
     25 total:0.96308 | blocks:2 | L1_step:0.02306 (2.4%) | L2_step:0.00300 (0.3%) L2_final:0.00110 (0.1%) | L3_e3:0.93592 (97.2%) | final_max_PQ:3.333e-04
     50 total:0.67624 | blocks:3 | L1_step:0.02145 (3.2%) | L2_step:0.00221 (0.3%) L2_final:0.00090 (0.1%) | L3_e3:0.65167 (96.4%) | final_max_PQ:3.269e-04
🔘 Epoch 542 No Improvement (10/40) | Val conv@1=0.6082, conv@2=0.9948, conv@3=1.0000, conv@5=1.0000, residual@1=2.650917e-04, residual@2=3.652138e-05
     25 total:1.14643 | blocks:2 | L1_step:0.02989 (2.6%) | L2_step:0.00321 (0.3%) L2_final:0.00126 (0.1%) | L3_e3:1.11207 (97.0%) | final_max_PQ:3.289e-04
     50 total:0.85277 | blocks:3 | L1_step:0.02715 (3.2%) | L2_step:0.00282 (0.3%) L2_final:0.00102 (0.1%) | L3_e3:0.82178 (96.4%) | final_max_PQ:2.818e-04
🔘 Epoch 543 No Improvement (11/40) | Val conv@1=0.6105, conv@2=0.9918, conv@3=1.0000, conv@5=1.0000, residual@1=2.697704e-04, residual@2=5.395728e-05
     25 total:0.93665 | blocks:2 | L1_step:0.02872 (3.1%) | L2_step:0.00293 (0.3%) L2_final:0.00108 (0.1%) | L3_e3:0.90392 (96.5%) | final_max_PQ:2.836e-04
     50 total:1.08890 | blocks:2 | L1_step:0.02972 (2.7%) | L2_step:0.00328 (0.3%) L2_final:0.00120 (0.1%) | L3_e3:1.05470 (96.9%) | final_max_PQ:3.462e-04
🔘 Epoch 544 No Improvement (12/40) | Val conv@1=0.6015, conv@2=0.9928, conv@3=1.0000, conv@5=1.0000, residual@1=2.660221e-04, residual@2=4.659067e-05
     25 total:0.77889 | blocks:3 | L1_step:0.03334 (4.3%) | L2_step:0.00242 (0.3%) L2_final:0.00097 (0.1%) | L3_e3:0.74217 (95.3%) | final_max_PQ:3.270e-04
     50 total:1.03421 | blocks:2 | L1_step:0.03439 (3.3%) | L2_step:0.00335 (0.3%) L2_final:0.00116 (0.1%) | L3_e3:0.99531 (96.2%) | final_max_PQ:3.591e-04
🔘 Epoch 545 No Improvement (13/40) | Val conv@1=0.6100, conv@2=0.9958, conv@3=1.0000, conv@5=1.0000, residual@1=2.616811e-04, residual@2=3.633128e-05
     25 total:0.96455 | blocks:2 | L1_step:0.03181 (3.3%) | L2_step:0.00327 (0.3%) L2_final:0.00110 (0.1%) | L3_e3:0.92837 (96.2%) | final_max_PQ:3.590e-04
     50 total:0.89721 | blocks:2 | L1_step:0.02845 (3.2%) | L2_step:0.00303 (0.3%) L2_final:0.00105 (0.1%) | L3_e3:0.86468 (96.4%) | final_max_PQ:3.169e-04
🔘 Epoch 546 No Improvement (14/40) | Val conv@1=0.6122, conv@2=0.9962, conv@3=1.0000, conv@5=1.0000, residual@1=2.599188e-04, residual@2=3.862319e-05
     25 total:0.90025 | blocks:2 | L1_step:0.02700 (3.0%) | L2_step:0.00293 (0.3%) L2_final:0.00105 (0.1%) | L3_e3:0.86927 (96.6%) | final_max_PQ:5.561e-04
     50 total:0.76766 | blocks:3 | L1_step:0.01984 (2.6%) | L2_step:0.00236 (0.3%) L2_final:0.00097 (0.1%) | L3_e3:0.74450 (97.0%) | final_max_PQ:3.316e-04
🔘 Epoch 547 No Improvement (15/40) | Val conv@1=0.6142, conv@2=0.9975, conv@3=1.0000, conv@5=1.0000, residual@1=2.583354e-04, residual@2=3.590414e-05
     25 total:1.03490 | blocks:2 | L1_step:0.03469 (3.4%) | L2_step:0.00314 (0.3%) L2_final:0.00116 (0.1%) | L3_e3:0.99591 (96.2%) | final_max_PQ:3.186e-04
     50 total:0.93316 | blocks:2 | L1_step:0.02987 (3.2%) | L2_step:0.00311 (0.3%) L2_final:0.00108 (0.1%) | L3_e3:0.89910 (96.4%) | final_max_PQ:2.973e-04
🔘 Epoch 548 No Improvement (16/40) | Val conv@1=0.6075, conv@2=0.9952, conv@3=1.0000, conv@5=1.0000, residual@1=2.630016e-04, residual@2=4.400107e-05
     25 total:0.94612 | blocks:2 | L1_step:0.03235 (3.4%) | L2_step:0.00303 (0.3%) L2_final:0.00109 (0.1%) | L3_e3:0.90965 (96.1%) | final_max_PQ:3.243e-04
     50 total:0.72021 | blocks:3 | L1_step:0.01922 (2.7%) | L2_step:0.00236 (0.3%) L2_final:0.00093 (0.1%) | L3_e3:0.69770 (96.9%) | final_max_PQ:2.576e-04
🔘 Epoch 549 No Improvement (17/40) | Val conv@1=0.6165, conv@2=0.9962, conv@3=1.0000, conv@5=1.0000, residual@1=2.608483e-04, residual@2=3.497761e-05
     25 total:1.06764 | blocks:2 | L1_step:0.04226 (4.0%) | L2_step:0.00317 (0.3%) L2_final:0.00119 (0.1%) | L3_e3:1.02103 (95.6%) | final_max_PQ:2.808e-04
     50 total:0.76313 | blocks:3 | L1_step:0.02204 (2.9%) | L2_step:0.00244 (0.3%) L2_final:0.00096 (0.1%) | L3_e3:0.73769 (96.7%) | final_max_PQ:2.964e-04
🔘 Epoch 550 No Improvement (18/40) | Val conv@1=0.6198, conv@2=0.9972, conv@3=1.0000, conv@5=1.0000, residual@1=2.593745e-04, residual@2=3.071635e-05
     25 total:0.73777 | blocks:3 | L1_step:0.02135 (2.9%) | L2_step:0.00247 (0.3%) L2_final:0.00095 (0.1%) | L3_e3:0.71299 (96.6%) | final_max_PQ:2.956e-04
     50 total:1.00817 | blocks:2 | L1_step:0.03397 (3.4%) | L2_step:0.00329 (0.3%) L2_final:0.00113 (0.1%) | L3_e3:0.96978 (96.2%) | final_max_PQ:3.957e-04
🔘 Epoch 551 No Improvement (19/40) | Val conv@1=0.6108, conv@2=0.9908, conv@3=1.0000, conv@5=1.0000, residual@1=2.637195e-04, residual@2=4.770247e-05
     25 total:0.95407 | blocks:2 | L1_step:0.03154 (3.3%) | L2_step:0.00295 (0.3%) L2_final:0.00108 (0.1%) | L3_e3:0.91850 (96.3%) | final_max_PQ:3.262e-04
     50 total:1.15145 | blocks:2 | L1_step:0.03509 (3.0%) | L2_step:0.00346 (0.3%) L2_final:0.00126 (0.1%) | L3_e3:1.11164 (96.5%) | final_max_PQ:1.180e-03
🔘 Epoch 552 No Improvement (20/40) | Val conv@1=0.6085, conv@2=0.9915, conv@3=1.0000, conv@5=1.0000, residual@1=2.649634e-04, residual@2=4.770326e-05
     25 total:1.09843 | blocks:2 | L1_step:0.03083 (2.8%) | L2_step:0.00354 (0.3%) L2_final:0.00121 (0.1%) | L3_e3:1.06286 (96.8%) | final_max_PQ:3.795e-04
     50 total:0.81521 | blocks:2 | L1_step:0.03613 (4.4%) | L2_step:0.00283 (0.3%) L2_final:0.00098 (0.1%) | L3_e3:0.77527 (95.1%) | final_max_PQ:5.823e-04
🔻 LR reduced: 3.13e-05 -> 1.56e-05
🔘 Epoch 553 No Improvement (21/40) | Val conv@1=0.6180, conv@2=0.9970, conv@3=1.0000, conv@5=1.0000, residual@1=2.554175e-04, residual@2=2.822263e-05
     25 total:0.91154 | blocks:2 | L1_step:0.04284 (4.7%) | L2_step:0.00295 (0.3%) L2_final:0.00105 (0.1%) | L3_e3:0.86471 (94.9%) | final_max_PQ:3.614e-04
     50 total:1.01283 | blocks:2 | L1_step:0.03245 (3.2%) | L2_step:0.00316 (0.3%) L2_final:0.00113 (0.1%) | L3_e3:0.97608 (96.4%) | final_max_PQ:3.827e-04
🔘 Epoch 554 No Improvement (22/40) | Val conv@1=0.6120, conv@2=0.9975, conv@3=1.0000, conv@5=1.0000, residual@1=2.587514e-04, residual@2=3.913945e-05
     25 total:1.15249 | blocks:2 | L1_step:0.02601 (2.3%) | L2_step:0.00360 (0.3%) L2_final:0.00124 (0.1%) | L3_e3:1.12164 (97.3%) | final_max_PQ:3.029e-04
     50 total:1.07649 | blocks:2 | L1_step:0.02688 (2.5%) | L2_step:0.00322 (0.3%) L2_final:0.00119 (0.1%) | L3_e3:1.04519 (97.1%) | final_max_PQ:2.850e-04
🔘 Epoch 555 No Improvement (23/40) | Val conv@1=0.6182, conv@2=0.9958, conv@3=1.0000, conv@5=1.0000, residual@1=2.596401e-04, residual@2=3.179997e-05
     25 total:1.05509 | blocks:2 | L1_step:0.03698 (3.5%) | L2_step:0.00302 (0.3%) L2_final:0.00118 (0.1%) | L3_e3:1.01391 (96.1%) | final_max_PQ:7.549e-04
     50 total:0.95190 | blocks:2 | L1_step:0.03501 (3.7%) | L2_step:0.00305 (0.3%) L2_final:0.00109 (0.1%) | L3_e3:0.91274 (95.9%) | final_max_PQ:3.298e-04
🟩 Epoch 556 | Train loss = 0.9770 | Val conv@1=0.6192, conv@2=0.9972, conv@3=1.0000, conv@5=1.0000, residual@1=2.532881e-04, residual@2=2.570840e-05, residual@3=2.252591e-05, excess@2=0.0010, tail@2=2.595186e-04, score=3.794384 | LR: 1.5625e-05
     25 total:1.15677 | blocks:2 | L1_step:0.03801 (3.3%) | L2_step:0.00339 (0.3%) L2_final:0.00124 (0.1%) | L3_e3:1.11413 (96.3%) | final_max_PQ:3.841e-04
     50 total:0.75545 | blocks:3 | L1_step:0.02390 (3.2%) | L2_step:0.00242 (0.3%) L2_final:0.00095 (0.1%) | L3_e3:0.72817 (96.4%) | final_max_PQ:2.664e-04
🔘 Epoch 557 No Improvement (1/40) | Val conv@1=0.6185, conv@2=0.9978, conv@3=1.0000, conv@5=1.0000, residual@1=2.551351e-04, residual@2=3.104377e-05
     25 total:0.95134 | blocks:2 | L1_step:0.02651 (2.8%) | L2_step:0.00329 (0.3%) L2_final:0.00108 (0.1%) | L3_e3:0.92046 (96.8%) | final_max_PQ:3.848e-04
     50 total:0.98712 | blocks:2 | L1_step:0.02765 (2.8%) | L2_step:0.00309 (0.3%) L2_final:0.00112 (0.1%) | L3_e3:0.95526 (96.8%) | final_max_PQ:3.097e-04
🔘 Epoch 558 No Improvement (2/40) | Val conv@1=0.6180, conv@2=0.9972, conv@3=1.0000, conv@5=1.0000, residual@1=2.528133e-04, residual@2=2.871896e-05
     25 total:0.86519 | blocks:3 | L1_step:0.02642 (3.1%) | L2_step:0.00277 (0.3%) L2_final:0.00104 (0.1%) | L3_e3:0.83496 (96.5%) | final_max_PQ:3.044e-04
     50 total:1.04080 | blocks:2 | L1_step:0.03480 (3.3%) | L2_step:0.00329 (0.3%) L2_final:0.00116 (0.1%) | L3_e3:1.00156 (96.2%) | final_max_PQ:4.955e-04
🟩 Epoch 559 | Train loss = 0.9519 | Val conv@1=0.6245, conv@2=0.9972, conv@3=1.0000, conv@5=1.0000, residual@1=2.520426e-04, residual@2=2.508107e-05, residual@3=2.080985e-05, excess@2=0.0015, tail@2=3.058612e-04, score=3.796201 | LR: 1.5625e-05
     25 total:0.84081 | blocks:3 | L1_step:0.02411 (2.9%) | L2_step:0.00266 (0.3%) L2_final:0.00102 (0.1%) | L3_e3:0.81302 (96.7%) | final_max_PQ:3.674e-04
     50 total:0.78762 | blocks:3 | L1_step:0.02656 (3.4%) | L2_step:0.00242 (0.3%) L2_final:0.00098 (0.1%) | L3_e3:0.75767 (96.2%) | final_max_PQ:3.458e-04
🔘 Epoch 560 No Improvement (1/40) | Val conv@1=0.6180, conv@2=0.9975, conv@3=1.0000, conv@5=1.0000, residual@1=2.581084e-04, residual@2=3.809558e-05
     25 total:0.98292 | blocks:2 | L1_step:0.02552 (2.6%) | L2_step:0.00314 (0.3%) L2_final:0.00112 (0.1%) | L3_e3:0.95314 (97.0%) | final_max_PQ:3.681e-04
     50 total:1.02222 | blocks:2 | L1_step:0.03222 (3.2%) | L2_step:0.00334 (0.3%) L2_final:0.00114 (0.1%) | L3_e3:0.98552 (96.4%) | final_max_PQ:3.739e-04
🔘 Epoch 561 No Improvement (2/40) | Val conv@1=0.6208, conv@2=0.9975, conv@3=1.0000, conv@5=1.0000, residual@1=2.526516e-04, residual@2=2.577008e-05
     25 total:1.03935 | blocks:2 | L1_step:0.03247 (3.1%) | L2_step:0.00311 (0.3%) L2_final:0.00116 (0.1%) | L3_e3:1.00261 (96.5%) | final_max_PQ:3.230e-04
     50 total:0.88324 | blocks:2 | L1_step:0.03053 (3.5%) | L2_step:0.00300 (0.3%) L2_final:0.00103 (0.1%) | L3_e3:0.84868 (96.1%) | final_max_PQ:3.298e-04
🔘 Epoch 562 No Improvement (3/40) | Val conv@1=0.6155, conv@2=0.9848, conv@3=1.0000, conv@5=1.0000, residual@1=2.577014e-04, residual@2=3.577445e-05
     25 total:0.80976 | blocks:3 | L1_step:0.02759 (3.4%) | L2_step:0.00251 (0.3%) L2_final:0.00100 (0.1%) | L3_e3:0.77867 (96.2%) | final_max_PQ:2.933e-04
     50 total:1.00234 | blocks:2 | L1_step:0.02949 (2.9%) | L2_step:0.00321 (0.3%) L2_final:0.00114 (0.1%) | L3_e3:0.96850 (96.6%) | final_max_PQ:3.054e-04
🟩 Epoch 563 | Train loss = 1.0000 | Val conv@1=0.6225, conv@2=0.9980, conv@3=1.0000, conv@5=1.0000, residual@1=2.545802e-04, residual@2=2.920471e-05, residual@3=2.525558e-05, excess@2=0.0012, tail@2=2.851189e-04, score=3.797179 | LR: 1.5625e-05
     25 total:0.89387 | blocks:2 | L1_step:0.03206 (3.6%) | L2_step:0.00299 (0.3%) L2_final:0.00104 (0.1%) | L3_e3:0.85778 (96.0%) | final_max_PQ:3.783e-04
     50 total:0.80469 | blocks:3 | L1_step:0.02379 (3.0%) | L2_step:0.00254 (0.3%) L2_final:0.00099 (0.1%) | L3_e3:0.77737 (96.6%) | final_max_PQ:3.173e-04
🔘 Epoch 564 No Improvement (1/40) | Val conv@1=0.6175, conv@2=0.9978, conv@3=1.0000, conv@5=1.0000, residual@1=2.552579e-04, residual@2=3.214498e-05
     25 total:1.19525 | blocks:2 | L1_step:0.03290 (2.8%) | L2_step:0.00364 (0.3%) L2_final:0.00128 (0.1%) | L3_e3:1.15743 (96.8%) | final_max_PQ:5.105e-04
     50 total:1.16694 | blocks:2 | L1_step:0.03539 (3.0%) | L2_step:0.00350 (0.3%) L2_final:0.00125 (0.1%) | L3_e3:1.12680 (96.6%) | final_max_PQ:4.522e-04
🔘 Epoch 565 No Improvement (2/40) | Val conv@1=0.6175, conv@2=0.9972, conv@3=1.0000, conv@5=1.0000, residual@1=2.568737e-04, residual@2=3.379463e-05
     25 total:1.06439 | blocks:2 | L1_step:0.03030 (2.8%) | L2_step:0.00323 (0.3%) L2_final:0.00118 (0.1%) | L3_e3:1.02967 (96.7%) | final_max_PQ:5.562e-04
     50 total:1.74030 | blocks:1 | L1_step:0.05126 (2.9%) | L2_step:0.00525 (0.3%) L2_final:0.00168 (0.1%) | L3_e3:1.68212 (96.7%) | final_max_PQ:6.034e-03
🟩 Epoch 566 | Train loss = 1.0371 | Val conv@1=0.6252, conv@2=0.9978, conv@3=1.0000, conv@5=1.0000, residual@1=2.516720e-04, residual@2=2.931690e-05, residual@3=2.541597e-05, excess@2=0.0010, tail@2=2.329051e-04, score=3.803527 | LR: 1.5625e-05
     25 total:1.85073 | blocks:1 | L1_step:0.06231 (3.4%) | L2_step:0.00544 (0.3%) L2_final:0.00177 (0.1%) | L3_e3:1.78121 (96.2%) | final_max_PQ:6.256e-03
     50 total:0.87422 | blocks:3 | L1_step:0.03034 (3.5%) | L2_step:0.00273 (0.3%) L2_final:0.00104 (0.1%) | L3_e3:0.84011 (96.1%) | final_max_PQ:2.824e-04
🔘 Epoch 567 No Improvement (1/40) | Val conv@1=0.6175, conv@2=0.9962, conv@3=1.0000, conv@5=1.0000, residual@1=2.577029e-04, residual@2=3.922678e-05
     25 total:0.95368 | blocks:2 | L1_step:0.03865 (4.1%) | L2_step:0.00309 (0.3%) L2_final:0.00109 (0.1%) | L3_e3:0.91085 (95.5%) | final_max_PQ:3.471e-04
     50 total:0.88631 | blocks:2 | L1_step:0.02704 (3.1%) | L2_step:0.00309 (0.3%) L2_final:0.00104 (0.1%) | L3_e3:0.85514 (96.5%) | final_max_PQ:3.099e-04
🔘 Epoch 568 No Improvement (2/40) | Val conv@1=0.6240, conv@2=0.9980, conv@3=1.0000, conv@5=1.0000, residual@1=2.504377e-04, residual@2=2.684773e-05
     25 total:0.71612 | blocks:3 | L1_step:0.02620 (3.7%) | L2_step:0.00237 (0.3%) L2_final:0.00092 (0.1%) | L3_e3:0.68663 (95.9%) | final_max_PQ:3.700e-04
     50 total:0.97803 | blocks:2 | L1_step:0.02789 (2.9%) | L2_step:0.00310 (0.3%) L2_final:0.00111 (0.1%) | L3_e3:0.94592 (96.7%) | final_max_PQ:3.761e-04
🔘 Epoch 569 No Improvement (3/40) | Val conv@1=0.6272, conv@2=0.9975, conv@3=1.0000, conv@5=1.0000, residual@1=2.523864e-04, residual@2=3.363127e-05
     25 total:1.83025 | blocks:1 | L1_step:0.05652 (3.1%) | L2_step:0.00530 (0.3%) L2_final:0.00176 (0.1%) | L3_e3:1.76667 (96.5%) | final_max_PQ:6.065e-03
     50 total:0.63829 | blocks:3 | L1_step:0.02018 (3.2%) | L2_step:0.00217 (0.3%) L2_final:0.00086 (0.1%) | L3_e3:0.61508 (96.4%) | final_max_PQ:2.809e-04
🔘 Epoch 570 No Improvement (4/40) | Val conv@1=0.6225, conv@2=0.9978, conv@3=1.0000, conv@5=1.0000, residual@1=2.528943e-04, residual@2=3.167336e-05
     25 total:0.69013 | blocks:3 | L1_step:0.02336 (3.4%) | L2_step:0.00237 (0.3%) L2_final:0.00090 (0.1%) | L3_e3:0.66350 (96.1%) | final_max_PQ:3.444e-04
     50 total:0.84548 | blocks:3 | L1_step:0.02498 (3.0%) | L2_step:0.00269 (0.3%) L2_final:0.00102 (0.1%) | L3_e3:0.81680 (96.6%) | final_max_PQ:2.948e-04
🔘 Epoch 571 No Improvement (5/40) | Val conv@1=0.6175, conv@2=0.9982, conv@3=1.0000, conv@5=1.0000, residual@1=2.545577e-04, residual@2=3.659149e-05
     25 total:1.03831 | blocks:2 | L1_step:0.03452 (3.3%) | L2_step:0.00322 (0.3%) L2_final:0.00115 (0.1%) | L3_e3:0.99941 (96.3%) | final_max_PQ:4.373e-04
     50 total:0.56942 | blocks:3 | L1_step:0.02165 (3.8%) | L2_step:0.00210 (0.4%) L2_final:0.00081 (0.1%) | L3_e3:0.54487 (95.7%) | final_max_PQ:4.223e-04
🔘 Epoch 572 No Improvement (6/40) | Val conv@1=0.6222, conv@2=0.9968, conv@3=1.0000, conv@5=1.0000, residual@1=2.529086e-04, residual@2=2.937880e-05
     25 total:0.97031 | blocks:2 | L1_step:0.02609 (2.7%) | L2_step:0.00300 (0.3%) L2_final:0.00110 (0.1%) | L3_e3:0.94012 (96.9%) | final_max_PQ:2.866e-04
     50 total:0.84716 | blocks:2 | L1_step:0.02431 (2.9%) | L2_step:0.00279 (0.3%) L2_final:0.00101 (0.1%) | L3_e3:0.81904 (96.7%) | final_max_PQ:3.060e-04
🔘 Epoch 573 No Improvement (7/40) | Val conv@1=0.6182, conv@2=0.9972, conv@3=1.0000, conv@5=1.0000, residual@1=2.531470e-04, residual@2=3.422661e-05
     25 total:1.67193 | blocks:1 | L1_step:0.05009 (3.0%) | L2_step:0.00486 (0.3%) L2_final:0.00162 (0.1%) | L3_e3:1.61535 (96.6%) | final_max_PQ:6.574e-03
     50 total:1.21070 | blocks:2 | L1_step:0.02863 (2.4%) | L2_step:0.00351 (0.3%) L2_final:0.00129 (0.1%) | L3_e3:1.17728 (97.2%) | final_max_PQ:3.748e-04
🔘 Epoch 574 No Improvement (8/40) | Val conv@1=0.6208, conv@2=0.9968, conv@3=1.0000, conv@5=1.0000, residual@1=2.523025e-04, residual@2=2.813538e-05
     25 total:0.70831 | blocks:3 | L1_step:0.02810 (4.0%) | L2_step:0.00246 (0.3%) L2_final:0.00091 (0.1%) | L3_e3:0.67684 (95.6%) | final_max_PQ:3.369e-04
     50 total:0.96968 | blocks:2 | L1_step:0.03064 (3.2%) | L2_step:0.00305 (0.3%) L2_final:0.00110 (0.1%) | L3_e3:0.93489 (96.4%) | final_max_PQ:3.381e-04
🔘 Epoch 575 No Improvement (9/40) | Val conv@1=0.6110, conv@2=0.9975, conv@3=1.0000, conv@5=1.0000, residual@1=2.568342e-04, residual@2=3.793043e-05
     25 total:0.92509 | blocks:2 | L1_step:0.02582 (2.8%) | L2_step:0.00301 (0.3%) L2_final:0.00107 (0.1%) | L3_e3:0.89520 (96.8%) | final_max_PQ:3.128e-04
     50 total:1.08151 | blocks:2 | L1_step:0.02714 (2.5%) | L2_step:0.00313 (0.3%) L2_final:0.00120 (0.1%) | L3_e3:1.05003 (97.1%) | final_max_PQ:3.488e-04
🔘 Epoch 576 No Improvement (10/40) | Val conv@1=0.6180, conv@2=0.9970, conv@3=1.0000, conv@5=1.0000, residual@1=2.531093e-04, residual@2=3.128977e-05
     25 total:1.20280 | blocks:2 | L1_step:0.02932 (2.4%) | L2_step:0.00371 (0.3%) L2_final:0.00129 (0.1%) | L3_e3:1.16847 (97.1%) | final_max_PQ:3.743e-04
     50 total:1.05444 | blocks:2 | L1_step:0.03056 (2.9%) | L2_step:0.00322 (0.3%) L2_final:0.00117 (0.1%) | L3_e3:1.01949 (96.7%) | final_max_PQ:3.268e-04
🔘 Epoch 577 No Improvement (11/40) | Val conv@1=0.6208, conv@2=0.9978, conv@3=1.0000, conv@5=1.0000, residual@1=2.528004e-04, residual@2=2.857215e-05
     25 total:0.72171 | blocks:3 | L1_step:0.02431 (3.4%) | L2_step:0.00242 (0.3%) L2_final:0.00092 (0.1%) | L3_e3:0.69406 (96.2%) | final_max_PQ:2.481e-04
     50 total:1.00561 | blocks:2 | L1_step:0.03120 (3.1%) | L2_step:0.00329 (0.3%) L2_final:0.00112 (0.1%) | L3_e3:0.96999 (96.5%) | final_max_PQ:2.988e-04
🔘 Epoch 578 No Improvement (12/40) | Val conv@1=0.6220, conv@2=0.9975, conv@3=1.0000, conv@5=1.0000, residual@1=2.562672e-04, residual@2=3.642729e-05
     25 total:1.20942 | blocks:2 | L1_step:0.03345 (2.8%) | L2_step:0.00337 (0.3%) L2_final:0.00129 (0.1%) | L3_e3:1.17131 (96.8%) | final_max_PQ:3.342e-04
     50 total:1.09077 | blocks:2 | L1_step:0.03815 (3.5%) | L2_step:0.00328 (0.3%) L2_final:0.00119 (0.1%) | L3_e3:1.04815 (96.1%) | final_max_PQ:6.389e-04
🔘 Epoch 579 No Improvement (13/40) | Val conv@1=0.6235, conv@2=0.9975, conv@3=1.0000, conv@5=1.0000, residual@1=2.537346e-04, residual@2=3.296365e-05
     25 total:0.96687 | blocks:2 | L1_step:0.02593 (2.7%) | L2_step:0.00313 (0.3%) L2_final:0.00111 (0.1%) | L3_e3:0.93671 (96.9%) | final_max_PQ:5.830e-04
     50 total:1.01021 | blocks:2 | L1_step:0.03009 (3.0%) | L2_step:0.00311 (0.3%) L2_final:0.00114 (0.1%) | L3_e3:0.97588 (96.6%) | final_max_PQ:6.701e-04
🔘 Epoch 580 No Improvement (14/40) | Val conv@1=0.6235, conv@2=0.9955, conv@3=1.0000, conv@5=1.0000, residual@1=2.507858e-04, residual@2=2.868280e-05
     25 total:0.91966 | blocks:2 | L1_step:0.03286 (3.6%) | L2_step:0.00287 (0.3%) L2_final:0.00107 (0.1%) | L3_e3:0.88287 (96.0%) | final_max_PQ:3.564e-04
     50 total:1.69098 | blocks:1 | L1_step:0.04620 (2.7%) | L2_step:0.00541 (0.3%) L2_final:0.00165 (0.1%) | L3_e3:1.63773 (96.9%) | final_max_PQ:6.914e-03
🔘 Epoch 581 No Improvement (15/40) | Val conv@1=0.6222, conv@2=0.9968, conv@3=1.0000, conv@5=1.0000, residual@1=2.524574e-04, residual@2=3.425245e-05
     25 total:0.79465 | blocks:3 | L1_step:0.03772 (4.7%) | L2_step:0.00266 (0.3%) L2_final:0.00098 (0.1%) | L3_e3:0.75330 (94.8%) | final_max_PQ:3.971e-04
     50 total:0.98697 | blocks:2 | L1_step:0.03005 (3.0%) | L2_step:0.00294 (0.3%) L2_final:0.00112 (0.1%) | L3_e3:0.95286 (96.5%) | final_max_PQ:3.209e-04
🔘 Epoch 582 No Improvement (16/40) | Val conv@1=0.6208, conv@2=0.9970, conv@3=1.0000, conv@5=1.0000, residual@1=2.529744e-04, residual@2=2.593207e-05
     25 total:1.17004 | blocks:2 | L1_step:0.03698 (3.2%) | L2_step:0.00348 (0.3%) L2_final:0.00125 (0.1%) | L3_e3:1.12832 (96.4%) | final_max_PQ:4.759e-04
     50 total:2.08772 | blocks:1 | L1_step:0.05639 (2.7%) | L2_step:0.00576 (0.3%) L2_final:0.00196 (0.1%) | L3_e3:2.02361 (96.9%) | final_max_PQ:7.429e-03
🔘 Epoch 583 No Improvement (17/40) | Val conv@1=0.6202, conv@2=0.9960, conv@3=1.0000, conv@5=1.0000, residual@1=2.514449e-04, residual@2=3.151197e-05
     25 total:1.57791 | blocks:1 | L1_step:0.05058 (3.2%) | L2_step:0.00494 (0.3%) L2_final:0.00154 (0.1%) | L3_e3:1.52085 (96.4%) | final_max_PQ:5.453e-03
     50 total:0.98986 | blocks:2 | L1_step:0.03741 (3.8%) | L2_step:0.00306 (0.3%) L2_final:0.00113 (0.1%) | L3_e3:0.94826 (95.8%) | final_max_PQ:1.109e-03
🔘 Epoch 584 No Improvement (18/40) | Val conv@1=0.6210, conv@2=0.9970, conv@3=1.0000, conv@5=1.0000, residual@1=2.527453e-04, residual@2=3.359399e-05
     25 total:0.91202 | blocks:2 | L1_step:0.04120 (4.5%) | L2_step:0.00283 (0.3%) L2_final:0.00105 (0.1%) | L3_e3:0.86694 (95.1%) | final_max_PQ:3.106e-04
     50 total:0.89994 | blocks:2 | L1_step:0.03262 (3.6%) | L2_step:0.00316 (0.4%) L2_final:0.00104 (0.1%) | L3_e3:0.86313 (95.9%) | final_max_PQ:2.930e-04
🔘 Epoch 585 No Improvement (19/40) | Val conv@1=0.6225, conv@2=0.9972, conv@3=1.0000, conv@5=1.0000, residual@1=2.520895e-04, residual@2=3.100500e-05
     25 total:1.13253 | blocks:2 | L1_step:0.02917 (2.6%) | L2_step:0.00342 (0.3%) L2_final:0.00123 (0.1%) | L3_e3:1.09871 (97.0%) | final_max_PQ:3.809e-04
     50 total:0.92248 | blocks:2 | L1_step:0.02929 (3.2%) | L2_step:0.00301 (0.3%) L2_final:0.00106 (0.1%) | L3_e3:0.88912 (96.4%) | final_max_PQ:2.920e-04
🔘 Epoch 586 No Improvement (20/40) | Val conv@1=0.6212, conv@2=0.9970, conv@3=1.0000, conv@5=1.0000, residual@1=2.516644e-04, residual@2=3.112511e-05
     25 total:0.93340 | blocks:2 | L1_step:0.02787 (3.0%) | L2_step:0.00284 (0.3%) L2_final:0.00108 (0.1%) | L3_e3:0.90161 (96.6%) | final_max_PQ:4.612e-04
     50 total:0.98961 | blocks:2 | L1_step:0.03142 (3.2%) | L2_step:0.00302 (0.3%) L2_final:0.00112 (0.1%) | L3_e3:0.95406 (96.4%) | final_max_PQ:3.556e-04
🔻 LR reduced: 1.56e-05 -> 7.81e-06
🔘 Epoch 587 No Improvement (21/40) | Val conv@1=0.6198, conv@2=0.9968, conv@3=1.0000, conv@5=1.0000, residual@1=2.512598e-04, residual@2=3.048161e-05
     25 total:0.90090 | blocks:2 | L1_step:0.02732 (3.0%) | L2_step:0.00300 (0.3%) L2_final:0.00105 (0.1%) | L3_e3:0.86952 (96.5%) | final_max_PQ:3.362e-04
     50 total:0.79110 | blocks:2 | L1_step:0.03574 (4.5%) | L2_step:0.00277 (0.3%) L2_final:0.00096 (0.1%) | L3_e3:0.75163 (95.0%) | final_max_PQ:3.353e-04
🔘 Epoch 588 No Improvement (22/40) | Val conv@1=0.6260, conv@2=0.9978, conv@3=1.0000, conv@5=1.0000, residual@1=2.516265e-04, residual@2=2.966413e-05
     25 total:0.94691 | blocks:2 | L1_step:0.03041 (3.2%) | L2_step:0.00289 (0.3%) L2_final:0.00109 (0.1%) | L3_e3:0.91252 (96.4%) | final_max_PQ:3.265e-04
     50 total:0.93696 | blocks:2 | L1_step:0.03012 (3.2%) | L2_step:0.00295 (0.3%) L2_final:0.00108 (0.1%) | L3_e3:0.90281 (96.4%) | final_max_PQ:3.860e-04
🔘 Epoch 589 No Improvement (23/40) | Val conv@1=0.6245, conv@2=0.9982, conv@3=1.0000, conv@5=1.0000, residual@1=2.484882e-04, residual@2=2.873699e-05
     25 total:0.91469 | blocks:2 | L1_step:0.02914 (3.2%) | L2_step:0.00295 (0.3%) L2_final:0.00106 (0.1%) | L3_e3:0.88153 (96.4%) | final_max_PQ:2.795e-04
     50 total:0.80199 | blocks:3 | L1_step:0.02287 (2.9%) | L2_step:0.00258 (0.3%) L2_final:0.00099 (0.1%) | L3_e3:0.77554 (96.7%) | final_max_PQ:2.970e-04
🔘 Epoch 590 No Improvement (24/40) | Val conv@1=0.6232, conv@2=0.9978, conv@3=1.0000, conv@5=1.0000, residual@1=2.484926e-04, residual@2=2.507921e-05
     25 total:0.92410 | blocks:2 | L1_step:0.02809 (3.0%) | L2_step:0.00303 (0.3%) L2_final:0.00107 (0.1%) | L3_e3:0.89192 (96.5%) | final_max_PQ:2.978e-04
     50 total:0.87450 | blocks:2 | L1_step:0.02753 (3.1%) | L2_step:0.00295 (0.3%) L2_final:0.00103 (0.1%) | L3_e3:0.84299 (96.4%) | final_max_PQ:3.390e-04
🔘 Epoch 591 No Improvement (25/40) | Val conv@1=0.6225, conv@2=0.9980, conv@3=1.0000, conv@5=1.0000, residual@1=2.484050e-04, residual@2=2.711472e-05
     25 total:0.88880 | blocks:2 | L1_step:0.02661 (3.0%) | L2_step:0.00291 (0.3%) L2_final:0.00104 (0.1%) | L3_e3:0.85824 (96.6%) | final_max_PQ:3.743e-04
     50 total:2.15278 | blocks:1 | L1_step:0.05814 (2.7%) | L2_step:0.00598 (0.3%) L2_final:0.00201 (0.1%) | L3_e3:2.08666 (96.9%) | final_max_PQ:1.072e-02
🔘 Epoch 592 No Improvement (26/40) | Val conv@1=0.6262, conv@2=0.9982, conv@3=1.0000, conv@5=1.0000, residual@1=2.501387e-04, residual@2=2.649650e-05
     25 total:1.06344 | blocks:2 | L1_step:0.02940 (2.8%) | L2_step:0.00324 (0.3%) L2_final:0.00118 (0.1%) | L3_e3:1.02962 (96.8%) | final_max_PQ:3.366e-04
     50 total:0.82732 | blocks:3 | L1_step:0.02526 (3.1%) | L2_step:0.00254 (0.3%) L2_final:0.00101 (0.1%) | L3_e3:0.79851 (96.5%) | final_max_PQ:3.127e-04
🟩 Epoch 593 | Train loss = 0.9906 | Val conv@1=0.6280, conv@2=0.9978, conv@3=1.0000, conv@5=1.0000, residual@1=2.490949e-04, residual@2=2.805340e-05, residual@3=2.407735e-05, excess@2=0.0009, tail@2=2.128781e-04, score=3.808114 | LR: 7.8125e-06
     25 total:1.04443 | blocks:2 | L1_step:0.04131 (4.0%) | L2_step:0.00325 (0.3%) L2_final:0.00117 (0.1%) | L3_e3:0.99871 (95.6%) | final_max_PQ:7.036e-04
     50 total:0.62715 | blocks:3 | L1_step:0.01843 (2.9%) | L2_step:0.00228 (0.4%) L2_final:0.00085 (0.1%) | L3_e3:0.60558 (96.6%) | final_max_PQ:2.874e-04
🔘 Epoch 594 No Improvement (1/40) | Val conv@1=0.6245, conv@2=0.9978, conv@3=1.0000, conv@5=1.0000, residual@1=2.487864e-04, residual@2=2.820821e-05
     25 total:0.70497 | blocks:3 | L1_step:0.01886 (2.7%) | L2_step:0.00228 (0.3%) L2_final:0.00092 (0.1%) | L3_e3:0.68291 (96.9%) | final_max_PQ:2.838e-04
     50 total:0.78275 | blocks:3 | L1_step:0.02078 (2.7%) | L2_step:0.00281 (0.4%) L2_final:0.00098 (0.1%) | L3_e3:0.75818 (96.9%) | final_max_PQ:3.232e-04
🔘 Epoch 595 No Improvement (2/40) | Val conv@1=0.6228, conv@2=0.9982, conv@3=1.0000, conv@5=1.0000, residual@1=2.478585e-04, residual@2=2.688541e-05
     25 total:1.02505 | blocks:2 | L1_step:0.02834 (2.8%) | L2_step:0.00328 (0.3%) L2_final:0.00115 (0.1%) | L3_e3:0.99228 (96.8%) | final_max_PQ:2.991e-04
     50 total:0.70474 | blocks:3 | L1_step:0.02195 (3.1%) | L2_step:0.00251 (0.4%) L2_final:0.00091 (0.1%) | L3_e3:0.67937 (96.4%) | final_max_PQ:3.805e-04
🔘 Epoch 596 No Improvement (3/40) | Val conv@1=0.6225, conv@2=0.9978, conv@3=1.0000, conv@5=1.0000, residual@1=2.474635e-04, residual@2=2.708310e-05
     25 total:0.76192 | blocks:2 | L1_step:0.03616 (4.7%) | L2_step:0.00275 (0.4%) L2_final:0.00094 (0.1%) | L3_e3:0.72207 (94.8%) | final_max_PQ:4.022e-04
     50 total:1.07341 | blocks:2 | L1_step:0.03352 (3.1%) | L2_step:0.00314 (0.3%) L2_final:0.00118 (0.1%) | L3_e3:1.03556 (96.5%) | final_max_PQ:3.525e-04
🔘 Epoch 597 No Improvement (4/40) | Val conv@1=0.6222, conv@2=0.9985, conv@3=1.0000, conv@5=1.0000, residual@1=2.473957e-04, residual@2=2.757704e-05
     25 total:0.85758 | blocks:3 | L1_step:0.02282 (2.7%) | L2_step:0.00263 (0.3%) L2_final:0.00104 (0.1%) | L3_e3:0.83110 (96.9%) | final_max_PQ:3.125e-04
     50 total:1.01433 | blocks:2 | L1_step:0.03039 (3.0%) | L2_step:0.00337 (0.3%) L2_final:0.00114 (0.1%) | L3_e3:0.97944 (96.6%) | final_max_PQ:3.204e-04
🔘 Epoch 598 No Improvement (5/40) | Val conv@1=0.6228, conv@2=0.9978, conv@3=1.0000, conv@5=1.0000, residual@1=2.472856e-04, residual@2=2.884621e-05
     25 total:0.96536 | blocks:2 | L1_step:0.02704 (2.8%) | L2_step:0.00299 (0.3%) L2_final:0.00110 (0.1%) | L3_e3:0.93424 (96.8%) | final_max_PQ:3.599e-04
     50 total:0.85947 | blocks:2 | L1_step:0.03015 (3.5%) | L2_step:0.00291 (0.3%) L2_final:0.00102 (0.1%) | L3_e3:0.82539 (96.0%) | final_max_PQ:3.226e-04
🔘 Epoch 599 No Improvement (6/40) | Val conv@1=0.6285, conv@2=0.9980, conv@3=1.0000, conv@5=1.0000, residual@1=2.482763e-04, residual@2=2.701166e-05
     25 total:0.94501 | blocks:2 | L1_step:0.02651 (2.8%) | L2_step:0.00310 (0.3%) L2_final:0.00110 (0.1%) | L3_e3:0.91429 (96.7%) | final_max_PQ:4.602e-04
     50 total:0.79885 | blocks:3 | L1_step:0.02232 (2.8%) | L2_step:0.00259 (0.3%) L2_final:0.00099 (0.1%) | L3_e3:0.77296 (96.8%) | final_max_PQ:3.166e-04
🔘 Epoch 600 No Improvement (7/40) | Val conv@1=0.6245, conv@2=0.9980, conv@3=1.0000, conv@5=1.0000, residual@1=2.471764e-04, residual@2=2.790994e-05
     25 total:1.00924 | blocks:2 | L1_step:0.02654 (2.6%) | L2_step:0.00327 (0.3%) L2_final:0.00114 (0.1%) | L3_e3:0.97829 (96.9%) | final_max_PQ:3.294e-04
     50 total:1.98181 | blocks:1 | L1_step:0.04777 (2.4%) | L2_step:0.00658 (0.3%) L2_final:0.00185 (0.1%) | L3_e3:1.92561 (97.2%) | final_max_PQ:8.377e-03
🔘 Epoch 601 No Improvement (8/40) | Val conv@1=0.6238, conv@2=0.9978, conv@3=1.0000, conv@5=1.0000, residual@1=2.473986e-04, residual@2=2.431489e-05
     25 total:0.97388 | blocks:2 | L1_step:0.02497 (2.6%) | L2_step:0.00325 (0.3%) L2_final:0.00111 (0.1%) | L3_e3:0.94455 (97.0%) | final_max_PQ:3.124e-04
     50 total:1.29544 | blocks:2 | L1_step:0.03267 (2.5%) | L2_step:0.00398 (0.3%) L2_final:0.00135 (0.1%) | L3_e3:1.25744 (97.1%) | final_max_PQ:4.374e-04
🔘 Epoch 602 No Improvement (9/40) | Val conv@1=0.6260, conv@2=0.9978, conv@3=1.0000, conv@5=1.0000, residual@1=2.511843e-04, residual@2=3.123259e-05
     25 total:0.95651 | blocks:2 | L1_step:0.02962 (3.1%) | L2_step:0.00338 (0.4%) L2_final:0.00109 (0.1%) | L3_e3:0.92241 (96.4%) | final_max_PQ:3.161e-04
     50 total:1.03609 | blocks:2 | L1_step:0.02560 (2.5%) | L2_step:0.00339 (0.3%) L2_final:0.00116 (0.1%) | L3_e3:1.00593 (97.1%) | final_max_PQ:3.125e-04
🔘 Epoch 603 No Improvement (10/40) | Val conv@1=0.6240, conv@2=0.9975, conv@3=1.0000, conv@5=1.0000, residual@1=2.496496e-04, residual@2=2.993372e-05
     25 total:0.77295 | blocks:3 | L1_step:0.02233 (2.9%) | L2_step:0.00244 (0.3%) L2_final:0.00097 (0.1%) | L3_e3:0.74722 (96.7%) | final_max_PQ:3.566e-04
     50 total:0.86472 | blocks:2 | L1_step:0.02288 (2.6%) | L2_step:0.00309 (0.4%) L2_final:0.00102 (0.1%) | L3_e3:0.83773 (96.9%) | final_max_PQ:3.535e-04
🔘 Epoch 604 No Improvement (11/40) | Val conv@1=0.6232, conv@2=0.9982, conv@3=1.0000, conv@5=1.0000, residual@1=2.492739e-04, residual@2=2.939305e-05
     25 total:0.95722 | blocks:2 | L1_step:0.03138 (3.3%) | L2_step:0.00322 (0.3%) L2_final:0.00110 (0.1%) | L3_e3:0.92151 (96.3%) | final_max_PQ:3.954e-04
     50 total:1.00692 | blocks:2 | L1_step:0.02904 (2.9%) | L2_step:0.00338 (0.3%) L2_final:0.00113 (0.1%) | L3_e3:0.97336 (96.7%) | final_max_PQ:3.453e-04
🔘 Epoch 605 No Improvement (12/40) | Val conv@1=0.6240, conv@2=0.9978, conv@3=1.0000, conv@5=1.0000, residual@1=2.470041e-04, residual@2=2.471683e-05
     25 total:1.59660 | blocks:1 | L1_step:0.05709 (3.6%) | L2_step:0.00480 (0.3%) L2_final:0.00155 (0.1%) | L3_e3:1.53316 (96.0%) | final_max_PQ:4.911e-03
     50 total:0.63639 | blocks:3 | L1_step:0.01960 (3.1%) | L2_step:0.00236 (0.4%) L2_final:0.00086 (0.1%) | L3_e3:0.61359 (96.4%) | final_max_PQ:3.164e-04
🔘 Epoch 606 No Improvement (13/40) | Val conv@1=0.6175, conv@2=0.9975, conv@3=1.0000, conv@5=1.0000, residual@1=2.500504e-04, residual@2=2.703065e-05
     25 total:1.05818 | blocks:2 | L1_step:0.02451 (2.3%) | L2_step:0.00346 (0.3%) L2_final:0.00116 (0.1%) | L3_e3:1.02904 (97.2%) | final_max_PQ:4.283e-04
     50 total:0.80613 | blocks:2 | L1_step:0.02575 (3.2%) | L2_step:0.00286 (0.4%) L2_final:0.00098 (0.1%) | L3_e3:0.77654 (96.3%) | final_max_PQ:3.025e-04
🔘 Epoch 607 No Improvement (14/40) | Val conv@1=0.6222, conv@2=0.9980, conv@3=1.0000, conv@5=1.0000, residual@1=2.488703e-04, residual@2=2.903988e-05
     25 total:1.54493 | blocks:1 | L1_step:0.04870 (3.2%) | L2_step:0.00483 (0.3%) L2_final:0.00153 (0.1%) | L3_e3:1.48988 (96.4%) | final_max_PQ:7.137e-03
     50 total:1.05709 | blocks:2 | L1_step:0.02985 (2.8%) | L2_step:0.00314 (0.3%) L2_final:0.00118 (0.1%) | L3_e3:1.02292 (96.8%) | final_max_PQ:3.263e-04
🔘 Epoch 608 No Improvement (15/40) | Val conv@1=0.6245, conv@2=0.9982, conv@3=1.0000, conv@5=1.0000, residual@1=2.470789e-04, residual@2=2.425532e-05
     25 total:0.93851 | blocks:2 | L1_step:0.02847 (3.0%) | L2_step:0.00280 (0.3%) L2_final:0.00108 (0.1%) | L3_e3:0.90616 (96.6%) | final_max_PQ:3.437e-04
     50 total:0.81031 | blocks:3 | L1_step:0.01885 (2.3%) | L2_step:0.00269 (0.3%) L2_final:0.00101 (0.1%) | L3_e3:0.78777 (97.2%) | final_max_PQ:3.459e-04
🔘 Epoch 609 No Improvement (16/40) | Val conv@1=0.6225, conv@2=0.9980, conv@3=1.0000, conv@5=1.0000, residual@1=2.487488e-04, residual@2=2.844032e-05
     25 total:0.99297 | blocks:2 | L1_step:0.02973 (3.0%) | L2_step:0.00298 (0.3%) L2_final:0.00112 (0.1%) | L3_e3:0.95914 (96.6%) | final_max_PQ:3.191e-04
     50 total:0.66375 | blocks:3 | L1_step:0.01695 (2.6%) | L2_step:0.00239 (0.4%) L2_final:0.00088 (0.1%) | L3_e3:0.64353 (97.0%) | final_max_PQ:2.908e-04
🔘 Epoch 610 No Improvement (17/40) | Val conv@1=0.6208, conv@2=0.9982, conv@3=1.0000, conv@5=1.0000, residual@1=2.493585e-04, residual@2=2.667084e-05
     25 total:0.91210 | blocks:2 | L1_step:0.02523 (2.8%) | L2_step:0.00314 (0.3%) L2_final:0.00106 (0.1%) | L3_e3:0.88267 (96.8%) | final_max_PQ:2.824e-04
     50 total:0.91792 | blocks:2 | L1_step:0.02440 (2.7%) | L2_step:0.00311 (0.3%) L2_final:0.00106 (0.1%) | L3_e3:0.88934 (96.9%) | final_max_PQ:2.873e-04
🔘 Epoch 611 No Improvement (18/40) | Val conv@1=0.6248, conv@2=0.9985, conv@3=1.0000, conv@5=1.0000, residual@1=2.486262e-04, residual@2=2.748246e-05
     25 total:1.02561 | blocks:2 | L1_step:0.02822 (2.8%) | L2_step:0.00315 (0.3%) L2_final:0.00115 (0.1%) | L3_e3:0.99310 (96.8%) | final_max_PQ:3.070e-04
     50 total:0.78687 | blocks:3 | L1_step:0.01883 (2.4%) | L2_step:0.00254 (0.3%) L2_final:0.00098 (0.1%) | L3_e3:0.76451 (97.2%) | final_max_PQ:2.850e-04
🟩 Epoch 612 | Train loss = 1.0230 | Val conv@1=0.6252, conv@2=0.9972, conv@3=1.0000, conv@5=1.0000, residual@1=2.454138e-04, residual@2=2.630443e-05, residual@3=2.322615e-05, excess@2=0.0006, tail@2=1.677275e-04, score=3.809212 | LR: 7.8125e-06
     25 total:0.65927 | blocks:3 | L1_step:0.02000 (3.0%) | L2_step:0.00222 (0.3%) L2_final:0.00088 (0.1%) | L3_e3:0.63618 (96.5%) | final_max_PQ:3.416e-04
     50 total:0.72279 | blocks:3 | L1_step:0.02072 (2.9%) | L2_step:0.00237 (0.3%) L2_final:0.00093 (0.1%) | L3_e3:0.69876 (96.7%) | final_max_PQ:2.896e-04
🔘 Epoch 613 No Improvement (1/40) | Val conv@1=0.6238, conv@2=0.9980, conv@3=1.0000, conv@5=1.0000, residual@1=2.472365e-04, residual@2=2.412603e-05
     25 total:1.72518 | blocks:1 | L1_step:0.04916 (2.8%) | L2_step:0.00576 (0.3%) L2_final:0.00164 (0.1%) | L3_e3:1.66862 (96.7%) | final_max_PQ:5.950e-03
     50 total:1.73326 | blocks:1 | L1_step:0.04859 (2.8%) | L2_step:0.00528 (0.3%) L2_final:0.00166 (0.1%) | L3_e3:1.67773 (96.8%) | final_max_PQ:5.576e-03
🔘 Epoch 614 No Improvement (2/40) | Val conv@1=0.6268, conv@2=0.9982, conv@3=1.0000, conv@5=1.0000, residual@1=2.488584e-04, residual@2=3.122387e-05
     25 total:0.93168 | blocks:2 | L1_step:0.02933 (3.1%) | L2_step:0.00302 (0.3%) L2_final:0.00107 (0.1%) | L3_e3:0.89825 (96.4%) | final_max_PQ:2.988e-04
     50 total:0.95153 | blocks:2 | L1_step:0.02835 (3.0%) | L2_step:0.00301 (0.3%) L2_final:0.00110 (0.1%) | L3_e3:0.91907 (96.6%) | final_max_PQ:4.228e-04
🔘 Epoch 615 No Improvement (3/40) | Val conv@1=0.6265, conv@2=0.9980, conv@3=1.0000, conv@5=1.0000, residual@1=2.494749e-04, residual@2=3.236094e-05
     25 total:0.74629 | blocks:3 | L1_step:0.01840 (2.5%) | L2_step:0.00234 (0.3%) L2_final:0.00096 (0.1%) | L3_e3:0.72459 (97.1%) | final_max_PQ:3.075e-04
     50 total:0.85318 | blocks:2 | L1_step:0.02832 (3.3%) | L2_step:0.00293 (0.3%) L2_final:0.00101 (0.1%) | L3_e3:0.82093 (96.2%) | final_max_PQ:2.832e-04
🔘 Epoch 616 No Improvement (4/40) | Val conv@1=0.6230, conv@2=0.9982, conv@3=1.0000, conv@5=1.0000, residual@1=2.500464e-04, residual@2=3.365206e-05
     25 total:0.78916 | blocks:3 | L1_step:0.02283 (2.9%) | L2_step:0.00261 (0.3%) L2_final:0.00098 (0.1%) | L3_e3:0.76273 (96.7%) | final_max_PQ:3.895e-04
     50 total:2.11951 | blocks:1 | L1_step:0.05396 (2.5%) | L2_step:0.00580 (0.3%) L2_final:0.00200 (0.1%) | L3_e3:2.05776 (97.1%) | final_max_PQ:1.020e-02
🔘 Epoch 617 No Improvement (5/40) | Val conv@1=0.6220, conv@2=0.9988, conv@3=1.0000, conv@5=1.0000, residual@1=2.467845e-04, residual@2=2.930478e-05
     25 total:1.05119 | blocks:2 | L1_step:0.02801 (2.7%) | L2_step:0.00347 (0.3%) L2_final:0.00117 (0.1%) | L3_e3:1.01854 (96.9%) | final_max_PQ:3.288e-04
     50 total:0.87755 | blocks:2 | L1_step:0.02662 (3.0%) | L2_step:0.00304 (0.3%) L2_final:0.00103 (0.1%) | L3_e3:0.84686 (96.5%) | final_max_PQ:3.535e-04
🔘 Epoch 618 No Improvement (6/40) | Val conv@1=0.6245, conv@2=0.9980, conv@3=1.0000, conv@5=1.0000, residual@1=2.470965e-04, residual@2=2.855501e-05
     25 total:1.58326 | blocks:1 | L1_step:0.04853 (3.1%) | L2_step:0.00463 (0.3%) L2_final:0.00156 (0.1%) | L3_e3:1.52854 (96.5%) | final_max_PQ:5.977e-03
     50 total:2.20324 | blocks:1 | L1_step:0.05464 (2.5%) | L2_step:0.00583 (0.3%) L2_final:0.00206 (0.1%) | L3_e3:2.14072 (97.2%) | final_max_PQ:1.171e-02
🔘 Epoch 619 No Improvement (7/40) | Val conv@1=0.6260, conv@2=0.9985, conv@3=1.0000, conv@5=1.0000, residual@1=2.461059e-04, residual@2=2.786369e-05
     25 total:1.15693 | blocks:2 | L1_step:0.03308 (2.9%) | L2_step:0.00338 (0.3%) L2_final:0.00126 (0.1%) | L3_e3:1.11920 (96.7%) | final_max_PQ:5.316e-04
     50 total:0.97701 | blocks:2 | L1_step:0.03406 (3.5%) | L2_step:0.00317 (0.3%) L2_final:0.00111 (0.1%) | L3_e3:0.93868 (96.1%) | final_max_PQ:5.007e-04
🔘 Epoch 620 No Improvement (8/40) | Val conv@1=0.6265, conv@2=0.9985, conv@3=1.0000, conv@5=1.0000, residual@1=2.454771e-04, residual@2=2.443566e-05
     25 total:0.98857 | blocks:2 | L1_step:0.03232 (3.3%) | L2_step:0.00303 (0.3%) L2_final:0.00112 (0.1%) | L3_e3:0.95209 (96.3%) | final_max_PQ:4.016e-04
     50 total:0.69810 | blocks:3 | L1_step:0.01767 (2.5%) | L2_step:0.00269 (0.4%) L2_final:0.00091 (0.1%) | L3_e3:0.67684 (97.0%) | final_max_PQ:3.136e-04
🔘 Epoch 621 No Improvement (9/40) | Val conv@1=0.6230, conv@2=0.9980, conv@3=1.0000, conv@5=1.0000, residual@1=2.473154e-04, residual@2=2.843133e-05
     25 total:0.90068 | blocks:2 | L1_step:0.02824 (3.1%) | L2_step:0.00298 (0.3%) L2_final:0.00105 (0.1%) | L3_e3:0.86840 (96.4%) | final_max_PQ:4.950e-04
     50 total:0.93260 | blocks:2 | L1_step:0.03504 (3.8%) | L2_step:0.00320 (0.3%) L2_final:0.00107 (0.1%) | L3_e3:0.89331 (95.8%) | final_max_PQ:3.696e-04
🔘 Epoch 622 No Improvement (10/40) | Val conv@1=0.6245, conv@2=0.9982, conv@3=1.0000, conv@5=1.0000, residual@1=2.477815e-04, residual@2=2.874933e-05
     25 total:1.06739 | blocks:2 | L1_step:0.03666 (3.4%) | L2_step:0.00327 (0.3%) L2_final:0.00118 (0.1%) | L3_e3:1.02628 (96.1%) | final_max_PQ:5.680e-04
     50 total:0.75703 | blocks:3 | L1_step:0.02809 (3.7%) | L2_step:0.00252 (0.3%) L2_final:0.00095 (0.1%) | L3_e3:0.72547 (95.8%) | final_max_PQ:2.510e-04
🔘 Epoch 623 No Improvement (11/40) | Val conv@1=0.6248, conv@2=0.9975, conv@3=1.0000, conv@5=1.0000, residual@1=2.503389e-04, residual@2=3.047601e-05
     25 total:0.72760 | blocks:3 | L1_step:0.02391 (3.3%) | L2_step:0.00246 (0.3%) L2_final:0.00093 (0.1%) | L3_e3:0.70030 (96.2%) | final_max_PQ:2.958e-04
     50 total:0.94831 | blocks:2 | L1_step:0.03109 (3.3%) | L2_step:0.00312 (0.3%) L2_final:0.00108 (0.1%) | L3_e3:0.91302 (96.3%) | final_max_PQ:3.065e-04
🔘 Epoch 624 No Improvement (12/40) | Val conv@1=0.6280, conv@2=0.9982, conv@3=1.0000, conv@5=1.0000, residual@1=2.451576e-04, residual@2=2.532241e-05
     25 total:1.65491 | blocks:1 | L1_step:0.05123 (3.1%) | L2_step:0.00509 (0.3%) L2_final:0.00161 (0.1%) | L3_e3:1.59698 (96.5%) | final_max_PQ:7.819e-03
     50 total:1.07494 | blocks:2 | L1_step:0.03693 (3.4%) | L2_step:0.00306 (0.3%) L2_final:0.00118 (0.1%) | L3_e3:1.03377 (96.2%) | final_max_PQ:3.589e-04
🔘 Epoch 625 No Improvement (13/40) | Val conv@1=0.6268, conv@2=0.9980, conv@3=1.0000, conv@5=1.0000, residual@1=2.478794e-04, residual@2=2.679520e-05
     25 total:0.92851 | blocks:2 | L1_step:0.02949 (3.2%) | L2_step:0.00318 (0.3%) L2_final:0.00107 (0.1%) | L3_e3:0.89477 (96.4%) | final_max_PQ:3.643e-04
     50 total:1.17224 | blocks:2 | L1_step:0.02994 (2.6%) | L2_step:0.00328 (0.3%) L2_final:0.00127 (0.1%) | L3_e3:1.13775 (97.1%) | final_max_PQ:3.949e-04
🔘 Epoch 626 No Improvement (14/40) | Val conv@1=0.6228, conv@2=0.9985, conv@3=1.0000, conv@5=1.0000, residual@1=2.483272e-04, residual@2=2.786910e-05
     25 total:0.73348 | blocks:3 | L1_step:0.02245 (3.1%) | L2_step:0.00242 (0.3%) L2_final:0.00093 (0.1%) | L3_e3:0.70768 (96.5%) | final_max_PQ:2.968e-04
     50 total:1.89781 | blocks:1 | L1_step:0.04566 (2.4%) | L2_step:0.00621 (0.3%) L2_final:0.00192 (0.1%) | L3_e3:1.84403 (97.2%) | final_max_PQ:2.562e-02
🔘 Epoch 627 No Improvement (15/40) | Val conv@1=0.6248, conv@2=0.9980, conv@3=1.0000, conv@5=1.0000, residual@1=2.474043e-04, residual@2=2.769983e-05
     25 total:0.73474 | blocks:3 | L1_step:0.01990 (2.7%) | L2_step:0.00253 (0.3%) L2_final:0.00094 (0.1%) | L3_e3:0.71136 (96.8%) | final_max_PQ:3.175e-04
     50 total:0.65209 | blocks:3 | L1_step:0.03024 (4.6%) | L2_step:0.00229 (0.4%) L2_final:0.00086 (0.1%) | L3_e3:0.61870 (94.9%) | final_max_PQ:3.679e-04
🔘 Epoch 628 No Improvement (16/40) | Val conv@1=0.6210, conv@2=0.9985, conv@3=1.0000, conv@5=1.0000, residual@1=2.463252e-04, residual@2=2.674579e-05
     25 total:1.02583 | blocks:2 | L1_step:0.02695 (2.6%) | L2_step:0.00327 (0.3%) L2_final:0.00116 (0.1%) | L3_e3:0.99446 (96.9%) | final_max_PQ:3.271e-04
     50 total:0.70175 | blocks:3 | L1_step:0.01933 (2.8%) | L2_step:0.00248 (0.4%) L2_final:0.00091 (0.1%) | L3_e3:0.67902 (96.8%) | final_max_PQ:3.028e-04
🔘 Epoch 629 No Improvement (17/40) | Val conv@1=0.6230, conv@2=0.9988, conv@3=1.0000, conv@5=1.0000, residual@1=2.461331e-04, residual@2=2.843741e-05
     25 total:1.09603 | blocks:2 | L1_step:0.03763 (3.4%) | L2_step:0.00326 (0.3%) L2_final:0.00120 (0.1%) | L3_e3:1.05393 (96.2%) | final_max_PQ:6.214e-04
     50 total:0.70609 | blocks:3 | L1_step:0.01832 (2.6%) | L2_step:0.00257 (0.4%) L2_final:0.00091 (0.1%) | L3_e3:0.68429 (96.9%) | final_max_PQ:2.750e-04
🔘 Epoch 630 No Improvement (18/40) | Val conv@1=0.6185, conv@2=0.9985, conv@3=1.0000, conv@5=1.0000, residual@1=2.477489e-04, residual@2=2.655619e-05
     25 total:0.65114 | blocks:3 | L1_step:0.03392 (5.2%) | L2_step:0.00231 (0.4%) L2_final:0.00087 (0.1%) | L3_e3:0.61405 (94.3%) | final_max_PQ:3.242e-04
     50 total:0.67315 | blocks:3 | L1_step:0.02417 (3.6%) | L2_step:0.00234 (0.3%) L2_final:0.00089 (0.1%) | L3_e3:0.64574 (95.9%) | final_max_PQ:3.697e-04
🔘 Epoch 631 No Improvement (19/40) | Val conv@1=0.6225, conv@2=0.9980, conv@3=1.0000, conv@5=1.0000, residual@1=2.479031e-04, residual@2=2.848944e-05
     25 total:0.70994 | blocks:3 | L1_step:0.02021 (2.8%) | L2_step:0.00245 (0.3%) L2_final:0.00092 (0.1%) | L3_e3:0.68636 (96.7%) | final_max_PQ:3.504e-04
     50 total:0.91336 | blocks:2 | L1_step:0.03405 (3.7%) | L2_step:0.00296 (0.3%) L2_final:0.00106 (0.1%) | L3_e3:0.87529 (95.8%) | final_max_PQ:3.539e-04
🔘 Epoch 632 No Improvement (20/40) | Val conv@1=0.6218, conv@2=0.9972, conv@3=1.0000, conv@5=1.0000, residual@1=2.449167e-04, residual@2=2.447102e-05
     25 total:0.91330 | blocks:2 | L1_step:0.02907 (3.2%) | L2_step:0.00296 (0.3%) L2_final:0.00107 (0.1%) | L3_e3:0.88020 (96.4%) | final_max_PQ:3.393e-04
     50 total:0.91651 | blocks:2 | L1_step:0.03004 (3.3%) | L2_step:0.00302 (0.3%) L2_final:0.00106 (0.1%) | L3_e3:0.88239 (96.3%) | final_max_PQ:3.346e-04
🔻 LR reduced: 7.81e-06 -> 3.91e-06
🔘 Epoch 633 No Improvement (21/40) | Val conv@1=0.6240, conv@2=0.9982, conv@3=1.0000, conv@5=1.0000, residual@1=2.453894e-04, residual@2=2.480628e-05
     25 total:0.88119 | blocks:2 | L1_step:0.02680 (3.0%) | L2_step:0.00289 (0.3%) L2_final:0.00104 (0.1%) | L3_e3:0.85045 (96.5%) | final_max_PQ:2.812e-04
     50 total:1.03504 | blocks:2 | L1_step:0.03398 (3.3%) | L2_step:0.00308 (0.3%) L2_final:0.00116 (0.1%) | L3_e3:0.99682 (96.3%) | final_max_PQ:2.957e-04
🔘 Epoch 634 No Improvement (22/40) | Val conv@1=0.6280, conv@2=0.9980, conv@3=1.0000, conv@5=1.0000, residual@1=2.470357e-04, residual@2=2.532217e-05
     25 total:0.84011 | blocks:2 | L1_step:0.02904 (3.5%) | L2_step:0.00275 (0.3%) L2_final:0.00101 (0.1%) | L3_e3:0.80732 (96.1%) | final_max_PQ:5.324e-04
     50 total:0.69692 | blocks:3 | L1_step:0.01920 (2.8%) | L2_step:0.00238 (0.3%) L2_final:0.00091 (0.1%) | L3_e3:0.67444 (96.8%) | final_max_PQ:3.691e-04
🔘 Epoch 635 No Improvement (23/40) | Val conv@1=0.6245, conv@2=0.9982, conv@3=1.0000, conv@5=1.0000, residual@1=2.462187e-04, residual@2=2.475284e-05
     25 total:0.90410 | blocks:2 | L1_step:0.02999 (3.3%) | L2_step:0.00293 (0.3%) L2_final:0.00106 (0.1%) | L3_e3:0.87012 (96.2%) | final_max_PQ:2.939e-04
     50 total:2.03843 | blocks:1 | L1_step:0.05369 (2.6%) | L2_step:0.00549 (0.3%) L2_final:0.00190 (0.1%) | L3_e3:1.97735 (97.0%) | final_max_PQ:5.722e-03
🔘 Epoch 636 No Improvement (24/40) | Val conv@1=0.6278, conv@2=0.9980, conv@3=1.0000, conv@5=1.0000, residual@1=2.451126e-04, residual@2=2.402585e-05
     25 total:1.50590 | blocks:1 | L1_step:0.04441 (2.9%) | L2_step:0.00502 (0.3%) L2_final:0.00149 (0.1%) | L3_e3:1.45497 (96.6%) | final_max_PQ:6.745e-03
     50 total:0.98467 | blocks:2 | L1_step:0.02331 (2.4%) | L2_step:0.00356 (0.4%) L2_final:0.00111 (0.1%) | L3_e3:0.95669 (97.2%) | final_max_PQ:3.668e-04
🔘 Epoch 637 No Improvement (25/40) | Val conv@1=0.6285, conv@2=0.9980, conv@3=1.0000, conv@5=1.0000, residual@1=2.446536e-04, residual@2=2.511404e-05
     25 total:0.99737 | blocks:2 | L1_step:0.02632 (2.6%) | L2_step:0.00321 (0.3%) L2_final:0.00112 (0.1%) | L3_e3:0.96672 (96.9%) | final_max_PQ:4.662e-04
     50 total:0.62510 | blocks:3 | L1_step:0.01925 (3.1%) | L2_step:0.00234 (0.4%) L2_final:0.00085 (0.1%) | L3_e3:0.60266 (96.4%) | final_max_PQ:3.161e-04
🔘 Epoch 638 No Improvement (26/40) | Val conv@1=0.6275, conv@2=0.9975, conv@3=1.0000, conv@5=1.0000, residual@1=2.450363e-04, residual@2=2.376242e-05
     25 total:1.70558 | blocks:1 | L1_step:0.04975 (2.9%) | L2_step:0.00515 (0.3%) L2_final:0.00165 (0.1%) | L3_e3:1.64904 (96.7%) | final_max_PQ:7.464e-03
     50 total:0.90747 | blocks:2 | L1_step:0.02462 (2.7%) | L2_step:0.00281 (0.3%) L2_final:0.00106 (0.1%) | L3_e3:0.87899 (96.9%) | final_max_PQ:3.345e-04
🔘 Epoch 639 No Improvement (27/40) | Val conv@1=0.6255, conv@2=0.9985, conv@3=1.0000, conv@5=1.0000, residual@1=2.464145e-04, residual@2=2.614407e-05
     25 total:0.70321 | blocks:3 | L1_step:0.02136 (3.0%) | L2_step:0.00243 (0.3%) L2_final:0.00091 (0.1%) | L3_e3:0.67851 (96.5%) | final_max_PQ:3.367e-04
     50 total:1.12491 | blocks:2 | L1_step:0.03552 (3.2%) | L2_step:0.00336 (0.3%) L2_final:0.00123 (0.1%) | L3_e3:1.08480 (96.4%) | final_max_PQ:6.145e-04
🔘 Epoch 640 No Improvement (28/40) | Val conv@1=0.6268, conv@2=0.9980, conv@3=1.0000, conv@5=1.0000, residual@1=2.464155e-04, residual@2=2.643839e-05
     25 total:0.95022 | blocks:2 | L1_step:0.02800 (2.9%) | L2_step:0.00288 (0.3%) L2_final:0.00109 (0.1%) | L3_e3:0.91825 (96.6%) | final_max_PQ:2.900e-04
     50 total:2.03709 | blocks:1 | L1_step:0.05108 (2.5%) | L2_step:0.00561 (0.3%) L2_final:0.00190 (0.1%) | L3_e3:1.97850 (97.1%) | final_max_PQ:1.223e-02
🔘 Epoch 641 No Improvement (29/40) | Val conv@1=0.6278, conv@2=0.9982, conv@3=1.0000, conv@5=1.0000, residual@1=2.451400e-04, residual@2=2.359616e-05
     25 total:0.77801 | blocks:2 | L1_step:0.02697 (3.5%) | L2_step:0.00291 (0.4%) L2_final:0.00095 (0.1%) | L3_e3:0.74718 (96.0%) | final_max_PQ:3.824e-04
     50 total:0.97426 | blocks:2 | L1_step:0.03583 (3.7%) | L2_step:0.00302 (0.3%) L2_final:0.00110 (0.1%) | L3_e3:0.93430 (95.9%) | final_max_PQ:3.731e-04
🔘 Epoch 642 No Improvement (30/40) | Val conv@1=0.6265, conv@2=0.9980, conv@3=1.0000, conv@5=1.0000, residual@1=2.451970e-04, residual@2=2.515603e-05
     25 total:2.24691 | blocks:1 | L1_step:0.05899 (2.6%) | L2_step:0.00601 (0.3%) L2_final:0.00208 (0.1%) | L3_e3:2.17982 (97.0%) | final_max_PQ:7.819e-03
     50 total:0.78039 | blocks:2 | L1_step:0.02689 (3.4%) | L2_step:0.00277 (0.4%) L2_final:0.00095 (0.1%) | L3_e3:0.74977 (96.1%) | final_max_PQ:3.664e-04
🔘 Epoch 643 No Improvement (31/40) | Val conv@1=0.6248, conv@2=0.9980, conv@3=1.0000, conv@5=1.0000, residual@1=2.447486e-04, residual@2=2.422131e-05
     25 total:1.86454 | blocks:1 | L1_step:0.05608 (3.0%) | L2_step:0.00582 (0.3%) L2_final:0.00177 (0.1%) | L3_e3:1.80087 (96.6%) | final_max_PQ:8.977e-03
     50 total:0.76871 | blocks:3 | L1_step:0.02178 (2.8%) | L2_step:0.00247 (0.3%) L2_final:0.00097 (0.1%) | L3_e3:0.74349 (96.7%) | final_max_PQ:3.361e-04
🔘 Epoch 644 No Improvement (32/40) | Val conv@1=0.6278, conv@2=0.9975, conv@3=1.0000, conv@5=1.0000, residual@1=2.461313e-04, residual@2=2.543175e-05
     25 total:0.95170 | blocks:2 | L1_step:0.03907 (4.1%) | L2_step:0.00304 (0.3%) L2_final:0.00108 (0.1%) | L3_e3:0.90851 (95.5%) | final_max_PQ:3.345e-04
     50 total:1.01463 | blocks:2 | L1_step:0.03411 (3.4%) | L2_step:0.00340 (0.3%) L2_final:0.00113 (0.1%) | L3_e3:0.97599 (96.2%) | final_max_PQ:5.566e-04
🔘 Epoch 645 No Improvement (33/40) | Val conv@1=0.6240, conv@2=0.9978, conv@3=1.0000, conv@5=1.0000, residual@1=2.456390e-04, residual@2=2.498039e-05
     25 total:0.83341 | blocks:2 | L1_step:0.02653 (3.2%) | L2_step:0.00294 (0.4%) L2_final:0.00099 (0.1%) | L3_e3:0.80294 (96.3%) | final_max_PQ:2.956e-04
     50 total:0.89495 | blocks:2 | L1_step:0.02707 (3.0%) | L2_step:0.00337 (0.4%) L2_final:0.00104 (0.1%) | L3_e3:0.86346 (96.5%) | final_max_PQ:2.505e-04
🔘 Epoch 646 No Improvement (34/40) | Val conv@1=0.6242, conv@2=0.9982, conv@3=1.0000, conv@5=1.0000, residual@1=2.454266e-04, residual@2=2.677133e-05
     25 total:0.85120 | blocks:2 | L1_step:0.02871 (3.4%) | L2_step:0.00299 (0.4%) L2_final:0.00100 (0.1%) | L3_e3:0.81851 (96.2%) | final_max_PQ:3.196e-04
     50 total:1.00740 | blocks:2 | L1_step:0.03361 (3.3%) | L2_step:0.00321 (0.3%) L2_final:0.00113 (0.1%) | L3_e3:0.96945 (96.2%) | final_max_PQ:3.529e-04
🔘 Epoch 647 No Improvement (35/40) | Val conv@1=0.6255, conv@2=0.9975, conv@3=1.0000, conv@5=1.0000, residual@1=2.457681e-04, residual@2=2.551745e-05
     25 total:1.81594 | blocks:1 | L1_step:0.04784 (2.6%) | L2_step:0.00568 (0.3%) L2_final:0.00174 (0.1%) | L3_e3:1.76067 (97.0%) | final_max_PQ:6.655e-03
     50 total:0.69893 | blocks:3 | L1_step:0.03440 (4.9%) | L2_step:0.00235 (0.3%) L2_final:0.00089 (0.1%) | L3_e3:0.66129 (94.6%) | final_max_PQ:2.870e-04
🔘 Epoch 648 No Improvement (36/40) | Val conv@1=0.6295, conv@2=0.9980, conv@3=1.0000, conv@5=1.0000, residual@1=2.447573e-04, residual@2=2.544877e-05
     25 total:0.84406 | blocks:3 | L1_step:0.02365 (2.8%) | L2_step:0.00276 (0.3%) L2_final:0.00101 (0.1%) | L3_e3:0.81664 (96.8%) | final_max_PQ:2.626e-04
     50 total:0.59867 | blocks:3 | L1_step:0.01797 (3.0%) | L2_step:0.00227 (0.4%) L2_final:0.00083 (0.1%) | L3_e3:0.57761 (96.5%) | final_max_PQ:2.777e-04
🔘 Epoch 649 No Improvement (37/40) | Val conv@1=0.6300, conv@2=0.9980, conv@3=1.0000, conv@5=1.0000, residual@1=2.451826e-04, residual@2=2.592276e-05
     25 total:0.95950 | blocks:2 | L1_step:0.02943 (3.1%) | L2_step:0.00317 (0.3%) L2_final:0.00109 (0.1%) | L3_e3:0.92580 (96.5%) | final_max_PQ:3.088e-04
     50 total:0.93130 | blocks:2 | L1_step:0.03350 (3.6%) | L2_step:0.00302 (0.3%) L2_final:0.00107 (0.1%) | L3_e3:0.89370 (96.0%) | final_max_PQ:3.124e-04
🔘 Epoch 650 No Improvement (38/40) | Val conv@1=0.6250, conv@2=0.9982, conv@3=1.0000, conv@5=1.0000, residual@1=2.443870e-04, residual@2=2.519763e-05
     25 total:0.98901 | blocks:2 | L1_step:0.04375 (4.4%) | L2_step:0.00319 (0.3%) L2_final:0.00110 (0.1%) | L3_e3:0.94097 (95.1%) | final_max_PQ:6.475e-04
     50 total:1.01612 | blocks:2 | L1_step:0.02663 (2.6%) | L2_step:0.00345 (0.3%) L2_final:0.00114 (0.1%) | L3_e3:0.98490 (96.9%) | final_max_PQ:2.901e-04
🔘 Epoch 651 No Improvement (39/40) | Val conv@1=0.6242, conv@2=0.9978, conv@3=1.0000, conv@5=1.0000, residual@1=2.473797e-04, residual@2=2.693216e-05
     25 total:0.67955 | blocks:3 | L1_step:0.01929 (2.8%) | L2_step:0.00237 (0.3%) L2_final:0.00089 (0.1%) | L3_e3:0.65699 (96.7%) | final_max_PQ:2.527e-04
     50 total:1.07362 | blocks:2 | L1_step:0.02769 (2.6%) | L2_step:0.00322 (0.3%) L2_final:0.00118 (0.1%) | L3_e3:1.04153 (97.0%) | final_max_PQ:2.939e-04
🔘 Epoch 652 No Improvement (40/40) | Val conv@1=0.6272, conv@2=0.9985, conv@3=1.0000, conv@5=1.0000, residual@1=2.443616e-04, residual@2=2.397857e-05
🔘 Early stopping at epoch 652

Testing model
[sample 001] iter 00: max_mismatchPQ=6.000e+00, NN_max_dAng=0.000e+00, NN_max_dV=0.000e+00  True_errAng=1.865e-01, True_errV=8.942e-02
[sample 001] iter 01: max_mismatchPQ=2.024e-03, NN_max_dAng=1.849e-01, NN_max_dV=8.927e-02  True_errAng=1.648e-03, True_errV=6.555e-04
[sample 001] iter 02: max_mismatchPQ=4.041e-05, NN_max_dAng=1.625e-03, NN_max_dV=6.544e-04  True_errAng=2.715e-05, True_errV=1.669e-06
[sample 001] >>> stop_reason=converged, used_iter=2, max_PQ_mismatch=4.041e-05
[1;32m===== Test Sample Heatmap Cell: X=(-2.00,-1.80), PQ=(-2.00,-1.80), x_signed=-1.875250, pq_signed=-1.963655, valid_label=1 =====[0m
---- Error Metrics (Best State) ----
Angel_MAX   : 2.714992e-05
Voltage_MAX : 1.668930e-06
P_MAX       : 2.734363e-05
Q_MAX       : 4.041195e-05
P_MAE       : 1.205940e-05
Q_MAE       : 1.316305e-05
P_MSE       : 2.467462e-10
Q_MSE       : 3.042516e-10
P_RMSE      : 1.570816e-05
Q_RMSE      : 1.744281e-05

[sample 002] iter 00: max_mismatchPQ=4.777e+00, NN_max_dAng=0.000e+00, NN_max_dV=0.000e+00  True_errAng=9.525e-02, True_errV=1.938e-01
[sample 002] iter 01: max_mismatchPQ=2.474e-03, NN_max_dAng=9.455e-02, NN_max_dV=1.938e-01  True_errAng=8.491e-04, True_errV=4.683e-04
[sample 002] iter 02: max_mismatchPQ=2.674e-05, NN_max_dAng=8.495e-04, NN_max_dV=4.708e-04  True_errAng=1.326e-06, True_errV=4.768e-06
[sample 002] >>> stop_reason=converged, used_iter=2, max_PQ_mismatch=2.674e-05
[1;32m===== Test Sample Heatmap Cell: X=(-2.00,-1.80), PQ=(-2.00,-1.80), x_signed=-1.964210, pq_signed=-1.823730, valid_label=1 =====[0m
---- Error Metrics (Best State) ----
Angel_MAX   : 1.326203e-06
Voltage_MAX : 4.768372e-06
P_MAX       : 1.747906e-05
Q_MAX       : 2.674013e-05
P_MAE       : 6.826505e-06
Q_MAE       : 1.255938e-05
P_MSE       : 6.776722e-11
Q_MSE       : 2.229419e-10
P_RMSE      : 8.232085e-06
Q_RMSE      : 1.493124e-05

[sample 003] iter 00: max_mismatchPQ=7.907e+00, NN_max_dAng=0.000e+00, NN_max_dV=0.000e+00  True_errAng=1.797e-01, True_errV=8.867e-02
[sample 003] iter 01: max_mismatchPQ=7.624e-03, NN_max_dAng=1.766e-01, NN_max_dV=8.874e-02  True_errAng=6.725e-03, True_errV=5.755e-04
[sample 003] iter 02: max_mismatchPQ=7.242e-05, NN_max_dAng=6.666e-03, NN_max_dV=5.705e-04  True_errAng=7.191e-05, True_errV=6.318e-06
[sample 003] >>> stop_reason=converged, used_iter=2, max_PQ_mismatch=7.242e-05
[1;32m===== Test Sample Heatmap Cell: X=(-2.00,-1.80), PQ=(-2.00,-1.80), x_signed=-1.807390, pq_signed=-1.899165, valid_label=1 =====[0m
---- Error Metrics (Best State) ----
Angel_MAX   : 7.191300e-05
Voltage_MAX : 6.318092e-06
P_MAX       : 7.241964e-05
Q_MAX       : 6.095320e-05
P_MAE       : 3.245907e-05
Q_MAE       : 2.542956e-05
P_MSE       : 1.396242e-09
Q_MSE       : 9.829951e-10
P_RMSE      : 3.736632e-05
Q_RMSE      : 3.135275e-05

[sample 004] iter 00: max_mismatchPQ=6.687e+00, NN_max_dAng=0.000e+00, NN_max_dV=0.000e+00  True_errAng=1.866e-01, True_errV=7.657e-02
[sample 004] iter 01: max_mismatchPQ=1.181e-02, NN_max_dAng=1.799e-01, NN_max_dV=7.813e-02  True_errAng=1.412e-02, True_errV=1.565e-03
[sample 004] iter 02: max_mismatchPQ=3.410e-04, NN_max_dAng=1.361e-02, NN_max_dV=1.529e-03  True_errAng=5.345e-04, True_errV=3.946e-05
[sample 004] iter 03: max_mismatchPQ=2.781e-05, NN_max_dAng=5.048e-04, NN_max_dV=3.681e-05  True_errAng=3.171e-05, True_errV=2.623e-06
[sample 004] >>> stop_reason=converged, used_iter=3, max_PQ_mismatch=2.781e-05
[1;32m===== Test Sample Heatmap Cell: X=(-2.00,-1.80), PQ=(-2.00,-1.80), x_signed=-1.876451, pq_signed=-1.934657, valid_label=1 =====[0m
---- Error Metrics (Best State) ----
Angel_MAX   : 3.170967e-05
Voltage_MAX : 2.622604e-06
P_MAX       : 2.780557e-05
Q_MAX       : 2.098083e-05
P_MAE       : 1.460753e-05
Q_MAE       : 1.002727e-05
P_MSE       : 3.006404e-10
Q_MSE       : 1.615076e-10
P_RMSE      : 1.733898e-05
Q_RMSE      : 1.270856e-05

[sample 005] iter 00: max_mismatchPQ=9.644e+00, NN_max_dAng=0.000e+00, NN_max_dV=0.000e+00  True_errAng=1.800e-01, True_errV=8.869e-02
[sample 005] iter 01: max_mismatchPQ=7.765e-03, NN_max_dAng=1.773e-01, NN_max_dV=8.861e-02  True_errAng=5.781e-03, True_errV=7.067e-04
[sample 005] iter 02: max_mismatchPQ=9.404e-05, NN_max_dAng=5.763e-03, NN_max_dV=7.013e-04  True_errAng=5.829e-05, True_errV=5.364e-06
[sample 005] >>> stop_reason=converged, used_iter=2, max_PQ_mismatch=9.404e-05
[1;32m===== Test Sample Heatmap Cell: X=(-2.00,-1.80), PQ=(-2.00,-1.80), x_signed=-1.809957, pq_signed=-1.995411, valid_label=1 =====[0m
---- Error Metrics (Best State) ----
Angel_MAX   : 5.829334e-05
Voltage_MAX : 5.364418e-06
P_MAX       : 9.404111e-05
Q_MAX       : 6.318465e-05
P_MAE       : 4.249823e-05
Q_MAE       : 3.139261e-05
P_MSE       : 2.264759e-09
Q_MSE       : 1.267646e-09
P_RMSE      : 4.758948e-05
Q_RMSE      : 3.560401e-05

[sample 006] iter 00: max_mismatchPQ=4.665e+00, NN_max_dAng=0.000e+00, NN_max_dV=0.000e+00  True_errAng=1.965e-01, True_errV=9.233e-02
[sample 006] iter 01: max_mismatchPQ=1.074e-02, NN_max_dAng=1.872e-01, NN_max_dV=9.206e-02  True_errAng=1.167e-02, True_errV=9.801e-04
[sample 006] iter 02: max_mismatchPQ=2.306e-04, NN_max_dAng=1.146e-02, NN_max_dV=9.263e-04  True_errAng=2.361e-04, True_errV=5.388e-05
[sample 006] iter 03: max_mismatchPQ=2.769e-05, NN_max_dAng=2.162e-04, NN_max_dV=5.633e-05  True_errAng=1.994e-05, True_errV=5.126e-06
[sample 006] >>> stop_reason=converged, used_iter=3, max_PQ_mismatch=2.769e-05
[1;32m===== Test Sample Heatmap Cell: X=(-2.00,-1.80), PQ=(-2.00,-1.80), x_signed=-1.975886, pq_signed=-1.810018, valid_label=1 =====[0m
---- Error Metrics (Best State) ----
Angel_MAX   : 1.993775e-05
Voltage_MAX : 5.125999e-06
P_MAX       : 2.768636e-05
Q_MAX       : 2.237037e-05
P_MAE       : 1.274371e-05
Q_MAE       : 1.216470e-05
P_MSE       : 2.001219e-10
Q_MSE       : 1.898992e-10
P_RMSE      : 1.414645e-05
Q_RMSE      : 1.378039e-05

[sample 007] iter 00: max_mismatchPQ=2.786e+00, NN_max_dAng=0.000e+00, NN_max_dV=0.000e+00  True_errAng=1.880e-01, True_errV=8.646e-02
[sample 007] iter 01: max_mismatchPQ=1.011e-02, NN_max_dAng=1.818e-01, NN_max_dV=8.633e-02  True_errAng=1.559e-02, True_errV=1.170e-03
[sample 007] iter 02: max_mismatchPQ=3.795e-04, NN_max_dAng=1.490e-02, NN_max_dV=1.126e-03  True_errAng=6.883e-04, True_errV=4.780e-05
[sample 007] iter 03: max_mismatchPQ=3.231e-05, NN_max_dAng=6.524e-04, NN_max_dV=5.177e-05  True_errAng=4.035e-05, True_errV=5.007e-06
[sample 007] >>> stop_reason=converged, used_iter=3, max_PQ_mismatch=3.231e-05
[1;32m===== Test Sample Heatmap Cell: X=(-2.00,-1.80), PQ=(-2.00,-1.80), x_signed=-1.890975, pq_signed=-1.860429, valid_label=1 =====[0m
---- Error Metrics (Best State) ----
Angel_MAX   : 4.035234e-05
Voltage_MAX : 5.006790e-06
P_MAX       : 3.230572e-05
Q_MAX       : 2.609566e-05
P_MAE       : 1.588122e-05
Q_MAE       : 1.174615e-05
P_MSE       : 3.013541e-10
Q_MSE       : 2.134000e-10
P_RMSE      : 1.735955e-05
Q_RMSE      : 1.460822e-05

[sample 008] iter 00: max_mismatchPQ=4.759e+00, NN_max_dAng=0.000e+00, NN_max_dV=0.000e+00  True_errAng=1.988e-01, True_errV=8.750e-02
[sample 008] iter 01: max_mismatchPQ=1.365e-02, NN_max_dAng=1.890e-01, NN_max_dV=8.657e-02  True_errAng=1.070e-02, True_errV=1.447e-03
[sample 008] iter 02: max_mismatchPQ=3.851e-04, NN_max_dAng=1.006e-02, NN_max_dV=1.444e-03  True_errAng=6.467e-04, True_errV=5.019e-05
[sample 008] iter 03: max_mismatchPQ=2.955e-05, NN_max_dAng=6.175e-04, NN_max_dV=4.669e-05  True_errAng=3.102e-05, True_errV=5.364e-06
[sample 008] >>> stop_reason=converged, used_iter=3, max_PQ_mismatch=2.955e-05
[1;32m===== Test Sample Heatmap Cell: X=(-2.00,-1.80), PQ=(-2.00,-1.80), x_signed=-1.999295, pq_signed=-1.859274, valid_label=1 =====[0m
---- Error Metrics (Best State) ----
Angel_MAX   : 3.102422e-05
Voltage_MAX : 5.364418e-06
P_MAX       : 2.294034e-05
Q_MAX       : 2.954900e-05
P_MAE       : 1.274661e-05
Q_MAE       : 1.409482e-05
P_MSE       : 2.095915e-10
Q_MSE       : 3.253470e-10
P_RMSE      : 1.447727e-05
Q_RMSE      : 1.803738e-05

[sample 009] iter 00: max_mismatchPQ=3.519e+00, NN_max_dAng=0.000e+00, NN_max_dV=0.000e+00  True_errAng=9.100e-02, True_errV=1.908e-01
[sample 009] iter 01: max_mismatchPQ=1.284e-01, NN_max_dAng=8.292e-02, NN_max_dV=1.747e-01  True_errAng=4.084e-02, True_errV=1.604e-02
[sample 009] iter 02: max_mismatchPQ=2.325e-03, NN_max_dAng=3.666e-02, NN_max_dV=1.614e-02  True_errAng=4.185e-03, True_errV=3.405e-04
[sample 009] iter 03: max_mismatchPQ=5.383e-05, NN_max_dAng=4.184e-03, NN_max_dV=3.403e-04  True_errAng=6.884e-06, True_errV=1.562e-05
[sample 009] >>> stop_reason=converged, used_iter=3, max_PQ_mismatch=5.383e-05
[1;32m===== Test Sample Heatmap Cell: X=(-2.00,-1.80), PQ=(-2.00,-1.80), x_signed=-1.933985, pq_signed=-1.974426, valid_label=1 =====[0m
---- Error Metrics (Best State) ----
Angel_MAX   : 6.884336e-06
Voltage_MAX : 1.561642e-05
P_MAX       : 4.884601e-05
Q_MAX       : 5.383044e-05
P_MAE       : 1.187418e-05
Q_MAE       : 3.046421e-05
P_MSE       : 3.198259e-10
Q_MSE       : 1.048715e-09
P_RMSE      : 1.788368e-05
Q_RMSE      : 3.238388e-05

[sample 010] iter 00: max_mismatchPQ=4.338e+00, NN_max_dAng=0.000e+00, NN_max_dV=0.000e+00  True_errAng=9.308e-02, True_errV=1.947e-01
[sample 010] iter 01: max_mismatchPQ=1.024e-02, NN_max_dAng=9.251e-02, NN_max_dV=1.951e-01  True_errAng=4.127e-03, True_errV=4.289e-04
[sample 010] iter 02: max_mismatchPQ=9.471e-05, NN_max_dAng=3.986e-03, NN_max_dV=4.183e-04  True_errAng=1.464e-04, True_errV=1.061e-05
[sample 010] >>> stop_reason=converged, used_iter=2, max_PQ_mismatch=9.471e-05
[1;32m===== Test Sample Heatmap Cell: X=(-2.00,-1.80), PQ=(-2.00,-1.80), x_signed=-1.974154, pq_signed=-1.809628, valid_label=1 =====[0m
---- Error Metrics (Best State) ----
Angel_MAX   : 1.464188e-04
Voltage_MAX : 1.060963e-05
P_MAX       : 9.471178e-05
Q_MAX       : 6.636232e-05
P_MAE       : 6.207261e-05
Q_MAE       : 3.447135e-05
P_MSE       : 4.419543e-09
Q_MSE       : 1.486805e-09
P_RMSE      : 6.647965e-05
Q_RMSE      : 3.855911e-05

[sample 011] iter 00: max_mismatchPQ=4.806e+00, NN_max_dAng=0.000e+00, NN_max_dV=0.000e+00  True_errAng=1.915e-01, True_errV=8.737e-02
[sample 011] iter 01: max_mismatchPQ=1.037e-02, NN_max_dAng=1.791e-01, NN_max_dV=8.716e-02  True_errAng=1.397e-02, True_errV=1.057e-03
[sample 011] iter 02: max_mismatchPQ=2.243e-04, NN_max_dAng=1.367e-02, NN_max_dV=1.036e-03  True_errAng=3.094e-04, True_errV=2.265e-05
[sample 011] iter 03: max_mismatchPQ=2.587e-05, NN_max_dAng=2.882e-04, NN_max_dV=2.103e-05  True_errAng=2.119e-05, True_errV=2.146e-06
[sample 011] >>> stop_reason=converged, used_iter=3, max_PQ_mismatch=2.587e-05
[1;32m===== Test Sample Heatmap Cell: X=(-2.00,-1.80), PQ=(-1.80,-1.60), x_signed=-1.926155, pq_signed=-1.675112, valid_label=1 =====[0m
---- Error Metrics (Best State) ----
Angel_MAX   : 2.118945e-05
Voltage_MAX : 2.145767e-06
P_MAX       : 2.405047e-05
Q_MAX       : 2.587400e-05
P_MAE       : 8.960712e-06
Q_MAE       : 8.538856e-06
P_MSE       : 1.089057e-10
Q_MSE       : 1.563910e-10
P_RMSE      : 1.043579e-05
Q_RMSE      : 1.250564e-05

[sample 012] iter 00: max_mismatchPQ=3.467e+00, NN_max_dAng=0.000e+00, NN_max_dV=0.000e+00  True_errAng=1.851e-01, True_errV=8.569e-02
[sample 012] iter 01: max_mismatchPQ=6.772e-03, NN_max_dAng=1.773e-01, NN_max_dV=8.582e-02  True_errAng=8.011e-03, True_errV=7.592e-04
[sample 012] iter 02: max_mismatchPQ=9.643e-05, NN_max_dAng=8.111e-03, NN_max_dV=7.712e-04  True_errAng=1.087e-04, True_errV=2.062e-05
[sample 012] >>> stop_reason=converged, used_iter=2, max_PQ_mismatch=9.643e-05
[1;32m===== Test Sample Heatmap Cell: X=(-2.00,-1.80), PQ=(-1.80,-1.60), x_signed=-1.861596, pq_signed=-1.767707, valid_label=1 =====[0m
---- Error Metrics (Best State) ----
Angel_MAX   : 1.087487e-04
Voltage_MAX : 2.062321e-05
P_MAX       : 9.642541e-05
Q_MAX       : 5.190074e-05
P_MAE       : 5.018101e-05
Q_MAE       : 2.839897e-05
P_MSE       : 3.302121e-09
Q_MSE       : 1.034608e-09
P_RMSE      : 5.746409e-05
Q_RMSE      : 3.216532e-05

[sample 013] iter 00: max_mismatchPQ=6.896e+00, NN_max_dAng=0.000e+00, NN_max_dV=0.000e+00  True_errAng=1.886e-01, True_errV=7.493e-02
[sample 013] iter 01: max_mismatchPQ=1.415e-02, NN_max_dAng=1.798e-01, NN_max_dV=7.517e-02  True_errAng=1.937e-02, True_errV=1.740e-03
[sample 013] iter 02: max_mismatchPQ=7.808e-04, NN_max_dAng=1.797e-02, NN_max_dV=1.637e-03  True_errAng=1.409e-03, True_errV=1.028e-04
[sample 013] iter 03: max_mismatchPQ=4.113e-05, NN_max_dAng=1.359e-03, NN_max_dV=9.895e-05  True_errAng=5.075e-05, True_errV=3.815e-06
[sample 013] >>> stop_reason=converged, used_iter=3, max_PQ_mismatch=4.113e-05
[1;32m===== Test Sample Heatmap Cell: X=(-2.00,-1.80), PQ=(-1.80,-1.60), x_signed=-1.896670, pq_signed=-1.717454, valid_label=1 =====[0m
---- Error Metrics (Best State) ----
Angel_MAX   : 5.075336e-05
Voltage_MAX : 3.814697e-06
P_MAX       : 4.112720e-05
Q_MAX       : 2.584793e-05
P_MAE       : 2.186585e-05
Q_MAE       : 1.067953e-05
P_MSE       : 6.036155e-10
Q_MSE       : 1.884610e-10
P_RMSE      : 2.456859e-05
Q_RMSE      : 1.372811e-05

[sample 014] iter 00: max_mismatchPQ=7.017e+00, NN_max_dAng=0.000e+00, NN_max_dV=0.000e+00  True_errAng=1.813e-01, True_errV=8.744e-02
[sample 014] iter 01: max_mismatchPQ=1.310e-02, NN_max_dAng=1.803e-01, NN_max_dV=8.662e-02  True_errAng=4.586e-03, True_errV=8.967e-04
[sample 014] iter 02: max_mismatchPQ=1.514e-04, NN_max_dAng=4.318e-03, NN_max_dV=8.922e-04  True_errAng=2.704e-04, True_errV=2.074e-05
[sample 014] iter 03: max_mismatchPQ=2.335e-05, NN_max_dAng=2.517e-04, NN_max_dV=1.864e-05  True_errAng=1.895e-05, True_errV=2.027e-06
[sample 014] >>> stop_reason=converged, used_iter=3, max_PQ_mismatch=2.335e-05
[1;32m===== Test Sample Heatmap Cell: X=(-2.00,-1.80), PQ=(-1.80,-1.60), x_signed=-1.823265, pq_signed=-1.710798, valid_label=1 =====[0m
---- Error Metrics (Best State) ----
Angel_MAX   : 1.895428e-05
Voltage_MAX : 2.026558e-06
P_MAX       : 1.311302e-05
Q_MAX       : 2.335198e-05
P_MAE       : 8.962941e-06
Q_MAE       : 7.188750e-06
P_MSE       : 8.885385e-11
Q_MSE       : 9.014892e-11
P_RMSE      : 9.426232e-06
Q_RMSE      : 9.494679e-06

[sample 015] iter 00: max_mismatchPQ=4.650e+00, NN_max_dAng=0.000e+00, NN_max_dV=0.000e+00  True_errAng=1.956e-01, True_errV=9.657e-02
[sample 015] iter 01: max_mismatchPQ=1.003e-02, NN_max_dAng=1.826e-01, NN_max_dV=9.546e-02  True_errAng=1.344e-02, True_errV=1.114e-03
[sample 015] iter 02: max_mismatchPQ=2.200e-04, NN_max_dAng=1.316e-02, NN_max_dV=1.102e-03  True_errAng=2.794e-04, True_errV=3.636e-05
[sample 015] iter 03: max_mismatchPQ=2.428e-05, NN_max_dAng=2.569e-04, NN_max_dV=3.550e-05  True_errAng=2.256e-05, True_errV=2.027e-06
[sample 015] >>> stop_reason=converged, used_iter=3, max_PQ_mismatch=2.428e-05
[1;32m===== Test Sample Heatmap Cell: X=(-2.00,-1.80), PQ=(-1.80,-1.60), x_signed=-1.967353, pq_signed=-1.672709, valid_label=1 =====[0m
---- Error Metrics (Best State) ----
Angel_MAX   : 2.256036e-05
Voltage_MAX : 2.026558e-06
P_MAX       : 2.428144e-05
Q_MAX       : 1.070835e-05
P_MAE       : 1.020880e-05
Q_MAE       : 6.123757e-06
P_MSE       : 1.484318e-10
Q_MSE       : 5.038743e-11
P_RMSE      : 1.218326e-05
Q_RMSE      : 7.098411e-06

[sample 016] iter 00: max_mismatchPQ=2.740e+00, NN_max_dAng=0.000e+00, NN_max_dV=0.000e+00  True_errAng=1.882e-01, True_errV=9.149e-02
[sample 016] iter 01: max_mismatchPQ=1.882e-02, NN_max_dAng=1.745e-01, NN_max_dV=9.020e-02  True_errAng=1.420e-02, True_errV=2.107e-03
[sample 016] iter 02: max_mismatchPQ=5.651e-04, NN_max_dAng=1.329e-02, NN_max_dV=2.108e-03  True_errAng=9.747e-04, True_errV=8.142e-05
[sample 016] iter 03: max_mismatchPQ=3.111e-05, NN_max_dAng=9.434e-04, NN_max_dV=7.918e-05  True_errAng=3.147e-05, True_errV=2.146e-06
[sample 016] >>> stop_reason=converged, used_iter=3, max_PQ_mismatch=3.111e-05
[1;32m===== Test Sample Heatmap Cell: X=(-2.00,-1.80), PQ=(-1.80,-1.60), x_signed=-1.892214, pq_signed=-1.649048, valid_label=1 =====[0m
---- Error Metrics (Best State) ----
Angel_MAX   : 3.147125e-05
Voltage_MAX : 2.145767e-06
P_MAX       : 3.110501e-05
Q_MAX       : 1.943111e-05
P_MAE       : 1.467121e-05
Q_MAE       : 6.344195e-06
P_MSE       : 2.994027e-10
Q_MSE       : 7.876971e-11
P_RMSE      : 1.730326e-05
Q_RMSE      : 8.875229e-06

[sample 017] iter 00: max_mismatchPQ=6.170e+00, NN_max_dAng=0.000e+00, NN_max_dV=0.000e+00  True_errAng=1.896e-01, True_errV=8.530e-02
[sample 017] iter 01: max_mismatchPQ=1.033e-02, NN_max_dAng=1.891e-01, NN_max_dV=8.288e-02  True_errAng=2.700e-03, True_errV=2.419e-03
[sample 017] iter 02: max_mismatchPQ=5.791e-05, NN_max_dAng=2.606e-03, NN_max_dV=2.422e-03  True_errAng=9.465e-05, True_errV=7.987e-06
[sample 017] >>> stop_reason=converged, used_iter=2, max_PQ_mismatch=5.791e-05
[1;32m===== Test Sample Heatmap Cell: X=(-2.00,-1.80), PQ=(-1.80,-1.60), x_signed=-1.907012, pq_signed=-1.771143, valid_label=1 =====[0m
---- Error Metrics (Best State) ----
Angel_MAX   : 9.465218e-05
Voltage_MAX : 7.987022e-06
P_MAX       : 5.791336e-05
Q_MAX       : 2.276152e-05
P_MAE       : 4.162133e-05
Q_MAE       : 1.031492e-05
P_MSE       : 1.986213e-09
Q_MSE       : 1.663899e-10
P_RMSE      : 4.456695e-05
Q_RMSE      : 1.289922e-05

[sample 018] iter 00: max_mismatchPQ=5.646e+00, NN_max_dAng=0.000e+00, NN_max_dV=0.000e+00  True_errAng=1.882e-01, True_errV=6.242e-02
[sample 018] iter 01: max_mismatchPQ=2.345e-03, NN_max_dAng=1.876e-01, NN_max_dV=6.223e-02  True_errAng=2.646e-03, True_errV=3.084e-04
[sample 018] iter 02: max_mismatchPQ=3.865e-05, NN_max_dAng=2.637e-03, NN_max_dV=3.077e-04  True_errAng=1.556e-05, True_errV=4.411e-06
[sample 018] >>> stop_reason=converged, used_iter=2, max_PQ_mismatch=3.865e-05
[1;32m===== Test Sample Heatmap Cell: X=(-2.00,-1.80), PQ=(-1.80,-1.60), x_signed=-1.892732, pq_signed=-1.698699, valid_label=1 =====[0m
---- Error Metrics (Best State) ----
Angel_MAX   : 1.555681e-05
Voltage_MAX : 4.410744e-06
P_MAX       : 2.720952e-05
Q_MAX       : 3.864616e-05
P_MAE       : 9.173008e-06
Q_MAE       : 1.313289e-05
P_MSE       : 1.295723e-10
Q_MSE       : 2.767180e-10
P_RMSE      : 1.138298e-05
Q_RMSE      : 1.663484e-05

[sample 019] iter 00: max_mismatchPQ=4.055e+00, NN_max_dAng=0.000e+00, NN_max_dV=0.000e+00  True_errAng=1.962e-01, True_errV=8.752e-02
[sample 019] iter 01: max_mismatchPQ=2.675e-02, NN_max_dAng=1.746e-01, NN_max_dV=8.813e-02  True_errAng=2.163e-02, True_errV=1.542e-03
[sample 019] iter 02: max_mismatchPQ=6.911e-04, NN_max_dAng=2.034e-02, NN_max_dV=1.437e-03  True_errAng=1.299e-03, True_errV=1.043e-04
[sample 019] iter 03: max_mismatchPQ=3.817e-05, NN_max_dAng=1.248e-03, NN_max_dV=1.006e-04  True_errAng=5.069e-05, True_errV=3.815e-06
[sample 019] >>> stop_reason=converged, used_iter=3, max_PQ_mismatch=3.817e-05
[1;32m===== Test Sample Heatmap Cell: X=(-2.00,-1.80), PQ=(-1.80,-1.60), x_signed=-1.973022, pq_signed=-1.723181, valid_label=1 =====[0m
---- Error Metrics (Best State) ----
Angel_MAX   : 5.069375e-05
Voltage_MAX : 3.814697e-06
P_MAX       : 3.816956e-05
Q_MAX       : 3.077090e-05
P_MAE       : 2.356739e-05
Q_MAE       : 1.637270e-05
P_MSE       : 6.403804e-10
Q_MSE       : 3.583064e-10
P_RMSE      : 2.530574e-05
Q_RMSE      : 1.892898e-05

[sample 020] iter 00: max_mismatchPQ=4.218e+00, NN_max_dAng=0.000e+00, NN_max_dV=0.000e+00  True_errAng=1.866e-01, True_errV=6.040e-02
[sample 020] iter 01: max_mismatchPQ=9.176e-03, NN_max_dAng=1.774e-01, NN_max_dV=6.117e-02  True_errAng=9.456e-03, True_errV=1.024e-03
[sample 020] iter 02: max_mismatchPQ=2.108e-04, NN_max_dAng=9.569e-03, NN_max_dV=1.048e-03  True_errAng=1.447e-04, True_errV=3.755e-05
[sample 020] iter 03: max_mismatchPQ=2.289e-05, NN_max_dAng=1.356e-04, NN_max_dV=3.328e-05  True_errAng=1.135e-05, True_errV=5.126e-06
[sample 020] >>> stop_reason=converged, used_iter=3, max_PQ_mismatch=2.289e-05
[1;32m===== Test Sample Heatmap Cell: X=(-2.00,-1.80), PQ=(-1.80,-1.60), x_signed=-1.876196, pq_signed=-1.636800, valid_label=1 =====[0m
---- Error Metrics (Best State) ----
Angel_MAX   : 1.135468e-05
Voltage_MAX : 5.125999e-06
P_MAX       : 1.722574e-05
Q_MAX       : 2.288818e-05
P_MAE       : 6.413141e-06
Q_MAE       : 1.148360e-05
P_MSE       : 7.133575e-11
Q_MSE       : 1.628540e-10
P_RMSE      : 8.446049e-06
Q_RMSE      : 1.276143e-05

[sample 021] iter 00: max_mismatchPQ=3.780e+00, NN_max_dAng=0.000e+00, NN_max_dV=0.000e+00  True_errAng=1.984e-01, True_errV=9.751e-02
[sample 021] iter 01: max_mismatchPQ=3.859e-02, NN_max_dAng=1.812e-01, NN_max_dV=9.626e-02  True_errAng=2.031e-02, True_errV=3.696e-03
[sample 021] iter 02: max_mismatchPQ=1.116e-03, NN_max_dAng=1.831e-02, NN_max_dV=3.721e-03  True_errAng=2.084e-03, True_errV=1.484e-04
[sample 021] iter 03: max_mismatchPQ=4.723e-05, NN_max_dAng=2.028e-03, NN_max_dV=1.437e-04  True_errAng=6.005e-05, True_errV=4.649e-06
[sample 021] >>> stop_reason=converged, used_iter=3, max_PQ_mismatch=4.723e-05
[1;32m===== Test Sample Heatmap Cell: X=(-2.00,-1.80), PQ=(-1.60,-1.40), x_signed=-1.995071, pq_signed=-1.579988, valid_label=1 =====[0m
---- Error Metrics (Best State) ----
Angel_MAX   : 6.005168e-05
Voltage_MAX : 4.649162e-06
P_MAX       : 4.722923e-05
Q_MAX       : 3.100932e-05
P_MAE       : 2.503232e-05
Q_MAE       : 1.494708e-05
P_MSE       : 8.244143e-10
Q_MSE       : 3.210199e-10
P_RMSE      : 2.871261e-05
Q_RMSE      : 1.791703e-05

[sample 022] iter 00: max_mismatchPQ=4.516e+00, NN_max_dAng=0.000e+00, NN_max_dV=0.000e+00  True_errAng=1.886e-01, True_errV=8.789e-02
[sample 022] iter 01: max_mismatchPQ=8.344e-03, NN_max_dAng=1.790e-01, NN_max_dV=8.852e-02  True_errAng=1.093e-02, True_errV=1.409e-03
[sample 022] iter 02: max_mismatchPQ=2.198e-04, NN_max_dAng=1.057e-02, NN_max_dV=1.380e-03  True_errAng=3.634e-04, True_errV=3.803e-05
[sample 022] iter 03: max_mismatchPQ=2.793e-05, NN_max_dAng=3.448e-04, NN_max_dV=4.172e-05  True_errAng=2.062e-05, True_errV=3.576e-06
[sample 022] >>> stop_reason=converged, used_iter=3, max_PQ_mismatch=2.793e-05
[1;32m===== Test Sample Heatmap Cell: X=(-2.00,-1.80), PQ=(-1.60,-1.40), x_signed=-1.896469, pq_signed=-1.519994, valid_label=1 =====[0m
---- Error Metrics (Best State) ----
Angel_MAX   : 2.062321e-05
Voltage_MAX : 3.576279e-06
P_MAX       : 2.406538e-05
Q_MAX       : 2.793036e-05
P_MAE       : 8.196606e-06
Q_MAE       : 1.256887e-05
P_MSE       : 9.981687e-11
Q_MSE       : 1.979800e-10
P_RMSE      : 9.990839e-06
Q_RMSE      : 1.407054e-05

[sample 023] iter 00: max_mismatchPQ=4.917e+00, NN_max_dAng=0.000e+00, NN_max_dV=0.000e+00  True_errAng=1.909e-01, True_errV=7.752e-02
[sample 023] iter 01: max_mismatchPQ=3.547e-02, NN_max_dAng=1.694e-01, NN_max_dV=7.688e-02  True_errAng=2.154e-02, True_errV=1.245e-03
[sample 023] iter 02: max_mismatchPQ=7.015e-04, NN_max_dAng=2.027e-02, NN_max_dV=1.203e-03  True_errAng=1.277e-03, True_errV=9.251e-05
[sample 023] iter 03: max_mismatchPQ=4.308e-05, NN_max_dAng=1.220e-03, NN_max_dV=8.830e-05  True_errAng=5.746e-05, True_errV=4.292e-06
[sample 023] >>> stop_reason=converged, used_iter=3, max_PQ_mismatch=4.308e-05
[1;32m===== Test Sample Heatmap Cell: X=(-2.00,-1.80), PQ=(-1.60,-1.40), x_signed=-1.919903, pq_signed=-1.495008, valid_label=1 =====[0m
---- Error Metrics (Best State) ----
Angel_MAX   : 5.745888e-05
Voltage_MAX : 4.291534e-06
P_MAX       : 3.778934e-05
Q_MAX       : 4.307949e-05
P_MAE       : 2.313442e-05
Q_MAE       : 1.319459e-05
P_MSE       : 6.594200e-10
Q_MSE       : 3.523691e-10
P_RMSE      : 2.567917e-05
Q_RMSE      : 1.877150e-05

[sample 024] iter 00: max_mismatchPQ=2.810e+00, NN_max_dAng=0.000e+00, NN_max_dV=0.000e+00  True_errAng=1.909e-01, True_errV=9.124e-02
[sample 024] iter 01: max_mismatchPQ=1.736e-02, NN_max_dAng=1.749e-01, NN_max_dV=9.103e-02  True_errAng=1.736e-02, True_errV=1.265e-03
[sample 024] iter 02: max_mismatchPQ=7.815e-04, NN_max_dAng=1.596e-02, NN_max_dV=1.156e-03  True_errAng=1.431e-03, True_errV=1.144e-04
[sample 024] iter 03: max_mismatchPQ=3.380e-05, NN_max_dAng=1.386e-03, NN_max_dV=1.102e-04  True_errAng=4.441e-05, True_errV=4.292e-06
[sample 024] >>> stop_reason=converged, used_iter=3, max_PQ_mismatch=3.380e-05
[1;32m===== Test Sample Heatmap Cell: X=(-2.00,-1.80), PQ=(-1.60,-1.40), x_signed=-1.919354, pq_signed=-1.524583, valid_label=1 =====[0m
---- Error Metrics (Best State) ----
Angel_MAX   : 4.440546e-05
Voltage_MAX : 4.291534e-06
P_MAX       : 3.379583e-05
Q_MAX       : 2.352521e-05
P_MAE       : 1.979739e-05
Q_MAE       : 1.113859e-05
P_MSE       : 4.748115e-10
Q_MSE       : 2.105549e-10
P_RMSE      : 2.179017e-05
Q_RMSE      : 1.451051e-05

[sample 025] iter 00: max_mismatchPQ=3.724e+00, NN_max_dAng=0.000e+00, NN_max_dV=0.000e+00  True_errAng=1.854e-01, True_errV=8.948e-02
[sample 025] iter 01: max_mismatchPQ=1.019e-02, NN_max_dAng=1.755e-01, NN_max_dV=8.806e-02  True_errAng=9.820e-03, True_errV=1.423e-03
[sample 025] iter 02: max_mismatchPQ=3.343e-04, NN_max_dAng=9.352e-03, NN_max_dV=1.405e-03  True_errAng=5.578e-04, True_errV=4.876e-05
[sample 025] iter 03: max_mismatchPQ=2.556e-05, NN_max_dAng=5.288e-04, NN_max_dV=4.606e-05  True_errAng=2.891e-05, True_errV=3.695e-06
[sample 025] >>> stop_reason=converged, used_iter=3, max_PQ_mismatch=2.556e-05
[1;32m===== Test Sample Heatmap Cell: X=(-2.00,-1.80), PQ=(-1.60,-1.40), x_signed=-1.864058, pq_signed=-1.490167, valid_label=1 =====[0m
---- Error Metrics (Best State) ----
Angel_MAX   : 2.890825e-05
Voltage_MAX : 3.695488e-06
P_MAX       : 2.215058e-05
Q_MAX       : 2.556108e-05
P_MAE       : 1.314285e-05
Q_MAE       : 7.080768e-06
P_MSE       : 1.947265e-10
Q_MSE       : 1.159844e-10
P_RMSE      : 1.395444e-05
Q_RMSE      : 1.076960e-05

[sample 026] iter 00: max_mismatchPQ=3.262e+00, NN_max_dAng=0.000e+00, NN_max_dV=0.000e+00  True_errAng=8.266e-02, True_errV=1.892e-01
[sample 026] iter 01: max_mismatchPQ=2.289e-02, NN_max_dAng=7.399e-02, NN_max_dV=1.875e-01  True_errAng=1.479e-02, True_errV=1.710e-03
[sample 026] iter 02: max_mismatchPQ=6.008e-04, NN_max_dAng=1.378e-02, NN_max_dV=1.748e-03  True_errAng=1.069e-03, True_errV=9.060e-05
[sample 026] iter 03: max_mismatchPQ=3.869e-05, NN_max_dAng=1.019e-03, NN_max_dV=8.649e-05  True_errAng=5.081e-05, True_errV=6.914e-06
[sample 026] >>> stop_reason=converged, used_iter=3, max_PQ_mismatch=3.869e-05
[1;32m===== Test Sample Heatmap Cell: X=(-2.00,-1.80), PQ=(-1.60,-1.40), x_signed=-1.918050, pq_signed=-1.557680, valid_label=1 =====[0m
---- Error Metrics (Best State) ----
Angel_MAX   : 5.081296e-05
Voltage_MAX : 6.914139e-06
P_MAX       : 3.869087e-05
Q_MAX       : 1.933053e-05
P_MAE       : 2.220694e-05
Q_MAE       : 8.597763e-06
P_MSE       : 5.721656e-10
Q_MSE       : 1.070171e-10
P_RMSE      : 2.391998e-05
Q_RMSE      : 1.034490e-05

[sample 027] iter 00: max_mismatchPQ=4.135e+00, NN_max_dAng=0.000e+00, NN_max_dV=0.000e+00  True_errAng=1.880e-01, True_errV=8.941e-02
[sample 027] iter 01: max_mismatchPQ=3.948e-03, NN_max_dAng=1.897e-01, NN_max_dV=8.910e-02  True_errAng=2.490e-03, True_errV=5.320e-04
[sample 027] iter 02: max_mismatchPQ=4.989e-05, NN_max_dAng=2.433e-03, NN_max_dV=5.255e-04  True_errAng=7.060e-05, True_errV=6.676e-06
[sample 027] >>> stop_reason=converged, used_iter=2, max_PQ_mismatch=4.989e-05
[1;32m===== Test Sample Heatmap Cell: X=(-2.00,-1.80), PQ=(-1.60,-1.40), x_signed=-1.890673, pq_signed=-1.539261, valid_label=1 =====[0m
---- Error Metrics (Best State) ----
Angel_MAX   : 7.060170e-05
Voltage_MAX : 6.675720e-06
P_MAX       : 4.988909e-05
Q_MAX       : 2.705306e-05
P_MAE       : 3.005416e-05
Q_MAE       : 1.333056e-05
P_MSE       : 1.049172e-09
Q_MSE       : 2.346567e-10
P_RMSE      : 3.239092e-05
Q_RMSE      : 1.531851e-05

[sample 028] iter 00: max_mismatchPQ=3.099e+00, NN_max_dAng=0.000e+00, NN_max_dV=0.000e+00  True_errAng=1.810e-01, True_errV=8.572e-02
[sample 028] iter 01: max_mismatchPQ=1.668e-02, NN_max_dAng=1.650e-01, NN_max_dV=8.695e-02  True_errAng=1.939e-02, True_errV=1.736e-03
[sample 028] iter 02: max_mismatchPQ=8.043e-04, NN_max_dAng=1.795e-02, NN_max_dV=1.625e-03  True_errAng=1.460e-03, True_errV=1.105e-04
[sample 028] iter 03: max_mismatchPQ=3.399e-05, NN_max_dAng=1.413e-03, NN_max_dV=1.068e-04  True_errAng=4.730e-05, True_errV=3.576e-06
[sample 028] >>> stop_reason=converged, used_iter=3, max_PQ_mismatch=3.399e-05
[1;32m===== Test Sample Heatmap Cell: X=(-2.00,-1.80), PQ=(-1.60,-1.40), x_signed=-1.819911, pq_signed=-1.572421, valid_label=1 =====[0m
---- Error Metrics (Best State) ----
Angel_MAX   : 4.729629e-05
Voltage_MAX : 3.576279e-06
P_MAX       : 3.399258e-05
Q_MAX       : 2.288818e-05
P_MAE       : 2.158227e-05
Q_MAE       : 8.616364e-06
P_MSE       : 5.821825e-10
Q_MSE       : 1.309523e-10
P_RMSE      : 2.412846e-05
Q_RMSE      : 1.144344e-05

[sample 029] iter 00: max_mismatchPQ=7.473e+00, NN_max_dAng=0.000e+00, NN_max_dV=0.000e+00  True_errAng=1.804e-01, True_errV=6.513e-02
[sample 029] iter 01: max_mismatchPQ=1.285e-02, NN_max_dAng=1.720e-01, NN_max_dV=6.520e-02  True_errAng=1.687e-02, True_errV=1.471e-03
[sample 029] iter 02: max_mismatchPQ=5.451e-04, NN_max_dAng=1.593e-02, NN_max_dV=1.403e-03  True_errAng=9.387e-04, True_errV=7.224e-05
[sample 029] iter 03: max_mismatchPQ=3.097e-05, NN_max_dAng=8.993e-04, NN_max_dV=6.809e-05  True_errAng=4.032e-05, True_errV=4.172e-06
[sample 029] >>> stop_reason=converged, used_iter=3, max_PQ_mismatch=3.097e-05
[1;32m===== Test Sample Heatmap Cell: X=(-2.00,-1.80), PQ=(-1.60,-1.40), x_signed=-1.814252, pq_signed=-1.571362, valid_label=1 =====[0m
---- Error Metrics (Best State) ----
Angel_MAX   : 4.032254e-05
Voltage_MAX : 4.172325e-06
P_MAX       : 2.598763e-05
Q_MAX       : 3.097206e-05
P_MAE       : 1.751421e-05
Q_MAE       : 9.988305e-06
P_MSE       : 3.437061e-10
Q_MSE       : 1.919029e-10
P_RMSE      : 1.853931e-05
Q_RMSE      : 1.385290e-05

[sample 030] iter 00: max_mismatchPQ=5.815e+00, NN_max_dAng=0.000e+00, NN_max_dV=0.000e+00  True_errAng=1.830e-01, True_errV=7.534e-02
[sample 030] iter 01: max_mismatchPQ=2.342e-03, NN_max_dAng=1.833e-01, NN_max_dV=7.536e-02  True_errAng=1.737e-03, True_errV=3.737e-04
[sample 030] iter 02: max_mismatchPQ=5.710e-05, NN_max_dAng=1.659e-03, NN_max_dV=3.678e-04  True_errAng=7.820e-05, True_errV=1.025e-05
[sample 030] >>> stop_reason=converged, used_iter=2, max_PQ_mismatch=5.710e-05
[1;32m===== Test Sample Heatmap Cell: X=(-2.00,-1.80), PQ=(-1.60,-1.40), x_signed=-1.840171, pq_signed=-1.464794, valid_label=1 =====[0m
---- Error Metrics (Best State) ----
Angel_MAX   : 7.820129e-05
Voltage_MAX : 1.025200e-05
P_MAX       : 5.710125e-05
Q_MAX       : 2.599321e-05
P_MAE       : 3.352787e-05
Q_MAE       : 8.147003e-06
P_MSE       : 1.316085e-09
Q_MSE       : 1.259042e-10
P_RMSE      : 3.627788e-05
Q_RMSE      : 1.122070e-05

[sample 031] iter 00: max_mismatchPQ=5.808e+00, NN_max_dAng=0.000e+00, NN_max_dV=0.000e+00  True_errAng=1.957e-01, True_errV=9.424e-02
[sample 031] iter 01: max_mismatchPQ=3.436e-02, NN_max_dAng=1.682e-01, NN_max_dV=9.435e-02  True_errAng=2.800e-02, True_errV=6.628e-03
[sample 031] iter 02: max_mismatchPQ=2.202e-03, NN_max_dAng=2.392e-02, NN_max_dV=6.566e-03  True_errAng=4.081e-03, True_errV=3.161e-04
[sample 031] iter 03: max_mismatchPQ=6.056e-05, NN_max_dAng=4.104e-03, NN_max_dV=3.202e-04  True_errAng=2.486e-05, True_errV=1.013e-05
[sample 031] >>> stop_reason=converged, used_iter=3, max_PQ_mismatch=6.056e-05
[1;32m===== Test Sample Heatmap Cell: X=(-2.00,-1.80), PQ=(-1.40,-1.20), x_signed=-1.968366, pq_signed=-1.300696, valid_label=1 =====[0m
---- Error Metrics (Best State) ----
Angel_MAX   : 2.485514e-05
Voltage_MAX : 1.013279e-05
P_MAX       : 5.778484e-05
Q_MAX       : 6.055832e-05
P_MAE       : 2.155553e-05
Q_MAE       : 1.778516e-05
P_MSE       : 7.281347e-10
Q_MSE       : 6.286098e-10
P_RMSE      : 2.698397e-05
Q_RMSE      : 2.507209e-05

[sample 032] iter 00: max_mismatchPQ=3.274e+00, NN_max_dAng=0.000e+00, NN_max_dV=0.000e+00  True_errAng=8.162e-02, True_errV=1.810e-01
[sample 032] iter 01: max_mismatchPQ=6.180e-02, NN_max_dAng=9.030e-02, NN_max_dV=1.766e-01  True_errAng=2.774e-02, True_errV=4.389e-03
[sample 032] iter 02: max_mismatchPQ=1.005e-03, NN_max_dAng=2.593e-02, NN_max_dV=4.452e-03  True_errAng=1.816e-03, True_errV=1.446e-04
[sample 032] iter 03: max_mismatchPQ=5.414e-05, NN_max_dAng=1.750e-03, NN_max_dV=1.382e-04  True_errAng=6.625e-05, True_errV=1.335e-05
[sample 032] >>> stop_reason=converged, used_iter=3, max_PQ_mismatch=5.414e-05
[1;32m===== Test Sample Heatmap Cell: X=(-2.00,-1.80), PQ=(-1.40,-1.20), x_signed=-1.835234, pq_signed=-1.355070, valid_label=1 =====[0m
---- Error Metrics (Best State) ----
Angel_MAX   : 6.625056e-05
Voltage_MAX : 1.335144e-05
P_MAX       : 5.413592e-05
Q_MAX       : 1.955032e-05
P_MAE       : 3.007320e-05
Q_MAE       : 1.182534e-05
P_MSE       : 1.086730e-09
Q_MSE       : 1.804785e-10
P_RMSE      : 3.296558e-05
Q_RMSE      : 1.343423e-05

[sample 033] iter 00: max_mismatchPQ=4.529e+00, NN_max_dAng=0.000e+00, NN_max_dV=0.000e+00  True_errAng=1.917e-01, True_errV=9.074e-02
[sample 033] iter 01: max_mismatchPQ=1.492e-02, NN_max_dAng=1.878e-01, NN_max_dV=8.985e-02  True_errAng=3.892e-03, True_errV=1.696e-03
[sample 033] iter 02: max_mismatchPQ=1.262e-04, NN_max_dAng=3.661e-03, NN_max_dV=1.692e-03  True_errAng=2.376e-04, True_errV=2.050e-05
[sample 033] iter 03: max_mismatchPQ=2.728e-05, NN_max_dAng=2.212e-04, NN_max_dV=1.809e-05  True_errAng=1.824e-05, True_errV=2.503e-06
[sample 033] >>> stop_reason=converged, used_iter=3, max_PQ_mismatch=2.728e-05
[1;32m===== Test Sample Heatmap Cell: X=(-2.00,-1.80), PQ=(-1.40,-1.20), x_signed=-1.928059, pq_signed=-1.351140, valid_label=1 =====[0m
---- Error Metrics (Best State) ----
Angel_MAX   : 1.823902e-05
Voltage_MAX : 2.503395e-06
P_MAX       : 1.637975e-05
Q_MAX       : 2.728216e-05
P_MAE       : 8.332338e-06
Q_MAE       : 8.401124e-06
P_MSE       : 9.173912e-11
Q_MSE       : 1.228098e-10
P_RMSE      : 9.578054e-06
Q_RMSE      : 1.108196e-05

[sample 034] iter 00: max_mismatchPQ=6.703e+00, NN_max_dAng=0.000e+00, NN_max_dV=0.000e+00  True_errAng=1.934e-01, True_errV=9.206e-02
[sample 034] iter 01: max_mismatchPQ=1.270e-02, NN_max_dAng=1.846e-01, NN_max_dV=9.239e-02  True_errAng=1.745e-02, True_errV=1.159e-03
[sample 034] iter 02: max_mismatchPQ=6.113e-04, NN_max_dAng=1.631e-02, NN_max_dV=1.082e-03  True_errAng=1.139e-03, True_errV=7.665e-05
[sample 034] iter 03: max_mismatchPQ=3.479e-05, NN_max_dAng=1.099e-03, NN_max_dV=7.319e-05  True_errAng=4.470e-05, True_errV=3.576e-06
[sample 034] >>> stop_reason=converged, used_iter=3, max_PQ_mismatch=3.479e-05
[1;32m===== Test Sample Heatmap Cell: X=(-2.00,-1.80), PQ=(-1.40,-1.20), x_signed=-1.944785, pq_signed=-1.301486, valid_label=1 =====[0m
---- Error Metrics (Best State) ----
Angel_MAX   : 4.470348e-05
Voltage_MAX : 3.576279e-06
P_MAX       : 3.479421e-05
Q_MAX       : 2.574921e-05
P_MAE       : 1.718058e-05
Q_MAE       : 1.090408e-05
P_MSE       : 4.240124e-10
Q_MSE       : 1.892558e-10
P_RMSE      : 2.059156e-05
Q_RMSE      : 1.375703e-05

[sample 035] iter 00: max_mismatchPQ=7.343e+00, NN_max_dAng=0.000e+00, NN_max_dV=0.000e+00  True_errAng=1.964e-01, True_errV=8.931e-02
[sample 035] iter 01: max_mismatchPQ=1.671e-02, NN_max_dAng=1.888e-01, NN_max_dV=9.054e-02  True_errAng=1.730e-02, True_errV=1.375e-03
[sample 035] iter 02: max_mismatchPQ=6.203e-04, NN_max_dAng=1.616e-02, NN_max_dV=1.374e-03  True_errAng=1.149e-03, True_errV=8.857e-05
[sample 035] iter 03: max_mismatchPQ=3.749e-05, NN_max_dAng=1.100e-03, NN_max_dV=8.405e-05  True_errAng=4.852e-05, True_errV=4.530e-06
[sample 035] >>> stop_reason=converged, used_iter=3, max_PQ_mismatch=3.749e-05
[1;32m===== Test Sample Heatmap Cell: X=(-2.00,-1.80), PQ=(-1.40,-1.20), x_signed=-1.975341, pq_signed=-1.263270, valid_label=1 =====[0m
---- Error Metrics (Best State) ----
Angel_MAX   : 4.851818e-05
Voltage_MAX : 4.529953e-06
P_MAX       : 3.749132e-05
Q_MAX       : 2.515316e-05
P_MAE       : 2.187763e-05
Q_MAE       : 9.466584e-06
P_MSE       : 5.804745e-10
Q_MSE       : 1.661025e-10
P_RMSE      : 2.409304e-05
Q_RMSE      : 1.288808e-05

[sample 036] iter 00: max_mismatchPQ=1.017e+01, NN_max_dAng=0.000e+00, NN_max_dV=0.000e+00  True_errAng=1.967e-01, True_errV=9.122e-02
[sample 036] iter 01: max_mismatchPQ=3.722e-02, NN_max_dAng=1.889e-01, NN_max_dV=9.153e-02  True_errAng=1.458e-02, True_errV=1.162e-03
[sample 036] iter 02: max_mismatchPQ=5.100e-04, NN_max_dAng=1.373e-02, NN_max_dV=1.097e-03  True_errAng=8.802e-04, True_errV=6.580e-05
[sample 036] iter 03: max_mismatchPQ=2.640e-05, NN_max_dAng=8.465e-04, NN_max_dV=6.254e-05  True_errAng=3.368e-05, True_errV=3.338e-06
[sample 036] >>> stop_reason=converged, used_iter=3, max_PQ_mismatch=2.640e-05
[1;32m===== Test Sample Heatmap Cell: X=(-2.00,-1.80), PQ=(-1.40,-1.20), x_signed=-1.978207, pq_signed=-1.371806, valid_label=1 =====[0m
---- Error Metrics (Best State) ----
Angel_MAX   : 3.367662e-05
Voltage_MAX : 3.337860e-06
P_MAX       : 2.640486e-05
Q_MAX       : 1.626275e-05
P_MAE       : 1.534521e-05
Q_MAE       : 5.747347e-06
P_MSE       : 2.993039e-10
Q_MSE       : 5.206306e-11
P_RMSE      : 1.730040e-05
Q_RMSE      : 7.215473e-06

[sample 037] iter 00: max_mismatchPQ=2.595e+00, NN_max_dAng=0.000e+00, NN_max_dV=0.000e+00  True_errAng=1.868e-01, True_errV=7.281e-02
[sample 037] iter 01: max_mismatchPQ=8.258e-03, NN_max_dAng=1.840e-01, NN_max_dV=7.298e-02  True_errAng=5.729e-03, True_errV=1.031e-03
[sample 037] iter 02: max_mismatchPQ=9.428e-05, NN_max_dAng=5.626e-03, NN_max_dV=1.030e-03  True_errAng=1.155e-04, True_errV=7.749e-06
[sample 037] >>> stop_reason=converged, used_iter=2, max_PQ_mismatch=9.428e-05
[1;32m===== Test Sample Heatmap Cell: X=(-2.00,-1.80), PQ=(-1.40,-1.20), x_signed=-1.878644, pq_signed=-1.315342, valid_label=1 =====[0m
---- Error Metrics (Best State) ----
Angel_MAX   : 1.154542e-04
Voltage_MAX : 7.748604e-06
P_MAX       : 9.427965e-05
Q_MAX       : 3.111362e-05
P_MAE       : 4.807665e-05
Q_MAE       : 1.094984e-05
P_MSE       : 2.853515e-09
Q_MSE       : 2.105885e-10
P_RMSE      : 5.341830e-05
Q_RMSE      : 1.451167e-05

[sample 038] iter 00: max_mismatchPQ=6.081e+00, NN_max_dAng=0.000e+00, NN_max_dV=0.000e+00  True_errAng=9.171e-02, True_errV=1.847e-01
[sample 038] iter 01: max_mismatchPQ=1.180e-01, NN_max_dAng=9.269e-02, NN_max_dV=1.691e-01  True_errAng=3.771e-02, True_errV=1.555e-02
[sample 038] iter 02: max_mismatchPQ=2.263e-03, NN_max_dAng=3.359e-02, NN_max_dV=1.568e-02  True_errAng=4.125e-03, True_errV=3.444e-04
[sample 038] iter 03: max_mismatchPQ=4.321e-05, NN_max_dAng=4.088e-03, NN_max_dV=3.400e-04  True_errAng=3.916e-05, True_errV=1.562e-05
[sample 038] >>> stop_reason=converged, used_iter=3, max_PQ_mismatch=4.321e-05
[1;32m===== Test Sample Heatmap Cell: X=(-2.00,-1.80), PQ=(-1.40,-1.20), x_signed=-1.872045, pq_signed=-1.250562, valid_label=1 =====[0m
---- Error Metrics (Best State) ----
Angel_MAX   : 3.916025e-05
Voltage_MAX : 1.561642e-05
P_MAX       : 4.275888e-05
Q_MAX       : 4.321360e-05
P_MAE       : 1.795164e-05
Q_MAE       : 2.092863e-05
P_MSE       : 4.115465e-10
Q_MSE       : 5.733696e-10
P_RMSE      : 2.028661e-05
Q_RMSE      : 2.394514e-05

[sample 039] iter 00: max_mismatchPQ=5.671e+00, NN_max_dAng=0.000e+00, NN_max_dV=0.000e+00  True_errAng=1.864e-01, True_errV=5.695e-02
[sample 039] iter 01: max_mismatchPQ=1.911e-03, NN_max_dAng=1.856e-01, NN_max_dV=5.693e-02  True_errAng=3.117e-03, True_errV=2.232e-04
[sample 039] iter 02: max_mismatchPQ=4.487e-05, NN_max_dAng=3.105e-03, NN_max_dV=2.234e-04  True_errAng=1.758e-05, True_errV=7.272e-06
[sample 039] >>> stop_reason=converged, used_iter=2, max_PQ_mismatch=4.487e-05
[1;32m===== Test Sample Heatmap Cell: X=(-2.00,-1.80), PQ=(-1.40,-1.20), x_signed=-1.873952, pq_signed=-1.345105, valid_label=1 =====[0m
---- Error Metrics (Best State) ----
Angel_MAX   : 1.758337e-05
Voltage_MAX : 7.271767e-06
P_MAX       : 4.486786e-05
Q_MAX       : 4.076958e-05
P_MAE       : 1.933150e-05
Q_MAE       : 1.553234e-05
P_MSE       : 4.880665e-10
Q_MSE       : 3.514029e-10
P_RMSE      : 2.209223e-05
Q_RMSE      : 1.874574e-05

[sample 040] iter 00: max_mismatchPQ=4.489e+00, NN_max_dAng=0.000e+00, NN_max_dV=0.000e+00  True_errAng=1.799e-01, True_errV=8.465e-02
[sample 040] iter 01: max_mismatchPQ=1.062e-02, NN_max_dAng=1.754e-01, NN_max_dV=8.459e-02  True_errAng=1.090e-02, True_errV=7.659e-04
[sample 040] iter 02: max_mismatchPQ=1.684e-04, NN_max_dAng=1.074e-02, NN_max_dV=7.597e-04  True_errAng=1.818e-04, True_errV=1.776e-05
[sample 040] iter 03: max_mismatchPQ=2.520e-05, NN_max_dAng=1.689e-04, NN_max_dV=1.684e-05  True_errAng=1.295e-05, True_errV=1.907e-06
[sample 040] >>> stop_reason=converged, used_iter=3, max_PQ_mismatch=2.520e-05
[1;32m===== Test Sample Heatmap Cell: X=(-2.00,-1.80), PQ=(-1.40,-1.20), x_signed=-1.809103, pq_signed=-1.385433, valid_label=1 =====[0m
---- Error Metrics (Best State) ----
Angel_MAX   : 1.294911e-05
Voltage_MAX : 1.907349e-06
P_MAX       : 2.431870e-05
Q_MAX       : 2.519973e-05
P_MAE       : 6.781578e-06
Q_MAE       : 9.233546e-06
P_MSE       : 8.476230e-11
Q_MSE       : 1.474138e-10
P_RMSE      : 9.206645e-06
Q_RMSE      : 1.214141e-05

[sample 041] iter 00: max_mismatchPQ=4.636e+00, NN_max_dAng=0.000e+00, NN_max_dV=0.000e+00  True_errAng=1.934e-01, True_errV=8.731e-02
[sample 041] iter 01: max_mismatchPQ=1.191e-02, NN_max_dAng=1.805e-01, NN_max_dV=8.755e-02  True_errAng=1.334e-02, True_errV=9.736e-04
[sample 041] iter 02: max_mismatchPQ=2.133e-04, NN_max_dAng=1.314e-02, NN_max_dV=9.675e-04  True_errAng=2.030e-04, True_errV=5.043e-05
[sample 041] iter 03: max_mismatchPQ=1.787e-05, NN_max_dAng=1.899e-04, NN_max_dV=5.174e-05  True_errAng=1.395e-05, True_errV=1.431e-06
[sample 041] >>> stop_reason=converged, used_iter=3, max_PQ_mismatch=1.787e-05
[1;32m===== Test Sample Heatmap Cell: X=(-2.00,-1.80), PQ=(-1.20,-1.00), x_signed=-1.944310, pq_signed=-1.153812, valid_label=1 =====[0m
---- Error Metrics (Best State) ----
Angel_MAX   : 1.394749e-05
Voltage_MAX : 1.430511e-06
P_MAX       : 1.512468e-05
Q_MAX       : 1.786649e-05
P_MAE       : 6.814783e-06
Q_MAE       : 5.686423e-06
P_MSE       : 6.361593e-11
Q_MSE       : 7.414788e-11
P_RMSE      : 7.975959e-06
Q_RMSE      : 8.610916e-06

[sample 042] iter 00: max_mismatchPQ=5.851e+00, NN_max_dAng=0.000e+00, NN_max_dV=0.000e+00  True_errAng=1.867e-01, True_errV=8.961e-02
[sample 042] iter 01: max_mismatchPQ=3.088e-03, NN_max_dAng=1.837e-01, NN_max_dV=8.927e-02  True_errAng=3.692e-03, True_errV=5.013e-04
[sample 042] iter 02: max_mismatchPQ=5.218e-05, NN_max_dAng=3.631e-03, NN_max_dV=5.039e-04  True_errAng=6.056e-05, True_errV=6.437e-06
[sample 042] >>> stop_reason=converged, used_iter=2, max_PQ_mismatch=5.218e-05
[1;32m===== Test Sample Heatmap Cell: X=(-2.00,-1.80), PQ=(-1.20,-1.00), x_signed=-1.877450, pq_signed=-1.098483, valid_label=1 =====[0m
---- Error Metrics (Best State) ----
Angel_MAX   : 6.055832e-05
Voltage_MAX : 6.437302e-06
P_MAX       : 5.218387e-05
Q_MAX       : 5.185604e-05
P_MAE       : 2.726004e-05
Q_MAE       : 1.919125e-05
P_MSE       : 9.666783e-10
Q_MSE       : 5.821603e-10
P_RMSE      : 3.109145e-05
Q_RMSE      : 2.412800e-05

[sample 043] iter 00: max_mismatchPQ=4.852e+00, NN_max_dAng=0.000e+00, NN_max_dV=0.000e+00  True_errAng=1.879e-01, True_errV=8.207e-02
[sample 043] iter 01: max_mismatchPQ=1.228e-02, NN_max_dAng=1.724e-01, NN_max_dV=8.133e-02  True_errAng=1.933e-02, True_errV=1.586e-03
[sample 043] iter 02: max_mismatchPQ=6.872e-04, NN_max_dAng=1.800e-02, NN_max_dV=1.491e-03  True_errAng=1.326e-03, True_errV=9.549e-05
[sample 043] iter 03: max_mismatchPQ=3.773e-05, NN_max_dAng=1.279e-03, NN_max_dV=9.117e-05  True_errAng=4.902e-05, True_errV=4.292e-06
[sample 043] >>> stop_reason=converged, used_iter=3, max_PQ_mismatch=3.773e-05
[1;32m===== Test Sample Heatmap Cell: X=(-2.00,-1.80), PQ=(-1.20,-1.00), x_signed=-1.889922, pq_signed=-1.061124, valid_label=1 =====[0m
---- Error Metrics (Best State) ----
Angel_MAX   : 4.902482e-05
Voltage_MAX : 4.291534e-06
P_MAX       : 3.772974e-05
Q_MAX       : 3.002770e-05
P_MAE       : 2.079050e-05
Q_MAE       : 9.765408e-06
P_MSE       : 5.602598e-10
Q_MSE       : 1.933905e-10
P_RMSE      : 2.366981e-05
Q_RMSE      : 1.390649e-05

[sample 044] iter 00: max_mismatchPQ=3.917e+00, NN_max_dAng=0.000e+00, NN_max_dV=0.000e+00  True_errAng=1.830e-01, True_errV=8.318e-02
[sample 044] iter 01: max_mismatchPQ=5.241e-03, NN_max_dAng=1.813e-01, NN_max_dV=8.317e-02  True_errAng=2.581e-03, True_errV=9.522e-04
[sample 044] iter 02: max_mismatchPQ=1.013e-04, NN_max_dAng=2.470e-03, NN_max_dV=9.451e-04  True_errAng=1.206e-04, True_errV=8.345e-06
[sample 044] iter 03: max_mismatchPQ=2.859e-05, NN_max_dAng=1.109e-04, NN_max_dV=7.175e-06  True_errAng=9.805e-06, True_errV=1.311e-06
[sample 044] >>> stop_reason=converged, used_iter=3, max_PQ_mismatch=2.859e-05
[1;32m===== Test Sample Heatmap Cell: X=(-2.00,-1.80), PQ=(-1.20,-1.00), x_signed=-1.840716, pq_signed=-1.110530, valid_label=1 =====[0m
---- Error Metrics (Best State) ----
Angel_MAX   : 9.804964e-06
Voltage_MAX : 1.311302e-06
P_MAX       : 1.108646e-05
Q_MAX       : 2.859347e-05
P_MAE       : 5.773197e-06
Q_MAE       : 9.232951e-06
P_MSE       : 4.090074e-11
Q_MSE       : 1.902344e-10
P_RMSE      : 6.395369e-06
Q_RMSE      : 1.379255e-05

[sample 045] iter 00: max_mismatchPQ=2.820e+00, NN_max_dAng=0.000e+00, NN_max_dV=0.000e+00  True_errAng=1.896e-01, True_errV=8.316e-02
[sample 045] iter 01: max_mismatchPQ=7.126e-03, NN_max_dAng=1.846e-01, NN_max_dV=8.186e-02  True_errAng=6.389e-03, True_errV=2.508e-03
[sample 045] iter 02: max_mismatchPQ=1.967e-04, NN_max_dAng=6.177e-03, NN_max_dV=2.505e-03  True_errAng=2.787e-04, True_errV=2.241e-05
[sample 045] iter 03: max_mismatchPQ=1.723e-05, NN_max_dAng=2.635e-04, NN_max_dV=2.124e-05  True_errAng=1.520e-05, True_errV=1.550e-06
[sample 045] >>> stop_reason=converged, used_iter=3, max_PQ_mismatch=1.723e-05
[1;32m===== Test Sample Heatmap Cell: X=(-2.00,-1.80), PQ=(-1.20,-1.00), x_signed=-1.906836, pq_signed=-1.174747, valid_label=1 =====[0m
---- Error Metrics (Best State) ----
Angel_MAX   : 1.519918e-05
Voltage_MAX : 1.549721e-06
P_MAX       : 1.722574e-05
Q_MAX       : 8.538365e-06
P_MAE       : 7.152978e-06
Q_MAE       : 3.137729e-06
P_MSE       : 7.846836e-11
Q_MSE       : 1.523045e-11
P_RMSE      : 8.858236e-06
Q_RMSE      : 3.902621e-06

[sample 046] iter 00: max_mismatchPQ=3.078e+00, NN_max_dAng=0.000e+00, NN_max_dV=0.000e+00  True_errAng=1.963e-01, True_errV=7.932e-02
[sample 046] iter 01: max_mismatchPQ=1.238e-02, NN_max_dAng=1.817e-01, NN_max_dV=7.925e-02  True_errAng=1.580e-02, True_errV=9.364e-04
[sample 046] iter 02: max_mismatchPQ=4.450e-04, NN_max_dAng=1.499e-02, NN_max_dV=8.772e-04  True_errAng=8.117e-04, True_errV=5.901e-05
[sample 046] iter 03: max_mismatchPQ=2.609e-05, NN_max_dAng=7.763e-04, NN_max_dV=5.570e-05  True_errAng=3.541e-05, True_errV=3.219e-06
[sample 046] >>> stop_reason=converged, used_iter=3, max_PQ_mismatch=2.609e-05
[1;32m===== Test Sample Heatmap Cell: X=(-2.00,-1.80), PQ=(-1.20,-1.00), x_signed=-1.974011, pq_signed=-1.175430, valid_label=1 =====[0m
---- Error Metrics (Best State) ----
Angel_MAX   : 3.540516e-05
Voltage_MAX : 3.218651e-06
P_MAX       : 2.609193e-05
Q_MAX       : 2.221391e-05
P_MAE       : 1.550431e-05
Q_MAE       : 7.841322e-06
P_MSE       : 2.868754e-10
Q_MSE       : 1.119693e-10
P_RMSE      : 1.693740e-05
Q_RMSE      : 1.058156e-05

[sample 047] iter 00: max_mismatchPQ=4.505e+00, NN_max_dAng=0.000e+00, NN_max_dV=0.000e+00  True_errAng=1.936e-01, True_errV=9.441e-02
[sample 047] iter 01: max_mismatchPQ=8.374e-03, NN_max_dAng=1.834e-01, NN_max_dV=9.377e-02  True_errAng=1.353e-02, True_errV=1.094e-03
[sample 047] iter 02: max_mismatchPQ=1.819e-04, NN_max_dAng=1.325e-02, NN_max_dV=1.078e-03  True_errAng=2.736e-04, True_errV=2.515e-05
[sample 047] iter 03: max_mismatchPQ=2.190e-05, NN_max_dAng=2.523e-04, NN_max_dV=2.588e-05  True_errAng=2.131e-05, True_errV=1.788e-06
[sample 047] >>> stop_reason=converged, used_iter=3, max_PQ_mismatch=2.190e-05
[1;32m===== Test Sample Heatmap Cell: X=(-2.00,-1.80), PQ=(-1.20,-1.00), x_signed=-1.946953, pq_signed=-1.114112, valid_label=1 =====[0m
---- Error Metrics (Best State) ----
Angel_MAX   : 2.130866e-05
Voltage_MAX : 1.788139e-06
P_MAX       : 2.047420e-05
Q_MAX       : 2.190284e-05
P_MAE       : 9.455244e-06
Q_MAE       : 8.791271e-06
P_MSE       : 1.189001e-10
Q_MSE       : 1.129624e-10
P_RMSE      : 1.090413e-05
Q_RMSE      : 1.062838e-05

[sample 048] iter 00: max_mismatchPQ=1.585e+00, NN_max_dAng=0.000e+00, NN_max_dV=0.000e+00  True_errAng=1.801e-01, True_errV=6.728e-02
[sample 048] iter 01: max_mismatchPQ=1.012e-02, NN_max_dAng=1.730e-01, NN_max_dV=6.693e-02  True_errAng=1.600e-02, True_errV=1.253e-03
[sample 048] iter 02: max_mismatchPQ=3.915e-04, NN_max_dAng=1.531e-02, NN_max_dV=1.201e-03  True_errAng=6.988e-04, True_errV=5.209e-05
[sample 048] iter 03: max_mismatchPQ=2.998e-05, NN_max_dAng=6.576e-04, NN_max_dV=4.863e-05  True_errAng=4.128e-05, True_errV=3.457e-06
[sample 048] >>> stop_reason=converged, used_iter=3, max_PQ_mismatch=2.998e-05
[1;32m===== Test Sample Heatmap Cell: X=(-2.00,-1.80), PQ=(-1.20,-1.00), x_signed=-1.811259, pq_signed=-1.168718, valid_label=1 =====[0m
---- Error Metrics (Best State) ----
Angel_MAX   : 4.127622e-05
Voltage_MAX : 3.457069e-06
P_MAX       : 2.998114e-05
Q_MAX       : 1.972914e-05
P_MAE       : 1.863119e-05
Q_MAE       : 7.149039e-06
P_MSE       : 4.180525e-10
Q_MSE       : 9.839825e-11
P_RMSE      : 2.044633e-05
Q_RMSE      : 9.919590e-06

[sample 049] iter 00: max_mismatchPQ=6.274e+00, NN_max_dAng=0.000e+00, NN_max_dV=0.000e+00  True_errAng=1.833e-01, True_errV=8.410e-02
[sample 049] iter 01: max_mismatchPQ=2.069e-03, NN_max_dAng=1.828e-01, NN_max_dV=8.404e-02  True_errAng=1.923e-03, True_errV=2.055e-04
[sample 049] iter 02: max_mismatchPQ=3.360e-05, NN_max_dAng=1.885e-03, NN_max_dV=2.028e-04  True_errAng=3.856e-05, True_errV=2.742e-06
[sample 049] >>> stop_reason=converged, used_iter=2, max_PQ_mismatch=3.360e-05
[1;32m===== Test Sample Heatmap Cell: X=(-2.00,-1.80), PQ=(-1.20,-1.00), x_signed=-1.842960, pq_signed=-1.147332, valid_label=1 =====[0m
---- Error Metrics (Best State) ----
Angel_MAX   : 3.856421e-05
Voltage_MAX : 2.741814e-06
P_MAX       : 2.572546e-05
Q_MAX       : 3.360212e-05
P_MAE       : 1.822688e-05
Q_MAE       : 8.878660e-06
P_MSE       : 3.819371e-10
Q_MSE       : 1.865909e-10
P_RMSE      : 1.954321e-05
Q_RMSE      : 1.365983e-05

[sample 050] iter 00: max_mismatchPQ=3.713e+00, NN_max_dAng=0.000e+00, NN_max_dV=0.000e+00  True_errAng=1.798e-01, True_errV=8.209e-02
[sample 050] iter 01: max_mismatchPQ=1.606e-02, NN_max_dAng=1.581e-01, NN_max_dV=8.040e-02  True_errAng=2.268e-02, True_errV=1.691e-03
[sample 050] iter 02: max_mismatchPQ=1.051e-03, NN_max_dAng=2.070e-02, NN_max_dV=1.545e-03  True_errAng=1.979e-03, True_errV=1.462e-04
[sample 050] iter 03: max_mismatchPQ=2.958e-05, NN_max_dAng=1.947e-03, NN_max_dV=1.439e-04  True_errAng=3.126e-05, True_errV=2.623e-06
[sample 050] >>> stop_reason=converged, used_iter=3, max_PQ_mismatch=2.958e-05
[1;32m===== Test Sample Heatmap Cell: X=(-2.00,-1.80), PQ=(-1.20,-1.00), x_signed=-1.808089, pq_signed=-1.165622, valid_label=1 =====[0m
---- Error Metrics (Best State) ----
Angel_MAX   : 3.126264e-05
Voltage_MAX : 2.622604e-06
P_MAX       : 2.221216e-05
Q_MAX       : 2.957880e-05
P_MAE       : 1.555181e-05
Q_MAE       : 1.116547e-05
P_MSE       : 2.925129e-10
Q_MSE       : 2.006711e-10
P_RMSE      : 1.710301e-05
Q_RMSE      : 1.416584e-05


===== Batch Full-Test Summary By Heatmap Cell =====
X=[-2.0,-1.8], PQ=[-2.0,-1.8]: count:10, ill:0, avg_iter:2.50, Ang_MAX:1.464188e-04, Vol_MAX:1.561642e-05, Ang_mean±std:4.350096e-05±3.983068e-05, Vol_mean±std:6.246567e-06±3.840020e-06, P_MAX:9.471e-05, Q_MAX:6.636e-05, P_mean±std:4.655792e-05±2.816200e-05, Q_mean±std:4.104786e-05±1.732893e-05, P_RMSE:2.566e-05, Q_RMSE:2.294e-05, Success rate (<0.1):1.000000, Success rate (<0.01):1.000000, Success rate (<0.001):1.000000
X=[-2.0,-1.8], PQ=[-1.8,-1.6]: count:10, ill:0, avg_iter:2.70, Ang_MAX:1.087487e-04, Vol_MAX:2.062321e-05, Ang_mean±std:4.259348e-05±3.235372e-05, Vol_mean±std:5.412102e-06±5.370825e-06, P_MAX:9.643e-05, Q_MAX:5.190e-05, P_mean±std:3.706207e-05±2.325678e-05, Q_mean±std:2.721809e-05±1.069067e-05, P_RMSE:2.211e-05, Q_RMSE:1.451e-05, Success rate (<0.1):1.000000, Success rate (<0.01):1.000000, Success rate (<0.001):1.000000
X=[-2.0,-1.8], PQ=[-1.6,-1.4]: count:10, ill:0, avg_iter:2.80, Ang_MAX:7.820129e-05, Vol_MAX:1.025200e-05, Ang_mean±std:4.986823e-05±1.678398e-05, Vol_mean±std:5.209446e-06±2.029396e-06, P_MAX:5.710e-05, Q_MAX:4.308e-05, P_mean±std:3.706918e-05±1.098478e-05, Q_mean±std:2.773425e-05±6.138120e-06, P_RMSE:2.354e-05, Q_RMSE:1.382e-05, Success rate (<0.1):1.000000, Success rate (<0.01):1.000000, Success rate (<0.001):1.000000
X=[-2.0,-1.8], PQ=[-1.4,-1.2]: count:10, ill:0, avg_iter:2.80, Ang_MAX:1.154542e-04, Vol_MAX:1.561642e-05, Ang_mean±std:4.213899e-05±2.899864e-05, Vol_mean±std:6.997585e-06±4.499120e-06, P_MAX:9.428e-05, Q_MAX:6.056e-05, P_mean±std:4.332160e-05±2.098910e-05, Q_mean±std:3.148525e-05±1.254381e-05, P_RMSE:2.365e-05, Q_RMSE:1.528e-05, Success rate (<0.1):1.000000, Success rate (<0.01):1.000000, Success rate (<0.001):1.000000
X=[-2.0,-1.8], PQ=[-1.2,-1.0]: count:10, ill:0, avg_iter:2.80, Ang_MAX:6.055832e-05, Vol_MAX:6.437302e-06, Ang_mean±std:3.163517e-05±1.568583e-05, Vol_mean±std:2.884865e-06±1.506760e-06, P_MAX:5.218e-05, Q_MAX:5.186e-05, P_mean±std:2.578354e-05±1.140703e-05, Q_mean±std:2.639089e-05±1.096386e-05, P_RMSE:1.629e-05, Q_RMSE:1.233e-05, Success rate (<0.1):1.000000, Success rate (<0.01):1.000000, Success rate (<0.001):1.000000
X=[-2.0,-1.8], PQ=[-1.0,-0.8]: count:10, ill:0, avg_iter:3.00, Ang_MAX:5.659461e-05, Vol_MAX:8.463860e-06, Ang_mean±std:3.591478e-05±1.661854e-05, Vol_mean±std:4.112720e-06±2.035130e-06, P_MAX:3.919e-05, Q_MAX:3.868e-05, P_mean±std:2.565309e-05±9.909451e-06, Q_mean±std:2.030078e-05±7.344197e-06, P_RMSE:1.725e-05, Q_RMSE:1.096e-05, Success rate (<0.1):1.000000, Success rate (<0.01):1.000000, Success rate (<0.001):1.000000
X=[-2.0,-1.8], PQ=[-0.8,-0.6]: count:10, ill:0, avg_iter:2.90, Ang_MAX:5.102158e-05, Vol_MAX:1.502037e-05, Ang_mean±std:3.004223e-05±1.411765e-05, Vol_mean±std:5.769730e-06±4.021154e-06, P_MAX:3.874e-05, Q_MAX:4.596e-05, P_mean±std:2.767582e-05±5.739814e-06, Q_mean±std:2.580155e-05±1.094452e-05, P_RMSE:1.668e-05, Q_RMSE:1.336e-05, Success rate (<0.1):1.000000, Success rate (<0.01):1.000000, Success rate (<0.001):1.000000
X=[-2.0,-1.8], PQ=[-0.6,-0.4]: count:10, ill:0, avg_iter:2.60, Ang_MAX:1.346469e-04, Vol_MAX:1.204014e-05, Ang_mean±std:5.357862e-05±3.435413e-05, Vol_mean±std:5.626678e-06±3.470526e-06, P_MAX:8.017e-05, Q_MAX:6.319e-05, P_mean±std:4.028851e-05±2.252859e-05, Q_mean±std:3.036037e-05±1.687087e-05, P_RMSE:2.668e-05, Q_RMSE:1.560e-05, Success rate (<0.1):1.000000, Success rate (<0.01):1.000000, Success rate (<0.001):1.000000
X=[-2.0,-1.8], PQ=[-0.4,-0.2]: count:10, ill:0, avg_iter:2.70, Ang_MAX:8.189678e-05, Vol_MAX:6.794930e-06, Ang_mean±std:2.744198e-05±2.032068e-05, Vol_mean±std:2.789497e-06±1.648540e-06, P_MAX:6.994e-05, Q_MAX:6.127e-05, P_mean±std:2.852009e-05±1.878594e-05, Q_mean±std:2.370998e-05±1.535501e-05, P_RMSE:1.550e-05, Q_RMSE:1.127e-05, Success rate (<0.1):1.000000, Success rate (<0.01):1.000000, Success rate (<0.001):1.000000
X=[-2.0,-1.8], PQ=[-0.2,0.0]: count:10, ill:0, avg_iter:2.70, Ang_MAX:8.884072e-05, Vol_MAX:1.633167e-05, Ang_mean±std:3.931224e-05±2.220720e-05, Vol_mean±std:5.745888e-06±4.465116e-06, P_MAX:7.653e-05, Q_MAX:6.070e-05, P_mean±std:3.259100e-05±1.910558e-05, Q_mean±std:2.509728e-05±1.494167e-05, P_RMSE:2.058e-05, Q_RMSE:1.327e-05, Success rate (<0.1):1.000000, Success rate (<0.01):1.000000, Success rate (<0.001):1.000000
X=[-2.0,-1.8], PQ=[0.0,0.2]: count:10, ill:0, avg_iter:2.90, Ang_MAX:4.860759e-05, Vol_MAX:1.442432e-05, Ang_mean±std:3.092587e-05±1.384701e-05, Vol_mean±std:4.482269e-06±3.615089e-06, P_MAX:3.849e-05, Q_MAX:3.810e-05, P_mean±std:2.629795e-05±7.418634e-06, Q_mean±std:2.172797e-05±6.675815e-06, P_RMSE:1.646e-05, Q_RMSE:1.181e-05, Success rate (<0.1):1.000000, Success rate (<0.01):1.000000, Success rate (<0.001):1.000000
X=[-2.0,-1.8], PQ=[0.2,0.4]: count:10, ill:0, avg_iter:2.40, Ang_MAX:1.268089e-04, Vol_MAX:1.311302e-05, Ang_mean±std:4.058480e-05±3.425011e-05, Vol_mean±std:5.733967e-06±4.170775e-06, P_MAX:7.510e-05, Q_MAX:7.267e-05, P_mean±std:3.881110e-05±2.144400e-05, Q_mean±std:3.330633e-05±2.035948e-05, P_RMSE:2.348e-05, Q_RMSE:1.649e-05, Success rate (<0.1):1.000000, Success rate (<0.01):1.000000, Success rate (<0.001):1.000000
X=[-2.0,-1.8], PQ=[0.4,0.6]: count:10, ill:0, avg_iter:2.70, Ang_MAX:5.534291e-05, Vol_MAX:1.537800e-05, Ang_mean±std:3.402531e-05±1.711178e-05, Vol_mean±std:4.541874e-06±3.886461e-06, P_MAX:5.034e-05, Q_MAX:4.613e-05, P_mean±std:3.129808e-05±1.201765e-05, Q_mean±std:2.495439e-05±1.130379e-05, P_RMSE:1.924e-05, Q_RMSE:1.289e-05, Success rate (<0.1):1.000000, Success rate (<0.01):1.000000, Success rate (<0.001):1.000000
X=[-2.0,-1.8], PQ=[0.6,0.8]: count:10, ill:0, avg_iter:2.90, Ang_MAX:1.037717e-04, Vol_MAX:2.193451e-05, Ang_mean±std:3.722161e-05±2.583529e-05, Vol_mean±std:5.781651e-06±5.841073e-06, P_MAX:8.366e-05, Q_MAX:5.299e-05, P_mean±std:3.218375e-05±1.911683e-05, Q_mean±std:2.523158e-05±1.286509e-05, P_RMSE:1.987e-05, Q_RMSE:1.286e-05, Success rate (<0.1):1.000000, Success rate (<0.01):1.000000, Success rate (<0.001):1.000000
X=[-2.0,-1.8], PQ=[0.8,1.0]: count:10, ill:0, avg_iter:3.00, Ang_MAX:6.079674e-05, Vol_MAX:1.621246e-05, Ang_mean±std:2.565384e-05±1.591977e-05, Vol_mean±std:5.006790e-06±4.451473e-06, P_MAX:4.460e-05, Q_MAX:4.312e-05, P_mean±std:2.712159e-05±1.132511e-05, Q_mean±std:2.295980e-05±9.993276e-06, P_RMSE:1.565e-05, Q_RMSE:1.254e-05, Success rate (<0.1):1.000000, Success rate (<0.01):1.000000, Success rate (<0.001):1.000000
X=[-2.0,-1.8], PQ=[1.0,1.2]: count:10, ill:0, avg_iter:2.70, Ang_MAX:1.087487e-04, Vol_MAX:9.179115e-06, Ang_mean±std:3.807098e-05±3.072514e-05, Vol_mean±std:4.160404e-06±2.312445e-06, P_MAX:6.368e-05, Q_MAX:3.557e-05, P_mean±std:2.784361e-05±1.550231e-05, Q_mean±std:1.975915e-05±8.259064e-06, P_RMSE:1.893e-05, Q_RMSE:1.059e-05, Success rate (<0.1):1.000000, Success rate (<0.01):1.000000, Success rate (<0.001):1.000000
X=[-2.0,-1.8], PQ=[1.2,1.4]: count:10, ill:0, avg_iter:2.90, Ang_MAX:6.049871e-05, Vol_MAX:8.106232e-06, Ang_mean±std:3.550351e-05±1.678512e-05, Vol_mean±std:4.351139e-06±1.743270e-06, P_MAX:5.662e-05, Q_MAX:3.777e-05, P_mean±std:2.923545e-05±1.218866e-05, Q_mean±std:2.040139e-05±7.471536e-06, P_RMSE:1.798e-05, Q_RMSE:1.057e-05, Success rate (<0.1):1.000000, Success rate (<0.01):1.000000, Success rate (<0.001):1.000000
X=[-2.0,-1.8], PQ=[1.4,1.6]: count:10, ill:0, avg_iter:2.80, Ang_MAX:1.395643e-04, Vol_MAX:1.454353e-05, Ang_mean±std:5.351007e-05±3.394534e-05, Vol_mean±std:6.675720e-06±4.554045e-06, P_MAX:8.836e-05, Q_MAX:7.772e-05, P_mean±std:4.470329e-05±2.392622e-05, Q_mean±std:3.663637e-05±2.088482e-05, P_RMSE:2.834e-05, Q_RMSE:1.753e-05, Success rate (<0.1):1.000000, Success rate (<0.01):1.000000, Success rate (<0.001):1.000000
X=[-2.0,-1.8], PQ=[1.6,1.8]: count:10, ill:0, avg_iter:2.60, Ang_MAX:1.158118e-04, Vol_MAX:2.253056e-05, Ang_mean±std:4.916936e-05±3.109636e-05, Vol_mean±std:7.736683e-06±5.685283e-06, P_MAX:9.656e-05, Q_MAX:9.907e-05, P_mean±std:4.847513e-05±2.528118e-05, Q_mean±std:4.539012e-05±2.265525e-05, P_RMSE:2.787e-05, Q_RMSE:2.304e-05, Success rate (<0.1):1.000000, Success rate (<0.01):1.000000, Success rate (<0.001):1.000000
X=[-2.0,-1.8], PQ=[1.8,2.0]: count:10, ill:0, avg_iter:2.80, Ang_MAX:6.881356e-05, Vol_MAX:1.120567e-05, Ang_mean±std:3.594309e-05±1.970362e-05, Vol_mean±std:4.494190e-06±2.497171e-06, P_MAX:6.449e-05, Q_MAX:6.527e-05, P_mean±std:3.266014e-05±1.729513e-05, Q_mean±std:3.074461e-05±1.332485e-05, P_RMSE:1.995e-05, Q_RMSE:1.570e-05, Success rate (<0.1):1.000000, Success rate (<0.01):1.000000, Success rate (<0.001):1.000000
X=[-1.8,-1.6], PQ=[-2.0,-1.8]: count:10, ill:0, avg_iter:2.60, Ang_MAX:5.932152e-05, Vol_MAX:1.657009e-05, Ang_mean±std:2.211779e-05±1.598208e-05, Vol_mean±std:4.792213e-06±4.149716e-06, P_MAX:5.811e-05, Q_MAX:7.749e-05, P_mean±std:3.206227e-05±1.506102e-05, Q_mean±std:3.155617e-05±1.795842e-05, P_RMSE:1.657e-05, Q_RMSE:1.723e-05, Success rate (<0.1):1.000000, Success rate (<0.01):1.000000, Success rate (<0.001):1.000000
X=[-1.8,-1.6], PQ=[-1.8,-1.6]: count:10, ill:0, avg_iter:2.80, Ang_MAX:1.117587e-04, Vol_MAX:7.629395e-06, Ang_mean±std:4.472733e-05±3.053930e-05, Vol_mean±std:4.112720e-06±1.407730e-06, P_MAX:8.237e-05, Q_MAX:4.599e-05, P_mean±std:3.772825e-05±2.003851e-05, Q_mean±std:3.376193e-05±7.227094e-06, P_RMSE:2.252e-05, Q_RMSE:1.719e-05, Success rate (<0.1):1.000000, Success rate (<0.01):1.000000, Success rate (<0.001):1.000000
X=[-1.8,-1.6], PQ=[-1.6,-1.4]: count:10, ill:0, avg_iter:2.40, Ang_MAX:8.615851e-05, Vol_MAX:1.156330e-05, Ang_mean±std:3.490150e-05±2.823926e-05, Vol_mean±std:6.198883e-06±2.928766e-06, P_MAX:6.014e-05, Q_MAX:6.611e-05, P_mean±std:3.840103e-05±1.633128e-05, Q_mean±std:3.843419e-05±1.475581e-05, P_RMSE:2.179e-05, Q_RMSE:1.818e-05, Success rate (<0.1):1.000000, Success rate (<0.01):1.000000, Success rate (<0.001):1.000000
X=[-1.8,-1.6], PQ=[-1.4,-1.2]: count:10, ill:0, avg_iter:2.70, Ang_MAX:9.614229e-05, Vol_MAX:1.800060e-05, Ang_mean±std:3.462732e-05±2.423627e-05, Vol_mean±std:5.495548e-06±4.380175e-06, P_MAX:7.711e-05, Q_MAX:5.221e-05, P_mean±std:3.171733e-05±1.798690e-05, Q_mean±std:2.718668e-05±1.035337e-05, P_RMSE:1.827e-05, Q_RMSE:1.342e-05, Success rate (<0.1):1.000000, Success rate (<0.01):1.000000, Success rate (<0.001):1.000000
X=[-1.8,-1.6], PQ=[-1.2,-1.0]: count:10, ill:0, avg_iter:2.60, Ang_MAX:1.332462e-04, Vol_MAX:2.098083e-05, Ang_mean±std:4.423708e-05±3.757799e-05, Vol_mean±std:7.617474e-06±6.359221e-06, P_MAX:8.728e-05, Q_MAX:8.660e-05, P_mean±std:4.385193e-05±2.865386e-05, Q_mean±std:4.049670e-05±2.484679e-05, P_RMSE:2.529e-05, Q_RMSE:2.081e-05, Success rate (<0.1):1.000000, Success rate (<0.01):1.000000, Success rate (<0.001):1.000000
X=[-1.8,-1.6], PQ=[-1.0,-0.8]: count:10, ill:0, avg_iter:2.80, Ang_MAX:5.710125e-05, Vol_MAX:1.120567e-05, Ang_mean±std:2.799034e-05±1.294419e-05, Vol_mean±std:4.088879e-06±3.213813e-06, P_MAX:5.850e-05, Q_MAX:5.871e-05, P_mean±std:2.743693e-05±1.275130e-05, Q_mean±std:2.657732e-05±1.364955e-05, P_RMSE:1.590e-05, Q_RMSE:1.286e-05, Success rate (<0.1):1.000000, Success rate (<0.01):1.000000, Success rate (<0.001):1.000000
X=[-1.8,-1.6], PQ=[-0.8,-0.6]: count:10, ill:0, avg_iter:2.60, Ang_MAX:5.194545e-05, Vol_MAX:2.050400e-05, Ang_mean±std:2.837479e-05±1.455400e-05, Vol_mean±std:5.829334e-06±6.535116e-06, P_MAX:8.063e-05, Q_MAX:8.488e-05, P_mean±std:3.498644e-05±2.535174e-05, Q_mean±std:3.488343e-05±2.561650e-05, P_RMSE:1.879e-05, Q_RMSE:1.720e-05, Success rate (<0.1):1.000000, Success rate (<0.01):1.000000, Success rate (<0.001):1.000000
X=[-1.8,-1.6], PQ=[-0.6,-0.4]: count:10, ill:0, avg_iter:2.70, Ang_MAX:9.521842e-05, Vol_MAX:1.466274e-05, Ang_mean±std:3.351867e-05±2.448807e-05, Vol_mean±std:4.327297e-06±3.969884e-06, P_MAX:6.208e-05, Q_MAX:5.698e-05, P_mean±std:2.898729e-05±1.787510e-05, Q_mean±std:2.496061e-05±1.557280e-05, P_RMSE:1.759e-05, Q_RMSE:1.283e-05, Success rate (<0.1):1.000000, Success rate (<0.01):1.000000, Success rate (<0.001):1.000000
X=[-1.8,-1.6], PQ=[-0.4,-0.2]: count:10, ill:0, avg_iter:2.80, Ang_MAX:5.611777e-05, Vol_MAX:1.716614e-05, Ang_mean±std:2.760291e-05±1.621908e-05, Vol_mean±std:5.221367e-06±5.400536e-06, P_MAX:9.027e-05, Q_MAX:8.165e-05, P_mean±std:3.084104e-05±2.321575e-05, Q_mean±std:3.215019e-05±2.470523e-05, P_RMSE:1.738e-05, Q_RMSE:1.480e-05, Success rate (<0.1):1.000000, Success rate (<0.01):1.000000, Success rate (<0.001):1.000000
X=[-1.8,-1.6], PQ=[-0.2,0.0]: count:10, ill:0, avg_iter:2.70, Ang_MAX:4.723668e-05, Vol_MAX:1.478195e-05, Ang_mean±std:2.731085e-05±1.062133e-05, Vol_mean±std:4.959106e-06±4.611782e-06, P_MAX:4.771e-05, Q_MAX:4.250e-05, P_mean±std:2.428740e-05±9.269242e-06, Q_mean±std:2.031848e-05±9.704574e-06, P_RMSE:1.409e-05, Q_RMSE:1.110e-05, Success rate (<0.1):1.000000, Success rate (<0.01):1.000000, Success rate (<0.001):1.000000
X=[-1.8,-1.6], PQ=[0.0,0.2]: count:10, ill:0, avg_iter:2.50, Ang_MAX:5.751848e-05, Vol_MAX:1.907349e-05, Ang_mean±std:2.901107e-05±1.509913e-05, Vol_mean±std:8.869171e-06±6.416561e-06, P_MAX:6.440e-05, Q_MAX:9.561e-05, P_mean±std:3.709648e-05±1.675849e-05, Q_mean±std:4.086627e-05±2.633648e-05, P_RMSE:2.042e-05, Q_RMSE:2.156e-05, Success rate (<0.1):1.000000, Success rate (<0.01):1.000000, Success rate (<0.001):1.000000
X=[-1.8,-1.6], PQ=[0.2,0.4]: count:10, ill:0, avg_iter:2.70, Ang_MAX:1.299083e-04, Vol_MAX:1.883507e-05, Ang_mean±std:3.474355e-05±3.737976e-05, Vol_mean±std:4.243851e-06±5.048116e-06, P_MAX:8.690e-05, Q_MAX:4.799e-05, P_mean±std:2.698116e-05±2.305551e-05, Q_mean±std:2.148005e-05±9.284303e-06, P_RMSE:1.727e-05, Q_RMSE:1.160e-05, Success rate (<0.1):1.000000, Success rate (<0.01):1.000000, Success rate (<0.001):1.000000
X=[-1.8,-1.6], PQ=[0.4,0.6]: count:10, ill:0, avg_iter:2.80, Ang_MAX:8.568168e-05, Vol_MAX:1.883507e-05, Ang_mean±std:4.000962e-05±2.402404e-05, Vol_mean±std:5.936623e-06±5.120396e-06, P_MAX:8.851e-05, Q_MAX:8.804e-05, P_mean±std:3.398622e-05±2.564683e-05, Q_mean±std:2.966709e-05±2.446248e-05, P_RMSE:2.052e-05, Q_RMSE:1.440e-05, Success rate (<0.1):1.000000, Success rate (<0.01):1.000000, Success rate (<0.001):1.000000
X=[-1.8,-1.6], PQ=[0.6,0.8]: count:10, ill:0, avg_iter:2.50, Ang_MAX:1.350343e-04, Vol_MAX:1.370907e-05, Ang_mean±std:3.647357e-05±3.665598e-05, Vol_mean±std:7.092953e-06±4.594818e-06, P_MAX:9.346e-05, Q_MAX:6.539e-05, P_mean±std:3.597511e-05±2.399538e-05, Q_mean±std:3.321578e-05±1.784092e-05, P_RMSE:2.172e-05, Q_RMSE:1.674e-05, Success rate (<0.1):1.000000, Success rate (<0.01):1.000000, Success rate (<0.001):1.000000
X=[-1.8,-1.6], PQ=[0.8,1.0]: count:10, ill:0, avg_iter:2.80, Ang_MAX:8.288026e-05, Vol_MAX:9.059906e-06, Ang_mean±std:3.738999e-05±1.769545e-05, Vol_mean±std:4.780293e-06±2.327147e-06, P_MAX:5.155e-05, Q_MAX:6.229e-05, P_mean±std:3.217108e-05±1.059702e-05, Q_mean±std:2.746580e-05±1.461931e-05, P_RMSE:2.078e-05, Q_RMSE:1.285e-05, Success rate (<0.1):1.000000, Success rate (<0.01):1.000000, Success rate (<0.001):1.000000
X=[-1.8,-1.6], PQ=[1.0,1.2]: count:10, ill:0, avg_iter:2.70, Ang_MAX:7.686019e-05, Vol_MAX:1.001358e-05, Ang_mean±std:3.422350e-05±2.069924e-05, Vol_mean±std:3.969669e-06±2.502856e-06, P_MAX:9.203e-05, Q_MAX:5.595e-05, P_mean±std:3.583729e-05±2.286954e-05, Q_mean±std:2.517996e-05±1.292216e-05, P_RMSE:1.950e-05, Q_RMSE:1.491e-05, Success rate (<0.1):1.000000, Success rate (<0.01):1.000000, Success rate (<0.001):1.000000
X=[-1.8,-1.6], PQ=[1.2,1.4]: count:10, ill:0, avg_iter:2.70, Ang_MAX:5.683303e-05, Vol_MAX:1.108646e-05, Ang_mean±std:2.635121e-05±2.003502e-05, Vol_mean±std:4.351139e-06±2.967449e-06, P_MAX:4.528e-05, Q_MAX:8.435e-05, P_mean±std:2.739073e-05±1.406351e-05, Q_mean±std:3.061132e-05±2.019978e-05, P_RMSE:1.567e-05, Q_RMSE:1.408e-05, Success rate (<0.1):1.000000, Success rate (<0.01):1.000000, Success rate (<0.001):1.000000
X=[-1.8,-1.6], PQ=[1.4,1.6]: count:10, ill:0, avg_iter:2.80, Ang_MAX:1.178384e-04, Vol_MAX:1.049042e-05, Ang_mean±std:3.317446e-05±3.253637e-05, Vol_mean±std:3.874302e-06±2.786669e-06, P_MAX:6.706e-05, Q_MAX:4.382e-05, P_mean±std:2.604203e-05±1.623148e-05, Q_mean±std:2.756044e-05±9.211174e-06, P_RMSE:1.725e-05, Q_RMSE:1.313e-05, Success rate (<0.1):1.000000, Success rate (<0.01):1.000000, Success rate (<0.001):1.000000
X=[-1.8,-1.6], PQ=[1.6,1.8]: count:10, ill:0, avg_iter:2.70, Ang_MAX:6.636977e-05, Vol_MAX:7.629395e-06, Ang_mean±std:2.593696e-05±1.906099e-05, Vol_mean±std:3.874302e-06±2.037224e-06, P_MAX:5.507e-05, Q_MAX:3.333e-05, P_mean±std:2.970699e-05±1.169346e-05, Q_mean±std:2.274571e-05±7.174191e-06, P_RMSE:1.623e-05, Q_RMSE:1.263e-05, Success rate (<0.1):1.000000, Success rate (<0.01):1.000000, Success rate (<0.001):1.000000
X=[-1.8,-1.6], PQ=[1.8,2.0]: count:10, ill:0, avg_iter:2.70, Ang_MAX:9.113550e-05, Vol_MAX:2.384186e-05, Ang_mean±std:4.255623e-05±2.469595e-05, Vol_mean±std:7.116795e-06±5.896234e-06, P_MAX:7.033e-05, Q_MAX:9.611e-05, P_mean±std:3.828893e-05±1.635548e-05, Q_mean±std:3.923865e-05±2.018596e-05, P_RMSE:2.249e-05, Q_RMSE:1.867e-05, Success rate (<0.1):1.000000, Success rate (<0.01):1.000000, Success rate (<0.001):1.000000
X=[-1.6,-1.4], PQ=[-2.0,-1.8]: count:10, ill:0, avg_iter:2.40, Ang_MAX:1.378953e-04, Vol_MAX:1.502037e-05, Ang_mean±std:4.606843e-05±4.285772e-05, Vol_mean±std:8.094311e-06±5.288501e-06, P_MAX:8.328e-05, Q_MAX:8.786e-05, P_mean±std:4.500150e-05±2.408678e-05, Q_mean±std:4.167077e-05±2.499094e-05, P_RMSE:2.754e-05, Q_RMSE:2.075e-05, Success rate (<0.1):1.000000, Success rate (<0.01):1.000000, Success rate (<0.001):1.000000
X=[-1.6,-1.4], PQ=[-1.8,-1.6]: count:10, ill:0, avg_iter:2.50, Ang_MAX:4.804134e-05, Vol_MAX:1.692772e-05, Ang_mean±std:2.240390e-05±1.109465e-05, Vol_mean±std:5.245209e-06±4.383596e-06, P_MAX:7.187e-05, Q_MAX:8.249e-05, P_mean±std:3.601045e-05±1.982820e-05, Q_mean±std:4.158041e-05±2.254448e-05, P_RMSE:1.952e-05, Q_RMSE:2.079e-05, Success rate (<0.1):1.000000, Success rate (<0.01):1.000000, Success rate (<0.001):1.000000
X=[-1.6,-1.4], PQ=[-1.6,-1.4]: count:10, ill:0, avg_iter:2.60, Ang_MAX:1.358092e-04, Vol_MAX:1.597404e-05, Ang_mean±std:3.814995e-05±3.758498e-05, Vol_mean±std:6.926060e-06±4.985015e-06, P_MAX:9.131e-05, Q_MAX:6.384e-05, P_mean±std:3.881422e-05±2.106483e-05, Q_mean±std:3.352200e-05±1.574596e-05, P_RMSE:2.303e-05, Q_RMSE:1.630e-05, Success rate (<0.1):1.000000, Success rate (<0.01):1.000000, Success rate (<0.001):1.000000
X=[-1.6,-1.4], PQ=[-1.4,-1.2]: count:10, ill:0, avg_iter:2.60, Ang_MAX:6.447732e-05, Vol_MAX:1.192093e-05, Ang_mean±std:3.383458e-05±1.927644e-05, Vol_mean±std:4.231930e-06±2.786669e-06, P_MAX:4.360e-05, Q_MAX:3.338e-05, P_mean±std:2.801702e-05±1.016184e-05, Q_mean±std:2.445134e-05±5.779616e-06, P_RMSE:1.698e-05, Q_RMSE:1.264e-05, Success rate (<0.1):1.000000, Success rate (<0.01):1.000000, Success rate (<0.001):1.000000
X=[-1.6,-1.4], PQ=[-1.2,-1.0]: count:10, ill:0, avg_iter:2.40, Ang_MAX:9.891391e-05, Vol_MAX:2.098083e-05, Ang_mean±std:3.966987e-05±2.622661e-05, Vol_mean±std:9.107590e-06±5.639544e-06, P_MAX:9.322e-05, Q_MAX:9.965e-05, P_mean±std:4.530324e-05±2.724261e-05, Q_mean±std:4.713070e-05±2.674304e-05, P_RMSE:2.510e-05, Q_RMSE:2.440e-05, Success rate (<0.1):1.000000, Success rate (<0.01):1.000000, Success rate (<0.001):1.000000
X=[-1.6,-1.4], PQ=[-1.0,-0.8]: count:10, ill:0, avg_iter:2.30, Ang_MAX:1.120269e-04, Vol_MAX:1.776218e-05, Ang_mean±std:4.241765e-05±3.360184e-05, Vol_mean±std:8.118153e-06±5.831869e-06, P_MAX:7.135e-05, Q_MAX:8.852e-05, P_mean±std:4.519112e-05±2.454324e-05, Q_mean±std:4.834963e-05±2.674266e-05, P_RMSE:2.453e-05, Q_RMSE:2.361e-05, Success rate (<0.1):1.000000, Success rate (<0.01):1.000000, Success rate (<0.001):1.000000
X=[-1.6,-1.4], PQ=[-0.8,-0.6]: count:10, ill:0, avg_iter:2.40, Ang_MAX:7.107854e-05, Vol_MAX:1.466274e-05, Ang_mean±std:3.508031e-05±2.549284e-05, Vol_mean±std:6.151199e-06±4.755898e-06, P_MAX:7.829e-05, Q_MAX:7.797e-05, P_mean±std:3.827885e-05±2.283355e-05, Q_mean±std:3.440308e-05±2.178896e-05, P_RMSE:2.171e-05, Q_RMSE:1.718e-05, Success rate (<0.1):1.000000, Success rate (<0.01):1.000000, Success rate (<0.001):1.000000
X=[-1.6,-1.4], PQ=[-0.6,-0.4]: count:10, ill:0, avg_iter:2.40, Ang_MAX:1.458526e-04, Vol_MAX:1.704693e-05, Ang_mean±std:4.015714e-05±3.976259e-05, Vol_mean±std:8.392334e-06±5.397220e-06, P_MAX:9.436e-05, Q_MAX:8.680e-05, P_mean±std:4.258457e-05±2.709625e-05, Q_mean±std:3.859878e-05±2.756212e-05, P_RMSE:2.498e-05, Q_RMSE:1.805e-05, Success rate (<0.1):1.000000, Success rate (<0.01):1.000000, Success rate (<0.001):1.000000
X=[-1.6,-1.4], PQ=[-0.4,-0.2]: count:10, ill:0, avg_iter:2.30, Ang_MAX:5.149841e-05, Vol_MAX:1.692772e-05, Ang_mean±std:2.668947e-05±1.458504e-05, Vol_mean±std:6.473064e-06±5.381887e-06, P_MAX:6.795e-05, Q_MAX:8.059e-05, P_mean±std:3.678589e-05±1.909737e-05, Q_mean±std:3.534425e-05±2.253697e-05, P_RMSE:1.943e-05, Q_RMSE:1.650e-05, Success rate (<0.1):1.000000, Success rate (<0.01):1.000000, Success rate (<0.001):1.000000
X=[-1.6,-1.4], PQ=[-0.2,0.0]: count:10, ill:0, avg_iter:2.50, Ang_MAX:5.453825e-05, Vol_MAX:1.657009e-05, Ang_mean±std:2.590418e-05±1.235499e-05, Vol_mean±std:6.294250e-06±5.359860e-06, P_MAX:6.735e-05, Q_MAX:9.371e-05, P_mean±std:3.151594e-05±1.804823e-05, Q_mean±std:3.629939e-05±2.783176e-05, P_RMSE:1.686e-05, Q_RMSE:1.641e-05, Success rate (<0.1):1.000000, Success rate (<0.01):1.000000, Success rate (<0.001):1.000000
X=[-1.6,-1.4], PQ=[0.0,0.2]: count:10, ill:0, avg_iter:2.50, Ang_MAX:6.836653e-05, Vol_MAX:1.931190e-05, Ang_mean±std:2.365410e-05±1.912352e-05, Vol_mean±std:7.283688e-06±7.063077e-06, P_MAX:6.273e-05, Q_MAX:6.437e-05, P_mean±std:2.952444e-05±2.095909e-05, Q_mean±std:3.043152e-05±2.046246e-05, P_RMSE:1.547e-05, Q_RMSE:1.656e-05, Success rate (<0.1):1.000000, Success rate (<0.01):1.000000, Success rate (<0.001):1.000000
X=[-1.6,-1.4], PQ=[0.2,0.4]: count:10, ill:0, avg_iter:2.40, Ang_MAX:9.796023e-05, Vol_MAX:1.883507e-05, Ang_mean±std:4.348606e-05±2.514570e-05, Vol_mean±std:8.356571e-06±6.127044e-06, P_MAX:8.124e-05, Q_MAX:8.845e-05, P_mean±std:4.539393e-05±2.361309e-05, Q_mean±std:4.406588e-05±2.864851e-05, P_RMSE:2.628e-05, Q_RMSE:2.277e-05, Success rate (<0.1):1.000000, Success rate (<0.01):1.000000, Success rate (<0.001):1.000000
X=[-1.6,-1.4], PQ=[0.4,0.6]: count:10, ill:0, avg_iter:2.10, Ang_MAX:7.992983e-05, Vol_MAX:1.919270e-05, Ang_mean±std:3.699809e-05±2.188553e-05, Vol_mean±std:8.058548e-06±5.338979e-06, P_MAX:8.890e-05, Q_MAX:9.097e-05, P_mean±std:4.454748e-05±1.979911e-05, Q_mean±std:4.365705e-05±2.466968e-05, P_RMSE:2.535e-05, Q_RMSE:2.092e-05, Success rate (<0.1):1.000000, Success rate (<0.01):1.000000, Success rate (<0.001):1.000000
X=[-1.6,-1.4], PQ=[0.6,0.8]: count:10, ill:0, avg_iter:2.60, Ang_MAX:3.999472e-05, Vol_MAX:1.251698e-05, Ang_mean±std:2.848059e-05±8.168262e-06, Vol_mean±std:4.839897e-06±3.554836e-06, P_MAX:6.145e-05, Q_MAX:5.662e-05, P_mean±std:2.979933e-05±1.470944e-05, Q_mean±std:2.330760e-05±1.444030e-05, P_RMSE:1.732e-05, Q_RMSE:1.231e-05, Success rate (<0.1):1.000000, Success rate (<0.01):1.000000, Success rate (<0.001):1.000000
X=[-1.6,-1.4], PQ=[0.8,1.0]: count:10, ill:0, avg_iter:2.60, Ang_MAX:4.673004e-05, Vol_MAX:1.537800e-05, Ang_mean±std:2.565384e-05±1.405032e-05, Vol_mean±std:5.447865e-06±4.123694e-06, P_MAX:6.028e-05, Q_MAX:5.829e-05, P_mean±std:3.249708e-05±1.583260e-05, Q_mean±std:3.184471e-05±1.528365e-05, P_RMSE:1.690e-05, Q_RMSE:1.560e-05, Success rate (<0.1):1.000000, Success rate (<0.01):1.000000, Success rate (<0.001):1.000000
X=[-1.6,-1.4], PQ=[1.0,1.2]: count:10, ill:0, avg_iter:2.50, Ang_MAX:6.136298e-05, Vol_MAX:1.978874e-05, Ang_mean±std:3.603250e-05±1.870637e-05, Vol_mean±std:7.569790e-06±5.959570e-06, P_MAX:7.327e-05, Q_MAX:8.285e-05, P_mean±std:3.901098e-05±1.833341e-05, Q_mean±std:3.584549e-05±2.608491e-05, P_RMSE:2.254e-05, Q_RMSE:1.818e-05, Success rate (<0.1):1.000000, Success rate (<0.01):1.000000, Success rate (<0.001):1.000000
X=[-1.6,-1.4], PQ=[1.2,1.4]: count:10, ill:0, avg_iter:2.30, Ang_MAX:1.119971e-04, Vol_MAX:1.287460e-05, Ang_mean±std:5.816519e-05±3.601792e-05, Vol_mean±std:7.033348e-06±3.830683e-06, P_MAX:8.896e-05, Q_MAX:8.667e-05, P_mean±std:5.229618e-05±2.579873e-05, Q_mean±std:4.251115e-05±2.291930e-05, P_RMSE:3.213e-05, Q_RMSE:2.229e-05, Success rate (<0.1):1.000000, Success rate (<0.01):1.000000, Success rate (<0.001):1.000000
X=[-1.6,-1.4], PQ=[1.4,1.6]: count:10, ill:0, avg_iter:2.80, Ang_MAX:6.625056e-05, Vol_MAX:1.037121e-05, Ang_mean±std:3.743768e-05±1.828273e-05, Vol_mean±std:4.696846e-06±3.004547e-06, P_MAX:8.523e-05, Q_MAX:5.782e-05, P_mean±std:3.797114e-05±2.019523e-05, Q_mean±std:3.219487e-05±1.229016e-05, P_RMSE:2.204e-05, Q_RMSE:1.663e-05, Success rate (<0.1):1.000000, Success rate (<0.01):1.000000, Success rate (<0.001):1.000000
X=[-1.6,-1.4], PQ=[1.6,1.8]: count:10, ill:0, avg_iter:2.50, Ang_MAX:1.568794e-04, Vol_MAX:1.192093e-05, Ang_mean±std:4.239529e-05±3.955327e-05, Vol_mean±std:5.483627e-06±4.126088e-06, P_MAX:9.561e-05, Q_MAX:5.889e-05, P_mean±std:3.885065e-05±2.232545e-05, Q_mean±std:2.841204e-05±1.647933e-05, P_RMSE:2.367e-05, Q_RMSE:1.459e-05, Success rate (<0.1):1.000000, Success rate (<0.01):1.000000, Success rate (<0.001):1.000000
X=[-1.6,-1.4], PQ=[1.8,2.0]: count:10, ill:0, avg_iter:2.50, Ang_MAX:9.050965e-05, Vol_MAX:2.455711e-05, Ang_mean±std:3.310144e-05±2.805024e-05, Vol_mean±std:7.104874e-06±6.397930e-06, P_MAX:6.270e-05, Q_MAX:7.784e-05, P_mean±std:3.456919e-05±2.016111e-05, Q_mean±std:3.938691e-05±2.111529e-05, P_RMSE:2.062e-05, Q_RMSE:2.092e-05, Success rate (<0.1):1.000000, Success rate (<0.01):1.000000, Success rate (<0.001):1.000000
X=[-1.4,-1.2], PQ=[-2.0,-1.8]: count:10, ill:0, avg_iter:2.20, Ang_MAX:7.358193e-05, Vol_MAX:2.563000e-05, Ang_mean±std:4.167259e-05±2.014401e-05, Vol_mean±std:1.233816e-05±9.060416e-06, P_MAX:8.155e-05, Q_MAX:9.120e-05, P_mean±std:4.574730e-05±1.969391e-05, Q_mean±std:4.907546e-05±2.488051e-05, P_RMSE:2.389e-05, Q_RMSE:2.846e-05, Success rate (<0.1):1.000000, Success rate (<0.01):1.000000, Success rate (<0.001):1.000000
X=[-1.4,-1.2], PQ=[-1.8,-1.6]: count:10, ill:0, avg_iter:2.40, Ang_MAX:7.081032e-05, Vol_MAX:1.239777e-05, Ang_mean±std:2.692044e-05±2.223907e-05, Vol_mean±std:6.520748e-06±4.065386e-06, P_MAX:8.690e-05, Q_MAX:8.244e-05, P_mean±std:3.686950e-05±2.240057e-05, Q_mean±std:4.122518e-05±1.814617e-05, P_RMSE:1.826e-05, Q_RMSE:1.989e-05, Success rate (<0.1):1.000000, Success rate (<0.01):1.000000, Success rate (<0.001):1.000000
X=[-1.4,-1.2], PQ=[-1.6,-1.4]: count:10, ill:0, avg_iter:2.10, Ang_MAX:9.784102e-05, Vol_MAX:2.551079e-05, Ang_mean±std:4.754215e-05±3.379309e-05, Vol_mean±std:8.273125e-06±6.201679e-06, P_MAX:7.334e-05, Q_MAX:9.322e-05, P_mean±std:5.012694e-05±1.617363e-05, Q_mean±std:4.711600e-05±2.380034e-05, P_RMSE:2.776e-05, Q_RMSE:2.403e-05, Success rate (<0.1):1.000000, Success rate (<0.01):1.000000, Success rate (<0.001):1.000000
X=[-1.4,-1.2], PQ=[-1.4,-1.2]: count:10, ill:0, avg_iter:2.40, Ang_MAX:4.130602e-05, Vol_MAX:2.634525e-05, Ang_mean±std:1.754016e-05±9.810267e-06, Vol_mean±std:7.069111e-06±7.543236e-06, P_MAX:5.993e-05, Q_MAX:9.573e-05, P_mean±std:3.103985e-05±1.825387e-05, Q_mean±std:4.389121e-05±2.437697e-05, P_RMSE:1.667e-05, Q_RMSE:2.178e-05, Success rate (<0.1):1.000000, Success rate (<0.01):1.000000, Success rate (<0.001):1.000000
X=[-1.4,-1.2], PQ=[-1.2,-1.0]: count:10, ill:0, avg_iter:2.30, Ang_MAX:8.448958e-05, Vol_MAX:1.811981e-05, Ang_mean±std:3.395528e-05±2.434072e-05, Vol_mean±std:9.644032e-06±5.867580e-06, P_MAX:9.996e-05, Q_MAX:8.464e-05, P_mean±std:4.794595e-05±2.675506e-05, Q_mean±std:5.202387e-05±2.624826e-05, P_RMSE:2.578e-05, Q_RMSE:2.424e-05, Success rate (<0.1):1.000000, Success rate (<0.01):1.000000, Success rate (<0.001):1.000000
X=[-1.4,-1.2], PQ=[-1.0,-0.8]: count:10, ill:0, avg_iter:2.00, Ang_MAX:9.009242e-05, Vol_MAX:1.776218e-05, Ang_mean±std:5.225390e-05±2.577405e-05, Vol_mean±std:1.068115e-05±4.875121e-06, P_MAX:9.093e-05, Q_MAX:8.866e-05, P_mean±std:5.173930e-05±2.224349e-05, Q_mean±std:5.058444e-05±2.443573e-05, P_RMSE:3.027e-05, Q_RMSE:2.349e-05, Success rate (<0.1):1.000000, Success rate (<0.01):1.000000, Success rate (<0.001):1.000000
X=[-1.4,-1.2], PQ=[-0.8,-0.6]: count:10, ill:0, avg_iter:2.00, Ang_MAX:8.639693e-05, Vol_MAX:1.704693e-05, Ang_mean±std:2.990216e-05±2.676471e-05, Vol_mean±std:1.128912e-05±4.820258e-06, P_MAX:7.414e-05, Q_MAX:8.324e-05, P_mean±std:4.303046e-05±1.654778e-05, Q_mean±std:5.439613e-05±1.690087e-05, P_RMSE:2.512e-05, Q_RMSE:2.607e-05, Success rate (<0.1):1.000000, Success rate (<0.01):1.000000, Success rate (<0.001):1.000000
X=[-1.4,-1.2], PQ=[-0.6,-0.4]: count:10, ill:0, avg_iter:2.30, Ang_MAX:7.492304e-05, Vol_MAX:1.943111e-05, Ang_mean±std:3.066063e-05±2.334739e-05, Vol_mean±std:9.238720e-06±6.194354e-06, P_MAX:8.145e-05, Q_MAX:8.041e-05, P_mean±std:4.288460e-05±2.508637e-05, Q_mean±std:4.370101e-05±2.232728e-05, P_RMSE:2.194e-05, Q_RMSE:2.081e-05, Success rate (<0.1):1.000000, Success rate (<0.01):1.000000, Success rate (<0.001):1.000000
X=[-1.4,-1.2], PQ=[-0.4,-0.2]: count:10, ill:0, avg_iter:2.00, Ang_MAX:9.131432e-05, Vol_MAX:2.133846e-05, Ang_mean±std:4.657805e-05±2.236277e-05, Vol_mean±std:1.213551e-05±3.927326e-06, P_MAX:7.699e-05, Q_MAX:9.443e-05, P_mean±std:5.647985e-05±1.690513e-05, Q_mean±std:5.568732e-05±1.700297e-05, P_RMSE:3.046e-05, Q_RMSE:2.697e-05, Success rate (<0.1):1.000000, Success rate (<0.01):1.000000, Success rate (<0.001):1.000000
X=[-1.4,-1.2], PQ=[-0.2,0.0]: count:10, ill:0, avg_iter:2.10, Ang_MAX:7.423759e-05, Vol_MAX:1.752377e-05, Ang_mean±std:4.253983e-05±1.824071e-05, Vol_mean±std:9.512901e-06±4.454601e-06, P_MAX:6.297e-05, Q_MAX:7.835e-05, P_mean±std:3.568869e-05±1.398124e-05, Q_mean±std:3.538504e-05±2.361242e-05, P_RMSE:2.328e-05, Q_RMSE:1.748e-05, Success rate (<0.1):1.000000, Success rate (<0.01):1.000000, Success rate (<0.001):1.000000
X=[-1.4,-1.2], PQ=[0.0,0.2]: count:10, ill:0, avg_iter:2.10, Ang_MAX:8.720160e-05, Vol_MAX:1.883507e-05, Ang_mean±std:4.122853e-05±1.943397e-05, Vol_mean±std:9.953976e-06±5.886392e-06, P_MAX:7.521e-05, Q_MAX:7.930e-05, P_mean±std:4.279341e-05±1.999301e-05, Q_mean±std:4.200414e-05±2.274033e-05, P_RMSE:2.496e-05, Q_RMSE:2.090e-05, Success rate (<0.1):1.000000, Success rate (<0.01):1.000000, Success rate (<0.001):1.000000
X=[-1.4,-1.2], PQ=[0.2,0.4]: count:10, ill:0, avg_iter:2.30, Ang_MAX:9.655952e-05, Vol_MAX:1.657009e-05, Ang_mean±std:4.238784e-05±3.158613e-05, Vol_mean±std:8.594990e-06±6.112415e-06, P_MAX:9.394e-05, Q_MAX:7.308e-05, P_mean±std:4.368786e-05±2.590839e-05, Q_mean±std:3.789049e-05±2.406102e-05, P_RMSE:2.432e-05, Q_RMSE:1.997e-05, Success rate (<0.1):1.000000, Success rate (<0.01):1.000000, Success rate (<0.001):1.000000
X=[-1.4,-1.2], PQ=[0.4,0.6]: count:10, ill:0, avg_iter:2.20, Ang_MAX:9.137392e-05, Vol_MAX:1.549721e-05, Ang_mean±std:3.775656e-05±3.291403e-05, Vol_mean±std:8.594990e-06±4.995552e-06, P_MAX:7.500e-05, Q_MAX:7.261e-05, P_mean±std:4.205117e-05±2.402266e-05, Q_mean±std:3.990796e-05±2.182250e-05, P_RMSE:2.526e-05, Q_RMSE:1.980e-05, Success rate (<0.1):1.000000, Success rate (<0.01):1.000000, Success rate (<0.001):1.000000
X=[-1.4,-1.2], PQ=[0.6,0.8]: count:10, ill:0, avg_iter:2.30, Ang_MAX:1.434088e-04, Vol_MAX:1.347065e-05, Ang_mean±std:4.693270e-05±4.881494e-05, Vol_mean±std:7.057190e-06±4.726404e-06, P_MAX:9.000e-05, Q_MAX:6.461e-05, P_mean±std:4.303457e-05±2.471184e-05, Q_mean±std:2.934448e-05±1.501290e-05, P_RMSE:2.629e-05, Q_RMSE:1.433e-05, Success rate (<0.1):1.000000, Success rate (<0.01):1.000000, Success rate (<0.001):1.000000
X=[-1.4,-1.2], PQ=[0.8,1.0]: count:10, ill:0, avg_iter:2.30, Ang_MAX:1.680851e-04, Vol_MAX:1.680851e-05, Ang_mean±std:5.035549e-05±4.494578e-05, Vol_mean±std:9.059906e-06±5.562618e-06, P_MAX:9.253e-05, Q_MAX:9.536e-05, P_mean±std:5.022140e-05±2.632247e-05, Q_mean±std:4.409347e-05±3.207537e-05, P_RMSE:3.027e-05, Q_RMSE:2.299e-05, Success rate (<0.1):1.000000, Success rate (<0.01):1.000000, Success rate (<0.001):1.000000
X=[-1.4,-1.2], PQ=[1.0,1.2]: count:10, ill:0, avg_iter:2.40, Ang_MAX:8.112192e-05, Vol_MAX:1.919270e-05, Ang_mean±std:3.616959e-05±2.522729e-05, Vol_mean±std:7.700920e-06±6.423423e-06, P_MAX:6.056e-05, Q_MAX:7.880e-05, P_mean±std:3.732586e-05±1.832976e-05, Q_mean±std:3.769712e-05±2.153132e-05, P_RMSE:2.109e-05, Q_RMSE:1.955e-05, Success rate (<0.1):1.000000, Success rate (<0.01):1.000000, Success rate (<0.001):1.000000
X=[-1.4,-1.2], PQ=[1.2,1.4]: count:10, ill:0, avg_iter:2.30, Ang_MAX:1.222193e-04, Vol_MAX:2.157688e-05, Ang_mean±std:3.174394e-05±3.434401e-05, Vol_mean±std:8.535385e-06±6.407031e-06, P_MAX:7.319e-05, Q_MAX:8.631e-05, P_mean±std:3.614353e-05±2.028895e-05, Q_mean±std:4.024245e-05±2.642268e-05, P_RMSE:2.222e-05, Q_RMSE:2.043e-05, Success rate (<0.1):1.000000, Success rate (<0.01):1.000000, Success rate (<0.001):1.000000
X=[-1.4,-1.2], PQ=[1.4,1.6]: count:10, ill:0, avg_iter:2.50, Ang_MAX:9.050965e-05, Vol_MAX:2.074242e-05, Ang_mean±std:3.443807e-05±2.830726e-05, Vol_mean±std:8.594990e-06±6.248534e-06, P_MAX:9.876e-05, Q_MAX:8.905e-05, P_mean±std:4.491284e-05±2.730214e-05, Q_mean±std:4.846624e-05±2.247165e-05, P_RMSE:2.397e-05, Q_RMSE:2.361e-05, Success rate (<0.1):1.000000, Success rate (<0.01):1.000000, Success rate (<0.001):1.000000
X=[-1.4,-1.2], PQ=[1.6,1.8]: count:10, ill:0, avg_iter:2.30, Ang_MAX:8.401275e-05, Vol_MAX:1.966953e-05, Ang_mean±std:4.574209e-05±2.488820e-05, Vol_mean±std:1.142025e-05±5.651526e-06, P_MAX:9.966e-05, Q_MAX:9.155e-05, P_mean±std:5.087020e-05±2.390382e-05, Q_mean±std:4.813278e-05±2.263928e-05, P_RMSE:2.789e-05, Q_RMSE:2.527e-05, Success rate (<0.1):1.000000, Success rate (<0.01):1.000000, Success rate (<0.001):1.000000
X=[-1.4,-1.2], PQ=[1.8,2.0]: count:10, ill:0, avg_iter:2.30, Ang_MAX:8.520484e-05, Vol_MAX:2.455711e-05, Ang_mean±std:4.821718e-05±2.591754e-05, Vol_mean±std:9.763241e-06±7.907351e-06, P_MAX:9.552e-05, Q_MAX:8.324e-05, P_mean±std:6.280482e-05±2.431364e-05, Q_mean±std:5.325733e-05±2.258024e-05, P_RMSE:3.188e-05, Q_RMSE:2.865e-05, Success rate (<0.1):1.000000, Success rate (<0.01):1.000000, Success rate (<0.001):1.000000
X=[-1.2,-1.0], PQ=[-2.0,-1.8]: count:10, ill:0, avg_iter:2.50, Ang_MAX:7.230043e-05, Vol_MAX:2.026558e-05, Ang_mean±std:2.440959e-05±2.123672e-05, Vol_mean±std:5.793571e-06±5.206103e-06, P_MAX:6.303e-05, Q_MAX:9.515e-05, P_mean±std:3.527588e-05±1.781884e-05, Q_mean±std:3.880903e-05±2.365761e-05, P_RMSE:1.911e-05, Q_RMSE:2.109e-05, Success rate (<0.1):1.000000, Success rate (<0.01):1.000000, Success rate (<0.001):1.000000
X=[-1.2,-1.0], PQ=[-1.8,-1.6]: count:10, ill:0, avg_iter:2.10, Ang_MAX:8.821487e-05, Vol_MAX:1.645088e-05, Ang_mean±std:3.571510e-05±2.418395e-05, Vol_mean±std:9.047985e-06±5.571157e-06, P_MAX:7.421e-05, Q_MAX:6.655e-05, P_mean±std:4.079583e-05±1.475683e-05, Q_mean±std:4.208479e-05±1.487049e-05, P_RMSE:2.347e-05, Q_RMSE:2.234e-05, Success rate (<0.1):1.000000, Success rate (<0.01):1.000000, Success rate (<0.001):1.000000
X=[-1.2,-1.0], PQ=[-1.6,-1.4]: count:10, ill:0, avg_iter:2.30, Ang_MAX:1.090467e-04, Vol_MAX:2.408028e-05, Ang_mean±std:3.275871e-05±2.801170e-05, Vol_mean±std:7.998943e-06±6.357209e-06, P_MAX:7.316e-05, Q_MAX:9.680e-05, P_mean±std:4.137242e-05±2.234509e-05, Q_mean±std:4.711058e-05±2.679099e-05, P_RMSE:2.334e-05, Q_RMSE:2.262e-05, Success rate (<0.1):1.000000, Success rate (<0.01):1.000000, Success rate (<0.001):1.000000
X=[-1.2,-1.0], PQ=[-1.4,-1.2]: count:10, ill:0, avg_iter:2.10, Ang_MAX:6.836653e-05, Vol_MAX:1.621246e-05, Ang_mean±std:4.088581e-05±1.939610e-05, Vol_mean±std:7.379055e-06±4.935740e-06, P_MAX:7.322e-05, Q_MAX:7.594e-05, P_mean±std:4.628621e-05±1.835283e-05, Q_mean±std:3.984196e-05±1.710610e-05, P_RMSE:2.525e-05, Q_RMSE:1.926e-05, Success rate (<0.1):1.000000, Success rate (<0.01):1.000000, Success rate (<0.001):1.000000
X=[-1.2,-1.0], PQ=[-1.2,-1.0]: count:10, ill:0, avg_iter:2.10, Ang_MAX:8.702278e-05, Vol_MAX:1.966953e-05, Ang_mean±std:4.696846e-05±2.601463e-05, Vol_mean±std:1.080036e-05±5.961942e-06, P_MAX:8.547e-05, Q_MAX:9.662e-05, P_mean±std:5.140456e-05±2.338132e-05, Q_mean±std:5.672968e-05±2.352880e-05, P_RMSE:2.838e-05, Q_RMSE:2.850e-05, Success rate (<0.1):1.000000, Success rate (<0.01):1.000000, Success rate (<0.001):1.000000
X=[-1.2,-1.0], PQ=[-1.0,-0.8]: count:10, ill:0, avg_iter:2.20, Ang_MAX:1.268387e-04, Vol_MAX:2.038479e-05, Ang_mean±std:4.266948e-05±3.594099e-05, Vol_mean±std:9.655952e-06±6.017177e-06, P_MAX:8.905e-05, Q_MAX:9.283e-05, P_mean±std:4.417927e-05±2.261864e-05, Q_mean±std:4.345421e-05±2.440498e-05, P_RMSE:2.599e-05, Q_RMSE:2.072e-05, Success rate (<0.1):1.000000, Success rate (<0.01):1.000000, Success rate (<0.001):1.000000
X=[-1.2,-1.0], PQ=[-0.8,-0.6]: count:10, ill:0, avg_iter:2.10, Ang_MAX:5.799532e-05, Vol_MAX:1.430511e-05, Ang_mean±std:3.768355e-05±1.870733e-05, Vol_mean±std:7.629395e-06±4.115398e-06, P_MAX:6.533e-05, Q_MAX:6.670e-05, P_mean±std:4.185577e-05±1.563360e-05, Q_mean±std:3.963539e-05±1.651144e-05, P_RMSE:2.338e-05, Q_RMSE:1.992e-05, Success rate (<0.1):1.000000, Success rate (<0.01):1.000000, Success rate (<0.001):1.000000
X=[-1.2,-1.0], PQ=[-0.6,-0.4]: count:10, ill:0, avg_iter:2.10, Ang_MAX:7.700920e-05, Vol_MAX:1.800060e-05, Ang_mean±std:4.099309e-05±2.079553e-05, Vol_mean±std:8.094311e-06±5.500821e-06, P_MAX:8.872e-05, Q_MAX:8.208e-05, P_mean±std:4.199595e-05±2.057738e-05, Q_mean±std:3.851189e-05±2.553704e-05, P_RMSE:2.444e-05, Q_RMSE:1.805e-05, Success rate (<0.1):1.000000, Success rate (<0.01):1.000000, Success rate (<0.001):1.000000
X=[-1.2,-1.0], PQ=[-0.4,-0.2]: count:10, ill:0, avg_iter:2.10, Ang_MAX:7.659197e-05, Vol_MAX:1.561642e-05, Ang_mean±std:3.852993e-05±2.153931e-05, Vol_mean±std:9.012222e-06±4.512414e-06, P_MAX:5.998e-05, Q_MAX:8.631e-05, P_mean±std:4.220807e-05±1.255635e-05, Q_mean±std:4.113931e-05±2.346026e-05, P_RMSE:2.558e-05, Q_RMSE:1.984e-05, Success rate (<0.1):1.000000, Success rate (<0.01):1.000000, Success rate (<0.001):1.000000
X=[-1.2,-1.0], PQ=[-0.2,0.0]: count:10, ill:0, avg_iter:2.00, Ang_MAX:8.174777e-05, Vol_MAX:1.478195e-05, Ang_mean±std:3.693253e-05±2.421060e-05, Vol_mean±std:8.690357e-06±4.782195e-06, P_MAX:7.097e-05, Q_MAX:7.522e-05, P_mean±std:4.065968e-05±1.425811e-05, Q_mean±std:4.415438e-05±1.936772e-05, P_RMSE:2.514e-05, Q_RMSE:2.065e-05, Success rate (<0.1):1.000000, Success rate (<0.01):1.000000, Success rate (<0.001):1.000000
X=[-1.2,-1.0], PQ=[0.0,0.2]: count:10, ill:0, avg_iter:2.10, Ang_MAX:6.508827e-05, Vol_MAX:2.026558e-05, Ang_mean±std:3.470927e-05±2.051478e-05, Vol_mean±std:1.145601e-05±4.875194e-06, P_MAX:6.783e-05, Q_MAX:8.434e-05, P_mean±std:4.463616e-05±1.693546e-05, Q_mean±std:4.575422e-05±2.189534e-05, P_RMSE:2.374e-05, Q_RMSE:2.279e-05, Success rate (<0.1):1.000000, Success rate (<0.01):1.000000, Success rate (<0.001):1.000000
X=[-1.2,-1.0], PQ=[0.2,0.4]: count:10, ill:0, avg_iter:2.10, Ang_MAX:8.365512e-05, Vol_MAX:1.728535e-05, Ang_mean±std:3.876090e-05±1.959798e-05, Vol_mean±std:1.097918e-05±4.811228e-06, P_MAX:8.198e-05, Q_MAX:8.798e-05, P_mean±std:5.256761e-05±1.997777e-05, Q_mean±std:5.430412e-05±1.812422e-05, P_RMSE:2.782e-05, Q_RMSE:2.461e-05, Success rate (<0.1):1.000000, Success rate (<0.01):1.000000, Success rate (<0.001):1.000000
X=[-1.2,-1.0], PQ=[0.4,0.6]: count:10, ill:0, avg_iter:2.10, Ang_MAX:9.995699e-05, Vol_MAX:1.680851e-05, Ang_mean±std:4.523396e-05±2.926357e-05, Vol_mean±std:9.548664e-06±4.984445e-06, P_MAX:7.591e-05, Q_MAX:5.826e-05, P_mean±std:4.579226e-05±1.677650e-05, Q_mean±std:4.198756e-05±1.315934e-05, P_RMSE:2.784e-05, Q_RMSE:2.152e-05, Success rate (<0.1):1.000000, Success rate (<0.01):1.000000, Success rate (<0.001):1.000000
X=[-1.2,-1.0], PQ=[0.6,0.8]: count:10, ill:0, avg_iter:2.00, Ang_MAX:7.259846e-05, Vol_MAX:2.479553e-05, Ang_mean±std:3.388673e-05±2.212562e-05, Vol_mean±std:1.232624e-05±5.860007e-06, P_MAX:9.462e-05, Q_MAX:9.990e-05, P_mean±std:4.652335e-05±1.937685e-05, Q_mean±std:4.985107e-05±2.183151e-05, P_RMSE:2.609e-05, Q_RMSE:2.593e-05, Success rate (<0.1):1.000000, Success rate (<0.01):1.000000, Success rate (<0.001):1.000000
X=[-1.2,-1.0], PQ=[0.8,1.0]: count:10, ill:0, avg_iter:2.10, Ang_MAX:8.586049e-05, Vol_MAX:2.193451e-05, Ang_mean±std:3.722310e-05±1.948731e-05, Vol_mean±std:8.594990e-06±6.477234e-06, P_MAX:7.409e-05, Q_MAX:6.688e-05, P_mean±std:3.812052e-05±1.524024e-05, Q_mean±std:3.603117e-05±2.048375e-05, P_RMSE:2.159e-05, Q_RMSE:1.963e-05, Success rate (<0.1):1.000000, Success rate (<0.01):1.000000, Success rate (<0.001):1.000000
X=[-1.2,-1.0], PQ=[1.0,1.2]: count:10, ill:0, avg_iter:2.10, Ang_MAX:1.053512e-04, Vol_MAX:1.847744e-05, Ang_mean±std:3.309399e-05±3.098642e-05, Vol_mean±std:1.053810e-05±5.573898e-06, P_MAX:9.465e-05, Q_MAX:7.897e-05, P_mean±std:4.639109e-05±2.731943e-05, Q_mean±std:5.537381e-05±2.253577e-05, P_RMSE:2.585e-05, Q_RMSE:2.692e-05, Success rate (<0.1):1.000000, Success rate (<0.01):1.000000, Success rate (<0.001):1.000000
X=[-1.2,-1.0], PQ=[1.2,1.4]: count:10, ill:0, avg_iter:2.10, Ang_MAX:7.647276e-05, Vol_MAX:1.466274e-05, Ang_mean±std:4.208535e-05±2.050233e-05, Vol_mean±std:9.465218e-06±4.322615e-06, P_MAX:8.187e-05, Q_MAX:8.513e-05, P_mean±std:5.042662e-05±1.988174e-05, Q_mean±std:4.917551e-05±1.845058e-05, P_RMSE:2.817e-05, Q_RMSE:2.465e-05, Success rate (<0.1):1.000000, Success rate (<0.01):1.000000, Success rate (<0.001):1.000000
X=[-1.2,-1.0], PQ=[1.4,1.6]: count:10, ill:0, avg_iter:2.30, Ang_MAX:1.411438e-04, Vol_MAX:1.680851e-05, Ang_mean±std:4.119873e-05±3.574698e-05, Vol_mean±std:8.678436e-06±5.189590e-06, P_MAX:9.269e-05, Q_MAX:8.029e-05, P_mean±std:4.828798e-05±2.302838e-05, Q_mean±std:4.482954e-05±1.927375e-05, P_RMSE:2.562e-05, Q_RMSE:2.351e-05, Success rate (<0.1):1.000000, Success rate (<0.01):1.000000, Success rate (<0.001):1.000000
X=[-1.2,-1.0], PQ=[1.6,1.8]: count:10, ill:0, avg_iter:2.10, Ang_MAX:1.466572e-04, Vol_MAX:1.347065e-05, Ang_mean±std:5.181581e-05±4.105237e-05, Vol_mean±std:8.702278e-06±3.793778e-06, P_MAX:9.905e-05, Q_MAX:6.893e-05, P_mean±std:5.852934e-05±2.761445e-05, Q_mean±std:4.556607e-05±1.660038e-05, P_RMSE:3.271e-05, Q_RMSE:2.409e-05, Success rate (<0.1):1.000000, Success rate (<0.01):1.000000, Success rate (<0.001):1.000000
X=[-1.2,-1.0], PQ=[1.8,2.0]: count:10, ill:0, avg_iter:2.10, Ang_MAX:8.794665e-05, Vol_MAX:1.776218e-05, Ang_mean±std:3.904104e-05±2.562022e-05, Vol_mean±std:7.152557e-06±4.855493e-06, P_MAX:7.766e-05, Q_MAX:6.414e-05, P_mean±std:5.110952e-05±1.868936e-05, Q_mean±std:3.738143e-05±1.769157e-05, P_RMSE:2.772e-05, Q_RMSE:2.191e-05, Success rate (<0.1):1.000000, Success rate (<0.01):1.000000, Success rate (<0.001):1.000000
X=[-1.0,-0.8], PQ=[-2.0,-1.8]: count:10, ill:0, avg_iter:2.30, Ang_MAX:1.219511e-04, Vol_MAX:2.086163e-05, Ang_mean±std:4.956573e-05±4.153207e-05, Vol_mean±std:7.593632e-06±5.312523e-06, P_MAX:9.322e-05, Q_MAX:8.447e-05, P_mean±std:5.063713e-05±3.004070e-05, Q_mean±std:5.377380e-05±2.006425e-05, P_RMSE:2.899e-05, Q_RMSE:2.619e-05, Success rate (<0.1):1.000000, Success rate (<0.01):1.000000, Success rate (<0.001):1.000000
X=[-1.0,-0.8], PQ=[-1.8,-1.6]: count:10, ill:0, avg_iter:2.00, Ang_MAX:9.372830e-05, Vol_MAX:1.704693e-05, Ang_mean±std:5.513132e-05±2.303722e-05, Vol_mean±std:9.667873e-06±4.208088e-06, P_MAX:9.636e-05, Q_MAX:7.581e-05, P_mean±std:5.247508e-05±2.154606e-05, Q_mean±std:3.829130e-05±1.727810e-05, P_RMSE:2.948e-05, Q_RMSE:2.076e-05, Success rate (<0.1):1.000000, Success rate (<0.01):1.000000, Success rate (<0.001):1.000000
X=[-1.0,-0.8], PQ=[-1.6,-1.4]: count:10, ill:0, avg_iter:2.00, Ang_MAX:9.310246e-05, Vol_MAX:2.336502e-05, Ang_mean±std:3.687739e-05±2.972550e-05, Vol_mean±std:1.540184e-05±4.500305e-06, P_MAX:7.647e-05, Q_MAX:8.428e-05, P_mean±std:5.630440e-05±1.153546e-05, Q_mean±std:6.103516e-05±1.825183e-05, P_RMSE:2.951e-05, Q_RMSE:3.138e-05, Success rate (<0.1):1.000000, Success rate (<0.01):1.000000, Success rate (<0.001):1.000000
X=[-1.0,-0.8], PQ=[-1.4,-1.2]: count:10, ill:0, avg_iter:2.10, Ang_MAX:5.146861e-05, Vol_MAX:2.264977e-05, Ang_mean±std:2.681911e-05±1.407371e-05, Vol_mean±std:7.796288e-06±6.563270e-06, P_MAX:4.903e-05, Q_MAX:8.398e-05, P_mean±std:3.466813e-05±1.248099e-05, Q_mean±std:4.108809e-05±2.070812e-05, P_RMSE:1.907e-05, Q_RMSE:2.133e-05, Success rate (<0.1):1.000000, Success rate (<0.01):1.000000, Success rate (<0.001):1.000000
X=[-1.0,-0.8], PQ=[-1.2,-1.0]: count:10, ill:0, avg_iter:2.00, Ang_MAX:5.954504e-05, Vol_MAX:1.537800e-05, Ang_mean±std:3.634691e-05±1.648707e-05, Vol_mean±std:6.866455e-06±4.096431e-06, P_MAX:6.443e-05, Q_MAX:7.382e-05, P_mean±std:3.823866e-05±1.092177e-05, Q_mean±std:3.617201e-05±1.975493e-05, P_RMSE:2.208e-05, Q_RMSE:1.673e-05, Success rate (<0.1):1.000000, Success rate (<0.01):1.000000, Success rate (<0.001):1.000000
X=[-1.0,-0.8], PQ=[-1.0,-0.8]: count:10, ill:0, avg_iter:2.00, Ang_MAX:7.197261e-05, Vol_MAX:2.253056e-05, Ang_mean±std:3.063381e-05±2.025727e-05, Vol_mean±std:7.724762e-06±5.619248e-06, P_MAX:4.818e-05, Q_MAX:6.312e-05, P_mean±std:3.437180e-05±9.611090e-06, Q_mean±std:3.661755e-05±1.173544e-05, P_RMSE:2.067e-05, Q_RMSE:1.946e-05, Success rate (<0.1):1.000000, Success rate (<0.01):1.000000, Success rate (<0.001):1.000000
X=[-1.0,-0.8], PQ=[-0.8,-0.6]: count:10, ill:0, avg_iter:2.00, Ang_MAX:6.505847e-05, Vol_MAX:1.502037e-05, Ang_mean±std:2.770722e-05±2.014441e-05, Vol_mean±std:8.726120e-06±4.114983e-06, P_MAX:7.570e-05, Q_MAX:7.206e-05, P_mean±std:3.786865e-05±2.036334e-05, Q_mean±std:3.971923e-05±1.777248e-05, P_RMSE:1.953e-05, Q_RMSE:1.893e-05, Success rate (<0.1):1.000000, Success rate (<0.01):1.000000, Success rate (<0.001):1.000000
X=[-1.0,-0.8], PQ=[-0.6,-0.4]: count:10, ill:0, avg_iter:2.10, Ang_MAX:7.975101e-05, Vol_MAX:1.752377e-05, Ang_mean±std:2.990216e-05±2.488855e-05, Vol_mean±std:8.964539e-06±5.473459e-06, P_MAX:8.416e-05, Q_MAX:7.512e-05, P_mean±std:3.888765e-05±2.279519e-05, Q_mean±std:4.134160e-05±2.084884e-05, P_RMSE:2.070e-05, Q_RMSE:1.932e-05, Success rate (<0.1):1.000000, Success rate (<0.01):1.000000, Success rate (<0.001):1.000000
X=[-1.0,-0.8], PQ=[-0.4,-0.2]: count:10, ill:0, avg_iter:2.00, Ang_MAX:5.939603e-05, Vol_MAX:1.549721e-05, Ang_mean±std:3.283173e-05±1.171348e-05, Vol_mean±std:7.748604e-06±4.426503e-06, P_MAX:6.177e-05, Q_MAX:5.975e-05, P_mean±std:3.551372e-05±1.602550e-05, Q_mean±std:3.331639e-05±1.853832e-05, P_RMSE:2.059e-05, Q_RMSE:1.642e-05, Success rate (<0.1):1.000000, Success rate (<0.01):1.000000, Success rate (<0.001):1.000000
X=[-1.0,-0.8], PQ=[-0.2,0.0]: count:10, ill:0, avg_iter:2.00, Ang_MAX:7.593632e-05, Vol_MAX:1.859665e-05, Ang_mean±std:3.924966e-05±2.217040e-05, Vol_mean±std:1.031160e-05±4.677882e-06, P_MAX:7.440e-05, Q_MAX:7.486e-05, P_mean±std:4.619536e-05±1.863406e-05, Q_mean±std:4.955754e-05±1.706413e-05, P_RMSE:2.631e-05, Q_RMSE:2.287e-05, Success rate (<0.1):1.000000, Success rate (<0.01):1.000000, Success rate (<0.001):1.000000
X=[-1.0,-0.8], PQ=[0.0,0.2]: count:10, ill:0, avg_iter:2.00, Ang_MAX:8.288026e-05, Vol_MAX:1.680851e-05, Ang_mean±std:4.212856e-05±2.571749e-05, Vol_mean±std:8.761883e-06±5.855409e-06, P_MAX:8.260e-05, Q_MAX:6.711e-05, P_mean±std:4.633227e-05±2.647221e-05, Q_mean±std:4.028324e-05±2.384553e-05, P_RMSE:2.470e-05, Q_RMSE:1.881e-05, Success rate (<0.1):1.000000, Success rate (<0.01):1.000000, Success rate (<0.001):1.000000
X=[-1.0,-0.8], PQ=[0.2,0.4]: count:10, ill:0, avg_iter:2.00, Ang_MAX:7.885695e-05, Vol_MAX:1.549721e-05, Ang_mean±std:4.372001e-05±1.868815e-05, Vol_mean±std:7.212162e-06±5.161432e-06, P_MAX:7.859e-05, Q_MAX:6.950e-05, P_mean±std:4.187888e-05±1.986745e-05, Q_mean±std:3.254134e-05±2.072923e-05, P_RMSE:2.398e-05, Q_RMSE:1.653e-05, Success rate (<0.1):1.000000, Success rate (<0.01):1.000000, Success rate (<0.001):1.000000
X=[-1.0,-0.8], PQ=[0.4,0.6]: count:10, ill:0, avg_iter:2.00, Ang_MAX:5.668402e-05, Vol_MAX:1.227856e-05, Ang_mean±std:3.085732e-05±1.718267e-05, Vol_mean±std:6.175041e-06±3.300957e-06, P_MAX:7.145e-05, Q_MAX:6.139e-05, P_mean±std:3.673462e-05±1.468112e-05, Q_mean±std:3.001001e-05±1.586796e-05, P_RMSE:2.041e-05, Q_RMSE:1.474e-05, Success rate (<0.1):1.000000, Success rate (<0.01):1.000000, Success rate (<0.001):1.000000
X=[-1.0,-0.8], PQ=[0.6,0.8]: count:10, ill:0, avg_iter:2.00, Ang_MAX:9.128451e-05, Vol_MAX:1.561642e-05, Ang_mean±std:4.321635e-05±2.320467e-05, Vol_mean±std:7.677078e-06±4.428493e-06, P_MAX:7.334e-05, Q_MAX:6.788e-05, P_mean±std:3.911484e-05±1.890378e-05, Q_mean±std:3.706885e-05±1.890983e-05, P_RMSE:2.440e-05, Q_RMSE:1.807e-05, Success rate (<0.1):1.000000, Success rate (<0.01):1.000000, Success rate (<0.001):1.000000
X=[-1.0,-0.8], PQ=[0.8,1.0]: count:10, ill:0, avg_iter:2.10, Ang_MAX:6.142259e-05, Vol_MAX:1.502037e-05, Ang_mean±std:3.502816e-05±1.564593e-05, Vol_mean±std:6.961823e-06±4.557226e-06, P_MAX:6.285e-05, Q_MAX:5.509e-05, P_mean±std:3.593859e-05±1.531175e-05, Q_mean±std:3.183414e-05±1.333573e-05, P_RMSE:2.020e-05, Q_RMSE:1.598e-05, Success rate (<0.1):1.000000, Success rate (<0.01):1.000000, Success rate (<0.001):1.000000
X=[-1.0,-0.8], PQ=[1.0,1.2]: count:10, ill:0, avg_iter:2.10, Ang_MAX:7.560849e-05, Vol_MAX:1.323223e-05, Ang_mean±std:3.850758e-05±2.456802e-05, Vol_mean±std:6.556511e-06±4.086636e-06, P_MAX:8.370e-05, Q_MAX:8.738e-05, P_mean±std:3.954750e-05±2.269009e-05, Q_mean±std:3.900307e-05±2.385694e-05, P_RMSE:2.282e-05, Q_RMSE:1.897e-05, Success rate (<0.1):1.000000, Success rate (<0.01):1.000000, Success rate (<0.001):1.000000
X=[-1.0,-0.8], PQ=[1.2,1.4]: count:10, ill:0, avg_iter:2.00, Ang_MAX:7.730722e-05, Vol_MAX:1.931190e-05, Ang_mean±std:4.372299e-05±2.567434e-05, Vol_mean±std:9.465218e-06±4.445148e-06, P_MAX:7.789e-05, Q_MAX:8.559e-05, P_mean±std:5.150166e-05±1.589845e-05, Q_mean±std:5.076472e-05±2.024106e-05, P_RMSE:2.950e-05, Q_RMSE:2.557e-05, Success rate (<0.1):1.000000, Success rate (<0.01):1.000000, Success rate (<0.001):1.000000
X=[-1.0,-0.8], PQ=[1.4,1.6]: count:10, ill:0, avg_iter:2.20, Ang_MAX:1.096725e-04, Vol_MAX:1.406670e-05, Ang_mean±std:3.983676e-05±3.289531e-05, Vol_mean±std:5.972385e-06±3.649615e-06, P_MAX:9.622e-05, Q_MAX:8.082e-05, P_mean±std:4.235795e-05±2.941966e-05, Q_mean±std:3.691581e-05±2.266109e-05, P_RMSE:2.314e-05, Q_RMSE:1.867e-05, Success rate (<0.1):1.000000, Success rate (<0.01):1.000000, Success rate (<0.001):1.000000
X=[-1.0,-0.8], PQ=[1.6,1.8]: count:10, ill:0, avg_iter:2.20, Ang_MAX:4.625320e-05, Vol_MAX:1.358986e-05, Ang_mean±std:1.829863e-05±1.678322e-05, Vol_mean±std:5.400181e-06±3.683181e-06, P_MAX:5.944e-05, Q_MAX:9.477e-05, P_mean±std:3.606196e-05±1.480858e-05, Q_mean±std:4.852731e-05±2.531552e-05, P_RMSE:1.800e-05, Q_RMSE:2.148e-05, Success rate (<0.1):1.000000, Success rate (<0.01):1.000000, Success rate (<0.001):1.000000
X=[-1.0,-0.8], PQ=[1.8,2.0]: count:10, ill:0, avg_iter:2.20, Ang_MAX:8.285046e-05, Vol_MAX:1.537800e-05, Ang_mean±std:3.964752e-05±3.066228e-05, Vol_mean±std:8.368492e-06±3.911736e-06, P_MAX:6.127e-05, Q_MAX:6.378e-05, P_mean±std:4.455179e-05±1.521956e-05, Q_mean±std:3.370140e-05±1.379113e-05, P_RMSE:2.506e-05, Q_RMSE:1.708e-05, Success rate (<0.1):1.000000, Success rate (<0.01):1.000000, Success rate (<0.001):1.000000
X=[-0.8,-0.6], PQ=[-2.0,-1.8]: count:10, ill:0, avg_iter:2.00, Ang_MAX:4.792213e-05, Vol_MAX:1.192093e-05, Ang_mean±std:2.627969e-05±1.348438e-05, Vol_mean±std:6.091595e-06±3.085403e-06, P_MAX:8.152e-05, Q_MAX:7.731e-05, P_mean±std:3.733505e-05±1.779444e-05, Q_mean±std:4.115142e-05±1.971918e-05, P_RMSE:1.873e-05, Q_RMSE:1.903e-05, Success rate (<0.1):1.000000, Success rate (<0.01):1.000000, Success rate (<0.001):1.000000
X=[-0.8,-0.6], PQ=[-1.8,-1.6]: count:10, ill:0, avg_iter:2.10, Ang_MAX:6.592274e-05, Vol_MAX:8.344650e-06, Ang_mean±std:2.999902e-05±1.675722e-05, Vol_mean±std:4.673004e-06±2.283597e-06, P_MAX:6.032e-05, Q_MAX:5.996e-05, P_mean±std:3.222496e-05±1.720670e-05, Q_mean±std:3.250632e-05±1.620987e-05, P_RMSE:1.744e-05, Q_RMSE:1.587e-05, Success rate (<0.1):1.000000, Success rate (<0.01):1.000000, Success rate (<0.001):1.000000
X=[-0.8,-0.6], PQ=[-1.6,-1.4]: count:10, ill:0, avg_iter:2.00, Ang_MAX:8.270144e-05, Vol_MAX:1.382828e-05, Ang_mean±std:3.847480e-05±2.445966e-05, Vol_mean±std:6.854534e-06±3.698275e-06, P_MAX:9.081e-05, Q_MAX:5.412e-05, P_mean±std:3.905670e-05±2.052851e-05, Q_mean±std:3.574844e-05±1.510631e-05, P_RMSE:2.263e-05, Q_RMSE:1.739e-05, Success rate (<0.1):1.000000, Success rate (<0.01):1.000000, Success rate (<0.001):1.000000
X=[-0.8,-0.6], PQ=[-1.4,-1.2]: count:10, ill:0, avg_iter:2.00, Ang_MAX:5.444884e-05, Vol_MAX:1.907349e-05, Ang_mean±std:2.907366e-05±1.515847e-05, Vol_mean±std:6.794930e-06±5.241414e-06, P_MAX:6.199e-05, Q_MAX:7.246e-05, P_mean±std:3.592249e-05±1.269324e-05, Q_mean±std:3.745761e-05±1.698263e-05, P_RMSE:1.907e-05, Q_RMSE:1.963e-05, Success rate (<0.1):1.000000, Success rate (<0.01):1.000000, Success rate (<0.001):1.000000
X=[-0.8,-0.6], PQ=[-1.2,-1.0]: count:10, ill:0, avg_iter:2.00, Ang_MAX:5.102158e-05, Vol_MAX:1.680851e-05, Ang_mean±std:3.886968e-05±1.119358e-05, Vol_mean±std:7.498264e-06±4.942070e-06, P_MAX:8.167e-05, Q_MAX:7.850e-05, P_mean±std:4.028201e-05±1.791327e-05, Q_mean±std:4.170798e-05±2.127274e-05, P_RMSE:2.321e-05, Q_RMSE:1.959e-05, Success rate (<0.1):1.000000, Success rate (<0.01):1.000000, Success rate (<0.001):1.000000
X=[-0.8,-0.6], PQ=[-1.0,-0.8]: count:10, ill:0, avg_iter:2.00, Ang_MAX:8.624792e-05, Vol_MAX:1.788139e-05, Ang_mean±std:4.541278e-05±2.229294e-05, Vol_mean±std:7.998943e-06±5.073458e-06, P_MAX:9.799e-05, Q_MAX:8.339e-05, P_mean±std:4.195670e-05±2.437459e-05, Q_mean±std:3.300924e-05±2.360428e-05, P_RMSE:2.382e-05, Q_RMSE:1.531e-05, Success rate (<0.1):1.000000, Success rate (<0.01):1.000000, Success rate (<0.001):1.000000
X=[-0.8,-0.6], PQ=[-0.8,-0.6]: count:10, ill:0, avg_iter:2.00, Ang_MAX:6.440282e-05, Vol_MAX:8.583069e-06, Ang_mean±std:3.124177e-05±1.686714e-05, Vol_mean±std:4.434586e-06±1.934572e-06, P_MAX:5.473e-05, Q_MAX:4.280e-05, P_mean±std:3.040993e-05±1.046317e-05, Q_mean±std:2.606099e-05±1.005071e-05, P_RMSE:1.839e-05, Q_RMSE:1.269e-05, Success rate (<0.1):1.000000, Success rate (<0.01):1.000000, Success rate (<0.001):1.000000
X=[-0.8,-0.6], PQ=[-0.6,-0.4]: count:10, ill:0, avg_iter:2.00, Ang_MAX:7.870793e-05, Vol_MAX:1.573563e-05, Ang_mean±std:3.869832e-05±1.894672e-05, Vol_mean±std:8.046627e-06±4.715100e-06, P_MAX:9.146e-05, Q_MAX:7.187e-05, P_mean±std:3.844977e-05±2.120118e-05, Q_mean±std:3.400166e-05±2.071810e-05, P_RMSE:2.154e-05, Q_RMSE:1.747e-05, Success rate (<0.1):1.000000, Success rate (<0.01):1.000000, Success rate (<0.001):1.000000
X=[-0.8,-0.6], PQ=[-0.4,-0.2]: count:10, ill:0, avg_iter:2.00, Ang_MAX:4.568696e-05, Vol_MAX:1.573563e-05, Ang_mean±std:2.589226e-05±1.582452e-05, Vol_mean±std:5.877018e-06±4.675695e-06, P_MAX:4.676e-05, Q_MAX:6.776e-05, P_mean±std:2.807088e-05±1.186421e-05, Q_mean±std:3.206339e-05±1.926844e-05, P_RMSE:1.718e-05, Q_RMSE:1.490e-05, Success rate (<0.1):1.000000, Success rate (<0.01):1.000000, Success rate (<0.001):1.000000
X=[-0.8,-0.6], PQ=[-0.2,0.0]: count:10, ill:0, avg_iter:2.00, Ang_MAX:5.698204e-05, Vol_MAX:1.597404e-05, Ang_mean±std:3.124326e-05±1.539689e-05, Vol_mean±std:7.140636e-06±4.794659e-06, P_MAX:6.472e-05, Q_MAX:5.817e-05, P_mean±std:3.526154e-05±1.626700e-05, Q_mean±std:3.192401e-05±1.641132e-05, P_RMSE:1.890e-05, Q_RMSE:1.567e-05, Success rate (<0.1):1.000000, Success rate (<0.01):1.000000, Success rate (<0.001):1.000000
X=[-0.8,-0.6], PQ=[0.0,0.2]: count:10, ill:0, avg_iter:2.00, Ang_MAX:5.578995e-05, Vol_MAX:1.311302e-05, Ang_mean±std:2.943873e-05±1.545835e-05, Vol_mean±std:7.283688e-06±3.918868e-06, P_MAX:6.652e-05, Q_MAX:5.734e-05, P_mean±std:3.626333e-05±1.851239e-05, Q_mean±std:3.544060e-05±1.913859e-05, P_RMSE:1.956e-05, Q_RMSE:1.658e-05, Success rate (<0.1):1.000000, Success rate (<0.01):1.000000, Success rate (<0.001):1.000000
X=[-0.8,-0.6], PQ=[0.2,0.4]: count:10, ill:0, avg_iter:2.00, Ang_MAX:9.456277e-05, Vol_MAX:1.680851e-05, Ang_mean±std:3.876984e-05±2.237576e-05, Vol_mean±std:6.735325e-06±4.994357e-06, P_MAX:8.324e-05, Q_MAX:6.424e-05, P_mean±std:3.461875e-05±1.663262e-05, Q_mean±std:2.847800e-05±1.315766e-05, P_RMSE:2.097e-05, Q_RMSE:1.521e-05, Success rate (<0.1):1.000000, Success rate (<0.01):1.000000, Success rate (<0.001):1.000000
X=[-0.8,-0.6], PQ=[0.4,0.6]: count:10, ill:0, avg_iter:2.00, Ang_MAX:4.956126e-05, Vol_MAX:1.204014e-05, Ang_mean±std:2.675354e-05±1.634777e-05, Vol_mean±std:5.888939e-06±2.881908e-06, P_MAX:4.300e-05, Q_MAX:6.187e-05, P_mean±std:3.288584e-05±6.168648e-06, Q_mean±std:3.378671e-05±1.479661e-05, P_RMSE:2.023e-05, Q_RMSE:1.597e-05, Success rate (<0.1):1.000000, Success rate (<0.01):1.000000, Success rate (<0.001):1.000000
X=[-0.8,-0.6], PQ=[0.6,0.8]: count:10, ill:0, avg_iter:2.00, Ang_MAX:6.830692e-05, Vol_MAX:1.668930e-05, Ang_mean±std:4.069358e-05±1.706720e-05, Vol_mean±std:7.998943e-06±4.121764e-06, P_MAX:7.329e-05, Q_MAX:7.952e-05, P_mean±std:3.869062e-05±1.570864e-05, Q_mean±std:3.768348e-05±2.197275e-05, P_RMSE:2.351e-05, Q_RMSE:1.863e-05, Success rate (<0.1):1.000000, Success rate (<0.01):1.000000, Success rate (<0.001):1.000000
X=[-0.8,-0.6], PQ=[0.8,1.0]: count:10, ill:0, avg_iter:2.00, Ang_MAX:6.991625e-05, Vol_MAX:1.287460e-05, Ang_mean±std:4.718006e-05±8.960706e-06, Vol_mean±std:5.269051e-06±2.782356e-06, P_MAX:6.805e-05, Q_MAX:5.841e-05, P_mean±std:3.983570e-05±1.160791e-05, Q_mean±std:3.025348e-05±1.331593e-05, P_RMSE:2.505e-05, Q_RMSE:1.487e-05, Success rate (<0.1):1.000000, Success rate (<0.01):1.000000, Success rate (<0.001):1.000000
X=[-0.8,-0.6], PQ=[1.0,1.2]: count:10, ill:0, avg_iter:2.00, Ang_MAX:6.070733e-05, Vol_MAX:1.811981e-05, Ang_mean±std:3.539622e-05±2.197127e-05, Vol_mean±std:6.520748e-06±4.854336e-06, P_MAX:7.130e-05, Q_MAX:6.402e-05, P_mean±std:3.628418e-05±1.632849e-05, Q_mean±std:3.359411e-05±1.705723e-05, P_RMSE:2.062e-05, Q_RMSE:1.905e-05, Success rate (<0.1):1.000000, Success rate (<0.01):1.000000, Success rate (<0.001):1.000000
X=[-0.8,-0.6], PQ=[1.2,1.4]: count:10, ill:0, avg_iter:2.10, Ang_MAX:5.742908e-05, Vol_MAX:1.525879e-05, Ang_mean±std:3.085881e-05±1.545302e-05, Vol_mean±std:7.414818e-06±3.912826e-06, P_MAX:5.533e-05, Q_MAX:5.782e-05, P_mean±std:3.473971e-05±1.038053e-05, Q_mean±std:3.426145e-05±1.714242e-05, P_RMSE:1.931e-05, Q_RMSE:1.747e-05, Success rate (<0.1):1.000000, Success rate (<0.01):1.000000, Success rate (<0.001):1.000000
X=[-0.8,-0.6], PQ=[1.4,1.6]: count:10, ill:0, avg_iter:2.00, Ang_MAX:3.841519e-05, Vol_MAX:1.287460e-05, Ang_mean±std:2.049804e-05±1.083297e-05, Vol_mean±std:5.733967e-06±3.755168e-06, P_MAX:6.098e-05, Q_MAX:6.759e-05, P_mean±std:3.287711e-05±1.233600e-05, Q_mean±std:3.686845e-05±1.541160e-05, P_RMSE:1.728e-05, Q_RMSE:1.787e-05, Success rate (<0.1):1.000000, Success rate (<0.01):1.000000, Success rate (<0.001):1.000000
X=[-0.8,-0.6], PQ=[1.6,1.8]: count:10, ill:0, avg_iter:2.20, Ang_MAX:4.568696e-05, Vol_MAX:1.645088e-05, Ang_mean±std:2.270490e-05±1.152592e-05, Vol_mean±std:6.628036e-06±4.292594e-06, P_MAX:5.528e-05, Q_MAX:8.965e-05, P_mean±std:3.142375e-05±1.368814e-05, Q_mean±std:4.158651e-05±2.656500e-05, P_RMSE:1.696e-05, Q_RMSE:1.929e-05, Success rate (<0.1):1.000000, Success rate (<0.01):1.000000, Success rate (<0.001):1.000000
X=[-0.8,-0.6], PQ=[1.8,2.0]: count:10, ill:0, avg_iter:2.30, Ang_MAX:7.292628e-05, Vol_MAX:1.704693e-05, Ang_mean±std:3.099442e-05±2.401252e-05, Vol_mean±std:6.568432e-06±4.191169e-06, P_MAX:5.745e-05, Q_MAX:7.287e-05, P_mean±std:3.511490e-05±1.288163e-05, Q_mean±std:4.041344e-05±1.329204e-05, P_RMSE:2.033e-05, Q_RMSE:2.016e-05, Success rate (<0.1):1.000000, Success rate (<0.01):1.000000, Success rate (<0.001):1.000000
X=[-0.6,-0.4], PQ=[-2.0,-1.8]: count:10, ill:0, avg_iter:2.00, Ang_MAX:5.465746e-05, Vol_MAX:1.609325e-05, Ang_mean±std:3.202409e-05±1.442016e-05, Vol_mean±std:6.699562e-06±4.828432e-06, P_MAX:9.203e-05, Q_MAX:5.247e-05, P_mean±std:3.736813e-05±2.000681e-05, Q_mean±std:3.427935e-05±7.635511e-06, P_RMSE:1.995e-05, Q_RMSE:1.815e-05, Success rate (<0.1):1.000000, Success rate (<0.01):1.000000, Success rate (<0.001):1.000000
X=[-0.6,-0.4], PQ=[-1.8,-1.6]: count:10, ill:0, avg_iter:2.00, Ang_MAX:8.216500e-05, Vol_MAX:2.014637e-05, Ang_mean±std:4.598796e-05±1.973886e-05, Vol_mean±std:6.234646e-06±4.986897e-06, P_MAX:5.603e-05, Q_MAX:7.021e-05, P_mean±std:3.977107e-05±9.355237e-06, Q_mean±std:3.694221e-05±1.385453e-05, P_RMSE:2.413e-05, Q_RMSE:1.836e-05, Success rate (<0.1):1.000000, Success rate (<0.01):1.000000, Success rate (<0.001):1.000000
X=[-0.6,-0.4], PQ=[-1.6,-1.4]: count:10, ill:0, avg_iter:2.00, Ang_MAX:5.924702e-05, Vol_MAX:7.033348e-06, Ang_mean±std:3.171265e-05±1.512530e-05, Vol_mean±std:4.708767e-06±1.675940e-06, P_MAX:4.035e-05, Q_MAX:6.175e-05, P_mean±std:2.977402e-05±9.005574e-06, Q_mean±std:3.158932e-05±1.494461e-05, P_RMSE:1.825e-05, Q_RMSE:1.517e-05, Success rate (<0.1):1.000000, Success rate (<0.01):1.000000, Success rate (<0.001):1.000000
X=[-0.6,-0.4], PQ=[-1.4,-1.2]: count:10, ill:0, avg_iter:2.00, Ang_MAX:6.255507e-05, Vol_MAX:9.655952e-06, Ang_mean±std:3.943443e-05±1.668375e-05, Vol_mean±std:4.899502e-06±1.672715e-06, P_MAX:4.396e-05, Q_MAX:5.928e-05, P_mean±std:3.316631e-05±8.054400e-06, Q_mean±std:3.407451e-05±1.696594e-05, P_RMSE:2.073e-05, Q_RMSE:1.595e-05, Success rate (<0.1):1.000000, Success rate (<0.01):1.000000, Success rate (<0.001):1.000000
X=[-0.6,-0.4], PQ=[-1.2,-1.0]: count:10, ill:0, avg_iter:2.00, Ang_MAX:5.105138e-05, Vol_MAX:1.060963e-05, Ang_mean±std:3.445148e-05±1.096017e-05, Vol_mean±std:4.684925e-06±2.161636e-06, P_MAX:5.090e-05, Q_MAX:3.743e-05, P_mean±std:3.158830e-05±7.548604e-06, Q_mean±std:2.645107e-05±6.220505e-06, P_RMSE:1.849e-05, Q_RMSE:1.346e-05, Success rate (<0.1):1.000000, Success rate (<0.01):1.000000, Success rate (<0.001):1.000000
X=[-0.6,-0.4], PQ=[-1.0,-0.8]: count:10, ill:0, avg_iter:2.00, Ang_MAX:6.240606e-05, Vol_MAX:7.867813e-06, Ang_mean±std:2.985299e-05±1.678918e-05, Vol_mean±std:4.446507e-06±2.164921e-06, P_MAX:4.385e-05, Q_MAX:5.538e-05, P_mean±std:2.823148e-05±1.067325e-05, Q_mean±std:2.860352e-05±1.360713e-05, P_RMSE:1.754e-05, Q_RMSE:1.312e-05, Success rate (<0.1):1.000000, Success rate (<0.01):1.000000, Success rate (<0.001):1.000000
X=[-0.6,-0.4], PQ=[-0.8,-0.6]: count:10, ill:0, avg_iter:2.00, Ang_MAX:4.830956e-05, Vol_MAX:5.125999e-06, Ang_mean±std:3.574789e-05±1.161976e-05, Vol_mean±std:3.480911e-06±8.609519e-07, P_MAX:3.746e-05, Q_MAX:3.441e-05, P_mean±std:2.806261e-05±7.398023e-06, Q_mean±std:2.438237e-05±6.899544e-06, P_RMSE:1.832e-05, Q_RMSE:1.233e-05, Success rate (<0.1):1.000000, Success rate (<0.01):1.000000, Success rate (<0.001):1.000000
X=[-0.6,-0.4], PQ=[-0.6,-0.4]: count:10, ill:0, avg_iter:2.00, Ang_MAX:5.137920e-05, Vol_MAX:9.655952e-06, Ang_mean±std:2.945960e-05±1.352031e-05, Vol_mean±std:4.994869e-06±2.555893e-06, P_MAX:5.322e-05, Q_MAX:4.763e-05, P_mean±std:2.830550e-05±1.036920e-05, Q_mean±std:2.864003e-05±1.253337e-05, P_RMSE:1.731e-05, Q_RMSE:1.320e-05, Success rate (<0.1):1.000000, Success rate (<0.01):1.000000, Success rate (<0.001):1.000000
X=[-0.6,-0.4], PQ=[-0.4,-0.2]: count:10, ill:0, avg_iter:2.00, Ang_MAX:5.480647e-05, Vol_MAX:1.275539e-05, Ang_mean±std:3.622323e-05±1.522474e-05, Vol_mean±std:6.115437e-06±2.757345e-06, P_MAX:6.226e-05, Q_MAX:5.819e-05, P_mean±std:3.542706e-05±9.304023e-06, Q_mean±std:3.193039e-05±1.323854e-05, P_RMSE:2.178e-05, Q_RMSE:1.592e-05, Success rate (<0.1):1.000000, Success rate (<0.01):1.000000, Success rate (<0.001):1.000000
X=[-0.6,-0.4], PQ=[-0.2,0.0]: count:10, ill:0, avg_iter:2.00, Ang_MAX:5.123019e-05, Vol_MAX:1.335144e-05, Ang_mean±std:3.750026e-05±1.014226e-05, Vol_mean±std:6.020069e-06±3.960279e-06, P_MAX:6.872e-05, Q_MAX:6.610e-05, P_mean±std:3.545653e-05±1.635580e-05, Q_mean±std:2.859142e-05±1.869923e-05, P_RMSE:2.062e-05, Q_RMSE:1.378e-05, Success rate (<0.1):1.000000, Success rate (<0.01):1.000000, Success rate (<0.001):1.000000
X=[-0.6,-0.4], PQ=[0.0,0.2]: count:10, ill:0, avg_iter:2.00, Ang_MAX:5.632639e-05, Vol_MAX:8.702278e-06, Ang_mean±std:3.089905e-05±1.397291e-05, Vol_mean±std:4.327297e-06±2.089430e-06, P_MAX:3.612e-05, Q_MAX:3.442e-05, P_mean±std:2.509579e-05±7.351337e-06, Q_mean±std:2.096538e-05±8.133256e-06, P_RMSE:1.631e-05, Q_RMSE:1.035e-05, Success rate (<0.1):1.000000, Success rate (<0.01):1.000000, Success rate (<0.001):1.000000
X=[-0.6,-0.4], PQ=[0.2,0.4]: count:10, ill:0, avg_iter:2.00, Ang_MAX:5.337596e-05, Vol_MAX:7.748604e-06, Ang_mean±std:3.876388e-05±1.355995e-05, Vol_mean±std:4.184246e-06±1.944574e-06, P_MAX:3.687e-05, Q_MAX:2.769e-05, P_mean±std:2.907034e-05±7.937029e-06, Q_mean±std:2.008120e-05±5.812241e-06, P_RMSE:1.927e-05, Q_RMSE:1.038e-05, Success rate (<0.1):1.000000, Success rate (<0.01):1.000000, Success rate (<0.001):1.000000
X=[-0.6,-0.4], PQ=[0.4,0.6]: count:10, ill:0, avg_iter:2.00, Ang_MAX:4.872680e-05, Vol_MAX:1.263618e-05, Ang_mean±std:3.304183e-05±1.263784e-05, Vol_mean±std:5.102158e-06±3.518916e-06, P_MAX:5.341e-05, Q_MAX:5.822e-05, P_mean±std:2.883165e-05±1.086075e-05, Q_mean±std:2.288220e-05±1.323114e-05, P_RMSE:1.770e-05, Q_RMSE:1.186e-05, Success rate (<0.1):1.000000, Success rate (<0.01):1.000000, Success rate (<0.001):1.000000
X=[-0.6,-0.4], PQ=[0.6,0.8]: count:10, ill:0, avg_iter:2.00, Ang_MAX:5.447865e-05, Vol_MAX:6.556511e-06, Ang_mean±std:3.799796e-05±1.175485e-05, Vol_mean±std:4.279613e-06±1.089249e-06, P_MAX:4.381e-05, Q_MAX:4.861e-05, P_mean±std:3.108907e-05±7.754780e-06, Q_mean±std:2.371089e-05±1.020230e-05, P_RMSE:1.976e-05, Q_RMSE:1.219e-05, Success rate (<0.1):1.000000, Success rate (<0.01):1.000000, Success rate (<0.001):1.000000
X=[-0.6,-0.4], PQ=[0.8,1.0]: count:10, ill:0, avg_iter:2.00, Ang_MAX:7.805228e-05, Vol_MAX:9.655952e-06, Ang_mean±std:3.777742e-05±2.099536e-05, Vol_mean±std:4.899502e-06±2.367107e-06, P_MAX:5.874e-05, Q_MAX:6.002e-05, P_mean±std:3.207326e-05±1.251150e-05, Q_mean±std:2.640896e-05±1.282385e-05, P_RMSE:2.061e-05, Q_RMSE:1.358e-05, Success rate (<0.1):1.000000, Success rate (<0.01):1.000000, Success rate (<0.001):1.000000
X=[-0.6,-0.4], PQ=[1.0,1.2]: count:10, ill:0, avg_iter:2.00, Ang_MAX:6.484985e-05, Vol_MAX:1.132488e-05, Ang_mean±std:3.278106e-05±1.675576e-05, Vol_mean±std:4.696846e-06±2.721629e-06, P_MAX:4.938e-05, Q_MAX:6.831e-05, P_mean±std:3.208246e-05±1.153548e-05, Q_mean±std:2.876269e-05±1.504223e-05, P_RMSE:1.920e-05, Q_RMSE:1.413e-05, Success rate (<0.1):1.000000, Success rate (<0.01):1.000000, Success rate (<0.001):1.000000
X=[-0.6,-0.4], PQ=[1.2,1.4]: count:10, ill:0, avg_iter:2.00, Ang_MAX:9.059906e-05, Vol_MAX:1.299381e-05, Ang_mean±std:4.117489e-05±2.121174e-05, Vol_mean±std:4.744530e-06±3.295355e-06, P_MAX:6.063e-05, Q_MAX:5.388e-05, P_mean±std:3.351509e-05±1.384300e-05, Q_mean±std:2.787148e-05±1.182930e-05, P_RMSE:2.110e-05, Q_RMSE:1.414e-05, Success rate (<0.1):1.000000, Success rate (<0.01):1.000000, Success rate (<0.001):1.000000
X=[-0.6,-0.4], PQ=[1.4,1.6]: count:10, ill:0, avg_iter:2.00, Ang_MAX:7.387996e-05, Vol_MAX:7.748604e-06, Ang_mean±std:3.119111e-05±1.698321e-05, Vol_mean±std:4.804134e-06±2.039176e-06, P_MAX:5.108e-05, Q_MAX:6.235e-05, P_mean±std:3.260194e-05±9.719932e-06, Q_mean±std:3.626565e-05±1.477701e-05, P_RMSE:1.945e-05, Q_RMSE:1.717e-05, Success rate (<0.1):1.000000, Success rate (<0.01):1.000000, Success rate (<0.001):1.000000
X=[-0.6,-0.4], PQ=[1.6,1.8]: count:10, ill:0, avg_iter:2.10, Ang_MAX:5.766749e-05, Vol_MAX:1.347065e-05, Ang_mean±std:2.746880e-05±1.821896e-05, Vol_mean±std:5.173683e-06±3.229758e-06, P_MAX:5.907e-05, Q_MAX:8.471e-05, P_mean±std:3.737807e-05±1.359693e-05, Q_mean±std:3.387148e-05±2.232481e-05, P_RMSE:2.063e-05, Q_RMSE:1.633e-05, Success rate (<0.1):1.000000, Success rate (<0.01):1.000000, Success rate (<0.001):1.000000
X=[-0.6,-0.4], PQ=[1.8,2.0]: count:10, ill:0, avg_iter:2.10, Ang_MAX:6.809831e-05, Vol_MAX:1.490116e-05, Ang_mean±std:3.596544e-05±1.836908e-05, Vol_mean±std:5.722046e-06±4.183210e-06, P_MAX:5.001e-05, Q_MAX:6.524e-05, P_mean±std:3.653773e-05±1.170228e-05, Q_mean±std:2.939559e-05±1.506699e-05, P_RMSE:2.026e-05, Q_RMSE:1.608e-05, Success rate (<0.1):1.000000, Success rate (<0.01):1.000000, Success rate (<0.001):1.000000
X=[-0.4,-0.2], PQ=[-2.0,-1.8]: count:10, ill:0, avg_iter:2.00, Ang_MAX:6.264448e-05, Vol_MAX:7.748604e-06, Ang_mean±std:3.720075e-05±1.866304e-05, Vol_mean±std:4.673004e-06±1.579512e-06, P_MAX:6.172e-05, Q_MAX:5.585e-05, P_mean±std:3.495888e-05±1.199276e-05, Q_mean±std:2.943408e-05±1.238256e-05, P_RMSE:2.012e-05, Q_RMSE:1.433e-05, Success rate (<0.1):1.000000, Success rate (<0.01):1.000000, Success rate (<0.001):1.000000
X=[-0.4,-0.2], PQ=[-1.8,-1.6]: count:10, ill:0, avg_iter:2.00, Ang_MAX:7.295609e-05, Vol_MAX:1.096725e-05, Ang_mean±std:3.836006e-05±1.905586e-05, Vol_mean±std:5.090237e-06±3.093958e-06, P_MAX:5.938e-05, Q_MAX:4.222e-05, P_mean±std:3.201328e-05±1.345059e-05, Q_mean±std:2.837609e-05±6.731024e-06, P_RMSE:1.907e-05, Q_RMSE:1.386e-05, Success rate (<0.1):1.000000, Success rate (<0.01):1.000000, Success rate (<0.001):1.000000
X=[-0.4,-0.2], PQ=[-1.6,-1.4]: count:10, ill:0, avg_iter:2.00, Ang_MAX:3.638864e-05, Vol_MAX:7.152557e-06, Ang_mean±std:1.754463e-05±1.106773e-05, Vol_mean±std:3.504753e-06±1.687727e-06, P_MAX:3.216e-05, Q_MAX:4.643e-05, P_mean±std:2.219602e-05±7.392149e-06, Q_mean±std:2.687760e-05±8.503183e-06, P_RMSE:1.205e-05, Q_RMSE:1.286e-05, Success rate (<0.1):1.000000, Success rate (<0.01):1.000000, Success rate (<0.001):1.000000
X=[-0.4,-0.2], PQ=[-1.4,-1.2]: count:10, ill:0, avg_iter:2.00, Ang_MAX:4.640222e-05, Vol_MAX:6.198883e-06, Ang_mean±std:2.679229e-05±1.367504e-05, Vol_mean±std:3.206730e-06±1.384522e-06, P_MAX:4.016e-05, Q_MAX:3.782e-05, P_mean±std:2.521649e-05±7.749430e-06, Q_mean±std:2.126861e-05±6.809024e-06, P_RMSE:1.389e-05, Q_RMSE:1.065e-05, Success rate (<0.1):1.000000, Success rate (<0.01):1.000000, Success rate (<0.001):1.000000
X=[-0.4,-0.2], PQ=[-1.2,-1.0]: count:10, ill:0, avg_iter:2.00, Ang_MAX:4.360080e-05, Vol_MAX:6.437302e-06, Ang_mean±std:2.863407e-05±1.249539e-05, Vol_mean±std:3.814697e-06±1.637122e-06, P_MAX:3.624e-05, Q_MAX:5.096e-05, P_mean±std:2.567396e-05±6.411943e-06, Q_mean±std:2.643988e-05±1.191597e-05, P_RMSE:1.552e-05, Q_RMSE:1.307e-05, Success rate (<0.1):1.000000, Success rate (<0.01):1.000000, Success rate (<0.001):1.000000
X=[-0.4,-0.2], PQ=[-1.0,-0.8]: count:10, ill:0, avg_iter:2.00, Ang_MAX:6.699562e-05, Vol_MAX:1.347065e-05, Ang_mean±std:4.169345e-05±1.121347e-05, Vol_mean±std:5.173683e-06±3.114626e-06, P_MAX:4.527e-05, Q_MAX:3.904e-05, P_mean±std:3.059804e-05±7.327191e-06, Q_mean±std:2.467576e-05±9.727010e-06, P_RMSE:1.990e-05, Q_RMSE:1.196e-05, Success rate (<0.1):1.000000, Success rate (<0.01):1.000000, Success rate (<0.001):1.000000
X=[-0.4,-0.2], PQ=[-0.8,-0.6]: count:10, ill:0, avg_iter:2.00, Ang_MAX:6.046891e-05, Vol_MAX:5.245209e-06, Ang_mean±std:3.838241e-05±1.533792e-05, Vol_mean±std:3.862381e-06±9.716837e-07, P_MAX:4.035e-05, Q_MAX:2.718e-05, P_mean±std:2.749434e-05±8.496327e-06, Q_mean±std:1.954027e-05±5.258524e-06, P_RMSE:1.821e-05, Q_RMSE:9.756e-06, Success rate (<0.1):1.000000, Success rate (<0.01):1.000000, Success rate (<0.001):1.000000
X=[-0.4,-0.2], PQ=[-0.6,-0.4]: count:10, ill:0, avg_iter:2.00, Ang_MAX:4.705787e-05, Vol_MAX:4.053116e-06, Ang_mean±std:3.543943e-05±1.370552e-05, Vol_mean±std:3.409386e-06±8.892086e-07, P_MAX:3.220e-05, Q_MAX:3.090e-05, P_mean±std:2.603441e-05±6.066070e-06, Q_mean±std:2.145299e-05±5.476699e-06, P_RMSE:1.733e-05, Q_RMSE:1.009e-05, Success rate (<0.1):1.000000, Success rate (<0.01):1.000000, Success rate (<0.001):1.000000
X=[-0.4,-0.2], PQ=[-0.4,-0.2]: count:10, ill:0, avg_iter:2.00, Ang_MAX:4.878640e-05, Vol_MAX:4.410744e-06, Ang_mean±std:2.826750e-05±1.833287e-05, Vol_mean±std:2.825260e-06±1.336048e-06, P_MAX:3.299e-05, Q_MAX:3.093e-05, P_mean±std:2.314894e-05±8.971522e-06, Q_mean±std:1.839423e-05±5.798920e-06, P_RMSE:1.465e-05, Q_RMSE:9.637e-06, Success rate (<0.1):1.000000, Success rate (<0.01):1.000000, Success rate (<0.001):1.000000
X=[-0.4,-0.2], PQ=[-0.2,0.0]: count:10, ill:0, avg_iter:2.00, Ang_MAX:4.917383e-05, Vol_MAX:7.033348e-06, Ang_mean±std:3.156662e-05±1.462918e-05, Vol_mean±std:3.814697e-06±1.464868e-06, P_MAX:3.241e-05, Q_MAX:3.034e-05, P_mean±std:2.605659e-05±6.645086e-06, Q_mean±std:2.286844e-05±4.638427e-06, P_RMSE:1.695e-05, Q_RMSE:1.164e-05, Success rate (<0.1):1.000000, Success rate (<0.01):1.000000, Success rate (<0.001):1.000000
X=[-0.4,-0.2], PQ=[0.0,0.2]: count:10, ill:0, avg_iter:2.00, Ang_MAX:5.552173e-05, Vol_MAX:9.775162e-06, Ang_mean±std:3.334582e-05±1.392703e-05, Vol_mean±std:3.826618e-06±2.117400e-06, P_MAX:3.631e-05, Q_MAX:2.753e-05, P_mean±std:2.323878e-05±9.240992e-06, Q_mean±std:1.710001e-05±5.427237e-06, P_RMSE:1.606e-05, Q_RMSE:8.934e-06, Success rate (<0.1):1.000000, Success rate (<0.01):1.000000, Success rate (<0.001):1.000000
X=[-0.4,-0.2], PQ=[0.2,0.4]: count:10, ill:0, avg_iter:2.00, Ang_MAX:4.911423e-05, Vol_MAX:6.198883e-06, Ang_mean±std:3.361702e-05±1.328007e-05, Vol_mean±std:3.409386e-06±1.265192e-06, P_MAX:3.731e-05, Q_MAX:2.607e-05, P_mean±std:2.470894e-05±8.204377e-06, Q_mean±std:1.812894e-05±5.811034e-06, P_RMSE:1.668e-05, Q_RMSE:8.874e-06, Success rate (<0.1):1.000000, Success rate (<0.01):1.000000, Success rate (<0.001):1.000000
X=[-0.4,-0.2], PQ=[0.4,0.6]: count:10, ill:0, avg_iter:2.00, Ang_MAX:5.558133e-05, Vol_MAX:8.940697e-06, Ang_mean±std:3.192425e-05±1.744291e-05, Vol_mean±std:3.540516e-06±2.191669e-06, P_MAX:3.829e-05, Q_MAX:2.590e-05, P_mean±std:2.345932e-05±9.206170e-06, Q_mean±std:1.818482e-05±5.197550e-06, P_RMSE:1.559e-05, Q_RMSE:8.853e-06, Success rate (<0.1):1.000000, Success rate (<0.01):1.000000, Success rate (<0.001):1.000000
X=[-0.4,-0.2], PQ=[0.6,0.8]: count:10, ill:0, avg_iter:2.00, Ang_MAX:5.295873e-05, Vol_MAX:8.463860e-06, Ang_mean±std:3.790557e-05±1.493613e-05, Vol_mean±std:4.398823e-06±1.933581e-06, P_MAX:3.571e-05, Q_MAX:2.606e-05, P_mean±std:2.717220e-05±8.604798e-06, Q_mean±std:1.871064e-05±4.625519e-06, P_RMSE:1.840e-05, Q_RMSE:9.920e-06, Success rate (<0.1):1.000000, Success rate (<0.01):1.000000, Success rate (<0.001):1.000000
X=[-0.4,-0.2], PQ=[0.8,1.0]: count:10, ill:0, avg_iter:2.00, Ang_MAX:5.286932e-05, Vol_MAX:4.768372e-06, Ang_mean±std:4.028082e-05±9.445119e-06, Vol_mean±std:4.088879e-06±7.073643e-07, P_MAX:3.816e-05, Q_MAX:3.471e-05, P_mean±std:3.005691e-05±5.362052e-06, Q_mean±std:2.048444e-05±7.857523e-06, P_RMSE:1.939e-05, Q_RMSE:1.016e-05, Success rate (<0.1):1.000000, Success rate (<0.01):1.000000, Success rate (<0.001):1.000000
X=[-0.4,-0.2], PQ=[1.0,1.2]: count:10, ill:0, avg_iter:1.90, Ang_MAX:5.605817e-05, Vol_MAX:2.527237e-05, Ang_mean±std:2.554059e-05±1.385548e-05, Vol_mean±std:5.674362e-06±6.651237e-06, P_MAX:6.211e-05, Q_MAX:9.441e-05, P_mean±std:2.651513e-05±1.451198e-05, Q_mean±std:2.689080e-05±2.390513e-05, P_RMSE:1.462e-05, Q_RMSE:1.461e-05, Success rate (<0.1):1.000000, Success rate (<0.01):1.000000, Success rate (<0.001):1.000000
X=[-0.4,-0.2], PQ=[1.2,1.4]: count:10, ill:0, avg_iter:2.00, Ang_MAX:5.711615e-05, Vol_MAX:5.125999e-06, Ang_mean±std:3.077388e-05±1.918018e-05, Vol_mean±std:3.373623e-06±1.350857e-06, P_MAX:4.256e-05, Q_MAX:4.146e-05, P_mean±std:2.574140e-05±1.035194e-05, Q_mean±std:2.305189e-05±9.947218e-06, P_RMSE:1.682e-05, Q_RMSE:1.124e-05, Success rate (<0.1):1.000000, Success rate (<0.01):1.000000, Success rate (<0.001):1.000000
X=[-0.4,-0.2], PQ=[1.4,1.6]: count:10, ill:0, avg_iter:2.00, Ang_MAX:6.596744e-05, Vol_MAX:5.364418e-06, Ang_mean±std:4.278570e-05±1.563055e-05, Vol_mean±std:3.623962e-06±1.269677e-06, P_MAX:5.492e-05, Q_MAX:3.569e-05, P_mean±std:3.504663e-05±1.049552e-05, Q_mean±std:2.382062e-05±7.334152e-06, P_RMSE:2.167e-05, Q_RMSE:1.269e-05, Success rate (<0.1):1.000000, Success rate (<0.01):1.000000, Success rate (<0.001):1.000000
X=[-0.4,-0.2], PQ=[1.6,1.8]: count:10, ill:0, avg_iter:2.00, Ang_MAX:5.701184e-05, Vol_MAX:1.001358e-05, Ang_mean±std:3.952235e-05±1.950224e-05, Vol_mean±std:4.267693e-06±2.071499e-06, P_MAX:4.509e-05, Q_MAX:3.316e-05, P_mean±std:3.225448e-05±1.023061e-05, Q_mean±std:2.793686e-05±4.917222e-06, P_RMSE:2.031e-05, Q_RMSE:1.371e-05, Success rate (<0.1):1.000000, Success rate (<0.01):1.000000, Success rate (<0.001):1.000000
X=[-0.4,-0.2], PQ=[1.8,2.0]: count:10, ill:0, avg_iter:2.10, Ang_MAX:7.690489e-05, Vol_MAX:8.225441e-06, Ang_mean±std:3.561825e-05±2.155503e-05, Vol_mean±std:5.066395e-06±1.569991e-06, P_MAX:5.335e-05, Q_MAX:9.966e-05, P_mean±std:3.536269e-05±1.124942e-05, Q_mean±std:3.991195e-05±2.399201e-05, P_RMSE:2.057e-05, Q_RMSE:1.897e-05, Success rate (<0.1):1.000000, Success rate (<0.01):1.000000, Success rate (<0.001):1.000000
X=[-0.2,0.0], PQ=[-2.0,-1.8]: count:10, ill:0, avg_iter:1.60, Ang_MAX:1.780391e-04, Vol_MAX:1.466274e-05, Ang_mean±std:6.293654e-05±5.659103e-05, Vol_mean±std:6.687641e-06±4.666994e-06, P_MAX:9.379e-05, Q_MAX:6.847e-05, P_mean±std:4.649720e-05±2.726029e-05, Q_mean±std:3.919555e-05±1.330030e-05, P_RMSE:3.081e-05, Q_RMSE:2.070e-05, Success rate (<0.1):1.000000, Success rate (<0.01):1.000000, Success rate (<0.001):1.000000
X=[-0.2,0.0], PQ=[-1.8,-1.6]: count:10, ill:0, avg_iter:1.40, Ang_MAX:1.510084e-04, Vol_MAX:1.811981e-05, Ang_mean±std:5.315542e-05±4.145803e-05, Vol_mean±std:6.806850e-06±5.241536e-06, P_MAX:8.242e-05, Q_MAX:5.919e-05, P_mean±std:4.544429e-05±2.268599e-05, Q_mean±std:3.395807e-05±1.405390e-05, P_RMSE:2.737e-05, Q_RMSE:1.863e-05, Success rate (<0.1):1.000000, Success rate (<0.01):1.000000, Success rate (<0.001):1.000000
X=[-0.2,0.0], PQ=[-1.6,-1.4]: count:10, ill:0, avg_iter:1.70, Ang_MAX:1.414120e-04, Vol_MAX:8.940697e-06, Ang_mean±std:3.235340e-05±3.834085e-05, Vol_mean±std:3.552437e-06±2.491902e-06, P_MAX:8.599e-05, Q_MAX:6.264e-05, P_mean±std:2.623983e-05±2.148248e-05, Q_mean±std:3.007727e-05±1.207447e-05, P_RMSE:1.637e-05, Q_RMSE:1.429e-05, Success rate (<0.1):1.000000, Success rate (<0.01):1.000000, Success rate (<0.001):1.000000
X=[-0.2,0.0], PQ=[-1.4,-1.2]: count:10, ill:0, avg_iter:1.90, Ang_MAX:5.233288e-05, Vol_MAX:5.245209e-06, Ang_mean±std:2.843738e-05±1.695162e-05, Vol_mean±std:3.075600e-06±1.482036e-06, P_MAX:3.983e-05, Q_MAX:5.223e-05, P_mean±std:2.469426e-05±9.197757e-06, Q_mean±std:2.865319e-05±1.053163e-05, P_RMSE:1.467e-05, Q_RMSE:1.326e-05, Success rate (<0.1):1.000000, Success rate (<0.01):1.000000, Success rate (<0.001):1.000000
X=[-0.2,0.0], PQ=[-1.2,-1.0]: count:10, ill:0, avg_iter:1.80, Ang_MAX:1.395643e-04, Vol_MAX:1.370907e-05, Ang_mean±std:3.669560e-05±3.621397e-05, Vol_mean±std:3.945827e-06±3.358847e-06, P_MAX:8.857e-05, Q_MAX:4.355e-05, P_mean±std:2.781264e-05±2.157132e-05, Q_mean±std:2.689920e-05±8.130275e-06, P_RMSE:1.783e-05, Q_RMSE:1.300e-05, Success rate (<0.1):1.000000, Success rate (<0.01):1.000000, Success rate (<0.001):1.000000
X=[-0.2,0.0], PQ=[-1.0,-0.8]: count:10, ill:0, avg_iter:1.60, Ang_MAX:1.209676e-04, Vol_MAX:1.502037e-05, Ang_mean±std:3.948510e-05±3.129920e-05, Vol_mean±std:5.567074e-06±3.926693e-06, P_MAX:8.388e-05, Q_MAX:7.315e-05, P_mean±std:4.027521e-05±2.863371e-05, Q_mean±std:3.602430e-05±1.755469e-05, P_RMSE:2.294e-05, Q_RMSE:1.794e-05, Success rate (<0.1):1.000000, Success rate (<0.01):1.000000, Success rate (<0.001):1.000000
X=[-0.2,0.0], PQ=[-0.8,-0.6]: count:10, ill:0, avg_iter:1.90, Ang_MAX:5.054474e-05, Vol_MAX:4.291534e-06, Ang_mean±std:2.231449e-05±1.578478e-05, Vol_mean±std:2.348423e-06±1.145960e-06, P_MAX:3.239e-05, Q_MAX:2.508e-05, P_mean±std:1.860078e-05±9.205394e-06, Q_mean±std:1.825504e-05±4.035437e-06, P_RMSE:1.141e-05, Q_RMSE:8.899e-06, Success rate (<0.1):1.000000, Success rate (<0.01):1.000000, Success rate (<0.001):1.000000
X=[-0.2,0.0], PQ=[-0.6,-0.4]: count:10, ill:0, avg_iter:1.70, Ang_MAX:9.602308e-05, Vol_MAX:8.583069e-06, Ang_mean±std:2.831668e-05±2.487351e-05, Vol_mean±std:3.600121e-06±2.357693e-06, P_MAX:6.556e-05, Q_MAX:4.554e-05, P_mean±std:2.400428e-05±1.513716e-05, Q_mean±std:2.132729e-05±9.669842e-06, P_RMSE:1.401e-05, Q_RMSE:1.068e-05, Success rate (<0.1):1.000000, Success rate (<0.01):1.000000, Success rate (<0.001):1.000000
X=[-0.2,0.0], PQ=[-0.4,-0.2]: count:10, ill:0, avg_iter:1.70, Ang_MAX:1.552105e-04, Vol_MAX:1.418591e-05, Ang_mean±std:4.129410e-05±4.092475e-05, Vol_mean±std:4.208088e-06±3.545570e-06, P_MAX:9.712e-05, Q_MAX:5.210e-05, P_mean±std:3.176407e-05±2.384658e-05, Q_mean±std:2.118647e-05±1.131280e-05, P_RMSE:1.971e-05, Q_RMSE:1.033e-05, Success rate (<0.1):1.000000, Success rate (<0.01):1.000000, Success rate (<0.001):1.000000
X=[-0.2,0.0], PQ=[-0.2,0.0]: count:10, ill:0, avg_iter:1.60, Ang_MAX:1.518428e-04, Vol_MAX:1.370907e-05, Ang_mean±std:5.198270e-05±5.018789e-05, Vol_mean±std:4.899502e-06±4.445548e-06, P_MAX:8.760e-05, Q_MAX:7.852e-05, P_mean±std:3.698617e-05±2.756988e-05, Q_mean±std:3.230474e-05±2.338152e-05, P_RMSE:2.498e-05, Q_RMSE:1.515e-05, Success rate (<0.1):1.000000, Success rate (<0.01):1.000000, Success rate (<0.001):1.000000
X=[-0.2,0.0], PQ=[0.0,0.2]: count:10, ill:0, avg_iter:1.70, Ang_MAX:1.377463e-04, Vol_MAX:1.466274e-05, Ang_mean±std:3.657043e-05±3.621171e-05, Vol_mean±std:5.090237e-06±4.410115e-06, P_MAX:8.728e-05, Q_MAX:6.111e-05, P_mean±std:2.925716e-05±2.135160e-05, Q_mean±std:2.593247e-05±1.555450e-05, P_RMSE:1.891e-05, Q_RMSE:1.404e-05, Success rate (<0.1):1.000000, Success rate (<0.01):1.000000, Success rate (<0.001):1.000000
X=[-0.2,0.0], PQ=[0.2,0.4]: count:10, ill:0, avg_iter:1.70, Ang_MAX:1.219809e-04, Vol_MAX:1.144409e-05, Ang_mean±std:4.169643e-05±2.851298e-05, Vol_mean±std:4.994869e-06±3.241287e-06, P_MAX:6.887e-05, Q_MAX:6.659e-05, P_mean±std:3.272829e-05±1.667027e-05, Q_mean±std:2.634882e-05±1.521241e-05, P_RMSE:2.225e-05, Q_RMSE:1.371e-05, Success rate (<0.1):1.000000, Success rate (<0.01):1.000000, Success rate (<0.001):1.000000
X=[-0.2,0.0], PQ=[0.4,0.6]: count:10, ill:0, avg_iter:1.60, Ang_MAX:1.367033e-04, Vol_MAX:1.204014e-05, Ang_mean±std:5.452186e-05±3.961005e-05, Vol_mean±std:5.042553e-06±3.484522e-06, P_MAX:8.430e-05, Q_MAX:6.231e-05, P_mean±std:3.938156e-05±2.458740e-05, Q_mean±std:2.953168e-05±1.701724e-05, P_RMSE:2.598e-05, Q_RMSE:1.541e-05, Success rate (<0.1):1.000000, Success rate (<0.01):1.000000, Success rate (<0.001):1.000000
X=[-0.2,0.0], PQ=[0.6,0.8]: count:10, ill:0, avg_iter:1.90, Ang_MAX:5.555153e-05, Vol_MAX:4.649162e-06, Ang_mean±std:2.843142e-05±1.766908e-05, Vol_mean±std:3.039837e-06±1.146208e-06, P_MAX:5.712e-05, Q_MAX:4.495e-05, P_mean±std:2.489472e-05±1.346053e-05, Q_mean±std:2.113357e-05±8.888885e-06, P_RMSE:1.441e-05, Q_RMSE:1.055e-05, Success rate (<0.1):1.000000, Success rate (<0.01):1.000000, Success rate (<0.001):1.000000
X=[-0.2,0.0], PQ=[0.8,1.0]: count:10, ill:0, avg_iter:1.40, Ang_MAX:1.628697e-04, Vol_MAX:1.502037e-05, Ang_mean±std:7.583201e-05±5.150160e-05, Vol_mean±std:7.402897e-06±4.397660e-06, P_MAX:9.754e-05, Q_MAX:6.711e-05, P_mean±std:5.178115e-05±2.937388e-05, Q_mean±std:4.029772e-05±1.764862e-05, P_RMSE:3.593e-05, Q_RMSE:2.112e-05, Success rate (<0.1):1.000000, Success rate (<0.01):1.000000, Success rate (<0.001):1.000000
X=[-0.2,0.0], PQ=[1.0,1.2]: count:10, ill:0, avg_iter:1.70, Ang_MAX:7.909536e-05, Vol_MAX:1.418591e-05, Ang_mean±std:3.452748e-05±2.218633e-05, Vol_mean±std:4.422665e-06±3.717515e-06, P_MAX:5.831e-05, Q_MAX:3.961e-05, P_mean±std:2.698826e-05±1.403548e-05, Q_mean±std:2.329254e-05±8.140262e-06, P_RMSE:1.700e-05, Q_RMSE:1.313e-05, Success rate (<0.1):1.000000, Success rate (<0.01):1.000000, Success rate (<0.001):1.000000
X=[-0.2,0.0], PQ=[1.2,1.4]: count:10, ill:0, avg_iter:1.70, Ang_MAX:1.119673e-04, Vol_MAX:1.168251e-05, Ang_mean±std:4.124045e-05±3.521481e-05, Vol_mean±std:4.959106e-06±2.800378e-06, P_MAX:7.470e-05, Q_MAX:5.587e-05, P_mean±std:3.330521e-05±2.146272e-05, Q_mean±std:2.899719e-05±1.407929e-05, P_RMSE:2.063e-05, Q_RMSE:1.525e-05, Success rate (<0.1):1.000000, Success rate (<0.01):1.000000, Success rate (<0.001):1.000000
X=[-0.2,0.0], PQ=[1.4,1.6]: count:10, ill:0, avg_iter:1.60, Ang_MAX:1.060069e-04, Vol_MAX:8.463860e-06, Ang_mean±std:4.604012e-05±2.652321e-05, Vol_mean±std:4.410744e-06±2.403184e-06, P_MAX:9.089e-05, Q_MAX:5.469e-05, P_mean±std:4.169920e-05±2.266453e-05, Q_mean±std:2.961808e-05±1.223962e-05, P_RMSE:2.428e-05, Q_RMSE:1.594e-05, Success rate (<0.1):1.000000, Success rate (<0.01):1.000000, Success rate (<0.001):1.000000
X=[-0.2,0.0], PQ=[1.6,1.8]: count:10, ill:0, avg_iter:1.60, Ang_MAX:6.039441e-05, Vol_MAX:7.867813e-06, Ang_mean±std:2.515465e-05±1.788826e-05, Vol_mean±std:3.755093e-06±1.846205e-06, P_MAX:7.577e-05, Q_MAX:5.945e-05, P_mean±std:3.105104e-05±1.815967e-05, Q_mean±std:3.009655e-05±1.161461e-05, P_RMSE:1.631e-05, Q_RMSE:1.691e-05, Success rate (<0.1):1.000000, Success rate (<0.01):1.000000, Success rate (<0.001):1.000000
X=[-0.2,0.0], PQ=[1.8,2.0]: count:10, ill:0, avg_iter:1.70, Ang_MAX:6.808341e-05, Vol_MAX:8.225441e-06, Ang_mean±std:2.967864e-05±1.564046e-05, Vol_mean±std:4.863739e-06±2.329802e-06, P_MAX:4.360e-05, Q_MAX:8.855e-05, P_mean±std:2.993263e-05±8.133847e-06, Q_mean±std:3.432257e-05±1.981508e-05, P_RMSE:1.595e-05, Q_RMSE:1.657e-05, Success rate (<0.1):1.000000, Success rate (<0.01):1.000000, Success rate (<0.001):1.000000
X=[0.0,0.2], PQ=[-2.0,-1.8]: count:10, ill:0, avg_iter:1.80, Ang_MAX:4.231930e-05, Vol_MAX:1.323223e-05, Ang_mean±std:2.263486e-05±1.148524e-05, Vol_mean±std:4.637241e-06±3.296929e-06, P_MAX:4.493e-05, Q_MAX:5.432e-05, P_mean±std:2.545157e-05±9.160880e-06, Q_mean±std:2.965960e-05±1.470824e-05, P_RMSE:1.300e-05, Q_RMSE:1.463e-05, Success rate (<0.1):1.000000, Success rate (<0.01):1.000000, Success rate (<0.001):1.000000
X=[0.0,0.2], PQ=[-1.8,-1.6]: count:10, ill:0, avg_iter:1.30, Ang_MAX:1.684129e-04, Vol_MAX:2.193451e-05, Ang_mean±std:5.155206e-05±4.970981e-05, Vol_mean±std:7.462502e-06±5.956219e-06, P_MAX:9.899e-05, Q_MAX:5.737e-05, P_mean±std:3.971508e-05±2.608758e-05, Q_mean±std:3.325797e-05±1.390444e-05, P_RMSE:2.681e-05, Q_RMSE:1.922e-05, Success rate (<0.1):1.000000, Success rate (<0.01):1.000000, Success rate (<0.001):1.000000
X=[0.0,0.2], PQ=[-1.6,-1.4]: count:10, ill:0, avg_iter:1.50, Ang_MAX:1.260340e-04, Vol_MAX:1.275539e-05, Ang_mean±std:4.540086e-05±3.617779e-05, Vol_mean±std:5.280972e-06±3.627588e-06, P_MAX:9.167e-05, Q_MAX:6.144e-05, P_mean±std:3.739838e-05±2.241174e-05, Q_mean±std:3.695302e-05±1.475492e-05, P_RMSE:2.290e-05, Q_RMSE:1.816e-05, Success rate (<0.1):1.000000, Success rate (<0.01):1.000000, Success rate (<0.001):1.000000
X=[0.0,0.2], PQ=[-1.4,-1.2]: count:10, ill:0, avg_iter:1.80, Ang_MAX:1.214147e-04, Vol_MAX:1.311302e-05, Ang_mean±std:4.690737e-05±3.489918e-05, Vol_mean±std:5.912781e-06±3.884906e-06, P_MAX:9.140e-05, Q_MAX:3.824e-05, P_mean±std:3.560781e-05±2.275815e-05, Q_mean±std:2.417543e-05±8.407591e-06, P_RMSE:2.227e-05, Q_RMSE:1.216e-05, Success rate (<0.1):1.000000, Success rate (<0.01):1.000000, Success rate (<0.001):1.000000
X=[0.0,0.2], PQ=[-1.2,-1.0]: count:10, ill:0, avg_iter:1.70, Ang_MAX:5.277991e-05, Vol_MAX:2.014637e-05, Ang_mean±std:2.885163e-05±1.614134e-05, Vol_mean±std:5.447865e-06±5.157521e-06, P_MAX:6.309e-05, Q_MAX:9.387e-05, P_mean±std:2.745913e-05±1.521162e-05, Q_mean±std:2.623461e-05±2.406159e-05, P_RMSE:1.544e-05, Q_RMSE:1.398e-05, Success rate (<0.1):1.000000, Success rate (<0.01):1.000000, Success rate (<0.001):1.000000
X=[0.0,0.2], PQ=[-1.0,-0.8]: count:10, ill:0, avg_iter:1.70, Ang_MAX:1.458228e-04, Vol_MAX:1.418591e-05, Ang_mean±std:3.852844e-05±3.965502e-05, Vol_mean±std:5.269051e-06±3.726430e-06, P_MAX:9.941e-05, Q_MAX:4.068e-05, P_mean±std:2.834609e-05±2.578915e-05, Q_mean±std:2.232157e-05±8.051159e-06, P_RMSE:1.854e-05, Q_RMSE:1.185e-05, Success rate (<0.1):1.000000, Success rate (<0.01):1.000000, Success rate (<0.001):1.000000
X=[0.0,0.2], PQ=[-0.8,-0.6]: count:10, ill:0, avg_iter:1.70, Ang_MAX:1.000464e-04, Vol_MAX:9.894371e-06, Ang_mean±std:4.279912e-05±2.688097e-05, Vol_mean±std:4.994869e-06±2.798982e-06, P_MAX:6.916e-05, Q_MAX:4.822e-05, P_mean±std:3.210396e-05±2.122283e-05, Q_mean±std:1.932068e-05±1.042597e-05, P_RMSE:2.073e-05, Q_RMSE:1.055e-05, Success rate (<0.1):1.000000, Success rate (<0.01):1.000000, Success rate (<0.001):1.000000
X=[0.0,0.2], PQ=[-0.6,-0.4]: count:10, ill:0, avg_iter:1.60, Ang_MAX:5.349517e-05, Vol_MAX:1.144409e-05, Ang_mean±std:3.025234e-05±1.627648e-05, Vol_mean±std:4.231930e-06±2.761568e-06, P_MAX:5.749e-05, Q_MAX:6.166e-05, P_mean±std:2.488345e-05±1.413111e-05, Q_mean±std:2.152314e-05±1.388794e-05, P_RMSE:1.583e-05, Q_RMSE:1.147e-05, Success rate (<0.1):1.000000, Success rate (<0.01):1.000000, Success rate (<0.001):1.000000
X=[0.0,0.2], PQ=[-0.4,-0.2]: count:10, ill:0, avg_iter:1.30, Ang_MAX:1.314282e-04, Vol_MAX:2.825260e-05, Ang_mean±std:5.590022e-05±4.664590e-05, Vol_mean±std:9.870529e-06±7.161453e-06, P_MAX:8.357e-05, Q_MAX:7.455e-05, P_mean±std:4.752052e-05±2.450160e-05, Q_mean±std:3.818385e-05±2.092876e-05, P_RMSE:3.030e-05, Q_RMSE:2.173e-05, Success rate (<0.1):1.000000, Success rate (<0.01):1.000000, Success rate (<0.001):1.000000
X=[0.0,0.2], PQ=[-0.2,0.0]: count:10, ill:0, avg_iter:1.50, Ang_MAX:1.008511e-04, Vol_MAX:1.215935e-05, Ang_mean±std:3.122836e-05±3.098106e-05, Vol_mean±std:4.148483e-06±3.157494e-06, P_MAX:6.881e-05, Q_MAX:7.990e-05, P_mean±std:2.828687e-05±1.864737e-05, Q_mean±std:2.542925e-05±2.021325e-05, P_RMSE:1.737e-05, Q_RMSE:1.345e-05, Success rate (<0.1):1.000000, Success rate (<0.01):1.000000, Success rate (<0.001):1.000000
X=[0.0,0.2], PQ=[0.0,0.2]: count:10, ill:0, avg_iter:1.80, Ang_MAX:7.325411e-05, Vol_MAX:1.883507e-05, Ang_mean±std:2.672970e-05±2.029306e-05, Vol_mean±std:4.518032e-06±5.153772e-06, P_MAX:7.589e-05, Q_MAX:5.793e-05, P_mean±std:2.492554e-05±1.961194e-05, Q_mean±std:2.299305e-05±1.406782e-05, P_RMSE:1.417e-05, Q_RMSE:1.279e-05, Success rate (<0.1):1.000000, Success rate (<0.01):1.000000, Success rate (<0.001):1.000000
X=[0.0,0.2], PQ=[0.2,0.4]: count:10, ill:0, avg_iter:1.60, Ang_MAX:1.334250e-04, Vol_MAX:1.430511e-05, Ang_mean±std:3.978610e-05±3.433675e-05, Vol_mean±std:5.483627e-06±3.637739e-06, P_MAX:9.570e-05, Q_MAX:6.579e-05, P_mean±std:3.442504e-05±2.732948e-05, Q_mean±std:2.148580e-05±1.573065e-05, P_RMSE:2.076e-05, Q_RMSE:1.070e-05, Success rate (<0.1):1.000000, Success rate (<0.01):1.000000, Success rate (<0.001):1.000000
X=[0.0,0.2], PQ=[0.4,0.6]: count:10, ill:0, avg_iter:1.70, Ang_MAX:1.336634e-04, Vol_MAX:1.382828e-05, Ang_mean±std:3.294349e-05±3.692549e-05, Vol_mean±std:4.553795e-06±4.036181e-06, P_MAX:8.322e-05, Q_MAX:6.173e-05, P_mean±std:2.687231e-05±2.484797e-05, Q_mean±std:1.851320e-05±1.485825e-05, P_RMSE:1.745e-05, Q_RMSE:9.857e-06, Success rate (<0.1):1.000000, Success rate (<0.01):1.000000, Success rate (<0.001):1.000000
X=[0.0,0.2], PQ=[0.6,0.8]: count:10, ill:0, avg_iter:1.50, Ang_MAX:1.202822e-04, Vol_MAX:1.668930e-05, Ang_mean±std:4.927367e-05±2.935371e-05, Vol_mean±std:8.749962e-06±4.715085e-06, P_MAX:9.920e-05, Q_MAX:6.410e-05, P_mean±std:4.080088e-05±2.395155e-05, Q_mean±std:2.879126e-05±1.922734e-05, P_RMSE:2.552e-05, Q_RMSE:1.482e-05, Success rate (<0.1):1.000000, Success rate (<0.01):1.000000, Success rate (<0.001):1.000000
X=[0.0,0.2], PQ=[0.8,1.0]: count:10, ill:0, avg_iter:1.70, Ang_MAX:1.021326e-04, Vol_MAX:1.525879e-05, Ang_mean±std:3.611594e-05±2.531351e-05, Vol_mean±std:5.507469e-06±4.173279e-06, P_MAX:8.872e-05, Q_MAX:5.102e-05, P_mean±std:3.131256e-05±2.203235e-05, Q_mean±std:2.131441e-05±1.201362e-05, P_RMSE:1.877e-05, Q_RMSE:1.211e-05, Success rate (<0.1):1.000000, Success rate (<0.01):1.000000, Success rate (<0.001):1.000000
X=[0.0,0.2], PQ=[1.0,1.2]: count:10, ill:0, avg_iter:1.70, Ang_MAX:1.086295e-04, Vol_MAX:1.251698e-05, Ang_mean±std:3.975630e-05±2.601424e-05, Vol_mean±std:5.269051e-06±3.113988e-06, P_MAX:9.599e-05, Q_MAX:5.636e-05, P_mean±std:3.675483e-05±2.447170e-05, Q_mean±std:2.551901e-05±1.542494e-05, P_RMSE:2.136e-05, Q_RMSE:1.447e-05, Success rate (<0.1):1.000000, Success rate (<0.01):1.000000, Success rate (<0.001):1.000000
X=[0.0,0.2], PQ=[1.2,1.4]: count:10, ill:0, avg_iter:1.60, Ang_MAX:1.646876e-04, Vol_MAX:1.251698e-05, Ang_mean±std:4.315972e-05±5.302306e-05, Vol_mean±std:5.042553e-06±3.633850e-06, P_MAX:9.961e-05, Q_MAX:3.711e-05, P_mean±std:3.530773e-05±2.967950e-05, Q_mean±std:2.378765e-05±8.067601e-06, P_RMSE:2.198e-05, Q_RMSE:1.297e-05, Success rate (<0.1):1.000000, Success rate (<0.01):1.000000, Success rate (<0.001):1.000000
X=[0.0,0.2], PQ=[1.4,1.6]: count:10, ill:0, avg_iter:1.50, Ang_MAX:9.128451e-05, Vol_MAX:9.894371e-06, Ang_mean±std:3.817230e-05±2.458039e-05, Vol_mean±std:4.816055e-06±2.840685e-06, P_MAX:7.031e-05, Q_MAX:4.084e-05, P_mean±std:3.201866e-05±1.550943e-05, Q_mean±std:2.585116e-05±8.405259e-06, P_RMSE:2.008e-05, Q_RMSE:1.295e-05, Success rate (<0.1):1.000000, Success rate (<0.01):1.000000, Success rate (<0.001):1.000000
X=[0.0,0.2], PQ=[1.6,1.8]: count:10, ill:0, avg_iter:1.70, Ang_MAX:1.496375e-04, Vol_MAX:1.990795e-05, Ang_mean±std:3.402829e-05±4.091710e-05, Vol_mean±std:5.793571e-06±5.107447e-06, P_MAX:9.379e-05, Q_MAX:7.316e-05, P_mean±std:3.134824e-05±2.291091e-05, Q_mean±std:2.863694e-05±1.707793e-05, P_RMSE:1.904e-05, Q_RMSE:1.527e-05, Success rate (<0.1):1.000000, Success rate (<0.01):1.000000, Success rate (<0.001):1.000000
X=[0.0,0.2], PQ=[1.8,2.0]: count:10, ill:0, avg_iter:1.60, Ang_MAX:4.661083e-05, Vol_MAX:1.502037e-05, Ang_mean±std:2.539158e-05±1.148692e-05, Vol_mean±std:4.947186e-06±3.805839e-06, P_MAX:3.754e-05, Q_MAX:4.006e-05, P_mean±std:2.566099e-05±7.559570e-06, Q_mean±std:3.132927e-05±5.822611e-06, P_RMSE:1.455e-05, Q_RMSE:1.695e-05, Success rate (<0.1):1.000000, Success rate (<0.01):1.000000, Success rate (<0.001):1.000000
X=[0.2,0.4], PQ=[-2.0,-1.8]: count:10, ill:0, avg_iter:2.00, Ang_MAX:7.358193e-05, Vol_MAX:1.525879e-05, Ang_mean±std:3.489852e-05±1.624450e-05, Vol_mean±std:6.735325e-06±3.945900e-06, P_MAX:4.359e-05, Q_MAX:5.123e-05, P_mean±std:3.070132e-05±8.233716e-06, Q_mean±std:2.826748e-05±1.068108e-05, P_RMSE:1.814e-05, Q_RMSE:1.486e-05, Success rate (<0.1):1.000000, Success rate (<0.01):1.000000, Success rate (<0.001):1.000000
X=[0.2,0.4], PQ=[-1.8,-1.6]: count:10, ill:0, avg_iter:2.00, Ang_MAX:8.180737e-05, Vol_MAX:1.597404e-05, Ang_mean±std:5.237758e-05±1.677879e-05, Vol_mean±std:9.000301e-06±3.947700e-06, P_MAX:7.460e-05, Q_MAX:5.580e-05, P_mean±std:4.071146e-05±1.466352e-05, Q_mean±std:3.038903e-05±1.225105e-05, P_RMSE:2.492e-05, Q_RMSE:1.767e-05, Success rate (<0.1):1.000000, Success rate (<0.01):1.000000, Success rate (<0.001):1.000000
X=[0.2,0.4], PQ=[-1.6,-1.4]: count:10, ill:0, avg_iter:2.00, Ang_MAX:6.827712e-05, Vol_MAX:1.454353e-05, Ang_mean±std:3.125817e-05±2.037815e-05, Vol_mean±std:6.532669e-06±4.493985e-06, P_MAX:4.196e-05, Q_MAX:3.711e-05, P_mean±std:2.695918e-05±1.118463e-05, Q_mean±std:2.515630e-05±6.741445e-06, P_RMSE:1.607e-05, Q_RMSE:1.260e-05, Success rate (<0.1):1.000000, Success rate (<0.01):1.000000, Success rate (<0.001):1.000000
X=[0.2,0.4], PQ=[-1.4,-1.2]: count:10, ill:0, avg_iter:2.00, Ang_MAX:5.921721e-05, Vol_MAX:1.668930e-05, Ang_mean±std:3.832579e-05±1.636622e-05, Vol_mean±std:7.569790e-06±4.693350e-06, P_MAX:5.509e-05, Q_MAX:3.605e-05, P_mean±std:3.300720e-05±1.386400e-05, Q_mean±std:2.385820e-05±7.538190e-06, P_RMSE:1.911e-05, Q_RMSE:1.271e-05, Success rate (<0.1):1.000000, Success rate (<0.01):1.000000, Success rate (<0.001):1.000000
X=[0.2,0.4], PQ=[-1.2,-1.0]: count:10, ill:0, avg_iter:2.00, Ang_MAX:6.467104e-05, Vol_MAX:1.060963e-05, Ang_mean±std:4.202724e-05±1.207484e-05, Vol_mean±std:6.043911e-06±2.750120e-06, P_MAX:4.753e-05, Q_MAX:2.145e-05, P_mean±std:3.138987e-05±8.476809e-06, Q_mean±std:1.687999e-05±4.245336e-06, P_RMSE:2.012e-05, Q_RMSE:9.097e-06, Success rate (<0.1):1.000000, Success rate (<0.01):1.000000, Success rate (<0.001):1.000000
X=[0.2,0.4], PQ=[-1.0,-0.8]: count:10, ill:0, avg_iter:2.00, Ang_MAX:7.221103e-05, Vol_MAX:2.026558e-05, Ang_mean±std:3.384948e-05±2.019747e-05, Vol_mean±std:6.270409e-06±5.316307e-06, P_MAX:4.566e-05, Q_MAX:4.980e-05, P_mean±std:2.684109e-05±1.258790e-05, Q_mean±std:2.209218e-05±1.148414e-05, P_RMSE:1.704e-05, Q_RMSE:1.148e-05, Success rate (<0.1):1.000000, Success rate (<0.01):1.000000, Success rate (<0.001):1.000000
X=[0.2,0.4], PQ=[-0.8,-0.6]: count:10, ill:0, avg_iter:2.00, Ang_MAX:6.255507e-05, Vol_MAX:1.525879e-05, Ang_mean±std:3.194362e-05±1.723444e-05, Vol_mean±std:6.699562e-06±4.674403e-06, P_MAX:4.794e-05, Q_MAX:4.208e-05, P_mean±std:2.603196e-05±1.247933e-05, Q_mean±std:2.208911e-05±8.069288e-06, P_RMSE:1.576e-05, Q_RMSE:1.241e-05, Success rate (<0.1):1.000000, Success rate (<0.01):1.000000, Success rate (<0.001):1.000000
X=[0.2,0.4], PQ=[-0.6,-0.4]: count:10, ill:0, avg_iter:2.00, Ang_MAX:5.191565e-05, Vol_MAX:9.298325e-06, Ang_mean±std:3.629923e-05±1.338639e-05, Vol_mean±std:5.602837e-06±2.595370e-06, P_MAX:3.466e-05, Q_MAX:1.811e-05, P_mean±std:2.404898e-05±7.457871e-06, Q_mean±std:1.460034e-05±2.506183e-06, P_RMSE:1.702e-05, Q_RMSE:8.093e-06, Success rate (<0.1):1.000000, Success rate (<0.01):1.000000, Success rate (<0.001):1.000000
X=[0.2,0.4], PQ=[-0.4,-0.2]: count:10, ill:0, avg_iter:2.00, Ang_MAX:5.748868e-05, Vol_MAX:1.096725e-05, Ang_mean±std:3.321618e-05±1.724933e-05, Vol_mean±std:5.459785e-06±3.326687e-06, P_MAX:3.819e-05, Q_MAX:2.681e-05, P_mean±std:2.551898e-05±9.259996e-06, Q_mean±std:1.624133e-05±6.116881e-06, P_RMSE:1.643e-05, Q_RMSE:8.962e-06, Success rate (<0.1):1.000000, Success rate (<0.01):1.000000, Success rate (<0.001):1.000000
X=[0.2,0.4], PQ=[-0.2,0.0]: count:10, ill:0, avg_iter:2.00, Ang_MAX:5.087256e-05, Vol_MAX:1.025200e-05, Ang_mean±std:2.539158e-05±1.923084e-05, Vol_mean±std:4.732609e-06±3.691660e-06, P_MAX:3.590e-05, Q_MAX:2.318e-05, P_mean±std:2.052635e-05±1.029727e-05, Q_mean±std:1.462027e-05±4.225588e-06, P_RMSE:1.284e-05, Q_RMSE:7.842e-06, Success rate (<0.1):1.000000, Success rate (<0.01):1.000000, Success rate (<0.001):1.000000
X=[0.2,0.4], PQ=[0.0,0.2]: count:10, ill:0, avg_iter:1.90, Ang_MAX:4.991889e-05, Vol_MAX:1.406670e-05, Ang_mean±std:3.465116e-05±1.176327e-05, Vol_mean±std:5.877018e-06±3.818439e-06, P_MAX:5.566e-05, Q_MAX:4.158e-05, P_mean±std:3.063157e-05±1.050246e-05, Q_mean±std:2.265722e-05±9.367818e-06, P_RMSE:1.869e-05, Q_RMSE:1.234e-05, Success rate (<0.1):1.000000, Success rate (<0.01):1.000000, Success rate (<0.001):1.000000
X=[0.2,0.4], PQ=[0.2,0.4]: count:10, ill:0, avg_iter:2.00, Ang_MAX:6.031990e-05, Vol_MAX:1.466274e-05, Ang_mean±std:2.846271e-05±1.774693e-05, Vol_mean±std:5.471706e-06±4.264778e-06, P_MAX:3.935e-05, Q_MAX:3.789e-05, P_mean±std:2.295114e-05±9.465306e-06, Q_mean±std:1.643039e-05±9.393276e-06, P_RMSE:1.464e-05, Q_RMSE:9.557e-06, Success rate (<0.1):1.000000, Success rate (<0.01):1.000000, Success rate (<0.001):1.000000
X=[0.2,0.4], PQ=[0.4,0.6]: count:10, ill:0, avg_iter:1.90, Ang_MAX:8.600950e-05, Vol_MAX:1.537800e-05, Ang_mean±std:4.201829e-05±1.735306e-05, Vol_mean±std:7.140636e-06±3.998206e-06, P_MAX:7.868e-05, Q_MAX:4.127e-05, P_mean±std:3.057718e-05±1.706435e-05, Q_mean±std:1.733245e-05±8.406052e-06, P_RMSE:1.969e-05, Q_RMSE:9.921e-06, Success rate (<0.1):1.000000, Success rate (<0.01):1.000000, Success rate (<0.001):1.000000
X=[0.2,0.4], PQ=[0.6,0.8]: count:10, ill:0, avg_iter:2.00, Ang_MAX:6.136298e-05, Vol_MAX:1.275539e-05, Ang_mean±std:4.025102e-05±8.998685e-06, Vol_mean±std:8.022785e-06±3.058386e-06, P_MAX:4.251e-05, Q_MAX:3.122e-05, P_mean±std:2.998710e-05±6.200245e-06, Q_mean±std:1.703370e-05±6.749829e-06, P_RMSE:1.920e-05, Q_RMSE:1.011e-05, Success rate (<0.1):1.000000, Success rate (<0.01):1.000000, Success rate (<0.001):1.000000
X=[0.2,0.4], PQ=[0.8,1.0]: count:10, ill:0, avg_iter:2.00, Ang_MAX:5.662441e-05, Vol_MAX:1.001358e-05, Ang_mean±std:3.468394e-05±1.701762e-05, Vol_mean±std:5.424023e-06±2.474993e-06, P_MAX:3.758e-05, Q_MAX:2.273e-05, P_mean±std:2.504289e-05±9.609870e-06, Q_mean±std:1.512712e-05±4.937093e-06, P_RMSE:1.658e-05, Q_RMSE:8.162e-06, Success rate (<0.1):1.000000, Success rate (<0.01):1.000000, Success rate (<0.001):1.000000
X=[0.2,0.4], PQ=[1.0,1.2]: count:10, ill:0, avg_iter:2.00, Ang_MAX:6.681681e-05, Vol_MAX:1.585484e-05, Ang_mean±std:3.866255e-05±1.870042e-05, Vol_mean±std:7.176399e-06±4.853385e-06, P_MAX:4.798e-05, Q_MAX:3.646e-05, P_mean±std:3.107942e-05±1.200887e-05, Q_mean±std:2.204087e-05±8.069617e-06, P_RMSE:1.925e-05, Q_RMSE:1.238e-05, Success rate (<0.1):1.000000, Success rate (<0.01):1.000000, Success rate (<0.001):1.000000
X=[0.2,0.4], PQ=[1.2,1.4]: count:10, ill:0, avg_iter:2.00, Ang_MAX:6.240606e-05, Vol_MAX:8.106232e-06, Ang_mean±std:2.839267e-05±1.561525e-05, Vol_mean±std:3.981590e-06±2.122595e-06, P_MAX:4.395e-05, Q_MAX:2.621e-05, P_mean±std:2.492716e-05±7.616278e-06, Q_mean±std:1.853774e-05±4.287468e-06, P_RMSE:1.474e-05, Q_RMSE:1.069e-05, Success rate (<0.1):1.000000, Success rate (<0.01):1.000000, Success rate (<0.001):1.000000
X=[0.2,0.4], PQ=[1.4,1.6]: count:10, ill:0, avg_iter:2.00, Ang_MAX:6.437302e-05, Vol_MAX:1.478195e-05, Ang_mean±std:3.800243e-05±1.195066e-05, Vol_mean±std:5.841255e-06±3.925589e-06, P_MAX:5.086e-05, Q_MAX:4.748e-05, P_mean±std:3.123954e-05±8.345856e-06, Q_mean±std:2.412347e-05±1.081055e-05, P_RMSE:1.894e-05, Q_RMSE:1.237e-05, Success rate (<0.1):1.000000, Success rate (<0.01):1.000000, Success rate (<0.001):1.000000
X=[0.2,0.4], PQ=[1.6,1.8]: count:10, ill:0, avg_iter:2.00, Ang_MAX:7.145107e-05, Vol_MAX:1.192093e-05, Ang_mean±std:3.595054e-05±2.135724e-05, Vol_mean±std:7.438660e-06±3.117819e-06, P_MAX:4.978e-05, Q_MAX:4.359e-05, P_mean±std:3.303336e-05±1.116711e-05, Q_mean±std:2.526045e-05±7.660742e-06, P_RMSE:1.955e-05, Q_RMSE:1.417e-05, Success rate (<0.1):1.000000, Success rate (<0.01):1.000000, Success rate (<0.001):1.000000
X=[0.2,0.4], PQ=[1.8,2.0]: count:10, ill:0, avg_iter:2.00, Ang_MAX:7.498264e-05, Vol_MAX:1.347065e-05, Ang_mean±std:4.510432e-05±1.655592e-05, Vol_mean±std:7.760525e-06±3.595875e-06, P_MAX:5.366e-05, Q_MAX:4.461e-05, P_mean±std:3.305338e-05±1.207248e-05, Q_mean±std:2.936255e-05±8.987533e-06, P_RMSE:2.160e-05, Q_RMSE:1.500e-05, Success rate (<0.1):1.000000, Success rate (<0.01):1.000000, Success rate (<0.001):1.000000
X=[0.4,0.6], PQ=[-2.0,-1.8]: count:10, ill:0, avg_iter:2.00, Ang_MAX:8.502603e-05, Vol_MAX:1.859665e-05, Ang_mean±std:3.997386e-05±2.292003e-05, Vol_mean±std:7.772446e-06±5.036730e-06, P_MAX:9.291e-05, Q_MAX:7.474e-05, P_mean±std:4.367977e-05±2.503799e-05, Q_mean±std:4.680231e-05±1.404566e-05, P_RMSE:2.265e-05, Q_RMSE:2.401e-05, Success rate (<0.1):1.000000, Success rate (<0.01):1.000000, Success rate (<0.001):1.000000
X=[0.4,0.6], PQ=[-1.8,-1.6]: count:10, ill:0, avg_iter:2.00, Ang_MAX:8.410215e-05, Vol_MAX:1.871586e-05, Ang_mean±std:4.034489e-05±2.163171e-05, Vol_mean±std:8.285046e-06±5.344845e-06, P_MAX:6.810e-05, Q_MAX:5.049e-05, P_mean±std:3.870939e-05±1.267420e-05, Q_mean±std:3.734911e-05±9.266660e-06, P_RMSE:2.145e-05, Q_RMSE:2.124e-05, Success rate (<0.1):1.000000, Success rate (<0.01):1.000000, Success rate (<0.001):1.000000
X=[0.4,0.6], PQ=[-1.6,-1.4]: count:10, ill:0, avg_iter:2.00, Ang_MAX:6.836653e-05, Vol_MAX:1.573563e-05, Ang_mean±std:4.425347e-05±1.701651e-05, Vol_mean±std:9.536743e-06±4.494996e-06, P_MAX:5.232e-05, Q_MAX:5.491e-05, P_mean±std:4.148259e-05±1.110289e-05, Q_mean±std:2.881153e-05±1.115447e-05, P_RMSE:2.285e-05, Q_RMSE:1.639e-05, Success rate (<0.1):1.000000, Success rate (<0.01):1.000000, Success rate (<0.001):1.000000
X=[0.4,0.6], PQ=[-1.4,-1.2]: count:10, ill:0, avg_iter:2.00, Ang_MAX:7.176399e-05, Vol_MAX:1.573563e-05, Ang_mean±std:3.180057e-05±1.806137e-05, Vol_mean±std:7.414818e-06±5.227242e-06, P_MAX:4.636e-05, Q_MAX:5.743e-05, P_mean±std:3.025457e-05±1.011146e-05, Q_mean±std:2.867430e-05±1.285560e-05, P_RMSE:1.728e-05, Q_RMSE:1.516e-05, Success rate (<0.1):1.000000, Success rate (<0.01):1.000000, Success rate (<0.001):1.000000
X=[0.4,0.6], PQ=[-1.2,-1.0]: count:10, ill:0, avg_iter:2.00, Ang_MAX:9.545684e-05, Vol_MAX:1.931190e-05, Ang_mean±std:4.238337e-05±2.693522e-05, Vol_mean±std:9.882450e-06±5.418308e-06, P_MAX:7.214e-05, Q_MAX:7.007e-05, P_mean±std:4.004783e-05±1.577513e-05, Q_mean±std:3.343401e-05±1.820740e-05, P_RMSE:2.323e-05, Q_RMSE:2.019e-05, Success rate (<0.1):1.000000, Success rate (<0.01):1.000000, Success rate (<0.001):1.000000
X=[0.4,0.6], PQ=[-1.0,-0.8]: count:10, ill:0, avg_iter:2.00, Ang_MAX:6.300211e-05, Vol_MAX:1.335144e-05, Ang_mean±std:2.931505e-05±1.939126e-05, Vol_mean±std:7.247925e-06±4.294778e-06, P_MAX:3.964e-05, Q_MAX:4.092e-05, P_mean±std:2.918243e-05±9.710473e-06, Q_mean±std:2.483390e-05±9.730163e-06, P_RMSE:1.623e-05, Q_RMSE:1.457e-05, Success rate (<0.1):1.000000, Success rate (<0.01):1.000000, Success rate (<0.001):1.000000
X=[0.4,0.6], PQ=[-0.8,-0.6]: count:10, ill:0, avg_iter:2.00, Ang_MAX:5.847216e-05, Vol_MAX:1.704693e-05, Ang_mean±std:3.439337e-05±1.742645e-05, Vol_mean±std:7.605553e-06±5.100096e-06, P_MAX:4.888e-05, Q_MAX:5.007e-05, P_mean±std:3.183000e-05±1.200742e-05, Q_mean±std:2.322125e-05±1.018378e-05, P_RMSE:1.826e-05, Q_RMSE:1.418e-05, Success rate (<0.1):1.000000, Success rate (<0.01):1.000000, Success rate (<0.001):1.000000
X=[0.4,0.6], PQ=[-0.6,-0.4]: count:10, ill:0, avg_iter:2.00, Ang_MAX:5.018711e-05, Vol_MAX:1.525879e-05, Ang_mean±std:2.763867e-05±1.279370e-05, Vol_mean±std:7.164478e-06±5.108351e-06, P_MAX:3.979e-05, Q_MAX:4.089e-05, P_mean±std:2.505183e-05±9.777353e-06, Q_mean±std:2.045166e-05±9.647531e-06, P_RMSE:1.456e-05, Q_RMSE:1.201e-05, Success rate (<0.1):1.000000, Success rate (<0.01):1.000000, Success rate (<0.001):1.000000
X=[0.4,0.6], PQ=[-0.4,-0.2]: count:10, ill:0, avg_iter:2.00, Ang_MAX:5.230308e-05, Vol_MAX:1.537800e-05, Ang_mean±std:3.517270e-05±1.464092e-05, Vol_mean±std:9.119511e-06±3.570015e-06, P_MAX:4.290e-05, Q_MAX:4.924e-05, P_mean±std:3.342850e-05±7.005755e-06, Q_mean±std:2.342425e-05±1.172926e-05, P_RMSE:1.932e-05, Q_RMSE:1.397e-05, Success rate (<0.1):1.000000, Success rate (<0.01):1.000000, Success rate (<0.001):1.000000
X=[0.4,0.6], PQ=[-0.2,0.0]: count:10, ill:0, avg_iter:2.00, Ang_MAX:4.845858e-05, Vol_MAX:1.573563e-05, Ang_mean±std:3.647357e-05±1.270589e-05, Vol_mean±std:9.846687e-06±4.221154e-06, P_MAX:4.073e-05, Q_MAX:3.864e-05, P_mean±std:3.408715e-05±4.569529e-06, Q_mean±std:2.240627e-05±8.278709e-06, P_RMSE:1.949e-05, Q_RMSE:1.475e-05, Success rate (<0.1):1.000000, Success rate (<0.01):1.000000, Success rate (<0.001):1.000000
X=[0.4,0.6], PQ=[0.0,0.2]: count:10, ill:0, avg_iter:2.00, Ang_MAX:5.212426e-05, Vol_MAX:1.513958e-05, Ang_mean±std:3.209114e-05±1.338672e-05, Vol_mean±std:4.470348e-06±3.950219e-06, P_MAX:4.542e-05, Q_MAX:4.984e-05, P_mean±std:2.561655e-05±8.720402e-06, Q_mean±std:2.144354e-05±1.233489e-05, P_RMSE:1.639e-05, Q_RMSE:1.203e-05, Success rate (<0.1):1.000000, Success rate (<0.01):1.000000, Success rate (<0.001):1.000000
X=[0.4,0.6], PQ=[0.2,0.4]: count:10, ill:0, avg_iter:2.00, Ang_MAX:5.373359e-05, Vol_MAX:1.573563e-05, Ang_mean±std:3.954917e-05±1.234561e-05, Vol_mean±std:1.072884e-05±3.926313e-06, P_MAX:4.640e-05, Q_MAX:4.973e-05, P_mean±std:3.411103e-05±6.467035e-06, Q_mean±std:2.583454e-05±1.366909e-05, P_RMSE:2.084e-05, Q_RMSE:1.806e-05, Success rate (<0.1):1.000000, Success rate (<0.01):1.000000, Success rate (<0.001):1.000000
X=[0.4,0.6], PQ=[0.4,0.6]: count:10, ill:0, avg_iter:2.00, Ang_MAX:5.581975e-05, Vol_MAX:1.513958e-05, Ang_mean±std:3.227443e-05±1.305917e-05, Vol_mean±std:1.140833e-05±3.863944e-06, P_MAX:4.348e-05, Q_MAX:5.043e-05, P_mean±std:3.478526e-05±7.466809e-06, Q_mean±std:3.011376e-05±1.069683e-05, P_RMSE:1.870e-05, Q_RMSE:1.934e-05, Success rate (<0.1):1.000000, Success rate (<0.01):1.000000, Success rate (<0.001):1.000000
X=[0.4,0.6], PQ=[0.6,0.8]: count:10, ill:0, avg_iter:2.00, Ang_MAX:6.130338e-05, Vol_MAX:1.478195e-05, Ang_mean±std:3.578216e-05±1.857906e-05, Vol_mean±std:8.451939e-06±3.801057e-06, P_MAX:4.287e-05, Q_MAX:4.473e-05, P_mean±std:2.936944e-05±9.354652e-06, Q_mean±std:2.040155e-05±1.096237e-05, P_RMSE:1.863e-05, Q_RMSE:1.287e-05, Success rate (<0.1):1.000000, Success rate (<0.01):1.000000, Success rate (<0.001):1.000000
X=[0.4,0.6], PQ=[0.8,1.0]: count:10, ill:0, avg_iter:2.00, Ang_MAX:6.926060e-05, Vol_MAX:2.145767e-05, Ang_mean±std:4.338622e-05±1.595005e-05, Vol_mean±std:1.107454e-05±5.721661e-06, P_MAX:6.115e-05, Q_MAX:5.391e-05, P_mean±std:3.989297e-05±1.358971e-05, Q_mean±std:3.053655e-05±1.470224e-05, P_RMSE:2.249e-05, Q_RMSE:1.920e-05, Success rate (<0.1):1.000000, Success rate (<0.01):1.000000, Success rate (<0.001):1.000000
X=[0.4,0.6], PQ=[1.0,1.2]: count:10, ill:0, avg_iter:2.00, Ang_MAX:5.912781e-05, Vol_MAX:1.537800e-05, Ang_mean±std:3.858209e-05±1.501592e-05, Vol_mean±std:7.855892e-06±4.572247e-06, P_MAX:4.792e-05, Q_MAX:3.436e-05, P_mean±std:3.167354e-05±1.172482e-05, Q_mean±std:2.179253e-05±6.927418e-06, P_RMSE:1.897e-05, Q_RMSE:1.221e-05, Success rate (<0.1):1.000000, Success rate (<0.01):1.000000, Success rate (<0.001):1.000000
X=[0.4,0.6], PQ=[1.2,1.4]: count:10, ill:0, avg_iter:2.00, Ang_MAX:5.292892e-05, Vol_MAX:1.943111e-05, Ang_mean±std:3.471822e-05±1.257864e-05, Vol_mean±std:6.508827e-06±4.537538e-06, P_MAX:5.633e-05, Q_MAX:4.864e-05, P_mean±std:2.986542e-05±1.229081e-05, Q_mean±std:2.527144e-05±1.148447e-05, P_RMSE:1.791e-05, Q_RMSE:1.391e-05, Success rate (<0.1):1.000000, Success rate (<0.01):1.000000, Success rate (<0.001):1.000000
X=[0.4,0.6], PQ=[1.4,1.6]: count:10, ill:0, avg_iter:2.00, Ang_MAX:1.051724e-04, Vol_MAX:1.645088e-05, Ang_mean±std:4.563034e-05±2.542504e-05, Vol_mean±std:9.775162e-06±5.296972e-06, P_MAX:6.583e-05, Q_MAX:5.946e-05, P_mean±std:3.849864e-05±1.458966e-05, Q_mean±std:3.498737e-05±1.275049e-05, P_RMSE:2.308e-05, Q_RMSE:1.881e-05, Success rate (<0.1):1.000000, Success rate (<0.01):1.000000, Success rate (<0.001):1.000000
X=[0.4,0.6], PQ=[1.6,1.8]: count:10, ill:0, avg_iter:2.00, Ang_MAX:1.084805e-04, Vol_MAX:2.098083e-05, Ang_mean±std:4.297644e-05±2.784673e-05, Vol_mean±std:1.074076e-05±6.556175e-06, P_MAX:8.661e-05, Q_MAX:5.748e-05, P_mean±std:4.147963e-05±1.898985e-05, Q_mean±std:3.486541e-05±1.035557e-05, P_RMSE:2.258e-05, Q_RMSE:1.866e-05, Success rate (<0.1):1.000000, Success rate (<0.01):1.000000, Success rate (<0.001):1.000000
X=[0.4,0.6], PQ=[1.8,2.0]: count:10, ill:0, avg_iter:2.00, Ang_MAX:6.592274e-05, Vol_MAX:1.978874e-05, Ang_mean±std:4.072785e-05±1.866773e-05, Vol_mean±std:9.679794e-06±5.496001e-06, P_MAX:6.044e-05, Q_MAX:5.839e-05, P_mean±std:4.437871e-05±8.419978e-06, Q_mean±std:3.763887e-05±1.220607e-05, P_RMSE:2.374e-05, Q_RMSE:2.108e-05, Success rate (<0.1):1.000000, Success rate (<0.01):1.000000, Success rate (<0.001):1.000000
X=[0.6,0.8], PQ=[-2.0,-1.8]: count:10, ill:0, avg_iter:2.00, Ang_MAX:8.526444e-05, Vol_MAX:1.895428e-05, Ang_mean±std:3.615171e-05±2.609170e-05, Vol_mean±std:9.465218e-06±6.234817e-06, P_MAX:5.654e-05, Q_MAX:9.377e-05, P_mean±std:3.691058e-05±1.767772e-05, Q_mean±std:4.544186e-05±2.035045e-05, P_RMSE:2.114e-05, Q_RMSE:2.489e-05, Success rate (<0.1):1.000000, Success rate (<0.01):1.000000, Success rate (<0.001):1.000000
X=[0.6,0.8], PQ=[-1.8,-1.6]: count:10, ill:0, avg_iter:2.00, Ang_MAX:1.043081e-04, Vol_MAX:2.014637e-05, Ang_mean±std:4.947782e-05±2.906818e-05, Vol_mean±std:1.370907e-05±3.596092e-06, P_MAX:7.838e-05, Q_MAX:9.320e-05, P_mean±std:5.250853e-05±1.770830e-05, Q_mean±std:5.199055e-05±1.922204e-05, P_RMSE:2.793e-05, Q_RMSE:3.005e-05, Success rate (<0.1):1.000000, Success rate (<0.01):1.000000, Success rate (<0.001):1.000000
X=[0.6,0.8], PQ=[-1.6,-1.4]: count:10, ill:0, avg_iter:2.10, Ang_MAX:7.942319e-05, Vol_MAX:1.847744e-05, Ang_mean±std:3.397763e-05±2.343104e-05, Vol_mean±std:1.150370e-05±4.827388e-06, P_MAX:6.798e-05, Q_MAX:5.719e-05, P_mean±std:4.178324e-05±1.576186e-05, Q_mean±std:4.129333e-05±1.202417e-05, P_RMSE:2.117e-05, Q_RMSE:2.497e-05, Success rate (<0.1):1.000000, Success rate (<0.01):1.000000, Success rate (<0.001):1.000000
X=[0.6,0.8], PQ=[-1.4,-1.2]: count:10, ill:0, avg_iter:2.00, Ang_MAX:7.638335e-05, Vol_MAX:1.668930e-05, Ang_mean±std:3.689677e-05±2.293629e-05, Vol_mean±std:1.069307e-05±3.301495e-06, P_MAX:7.206e-05, Q_MAX:4.897e-05, P_mean±std:3.878474e-05±1.382673e-05, Q_mean±std:3.424883e-05±9.376039e-06, P_RMSE:2.144e-05, Q_RMSE:1.999e-05, Success rate (<0.1):1.000000, Success rate (<0.01):1.000000, Success rate (<0.001):1.000000
X=[0.6,0.8], PQ=[-1.2,-1.0]: count:10, ill:0, avg_iter:2.00, Ang_MAX:5.996227e-05, Vol_MAX:2.038479e-05, Ang_mean±std:3.219992e-05±2.075405e-05, Vol_mean±std:1.302958e-05±5.208791e-06, P_MAX:5.628e-05, Q_MAX:6.314e-05, P_mean±std:3.848855e-05±1.068300e-05, Q_mean±std:3.869622e-05±1.519472e-05, P_RMSE:2.067e-05, Q_RMSE:2.596e-05, Success rate (<0.1):1.000000, Success rate (<0.01):1.000000, Success rate (<0.001):1.000000
X=[0.6,0.8], PQ=[-1.0,-0.8]: count:10, ill:0, avg_iter:2.00, Ang_MAX:7.730722e-05, Vol_MAX:1.668930e-05, Ang_mean±std:3.191680e-05±1.833103e-05, Vol_mean±std:1.070499e-05±4.472112e-06, P_MAX:6.141e-05, Q_MAX:6.016e-05, P_mean±std:3.509376e-05±1.150807e-05, Q_mean±std:3.403760e-05±1.316134e-05, P_RMSE:1.893e-05, Q_RMSE:2.175e-05, Success rate (<0.1):1.000000, Success rate (<0.01):1.000000, Success rate (<0.001):1.000000
X=[0.6,0.8], PQ=[-0.8,-0.6]: count:10, ill:0, avg_iter:2.00, Ang_MAX:5.176663e-05, Vol_MAX:1.871586e-05, Ang_mean±std:2.648979e-05±1.563231e-05, Vol_mean±std:8.261204e-06±5.638247e-06, P_MAX:3.813e-05, Q_MAX:4.728e-05, P_mean±std:2.873745e-05±8.127481e-06, Q_mean±std:2.742941e-05±9.622118e-06, P_RMSE:1.627e-05, Q_RMSE:1.646e-05, Success rate (<0.1):1.000000, Success rate (<0.01):1.000000, Success rate (<0.001):1.000000
X=[0.6,0.8], PQ=[-0.6,-0.4]: count:10, ill:0, avg_iter:2.00, Ang_MAX:6.127357e-05, Vol_MAX:1.609325e-05, Ang_mean±std:3.498197e-05±1.778488e-05, Vol_mean±std:1.155138e-05±3.815982e-06, P_MAX:5.396e-05, Q_MAX:5.234e-05, P_mean±std:3.888826e-05±1.030960e-05, Q_mean±std:3.525000e-05±1.198984e-05, P_RMSE:2.092e-05, Q_RMSE:2.430e-05, Success rate (<0.1):1.000000, Success rate (<0.01):1.000000, Success rate (<0.001):1.000000
X=[0.6,0.8], PQ=[-0.4,-0.2]: count:10, ill:0, avg_iter:2.00, Ang_MAX:6.821752e-05, Vol_MAX:1.549721e-05, Ang_mean±std:3.754497e-05±1.495462e-05, Vol_mean±std:8.773804e-06±4.287625e-06, P_MAX:6.560e-05, Q_MAX:6.318e-05, P_mean±std:4.028692e-05±1.462848e-05, Q_mean±std:3.829298e-05±1.651961e-05, P_RMSE:2.265e-05, Q_RMSE:2.104e-05, Success rate (<0.1):1.000000, Success rate (<0.01):1.000000, Success rate (<0.001):1.000000
X=[0.6,0.8], PQ=[-0.2,0.0]: count:10, ill:0, avg_iter:2.00, Ang_MAX:4.681945e-05, Vol_MAX:1.525879e-05, Ang_mean±std:3.051907e-05±1.310247e-05, Vol_mean±std:1.124144e-05±3.647902e-06, P_MAX:3.915e-05, Q_MAX:4.300e-05, P_mean±std:3.300890e-05±5.257401e-06, Q_mean±std:2.676249e-05±1.035171e-05, P_RMSE:1.769e-05, Q_RMSE:1.817e-05, Success rate (<0.1):1.000000, Success rate (<0.01):1.000000, Success rate (<0.001):1.000000
X=[0.6,0.8], PQ=[0.0,0.2]: count:10, ill:0, avg_iter:2.00, Ang_MAX:4.109740e-05, Vol_MAX:1.525879e-05, Ang_mean±std:2.675056e-05±9.830676e-06, Vol_mean±std:9.238720e-06±5.261237e-06, P_MAX:3.868e-05, Q_MAX:4.493e-05, P_mean±std:2.993047e-05±6.415764e-06, Q_mean±std:2.655799e-05±1.044582e-05, P_RMSE:1.593e-05, Q_RMSE:1.677e-05, Success rate (<0.1):1.000000, Success rate (<0.01):1.000000, Success rate (<0.001):1.000000
X=[0.6,0.8], PQ=[0.2,0.4]: count:10, ill:0, avg_iter:2.00, Ang_MAX:5.820394e-05, Vol_MAX:1.645088e-05, Ang_mean±std:4.010051e-05±1.536187e-05, Vol_mean±std:1.016855e-05±4.067483e-06, P_MAX:5.752e-05, Q_MAX:5.960e-05, P_mean±std:3.756103e-05±8.402842e-06, Q_mean±std:2.783670e-05±1.538359e-05, P_RMSE:2.200e-05, Q_RMSE:1.644e-05, Success rate (<0.1):1.000000, Success rate (<0.01):1.000000, Success rate (<0.001):1.000000
X=[0.6,0.8], PQ=[0.4,0.6]: count:10, ill:0, avg_iter:2.00, Ang_MAX:9.328127e-05, Vol_MAX:1.680851e-05, Ang_mean±std:3.440976e-05±2.687983e-05, Vol_mean±std:1.033545e-05±4.556556e-06, P_MAX:8.529e-05, Q_MAX:6.339e-05, P_mean±std:3.963857e-05±1.972079e-05, Q_mean±std:3.810374e-05±1.578310e-05, P_RMSE:2.215e-05, Q_RMSE:2.294e-05, Success rate (<0.1):1.000000, Success rate (<0.01):1.000000, Success rate (<0.001):1.000000
X=[0.6,0.8], PQ=[0.6,0.8]: count:10, ill:0, avg_iter:2.00, Ang_MAX:8.463860e-05, Vol_MAX:1.907349e-05, Ang_mean±std:3.984123e-05±1.769890e-05, Vol_mean±std:1.032352e-05±4.633609e-06, P_MAX:7.796e-05, Q_MAX:5.883e-05, P_mean±std:3.931966e-05±1.584779e-05, Q_mean±std:3.009045e-05±1.754082e-05, P_RMSE:2.205e-05, Q_RMSE:1.890e-05, Success rate (<0.1):1.000000, Success rate (<0.01):1.000000, Success rate (<0.001):1.000000
X=[0.6,0.8], PQ=[0.8,1.0]: count:10, ill:0, avg_iter:2.00, Ang_MAX:7.349253e-05, Vol_MAX:1.430511e-05, Ang_mean±std:3.401786e-05±1.874451e-05, Vol_mean±std:9.334087e-06±4.360535e-06, P_MAX:6.126e-05, Q_MAX:5.934e-05, P_mean±std:3.629097e-05±1.185365e-05, Q_mean±std:3.306512e-05±1.359382e-05, P_RMSE:2.024e-05, Q_RMSE:2.170e-05, Success rate (<0.1):1.000000, Success rate (<0.01):1.000000, Success rate (<0.001):1.000000
X=[0.6,0.8], PQ=[1.0,1.2]: count:10, ill:0, avg_iter:2.00, Ang_MAX:8.918345e-05, Vol_MAX:1.728535e-05, Ang_mean±std:4.238486e-05±2.285462e-05, Vol_mean±std:1.139641e-05±4.145056e-06, P_MAX:7.652e-05, Q_MAX:6.821e-05, P_mean±std:4.402696e-05±1.437420e-05, Q_mean±std:3.867990e-05±1.450685e-05, P_RMSE:2.360e-05, Q_RMSE:2.365e-05, Success rate (<0.1):1.000000, Success rate (<0.01):1.000000, Success rate (<0.001):1.000000
X=[0.6,0.8], PQ=[1.2,1.4]: count:10, ill:0, avg_iter:2.00, Ang_MAX:5.018711e-05, Vol_MAX:2.467632e-05, Ang_mean±std:2.465248e-05±1.549496e-05, Vol_mean±std:9.548664e-06±7.518024e-06, P_MAX:5.884e-05, Q_MAX:7.492e-05, P_mean±std:3.635732e-05±1.744308e-05, Q_mean±std:3.462734e-05±1.859729e-05, P_RMSE:1.849e-05, Q_RMSE:2.038e-05, Success rate (<0.1):1.000000, Success rate (<0.01):1.000000, Success rate (<0.001):1.000000
X=[0.6,0.8], PQ=[1.4,1.6]: count:10, ill:0, avg_iter:2.00, Ang_MAX:1.151711e-04, Vol_MAX:2.229214e-05, Ang_mean±std:5.239397e-05±2.764141e-05, Vol_mean±std:1.318455e-05±6.026663e-06, P_MAX:7.978e-05, Q_MAX:5.495e-05, P_mean±std:4.565716e-05±1.611935e-05, Q_mean±std:3.599452e-05±1.317386e-05, P_RMSE:2.745e-05, Q_RMSE:2.187e-05, Success rate (<0.1):1.000000, Success rate (<0.01):1.000000, Success rate (<0.001):1.000000
X=[0.6,0.8], PQ=[1.6,1.8]: count:10, ill:0, avg_iter:2.00, Ang_MAX:5.269051e-05, Vol_MAX:1.502037e-05, Ang_mean±std:4.541129e-05±7.266492e-06, Vol_mean±std:1.015663e-05±3.166482e-06, P_MAX:8.787e-05, Q_MAX:8.549e-05, P_mean±std:4.806891e-05±1.631667e-05, Q_mean±std:4.191136e-05±2.134640e-05, P_RMSE:2.542e-05, Q_RMSE:2.283e-05, Success rate (<0.1):1.000000, Success rate (<0.01):1.000000, Success rate (<0.001):1.000000
X=[0.6,0.8], PQ=[1.8,2.0]: count:10, ill:0, avg_iter:2.00, Ang_MAX:6.504357e-05, Vol_MAX:2.038479e-05, Ang_mean±std:4.435778e-05±1.793967e-05, Vol_mean±std:1.153946e-05±5.768991e-06, P_MAX:6.521e-05, Q_MAX:6.888e-05, P_mean±std:4.668982e-05±1.068138e-05, Q_mean±std:3.671595e-05±1.440371e-05, P_RMSE:2.595e-05, Q_RMSE:2.244e-05, Success rate (<0.1):1.000000, Success rate (<0.01):1.000000, Success rate (<0.001):1.000000
X=[0.8,1.0], PQ=[-2.0,-1.8]: count:10, ill:0, avg_iter:2.00, Ang_MAX:7.042289e-05, Vol_MAX:2.110004e-05, Ang_mean±std:3.845841e-05±2.287370e-05, Vol_mean±std:9.620190e-06±5.840051e-06, P_MAX:6.059e-05, Q_MAX:6.065e-05, P_mean±std:4.492553e-05±1.471464e-05, Q_mean±std:3.656088e-05±1.501055e-05, P_RMSE:2.402e-05, Q_RMSE:2.140e-05, Success rate (<0.1):1.000000, Success rate (<0.01):1.000000, Success rate (<0.001):1.000000
X=[0.8,1.0], PQ=[-1.8,-1.6]: count:10, ill:0, avg_iter:2.10, Ang_MAX:7.081032e-05, Vol_MAX:2.121925e-05, Ang_mean±std:4.274100e-05±1.644484e-05, Vol_mean±std:1.164675e-05±5.754007e-06, P_MAX:6.607e-05, Q_MAX:6.437e-05, P_mean±std:4.710014e-05±1.313373e-05, Q_mean±std:4.001858e-05±1.236453e-05, P_RMSE:2.464e-05, Q_RMSE:2.328e-05, Success rate (<0.1):1.000000, Success rate (<0.01):1.000000, Success rate (<0.001):1.000000
X=[0.8,1.0], PQ=[-1.6,-1.4]: count:10, ill:0, avg_iter:2.20, Ang_MAX:7.653236e-05, Vol_MAX:1.895428e-05, Ang_mean±std:3.502965e-05±1.978166e-05, Vol_mean±std:9.691715e-06±5.326948e-06, P_MAX:6.658e-05, Q_MAX:4.536e-05, P_mean±std:3.903541e-05±1.686925e-05, Q_mean±std:3.484162e-05±9.055577e-06, P_RMSE:2.021e-05, Q_RMSE:2.086e-05, Success rate (<0.1):1.000000, Success rate (<0.01):1.000000, Success rate (<0.001):1.000000
X=[0.8,1.0], PQ=[-1.4,-1.2]: count:10, ill:0, avg_iter:2.20, Ang_MAX:1.013875e-04, Vol_MAX:3.099442e-05, Ang_mean±std:3.381222e-05±3.430469e-05, Vol_mean±std:1.066923e-05±9.667168e-06, P_MAX:8.613e-05, Q_MAX:9.035e-05, P_mean±std:3.694142e-05±2.544464e-05, Q_mean±std:4.353411e-05±2.566053e-05, P_RMSE:2.046e-05, Q_RMSE:2.551e-05, Success rate (<0.1):1.000000, Success rate (<0.01):1.000000, Success rate (<0.001):1.000000
X=[0.8,1.0], PQ=[-1.2,-1.0]: count:10, ill:0, avg_iter:2.10, Ang_MAX:4.598498e-05, Vol_MAX:2.896786e-05, Ang_mean±std:2.302378e-05±1.023715e-05, Vol_mean±std:1.211166e-05±7.508331e-06, P_MAX:6.675e-05, Q_MAX:8.552e-05, P_mean±std:4.157947e-05±1.359950e-05, Q_mean±std:4.548056e-05±1.740562e-05, P_RMSE:2.043e-05, Q_RMSE:2.759e-05, Success rate (<0.1):1.000000, Success rate (<0.01):1.000000, Success rate (<0.001):1.000000
X=[0.8,1.0], PQ=[-1.0,-0.8]: count:10, ill:0, avg_iter:2.00, Ang_MAX:7.677078e-05, Vol_MAX:2.229214e-05, Ang_mean±std:3.356636e-05±1.991400e-05, Vol_mean±std:1.013279e-05±6.766427e-06, P_MAX:6.075e-05, Q_MAX:5.850e-05, P_mean±std:3.726925e-05±1.587886e-05, Q_mean±std:3.533196e-05±1.685469e-05, P_RMSE:2.077e-05, Q_RMSE:2.095e-05, Success rate (<0.1):1.000000, Success rate (<0.01):1.000000, Success rate (<0.001):1.000000
X=[0.8,1.0], PQ=[-0.8,-0.6]: count:10, ill:0, avg_iter:2.00, Ang_MAX:5.459785e-05, Vol_MAX:2.336502e-05, Ang_mean±std:3.645718e-05±1.692213e-05, Vol_mean±std:1.420975e-05±4.150744e-06, P_MAX:7.719e-05, Q_MAX:5.816e-05, P_mean±std:4.552528e-05±1.368535e-05, Q_mean±std:4.224619e-05±1.314931e-05, P_RMSE:2.372e-05, Q_RMSE:3.002e-05, Success rate (<0.1):1.000000, Success rate (<0.01):1.000000, Success rate (<0.001):1.000000
X=[0.8,1.0], PQ=[-0.6,-0.4]: count:10, ill:0, avg_iter:2.00, Ang_MAX:5.197525e-05, Vol_MAX:1.788139e-05, Ang_mean±std:2.934784e-05±1.264177e-05, Vol_mean±std:1.114607e-05±4.712689e-06, P_MAX:4.190e-05, Q_MAX:5.309e-05, P_mean±std:3.145109e-05±9.344153e-06, Q_mean±std:3.103430e-05±1.443368e-05, P_RMSE:1.787e-05, Q_RMSE:2.168e-05, Success rate (<0.1):1.000000, Success rate (<0.01):1.000000, Success rate (<0.001):1.000000
X=[0.8,1.0], PQ=[-0.4,-0.2]: count:10, ill:0, avg_iter:2.00, Ang_MAX:4.962087e-05, Vol_MAX:1.621246e-05, Ang_mean±std:2.761483e-05±1.534378e-05, Vol_mean±std:9.608269e-06±5.172969e-06, P_MAX:5.707e-05, Q_MAX:6.318e-05, P_mean±std:3.631469e-05±1.416148e-05, Q_mean±std:3.700368e-05±1.820686e-05, P_RMSE:1.961e-05, Q_RMSE:2.439e-05, Success rate (<0.1):1.000000, Success rate (<0.01):1.000000, Success rate (<0.001):1.000000
X=[0.8,1.0], PQ=[-0.2,0.0]: count:10, ill:0, avg_iter:2.00, Ang_MAX:6.628036e-05, Vol_MAX:1.561642e-05, Ang_mean±std:3.399402e-05±1.949826e-05, Vol_mean±std:9.667873e-06±4.554185e-06, P_MAX:5.437e-05, Q_MAX:5.886e-05, P_mean±std:3.444701e-05±1.175294e-05, Q_mean±std:3.333332e-05±1.689316e-05, P_RMSE:2.041e-05, Q_RMSE:2.166e-05, Success rate (<0.1):1.000000, Success rate (<0.01):1.000000, Success rate (<0.001):1.000000
X=[0.8,1.0], PQ=[0.0,0.2]: count:10, ill:0, avg_iter:2.00, Ang_MAX:5.340576e-05, Vol_MAX:1.561642e-05, Ang_mean±std:2.768636e-05±1.713698e-05, Vol_mean±std:1.131296e-05±4.662729e-06, P_MAX:5.314e-05, Q_MAX:5.651e-05, P_mean±std:3.449998e-05±9.711918e-06, Q_mean±std:3.206492e-05±1.369727e-05, P_RMSE:1.838e-05, Q_RMSE:2.146e-05, Success rate (<0.1):1.000000, Success rate (<0.01):1.000000, Success rate (<0.001):1.000000
X=[0.8,1.0], PQ=[0.2,0.4]: count:10, ill:0, avg_iter:2.00, Ang_MAX:4.506111e-05, Vol_MAX:1.645088e-05, Ang_mean±std:2.455860e-05±1.241177e-05, Vol_mean±std:6.067753e-06±5.006918e-06, P_MAX:3.575e-05, Q_MAX:4.481e-05, P_mean±std:2.316609e-05±7.357739e-06, Q_mean±std:2.165004e-05±1.142368e-05, P_RMSE:1.374e-05, Q_RMSE:1.273e-05, Success rate (<0.1):1.000000, Success rate (<0.01):1.000000, Success rate (<0.001):1.000000
X=[0.8,1.0], PQ=[0.4,0.6]: count:10, ill:0, avg_iter:2.00, Ang_MAX:7.575750e-05, Vol_MAX:1.740456e-05, Ang_mean±std:2.674907e-05±2.110856e-05, Vol_mean±std:1.015663e-05±4.821364e-06, P_MAX:7.126e-05, Q_MAX:8.011e-05, P_mean±std:3.541374e-05±1.460486e-05, Q_mean±std:4.262459e-05±1.637283e-05, P_RMSE:2.011e-05, Q_RMSE:2.283e-05, Success rate (<0.1):1.000000, Success rate (<0.01):1.000000, Success rate (<0.001):1.000000
X=[0.8,1.0], PQ=[0.6,0.8]: count:10, ill:0, avg_iter:2.00, Ang_MAX:1.369417e-04, Vol_MAX:1.704693e-05, Ang_mean±std:4.746765e-05±3.344558e-05, Vol_mean±std:1.308918e-05±2.824430e-06, P_MAX:8.523e-05, Q_MAX:5.322e-05, P_mean±std:4.351810e-05±1.661113e-05, Q_mean±std:3.270148e-05±1.344473e-05, P_RMSE:2.596e-05, Q_RMSE:2.240e-05, Success rate (<0.1):1.000000, Success rate (<0.01):1.000000, Success rate (<0.001):1.000000
X=[0.8,1.0], PQ=[0.8,1.0]: count:10, ill:0, avg_iter:2.10, Ang_MAX:6.815791e-05, Vol_MAX:2.253056e-05, Ang_mean±std:2.953857e-05±1.821549e-05, Vol_mean±std:1.381636e-05±5.597876e-06, P_MAX:7.486e-05, Q_MAX:5.733e-05, P_mean±std:4.548468e-05±1.689155e-05, Q_mean±std:4.460260e-05±1.320598e-05, P_RMSE:2.215e-05, Q_RMSE:2.996e-05, Success rate (<0.1):1.000000, Success rate (<0.01):1.000000, Success rate (<0.001):1.000000
X=[0.8,1.0], PQ=[1.0,1.2]: count:10, ill:0, avg_iter:2.00, Ang_MAX:6.127357e-05, Vol_MAX:1.287460e-05, Ang_mean±std:3.065467e-05±1.927815e-05, Vol_mean±std:9.453297e-06±2.750120e-06, P_MAX:5.999e-05, Q_MAX:5.736e-05, P_mean±std:3.920232e-05±1.110505e-05, Q_mean±std:3.232136e-05±1.187343e-05, P_RMSE:2.052e-05, Q_RMSE:1.943e-05, Success rate (<0.1):1.000000, Success rate (<0.01):1.000000, Success rate (<0.001):1.000000
X=[0.8,1.0], PQ=[1.2,1.4]: count:10, ill:0, avg_iter:2.00, Ang_MAX:6.553531e-05, Vol_MAX:2.586842e-05, Ang_mean±std:3.585070e-05±1.419567e-05, Vol_mean±std:1.244545e-05±7.021660e-06, P_MAX:6.504e-05, Q_MAX:6.283e-05, P_mean±std:4.396711e-05±1.210593e-05, Q_mean±std:3.871806e-05±1.829030e-05, P_RMSE:2.318e-05, Q_RMSE:2.714e-05, Success rate (<0.1):1.000000, Success rate (<0.01):1.000000, Success rate (<0.001):1.000000
X=[0.8,1.0], PQ=[1.4,1.6]: count:10, ill:0, avg_iter:2.00, Ang_MAX:1.022816e-04, Vol_MAX:2.264977e-05, Ang_mean±std:4.182309e-05±3.170941e-05, Vol_mean±std:1.034737e-05±6.420901e-06, P_MAX:9.335e-05, Q_MAX:8.464e-05, P_mean±std:4.785174e-05±2.724059e-05, Q_mean±std:5.036385e-05±2.224623e-05, P_RMSE:2.465e-05, Q_RMSE:2.867e-05, Success rate (<0.1):1.000000, Success rate (<0.01):1.000000, Success rate (<0.001):1.000000
X=[0.8,1.0], PQ=[1.6,1.8]: count:10, ill:0, avg_iter:2.10, Ang_MAX:9.030104e-05, Vol_MAX:1.859665e-05, Ang_mean±std:4.647821e-05±2.447145e-05, Vol_mean±std:9.548664e-06±4.633378e-06, P_MAX:7.682e-05, Q_MAX:7.576e-05, P_mean±std:4.890405e-05±1.873795e-05, Q_mean±std:4.215389e-05±2.031855e-05, P_RMSE:2.625e-05, Q_RMSE:2.410e-05, Success rate (<0.1):1.000000, Success rate (<0.01):1.000000, Success rate (<0.001):1.000000
X=[0.8,1.0], PQ=[1.8,2.0]: count:10, ill:0, avg_iter:2.10, Ang_MAX:8.165836e-05, Vol_MAX:2.026558e-05, Ang_mean±std:3.220141e-05±2.511466e-05, Vol_mean±std:9.489059e-06±5.944517e-06, P_MAX:7.118e-05, Q_MAX:9.125e-05, P_mean±std:4.209427e-05±1.815411e-05, Q_mean±std:4.778260e-05±2.299821e-05, P_RMSE:2.170e-05, Q_RMSE:2.639e-05, Success rate (<0.1):1.000000, Success rate (<0.01):1.000000, Success rate (<0.001):1.000000
X=[1.0,1.2], PQ=[-2.0,-1.8]: count:10, ill:0, avg_iter:2.20, Ang_MAX:7.823110e-05, Vol_MAX:2.074242e-05, Ang_mean±std:3.111660e-05±1.865929e-05, Vol_mean±std:8.380413e-06±5.828603e-06, P_MAX:6.819e-05, Q_MAX:7.164e-05, P_mean±std:4.459544e-05±1.666668e-05, Q_mean±std:4.043281e-05±1.677274e-05, P_RMSE:2.218e-05, Q_RMSE:2.154e-05, Success rate (<0.1):1.000000, Success rate (<0.01):1.000000, Success rate (<0.001):1.000000
X=[1.0,1.2], PQ=[-1.8,-1.6]: count:10, ill:0, avg_iter:2.20, Ang_MAX:6.899238e-05, Vol_MAX:2.181530e-05, Ang_mean±std:3.166199e-05±1.942606e-05, Vol_mean±std:9.560585e-06±6.445200e-06, P_MAX:6.767e-05, Q_MAX:8.694e-05, P_mean±std:4.197396e-05±1.558425e-05, Q_mean±std:4.338904e-05±2.276921e-05, P_RMSE:2.128e-05, Q_RMSE:2.571e-05, Success rate (<0.1):1.000000, Success rate (<0.01):1.000000, Success rate (<0.001):1.000000
X=[1.0,1.2], PQ=[-1.6,-1.4]: count:10, ill:0, avg_iter:2.10, Ang_MAX:6.747246e-05, Vol_MAX:1.883507e-05, Ang_mean±std:4.514456e-05±1.469118e-05, Vol_mean±std:1.192093e-05±4.300796e-06, P_MAX:5.102e-05, Q_MAX:4.721e-05, P_mean±std:4.327598e-05±6.182183e-06, Q_mean±std:3.201889e-05±1.083055e-05, P_RMSE:2.452e-05, Q_RMSE:1.911e-05, Success rate (<0.1):1.000000, Success rate (<0.01):1.000000, Success rate (<0.001):1.000000
X=[1.0,1.2], PQ=[-1.4,-1.2]: count:10, ill:0, avg_iter:2.50, Ang_MAX:8.174777e-05, Vol_MAX:1.442432e-05, Ang_mean±std:3.293753e-05±2.115490e-05, Vol_mean±std:6.258488e-06±4.033169e-06, P_MAX:6.667e-05, Q_MAX:5.352e-05, P_mean±std:3.454237e-05±1.678051e-05, Q_mean±std:3.097223e-05±1.235734e-05, P_RMSE:1.880e-05, Q_RMSE:1.929e-05, Success rate (<0.1):1.000000, Success rate (<0.01):1.000000, Success rate (<0.001):1.000000
X=[1.0,1.2], PQ=[-1.2,-1.0]: count:10, ill:0, avg_iter:2.10, Ang_MAX:7.519126e-05, Vol_MAX:1.800060e-05, Ang_mean±std:3.448427e-05±1.819641e-05, Vol_mean±std:7.319450e-06±5.594003e-06, P_MAX:7.813e-05, Q_MAX:9.298e-05, P_mean±std:3.548206e-05±1.691618e-05, Q_mean±std:3.475994e-05±2.129063e-05, P_RMSE:1.994e-05, Q_RMSE:1.787e-05, Success rate (<0.1):1.000000, Success rate (<0.01):1.000000, Success rate (<0.001):1.000000
X=[1.0,1.2], PQ=[-1.0,-0.8]: count:10, ill:0, avg_iter:2.10, Ang_MAX:7.531047e-05, Vol_MAX:2.038479e-05, Ang_mean±std:4.326105e-05±1.879354e-05, Vol_mean±std:1.032352e-05±6.158911e-06, P_MAX:6.609e-05, Q_MAX:6.162e-05, P_mean±std:4.540769e-05±1.767928e-05, Q_mean±std:4.447920e-05±1.309794e-05, P_RMSE:2.465e-05, Q_RMSE:2.723e-05, Success rate (<0.1):1.000000, Success rate (<0.01):1.000000, Success rate (<0.001):1.000000
X=[1.0,1.2], PQ=[-0.8,-0.6]: count:10, ill:0, avg_iter:2.00, Ang_MAX:5.733967e-05, Vol_MAX:2.789497e-05, Ang_mean±std:2.421439e-05±1.675011e-05, Vol_mean±std:1.189709e-05±7.291244e-06, P_MAX:6.784e-05, Q_MAX:7.069e-05, P_mean±std:3.956184e-05±1.568913e-05, Q_mean±std:3.876912e-05±1.651377e-05, P_RMSE:1.914e-05, Q_RMSE:2.476e-05, Success rate (<0.1):1.000000, Success rate (<0.01):1.000000, Success rate (<0.001):1.000000
X=[1.0,1.2], PQ=[-0.6,-0.4]: count:10, ill:0, avg_iter:2.00, Ang_MAX:1.175702e-04, Vol_MAX:2.419949e-05, Ang_mean±std:5.414188e-05±2.791444e-05, Vol_mean±std:1.255274e-05±5.698665e-06, P_MAX:8.106e-05, Q_MAX:7.100e-05, P_mean±std:4.775785e-05±2.165662e-05, Q_mean±std:3.790671e-05±1.858777e-05, P_RMSE:2.775e-05, Q_RMSE:2.295e-05, Success rate (<0.1):1.000000, Success rate (<0.01):1.000000, Success rate (<0.001):1.000000
X=[1.0,1.2], PQ=[-0.4,-0.2]: count:10, ill:0, avg_iter:2.10, Ang_MAX:1.429617e-04, Vol_MAX:2.563000e-05, Ang_mean±std:4.447699e-05±3.634791e-05, Vol_mean±std:1.053810e-05±6.465101e-06, P_MAX:9.985e-05, Q_MAX:5.311e-05, P_mean±std:4.030243e-05±2.312737e-05, Q_mean±std:3.267154e-05±1.489698e-05, P_RMSE:2.337e-05, Q_RMSE:1.862e-05, Success rate (<0.1):1.000000, Success rate (<0.01):1.000000, Success rate (<0.001):1.000000
X=[1.0,1.2], PQ=[-0.2,0.0]: count:10, ill:0, avg_iter:2.00, Ang_MAX:5.033612e-05, Vol_MAX:1.764297e-05, Ang_mean±std:2.831668e-05±1.371527e-05, Vol_mean±std:9.369850e-06±6.352457e-06, P_MAX:5.908e-05, Q_MAX:6.359e-05, P_mean±std:3.399923e-05±1.499357e-05, Q_mean±std:3.507975e-05±1.816650e-05, P_RMSE:1.833e-05, Q_RMSE:2.243e-05, Success rate (<0.1):1.000000, Success rate (<0.01):1.000000, Success rate (<0.001):1.000000
X=[1.0,1.2], PQ=[0.0,0.2]: count:10, ill:0, avg_iter:2.00, Ang_MAX:1.260340e-04, Vol_MAX:2.408028e-05, Ang_mean±std:4.540235e-05±3.572072e-05, Vol_mean±std:1.367331e-05±6.372748e-06, P_MAX:9.060e-05, Q_MAX:6.429e-05, P_mean±std:4.704446e-05±2.217544e-05, Q_mean±std:3.857426e-05±1.438152e-05, P_RMSE:2.697e-05, Q_RMSE:2.722e-05, Success rate (<0.1):1.000000, Success rate (<0.01):1.000000, Success rate (<0.001):1.000000
X=[1.0,1.2], PQ=[0.2,0.4]: count:10, ill:0, avg_iter:2.10, Ang_MAX:1.007915e-04, Vol_MAX:2.634525e-05, Ang_mean±std:3.818125e-05±2.635100e-05, Vol_mean±std:1.047850e-05±7.488668e-06, P_MAX:8.571e-05, Q_MAX:5.794e-05, P_mean±std:3.905809e-05±2.071370e-05, Q_mean±std:3.249531e-05±1.575248e-05, P_RMSE:2.207e-05, Q_RMSE:2.113e-05, Success rate (<0.1):1.000000, Success rate (<0.01):1.000000, Success rate (<0.001):1.000000
X=[1.0,1.2], PQ=[0.4,0.6]: count:10, ill:0, avg_iter:2.00, Ang_MAX:8.478761e-05, Vol_MAX:1.883507e-05, Ang_mean±std:4.779249e-05±2.268655e-05, Vol_mean±std:1.202822e-05±6.116598e-06, P_MAX:8.889e-05, Q_MAX:7.979e-05, P_mean±std:4.393758e-05±1.885092e-05, Q_mean±std:3.566465e-05±1.876261e-05, P_RMSE:2.549e-05, Q_RMSE:2.180e-05, Success rate (<0.1):1.000000, Success rate (<0.01):1.000000, Success rate (<0.001):1.000000
X=[1.0,1.2], PQ=[0.6,0.8]: count:10, ill:0, avg_iter:2.10, Ang_MAX:1.080632e-04, Vol_MAX:2.479553e-05, Ang_mean±std:5.320311e-05±2.938173e-05, Vol_mean±std:1.158714e-05±6.635536e-06, P_MAX:9.215e-05, Q_MAX:7.552e-05, P_mean±std:4.991292e-05±2.357196e-05, Q_mean±std:4.108548e-05±1.862551e-05, P_RMSE:2.919e-05, Q_RMSE:2.704e-05, Success rate (<0.1):1.000000, Success rate (<0.01):1.000000, Success rate (<0.001):1.000000
X=[1.0,1.2], PQ=[0.8,1.0]: count:10, ill:0, avg_iter:2.20, Ang_MAX:4.771352e-05, Vol_MAX:2.241135e-05, Ang_mean±std:2.984703e-05±1.004072e-05, Vol_mean±std:9.608269e-06±6.256205e-06, P_MAX:5.841e-05, Q_MAX:5.964e-05, P_mean±std:3.327451e-05±1.079649e-05, Q_mean±std:3.061630e-05±1.578327e-05, P_RMSE:1.786e-05, Q_RMSE:1.875e-05, Success rate (<0.1):1.000000, Success rate (<0.01):1.000000, Success rate (<0.001):1.000000
X=[1.0,1.2], PQ=[1.0,1.2]: count:10, ill:0, avg_iter:2.00, Ang_MAX:5.838275e-05, Vol_MAX:2.145767e-05, Ang_mean±std:3.382117e-05±1.647576e-05, Vol_mean±std:1.273155e-05±4.597153e-06, P_MAX:6.078e-05, Q_MAX:6.827e-05, P_mean±std:4.474893e-05±1.197648e-05, Q_mean±std:4.247408e-05±1.472609e-05, P_RMSE:2.408e-05, Q_RMSE:2.675e-05, Success rate (<0.1):1.000000, Success rate (<0.01):1.000000, Success rate (<0.001):1.000000
X=[1.0,1.2], PQ=[1.2,1.4]: count:10, ill:0, avg_iter:2.00, Ang_MAX:1.187623e-04, Vol_MAX:1.919270e-05, Ang_mean±std:5.202591e-05±2.977798e-05, Vol_mean±std:1.319647e-05±4.049626e-06, P_MAX:9.267e-05, Q_MAX:7.956e-05, P_mean±std:5.506726e-05±2.079508e-05, Q_mean±std:5.119797e-05±1.927789e-05, P_RMSE:2.918e-05, Q_RMSE:3.192e-05, Success rate (<0.1):1.000000, Success rate (<0.01):1.000000, Success rate (<0.001):1.000000
X=[1.0,1.2], PQ=[1.4,1.6]: count:10, ill:0, avg_iter:2.10, Ang_MAX:7.513165e-05, Vol_MAX:2.765656e-05, Ang_mean±std:2.228022e-05±2.082659e-05, Vol_mean±std:1.437664e-05±8.150324e-06, P_MAX:9.359e-05, Q_MAX:8.888e-05, P_mean±std:4.922301e-05±2.412291e-05, Q_mean±std:4.588922e-05±1.928052e-05, P_RMSE:2.387e-05, Q_RMSE:3.063e-05, Success rate (<0.1):1.000000, Success rate (<0.01):1.000000, Success rate (<0.001):1.000000
X=[1.0,1.2], PQ=[1.6,1.8]: count:10, ill:0, avg_iter:2.00, Ang_MAX:1.101643e-04, Vol_MAX:2.574921e-05, Ang_mean±std:5.900562e-05±3.023742e-05, Vol_mean±std:1.215935e-05±6.082712e-06, P_MAX:8.108e-05, Q_MAX:6.665e-05, P_mean±std:6.469856e-05±1.196261e-05, Q_mean±std:4.726627e-05±1.188341e-05, P_RMSE:3.472e-05, Q_RMSE:3.059e-05, Success rate (<0.1):1.000000, Success rate (<0.01):1.000000, Success rate (<0.001):1.000000
X=[1.0,1.2], PQ=[1.8,2.0]: count:10, ill:0, avg_iter:2.10, Ang_MAX:1.051724e-04, Vol_MAX:2.264977e-05, Ang_mean±std:4.838556e-05±3.393842e-05, Vol_mean±std:1.266003e-05±6.038348e-06, P_MAX:7.718e-05, Q_MAX:7.488e-05, P_mean±std:4.476940e-05±1.778970e-05, Q_mean±std:4.899686e-05±1.476555e-05, P_RMSE:2.716e-05, Q_RMSE:2.817e-05, Success rate (<0.1):1.000000, Success rate (<0.01):1.000000, Success rate (<0.001):1.000000
X=[1.2,1.4], PQ=[-2.0,-1.8]: count:10, ill:0, avg_iter:2.40, Ang_MAX:1.038909e-04, Vol_MAX:3.027916e-05, Ang_mean±std:4.395694e-05±3.008243e-05, Vol_mean±std:1.474619e-05±1.008275e-05, P_MAX:9.036e-05, Q_MAX:8.636e-05, P_mean±std:5.988479e-05±2.537032e-05, Q_mean±std:5.411822e-05±2.166390e-05, P_RMSE:3.044e-05, Q_RMSE:3.185e-05, Success rate (<0.1):1.000000, Success rate (<0.01):1.000000, Success rate (<0.001):1.000000
X=[1.2,1.4], PQ=[-1.8,-1.6]: count:10, ill:0, avg_iter:2.30, Ang_MAX:1.110137e-04, Vol_MAX:2.241135e-05, Ang_mean±std:3.221631e-05±2.982228e-05, Vol_mean±std:7.855892e-06±6.372838e-06, P_MAX:8.178e-05, Q_MAX:7.135e-05, P_mean±std:4.197881e-05±2.460016e-05, Q_mean±std:3.973087e-05±1.975261e-05, P_RMSE:2.067e-05, Q_RMSE:2.253e-05, Success rate (<0.1):1.000000, Success rate (<0.01):1.000000, Success rate (<0.001):1.000000
X=[1.2,1.4], PQ=[-1.6,-1.4]: count:10, ill:0, avg_iter:2.10, Ang_MAX:8.614361e-05, Vol_MAX:2.813339e-05, Ang_mean±std:4.629493e-05±2.384042e-05, Vol_mean±std:1.262426e-05±7.498151e-06, P_MAX:8.203e-05, Q_MAX:7.227e-05, P_mean±std:5.184710e-05±1.508831e-05, Q_mean±std:4.591011e-05±1.667156e-05, P_RMSE:2.706e-05, Q_RMSE:2.742e-05, Success rate (<0.1):1.000000, Success rate (<0.01):1.000000, Success rate (<0.001):1.000000
X=[1.2,1.4], PQ=[-1.4,-1.2]: count:10, ill:0, avg_iter:2.30, Ang_MAX:1.507401e-04, Vol_MAX:1.835823e-05, Ang_mean±std:5.174279e-05±5.135662e-05, Vol_mean±std:9.822845e-06±5.519583e-06, P_MAX:9.972e-05, Q_MAX:9.191e-05, P_mean±std:4.701018e-05±2.787605e-05, Q_mean±std:3.678557e-05±2.095995e-05, P_RMSE:2.925e-05, Q_RMSE:1.992e-05, Success rate (<0.1):1.000000, Success rate (<0.01):1.000000, Success rate (<0.001):1.000000
X=[1.2,1.4], PQ=[-1.2,-1.0]: count:10, ill:0, avg_iter:2.20, Ang_MAX:1.177192e-04, Vol_MAX:1.740456e-05, Ang_mean±std:4.761666e-05±4.010640e-05, Vol_mean±std:8.010864e-06±6.312647e-06, P_MAX:8.142e-05, Q_MAX:4.885e-05, P_mean±std:3.870502e-05±2.528659e-05, Q_mean±std:2.573133e-05±8.505023e-06, P_RMSE:2.420e-05, Q_RMSE:1.436e-05, Success rate (<0.1):1.000000, Success rate (<0.01):1.000000, Success rate (<0.001):1.000000
X=[1.2,1.4], PQ=[-1.0,-0.8]: count:10, ill:0, avg_iter:2.20, Ang_MAX:1.181662e-04, Vol_MAX:2.229214e-05, Ang_mean±std:3.554076e-05±3.118694e-05, Vol_mean±std:1.085997e-05±8.142693e-06, P_MAX:8.212e-05, Q_MAX:5.724e-05, P_mean±std:4.256237e-05±2.402244e-05, Q_mean±std:3.603599e-05±1.531555e-05, P_RMSE:2.181e-05, Q_RMSE:2.322e-05, Success rate (<0.1):1.000000, Success rate (<0.01):1.000000, Success rate (<0.001):1.000000
X=[1.2,1.4], PQ=[-0.8,-0.6]: count:10, ill:0, avg_iter:2.10, Ang_MAX:1.221001e-04, Vol_MAX:2.610683e-05, Ang_mean±std:4.595369e-05±3.246374e-05, Vol_mean±std:1.491308e-05±7.224801e-06, P_MAX:9.143e-05, Q_MAX:9.067e-05, P_mean±std:5.342661e-05±2.382088e-05, Q_mean±std:5.073508e-05±2.074619e-05, P_RMSE:2.860e-05, Q_RMSE:3.291e-05, Success rate (<0.1):1.000000, Success rate (<0.01):1.000000, Success rate (<0.001):1.000000
X=[1.2,1.4], PQ=[-0.6,-0.4]: count:10, ill:0, avg_iter:2.30, Ang_MAX:4.720688e-05, Vol_MAX:2.217293e-05, Ang_mean±std:2.503842e-05±1.430948e-05, Vol_mean±std:1.014471e-05±7.185947e-06, P_MAX:5.418e-05, Q_MAX:6.057e-05, P_mean±std:3.190935e-05±1.675301e-05, Q_mean±std:3.199449e-05±1.504544e-05, P_RMSE:1.587e-05, Q_RMSE:2.012e-05, Success rate (<0.1):1.000000, Success rate (<0.01):1.000000, Success rate (<0.001):1.000000
X=[1.2,1.4], PQ=[-0.4,-0.2]: count:10, ill:0, avg_iter:2.00, Ang_MAX:7.671118e-05, Vol_MAX:1.764297e-05, Ang_mean±std:3.647506e-05±2.334511e-05, Vol_mean±std:1.165867e-05±4.412612e-06, P_MAX:6.065e-05, Q_MAX:7.164e-05, P_mean±std:4.299433e-05±1.155764e-05, Q_mean±std:3.729686e-05±1.789796e-05, P_RMSE:2.395e-05, Q_RMSE:2.050e-05, Success rate (<0.1):1.000000, Success rate (<0.01):1.000000, Success rate (<0.001):1.000000
X=[1.2,1.4], PQ=[-0.2,0.0]: count:10, ill:0, avg_iter:2.20, Ang_MAX:1.267195e-04, Vol_MAX:1.430511e-05, Ang_mean±std:5.478263e-05±3.683587e-05, Vol_mean±std:1.058578e-05±4.164075e-06, P_MAX:8.596e-05, Q_MAX:5.500e-05, P_mean±std:4.560687e-05±2.365409e-05, Q_mean±std:3.049595e-05±1.396037e-05, P_RMSE:2.752e-05, Q_RMSE:2.009e-05, Success rate (<0.1):1.000000, Success rate (<0.01):1.000000, Success rate (<0.001):1.000000
X=[1.2,1.4], PQ=[0.0,0.2]: count:10, ill:0, avg_iter:2.20, Ang_MAX:9.176135e-05, Vol_MAX:1.752377e-05, Ang_mean±std:4.902333e-05±2.347706e-05, Vol_mean±std:1.248121e-05±4.446698e-06, P_MAX:7.463e-05, Q_MAX:6.123e-05, P_mean±std:4.362618e-05±1.315301e-05, Q_mean±std:3.345143e-05±1.806978e-05, P_RMSE:2.686e-05, Q_RMSE:2.192e-05, Success rate (<0.1):1.000000, Success rate (<0.01):1.000000, Success rate (<0.001):1.000000
X=[1.2,1.4], PQ=[0.2,0.4]: count:10, ill:0, avg_iter:2.20, Ang_MAX:8.052588e-05, Vol_MAX:1.728535e-05, Ang_mean±std:2.427548e-05±2.594896e-05, Vol_mean±std:1.000166e-05±5.693276e-06, P_MAX:7.476e-05, Q_MAX:6.151e-05, P_mean±std:3.517349e-05±1.932959e-05, Q_mean±std:3.251657e-05±1.690751e-05, P_RMSE:1.829e-05, Q_RMSE:2.174e-05, Success rate (<0.1):1.000000, Success rate (<0.01):1.000000, Success rate (<0.001):1.000000
X=[1.2,1.4], PQ=[0.4,0.6]: count:10, ill:0, avg_iter:2.00, Ang_MAX:8.451939e-05, Vol_MAX:1.835823e-05, Ang_mean±std:5.113631e-05±2.195733e-05, Vol_mean±std:1.590252e-05±2.703292e-06, P_MAX:6.557e-05, Q_MAX:7.279e-05, P_mean±std:5.119320e-05±1.021658e-05, Q_mean±std:4.699042e-05±1.507344e-05, P_RMSE:2.968e-05, Q_RMSE:3.095e-05, Success rate (<0.1):1.000000, Success rate (<0.01):1.000000, Success rate (<0.001):1.000000
X=[1.2,1.4], PQ=[0.6,0.8]: count:10, ill:0, avg_iter:2.20, Ang_MAX:1.027584e-04, Vol_MAX:2.503395e-05, Ang_mean±std:4.136562e-05±2.798582e-05, Vol_mean±std:9.953976e-06±6.653171e-06, P_MAX:7.436e-05, Q_MAX:6.223e-05, P_mean±std:4.401059e-05±1.977413e-05, Q_mean±std:3.341995e-05±1.770057e-05, P_RMSE:2.428e-05, Q_RMSE:2.120e-05, Success rate (<0.1):1.000000, Success rate (<0.01):1.000000, Success rate (<0.001):1.000000
X=[1.2,1.4], PQ=[0.8,1.0]: count:10, ill:0, avg_iter:2.00, Ang_MAX:9.658933e-05, Vol_MAX:2.336502e-05, Ang_mean±std:3.915131e-05±2.692302e-05, Vol_mean±std:1.152754e-05±5.695672e-06, P_MAX:8.059e-05, Q_MAX:5.961e-05, P_mean±std:5.095606e-05±1.917055e-05, Q_mean±std:4.253909e-05±1.438175e-05, P_RMSE:2.498e-05, Q_RMSE:2.574e-05, Success rate (<0.1):1.000000, Success rate (<0.01):1.000000, Success rate (<0.001):1.000000
X=[1.2,1.4], PQ=[1.0,1.2]: count:10, ill:0, avg_iter:2.20, Ang_MAX:1.026094e-04, Vol_MAX:2.110004e-05, Ang_mean±std:4.286021e-05±2.760904e-05, Vol_mean±std:8.022785e-06±5.773484e-06, P_MAX:8.309e-05, Q_MAX:8.612e-05, P_mean±std:4.686178e-05±2.248380e-05, Q_mean±std:3.887916e-05±2.182420e-05, P_RMSE:2.651e-05, Q_RMSE:2.253e-05, Success rate (<0.1):1.000000, Success rate (<0.01):1.000000, Success rate (<0.001):1.000000
X=[1.2,1.4], PQ=[1.2,1.4]: count:10, ill:0, avg_iter:2.20, Ang_MAX:4.726648e-05, Vol_MAX:2.181530e-05, Ang_mean±std:2.422780e-05±1.306837e-05, Vol_mean±std:1.225471e-05±6.203879e-06, P_MAX:6.875e-05, Q_MAX:8.112e-05, P_mean±std:4.199127e-05±1.547027e-05, Q_mean±std:4.753547e-05±2.266275e-05, P_RMSE:2.159e-05, Q_RMSE:2.953e-05, Success rate (<0.1):1.000000, Success rate (<0.01):1.000000, Success rate (<0.001):1.000000
X=[1.2,1.4], PQ=[1.4,1.6]: count:10, ill:0, avg_iter:2.20, Ang_MAX:8.952618e-05, Vol_MAX:2.300739e-05, Ang_mean±std:4.142523e-05±3.079920e-05, Vol_mean±std:8.940697e-06±5.730236e-06, P_MAX:7.032e-05, Q_MAX:6.008e-05, P_mean±std:4.625621e-05±1.698099e-05, Q_mean±std:3.835354e-05±1.353543e-05, P_RMSE:2.582e-05, Q_RMSE:2.151e-05, Success rate (<0.1):1.000000, Success rate (<0.01):1.000000, Success rate (<0.001):1.000000
X=[1.2,1.4], PQ=[1.6,1.8]: count:10, ill:0, avg_iter:2.10, Ang_MAX:1.282543e-04, Vol_MAX:2.729893e-05, Ang_mean±std:4.941970e-05±3.818509e-05, Vol_mean±std:1.214743e-05±8.576684e-06, P_MAX:8.155e-05, Q_MAX:7.362e-05, P_mean±std:5.080416e-05±2.290656e-05, Q_mean±std:4.155692e-05±1.946199e-05, P_RMSE:2.845e-05, Q_RMSE:2.615e-05, Success rate (<0.1):1.000000, Success rate (<0.01):1.000000, Success rate (<0.001):1.000000
X=[1.2,1.4], PQ=[1.8,2.0]: count:10, ill:0, avg_iter:2.30, Ang_MAX:1.266897e-04, Vol_MAX:3.159046e-05, Ang_mean±std:4.683882e-05±3.915733e-05, Vol_mean±std:1.071692e-05±8.605961e-06, P_MAX:9.301e-05, Q_MAX:7.519e-05, P_mean±std:4.534853e-05±2.560806e-05, Q_mean±std:4.057423e-05±2.116550e-05, P_RMSE:2.477e-05, Q_RMSE:2.286e-05, Success rate (<0.1):1.000000, Success rate (<0.01):1.000000, Success rate (<0.001):1.000000
X=[1.4,1.6], PQ=[-2.0,-1.8]: count:10, ill:0, avg_iter:2.60, Ang_MAX:1.009107e-04, Vol_MAX:3.778934e-05, Ang_mean±std:3.586709e-05±2.910639e-05, Vol_mean±std:1.238585e-05±1.036305e-05, P_MAX:9.465e-05, Q_MAX:8.953e-05, P_mean±std:4.811849e-05±2.499674e-05, Q_mean±std:5.057829e-05±2.660337e-05, P_RMSE:2.502e-05, Q_RMSE:2.734e-05, Success rate (<0.1):1.000000, Success rate (<0.01):1.000000, Success rate (<0.001):1.000000
X=[1.4,1.6], PQ=[-1.8,-1.6]: count:10, ill:0, avg_iter:3.00, Ang_MAX:6.398559e-05, Vol_MAX:1.454353e-05, Ang_mean±std:1.916885e-05±1.809436e-05, Vol_mean±std:4.839897e-06±3.758478e-06, P_MAX:8.973e-05, Q_MAX:7.152e-05, P_mean±std:2.992749e-05±2.424714e-05, Q_mean±std:2.966858e-05±1.606292e-05, P_RMSE:1.493e-05, Q_RMSE:1.649e-05, Success rate (<0.1):1.000000, Success rate (<0.01):1.000000, Success rate (<0.001):1.000000
X=[1.4,1.6], PQ=[-1.6,-1.4]: count:10, ill:0, avg_iter:2.30, Ang_MAX:1.251101e-04, Vol_MAX:2.419949e-05, Ang_mean±std:5.029887e-05±3.511399e-05, Vol_mean±std:8.797646e-06±7.078422e-06, P_MAX:8.559e-05, Q_MAX:6.318e-05, P_mean±std:4.778224e-05±2.285064e-05, Q_mean±std:3.182127e-05±1.563499e-05, P_RMSE:2.732e-05, Q_RMSE:1.941e-05, Success rate (<0.1):1.000000, Success rate (<0.01):1.000000, Success rate (<0.001):1.000000
X=[1.4,1.6], PQ=[-1.4,-1.2]: count:10, ill:0, avg_iter:2.50, Ang_MAX:1.034141e-04, Vol_MAX:1.549721e-05, Ang_mean±std:4.067421e-05±3.155786e-05, Vol_mean±std:6.318092e-06±3.798271e-06, P_MAX:9.172e-05, Q_MAX:6.121e-05, P_mean±std:3.661865e-05±2.423443e-05, Q_mean±std:3.514083e-05±1.608845e-05, P_RMSE:2.124e-05, Q_RMSE:1.823e-05, Success rate (<0.1):1.000000, Success rate (<0.01):1.000000, Success rate (<0.001):1.000000
X=[1.4,1.6], PQ=[-1.2,-1.0]: count:10, ill:0, avg_iter:2.30, Ang_MAX:1.519918e-04, Vol_MAX:1.788139e-05, Ang_mean±std:4.642904e-05±4.016994e-05, Vol_mean±std:1.074076e-05±5.326521e-06, P_MAX:9.525e-05, Q_MAX:7.290e-05, P_mean±std:4.989807e-05±2.430735e-05, Q_mean±std:4.535336e-05±1.985789e-05, P_RMSE:2.779e-05, Q_RMSE:2.589e-05, Success rate (<0.1):1.000000, Success rate (<0.01):1.000000, Success rate (<0.001):1.000000
X=[1.4,1.6], PQ=[-1.0,-0.8]: count:10, ill:0, avg_iter:2.30, Ang_MAX:1.020730e-04, Vol_MAX:2.014637e-05, Ang_mean±std:3.417879e-05±3.020903e-05, Vol_mean±std:8.821487e-06±7.230218e-06, P_MAX:9.203e-05, Q_MAX:6.914e-05, P_mean±std:3.657788e-05±2.541466e-05, Q_mean±std:3.427882e-05±1.860191e-05, P_RMSE:2.053e-05, Q_RMSE:2.095e-05, Success rate (<0.1):1.000000, Success rate (<0.01):1.000000, Success rate (<0.001):1.000000
X=[1.4,1.6], PQ=[-0.8,-0.6]: count:10, ill:0, avg_iter:2.20, Ang_MAX:6.037951e-05, Vol_MAX:1.704693e-05, Ang_mean±std:2.049059e-05±1.775393e-05, Vol_mean±std:8.225441e-06±5.527507e-06, P_MAX:5.996e-05, Q_MAX:6.616e-05, P_mean±std:2.893360e-05±1.754140e-05, Q_mean±std:3.406424e-05±1.758886e-05, P_RMSE:1.550e-05, Q_RMSE:2.224e-05, Success rate (<0.1):1.000000, Success rate (<0.01):1.000000, Success rate (<0.001):1.000000
X=[1.4,1.6], PQ=[-0.6,-0.4]: count:10, ill:0, avg_iter:2.30, Ang_MAX:9.563565e-05, Vol_MAX:2.217293e-05, Ang_mean±std:5.286187e-05±2.293842e-05, Vol_mean±std:1.227856e-05±6.071019e-06, P_MAX:8.959e-05, Q_MAX:6.411e-05, P_mean±std:4.668977e-05±2.104613e-05, Q_mean±std:3.270460e-05±1.539904e-05, P_RMSE:2.780e-05, Q_RMSE:2.156e-05, Success rate (<0.1):1.000000, Success rate (<0.01):1.000000, Success rate (<0.001):1.000000
X=[1.4,1.6], PQ=[-0.4,-0.2]: count:10, ill:0, avg_iter:2.30, Ang_MAX:5.319715e-05, Vol_MAX:1.716614e-05, Ang_mean±std:2.786219e-05±1.350059e-05, Vol_mean±std:9.763241e-06±5.996701e-06, P_MAX:8.616e-05, Q_MAX:8.836e-05, P_mean±std:3.749430e-05±2.264137e-05, Q_mean±std:3.360417e-05±2.374641e-05, P_RMSE:1.859e-05, Q_RMSE:1.891e-05, Success rate (<0.1):1.000000, Success rate (<0.01):1.000000, Success rate (<0.001):1.000000
X=[1.4,1.6], PQ=[-0.2,0.0]: count:10, ill:0, avg_iter:2.30, Ang_MAX:1.368225e-04, Vol_MAX:2.002716e-05, Ang_mean±std:4.902035e-05±4.533499e-05, Vol_mean±std:9.667873e-06±7.135739e-06, P_MAX:9.233e-05, Q_MAX:5.960e-05, P_mean±std:4.213601e-05±2.749630e-05, Q_mean±std:2.988244e-05±1.592418e-05, P_RMSE:2.682e-05, Q_RMSE:1.811e-05, Success rate (<0.1):1.000000, Success rate (<0.01):1.000000, Success rate (<0.001):1.000000
X=[1.4,1.6], PQ=[0.0,0.2]: count:10, ill:0, avg_iter:2.30, Ang_MAX:1.076758e-04, Vol_MAX:2.014637e-05, Ang_mean±std:3.935099e-05±2.752912e-05, Vol_mean±std:1.026392e-05±6.478331e-06, P_MAX:8.227e-05, Q_MAX:5.758e-05, P_mean±std:3.942586e-05±2.158437e-05, Q_mean±std:3.190823e-05±1.747543e-05, P_RMSE:2.161e-05, Q_RMSE:1.802e-05, Success rate (<0.1):1.000000, Success rate (<0.01):1.000000, Success rate (<0.001):1.000000
X=[1.4,1.6], PQ=[0.2,0.4]: count:10, ill:0, avg_iter:2.20, Ang_MAX:1.364052e-04, Vol_MAX:2.634525e-05, Ang_mean±std:6.769300e-05±4.090748e-05, Vol_mean±std:1.227856e-05±6.194755e-06, P_MAX:9.411e-05, Q_MAX:6.479e-05, P_mean±std:5.635367e-05±2.313017e-05, Q_mean±std:3.846011e-05±1.730574e-05, P_RMSE:3.487e-05, Q_RMSE:2.126e-05, Success rate (<0.1):1.000000, Success rate (<0.01):1.000000, Success rate (<0.001):1.000000
X=[1.4,1.6], PQ=[0.4,0.6]: count:10, ill:0, avg_iter:2.20, Ang_MAX:6.139278e-05, Vol_MAX:2.288818e-05, Ang_mean±std:3.657788e-05±1.725972e-05, Vol_mean±std:1.109838e-05±6.255126e-06, P_MAX:7.755e-05, Q_MAX:7.341e-05, P_mean±std:4.480353e-05±1.966776e-05, Q_mean±std:4.197545e-05±2.208352e-05, P_RMSE:2.393e-05, Q_RMSE:2.705e-05, Success rate (<0.1):1.000000, Success rate (<0.01):1.000000, Success rate (<0.001):1.000000
X=[1.4,1.6], PQ=[0.6,0.8]: count:10, ill:0, avg_iter:2.10, Ang_MAX:1.092851e-04, Vol_MAX:2.551079e-05, Ang_mean±std:4.508644e-05±3.350198e-05, Vol_mean±std:1.287460e-05±7.033550e-06, P_MAX:9.501e-05, Q_MAX:7.915e-05, P_mean±std:5.351620e-05±2.453401e-05, Q_mean±std:4.185063e-05±2.172386e-05, P_RMSE:2.851e-05, Q_RMSE:2.671e-05, Success rate (<0.1):1.000000, Success rate (<0.01):1.000000, Success rate (<0.001):1.000000
X=[1.4,1.6], PQ=[0.8,1.0]: count:10, ill:0, avg_iter:2.30, Ang_MAX:8.153915e-05, Vol_MAX:2.527237e-05, Ang_mean±std:3.644973e-05±2.677374e-05, Vol_mean±std:9.989738e-06±6.942199e-06, P_MAX:6.816e-05, Q_MAX:6.254e-05, P_mean±std:4.023536e-05±1.935538e-05, Q_mean±std:3.443537e-05±1.648162e-05, P_RMSE:2.266e-05, Q_RMSE:2.165e-05, Success rate (<0.1):1.000000, Success rate (<0.01):1.000000, Success rate (<0.001):1.000000
X=[1.4,1.6], PQ=[1.0,1.2]: count:10, ill:0, avg_iter:2.60, Ang_MAX:6.791949e-05, Vol_MAX:2.133846e-05, Ang_mean±std:3.066510e-05±1.852924e-05, Vol_mean±std:8.046627e-06±6.436695e-06, P_MAX:8.084e-05, Q_MAX:8.970e-05, P_mean±std:3.793685e-05±2.335272e-05, Q_mean±std:3.187160e-05±2.161383e-05, P_RMSE:2.022e-05, Q_RMSE:1.944e-05, Success rate (<0.1):1.000000, Success rate (<0.01):1.000000, Success rate (<0.001):1.000000
X=[1.4,1.6], PQ=[1.2,1.4]: count:10, ill:0, avg_iter:2.40, Ang_MAX:1.150370e-04, Vol_MAX:2.384186e-05, Ang_mean±std:5.273819e-05±3.564803e-05, Vol_mean±std:1.176596e-05±6.989376e-06, P_MAX:9.772e-05, Q_MAX:6.998e-05, P_mean±std:4.772102e-05±2.782626e-05, Q_mean±std:3.758967e-05±1.990785e-05, P_RMSE:2.754e-05, Q_RMSE:1.919e-05, Success rate (<0.1):1.000000, Success rate (<0.01):1.000000, Success rate (<0.001):1.000000
X=[1.4,1.6], PQ=[1.4,1.6]: count:10, ill:0, avg_iter:2.50, Ang_MAX:5.537271e-05, Vol_MAX:2.849102e-05, Ang_mean±std:2.260804e-05±1.531152e-05, Vol_mean±std:8.571148e-06±9.269463e-06, P_MAX:5.820e-05, Q_MAX:7.207e-05, P_mean±std:3.353208e-05±1.649362e-05, Q_mean±std:3.666840e-05±1.985516e-05, P_RMSE:1.740e-05, Q_RMSE:2.220e-05, Success rate (<0.1):1.000000, Success rate (<0.01):1.000000, Success rate (<0.001):1.000000
X=[1.4,1.6], PQ=[1.6,1.8]: count:10, ill:0, avg_iter:2.30, Ang_MAX:1.426339e-04, Vol_MAX:2.443790e-05, Ang_mean±std:5.114228e-05±3.735619e-05, Vol_mean±std:9.310246e-06±7.202737e-06, P_MAX:8.698e-05, Q_MAX:7.767e-05, P_mean±std:4.732779e-05±1.929443e-05, Q_mean±std:4.078802e-05±1.996138e-05, P_RMSE:2.870e-05, Q_RMSE:2.415e-05, Success rate (<0.1):1.000000, Success rate (<0.01):1.000000, Success rate (<0.001):1.000000
X=[1.4,1.6], PQ=[1.8,2.0]: count:10, ill:0, avg_iter:2.50, Ang_MAX:1.102686e-04, Vol_MAX:1.478195e-05, Ang_mean±std:3.988296e-05±3.472525e-05, Vol_mean±std:6.401539e-06±3.708559e-06, P_MAX:9.054e-05, Q_MAX:7.117e-05, P_mean±std:4.012957e-05±2.195051e-05, Q_mean±std:3.843822e-05±1.846135e-05, P_RMSE:2.381e-05, Q_RMSE:1.967e-05, Success rate (<0.1):1.000000, Success rate (<0.01):1.000000, Success rate (<0.001):1.000000
X=[1.6,1.8], PQ=[-2.0,-1.8]: count:10, ill:0, avg_iter:2.80, Ang_MAX:1.256168e-04, Vol_MAX:1.037121e-05, Ang_mean±std:4.680157e-05±3.102490e-05, Vol_mean±std:5.221367e-06±2.866382e-06, P_MAX:9.945e-05, Q_MAX:5.084e-05, P_mean±std:4.115701e-05±2.403215e-05, Q_mean±std:3.034472e-05±9.004856e-06, P_RMSE:2.336e-05, Q_RMSE:1.580e-05, Success rate (<0.1):1.000000, Success rate (<0.01):1.000000, Success rate (<0.001):1.000000
X=[1.6,1.8], PQ=[-1.8,-1.6]: count:10, ill:0, avg_iter:2.50, Ang_MAX:1.569688e-04, Vol_MAX:1.657009e-05, Ang_mean±std:5.169511e-05±4.514474e-05, Vol_mean±std:6.878376e-06±4.311044e-06, P_MAX:9.871e-05, Q_MAX:4.685e-05, P_mean±std:4.405938e-05±2.786044e-05, Q_mean±std:2.958679e-05±9.869812e-06, P_RMSE:2.554e-05, Q_RMSE:1.514e-05, Success rate (<0.1):1.000000, Success rate (<0.01):1.000000, Success rate (<0.001):1.000000
X=[1.6,1.8], PQ=[-1.6,-1.4]: count:10, ill:0, avg_iter:2.90, Ang_MAX:6.091595e-05, Vol_MAX:1.192093e-05, Ang_mean±std:3.260970e-05±1.547977e-05, Vol_mean±std:6.783009e-06±3.556135e-06, P_MAX:4.788e-05, Q_MAX:5.448e-05, P_mean±std:3.129609e-05±1.153722e-05, Q_mean±std:2.645706e-05±1.036147e-05, P_RMSE:1.744e-05, Q_RMSE:1.424e-05, Success rate (<0.1):1.000000, Success rate (<0.01):1.000000, Success rate (<0.001):1.000000
X=[1.6,1.8], PQ=[-1.4,-1.2]: count:10, ill:0, avg_iter:2.50, Ang_MAX:1.093447e-04, Vol_MAX:1.871586e-05, Ang_mean±std:4.939735e-05±3.369076e-05, Vol_mean±std:8.845329e-06±5.665590e-06, P_MAX:8.193e-05, Q_MAX:7.118e-05, P_mean±std:4.597878e-05±2.459074e-05, Q_mean±std:4.015679e-05±2.108013e-05, P_RMSE:2.640e-05, Q_RMSE:2.239e-05, Success rate (<0.1):1.000000, Success rate (<0.01):1.000000, Success rate (<0.001):1.000000
X=[1.6,1.8], PQ=[-1.2,-1.0]: count:10, ill:0, avg_iter:2.80, Ang_MAX:4.738569e-05, Vol_MAX:1.192093e-05, Ang_mean±std:2.574921e-05±1.354509e-05, Vol_mean±std:4.434586e-06±2.964359e-06, P_MAX:4.613e-05, Q_MAX:7.123e-05, P_mean±std:2.124757e-05±9.943661e-06, Q_mean±std:2.780356e-05±1.506439e-05, P_RMSE:1.354e-05, Q_RMSE:1.353e-05, Success rate (<0.1):1.000000, Success rate (<0.01):1.000000, Success rate (<0.001):1.000000
X=[1.6,1.8], PQ=[-1.0,-0.8]: count:10, ill:0, avg_iter:2.60, Ang_MAX:8.589029e-05, Vol_MAX:1.907349e-05, Ang_mean±std:4.556179e-05±2.555057e-05, Vol_mean±std:8.738041e-06±5.767820e-06, P_MAX:7.349e-05, Q_MAX:7.034e-05, P_mean±std:3.962256e-05±1.902323e-05, Q_mean±std:3.175831e-05±2.054508e-05, P_RMSE:2.393e-05, Q_RMSE:1.770e-05, Success rate (<0.1):1.000000, Success rate (<0.01):1.000000, Success rate (<0.001):1.000000
X=[1.6,1.8], PQ=[-0.8,-0.6]: count:10, ill:0, avg_iter:2.50, Ang_MAX:1.032352e-04, Vol_MAX:2.622604e-05, Ang_mean±std:3.969967e-05±3.406257e-05, Vol_mean±std:8.463860e-06±8.922399e-06, P_MAX:9.483e-05, Q_MAX:6.521e-05, P_mean±std:3.804862e-05±3.072923e-05, Q_mean±std:2.982935e-05±1.881217e-05, P_RMSE:2.161e-05, Q_RMSE:1.695e-05, Success rate (<0.1):1.000000, Success rate (<0.01):1.000000, Success rate (<0.001):1.000000
X=[1.6,1.8], PQ=[-0.6,-0.4]: count:10, ill:0, avg_iter:2.60, Ang_MAX:1.214445e-04, Vol_MAX:1.764297e-05, Ang_mean±std:2.961904e-05±3.307201e-05, Vol_mean±std:6.878376e-06±5.912601e-06, P_MAX:9.871e-05, Q_MAX:5.057e-05, P_mean±std:3.135874e-05±2.498170e-05, Q_mean±std:2.400763e-05±1.396715e-05, P_RMSE:1.757e-05, Q_RMSE:1.432e-05, Success rate (<0.1):1.000000, Success rate (<0.01):1.000000, Success rate (<0.001):1.000000
X=[1.6,1.8], PQ=[-0.4,-0.2]: count:10, ill:0, avg_iter:2.60, Ang_MAX:8.004904e-05, Vol_MAX:1.728535e-05, Ang_mean±std:3.437102e-05±2.142108e-05, Vol_mean±std:7.200241e-06±5.745640e-06, P_MAX:6.294e-05, Q_MAX:5.113e-05, P_mean±std:2.962574e-05±1.808586e-05, Q_mean±std:2.275503e-05±1.385000e-05, P_RMSE:1.775e-05, Q_RMSE:1.307e-05, Success rate (<0.1):1.000000, Success rate (<0.01):1.000000, Success rate (<0.001):1.000000
X=[1.6,1.8], PQ=[-0.2,0.0]: count:10, ill:0, avg_iter:2.50, Ang_MAX:1.384020e-04, Vol_MAX:2.360344e-05, Ang_mean±std:7.198751e-05±3.806229e-05, Vol_mean±std:1.240969e-05±6.532071e-06, P_MAX:9.340e-05, Q_MAX:9.185e-05, P_mean±std:5.489216e-05±2.990901e-05, Q_mean±std:3.906379e-05±2.755165e-05, P_RMSE:3.529e-05, Q_RMSE:2.360e-05, Success rate (<0.1):1.000000, Success rate (<0.01):1.000000, Success rate (<0.001):1.000000
X=[1.6,1.8], PQ=[0.0,0.2]: count:10, ill:0, avg_iter:2.50, Ang_MAX:8.636713e-05, Vol_MAX:1.847744e-05, Ang_mean±std:3.850162e-05±2.507031e-05, Vol_mean±std:8.404255e-06±5.948830e-06, P_MAX:8.808e-05, Q_MAX:9.010e-05, P_mean±std:3.807470e-05±2.543551e-05, Q_mean±std:3.137419e-05±2.604837e-05, P_RMSE:2.166e-05, Q_RMSE:1.934e-05, Success rate (<0.1):1.000000, Success rate (<0.01):1.000000, Success rate (<0.001):1.000000
X=[1.6,1.8], PQ=[0.2,0.4]: count:10, ill:0, avg_iter:2.50, Ang_MAX:6.690621e-05, Vol_MAX:1.406670e-05, Ang_mean±std:4.327893e-05±1.543356e-05, Vol_mean±std:9.167194e-06±3.628528e-06, P_MAX:4.964e-05, Q_MAX:4.393e-05, P_mean±std:3.617778e-05±9.805942e-06, Q_mean±std:2.294928e-05±1.119270e-05, P_RMSE:2.252e-05, Q_RMSE:1.362e-05, Success rate (<0.1):1.000000, Success rate (<0.01):1.000000, Success rate (<0.001):1.000000
X=[1.6,1.8], PQ=[0.4,0.6]: count:10, ill:0, avg_iter:2.30, Ang_MAX:1.220405e-04, Vol_MAX:1.692772e-05, Ang_mean±std:4.626364e-05±3.653926e-05, Vol_mean±std:1.065731e-05±4.332466e-06, P_MAX:8.243e-05, Q_MAX:9.321e-05, P_mean±std:4.428676e-05±1.925279e-05, Q_mean±std:4.213287e-05±2.376040e-05, P_RMSE:2.702e-05, Q_RMSE:2.464e-05, Success rate (<0.1):1.000000, Success rate (<0.01):1.000000, Success rate (<0.001):1.000000
X=[1.6,1.8], PQ=[0.6,0.8]: count:10, ill:0, avg_iter:2.40, Ang_MAX:1.184046e-04, Vol_MAX:2.682209e-05, Ang_mean±std:5.910248e-05±3.412252e-05, Vol_mean±std:1.142025e-05±7.339034e-06, P_MAX:9.799e-05, Q_MAX:6.779e-05, P_mean±std:4.842858e-05±2.263832e-05, Q_mean±std:3.000072e-05±1.656016e-05, P_RMSE:3.013e-05, Q_RMSE:1.753e-05, Success rate (<0.1):1.000000, Success rate (<0.01):1.000000, Success rate (<0.001):1.000000
X=[1.6,1.8], PQ=[0.8,1.0]: count:10, ill:0, avg_iter:2.50, Ang_MAX:1.357496e-04, Vol_MAX:1.835823e-05, Ang_mean±std:4.476607e-05±4.372590e-05, Vol_mean±std:7.867813e-06±5.987108e-06, P_MAX:9.716e-05, Q_MAX:9.979e-05, P_mean±std:4.293770e-05±3.181211e-05, Q_mean±std:3.919841e-05±2.844493e-05, P_RMSE:2.505e-05, Q_RMSE:2.346e-05, Success rate (<0.1):1.000000, Success rate (<0.01):1.000000, Success rate (<0.001):1.000000
X=[1.6,1.8], PQ=[1.0,1.2]: count:10, ill:0, avg_iter:2.60, Ang_MAX:9.557605e-05, Vol_MAX:2.312660e-05, Ang_mean±std:3.341734e-05±2.556945e-05, Vol_mean±std:8.094311e-06±6.442697e-06, P_MAX:9.012e-05, Q_MAX:7.559e-05, P_mean±std:3.916946e-05±2.579885e-05, Q_mean±std:3.556123e-05±2.101614e-05, P_RMSE:2.123e-05, Q_RMSE:1.979e-05, Success rate (<0.1):1.000000, Success rate (<0.01):1.000000, Success rate (<0.001):1.000000
X=[1.6,1.8], PQ=[1.2,1.4]: count:10, ill:0, avg_iter:2.40, Ang_MAX:1.195669e-04, Vol_MAX:2.527237e-05, Ang_mean±std:5.487353e-05±3.195246e-05, Vol_mean±std:1.032352e-05±6.496020e-06, P_MAX:8.726e-05, Q_MAX:5.209e-05, P_mean±std:4.836619e-05±2.274533e-05, Q_mean±std:3.211731e-05±9.360632e-06, P_RMSE:2.857e-05, Q_RMSE:1.848e-05, Success rate (<0.1):1.000000, Success rate (<0.01):1.000000, Success rate (<0.001):1.000000
X=[1.6,1.8], PQ=[1.4,1.6]: count:10, ill:0, avg_iter:2.60, Ang_MAX:7.575750e-05, Vol_MAX:1.215935e-05, Ang_mean±std:3.043264e-05±1.905138e-05, Vol_mean±std:5.781651e-06±3.011185e-06, P_MAX:9.292e-05, Q_MAX:6.247e-05, P_mean±std:3.132793e-05±2.176124e-05, Q_mean±std:2.673296e-05±1.323436e-05, P_RMSE:1.625e-05, Q_RMSE:1.396e-05, Success rate (<0.1):1.000000, Success rate (<0.01):1.000000, Success rate (<0.001):1.000000
X=[1.6,1.8], PQ=[1.6,1.8]: count:10, ill:0, avg_iter:2.50, Ang_MAX:1.387596e-04, Vol_MAX:1.811981e-05, Ang_mean±std:4.772097e-05±3.552940e-05, Vol_mean±std:8.809566e-06±4.606001e-06, P_MAX:9.668e-05, Q_MAX:6.628e-05, P_mean±std:4.172625e-05±2.323081e-05, Q_mean±std:3.487694e-05±1.622340e-05, P_RMSE:2.607e-05, Q_RMSE:1.950e-05, Success rate (<0.1):1.000000, Success rate (<0.01):1.000000, Success rate (<0.001):1.000000
X=[1.6,1.8], PQ=[1.8,2.0]: count:10, ill:0, avg_iter:2.60, Ang_MAX:1.281500e-04, Vol_MAX:1.573563e-05, Ang_mean±std:4.602671e-05±3.384935e-05, Vol_mean±std:9.536743e-06±3.941485e-06, P_MAX:9.596e-05, Q_MAX:7.055e-05, P_mean±std:4.900253e-05±2.502481e-05, Q_mean±std:4.306363e-05±1.741863e-05, P_RMSE:2.651e-05, Q_RMSE:2.444e-05, Success rate (<0.1):1.000000, Success rate (<0.01):1.000000, Success rate (<0.001):1.000000
X=[1.8,2.0], PQ=[-2.0,-1.8]: count:10, ill:0, avg_iter:2.90, Ang_MAX:7.453561e-05, Vol_MAX:1.358986e-05, Ang_mean±std:3.212243e-05±2.032595e-05, Vol_mean±std:5.567074e-06±3.707409e-06, P_MAX:4.864e-05, Q_MAX:5.639e-05, P_mean±std:3.334060e-05±1.032538e-05, Q_mean±std:3.345232e-05±1.486835e-05, P_RMSE:1.777e-05, Q_RMSE:1.682e-05, Success rate (<0.1):1.000000, Success rate (<0.01):1.000000, Success rate (<0.001):1.000000
X=[1.8,2.0], PQ=[-1.8,-1.6]: count:10, ill:0, avg_iter:2.90, Ang_MAX:6.768107e-05, Vol_MAX:1.871586e-05, Ang_mean±std:3.279150e-05±1.679592e-05, Vol_mean±std:5.948544e-06±4.509343e-06, P_MAX:6.093e-05, Q_MAX:7.179e-05, P_mean±std:3.056426e-05±1.345151e-05, Q_mean±std:2.712326e-05±1.618005e-05, P_RMSE:1.783e-05, Q_RMSE:1.435e-05, Success rate (<0.1):1.000000, Success rate (<0.01):1.000000, Success rate (<0.001):1.000000
X=[1.8,2.0], PQ=[-1.6,-1.4]: count:10, ill:0, avg_iter:2.80, Ang_MAX:1.281202e-04, Vol_MAX:9.536743e-06, Ang_mean±std:4.819930e-05±3.986490e-05, Vol_mean±std:5.376339e-06±3.172154e-06, P_MAX:9.584e-05, Q_MAX:4.236e-05, P_mean±std:3.661588e-05±2.723827e-05, Q_mean±std:2.896930e-05±8.794732e-06, P_RMSE:2.340e-05, Q_RMSE:1.418e-05, Success rate (<0.1):1.000000, Success rate (<0.01):1.000000, Success rate (<0.001):1.000000
X=[1.8,2.0], PQ=[-1.4,-1.2]: count:10, ill:0, avg_iter:2.90, Ang_MAX:1.421273e-04, Vol_MAX:1.788139e-05, Ang_mean±std:4.447997e-05±3.572387e-05, Vol_mean±std:6.365776e-06±4.960654e-06, P_MAX:8.762e-05, Q_MAX:3.692e-05, P_mean±std:3.242195e-05±2.031492e-05, Q_mean±std:2.332067e-05±7.861805e-06, P_RMSE:2.145e-05, Q_RMSE:1.187e-05, Success rate (<0.1):1.000000, Success rate (<0.01):1.000000, Success rate (<0.001):1.000000
X=[1.8,2.0], PQ=[-1.2,-1.0]: count:10, ill:0, avg_iter:2.70, Ang_MAX:1.081228e-04, Vol_MAX:1.668930e-05, Ang_mean±std:5.039275e-05±2.307186e-05, Vol_mean±std:8.511543e-06±4.097818e-06, P_MAX:6.364e-05, Q_MAX:8.190e-05, P_mean±std:3.965944e-05±1.366054e-05, Q_mean±std:2.478252e-05±2.080194e-05, P_RMSE:2.585e-05, Q_RMSE:1.379e-05, Success rate (<0.1):1.000000, Success rate (<0.01):1.000000, Success rate (<0.001):1.000000
X=[1.8,2.0], PQ=[-1.0,-0.8]: count:10, ill:0, avg_iter:2.80, Ang_MAX:5.814433e-05, Vol_MAX:1.299381e-05, Ang_mean±std:3.870726e-05±1.452135e-05, Vol_mean±std:6.079674e-06±2.947147e-06, P_MAX:5.084e-05, Q_MAX:2.778e-05, P_mean±std:2.757087e-05±1.111143e-05, Q_mean±std:1.936585e-05±5.623998e-06, P_RMSE:1.840e-05, Q_RMSE:1.028e-05, Success rate (<0.1):1.000000, Success rate (<0.01):1.000000, Success rate (<0.001):1.000000
X=[1.8,2.0], PQ=[-0.8,-0.6]: count:10, ill:0, avg_iter:2.60, Ang_MAX:1.128018e-04, Vol_MAX:1.764297e-05, Ang_mean±std:3.847182e-05±3.196785e-05, Vol_mean±std:6.508827e-06±6.199158e-06, P_MAX:8.851e-05, Q_MAX:9.214e-05, P_mean±std:3.487025e-05±2.594889e-05, Q_mean±std:2.933913e-05±2.521321e-05, P_RMSE:2.018e-05, Q_RMSE:1.685e-05, Success rate (<0.1):1.000000, Success rate (<0.01):1.000000, Success rate (<0.001):1.000000
X=[1.8,2.0], PQ=[-0.6,-0.4]: count:10, ill:0, avg_iter:2.50, Ang_MAX:1.013577e-04, Vol_MAX:2.169609e-05, Ang_mean±std:3.710091e-05±2.377152e-05, Vol_mean±std:9.715557e-06±7.421532e-06, P_MAX:8.404e-05, Q_MAX:6.534e-05, P_mean±std:3.962964e-05±2.520686e-05, Q_mean±std:3.164248e-05±2.090115e-05, P_RMSE:2.195e-05, Q_RMSE:1.864e-05, Success rate (<0.1):1.000000, Success rate (<0.01):1.000000, Success rate (<0.001):1.000000
X=[1.8,2.0], PQ=[-0.4,-0.2]: count:10, ill:0, avg_iter:2.50, Ang_MAX:8.705258e-05, Vol_MAX:1.847744e-05, Ang_mean±std:3.555417e-05±2.088337e-05, Vol_mean±std:8.380413e-06±6.067050e-06, P_MAX:7.775e-05, Q_MAX:7.812e-05, P_mean±std:3.924817e-05±2.091114e-05, Q_mean±std:3.292691e-05±2.166514e-05, P_RMSE:2.150e-05, Q_RMSE:2.049e-05, Success rate (<0.1):1.000000, Success rate (<0.01):1.000000, Success rate (<0.001):1.000000
X=[1.8,2.0], PQ=[-0.2,0.0]: count:10, ill:0, avg_iter:2.80, Ang_MAX:8.064508e-05, Vol_MAX:1.323223e-05, Ang_mean±std:3.810823e-05±1.778522e-05, Vol_mean±std:6.091595e-06±3.376991e-06, P_MAX:7.895e-05, Q_MAX:6.868e-05, P_mean±std:3.422126e-05±2.290213e-05, Q_mean±std:2.465695e-05±2.245600e-05, P_RMSE:2.016e-05, Q_RMSE:1.449e-05, Success rate (<0.1):1.000000, Success rate (<0.01):1.000000, Success rate (<0.001):1.000000
X=[1.8,2.0], PQ=[0.0,0.2]: count:10, ill:0, avg_iter:2.40, Ang_MAX:1.255572e-04, Vol_MAX:1.907349e-05, Ang_mean±std:6.007254e-05±3.960413e-05, Vol_mean±std:9.715557e-06±5.220292e-06, P_MAX:9.586e-05, Q_MAX:8.804e-05, P_mean±std:5.013868e-05±2.595665e-05, Q_mean±std:3.104715e-05±2.203154e-05, P_RMSE:3.082e-05, Q_RMSE:1.778e-05, Success rate (<0.1):1.000000, Success rate (<0.01):1.000000, Success rate (<0.001):1.000000
X=[1.8,2.0], PQ=[0.2,0.4]: count:10, ill:0, avg_iter:2.70, Ang_MAX:1.358390e-04, Vol_MAX:2.527237e-05, Ang_mean±std:4.065484e-05±3.933681e-05, Vol_mean±std:8.261204e-06±7.875044e-06, P_MAX:9.634e-05, Q_MAX:6.438e-05, P_mean±std:3.821477e-05±3.308577e-05, Q_mean±std:2.616742e-05±1.880472e-05, P_RMSE:2.182e-05, Q_RMSE:1.617e-05, Success rate (<0.1):1.000000, Success rate (<0.01):1.000000, Success rate (<0.001):1.000000
X=[1.8,2.0], PQ=[0.4,0.6]: count:10, ill:0, avg_iter:2.60, Ang_MAX:9.208918e-05, Vol_MAX:1.633167e-05, Ang_mean±std:3.253818e-05±2.666820e-05, Vol_mean±std:6.628036e-06±4.815878e-06, P_MAX:9.596e-05, Q_MAX:9.775e-05, P_mean±std:3.490970e-05±2.710781e-05, Q_mean±std:3.251496e-05±2.701548e-05, P_RMSE:2.011e-05, Q_RMSE:1.842e-05, Success rate (<0.1):1.000000, Success rate (<0.01):1.000000, Success rate (<0.001):1.000000
X=[1.8,2.0], PQ=[0.6,0.8]: count:10, ill:0, avg_iter:2.50, Ang_MAX:1.176596e-04, Vol_MAX:2.300739e-05, Ang_mean±std:5.245656e-05±4.031617e-05, Vol_mean±std:9.977818e-06±6.940203e-06, P_MAX:8.703e-05, Q_MAX:9.389e-05, P_mean±std:4.700125e-05±2.622796e-05, Q_mean±std:3.356384e-05±2.656502e-05, P_RMSE:2.908e-05, Q_RMSE:1.987e-05, Success rate (<0.1):1.000000, Success rate (<0.01):1.000000, Success rate (<0.001):1.000000
X=[1.8,2.0], PQ=[0.8,1.0]: count:10, ill:0, avg_iter:2.70, Ang_MAX:7.915497e-05, Vol_MAX:2.026558e-05, Ang_mean±std:3.517568e-05±1.969810e-05, Vol_mean±std:9.286404e-06±7.100602e-06, P_MAX:8.142e-05, Q_MAX:6.086e-05, P_mean±std:3.558621e-05±2.353281e-05, Q_mean±std:2.843812e-05±1.774750e-05, P_RMSE:1.935e-05, Q_RMSE:1.675e-05, Success rate (<0.1):1.000000, Success rate (<0.01):1.000000, Success rate (<0.001):1.000000
X=[1.8,2.0], PQ=[1.0,1.2]: count:10, ill:0, avg_iter:2.20, Ang_MAX:1.367480e-04, Vol_MAX:1.573563e-05, Ang_mean±std:5.498677e-05±3.810553e-05, Vol_mean±std:8.189678e-06±4.866324e-06, P_MAX:9.765e-05, Q_MAX:7.321e-05, P_mean±std:4.973336e-05±2.676054e-05, Q_mean±std:3.531873e-05±1.903670e-05, P_RMSE:2.849e-05, Q_RMSE:2.039e-05, Success rate (<0.1):1.000000, Success rate (<0.01):1.000000, Success rate (<0.001):1.000000
X=[1.8,2.0], PQ=[1.2,1.4]: count:10, ill:0, avg_iter:2.70, Ang_MAX:9.697676e-05, Vol_MAX:2.634525e-05, Ang_mean±std:3.800690e-05±2.304648e-05, Vol_mean±std:8.690357e-06±6.713177e-06, P_MAX:9.570e-05, Q_MAX:9.166e-05, P_mean±std:4.076810e-05±2.555863e-05, Q_mean±std:3.436394e-05±2.394845e-05, P_RMSE:2.222e-05, Q_RMSE:1.928e-05, Success rate (<0.1):1.000000, Success rate (<0.01):1.000000, Success rate (<0.001):1.000000
X=[1.8,2.0], PQ=[1.4,1.6]: count:10, ill:0, avg_iter:2.80, Ang_MAX:7.727742e-05, Vol_MAX:1.978874e-05, Ang_mean±std:4.661679e-05±2.206288e-05, Vol_mean±std:8.034706e-06±4.875412e-06, P_MAX:8.068e-05, Q_MAX:8.857e-05, P_mean±std:4.006848e-05±1.818904e-05, Q_mean±std:3.116596e-05±2.330944e-05, P_RMSE:2.537e-05, Q_RMSE:1.719e-05, Success rate (<0.1):1.000000, Success rate (<0.01):1.000000, Success rate (<0.001):1.000000
X=[1.8,2.0], PQ=[1.6,1.8]: count:10, ill:0, avg_iter:2.70, Ang_MAX:1.202524e-04, Vol_MAX:2.336502e-05, Ang_mean±std:5.615950e-05±3.727082e-05, Vol_mean±std:9.739399e-06±6.483725e-06, P_MAX:7.415e-05, Q_MAX:5.878e-05, P_mean±std:4.222562e-05±1.906659e-05, Q_mean±std:2.812240e-05±1.206938e-05, P_RMSE:2.723e-05, Q_RMSE:1.519e-05, Success rate (<0.1):1.000000, Success rate (<0.01):1.000000, Success rate (<0.001):1.000000
X=[1.8,2.0], PQ=[1.8,2.0]: count:10, ill:0, avg_iter:2.70, Ang_MAX:9.994209e-05, Vol_MAX:2.479553e-05, Ang_mean±std:6.036311e-05±2.554218e-05, Vol_mean±std:1.062155e-05±7.234825e-06, P_MAX:9.495e-05, Q_MAX:8.228e-05, P_mean±std:4.989431e-05±2.075294e-05, Q_mean±std:3.328791e-05±2.166348e-05, P_RMSE:3.119e-05, Q_RMSE:1.862e-05, Success rate (<0.1):1.000000, Success rate (<0.01):1.000000, Success rate (<0.001):1.000000
Heatmap CSV saved: D:\Software\Python_Code\Slover\RJMNC\ckpt\IEEE_14.csv

===== Region Mismatch Summary =====
Region & Samples & Avg. mismatch & Worst mismatch & Success rate (<0.1) & Success rate (<0.01) & Success rate (<0.001) & Success rate (<5E-4) & Success rate (<1E-4)
ID & 1000 & 3.492461e-05 & 9.941310e-05 & 1.000000 & 1.000000 & 1.000000 & 1.000000 & 1.000000
OOD-X & 1000 & 4.275907e-05 & 9.989738e-05 & 1.000000 & 1.000000 & 1.000000 & 1.000000 & 1.000000
OOD-PQ & 1000 & 4.125761e-05 & 9.965873e-05 & 1.000000 & 1.000000 & 1.000000 & 1.000000 & 1.000000
OOD-X+PQ & 1000 & 4.630699e-05 & 9.995699e-05 & 1.000000 & 1.000000 & 1.000000 & 1.000000 & 1.000000

===== Stop Reason Breakdown =====
  converged   : 4000
  max_blocks  : 0
  numerical_failure: 0

Active sample-block evaluations  : 8720/80000 (skipped 71280)
Test iterative compute time      : 0.753835 s
Ill-conditioned mismatch CSV saved: D:\Software\Python_Code\Slover\RJMNC\ckpt\IEEE_14_ill.csv

===== Ill-Conditioned Test Summary =====
Samples & Maximal mismatch & Minimal mismatch & Avg. mismatch & Success rate (<0.1) & Success rate (<0.01) & Success rate (<0.001) & Avg. mismatch With N-R PF refine & Success rate With N-R PF refine & Average N-R PF Iteration time
100 & 9.870529e-05 & 1.433515e-05 & 3.771650e-05 & 1.000000 & 1.000000 & 1.000000 & 4.913446e-06 & 1.000000 & 1.020000
